campaign,trial_id,scenario,parameter_hash,seed,intent_id,planner_level,planner_name,replay_index,reserved_memory_slots,min_delivered_pairs,requested_fidelity,duration_s,attenuation_db_per_m,distance_m,allow_purification,route,hop_count,feasible,rejection_reason,predicted_satisfaction_probability,predicted_delivered_pairs,predicted_average_fidelity,purification_rounds_estimate,planning_time_s,final_status,satisfied,delivered_pairs,average_fidelity,observed_fidelity,absolute_fidelity_error,simulation_wall_time_s,timed_out,timeout_s,eg_attempts,eg_success,ep_attempts,ep_success,es_attempts,es_success,timeline_end_time_s,trajectory_hash,determinism_enabled,master_seed,execution_seed_used,namespace_seeds_json,python_random_reseeded,python_hash_seed_env_value,project_git_commit,sequence_git_commit,python_version,numpy_version,dependency_versions_json,platform_system,platform_release,hostname,timestamp
P11_boundary_search,P11_boundary_search:three_node:fbb21f366b472534:L2:100:m10-intent:0,three_node,fbb21f366b472534,100,m10-intent,L2,iterative_analytical,0,10,10,0.6,0.05,1e-05,,True,a -> r -> b,2,True,,,,0.6863749999999998,0,0.000467,SATISFIED,True,246,0.6863749999999998,0.6863749999999998,0.0,2.453205,False,,663,249,0,0,0,0,0.06015408751,337140fbe27a9a047a13c9921710dd53491db4213f53497e1eba86d2943346ab,False,,,,False,,50895c1a8f3c0da60ba692fe485101f0340fa6ed,1f2680a5b9065e708a7497adc53a95b108029b98,3.13.14,2.5.1,"{""pydantic"": ""2.13.4"", ""yaml"": ""6.0.3"", ""networkx"": ""3.6.1"", ""numpy"": ""2.5.1"", ""scipy"": ""1.18.0"", ""matplotlib"": ""3.11.0"", ""pandas"": ""3.0.3"", ""qutip"": ""5.3.0"", ""stim"": ""1.16.0"", ""gmpy2"": ""2.3.1"", ""nbformat"": ""5.10.4"", ""nbclient"": ""0.11.0""}",Windows,11,Gercom,2026-07-19T18:02:54.182242+00:00
P11_boundary_search,P11_boundary_search:three_node:fbb21f366b472534:L2:101:m10-intent:0,three_node,fbb21f366b472534,101,m10-intent,L2,iterative_analytical,0,10,10,0.6,0.05,1e-05,,True,a -> r -> b,2,True,,,,0.6863749999999998,0,0.000466,SATISFIED,True,236,0.6863749999999998,0.6863749999999998,0.0,2.47728,False,,641,239,0,0,0,0,0.06019655001,59683a7aeca9fd8cdde79ad820b112d5694fa3eaba3ccbdab4ed6d5e11bc764b,False,,,,False,,50895c1a8f3c0da60ba692fe485101f0340fa6ed,1f2680a5b9065e708a7497adc53a95b108029b98,3.13.14,2.5.1,"{""pydantic"": ""2.13.4"", ""yaml"": ""6.0.3"", ""networkx"": ""3.6.1"", ""numpy"": ""2.5.1"", ""scipy"": ""1.18.0"", ""matplotlib"": ""3.11.0"", ""pandas"": ""3.0.3"", ""qutip"": ""5.3.0"", ""stim"": ""1.16.0"", ""gmpy2"": ""2.3.1"", ""nbformat"": ""5.10.4"", ""nbclient"": ""0.11.0""}",Windows,11,Gercom,2026-07-19T18:03:00.942624+00:00
P11_boundary_search,P11_boundary_search:three_node:fbb21f366b472534:L2:102:m10-intent:0,three_node,fbb21f366b472534,102,m10-intent,L2,iterative_analytical,0,10,10,0.6,0.05,1e-05,,True,a -> r -> b,2,True,,,,0.6863749999999998,0,0.000543,SATISFIED,True,241,0.6863749999999998,0.6863749999999998,0.0,2.499153,False,,665,241,0,0,0,0,0.06015410001,fbb91621bc375716dc48073fc639364abfc85afa5aa9f31975e1a895e65b347f,False,,,,False,,50895c1a8f3c0da60ba692fe485101f0340fa6ed,1f2680a5b9065e708a7497adc53a95b108029b98,3.13.14,2.5.1,"{""pydantic"": ""2.13.4"", ""yaml"": ""6.0.3"", ""networkx"": ""3.6.1"", ""numpy"": ""2.5.1"", ""scipy"": ""1.18.0"", ""matplotlib"": ""3.11.0"", ""pandas"": ""3.0.3"", ""qutip"": ""5.3.0"", ""stim"": ""1.16.0"", ""gmpy2"": ""2.3.1"", ""nbformat"": ""5.10.4"", ""nbclient"": ""0.11.0""}",Windows,11,Gercom,2026-07-19T18:03:07.861710+00:00
P11_boundary_search,P11_boundary_search:three_node:fbb21f366b472534:L2:103:m10-intent:0,three_node,fbb21f366b472534,103,m10-intent,L2,iterative_analytical,0,10,10,0.6,0.05,1e-05,,True,a -> r -> b,2,True,,,,0.6863749999999998,0,0.000476,SATISFIED,True,238,0.6863749999999998,0.6863749999999998,0.0,2.419998,False,,646,242,0,0,0,0,0.06019652501,70baa8e014d827356813800abd0a424f9c0ddf23118450fe22655bf055821e5d,False,,,,False,,50895c1a8f3c0da60ba692fe485101f0340fa6ed,1f2680a5b9065e708a7497adc53a95b108029b98,3.13.14,2.5.1,"{""pydantic"": ""2.13.4"", ""yaml"": ""6.0.3"", ""networkx"": ""3.6.1"", ""numpy"": ""2.5.1"", ""scipy"": ""1.18.0"", ""matplotlib"": ""3.11.0"", ""pandas"": ""3.0.3"", ""qutip"": ""5.3.0"", ""stim"": ""1.16.0"", ""gmpy2"": ""2.3.1"", ""nbformat"": ""5.10.4"", ""nbclient"": ""0.11.0""}",Windows,11,Gercom,2026-07-19T18:03:14.523244+00:00
P11_boundary_search,P11_boundary_search:three_node:fbb21f366b472534:L2:104:m10-intent:0,three_node,fbb21f366b472534,104,m10-intent,L2,iterative_analytical,0,10,10,0.6,0.05,1e-05,,True,a -> r -> b,2,True,,,,0.6863749999999998,0,0.000605,SATISFIED,True,233,0.6863749999999998,0.6863749999999998,0.0,2.770101,False,,647,237,0,0,0,0,0.06019647501,6e913cd084d26e8314f45b25947c9477f005a5cf1b75b01cc535017afaa44a94,False,,,,False,,50895c1a8f3c0da60ba692fe485101f0340fa6ed,1f2680a5b9065e708a7497adc53a95b108029b98,3.13.14,2.5.1,"{""pydantic"": ""2.13.4"", ""yaml"": ""6.0.3"", ""networkx"": ""3.6.1"", ""numpy"": ""2.5.1"", ""scipy"": ""1.18.0"", ""matplotlib"": ""3.11.0"", ""pandas"": ""3.0.3"", ""qutip"": ""5.3.0"", ""stim"": ""1.16.0"", ""gmpy2"": ""2.3.1"", ""nbformat"": ""5.10.4"", ""nbclient"": ""0.11.0""}",Windows,11,Gercom,2026-07-19T18:03:21.536050+00:00
P11_boundary_search,P11_boundary_search:three_node:fbb21f366b472534:L2:105:m10-intent:0,three_node,fbb21f366b472534,105,m10-intent,L2,iterative_analytical,0,10,10,0.6,0.05,1e-05,,True,a -> r -> b,2,True,,,,0.6863749999999998,0,0.000472,SATISFIED,True,247,0.6863749999999998,0.6863749999999998,0.0,2.745273,False,,700,252,0,0,0,0,0.06016417501,2351bc7cfb3b6056b91c03c0b8fc8ae7eb1073d81196c0a6f2bf30d43d70b03d,False,,,,False,,50895c1a8f3c0da60ba692fe485101f0340fa6ed,1f2680a5b9065e708a7497adc53a95b108029b98,3.13.14,2.5.1,"{""pydantic"": ""2.13.4"", ""yaml"": ""6.0.3"", ""networkx"": ""3.6.1"", ""numpy"": ""2.5.1"", ""scipy"": ""1.18.0"", ""matplotlib"": ""3.11.0"", ""pandas"": ""3.0.3"", ""qutip"": ""5.3.0"", ""stim"": ""1.16.0"", ""gmpy2"": ""2.3.1"", ""nbformat"": ""5.10.4"", ""nbclient"": ""0.11.0""}",Windows,11,Gercom,2026-07-19T18:03:28.899118+00:00
P11_boundary_search,P11_boundary_search:three_node:fbb21f366b472534:L2:106:m10-intent:0,three_node,fbb21f366b472534,106,m10-intent,L2,iterative_analytical,0,10,10,0.6,0.05,1e-05,,True,a -> r -> b,2,True,,,,0.6863749999999998,0,0.000464,SATISFIED,True,222,0.6863749999999998,0.6863749999999998,0.0,2.423195,False,,613,228,0,0,0,0,0.06014902501,915ab15d18c815affcce8296e492cfd6ce79eb5c8fc3fb9e3f15448d5b3f3989,False,,,,False,,50895c1a8f3c0da60ba692fe485101f0340fa6ed,1f2680a5b9065e708a7497adc53a95b108029b98,3.13.14,2.5.1,"{""pydantic"": ""2.13.4"", ""yaml"": ""6.0.3"", ""networkx"": ""3.6.1"", ""numpy"": ""2.5.1"", ""scipy"": ""1.18.0"", ""matplotlib"": ""3.11.0"", ""pandas"": ""3.0.3"", ""qutip"": ""5.3.0"", ""stim"": ""1.16.0"", ""gmpy2"": ""2.3.1"", ""nbformat"": ""5.10.4"", ""nbclient"": ""0.11.0""}",Windows,11,Gercom,2026-07-19T18:03:35.770584+00:00
P11_boundary_search,P11_boundary_search:three_node:fbb21f366b472534:L2:107:m10-intent:0,three_node,fbb21f366b472534,107,m10-intent,L2,iterative_analytical,0,10,10,0.6,0.05,1e-05,,True,a -> r -> b,2,True,,,,0.6863749999999998,0,0.000666,SATISFIED,True,245,0.6863749999999998,0.6863749999999998,0.0,5.024556,False,,616,249,0,0,0,0,0.06019652501,4d7fe11c173d6d3fe0f7b71515bf1b34fb21db9860648c781810a7925b32c595,False,,,,False,,50895c1a8f3c0da60ba692fe485101f0340fa6ed,1f2680a5b9065e708a7497adc53a95b108029b98,3.13.14,2.5.1,"{""pydantic"": ""2.13.4"", ""yaml"": ""6.0.3"", ""networkx"": ""3.6.1"", ""numpy"": ""2.5.1"", ""scipy"": ""1.18.0"", ""matplotlib"": ""3.11.0"", ""pandas"": ""3.0.3"", ""qutip"": ""5.3.0"", ""stim"": ""1.16.0"", ""gmpy2"": ""2.3.1"", ""nbformat"": ""5.10.4"", ""nbclient"": ""0.11.0""}",Windows,11,Gercom,2026-07-19T18:03:45.009475+00:00
P11_boundary_search,P11_boundary_search:three_node:905456d232e0ebea:L2:100:m10-intent:0,three_node,905456d232e0ebea,100,m10-intent,L2,iterative_analytical,0,10,10,0.65,0.05,1e-05,,True,a -> r -> b,2,True,,,,0.6863749999999998,0,0.000768,SATISFIED,True,246,0.6863749999999998,0.6863749999999998,0.0,4.895033,False,,663,249,0,0,0,0,0.06015408751,337140fbe27a9a047a13c9921710dd53491db4213f53497e1eba86d2943346ab,False,,,,False,,50895c1a8f3c0da60ba692fe485101f0340fa6ed,1f2680a5b9065e708a7497adc53a95b108029b98,3.13.14,2.5.1,"{""pydantic"": ""2.13.4"", ""yaml"": ""6.0.3"", ""networkx"": ""3.6.1"", ""numpy"": ""2.5.1"", ""scipy"": ""1.18.0"", ""matplotlib"": ""3.11.0"", ""pandas"": ""3.0.3"", ""qutip"": ""5.3.0"", ""stim"": ""1.16.0"", ""gmpy2"": ""2.3.1"", ""nbformat"": ""5.10.4"", ""nbclient"": ""0.11.0""}",Windows,11,Gercom,2026-07-19T18:03:57.648210+00:00
P11_boundary_search,P11_boundary_search:three_node:905456d232e0ebea:L2:101:m10-intent:0,three_node,905456d232e0ebea,101,m10-intent,L2,iterative_analytical,0,10,10,0.65,0.05,1e-05,,True,a -> r -> b,2,True,,,,0.6863749999999998,0,0.001321,SATISFIED,True,236,0.6863749999999998,0.6863749999999998,0.0,5.027391,False,,641,239,0,0,0,0,0.06019655001,59683a7aeca9fd8cdde79ad820b112d5694fa3eaba3ccbdab4ed6d5e11bc764b,False,,,,False,,50895c1a8f3c0da60ba692fe485101f0340fa6ed,1f2680a5b9065e708a7497adc53a95b108029b98,3.13.14,2.5.1,"{""pydantic"": ""2.13.4"", ""yaml"": ""6.0.3"", ""networkx"": ""3.6.1"", ""numpy"": ""2.5.1"", ""scipy"": ""1.18.0"", ""matplotlib"": ""3.11.0"", ""pandas"": ""3.0.3"", ""qutip"": ""5.3.0"", ""stim"": ""1.16.0"", ""gmpy2"": ""2.3.1"", ""nbformat"": ""5.10.4"", ""nbclient"": ""0.11.0""}",Windows,11,Gercom,2026-07-19T18:04:10.766107+00:00
P11_boundary_search,P11_boundary_search:three_node:905456d232e0ebea:L2:102:m10-intent:0,three_node,905456d232e0ebea,102,m10-intent,L2,iterative_analytical,0,10,10,0.65,0.05,1e-05,,True,a -> r -> b,2,True,,,,0.6863749999999998,0,0.000779,SATISFIED,True,241,0.6863749999999998,0.6863749999999998,0.0,6.181453,False,,665,241,0,0,0,0,0.06015410001,fbb91621bc375716dc48073fc639364abfc85afa5aa9f31975e1a895e65b347f,False,,,,False,,50895c1a8f3c0da60ba692fe485101f0340fa6ed,1f2680a5b9065e708a7497adc53a95b108029b98,3.13.14,2.5.1,"{""pydantic"": ""2.13.4"", ""yaml"": ""6.0.3"", ""networkx"": ""3.6.1"", ""numpy"": ""2.5.1"", ""scipy"": ""1.18.0"", ""matplotlib"": ""3.11.0"", ""pandas"": ""3.0.3"", ""qutip"": ""5.3.0"", ""stim"": ""1.16.0"", ""gmpy2"": ""2.3.1"", ""nbformat"": ""5.10.4"", ""nbclient"": ""0.11.0""}",Windows,11,Gercom,2026-07-19T18:04:25.174722+00:00
P11_boundary_search,P11_boundary_search:three_node:905456d232e0ebea:L2:103:m10-intent:0,three_node,905456d232e0ebea,103,m10-intent,L2,iterative_analytical,0,10,10,0.65,0.05,1e-05,,True,a -> r -> b,2,True,,,,0.6863749999999998,0,0.000795,SATISFIED,True,238,0.6863749999999998,0.6863749999999998,0.0,5.035227,False,,646,242,0,0,0,0,0.06019652501,70baa8e014d827356813800abd0a424f9c0ddf23118450fe22655bf055821e5d,False,,,,False,,50895c1a8f3c0da60ba692fe485101f0340fa6ed,1f2680a5b9065e708a7497adc53a95b108029b98,3.13.14,2.5.1,"{""pydantic"": ""2.13.4"", ""yaml"": ""6.0.3"", ""networkx"": ""3.6.1"", ""numpy"": ""2.5.1"", ""scipy"": ""1.18.0"", ""matplotlib"": ""3.11.0"", ""pandas"": ""3.0.3"", ""qutip"": ""5.3.0"", ""stim"": ""1.16.0"", ""gmpy2"": ""2.3.1"", ""nbformat"": ""5.10.4"", ""nbclient"": ""0.11.0""}",Windows,11,Gercom,2026-07-19T18:04:38.705667+00:00
P11_boundary_search,P11_boundary_search:three_node:905456d232e0ebea:L2:104:m10-intent:0,three_node,905456d232e0ebea,104,m10-intent,L2,iterative_analytical,0,10,10,0.65,0.05,1e-05,,True,a -> r -> b,2,True,,,,0.6863749999999998,0,0.001241,SATISFIED,True,233,0.6863749999999998,0.6863749999999998,0.0,6.210929,False,,647,237,0,0,0,0,0.06019647501,6e913cd084d26e8314f45b25947c9477f005a5cf1b75b01cc535017afaa44a94,False,,,,False,,50895c1a8f3c0da60ba692fe485101f0340fa6ed,1f2680a5b9065e708a7497adc53a95b108029b98,3.13.14,2.5.1,"{""pydantic"": ""2.13.4"", ""yaml"": ""6.0.3"", ""networkx"": ""3.6.1"", ""numpy"": ""2.5.1"", ""scipy"": ""1.18.0"", ""matplotlib"": ""3.11.0"", ""pandas"": ""3.0.3"", ""qutip"": ""5.3.0"", ""stim"": ""1.16.0"", ""gmpy2"": ""2.3.1"", ""nbformat"": ""5.10.4"", ""nbclient"": ""0.11.0""}",Windows,11,Gercom,2026-07-19T18:04:54.093955+00:00
P11_boundary_search,P11_boundary_search:three_node:905456d232e0ebea:L2:105:m10-intent:0,three_node,905456d232e0ebea,105,m10-intent,L2,iterative_analytical,0,10,10,0.65,0.05,1e-05,,True,a -> r -> b,2,True,,,,0.6863749999999998,0,0.001289,SATISFIED,True,247,0.6863749999999998,0.6863749999999998,0.0,6.580724,False,,700,252,0,0,0,0,0.06016417501,2351bc7cfb3b6056b91c03c0b8fc8ae7eb1073d81196c0a6f2bf30d43d70b03d,False,,,,False,,50895c1a8f3c0da60ba692fe485101f0340fa6ed,1f2680a5b9065e708a7497adc53a95b108029b98,3.13.14,2.5.1,"{""pydantic"": ""2.13.4"", ""yaml"": ""6.0.3"", ""networkx"": ""3.6.1"", ""numpy"": ""2.5.1"", ""scipy"": ""1.18.0"", ""matplotlib"": ""3.11.0"", ""pandas"": ""3.0.3"", ""qutip"": ""5.3.0"", ""stim"": ""1.16.0"", ""gmpy2"": ""2.3.1"", ""nbformat"": ""5.10.4"", ""nbclient"": ""0.11.0""}",Windows,11,Gercom,2026-07-19T18:05:09.973420+00:00
P11_boundary_search,P11_boundary_search:three_node:905456d232e0ebea:L2:106:m10-intent:0,three_node,905456d232e0ebea,106,m10-intent,L2,iterative_analytical,0,10,10,0.65,0.05,1e-05,,True,a -> r -> b,2,True,,,,0.6863749999999998,0,0.001227,SATISFIED,True,222,0.6863749999999998,0.6863749999999998,0.0,6.117879,False,,613,228,0,0,0,0,0.06014902501,915ab15d18c815affcce8296e492cfd6ce79eb5c8fc3fb9e3f15448d5b3f3989,False,,,,False,,50895c1a8f3c0da60ba692fe485101f0340fa6ed,1f2680a5b9065e708a7497adc53a95b108029b98,3.13.14,2.5.1,"{""pydantic"": ""2.13.4"", ""yaml"": ""6.0.3"", ""networkx"": ""3.6.1"", ""numpy"": ""2.5.1"", ""scipy"": ""1.18.0"", ""matplotlib"": ""3.11.0"", ""pandas"": ""3.0.3"", ""qutip"": ""5.3.0"", ""stim"": ""1.16.0"", ""gmpy2"": ""2.3.1"", ""nbformat"": ""5.10.4"", ""nbclient"": ""0.11.0""}",Windows,11,Gercom,2026-07-19T18:05:25.801775+00:00
P11_boundary_search,P11_boundary_search:three_node:905456d232e0ebea:L2:107:m10-intent:0,three_node,905456d232e0ebea,107,m10-intent,L2,iterative_analytical,0,10,10,0.65,0.05,1e-05,,True,a -> r -> b,2,True,,,,0.6863749999999998,0,0.00117,SATISFIED,True,245,0.6863749999999998,0.6863749999999998,0.0,6.077861,False,,616,249,0,0,0,0,0.06019652501,4d7fe11c173d6d3fe0f7b71515bf1b34fb21db9860648c781810a7925b32c595,False,,,,False,,50895c1a8f3c0da60ba692fe485101f0340fa6ed,1f2680a5b9065e708a7497adc53a95b108029b98,3.13.14,2.5.1,"{""pydantic"": ""2.13.4"", ""yaml"": ""6.0.3"", ""networkx"": ""3.6.1"", ""numpy"": ""2.5.1"", ""scipy"": ""1.18.0"", ""matplotlib"": ""3.11.0"", ""pandas"": ""3.0.3"", ""qutip"": ""5.3.0"", ""stim"": ""1.16.0"", ""gmpy2"": ""2.3.1"", ""nbformat"": ""5.10.4"", ""nbclient"": ""0.11.0""}",Windows,11,Gercom,2026-07-19T18:05:41.010693+00:00
P11_boundary_search,P11_boundary_search:three_node:f2862a533c6c9ced:L2:100:m10-intent:0,three_node,f2862a533c6c9ced,100,m10-intent,L2,iterative_analytical,0,10,10,0.68,0.05,1e-05,,True,a -> r -> b,2,True,,,,0.6863749999999998,0,0.001324,SATISFIED,True,246,0.6863749999999998,0.6863749999999998,0.0,7.006793,False,,663,249,0,0,0,0,0.06015408751,337140fbe27a9a047a13c9921710dd53491db4213f53497e1eba86d2943346ab,False,,,,False,,50895c1a8f3c0da60ba692fe485101f0340fa6ed,1f2680a5b9065e708a7497adc53a95b108029b98,3.13.14,2.5.1,"{""pydantic"": ""2.13.4"", ""yaml"": ""6.0.3"", ""networkx"": ""3.6.1"", ""numpy"": ""2.5.1"", ""scipy"": ""1.18.0"", ""matplotlib"": ""3.11.0"", ""pandas"": ""3.0.3"", ""qutip"": ""5.3.0"", ""stim"": ""1.16.0"", ""gmpy2"": ""2.3.1"", ""nbformat"": ""5.10.4"", ""nbclient"": ""0.11.0""}",Windows,11,Gercom,2026-07-19T18:05:56.783215+00:00
P11_boundary_search,P11_boundary_search:three_node:f2862a533c6c9ced:L2:101:m10-intent:0,three_node,f2862a533c6c9ced,101,m10-intent,L2,iterative_analytical,0,10,10,0.68,0.05,1e-05,,True,a -> r -> b,2,True,,,,0.6863749999999998,0,0.001255,SATISFIED,True,236,0.6863749999999998,0.6863749999999998,0.0,6.536243,False,,641,239,0,0,0,0,0.06019655001,59683a7aeca9fd8cdde79ad820b112d5694fa3eaba3ccbdab4ed6d5e11bc764b,False,,,,False,,50895c1a8f3c0da60ba692fe485101f0340fa6ed,1f2680a5b9065e708a7497adc53a95b108029b98,3.13.14,2.5.1,"{""pydantic"": ""2.13.4"", ""yaml"": ""6.0.3"", ""networkx"": ""3.6.1"", ""numpy"": ""2.5.1"", ""scipy"": ""1.18.0"", ""matplotlib"": ""3.11.0"", ""pandas"": ""3.0.3"", ""qutip"": ""5.3.0"", ""stim"": ""1.16.0"", ""gmpy2"": ""2.3.1"", ""nbformat"": ""5.10.4"", ""nbclient"": ""0.11.0""}",Windows,11,Gercom,2026-07-19T18:06:12.458582+00:00
P11_boundary_search,P11_boundary_search:three_node:f2862a533c6c9ced:L2:102:m10-intent:0,three_node,f2862a533c6c9ced,102,m10-intent,L2,iterative_analytical,0,10,10,0.68,0.05,1e-05,,True,a -> r -> b,2,True,,,,0.6863749999999998,0,0.001248,SATISFIED,True,241,0.6863749999999998,0.6863749999999998,0.0,7.15972,False,,665,241,0,0,0,0,0.06015410001,fbb91621bc375716dc48073fc639364abfc85afa5aa9f31975e1a895e65b347f,False,,,,False,,50895c1a8f3c0da60ba692fe485101f0340fa6ed,1f2680a5b9065e708a7497adc53a95b108029b98,3.13.14,2.5.1,"{""pydantic"": ""2.13.4"", ""yaml"": ""6.0.3"", ""networkx"": ""3.6.1"", ""numpy"": ""2.5.1"", ""scipy"": ""1.18.0"", ""matplotlib"": ""3.11.0"", ""pandas"": ""3.0.3"", ""qutip"": ""5.3.0"", ""stim"": ""1.16.0"", ""gmpy2"": ""2.3.1"", ""nbformat"": ""5.10.4"", ""nbclient"": ""0.11.0""}",Windows,11,Gercom,2026-07-19T18:06:28.660961+00:00
P11_boundary_search,P11_boundary_search:three_node:f2862a533c6c9ced:L2:103:m10-intent:0,three_node,f2862a533c6c9ced,103,m10-intent,L2,iterative_analytical,0,10,10,0.68,0.05,1e-05,,True,a -> r -> b,2,True,,,,0.6863749999999998,0,0.001217,SATISFIED,True,238,0.6863749999999998,0.6863749999999998,0.0,6.965407,False,,646,242,0,0,0,0,0.06019652501,70baa8e014d827356813800abd0a424f9c0ddf23118450fe22655bf055821e5d,False,,,,False,,50895c1a8f3c0da60ba692fe485101f0340fa6ed,1f2680a5b9065e708a7497adc53a95b108029b98,3.13.14,2.5.1,"{""pydantic"": ""2.13.4"", ""yaml"": ""6.0.3"", ""networkx"": ""3.6.1"", ""numpy"": ""2.5.1"", ""scipy"": ""1.18.0"", ""matplotlib"": ""3.11.0"", ""pandas"": ""3.0.3"", ""qutip"": ""5.3.0"", ""stim"": ""1.16.0"", ""gmpy2"": ""2.3.1"", ""nbformat"": ""5.10.4"", ""nbclient"": ""0.11.0""}",Windows,11,Gercom,2026-07-19T18:06:44.319265+00:00
P11_boundary_search,P11_boundary_search:three_node:f2862a533c6c9ced:L2:104:m10-intent:0,three_node,f2862a533c6c9ced,104,m10-intent,L2,iterative_analytical,0,10,10,0.68,0.05,1e-05,,True,a -> r -> b,2,True,,,,0.6863749999999998,0,0.001176,SATISFIED,True,233,0.6863749999999998,0.6863749999999998,0.0,6.646034,False,,647,237,0,0,0,0,0.06019647501,6e913cd084d26e8314f45b25947c9477f005a5cf1b75b01cc535017afaa44a94,False,,,,False,,50895c1a8f3c0da60ba692fe485101f0340fa6ed,1f2680a5b9065e708a7497adc53a95b108029b98,3.13.14,2.5.1,"{""pydantic"": ""2.13.4"", ""yaml"": ""6.0.3"", ""networkx"": ""3.6.1"", ""numpy"": ""2.5.1"", ""scipy"": ""1.18.0"", ""matplotlib"": ""3.11.0"", ""pandas"": ""3.0.3"", ""qutip"": ""5.3.0"", ""stim"": ""1.16.0"", ""gmpy2"": ""2.3.1"", ""nbformat"": ""5.10.4"", ""nbclient"": ""0.11.0""}",Windows,11,Gercom,2026-07-19T18:06:59.029925+00:00
P11_boundary_search,P11_boundary_search:three_node:f2862a533c6c9ced:L2:105:m10-intent:0,three_node,f2862a533c6c9ced,105,m10-intent,L2,iterative_analytical,0,10,10,0.68,0.05,1e-05,,True,a -> r -> b,2,True,,,,0.6863749999999998,0,0.001169,SATISFIED,True,247,0.6863749999999998,0.6863749999999998,0.0,6.878384,False,,700,252,0,0,0,0,0.06016417501,2351bc7cfb3b6056b91c03c0b8fc8ae7eb1073d81196c0a6f2bf30d43d70b03d,False,,,,False,,50895c1a8f3c0da60ba692fe485101f0340fa6ed,1f2680a5b9065e708a7497adc53a95b108029b98,3.13.14,2.5.1,"{""pydantic"": ""2.13.4"", ""yaml"": ""6.0.3"", ""networkx"": ""3.6.1"", ""numpy"": ""2.5.1"", ""scipy"": ""1.18.0"", ""matplotlib"": ""3.11.0"", ""pandas"": ""3.0.3"", ""qutip"": ""5.3.0"", ""stim"": ""1.16.0"", ""gmpy2"": ""2.3.1"", ""nbformat"": ""5.10.4"", ""nbclient"": ""0.11.0""}",Windows,11,Gercom,2026-07-19T18:07:14.391615+00:00
P11_boundary_search,P11_boundary_search:three_node:f2862a533c6c9ced:L2:106:m10-intent:0,three_node,f2862a533c6c9ced,106,m10-intent,L2,iterative_analytical,0,10,10,0.68,0.05,1e-05,,True,a -> r -> b,2,True,,,,0.6863749999999998,0,0.000821,SATISFIED,True,222,0.6863749999999998,0.6863749999999998,0.0,6.580603,False,,613,228,0,0,0,0,0.06014902501,915ab15d18c815affcce8296e492cfd6ce79eb5c8fc3fb9e3f15448d5b3f3989,False,,,,False,,50895c1a8f3c0da60ba692fe485101f0340fa6ed,1f2680a5b9065e708a7497adc53a95b108029b98,3.13.14,2.5.1,"{""pydantic"": ""2.13.4"", ""yaml"": ""6.0.3"", ""networkx"": ""3.6.1"", ""numpy"": ""2.5.1"", ""scipy"": ""1.18.0"", ""matplotlib"": ""3.11.0"", ""pandas"": ""3.0.3"", ""qutip"": ""5.3.0"", ""stim"": ""1.16.0"", ""gmpy2"": ""2.3.1"", ""nbformat"": ""5.10.4"", ""nbclient"": ""0.11.0""}",Windows,11,Gercom,2026-07-19T18:07:28.935075+00:00
P11_boundary_search,P11_boundary_search:three_node:f2862a533c6c9ced:L2:107:m10-intent:0,three_node,f2862a533c6c9ced,107,m10-intent,L2,iterative_analytical,0,10,10,0.68,0.05,1e-05,,True,a -> r -> b,2,True,,,,0.6863749999999998,0,0.001486,SATISFIED,True,245,0.6863749999999998,0.6863749999999998,0.0,6.83432,False,,616,249,0,0,0,0,0.06019652501,4d7fe11c173d6d3fe0f7b71515bf1b34fb21db9860648c781810a7925b32c595,False,,,,False,,50895c1a8f3c0da60ba692fe485101f0340fa6ed,1f2680a5b9065e708a7497adc53a95b108029b98,3.13.14,2.5.1,"{""pydantic"": ""2.13.4"", ""yaml"": ""6.0.3"", ""networkx"": ""3.6.1"", ""numpy"": ""2.5.1"", ""scipy"": ""1.18.0"", ""matplotlib"": ""3.11.0"", ""pandas"": ""3.0.3"", ""qutip"": ""5.3.0"", ""stim"": ""1.16.0"", ""gmpy2"": ""2.3.1"", ""nbformat"": ""5.10.4"", ""nbclient"": ""0.11.0""}",Windows,11,Gercom,2026-07-19T18:07:44.055401+00:00
P11_boundary_search,P11_boundary_search:three_node:90cec2cfd0dd76a5:L2:100:m10-intent:0,three_node,90cec2cfd0dd76a5,100,m10-intent,L2,iterative_analytical,0,10,10,0.7,0.05,1e-05,,True,a -> r -> b,2,True,,,,0.7202522030749277,1,0.000842,SATISFIED,True,71,0.7202522030749277,0.7202522030749277,0.0,5.503702,False,,664,205,100,71,0,0,0.06017153751,abe274580718b7e043c2b08bb2157d73ce26d7aa7eb006f4aad19610d32e62b4,False,,,,False,,50895c1a8f3c0da60ba692fe485101f0340fa6ed,1f2680a5b9065e708a7497adc53a95b108029b98,3.13.14,2.5.1,"{""pydantic"": ""2.13.4"", ""yaml"": ""6.0.3"", ""networkx"": ""3.6.1"", ""numpy"": ""2.5.1"", ""scipy"": ""1.18.0"", ""matplotlib"": ""3.11.0"", ""pandas"": ""3.0.3"", ""qutip"": ""5.3.0"", ""stim"": ""1.16.0"", ""gmpy2"": ""2.3.1"", ""nbformat"": ""5.10.4"", ""nbclient"": ""0.11.0""}",Windows,11,Gercom,2026-07-19T18:07:58.005440+00:00
P11_boundary_search,P11_boundary_search:three_node:90cec2cfd0dd76a5:L2:101:m10-intent:0,three_node,90cec2cfd0dd76a5,101,m10-intent,L2,iterative_analytical,0,10,10,0.7,0.05,1e-05,,True,a -> r -> b,2,True,,,,0.7202522030749277,1,0.000878,SATISFIED,True,76,0.7202522030749277,0.7202522030749277,0.0,5.303367,False,,662,215,106,76,0,0,0.06017151251,0bf3bba5c80a99859f06c86758f0f2a3b763d8e14cb943bf3da6f03b0c35a415,False,,,,False,,50895c1a8f3c0da60ba692fe485101f0340fa6ed,1f2680a5b9065e708a7497adc53a95b108029b98,3.13.14,2.5.1,"{""pydantic"": ""2.13.4"", ""yaml"": ""6.0.3"", ""networkx"": ""3.6.1"", ""numpy"": ""2.5.1"", ""scipy"": ""1.18.0"", ""matplotlib"": ""3.11.0"", ""pandas"": ""3.0.3"", ""qutip"": ""5.3.0"", ""stim"": ""1.16.0"", ""gmpy2"": ""2.3.1"", ""nbformat"": ""5.10.4"", ""nbclient"": ""0.11.0""}",Windows,11,Gercom,2026-07-19T18:08:11.731700+00:00
P11_boundary_search,P11_boundary_search:three_node:90cec2cfd0dd76a5:L2:102:m10-intent:0,three_node,90cec2cfd0dd76a5,102,m10-intent,L2,iterative_analytical,0,10,10,0.7,0.05,1e-05,,True,a -> r -> b,2,True,,,,0.7202522030749277,1,0.001615,SATISFIED,True,67,0.7202522030749277,0.7202522030749277,0.0,4.806623,False,,628,188,92,67,0,0,0.06017143751,e87faf1c643aafc57404a4c394e169dba7b7bb00f05adb11296b69c1280aa877,False,,,,False,,50895c1a8f3c0da60ba692fe485101f0340fa6ed,1f2680a5b9065e708a7497adc53a95b108029b98,3.13.14,2.5.1,"{""pydantic"": ""2.13.4"", ""yaml"": ""6.0.3"", ""networkx"": ""3.6.1"", ""numpy"": ""2.5.1"", ""scipy"": ""1.18.0"", ""matplotlib"": ""3.11.0"", ""pandas"": ""3.0.3"", ""qutip"": ""5.3.0"", ""stim"": ""1.16.0"", ""gmpy2"": ""2.3.1"", ""nbformat"": ""5.10.4"", ""nbclient"": ""0.11.0""}",Windows,11,Gercom,2026-07-19T18:08:25.194132+00:00
P11_boundary_search,P11_boundary_search:three_node:90cec2cfd0dd76a5:L2:103:m10-intent:0,three_node,90cec2cfd0dd76a5,103,m10-intent,L2,iterative_analytical,0,10,10,0.7,0.05,1e-05,,True,a -> r -> b,2,True,,,,0.7202522030749277,1,0.000873,SATISFIED,True,69,0.7202522030749277,0.7202522030749277,0.0,4.999937,False,,650,200,98,69,0,0,0.06015642501,9182171d1ac6153233a0bb2e1f54018bad66ab0a58ef47a1105a6d41014c122e,False,,,,False,,50895c1a8f3c0da60ba692fe485101f0340fa6ed,1f2680a5b9065e708a7497adc53a95b108029b98,3.13.14,2.5.1,"{""pydantic"": ""2.13.4"", ""yaml"": ""6.0.3"", ""networkx"": ""3.6.1"", ""numpy"": ""2.5.1"", ""scipy"": ""1.18.0"", ""matplotlib"": ""3.11.0"", ""pandas"": ""3.0.3"", ""qutip"": ""5.3.0"", ""stim"": ""1.16.0"", ""gmpy2"": ""2.3.1"", ""nbformat"": ""5.10.4"", ""nbclient"": ""0.11.0""}",Windows,11,Gercom,2026-07-19T18:08:38.777411+00:00
P11_boundary_search,P11_boundary_search:three_node:90cec2cfd0dd76a5:L2:104:m10-intent:0,three_node,90cec2cfd0dd76a5,104,m10-intent,L2,iterative_analytical,0,10,10,0.7,0.05,1e-05,,True,a -> r -> b,2,True,,,,0.7202522030749277,1,0.001332,SATISFIED,True,58,0.7202522030749277,0.7202522030749277,0.0,6.075796,False,,607,191,94,58,0,0,0.06018158751,7af728df631ec0d778cea8f08cefd50fbade2fe6e081dd818c909d1c24e06095,False,,,,False,,50895c1a8f3c0da60ba692fe485101f0340fa6ed,1f2680a5b9065e708a7497adc53a95b108029b98,3.13.14,2.5.1,"{""pydantic"": ""2.13.4"", ""yaml"": ""6.0.3"", ""networkx"": ""3.6.1"", ""numpy"": ""2.5.1"", ""scipy"": ""1.18.0"", ""matplotlib"": ""3.11.0"", ""pandas"": ""3.0.3"", ""qutip"": ""5.3.0"", ""stim"": ""1.16.0"", ""gmpy2"": ""2.3.1"", ""nbformat"": ""5.10.4"", ""nbclient"": ""0.11.0""}",Windows,11,Gercom,2026-07-19T18:08:53.590489+00:00
P11_boundary_search,P11_boundary_search:three_node:90cec2cfd0dd76a5:L2:105:m10-intent:0,three_node,90cec2cfd0dd76a5,105,m10-intent,L2,iterative_analytical,0,10,10,0.7,0.05,1e-05,,True,a -> r -> b,2,True,,,,0.7202522030749277,1,0.001433,SATISFIED,True,74,0.7202522030749277,0.7202522030749277,0.0,6.078811,False,,638,207,102,74,0,0,0.06018661251,4d456a63e4b92f173ff109d45630bfda2826b4fc56b7c8d33e2e47247ecf7795,False,,,,False,,50895c1a8f3c0da60ba692fe485101f0340fa6ed,1f2680a5b9065e708a7497adc53a95b108029b98,3.13.14,2.5.1,"{""pydantic"": ""2.13.4"", ""yaml"": ""6.0.3"", ""networkx"": ""3.6.1"", ""numpy"": ""2.5.1"", ""scipy"": ""1.18.0"", ""matplotlib"": ""3.11.0"", ""pandas"": ""3.0.3"", ""qutip"": ""5.3.0"", ""stim"": ""1.16.0"", ""gmpy2"": ""2.3.1"", ""nbformat"": ""5.10.4"", ""nbclient"": ""0.11.0""}",Windows,11,Gercom,2026-07-19T18:09:08.974024+00:00
P11_boundary_search,P11_boundary_search:three_node:90cec2cfd0dd76a5:L2:106:m10-intent:0,three_node,90cec2cfd0dd76a5,106,m10-intent,L2,iterative_analytical,0,10,10,0.7,0.05,1e-05,,True,a -> r -> b,2,True,,,,0.7202522030749277,1,0.000932,SATISFIED,True,69,0.7202522030749277,0.7202522030749277,0.0,6.659261,False,,617,207,101,69,0,0,0.06018152501,c8f80189a35c70421782a87c26afe90d9d3e7b25092fa0cab7f916e0dd208dcf,False,,,,False,,50895c1a8f3c0da60ba692fe485101f0340fa6ed,1f2680a5b9065e708a7497adc53a95b108029b98,3.13.14,2.5.1,"{""pydantic"": ""2.13.4"", ""yaml"": ""6.0.3"", ""networkx"": ""3.6.1"", ""numpy"": ""2.5.1"", ""scipy"": ""1.18.0"", ""matplotlib"": ""3.11.0"", ""pandas"": ""3.0.3"", ""qutip"": ""5.3.0"", ""stim"": ""1.16.0"", ""gmpy2"": ""2.3.1"", ""nbformat"": ""5.10.4"", ""nbclient"": ""0.11.0""}",Windows,11,Gercom,2026-07-19T18:09:24.744365+00:00
P11_boundary_search,P11_boundary_search:three_node:90cec2cfd0dd76a5:L2:107:m10-intent:0,three_node,90cec2cfd0dd76a5,107,m10-intent,L2,iterative_analytical,0,10,10,0.7,0.05,1e-05,,True,a -> r -> b,2,True,,,,0.7202522030749277,1,0.000831,SATISFIED,True,65,0.7202522030749277,0.7202522030749277,0.0,5.377717,False,,546,174,86,65,0,0,0.06017642501,d4444ce85dde333665d42eca7bb906893f1eb5df2725144d64f3d518585e1add,False,,,,False,,50895c1a8f3c0da60ba692fe485101f0340fa6ed,1f2680a5b9065e708a7497adc53a95b108029b98,3.13.14,2.5.1,"{""pydantic"": ""2.13.4"", ""yaml"": ""6.0.3"", ""networkx"": ""3.6.1"", ""numpy"": ""2.5.1"", ""scipy"": ""1.18.0"", ""matplotlib"": ""3.11.0"", ""pandas"": ""3.0.3"", ""qutip"": ""5.3.0"", ""stim"": ""1.16.0"", ""gmpy2"": ""2.3.1"", ""nbformat"": ""5.10.4"", ""nbclient"": ""0.11.0""}",Windows,11,Gercom,2026-07-19T18:09:39.660465+00:00
P11_boundary_search,P11_boundary_search:three_node:8483e666917bf46a:L2:100:m10-intent:0,three_node,8483e666917bf46a,100,m10-intent,L2,iterative_analytical,0,10,10,0.72,0.05,1e-05,,True,a -> r -> b,2,True,,,,0.7202522030749277,1,0.000969,SATISFIED,True,71,0.7202522030749277,0.7202522030749277,0.0,6.510024,False,,664,205,100,71,0,0,0.06017153751,abe274580718b7e043c2b08bb2157d73ce26d7aa7eb006f4aad19610d32e62b4,False,,,,False,,50895c1a8f3c0da60ba692fe485101f0340fa6ed,1f2680a5b9065e708a7497adc53a95b108029b98,3.13.14,2.5.1,"{""pydantic"": ""2.13.4"", ""yaml"": ""6.0.3"", ""networkx"": ""3.6.1"", ""numpy"": ""2.5.1"", ""scipy"": ""1.18.0"", ""matplotlib"": ""3.11.0"", ""pandas"": ""3.0.3"", ""qutip"": ""5.3.0"", ""stim"": ""1.16.0"", ""gmpy2"": ""2.3.1"", ""nbformat"": ""5.10.4"", ""nbclient"": ""0.11.0""}",Windows,11,Gercom,2026-07-19T18:09:55.950838+00:00
P11_boundary_search,P11_boundary_search:three_node:8483e666917bf46a:L2:101:m10-intent:0,three_node,8483e666917bf46a,101,m10-intent,L2,iterative_analytical,0,10,10,0.72,0.05,1e-05,,True,a -> r -> b,2,True,,,,0.7202522030749277,1,0.001275,SATISFIED,True,76,0.7202522030749277,0.7202522030749277,0.0,6.652521,False,,662,215,106,76,0,0,0.06017151251,0bf3bba5c80a99859f06c86758f0f2a3b763d8e14cb943bf3da6f03b0c35a415,False,,,,False,,50895c1a8f3c0da60ba692fe485101f0340fa6ed,1f2680a5b9065e708a7497adc53a95b108029b98,3.13.14,2.5.1,"{""pydantic"": ""2.13.4"", ""yaml"": ""6.0.3"", ""networkx"": ""3.6.1"", ""numpy"": ""2.5.1"", ""scipy"": ""1.18.0"", ""matplotlib"": ""3.11.0"", ""pandas"": ""3.0.3"", ""qutip"": ""5.3.0"", ""stim"": ""1.16.0"", ""gmpy2"": ""2.3.1"", ""nbformat"": ""5.10.4"", ""nbclient"": ""0.11.0""}",Windows,11,Gercom,2026-07-19T18:10:11.807051+00:00
P11_boundary_search,P11_boundary_search:three_node:8483e666917bf46a:L2:102:m10-intent:0,three_node,8483e666917bf46a,102,m10-intent,L2,iterative_analytical,0,10,10,0.72,0.05,1e-05,,True,a -> r -> b,2,True,,,,0.7202522030749277,1,0.000804,SATISFIED,True,67,0.7202522030749277,0.7202522030749277,0.0,5.135084,False,,628,188,92,67,0,0,0.06017143751,e87faf1c643aafc57404a4c394e169dba7b7bb00f05adb11296b69c1280aa877,False,,,,False,,50895c1a8f3c0da60ba692fe485101f0340fa6ed,1f2680a5b9065e708a7497adc53a95b108029b98,3.13.14,2.5.1,"{""pydantic"": ""2.13.4"", ""yaml"": ""6.0.3"", ""networkx"": ""3.6.1"", ""numpy"": ""2.5.1"", ""scipy"": ""1.18.0"", ""matplotlib"": ""3.11.0"", ""pandas"": ""3.0.3"", ""qutip"": ""5.3.0"", ""stim"": ""1.16.0"", ""gmpy2"": ""2.3.1"", ""nbformat"": ""5.10.4"", ""nbclient"": ""0.11.0""}",Windows,11,Gercom,2026-07-19T18:10:25.538728+00:00
P11_boundary_search,P11_boundary_search:three_node:8483e666917bf46a:L2:103:m10-intent:0,three_node,8483e666917bf46a,103,m10-intent,L2,iterative_analytical,0,10,10,0.72,0.05,1e-05,,True,a -> r -> b,2,True,,,,0.7202522030749277,1,0.001379,SATISFIED,True,69,0.7202522030749277,0.7202522030749277,0.0,5.768011,False,,650,200,98,69,0,0,0.06015642501,9182171d1ac6153233a0bb2e1f54018bad66ab0a58ef47a1105a6d41014c122e,False,,,,False,,50895c1a8f3c0da60ba692fe485101f0340fa6ed,1f2680a5b9065e708a7497adc53a95b108029b98,3.13.14,2.5.1,"{""pydantic"": ""2.13.4"", ""yaml"": ""6.0.3"", ""networkx"": ""3.6.1"", ""numpy"": ""2.5.1"", ""scipy"": ""1.18.0"", ""matplotlib"": ""3.11.0"", ""pandas"": ""3.0.3"", ""qutip"": ""5.3.0"", ""stim"": ""1.16.0"", ""gmpy2"": ""2.3.1"", ""nbformat"": ""5.10.4"", ""nbclient"": ""0.11.0""}",Windows,11,Gercom,2026-07-19T18:10:39.185759+00:00
P11_boundary_search,P11_boundary_search:three_node:8483e666917bf46a:L2:104:m10-intent:0,three_node,8483e666917bf46a,104,m10-intent,L2,iterative_analytical,0,10,10,0.72,0.05,1e-05,,True,a -> r -> b,2,True,,,,0.7202522030749277,1,0.000837,SATISFIED,True,58,0.7202522030749277,0.7202522030749277,0.0,4.777783,False,,607,191,94,58,0,0,0.06018158751,7af728df631ec0d778cea8f08cefd50fbade2fe6e081dd818c909d1c24e06095,False,,,,False,,50895c1a8f3c0da60ba692fe485101f0340fa6ed,1f2680a5b9065e708a7497adc53a95b108029b98,3.13.14,2.5.1,"{""pydantic"": ""2.13.4"", ""yaml"": ""6.0.3"", ""networkx"": ""3.6.1"", ""numpy"": ""2.5.1"", ""scipy"": ""1.18.0"", ""matplotlib"": ""3.11.0"", ""pandas"": ""3.0.3"", ""qutip"": ""5.3.0"", ""stim"": ""1.16.0"", ""gmpy2"": ""2.3.1"", ""nbformat"": ""5.10.4"", ""nbclient"": ""0.11.0""}",Windows,11,Gercom,2026-07-19T18:10:52.410754+00:00
P11_boundary_search,P11_boundary_search:three_node:8483e666917bf46a:L2:105:m10-intent:0,three_node,8483e666917bf46a,105,m10-intent,L2,iterative_analytical,0,10,10,0.72,0.05,1e-05,,True,a -> r -> b,2,True,,,,0.7202522030749277,1,0.000801,SATISFIED,True,74,0.7202522030749277,0.7202522030749277,0.0,4.528511,False,,638,207,102,74,0,0,0.06018661251,4d456a63e4b92f173ff109d45630bfda2826b4fc56b7c8d33e2e47247ecf7795,False,,,,False,,50895c1a8f3c0da60ba692fe485101f0340fa6ed,1f2680a5b9065e708a7497adc53a95b108029b98,3.13.14,2.5.1,"{""pydantic"": ""2.13.4"", ""yaml"": ""6.0.3"", ""networkx"": ""3.6.1"", ""numpy"": ""2.5.1"", ""scipy"": ""1.18.0"", ""matplotlib"": ""3.11.0"", ""pandas"": ""3.0.3"", ""qutip"": ""5.3.0"", ""stim"": ""1.16.0"", ""gmpy2"": ""2.3.1"", ""nbformat"": ""5.10.4"", ""nbclient"": ""0.11.0""}",Windows,11,Gercom,2026-07-19T18:11:04.802408+00:00
P11_boundary_search,P11_boundary_search:three_node:8483e666917bf46a:L2:106:m10-intent:0,three_node,8483e666917bf46a,106,m10-intent,L2,iterative_analytical,0,10,10,0.72,0.05,1e-05,,True,a -> r -> b,2,True,,,,0.7202522030749277,1,0.001368,SATISFIED,True,69,0.7202522030749277,0.7202522030749277,0.0,4.731862,False,,617,207,101,69,0,0,0.06018152501,c8f80189a35c70421782a87c26afe90d9d3e7b25092fa0cab7f916e0dd208dcf,False,,,,False,,50895c1a8f3c0da60ba692fe485101f0340fa6ed,1f2680a5b9065e708a7497adc53a95b108029b98,3.13.14,2.5.1,"{""pydantic"": ""2.13.4"", ""yaml"": ""6.0.3"", ""networkx"": ""3.6.1"", ""numpy"": ""2.5.1"", ""scipy"": ""1.18.0"", ""matplotlib"": ""3.11.0"", ""pandas"": ""3.0.3"", ""qutip"": ""5.3.0"", ""stim"": ""1.16.0"", ""gmpy2"": ""2.3.1"", ""nbformat"": ""5.10.4"", ""nbclient"": ""0.11.0""}",Windows,11,Gercom,2026-07-19T18:11:18.903953+00:00
P11_boundary_search,P11_boundary_search:three_node:8483e666917bf46a:L2:107:m10-intent:0,three_node,8483e666917bf46a,107,m10-intent,L2,iterative_analytical,0,10,10,0.72,0.05,1e-05,,True,a -> r -> b,2,True,,,,0.7202522030749277,1,0.000689,SATISFIED,True,65,0.7202522030749277,0.7202522030749277,0.0,4.789129,False,,546,174,86,65,0,0,0.06017642501,d4444ce85dde333665d42eca7bb906893f1eb5df2725144d64f3d518585e1add,False,,,,False,,50895c1a8f3c0da60ba692fe485101f0340fa6ed,1f2680a5b9065e708a7497adc53a95b108029b98,3.13.14,2.5.1,"{""pydantic"": ""2.13.4"", ""yaml"": ""6.0.3"", ""networkx"": ""3.6.1"", ""numpy"": ""2.5.1"", ""scipy"": ""1.18.0"", ""matplotlib"": ""3.11.0"", ""pandas"": ""3.0.3"", ""qutip"": ""5.3.0"", ""stim"": ""1.16.0"", ""gmpy2"": ""2.3.1"", ""nbformat"": ""5.10.4"", ""nbclient"": ""0.11.0""}",Windows,11,Gercom,2026-07-19T18:11:32.091977+00:00
P11_boundary_search,P11_boundary_search:three_node:16d9e285b00560dc:L2:100:m10-intent:0,three_node,16d9e285b00560dc,100,m10-intent,L2,iterative_analytical,0,10,10,0.75,0.05,1e-05,,True,a -> r -> b,2,True,,,,0.7572267420113338,2,0.000816,SATISFIED,True,33,0.7572267420113338,0.7572267420113338,0.0,4.99574,False,,587,190,130,105,0,0,0.06019155001,4f41eb0546f0018c376813847e4bb461ac007fca3caf36ce03196abc40d3c1d7,False,,,,False,,50895c1a8f3c0da60ba692fe485101f0340fa6ed,1f2680a5b9065e708a7497adc53a95b108029b98,3.13.14,2.5.1,"{""pydantic"": ""2.13.4"", ""yaml"": ""6.0.3"", ""networkx"": ""3.6.1"", ""numpy"": ""2.5.1"", ""scipy"": ""1.18.0"", ""matplotlib"": ""3.11.0"", ""pandas"": ""3.0.3"", ""qutip"": ""5.3.0"", ""stim"": ""1.16.0"", ""gmpy2"": ""2.3.1"", ""nbformat"": ""5.10.4"", ""nbclient"": ""0.11.0""}",Windows,11,Gercom,2026-07-19T18:11:44.804380+00:00
P11_boundary_search,P11_boundary_search:three_node:16d9e285b00560dc:L2:101:m10-intent:0,three_node,16d9e285b00560dc,101,m10-intent,L2,iterative_analytical,0,10,10,0.75,0.05,1e-05,,True,a -> r -> b,2,True,,,,0.7572267420113338,2,0.00084,SATISFIED,True,27,0.7572267420113339,0.7572267420113339,1.1102230246251565e-16,4.93058,False,,559,189,122,87,0,0,0.06017142501,456db27078e3978ad8f9f7c498c7d7e545d5511ea74c5dca02c97df83c0d848a,False,,,,False,,50895c1a8f3c0da60ba692fe485101f0340fa6ed,1f2680a5b9065e708a7497adc53a95b108029b98,3.13.14,2.5.1,"{""pydantic"": ""2.13.4"", ""yaml"": ""6.0.3"", ""networkx"": ""3.6.1"", ""numpy"": ""2.5.1"", ""scipy"": ""1.18.0"", ""matplotlib"": ""3.11.0"", ""pandas"": ""3.0.3"", ""qutip"": ""5.3.0"", ""stim"": ""1.16.0"", ""gmpy2"": ""2.3.1"", ""nbformat"": ""5.10.4"", ""nbclient"": ""0.11.0""}",Windows,11,Gercom,2026-07-19T18:11:57.792974+00:00
P11_boundary_search,P11_boundary_search:three_node:16d9e285b00560dc:L2:102:m10-intent:0,three_node,16d9e285b00560dc,102,m10-intent,L2,iterative_analytical,0,10,10,0.75,0.05,1e-05,,True,a -> r -> b,2,True,,,,0.7572267420113338,2,0.00082,SATISFIED,True,34,0.7572267420113338,0.7572267420113338,0.0,4.72276,False,,486,190,127,105,0,0,0.06014127501,a8c40b90c625aa817d10c84d82ce2244dddf2bb9171e912acaa780a658598baf,False,,,,False,,50895c1a8f3c0da60ba692fe485101f0340fa6ed,1f2680a5b9065e708a7497adc53a95b108029b98,3.13.14,2.5.1,"{""pydantic"": ""2.13.4"", ""yaml"": ""6.0.3"", ""networkx"": ""3.6.1"", ""numpy"": ""2.5.1"", ""scipy"": ""1.18.0"", ""matplotlib"": ""3.11.0"", ""pandas"": ""3.0.3"", ""qutip"": ""5.3.0"", ""stim"": ""1.16.0"", ""gmpy2"": ""2.3.1"", ""nbformat"": ""5.10.4"", ""nbclient"": ""0.11.0""}",Windows,11,Gercom,2026-07-19T18:12:10.829005+00:00
P11_boundary_search,P11_boundary_search:three_node:16d9e285b00560dc:L2:103:m10-intent:0,three_node,16d9e285b00560dc,103,m10-intent,L2,iterative_analytical,0,10,10,0.75,0.05,1e-05,,True,a -> r -> b,2,True,,,,0.7572267420113338,2,0.000851,SATISFIED,True,26,0.7572267420113337,0.7572267420113337,-1.1102230246251565e-16,4.633484,False,,519,187,123,87,0,0,0.06019883751,c95807a55135098689ee6aede9a144890a3c6c366f6b5a01d6281b6e907e2c3f,False,,,,False,,50895c1a8f3c0da60ba692fe485101f0340fa6ed,1f2680a5b9065e708a7497adc53a95b108029b98,3.13.14,2.5.1,"{""pydantic"": ""2.13.4"", ""yaml"": ""6.0.3"", ""networkx"": ""3.6.1"", ""numpy"": ""2.5.1"", ""scipy"": ""1.18.0"", ""matplotlib"": ""3.11.0"", ""pandas"": ""3.0.3"", ""qutip"": ""5.3.0"", ""stim"": ""1.16.0"", ""gmpy2"": ""2.3.1"", ""nbformat"": ""5.10.4"", ""nbclient"": ""0.11.0""}",Windows,11,Gercom,2026-07-19T18:12:24.159823+00:00
P11_boundary_search,P11_boundary_search:three_node:16d9e285b00560dc:L2:104:m10-intent:0,three_node,16d9e285b00560dc,104,m10-intent,L2,iterative_analytical,0,10,10,0.75,0.05,1e-05,,True,a -> r -> b,2,True,,,,0.7572267420113338,2,0.000915,SATISFIED,True,29,0.7572267420113338,0.7572267420113338,0.0,4.987481,False,,539,196,128,95,0,0,0.06018376251,40baeeb2339a517484f2037c0d83b0cfe4e274b185834499d7f31a757902c934,False,,,,False,,50895c1a8f3c0da60ba692fe485101f0340fa6ed,1f2680a5b9065e708a7497adc53a95b108029b98,3.13.14,2.5.1,"{""pydantic"": ""2.13.4"", ""yaml"": ""6.0.3"", ""networkx"": ""3.6.1"", ""numpy"": ""2.5.1"", ""scipy"": ""1.18.0"", ""matplotlib"": ""3.11.0"", ""pandas"": ""3.0.3"", ""qutip"": ""5.3.0"", ""stim"": ""1.16.0"", ""gmpy2"": ""2.3.1"", ""nbformat"": ""5.10.4"", ""nbclient"": ""0.11.0""}",Windows,11,Gercom,2026-07-19T18:12:37.684048+00:00
P11_boundary_search,P11_boundary_search:three_node:16d9e285b00560dc:L2:105:m10-intent:0,three_node,16d9e285b00560dc,105,m10-intent,L2,iterative_analytical,0,10,10,0.75,0.05,1e-05,,True,a -> r -> b,2,True,,,,0.7572267420113338,2,0.00138,SATISFIED,True,31,0.7572267420113338,0.7572267420113338,0.0,5.323094,False,,557,196,129,100,0,0,0.06019882501,1564525237afb28d51381676df0ab78cadb1b29ef89fb9152ce2b23ead804702,False,,,,False,,50895c1a8f3c0da60ba692fe485101f0340fa6ed,1f2680a5b9065e708a7497adc53a95b108029b98,3.13.14,2.5.1,"{""pydantic"": ""2.13.4"", ""yaml"": ""6.0.3"", ""networkx"": ""3.6.1"", ""numpy"": ""2.5.1"", ""scipy"": ""1.18.0"", ""matplotlib"": ""3.11.0"", ""pandas"": ""3.0.3"", ""qutip"": ""5.3.0"", ""stim"": ""1.16.0"", ""gmpy2"": ""2.3.1"", ""nbformat"": ""5.10.4"", ""nbclient"": ""0.11.0""}",Windows,11,Gercom,2026-07-19T18:12:51.139047+00:00
P11_boundary_search,P11_boundary_search:three_node:16d9e285b00560dc:L2:106:m10-intent:0,three_node,16d9e285b00560dc,106,m10-intent,L2,iterative_analytical,0,10,10,0.75,0.05,1e-05,,True,a -> r -> b,2,True,,,,0.7572267420113338,2,0.000844,SATISFIED,True,28,0.7572267420113338,0.7572267420113338,0.0,4.782769,False,,518,184,119,86,0,0,0.06018873751,bf33267b9e7fae17e52fbcbde964961a03da87778c780208024f0f1312a29096,False,,,,False,,50895c1a8f3c0da60ba692fe485101f0340fa6ed,1f2680a5b9065e708a7497adc53a95b108029b98,3.13.14,2.5.1,"{""pydantic"": ""2.13.4"", ""yaml"": ""6.0.3"", ""networkx"": ""3.6.1"", ""numpy"": ""2.5.1"", ""scipy"": ""1.18.0"", ""matplotlib"": ""3.11.0"", ""pandas"": ""3.0.3"", ""qutip"": ""5.3.0"", ""stim"": ""1.16.0"", ""gmpy2"": ""2.3.1"", ""nbformat"": ""5.10.4"", ""nbclient"": ""0.11.0""}",Windows,11,Gercom,2026-07-19T18:13:03.943563+00:00
P11_boundary_search,P11_boundary_search:three_node:16d9e285b00560dc:L2:107:m10-intent:0,three_node,16d9e285b00560dc,107,m10-intent,L2,iterative_analytical,0,10,10,0.75,0.05,1e-05,,True,a -> r -> b,2,True,,,,0.7572267420113338,2,0.001237,SATISFIED,True,32,0.7572267420113338,0.7572267420113338,0.0,5.413029,False,,480,176,120,102,0,0,0.06019880001,701f3cda5ecebfcc5e9383c8f17b79bd3feb3acaae0f3d9b9a9eb3cc4f7ebe82,False,,,,False,,50895c1a8f3c0da60ba692fe485101f0340fa6ed,1f2680a5b9065e708a7497adc53a95b108029b98,3.13.14,2.5.1,"{""pydantic"": ""2.13.4"", ""yaml"": ""6.0.3"", ""networkx"": ""3.6.1"", ""numpy"": ""2.5.1"", ""scipy"": ""1.18.0"", ""matplotlib"": ""3.11.0"", ""pandas"": ""3.0.3"", ""qutip"": ""5.3.0"", ""stim"": ""1.16.0"", ""gmpy2"": ""2.3.1"", ""nbformat"": ""5.10.4"", ""nbclient"": ""0.11.0""}",Windows,11,Gercom,2026-07-19T18:13:17.570778+00:00
P11_boundary_search,P11_boundary_search:three_node:30396238f879933e:L2:100:m10-intent:0,three_node,30396238f879933e,100,m10-intent,L2,iterative_analytical,0,10,10,0.78,0.05,1e-05,,True,a -> r -> b,2,True,,,,0.7958654267019631,3,0.000836,SATISFIED,True,12,0.7958654267019631,0.7958654267019631,0.0,5.675997,False,,520,177,128,96,0,0,0.06016137501,9c8b05eb3528adbf18d3024775401fc2a566389782a09ecaeef28fc7e2e3f40b,False,,,,False,,50895c1a8f3c0da60ba692fe485101f0340fa6ed,1f2680a5b9065e708a7497adc53a95b108029b98,3.13.14,2.5.1,"{""pydantic"": ""2.13.4"", ""yaml"": ""6.0.3"", ""networkx"": ""3.6.1"", ""numpy"": ""2.5.1"", ""scipy"": ""1.18.0"", ""matplotlib"": ""3.11.0"", ""pandas"": ""3.0.3"", ""qutip"": ""5.3.0"", ""stim"": ""1.16.0"", ""gmpy2"": ""2.3.1"", ""nbformat"": ""5.10.4"", ""nbclient"": ""0.11.0""}",Windows,11,Gercom,2026-07-19T18:13:31.992891+00:00
P11_boundary_search,P11_boundary_search:three_node:30396238f879933e:L2:101:m10-intent:0,three_node,30396238f879933e,101,m10-intent,L2,iterative_analytical,0,10,10,0.78,0.05,1e-05,,True,a -> r -> b,2,True,,,,0.7958654267019631,3,0.001469,SATISFIED,True,13,0.7958654267019631,0.7958654267019631,0.0,5.106946,False,,528,189,136,101,0,0,0.06019887501,e04981db663de982729bd466485af83804e8510c4b7b7e807bf35673f410c3c4,False,,,,False,,50895c1a8f3c0da60ba692fe485101f0340fa6ed,1f2680a5b9065e708a7497adc53a95b108029b98,3.13.14,2.5.1,"{""pydantic"": ""2.13.4"", ""yaml"": ""6.0.3"", ""networkx"": ""3.6.1"", ""numpy"": ""2.5.1"", ""scipy"": ""1.18.0"", ""matplotlib"": ""3.11.0"", ""pandas"": ""3.0.3"", ""qutip"": ""5.3.0"", ""stim"": ""1.16.0"", ""gmpy2"": ""2.3.1"", ""nbformat"": ""5.10.4"", ""nbclient"": ""0.11.0""}",Windows,11,Gercom,2026-07-19T18:13:45.971975+00:00
P11_boundary_search,P11_boundary_search:three_node:30396238f879933e:L2:102:m10-intent:0,three_node,30396238f879933e,102,m10-intent,L2,iterative_analytical,0,10,10,0.78,0.05,1e-05,,True,a -> r -> b,2,True,,,,0.7958654267019631,3,0.00148,SATISFIED,True,14,0.795865426701963,0.795865426701963,-1.1102230246251565e-16,5.493369,False,,516,184,133,103,0,0,0.06017877501,4c543844b2cd633821f0b9739e9b8f619a86cb0da1066351e16bfe88b37e65eb,False,,,,False,,50895c1a8f3c0da60ba692fe485101f0340fa6ed,1f2680a5b9065e708a7497adc53a95b108029b98,3.13.14,2.5.1,"{""pydantic"": ""2.13.4"", ""yaml"": ""6.0.3"", ""networkx"": ""3.6.1"", ""numpy"": ""2.5.1"", ""scipy"": ""1.18.0"", ""matplotlib"": ""3.11.0"", ""pandas"": ""3.0.3"", ""qutip"": ""5.3.0"", ""stim"": ""1.16.0"", ""gmpy2"": ""2.3.1"", ""nbformat"": ""5.10.4"", ""nbclient"": ""0.11.0""}",Windows,11,Gercom,2026-07-19T18:14:01.988601+00:00
P11_boundary_search,P11_boundary_search:three_node:30396238f879933e:L2:103:m10-intent:0,three_node,30396238f879933e,103,m10-intent,L2,iterative_analytical,0,10,10,0.78,0.05,1e-05,,True,a -> r -> b,2,True,,,,0.7958654267019631,3,0.001381,SATISFIED,True,14,0.795865426701963,0.795865426701963,-1.1102230246251565e-16,5.519147,False,,507,188,137,106,0,0,0.06019375001,59c533ed64f8f04ae78bb83da535b19a459ea34a862e43d01b4d760933df6be6,False,,,,False,,50895c1a8f3c0da60ba692fe485101f0340fa6ed,1f2680a5b9065e708a7497adc53a95b108029b98,3.13.14,2.5.1,"{""pydantic"": ""2.13.4"", ""yaml"": ""6.0.3"", ""networkx"": ""3.6.1"", ""numpy"": ""2.5.1"", ""scipy"": ""1.18.0"", ""matplotlib"": ""3.11.0"", ""pandas"": ""3.0.3"", ""qutip"": ""5.3.0"", ""stim"": ""1.16.0"", ""gmpy2"": ""2.3.1"", ""nbformat"": ""5.10.4"", ""nbclient"": ""0.11.0""}",Windows,11,Gercom,2026-07-19T18:14:17.420596+00:00
P11_boundary_search,P11_boundary_search:three_node:30396238f879933e:L2:104:m10-intent:0,three_node,30396238f879933e,104,m10-intent,L2,iterative_analytical,0,10,10,0.78,0.05,1e-05,,True,a -> r -> b,2,True,,,,0.7958654267019631,3,0.001358,SATISFIED,True,12,0.7958654267019631,0.7958654267019631,0.0,5.337602,False,,486,180,128,93,0,0,0.06015136251,5159bbebe9dc61ad4c6415c5853610d8e24eb0f8bff6075154dfb7dab94f8f17,False,,,,False,,50895c1a8f3c0da60ba692fe485101f0340fa6ed,1f2680a5b9065e708a7497adc53a95b108029b98,3.13.14,2.5.1,"{""pydantic"": ""2.13.4"", ""yaml"": ""6.0.3"", ""networkx"": ""3.6.1"", ""numpy"": ""2.5.1"", ""scipy"": ""1.18.0"", ""matplotlib"": ""3.11.0"", ""pandas"": ""3.0.3"", ""qutip"": ""5.3.0"", ""stim"": ""1.16.0"", ""gmpy2"": ""2.3.1"", ""nbformat"": ""5.10.4"", ""nbclient"": ""0.11.0""}",Windows,11,Gercom,2026-07-19T18:14:32.122652+00:00
P11_boundary_search,P11_boundary_search:three_node:30396238f879933e:L2:105:m10-intent:0,three_node,30396238f879933e,105,m10-intent,L2,iterative_analytical,0,10,10,0.78,0.05,1e-05,,True,a -> r -> b,2,True,,,,0.7958654267019631,3,0.000903,SATISFIED,True,14,0.795865426701963,0.795865426701963,-1.1102230246251565e-16,4.796066,False,,560,184,135,107,0,0,0.06019375001,f71e859c71623563b86d39f4daa7518ac9841fdc8e5c09b77533e64cc6cd830e,False,,,,False,,50895c1a8f3c0da60ba692fe485101f0340fa6ed,1f2680a5b9065e708a7497adc53a95b108029b98,3.13.14,2.5.1,"{""pydantic"": ""2.13.4"", ""yaml"": ""6.0.3"", ""networkx"": ""3.6.1"", ""numpy"": ""2.5.1"", ""scipy"": ""1.18.0"", ""matplotlib"": ""3.11.0"", ""pandas"": ""3.0.3"", ""qutip"": ""5.3.0"", ""stim"": ""1.16.0"", ""gmpy2"": ""2.3.1"", ""nbformat"": ""5.10.4"", ""nbclient"": ""0.11.0""}",Windows,11,Gercom,2026-07-19T18:14:45.661269+00:00
P11_boundary_search,P11_boundary_search:three_node:30396238f879933e:L2:106:m10-intent:0,three_node,30396238f879933e,106,m10-intent,L2,iterative_analytical,0,10,10,0.78,0.05,1e-05,,True,a -> r -> b,2,True,,,,0.7958654267019631,3,0.001128,SATISFIED,True,14,0.795865426701963,0.795865426701963,-1.1102230246251565e-16,6.112337,False,,545,184,134,104,0,0,0.06018882501,c9676b29d252f8abeb3446474693a29a7b09fac6d6611e41d09052438d4c3a78,False,,,,False,,50895c1a8f3c0da60ba692fe485101f0340fa6ed,1f2680a5b9065e708a7497adc53a95b108029b98,3.13.14,2.5.1,"{""pydantic"": ""2.13.4"", ""yaml"": ""6.0.3"", ""networkx"": ""3.6.1"", ""numpy"": ""2.5.1"", ""scipy"": ""1.18.0"", ""matplotlib"": ""3.11.0"", ""pandas"": ""3.0.3"", ""qutip"": ""5.3.0"", ""stim"": ""1.16.0"", ""gmpy2"": ""2.3.1"", ""nbformat"": ""5.10.4"", ""nbclient"": ""0.11.0""}",Windows,11,Gercom,2026-07-19T18:15:01.441086+00:00
P11_boundary_search,P11_boundary_search:three_node:30396238f879933e:L2:107:m10-intent:0,three_node,30396238f879933e,107,m10-intent,L2,iterative_analytical,0,10,10,0.78,0.05,1e-05,,True,a -> r -> b,2,True,,,,0.7958654267019631,3,0.000834,SATISFIED,True,13,0.7958654267019631,0.7958654267019631,0.0,5.474792,False,,508,169,125,97,0,0,0.06019885001,5f765b1b30dd436cf6a423a2f8f3b2910b05ab4f519c6dcc84ea03e8c9091098,False,,,,False,,50895c1a8f3c0da60ba692fe485101f0340fa6ed,1f2680a5b9065e708a7497adc53a95b108029b98,3.13.14,2.5.1,"{""pydantic"": ""2.13.4"", ""yaml"": ""6.0.3"", ""networkx"": ""3.6.1"", ""numpy"": ""2.5.1"", ""scipy"": ""1.18.0"", ""matplotlib"": ""3.11.0"", ""pandas"": ""3.0.3"", ""qutip"": ""5.3.0"", ""stim"": ""1.16.0"", ""gmpy2"": ""2.3.1"", ""nbformat"": ""5.10.4"", ""nbclient"": ""0.11.0""}",Windows,11,Gercom,2026-07-19T18:15:16.408331+00:00
P11_boundary_search,P11_boundary_search:three_node:418c63d99951aca0:L2:100:m10-intent:0,three_node,418c63d99951aca0,100,m10-intent,L2,iterative_analytical,0,10,10,0.8,0.05,1e-05,,True,a -> r -> b,2,True,,,,0.834179745759839,4,0.001137,VIOLATED,False,6,0.834179745759839,0.834179745759839,0.0,4.478525,False,,516,163,127,102,0,0,0.06019891251,8a4a0c2a89b5f3cfaed013a6bd16216665a67e996419eb784077147fef8d15ec,False,,,,False,,50895c1a8f3c0da60ba692fe485101f0340fa6ed,1f2680a5b9065e708a7497adc53a95b108029b98,3.13.14,2.5.1,"{""pydantic"": ""2.13.4"", ""yaml"": ""6.0.3"", ""networkx"": ""3.6.1"", ""numpy"": ""2.5.1"", ""scipy"": ""1.18.0"", ""matplotlib"": ""3.11.0"", ""pandas"": ""3.0.3"", ""qutip"": ""5.3.0"", ""stim"": ""1.16.0"", ""gmpy2"": ""2.3.1"", ""nbformat"": ""5.10.4"", ""nbclient"": ""0.11.0""}",Windows,11,Gercom,2026-07-19T18:15:29.251877+00:00
P11_boundary_search,P11_boundary_search:three_node:418c63d99951aca0:L2:101:m10-intent:0,three_node,418c63d99951aca0,101,m10-intent,L2,iterative_analytical,0,10,10,0.8,0.05,1e-05,,True,a -> r -> b,2,True,,,,0.834179745759839,4,0.000872,VIOLATED,False,4,0.834179745759839,0.834179745759839,0.0,5.128702,False,,504,177,125,81,0,0,0.06017872501,cfc4ce1847bcbeb9b1bbb704738956ca1168dbb2e35d18b6649dcce7d3b30d12,False,,,,False,,50895c1a8f3c0da60ba692fe485101f0340fa6ed,1f2680a5b9065e708a7497adc53a95b108029b98,3.13.14,2.5.1,"{""pydantic"": ""2.13.4"", ""yaml"": ""6.0.3"", ""networkx"": ""3.6.1"", ""numpy"": ""2.5.1"", ""scipy"": ""1.18.0"", ""matplotlib"": ""3.11.0"", ""pandas"": ""3.0.3"", ""qutip"": ""5.3.0"", ""stim"": ""1.16.0"", ""gmpy2"": ""2.3.1"", ""nbformat"": ""5.10.4"", ""nbclient"": ""0.11.0""}",Windows,11,Gercom,2026-07-19T18:15:42.933655+00:00
P11_boundary_search,P11_boundary_search:three_node:418c63d99951aca0:L2:102:m10-intent:0,three_node,418c63d99951aca0,102,m10-intent,L2,iterative_analytical,0,10,10,0.8,0.05,1e-05,,True,a -> r -> b,2,True,,,,0.834179745759839,4,0.001171,VIOLATED,False,5,0.8341797457598389,0.8341797457598389,-1.1102230246251565e-16,5.915948,False,,514,178,131,94,0,0,0.06019876251,dbd08d0c33891ea6afaaece572c55eeb1c1a858ac66d75769cf64a23ca6b6476,False,,,,False,,50895c1a8f3c0da60ba692fe485101f0340fa6ed,1f2680a5b9065e708a7497adc53a95b108029b98,3.13.14,2.5.1,"{""pydantic"": ""2.13.4"", ""yaml"": ""6.0.3"", ""networkx"": ""3.6.1"", ""numpy"": ""2.5.1"", ""scipy"": ""1.18.0"", ""matplotlib"": ""3.11.0"", ""pandas"": ""3.0.3"", ""qutip"": ""5.3.0"", ""stim"": ""1.16.0"", ""gmpy2"": ""2.3.1"", ""nbformat"": ""5.10.4"", ""nbclient"": ""0.11.0""}",Windows,11,Gercom,2026-07-19T18:15:57.282308+00:00
P11_boundary_search,P11_boundary_search:three_node:418c63d99951aca0:L2:103:m10-intent:0,three_node,418c63d99951aca0,103,m10-intent,L2,iterative_analytical,0,10,10,0.8,0.05,1e-05,,True,a -> r -> b,2,True,,,,0.834179745759839,4,0.00084,VIOLATED,False,7,0.8341797457598391,0.8341797457598391,1.1102230246251565e-16,5.108378,False,,492,166,136,117,0,0,0.06015860001,1164b3279c3231a0c2c4a1e296bc7fce1870b74cbea9d9196861915bb00d0ff4,False,,,,False,,50895c1a8f3c0da60ba692fe485101f0340fa6ed,1f2680a5b9065e708a7497adc53a95b108029b98,3.13.14,2.5.1,"{""pydantic"": ""2.13.4"", ""yaml"": ""6.0.3"", ""networkx"": ""3.6.1"", ""numpy"": ""2.5.1"", ""scipy"": ""1.18.0"", ""matplotlib"": ""3.11.0"", ""pandas"": ""3.0.3"", ""qutip"": ""5.3.0"", ""stim"": ""1.16.0"", ""gmpy2"": ""2.3.1"", ""nbformat"": ""5.10.4"", ""nbclient"": ""0.11.0""}",Windows,11,Gercom,2026-07-19T18:16:11.408755+00:00
P11_boundary_search,P11_boundary_search:three_node:418c63d99951aca0:L2:104:m10-intent:0,three_node,418c63d99951aca0,104,m10-intent,L2,iterative_analytical,0,10,10,0.8,0.05,1e-05,,True,a -> r -> b,2,True,,,,0.834179745759839,4,0.001275,VIOLATED,False,6,0.834179745759839,0.834179745759839,0.0,4.292459,False,,473,163,130,106,0,0,0.06019376251,63271791cdee3f627c6c266b13a60723aa8b790604196e62ce764a0f3d32748c,False,,,,False,,50895c1a8f3c0da60ba692fe485101f0340fa6ed,1f2680a5b9065e708a7497adc53a95b108029b98,3.13.14,2.5.1,"{""pydantic"": ""2.13.4"", ""yaml"": ""6.0.3"", ""networkx"": ""3.6.1"", ""numpy"": ""2.5.1"", ""scipy"": ""1.18.0"", ""matplotlib"": ""3.11.0"", ""pandas"": ""3.0.3"", ""qutip"": ""5.3.0"", ""stim"": ""1.16.0"", ""gmpy2"": ""2.3.1"", ""nbformat"": ""5.10.4"", ""nbclient"": ""0.11.0""}",Windows,11,Gercom,2026-07-19T18:16:24.532164+00:00
P11_boundary_search,P11_boundary_search:three_node:418c63d99951aca0:L2:105:m10-intent:0,three_node,418c63d99951aca0,105,m10-intent,L2,iterative_analytical,0,10,10,0.8,0.05,1e-05,,True,a -> r -> b,2,True,,,,0.834179745759839,4,0.000861,VIOLATED,False,5,0.8341797457598389,0.8341797457598389,-1.1102230246251565e-16,4.510519,False,,499,164,120,88,0,0,0.06019375001,3bf1c9ddfef32c67ea6d75be0d2fe5fa5f6e5708022e53aa58287d4aad8e98bf,False,,,,False,,50895c1a8f3c0da60ba692fe485101f0340fa6ed,1f2680a5b9065e708a7497adc53a95b108029b98,3.13.14,2.5.1,"{""pydantic"": ""2.13.4"", ""yaml"": ""6.0.3"", ""networkx"": ""3.6.1"", ""numpy"": ""2.5.1"", ""scipy"": ""1.18.0"", ""matplotlib"": ""3.11.0"", ""pandas"": ""3.0.3"", ""qutip"": ""5.3.0"", ""stim"": ""1.16.0"", ""gmpy2"": ""2.3.1"", ""nbformat"": ""5.10.4"", ""nbclient"": ""0.11.0""}",Windows,11,Gercom,2026-07-19T18:16:37.539412+00:00
P11_boundary_search,P11_boundary_search:three_node:418c63d99951aca0:L2:106:m10-intent:0,three_node,418c63d99951aca0,106,m10-intent,L2,iterative_analytical,0,10,10,0.8,0.05,1e-05,,True,a -> r -> b,2,True,,,,0.834179745759839,4,0.000941,VIOLATED,False,6,0.834179745759839,0.834179745759839,0.0,6.28339,False,,506,176,135,102,0,0,0.06017863751,45d68bb40d88a68e24bfda424386379b89154c0f85e34648a60ce79e868b180b,False,,,,False,,50895c1a8f3c0da60ba692fe485101f0340fa6ed,1f2680a5b9065e708a7497adc53a95b108029b98,3.13.14,2.5.1,"{""pydantic"": ""2.13.4"", ""yaml"": ""6.0.3"", ""networkx"": ""3.6.1"", ""numpy"": ""2.5.1"", ""scipy"": ""1.18.0"", ""matplotlib"": ""3.11.0"", ""pandas"": ""3.0.3"", ""qutip"": ""5.3.0"", ""stim"": ""1.16.0"", ""gmpy2"": ""2.3.1"", ""nbformat"": ""5.10.4"", ""nbclient"": ""0.11.0""}",Windows,11,Gercom,2026-07-19T18:16:52.317149+00:00
P11_boundary_search,P11_boundary_search:three_node:418c63d99951aca0:L2:107:m10-intent:0,three_node,418c63d99951aca0,107,m10-intent,L2,iterative_analytical,0,10,10,0.8,0.05,1e-05,,True,a -> r -> b,2,True,,,,0.834179745759839,4,0.001434,VIOLATED,False,6,0.834179745759839,0.834179745759839,0.0,5.443173,False,,437,167,126,95,0,0,0.06018378751,7f03005f71c7d9329d4ef80b0c4f062af1fce6d51afb6bdbd2f53865c74efca3,False,,,,False,,50895c1a8f3c0da60ba692fe485101f0340fa6ed,1f2680a5b9065e708a7497adc53a95b108029b98,3.13.14,2.5.1,"{""pydantic"": ""2.13.4"", ""yaml"": ""6.0.3"", ""networkx"": ""3.6.1"", ""numpy"": ""2.5.1"", ""scipy"": ""1.18.0"", ""matplotlib"": ""3.11.0"", ""pandas"": ""3.0.3"", ""qutip"": ""5.3.0"", ""stim"": ""1.16.0"", ""gmpy2"": ""2.3.1"", ""nbformat"": ""5.10.4"", ""nbclient"": ""0.11.0""}",Windows,11,Gercom,2026-07-19T18:17:07.274795+00:00
P11_boundary_search,P11_boundary_search:four_node:e349e47e8fe2d995:L2:100:m10-intent:0,four_node,e349e47e8fe2d995,100,m10-intent,L2,iterative_analytical,0,10,10,0.5,0.05,1e-05,,True,a -> r1 -> r2 -> b,3,True,,,,0.5542478124999999,0,0.00124,SATISFIED,True,240,0.5542478124999999,0.5542478124999999,0.0,10.196311,False,,599,247,0,0,0,0,0.06019658751,02ec99af1bb74756421f24a33c85e7f368f541f0e715df2d9c02ad20501f5233,False,,,,False,,50895c1a8f3c0da60ba692fe485101f0340fa6ed,1f2680a5b9065e708a7497adc53a95b108029b98,3.13.14,2.5.1,"{""pydantic"": ""2.13.4"", ""yaml"": ""6.0.3"", ""networkx"": ""3.6.1"", ""numpy"": ""2.5.1"", ""scipy"": ""1.18.0"", ""matplotlib"": ""3.11.0"", ""pandas"": ""3.0.3"", ""qutip"": ""5.3.0"", ""stim"": ""1.16.0"", ""gmpy2"": ""2.3.1"", ""nbformat"": ""5.10.4"", ""nbclient"": ""0.11.0""}",Windows,11,Gercom,2026-07-19T18:17:26.582041+00:00
P11_boundary_search,P11_boundary_search:four_node:e349e47e8fe2d995:L2:101:m10-intent:0,four_node,e349e47e8fe2d995,101,m10-intent,L2,iterative_analytical,0,10,10,0.5,0.05,1e-05,,True,a -> r1 -> r2 -> b,3,True,,,,0.5542478124999999,0,0.000809,SATISFIED,True,226,0.5542478124999999,0.5542478124999999,0.0,9.483986,False,,669,228,0,0,0,0,0.06019655001,1379e4f1156ccd316e501ca7194ea6964a94599d1dec616a8acc803de5e12ec2,False,,,,False,,50895c1a8f3c0da60ba692fe485101f0340fa6ed,1f2680a5b9065e708a7497adc53a95b108029b98,3.13.14,2.5.1,"{""pydantic"": ""2.13.4"", ""yaml"": ""6.0.3"", ""networkx"": ""3.6.1"", ""numpy"": ""2.5.1"", ""scipy"": ""1.18.0"", ""matplotlib"": ""3.11.0"", ""pandas"": ""3.0.3"", ""qutip"": ""5.3.0"", ""stim"": ""1.16.0"", ""gmpy2"": ""2.3.1"", ""nbformat"": ""5.10.4"", ""nbclient"": ""0.11.0""}",Windows,11,Gercom,2026-07-19T18:17:45.421621+00:00
P11_boundary_search,P11_boundary_search:four_node:e349e47e8fe2d995:L2:102:m10-intent:0,four_node,e349e47e8fe2d995,102,m10-intent,L2,iterative_analytical,0,10,10,0.5,0.05,1e-05,,True,a -> r1 -> r2 -> b,3,True,,,,0.5542478124999999,0,0.000808,SATISFIED,True,216,0.5542478124999999,0.5542478124999999,0.0,7.029276,False,,635,223,0,0,0,0,0.06019150001,cb954e41987c7bf7845484cd9cffdc323cfaa1f1367ff5a2bef5843f09d867a7,False,,,,False,,50895c1a8f3c0da60ba692fe485101f0340fa6ed,1f2680a5b9065e708a7497adc53a95b108029b98,3.13.14,2.5.1,"{""pydantic"": ""2.13.4"", ""yaml"": ""6.0.3"", ""networkx"": ""3.6.1"", ""numpy"": ""2.5.1"", ""scipy"": ""1.18.0"", ""matplotlib"": ""3.11.0"", ""pandas"": ""3.0.3"", ""qutip"": ""5.3.0"", ""stim"": ""1.16.0"", ""gmpy2"": ""2.3.1"", ""nbformat"": ""5.10.4"", ""nbclient"": ""0.11.0""}",Windows,11,Gercom,2026-07-19T18:18:00.484661+00:00
P11_boundary_search,P11_boundary_search:four_node:e349e47e8fe2d995:L2:103:m10-intent:0,four_node,e349e47e8fe2d995,103,m10-intent,L2,iterative_analytical,0,10,10,0.5,0.05,1e-05,,True,a -> r1 -> r2 -> b,3,True,,,,0.5542478124999999,0,0.000812,SATISFIED,True,230,0.5542478124999999,0.5542478124999999,0.0,7.671661,False,,619,237,0,0,0,0,0.06018150001,f0e1ae1b864b0f7a5b212c71cdb3b95a5102e2fefecb2e22041107c4ebe44e3b,False,,,,False,,50895c1a8f3c0da60ba692fe485101f0340fa6ed,1f2680a5b9065e708a7497adc53a95b108029b98,3.13.14,2.5.1,"{""pydantic"": ""2.13.4"", ""yaml"": ""6.0.3"", ""networkx"": ""3.6.1"", ""numpy"": ""2.5.1"", ""scipy"": ""1.18.0"", ""matplotlib"": ""3.11.0"", ""pandas"": ""3.0.3"", ""qutip"": ""5.3.0"", ""stim"": ""1.16.0"", ""gmpy2"": ""2.3.1"", ""nbformat"": ""5.10.4"", ""nbclient"": ""0.11.0""}",Windows,11,Gercom,2026-07-19T18:18:16.014405+00:00
P11_boundary_search,P11_boundary_search:four_node:e349e47e8fe2d995:L2:104:m10-intent:0,four_node,e349e47e8fe2d995,104,m10-intent,L2,iterative_analytical,0,10,10,0.5,0.05,1e-05,,True,a -> r1 -> r2 -> b,3,True,,,,0.5542478124999999,0,0.000815,SATISFIED,True,214,0.5542478124999999,0.5542478124999999,0.0,8.410431,False,,594,217,0,0,0,0,0.06019652501,663e8a25b15e360318ea705a58f8e1afd239e0d25430fc8a5a81be9451e8760a,False,,,,False,,50895c1a8f3c0da60ba692fe485101f0340fa6ed,1f2680a5b9065e708a7497adc53a95b108029b98,3.13.14,2.5.1,"{""pydantic"": ""2.13.4"", ""yaml"": ""6.0.3"", ""networkx"": ""3.6.1"", ""numpy"": ""2.5.1"", ""scipy"": ""1.18.0"", ""matplotlib"": ""3.11.0"", ""pandas"": ""3.0.3"", ""qutip"": ""5.3.0"", ""stim"": ""1.16.0"", ""gmpy2"": ""2.3.1"", ""nbformat"": ""5.10.4"", ""nbclient"": ""0.11.0""}",Windows,11,Gercom,2026-07-19T18:18:33.302453+00:00
P11_boundary_search,P11_boundary_search:four_node:e349e47e8fe2d995:L2:105:m10-intent:0,four_node,e349e47e8fe2d995,105,m10-intent,L2,iterative_analytical,0,10,10,0.5,0.05,1e-05,,True,a -> r1 -> r2 -> b,3,True,,,,0.5542478124999999,0,0.001219,SATISFIED,True,220,0.5542478124999999,0.5542478124999999,0.0,7.179122,False,,620,222,0,0,0,0,0.06019651251,9ccad1c7288adf698e5c8156828e218889cfc0220374d2d95d14512c74c3cc3a,False,,,,False,,50895c1a8f3c0da60ba692fe485101f0340fa6ed,1f2680a5b9065e708a7497adc53a95b108029b98,3.13.14,2.5.1,"{""pydantic"": ""2.13.4"", ""yaml"": ""6.0.3"", ""networkx"": ""3.6.1"", ""numpy"": ""2.5.1"", ""scipy"": ""1.18.0"", ""matplotlib"": ""3.11.0"", ""pandas"": ""3.0.3"", ""qutip"": ""5.3.0"", ""stim"": ""1.16.0"", ""gmpy2"": ""2.3.1"", ""nbformat"": ""5.10.4"", ""nbclient"": ""0.11.0""}",Windows,11,Gercom,2026-07-19T18:18:49.164601+00:00
P11_boundary_search,P11_boundary_search:four_node:e349e47e8fe2d995:L2:106:m10-intent:0,four_node,e349e47e8fe2d995,106,m10-intent,L2,iterative_analytical,0,10,10,0.5,0.05,1e-05,,True,a -> r1 -> r2 -> b,3,True,,,,0.5542478124999999,0,0.00088,SATISFIED,True,215,0.5542478124999999,0.5542478124999999,0.0,6.998188,False,,572,217,0,0,0,0,0.06019657501,3fe40af3aee86d8b545114c00fbe3638f1108e53c8b85f40c01b61576ebc2fe3,False,,,,False,,50895c1a8f3c0da60ba692fe485101f0340fa6ed,1f2680a5b9065e708a7497adc53a95b108029b98,3.13.14,2.5.1,"{""pydantic"": ""2.13.4"", ""yaml"": ""6.0.3"", ""networkx"": ""3.6.1"", ""numpy"": ""2.5.1"", ""scipy"": ""1.18.0"", ""matplotlib"": ""3.11.0"", ""pandas"": ""3.0.3"", ""qutip"": ""5.3.0"", ""stim"": ""1.16.0"", ""gmpy2"": ""2.3.1"", ""nbformat"": ""5.10.4"", ""nbclient"": ""0.11.0""}",Windows,11,Gercom,2026-07-19T18:19:04.744810+00:00
P11_boundary_search,P11_boundary_search:four_node:e349e47e8fe2d995:L2:107:m10-intent:0,four_node,e349e47e8fe2d995,107,m10-intent,L2,iterative_analytical,0,10,10,0.5,0.05,1e-05,,True,a -> r1 -> r2 -> b,3,True,,,,0.5542478124999999,0,0.000768,SATISFIED,True,229,0.5542478124999999,0.5542478124999999,0.0,7.751146,False,,662,231,0,0,0,0,0.06016911251,3d0c02bfcdca70d605e39452c89d86ed353c9f5ef4d89dac31c0cdf452eae842,False,,,,False,,50895c1a8f3c0da60ba692fe485101f0340fa6ed,1f2680a5b9065e708a7497adc53a95b108029b98,3.13.14,2.5.1,"{""pydantic"": ""2.13.4"", ""yaml"": ""6.0.3"", ""networkx"": ""3.6.1"", ""numpy"": ""2.5.1"", ""scipy"": ""1.18.0"", ""matplotlib"": ""3.11.0"", ""pandas"": ""3.0.3"", ""qutip"": ""5.3.0"", ""stim"": ""1.16.0"", ""gmpy2"": ""2.3.1"", ""nbformat"": ""5.10.4"", ""nbclient"": ""0.11.0""}",Windows,11,Gercom,2026-07-19T18:19:20.999880+00:00
P11_boundary_search,P11_boundary_search:four_node:ec2acd0a6d5b36d2:L2:100:m10-intent:0,four_node,ec2acd0a6d5b36d2,100,m10-intent,L2,iterative_analytical,0,10,10,0.53,0.05,1e-05,,True,a -> r1 -> r2 -> b,3,True,,,,0.5542478124999999,0,0.000808,SATISFIED,True,240,0.5542478124999999,0.5542478124999999,0.0,10.278009,False,,599,247,0,0,0,0,0.06019658751,02ec99af1bb74756421f24a33c85e7f368f541f0e715df2d9c02ad20501f5233,False,,,,False,,50895c1a8f3c0da60ba692fe485101f0340fa6ed,1f2680a5b9065e708a7497adc53a95b108029b98,3.13.14,2.5.1,"{""pydantic"": ""2.13.4"", ""yaml"": ""6.0.3"", ""networkx"": ""3.6.1"", ""numpy"": ""2.5.1"", ""scipy"": ""1.18.0"", ""matplotlib"": ""3.11.0"", ""pandas"": ""3.0.3"", ""qutip"": ""5.3.0"", ""stim"": ""1.16.0"", ""gmpy2"": ""2.3.1"", ""nbformat"": ""5.10.4"", ""nbclient"": ""0.11.0""}",Windows,11,Gercom,2026-07-19T18:19:40.875341+00:00
P11_boundary_search,P11_boundary_search:four_node:ec2acd0a6d5b36d2:L2:101:m10-intent:0,four_node,ec2acd0a6d5b36d2,101,m10-intent,L2,iterative_analytical,0,10,10,0.53,0.05,1e-05,,True,a -> r1 -> r2 -> b,3,True,,,,0.5542478124999999,0,0.001193,SATISFIED,True,226,0.5542478124999999,0.5542478124999999,0.0,9.78991,False,,669,228,0,0,0,0,0.06019655001,1379e4f1156ccd316e501ca7194ea6964a94599d1dec616a8acc803de5e12ec2,False,,,,False,,50895c1a8f3c0da60ba692fe485101f0340fa6ed,1f2680a5b9065e708a7497adc53a95b108029b98,3.13.14,2.5.1,"{""pydantic"": ""2.13.4"", ""yaml"": ""6.0.3"", ""networkx"": ""3.6.1"", ""numpy"": ""2.5.1"", ""scipy"": ""1.18.0"", ""matplotlib"": ""3.11.0"", ""pandas"": ""3.0.3"", ""qutip"": ""5.3.0"", ""stim"": ""1.16.0"", ""gmpy2"": ""2.3.1"", ""nbformat"": ""5.10.4"", ""nbclient"": ""0.11.0""}",Windows,11,Gercom,2026-07-19T18:19:59.952342+00:00
P11_boundary_search,P11_boundary_search:four_node:ec2acd0a6d5b36d2:L2:102:m10-intent:0,four_node,ec2acd0a6d5b36d2,102,m10-intent,L2,iterative_analytical,0,10,10,0.53,0.05,1e-05,,True,a -> r1 -> r2 -> b,3,True,,,,0.5542478124999999,0,0.001503,SATISFIED,True,216,0.5542478124999999,0.5542478124999999,0.0,10.267858,False,,635,223,0,0,0,0,0.06019150001,cb954e41987c7bf7845484cd9cffdc323cfaa1f1367ff5a2bef5843f09d867a7,False,,,,False,,50895c1a8f3c0da60ba692fe485101f0340fa6ed,1f2680a5b9065e708a7497adc53a95b108029b98,3.13.14,2.5.1,"{""pydantic"": ""2.13.4"", ""yaml"": ""6.0.3"", ""networkx"": ""3.6.1"", ""numpy"": ""2.5.1"", ""scipy"": ""1.18.0"", ""matplotlib"": ""3.11.0"", ""pandas"": ""3.0.3"", ""qutip"": ""5.3.0"", ""stim"": ""1.16.0"", ""gmpy2"": ""2.3.1"", ""nbformat"": ""5.10.4"", ""nbclient"": ""0.11.0""}",Windows,11,Gercom,2026-07-19T18:20:19.574872+00:00
P11_boundary_search,P11_boundary_search:four_node:ec2acd0a6d5b36d2:L2:103:m10-intent:0,four_node,ec2acd0a6d5b36d2,103,m10-intent,L2,iterative_analytical,0,10,10,0.53,0.05,1e-05,,True,a -> r1 -> r2 -> b,3,True,,,,0.5542478124999999,0,0.001334,SATISFIED,True,230,0.5542478124999999,0.5542478124999999,0.0,9.757612,False,,619,237,0,0,0,0,0.06018150001,f0e1ae1b864b0f7a5b212c71cdb3b95a5102e2fefecb2e22041107c4ebe44e3b,False,,,,False,,50895c1a8f3c0da60ba692fe485101f0340fa6ed,1f2680a5b9065e708a7497adc53a95b108029b98,3.13.14,2.5.1,"{""pydantic"": ""2.13.4"", ""yaml"": ""6.0.3"", ""networkx"": ""3.6.1"", ""numpy"": ""2.5.1"", ""scipy"": ""1.18.0"", ""matplotlib"": ""3.11.0"", ""pandas"": ""3.0.3"", ""qutip"": ""5.3.0"", ""stim"": ""1.16.0"", ""gmpy2"": ""2.3.1"", ""nbformat"": ""5.10.4"", ""nbclient"": ""0.11.0""}",Windows,11,Gercom,2026-07-19T18:20:37.991817+00:00
P11_boundary_search,P11_boundary_search:four_node:ec2acd0a6d5b36d2:L2:104:m10-intent:0,four_node,ec2acd0a6d5b36d2,104,m10-intent,L2,iterative_analytical,0,10,10,0.53,0.05,1e-05,,True,a -> r1 -> r2 -> b,3,True,,,,0.5542478124999999,0,0.001626,SATISFIED,True,214,0.5542478124999999,0.5542478124999999,0.0,9.251241,False,,594,217,0,0,0,0,0.06019652501,663e8a25b15e360318ea705a58f8e1afd239e0d25430fc8a5a81be9451e8760a,False,,,,False,,50895c1a8f3c0da60ba692fe485101f0340fa6ed,1f2680a5b9065e708a7497adc53a95b108029b98,3.13.14,2.5.1,"{""pydantic"": ""2.13.4"", ""yaml"": ""6.0.3"", ""networkx"": ""3.6.1"", ""numpy"": ""2.5.1"", ""scipy"": ""1.18.0"", ""matplotlib"": ""3.11.0"", ""pandas"": ""3.0.3"", ""qutip"": ""5.3.0"", ""stim"": ""1.16.0"", ""gmpy2"": ""2.3.1"", ""nbformat"": ""5.10.4"", ""nbclient"": ""0.11.0""}",Windows,11,Gercom,2026-07-19T18:20:57.009459+00:00
P11_boundary_search,P11_boundary_search:four_node:ec2acd0a6d5b36d2:L2:105:m10-intent:0,four_node,ec2acd0a6d5b36d2,105,m10-intent,L2,iterative_analytical,0,10,10,0.53,0.05,1e-05,,True,a -> r1 -> r2 -> b,3,True,,,,0.5542478124999999,0,0.001121,SATISFIED,True,220,0.5542478124999999,0.5542478124999999,0.0,8.49651,False,,620,222,0,0,0,0,0.06019651251,9ccad1c7288adf698e5c8156828e218889cfc0220374d2d95d14512c74c3cc3a,False,,,,False,,50895c1a8f3c0da60ba692fe485101f0340fa6ed,1f2680a5b9065e708a7497adc53a95b108029b98,3.13.14,2.5.1,"{""pydantic"": ""2.13.4"", ""yaml"": ""6.0.3"", ""networkx"": ""3.6.1"", ""numpy"": ""2.5.1"", ""scipy"": ""1.18.0"", ""matplotlib"": ""3.11.0"", ""pandas"": ""3.0.3"", ""qutip"": ""5.3.0"", ""stim"": ""1.16.0"", ""gmpy2"": ""2.3.1"", ""nbformat"": ""5.10.4"", ""nbclient"": ""0.11.0""}",Windows,11,Gercom,2026-07-19T18:21:15.371994+00:00
P11_boundary_search,P11_boundary_search:four_node:ec2acd0a6d5b36d2:L2:106:m10-intent:0,four_node,ec2acd0a6d5b36d2,106,m10-intent,L2,iterative_analytical,0,10,10,0.53,0.05,1e-05,,True,a -> r1 -> r2 -> b,3,True,,,,0.5542478124999999,0,0.00067,SATISFIED,True,215,0.5542478124999999,0.5542478124999999,0.0,8.965316,False,,572,217,0,0,0,0,0.06019657501,3fe40af3aee86d8b545114c00fbe3638f1108e53c8b85f40c01b61576ebc2fe3,False,,,,False,,50895c1a8f3c0da60ba692fe485101f0340fa6ed,1f2680a5b9065e708a7497adc53a95b108029b98,3.13.14,2.5.1,"{""pydantic"": ""2.13.4"", ""yaml"": ""6.0.3"", ""networkx"": ""3.6.1"", ""numpy"": ""2.5.1"", ""scipy"": ""1.18.0"", ""matplotlib"": ""3.11.0"", ""pandas"": ""3.0.3"", ""qutip"": ""5.3.0"", ""stim"": ""1.16.0"", ""gmpy2"": ""2.3.1"", ""nbformat"": ""5.10.4"", ""nbclient"": ""0.11.0""}",Windows,11,Gercom,2026-07-19T18:21:33.811204+00:00
P11_boundary_search,P11_boundary_search:four_node:ec2acd0a6d5b36d2:L2:107:m10-intent:0,four_node,ec2acd0a6d5b36d2,107,m10-intent,L2,iterative_analytical,0,10,10,0.53,0.05,1e-05,,True,a -> r1 -> r2 -> b,3,True,,,,0.5542478124999999,0,0.001275,SATISFIED,True,229,0.5542478124999999,0.5542478124999999,0.0,10.295029,False,,662,231,0,0,0,0,0.06016911251,3d0c02bfcdca70d605e39452c89d86ed353c9f5ef4d89dac31c0cdf452eae842,False,,,,False,,50895c1a8f3c0da60ba692fe485101f0340fa6ed,1f2680a5b9065e708a7497adc53a95b108029b98,3.13.14,2.5.1,"{""pydantic"": ""2.13.4"", ""yaml"": ""6.0.3"", ""networkx"": ""3.6.1"", ""numpy"": ""2.5.1"", ""scipy"": ""1.18.0"", ""matplotlib"": ""3.11.0"", ""pandas"": ""3.0.3"", ""qutip"": ""5.3.0"", ""stim"": ""1.16.0"", ""gmpy2"": ""2.3.1"", ""nbformat"": ""5.10.4"", ""nbclient"": ""0.11.0""}",Windows,11,Gercom,2026-07-19T18:21:53.179272+00:00
P11_boundary_search,P11_boundary_search:four_node:fcf7df82ebad8cd4:L2:100:m10-intent:0,four_node,fcf7df82ebad8cd4,100,m10-intent,L2,iterative_analytical,0,10,10,0.55,0.05,1e-05,,True,a -> r1 -> r2 -> b,3,True,,,,0.5542478124999999,0,0.000845,SATISFIED,True,240,0.5542478124999999,0.5542478124999999,0.0,10.850695,False,,599,247,0,0,0,0,0.06019658751,02ec99af1bb74756421f24a33c85e7f368f541f0e715df2d9c02ad20501f5233,False,,,,False,,50895c1a8f3c0da60ba692fe485101f0340fa6ed,1f2680a5b9065e708a7497adc53a95b108029b98,3.13.14,2.5.1,"{""pydantic"": ""2.13.4"", ""yaml"": ""6.0.3"", ""networkx"": ""3.6.1"", ""numpy"": ""2.5.1"", ""scipy"": ""1.18.0"", ""matplotlib"": ""3.11.0"", ""pandas"": ""3.0.3"", ""qutip"": ""5.3.0"", ""stim"": ""1.16.0"", ""gmpy2"": ""2.3.1"", ""nbformat"": ""5.10.4"", ""nbclient"": ""0.11.0""}",Windows,11,Gercom,2026-07-19T18:22:12.565364+00:00
P11_boundary_search,P11_boundary_search:four_node:fcf7df82ebad8cd4:L2:101:m10-intent:0,four_node,fcf7df82ebad8cd4,101,m10-intent,L2,iterative_analytical,0,10,10,0.55,0.05,1e-05,,True,a -> r1 -> r2 -> b,3,True,,,,0.5542478124999999,0,0.000839,SATISFIED,True,226,0.5542478124999999,0.5542478124999999,0.0,8.58793,False,,669,228,0,0,0,0,0.06019655001,1379e4f1156ccd316e501ca7194ea6964a94599d1dec616a8acc803de5e12ec2,False,,,,False,,50895c1a8f3c0da60ba692fe485101f0340fa6ed,1f2680a5b9065e708a7497adc53a95b108029b98,3.13.14,2.5.1,"{""pydantic"": ""2.13.4"", ""yaml"": ""6.0.3"", ""networkx"": ""3.6.1"", ""numpy"": ""2.5.1"", ""scipy"": ""1.18.0"", ""matplotlib"": ""3.11.0"", ""pandas"": ""3.0.3"", ""qutip"": ""5.3.0"", ""stim"": ""1.16.0"", ""gmpy2"": ""2.3.1"", ""nbformat"": ""5.10.4"", ""nbclient"": ""0.11.0""}",Windows,11,Gercom,2026-07-19T18:22:29.244347+00:00
P11_boundary_search,P11_boundary_search:four_node:fcf7df82ebad8cd4:L2:102:m10-intent:0,four_node,fcf7df82ebad8cd4,102,m10-intent,L2,iterative_analytical,0,10,10,0.55,0.05,1e-05,,True,a -> r1 -> r2 -> b,3,True,,,,0.5542478124999999,0,0.001375,SATISFIED,True,216,0.5542478124999999,0.5542478124999999,0.0,8.385424,False,,635,223,0,0,0,0,0.06019150001,cb954e41987c7bf7845484cd9cffdc323cfaa1f1367ff5a2bef5843f09d867a7,False,,,,False,,50895c1a8f3c0da60ba692fe485101f0340fa6ed,1f2680a5b9065e708a7497adc53a95b108029b98,3.13.14,2.5.1,"{""pydantic"": ""2.13.4"", ""yaml"": ""6.0.3"", ""networkx"": ""3.6.1"", ""numpy"": ""2.5.1"", ""scipy"": ""1.18.0"", ""matplotlib"": ""3.11.0"", ""pandas"": ""3.0.3"", ""qutip"": ""5.3.0"", ""stim"": ""1.16.0"", ""gmpy2"": ""2.3.1"", ""nbformat"": ""5.10.4"", ""nbclient"": ""0.11.0""}",Windows,11,Gercom,2026-07-19T18:22:45.704386+00:00
P11_boundary_search,P11_boundary_search:four_node:fcf7df82ebad8cd4:L2:103:m10-intent:0,four_node,fcf7df82ebad8cd4,103,m10-intent,L2,iterative_analytical,0,10,10,0.55,0.05,1e-05,,True,a -> r1 -> r2 -> b,3,True,,,,0.5542478124999999,0,0.001334,SATISFIED,True,230,0.5542478124999999,0.5542478124999999,0.0,8.817569,False,,619,237,0,0,0,0,0.06018150001,f0e1ae1b864b0f7a5b212c71cdb3b95a5102e2fefecb2e22041107c4ebe44e3b,False,,,,False,,50895c1a8f3c0da60ba692fe485101f0340fa6ed,1f2680a5b9065e708a7497adc53a95b108029b98,3.13.14,2.5.1,"{""pydantic"": ""2.13.4"", ""yaml"": ""6.0.3"", ""networkx"": ""3.6.1"", ""numpy"": ""2.5.1"", ""scipy"": ""1.18.0"", ""matplotlib"": ""3.11.0"", ""pandas"": ""3.0.3"", ""qutip"": ""5.3.0"", ""stim"": ""1.16.0"", ""gmpy2"": ""2.3.1"", ""nbformat"": ""5.10.4"", ""nbclient"": ""0.11.0""}",Windows,11,Gercom,2026-07-19T18:23:02.915182+00:00
P11_boundary_search,P11_boundary_search:four_node:fcf7df82ebad8cd4:L2:104:m10-intent:0,four_node,fcf7df82ebad8cd4,104,m10-intent,L2,iterative_analytical,0,10,10,0.55,0.05,1e-05,,True,a -> r1 -> r2 -> b,3,True,,,,0.5542478124999999,0,0.000789,SATISFIED,True,214,0.5542478124999999,0.5542478124999999,0.0,8.0246,False,,594,217,0,0,0,0,0.06019652501,663e8a25b15e360318ea705a58f8e1afd239e0d25430fc8a5a81be9451e8760a,False,,,,False,,50895c1a8f3c0da60ba692fe485101f0340fa6ed,1f2680a5b9065e708a7497adc53a95b108029b98,3.13.14,2.5.1,"{""pydantic"": ""2.13.4"", ""yaml"": ""6.0.3"", ""networkx"": ""3.6.1"", ""numpy"": ""2.5.1"", ""scipy"": ""1.18.0"", ""matplotlib"": ""3.11.0"", ""pandas"": ""3.0.3"", ""qutip"": ""5.3.0"", ""stim"": ""1.16.0"", ""gmpy2"": ""2.3.1"", ""nbformat"": ""5.10.4"", ""nbclient"": ""0.11.0""}",Windows,11,Gercom,2026-07-19T18:23:19.646965+00:00
P11_boundary_search,P11_boundary_search:four_node:fcf7df82ebad8cd4:L2:105:m10-intent:0,four_node,fcf7df82ebad8cd4,105,m10-intent,L2,iterative_analytical,0,10,10,0.55,0.05,1e-05,,True,a -> r1 -> r2 -> b,3,True,,,,0.5542478124999999,0,0.001286,SATISFIED,True,220,0.5542478124999999,0.5542478124999999,0.0,8.96164,False,,620,222,0,0,0,0,0.06019651251,9ccad1c7288adf698e5c8156828e218889cfc0220374d2d95d14512c74c3cc3a,False,,,,False,,50895c1a8f3c0da60ba692fe485101f0340fa6ed,1f2680a5b9065e708a7497adc53a95b108029b98,3.13.14,2.5.1,"{""pydantic"": ""2.13.4"", ""yaml"": ""6.0.3"", ""networkx"": ""3.6.1"", ""numpy"": ""2.5.1"", ""scipy"": ""1.18.0"", ""matplotlib"": ""3.11.0"", ""pandas"": ""3.0.3"", ""qutip"": ""5.3.0"", ""stim"": ""1.16.0"", ""gmpy2"": ""2.3.1"", ""nbformat"": ""5.10.4"", ""nbclient"": ""0.11.0""}",Windows,11,Gercom,2026-07-19T18:23:38.128504+00:00
P11_boundary_search,P11_boundary_search:four_node:fcf7df82ebad8cd4:L2:106:m10-intent:0,four_node,fcf7df82ebad8cd4,106,m10-intent,L2,iterative_analytical,0,10,10,0.55,0.05,1e-05,,True,a -> r1 -> r2 -> b,3,True,,,,0.5542478124999999,0,0.000816,SATISFIED,True,215,0.5542478124999999,0.5542478124999999,0.0,7.291555,False,,572,217,0,0,0,0,0.06019657501,3fe40af3aee86d8b545114c00fbe3638f1108e53c8b85f40c01b61576ebc2fe3,False,,,,False,,50895c1a8f3c0da60ba692fe485101f0340fa6ed,1f2680a5b9065e708a7497adc53a95b108029b98,3.13.14,2.5.1,"{""pydantic"": ""2.13.4"", ""yaml"": ""6.0.3"", ""networkx"": ""3.6.1"", ""numpy"": ""2.5.1"", ""scipy"": ""1.18.0"", ""matplotlib"": ""3.11.0"", ""pandas"": ""3.0.3"", ""qutip"": ""5.3.0"", ""stim"": ""1.16.0"", ""gmpy2"": ""2.3.1"", ""nbformat"": ""5.10.4"", ""nbclient"": ""0.11.0""}",Windows,11,Gercom,2026-07-19T18:23:54.611023+00:00
P11_boundary_search,P11_boundary_search:four_node:fcf7df82ebad8cd4:L2:107:m10-intent:0,four_node,fcf7df82ebad8cd4,107,m10-intent,L2,iterative_analytical,0,10,10,0.55,0.05,1e-05,,True,a -> r1 -> r2 -> b,3,True,,,,0.5542478124999999,0,0.000789,SATISFIED,True,229,0.5542478124999999,0.5542478124999999,0.0,8.248378,False,,662,231,0,0,0,0,0.06016911251,3d0c02bfcdca70d605e39452c89d86ed353c9f5ef4d89dac31c0cdf452eae842,False,,,,False,,50895c1a8f3c0da60ba692fe485101f0340fa6ed,1f2680a5b9065e708a7497adc53a95b108029b98,3.13.14,2.5.1,"{""pydantic"": ""2.13.4"", ""yaml"": ""6.0.3"", ""networkx"": ""3.6.1"", ""numpy"": ""2.5.1"", ""scipy"": ""1.18.0"", ""matplotlib"": ""3.11.0"", ""pandas"": ""3.0.3"", ""qutip"": ""5.3.0"", ""stim"": ""1.16.0"", ""gmpy2"": ""2.3.1"", ""nbformat"": ""5.10.4"", ""nbclient"": ""0.11.0""}",Windows,11,Gercom,2026-07-19T18:24:11.359574+00:00
P11_boundary_search,P11_boundary_search:four_node:9426a507ecd2cb85:L2:100:m10-intent:0,four_node,9426a507ecd2cb85,100,m10-intent,L2,iterative_analytical,0,10,10,0.57,0.05,1e-05,,True,a -> r1 -> r2 -> b,3,True,,,,0.579037121689113,2,0.000853,SATISFIED,True,26,0.579037121689113,0.579037121689113,0.0,7.026866,False,,503,193,126,90,0,0,0.06018877501,21242ddfa0034ad3735f72431f8f7b91f3f39f8ea6708553bd5ad3ffe62cf35a,False,,,,False,,50895c1a8f3c0da60ba692fe485101f0340fa6ed,1f2680a5b9065e708a7497adc53a95b108029b98,3.13.14,2.5.1,"{""pydantic"": ""2.13.4"", ""yaml"": ""6.0.3"", ""networkx"": ""3.6.1"", ""numpy"": ""2.5.1"", ""scipy"": ""1.18.0"", ""matplotlib"": ""3.11.0"", ""pandas"": ""3.0.3"", ""qutip"": ""5.3.0"", ""stim"": ""1.16.0"", ""gmpy2"": ""2.3.1"", ""nbformat"": ""5.10.4"", ""nbclient"": ""0.11.0""}",Windows,11,Gercom,2026-07-19T18:24:26.982314+00:00
P11_boundary_search,P11_boundary_search:four_node:9426a507ecd2cb85:L2:101:m10-intent:0,four_node,9426a507ecd2cb85,101,m10-intent,L2,iterative_analytical,0,10,10,0.57,0.05,1e-05,,True,a -> r1 -> r2 -> b,3,True,,,,0.579037121689113,2,0.000846,SATISFIED,True,25,0.579037121689113,0.579037121689113,0.0,7.340192,False,,551,180,119,86,0,0,0.06019885001,24af5fb7f0964e13cf97913d27c30e71164486c8595a708e16f9c090a3a58440,False,,,,False,,50895c1a8f3c0da60ba692fe485101f0340fa6ed,1f2680a5b9065e708a7497adc53a95b108029b98,3.13.14,2.5.1,"{""pydantic"": ""2.13.4"", ""yaml"": ""6.0.3"", ""networkx"": ""3.6.1"", ""numpy"": ""2.5.1"", ""scipy"": ""1.18.0"", ""matplotlib"": ""3.11.0"", ""pandas"": ""3.0.3"", ""qutip"": ""5.3.0"", ""stim"": ""1.16.0"", ""gmpy2"": ""2.3.1"", ""nbformat"": ""5.10.4"", ""nbclient"": ""0.11.0""}",Windows,11,Gercom,2026-07-19T18:24:43.299134+00:00
P11_boundary_search,P11_boundary_search:four_node:9426a507ecd2cb85:L2:102:m10-intent:0,four_node,9426a507ecd2cb85,102,m10-intent,L2,iterative_analytical,0,10,10,0.57,0.05,1e-05,,True,a -> r1 -> r2 -> b,3,True,,,,0.579037121689113,2,0.00133,SATISFIED,True,23,0.579037121689113,0.579037121689113,0.0,8.045921,False,,515,185,119,82,0,0,0.06019882501,7a80e155812b5e15c35e99dd8d5c9a93346c4cbd24c00acebb8d17480b8c3dee,False,,,,False,,50895c1a8f3c0da60ba692fe485101f0340fa6ed,1f2680a5b9065e708a7497adc53a95b108029b98,3.13.14,2.5.1,"{""pydantic"": ""2.13.4"", ""yaml"": ""6.0.3"", ""networkx"": ""3.6.1"", ""numpy"": ""2.5.1"", ""scipy"": ""1.18.0"", ""matplotlib"": ""3.11.0"", ""pandas"": ""3.0.3"", ""qutip"": ""5.3.0"", ""stim"": ""1.16.0"", ""gmpy2"": ""2.3.1"", ""nbformat"": ""5.10.4"", ""nbclient"": ""0.11.0""}",Windows,11,Gercom,2026-07-19T18:25:00.258934+00:00
P11_boundary_search,P11_boundary_search:four_node:9426a507ecd2cb85:L2:103:m10-intent:0,four_node,9426a507ecd2cb85,103,m10-intent,L2,iterative_analytical,0,10,10,0.57,0.05,1e-05,,True,a -> r1 -> r2 -> b,3,True,,,,0.579037121689113,2,0.001089,SATISFIED,True,20,0.579037121689113,0.579037121689113,0.0,7.87441,False,,527,181,115,74,0,0,0.06018377501,22b8a5838f4e5e0a474422bb712abf30861ebbafec33147b052a2f5df714a6f0,False,,,,False,,50895c1a8f3c0da60ba692fe485101f0340fa6ed,1f2680a5b9065e708a7497adc53a95b108029b98,3.13.14,2.5.1,"{""pydantic"": ""2.13.4"", ""yaml"": ""6.0.3"", ""networkx"": ""3.6.1"", ""numpy"": ""2.5.1"", ""scipy"": ""1.18.0"", ""matplotlib"": ""3.11.0"", ""pandas"": ""3.0.3"", ""qutip"": ""5.3.0"", ""stim"": ""1.16.0"", ""gmpy2"": ""2.3.1"", ""nbformat"": ""5.10.4"", ""nbclient"": ""0.11.0""}",Windows,11,Gercom,2026-07-19T18:25:17.259989+00:00
P11_boundary_search,P11_boundary_search:four_node:9426a507ecd2cb85:L2:104:m10-intent:0,four_node,9426a507ecd2cb85,104,m10-intent,L2,iterative_analytical,0,10,10,0.57,0.05,1e-05,,True,a -> r1 -> r2 -> b,3,True,,,,0.579037121689113,2,0.00075,SATISFIED,True,20,0.579037121689113,0.579037121689113,0.0,7.836241,False,,571,178,110,69,0,0,0.06018880001,d576bfbc28b0cde3006393ffd8c913f11340e7ab3f4cba7556ea037acd3b1805,False,,,,False,,50895c1a8f3c0da60ba692fe485101f0340fa6ed,1f2680a5b9065e708a7497adc53a95b108029b98,3.13.14,2.5.1,"{""pydantic"": ""2.13.4"", ""yaml"": ""6.0.3"", ""networkx"": ""3.6.1"", ""numpy"": ""2.5.1"", ""scipy"": ""1.18.0"", ""matplotlib"": ""3.11.0"", ""pandas"": ""3.0.3"", ""qutip"": ""5.3.0"", ""stim"": ""1.16.0"", ""gmpy2"": ""2.3.1"", ""nbformat"": ""5.10.4"", ""nbclient"": ""0.11.0""}",Windows,11,Gercom,2026-07-19T18:25:33.873839+00:00
P11_boundary_search,P11_boundary_search:four_node:9426a507ecd2cb85:L2:105:m10-intent:0,four_node,9426a507ecd2cb85,105,m10-intent,L2,iterative_analytical,0,10,10,0.57,0.05,1e-05,,True,a -> r1 -> r2 -> b,3,True,,,,0.579037121689113,2,0.000863,SATISFIED,True,23,0.579037121689113,0.579037121689113,0.0,7.457538,False,,498,185,115,75,0,0,0.06019890001,e7d67b2cf371977f65dd625d4ae072ba1c2636a9c479be8ed6805112133efa0b,False,,,,False,,50895c1a8f3c0da60ba692fe485101f0340fa6ed,1f2680a5b9065e708a7497adc53a95b108029b98,3.13.14,2.5.1,"{""pydantic"": ""2.13.4"", ""yaml"": ""6.0.3"", ""networkx"": ""3.6.1"", ""numpy"": ""2.5.1"", ""scipy"": ""1.18.0"", ""matplotlib"": ""3.11.0"", ""pandas"": ""3.0.3"", ""qutip"": ""5.3.0"", ""stim"": ""1.16.0"", ""gmpy2"": ""2.3.1"", ""nbformat"": ""5.10.4"", ""nbclient"": ""0.11.0""}",Windows,11,Gercom,2026-07-19T18:25:50.406397+00:00
P11_boundary_search,P11_boundary_search:four_node:9426a507ecd2cb85:L2:106:m10-intent:0,four_node,9426a507ecd2cb85,106,m10-intent,L2,iterative_analytical,0,10,10,0.57,0.05,1e-05,,True,a -> r1 -> r2 -> b,3,True,,,,0.579037121689113,2,0.000808,SATISFIED,True,22,0.579037121689113,0.579037121689113,0.0,6.009657,False,,533,179,114,76,0,0,0.06015637501,cb43d18c4387c25e1da302395b2548640582709aa5f49e1fbb8c78d6dfe6abc8,False,,,,False,,50895c1a8f3c0da60ba692fe485101f0340fa6ed,1f2680a5b9065e708a7497adc53a95b108029b98,3.13.14,2.5.1,"{""pydantic"": ""2.13.4"", ""yaml"": ""6.0.3"", ""networkx"": ""3.6.1"", ""numpy"": ""2.5.1"", ""scipy"": ""1.18.0"", ""matplotlib"": ""3.11.0"", ""pandas"": ""3.0.3"", ""qutip"": ""5.3.0"", ""stim"": ""1.16.0"", ""gmpy2"": ""2.3.1"", ""nbformat"": ""5.10.4"", ""nbclient"": ""0.11.0""}",Windows,11,Gercom,2026-07-19T18:26:04.019083+00:00
P11_boundary_search,P11_boundary_search:four_node:9426a507ecd2cb85:L2:107:m10-intent:0,four_node,9426a507ecd2cb85,107,m10-intent,L2,iterative_analytical,0,10,10,0.57,0.05,1e-05,,True,a -> r1 -> r2 -> b,3,True,,,,0.579037121689113,2,0.000846,SATISFIED,True,20,0.579037121689113,0.579037121689113,0.0,6.06517,False,,540,178,110,71,0,0,0.06019883751,63ea3f6faef0bae60e4a59cdc702a8d41f66a745072d20454d299ccb4e8d6d1c,False,,,,False,,50895c1a8f3c0da60ba692fe485101f0340fa6ed,1f2680a5b9065e708a7497adc53a95b108029b98,3.13.14,2.5.1,"{""pydantic"": ""2.13.4"", ""yaml"": ""6.0.3"", ""networkx"": ""3.6.1"", ""numpy"": ""2.5.1"", ""scipy"": ""1.18.0"", ""matplotlib"": ""3.11.0"", ""pandas"": ""3.0.3"", ""qutip"": ""5.3.0"", ""stim"": ""1.16.0"", ""gmpy2"": ""2.3.1"", ""nbformat"": ""5.10.4"", ""nbclient"": ""0.11.0""}",Windows,11,Gercom,2026-07-19T18:26:18.463614+00:00
P11_boundary_search,P11_boundary_search:four_node:0469d59b2635bfa8:L2:100:m10-intent:0,four_node,0469d59b2635bfa8,100,m10-intent,L2,iterative_analytical,0,10,10,0.58,0.05,1e-05,,True,a -> r1 -> r2 -> b,3,True,,,,0.5953582110868845,3,0.000849,SATISFIED,True,11,0.5953582110868845,0.5953582110868845,0.0,5.600825,False,,461,171,118,80,0,0,0.06017380001,f61b57b8d733b3d5ae047352bd9a50df721bd85112b1d18a07847eb4a121d6b2,False,,,,False,,50895c1a8f3c0da60ba692fe485101f0340fa6ed,1f2680a5b9065e708a7497adc53a95b108029b98,3.13.14,2.5.1,"{""pydantic"": ""2.13.4"", ""yaml"": ""6.0.3"", ""networkx"": ""3.6.1"", ""numpy"": ""2.5.1"", ""scipy"": ""1.18.0"", ""matplotlib"": ""3.11.0"", ""pandas"": ""3.0.3"", ""qutip"": ""5.3.0"", ""stim"": ""1.16.0"", ""gmpy2"": ""2.3.1"", ""nbformat"": ""5.10.4"", ""nbclient"": ""0.11.0""}",Windows,11,Gercom,2026-07-19T18:26:32.227400+00:00
P11_boundary_search,P11_boundary_search:four_node:0469d59b2635bfa8:L2:101:m10-intent:0,four_node,0469d59b2635bfa8,101,m10-intent,L2,iterative_analytical,0,10,10,0.58,0.05,1e-05,,True,a -> r1 -> r2 -> b,3,True,,,,0.5953582110868845,3,0.000836,SATISFIED,True,12,0.5953582110868845,0.5953582110868845,0.0,5.895749,False,,510,170,123,95,0,0,0.06019881251,72b6295e6e9097a9c82c8c4746e011028c759708c8e7754372bdc5b925b37f72,False,,,,False,,50895c1a8f3c0da60ba692fe485101f0340fa6ed,1f2680a5b9065e708a7497adc53a95b108029b98,3.13.14,2.5.1,"{""pydantic"": ""2.13.4"", ""yaml"": ""6.0.3"", ""networkx"": ""3.6.1"", ""numpy"": ""2.5.1"", ""scipy"": ""1.18.0"", ""matplotlib"": ""3.11.0"", ""pandas"": ""3.0.3"", ""qutip"": ""5.3.0"", ""stim"": ""1.16.0"", ""gmpy2"": ""2.3.1"", ""nbformat"": ""5.10.4"", ""nbclient"": ""0.11.0""}",Windows,11,Gercom,2026-07-19T18:26:46.411038+00:00
P11_boundary_search,P11_boundary_search:four_node:0469d59b2635bfa8:L2:102:m10-intent:0,four_node,0469d59b2635bfa8,102,m10-intent,L2,iterative_analytical,0,10,10,0.58,0.05,1e-05,,True,a -> r1 -> r2 -> b,3,True,,,,0.5953582110868845,3,0.000857,SATISFIED,True,11,0.5953582110868845,0.5953582110868845,0.0,6.53865,False,,490,166,122,91,0,0,0.06018878751,a37d6d376fa6edc8090824df9229edcd3abc310dfca1accc055da0da8e73c05f,False,,,,False,,50895c1a8f3c0da60ba692fe485101f0340fa6ed,1f2680a5b9065e708a7497adc53a95b108029b98,3.13.14,2.5.1,"{""pydantic"": ""2.13.4"", ""yaml"": ""6.0.3"", ""networkx"": ""3.6.1"", ""numpy"": ""2.5.1"", ""scipy"": ""1.18.0"", ""matplotlib"": ""3.11.0"", ""pandas"": ""3.0.3"", ""qutip"": ""5.3.0"", ""stim"": ""1.16.0"", ""gmpy2"": ""2.3.1"", ""nbformat"": ""5.10.4"", ""nbclient"": ""0.11.0""}",Windows,11,Gercom,2026-07-19T18:27:01.105599+00:00
P11_boundary_search,P11_boundary_search:four_node:0469d59b2635bfa8:L2:103:m10-intent:0,four_node,0469d59b2635bfa8,103,m10-intent,L2,iterative_analytical,0,10,10,0.58,0.05,1e-05,,True,a -> r1 -> r2 -> b,3,True,,,,0.5953582110868845,3,0.00089,SATISFIED,True,10,0.5953582110868845,0.5953582110868845,0.0,6.9583,False,,464,167,116,81,0,0,0.06018872501,c191afc8a15e38257fa8d6bc2c524696c6382bf0dcd9145721643340cce518c3,False,,,,False,,50895c1a8f3c0da60ba692fe485101f0340fa6ed,1f2680a5b9065e708a7497adc53a95b108029b98,3.13.14,2.5.1,"{""pydantic"": ""2.13.4"", ""yaml"": ""6.0.3"", ""networkx"": ""3.6.1"", ""numpy"": ""2.5.1"", ""scipy"": ""1.18.0"", ""matplotlib"": ""3.11.0"", ""pandas"": ""3.0.3"", ""qutip"": ""5.3.0"", ""stim"": ""1.16.0"", ""gmpy2"": ""2.3.1"", ""nbformat"": ""5.10.4"", ""nbclient"": ""0.11.0""}",Windows,11,Gercom,2026-07-19T18:27:15.952876+00:00
P11_boundary_search,P11_boundary_search:four_node:0469d59b2635bfa8:L2:104:m10-intent:0,four_node,0469d59b2635bfa8,104,m10-intent,L2,iterative_analytical,0,10,10,0.58,0.05,1e-05,,True,a -> r1 -> r2 -> b,3,True,,,,0.5953582110868845,3,0.001388,VIOLATED,False,8,0.5953582110868845,0.5953582110868845,0.0,7.857777,False,,509,163,108,69,0,0,0.06019888751,0cd4cd2f022d03e3000cd62490043848823a50121e57d2476f3351302fdb49cb,False,,,,False,,50895c1a8f3c0da60ba692fe485101f0340fa6ed,1f2680a5b9065e708a7497adc53a95b108029b98,3.13.14,2.5.1,"{""pydantic"": ""2.13.4"", ""yaml"": ""6.0.3"", ""networkx"": ""3.6.1"", ""numpy"": ""2.5.1"", ""scipy"": ""1.18.0"", ""matplotlib"": ""3.11.0"", ""pandas"": ""3.0.3"", ""qutip"": ""5.3.0"", ""stim"": ""1.16.0"", ""gmpy2"": ""2.3.1"", ""nbformat"": ""5.10.4"", ""nbclient"": ""0.11.0""}",Windows,11,Gercom,2026-07-19T18:27:32.611489+00:00
P11_boundary_search,P11_boundary_search:four_node:0469d59b2635bfa8:L2:105:m10-intent:0,four_node,0469d59b2635bfa8,105,m10-intent,L2,iterative_analytical,0,10,10,0.58,0.05,1e-05,,True,a -> r1 -> r2 -> b,3,True,,,,0.5953582110868845,3,0.000874,VIOLATED,False,9,0.5953582110868845,0.5953582110868845,0.0,7.390075,False,,476,172,116,75,0,0,0.06018875001,a541c4b14e8c3e30b020d82eeaadcf616b25f2f4b22315cca2f356e7cb199184,False,,,,False,,50895c1a8f3c0da60ba692fe485101f0340fa6ed,1f2680a5b9065e708a7497adc53a95b108029b98,3.13.14,2.5.1,"{""pydantic"": ""2.13.4"", ""yaml"": ""6.0.3"", ""networkx"": ""3.6.1"", ""numpy"": ""2.5.1"", ""scipy"": ""1.18.0"", ""matplotlib"": ""3.11.0"", ""pandas"": ""3.0.3"", ""qutip"": ""5.3.0"", ""stim"": ""1.16.0"", ""gmpy2"": ""2.3.1"", ""nbformat"": ""5.10.4"", ""nbclient"": ""0.11.0""}",Windows,11,Gercom,2026-07-19T18:27:48.338760+00:00
P11_boundary_search,P11_boundary_search:four_node:0469d59b2635bfa8:L2:106:m10-intent:0,four_node,0469d59b2635bfa8,106,m10-intent,L2,iterative_analytical,0,10,10,0.58,0.05,1e-05,,True,a -> r1 -> r2 -> b,3,True,,,,0.5953582110868845,3,0.000855,SATISFIED,True,10,0.5953582110868845,0.5953582110868845,0.0,6.961089,False,,440,169,119,84,0,0,0.06019381251,db66f5634193a648d0ee7368a5ca1ddf87050ad037271210e0989ca48a4cc7f2,False,,,,False,,50895c1a8f3c0da60ba692fe485101f0340fa6ed,1f2680a5b9065e708a7497adc53a95b108029b98,3.13.14,2.5.1,"{""pydantic"": ""2.13.4"", ""yaml"": ""6.0.3"", ""networkx"": ""3.6.1"", ""numpy"": ""2.5.1"", ""scipy"": ""1.18.0"", ""matplotlib"": ""3.11.0"", ""pandas"": ""3.0.3"", ""qutip"": ""5.3.0"", ""stim"": ""1.16.0"", ""gmpy2"": ""2.3.1"", ""nbformat"": ""5.10.4"", ""nbclient"": ""0.11.0""}",Windows,11,Gercom,2026-07-19T18:28:03.380853+00:00
P11_boundary_search,P11_boundary_search:four_node:0469d59b2635bfa8:L2:107:m10-intent:0,four_node,0469d59b2635bfa8,107,m10-intent,L2,iterative_analytical,0,10,10,0.58,0.05,1e-05,,True,a -> r1 -> r2 -> b,3,True,,,,0.5953582110868845,3,0.000879,VIOLATED,False,7,0.5953582110868846,0.5953582110868846,1.1102230246251565e-16,8.049936,False,,524,162,105,60,0,0,0.06017873751,52258bbb8790da4bebac42e1918d4c15a9e640e75ae441d4b721257128bbbbbe,False,,,,False,,50895c1a8f3c0da60ba692fe485101f0340fa6ed,1f2680a5b9065e708a7497adc53a95b108029b98,3.13.14,2.5.1,"{""pydantic"": ""2.13.4"", ""yaml"": ""6.0.3"", ""networkx"": ""3.6.1"", ""numpy"": ""2.5.1"", ""scipy"": ""1.18.0"", ""matplotlib"": ""3.11.0"", ""pandas"": ""3.0.3"", ""qutip"": ""5.3.0"", ""stim"": ""1.16.0"", ""gmpy2"": ""2.3.1"", ""nbformat"": ""5.10.4"", ""nbclient"": ""0.11.0""}",Windows,11,Gercom,2026-07-19T18:28:19.739741+00:00
P11_boundary_search,P11_boundary_search:four_node:2d8ccc7346e412a3:L2:100:m10-intent:0,four_node,2d8ccc7346e412a3,100,m10-intent,L2,iterative_analytical,0,10,10,0.6,0.05,1e-05,,True,a -> r1 -> r2 -> b,3,True,,,,0.6149042727679952,4,0.001553,VIOLATED,False,5,0.6149042727679952,0.6149042727679952,0.0,7.818165,False,,455,163,116,81,0,0,0.06016878751,fc37615c30940604a34f3f8911e64c0ba34a312c5664b34185988d8a2a9aa51b,False,,,,False,,50895c1a8f3c0da60ba692fe485101f0340fa6ed,1f2680a5b9065e708a7497adc53a95b108029b98,3.13.14,2.5.1,"{""pydantic"": ""2.13.4"", ""yaml"": ""6.0.3"", ""networkx"": ""3.6.1"", ""numpy"": ""2.5.1"", ""scipy"": ""1.18.0"", ""matplotlib"": ""3.11.0"", ""pandas"": ""3.0.3"", ""qutip"": ""5.3.0"", ""stim"": ""1.16.0"", ""gmpy2"": ""2.3.1"", ""nbformat"": ""5.10.4"", ""nbclient"": ""0.11.0""}",Windows,11,Gercom,2026-07-19T18:28:37.286815+00:00
P11_boundary_search,P11_boundary_search:four_node:2d8ccc7346e412a3:L2:101:m10-intent:0,four_node,2d8ccc7346e412a3,101,m10-intent,L2,iterative_analytical,0,10,10,0.6,0.05,1e-05,,True,a -> r1 -> r2 -> b,3,True,,,,0.6149042727679952,4,0.001438,VIOLATED,False,5,0.6149042727679952,0.6149042727679952,0.0,7.779731,False,,477,161,116,83,0,0,0.06017880001,79cecc9c85ff0f91ad9fc205f8b5c44c220ae12fefe738744c8a9ae4de4ce96a,False,,,,False,,50895c1a8f3c0da60ba692fe485101f0340fa6ed,1f2680a5b9065e708a7497adc53a95b108029b98,3.13.14,2.5.1,"{""pydantic"": ""2.13.4"", ""yaml"": ""6.0.3"", ""networkx"": ""3.6.1"", ""numpy"": ""2.5.1"", ""scipy"": ""1.18.0"", ""matplotlib"": ""3.11.0"", ""pandas"": ""3.0.3"", ""qutip"": ""5.3.0"", ""stim"": ""1.16.0"", ""gmpy2"": ""2.3.1"", ""nbformat"": ""5.10.4"", ""nbclient"": ""0.11.0""}",Windows,11,Gercom,2026-07-19T18:28:54.512542+00:00
P11_boundary_search,P11_boundary_search:four_node:2d8ccc7346e412a3:L2:102:m10-intent:0,four_node,2d8ccc7346e412a3,102,m10-intent,L2,iterative_analytical,0,10,10,0.6,0.05,1e-05,,True,a -> r1 -> r2 -> b,3,True,,,,0.6149042727679952,4,0.000879,VIOLATED,False,4,0.6149042727679952,0.6149042727679952,0.0,7.585244,False,,465,159,112,73,0,0,0.06019385001,128cb3c41af70e33e5565cbd99aabb361767a123dc2b343df884da41a9279bcf,False,,,,False,,50895c1a8f3c0da60ba692fe485101f0340fa6ed,1f2680a5b9065e708a7497adc53a95b108029b98,3.13.14,2.5.1,"{""pydantic"": ""2.13.4"", ""yaml"": ""6.0.3"", ""networkx"": ""3.6.1"", ""numpy"": ""2.5.1"", ""scipy"": ""1.18.0"", ""matplotlib"": ""3.11.0"", ""pandas"": ""3.0.3"", ""qutip"": ""5.3.0"", ""stim"": ""1.16.0"", ""gmpy2"": ""2.3.1"", ""nbformat"": ""5.10.4"", ""nbclient"": ""0.11.0""}",Windows,11,Gercom,2026-07-19T18:29:11.509907+00:00
P11_boundary_search,P11_boundary_search:four_node:2d8ccc7346e412a3:L2:103:m10-intent:0,four_node,2d8ccc7346e412a3,103,m10-intent,L2,iterative_analytical,0,10,10,0.6,0.05,1e-05,,True,a -> r1 -> r2 -> b,3,True,,,,0.6149042727679952,4,0.001415,VIOLATED,False,3,0.6149042727679952,0.6149042727679952,0.0,6.708669,False,,471,150,103,66,0,0,0.06016136251,6cf89b112151a74024fae7a7715781cfc3f25cc56a688ddd2f75bb8f6f381567,False,,,,False,,50895c1a8f3c0da60ba692fe485101f0340fa6ed,1f2680a5b9065e708a7497adc53a95b108029b98,3.13.14,2.5.1,"{""pydantic"": ""2.13.4"", ""yaml"": ""6.0.3"", ""networkx"": ""3.6.1"", ""numpy"": ""2.5.1"", ""scipy"": ""1.18.0"", ""matplotlib"": ""3.11.0"", ""pandas"": ""3.0.3"", ""qutip"": ""5.3.0"", ""stim"": ""1.16.0"", ""gmpy2"": ""2.3.1"", ""nbformat"": ""5.10.4"", ""nbclient"": ""0.11.0""}",Windows,11,Gercom,2026-07-19T18:29:27.473797+00:00
P11_boundary_search,P11_boundary_search:four_node:2d8ccc7346e412a3:L2:104:m10-intent:0,four_node,2d8ccc7346e412a3,104,m10-intent,L2,iterative_analytical,0,10,10,0.6,0.05,1e-05,,True,a -> r1 -> r2 -> b,3,True,,,,0.6149042727679952,4,0.001451,VIOLATED,False,5,0.6149042727679952,0.6149042727679952,0.0,7.015168,False,,458,167,123,89,0,0,0.06017876251,81c31413f917f5708f9f9938d571c77ee0a467d208f08e4f1b6ab29a3933283e,False,,,,False,,50895c1a8f3c0da60ba692fe485101f0340fa6ed,1f2680a5b9065e708a7497adc53a95b108029b98,3.13.14,2.5.1,"{""pydantic"": ""2.13.4"", ""yaml"": ""6.0.3"", ""networkx"": ""3.6.1"", ""numpy"": ""2.5.1"", ""scipy"": ""1.18.0"", ""matplotlib"": ""3.11.0"", ""pandas"": ""3.0.3"", ""qutip"": ""5.3.0"", ""stim"": ""1.16.0"", ""gmpy2"": ""2.3.1"", ""nbformat"": ""5.10.4"", ""nbclient"": ""0.11.0""}",Windows,11,Gercom,2026-07-19T18:29:43.533124+00:00
P11_boundary_search,P11_boundary_search:four_node:2d8ccc7346e412a3:L2:105:m10-intent:0,four_node,2d8ccc7346e412a3,105,m10-intent,L2,iterative_analytical,0,10,10,0.6,0.05,1e-05,,True,a -> r1 -> r2 -> b,3,True,,,,0.6149042727679952,4,0.001383,VIOLATED,False,4,0.6149042727679952,0.6149042727679952,0.0,6.593879,False,,431,159,110,71,0,0,0.06017367501,c0c7ec239525cd33b29a7fcc95a9dca4096fbfff27baff3011620bec9c19293c,False,,,,False,,50895c1a8f3c0da60ba692fe485101f0340fa6ed,1f2680a5b9065e708a7497adc53a95b108029b98,3.13.14,2.5.1,"{""pydantic"": ""2.13.4"", ""yaml"": ""6.0.3"", ""networkx"": ""3.6.1"", ""numpy"": ""2.5.1"", ""scipy"": ""1.18.0"", ""matplotlib"": ""3.11.0"", ""pandas"": ""3.0.3"", ""qutip"": ""5.3.0"", ""stim"": ""1.16.0"", ""gmpy2"": ""2.3.1"", ""nbformat"": ""5.10.4"", ""nbclient"": ""0.11.0""}",Windows,11,Gercom,2026-07-19T18:29:59.730885+00:00
P11_boundary_search,P11_boundary_search:four_node:2d8ccc7346e412a3:L2:106:m10-intent:0,four_node,2d8ccc7346e412a3,106,m10-intent,L2,iterative_analytical,0,10,10,0.6,0.05,1e-05,,True,a -> r1 -> r2 -> b,3,True,,,,0.6149042727679952,4,0.00141,VIOLATED,False,5,0.6149042727679952,0.6149042727679952,0.0,6.382457,False,,416,161,118,83,0,0,0.06015858751,7edffa8f26f81c1ab20eb4eb8c37a89dbdd211b0bf213baca5d042400a00aef5,False,,,,False,,50895c1a8f3c0da60ba692fe485101f0340fa6ed,1f2680a5b9065e708a7497adc53a95b108029b98,3.13.14,2.5.1,"{""pydantic"": ""2.13.4"", ""yaml"": ""6.0.3"", ""networkx"": ""3.6.1"", ""numpy"": ""2.5.1"", ""scipy"": ""1.18.0"", ""matplotlib"": ""3.11.0"", ""pandas"": ""3.0.3"", ""qutip"": ""5.3.0"", ""stim"": ""1.16.0"", ""gmpy2"": ""2.3.1"", ""nbformat"": ""5.10.4"", ""nbclient"": ""0.11.0""}",Windows,11,Gercom,2026-07-19T18:30:15.725711+00:00
P11_boundary_search,P11_boundary_search:four_node:2d8ccc7346e412a3:L2:107:m10-intent:0,four_node,2d8ccc7346e412a3,107,m10-intent,L2,iterative_analytical,0,10,10,0.6,0.05,1e-05,,True,a -> r1 -> r2 -> b,3,True,,,,0.6149042727679952,4,0.001526,VIOLATED,False,4,0.6149042727679952,0.6149042727679952,0.0,6.705631,False,,501,152,107,72,0,0,0.06019885001,dbd34f59621c5e70e2816351467295e60c23a39c4904db67ccf100f6c016c865,False,,,,False,,50895c1a8f3c0da60ba692fe485101f0340fa6ed,1f2680a5b9065e708a7497adc53a95b108029b98,3.13.14,2.5.1,"{""pydantic"": ""2.13.4"", ""yaml"": ""6.0.3"", ""networkx"": ""3.6.1"", ""numpy"": ""2.5.1"", ""scipy"": ""1.18.0"", ""matplotlib"": ""3.11.0"", ""pandas"": ""3.0.3"", ""qutip"": ""5.3.0"", ""stim"": ""1.16.0"", ""gmpy2"": ""2.3.1"", ""nbformat"": ""5.10.4"", ""nbclient"": ""0.11.0""}",Windows,11,Gercom,2026-07-19T18:30:31.991556+00:00
P11_boundary_search,P11_boundary_search:four_node:d325fdf5652a592e:L2:100:m10-intent:0,four_node,d325fdf5652a592e,100,m10-intent,L2,iterative_analytical,0,10,10,0.63,0.05,1e-05,,True,a -> r1 -> r2 -> b,3,True,,,,0.6381150581585036,5,0.001347,VIOLATED,False,2,0.6381150581585036,0.6381150581585036,0.0,6.193495,False,,398,156,118,89,0,0,0.06019098751,46334c1fee85c8a58b8feecf24ef3d4d0252f18aa8f1bd13b92b4188283b4bf2,False,,,,False,,50895c1a8f3c0da60ba692fe485101f0340fa6ed,1f2680a5b9065e708a7497adc53a95b108029b98,3.13.14,2.5.1,"{""pydantic"": ""2.13.4"", ""yaml"": ""6.0.3"", ""networkx"": ""3.6.1"", ""numpy"": ""2.5.1"", ""scipy"": ""1.18.0"", ""matplotlib"": ""3.11.0"", ""pandas"": ""3.0.3"", ""qutip"": ""5.3.0"", ""stim"": ""1.16.0"", ""gmpy2"": ""2.3.1"", ""nbformat"": ""5.10.4"", ""nbclient"": ""0.11.0""}",Windows,11,Gercom,2026-07-19T18:30:47.496466+00:00
P11_boundary_search,P11_boundary_search:four_node:d325fdf5652a592e:L2:101:m10-intent:0,four_node,d325fdf5652a592e,101,m10-intent,L2,iterative_analytical,0,10,10,0.63,0.05,1e-05,,True,a -> r1 -> r2 -> b,3,True,,,,0.6381150581585036,5,0.000904,VIOLATED,False,2,0.6381150581585036,0.6381150581585036,0.0,6.489093,False,,464,150,110,78,0,0,0.06019385001,97dfced406841db1a95a6d96398074dcc0897f23dafeb5bc27e22f963abf9dc2,False,,,,False,,50895c1a8f3c0da60ba692fe485101f0340fa6ed,1f2680a5b9065e708a7497adc53a95b108029b98,3.13.14,2.5.1,"{""pydantic"": ""2.13.4"", ""yaml"": ""6.0.3"", ""networkx"": ""3.6.1"", ""numpy"": ""2.5.1"", ""scipy"": ""1.18.0"", ""matplotlib"": ""3.11.0"", ""pandas"": ""3.0.3"", ""qutip"": ""5.3.0"", ""stim"": ""1.16.0"", ""gmpy2"": ""2.3.1"", ""nbformat"": ""5.10.4"", ""nbclient"": ""0.11.0""}",Windows,11,Gercom,2026-07-19T18:31:02.656369+00:00
P11_boundary_search,P11_boundary_search:four_node:d325fdf5652a592e:L2:102:m10-intent:0,four_node,d325fdf5652a592e,102,m10-intent,L2,iterative_analytical,0,10,10,0.63,0.05,1e-05,,True,a -> r1 -> r2 -> b,3,True,,,,0.6381150581585036,5,0.001397,VIOLATED,False,2,0.6381150581585036,0.6381150581585036,0.0,6.969316,False,,447,159,116,81,0,0,0.06018372501,63425846a30a67774744b57ddb02390c9c8b0736f22e0b095a64daf0837c272c,False,,,,False,,50895c1a8f3c0da60ba692fe485101f0340fa6ed,1f2680a5b9065e708a7497adc53a95b108029b98,3.13.14,2.5.1,"{""pydantic"": ""2.13.4"", ""yaml"": ""6.0.3"", ""networkx"": ""3.6.1"", ""numpy"": ""2.5.1"", ""scipy"": ""1.18.0"", ""matplotlib"": ""3.11.0"", ""pandas"": ""3.0.3"", ""qutip"": ""5.3.0"", ""stim"": ""1.16.0"", ""gmpy2"": ""2.3.1"", ""nbformat"": ""5.10.4"", ""nbclient"": ""0.11.0""}",Windows,11,Gercom,2026-07-19T18:31:18.523392+00:00
P11_boundary_search,P11_boundary_search:four_node:d325fdf5652a592e:L2:103:m10-intent:0,four_node,d325fdf5652a592e,103,m10-intent,L2,iterative_analytical,0,10,10,0.63,0.05,1e-05,,True,a -> r1 -> r2 -> b,3,True,,,,0.6381150581585036,5,0.000936,VIOLATED,False,1,0.6381150581585036,0.6381150581585036,0.0,6.74305,False,,435,145,102,65,0,0,0.06016366251,16d57d73dd628b8cb1bdbb0eb17b54a1ddb718a46d142bee04adffacd150a2bd,False,,,,False,,50895c1a8f3c0da60ba692fe485101f0340fa6ed,1f2680a5b9065e708a7497adc53a95b108029b98,3.13.14,2.5.1,"{""pydantic"": ""2.13.4"", ""yaml"": ""6.0.3"", ""networkx"": ""3.6.1"", ""numpy"": ""2.5.1"", ""scipy"": ""1.18.0"", ""matplotlib"": ""3.11.0"", ""pandas"": ""3.0.3"", ""qutip"": ""5.3.0"", ""stim"": ""1.16.0"", ""gmpy2"": ""2.3.1"", ""nbformat"": ""5.10.4"", ""nbclient"": ""0.11.0""}",Windows,11,Gercom,2026-07-19T18:31:33.941325+00:00
P11_boundary_search,P11_boundary_search:four_node:d325fdf5652a592e:L2:104:m10-intent:0,four_node,d325fdf5652a592e,104,m10-intent,L2,iterative_analytical,0,10,10,0.63,0.05,1e-05,,True,a -> r1 -> r2 -> b,3,True,,,,0.6381150581585036,5,0.000875,VIOLATED,False,2,0.6381150581585036,0.6381150581585036,0.0,6.518979,False,,409,152,117,91,0,0,0.06019383751,cc3c69e4a15992f4a05581ec6fe30496596f14bdaf85521ef03bdb26c8504816,False,,,,False,,50895c1a8f3c0da60ba692fe485101f0340fa6ed,1f2680a5b9065e708a7497adc53a95b108029b98,3.13.14,2.5.1,"{""pydantic"": ""2.13.4"", ""yaml"": ""6.0.3"", ""networkx"": ""3.6.1"", ""numpy"": ""2.5.1"", ""scipy"": ""1.18.0"", ""matplotlib"": ""3.11.0"", ""pandas"": ""3.0.3"", ""qutip"": ""5.3.0"", ""stim"": ""1.16.0"", ""gmpy2"": ""2.3.1"", ""nbformat"": ""5.10.4"", ""nbclient"": ""0.11.0""}",Windows,11,Gercom,2026-07-19T18:31:49.156696+00:00
P11_boundary_search,P11_boundary_search:four_node:d325fdf5652a592e:L2:105:m10-intent:0,four_node,d325fdf5652a592e,105,m10-intent,L2,iterative_analytical,0,10,10,0.63,0.05,1e-05,,True,a -> r1 -> r2 -> b,3,True,,,,0.6381150581585036,5,0.001326,VIOLATED,False,2,0.6381150581585036,0.6381150581585036,0.0,6.491386,False,,402,151,105,67,0,0,0.06017370001,0b035fec2ea20f339f57cb20b405deb951b9665ed2b839bdaa0535e1e1efda18,False,,,,False,,50895c1a8f3c0da60ba692fe485101f0340fa6ed,1f2680a5b9065e708a7497adc53a95b108029b98,3.13.14,2.5.1,"{""pydantic"": ""2.13.4"", ""yaml"": ""6.0.3"", ""networkx"": ""3.6.1"", ""numpy"": ""2.5.1"", ""scipy"": ""1.18.0"", ""matplotlib"": ""3.11.0"", ""pandas"": ""3.0.3"", ""qutip"": ""5.3.0"", ""stim"": ""1.16.0"", ""gmpy2"": ""2.3.1"", ""nbformat"": ""5.10.4"", ""nbclient"": ""0.11.0""}",Windows,11,Gercom,2026-07-19T18:32:03.659503+00:00
P11_boundary_search,P11_boundary_search:four_node:d325fdf5652a592e:L2:106:m10-intent:0,four_node,d325fdf5652a592e,106,m10-intent,L2,iterative_analytical,0,10,10,0.63,0.05,1e-05,,True,a -> r1 -> r2 -> b,3,True,,,,0.6381150581585036,5,0.000874,VIOLATED,False,2,0.6381150581585036,0.6381150581585036,0.0,6.098999,False,,382,151,110,78,0,0,0.06018380001,8e5a61482f37a9984b92aaa4228b3b9e2df606c43dcac4c57aa303764b4c2bab,False,,,,False,,50895c1a8f3c0da60ba692fe485101f0340fa6ed,1f2680a5b9065e708a7497adc53a95b108029b98,3.13.14,2.5.1,"{""pydantic"": ""2.13.4"", ""yaml"": ""6.0.3"", ""networkx"": ""3.6.1"", ""numpy"": ""2.5.1"", ""scipy"": ""1.18.0"", ""matplotlib"": ""3.11.0"", ""pandas"": ""3.0.3"", ""qutip"": ""5.3.0"", ""stim"": ""1.16.0"", ""gmpy2"": ""2.3.1"", ""nbformat"": ""5.10.4"", ""nbclient"": ""0.11.0""}",Windows,11,Gercom,2026-07-19T18:32:18.126723+00:00
P11_boundary_search,P11_boundary_search:four_node:d325fdf5652a592e:L2:107:m10-intent:0,four_node,d325fdf5652a592e,107,m10-intent,L2,iterative_analytical,0,10,10,0.63,0.05,1e-05,,True,a -> r1 -> r2 -> b,3,True,,,,0.6381150581585036,5,0.001537,VIOLATED,False,2,0.6381150581585036,0.6381150581585036,0.0,6.429154,False,,447,158,115,79,0,0,0.06019885001,3b5ce48ca053e53dda00544118f44e552b34f6e16e815afed9cd23d0192782e8,False,,,,False,,50895c1a8f3c0da60ba692fe485101f0340fa6ed,1f2680a5b9065e708a7497adc53a95b108029b98,3.13.14,2.5.1,"{""pydantic"": ""2.13.4"", ""yaml"": ""6.0.3"", ""networkx"": ""3.6.1"", ""numpy"": ""2.5.1"", ""scipy"": ""1.18.0"", ""matplotlib"": ""3.11.0"", ""pandas"": ""3.0.3"", ""qutip"": ""5.3.0"", ""stim"": ""1.16.0"", ""gmpy2"": ""2.3.1"", ""nbformat"": ""5.10.4"", ""nbclient"": ""0.11.0""}",Windows,11,Gercom,2026-07-19T18:32:32.450601+00:00
P11_boundary_search,P11_boundary_search:four_node:c6e11d864e8d77af:L2:100:m10-intent:0,four_node,c6e11d864e8d77af,100,m10-intent,L2,iterative_analytical,0,10,10,0.66,0.05,1e-05,,True,a -> r1 -> r2 -> b,3,True,,,,0.6653170884826755,6,0.000897,VIOLATED,False,1,0.6653170884826755,0.6653170884826755,0.0,6.239473,False,,409,149,109,76,0,0,0.06018373751,ccf014d175d213e592adac160846491f87200f2a8e516b7dab1d2d7f93c0d338,False,,,,False,,50895c1a8f3c0da60ba692fe485101f0340fa6ed,1f2680a5b9065e708a7497adc53a95b108029b98,3.13.14,2.5.1,"{""pydantic"": ""2.13.4"", ""yaml"": ""6.0.3"", ""networkx"": ""3.6.1"", ""numpy"": ""2.5.1"", ""scipy"": ""1.18.0"", ""matplotlib"": ""3.11.0"", ""pandas"": ""3.0.3"", ""qutip"": ""5.3.0"", ""stim"": ""1.16.0"", ""gmpy2"": ""2.3.1"", ""nbformat"": ""5.10.4"", ""nbclient"": ""0.11.0""}",Windows,11,Gercom,2026-07-19T18:32:46.443571+00:00
P11_boundary_search,P11_boundary_search:four_node:c6e11d864e8d77af:L2:101:m10-intent:0,four_node,c6e11d864e8d77af,101,m10-intent,L2,iterative_analytical,0,10,10,0.66,0.05,1e-05,,True,a -> r1 -> r2 -> b,3,True,,,,0.6653170884826755,6,0.001559,VIOLATED,False,1,0.6653170884826755,0.6653170884826755,0.0,6.793834,False,,417,139,106,82,0,0,0.06019603751,a13914fff63d0af4f68f3176673a1fc93c78d896a1cc2574fd8429a1c7b70e8d,False,,,,False,,50895c1a8f3c0da60ba692fe485101f0340fa6ed,1f2680a5b9065e708a7497adc53a95b108029b98,3.13.14,2.5.1,"{""pydantic"": ""2.13.4"", ""yaml"": ""6.0.3"", ""networkx"": ""3.6.1"", ""numpy"": ""2.5.1"", ""scipy"": ""1.18.0"", ""matplotlib"": ""3.11.0"", ""pandas"": ""3.0.3"", ""qutip"": ""5.3.0"", ""stim"": ""1.16.0"", ""gmpy2"": ""2.3.1"", ""nbformat"": ""5.10.4"", ""nbclient"": ""0.11.0""}",Windows,11,Gercom,2026-07-19T18:33:02.567631+00:00
P11_boundary_search,P11_boundary_search:four_node:c6e11d864e8d77af:L2:102:m10-intent:0,four_node,c6e11d864e8d77af,102,m10-intent,L2,iterative_analytical,0,10,10,0.66,0.05,1e-05,,True,a -> r1 -> r2 -> b,3,True,,,,0.6653170884826755,6,0.000884,VIOLATED,False,1,0.6653170884826755,0.6653170884826755,0.0,7.59593,False,,380,153,116,86,0,0,0.06015860001,6590aa7671b22ca5a44c60f3014d5ae1f3c5ddbf9b2effc2ee9e2f1f3056e63a,False,,,,False,,50895c1a8f3c0da60ba692fe485101f0340fa6ed,1f2680a5b9065e708a7497adc53a95b108029b98,3.13.14,2.5.1,"{""pydantic"": ""2.13.4"", ""yaml"": ""6.0.3"", ""networkx"": ""3.6.1"", ""numpy"": ""2.5.1"", ""scipy"": ""1.18.0"", ""matplotlib"": ""3.11.0"", ""pandas"": ""3.0.3"", ""qutip"": ""5.3.0"", ""stim"": ""1.16.0"", ""gmpy2"": ""2.3.1"", ""nbformat"": ""5.10.4"", ""nbclient"": ""0.11.0""}",Windows,11,Gercom,2026-07-19T18:33:19.165815+00:00
P11_boundary_search,P11_boundary_search:four_node:c6e11d864e8d77af:L2:103:m10-intent:0,four_node,c6e11d864e8d77af,103,m10-intent,L2,iterative_analytical,0,10,10,0.66,0.05,1e-05,,True,a -> r1 -> r2 -> b,3,True,,,,0.6653170884826755,6,0.000886,VIOLATED,False,0,,,,7.375888,False,,398,141,95,58,0,0,0.06018877501,b306d76ced6610918b710ba6c0a9c753f82623933a6079d15055f8d26bb1e4d0,False,,,,False,,50895c1a8f3c0da60ba692fe485101f0340fa6ed,1f2680a5b9065e708a7497adc53a95b108029b98,3.13.14,2.5.1,"{""pydantic"": ""2.13.4"", ""yaml"": ""6.0.3"", ""networkx"": ""3.6.1"", ""numpy"": ""2.5.1"", ""scipy"": ""1.18.0"", ""matplotlib"": ""3.11.0"", ""pandas"": ""3.0.3"", ""qutip"": ""5.3.0"", ""stim"": ""1.16.0"", ""gmpy2"": ""2.3.1"", ""nbformat"": ""5.10.4"", ""nbclient"": ""0.11.0""}",Windows,11,Gercom,2026-07-19T18:33:35.484229+00:00
P11_boundary_search,P11_boundary_search:four_node:c6e11d864e8d77af:L2:104:m10-intent:0,four_node,c6e11d864e8d77af,104,m10-intent,L2,iterative_analytical,0,10,10,0.66,0.05,1e-05,,True,a -> r1 -> r2 -> b,3,True,,,,0.6653170884826755,6,0.00091,VIOLATED,False,1,0.6653170884826755,0.6653170884826755,0.0,7.616621,False,,395,150,117,91,0,0,0.06019605001,8c84cfe86f5f4d59ec61857a534bf848056727be894c62c4e9b173388259ad31,False,,,,False,,50895c1a8f3c0da60ba692fe485101f0340fa6ed,1f2680a5b9065e708a7497adc53a95b108029b98,3.13.14,2.5.1,"{""pydantic"": ""2.13.4"", ""yaml"": ""6.0.3"", ""networkx"": ""3.6.1"", ""numpy"": ""2.5.1"", ""scipy"": ""1.18.0"", ""matplotlib"": ""3.11.0"", ""pandas"": ""3.0.3"", ""qutip"": ""5.3.0"", ""stim"": ""1.16.0"", ""gmpy2"": ""2.3.1"", ""nbformat"": ""5.10.4"", ""nbclient"": ""0.11.0""}",Windows,11,Gercom,2026-07-19T18:33:52.230553+00:00
P11_boundary_search,P11_boundary_search:four_node:c6e11d864e8d77af:L2:105:m10-intent:0,four_node,c6e11d864e8d77af,105,m10-intent,L2,iterative_analytical,0,10,10,0.66,0.05,1e-05,,True,a -> r1 -> r2 -> b,3,True,,,,0.6653170884826755,6,0.001073,VIOLATED,False,0,,,,7.599989,False,,366,140,97,61,0,0,0.06019101251,e648a6369566ed464065857fd3047fbf74df6db78a62e814c301f4074ea6a422,False,,,,False,,50895c1a8f3c0da60ba692fe485101f0340fa6ed,1f2680a5b9065e708a7497adc53a95b108029b98,3.13.14,2.5.1,"{""pydantic"": ""2.13.4"", ""yaml"": ""6.0.3"", ""networkx"": ""3.6.1"", ""numpy"": ""2.5.1"", ""scipy"": ""1.18.0"", ""matplotlib"": ""3.11.0"", ""pandas"": ""3.0.3"", ""qutip"": ""5.3.0"", ""stim"": ""1.16.0"", ""gmpy2"": ""2.3.1"", ""nbformat"": ""5.10.4"", ""nbclient"": ""0.11.0""}",Windows,11,Gercom,2026-07-19T18:34:09.085300+00:00
P11_boundary_search,P11_boundary_search:four_node:c6e11d864e8d77af:L2:106:m10-intent:0,four_node,c6e11d864e8d77af,106,m10-intent,L2,iterative_analytical,0,10,10,0.66,0.05,1e-05,,True,a -> r1 -> r2 -> b,3,True,,,,0.6653170884826755,6,0.000887,VIOLATED,False,1,0.6653170884826755,0.6653170884826755,0.0,5.64846,False,,368,136,101,72,0,0,0.06019610001,2ad7019634c6fe845589f40e41b111d5a936d19cdc080c1e6908a37310a344ae,False,,,,False,,50895c1a8f3c0da60ba692fe485101f0340fa6ed,1f2680a5b9065e708a7497adc53a95b108029b98,3.13.14,2.5.1,"{""pydantic"": ""2.13.4"", ""yaml"": ""6.0.3"", ""networkx"": ""3.6.1"", ""numpy"": ""2.5.1"", ""scipy"": ""1.18.0"", ""matplotlib"": ""3.11.0"", ""pandas"": ""3.0.3"", ""qutip"": ""5.3.0"", ""stim"": ""1.16.0"", ""gmpy2"": ""2.3.1"", ""nbformat"": ""5.10.4"", ""nbclient"": ""0.11.0""}",Windows,11,Gercom,2026-07-19T18:34:23.251879+00:00
P11_boundary_search,P11_boundary_search:four_node:c6e11d864e8d77af:L2:107:m10-intent:0,four_node,c6e11d864e8d77af,107,m10-intent,L2,iterative_analytical,0,10,10,0.66,0.05,1e-05,,True,a -> r1 -> r2 -> b,3,True,,,,0.6653170884826755,6,0.000888,VIOLATED,False,1,0.6653170884826755,0.6653170884826755,0.0,5.45296,False,,428,141,108,80,0,0,0.06017591251,65865fec959630a300511c33a126e57668311bddc453e4a1de0ac0ca31cc65d6,False,,,,False,,50895c1a8f3c0da60ba692fe485101f0340fa6ed,1f2680a5b9065e708a7497adc53a95b108029b98,3.13.14,2.5.1,"{""pydantic"": ""2.13.4"", ""yaml"": ""6.0.3"", ""networkx"": ""3.6.1"", ""numpy"": ""2.5.1"", ""scipy"": ""1.18.0"", ""matplotlib"": ""3.11.0"", ""pandas"": ""3.0.3"", ""qutip"": ""5.3.0"", ""stim"": ""1.16.0"", ""gmpy2"": ""2.3.1"", ""nbformat"": ""5.10.4"", ""nbclient"": ""0.11.0""}",Windows,11,Gercom,2026-07-19T18:34:36.936906+00:00
P11_boundary_search,P11_boundary_search:four_node:f5fe7f3624fb7039:L2:600:m10-intent:0,four_node,f5fe7f3624fb7039,600,m10-intent,L2,iterative_analytical,0,10,10,0.59,0.05,1e-05,,True,a -> r1 -> r2 -> b,3,True,,,,0.5953582110868845,3,0.001112,SATISFIED,True,11,0.5953582110868845,0.5953582110868845,0.0,7.399867,False,,468,167,117,84,0,0,0.06019383751,4dbc35995d8b1b36850a87da7580bb46c453c3163e0e3bfe57dee67153686b6c,False,,,,False,,50895c1a8f3c0da60ba692fe485101f0340fa6ed,1f2680a5b9065e708a7497adc53a95b108029b98,3.13.14,2.5.1,"{""pydantic"": ""2.13.4"", ""yaml"": ""6.0.3"", ""networkx"": ""3.6.1"", ""numpy"": ""2.5.1"", ""scipy"": ""1.18.0"", ""matplotlib"": ""3.11.0"", ""pandas"": ""3.0.3"", ""qutip"": ""5.3.0"", ""stim"": ""1.16.0"", ""gmpy2"": ""2.3.1"", ""nbformat"": ""5.10.4"", ""nbclient"": ""0.11.0""}",Windows,11,Gercom,2026-07-19T18:34:53.384512+00:00
P11_boundary_search,P11_boundary_search:four_node:f5fe7f3624fb7039:L2:601:m10-intent:0,four_node,f5fe7f3624fb7039,601,m10-intent,L2,iterative_analytical,0,10,10,0.59,0.05,1e-05,,True,a -> r1 -> r2 -> b,3,True,,,,0.5953582110868845,3,0.000985,SATISFIED,True,13,0.5953582110868845,0.5953582110868845,0.0,7.55144,False,,447,168,125,99,0,0,0.06018875001,e0e2e4155b030c62757725f75239ad59ea45c3d1a23881d9da08ae2ea361c127,False,,,,False,,50895c1a8f3c0da60ba692fe485101f0340fa6ed,1f2680a5b9065e708a7497adc53a95b108029b98,3.13.14,2.5.1,"{""pydantic"": ""2.13.4"", ""yaml"": ""6.0.3"", ""networkx"": ""3.6.1"", ""numpy"": ""2.5.1"", ""scipy"": ""1.18.0"", ""matplotlib"": ""3.11.0"", ""pandas"": ""3.0.3"", ""qutip"": ""5.3.0"", ""stim"": ""1.16.0"", ""gmpy2"": ""2.3.1"", ""nbformat"": ""5.10.4"", ""nbclient"": ""0.11.0""}",Windows,11,Gercom,2026-07-19T18:35:10.117894+00:00
P11_boundary_search,P11_boundary_search:four_node:f5fe7f3624fb7039:L2:602:m10-intent:0,four_node,f5fe7f3624fb7039,602,m10-intent,L2,iterative_analytical,0,10,10,0.59,0.05,1e-05,,True,a -> r1 -> r2 -> b,3,True,,,,0.5953582110868845,3,0.000903,VIOLATED,False,9,0.5953582110868845,0.5953582110868845,0.0,6.562929,False,,508,160,109,71,0,0,0.06019385001,cba077cc5a2d45ed33fa0f1ad53fe9ef00acef792457cc63bb4e670ed7a7f72a,False,,,,False,,50895c1a8f3c0da60ba692fe485101f0340fa6ed,1f2680a5b9065e708a7497adc53a95b108029b98,3.13.14,2.5.1,"{""pydantic"": ""2.13.4"", ""yaml"": ""6.0.3"", ""networkx"": ""3.6.1"", ""numpy"": ""2.5.1"", ""scipy"": ""1.18.0"", ""matplotlib"": ""3.11.0"", ""pandas"": ""3.0.3"", ""qutip"": ""5.3.0"", ""stim"": ""1.16.0"", ""gmpy2"": ""2.3.1"", ""nbformat"": ""5.10.4"", ""nbclient"": ""0.11.0""}",Windows,11,Gercom,2026-07-19T18:35:25.279781+00:00
P11_boundary_search,P11_boundary_search:four_node:f5fe7f3624fb7039:L2:603:m10-intent:0,four_node,f5fe7f3624fb7039,603,m10-intent,L2,iterative_analytical,0,10,10,0.59,0.05,1e-05,,True,a -> r1 -> r2 -> b,3,True,,,,0.5953582110868845,3,0.000919,VIOLATED,False,8,0.5953582110868845,0.5953582110868845,0.0,6.963457,False,,500,172,117,76,0,0,0.06018376251,9a376ff1646f0de64ac3d9f7fb37051d887ad306291972b2570ced0faf382d04,False,,,,False,,50895c1a8f3c0da60ba692fe485101f0340fa6ed,1f2680a5b9065e708a7497adc53a95b108029b98,3.13.14,2.5.1,"{""pydantic"": ""2.13.4"", ""yaml"": ""6.0.3"", ""networkx"": ""3.6.1"", ""numpy"": ""2.5.1"", ""scipy"": ""1.18.0"", ""matplotlib"": ""3.11.0"", ""pandas"": ""3.0.3"", ""qutip"": ""5.3.0"", ""stim"": ""1.16.0"", ""gmpy2"": ""2.3.1"", ""nbformat"": ""5.10.4"", ""nbclient"": ""0.11.0""}",Windows,11,Gercom,2026-07-19T18:35:40.605156+00:00
P11_boundary_search,P11_boundary_search:four_node:f5fe7f3624fb7039:L2:604:m10-intent:0,four_node,f5fe7f3624fb7039,604,m10-intent,L2,iterative_analytical,0,10,10,0.59,0.05,1e-05,,True,a -> r1 -> r2 -> b,3,True,,,,0.5953582110868845,3,0.000903,SATISFIED,True,12,0.5953582110868845,0.5953582110868845,0.0,7.329105,False,,512,176,124,91,0,0,0.06019887501,d13c2a1b84c24d8fbb787e2b358eefb83905c6f872d38dbd6a93a612a4b558c9,False,,,,False,,50895c1a8f3c0da60ba692fe485101f0340fa6ed,1f2680a5b9065e708a7497adc53a95b108029b98,3.13.14,2.5.1,"{""pydantic"": ""2.13.4"", ""yaml"": ""6.0.3"", ""networkx"": ""3.6.1"", ""numpy"": ""2.5.1"", ""scipy"": ""1.18.0"", ""matplotlib"": ""3.11.0"", ""pandas"": ""3.0.3"", ""qutip"": ""5.3.0"", ""stim"": ""1.16.0"", ""gmpy2"": ""2.3.1"", ""nbformat"": ""5.10.4"", ""nbclient"": ""0.11.0""}",Windows,11,Gercom,2026-07-19T18:35:56.728840+00:00
P11_boundary_search,P11_boundary_search:four_node:f5fe7f3624fb7039:L2:605:m10-intent:0,four_node,f5fe7f3624fb7039,605,m10-intent,L2,iterative_analytical,0,10,10,0.59,0.05,1e-05,,True,a -> r1 -> r2 -> b,3,True,,,,0.5953582110868845,3,0.001476,SATISFIED,True,10,0.5953582110868845,0.5953582110868845,0.0,6.966187,False,,488,162,114,81,0,0,0.06019890001,23154b8c484aa27c5f966412746dab60f5a2d42c2d9d0e75e16129b50e70ad9d,False,,,,False,,50895c1a8f3c0da60ba692fe485101f0340fa6ed,1f2680a5b9065e708a7497adc53a95b108029b98,3.13.14,2.5.1,"{""pydantic"": ""2.13.4"", ""yaml"": ""6.0.3"", ""networkx"": ""3.6.1"", ""numpy"": ""2.5.1"", ""scipy"": ""1.18.0"", ""matplotlib"": ""3.11.0"", ""pandas"": ""3.0.3"", ""qutip"": ""5.3.0"", ""stim"": ""1.16.0"", ""gmpy2"": ""2.3.1"", ""nbformat"": ""5.10.4"", ""nbclient"": ""0.11.0""}",Windows,11,Gercom,2026-07-19T18:36:12.632320+00:00
P11_boundary_search,P11_boundary_search:four_node:f5fe7f3624fb7039:L2:606:m10-intent:0,four_node,f5fe7f3624fb7039,606,m10-intent,L2,iterative_analytical,0,10,10,0.59,0.05,1e-05,,True,a -> r1 -> r2 -> b,3,True,,,,0.5953582110868845,3,0.00089,SATISFIED,True,10,0.5953582110868845,0.5953582110868845,0.0,6.64647,False,,494,169,117,81,0,0,0.06018377501,05d8771a7b4048e79b6c2a464ca15ddc4a7fd54956dd2edd7d3c46b4199b33ea,False,,,,False,,50895c1a8f3c0da60ba692fe485101f0340fa6ed,1f2680a5b9065e708a7497adc53a95b108029b98,3.13.14,2.5.1,"{""pydantic"": ""2.13.4"", ""yaml"": ""6.0.3"", ""networkx"": ""3.6.1"", ""numpy"": ""2.5.1"", ""scipy"": ""1.18.0"", ""matplotlib"": ""3.11.0"", ""pandas"": ""3.0.3"", ""qutip"": ""5.3.0"", ""stim"": ""1.16.0"", ""gmpy2"": ""2.3.1"", ""nbformat"": ""5.10.4"", ""nbclient"": ""0.11.0""}",Windows,11,Gercom,2026-07-19T18:36:28.202657+00:00
P11_boundary_search,P11_boundary_search:four_node:f5fe7f3624fb7039:L2:607:m10-intent:0,four_node,f5fe7f3624fb7039,607,m10-intent,L2,iterative_analytical,0,10,10,0.59,0.05,1e-05,,True,a -> r1 -> r2 -> b,3,True,,,,0.5953582110868845,3,0.001126,SATISFIED,True,10,0.5953582110868845,0.5953582110868845,0.0,7.773157,False,,498,166,114,77,0,0,0.06018371251,999671aea14a16bd657fa54af8f4ae975b93c420e8784752d5c2b747d05215eb,False,,,,False,,50895c1a8f3c0da60ba692fe485101f0340fa6ed,1f2680a5b9065e708a7497adc53a95b108029b98,3.13.14,2.5.1,"{""pydantic"": ""2.13.4"", ""yaml"": ""6.0.3"", ""networkx"": ""3.6.1"", ""numpy"": ""2.5.1"", ""scipy"": ""1.18.0"", ""matplotlib"": ""3.11.0"", ""pandas"": ""3.0.3"", ""qutip"": ""5.3.0"", ""stim"": ""1.16.0"", ""gmpy2"": ""2.3.1"", ""nbformat"": ""5.10.4"", ""nbclient"": ""0.11.0""}",Windows,11,Gercom,2026-07-19T18:36:45.203611+00:00
P11_boundary_search,P11_boundary_search:four_node:66c2a5bcafc71595:L2:600:m10-intent:0,four_node,66c2a5bcafc71595,600,m10-intent,L2,iterative_analytical,0,10,10,0.595,0.05,1e-05,,True,a -> r1 -> r2 -> b,3,True,,,,0.5953582110868845,3,0.000896,SATISFIED,True,11,0.5953582110868845,0.5953582110868845,0.0,7.972619,False,,468,167,117,84,0,0,0.06019383751,4dbc35995d8b1b36850a87da7580bb46c453c3163e0e3bfe57dee67153686b6c,False,,,,False,,50895c1a8f3c0da60ba692fe485101f0340fa6ed,1f2680a5b9065e708a7497adc53a95b108029b98,3.13.14,2.5.1,"{""pydantic"": ""2.13.4"", ""yaml"": ""6.0.3"", ""networkx"": ""3.6.1"", ""numpy"": ""2.5.1"", ""scipy"": ""1.18.0"", ""matplotlib"": ""3.11.0"", ""pandas"": ""3.0.3"", ""qutip"": ""5.3.0"", ""stim"": ""1.16.0"", ""gmpy2"": ""2.3.1"", ""nbformat"": ""5.10.4"", ""nbclient"": ""0.11.0""}",Windows,11,Gercom,2026-07-19T18:37:02.363747+00:00
P11_boundary_search,P11_boundary_search:four_node:66c2a5bcafc71595:L2:601:m10-intent:0,four_node,66c2a5bcafc71595,601,m10-intent,L2,iterative_analytical,0,10,10,0.595,0.05,1e-05,,True,a -> r1 -> r2 -> b,3,True,,,,0.5953582110868845,3,0.000931,SATISFIED,True,13,0.5953582110868845,0.5953582110868845,0.0,7.777874,False,,447,168,125,99,0,0,0.06018875001,e0e2e4155b030c62757725f75239ad59ea45c3d1a23881d9da08ae2ea361c127,False,,,,False,,50895c1a8f3c0da60ba692fe485101f0340fa6ed,1f2680a5b9065e708a7497adc53a95b108029b98,3.13.14,2.5.1,"{""pydantic"": ""2.13.4"", ""yaml"": ""6.0.3"", ""networkx"": ""3.6.1"", ""numpy"": ""2.5.1"", ""scipy"": ""1.18.0"", ""matplotlib"": ""3.11.0"", ""pandas"": ""3.0.3"", ""qutip"": ""5.3.0"", ""stim"": ""1.16.0"", ""gmpy2"": ""2.3.1"", ""nbformat"": ""5.10.4"", ""nbclient"": ""0.11.0""}",Windows,11,Gercom,2026-07-19T18:37:19.163426+00:00
P11_boundary_search,P11_boundary_search:four_node:66c2a5bcafc71595:L2:602:m10-intent:0,four_node,66c2a5bcafc71595,602,m10-intent,L2,iterative_analytical,0,10,10,0.595,0.05,1e-05,,True,a -> r1 -> r2 -> b,3,True,,,,0.5953582110868845,3,0.000903,VIOLATED,False,9,0.5953582110868845,0.5953582110868845,0.0,8.306487,False,,508,160,109,71,0,0,0.06019385001,cba077cc5a2d45ed33fa0f1ad53fe9ef00acef792457cc63bb4e670ed7a7f72a,False,,,,False,,50895c1a8f3c0da60ba692fe485101f0340fa6ed,1f2680a5b9065e708a7497adc53a95b108029b98,3.13.14,2.5.1,"{""pydantic"": ""2.13.4"", ""yaml"": ""6.0.3"", ""networkx"": ""3.6.1"", ""numpy"": ""2.5.1"", ""scipy"": ""1.18.0"", ""matplotlib"": ""3.11.0"", ""pandas"": ""3.0.3"", ""qutip"": ""5.3.0"", ""stim"": ""1.16.0"", ""gmpy2"": ""2.3.1"", ""nbformat"": ""5.10.4"", ""nbclient"": ""0.11.0""}",Windows,11,Gercom,2026-07-19T18:37:36.679994+00:00
P11_boundary_search,P11_boundary_search:four_node:66c2a5bcafc71595:L2:603:m10-intent:0,four_node,66c2a5bcafc71595,603,m10-intent,L2,iterative_analytical,0,10,10,0.595,0.05,1e-05,,True,a -> r1 -> r2 -> b,3,True,,,,0.5953582110868845,3,0.001413,VIOLATED,False,8,0.5953582110868845,0.5953582110868845,0.0,8.376695,False,,500,172,117,76,0,0,0.06018376251,9a376ff1646f0de64ac3d9f7fb37051d887ad306291972b2570ced0faf382d04,False,,,,False,,50895c1a8f3c0da60ba692fe485101f0340fa6ed,1f2680a5b9065e708a7497adc53a95b108029b98,3.13.14,2.5.1,"{""pydantic"": ""2.13.4"", ""yaml"": ""6.0.3"", ""networkx"": ""3.6.1"", ""numpy"": ""2.5.1"", ""scipy"": ""1.18.0"", ""matplotlib"": ""3.11.0"", ""pandas"": ""3.0.3"", ""qutip"": ""5.3.0"", ""stim"": ""1.16.0"", ""gmpy2"": ""2.3.1"", ""nbformat"": ""5.10.4"", ""nbclient"": ""0.11.0""}",Windows,11,Gercom,2026-07-19T18:37:54.031327+00:00
P11_boundary_search,P11_boundary_search:four_node:66c2a5bcafc71595:L2:604:m10-intent:0,four_node,66c2a5bcafc71595,604,m10-intent,L2,iterative_analytical,0,10,10,0.595,0.05,1e-05,,True,a -> r1 -> r2 -> b,3,True,,,,0.5953582110868845,3,0.001373,SATISFIED,True,12,0.5953582110868845,0.5953582110868845,0.0,7.641682,False,,512,176,124,91,0,0,0.06019887501,d13c2a1b84c24d8fbb787e2b358eefb83905c6f872d38dbd6a93a612a4b558c9,False,,,,False,,50895c1a8f3c0da60ba692fe485101f0340fa6ed,1f2680a5b9065e708a7497adc53a95b108029b98,3.13.14,2.5.1,"{""pydantic"": ""2.13.4"", ""yaml"": ""6.0.3"", ""networkx"": ""3.6.1"", ""numpy"": ""2.5.1"", ""scipy"": ""1.18.0"", ""matplotlib"": ""3.11.0"", ""pandas"": ""3.0.3"", ""qutip"": ""5.3.0"", ""stim"": ""1.16.0"", ""gmpy2"": ""2.3.1"", ""nbformat"": ""5.10.4"", ""nbclient"": ""0.11.0""}",Windows,11,Gercom,2026-07-19T18:38:10.111869+00:00
P11_boundary_search,P11_boundary_search:four_node:66c2a5bcafc71595:L2:605:m10-intent:0,four_node,66c2a5bcafc71595,605,m10-intent,L2,iterative_analytical,0,10,10,0.595,0.05,1e-05,,True,a -> r1 -> r2 -> b,3,True,,,,0.5953582110868845,3,0.001409,SATISFIED,True,10,0.5953582110868845,0.5953582110868845,0.0,8.469904,False,,488,162,114,81,0,0,0.06019890001,23154b8c484aa27c5f966412746dab60f5a2d42c2d9d0e75e16129b50e70ad9d,False,,,,False,,50895c1a8f3c0da60ba692fe485101f0340fa6ed,1f2680a5b9065e708a7497adc53a95b108029b98,3.13.14,2.5.1,"{""pydantic"": ""2.13.4"", ""yaml"": ""6.0.3"", ""networkx"": ""3.6.1"", ""numpy"": ""2.5.1"", ""scipy"": ""1.18.0"", ""matplotlib"": ""3.11.0"", ""pandas"": ""3.0.3"", ""qutip"": ""5.3.0"", ""stim"": ""1.16.0"", ""gmpy2"": ""2.3.1"", ""nbformat"": ""5.10.4"", ""nbclient"": ""0.11.0""}",Windows,11,Gercom,2026-07-19T18:38:26.924127+00:00
P11_boundary_search,P11_boundary_search:four_node:66c2a5bcafc71595:L2:606:m10-intent:0,four_node,66c2a5bcafc71595,606,m10-intent,L2,iterative_analytical,0,10,10,0.595,0.05,1e-05,,True,a -> r1 -> r2 -> b,3,True,,,,0.5953582110868845,3,0.00142,SATISFIED,True,10,0.5953582110868845,0.5953582110868845,0.0,8.209126,False,,494,169,117,81,0,0,0.06018377501,05d8771a7b4048e79b6c2a464ca15ddc4a7fd54956dd2edd7d3c46b4199b33ea,False,,,,False,,50895c1a8f3c0da60ba692fe485101f0340fa6ed,1f2680a5b9065e708a7497adc53a95b108029b98,3.13.14,2.5.1,"{""pydantic"": ""2.13.4"", ""yaml"": ""6.0.3"", ""networkx"": ""3.6.1"", ""numpy"": ""2.5.1"", ""scipy"": ""1.18.0"", ""matplotlib"": ""3.11.0"", ""pandas"": ""3.0.3"", ""qutip"": ""5.3.0"", ""stim"": ""1.16.0"", ""gmpy2"": ""2.3.1"", ""nbformat"": ""5.10.4"", ""nbclient"": ""0.11.0""}",Windows,11,Gercom,2026-07-19T18:38:44.069302+00:00
P11_boundary_search,P11_boundary_search:four_node:66c2a5bcafc71595:L2:607:m10-intent:0,four_node,66c2a5bcafc71595,607,m10-intent,L2,iterative_analytical,0,10,10,0.595,0.05,1e-05,,True,a -> r1 -> r2 -> b,3,True,,,,0.5953582110868845,3,0.00126,SATISFIED,True,10,0.5953582110868845,0.5953582110868845,0.0,6.94344,False,,498,166,114,77,0,0,0.06018371251,999671aea14a16bd657fa54af8f4ae975b93c420e8784752d5c2b747d05215eb,False,,,,False,,50895c1a8f3c0da60ba692fe485101f0340fa6ed,1f2680a5b9065e708a7497adc53a95b108029b98,3.13.14,2.5.1,"{""pydantic"": ""2.13.4"", ""yaml"": ""6.0.3"", ""networkx"": ""3.6.1"", ""numpy"": ""2.5.1"", ""scipy"": ""1.18.0"", ""matplotlib"": ""3.11.0"", ""pandas"": ""3.0.3"", ""qutip"": ""5.3.0"", ""stim"": ""1.16.0"", ""gmpy2"": ""2.3.1"", ""nbformat"": ""5.10.4"", ""nbclient"": ""0.11.0""}",Windows,11,Gercom,2026-07-19T18:38:59.165931+00:00
P11_boundary_search,P11_boundary_search:four_node:cfaa9530efa7edff:L2:600:m10-intent:0,four_node,cfaa9530efa7edff,600,m10-intent,L2,iterative_analytical,0,10,10,0.5975,0.05,1e-05,,True,a -> r1 -> r2 -> b,3,True,,,,0.6149042727679952,4,0.000856,VIOLATED,False,5,0.6149042727679952,0.6149042727679952,0.0,6.229283,False,,423,160,117,85,0,0,0.06017875001,af814c57cb89b348b2f0f84e5d00263f556b803f55a8b6b71bdb942a9a13180a,False,,,,False,,50895c1a8f3c0da60ba692fe485101f0340fa6ed,1f2680a5b9065e708a7497adc53a95b108029b98,3.13.14,2.5.1,"{""pydantic"": ""2.13.4"", ""yaml"": ""6.0.3"", ""networkx"": ""3.6.1"", ""numpy"": ""2.5.1"", ""scipy"": ""1.18.0"", ""matplotlib"": ""3.11.0"", ""pandas"": ""3.0.3"", ""qutip"": ""5.3.0"", ""stim"": ""1.16.0"", ""gmpy2"": ""2.3.1"", ""nbformat"": ""5.10.4"", ""nbclient"": ""0.11.0""}",Windows,11,Gercom,2026-07-19T18:39:13.364644+00:00
P11_boundary_search,P11_boundary_search:four_node:cfaa9530efa7edff:L2:601:m10-intent:0,four_node,cfaa9530efa7edff,601,m10-intent,L2,iterative_analytical,0,10,10,0.5975,0.05,1e-05,,True,a -> r1 -> r2 -> b,3,True,,,,0.6149042727679952,4,0.000921,VIOLATED,False,5,0.6149042727679952,0.6149042727679952,0.0,6.120669,False,,435,154,119,94,0,0,0.06018377501,726b01123a4171c5b3961c651b0281a673cda75c9d19afcf2b2107e1fb10ca69,False,,,,False,,50895c1a8f3c0da60ba692fe485101f0340fa6ed,1f2680a5b9065e708a7497adc53a95b108029b98,3.13.14,2.5.1,"{""pydantic"": ""2.13.4"", ""yaml"": ""6.0.3"", ""networkx"": ""3.6.1"", ""numpy"": ""2.5.1"", ""scipy"": ""1.18.0"", ""matplotlib"": ""3.11.0"", ""pandas"": ""3.0.3"", ""qutip"": ""5.3.0"", ""stim"": ""1.16.0"", ""gmpy2"": ""2.3.1"", ""nbformat"": ""5.10.4"", ""nbclient"": ""0.11.0""}",Windows,11,Gercom,2026-07-19T18:39:27.152928+00:00
P11_boundary_search,P11_boundary_search:four_node:cfaa9530efa7edff:L2:602:m10-intent:0,four_node,cfaa9530efa7edff,602,m10-intent,L2,iterative_analytical,0,10,10,0.5975,0.05,1e-05,,True,a -> r1 -> r2 -> b,3,True,,,,0.6149042727679952,4,0.001492,VIOLATED,False,4,0.6149042727679952,0.6149042727679952,0.0,6.099818,False,,472,157,112,77,0,0,0.06017376251,88be84cd72fc2db0ad75ffdf6ba3bdf46a505c22db561117a7d841baf31dc1bd,False,,,,False,,50895c1a8f3c0da60ba692fe485101f0340fa6ed,1f2680a5b9065e708a7497adc53a95b108029b98,3.13.14,2.5.1,"{""pydantic"": ""2.13.4"", ""yaml"": ""6.0.3"", ""networkx"": ""3.6.1"", ""numpy"": ""2.5.1"", ""scipy"": ""1.18.0"", ""matplotlib"": ""3.11.0"", ""pandas"": ""3.0.3"", ""qutip"": ""5.3.0"", ""stim"": ""1.16.0"", ""gmpy2"": ""2.3.1"", ""nbformat"": ""5.10.4"", ""nbclient"": ""0.11.0""}",Windows,11,Gercom,2026-07-19T18:39:41.265958+00:00
P11_boundary_search,P11_boundary_search:four_node:cfaa9530efa7edff:L2:603:m10-intent:0,four_node,cfaa9530efa7edff,603,m10-intent,L2,iterative_analytical,0,10,10,0.5975,0.05,1e-05,,True,a -> r1 -> r2 -> b,3,True,,,,0.6149042727679952,4,0.000543,VIOLATED,False,4,0.6149042727679952,0.6149042727679952,0.0,2.701228,False,,495,158,112,76,0,0,0.06018375001,6be501c5082aa1c61e2a52485cd20d2075b6445edd62b990ef7929c6a8702e33,False,,,,False,,50895c1a8f3c0da60ba692fe485101f0340fa6ed,1f2680a5b9065e708a7497adc53a95b108029b98,3.13.14,2.5.1,"{""pydantic"": ""2.13.4"", ""yaml"": ""6.0.3"", ""networkx"": ""3.6.1"", ""numpy"": ""2.5.1"", ""scipy"": ""1.18.0"", ""matplotlib"": ""3.11.0"", ""pandas"": ""3.0.3"", ""qutip"": ""5.3.0"", ""stim"": ""1.16.0"", ""gmpy2"": ""2.3.1"", ""nbformat"": ""5.10.4"", ""nbclient"": ""0.11.0""}",Windows,11,Gercom,2026-07-19T18:39:48.976104+00:00
P11_boundary_search,P11_boundary_search:four_node:cfaa9530efa7edff:L2:604:m10-intent:0,four_node,cfaa9530efa7edff,604,m10-intent,L2,iterative_analytical,0,10,10,0.5975,0.05,1e-05,,True,a -> r1 -> r2 -> b,3,True,,,,0.6149042727679952,4,0.000534,VIOLATED,False,5,0.6149042727679952,0.6149042727679952,0.0,2.75495,False,,458,163,122,92,0,0,0.06019390001,419d6a1bf32a2c7044d709174e74190ed6adb4f5476bec3719e66f3ea19244dc,False,,,,False,,50895c1a8f3c0da60ba692fe485101f0340fa6ed,1f2680a5b9065e708a7497adc53a95b108029b98,3.13.14,2.5.1,"{""pydantic"": ""2.13.4"", ""yaml"": ""6.0.3"", ""networkx"": ""3.6.1"", ""numpy"": ""2.5.1"", ""scipy"": ""1.18.0"", ""matplotlib"": ""3.11.0"", ""pandas"": ""3.0.3"", ""qutip"": ""5.3.0"", ""stim"": ""1.16.0"", ""gmpy2"": ""2.3.1"", ""nbformat"": ""5.10.4"", ""nbclient"": ""0.11.0""}",Windows,11,Gercom,2026-07-19T18:39:55.935441+00:00
P11_boundary_search,P11_boundary_search:four_node:cfaa9530efa7edff:L2:605:m10-intent:0,four_node,cfaa9530efa7edff,605,m10-intent,L2,iterative_analytical,0,10,10,0.5975,0.05,1e-05,,True,a -> r1 -> r2 -> b,3,True,,,,0.6149042727679952,4,0.000515,VIOLATED,False,3,0.6149042727679952,0.6149042727679952,0.0,2.643496,False,,462,162,114,75,0,0,0.06018887501,3ba72027cc554995ce654606a5133e7b09f85ab4c78ca094b63a0741e04ac69e,False,,,,False,,50895c1a8f3c0da60ba692fe485101f0340fa6ed,1f2680a5b9065e708a7497adc53a95b108029b98,3.13.14,2.5.1,"{""pydantic"": ""2.13.4"", ""yaml"": ""6.0.3"", ""networkx"": ""3.6.1"", ""numpy"": ""2.5.1"", ""scipy"": ""1.18.0"", ""matplotlib"": ""3.11.0"", ""pandas"": ""3.0.3"", ""qutip"": ""5.3.0"", ""stim"": ""1.16.0"", ""gmpy2"": ""2.3.1"", ""nbformat"": ""5.10.4"", ""nbclient"": ""0.11.0""}",Windows,11,Gercom,2026-07-19T18:40:02.570488+00:00
P11_boundary_search,P11_boundary_search:four_node:cfaa9530efa7edff:L2:606:m10-intent:0,four_node,cfaa9530efa7edff,606,m10-intent,L2,iterative_analytical,0,10,10,0.5975,0.05,1e-05,,True,a -> r1 -> r2 -> b,3,True,,,,0.6149042727679952,4,0.000541,VIOLATED,False,5,0.6149042727679952,0.6149042727679952,0.0,2.56198,False,,479,156,112,78,0,0,0.06019885001,ccacc8d71e9351b43a9e1367739f2bd51e769be56dd7a59f9ccdca770c2c0361,False,,,,False,,50895c1a8f3c0da60ba692fe485101f0340fa6ed,1f2680a5b9065e708a7497adc53a95b108029b98,3.13.14,2.5.1,"{""pydantic"": ""2.13.4"", ""yaml"": ""6.0.3"", ""networkx"": ""3.6.1"", ""numpy"": ""2.5.1"", ""scipy"": ""1.18.0"", ""matplotlib"": ""3.11.0"", ""pandas"": ""3.0.3"", ""qutip"": ""5.3.0"", ""stim"": ""1.16.0"", ""gmpy2"": ""2.3.1"", ""nbformat"": ""5.10.4"", ""nbclient"": ""0.11.0""}",Windows,11,Gercom,2026-07-19T18:40:09.215937+00:00
P11_boundary_search,P11_boundary_search:four_node:cfaa9530efa7edff:L2:607:m10-intent:0,four_node,cfaa9530efa7edff,607,m10-intent,L2,iterative_analytical,0,10,10,0.5975,0.05,1e-05,,True,a -> r1 -> r2 -> b,3,True,,,,0.6149042727679952,4,0.000662,VIOLATED,False,4,0.6149042727679952,0.6149042727679952,0.0,2.472088,False,,444,155,107,71,0,0,0.06019886251,3cf1b73023800d4fd683e1a54c1b3141034a0a23239532ec886094220de8915e,False,,,,False,,50895c1a8f3c0da60ba692fe485101f0340fa6ed,1f2680a5b9065e708a7497adc53a95b108029b98,3.13.14,2.5.1,"{""pydantic"": ""2.13.4"", ""yaml"": ""6.0.3"", ""networkx"": ""3.6.1"", ""numpy"": ""2.5.1"", ""scipy"": ""1.18.0"", ""matplotlib"": ""3.11.0"", ""pandas"": ""3.0.3"", ""qutip"": ""5.3.0"", ""stim"": ""1.16.0"", ""gmpy2"": ""2.3.1"", ""nbformat"": ""5.10.4"", ""nbclient"": ""0.11.0""}",Windows,11,Gercom,2026-07-19T18:40:15.975082+00:00
P11_boundary_search,P11_boundary_search:four_node:10d950014ee428d3:L2:600:m10-intent:0,four_node,10d950014ee428d3,600,m10-intent,L2,iterative_analytical,0,10,10,0.59625,0.05,1e-05,,True,a -> r1 -> r2 -> b,3,True,,,,0.6149042727679952,4,0.000532,VIOLATED,False,5,0.6149042727679952,0.6149042727679952,0.0,2.60668,False,,423,160,117,85,0,0,0.06017875001,af814c57cb89b348b2f0f84e5d00263f556b803f55a8b6b71bdb942a9a13180a,False,,,,False,,50895c1a8f3c0da60ba692fe485101f0340fa6ed,1f2680a5b9065e708a7497adc53a95b108029b98,3.13.14,2.5.1,"{""pydantic"": ""2.13.4"", ""yaml"": ""6.0.3"", ""networkx"": ""3.6.1"", ""numpy"": ""2.5.1"", ""scipy"": ""1.18.0"", ""matplotlib"": ""3.11.0"", ""pandas"": ""3.0.3"", ""qutip"": ""5.3.0"", ""stim"": ""1.16.0"", ""gmpy2"": ""2.3.1"", ""nbformat"": ""5.10.4"", ""nbclient"": ""0.11.0""}",Windows,11,Gercom,2026-07-19T18:40:22.727555+00:00
P11_boundary_search,P11_boundary_search:four_node:10d950014ee428d3:L2:601:m10-intent:0,four_node,10d950014ee428d3,601,m10-intent,L2,iterative_analytical,0,10,10,0.59625,0.05,1e-05,,True,a -> r1 -> r2 -> b,3,True,,,,0.6149042727679952,4,0.000523,VIOLATED,False,5,0.6149042727679952,0.6149042727679952,0.0,2.699523,False,,435,154,119,94,0,0,0.06018377501,726b01123a4171c5b3961c651b0281a673cda75c9d19afcf2b2107e1fb10ca69,False,,,,False,,50895c1a8f3c0da60ba692fe485101f0340fa6ed,1f2680a5b9065e708a7497adc53a95b108029b98,3.13.14,2.5.1,"{""pydantic"": ""2.13.4"", ""yaml"": ""6.0.3"", ""networkx"": ""3.6.1"", ""numpy"": ""2.5.1"", ""scipy"": ""1.18.0"", ""matplotlib"": ""3.11.0"", ""pandas"": ""3.0.3"", ""qutip"": ""5.3.0"", ""stim"": ""1.16.0"", ""gmpy2"": ""2.3.1"", ""nbformat"": ""5.10.4"", ""nbclient"": ""0.11.0""}",Windows,11,Gercom,2026-07-19T18:40:29.540352+00:00
P11_boundary_search,P11_boundary_search:four_node:10d950014ee428d3:L2:602:m10-intent:0,four_node,10d950014ee428d3,602,m10-intent,L2,iterative_analytical,0,10,10,0.59625,0.05,1e-05,,True,a -> r1 -> r2 -> b,3,True,,,,0.6149042727679952,4,0.000558,VIOLATED,False,4,0.6149042727679952,0.6149042727679952,0.0,2.768432,False,,472,157,112,77,0,0,0.06017376251,88be84cd72fc2db0ad75ffdf6ba3bdf46a505c22db561117a7d841baf31dc1bd,False,,,,False,,50895c1a8f3c0da60ba692fe485101f0340fa6ed,1f2680a5b9065e708a7497adc53a95b108029b98,3.13.14,2.5.1,"{""pydantic"": ""2.13.4"", ""yaml"": ""6.0.3"", ""networkx"": ""3.6.1"", ""numpy"": ""2.5.1"", ""scipy"": ""1.18.0"", ""matplotlib"": ""3.11.0"", ""pandas"": ""3.0.3"", ""qutip"": ""5.3.0"", ""stim"": ""1.16.0"", ""gmpy2"": ""2.3.1"", ""nbformat"": ""5.10.4"", ""nbclient"": ""0.11.0""}",Windows,11,Gercom,2026-07-19T18:40:36.467118+00:00
P11_boundary_search,P11_boundary_search:four_node:10d950014ee428d3:L2:603:m10-intent:0,four_node,10d950014ee428d3,603,m10-intent,L2,iterative_analytical,0,10,10,0.59625,0.05,1e-05,,True,a -> r1 -> r2 -> b,3,True,,,,0.6149042727679952,4,0.000505,VIOLATED,False,4,0.6149042727679952,0.6149042727679952,0.0,2.553968,False,,495,158,112,76,0,0,0.06018375001,6be501c5082aa1c61e2a52485cd20d2075b6445edd62b990ef7929c6a8702e33,False,,,,False,,50895c1a8f3c0da60ba692fe485101f0340fa6ed,1f2680a5b9065e708a7497adc53a95b108029b98,3.13.14,2.5.1,"{""pydantic"": ""2.13.4"", ""yaml"": ""6.0.3"", ""networkx"": ""3.6.1"", ""numpy"": ""2.5.1"", ""scipy"": ""1.18.0"", ""matplotlib"": ""3.11.0"", ""pandas"": ""3.0.3"", ""qutip"": ""5.3.0"", ""stim"": ""1.16.0"", ""gmpy2"": ""2.3.1"", ""nbformat"": ""5.10.4"", ""nbclient"": ""0.11.0""}",Windows,11,Gercom,2026-07-19T18:40:43.305345+00:00
P11_boundary_search,P11_boundary_search:four_node:10d950014ee428d3:L2:604:m10-intent:0,four_node,10d950014ee428d3,604,m10-intent,L2,iterative_analytical,0,10,10,0.59625,0.05,1e-05,,True,a -> r1 -> r2 -> b,3,True,,,,0.6149042727679952,4,0.000553,VIOLATED,False,5,0.6149042727679952,0.6149042727679952,0.0,2.620552,False,,458,163,122,92,0,0,0.06019390001,419d6a1bf32a2c7044d709174e74190ed6adb4f5476bec3719e66f3ea19244dc,False,,,,False,,50895c1a8f3c0da60ba692fe485101f0340fa6ed,1f2680a5b9065e708a7497adc53a95b108029b98,3.13.14,2.5.1,"{""pydantic"": ""2.13.4"", ""yaml"": ""6.0.3"", ""networkx"": ""3.6.1"", ""numpy"": ""2.5.1"", ""scipy"": ""1.18.0"", ""matplotlib"": ""3.11.0"", ""pandas"": ""3.0.3"", ""qutip"": ""5.3.0"", ""stim"": ""1.16.0"", ""gmpy2"": ""2.3.1"", ""nbformat"": ""5.10.4"", ""nbclient"": ""0.11.0""}",Windows,11,Gercom,2026-07-19T18:40:50.303315+00:00
P11_boundary_search,P11_boundary_search:four_node:10d950014ee428d3:L2:605:m10-intent:0,four_node,10d950014ee428d3,605,m10-intent,L2,iterative_analytical,0,10,10,0.59625,0.05,1e-05,,True,a -> r1 -> r2 -> b,3,True,,,,0.6149042727679952,4,0.000534,VIOLATED,False,3,0.6149042727679952,0.6149042727679952,0.0,2.689551,False,,462,162,114,75,0,0,0.06018887501,3ba72027cc554995ce654606a5133e7b09f85ab4c78ca094b63a0741e04ac69e,False,,,,False,,50895c1a8f3c0da60ba692fe485101f0340fa6ed,1f2680a5b9065e708a7497adc53a95b108029b98,3.13.14,2.5.1,"{""pydantic"": ""2.13.4"", ""yaml"": ""6.0.3"", ""networkx"": ""3.6.1"", ""numpy"": ""2.5.1"", ""scipy"": ""1.18.0"", ""matplotlib"": ""3.11.0"", ""pandas"": ""3.0.3"", ""qutip"": ""5.3.0"", ""stim"": ""1.16.0"", ""gmpy2"": ""2.3.1"", ""nbformat"": ""5.10.4"", ""nbclient"": ""0.11.0""}",Windows,11,Gercom,2026-07-19T18:40:57.084383+00:00
P11_boundary_search,P11_boundary_search:four_node:10d950014ee428d3:L2:606:m10-intent:0,four_node,10d950014ee428d3,606,m10-intent,L2,iterative_analytical,0,10,10,0.59625,0.05,1e-05,,True,a -> r1 -> r2 -> b,3,True,,,,0.6149042727679952,4,0.000497,VIOLATED,False,5,0.6149042727679952,0.6149042727679952,0.0,2.576123,False,,479,156,112,78,0,0,0.06019885001,ccacc8d71e9351b43a9e1367739f2bd51e769be56dd7a59f9ccdca770c2c0361,False,,,,False,,50895c1a8f3c0da60ba692fe485101f0340fa6ed,1f2680a5b9065e708a7497adc53a95b108029b98,3.13.14,2.5.1,"{""pydantic"": ""2.13.4"", ""yaml"": ""6.0.3"", ""networkx"": ""3.6.1"", ""numpy"": ""2.5.1"", ""scipy"": ""1.18.0"", ""matplotlib"": ""3.11.0"", ""pandas"": ""3.0.3"", ""qutip"": ""5.3.0"", ""stim"": ""1.16.0"", ""gmpy2"": ""2.3.1"", ""nbformat"": ""5.10.4"", ""nbclient"": ""0.11.0""}",Windows,11,Gercom,2026-07-19T18:41:03.707376+00:00
P11_boundary_search,P11_boundary_search:four_node:10d950014ee428d3:L2:607:m10-intent:0,four_node,10d950014ee428d3,607,m10-intent,L2,iterative_analytical,0,10,10,0.59625,0.05,1e-05,,True,a -> r1 -> r2 -> b,3,True,,,,0.6149042727679952,4,0.000511,VIOLATED,False,4,0.6149042727679952,0.6149042727679952,0.0,2.533717,False,,444,155,107,71,0,0,0.06019886251,3cf1b73023800d4fd683e1a54c1b3141034a0a23239532ec886094220de8915e,False,,,,False,,50895c1a8f3c0da60ba692fe485101f0340fa6ed,1f2680a5b9065e708a7497adc53a95b108029b98,3.13.14,2.5.1,"{""pydantic"": ""2.13.4"", ""yaml"": ""6.0.3"", ""networkx"": ""3.6.1"", ""numpy"": ""2.5.1"", ""scipy"": ""1.18.0"", ""matplotlib"": ""3.11.0"", ""pandas"": ""3.0.3"", ""qutip"": ""5.3.0"", ""stim"": ""1.16.0"", ""gmpy2"": ""2.3.1"", ""nbformat"": ""5.10.4"", ""nbclient"": ""0.11.0""}",Windows,11,Gercom,2026-07-19T18:41:10.250132+00:00
P11_boundary_search,P11_boundary_search:diamond_heterogeneous:9c8b4c86fe373cc6:L2:100:m10-intent:0,diamond_heterogeneous,9c8b4c86fe373cc6,100,m10-intent,L2,iterative_analytical,0,10,10,0.6,0.05,0.02,,True,r1 -> bad -> r3,2,True,,,,0.6863749999999998,0,0.000545,VIOLATED,False,4,0.7695,0.7695,0.08312500000000012,1.327139,False,,990,5,0,0,0,0,0.06016188751,ee1432b3f050a6590ec71d5ef919b9a37fb9334412cab8ffc2211eb143731d97,False,,,,False,,50895c1a8f3c0da60ba692fe485101f0340fa6ed,1f2680a5b9065e708a7497adc53a95b108029b98,3.13.14,2.5.1,"{""pydantic"": ""2.13.4"", ""yaml"": ""6.0.3"", ""networkx"": ""3.6.1"", ""numpy"": ""2.5.1"", ""scipy"": ""1.18.0"", ""matplotlib"": ""3.11.0"", ""pandas"": ""3.0.3"", ""qutip"": ""5.3.0"", ""stim"": ""1.16.0"", ""gmpy2"": ""2.3.1"", ""nbformat"": ""5.10.4"", ""nbclient"": ""0.11.0""}",Windows,11,Gercom,2026-07-19T18:41:15.641937+00:00
P11_boundary_search,P11_boundary_search:diamond_heterogeneous:9c8b4c86fe373cc6:L2:101:m10-intent:0,diamond_heterogeneous,9c8b4c86fe373cc6,101,m10-intent,L2,iterative_analytical,0,10,10,0.6,0.05,0.02,,True,r1 -> bad -> r3,2,True,,,,0.6863749999999998,0,0.000555,VIOLATED,False,3,0.7695,0.7695,0.08312500000000012,1.278689,False,,1045,3,0,0,0,0,0.06019147501,5b57b07f40416573fa5899e35f2f7507c2a10634af294d8883c5100c0bdfd91b,False,,,,False,,50895c1a8f3c0da60ba692fe485101f0340fa6ed,1f2680a5b9065e708a7497adc53a95b108029b98,3.13.14,2.5.1,"{""pydantic"": ""2.13.4"", ""yaml"": ""6.0.3"", ""networkx"": ""3.6.1"", ""numpy"": ""2.5.1"", ""scipy"": ""1.18.0"", ""matplotlib"": ""3.11.0"", ""pandas"": ""3.0.3"", ""qutip"": ""5.3.0"", ""stim"": ""1.16.0"", ""gmpy2"": ""2.3.1"", ""nbformat"": ""5.10.4"", ""nbclient"": ""0.11.0""}",Windows,11,Gercom,2026-07-19T18:41:20.916567+00:00
P11_boundary_search,P11_boundary_search:diamond_heterogeneous:9c8b4c86fe373cc6:L2:102:m10-intent:0,diamond_heterogeneous,9c8b4c86fe373cc6,102,m10-intent,L2,iterative_analytical,0,10,10,0.6,0.05,0.02,,True,r1 -> bad -> r3,2,True,,,,0.6863749999999998,0,0.000557,VIOLATED,False,3,0.7695,0.7695,0.08312500000000012,1.283695,False,,1058,3,0,0,0,0,0.06018650001,2782dce89318754b9b67f6a25c447f1f06a03072df9f7da704f40fc31a092d32,False,,,,False,,50895c1a8f3c0da60ba692fe485101f0340fa6ed,1f2680a5b9065e708a7497adc53a95b108029b98,3.13.14,2.5.1,"{""pydantic"": ""2.13.4"", ""yaml"": ""6.0.3"", ""networkx"": ""3.6.1"", ""numpy"": ""2.5.1"", ""scipy"": ""1.18.0"", ""matplotlib"": ""3.11.0"", ""pandas"": ""3.0.3"", ""qutip"": ""5.3.0"", ""stim"": ""1.16.0"", ""gmpy2"": ""2.3.1"", ""nbformat"": ""5.10.4"", ""nbclient"": ""0.11.0""}",Windows,11,Gercom,2026-07-19T18:41:26.381293+00:00
P11_boundary_search,P11_boundary_search:diamond_heterogeneous:9c8b4c86fe373cc6:L2:103:m10-intent:0,diamond_heterogeneous,9c8b4c86fe373cc6,103,m10-intent,L2,iterative_analytical,0,10,10,0.6,0.05,0.02,,True,r1 -> bad -> r3,2,True,,,,0.6863749999999998,0,0.00055,VIOLATED,False,4,0.7695,0.7695,0.08312500000000012,1.300284,False,,884,7,0,0,0,0,0.06018651251,3ff183b2548fc684d0bbf6358990468b0ccaae047c7888d42e9cc5b3e861e0a1,False,,,,False,,50895c1a8f3c0da60ba692fe485101f0340fa6ed,1f2680a5b9065e708a7497adc53a95b108029b98,3.13.14,2.5.1,"{""pydantic"": ""2.13.4"", ""yaml"": ""6.0.3"", ""networkx"": ""3.6.1"", ""numpy"": ""2.5.1"", ""scipy"": ""1.18.0"", ""matplotlib"": ""3.11.0"", ""pandas"": ""3.0.3"", ""qutip"": ""5.3.0"", ""stim"": ""1.16.0"", ""gmpy2"": ""2.3.1"", ""nbformat"": ""5.10.4"", ""nbclient"": ""0.11.0""}",Windows,11,Gercom,2026-07-19T18:41:31.751690+00:00
P11_boundary_search,P11_boundary_search:diamond_heterogeneous:9c8b4c86fe373cc6:L2:104:m10-intent:0,diamond_heterogeneous,9c8b4c86fe373cc6,104,m10-intent,L2,iterative_analytical,0,10,10,0.6,0.05,0.02,,True,r1 -> bad -> r3,2,True,,,,0.6863749999999998,0,0.000569,VIOLATED,False,3,0.7695,0.7695,0.08312500000000012,1.165507,False,,1050,3,0,0,0,0,0.06018425001,7069ccb92945b44c10ca3c59e6450f474b3a449ecd9a8c061be9d578a390ab66,False,,,,False,,50895c1a8f3c0da60ba692fe485101f0340fa6ed,1f2680a5b9065e708a7497adc53a95b108029b98,3.13.14,2.5.1,"{""pydantic"": ""2.13.4"", ""yaml"": ""6.0.3"", ""networkx"": ""3.6.1"", ""numpy"": ""2.5.1"", ""scipy"": ""1.18.0"", ""matplotlib"": ""3.11.0"", ""pandas"": ""3.0.3"", ""qutip"": ""5.3.0"", ""stim"": ""1.16.0"", ""gmpy2"": ""2.3.1"", ""nbformat"": ""5.10.4"", ""nbclient"": ""0.11.0""}",Windows,11,Gercom,2026-07-19T18:41:37.031487+00:00
P11_boundary_search,P11_boundary_search:diamond_heterogeneous:9c8b4c86fe373cc6:L2:105:m10-intent:0,diamond_heterogeneous,9c8b4c86fe373cc6,105,m10-intent,L2,iterative_analytical,0,10,10,0.6,0.05,0.02,,True,r1 -> bad -> r3,2,True,,,,0.6863749999999998,0,0.000577,VIOLATED,False,4,0.7695,0.7695,0.08312500000000012,1.25166,False,,873,5,0,0,0,0,0.06019931251,caa9ffc2dcc496a0437224c871c9842ed7c427ebdf63f3f496544cde4a50e3f3,False,,,,False,,50895c1a8f3c0da60ba692fe485101f0340fa6ed,1f2680a5b9065e708a7497adc53a95b108029b98,3.13.14,2.5.1,"{""pydantic"": ""2.13.4"", ""yaml"": ""6.0.3"", ""networkx"": ""3.6.1"", ""numpy"": ""2.5.1"", ""scipy"": ""1.18.0"", ""matplotlib"": ""3.11.0"", ""pandas"": ""3.0.3"", ""qutip"": ""5.3.0"", ""stim"": ""1.16.0"", ""gmpy2"": ""2.3.1"", ""nbformat"": ""5.10.4"", ""nbclient"": ""0.11.0""}",Windows,11,Gercom,2026-07-19T18:41:42.321085+00:00
P11_boundary_search,P11_boundary_search:diamond_heterogeneous:9c8b4c86fe373cc6:L2:106:m10-intent:0,diamond_heterogeneous,9c8b4c86fe373cc6,106,m10-intent,L2,iterative_analytical,0,10,10,0.6,0.05,0.02,,True,r1 -> bad -> r3,2,True,,,,0.6863749999999998,0,0.000565,VIOLATED,False,5,0.7695,0.7695,0.08312500000000012,1.23131,False,,912,5,0,0,0,0,0.06018651251,e5935f2ff441379914301ae7df46050b54e865bd2b81684e471b36b7f89b6483,False,,,,False,,50895c1a8f3c0da60ba692fe485101f0340fa6ed,1f2680a5b9065e708a7497adc53a95b108029b98,3.13.14,2.5.1,"{""pydantic"": ""2.13.4"", ""yaml"": ""6.0.3"", ""networkx"": ""3.6.1"", ""numpy"": ""2.5.1"", ""scipy"": ""1.18.0"", ""matplotlib"": ""3.11.0"", ""pandas"": ""3.0.3"", ""qutip"": ""5.3.0"", ""stim"": ""1.16.0"", ""gmpy2"": ""2.3.1"", ""nbformat"": ""5.10.4"", ""nbclient"": ""0.11.0""}",Windows,11,Gercom,2026-07-19T18:41:47.840180+00:00
P11_boundary_search,P11_boundary_search:diamond_heterogeneous:9c8b4c86fe373cc6:L2:107:m10-intent:0,diamond_heterogeneous,9c8b4c86fe373cc6,107,m10-intent,L2,iterative_analytical,0,10,10,0.6,0.05,0.02,,True,r1 -> bad -> r3,2,True,,,,0.6863749999999998,0,0.000564,VIOLATED,False,4,0.7695,0.7695,0.08312500000000012,1.263558,False,,1051,4,0,0,0,0,0.06018648751,c4994b85e3fc4635d28f2fb14ce213177653200456ceb650ef6ee78ddbcd775d,False,,,,False,,50895c1a8f3c0da60ba692fe485101f0340fa6ed,1f2680a5b9065e708a7497adc53a95b108029b98,3.13.14,2.5.1,"{""pydantic"": ""2.13.4"", ""yaml"": ""6.0.3"", ""networkx"": ""3.6.1"", ""numpy"": ""2.5.1"", ""scipy"": ""1.18.0"", ""matplotlib"": ""3.11.0"", ""pandas"": ""3.0.3"", ""qutip"": ""5.3.0"", ""stim"": ""1.16.0"", ""gmpy2"": ""2.3.1"", ""nbformat"": ""5.10.4"", ""nbclient"": ""0.11.0""}",Windows,11,Gercom,2026-07-19T18:41:53.070093+00:00
P11_boundary_search,P11_boundary_search:diamond_heterogeneous:bb0c5f4b673ee3c0:L2:100:m10-intent:0,diamond_heterogeneous,bb0c5f4b673ee3c0,100,m10-intent,L2,iterative_analytical,0,10,10,0.65,0.05,0.02,,True,r1 -> bad -> r3,2,True,,,,0.6863749999999998,0,0.000583,VIOLATED,False,4,0.7695,0.7695,0.08312500000000012,1.365536,False,,990,5,0,0,0,0,0.06016188751,ee1432b3f050a6590ec71d5ef919b9a37fb9334412cab8ffc2211eb143731d97,False,,,,False,,50895c1a8f3c0da60ba692fe485101f0340fa6ed,1f2680a5b9065e708a7497adc53a95b108029b98,3.13.14,2.5.1,"{""pydantic"": ""2.13.4"", ""yaml"": ""6.0.3"", ""networkx"": ""3.6.1"", ""numpy"": ""2.5.1"", ""scipy"": ""1.18.0"", ""matplotlib"": ""3.11.0"", ""pandas"": ""3.0.3"", ""qutip"": ""5.3.0"", ""stim"": ""1.16.0"", ""gmpy2"": ""2.3.1"", ""nbformat"": ""5.10.4"", ""nbclient"": ""0.11.0""}",Windows,11,Gercom,2026-07-19T18:41:58.470218+00:00
P11_boundary_search,P11_boundary_search:diamond_heterogeneous:bb0c5f4b673ee3c0:L2:101:m10-intent:0,diamond_heterogeneous,bb0c5f4b673ee3c0,101,m10-intent,L2,iterative_analytical,0,10,10,0.65,0.05,0.02,,True,r1 -> bad -> r3,2,True,,,,0.6863749999999998,0,0.000581,VIOLATED,False,3,0.7695,0.7695,0.08312500000000012,1.279031,False,,1045,3,0,0,0,0,0.06019147501,5b57b07f40416573fa5899e35f2f7507c2a10634af294d8883c5100c0bdfd91b,False,,,,False,,50895c1a8f3c0da60ba692fe485101f0340fa6ed,1f2680a5b9065e708a7497adc53a95b108029b98,3.13.14,2.5.1,"{""pydantic"": ""2.13.4"", ""yaml"": ""6.0.3"", ""networkx"": ""3.6.1"", ""numpy"": ""2.5.1"", ""scipy"": ""1.18.0"", ""matplotlib"": ""3.11.0"", ""pandas"": ""3.0.3"", ""qutip"": ""5.3.0"", ""stim"": ""1.16.0"", ""gmpy2"": ""2.3.1"", ""nbformat"": ""5.10.4"", ""nbclient"": ""0.11.0""}",Windows,11,Gercom,2026-07-19T18:42:04.174545+00:00
P11_boundary_search,P11_boundary_search:diamond_heterogeneous:bb0c5f4b673ee3c0:L2:102:m10-intent:0,diamond_heterogeneous,bb0c5f4b673ee3c0,102,m10-intent,L2,iterative_analytical,0,10,10,0.65,0.05,0.02,,True,r1 -> bad -> r3,2,True,,,,0.6863749999999998,0,0.000619,VIOLATED,False,3,0.7695,0.7695,0.08312500000000012,1.276042,False,,1058,3,0,0,0,0,0.06018650001,2782dce89318754b9b67f6a25c447f1f06a03072df9f7da704f40fc31a092d32,False,,,,False,,50895c1a8f3c0da60ba692fe485101f0340fa6ed,1f2680a5b9065e708a7497adc53a95b108029b98,3.13.14,2.5.1,"{""pydantic"": ""2.13.4"", ""yaml"": ""6.0.3"", ""networkx"": ""3.6.1"", ""numpy"": ""2.5.1"", ""scipy"": ""1.18.0"", ""matplotlib"": ""3.11.0"", ""pandas"": ""3.0.3"", ""qutip"": ""5.3.0"", ""stim"": ""1.16.0"", ""gmpy2"": ""2.3.1"", ""nbformat"": ""5.10.4"", ""nbclient"": ""0.11.0""}",Windows,11,Gercom,2026-07-19T18:42:09.511574+00:00
P11_boundary_search,P11_boundary_search:diamond_heterogeneous:bb0c5f4b673ee3c0:L2:103:m10-intent:0,diamond_heterogeneous,bb0c5f4b673ee3c0,103,m10-intent,L2,iterative_analytical,0,10,10,0.65,0.05,0.02,,True,r1 -> bad -> r3,2,True,,,,0.6863749999999998,0,0.000568,VIOLATED,False,4,0.7695,0.7695,0.08312500000000012,1.336792,False,,884,7,0,0,0,0,0.06018651251,3ff183b2548fc684d0bbf6358990468b0ccaae047c7888d42e9cc5b3e861e0a1,False,,,,False,,50895c1a8f3c0da60ba692fe485101f0340fa6ed,1f2680a5b9065e708a7497adc53a95b108029b98,3.13.14,2.5.1,"{""pydantic"": ""2.13.4"", ""yaml"": ""6.0.3"", ""networkx"": ""3.6.1"", ""numpy"": ""2.5.1"", ""scipy"": ""1.18.0"", ""matplotlib"": ""3.11.0"", ""pandas"": ""3.0.3"", ""qutip"": ""5.3.0"", ""stim"": ""1.16.0"", ""gmpy2"": ""2.3.1"", ""nbformat"": ""5.10.4"", ""nbclient"": ""0.11.0""}",Windows,11,Gercom,2026-07-19T18:42:14.848192+00:00
P11_boundary_search,P11_boundary_search:diamond_heterogeneous:bb0c5f4b673ee3c0:L2:104:m10-intent:0,diamond_heterogeneous,bb0c5f4b673ee3c0,104,m10-intent,L2,iterative_analytical,0,10,10,0.65,0.05,0.02,,True,r1 -> bad -> r3,2,True,,,,0.6863749999999998,0,0.000563,VIOLATED,False,3,0.7695,0.7695,0.08312500000000012,1.098636,False,,1050,3,0,0,0,0,0.06018425001,7069ccb92945b44c10ca3c59e6450f474b3a449ecd9a8c061be9d578a390ab66,False,,,,False,,50895c1a8f3c0da60ba692fe485101f0340fa6ed,1f2680a5b9065e708a7497adc53a95b108029b98,3.13.14,2.5.1,"{""pydantic"": ""2.13.4"", ""yaml"": ""6.0.3"", ""networkx"": ""3.6.1"", ""numpy"": ""2.5.1"", ""scipy"": ""1.18.0"", ""matplotlib"": ""3.11.0"", ""pandas"": ""3.0.3"", ""qutip"": ""5.3.0"", ""stim"": ""1.16.0"", ""gmpy2"": ""2.3.1"", ""nbformat"": ""5.10.4"", ""nbclient"": ""0.11.0""}",Windows,11,Gercom,2026-07-19T18:42:20.084839+00:00
P11_boundary_search,P11_boundary_search:diamond_heterogeneous:bb0c5f4b673ee3c0:L2:105:m10-intent:0,diamond_heterogeneous,bb0c5f4b673ee3c0,105,m10-intent,L2,iterative_analytical,0,10,10,0.65,0.05,0.02,,True,r1 -> bad -> r3,2,True,,,,0.6863749999999998,0,0.000939,VIOLATED,False,4,0.7695,0.7695,0.08312500000000012,1.268097,False,,873,5,0,0,0,0,0.06019931251,caa9ffc2dcc496a0437224c871c9842ed7c427ebdf63f3f496544cde4a50e3f3,False,,,,False,,50895c1a8f3c0da60ba692fe485101f0340fa6ed,1f2680a5b9065e708a7497adc53a95b108029b98,3.13.14,2.5.1,"{""pydantic"": ""2.13.4"", ""yaml"": ""6.0.3"", ""networkx"": ""3.6.1"", ""numpy"": ""2.5.1"", ""scipy"": ""1.18.0"", ""matplotlib"": ""3.11.0"", ""pandas"": ""3.0.3"", ""qutip"": ""5.3.0"", ""stim"": ""1.16.0"", ""gmpy2"": ""2.3.1"", ""nbformat"": ""5.10.4"", ""nbclient"": ""0.11.0""}",Windows,11,Gercom,2026-07-19T18:42:25.491186+00:00
P11_boundary_search,P11_boundary_search:diamond_heterogeneous:bb0c5f4b673ee3c0:L2:106:m10-intent:0,diamond_heterogeneous,bb0c5f4b673ee3c0,106,m10-intent,L2,iterative_analytical,0,10,10,0.65,0.05,0.02,,True,r1 -> bad -> r3,2,True,,,,0.6863749999999998,0,0.000607,VIOLATED,False,5,0.7695,0.7695,0.08312500000000012,1.365835,False,,912,5,0,0,0,0,0.06018651251,e5935f2ff441379914301ae7df46050b54e865bd2b81684e471b36b7f89b6483,False,,,,False,,50895c1a8f3c0da60ba692fe485101f0340fa6ed,1f2680a5b9065e708a7497adc53a95b108029b98,3.13.14,2.5.1,"{""pydantic"": ""2.13.4"", ""yaml"": ""6.0.3"", ""networkx"": ""3.6.1"", ""numpy"": ""2.5.1"", ""scipy"": ""1.18.0"", ""matplotlib"": ""3.11.0"", ""pandas"": ""3.0.3"", ""qutip"": ""5.3.0"", ""stim"": ""1.16.0"", ""gmpy2"": ""2.3.1"", ""nbformat"": ""5.10.4"", ""nbclient"": ""0.11.0""}",Windows,11,Gercom,2026-07-19T18:42:31.308393+00:00
P11_boundary_search,P11_boundary_search:diamond_heterogeneous:bb0c5f4b673ee3c0:L2:107:m10-intent:0,diamond_heterogeneous,bb0c5f4b673ee3c0,107,m10-intent,L2,iterative_analytical,0,10,10,0.65,0.05,0.02,,True,r1 -> bad -> r3,2,True,,,,0.6863749999999998,0,0.000611,VIOLATED,False,4,0.7695,0.7695,0.08312500000000012,1.282193,False,,1051,4,0,0,0,0,0.06018648751,c4994b85e3fc4635d28f2fb14ce213177653200456ceb650ef6ee78ddbcd775d,False,,,,False,,50895c1a8f3c0da60ba692fe485101f0340fa6ed,1f2680a5b9065e708a7497adc53a95b108029b98,3.13.14,2.5.1,"{""pydantic"": ""2.13.4"", ""yaml"": ""6.0.3"", ""networkx"": ""3.6.1"", ""numpy"": ""2.5.1"", ""scipy"": ""1.18.0"", ""matplotlib"": ""3.11.0"", ""pandas"": ""3.0.3"", ""qutip"": ""5.3.0"", ""stim"": ""1.16.0"", ""gmpy2"": ""2.3.1"", ""nbformat"": ""5.10.4"", ""nbclient"": ""0.11.0""}",Windows,11,Gercom,2026-07-19T18:42:36.703489+00:00
P11_boundary_search,P11_boundary_search:diamond_heterogeneous:06c59b1f8714a565:L2:100:m10-intent:0,diamond_heterogeneous,06c59b1f8714a565,100,m10-intent,L2,iterative_analytical,0,10,10,0.68,0.05,0.02,,True,r1 -> bad -> r3,2,True,,,,0.6863749999999998,0,0.000566,VIOLATED,False,4,0.7695,0.7695,0.08312500000000012,1.362591,False,,990,5,0,0,0,0,0.06016188751,ee1432b3f050a6590ec71d5ef919b9a37fb9334412cab8ffc2211eb143731d97,False,,,,False,,50895c1a8f3c0da60ba692fe485101f0340fa6ed,1f2680a5b9065e708a7497adc53a95b108029b98,3.13.14,2.5.1,"{""pydantic"": ""2.13.4"", ""yaml"": ""6.0.3"", ""networkx"": ""3.6.1"", ""numpy"": ""2.5.1"", ""scipy"": ""1.18.0"", ""matplotlib"": ""3.11.0"", ""pandas"": ""3.0.3"", ""qutip"": ""5.3.0"", ""stim"": ""1.16.0"", ""gmpy2"": ""2.3.1"", ""nbformat"": ""5.10.4"", ""nbclient"": ""0.11.0""}",Windows,11,Gercom,2026-07-19T18:42:42.185512+00:00
P11_boundary_search,P11_boundary_search:diamond_heterogeneous:06c59b1f8714a565:L2:101:m10-intent:0,diamond_heterogeneous,06c59b1f8714a565,101,m10-intent,L2,iterative_analytical,0,10,10,0.68,0.05,0.02,,True,r1 -> bad -> r3,2,True,,,,0.6863749999999998,0,0.000607,VIOLATED,False,3,0.7695,0.7695,0.08312500000000012,1.294013,False,,1045,3,0,0,0,0,0.06019147501,5b57b07f40416573fa5899e35f2f7507c2a10634af294d8883c5100c0bdfd91b,False,,,,False,,50895c1a8f3c0da60ba692fe485101f0340fa6ed,1f2680a5b9065e708a7497adc53a95b108029b98,3.13.14,2.5.1,"{""pydantic"": ""2.13.4"", ""yaml"": ""6.0.3"", ""networkx"": ""3.6.1"", ""numpy"": ""2.5.1"", ""scipy"": ""1.18.0"", ""matplotlib"": ""3.11.0"", ""pandas"": ""3.0.3"", ""qutip"": ""5.3.0"", ""stim"": ""1.16.0"", ""gmpy2"": ""2.3.1"", ""nbformat"": ""5.10.4"", ""nbclient"": ""0.11.0""}",Windows,11,Gercom,2026-07-19T18:42:47.547601+00:00
P11_boundary_search,P11_boundary_search:diamond_heterogeneous:06c59b1f8714a565:L2:102:m10-intent:0,diamond_heterogeneous,06c59b1f8714a565,102,m10-intent,L2,iterative_analytical,0,10,10,0.68,0.05,0.02,,True,r1 -> bad -> r3,2,True,,,,0.6863749999999998,0,0.000596,VIOLATED,False,3,0.7695,0.7695,0.08312500000000012,1.272532,False,,1058,3,0,0,0,0,0.06018650001,2782dce89318754b9b67f6a25c447f1f06a03072df9f7da704f40fc31a092d32,False,,,,False,,50895c1a8f3c0da60ba692fe485101f0340fa6ed,1f2680a5b9065e708a7497adc53a95b108029b98,3.13.14,2.5.1,"{""pydantic"": ""2.13.4"", ""yaml"": ""6.0.3"", ""networkx"": ""3.6.1"", ""numpy"": ""2.5.1"", ""scipy"": ""1.18.0"", ""matplotlib"": ""3.11.0"", ""pandas"": ""3.0.3"", ""qutip"": ""5.3.0"", ""stim"": ""1.16.0"", ""gmpy2"": ""2.3.1"", ""nbformat"": ""5.10.4"", ""nbclient"": ""0.11.0""}",Windows,11,Gercom,2026-07-19T18:42:52.905119+00:00
P11_boundary_search,P11_boundary_search:diamond_heterogeneous:06c59b1f8714a565:L2:103:m10-intent:0,diamond_heterogeneous,06c59b1f8714a565,103,m10-intent,L2,iterative_analytical,0,10,10,0.68,0.05,0.02,,True,r1 -> bad -> r3,2,True,,,,0.6863749999999998,0,0.000576,VIOLATED,False,4,0.7695,0.7695,0.08312500000000012,1.260784,False,,884,7,0,0,0,0,0.06018651251,3ff183b2548fc684d0bbf6358990468b0ccaae047c7888d42e9cc5b3e861e0a1,False,,,,False,,50895c1a8f3c0da60ba692fe485101f0340fa6ed,1f2680a5b9065e708a7497adc53a95b108029b98,3.13.14,2.5.1,"{""pydantic"": ""2.13.4"", ""yaml"": ""6.0.3"", ""networkx"": ""3.6.1"", ""numpy"": ""2.5.1"", ""scipy"": ""1.18.0"", ""matplotlib"": ""3.11.0"", ""pandas"": ""3.0.3"", ""qutip"": ""5.3.0"", ""stim"": ""1.16.0"", ""gmpy2"": ""2.3.1"", ""nbformat"": ""5.10.4"", ""nbclient"": ""0.11.0""}",Windows,11,Gercom,2026-07-19T18:42:58.251940+00:00
P11_boundary_search,P11_boundary_search:diamond_heterogeneous:06c59b1f8714a565:L2:104:m10-intent:0,diamond_heterogeneous,06c59b1f8714a565,104,m10-intent,L2,iterative_analytical,0,10,10,0.68,0.05,0.02,,True,r1 -> bad -> r3,2,True,,,,0.6863749999999998,0,0.000625,VIOLATED,False,3,0.7695,0.7695,0.08312500000000012,1.156623,False,,1050,3,0,0,0,0,0.06018425001,7069ccb92945b44c10ca3c59e6450f474b3a449ecd9a8c061be9d578a390ab66,False,,,,False,,50895c1a8f3c0da60ba692fe485101f0340fa6ed,1f2680a5b9065e708a7497adc53a95b108029b98,3.13.14,2.5.1,"{""pydantic"": ""2.13.4"", ""yaml"": ""6.0.3"", ""networkx"": ""3.6.1"", ""numpy"": ""2.5.1"", ""scipy"": ""1.18.0"", ""matplotlib"": ""3.11.0"", ""pandas"": ""3.0.3"", ""qutip"": ""5.3.0"", ""stim"": ""1.16.0"", ""gmpy2"": ""2.3.1"", ""nbformat"": ""5.10.4"", ""nbclient"": ""0.11.0""}",Windows,11,Gercom,2026-07-19T18:43:03.444155+00:00
P11_boundary_search,P11_boundary_search:diamond_heterogeneous:06c59b1f8714a565:L2:105:m10-intent:0,diamond_heterogeneous,06c59b1f8714a565,105,m10-intent,L2,iterative_analytical,0,10,10,0.68,0.05,0.02,,True,r1 -> bad -> r3,2,True,,,,0.6863749999999998,0,0.000561,VIOLATED,False,4,0.7695,0.7695,0.08312500000000012,1.262111,False,,873,5,0,0,0,0,0.06019931251,caa9ffc2dcc496a0437224c871c9842ed7c427ebdf63f3f496544cde4a50e3f3,False,,,,False,,50895c1a8f3c0da60ba692fe485101f0340fa6ed,1f2680a5b9065e708a7497adc53a95b108029b98,3.13.14,2.5.1,"{""pydantic"": ""2.13.4"", ""yaml"": ""6.0.3"", ""networkx"": ""3.6.1"", ""numpy"": ""2.5.1"", ""scipy"": ""1.18.0"", ""matplotlib"": ""3.11.0"", ""pandas"": ""3.0.3"", ""qutip"": ""5.3.0"", ""stim"": ""1.16.0"", ""gmpy2"": ""2.3.1"", ""nbformat"": ""5.10.4"", ""nbclient"": ""0.11.0""}",Windows,11,Gercom,2026-07-19T18:43:08.820615+00:00
P11_boundary_search,P11_boundary_search:diamond_heterogeneous:06c59b1f8714a565:L2:106:m10-intent:0,diamond_heterogeneous,06c59b1f8714a565,106,m10-intent,L2,iterative_analytical,0,10,10,0.68,0.05,0.02,,True,r1 -> bad -> r3,2,True,,,,0.6863749999999998,0,0.00065,VIOLATED,False,5,0.7695,0.7695,0.08312500000000012,1.243372,False,,912,5,0,0,0,0,0.06018651251,e5935f2ff441379914301ae7df46050b54e865bd2b81684e471b36b7f89b6483,False,,,,False,,50895c1a8f3c0da60ba692fe485101f0340fa6ed,1f2680a5b9065e708a7497adc53a95b108029b98,3.13.14,2.5.1,"{""pydantic"": ""2.13.4"", ""yaml"": ""6.0.3"", ""networkx"": ""3.6.1"", ""numpy"": ""2.5.1"", ""scipy"": ""1.18.0"", ""matplotlib"": ""3.11.0"", ""pandas"": ""3.0.3"", ""qutip"": ""5.3.0"", ""stim"": ""1.16.0"", ""gmpy2"": ""2.3.1"", ""nbformat"": ""5.10.4"", ""nbclient"": ""0.11.0""}",Windows,11,Gercom,2026-07-19T18:43:14.128648+00:00
P11_boundary_search,P11_boundary_search:diamond_heterogeneous:06c59b1f8714a565:L2:107:m10-intent:0,diamond_heterogeneous,06c59b1f8714a565,107,m10-intent,L2,iterative_analytical,0,10,10,0.68,0.05,0.02,,True,r1 -> bad -> r3,2,True,,,,0.6863749999999998,0,0.000588,VIOLATED,False,4,0.7695,0.7695,0.08312500000000012,1.360412,False,,1051,4,0,0,0,0,0.06018648751,c4994b85e3fc4635d28f2fb14ce213177653200456ceb650ef6ee78ddbcd775d,False,,,,False,,50895c1a8f3c0da60ba692fe485101f0340fa6ed,1f2680a5b9065e708a7497adc53a95b108029b98,3.13.14,2.5.1,"{""pydantic"": ""2.13.4"", ""yaml"": ""6.0.3"", ""networkx"": ""3.6.1"", ""numpy"": ""2.5.1"", ""scipy"": ""1.18.0"", ""matplotlib"": ""3.11.0"", ""pandas"": ""3.0.3"", ""qutip"": ""5.3.0"", ""stim"": ""1.16.0"", ""gmpy2"": ""2.3.1"", ""nbformat"": ""5.10.4"", ""nbclient"": ""0.11.0""}",Windows,11,Gercom,2026-07-19T18:43:19.635117+00:00
P11_boundary_search,P11_boundary_search:diamond_heterogeneous:76aea6ff543edc99:L2:100:m10-intent:0,diamond_heterogeneous,76aea6ff543edc99,100,m10-intent,L2,iterative_analytical,0,10,10,0.7,0.05,0.02,,True,r1 -> bad -> r3,2,True,,,,0.7202522030749277,1,0.00058,VIOLATED,False,4,0.7695,0.7695,0.04924779692507231,1.370544,False,,990,5,0,0,0,0,0.06016188751,ee1432b3f050a6590ec71d5ef919b9a37fb9334412cab8ffc2211eb143731d97,False,,,,False,,50895c1a8f3c0da60ba692fe485101f0340fa6ed,1f2680a5b9065e708a7497adc53a95b108029b98,3.13.14,2.5.1,"{""pydantic"": ""2.13.4"", ""yaml"": ""6.0.3"", ""networkx"": ""3.6.1"", ""numpy"": ""2.5.1"", ""scipy"": ""1.18.0"", ""matplotlib"": ""3.11.0"", ""pandas"": ""3.0.3"", ""qutip"": ""5.3.0"", ""stim"": ""1.16.0"", ""gmpy2"": ""2.3.1"", ""nbformat"": ""5.10.4"", ""nbclient"": ""0.11.0""}",Windows,11,Gercom,2026-07-19T18:43:24.993556+00:00
P11_boundary_search,P11_boundary_search:diamond_heterogeneous:76aea6ff543edc99:L2:101:m10-intent:0,diamond_heterogeneous,76aea6ff543edc99,101,m10-intent,L2,iterative_analytical,0,10,10,0.7,0.05,0.02,,True,r1 -> bad -> r3,2,True,,,,0.7202522030749277,1,0.000577,VIOLATED,False,3,0.7695,0.7695,0.04924779692507231,1.252352,False,,1045,3,0,0,0,0,0.06019147501,5b57b07f40416573fa5899e35f2f7507c2a10634af294d8883c5100c0bdfd91b,False,,,,False,,50895c1a8f3c0da60ba692fe485101f0340fa6ed,1f2680a5b9065e708a7497adc53a95b108029b98,3.13.14,2.5.1,"{""pydantic"": ""2.13.4"", ""yaml"": ""6.0.3"", ""networkx"": ""3.6.1"", ""numpy"": ""2.5.1"", ""scipy"": ""1.18.0"", ""matplotlib"": ""3.11.0"", ""pandas"": ""3.0.3"", ""qutip"": ""5.3.0"", ""stim"": ""1.16.0"", ""gmpy2"": ""2.3.1"", ""nbformat"": ""5.10.4"", ""nbclient"": ""0.11.0""}",Windows,11,Gercom,2026-07-19T18:43:30.326179+00:00
P11_boundary_search,P11_boundary_search:diamond_heterogeneous:76aea6ff543edc99:L2:102:m10-intent:0,diamond_heterogeneous,76aea6ff543edc99,102,m10-intent,L2,iterative_analytical,0,10,10,0.7,0.05,0.02,,True,r1 -> bad -> r3,2,True,,,,0.7202522030749277,1,0.000573,VIOLATED,False,3,0.7695,0.7695,0.04924779692507231,1.325405,False,,1058,3,0,0,0,0,0.06018650001,2782dce89318754b9b67f6a25c447f1f06a03072df9f7da704f40fc31a092d32,False,,,,False,,50895c1a8f3c0da60ba692fe485101f0340fa6ed,1f2680a5b9065e708a7497adc53a95b108029b98,3.13.14,2.5.1,"{""pydantic"": ""2.13.4"", ""yaml"": ""6.0.3"", ""networkx"": ""3.6.1"", ""numpy"": ""2.5.1"", ""scipy"": ""1.18.0"", ""matplotlib"": ""3.11.0"", ""pandas"": ""3.0.3"", ""qutip"": ""5.3.0"", ""stim"": ""1.16.0"", ""gmpy2"": ""2.3.1"", ""nbformat"": ""5.10.4"", ""nbclient"": ""0.11.0""}",Windows,11,Gercom,2026-07-19T18:43:35.655495+00:00
P11_boundary_search,P11_boundary_search:diamond_heterogeneous:76aea6ff543edc99:L2:103:m10-intent:0,diamond_heterogeneous,76aea6ff543edc99,103,m10-intent,L2,iterative_analytical,0,10,10,0.7,0.05,0.02,,True,r1 -> bad -> r3,2,True,,,,0.7202522030749277,1,0.000571,VIOLATED,False,4,0.7695,0.7695,0.04924779692507231,1.280088,False,,884,7,0,0,0,0,0.06018651251,3ff183b2548fc684d0bbf6358990468b0ccaae047c7888d42e9cc5b3e861e0a1,False,,,,False,,50895c1a8f3c0da60ba692fe485101f0340fa6ed,1f2680a5b9065e708a7497adc53a95b108029b98,3.13.14,2.5.1,"{""pydantic"": ""2.13.4"", ""yaml"": ""6.0.3"", ""networkx"": ""3.6.1"", ""numpy"": ""2.5.1"", ""scipy"": ""1.18.0"", ""matplotlib"": ""3.11.0"", ""pandas"": ""3.0.3"", ""qutip"": ""5.3.0"", ""stim"": ""1.16.0"", ""gmpy2"": ""2.3.1"", ""nbformat"": ""5.10.4"", ""nbclient"": ""0.11.0""}",Windows,11,Gercom,2026-07-19T18:43:41.179619+00:00
P11_boundary_search,P11_boundary_search:diamond_heterogeneous:76aea6ff543edc99:L2:104:m10-intent:0,diamond_heterogeneous,76aea6ff543edc99,104,m10-intent,L2,iterative_analytical,0,10,10,0.7,0.05,0.02,,True,r1 -> bad -> r3,2,True,,,,0.7202522030749277,1,0.001064,VIOLATED,False,3,0.7695,0.7695,0.04924779692507231,2.455462,False,,1050,3,0,0,0,0,0.06018425001,7069ccb92945b44c10ca3c59e6450f474b3a449ecd9a8c061be9d578a390ab66,False,,,,False,,50895c1a8f3c0da60ba692fe485101f0340fa6ed,1f2680a5b9065e708a7497adc53a95b108029b98,3.13.14,2.5.1,"{""pydantic"": ""2.13.4"", ""yaml"": ""6.0.3"", ""networkx"": ""3.6.1"", ""numpy"": ""2.5.1"", ""scipy"": ""1.18.0"", ""matplotlib"": ""3.11.0"", ""pandas"": ""3.0.3"", ""qutip"": ""5.3.0"", ""stim"": ""1.16.0"", ""gmpy2"": ""2.3.1"", ""nbformat"": ""5.10.4"", ""nbclient"": ""0.11.0""}",Windows,11,Gercom,2026-07-19T18:43:49.217747+00:00
P11_boundary_search,P11_boundary_search:diamond_heterogeneous:76aea6ff543edc99:L2:105:m10-intent:0,diamond_heterogeneous,76aea6ff543edc99,105,m10-intent,L2,iterative_analytical,0,10,10,0.7,0.05,0.02,,True,r1 -> bad -> r3,2,True,,,,0.7202522030749277,1,0.000992,VIOLATED,False,4,0.7695,0.7695,0.04924779692507231,3.121402,False,,873,5,0,0,0,0,0.06019931251,caa9ffc2dcc496a0437224c871c9842ed7c427ebdf63f3f496544cde4a50e3f3,False,,,,False,,50895c1a8f3c0da60ba692fe485101f0340fa6ed,1f2680a5b9065e708a7497adc53a95b108029b98,3.13.14,2.5.1,"{""pydantic"": ""2.13.4"", ""yaml"": ""6.0.3"", ""networkx"": ""3.6.1"", ""numpy"": ""2.5.1"", ""scipy"": ""1.18.0"", ""matplotlib"": ""3.11.0"", ""pandas"": ""3.0.3"", ""qutip"": ""5.3.0"", ""stim"": ""1.16.0"", ""gmpy2"": ""2.3.1"", ""nbformat"": ""5.10.4"", ""nbclient"": ""0.11.0""}",Windows,11,Gercom,2026-07-19T18:43:59.952072+00:00
P11_boundary_search,P11_boundary_search:diamond_heterogeneous:76aea6ff543edc99:L2:106:m10-intent:0,diamond_heterogeneous,76aea6ff543edc99,106,m10-intent,L2,iterative_analytical,0,10,10,0.7,0.05,0.02,,True,r1 -> bad -> r3,2,True,,,,0.7202522030749277,1,0.001038,VIOLATED,False,5,0.7695,0.7695,0.04924779692507231,3.091884,False,,912,5,0,0,0,0,0.06018651251,e5935f2ff441379914301ae7df46050b54e865bd2b81684e471b36b7f89b6483,False,,,,False,,50895c1a8f3c0da60ba692fe485101f0340fa6ed,1f2680a5b9065e708a7497adc53a95b108029b98,3.13.14,2.5.1,"{""pydantic"": ""2.13.4"", ""yaml"": ""6.0.3"", ""networkx"": ""3.6.1"", ""numpy"": ""2.5.1"", ""scipy"": ""1.18.0"", ""matplotlib"": ""3.11.0"", ""pandas"": ""3.0.3"", ""qutip"": ""5.3.0"", ""stim"": ""1.16.0"", ""gmpy2"": ""2.3.1"", ""nbformat"": ""5.10.4"", ""nbclient"": ""0.11.0""}",Windows,11,Gercom,2026-07-19T18:44:10.860476+00:00
P11_boundary_search,P11_boundary_search:diamond_heterogeneous:76aea6ff543edc99:L2:107:m10-intent:0,diamond_heterogeneous,76aea6ff543edc99,107,m10-intent,L2,iterative_analytical,0,10,10,0.7,0.05,0.02,,True,r1 -> bad -> r3,2,True,,,,0.7202522030749277,1,0.001037,VIOLATED,False,4,0.7695,0.7695,0.04924779692507231,3.386499,False,,1051,4,0,0,0,0,0.06018648751,c4994b85e3fc4635d28f2fb14ce213177653200456ceb650ef6ee78ddbcd775d,False,,,,False,,50895c1a8f3c0da60ba692fe485101f0340fa6ed,1f2680a5b9065e708a7497adc53a95b108029b98,3.13.14,2.5.1,"{""pydantic"": ""2.13.4"", ""yaml"": ""6.0.3"", ""networkx"": ""3.6.1"", ""numpy"": ""2.5.1"", ""scipy"": ""1.18.0"", ""matplotlib"": ""3.11.0"", ""pandas"": ""3.0.3"", ""qutip"": ""5.3.0"", ""stim"": ""1.16.0"", ""gmpy2"": ""2.3.1"", ""nbformat"": ""5.10.4"", ""nbclient"": ""0.11.0""}",Windows,11,Gercom,2026-07-19T18:44:22.395876+00:00
P11_boundary_search,P11_boundary_search:diamond_heterogeneous:13dc141e3cab3589:L2:100:m10-intent:0,diamond_heterogeneous,13dc141e3cab3589,100,m10-intent,L2,iterative_analytical,0,10,10,0.72,0.05,0.02,,True,r1 -> bad -> r3,2,True,,,,0.7202522030749277,1,0.001901,VIOLATED,False,4,0.7695,0.7695,0.04924779692507231,4.095443,False,,990,5,0,0,0,0,0.06016188751,ee1432b3f050a6590ec71d5ef919b9a37fb9334412cab8ffc2211eb143731d97,False,,,,False,,50895c1a8f3c0da60ba692fe485101f0340fa6ed,1f2680a5b9065e708a7497adc53a95b108029b98,3.13.14,2.5.1,"{""pydantic"": ""2.13.4"", ""yaml"": ""6.0.3"", ""networkx"": ""3.6.1"", ""numpy"": ""2.5.1"", ""scipy"": ""1.18.0"", ""matplotlib"": ""3.11.0"", ""pandas"": ""3.0.3"", ""qutip"": ""5.3.0"", ""stim"": ""1.16.0"", ""gmpy2"": ""2.3.1"", ""nbformat"": ""5.10.4"", ""nbclient"": ""0.11.0""}",Windows,11,Gercom,2026-07-19T18:44:36.000827+00:00
P11_boundary_search,P11_boundary_search:diamond_heterogeneous:13dc141e3cab3589:L2:101:m10-intent:0,diamond_heterogeneous,13dc141e3cab3589,101,m10-intent,L2,iterative_analytical,0,10,10,0.72,0.05,0.02,,True,r1 -> bad -> r3,2,True,,,,0.7202522030749277,1,0.000989,VIOLATED,False,3,0.7695,0.7695,0.04924779692507231,3.851051,False,,1045,3,0,0,0,0,0.06019147501,5b57b07f40416573fa5899e35f2f7507c2a10634af294d8883c5100c0bdfd91b,False,,,,False,,50895c1a8f3c0da60ba692fe485101f0340fa6ed,1f2680a5b9065e708a7497adc53a95b108029b98,3.13.14,2.5.1,"{""pydantic"": ""2.13.4"", ""yaml"": ""6.0.3"", ""networkx"": ""3.6.1"", ""numpy"": ""2.5.1"", ""scipy"": ""1.18.0"", ""matplotlib"": ""3.11.0"", ""pandas"": ""3.0.3"", ""qutip"": ""5.3.0"", ""stim"": ""1.16.0"", ""gmpy2"": ""2.3.1"", ""nbformat"": ""5.10.4"", ""nbclient"": ""0.11.0""}",Windows,11,Gercom,2026-07-19T18:44:47.909436+00:00
P11_boundary_search,P11_boundary_search:diamond_heterogeneous:13dc141e3cab3589:L2:102:m10-intent:0,diamond_heterogeneous,13dc141e3cab3589,102,m10-intent,L2,iterative_analytical,0,10,10,0.72,0.05,0.02,,True,r1 -> bad -> r3,2,True,,,,0.7202522030749277,1,0.001042,VIOLATED,False,3,0.7695,0.7695,0.04924779692507231,3.276743,False,,1058,3,0,0,0,0,0.06018650001,2782dce89318754b9b67f6a25c447f1f06a03072df9f7da704f40fc31a092d32,False,,,,False,,50895c1a8f3c0da60ba692fe485101f0340fa6ed,1f2680a5b9065e708a7497adc53a95b108029b98,3.13.14,2.5.1,"{""pydantic"": ""2.13.4"", ""yaml"": ""6.0.3"", ""networkx"": ""3.6.1"", ""numpy"": ""2.5.1"", ""scipy"": ""1.18.0"", ""matplotlib"": ""3.11.0"", ""pandas"": ""3.0.3"", ""qutip"": ""5.3.0"", ""stim"": ""1.16.0"", ""gmpy2"": ""2.3.1"", ""nbformat"": ""5.10.4"", ""nbclient"": ""0.11.0""}",Windows,11,Gercom,2026-07-19T18:44:59.608596+00:00
P11_boundary_search,P11_boundary_search:diamond_heterogeneous:13dc141e3cab3589:L2:103:m10-intent:0,diamond_heterogeneous,13dc141e3cab3589,103,m10-intent,L2,iterative_analytical,0,10,10,0.72,0.05,0.02,,True,r1 -> bad -> r3,2,True,,,,0.7202522030749277,1,0.001008,VIOLATED,False,4,0.7695,0.7695,0.04924779692507231,2.716403,False,,884,7,0,0,0,0,0.06018651251,3ff183b2548fc684d0bbf6358990468b0ccaae047c7888d42e9cc5b3e861e0a1,False,,,,False,,50895c1a8f3c0da60ba692fe485101f0340fa6ed,1f2680a5b9065e708a7497adc53a95b108029b98,3.13.14,2.5.1,"{""pydantic"": ""2.13.4"", ""yaml"": ""6.0.3"", ""networkx"": ""3.6.1"", ""numpy"": ""2.5.1"", ""scipy"": ""1.18.0"", ""matplotlib"": ""3.11.0"", ""pandas"": ""3.0.3"", ""qutip"": ""5.3.0"", ""stim"": ""1.16.0"", ""gmpy2"": ""2.3.1"", ""nbformat"": ""5.10.4"", ""nbclient"": ""0.11.0""}",Windows,11,Gercom,2026-07-19T18:45:10.178746+00:00
P11_boundary_search,P11_boundary_search:diamond_heterogeneous:13dc141e3cab3589:L2:104:m10-intent:0,diamond_heterogeneous,13dc141e3cab3589,104,m10-intent,L2,iterative_analytical,0,10,10,0.72,0.05,0.02,,True,r1 -> bad -> r3,2,True,,,,0.7202522030749277,1,0.001143,VIOLATED,False,3,0.7695,0.7695,0.04924779692507231,3.383379,False,,1050,3,0,0,0,0,0.06018425001,7069ccb92945b44c10ca3c59e6450f474b3a449ecd9a8c061be9d578a390ab66,False,,,,False,,50895c1a8f3c0da60ba692fe485101f0340fa6ed,1f2680a5b9065e708a7497adc53a95b108029b98,3.13.14,2.5.1,"{""pydantic"": ""2.13.4"", ""yaml"": ""6.0.3"", ""networkx"": ""3.6.1"", ""numpy"": ""2.5.1"", ""scipy"": ""1.18.0"", ""matplotlib"": ""3.11.0"", ""pandas"": ""3.0.3"", ""qutip"": ""5.3.0"", ""stim"": ""1.16.0"", ""gmpy2"": ""2.3.1"", ""nbformat"": ""5.10.4"", ""nbclient"": ""0.11.0""}",Windows,11,Gercom,2026-07-19T18:45:22.219060+00:00
P11_boundary_search,P11_boundary_search:diamond_heterogeneous:13dc141e3cab3589:L2:105:m10-intent:0,diamond_heterogeneous,13dc141e3cab3589,105,m10-intent,L2,iterative_analytical,0,10,10,0.72,0.05,0.02,,True,r1 -> bad -> r3,2,True,,,,0.7202522030749277,1,0.001019,VIOLATED,False,4,0.7695,0.7695,0.04924779692507231,3.503638,False,,873,5,0,0,0,0,0.06019931251,caa9ffc2dcc496a0437224c871c9842ed7c427ebdf63f3f496544cde4a50e3f3,False,,,,False,,50895c1a8f3c0da60ba692fe485101f0340fa6ed,1f2680a5b9065e708a7497adc53a95b108029b98,3.13.14,2.5.1,"{""pydantic"": ""2.13.4"", ""yaml"": ""6.0.3"", ""networkx"": ""3.6.1"", ""numpy"": ""2.5.1"", ""scipy"": ""1.18.0"", ""matplotlib"": ""3.11.0"", ""pandas"": ""3.0.3"", ""qutip"": ""5.3.0"", ""stim"": ""1.16.0"", ""gmpy2"": ""2.3.1"", ""nbformat"": ""5.10.4"", ""nbclient"": ""0.11.0""}",Windows,11,Gercom,2026-07-19T18:45:33.963622+00:00
P11_boundary_search,P11_boundary_search:diamond_heterogeneous:13dc141e3cab3589:L2:106:m10-intent:0,diamond_heterogeneous,13dc141e3cab3589,106,m10-intent,L2,iterative_analytical,0,10,10,0.72,0.05,0.02,,True,r1 -> bad -> r3,2,True,,,,0.7202522030749277,1,0.001551,VIOLATED,False,5,0.7695,0.7695,0.04924779692507231,3.124378,False,,912,5,0,0,0,0,0.06018651251,e5935f2ff441379914301ae7df46050b54e865bd2b81684e471b36b7f89b6483,False,,,,False,,50895c1a8f3c0da60ba692fe485101f0340fa6ed,1f2680a5b9065e708a7497adc53a95b108029b98,3.13.14,2.5.1,"{""pydantic"": ""2.13.4"", ""yaml"": ""6.0.3"", ""networkx"": ""3.6.1"", ""numpy"": ""2.5.1"", ""scipy"": ""1.18.0"", ""matplotlib"": ""3.11.0"", ""pandas"": ""3.0.3"", ""qutip"": ""5.3.0"", ""stim"": ""1.16.0"", ""gmpy2"": ""2.3.1"", ""nbformat"": ""5.10.4"", ""nbclient"": ""0.11.0""}",Windows,11,Gercom,2026-07-19T18:45:45.605461+00:00
P11_boundary_search,P11_boundary_search:diamond_heterogeneous:13dc141e3cab3589:L2:107:m10-intent:0,diamond_heterogeneous,13dc141e3cab3589,107,m10-intent,L2,iterative_analytical,0,10,10,0.72,0.05,0.02,,True,r1 -> bad -> r3,2,True,,,,0.7202522030749277,1,0.001024,VIOLATED,False,4,0.7695,0.7695,0.04924779692507231,3.139542,False,,1051,4,0,0,0,0,0.06018648751,c4994b85e3fc4635d28f2fb14ce213177653200456ceb650ef6ee78ddbcd775d,False,,,,False,,50895c1a8f3c0da60ba692fe485101f0340fa6ed,1f2680a5b9065e708a7497adc53a95b108029b98,3.13.14,2.5.1,"{""pydantic"": ""2.13.4"", ""yaml"": ""6.0.3"", ""networkx"": ""3.6.1"", ""numpy"": ""2.5.1"", ""scipy"": ""1.18.0"", ""matplotlib"": ""3.11.0"", ""pandas"": ""3.0.3"", ""qutip"": ""5.3.0"", ""stim"": ""1.16.0"", ""gmpy2"": ""2.3.1"", ""nbformat"": ""5.10.4"", ""nbclient"": ""0.11.0""}",Windows,11,Gercom,2026-07-19T18:45:57.196468+00:00
P11_boundary_search,P11_boundary_search:diamond_heterogeneous:3887762d879d7291:L2:100:m10-intent:0,diamond_heterogeneous,3887762d879d7291,100,m10-intent,L2,iterative_analytical,0,10,10,0.75,0.05,0.02,,True,r1 -> bad -> r3,2,True,,,,0.7572267420113338,2,0.001017,VIOLATED,False,4,0.7695,0.7695,0.012273257988666186,3.297248,False,,990,5,0,0,0,0,0.06016188751,ee1432b3f050a6590ec71d5ef919b9a37fb9334412cab8ffc2211eb143731d97,False,,,,False,,50895c1a8f3c0da60ba692fe485101f0340fa6ed,1f2680a5b9065e708a7497adc53a95b108029b98,3.13.14,2.5.1,"{""pydantic"": ""2.13.4"", ""yaml"": ""6.0.3"", ""networkx"": ""3.6.1"", ""numpy"": ""2.5.1"", ""scipy"": ""1.18.0"", ""matplotlib"": ""3.11.0"", ""pandas"": ""3.0.3"", ""qutip"": ""5.3.0"", ""stim"": ""1.16.0"", ""gmpy2"": ""2.3.1"", ""nbformat"": ""5.10.4"", ""nbclient"": ""0.11.0""}",Windows,11,Gercom,2026-07-19T18:46:08.785472+00:00
P11_boundary_search,P11_boundary_search:diamond_heterogeneous:3887762d879d7291:L2:101:m10-intent:0,diamond_heterogeneous,3887762d879d7291,101,m10-intent,L2,iterative_analytical,0,10,10,0.75,0.05,0.02,,True,r1 -> bad -> r3,2,True,,,,0.7572267420113338,2,0.001059,VIOLATED,False,3,0.7695,0.7695,0.012273257988666186,3.353084,False,,1045,3,0,0,0,0,0.06019147501,5b57b07f40416573fa5899e35f2f7507c2a10634af294d8883c5100c0bdfd91b,False,,,,False,,50895c1a8f3c0da60ba692fe485101f0340fa6ed,1f2680a5b9065e708a7497adc53a95b108029b98,3.13.14,2.5.1,"{""pydantic"": ""2.13.4"", ""yaml"": ""6.0.3"", ""networkx"": ""3.6.1"", ""numpy"": ""2.5.1"", ""scipy"": ""1.18.0"", ""matplotlib"": ""3.11.0"", ""pandas"": ""3.0.3"", ""qutip"": ""5.3.0"", ""stim"": ""1.16.0"", ""gmpy2"": ""2.3.1"", ""nbformat"": ""5.10.4"", ""nbclient"": ""0.11.0""}",Windows,11,Gercom,2026-07-19T18:46:20.278825+00:00
P11_boundary_search,P11_boundary_search:diamond_heterogeneous:3887762d879d7291:L2:102:m10-intent:0,diamond_heterogeneous,3887762d879d7291,102,m10-intent,L2,iterative_analytical,0,10,10,0.75,0.05,0.02,,True,r1 -> bad -> r3,2,True,,,,0.7572267420113338,2,0.001733,VIOLATED,False,3,0.7695,0.7695,0.012273257988666186,3.051271,False,,1058,3,0,0,0,0,0.06018650001,2782dce89318754b9b67f6a25c447f1f06a03072df9f7da704f40fc31a092d32,False,,,,False,,50895c1a8f3c0da60ba692fe485101f0340fa6ed,1f2680a5b9065e708a7497adc53a95b108029b98,3.13.14,2.5.1,"{""pydantic"": ""2.13.4"", ""yaml"": ""6.0.3"", ""networkx"": ""3.6.1"", ""numpy"": ""2.5.1"", ""scipy"": ""1.18.0"", ""matplotlib"": ""3.11.0"", ""pandas"": ""3.0.3"", ""qutip"": ""5.3.0"", ""stim"": ""1.16.0"", ""gmpy2"": ""2.3.1"", ""nbformat"": ""5.10.4"", ""nbclient"": ""0.11.0""}",Windows,11,Gercom,2026-07-19T18:46:32.136242+00:00
P11_boundary_search,P11_boundary_search:diamond_heterogeneous:3887762d879d7291:L2:103:m10-intent:0,diamond_heterogeneous,3887762d879d7291,103,m10-intent,L2,iterative_analytical,0,10,10,0.75,0.05,0.02,,True,r1 -> bad -> r3,2,True,,,,0.7572267420113338,2,0.001033,VIOLATED,False,4,0.7695,0.7695,0.012273257988666186,3.34109,False,,884,7,0,0,0,0,0.06018651251,3ff183b2548fc684d0bbf6358990468b0ccaae047c7888d42e9cc5b3e861e0a1,False,,,,False,,50895c1a8f3c0da60ba692fe485101f0340fa6ed,1f2680a5b9065e708a7497adc53a95b108029b98,3.13.14,2.5.1,"{""pydantic"": ""2.13.4"", ""yaml"": ""6.0.3"", ""networkx"": ""3.6.1"", ""numpy"": ""2.5.1"", ""scipy"": ""1.18.0"", ""matplotlib"": ""3.11.0"", ""pandas"": ""3.0.3"", ""qutip"": ""5.3.0"", ""stim"": ""1.16.0"", ""gmpy2"": ""2.3.1"", ""nbformat"": ""5.10.4"", ""nbclient"": ""0.11.0""}",Windows,11,Gercom,2026-07-19T18:46:44.100158+00:00
P11_boundary_search,P11_boundary_search:diamond_heterogeneous:3887762d879d7291:L2:104:m10-intent:0,diamond_heterogeneous,3887762d879d7291,104,m10-intent,L2,iterative_analytical,0,10,10,0.75,0.05,0.02,,True,r1 -> bad -> r3,2,True,,,,0.7572267420113338,2,0.001021,VIOLATED,False,3,0.7695,0.7695,0.012273257988666186,3.620507,False,,1050,3,0,0,0,0,0.06018425001,7069ccb92945b44c10ca3c59e6450f474b3a449ecd9a8c061be9d578a390ab66,False,,,,False,,50895c1a8f3c0da60ba692fe485101f0340fa6ed,1f2680a5b9065e708a7497adc53a95b108029b98,3.13.14,2.5.1,"{""pydantic"": ""2.13.4"", ""yaml"": ""6.0.3"", ""networkx"": ""3.6.1"", ""numpy"": ""2.5.1"", ""scipy"": ""1.18.0"", ""matplotlib"": ""3.11.0"", ""pandas"": ""3.0.3"", ""qutip"": ""5.3.0"", ""stim"": ""1.16.0"", ""gmpy2"": ""2.3.1"", ""nbformat"": ""5.10.4"", ""nbclient"": ""0.11.0""}",Windows,11,Gercom,2026-07-19T18:46:56.242687+00:00
P11_boundary_search,P11_boundary_search:diamond_heterogeneous:3887762d879d7291:L2:105:m10-intent:0,diamond_heterogeneous,3887762d879d7291,105,m10-intent,L2,iterative_analytical,0,10,10,0.75,0.05,0.02,,True,r1 -> bad -> r3,2,True,,,,0.7572267420113338,2,0.001074,VIOLATED,False,4,0.7695,0.7695,0.012273257988666186,3.670716,False,,873,5,0,0,0,0,0.06019931251,caa9ffc2dcc496a0437224c871c9842ed7c427ebdf63f3f496544cde4a50e3f3,False,,,,False,,50895c1a8f3c0da60ba692fe485101f0340fa6ed,1f2680a5b9065e708a7497adc53a95b108029b98,3.13.14,2.5.1,"{""pydantic"": ""2.13.4"", ""yaml"": ""6.0.3"", ""networkx"": ""3.6.1"", ""numpy"": ""2.5.1"", ""scipy"": ""1.18.0"", ""matplotlib"": ""3.11.0"", ""pandas"": ""3.0.3"", ""qutip"": ""5.3.0"", ""stim"": ""1.16.0"", ""gmpy2"": ""2.3.1"", ""nbformat"": ""5.10.4"", ""nbclient"": ""0.11.0""}",Windows,11,Gercom,2026-07-19T18:47:07.967621+00:00
P11_boundary_search,P11_boundary_search:diamond_heterogeneous:3887762d879d7291:L2:106:m10-intent:0,diamond_heterogeneous,3887762d879d7291,106,m10-intent,L2,iterative_analytical,0,10,10,0.75,0.05,0.02,,True,r1 -> bad -> r3,2,True,,,,0.7572267420113338,2,0.001037,VIOLATED,False,5,0.7695,0.7695,0.012273257988666186,2.844768,False,,912,5,0,0,0,0,0.06018651251,e5935f2ff441379914301ae7df46050b54e865bd2b81684e471b36b7f89b6483,False,,,,False,,50895c1a8f3c0da60ba692fe485101f0340fa6ed,1f2680a5b9065e708a7497adc53a95b108029b98,3.13.14,2.5.1,"{""pydantic"": ""2.13.4"", ""yaml"": ""6.0.3"", ""networkx"": ""3.6.1"", ""numpy"": ""2.5.1"", ""scipy"": ""1.18.0"", ""matplotlib"": ""3.11.0"", ""pandas"": ""3.0.3"", ""qutip"": ""5.3.0"", ""stim"": ""1.16.0"", ""gmpy2"": ""2.3.1"", ""nbformat"": ""5.10.4"", ""nbclient"": ""0.11.0""}",Windows,11,Gercom,2026-07-19T18:47:19.880143+00:00
P11_boundary_search,P11_boundary_search:diamond_heterogeneous:3887762d879d7291:L2:107:m10-intent:0,diamond_heterogeneous,3887762d879d7291,107,m10-intent,L2,iterative_analytical,0,10,10,0.75,0.05,0.02,,True,r1 -> bad -> r3,2,True,,,,0.7572267420113338,2,0.000995,VIOLATED,False,4,0.7695,0.7695,0.012273257988666186,3.16574,False,,1051,4,0,0,0,0,0.06018648751,c4994b85e3fc4635d28f2fb14ce213177653200456ceb650ef6ee78ddbcd775d,False,,,,False,,50895c1a8f3c0da60ba692fe485101f0340fa6ed,1f2680a5b9065e708a7497adc53a95b108029b98,3.13.14,2.5.1,"{""pydantic"": ""2.13.4"", ""yaml"": ""6.0.3"", ""networkx"": ""3.6.1"", ""numpy"": ""2.5.1"", ""scipy"": ""1.18.0"", ""matplotlib"": ""3.11.0"", ""pandas"": ""3.0.3"", ""qutip"": ""5.3.0"", ""stim"": ""1.16.0"", ""gmpy2"": ""2.3.1"", ""nbformat"": ""5.10.4"", ""nbclient"": ""0.11.0""}",Windows,11,Gercom,2026-07-19T18:47:31.196708+00:00
P11_boundary_search,P11_boundary_search:diamond_heterogeneous:09c802a5dcb69216:L2:100:m10-intent:0,diamond_heterogeneous,09c802a5dcb69216,100,m10-intent,L2,iterative_analytical,0,10,10,0.78,0.05,0.02,,True,r1 -> bad -> r3,2,True,,,,0.7958654267019631,3,0.001053,VIOLATED,False,2,0.8082697931624399,0.8082697931624399,0.012404366460476712,3.290724,False,,919,6,2,2,0,0,0.06018651251,74c44cc4827d9d29df98438e37bc44bec07b681a16af4d651181625a5b0fbd81,False,,,,False,,50895c1a8f3c0da60ba692fe485101f0340fa6ed,1f2680a5b9065e708a7497adc53a95b108029b98,3.13.14,2.5.1,"{""pydantic"": ""2.13.4"", ""yaml"": ""6.0.3"", ""networkx"": ""3.6.1"", ""numpy"": ""2.5.1"", ""scipy"": ""1.18.0"", ""matplotlib"": ""3.11.0"", ""pandas"": ""3.0.3"", ""qutip"": ""5.3.0"", ""stim"": ""1.16.0"", ""gmpy2"": ""2.3.1"", ""nbformat"": ""5.10.4"", ""nbclient"": ""0.11.0""}",Windows,11,Gercom,2026-07-19T18:47:42.474226+00:00
P11_boundary_search,P11_boundary_search:diamond_heterogeneous:09c802a5dcb69216:L2:101:m10-intent:0,diamond_heterogeneous,09c802a5dcb69216,101,m10-intent,L2,iterative_analytical,0,10,10,0.78,0.05,0.02,,True,r1 -> bad -> r3,2,True,,,,0.7958654267019631,3,0.00103,VIOLATED,False,1,0.8082697931624399,0.8082697931624399,0.012404366460476712,3.32301,False,,983,5,2,1,0,0,0.06019922501,5d3704f9dcb0e3f6474d8a9f773664445ec4f1c2823fbcd9e05769a548a5dc32,False,,,,False,,50895c1a8f3c0da60ba692fe485101f0340fa6ed,1f2680a5b9065e708a7497adc53a95b108029b98,3.13.14,2.5.1,"{""pydantic"": ""2.13.4"", ""yaml"": ""6.0.3"", ""networkx"": ""3.6.1"", ""numpy"": ""2.5.1"", ""scipy"": ""1.18.0"", ""matplotlib"": ""3.11.0"", ""pandas"": ""3.0.3"", ""qutip"": ""5.3.0"", ""stim"": ""1.16.0"", ""gmpy2"": ""2.3.1"", ""nbformat"": ""5.10.4"", ""nbclient"": ""0.11.0""}",Windows,11,Gercom,2026-07-19T18:47:54.074002+00:00
P11_boundary_search,P11_boundary_search:diamond_heterogeneous:09c802a5dcb69216:L2:102:m10-intent:0,diamond_heterogeneous,09c802a5dcb69216,102,m10-intent,L2,iterative_analytical,0,10,10,0.78,0.05,0.02,,True,r1 -> bad -> r3,2,True,,,,0.7958654267019631,3,0.001047,VIOLATED,False,1,0.8082697931624399,0.8082697931624399,0.012404366460476712,3.062569,False,,1048,3,1,1,0,0,0.06016190001,f9f1be931664d30e218f7f91cc16fda059c5a70305b16d4c19a22be070d7c326,False,,,,False,,50895c1a8f3c0da60ba692fe485101f0340fa6ed,1f2680a5b9065e708a7497adc53a95b108029b98,3.13.14,2.5.1,"{""pydantic"": ""2.13.4"", ""yaml"": ""6.0.3"", ""networkx"": ""3.6.1"", ""numpy"": ""2.5.1"", ""scipy"": ""1.18.0"", ""matplotlib"": ""3.11.0"", ""pandas"": ""3.0.3"", ""qutip"": ""5.3.0"", ""stim"": ""1.16.0"", ""gmpy2"": ""2.3.1"", ""nbformat"": ""5.10.4"", ""nbclient"": ""0.11.0""}",Windows,11,Gercom,2026-07-19T18:48:05.703462+00:00
P11_boundary_search,P11_boundary_search:diamond_heterogeneous:09c802a5dcb69216:L2:103:m10-intent:0,diamond_heterogeneous,09c802a5dcb69216,103,m10-intent,L2,iterative_analytical,0,10,10,0.78,0.05,0.02,,True,r1 -> bad -> r3,2,True,,,,0.7958654267019631,3,0.001051,VIOLATED,False,1,0.8082697931624399,0.8082697931624399,0.012404366460476712,3.293075,False,,876,6,2,1,0,0,0.06016411251,28e1c72a41c44af67febb0aa2197824e94b74f39434d58688f8420b91c2385da,False,,,,False,,50895c1a8f3c0da60ba692fe485101f0340fa6ed,1f2680a5b9065e708a7497adc53a95b108029b98,3.13.14,2.5.1,"{""pydantic"": ""2.13.4"", ""yaml"": ""6.0.3"", ""networkx"": ""3.6.1"", ""numpy"": ""2.5.1"", ""scipy"": ""1.18.0"", ""matplotlib"": ""3.11.0"", ""pandas"": ""3.0.3"", ""qutip"": ""5.3.0"", ""stim"": ""1.16.0"", ""gmpy2"": ""2.3.1"", ""nbformat"": ""5.10.4"", ""nbclient"": ""0.11.0""}",Windows,11,Gercom,2026-07-19T18:48:17.370689+00:00
P11_boundary_search,P11_boundary_search:diamond_heterogeneous:09c802a5dcb69216:L2:104:m10-intent:0,diamond_heterogeneous,09c802a5dcb69216,104,m10-intent,L2,iterative_analytical,0,10,10,0.78,0.05,0.02,,True,r1 -> bad -> r3,2,True,,,,0.7958654267019631,3,0.001033,VIOLATED,False,2,0.8082697931624399,0.8082697931624399,0.012404366460476712,3.091107,False,,1009,4,2,2,0,0,0.06019926251,e8496cea7f393f478a7ed9c8f8140547dcf43804b9143cdc3b3dd7d7deab500b,False,,,,False,,50895c1a8f3c0da60ba692fe485101f0340fa6ed,1f2680a5b9065e708a7497adc53a95b108029b98,3.13.14,2.5.1,"{""pydantic"": ""2.13.4"", ""yaml"": ""6.0.3"", ""networkx"": ""3.6.1"", ""numpy"": ""2.5.1"", ""scipy"": ""1.18.0"", ""matplotlib"": ""3.11.0"", ""pandas"": ""3.0.3"", ""qutip"": ""5.3.0"", ""stim"": ""1.16.0"", ""gmpy2"": ""2.3.1"", ""nbformat"": ""5.10.4"", ""nbclient"": ""0.11.0""}",Windows,11,Gercom,2026-07-19T18:48:28.981964+00:00
P11_boundary_search,P11_boundary_search:diamond_heterogeneous:09c802a5dcb69216:L2:105:m10-intent:0,diamond_heterogeneous,09c802a5dcb69216,105,m10-intent,L2,iterative_analytical,0,10,10,0.78,0.05,0.02,,True,r1 -> bad -> r3,2,True,,,,0.7958654267019631,3,0.002506,VIOLATED,False,2,0.8082697931624399,0.8082697931624399,0.012404366460476712,2.976993,False,,838,4,2,2,0,0,0.06018920001,15a2334d9048eab7bc5bbd2b28924adb25552d4bb8419e431650d2044b295037,False,,,,False,,50895c1a8f3c0da60ba692fe485101f0340fa6ed,1f2680a5b9065e708a7497adc53a95b108029b98,3.13.14,2.5.1,"{""pydantic"": ""2.13.4"", ""yaml"": ""6.0.3"", ""networkx"": ""3.6.1"", ""numpy"": ""2.5.1"", ""scipy"": ""1.18.0"", ""matplotlib"": ""3.11.0"", ""pandas"": ""3.0.3"", ""qutip"": ""5.3.0"", ""stim"": ""1.16.0"", ""gmpy2"": ""2.3.1"", ""nbformat"": ""5.10.4"", ""nbclient"": ""0.11.0""}",Windows,11,Gercom,2026-07-19T18:48:40.755792+00:00
P11_boundary_search,P11_boundary_search:diamond_heterogeneous:09c802a5dcb69216:L2:106:m10-intent:0,diamond_heterogeneous,09c802a5dcb69216,106,m10-intent,L2,iterative_analytical,0,10,10,0.78,0.05,0.02,,True,r1 -> bad -> r3,2,True,,,,0.7958654267019631,3,0.001823,VIOLATED,False,2,0.8082697931624399,0.8082697931624399,0.012404366460476712,3.754865,False,,1009,5,2,2,0,0,0.06016178751,d1746373b1c5c45a6143fc4d2362aff11aa5936d64ffb6e048ed93ac3a23427d,False,,,,False,,50895c1a8f3c0da60ba692fe485101f0340fa6ed,1f2680a5b9065e708a7497adc53a95b108029b98,3.13.14,2.5.1,"{""pydantic"": ""2.13.4"", ""yaml"": ""6.0.3"", ""networkx"": ""3.6.1"", ""numpy"": ""2.5.1"", ""scipy"": ""1.18.0"", ""matplotlib"": ""3.11.0"", ""pandas"": ""3.0.3"", ""qutip"": ""5.3.0"", ""stim"": ""1.16.0"", ""gmpy2"": ""2.3.1"", ""nbformat"": ""5.10.4"", ""nbclient"": ""0.11.0""}",Windows,11,Gercom,2026-07-19T18:48:53.521772+00:00
P11_boundary_search,P11_boundary_search:diamond_heterogeneous:09c802a5dcb69216:L2:107:m10-intent:0,diamond_heterogeneous,09c802a5dcb69216,107,m10-intent,L2,iterative_analytical,0,10,10,0.78,0.05,0.02,,True,r1 -> bad -> r3,2,True,,,,0.7958654267019631,3,0.001238,VIOLATED,False,2,0.8082697931624399,0.8082697931624399,0.012404366460476712,3.729987,False,,875,8,2,2,0,0,0.06017421251,72e6a308b5dd0ceb6b2cee5ad73523b3567e248dd695e525b83105f1b5c838fe,False,,,,False,,50895c1a8f3c0da60ba692fe485101f0340fa6ed,1f2680a5b9065e708a7497adc53a95b108029b98,3.13.14,2.5.1,"{""pydantic"": ""2.13.4"", ""yaml"": ""6.0.3"", ""networkx"": ""3.6.1"", ""numpy"": ""2.5.1"", ""scipy"": ""1.18.0"", ""matplotlib"": ""3.11.0"", ""pandas"": ""3.0.3"", ""qutip"": ""5.3.0"", ""stim"": ""1.16.0"", ""gmpy2"": ""2.3.1"", ""nbformat"": ""5.10.4"", ""nbclient"": ""0.11.0""}",Windows,11,Gercom,2026-07-19T18:49:05.522515+00:00
P11_boundary_search,P11_boundary_search:diamond_heterogeneous:26d40ffb145b61f5:L2:100:m10-intent:0,diamond_heterogeneous,26d40ffb145b61f5,100,m10-intent,L2,iterative_analytical,0,10,10,0.8,0.05,0.02,,True,r1 -> bad -> r3,2,True,,,,0.834179745759839,4,0.001114,VIOLATED,False,2,0.8082697931624399,0.8082697931624399,-0.025909952597399144,3.80682,False,,919,6,2,2,0,0,0.06018651251,74c44cc4827d9d29df98438e37bc44bec07b681a16af4d651181625a5b0fbd81,False,,,,False,,50895c1a8f3c0da60ba692fe485101f0340fa6ed,1f2680a5b9065e708a7497adc53a95b108029b98,3.13.14,2.5.1,"{""pydantic"": ""2.13.4"", ""yaml"": ""6.0.3"", ""networkx"": ""3.6.1"", ""numpy"": ""2.5.1"", ""scipy"": ""1.18.0"", ""matplotlib"": ""3.11.0"", ""pandas"": ""3.0.3"", ""qutip"": ""5.3.0"", ""stim"": ""1.16.0"", ""gmpy2"": ""2.3.1"", ""nbformat"": ""5.10.4"", ""nbclient"": ""0.11.0""}",Windows,11,Gercom,2026-07-19T18:49:17.709301+00:00
P11_boundary_search,P11_boundary_search:diamond_heterogeneous:26d40ffb145b61f5:L2:101:m10-intent:0,diamond_heterogeneous,26d40ffb145b61f5,101,m10-intent,L2,iterative_analytical,0,10,10,0.8,0.05,0.02,,True,r1 -> bad -> r3,2,True,,,,0.834179745759839,4,0.001048,VIOLATED,False,1,0.8082697931624399,0.8082697931624399,-0.025909952597399144,3.159752,False,,983,5,2,1,0,0,0.06019922501,5d3704f9dcb0e3f6474d8a9f773664445ec4f1c2823fbcd9e05769a548a5dc32,False,,,,False,,50895c1a8f3c0da60ba692fe485101f0340fa6ed,1f2680a5b9065e708a7497adc53a95b108029b98,3.13.14,2.5.1,"{""pydantic"": ""2.13.4"", ""yaml"": ""6.0.3"", ""networkx"": ""3.6.1"", ""numpy"": ""2.5.1"", ""scipy"": ""1.18.0"", ""matplotlib"": ""3.11.0"", ""pandas"": ""3.0.3"", ""qutip"": ""5.3.0"", ""stim"": ""1.16.0"", ""gmpy2"": ""2.3.1"", ""nbformat"": ""5.10.4"", ""nbclient"": ""0.11.0""}",Windows,11,Gercom,2026-07-19T18:49:29.693300+00:00
P11_boundary_search,P11_boundary_search:diamond_heterogeneous:26d40ffb145b61f5:L2:102:m10-intent:0,diamond_heterogeneous,26d40ffb145b61f5,102,m10-intent,L2,iterative_analytical,0,10,10,0.8,0.05,0.02,,True,r1 -> bad -> r3,2,True,,,,0.834179745759839,4,0.00104,VIOLATED,False,1,0.8082697931624399,0.8082697931624399,-0.025909952597399144,2.879549,False,,1048,3,1,1,0,0,0.06016190001,f9f1be931664d30e218f7f91cc16fda059c5a70305b16d4c19a22be070d7c326,False,,,,False,,50895c1a8f3c0da60ba692fe485101f0340fa6ed,1f2680a5b9065e708a7497adc53a95b108029b98,3.13.14,2.5.1,"{""pydantic"": ""2.13.4"", ""yaml"": ""6.0.3"", ""networkx"": ""3.6.1"", ""numpy"": ""2.5.1"", ""scipy"": ""1.18.0"", ""matplotlib"": ""3.11.0"", ""pandas"": ""3.0.3"", ""qutip"": ""5.3.0"", ""stim"": ""1.16.0"", ""gmpy2"": ""2.3.1"", ""nbformat"": ""5.10.4"", ""nbclient"": ""0.11.0""}",Windows,11,Gercom,2026-07-19T18:49:41.679010+00:00
P11_boundary_search,P11_boundary_search:diamond_heterogeneous:26d40ffb145b61f5:L2:103:m10-intent:0,diamond_heterogeneous,26d40ffb145b61f5,103,m10-intent,L2,iterative_analytical,0,10,10,0.8,0.05,0.02,,True,r1 -> bad -> r3,2,True,,,,0.834179745759839,4,0.001184,VIOLATED,False,1,0.8082697931624399,0.8082697931624399,-0.025909952597399144,3.356907,False,,876,6,2,1,0,0,0.06016411251,28e1c72a41c44af67febb0aa2197824e94b74f39434d58688f8420b91c2385da,False,,,,False,,50895c1a8f3c0da60ba692fe485101f0340fa6ed,1f2680a5b9065e708a7497adc53a95b108029b98,3.13.14,2.5.1,"{""pydantic"": ""2.13.4"", ""yaml"": ""6.0.3"", ""networkx"": ""3.6.1"", ""numpy"": ""2.5.1"", ""scipy"": ""1.18.0"", ""matplotlib"": ""3.11.0"", ""pandas"": ""3.0.3"", ""qutip"": ""5.3.0"", ""stim"": ""1.16.0"", ""gmpy2"": ""2.3.1"", ""nbformat"": ""5.10.4"", ""nbclient"": ""0.11.0""}",Windows,11,Gercom,2026-07-19T18:49:53.902603+00:00
P11_boundary_search,P11_boundary_search:diamond_heterogeneous:26d40ffb145b61f5:L2:104:m10-intent:0,diamond_heterogeneous,26d40ffb145b61f5,104,m10-intent,L2,iterative_analytical,0,10,10,0.8,0.05,0.02,,True,r1 -> bad -> r3,2,True,,,,0.834179745759839,4,0.001098,VIOLATED,False,2,0.8082697931624399,0.8082697931624399,-0.025909952597399144,3.174639,False,,1009,4,2,2,0,0,0.06019926251,e8496cea7f393f478a7ed9c8f8140547dcf43804b9143cdc3b3dd7d7deab500b,False,,,,False,,50895c1a8f3c0da60ba692fe485101f0340fa6ed,1f2680a5b9065e708a7497adc53a95b108029b98,3.13.14,2.5.1,"{""pydantic"": ""2.13.4"", ""yaml"": ""6.0.3"", ""networkx"": ""3.6.1"", ""numpy"": ""2.5.1"", ""scipy"": ""1.18.0"", ""matplotlib"": ""3.11.0"", ""pandas"": ""3.0.3"", ""qutip"": ""5.3.0"", ""stim"": ""1.16.0"", ""gmpy2"": ""2.3.1"", ""nbformat"": ""5.10.4"", ""nbclient"": ""0.11.0""}",Windows,11,Gercom,2026-07-19T18:50:04.803042+00:00
P11_boundary_search,P11_boundary_search:diamond_heterogeneous:26d40ffb145b61f5:L2:105:m10-intent:0,diamond_heterogeneous,26d40ffb145b61f5,105,m10-intent,L2,iterative_analytical,0,10,10,0.8,0.05,0.02,,True,r1 -> bad -> r3,2,True,,,,0.834179745759839,4,0.001064,VIOLATED,False,2,0.8082697931624399,0.8082697931624399,-0.025909952597399144,2.362668,False,,838,4,2,2,0,0,0.06018920001,15a2334d9048eab7bc5bbd2b28924adb25552d4bb8419e431650d2044b295037,False,,,,False,,50895c1a8f3c0da60ba692fe485101f0340fa6ed,1f2680a5b9065e708a7497adc53a95b108029b98,3.13.14,2.5.1,"{""pydantic"": ""2.13.4"", ""yaml"": ""6.0.3"", ""networkx"": ""3.6.1"", ""numpy"": ""2.5.1"", ""scipy"": ""1.18.0"", ""matplotlib"": ""3.11.0"", ""pandas"": ""3.0.3"", ""qutip"": ""5.3.0"", ""stim"": ""1.16.0"", ""gmpy2"": ""2.3.1"", ""nbformat"": ""5.10.4"", ""nbclient"": ""0.11.0""}",Windows,11,Gercom,2026-07-19T18:50:15.473254+00:00
P11_boundary_search,P11_boundary_search:diamond_heterogeneous:26d40ffb145b61f5:L2:106:m10-intent:0,diamond_heterogeneous,26d40ffb145b61f5,106,m10-intent,L2,iterative_analytical,0,10,10,0.8,0.05,0.02,,True,r1 -> bad -> r3,2,True,,,,0.834179745759839,4,0.001794,VIOLATED,False,2,0.8082697931624399,0.8082697931624399,-0.025909952597399144,3.200514,False,,1009,5,2,2,0,0,0.06016178751,d1746373b1c5c45a6143fc4d2362aff11aa5936d64ffb6e048ed93ac3a23427d,False,,,,False,,50895c1a8f3c0da60ba692fe485101f0340fa6ed,1f2680a5b9065e708a7497adc53a95b108029b98,3.13.14,2.5.1,"{""pydantic"": ""2.13.4"", ""yaml"": ""6.0.3"", ""networkx"": ""3.6.1"", ""numpy"": ""2.5.1"", ""scipy"": ""1.18.0"", ""matplotlib"": ""3.11.0"", ""pandas"": ""3.0.3"", ""qutip"": ""5.3.0"", ""stim"": ""1.16.0"", ""gmpy2"": ""2.3.1"", ""nbformat"": ""5.10.4"", ""nbclient"": ""0.11.0""}",Windows,11,Gercom,2026-07-19T18:50:27.081635+00:00
P11_boundary_search,P11_boundary_search:diamond_heterogeneous:26d40ffb145b61f5:L2:107:m10-intent:0,diamond_heterogeneous,26d40ffb145b61f5,107,m10-intent,L2,iterative_analytical,0,10,10,0.8,0.05,0.02,,True,r1 -> bad -> r3,2,True,,,,0.834179745759839,4,0.001069,VIOLATED,False,2,0.8082697931624399,0.8082697931624399,-0.025909952597399144,2.724962,False,,875,8,2,2,0,0,0.06017421251,72e6a308b5dd0ceb6b2cee5ad73523b3567e248dd695e525b83105f1b5c838fe,False,,,,False,,50895c1a8f3c0da60ba692fe485101f0340fa6ed,1f2680a5b9065e708a7497adc53a95b108029b98,3.13.14,2.5.1,"{""pydantic"": ""2.13.4"", ""yaml"": ""6.0.3"", ""networkx"": ""3.6.1"", ""numpy"": ""2.5.1"", ""scipy"": ""1.18.0"", ""matplotlib"": ""3.11.0"", ""pandas"": ""3.0.3"", ""qutip"": ""5.3.0"", ""stim"": ""1.16.0"", ""gmpy2"": ""2.3.1"", ""nbformat"": ""5.10.4"", ""nbclient"": ""0.11.0""}",Windows,11,Gercom,2026-07-19T18:50:37.567986+00:00
P11_boundary_search,P11_boundary_search:small_mesh:dc62953278767df1:L2:100:m10-intent:0,small_mesh,dc62953278767df1,100,m10-intent,L2,iterative_analytical,0,10,10,0.38,0.05,1e-05,,True,a0 -> a1 -> a2 -> a3 -> b3,4,True,,,,0.44755510859374986,0,0.001205,SATISFIED,True,232,0.4475551085937498,0.4475551085937498,-5.551115123125783e-17,10.815343,False,,616,238,0,0,0,0,0.06019016251,6176a02b0888092c3489643d450377dde87650e506d630c9f2e49d0720e3dfac,False,,,,False,,50895c1a8f3c0da60ba692fe485101f0340fa6ed,1f2680a5b9065e708a7497adc53a95b108029b98,3.13.14,2.5.1,"{""pydantic"": ""2.13.4"", ""yaml"": ""6.0.3"", ""networkx"": ""3.6.1"", ""numpy"": ""2.5.1"", ""scipy"": ""1.18.0"", ""matplotlib"": ""3.11.0"", ""pandas"": ""3.0.3"", ""qutip"": ""5.3.0"", ""stim"": ""1.16.0"", ""gmpy2"": ""2.3.1"", ""nbformat"": ""5.10.4"", ""nbclient"": ""0.11.0""}",Windows,11,Gercom,2026-07-19T18:50:56.598357+00:00
P11_boundary_search,P11_boundary_search:small_mesh:dc62953278767df1:L2:101:m10-intent:0,small_mesh,dc62953278767df1,101,m10-intent,L2,iterative_analytical,0,10,10,0.38,0.05,1e-05,,True,a0 -> a1 -> a2 -> a3 -> b3,4,True,,,,0.44755510859374986,0,0.001224,SATISFIED,True,219,0.4475551085937498,0.4475551085937498,-5.551115123125783e-17,10.677718,False,,641,222,0,0,0,0,0.06019526251,c3d650569b037fd70b4d6fdac0b7784cb413e70e4f7b0fa3fed2e403d41edf83,False,,,,False,,50895c1a8f3c0da60ba692fe485101f0340fa6ed,1f2680a5b9065e708a7497adc53a95b108029b98,3.13.14,2.5.1,"{""pydantic"": ""2.13.4"", ""yaml"": ""6.0.3"", ""networkx"": ""3.6.1"", ""numpy"": ""2.5.1"", ""scipy"": ""1.18.0"", ""matplotlib"": ""3.11.0"", ""pandas"": ""3.0.3"", ""qutip"": ""5.3.0"", ""stim"": ""1.16.0"", ""gmpy2"": ""2.3.1"", ""nbformat"": ""5.10.4"", ""nbclient"": ""0.11.0""}",Windows,11,Gercom,2026-07-19T18:51:14.850205+00:00
P11_boundary_search,P11_boundary_search:small_mesh:dc62953278767df1:L2:102:m10-intent:0,small_mesh,dc62953278767df1,102,m10-intent,L2,iterative_analytical,0,10,10,0.38,0.05,1e-05,,True,a0 -> a1 -> a2 -> a3 -> b3,4,True,,,,0.44755510859374986,0,0.001676,SATISFIED,True,208,0.4475551085937498,0.4475551085937498,-5.551115123125783e-17,11.018637,False,,627,212,0,0,0,0,0.06019775001,de35665f00c08278d6ee4e6df8d121a743abbeefa5f9e0a938709be19a814014,False,,,,False,,50895c1a8f3c0da60ba692fe485101f0340fa6ed,1f2680a5b9065e708a7497adc53a95b108029b98,3.13.14,2.5.1,"{""pydantic"": ""2.13.4"", ""yaml"": ""6.0.3"", ""networkx"": ""3.6.1"", ""numpy"": ""2.5.1"", ""scipy"": ""1.18.0"", ""matplotlib"": ""3.11.0"", ""pandas"": ""3.0.3"", ""qutip"": ""5.3.0"", ""stim"": ""1.16.0"", ""gmpy2"": ""2.3.1"", ""nbformat"": ""5.10.4"", ""nbclient"": ""0.11.0""}",Windows,11,Gercom,2026-07-19T18:51:33.733527+00:00
P11_boundary_search,P11_boundary_search:small_mesh:dc62953278767df1:L2:103:m10-intent:0,small_mesh,dc62953278767df1,103,m10-intent,L2,iterative_analytical,0,10,10,0.38,0.05,1e-05,,True,a0 -> a1 -> a2 -> a3 -> b3,4,True,,,,0.44755510859374986,0,0.002146,SATISFIED,True,224,0.4475551085937498,0.4475551085937498,-5.551115123125783e-17,11.480493,False,,631,228,0,0,0,0,0.06019777501,dc4646c9b3ffa2bf53de931aef5f5e92e41c066a99ef953ac9f5f594751669e7,False,,,,False,,50895c1a8f3c0da60ba692fe485101f0340fa6ed,1f2680a5b9065e708a7497adc53a95b108029b98,3.13.14,2.5.1,"{""pydantic"": ""2.13.4"", ""yaml"": ""6.0.3"", ""networkx"": ""3.6.1"", ""numpy"": ""2.5.1"", ""scipy"": ""1.18.0"", ""matplotlib"": ""3.11.0"", ""pandas"": ""3.0.3"", ""qutip"": ""5.3.0"", ""stim"": ""1.16.0"", ""gmpy2"": ""2.3.1"", ""nbformat"": ""5.10.4"", ""nbclient"": ""0.11.0""}",Windows,11,Gercom,2026-07-19T18:51:53.788495+00:00
P11_boundary_search,P11_boundary_search:small_mesh:dc62953278767df1:L2:104:m10-intent:0,small_mesh,dc62953278767df1,104,m10-intent,L2,iterative_analytical,0,10,10,0.38,0.05,1e-05,,True,a0 -> a1 -> a2 -> a3 -> b3,4,True,,,,0.44755510859374986,0,0.001884,SATISFIED,True,229,0.4475551085937498,0.4475551085937498,-5.551115123125783e-17,12.180104,False,,612,233,0,0,0,0,0.06019776251,5be48289de7ca5e39c3118df953c632b7475c91a0e016fb1da752c18f533c003,False,,,,False,,50895c1a8f3c0da60ba692fe485101f0340fa6ed,1f2680a5b9065e708a7497adc53a95b108029b98,3.13.14,2.5.1,"{""pydantic"": ""2.13.4"", ""yaml"": ""6.0.3"", ""networkx"": ""3.6.1"", ""numpy"": ""2.5.1"", ""scipy"": ""1.18.0"", ""matplotlib"": ""3.11.0"", ""pandas"": ""3.0.3"", ""qutip"": ""5.3.0"", ""stim"": ""1.16.0"", ""gmpy2"": ""2.3.1"", ""nbformat"": ""5.10.4"", ""nbclient"": ""0.11.0""}",Windows,11,Gercom,2026-07-19T18:52:15.914880+00:00
P11_boundary_search,P11_boundary_search:small_mesh:dc62953278767df1:L2:105:m10-intent:0,small_mesh,dc62953278767df1,105,m10-intent,L2,iterative_analytical,0,10,10,0.38,0.05,1e-05,,True,a0 -> a1 -> a2 -> a3 -> b3,4,True,,,,0.44755510859374986,0,0.002031,SATISFIED,True,229,0.4475551085937498,0.4475551085937498,-5.551115123125783e-17,12.862421,False,,597,233,0,0,0,0,0.06019783751,e8b560d2a3c41ca9c4e8bc4d4adcb56e11a43c2dc9a5b4f27c47dd24f7d8e403,False,,,,False,,50895c1a8f3c0da60ba692fe485101f0340fa6ed,1f2680a5b9065e708a7497adc53a95b108029b98,3.13.14,2.5.1,"{""pydantic"": ""2.13.4"", ""yaml"": ""6.0.3"", ""networkx"": ""3.6.1"", ""numpy"": ""2.5.1"", ""scipy"": ""1.18.0"", ""matplotlib"": ""3.11.0"", ""pandas"": ""3.0.3"", ""qutip"": ""5.3.0"", ""stim"": ""1.16.0"", ""gmpy2"": ""2.3.1"", ""nbformat"": ""5.10.4"", ""nbclient"": ""0.11.0""}",Windows,11,Gercom,2026-07-19T18:52:36.893540+00:00
P11_boundary_search,P11_boundary_search:small_mesh:dc62953278767df1:L2:106:m10-intent:0,small_mesh,dc62953278767df1,106,m10-intent,L2,iterative_analytical,0,10,10,0.38,0.05,1e-05,,True,a0 -> a1 -> a2 -> a3 -> b3,4,True,,,,0.44755510859374986,0,0.002915,SATISFIED,True,219,0.4475551085937498,0.4475551085937498,-5.551115123125783e-17,10.788782,False,,607,222,0,0,0,0,0.06015407501,519527120df61fa1f5de2f28812b55be7f9cce112e8256d2307ecbafc6009483,False,,,,False,,50895c1a8f3c0da60ba692fe485101f0340fa6ed,1f2680a5b9065e708a7497adc53a95b108029b98,3.13.14,2.5.1,"{""pydantic"": ""2.13.4"", ""yaml"": ""6.0.3"", ""networkx"": ""3.6.1"", ""numpy"": ""2.5.1"", ""scipy"": ""1.18.0"", ""matplotlib"": ""3.11.0"", ""pandas"": ""3.0.3"", ""qutip"": ""5.3.0"", ""stim"": ""1.16.0"", ""gmpy2"": ""2.3.1"", ""nbformat"": ""5.10.4"", ""nbclient"": ""0.11.0""}",Windows,11,Gercom,2026-07-19T18:52:56.624994+00:00
P11_boundary_search,P11_boundary_search:small_mesh:dc62953278767df1:L2:107:m10-intent:0,small_mesh,dc62953278767df1,107,m10-intent,L2,iterative_analytical,0,10,10,0.38,0.05,1e-05,,True,a0 -> a1 -> a2 -> a3 -> b3,4,True,,,,0.44755510859374986,0,0.001244,SATISFIED,True,221,0.4475551085937498,0.4475551085937498,-5.551115123125783e-17,11.459295,False,,655,225,0,0,0,0,0.06019782501,2f02d2a8b45f4f6e4474a2a48a462c08f63e77c6c1cfb294dc5e25f7f9306306,False,,,,False,,50895c1a8f3c0da60ba692fe485101f0340fa6ed,1f2680a5b9065e708a7497adc53a95b108029b98,3.13.14,2.5.1,"{""pydantic"": ""2.13.4"", ""yaml"": ""6.0.3"", ""networkx"": ""3.6.1"", ""numpy"": ""2.5.1"", ""scipy"": ""1.18.0"", ""matplotlib"": ""3.11.0"", ""pandas"": ""3.0.3"", ""qutip"": ""5.3.0"", ""stim"": ""1.16.0"", ""gmpy2"": ""2.3.1"", ""nbformat"": ""5.10.4"", ""nbclient"": ""0.11.0""}",Windows,11,Gercom,2026-07-19T18:53:16.807929+00:00
P11_boundary_search,P11_boundary_search:small_mesh:326bcd10c4d6efb3:L2:100:m10-intent:0,small_mesh,326bcd10c4d6efb3,100,m10-intent,L2,iterative_analytical,0,10,10,0.4,0.05,1e-05,,True,a0 -> a1 -> a2 -> a3 -> b3,4,True,,,,0.44755510859374986,0,0.001197,SATISFIED,True,232,0.4475551085937498,0.4475551085937498,-5.551115123125783e-17,13.570547,False,,616,238,0,0,0,0,0.06019016251,6176a02b0888092c3489643d450377dde87650e506d630c9f2e49d0720e3dfac,False,,,,False,,50895c1a8f3c0da60ba692fe485101f0340fa6ed,1f2680a5b9065e708a7497adc53a95b108029b98,3.13.14,2.5.1,"{""pydantic"": ""2.13.4"", ""yaml"": ""6.0.3"", ""networkx"": ""3.6.1"", ""numpy"": ""2.5.1"", ""scipy"": ""1.18.0"", ""matplotlib"": ""3.11.0"", ""pandas"": ""3.0.3"", ""qutip"": ""5.3.0"", ""stim"": ""1.16.0"", ""gmpy2"": ""2.3.1"", ""nbformat"": ""5.10.4"", ""nbclient"": ""0.11.0""}",Windows,11,Gercom,2026-07-19T18:53:39.636374+00:00
P11_boundary_search,P11_boundary_search:small_mesh:326bcd10c4d6efb3:L2:101:m10-intent:0,small_mesh,326bcd10c4d6efb3,101,m10-intent,L2,iterative_analytical,0,10,10,0.4,0.05,1e-05,,True,a0 -> a1 -> a2 -> a3 -> b3,4,True,,,,0.44755510859374986,0,0.002189,SATISFIED,True,219,0.4475551085937498,0.4475551085937498,-5.551115123125783e-17,12.084295,False,,641,222,0,0,0,0,0.06019526251,c3d650569b037fd70b4d6fdac0b7784cb413e70e4f7b0fa3fed2e403d41edf83,False,,,,False,,50895c1a8f3c0da60ba692fe485101f0340fa6ed,1f2680a5b9065e708a7497adc53a95b108029b98,3.13.14,2.5.1,"{""pydantic"": ""2.13.4"", ""yaml"": ""6.0.3"", ""networkx"": ""3.6.1"", ""numpy"": ""2.5.1"", ""scipy"": ""1.18.0"", ""matplotlib"": ""3.11.0"", ""pandas"": ""3.0.3"", ""qutip"": ""5.3.0"", ""stim"": ""1.16.0"", ""gmpy2"": ""2.3.1"", ""nbformat"": ""5.10.4"", ""nbclient"": ""0.11.0""}",Windows,11,Gercom,2026-07-19T18:54:00.651124+00:00
P11_boundary_search,P11_boundary_search:small_mesh:326bcd10c4d6efb3:L2:102:m10-intent:0,small_mesh,326bcd10c4d6efb3,102,m10-intent,L2,iterative_analytical,0,10,10,0.4,0.05,1e-05,,True,a0 -> a1 -> a2 -> a3 -> b3,4,True,,,,0.44755510859374986,0,0.001997,SATISFIED,True,208,0.4475551085937498,0.4475551085937498,-5.551115123125783e-17,10.441173,False,,627,212,0,0,0,0,0.06019775001,de35665f00c08278d6ee4e6df8d121a743abbeefa5f9e0a938709be19a814014,False,,,,False,,50895c1a8f3c0da60ba692fe485101f0340fa6ed,1f2680a5b9065e708a7497adc53a95b108029b98,3.13.14,2.5.1,"{""pydantic"": ""2.13.4"", ""yaml"": ""6.0.3"", ""networkx"": ""3.6.1"", ""numpy"": ""2.5.1"", ""scipy"": ""1.18.0"", ""matplotlib"": ""3.11.0"", ""pandas"": ""3.0.3"", ""qutip"": ""5.3.0"", ""stim"": ""1.16.0"", ""gmpy2"": ""2.3.1"", ""nbformat"": ""5.10.4"", ""nbclient"": ""0.11.0""}",Windows,11,Gercom,2026-07-19T18:54:20.827992+00:00
P11_boundary_search,P11_boundary_search:small_mesh:326bcd10c4d6efb3:L2:103:m10-intent:0,small_mesh,326bcd10c4d6efb3,103,m10-intent,L2,iterative_analytical,0,10,10,0.4,0.05,1e-05,,True,a0 -> a1 -> a2 -> a3 -> b3,4,True,,,,0.44755510859374986,0,0.001211,SATISFIED,True,224,0.4475551085937498,0.4475551085937498,-5.551115123125783e-17,10.110993,False,,631,228,0,0,0,0,0.06019777501,dc4646c9b3ffa2bf53de931aef5f5e92e41c066a99ef953ac9f5f594751669e7,False,,,,False,,50895c1a8f3c0da60ba692fe485101f0340fa6ed,1f2680a5b9065e708a7497adc53a95b108029b98,3.13.14,2.5.1,"{""pydantic"": ""2.13.4"", ""yaml"": ""6.0.3"", ""networkx"": ""3.6.1"", ""numpy"": ""2.5.1"", ""scipy"": ""1.18.0"", ""matplotlib"": ""3.11.0"", ""pandas"": ""3.0.3"", ""qutip"": ""5.3.0"", ""stim"": ""1.16.0"", ""gmpy2"": ""2.3.1"", ""nbformat"": ""5.10.4"", ""nbclient"": ""0.11.0""}",Windows,11,Gercom,2026-07-19T18:54:39.688746+00:00
P11_boundary_search,P11_boundary_search:small_mesh:326bcd10c4d6efb3:L2:104:m10-intent:0,small_mesh,326bcd10c4d6efb3,104,m10-intent,L2,iterative_analytical,0,10,10,0.4,0.05,1e-05,,True,a0 -> a1 -> a2 -> a3 -> b3,4,True,,,,0.44755510859374986,0,0.002207,SATISFIED,True,229,0.4475551085937498,0.4475551085937498,-5.551115123125783e-17,13.472545,False,,612,233,0,0,0,0,0.06019776251,5be48289de7ca5e39c3118df953c632b7475c91a0e016fb1da752c18f533c003,False,,,,False,,50895c1a8f3c0da60ba692fe485101f0340fa6ed,1f2680a5b9065e708a7497adc53a95b108029b98,3.13.14,2.5.1,"{""pydantic"": ""2.13.4"", ""yaml"": ""6.0.3"", ""networkx"": ""3.6.1"", ""numpy"": ""2.5.1"", ""scipy"": ""1.18.0"", ""matplotlib"": ""3.11.0"", ""pandas"": ""3.0.3"", ""qutip"": ""5.3.0"", ""stim"": ""1.16.0"", ""gmpy2"": ""2.3.1"", ""nbformat"": ""5.10.4"", ""nbclient"": ""0.11.0""}",Windows,11,Gercom,2026-07-19T18:55:00.979114+00:00
P11_boundary_search,P11_boundary_search:small_mesh:326bcd10c4d6efb3:L2:105:m10-intent:0,small_mesh,326bcd10c4d6efb3,105,m10-intent,L2,iterative_analytical,0,10,10,0.4,0.05,1e-05,,True,a0 -> a1 -> a2 -> a3 -> b3,4,True,,,,0.44755510859374986,0,0.00235,SATISFIED,True,229,0.4475551085937498,0.4475551085937498,-5.551115123125783e-17,12.038307,False,,597,233,0,0,0,0,0.06019783751,e8b560d2a3c41ca9c4e8bc4d4adcb56e11a43c2dc9a5b4f27c47dd24f7d8e403,False,,,,False,,50895c1a8f3c0da60ba692fe485101f0340fa6ed,1f2680a5b9065e708a7497adc53a95b108029b98,3.13.14,2.5.1,"{""pydantic"": ""2.13.4"", ""yaml"": ""6.0.3"", ""networkx"": ""3.6.1"", ""numpy"": ""2.5.1"", ""scipy"": ""1.18.0"", ""matplotlib"": ""3.11.0"", ""pandas"": ""3.0.3"", ""qutip"": ""5.3.0"", ""stim"": ""1.16.0"", ""gmpy2"": ""2.3.1"", ""nbformat"": ""5.10.4"", ""nbclient"": ""0.11.0""}",Windows,11,Gercom,2026-07-19T18:55:21.539419+00:00
P11_boundary_search,P11_boundary_search:small_mesh:326bcd10c4d6efb3:L2:106:m10-intent:0,small_mesh,326bcd10c4d6efb3,106,m10-intent,L2,iterative_analytical,0,10,10,0.4,0.05,1e-05,,True,a0 -> a1 -> a2 -> a3 -> b3,4,True,,,,0.44755510859374986,0,0.001158,SATISFIED,True,219,0.4475551085937498,0.4475551085937498,-5.551115123125783e-17,11.167779,False,,607,222,0,0,0,0,0.06015407501,519527120df61fa1f5de2f28812b55be7f9cce112e8256d2307ecbafc6009483,False,,,,False,,50895c1a8f3c0da60ba692fe485101f0340fa6ed,1f2680a5b9065e708a7497adc53a95b108029b98,3.13.14,2.5.1,"{""pydantic"": ""2.13.4"", ""yaml"": ""6.0.3"", ""networkx"": ""3.6.1"", ""numpy"": ""2.5.1"", ""scipy"": ""1.18.0"", ""matplotlib"": ""3.11.0"", ""pandas"": ""3.0.3"", ""qutip"": ""5.3.0"", ""stim"": ""1.16.0"", ""gmpy2"": ""2.3.1"", ""nbformat"": ""5.10.4"", ""nbclient"": ""0.11.0""}",Windows,11,Gercom,2026-07-19T18:55:41.935700+00:00
P11_boundary_search,P11_boundary_search:small_mesh:326bcd10c4d6efb3:L2:107:m10-intent:0,small_mesh,326bcd10c4d6efb3,107,m10-intent,L2,iterative_analytical,0,10,10,0.4,0.05,1e-05,,True,a0 -> a1 -> a2 -> a3 -> b3,4,True,,,,0.44755510859374986,0,0.001457,SATISFIED,True,221,0.4475551085937498,0.4475551085937498,-5.551115123125783e-17,10.140272,False,,655,225,0,0,0,0,0.06019782501,2f02d2a8b45f4f6e4474a2a48a462c08f63e77c6c1cfb294dc5e25f7f9306306,False,,,,False,,50895c1a8f3c0da60ba692fe485101f0340fa6ed,1f2680a5b9065e708a7497adc53a95b108029b98,3.13.14,2.5.1,"{""pydantic"": ""2.13.4"", ""yaml"": ""6.0.3"", ""networkx"": ""3.6.1"", ""numpy"": ""2.5.1"", ""scipy"": ""1.18.0"", ""matplotlib"": ""3.11.0"", ""pandas"": ""3.0.3"", ""qutip"": ""5.3.0"", ""stim"": ""1.16.0"", ""gmpy2"": ""2.3.1"", ""nbformat"": ""5.10.4"", ""nbclient"": ""0.11.0""}",Windows,11,Gercom,2026-07-19T18:56:00.678721+00:00
P11_boundary_search,P11_boundary_search:small_mesh:476843fff697d0b2:L2:100:m10-intent:0,small_mesh,476843fff697d0b2,100,m10-intent,L2,iterative_analytical,0,10,10,0.42,0.05,1e-05,,True,a0 -> a1 -> a2 -> a3 -> b3,4,True,,,,0.44755510859374986,0,0.001182,SATISFIED,True,232,0.4475551085937498,0.4475551085937498,-5.551115123125783e-17,10.962411,False,,616,238,0,0,0,0,0.06019016251,6176a02b0888092c3489643d450377dde87650e506d630c9f2e49d0720e3dfac,False,,,,False,,50895c1a8f3c0da60ba692fe485101f0340fa6ed,1f2680a5b9065e708a7497adc53a95b108029b98,3.13.14,2.5.1,"{""pydantic"": ""2.13.4"", ""yaml"": ""6.0.3"", ""networkx"": ""3.6.1"", ""numpy"": ""2.5.1"", ""scipy"": ""1.18.0"", ""matplotlib"": ""3.11.0"", ""pandas"": ""3.0.3"", ""qutip"": ""5.3.0"", ""stim"": ""1.16.0"", ""gmpy2"": ""2.3.1"", ""nbformat"": ""5.10.4"", ""nbclient"": ""0.11.0""}",Windows,11,Gercom,2026-07-19T18:56:19.581213+00:00
P11_boundary_search,P11_boundary_search:small_mesh:476843fff697d0b2:L2:101:m10-intent:0,small_mesh,476843fff697d0b2,101,m10-intent,L2,iterative_analytical,0,10,10,0.42,0.05,1e-05,,True,a0 -> a1 -> a2 -> a3 -> b3,4,True,,,,0.44755510859374986,0,0.001279,SATISFIED,True,219,0.4475551085937498,0.4475551085937498,-5.551115123125783e-17,10.190721,False,,641,222,0,0,0,0,0.06019526251,c3d650569b037fd70b4d6fdac0b7784cb413e70e4f7b0fa3fed2e403d41edf83,False,,,,False,,50895c1a8f3c0da60ba692fe485101f0340fa6ed,1f2680a5b9065e708a7497adc53a95b108029b98,3.13.14,2.5.1,"{""pydantic"": ""2.13.4"", ""yaml"": ""6.0.3"", ""networkx"": ""3.6.1"", ""numpy"": ""2.5.1"", ""scipy"": ""1.18.0"", ""matplotlib"": ""3.11.0"", ""pandas"": ""3.0.3"", ""qutip"": ""5.3.0"", ""stim"": ""1.16.0"", ""gmpy2"": ""2.3.1"", ""nbformat"": ""5.10.4"", ""nbclient"": ""0.11.0""}",Windows,11,Gercom,2026-07-19T18:56:37.642487+00:00
P11_boundary_search,P11_boundary_search:small_mesh:476843fff697d0b2:L2:102:m10-intent:0,small_mesh,476843fff697d0b2,102,m10-intent,L2,iterative_analytical,0,10,10,0.42,0.05,1e-05,,True,a0 -> a1 -> a2 -> a3 -> b3,4,True,,,,0.44755510859374986,0,0.00127,SATISFIED,True,208,0.4475551085937498,0.4475551085937498,-5.551115123125783e-17,10.660986,False,,627,212,0,0,0,0,0.06019775001,de35665f00c08278d6ee4e6df8d121a743abbeefa5f9e0a938709be19a814014,False,,,,False,,50895c1a8f3c0da60ba692fe485101f0340fa6ed,1f2680a5b9065e708a7497adc53a95b108029b98,3.13.14,2.5.1,"{""pydantic"": ""2.13.4"", ""yaml"": ""6.0.3"", ""networkx"": ""3.6.1"", ""numpy"": ""2.5.1"", ""scipy"": ""1.18.0"", ""matplotlib"": ""3.11.0"", ""pandas"": ""3.0.3"", ""qutip"": ""5.3.0"", ""stim"": ""1.16.0"", ""gmpy2"": ""2.3.1"", ""nbformat"": ""5.10.4"", ""nbclient"": ""0.11.0""}",Windows,11,Gercom,2026-07-19T18:56:56.387267+00:00
P11_boundary_search,P11_boundary_search:small_mesh:476843fff697d0b2:L2:103:m10-intent:0,small_mesh,476843fff697d0b2,103,m10-intent,L2,iterative_analytical,0,10,10,0.42,0.05,1e-05,,True,a0 -> a1 -> a2 -> a3 -> b3,4,True,,,,0.44755510859374986,0,0.002255,SATISFIED,True,224,0.4475551085937498,0.4475551085937498,-5.551115123125783e-17,10.76822,False,,631,228,0,0,0,0,0.06019777501,dc4646c9b3ffa2bf53de931aef5f5e92e41c066a99ef953ac9f5f594751669e7,False,,,,False,,50895c1a8f3c0da60ba692fe485101f0340fa6ed,1f2680a5b9065e708a7497adc53a95b108029b98,3.13.14,2.5.1,"{""pydantic"": ""2.13.4"", ""yaml"": ""6.0.3"", ""networkx"": ""3.6.1"", ""numpy"": ""2.5.1"", ""scipy"": ""1.18.0"", ""matplotlib"": ""3.11.0"", ""pandas"": ""3.0.3"", ""qutip"": ""5.3.0"", ""stim"": ""1.16.0"", ""gmpy2"": ""2.3.1"", ""nbformat"": ""5.10.4"", ""nbclient"": ""0.11.0""}",Windows,11,Gercom,2026-07-19T18:57:15.724624+00:00
P11_boundary_search,P11_boundary_search:small_mesh:476843fff697d0b2:L2:104:m10-intent:0,small_mesh,476843fff697d0b2,104,m10-intent,L2,iterative_analytical,0,10,10,0.42,0.05,1e-05,,True,a0 -> a1 -> a2 -> a3 -> b3,4,True,,,,0.44755510859374986,0,0.002108,SATISFIED,True,229,0.4475551085937498,0.4475551085937498,-5.551115123125783e-17,13.055081,False,,612,233,0,0,0,0,0.06019776251,5be48289de7ca5e39c3118df953c632b7475c91a0e016fb1da752c18f533c003,False,,,,False,,50895c1a8f3c0da60ba692fe485101f0340fa6ed,1f2680a5b9065e708a7497adc53a95b108029b98,3.13.14,2.5.1,"{""pydantic"": ""2.13.4"", ""yaml"": ""6.0.3"", ""networkx"": ""3.6.1"", ""numpy"": ""2.5.1"", ""scipy"": ""1.18.0"", ""matplotlib"": ""3.11.0"", ""pandas"": ""3.0.3"", ""qutip"": ""5.3.0"", ""stim"": ""1.16.0"", ""gmpy2"": ""2.3.1"", ""nbformat"": ""5.10.4"", ""nbclient"": ""0.11.0""}",Windows,11,Gercom,2026-07-19T18:57:38.035603+00:00
P11_boundary_search,P11_boundary_search:small_mesh:476843fff697d0b2:L2:105:m10-intent:0,small_mesh,476843fff697d0b2,105,m10-intent,L2,iterative_analytical,0,10,10,0.42,0.05,1e-05,,True,a0 -> a1 -> a2 -> a3 -> b3,4,True,,,,0.44755510859374986,0,0.001207,SATISFIED,True,229,0.4475551085937498,0.4475551085937498,-5.551115123125783e-17,12.895256,False,,597,233,0,0,0,0,0.06019783751,e8b560d2a3c41ca9c4e8bc4d4adcb56e11a43c2dc9a5b4f27c47dd24f7d8e403,False,,,,False,,50895c1a8f3c0da60ba692fe485101f0340fa6ed,1f2680a5b9065e708a7497adc53a95b108029b98,3.13.14,2.5.1,"{""pydantic"": ""2.13.4"", ""yaml"": ""6.0.3"", ""networkx"": ""3.6.1"", ""numpy"": ""2.5.1"", ""scipy"": ""1.18.0"", ""matplotlib"": ""3.11.0"", ""pandas"": ""3.0.3"", ""qutip"": ""5.3.0"", ""stim"": ""1.16.0"", ""gmpy2"": ""2.3.1"", ""nbformat"": ""5.10.4"", ""nbclient"": ""0.11.0""}",Windows,11,Gercom,2026-07-19T18:58:00.037039+00:00
P11_boundary_search,P11_boundary_search:small_mesh:476843fff697d0b2:L2:106:m10-intent:0,small_mesh,476843fff697d0b2,106,m10-intent,L2,iterative_analytical,0,10,10,0.42,0.05,1e-05,,True,a0 -> a1 -> a2 -> a3 -> b3,4,True,,,,0.44755510859374986,0,0.001898,SATISFIED,True,219,0.4475551085937498,0.4475551085937498,-5.551115123125783e-17,11.35903,False,,607,222,0,0,0,0,0.06015407501,519527120df61fa1f5de2f28812b55be7f9cce112e8256d2307ecbafc6009483,False,,,,False,,50895c1a8f3c0da60ba692fe485101f0340fa6ed,1f2680a5b9065e708a7497adc53a95b108029b98,3.13.14,2.5.1,"{""pydantic"": ""2.13.4"", ""yaml"": ""6.0.3"", ""networkx"": ""3.6.1"", ""numpy"": ""2.5.1"", ""scipy"": ""1.18.0"", ""matplotlib"": ""3.11.0"", ""pandas"": ""3.0.3"", ""qutip"": ""5.3.0"", ""stim"": ""1.16.0"", ""gmpy2"": ""2.3.1"", ""nbformat"": ""5.10.4"", ""nbclient"": ""0.11.0""}",Windows,11,Gercom,2026-07-19T18:58:20.530908+00:00
P11_boundary_search,P11_boundary_search:small_mesh:476843fff697d0b2:L2:107:m10-intent:0,small_mesh,476843fff697d0b2,107,m10-intent,L2,iterative_analytical,0,10,10,0.42,0.05,1e-05,,True,a0 -> a1 -> a2 -> a3 -> b3,4,True,,,,0.44755510859374986,0,0.001213,SATISFIED,True,221,0.4475551085937498,0.4475551085937498,-5.551115123125783e-17,10.789954,False,,655,225,0,0,0,0,0.06019782501,2f02d2a8b45f4f6e4474a2a48a462c08f63e77c6c1cfb294dc5e25f7f9306306,False,,,,False,,50895c1a8f3c0da60ba692fe485101f0340fa6ed,1f2680a5b9065e708a7497adc53a95b108029b98,3.13.14,2.5.1,"{""pydantic"": ""2.13.4"", ""yaml"": ""6.0.3"", ""networkx"": ""3.6.1"", ""numpy"": ""2.5.1"", ""scipy"": ""1.18.0"", ""matplotlib"": ""3.11.0"", ""pandas"": ""3.0.3"", ""qutip"": ""5.3.0"", ""stim"": ""1.16.0"", ""gmpy2"": ""2.3.1"", ""nbformat"": ""5.10.4"", ""nbclient"": ""0.11.0""}",Windows,11,Gercom,2026-07-19T18:58:40.585369+00:00
P11_boundary_search,P11_boundary_search:small_mesh:f2a6c1ec00ea986d:L2:100:m10-intent:0,small_mesh,f2a6c1ec00ea986d,100,m10-intent,L2,iterative_analytical,0,10,10,0.44,0.05,1e-05,,True,a0 -> a1 -> a2 -> a3 -> b3,4,True,,,,0.44755510859374986,0,0.002353,SATISFIED,True,232,0.4475551085937498,0.4475551085937498,-5.551115123125783e-17,13.656409,False,,616,238,0,0,0,0,0.06019016251,6176a02b0888092c3489643d450377dde87650e506d630c9f2e49d0720e3dfac,False,,,,False,,50895c1a8f3c0da60ba692fe485101f0340fa6ed,1f2680a5b9065e708a7497adc53a95b108029b98,3.13.14,2.5.1,"{""pydantic"": ""2.13.4"", ""yaml"": ""6.0.3"", ""networkx"": ""3.6.1"", ""numpy"": ""2.5.1"", ""scipy"": ""1.18.0"", ""matplotlib"": ""3.11.0"", ""pandas"": ""3.0.3"", ""qutip"": ""5.3.0"", ""stim"": ""1.16.0"", ""gmpy2"": ""2.3.1"", ""nbformat"": ""5.10.4"", ""nbclient"": ""0.11.0""}",Windows,11,Gercom,2026-07-19T18:59:03.433203+00:00
P11_boundary_search,P11_boundary_search:small_mesh:f2a6c1ec00ea986d:L2:101:m10-intent:0,small_mesh,f2a6c1ec00ea986d,101,m10-intent,L2,iterative_analytical,0,10,10,0.44,0.05,1e-05,,True,a0 -> a1 -> a2 -> a3 -> b3,4,True,,,,0.44755510859374986,0,0.001203,SATISFIED,True,219,0.4475551085937498,0.4475551085937498,-5.551115123125783e-17,11.307018,False,,641,222,0,0,0,0,0.06019526251,c3d650569b037fd70b4d6fdac0b7784cb413e70e4f7b0fa3fed2e403d41edf83,False,,,,False,,50895c1a8f3c0da60ba692fe485101f0340fa6ed,1f2680a5b9065e708a7497adc53a95b108029b98,3.13.14,2.5.1,"{""pydantic"": ""2.13.4"", ""yaml"": ""6.0.3"", ""networkx"": ""3.6.1"", ""numpy"": ""2.5.1"", ""scipy"": ""1.18.0"", ""matplotlib"": ""3.11.0"", ""pandas"": ""3.0.3"", ""qutip"": ""5.3.0"", ""stim"": ""1.16.0"", ""gmpy2"": ""2.3.1"", ""nbformat"": ""5.10.4"", ""nbclient"": ""0.11.0""}",Windows,11,Gercom,2026-07-19T18:59:23.859079+00:00
P11_boundary_search,P11_boundary_search:small_mesh:f2a6c1ec00ea986d:L2:102:m10-intent:0,small_mesh,f2a6c1ec00ea986d,102,m10-intent,L2,iterative_analytical,0,10,10,0.44,0.05,1e-05,,True,a0 -> a1 -> a2 -> a3 -> b3,4,True,,,,0.44755510859374986,0,0.001184,SATISFIED,True,208,0.4475551085937498,0.4475551085937498,-5.551115123125783e-17,10.474007,False,,627,212,0,0,0,0,0.06019775001,de35665f00c08278d6ee4e6df8d121a743abbeefa5f9e0a938709be19a814014,False,,,,False,,50895c1a8f3c0da60ba692fe485101f0340fa6ed,1f2680a5b9065e708a7497adc53a95b108029b98,3.13.14,2.5.1,"{""pydantic"": ""2.13.4"", ""yaml"": ""6.0.3"", ""networkx"": ""3.6.1"", ""numpy"": ""2.5.1"", ""scipy"": ""1.18.0"", ""matplotlib"": ""3.11.0"", ""pandas"": ""3.0.3"", ""qutip"": ""5.3.0"", ""stim"": ""1.16.0"", ""gmpy2"": ""2.3.1"", ""nbformat"": ""5.10.4"", ""nbclient"": ""0.11.0""}",Windows,11,Gercom,2026-07-19T18:59:43.040838+00:00
P11_boundary_search,P11_boundary_search:small_mesh:f2a6c1ec00ea986d:L2:103:m10-intent:0,small_mesh,f2a6c1ec00ea986d,103,m10-intent,L2,iterative_analytical,0,10,10,0.44,0.05,1e-05,,True,a0 -> a1 -> a2 -> a3 -> b3,4,True,,,,0.44755510859374986,0,0.001171,SATISFIED,True,224,0.4475551085937498,0.4475551085937498,-5.551115123125783e-17,13.835958,False,,631,228,0,0,0,0,0.06019777501,dc4646c9b3ffa2bf53de931aef5f5e92e41c066a99ef953ac9f5f594751669e7,False,,,,False,,50895c1a8f3c0da60ba692fe485101f0340fa6ed,1f2680a5b9065e708a7497adc53a95b108029b98,3.13.14,2.5.1,"{""pydantic"": ""2.13.4"", ""yaml"": ""6.0.3"", ""networkx"": ""3.6.1"", ""numpy"": ""2.5.1"", ""scipy"": ""1.18.0"", ""matplotlib"": ""3.11.0"", ""pandas"": ""3.0.3"", ""qutip"": ""5.3.0"", ""stim"": ""1.16.0"", ""gmpy2"": ""2.3.1"", ""nbformat"": ""5.10.4"", ""nbclient"": ""0.11.0""}",Windows,11,Gercom,2026-07-19T19:00:06.077039+00:00
P11_boundary_search,P11_boundary_search:small_mesh:f2a6c1ec00ea986d:L2:104:m10-intent:0,small_mesh,f2a6c1ec00ea986d,104,m10-intent,L2,iterative_analytical,0,10,10,0.44,0.05,1e-05,,True,a0 -> a1 -> a2 -> a3 -> b3,4,True,,,,0.44755510859374986,0,0.001225,SATISFIED,True,229,0.4475551085937498,0.4475551085937498,-5.551115123125783e-17,10.903659,False,,612,233,0,0,0,0,0.06019776251,5be48289de7ca5e39c3118df953c632b7475c91a0e016fb1da752c18f533c003,False,,,,False,,50895c1a8f3c0da60ba692fe485101f0340fa6ed,1f2680a5b9065e708a7497adc53a95b108029b98,3.13.14,2.5.1,"{""pydantic"": ""2.13.4"", ""yaml"": ""6.0.3"", ""networkx"": ""3.6.1"", ""numpy"": ""2.5.1"", ""scipy"": ""1.18.0"", ""matplotlib"": ""3.11.0"", ""pandas"": ""3.0.3"", ""qutip"": ""5.3.0"", ""stim"": ""1.16.0"", ""gmpy2"": ""2.3.1"", ""nbformat"": ""5.10.4"", ""nbclient"": ""0.11.0""}",Windows,11,Gercom,2026-07-19T19:00:26.736751+00:00
P11_boundary_search,P11_boundary_search:small_mesh:f2a6c1ec00ea986d:L2:105:m10-intent:0,small_mesh,f2a6c1ec00ea986d,105,m10-intent,L2,iterative_analytical,0,10,10,0.44,0.05,1e-05,,True,a0 -> a1 -> a2 -> a3 -> b3,4,True,,,,0.44755510859374986,0,0.001166,SATISFIED,True,229,0.4475551085937498,0.4475551085937498,-5.551115123125783e-17,10.983951,False,,597,233,0,0,0,0,0.06019783751,e8b560d2a3c41ca9c4e8bc4d4adcb56e11a43c2dc9a5b4f27c47dd24f7d8e403,False,,,,False,,50895c1a8f3c0da60ba692fe485101f0340fa6ed,1f2680a5b9065e708a7497adc53a95b108029b98,3.13.14,2.5.1,"{""pydantic"": ""2.13.4"", ""yaml"": ""6.0.3"", ""networkx"": ""3.6.1"", ""numpy"": ""2.5.1"", ""scipy"": ""1.18.0"", ""matplotlib"": ""3.11.0"", ""pandas"": ""3.0.3"", ""qutip"": ""5.3.0"", ""stim"": ""1.16.0"", ""gmpy2"": ""2.3.1"", ""nbformat"": ""5.10.4"", ""nbclient"": ""0.11.0""}",Windows,11,Gercom,2026-07-19T19:00:46.395916+00:00
P11_boundary_search,P11_boundary_search:small_mesh:f2a6c1ec00ea986d:L2:106:m10-intent:0,small_mesh,f2a6c1ec00ea986d,106,m10-intent,L2,iterative_analytical,0,10,10,0.44,0.05,1e-05,,True,a0 -> a1 -> a2 -> a3 -> b3,4,True,,,,0.44755510859374986,0,0.001257,SATISFIED,True,219,0.4475551085937498,0.4475551085937498,-5.551115123125783e-17,12.546244,False,,607,222,0,0,0,0,0.06015407501,519527120df61fa1f5de2f28812b55be7f9cce112e8256d2307ecbafc6009483,False,,,,False,,50895c1a8f3c0da60ba692fe485101f0340fa6ed,1f2680a5b9065e708a7497adc53a95b108029b98,3.13.14,2.5.1,"{""pydantic"": ""2.13.4"", ""yaml"": ""6.0.3"", ""networkx"": ""3.6.1"", ""numpy"": ""2.5.1"", ""scipy"": ""1.18.0"", ""matplotlib"": ""3.11.0"", ""pandas"": ""3.0.3"", ""qutip"": ""5.3.0"", ""stim"": ""1.16.0"", ""gmpy2"": ""2.3.1"", ""nbformat"": ""5.10.4"", ""nbclient"": ""0.11.0""}",Windows,11,Gercom,2026-07-19T19:01:07.514421+00:00
P11_boundary_search,P11_boundary_search:small_mesh:f2a6c1ec00ea986d:L2:107:m10-intent:0,small_mesh,f2a6c1ec00ea986d,107,m10-intent,L2,iterative_analytical,0,10,10,0.44,0.05,1e-05,,True,a0 -> a1 -> a2 -> a3 -> b3,4,True,,,,0.44755510859374986,0,0.001155,SATISFIED,True,221,0.4475551085937498,0.4475551085937498,-5.551115123125783e-17,13.038078,False,,655,225,0,0,0,0,0.06019782501,2f02d2a8b45f4f6e4474a2a48a462c08f63e77c6c1cfb294dc5e25f7f9306306,False,,,,False,,50895c1a8f3c0da60ba692fe485101f0340fa6ed,1f2680a5b9065e708a7497adc53a95b108029b98,3.13.14,2.5.1,"{""pydantic"": ""2.13.4"", ""yaml"": ""6.0.3"", ""networkx"": ""3.6.1"", ""numpy"": ""2.5.1"", ""scipy"": ""1.18.0"", ""matplotlib"": ""3.11.0"", ""pandas"": ""3.0.3"", ""qutip"": ""5.3.0"", ""stim"": ""1.16.0"", ""gmpy2"": ""2.3.1"", ""nbformat"": ""5.10.4"", ""nbclient"": ""0.11.0""}",Windows,11,Gercom,2026-07-19T19:01:29.635286+00:00
P11_boundary_search,P11_boundary_search:small_mesh:5ca27dccccc9ca2c:L2:100:m10-intent:0,small_mesh,5ca27dccccc9ca2c,100,m10-intent,L2,iterative_analytical,0,10,10,0.46,0.05,1e-05,,True,,0,False,no candidate route is feasible: a0->a1->a2->a3->b3 (min_fidelity 0.460 exceeds the achievable estimate 0.438 (no further gain after round 1 (fixed point reached))); a0->b0->b1->b2->b3 (min_fidelity 0.460 exceeds the achievable estimate 0.438 (no further gain after round 1 (fixed point reached))); a0->a1->b1->b2->b3 (min_fidelity 0.460 exceeds the achievable estimate 0.438 (no further gain after round 1 (fixed point reached))),,,,0,0.002375,REJECTED,,,,,,,False,,,,,,,,,,False,,,,False,,50895c1a8f3c0da60ba692fe485101f0340fa6ed,1f2680a5b9065e708a7497adc53a95b108029b98,3.13.14,2.5.1,"{""pydantic"": ""2.13.4"", ""yaml"": ""6.0.3"", ""networkx"": ""3.6.1"", ""numpy"": ""2.5.1"", ""scipy"": ""1.18.0"", ""matplotlib"": ""3.11.0"", ""pandas"": ""3.0.3"", ""qutip"": ""5.3.0"", ""stim"": ""1.16.0"", ""gmpy2"": ""2.3.1"", ""nbformat"": ""5.10.4"", ""nbclient"": ""0.11.0""}",Windows,11,Gercom,2026-07-19T19:01:39.731092+00:00
P11_boundary_search,P11_boundary_search:small_mesh:5ca27dccccc9ca2c:L2:101:m10-intent:0,small_mesh,5ca27dccccc9ca2c,101,m10-intent,L2,iterative_analytical,0,10,10,0.46,0.05,1e-05,,True,,0,False,no candidate route is feasible: a0->a1->a2->a3->b3 (min_fidelity 0.460 exceeds the achievable estimate 0.438 (no further gain after round 1 (fixed point reached))); a0->b0->b1->b2->b3 (min_fidelity 0.460 exceeds the achievable estimate 0.438 (no further gain after round 1 (fixed point reached))); a0->a1->b1->b2->b3 (min_fidelity 0.460 exceeds the achievable estimate 0.438 (no further gain after round 1 (fixed point reached))),,,,0,0.001437,REJECTED,,,,,,,False,,,,,,,,,,False,,,,False,,50895c1a8f3c0da60ba692fe485101f0340fa6ed,1f2680a5b9065e708a7497adc53a95b108029b98,3.13.14,2.5.1,"{""pydantic"": ""2.13.4"", ""yaml"": ""6.0.3"", ""networkx"": ""3.6.1"", ""numpy"": ""2.5.1"", ""scipy"": ""1.18.0"", ""matplotlib"": ""3.11.0"", ""pandas"": ""3.0.3"", ""qutip"": ""5.3.0"", ""stim"": ""1.16.0"", ""gmpy2"": ""2.3.1"", ""nbformat"": ""5.10.4"", ""nbclient"": ""0.11.0""}",Windows,11,Gercom,2026-07-19T19:01:48.536625+00:00
P11_boundary_search,P11_boundary_search:small_mesh:5ca27dccccc9ca2c:L2:102:m10-intent:0,small_mesh,5ca27dccccc9ca2c,102,m10-intent,L2,iterative_analytical,0,10,10,0.46,0.05,1e-05,,True,,0,False,no candidate route is feasible: a0->a1->a2->a3->b3 (min_fidelity 0.460 exceeds the achievable estimate 0.438 (no further gain after round 1 (fixed point reached))); a0->b0->b1->b2->b3 (min_fidelity 0.460 exceeds the achievable estimate 0.438 (no further gain after round 1 (fixed point reached))); a0->a1->b1->b2->b3 (min_fidelity 0.460 exceeds the achievable estimate 0.438 (no further gain after round 1 (fixed point reached))),,,,0,0.001261,REJECTED,,,,,,,False,,,,,,,,,,False,,,,False,,50895c1a8f3c0da60ba692fe485101f0340fa6ed,1f2680a5b9065e708a7497adc53a95b108029b98,3.13.14,2.5.1,"{""pydantic"": ""2.13.4"", ""yaml"": ""6.0.3"", ""networkx"": ""3.6.1"", ""numpy"": ""2.5.1"", ""scipy"": ""1.18.0"", ""matplotlib"": ""3.11.0"", ""pandas"": ""3.0.3"", ""qutip"": ""5.3.0"", ""stim"": ""1.16.0"", ""gmpy2"": ""2.3.1"", ""nbformat"": ""5.10.4"", ""nbclient"": ""0.11.0""}",Windows,11,Gercom,2026-07-19T19:01:58.966796+00:00
P11_boundary_search,P11_boundary_search:small_mesh:5ca27dccccc9ca2c:L2:103:m10-intent:0,small_mesh,5ca27dccccc9ca2c,103,m10-intent,L2,L2,0,10,10,0.46,0.05,,,True,,,True,,,,,,,TIMEOUT,,,,,,60,True,60,,,,,,,,,,,,,,,,,3.13.14,,,,,,2026-07-19T23:10:24.682412+00:00
P11_boundary_search,P11_boundary_search:small_mesh:5ca27dccccc9ca2c:L2:104:m10-intent:0,small_mesh,5ca27dccccc9ca2c,104,m10-intent,L2,iterative_analytical,0,10,10,0.46,0.05,1e-05,,True,,0,False,no candidate route is feasible: a0->a1->a2->a3->b3 (min_fidelity 0.460 exceeds the achievable estimate 0.438 (no further gain after round 1 (fixed point reached))); a0->b0->b1->b2->b3 (min_fidelity 0.460 exceeds the achievable estimate 0.438 (no further gain after round 1 (fixed point reached))); a0->a1->b1->b2->b3 (min_fidelity 0.460 exceeds the achievable estimate 0.438 (no further gain after round 1 (fixed point reached))),,,,0,0.00186,REJECTED,,,,,,,False,,,,,,,,,,False,,,,False,,50895c1a8f3c0da60ba692fe485101f0340fa6ed,1f2680a5b9065e708a7497adc53a95b108029b98,3.13.14,2.5.1,"{""pydantic"": ""2.13.4"", ""yaml"": ""6.0.3"", ""networkx"": ""3.6.1"", ""numpy"": ""2.5.1"", ""scipy"": ""1.18.0"", ""matplotlib"": ""3.11.0"", ""pandas"": ""3.0.3"", ""qutip"": ""5.3.0"", ""stim"": ""1.16.0"", ""gmpy2"": ""2.3.1"", ""nbformat"": ""5.10.4"", ""nbclient"": ""0.11.0""}",Windows,11,Gercom,2026-07-19T23:10:38.490726+00:00
P11_boundary_search,P11_boundary_search:small_mesh:5ca27dccccc9ca2c:L2:105:m10-intent:0,small_mesh,5ca27dccccc9ca2c,105,m10-intent,L2,iterative_analytical,0,10,10,0.46,0.05,1e-05,,True,,0,False,no candidate route is feasible: a0->a1->a2->a3->b3 (min_fidelity 0.460 exceeds the achievable estimate 0.438 (no further gain after round 1 (fixed point reached))); a0->b0->b1->b2->b3 (min_fidelity 0.460 exceeds the achievable estimate 0.438 (no further gain after round 1 (fixed point reached))); a0->a1->b1->b2->b3 (min_fidelity 0.460 exceeds the achievable estimate 0.438 (no further gain after round 1 (fixed point reached))),,,,0,0.001041,REJECTED,,,,,,,False,,,,,,,,,,False,,,,False,,50895c1a8f3c0da60ba692fe485101f0340fa6ed,1f2680a5b9065e708a7497adc53a95b108029b98,3.13.14,2.5.1,"{""pydantic"": ""2.13.4"", ""yaml"": ""6.0.3"", ""networkx"": ""3.6.1"", ""numpy"": ""2.5.1"", ""scipy"": ""1.18.0"", ""matplotlib"": ""3.11.0"", ""pandas"": ""3.0.3"", ""qutip"": ""5.3.0"", ""stim"": ""1.16.0"", ""gmpy2"": ""2.3.1"", ""nbformat"": ""5.10.4"", ""nbclient"": ""0.11.0""}",Windows,11,Gercom,2026-07-19T23:10:46.058089+00:00
P11_boundary_search,P11_boundary_search:small_mesh:5ca27dccccc9ca2c:L2:106:m10-intent:0,small_mesh,5ca27dccccc9ca2c,106,m10-intent,L2,iterative_analytical,0,10,10,0.46,0.05,1e-05,,True,,0,False,no candidate route is feasible: a0->a1->a2->a3->b3 (min_fidelity 0.460 exceeds the achievable estimate 0.438 (no further gain after round 1 (fixed point reached))); a0->b0->b1->b2->b3 (min_fidelity 0.460 exceeds the achievable estimate 0.438 (no further gain after round 1 (fixed point reached))); a0->a1->b1->b2->b3 (min_fidelity 0.460 exceeds the achievable estimate 0.438 (no further gain after round 1 (fixed point reached))),,,,0,0.00109,REJECTED,,,,,,,False,,,,,,,,,,False,,,,False,,50895c1a8f3c0da60ba692fe485101f0340fa6ed,1f2680a5b9065e708a7497adc53a95b108029b98,3.13.14,2.5.1,"{""pydantic"": ""2.13.4"", ""yaml"": ""6.0.3"", ""networkx"": ""3.6.1"", ""numpy"": ""2.5.1"", ""scipy"": ""1.18.0"", ""matplotlib"": ""3.11.0"", ""pandas"": ""3.0.3"", ""qutip"": ""5.3.0"", ""stim"": ""1.16.0"", ""gmpy2"": ""2.3.1"", ""nbformat"": ""5.10.4"", ""nbclient"": ""0.11.0""}",Windows,11,Gercom,2026-07-19T23:10:50.573257+00:00
P11_boundary_search,P11_boundary_search:small_mesh:5ca27dccccc9ca2c:L2:107:m10-intent:0,small_mesh,5ca27dccccc9ca2c,107,m10-intent,L2,iterative_analytical,0,10,10,0.46,0.05,1e-05,,True,,0,False,no candidate route is feasible: a0->a1->a2->a3->b3 (min_fidelity 0.460 exceeds the achievable estimate 0.438 (no further gain after round 1 (fixed point reached))); a0->b0->b1->b2->b3 (min_fidelity 0.460 exceeds the achievable estimate 0.438 (no further gain after round 1 (fixed point reached))); a0->a1->b1->b2->b3 (min_fidelity 0.460 exceeds the achievable estimate 0.438 (no further gain after round 1 (fixed point reached))),,,,0,0.001202,REJECTED,,,,,,,False,,,,,,,,,,False,,,,False,,50895c1a8f3c0da60ba692fe485101f0340fa6ed,1f2680a5b9065e708a7497adc53a95b108029b98,3.13.14,2.5.1,"{""pydantic"": ""2.13.4"", ""yaml"": ""6.0.3"", ""networkx"": ""3.6.1"", ""numpy"": ""2.5.1"", ""scipy"": ""1.18.0"", ""matplotlib"": ""3.11.0"", ""pandas"": ""3.0.3"", ""qutip"": ""5.3.0"", ""stim"": ""1.16.0"", ""gmpy2"": ""2.3.1"", ""nbformat"": ""5.10.4"", ""nbclient"": ""0.11.0""}",Windows,11,Gercom,2026-07-19T23:10:56.541891+00:00
P11_boundary_search,P11_boundary_search:small_mesh:e2f29881c6a7e487:L2:100:m10-intent:0,small_mesh,e2f29881c6a7e487,100,m10-intent,L2,iterative_analytical,0,10,10,0.48,0.05,1e-05,,True,,0,False,no candidate route is feasible: a0->a1->a2->a3->b3 (min_fidelity 0.480 exceeds the achievable estimate 0.438 (no further gain after round 1 (fixed point reached))); a0->b0->b1->b2->b3 (min_fidelity 0.480 exceeds the achievable estimate 0.438 (no further gain after round 1 (fixed point reached))); a0->a1->b1->b2->b3 (min_fidelity 0.480 exceeds the achievable estimate 0.438 (no further gain after round 1 (fixed point reached))),,,,0,0.001145,REJECTED,,,,,,,False,,,,,,,,,,False,,,,False,,50895c1a8f3c0da60ba692fe485101f0340fa6ed,1f2680a5b9065e708a7497adc53a95b108029b98,3.13.14,2.5.1,"{""pydantic"": ""2.13.4"", ""yaml"": ""6.0.3"", ""networkx"": ""3.6.1"", ""numpy"": ""2.5.1"", ""scipy"": ""1.18.0"", ""matplotlib"": ""3.11.0"", ""pandas"": ""3.0.3"", ""qutip"": ""5.3.0"", ""stim"": ""1.16.0"", ""gmpy2"": ""2.3.1"", ""nbformat"": ""5.10.4"", ""nbclient"": ""0.11.0""}",Windows,11,Gercom,2026-07-19T23:11:01.325010+00:00
P11_boundary_search,P11_boundary_search:small_mesh:e2f29881c6a7e487:L2:101:m10-intent:0,small_mesh,e2f29881c6a7e487,101,m10-intent,L2,iterative_analytical,0,10,10,0.48,0.05,1e-05,,True,,0,False,no candidate route is feasible: a0->a1->a2->a3->b3 (min_fidelity 0.480 exceeds the achievable estimate 0.438 (no further gain after round 1 (fixed point reached))); a0->b0->b1->b2->b3 (min_fidelity 0.480 exceeds the achievable estimate 0.438 (no further gain after round 1 (fixed point reached))); a0->a1->b1->b2->b3 (min_fidelity 0.480 exceeds the achievable estimate 0.438 (no further gain after round 1 (fixed point reached))),,,,0,0.001184,REJECTED,,,,,,,False,,,,,,,,,,False,,,,False,,50895c1a8f3c0da60ba692fe485101f0340fa6ed,1f2680a5b9065e708a7497adc53a95b108029b98,3.13.14,2.5.1,"{""pydantic"": ""2.13.4"", ""yaml"": ""6.0.3"", ""networkx"": ""3.6.1"", ""numpy"": ""2.5.1"", ""scipy"": ""1.18.0"", ""matplotlib"": ""3.11.0"", ""pandas"": ""3.0.3"", ""qutip"": ""5.3.0"", ""stim"": ""1.16.0"", ""gmpy2"": ""2.3.1"", ""nbformat"": ""5.10.4"", ""nbclient"": ""0.11.0""}",Windows,11,Gercom,2026-07-19T23:11:05.593863+00:00
P11_boundary_search,P11_boundary_search:small_mesh:e2f29881c6a7e487:L2:102:m10-intent:0,small_mesh,e2f29881c6a7e487,102,m10-intent,L2,iterative_analytical,0,10,10,0.48,0.05,1e-05,,True,,0,False,no candidate route is feasible: a0->a1->a2->a3->b3 (min_fidelity 0.480 exceeds the achievable estimate 0.438 (no further gain after round 1 (fixed point reached))); a0->b0->b1->b2->b3 (min_fidelity 0.480 exceeds the achievable estimate 0.438 (no further gain after round 1 (fixed point reached))); a0->a1->b1->b2->b3 (min_fidelity 0.480 exceeds the achievable estimate 0.438 (no further gain after round 1 (fixed point reached))),,,,0,0.000638,REJECTED,,,,,,,False,,,,,,,,,,False,,,,False,,50895c1a8f3c0da60ba692fe485101f0340fa6ed,1f2680a5b9065e708a7497adc53a95b108029b98,3.13.14,2.5.1,"{""pydantic"": ""2.13.4"", ""yaml"": ""6.0.3"", ""networkx"": ""3.6.1"", ""numpy"": ""2.5.1"", ""scipy"": ""1.18.0"", ""matplotlib"": ""3.11.0"", ""pandas"": ""3.0.3"", ""qutip"": ""5.3.0"", ""stim"": ""1.16.0"", ""gmpy2"": ""2.3.1"", ""nbformat"": ""5.10.4"", ""nbclient"": ""0.11.0""}",Windows,11,Gercom,2026-07-19T23:11:08.809628+00:00
P11_boundary_search,P11_boundary_search:small_mesh:e2f29881c6a7e487:L2:103:m10-intent:0,small_mesh,e2f29881c6a7e487,103,m10-intent,L2,iterative_analytical,0,10,10,0.48,0.05,1e-05,,True,,0,False,no candidate route is feasible: a0->a1->a2->a3->b3 (min_fidelity 0.480 exceeds the achievable estimate 0.438 (no further gain after round 1 (fixed point reached))); a0->b0->b1->b2->b3 (min_fidelity 0.480 exceeds the achievable estimate 0.438 (no further gain after round 1 (fixed point reached))); a0->a1->b1->b2->b3 (min_fidelity 0.480 exceeds the achievable estimate 0.438 (no further gain after round 1 (fixed point reached))),,,,0,0.000628,REJECTED,,,,,,,False,,,,,,,,,,False,,,,False,,50895c1a8f3c0da60ba692fe485101f0340fa6ed,1f2680a5b9065e708a7497adc53a95b108029b98,3.13.14,2.5.1,"{""pydantic"": ""2.13.4"", ""yaml"": ""6.0.3"", ""networkx"": ""3.6.1"", ""numpy"": ""2.5.1"", ""scipy"": ""1.18.0"", ""matplotlib"": ""3.11.0"", ""pandas"": ""3.0.3"", ""qutip"": ""5.3.0"", ""stim"": ""1.16.0"", ""gmpy2"": ""2.3.1"", ""nbformat"": ""5.10.4"", ""nbclient"": ""0.11.0""}",Windows,11,Gercom,2026-07-19T23:11:11.862649+00:00
P11_boundary_search,P11_boundary_search:small_mesh:e2f29881c6a7e487:L2:104:m10-intent:0,small_mesh,e2f29881c6a7e487,104,m10-intent,L2,iterative_analytical,0,10,10,0.48,0.05,1e-05,,True,,0,False,no candidate route is feasible: a0->a1->a2->a3->b3 (min_fidelity 0.480 exceeds the achievable estimate 0.438 (no further gain after round 1 (fixed point reached))); a0->b0->b1->b2->b3 (min_fidelity 0.480 exceeds the achievable estimate 0.438 (no further gain after round 1 (fixed point reached))); a0->a1->b1->b2->b3 (min_fidelity 0.480 exceeds the achievable estimate 0.438 (no further gain after round 1 (fixed point reached))),,,,0,0.000596,REJECTED,,,,,,,False,,,,,,,,,,False,,,,False,,50895c1a8f3c0da60ba692fe485101f0340fa6ed,1f2680a5b9065e708a7497adc53a95b108029b98,3.13.14,2.5.1,"{""pydantic"": ""2.13.4"", ""yaml"": ""6.0.3"", ""networkx"": ""3.6.1"", ""numpy"": ""2.5.1"", ""scipy"": ""1.18.0"", ""matplotlib"": ""3.11.0"", ""pandas"": ""3.0.3"", ""qutip"": ""5.3.0"", ""stim"": ""1.16.0"", ""gmpy2"": ""2.3.1"", ""nbformat"": ""5.10.4"", ""nbclient"": ""0.11.0""}",Windows,11,Gercom,2026-07-19T23:11:14.720056+00:00
P11_boundary_search,P11_boundary_search:small_mesh:e2f29881c6a7e487:L2:105:m10-intent:0,small_mesh,e2f29881c6a7e487,105,m10-intent,L2,iterative_analytical,0,10,10,0.48,0.05,1e-05,,True,,0,False,no candidate route is feasible: a0->a1->a2->a3->b3 (min_fidelity 0.480 exceeds the achievable estimate 0.438 (no further gain after round 1 (fixed point reached))); a0->b0->b1->b2->b3 (min_fidelity 0.480 exceeds the achievable estimate 0.438 (no further gain after round 1 (fixed point reached))); a0->a1->b1->b2->b3 (min_fidelity 0.480 exceeds the achievable estimate 0.438 (no further gain after round 1 (fixed point reached))),,,,0,0.000731,REJECTED,,,,,,,False,,,,,,,,,,False,,,,False,,50895c1a8f3c0da60ba692fe485101f0340fa6ed,1f2680a5b9065e708a7497adc53a95b108029b98,3.13.14,2.5.1,"{""pydantic"": ""2.13.4"", ""yaml"": ""6.0.3"", ""networkx"": ""3.6.1"", ""numpy"": ""2.5.1"", ""scipy"": ""1.18.0"", ""matplotlib"": ""3.11.0"", ""pandas"": ""3.0.3"", ""qutip"": ""5.3.0"", ""stim"": ""1.16.0"", ""gmpy2"": ""2.3.1"", ""nbformat"": ""5.10.4"", ""nbclient"": ""0.11.0""}",Windows,11,Gercom,2026-07-19T23:11:17.862816+00:00
P11_boundary_search,P11_boundary_search:small_mesh:e2f29881c6a7e487:L2:106:m10-intent:0,small_mesh,e2f29881c6a7e487,106,m10-intent,L2,iterative_analytical,0,10,10,0.48,0.05,1e-05,,True,,0,False,no candidate route is feasible: a0->a1->a2->a3->b3 (min_fidelity 0.480 exceeds the achievable estimate 0.438 (no further gain after round 1 (fixed point reached))); a0->b0->b1->b2->b3 (min_fidelity 0.480 exceeds the achievable estimate 0.438 (no further gain after round 1 (fixed point reached))); a0->a1->b1->b2->b3 (min_fidelity 0.480 exceeds the achievable estimate 0.438 (no further gain after round 1 (fixed point reached))),,,,0,0.00075,REJECTED,,,,,,,False,,,,,,,,,,False,,,,False,,50895c1a8f3c0da60ba692fe485101f0340fa6ed,1f2680a5b9065e708a7497adc53a95b108029b98,3.13.14,2.5.1,"{""pydantic"": ""2.13.4"", ""yaml"": ""6.0.3"", ""networkx"": ""3.6.1"", ""numpy"": ""2.5.1"", ""scipy"": ""1.18.0"", ""matplotlib"": ""3.11.0"", ""pandas"": ""3.0.3"", ""qutip"": ""5.3.0"", ""stim"": ""1.16.0"", ""gmpy2"": ""2.3.1"", ""nbformat"": ""5.10.4"", ""nbclient"": ""0.11.0""}",Windows,11,Gercom,2026-07-19T23:11:21.287360+00:00
P11_boundary_search,P11_boundary_search:small_mesh:e2f29881c6a7e487:L2:107:m10-intent:0,small_mesh,e2f29881c6a7e487,107,m10-intent,L2,iterative_analytical,0,10,10,0.48,0.05,1e-05,,True,,0,False,no candidate route is feasible: a0->a1->a2->a3->b3 (min_fidelity 0.480 exceeds the achievable estimate 0.438 (no further gain after round 1 (fixed point reached))); a0->b0->b1->b2->b3 (min_fidelity 0.480 exceeds the achievable estimate 0.438 (no further gain after round 1 (fixed point reached))); a0->a1->b1->b2->b3 (min_fidelity 0.480 exceeds the achievable estimate 0.438 (no further gain after round 1 (fixed point reached))),,,,0,0.000716,REJECTED,,,,,,,False,,,,,,,,,,False,,,,False,,50895c1a8f3c0da60ba692fe485101f0340fa6ed,1f2680a5b9065e708a7497adc53a95b108029b98,3.13.14,2.5.1,"{""pydantic"": ""2.13.4"", ""yaml"": ""6.0.3"", ""networkx"": ""3.6.1"", ""numpy"": ""2.5.1"", ""scipy"": ""1.18.0"", ""matplotlib"": ""3.11.0"", ""pandas"": ""3.0.3"", ""qutip"": ""5.3.0"", ""stim"": ""1.16.0"", ""gmpy2"": ""2.3.1"", ""nbformat"": ""5.10.4"", ""nbclient"": ""0.11.0""}",Windows,11,Gercom,2026-07-19T23:11:24.434147+00:00
P11_boundary_search,P11_boundary_search:small_mesh:7b3680870654d19c:L2:100:m10-intent:0,small_mesh,7b3680870654d19c,100,m10-intent,L2,iterative_analytical,0,10,10,0.5,0.05,1e-05,,True,,0,False,no candidate route is feasible: a0->a1->a2->a3->b3 (min_fidelity 0.500 exceeds the achievable estimate 0.438 (no further gain after round 1 (fixed point reached))); a0->b0->b1->b2->b3 (min_fidelity 0.500 exceeds the achievable estimate 0.438 (no further gain after round 1 (fixed point reached))); a0->a1->b1->b2->b3 (min_fidelity 0.500 exceeds the achievable estimate 0.438 (no further gain after round 1 (fixed point reached))),,,,0,0.000745,REJECTED,,,,,,,False,,,,,,,,,,False,,,,False,,50895c1a8f3c0da60ba692fe485101f0340fa6ed,1f2680a5b9065e708a7497adc53a95b108029b98,3.13.14,2.5.1,"{""pydantic"": ""2.13.4"", ""yaml"": ""6.0.3"", ""networkx"": ""3.6.1"", ""numpy"": ""2.5.1"", ""scipy"": ""1.18.0"", ""matplotlib"": ""3.11.0"", ""pandas"": ""3.0.3"", ""qutip"": ""5.3.0"", ""stim"": ""1.16.0"", ""gmpy2"": ""2.3.1"", ""nbformat"": ""5.10.4"", ""nbclient"": ""0.11.0""}",Windows,11,Gercom,2026-07-19T23:11:27.569336+00:00
P11_boundary_search,P11_boundary_search:small_mesh:7b3680870654d19c:L2:101:m10-intent:0,small_mesh,7b3680870654d19c,101,m10-intent,L2,iterative_analytical,0,10,10,0.5,0.05,1e-05,,True,,0,False,no candidate route is feasible: a0->a1->a2->a3->b3 (min_fidelity 0.500 exceeds the achievable estimate 0.438 (no further gain after round 1 (fixed point reached))); a0->b0->b1->b2->b3 (min_fidelity 0.500 exceeds the achievable estimate 0.438 (no further gain after round 1 (fixed point reached))); a0->a1->b1->b2->b3 (min_fidelity 0.500 exceeds the achievable estimate 0.438 (no further gain after round 1 (fixed point reached))),,,,0,0.000857,REJECTED,,,,,,,False,,,,,,,,,,False,,,,False,,50895c1a8f3c0da60ba692fe485101f0340fa6ed,1f2680a5b9065e708a7497adc53a95b108029b98,3.13.14,2.5.1,"{""pydantic"": ""2.13.4"", ""yaml"": ""6.0.3"", ""networkx"": ""3.6.1"", ""numpy"": ""2.5.1"", ""scipy"": ""1.18.0"", ""matplotlib"": ""3.11.0"", ""pandas"": ""3.0.3"", ""qutip"": ""5.3.0"", ""stim"": ""1.16.0"", ""gmpy2"": ""2.3.1"", ""nbformat"": ""5.10.4"", ""nbclient"": ""0.11.0""}",Windows,11,Gercom,2026-07-19T23:11:30.748982+00:00
P11_boundary_search,P11_boundary_search:small_mesh:7b3680870654d19c:L2:102:m10-intent:0,small_mesh,7b3680870654d19c,102,m10-intent,L2,iterative_analytical,0,10,10,0.5,0.05,1e-05,,True,,0,False,no candidate route is feasible: a0->a1->a2->a3->b3 (min_fidelity 0.500 exceeds the achievable estimate 0.438 (no further gain after round 1 (fixed point reached))); a0->b0->b1->b2->b3 (min_fidelity 0.500 exceeds the achievable estimate 0.438 (no further gain after round 1 (fixed point reached))); a0->a1->b1->b2->b3 (min_fidelity 0.500 exceeds the achievable estimate 0.438 (no further gain after round 1 (fixed point reached))),,,,0,0.000615,REJECTED,,,,,,,False,,,,,,,,,,False,,,,False,,50895c1a8f3c0da60ba692fe485101f0340fa6ed,1f2680a5b9065e708a7497adc53a95b108029b98,3.13.14,2.5.1,"{""pydantic"": ""2.13.4"", ""yaml"": ""6.0.3"", ""networkx"": ""3.6.1"", ""numpy"": ""2.5.1"", ""scipy"": ""1.18.0"", ""matplotlib"": ""3.11.0"", ""pandas"": ""3.0.3"", ""qutip"": ""5.3.0"", ""stim"": ""1.16.0"", ""gmpy2"": ""2.3.1"", ""nbformat"": ""5.10.4"", ""nbclient"": ""0.11.0""}",Windows,11,Gercom,2026-07-19T23:11:33.969075+00:00
P11_boundary_search,P11_boundary_search:small_mesh:7b3680870654d19c:L2:103:m10-intent:0,small_mesh,7b3680870654d19c,103,m10-intent,L2,iterative_analytical,0,10,10,0.5,0.05,1e-05,,True,,0,False,no candidate route is feasible: a0->a1->a2->a3->b3 (min_fidelity 0.500 exceeds the achievable estimate 0.438 (no further gain after round 1 (fixed point reached))); a0->b0->b1->b2->b3 (min_fidelity 0.500 exceeds the achievable estimate 0.438 (no further gain after round 1 (fixed point reached))); a0->a1->b1->b2->b3 (min_fidelity 0.500 exceeds the achievable estimate 0.438 (no further gain after round 1 (fixed point reached))),,,,0,0.000818,REJECTED,,,,,,,False,,,,,,,,,,False,,,,False,,50895c1a8f3c0da60ba692fe485101f0340fa6ed,1f2680a5b9065e708a7497adc53a95b108029b98,3.13.14,2.5.1,"{""pydantic"": ""2.13.4"", ""yaml"": ""6.0.3"", ""networkx"": ""3.6.1"", ""numpy"": ""2.5.1"", ""scipy"": ""1.18.0"", ""matplotlib"": ""3.11.0"", ""pandas"": ""3.0.3"", ""qutip"": ""5.3.0"", ""stim"": ""1.16.0"", ""gmpy2"": ""2.3.1"", ""nbformat"": ""5.10.4"", ""nbclient"": ""0.11.0""}",Windows,11,Gercom,2026-07-19T23:11:37.256074+00:00
P11_boundary_search,P11_boundary_search:small_mesh:7b3680870654d19c:L2:104:m10-intent:0,small_mesh,7b3680870654d19c,104,m10-intent,L2,iterative_analytical,0,10,10,0.5,0.05,1e-05,,True,,0,False,no candidate route is feasible: a0->a1->a2->a3->b3 (min_fidelity 0.500 exceeds the achievable estimate 0.438 (no further gain after round 1 (fixed point reached))); a0->b0->b1->b2->b3 (min_fidelity 0.500 exceeds the achievable estimate 0.438 (no further gain after round 1 (fixed point reached))); a0->a1->b1->b2->b3 (min_fidelity 0.500 exceeds the achievable estimate 0.438 (no further gain after round 1 (fixed point reached))),,,,0,0.001053,REJECTED,,,,,,,False,,,,,,,,,,False,,,,False,,50895c1a8f3c0da60ba692fe485101f0340fa6ed,1f2680a5b9065e708a7497adc53a95b108029b98,3.13.14,2.5.1,"{""pydantic"": ""2.13.4"", ""yaml"": ""6.0.3"", ""networkx"": ""3.6.1"", ""numpy"": ""2.5.1"", ""scipy"": ""1.18.0"", ""matplotlib"": ""3.11.0"", ""pandas"": ""3.0.3"", ""qutip"": ""5.3.0"", ""stim"": ""1.16.0"", ""gmpy2"": ""2.3.1"", ""nbformat"": ""5.10.4"", ""nbclient"": ""0.11.0""}",Windows,11,Gercom,2026-07-19T23:11:41.330853+00:00
P11_boundary_search,P11_boundary_search:small_mesh:7b3680870654d19c:L2:105:m10-intent:0,small_mesh,7b3680870654d19c,105,m10-intent,L2,iterative_analytical,0,10,10,0.5,0.05,1e-05,,True,,0,False,no candidate route is feasible: a0->a1->a2->a3->b3 (min_fidelity 0.500 exceeds the achievable estimate 0.438 (no further gain after round 1 (fixed point reached))); a0->b0->b1->b2->b3 (min_fidelity 0.500 exceeds the achievable estimate 0.438 (no further gain after round 1 (fixed point reached))); a0->a1->b1->b2->b3 (min_fidelity 0.500 exceeds the achievable estimate 0.438 (no further gain after round 1 (fixed point reached))),,,,0,0.000617,REJECTED,,,,,,,False,,,,,,,,,,False,,,,False,,50895c1a8f3c0da60ba692fe485101f0340fa6ed,1f2680a5b9065e708a7497adc53a95b108029b98,3.13.14,2.5.1,"{""pydantic"": ""2.13.4"", ""yaml"": ""6.0.3"", ""networkx"": ""3.6.1"", ""numpy"": ""2.5.1"", ""scipy"": ""1.18.0"", ""matplotlib"": ""3.11.0"", ""pandas"": ""3.0.3"", ""qutip"": ""5.3.0"", ""stim"": ""1.16.0"", ""gmpy2"": ""2.3.1"", ""nbformat"": ""5.10.4"", ""nbclient"": ""0.11.0""}",Windows,11,Gercom,2026-07-19T23:11:44.724220+00:00
P11_boundary_search,P11_boundary_search:small_mesh:7b3680870654d19c:L2:106:m10-intent:0,small_mesh,7b3680870654d19c,106,m10-intent,L2,iterative_analytical,0,10,10,0.5,0.05,1e-05,,True,,0,False,no candidate route is feasible: a0->a1->a2->a3->b3 (min_fidelity 0.500 exceeds the achievable estimate 0.438 (no further gain after round 1 (fixed point reached))); a0->b0->b1->b2->b3 (min_fidelity 0.500 exceeds the achievable estimate 0.438 (no further gain after round 1 (fixed point reached))); a0->a1->b1->b2->b3 (min_fidelity 0.500 exceeds the achievable estimate 0.438 (no further gain after round 1 (fixed point reached))),,,,0,0.0006,REJECTED,,,,,,,False,,,,,,,,,,False,,,,False,,50895c1a8f3c0da60ba692fe485101f0340fa6ed,1f2680a5b9065e708a7497adc53a95b108029b98,3.13.14,2.5.1,"{""pydantic"": ""2.13.4"", ""yaml"": ""6.0.3"", ""networkx"": ""3.6.1"", ""numpy"": ""2.5.1"", ""scipy"": ""1.18.0"", ""matplotlib"": ""3.11.0"", ""pandas"": ""3.0.3"", ""qutip"": ""5.3.0"", ""stim"": ""1.16.0"", ""gmpy2"": ""2.3.1"", ""nbformat"": ""5.10.4"", ""nbclient"": ""0.11.0""}",Windows,11,Gercom,2026-07-19T23:11:48.070388+00:00
P11_boundary_search,P11_boundary_search:small_mesh:7b3680870654d19c:L2:107:m10-intent:0,small_mesh,7b3680870654d19c,107,m10-intent,L2,iterative_analytical,0,10,10,0.5,0.05,1e-05,,True,,0,False,no candidate route is feasible: a0->a1->a2->a3->b3 (min_fidelity 0.500 exceeds the achievable estimate 0.438 (no further gain after round 1 (fixed point reached))); a0->b0->b1->b2->b3 (min_fidelity 0.500 exceeds the achievable estimate 0.438 (no further gain after round 1 (fixed point reached))); a0->a1->b1->b2->b3 (min_fidelity 0.500 exceeds the achievable estimate 0.438 (no further gain after round 1 (fixed point reached))),,,,0,0.001853,REJECTED,,,,,,,False,,,,,,,,,,False,,,,False,,50895c1a8f3c0da60ba692fe485101f0340fa6ed,1f2680a5b9065e708a7497adc53a95b108029b98,3.13.14,2.5.1,"{""pydantic"": ""2.13.4"", ""yaml"": ""6.0.3"", ""networkx"": ""3.6.1"", ""numpy"": ""2.5.1"", ""scipy"": ""1.18.0"", ""matplotlib"": ""3.11.0"", ""pandas"": ""3.0.3"", ""qutip"": ""5.3.0"", ""stim"": ""1.16.0"", ""gmpy2"": ""2.3.1"", ""nbformat"": ""5.10.4"", ""nbclient"": ""0.11.0""}",Windows,11,Gercom,2026-07-19T23:11:54.367893+00:00
P11_boundary_search,P11_boundary_search:small_mesh:eff123bba76ce127:L2:100:m10-intent:0,small_mesh,eff123bba76ce127,100,m10-intent,L2,iterative_analytical,0,10,10,0.53,0.05,1e-05,,True,,0,False,no candidate route is feasible: a0->a1->a2->a3->b3 (min_fidelity 0.530 exceeds the achievable estimate 0.438 (no further gain after round 1 (fixed point reached))); a0->b0->b1->b2->b3 (min_fidelity 0.530 exceeds the achievable estimate 0.438 (no further gain after round 1 (fixed point reached))); a0->a1->b1->b2->b3 (min_fidelity 0.530 exceeds the achievable estimate 0.438 (no further gain after round 1 (fixed point reached))),,,,0,0.00066,REJECTED,,,,,,,False,,,,,,,,,,False,,,,False,,50895c1a8f3c0da60ba692fe485101f0340fa6ed,1f2680a5b9065e708a7497adc53a95b108029b98,3.13.14,2.5.1,"{""pydantic"": ""2.13.4"", ""yaml"": ""6.0.3"", ""networkx"": ""3.6.1"", ""numpy"": ""2.5.1"", ""scipy"": ""1.18.0"", ""matplotlib"": ""3.11.0"", ""pandas"": ""3.0.3"", ""qutip"": ""5.3.0"", ""stim"": ""1.16.0"", ""gmpy2"": ""2.3.1"", ""nbformat"": ""5.10.4"", ""nbclient"": ""0.11.0""}",Windows,11,Gercom,2026-07-19T23:11:57.839592+00:00
P11_boundary_search,P11_boundary_search:small_mesh:eff123bba76ce127:L2:101:m10-intent:0,small_mesh,eff123bba76ce127,101,m10-intent,L2,iterative_analytical,0,10,10,0.53,0.05,1e-05,,True,,0,False,no candidate route is feasible: a0->a1->a2->a3->b3 (min_fidelity 0.530 exceeds the achievable estimate 0.438 (no further gain after round 1 (fixed point reached))); a0->b0->b1->b2->b3 (min_fidelity 0.530 exceeds the achievable estimate 0.438 (no further gain after round 1 (fixed point reached))); a0->a1->b1->b2->b3 (min_fidelity 0.530 exceeds the achievable estimate 0.438 (no further gain after round 1 (fixed point reached))),,,,0,0.000716,REJECTED,,,,,,,False,,,,,,,,,,False,,,,False,,50895c1a8f3c0da60ba692fe485101f0340fa6ed,1f2680a5b9065e708a7497adc53a95b108029b98,3.13.14,2.5.1,"{""pydantic"": ""2.13.4"", ""yaml"": ""6.0.3"", ""networkx"": ""3.6.1"", ""numpy"": ""2.5.1"", ""scipy"": ""1.18.0"", ""matplotlib"": ""3.11.0"", ""pandas"": ""3.0.3"", ""qutip"": ""5.3.0"", ""stim"": ""1.16.0"", ""gmpy2"": ""2.3.1"", ""nbformat"": ""5.10.4"", ""nbclient"": ""0.11.0""}",Windows,11,Gercom,2026-07-19T23:12:01.359010+00:00
P11_boundary_search,P11_boundary_search:small_mesh:eff123bba76ce127:L2:102:m10-intent:0,small_mesh,eff123bba76ce127,102,m10-intent,L2,iterative_analytical,0,10,10,0.53,0.05,1e-05,,True,,0,False,no candidate route is feasible: a0->a1->a2->a3->b3 (min_fidelity 0.530 exceeds the achievable estimate 0.438 (no further gain after round 1 (fixed point reached))); a0->b0->b1->b2->b3 (min_fidelity 0.530 exceeds the achievable estimate 0.438 (no further gain after round 1 (fixed point reached))); a0->a1->b1->b2->b3 (min_fidelity 0.530 exceeds the achievable estimate 0.438 (no further gain after round 1 (fixed point reached))),,,,0,0.000639,REJECTED,,,,,,,False,,,,,,,,,,False,,,,False,,50895c1a8f3c0da60ba692fe485101f0340fa6ed,1f2680a5b9065e708a7497adc53a95b108029b98,3.13.14,2.5.1,"{""pydantic"": ""2.13.4"", ""yaml"": ""6.0.3"", ""networkx"": ""3.6.1"", ""numpy"": ""2.5.1"", ""scipy"": ""1.18.0"", ""matplotlib"": ""3.11.0"", ""pandas"": ""3.0.3"", ""qutip"": ""5.3.0"", ""stim"": ""1.16.0"", ""gmpy2"": ""2.3.1"", ""nbformat"": ""5.10.4"", ""nbclient"": ""0.11.0""}",Windows,11,Gercom,2026-07-19T23:12:04.785648+00:00
P11_boundary_search,P11_boundary_search:small_mesh:eff123bba76ce127:L2:103:m10-intent:0,small_mesh,eff123bba76ce127,103,m10-intent,L2,iterative_analytical,0,10,10,0.53,0.05,1e-05,,True,,0,False,no candidate route is feasible: a0->a1->a2->a3->b3 (min_fidelity 0.530 exceeds the achievable estimate 0.438 (no further gain after round 1 (fixed point reached))); a0->b0->b1->b2->b3 (min_fidelity 0.530 exceeds the achievable estimate 0.438 (no further gain after round 1 (fixed point reached))); a0->a1->b1->b2->b3 (min_fidelity 0.530 exceeds the achievable estimate 0.438 (no further gain after round 1 (fixed point reached))),,,,0,0.000639,REJECTED,,,,,,,False,,,,,,,,,,False,,,,False,,50895c1a8f3c0da60ba692fe485101f0340fa6ed,1f2680a5b9065e708a7497adc53a95b108029b98,3.13.14,2.5.1,"{""pydantic"": ""2.13.4"", ""yaml"": ""6.0.3"", ""networkx"": ""3.6.1"", ""numpy"": ""2.5.1"", ""scipy"": ""1.18.0"", ""matplotlib"": ""3.11.0"", ""pandas"": ""3.0.3"", ""qutip"": ""5.3.0"", ""stim"": ""1.16.0"", ""gmpy2"": ""2.3.1"", ""nbformat"": ""5.10.4"", ""nbclient"": ""0.11.0""}",Windows,11,Gercom,2026-07-19T23:12:08.140700+00:00
P11_boundary_search,P11_boundary_search:small_mesh:eff123bba76ce127:L2:104:m10-intent:0,small_mesh,eff123bba76ce127,104,m10-intent,L2,iterative_analytical,0,10,10,0.53,0.05,1e-05,,True,,0,False,no candidate route is feasible: a0->a1->a2->a3->b3 (min_fidelity 0.530 exceeds the achievable estimate 0.438 (no further gain after round 1 (fixed point reached))); a0->b0->b1->b2->b3 (min_fidelity 0.530 exceeds the achievable estimate 0.438 (no further gain after round 1 (fixed point reached))); a0->a1->b1->b2->b3 (min_fidelity 0.530 exceeds the achievable estimate 0.438 (no further gain after round 1 (fixed point reached))),,,,0,0.000666,REJECTED,,,,,,,False,,,,,,,,,,False,,,,False,,50895c1a8f3c0da60ba692fe485101f0340fa6ed,1f2680a5b9065e708a7497adc53a95b108029b98,3.13.14,2.5.1,"{""pydantic"": ""2.13.4"", ""yaml"": ""6.0.3"", ""networkx"": ""3.6.1"", ""numpy"": ""2.5.1"", ""scipy"": ""1.18.0"", ""matplotlib"": ""3.11.0"", ""pandas"": ""3.0.3"", ""qutip"": ""5.3.0"", ""stim"": ""1.16.0"", ""gmpy2"": ""2.3.1"", ""nbformat"": ""5.10.4"", ""nbclient"": ""0.11.0""}",Windows,11,Gercom,2026-07-19T23:12:11.566413+00:00
P11_boundary_search,P11_boundary_search:small_mesh:eff123bba76ce127:L2:105:m10-intent:0,small_mesh,eff123bba76ce127,105,m10-intent,L2,iterative_analytical,0,10,10,0.53,0.05,1e-05,,True,,0,False,no candidate route is feasible: a0->a1->a2->a3->b3 (min_fidelity 0.530 exceeds the achievable estimate 0.438 (no further gain after round 1 (fixed point reached))); a0->b0->b1->b2->b3 (min_fidelity 0.530 exceeds the achievable estimate 0.438 (no further gain after round 1 (fixed point reached))); a0->a1->b1->b2->b3 (min_fidelity 0.530 exceeds the achievable estimate 0.438 (no further gain after round 1 (fixed point reached))),,,,0,0.001149,REJECTED,,,,,,,False,,,,,,,,,,False,,,,False,,50895c1a8f3c0da60ba692fe485101f0340fa6ed,1f2680a5b9065e708a7497adc53a95b108029b98,3.13.14,2.5.1,"{""pydantic"": ""2.13.4"", ""yaml"": ""6.0.3"", ""networkx"": ""3.6.1"", ""numpy"": ""2.5.1"", ""scipy"": ""1.18.0"", ""matplotlib"": ""3.11.0"", ""pandas"": ""3.0.3"", ""qutip"": ""5.3.0"", ""stim"": ""1.16.0"", ""gmpy2"": ""2.3.1"", ""nbformat"": ""5.10.4"", ""nbclient"": ""0.11.0""}",Windows,11,Gercom,2026-07-19T23:12:16.815285+00:00
P11_boundary_search,P11_boundary_search:small_mesh:eff123bba76ce127:L2:106:m10-intent:0,small_mesh,eff123bba76ce127,106,m10-intent,L2,iterative_analytical,0,10,10,0.53,0.05,1e-05,,True,,0,False,no candidate route is feasible: a0->a1->a2->a3->b3 (min_fidelity 0.530 exceeds the achievable estimate 0.438 (no further gain after round 1 (fixed point reached))); a0->b0->b1->b2->b3 (min_fidelity 0.530 exceeds the achievable estimate 0.438 (no further gain after round 1 (fixed point reached))); a0->a1->b1->b2->b3 (min_fidelity 0.530 exceeds the achievable estimate 0.438 (no further gain after round 1 (fixed point reached))),,,,0,0.000622,REJECTED,,,,,,,False,,,,,,,,,,False,,,,False,,50895c1a8f3c0da60ba692fe485101f0340fa6ed,1f2680a5b9065e708a7497adc53a95b108029b98,3.13.14,2.5.1,"{""pydantic"": ""2.13.4"", ""yaml"": ""6.0.3"", ""networkx"": ""3.6.1"", ""numpy"": ""2.5.1"", ""scipy"": ""1.18.0"", ""matplotlib"": ""3.11.0"", ""pandas"": ""3.0.3"", ""qutip"": ""5.3.0"", ""stim"": ""1.16.0"", ""gmpy2"": ""2.3.1"", ""nbformat"": ""5.10.4"", ""nbclient"": ""0.11.0""}",Windows,11,Gercom,2026-07-19T23:12:20.033003+00:00
P11_boundary_search,P11_boundary_search:small_mesh:eff123bba76ce127:L2:107:m10-intent:0,small_mesh,eff123bba76ce127,107,m10-intent,L2,iterative_analytical,0,10,10,0.53,0.05,1e-05,,True,,0,False,no candidate route is feasible: a0->a1->a2->a3->b3 (min_fidelity 0.530 exceeds the achievable estimate 0.438 (no further gain after round 1 (fixed point reached))); a0->b0->b1->b2->b3 (min_fidelity 0.530 exceeds the achievable estimate 0.438 (no further gain after round 1 (fixed point reached))); a0->a1->b1->b2->b3 (min_fidelity 0.530 exceeds the achievable estimate 0.438 (no further gain after round 1 (fixed point reached))),,,,0,0.000636,REJECTED,,,,,,,False,,,,,,,,,,False,,,,False,,50895c1a8f3c0da60ba692fe485101f0340fa6ed,1f2680a5b9065e708a7497adc53a95b108029b98,3.13.14,2.5.1,"{""pydantic"": ""2.13.4"", ""yaml"": ""6.0.3"", ""networkx"": ""3.6.1"", ""numpy"": ""2.5.1"", ""scipy"": ""1.18.0"", ""matplotlib"": ""3.11.0"", ""pandas"": ""3.0.3"", ""qutip"": ""5.3.0"", ""stim"": ""1.16.0"", ""gmpy2"": ""2.3.1"", ""nbformat"": ""5.10.4"", ""nbclient"": ""0.11.0""}",Windows,11,Gercom,2026-07-19T23:12:23.039413+00:00
P11_boundary_search,P11_boundary_search:three_node:c5a16695e23f1991:L2:600:m10-intent:0,three_node,c5a16695e23f1991,600,m10-intent,L2,iterative_analytical,0,10,10,0.79,0.05,1e-05,,True,a -> r -> b,2,True,,,,0.7958654267019631,3,0.00071,SATISFIED,True,14,0.795865426701963,0.795865426701963,-1.1102230246251565e-16,1.513863,False,,489,187,140,110,0,0,0.06018373751,cbb88f2c2d6a51b0971781769d603a7fde8f4f3d2b198f0e4218fc4bd700f43b,False,,,,False,,50895c1a8f3c0da60ba692fe485101f0340fa6ed,1f2680a5b9065e708a7497adc53a95b108029b98,3.13.14,2.5.1,"{""pydantic"": ""2.13.4"", ""yaml"": ""6.0.3"", ""networkx"": ""3.6.1"", ""numpy"": ""2.5.1"", ""scipy"": ""1.18.0"", ""matplotlib"": ""3.11.0"", ""pandas"": ""3.0.3"", ""qutip"": ""5.3.0"", ""stim"": ""1.16.0"", ""gmpy2"": ""2.3.1"", ""nbformat"": ""5.10.4"", ""nbclient"": ""0.11.0""}",Windows,11,Gercom,2026-07-19T23:15:20.887003+00:00
P11_boundary_search,P11_boundary_search:three_node:c5a16695e23f1991:L2:601:m10-intent:0,three_node,c5a16695e23f1991,601,m10-intent,L2,iterative_analytical,0,10,10,0.79,0.05,1e-05,,True,a -> r -> b,2,True,,,,0.7958654267019631,3,0.000409,SATISFIED,True,14,0.795865426701963,0.795865426701963,-1.1102230246251565e-16,1.480955,False,,476,178,133,106,0,0,0.06019873751,356a03a37514defffb34257dbc82ddcf02a4237ccabcbe4132629062c4a36258,False,,,,False,,50895c1a8f3c0da60ba692fe485101f0340fa6ed,1f2680a5b9065e708a7497adc53a95b108029b98,3.13.14,2.5.1,"{""pydantic"": ""2.13.4"", ""yaml"": ""6.0.3"", ""networkx"": ""3.6.1"", ""numpy"": ""2.5.1"", ""scipy"": ""1.18.0"", ""matplotlib"": ""3.11.0"", ""pandas"": ""3.0.3"", ""qutip"": ""5.3.0"", ""stim"": ""1.16.0"", ""gmpy2"": ""2.3.1"", ""nbformat"": ""5.10.4"", ""nbclient"": ""0.11.0""}",Windows,11,Gercom,2026-07-19T23:15:25.606730+00:00
P11_boundary_search,P11_boundary_search:three_node:c5a16695e23f1991:L2:602:m10-intent:0,three_node,c5a16695e23f1991,602,m10-intent,L2,iterative_analytical,0,10,10,0.79,0.05,1e-05,,True,a -> r -> b,2,True,,,,0.7958654267019631,3,0.000447,SATISFIED,True,16,0.7958654267019631,0.7958654267019631,0.0,1.430535,False,,537,184,139,116,0,0,0.06019378751,1d4b05779e233e0f89998cd65cc6caa54f5a8daec06e68b8bb1e52640151cc16,False,,,,False,,50895c1a8f3c0da60ba692fe485101f0340fa6ed,1f2680a5b9065e708a7497adc53a95b108029b98,3.13.14,2.5.1,"{""pydantic"": ""2.13.4"", ""yaml"": ""6.0.3"", ""networkx"": ""3.6.1"", ""numpy"": ""2.5.1"", ""scipy"": ""1.18.0"", ""matplotlib"": ""3.11.0"", ""pandas"": ""3.0.3"", ""qutip"": ""5.3.0"", ""stim"": ""1.16.0"", ""gmpy2"": ""2.3.1"", ""nbformat"": ""5.10.4"", ""nbclient"": ""0.11.0""}",Windows,11,Gercom,2026-07-19T23:15:30.186205+00:00
P11_boundary_search,P11_boundary_search:three_node:c5a16695e23f1991:L2:603:m10-intent:0,three_node,c5a16695e23f1991,603,m10-intent,L2,iterative_analytical,0,10,10,0.79,0.05,1e-05,,True,a -> r -> b,2,True,,,,0.7958654267019631,3,0.000408,SATISFIED,True,14,0.795865426701963,0.795865426701963,-1.1102230246251565e-16,1.477382,False,,511,178,130,101,0,0,0.06018878751,3470d9d4190582b9c62fd7683733b9000257c42e56c54ea763c37fd0cb1a2583,False,,,,False,,50895c1a8f3c0da60ba692fe485101f0340fa6ed,1f2680a5b9065e708a7497adc53a95b108029b98,3.13.14,2.5.1,"{""pydantic"": ""2.13.4"", ""yaml"": ""6.0.3"", ""networkx"": ""3.6.1"", ""numpy"": ""2.5.1"", ""scipy"": ""1.18.0"", ""matplotlib"": ""3.11.0"", ""pandas"": ""3.0.3"", ""qutip"": ""5.3.0"", ""stim"": ""1.16.0"", ""gmpy2"": ""2.3.1"", ""nbformat"": ""5.10.4"", ""nbclient"": ""0.11.0""}",Windows,11,Gercom,2026-07-19T23:15:34.828717+00:00
P11_boundary_search,P11_boundary_search:three_node:c5a16695e23f1991:L2:604:m10-intent:0,three_node,c5a16695e23f1991,604,m10-intent,L2,iterative_analytical,0,10,10,0.79,0.05,1e-05,,True,a -> r -> b,2,True,,,,0.7958654267019631,3,0.000549,SATISFIED,True,16,0.7958654267019631,0.7958654267019631,0.0,1.804771,False,,556,177,137,115,0,0,0.06019383751,f55f308c80de79020fece8a97f58d369ef363df0a2627f5531e6bcf82b461544,False,,,,False,,50895c1a8f3c0da60ba692fe485101f0340fa6ed,1f2680a5b9065e708a7497adc53a95b108029b98,3.13.14,2.5.1,"{""pydantic"": ""2.13.4"", ""yaml"": ""6.0.3"", ""networkx"": ""3.6.1"", ""numpy"": ""2.5.1"", ""scipy"": ""1.18.0"", ""matplotlib"": ""3.11.0"", ""pandas"": ""3.0.3"", ""qutip"": ""5.3.0"", ""stim"": ""1.16.0"", ""gmpy2"": ""2.3.1"", ""nbformat"": ""5.10.4"", ""nbclient"": ""0.11.0""}",Windows,11,Gercom,2026-07-19T23:15:39.970510+00:00
P11_boundary_search,P11_boundary_search:three_node:c5a16695e23f1991:L2:605:m10-intent:0,three_node,c5a16695e23f1991,605,m10-intent,L2,iterative_analytical,0,10,10,0.79,0.05,1e-05,,True,a -> r -> b,2,True,,,,0.7958654267019631,3,0.000446,SATISFIED,True,15,0.7958654267019631,0.7958654267019631,0.0,1.44624,False,,522,171,132,112,0,0,0.06019880001,e3c988e38d4e13446efb27b169a8663b25425d6fe5c540ecf932502f003acfa1,False,,,,False,,50895c1a8f3c0da60ba692fe485101f0340fa6ed,1f2680a5b9065e708a7497adc53a95b108029b98,3.13.14,2.5.1,"{""pydantic"": ""2.13.4"", ""yaml"": ""6.0.3"", ""networkx"": ""3.6.1"", ""numpy"": ""2.5.1"", ""scipy"": ""1.18.0"", ""matplotlib"": ""3.11.0"", ""pandas"": ""3.0.3"", ""qutip"": ""5.3.0"", ""stim"": ""1.16.0"", ""gmpy2"": ""2.3.1"", ""nbformat"": ""5.10.4"", ""nbclient"": ""0.11.0""}",Windows,11,Gercom,2026-07-19T23:15:45.773900+00:00
P11_boundary_search,P11_boundary_search:three_node:c5a16695e23f1991:L2:606:m10-intent:0,three_node,c5a16695e23f1991,606,m10-intent,L2,iterative_analytical,0,10,10,0.79,0.05,1e-05,,True,a -> r -> b,2,True,,,,0.7958654267019631,3,0.000384,SATISFIED,True,12,0.7958654267019631,0.7958654267019631,0.0,1.405709,False,,508,175,125,92,0,0,0.06019390001,8305c6f236c1f1922bb8a6ac6f2ff49408a411d26c6d2b0984e3d3e3e19e5d62,False,,,,False,,50895c1a8f3c0da60ba692fe485101f0340fa6ed,1f2680a5b9065e708a7497adc53a95b108029b98,3.13.14,2.5.1,"{""pydantic"": ""2.13.4"", ""yaml"": ""6.0.3"", ""networkx"": ""3.6.1"", ""numpy"": ""2.5.1"", ""scipy"": ""1.18.0"", ""matplotlib"": ""3.11.0"", ""pandas"": ""3.0.3"", ""qutip"": ""5.3.0"", ""stim"": ""1.16.0"", ""gmpy2"": ""2.3.1"", ""nbformat"": ""5.10.4"", ""nbclient"": ""0.11.0""}",Windows,11,Gercom,2026-07-19T23:15:50.581546+00:00
P11_boundary_search,P11_boundary_search:three_node:c5a16695e23f1991:L2:607:m10-intent:0,three_node,c5a16695e23f1991,607,m10-intent,L2,iterative_analytical,0,10,10,0.79,0.05,1e-05,,True,a -> r -> b,2,True,,,,0.7958654267019631,3,0.000383,SATISFIED,True,14,0.795865426701963,0.795865426701963,-1.1102230246251565e-16,1.470021,False,,523,191,137,103,0,0,0.06019376251,457b5faba3e3035b14ad4e6aabf86e4640c4c2249dfdd103cb59769dbb28281d,False,,,,False,,50895c1a8f3c0da60ba692fe485101f0340fa6ed,1f2680a5b9065e708a7497adc53a95b108029b98,3.13.14,2.5.1,"{""pydantic"": ""2.13.4"", ""yaml"": ""6.0.3"", ""networkx"": ""3.6.1"", ""numpy"": ""2.5.1"", ""scipy"": ""1.18.0"", ""matplotlib"": ""3.11.0"", ""pandas"": ""3.0.3"", ""qutip"": ""5.3.0"", ""stim"": ""1.16.0"", ""gmpy2"": ""2.3.1"", ""nbformat"": ""5.10.4"", ""nbclient"": ""0.11.0""}",Windows,11,Gercom,2026-07-19T23:15:55.259849+00:00
P11_boundary_search,P11_boundary_search:three_node:bdee54878683745b:L2:600:m10-intent:0,three_node,bdee54878683745b,600,m10-intent,L2,iterative_analytical,0,10,10,0.795,0.05,1e-05,,True,a -> r -> b,2,True,,,,0.7958654267019631,3,0.000387,SATISFIED,True,14,0.795865426701963,0.795865426701963,-1.1102230246251565e-16,1.510462,False,,489,187,140,110,0,0,0.06018373751,cbb88f2c2d6a51b0971781769d603a7fde8f4f3d2b198f0e4218fc4bd700f43b,False,,,,False,,50895c1a8f3c0da60ba692fe485101f0340fa6ed,1f2680a5b9065e708a7497adc53a95b108029b98,3.13.14,2.5.1,"{""pydantic"": ""2.13.4"", ""yaml"": ""6.0.3"", ""networkx"": ""3.6.1"", ""numpy"": ""2.5.1"", ""scipy"": ""1.18.0"", ""matplotlib"": ""3.11.0"", ""pandas"": ""3.0.3"", ""qutip"": ""5.3.0"", ""stim"": ""1.16.0"", ""gmpy2"": ""2.3.1"", ""nbformat"": ""5.10.4"", ""nbclient"": ""0.11.0""}",Windows,11,Gercom,2026-07-19T23:15:59.924079+00:00
P11_boundary_search,P11_boundary_search:three_node:bdee54878683745b:L2:601:m10-intent:0,three_node,bdee54878683745b,601,m10-intent,L2,iterative_analytical,0,10,10,0.795,0.05,1e-05,,True,a -> r -> b,2,True,,,,0.7958654267019631,3,0.000387,SATISFIED,True,14,0.795865426701963,0.795865426701963,-1.1102230246251565e-16,1.528479,False,,476,178,133,106,0,0,0.06019873751,356a03a37514defffb34257dbc82ddcf02a4237ccabcbe4132629062c4a36258,False,,,,False,,50895c1a8f3c0da60ba692fe485101f0340fa6ed,1f2680a5b9065e708a7497adc53a95b108029b98,3.13.14,2.5.1,"{""pydantic"": ""2.13.4"", ""yaml"": ""6.0.3"", ""networkx"": ""3.6.1"", ""numpy"": ""2.5.1"", ""scipy"": ""1.18.0"", ""matplotlib"": ""3.11.0"", ""pandas"": ""3.0.3"", ""qutip"": ""5.3.0"", ""stim"": ""1.16.0"", ""gmpy2"": ""2.3.1"", ""nbformat"": ""5.10.4"", ""nbclient"": ""0.11.0""}",Windows,11,Gercom,2026-07-19T23:16:04.534613+00:00
P11_boundary_search,P11_boundary_search:three_node:bdee54878683745b:L2:602:m10-intent:0,three_node,bdee54878683745b,602,m10-intent,L2,iterative_analytical,0,10,10,0.795,0.05,1e-05,,True,a -> r -> b,2,True,,,,0.7958654267019631,3,0.000376,SATISFIED,True,16,0.7958654267019631,0.7958654267019631,0.0,1.434723,False,,537,184,139,116,0,0,0.06019378751,1d4b05779e233e0f89998cd65cc6caa54f5a8daec06e68b8bb1e52640151cc16,False,,,,False,,50895c1a8f3c0da60ba692fe485101f0340fa6ed,1f2680a5b9065e708a7497adc53a95b108029b98,3.13.14,2.5.1,"{""pydantic"": ""2.13.4"", ""yaml"": ""6.0.3"", ""networkx"": ""3.6.1"", ""numpy"": ""2.5.1"", ""scipy"": ""1.18.0"", ""matplotlib"": ""3.11.0"", ""pandas"": ""3.0.3"", ""qutip"": ""5.3.0"", ""stim"": ""1.16.0"", ""gmpy2"": ""2.3.1"", ""nbformat"": ""5.10.4"", ""nbclient"": ""0.11.0""}",Windows,11,Gercom,2026-07-19T23:16:09.046685+00:00
P11_boundary_search,P11_boundary_search:three_node:bdee54878683745b:L2:603:m10-intent:0,three_node,bdee54878683745b,603,m10-intent,L2,iterative_analytical,0,10,10,0.795,0.05,1e-05,,True,a -> r -> b,2,True,,,,0.7958654267019631,3,0.000412,SATISFIED,True,14,0.795865426701963,0.795865426701963,-1.1102230246251565e-16,1.418672,False,,511,178,130,101,0,0,0.06018878751,3470d9d4190582b9c62fd7683733b9000257c42e56c54ea763c37fd0cb1a2583,False,,,,False,,50895c1a8f3c0da60ba692fe485101f0340fa6ed,1f2680a5b9065e708a7497adc53a95b108029b98,3.13.14,2.5.1,"{""pydantic"": ""2.13.4"", ""yaml"": ""6.0.3"", ""networkx"": ""3.6.1"", ""numpy"": ""2.5.1"", ""scipy"": ""1.18.0"", ""matplotlib"": ""3.11.0"", ""pandas"": ""3.0.3"", ""qutip"": ""5.3.0"", ""stim"": ""1.16.0"", ""gmpy2"": ""2.3.1"", ""nbformat"": ""5.10.4"", ""nbclient"": ""0.11.0""}",Windows,11,Gercom,2026-07-19T23:16:13.636902+00:00
P11_boundary_search,P11_boundary_search:three_node:bdee54878683745b:L2:604:m10-intent:0,three_node,bdee54878683745b,604,m10-intent,L2,iterative_analytical,0,10,10,0.795,0.05,1e-05,,True,a -> r -> b,2,True,,,,0.7958654267019631,3,0.000389,SATISFIED,True,16,0.7958654267019631,0.7958654267019631,0.0,1.432506,False,,556,177,137,115,0,0,0.06019383751,f55f308c80de79020fece8a97f58d369ef363df0a2627f5531e6bcf82b461544,False,,,,False,,50895c1a8f3c0da60ba692fe485101f0340fa6ed,1f2680a5b9065e708a7497adc53a95b108029b98,3.13.14,2.5.1,"{""pydantic"": ""2.13.4"", ""yaml"": ""6.0.3"", ""networkx"": ""3.6.1"", ""numpy"": ""2.5.1"", ""scipy"": ""1.18.0"", ""matplotlib"": ""3.11.0"", ""pandas"": ""3.0.3"", ""qutip"": ""5.3.0"", ""stim"": ""1.16.0"", ""gmpy2"": ""2.3.1"", ""nbformat"": ""5.10.4"", ""nbclient"": ""0.11.0""}",Windows,11,Gercom,2026-07-19T23:16:18.119183+00:00
P11_boundary_search,P11_boundary_search:three_node:bdee54878683745b:L2:605:m10-intent:0,three_node,bdee54878683745b,605,m10-intent,L2,iterative_analytical,0,10,10,0.795,0.05,1e-05,,True,a -> r -> b,2,True,,,,0.7958654267019631,3,0.0004,SATISFIED,True,15,0.7958654267019631,0.7958654267019631,0.0,2.2974,False,,522,171,132,112,0,0,0.06019880001,e3c988e38d4e13446efb27b169a8663b25425d6fe5c540ecf932502f003acfa1,False,,,,False,,50895c1a8f3c0da60ba692fe485101f0340fa6ed,1f2680a5b9065e708a7497adc53a95b108029b98,3.13.14,2.5.1,"{""pydantic"": ""2.13.4"", ""yaml"": ""6.0.3"", ""networkx"": ""3.6.1"", ""numpy"": ""2.5.1"", ""scipy"": ""1.18.0"", ""matplotlib"": ""3.11.0"", ""pandas"": ""3.0.3"", ""qutip"": ""5.3.0"", ""stim"": ""1.16.0"", ""gmpy2"": ""2.3.1"", ""nbformat"": ""5.10.4"", ""nbclient"": ""0.11.0""}",Windows,11,Gercom,2026-07-19T23:16:23.818424+00:00
P11_boundary_search,P11_boundary_search:three_node:bdee54878683745b:L2:606:m10-intent:0,three_node,bdee54878683745b,606,m10-intent,L2,iterative_analytical,0,10,10,0.795,0.05,1e-05,,True,a -> r -> b,2,True,,,,0.7958654267019631,3,0.000404,SATISFIED,True,12,0.7958654267019631,0.7958654267019631,0.0,1.452645,False,,508,175,125,92,0,0,0.06019390001,8305c6f236c1f1922bb8a6ac6f2ff49408a411d26c6d2b0984e3d3e3e19e5d62,False,,,,False,,50895c1a8f3c0da60ba692fe485101f0340fa6ed,1f2680a5b9065e708a7497adc53a95b108029b98,3.13.14,2.5.1,"{""pydantic"": ""2.13.4"", ""yaml"": ""6.0.3"", ""networkx"": ""3.6.1"", ""numpy"": ""2.5.1"", ""scipy"": ""1.18.0"", ""matplotlib"": ""3.11.0"", ""pandas"": ""3.0.3"", ""qutip"": ""5.3.0"", ""stim"": ""1.16.0"", ""gmpy2"": ""2.3.1"", ""nbformat"": ""5.10.4"", ""nbclient"": ""0.11.0""}",Windows,11,Gercom,2026-07-19T23:16:28.862271+00:00
P11_boundary_search,P11_boundary_search:three_node:bdee54878683745b:L2:607:m10-intent:0,three_node,bdee54878683745b,607,m10-intent,L2,iterative_analytical,0,10,10,0.795,0.05,1e-05,,True,a -> r -> b,2,True,,,,0.7958654267019631,3,0.000395,SATISFIED,True,14,0.795865426701963,0.795865426701963,-1.1102230246251565e-16,1.457845,False,,523,191,137,103,0,0,0.06019376251,457b5faba3e3035b14ad4e6aabf86e4640c4c2249dfdd103cb59769dbb28281d,False,,,,False,,50895c1a8f3c0da60ba692fe485101f0340fa6ed,1f2680a5b9065e708a7497adc53a95b108029b98,3.13.14,2.5.1,"{""pydantic"": ""2.13.4"", ""yaml"": ""6.0.3"", ""networkx"": ""3.6.1"", ""numpy"": ""2.5.1"", ""scipy"": ""1.18.0"", ""matplotlib"": ""3.11.0"", ""pandas"": ""3.0.3"", ""qutip"": ""5.3.0"", ""stim"": ""1.16.0"", ""gmpy2"": ""2.3.1"", ""nbformat"": ""5.10.4"", ""nbclient"": ""0.11.0""}",Windows,11,Gercom,2026-07-19T23:16:33.383832+00:00
P11_boundary_search,P11_boundary_search:three_node:ed273269d567eba9:L2:600:m10-intent:0,three_node,ed273269d567eba9,600,m10-intent,L2,iterative_analytical,0,10,10,0.7975,0.05,1e-05,,True,a -> r -> b,2,True,,,,0.834179745759839,4,0.00038,VIOLATED,False,7,0.8341797457598391,0.8341797457598391,1.1102230246251565e-16,1.365898,False,,480,181,139,111,0,0,0.06018378751,202993d7cde5feff1f42d737e82dce4af002b156bd361993aa82d9671e4a5ad5,False,,,,False,,50895c1a8f3c0da60ba692fe485101f0340fa6ed,1f2680a5b9065e708a7497adc53a95b108029b98,3.13.14,2.5.1,"{""pydantic"": ""2.13.4"", ""yaml"": ""6.0.3"", ""networkx"": ""3.6.1"", ""numpy"": ""2.5.1"", ""scipy"": ""1.18.0"", ""matplotlib"": ""3.11.0"", ""pandas"": ""3.0.3"", ""qutip"": ""5.3.0"", ""stim"": ""1.16.0"", ""gmpy2"": ""2.3.1"", ""nbformat"": ""5.10.4"", ""nbclient"": ""0.11.0""}",Windows,11,Gercom,2026-07-19T23:16:37.736607+00:00
P11_boundary_search,P11_boundary_search:three_node:ed273269d567eba9:L2:601:m10-intent:0,three_node,ed273269d567eba9,601,m10-intent,L2,iterative_analytical,0,10,10,0.7975,0.05,1e-05,,True,a -> r -> b,2,True,,,,0.834179745759839,4,0.000379,VIOLATED,False,6,0.834179745759839,0.834179745759839,0.0,1.405388,False,,502,175,135,107,0,0,0.06019378751,1e3f44ec815c99e5eb7a5a1caa7edbc6942138c5462bbe2135bc709c59875bd1,False,,,,False,,50895c1a8f3c0da60ba692fe485101f0340fa6ed,1f2680a5b9065e708a7497adc53a95b108029b98,3.13.14,2.5.1,"{""pydantic"": ""2.13.4"", ""yaml"": ""6.0.3"", ""networkx"": ""3.6.1"", ""numpy"": ""2.5.1"", ""scipy"": ""1.18.0"", ""matplotlib"": ""3.11.0"", ""pandas"": ""3.0.3"", ""qutip"": ""5.3.0"", ""stim"": ""1.16.0"", ""gmpy2"": ""2.3.1"", ""nbformat"": ""5.10.4"", ""nbclient"": ""0.11.0""}",Windows,11,Gercom,2026-07-19T23:16:42.219962+00:00
P11_boundary_search,P11_boundary_search:three_node:ed273269d567eba9:L2:602:m10-intent:0,three_node,ed273269d567eba9,602,m10-intent,L2,iterative_analytical,0,10,10,0.7975,0.05,1e-05,,True,a -> r -> b,2,True,,,,0.834179745759839,4,0.00038,VIOLATED,False,6,0.834179745759839,0.834179745759839,0.0,1.390305,False,,476,171,132,103,0,0,0.06019890001,040bd49ed54dae77f17534c670073aa83878bf8ef953a9ed151a990e553ef31d,False,,,,False,,50895c1a8f3c0da60ba692fe485101f0340fa6ed,1f2680a5b9065e708a7497adc53a95b108029b98,3.13.14,2.5.1,"{""pydantic"": ""2.13.4"", ""yaml"": ""6.0.3"", ""networkx"": ""3.6.1"", ""numpy"": ""2.5.1"", ""scipy"": ""1.18.0"", ""matplotlib"": ""3.11.0"", ""pandas"": ""3.0.3"", ""qutip"": ""5.3.0"", ""stim"": ""1.16.0"", ""gmpy2"": ""2.3.1"", ""nbformat"": ""5.10.4"", ""nbclient"": ""0.11.0""}",Windows,11,Gercom,2026-07-19T23:16:46.760672+00:00
P11_boundary_search,P11_boundary_search:three_node:ed273269d567eba9:L2:603:m10-intent:0,three_node,ed273269d567eba9,603,m10-intent,L2,iterative_analytical,0,10,10,0.7975,0.05,1e-05,,True,a -> r -> b,2,True,,,,0.834179745759839,4,0.000413,VIOLATED,False,6,0.834179745759839,0.834179745759839,0.0,1.376457,False,,525,166,126,94,0,0,0.06016647501,6c668abc6be974a1dfa19ebae43ab09368443482826b850b004af43096cbf89d,False,,,,False,,50895c1a8f3c0da60ba692fe485101f0340fa6ed,1f2680a5b9065e708a7497adc53a95b108029b98,3.13.14,2.5.1,"{""pydantic"": ""2.13.4"", ""yaml"": ""6.0.3"", ""networkx"": ""3.6.1"", ""numpy"": ""2.5.1"", ""scipy"": ""1.18.0"", ""matplotlib"": ""3.11.0"", ""pandas"": ""3.0.3"", ""qutip"": ""5.3.0"", ""stim"": ""1.16.0"", ""gmpy2"": ""2.3.1"", ""nbformat"": ""5.10.4"", ""nbclient"": ""0.11.0""}",Windows,11,Gercom,2026-07-19T23:16:51.126606+00:00
P11_boundary_search,P11_boundary_search:three_node:ed273269d567eba9:L2:604:m10-intent:0,three_node,ed273269d567eba9,604,m10-intent,L2,iterative_analytical,0,10,10,0.7975,0.05,1e-05,,True,a -> r -> b,2,True,,,,0.834179745759839,4,0.000389,VIOLATED,False,7,0.8341797457598391,0.8341797457598391,1.1102230246251565e-16,1.357196,False,,498,169,138,117,0,0,0.06018877501,8e6c792f3f8a0b62cd0c56400683cd00a50a0df0efc95f4c45697354ac84e20a,False,,,,False,,50895c1a8f3c0da60ba692fe485101f0340fa6ed,1f2680a5b9065e708a7497adc53a95b108029b98,3.13.14,2.5.1,"{""pydantic"": ""2.13.4"", ""yaml"": ""6.0.3"", ""networkx"": ""3.6.1"", ""numpy"": ""2.5.1"", ""scipy"": ""1.18.0"", ""matplotlib"": ""3.11.0"", ""pandas"": ""3.0.3"", ""qutip"": ""5.3.0"", ""stim"": ""1.16.0"", ""gmpy2"": ""2.3.1"", ""nbformat"": ""5.10.4"", ""nbclient"": ""0.11.0""}",Windows,11,Gercom,2026-07-19T23:16:55.520522+00:00
P11_boundary_search,P11_boundary_search:three_node:ed273269d567eba9:L2:605:m10-intent:0,three_node,ed273269d567eba9,605,m10-intent,L2,iterative_analytical,0,10,10,0.7975,0.05,1e-05,,True,a -> r -> b,2,True,,,,0.834179745759839,4,0.000389,VIOLATED,False,7,0.8341797457598391,0.8341797457598391,1.1102230246251565e-16,1.438839,False,,458,179,142,118,0,0,0.06017872501,f33cd02f4c09f4599e320315709b06ab8621f3d7128739d618aef0b756c89949,False,,,,False,,50895c1a8f3c0da60ba692fe485101f0340fa6ed,1f2680a5b9065e708a7497adc53a95b108029b98,3.13.14,2.5.1,"{""pydantic"": ""2.13.4"", ""yaml"": ""6.0.3"", ""networkx"": ""3.6.1"", ""numpy"": ""2.5.1"", ""scipy"": ""1.18.0"", ""matplotlib"": ""3.11.0"", ""pandas"": ""3.0.3"", ""qutip"": ""5.3.0"", ""stim"": ""1.16.0"", ""gmpy2"": ""2.3.1"", ""nbformat"": ""5.10.4"", ""nbclient"": ""0.11.0""}",Windows,11,Gercom,2026-07-19T23:17:00.050491+00:00
P11_boundary_search,P11_boundary_search:three_node:ed273269d567eba9:L2:606:m10-intent:0,three_node,ed273269d567eba9,606,m10-intent,L2,iterative_analytical,0,10,10,0.7975,0.05,1e-05,,True,a -> r -> b,2,True,,,,0.834179745759839,4,0.000395,VIOLATED,False,8,0.834179745759839,0.834179745759839,0.0,1.529329,False,,447,176,143,123,0,0,0.06018881251,f35a816e157d8d2eb0568aea1a05a48dd30b345265ac3440b590699e8bf74e83,False,,,,False,,50895c1a8f3c0da60ba692fe485101f0340fa6ed,1f2680a5b9065e708a7497adc53a95b108029b98,3.13.14,2.5.1,"{""pydantic"": ""2.13.4"", ""yaml"": ""6.0.3"", ""networkx"": ""3.6.1"", ""numpy"": ""2.5.1"", ""scipy"": ""1.18.0"", ""matplotlib"": ""3.11.0"", ""pandas"": ""3.0.3"", ""qutip"": ""5.3.0"", ""stim"": ""1.16.0"", ""gmpy2"": ""2.3.1"", ""nbformat"": ""5.10.4"", ""nbclient"": ""0.11.0""}",Windows,11,Gercom,2026-07-19T23:17:04.753149+00:00
P11_boundary_search,P11_boundary_search:three_node:ed273269d567eba9:L2:607:m10-intent:0,three_node,ed273269d567eba9,607,m10-intent,L2,iterative_analytical,0,10,10,0.7975,0.05,1e-05,,True,a -> r -> b,2,True,,,,0.834179745759839,4,0.000387,VIOLATED,False,6,0.834179745759839,0.834179745759839,0.0,1.308953,False,,475,166,130,104,0,0,0.06019377501,54b5d043373861e0b01a789eb0a386f19325ebb9c60bfa14be2ccdf72b903392,False,,,,False,,50895c1a8f3c0da60ba692fe485101f0340fa6ed,1f2680a5b9065e708a7497adc53a95b108029b98,3.13.14,2.5.1,"{""pydantic"": ""2.13.4"", ""yaml"": ""6.0.3"", ""networkx"": ""3.6.1"", ""numpy"": ""2.5.1"", ""scipy"": ""1.18.0"", ""matplotlib"": ""3.11.0"", ""pandas"": ""3.0.3"", ""qutip"": ""5.3.0"", ""stim"": ""1.16.0"", ""gmpy2"": ""2.3.1"", ""nbformat"": ""5.10.4"", ""nbclient"": ""0.11.0""}",Windows,11,Gercom,2026-07-19T23:17:09.122343+00:00
P11_boundary_search,P11_boundary_search:three_node:b2054c1558587cf5:L2:600:m10-intent:0,three_node,b2054c1558587cf5,600,m10-intent,L2,iterative_analytical,0,10,10,0.79625,0.05,1e-05,,True,a -> r -> b,2,True,,,,0.834179745759839,4,0.000391,VIOLATED,False,7,0.8341797457598391,0.8341797457598391,1.1102230246251565e-16,1.39544,False,,480,181,139,111,0,0,0.06018378751,202993d7cde5feff1f42d737e82dce4af002b156bd361993aa82d9671e4a5ad5,False,,,,False,,50895c1a8f3c0da60ba692fe485101f0340fa6ed,1f2680a5b9065e708a7497adc53a95b108029b98,3.13.14,2.5.1,"{""pydantic"": ""2.13.4"", ""yaml"": ""6.0.3"", ""networkx"": ""3.6.1"", ""numpy"": ""2.5.1"", ""scipy"": ""1.18.0"", ""matplotlib"": ""3.11.0"", ""pandas"": ""3.0.3"", ""qutip"": ""5.3.0"", ""stim"": ""1.16.0"", ""gmpy2"": ""2.3.1"", ""nbformat"": ""5.10.4"", ""nbclient"": ""0.11.0""}",Windows,11,Gercom,2026-07-19T23:17:13.620491+00:00
P11_boundary_search,P11_boundary_search:three_node:b2054c1558587cf5:L2:601:m10-intent:0,three_node,b2054c1558587cf5,601,m10-intent,L2,iterative_analytical,0,10,10,0.79625,0.05,1e-05,,True,a -> r -> b,2,True,,,,0.834179745759839,4,0.000383,VIOLATED,False,6,0.834179745759839,0.834179745759839,0.0,1.38777,False,,502,175,135,107,0,0,0.06019378751,1e3f44ec815c99e5eb7a5a1caa7edbc6942138c5462bbe2135bc709c59875bd1,False,,,,False,,50895c1a8f3c0da60ba692fe485101f0340fa6ed,1f2680a5b9065e708a7497adc53a95b108029b98,3.13.14,2.5.1,"{""pydantic"": ""2.13.4"", ""yaml"": ""6.0.3"", ""networkx"": ""3.6.1"", ""numpy"": ""2.5.1"", ""scipy"": ""1.18.0"", ""matplotlib"": ""3.11.0"", ""pandas"": ""3.0.3"", ""qutip"": ""5.3.0"", ""stim"": ""1.16.0"", ""gmpy2"": ""2.3.1"", ""nbformat"": ""5.10.4"", ""nbclient"": ""0.11.0""}",Windows,11,Gercom,2026-07-19T23:17:18.246597+00:00
P11_boundary_search,P11_boundary_search:three_node:b2054c1558587cf5:L2:602:m10-intent:0,three_node,b2054c1558587cf5,602,m10-intent,L2,iterative_analytical,0,10,10,0.79625,0.05,1e-05,,True,a -> r -> b,2,True,,,,0.834179745759839,4,0.000376,VIOLATED,False,6,0.834179745759839,0.834179745759839,0.0,1.387719,False,,476,171,132,103,0,0,0.06019890001,040bd49ed54dae77f17534c670073aa83878bf8ef953a9ed151a990e553ef31d,False,,,,False,,50895c1a8f3c0da60ba692fe485101f0340fa6ed,1f2680a5b9065e708a7497adc53a95b108029b98,3.13.14,2.5.1,"{""pydantic"": ""2.13.4"", ""yaml"": ""6.0.3"", ""networkx"": ""3.6.1"", ""numpy"": ""2.5.1"", ""scipy"": ""1.18.0"", ""matplotlib"": ""3.11.0"", ""pandas"": ""3.0.3"", ""qutip"": ""5.3.0"", ""stim"": ""1.16.0"", ""gmpy2"": ""2.3.1"", ""nbformat"": ""5.10.4"", ""nbclient"": ""0.11.0""}",Windows,11,Gercom,2026-07-19T23:17:22.735438+00:00
P11_boundary_search,P11_boundary_search:three_node:b2054c1558587cf5:L2:603:m10-intent:0,three_node,b2054c1558587cf5,603,m10-intent,L2,iterative_analytical,0,10,10,0.79625,0.05,1e-05,,True,a -> r -> b,2,True,,,,0.834179745759839,4,0.000396,VIOLATED,False,6,0.834179745759839,0.834179745759839,0.0,1.352028,False,,525,166,126,94,0,0,0.06016647501,6c668abc6be974a1dfa19ebae43ab09368443482826b850b004af43096cbf89d,False,,,,False,,50895c1a8f3c0da60ba692fe485101f0340fa6ed,1f2680a5b9065e708a7497adc53a95b108029b98,3.13.14,2.5.1,"{""pydantic"": ""2.13.4"", ""yaml"": ""6.0.3"", ""networkx"": ""3.6.1"", ""numpy"": ""2.5.1"", ""scipy"": ""1.18.0"", ""matplotlib"": ""3.11.0"", ""pandas"": ""3.0.3"", ""qutip"": ""5.3.0"", ""stim"": ""1.16.0"", ""gmpy2"": ""2.3.1"", ""nbformat"": ""5.10.4"", ""nbclient"": ""0.11.0""}",Windows,11,Gercom,2026-07-19T23:17:27.117990+00:00
P11_boundary_search,P11_boundary_search:three_node:b2054c1558587cf5:L2:604:m10-intent:0,three_node,b2054c1558587cf5,604,m10-intent,L2,iterative_analytical,0,10,10,0.79625,0.05,1e-05,,True,a -> r -> b,2,True,,,,0.834179745759839,4,0.000382,VIOLATED,False,7,0.8341797457598391,0.8341797457598391,1.1102230246251565e-16,1.362969,False,,498,169,138,117,0,0,0.06018877501,8e6c792f3f8a0b62cd0c56400683cd00a50a0df0efc95f4c45697354ac84e20a,False,,,,False,,50895c1a8f3c0da60ba692fe485101f0340fa6ed,1f2680a5b9065e708a7497adc53a95b108029b98,3.13.14,2.5.1,"{""pydantic"": ""2.13.4"", ""yaml"": ""6.0.3"", ""networkx"": ""3.6.1"", ""numpy"": ""2.5.1"", ""scipy"": ""1.18.0"", ""matplotlib"": ""3.11.0"", ""pandas"": ""3.0.3"", ""qutip"": ""5.3.0"", ""stim"": ""1.16.0"", ""gmpy2"": ""2.3.1"", ""nbformat"": ""5.10.4"", ""nbclient"": ""0.11.0""}",Windows,11,Gercom,2026-07-19T23:17:31.496396+00:00
P11_boundary_search,P11_boundary_search:three_node:b2054c1558587cf5:L2:605:m10-intent:0,three_node,b2054c1558587cf5,605,m10-intent,L2,iterative_analytical,0,10,10,0.79625,0.05,1e-05,,True,a -> r -> b,2,True,,,,0.834179745759839,4,0.000395,VIOLATED,False,7,0.8341797457598391,0.8341797457598391,1.1102230246251565e-16,1.337599,False,,458,179,142,118,0,0,0.06017872501,f33cd02f4c09f4599e320315709b06ab8621f3d7128739d618aef0b756c89949,False,,,,False,,50895c1a8f3c0da60ba692fe485101f0340fa6ed,1f2680a5b9065e708a7497adc53a95b108029b98,3.13.14,2.5.1,"{""pydantic"": ""2.13.4"", ""yaml"": ""6.0.3"", ""networkx"": ""3.6.1"", ""numpy"": ""2.5.1"", ""scipy"": ""1.18.0"", ""matplotlib"": ""3.11.0"", ""pandas"": ""3.0.3"", ""qutip"": ""5.3.0"", ""stim"": ""1.16.0"", ""gmpy2"": ""2.3.1"", ""nbformat"": ""5.10.4"", ""nbclient"": ""0.11.0""}",Windows,11,Gercom,2026-07-19T23:17:35.918354+00:00
P11_boundary_search,P11_boundary_search:three_node:b2054c1558587cf5:L2:606:m10-intent:0,three_node,b2054c1558587cf5,606,m10-intent,L2,iterative_analytical,0,10,10,0.79625,0.05,1e-05,,True,a -> r -> b,2,True,,,,0.834179745759839,4,0.000388,VIOLATED,False,8,0.834179745759839,0.834179745759839,0.0,1.303895,False,,447,176,143,123,0,0,0.06018881251,f35a816e157d8d2eb0568aea1a05a48dd30b345265ac3440b590699e8bf74e83,False,,,,False,,50895c1a8f3c0da60ba692fe485101f0340fa6ed,1f2680a5b9065e708a7497adc53a95b108029b98,3.13.14,2.5.1,"{""pydantic"": ""2.13.4"", ""yaml"": ""6.0.3"", ""networkx"": ""3.6.1"", ""numpy"": ""2.5.1"", ""scipy"": ""1.18.0"", ""matplotlib"": ""3.11.0"", ""pandas"": ""3.0.3"", ""qutip"": ""5.3.0"", ""stim"": ""1.16.0"", ""gmpy2"": ""2.3.1"", ""nbformat"": ""5.10.4"", ""nbclient"": ""0.11.0""}",Windows,11,Gercom,2026-07-19T23:17:40.244971+00:00
P11_boundary_search,P11_boundary_search:three_node:b2054c1558587cf5:L2:607:m10-intent:0,three_node,b2054c1558587cf5,607,m10-intent,L2,iterative_analytical,0,10,10,0.79625,0.05,1e-05,,True,a -> r -> b,2,True,,,,0.834179745759839,4,0.000393,VIOLATED,False,6,0.834179745759839,0.834179745759839,0.0,1.410676,False,,475,166,130,104,0,0,0.06019377501,54b5d043373861e0b01a789eb0a386f19325ebb9c60bfa14be2ccdf72b903392,False,,,,False,,50895c1a8f3c0da60ba692fe485101f0340fa6ed,1f2680a5b9065e708a7497adc53a95b108029b98,3.13.14,2.5.1,"{""pydantic"": ""2.13.4"", ""yaml"": ""6.0.3"", ""networkx"": ""3.6.1"", ""numpy"": ""2.5.1"", ""scipy"": ""1.18.0"", ""matplotlib"": ""3.11.0"", ""pandas"": ""3.0.3"", ""qutip"": ""5.3.0"", ""stim"": ""1.16.0"", ""gmpy2"": ""2.3.1"", ""nbformat"": ""5.10.4"", ""nbclient"": ""0.11.0""}",Windows,11,Gercom,2026-07-19T23:17:44.650376+00:00
P11_boundary_search,P11_boundary_search:small_mesh:82bf58f5c5a6a3d8:L2:600:m10-intent:0,small_mesh,82bf58f5c5a6a3d8,600,m10-intent,L2,iterative_analytical,0,10,10,0.45,0.05,1e-05,,True,,0,False,no candidate route is feasible: a0->a1->a2->a3->b3 (min_fidelity 0.450 exceeds the achievable estimate 0.438 (no further gain after round 1 (fixed point reached))); a0->b0->b1->b2->b3 (min_fidelity 0.450 exceeds the achievable estimate 0.438 (no further gain after round 1 (fixed point reached))); a0->a1->b1->b2->b3 (min_fidelity 0.450 exceeds the achievable estimate 0.438 (no further gain after round 1 (fixed point reached))),,,,0,0.000666,REJECTED,,,,,,,False,,,,,,,,,,False,,,,False,,50895c1a8f3c0da60ba692fe485101f0340fa6ed,1f2680a5b9065e708a7497adc53a95b108029b98,3.13.14,2.5.1,"{""pydantic"": ""2.13.4"", ""yaml"": ""6.0.3"", ""networkx"": ""3.6.1"", ""numpy"": ""2.5.1"", ""scipy"": ""1.18.0"", ""matplotlib"": ""3.11.0"", ""pandas"": ""3.0.3"", ""qutip"": ""5.3.0"", ""stim"": ""1.16.0"", ""gmpy2"": ""2.3.1"", ""nbformat"": ""5.10.4"", ""nbclient"": ""0.11.0""}",Windows,11,Gercom,2026-07-19T23:17:47.744819+00:00
P11_boundary_search,P11_boundary_search:small_mesh:82bf58f5c5a6a3d8:L2:601:m10-intent:0,small_mesh,82bf58f5c5a6a3d8,601,m10-intent,L2,iterative_analytical,0,10,10,0.45,0.05,1e-05,,True,,0,False,no candidate route is feasible: a0->a1->a2->a3->b3 (min_fidelity 0.450 exceeds the achievable estimate 0.438 (no further gain after round 1 (fixed point reached))); a0->b0->b1->b2->b3 (min_fidelity 0.450 exceeds the achievable estimate 0.438 (no further gain after round 1 (fixed point reached))); a0->a1->b1->b2->b3 (min_fidelity 0.450 exceeds the achievable estimate 0.438 (no further gain after round 1 (fixed point reached))),,,,0,0.000657,REJECTED,,,,,,,False,,,,,,,,,,False,,,,False,,50895c1a8f3c0da60ba692fe485101f0340fa6ed,1f2680a5b9065e708a7497adc53a95b108029b98,3.13.14,2.5.1,"{""pydantic"": ""2.13.4"", ""yaml"": ""6.0.3"", ""networkx"": ""3.6.1"", ""numpy"": ""2.5.1"", ""scipy"": ""1.18.0"", ""matplotlib"": ""3.11.0"", ""pandas"": ""3.0.3"", ""qutip"": ""5.3.0"", ""stim"": ""1.16.0"", ""gmpy2"": ""2.3.1"", ""nbformat"": ""5.10.4"", ""nbclient"": ""0.11.0""}",Windows,11,Gercom,2026-07-19T23:17:50.802135+00:00
P11_boundary_search,P11_boundary_search:small_mesh:82bf58f5c5a6a3d8:L2:602:m10-intent:0,small_mesh,82bf58f5c5a6a3d8,602,m10-intent,L2,iterative_analytical,0,10,10,0.45,0.05,1e-05,,True,,0,False,no candidate route is feasible: a0->a1->a2->a3->b3 (min_fidelity 0.450 exceeds the achievable estimate 0.438 (no further gain after round 1 (fixed point reached))); a0->b0->b1->b2->b3 (min_fidelity 0.450 exceeds the achievable estimate 0.438 (no further gain after round 1 (fixed point reached))); a0->a1->b1->b2->b3 (min_fidelity 0.450 exceeds the achievable estimate 0.438 (no further gain after round 1 (fixed point reached))),,,,0,0.000663,REJECTED,,,,,,,False,,,,,,,,,,False,,,,False,,50895c1a8f3c0da60ba692fe485101f0340fa6ed,1f2680a5b9065e708a7497adc53a95b108029b98,3.13.14,2.5.1,"{""pydantic"": ""2.13.4"", ""yaml"": ""6.0.3"", ""networkx"": ""3.6.1"", ""numpy"": ""2.5.1"", ""scipy"": ""1.18.0"", ""matplotlib"": ""3.11.0"", ""pandas"": ""3.0.3"", ""qutip"": ""5.3.0"", ""stim"": ""1.16.0"", ""gmpy2"": ""2.3.1"", ""nbformat"": ""5.10.4"", ""nbclient"": ""0.11.0""}",Windows,11,Gercom,2026-07-19T23:17:53.832778+00:00
P11_boundary_search,P11_boundary_search:small_mesh:82bf58f5c5a6a3d8:L2:603:m10-intent:0,small_mesh,82bf58f5c5a6a3d8,603,m10-intent,L2,iterative_analytical,0,10,10,0.45,0.05,1e-05,,True,,0,False,no candidate route is feasible: a0->a1->a2->a3->b3 (min_fidelity 0.450 exceeds the achievable estimate 0.438 (no further gain after round 1 (fixed point reached))); a0->b0->b1->b2->b3 (min_fidelity 0.450 exceeds the achievable estimate 0.438 (no further gain after round 1 (fixed point reached))); a0->a1->b1->b2->b3 (min_fidelity 0.450 exceeds the achievable estimate 0.438 (no further gain after round 1 (fixed point reached))),,,,0,0.000642,REJECTED,,,,,,,False,,,,,,,,,,False,,,,False,,50895c1a8f3c0da60ba692fe485101f0340fa6ed,1f2680a5b9065e708a7497adc53a95b108029b98,3.13.14,2.5.1,"{""pydantic"": ""2.13.4"", ""yaml"": ""6.0.3"", ""networkx"": ""3.6.1"", ""numpy"": ""2.5.1"", ""scipy"": ""1.18.0"", ""matplotlib"": ""3.11.0"", ""pandas"": ""3.0.3"", ""qutip"": ""5.3.0"", ""stim"": ""1.16.0"", ""gmpy2"": ""2.3.1"", ""nbformat"": ""5.10.4"", ""nbclient"": ""0.11.0""}",Windows,11,Gercom,2026-07-19T23:17:56.865733+00:00
P11_boundary_search,P11_boundary_search:small_mesh:82bf58f5c5a6a3d8:L2:604:m10-intent:0,small_mesh,82bf58f5c5a6a3d8,604,m10-intent,L2,iterative_analytical,0,10,10,0.45,0.05,1e-05,,True,,0,False,no candidate route is feasible: a0->a1->a2->a3->b3 (min_fidelity 0.450 exceeds the achievable estimate 0.438 (no further gain after round 1 (fixed point reached))); a0->b0->b1->b2->b3 (min_fidelity 0.450 exceeds the achievable estimate 0.438 (no further gain after round 1 (fixed point reached))); a0->a1->b1->b2->b3 (min_fidelity 0.450 exceeds the achievable estimate 0.438 (no further gain after round 1 (fixed point reached))),,,,0,0.000639,REJECTED,,,,,,,False,,,,,,,,,,False,,,,False,,50895c1a8f3c0da60ba692fe485101f0340fa6ed,1f2680a5b9065e708a7497adc53a95b108029b98,3.13.14,2.5.1,"{""pydantic"": ""2.13.4"", ""yaml"": ""6.0.3"", ""networkx"": ""3.6.1"", ""numpy"": ""2.5.1"", ""scipy"": ""1.18.0"", ""matplotlib"": ""3.11.0"", ""pandas"": ""3.0.3"", ""qutip"": ""5.3.0"", ""stim"": ""1.16.0"", ""gmpy2"": ""2.3.1"", ""nbformat"": ""5.10.4"", ""nbclient"": ""0.11.0""}",Windows,11,Gercom,2026-07-19T23:17:59.882012+00:00
P11_boundary_search,P11_boundary_search:small_mesh:82bf58f5c5a6a3d8:L2:605:m10-intent:0,small_mesh,82bf58f5c5a6a3d8,605,m10-intent,L2,iterative_analytical,0,10,10,0.45,0.05,1e-05,,True,,0,False,no candidate route is feasible: a0->a1->a2->a3->b3 (min_fidelity 0.450 exceeds the achievable estimate 0.438 (no further gain after round 1 (fixed point reached))); a0->b0->b1->b2->b3 (min_fidelity 0.450 exceeds the achievable estimate 0.438 (no further gain after round 1 (fixed point reached))); a0->a1->b1->b2->b3 (min_fidelity 0.450 exceeds the achievable estimate 0.438 (no further gain after round 1 (fixed point reached))),,,,0,0.00065,REJECTED,,,,,,,False,,,,,,,,,,False,,,,False,,50895c1a8f3c0da60ba692fe485101f0340fa6ed,1f2680a5b9065e708a7497adc53a95b108029b98,3.13.14,2.5.1,"{""pydantic"": ""2.13.4"", ""yaml"": ""6.0.3"", ""networkx"": ""3.6.1"", ""numpy"": ""2.5.1"", ""scipy"": ""1.18.0"", ""matplotlib"": ""3.11.0"", ""pandas"": ""3.0.3"", ""qutip"": ""5.3.0"", ""stim"": ""1.16.0"", ""gmpy2"": ""2.3.1"", ""nbformat"": ""5.10.4"", ""nbclient"": ""0.11.0""}",Windows,11,Gercom,2026-07-19T23:18:02.985510+00:00
P11_boundary_search,P11_boundary_search:small_mesh:82bf58f5c5a6a3d8:L2:606:m10-intent:0,small_mesh,82bf58f5c5a6a3d8,606,m10-intent,L2,iterative_analytical,0,10,10,0.45,0.05,1e-05,,True,,0,False,no candidate route is feasible: a0->a1->a2->a3->b3 (min_fidelity 0.450 exceeds the achievable estimate 0.438 (no further gain after round 1 (fixed point reached))); a0->b0->b1->b2->b3 (min_fidelity 0.450 exceeds the achievable estimate 0.438 (no further gain after round 1 (fixed point reached))); a0->a1->b1->b2->b3 (min_fidelity 0.450 exceeds the achievable estimate 0.438 (no further gain after round 1 (fixed point reached))),,,,0,0.001094,REJECTED,,,,,,,False,,,,,,,,,,False,,,,False,,50895c1a8f3c0da60ba692fe485101f0340fa6ed,1f2680a5b9065e708a7497adc53a95b108029b98,3.13.14,2.5.1,"{""pydantic"": ""2.13.4"", ""yaml"": ""6.0.3"", ""networkx"": ""3.6.1"", ""numpy"": ""2.5.1"", ""scipy"": ""1.18.0"", ""matplotlib"": ""3.11.0"", ""pandas"": ""3.0.3"", ""qutip"": ""5.3.0"", ""stim"": ""1.16.0"", ""gmpy2"": ""2.3.1"", ""nbformat"": ""5.10.4"", ""nbclient"": ""0.11.0""}",Windows,11,Gercom,2026-07-19T23:18:06.969853+00:00
P11_boundary_search,P11_boundary_search:small_mesh:82bf58f5c5a6a3d8:L2:607:m10-intent:0,small_mesh,82bf58f5c5a6a3d8,607,m10-intent,L2,iterative_analytical,0,10,10,0.45,0.05,1e-05,,True,,0,False,no candidate route is feasible: a0->a1->a2->a3->b3 (min_fidelity 0.450 exceeds the achievable estimate 0.438 (no further gain after round 1 (fixed point reached))); a0->b0->b1->b2->b3 (min_fidelity 0.450 exceeds the achievable estimate 0.438 (no further gain after round 1 (fixed point reached))); a0->a1->b1->b2->b3 (min_fidelity 0.450 exceeds the achievable estimate 0.438 (no further gain after round 1 (fixed point reached))),,,,0,0.000651,REJECTED,,,,,,,False,,,,,,,,,,False,,,,False,,50895c1a8f3c0da60ba692fe485101f0340fa6ed,1f2680a5b9065e708a7497adc53a95b108029b98,3.13.14,2.5.1,"{""pydantic"": ""2.13.4"", ""yaml"": ""6.0.3"", ""networkx"": ""3.6.1"", ""numpy"": ""2.5.1"", ""scipy"": ""1.18.0"", ""matplotlib"": ""3.11.0"", ""pandas"": ""3.0.3"", ""qutip"": ""5.3.0"", ""stim"": ""1.16.0"", ""gmpy2"": ""2.3.1"", ""nbformat"": ""5.10.4"", ""nbclient"": ""0.11.0""}",Windows,11,Gercom,2026-07-19T23:18:10.054002+00:00
P11_boundary_search,P11_boundary_search:small_mesh:a186ee504752ea96:L2:600:m10-intent:0,small_mesh,a186ee504752ea96,600,m10-intent,L2,iterative_analytical,0,10,10,0.445,0.05,1e-05,,True,a0 -> a1 -> a2 -> a3 -> b3,4,True,,,,0.44755510859374986,0,0.000509,SATISFIED,True,224,0.4475551085937498,0.4475551085937498,-5.551115123125783e-17,3.413891,False,,613,227,0,0,0,0,0.06019780001,765d405c24fedb55c135bae0d2ecc37c1f7e4983f32d68876dee4a39524c3270,False,,,,False,,50895c1a8f3c0da60ba692fe485101f0340fa6ed,1f2680a5b9065e708a7497adc53a95b108029b98,3.13.14,2.5.1,"{""pydantic"": ""2.13.4"", ""yaml"": ""6.0.3"", ""networkx"": ""3.6.1"", ""numpy"": ""2.5.1"", ""scipy"": ""1.18.0"", ""matplotlib"": ""3.11.0"", ""pandas"": ""3.0.3"", ""qutip"": ""5.3.0"", ""stim"": ""1.16.0"", ""gmpy2"": ""2.3.1"", ""nbformat"": ""5.10.4"", ""nbclient"": ""0.11.0""}",Windows,11,Gercom,2026-07-19T23:18:16.665346+00:00
P11_boundary_search,P11_boundary_search:small_mesh:a186ee504752ea96:L2:601:m10-intent:0,small_mesh,a186ee504752ea96,601,m10-intent,L2,iterative_analytical,0,10,10,0.445,0.05,1e-05,,True,a0 -> a1 -> a2 -> a3 -> b3,4,True,,,,0.44755510859374986,0,0.000524,SATISFIED,True,229,0.4475551085937498,0.4475551085937498,-5.551115123125783e-17,3.402695,False,,576,232,0,0,0,0,0.06019270001,dbc1dee07b8b6b33e3ec113d79b91da7f3d60ca53ea3af0a0c53ca1750ac6b51,False,,,,False,,50895c1a8f3c0da60ba692fe485101f0340fa6ed,1f2680a5b9065e708a7497adc53a95b108029b98,3.13.14,2.5.1,"{""pydantic"": ""2.13.4"", ""yaml"": ""6.0.3"", ""networkx"": ""3.6.1"", ""numpy"": ""2.5.1"", ""scipy"": ""1.18.0"", ""matplotlib"": ""3.11.0"", ""pandas"": ""3.0.3"", ""qutip"": ""5.3.0"", ""stim"": ""1.16.0"", ""gmpy2"": ""2.3.1"", ""nbformat"": ""5.10.4"", ""nbclient"": ""0.11.0""}",Windows,11,Gercom,2026-07-19T23:18:23.175701+00:00
P11_boundary_search,P11_boundary_search:small_mesh:a186ee504752ea96:L2:602:m10-intent:0,small_mesh,a186ee504752ea96,602,m10-intent,L2,iterative_analytical,0,10,10,0.445,0.05,1e-05,,True,a0 -> a1 -> a2 -> a3 -> b3,4,True,,,,0.44755510859374986,0,0.000521,SATISFIED,True,231,0.4475551085937498,0.4475551085937498,-5.551115123125783e-17,3.2788,False,,626,236,0,0,0,0,0.06019523751,078a54e21893d9a661909e0cc791acdcc7c884a0d543947c52b6193f6d584f6a,False,,,,False,,50895c1a8f3c0da60ba692fe485101f0340fa6ed,1f2680a5b9065e708a7497adc53a95b108029b98,3.13.14,2.5.1,"{""pydantic"": ""2.13.4"", ""yaml"": ""6.0.3"", ""networkx"": ""3.6.1"", ""numpy"": ""2.5.1"", ""scipy"": ""1.18.0"", ""matplotlib"": ""3.11.0"", ""pandas"": ""3.0.3"", ""qutip"": ""5.3.0"", ""stim"": ""1.16.0"", ""gmpy2"": ""2.3.1"", ""nbformat"": ""5.10.4"", ""nbclient"": ""0.11.0""}",Windows,11,Gercom,2026-07-19T23:18:29.522718+00:00
P11_boundary_search,P11_boundary_search:small_mesh:a186ee504752ea96:L2:603:m10-intent:0,small_mesh,a186ee504752ea96,603,m10-intent,L2,iterative_analytical,0,10,10,0.445,0.05,1e-05,,True,a0 -> a1 -> a2 -> a3 -> b3,4,True,,,,0.44755510859374986,0,0.000516,SATISFIED,True,225,0.44755510859374975,0.44755510859374975,-1.1102230246251565e-16,3.56936,False,,589,230,0,0,0,0,0.06019778751,2291565a88b339f0d38c7232f10317ae3786643aa2048e80babe807015dab680,False,,,,False,,50895c1a8f3c0da60ba692fe485101f0340fa6ed,1f2680a5b9065e708a7497adc53a95b108029b98,3.13.14,2.5.1,"{""pydantic"": ""2.13.4"", ""yaml"": ""6.0.3"", ""networkx"": ""3.6.1"", ""numpy"": ""2.5.1"", ""scipy"": ""1.18.0"", ""matplotlib"": ""3.11.0"", ""pandas"": ""3.0.3"", ""qutip"": ""5.3.0"", ""stim"": ""1.16.0"", ""gmpy2"": ""2.3.1"", ""nbformat"": ""5.10.4"", ""nbclient"": ""0.11.0""}",Windows,11,Gercom,2026-07-19T23:18:36.254631+00:00
P11_boundary_search,P11_boundary_search:small_mesh:a186ee504752ea96:L2:604:m10-intent:0,small_mesh,a186ee504752ea96,604,m10-intent,L2,iterative_analytical,0,10,10,0.445,0.05,1e-05,,True,a0 -> a1 -> a2 -> a3 -> b3,4,True,,,,0.44755510859374986,0,0.000509,SATISFIED,True,229,0.4475551085937498,0.4475551085937498,-5.551115123125783e-17,3.260324,False,,597,229,0,0,0,0,0.06019773751,c8a0ad41b48fa11f4fb394c1fb668620564b33760f74929c58d3e0b1db56884e,False,,,,False,,50895c1a8f3c0da60ba692fe485101f0340fa6ed,1f2680a5b9065e708a7497adc53a95b108029b98,3.13.14,2.5.1,"{""pydantic"": ""2.13.4"", ""yaml"": ""6.0.3"", ""networkx"": ""3.6.1"", ""numpy"": ""2.5.1"", ""scipy"": ""1.18.0"", ""matplotlib"": ""3.11.0"", ""pandas"": ""3.0.3"", ""qutip"": ""5.3.0"", ""stim"": ""1.16.0"", ""gmpy2"": ""2.3.1"", ""nbformat"": ""5.10.4"", ""nbclient"": ""0.11.0""}",Windows,11,Gercom,2026-07-19T23:18:43.388829+00:00
P11_boundary_search,P11_boundary_search:small_mesh:a186ee504752ea96:L2:605:m10-intent:0,small_mesh,a186ee504752ea96,605,m10-intent,L2,iterative_analytical,0,10,10,0.445,0.05,1e-05,,True,a0 -> a1 -> a2 -> a3 -> b3,4,True,,,,0.44755510859374986,0,0.000518,SATISFIED,True,222,0.4475551085937498,0.4475551085937498,-5.551115123125783e-17,3.180266,False,,650,228,0,0,0,0,0.06019268751,d517c8bf21e617e6100ce1e4093ba68e6c3e9b07f4ee4803a29122381379a378,False,,,,False,,50895c1a8f3c0da60ba692fe485101f0340fa6ed,1f2680a5b9065e708a7497adc53a95b108029b98,3.13.14,2.5.1,"{""pydantic"": ""2.13.4"", ""yaml"": ""6.0.3"", ""networkx"": ""3.6.1"", ""numpy"": ""2.5.1"", ""scipy"": ""1.18.0"", ""matplotlib"": ""3.11.0"", ""pandas"": ""3.0.3"", ""qutip"": ""5.3.0"", ""stim"": ""1.16.0"", ""gmpy2"": ""2.3.1"", ""nbformat"": ""5.10.4"", ""nbclient"": ""0.11.0""}",Windows,11,Gercom,2026-07-19T23:18:49.737901+00:00
P11_boundary_search,P11_boundary_search:small_mesh:a186ee504752ea96:L2:606:m10-intent:0,small_mesh,a186ee504752ea96,606,m10-intent,L2,iterative_analytical,0,10,10,0.445,0.05,1e-05,,True,a0 -> a1 -> a2 -> a3 -> b3,4,True,,,,0.44755510859374986,0,0.000519,SATISFIED,True,224,0.4475551085937498,0.4475551085937498,-5.551115123125783e-17,3.220355,False,,627,225,0,0,0,0,0.06019526251,f845a61ea12c4e9b6f9bb70fe94b05d8b741f7fee8036ce76cf98b6715e72796,False,,,,False,,50895c1a8f3c0da60ba692fe485101f0340fa6ed,1f2680a5b9065e708a7497adc53a95b108029b98,3.13.14,2.5.1,"{""pydantic"": ""2.13.4"", ""yaml"": ""6.0.3"", ""networkx"": ""3.6.1"", ""numpy"": ""2.5.1"", ""scipy"": ""1.18.0"", ""matplotlib"": ""3.11.0"", ""pandas"": ""3.0.3"", ""qutip"": ""5.3.0"", ""stim"": ""1.16.0"", ""gmpy2"": ""2.3.1"", ""nbformat"": ""5.10.4"", ""nbclient"": ""0.11.0""}",Windows,11,Gercom,2026-07-19T23:18:56.159844+00:00
P11_boundary_search,P11_boundary_search:small_mesh:a186ee504752ea96:L2:607:m10-intent:0,small_mesh,a186ee504752ea96,607,m10-intent,L2,iterative_analytical,0,10,10,0.445,0.05,1e-05,,True,a0 -> a1 -> a2 -> a3 -> b3,4,True,,,,0.44755510859374986,0,0.000517,SATISFIED,True,222,0.4475551085937498,0.4475551085937498,-5.551115123125783e-17,3.372029,False,,601,224,0,0,0,0,0.06019272501,cf7dbd41d5b3ee8876c802514957fafa92c4bda1d317bef41d111542b26e4487,False,,,,False,,50895c1a8f3c0da60ba692fe485101f0340fa6ed,1f2680a5b9065e708a7497adc53a95b108029b98,3.13.14,2.5.1,"{""pydantic"": ""2.13.4"", ""yaml"": ""6.0.3"", ""networkx"": ""3.6.1"", ""numpy"": ""2.5.1"", ""scipy"": ""1.18.0"", ""matplotlib"": ""3.11.0"", ""pandas"": ""3.0.3"", ""qutip"": ""5.3.0"", ""stim"": ""1.16.0"", ""gmpy2"": ""2.3.1"", ""nbformat"": ""5.10.4"", ""nbclient"": ""0.11.0""}",Windows,11,Gercom,2026-07-19T23:19:02.611791+00:00
P11_boundary_search,P11_boundary_search:small_mesh:0bdf518843c2f36f:L2:600:m10-intent:0,small_mesh,0bdf518843c2f36f,600,m10-intent,L2,iterative_analytical,0,10,10,0.4475,0.05,1e-05,,True,a0 -> a1 -> a2 -> a3 -> b3,4,True,,,,0.44755510859374986,0,0.000536,SATISFIED,True,224,0.4475551085937498,0.4475551085937498,-5.551115123125783e-17,3.326499,False,,613,227,0,0,0,0,0.06019780001,765d405c24fedb55c135bae0d2ecc37c1f7e4983f32d68876dee4a39524c3270,False,,,,False,,50895c1a8f3c0da60ba692fe485101f0340fa6ed,1f2680a5b9065e708a7497adc53a95b108029b98,3.13.14,2.5.1,"{""pydantic"": ""2.13.4"", ""yaml"": ""6.0.3"", ""networkx"": ""3.6.1"", ""numpy"": ""2.5.1"", ""scipy"": ""1.18.0"", ""matplotlib"": ""3.11.0"", ""pandas"": ""3.0.3"", ""qutip"": ""5.3.0"", ""stim"": ""1.16.0"", ""gmpy2"": ""2.3.1"", ""nbformat"": ""5.10.4"", ""nbclient"": ""0.11.0""}",Windows,11,Gercom,2026-07-19T23:19:09.126334+00:00
P11_boundary_search,P11_boundary_search:small_mesh:0bdf518843c2f36f:L2:601:m10-intent:0,small_mesh,0bdf518843c2f36f,601,m10-intent,L2,iterative_analytical,0,10,10,0.4475,0.05,1e-05,,True,a0 -> a1 -> a2 -> a3 -> b3,4,True,,,,0.44755510859374986,0,0.000514,SATISFIED,True,229,0.4475551085937498,0.4475551085937498,-5.551115123125783e-17,3.229495,False,,576,232,0,0,0,0,0.06019270001,dbc1dee07b8b6b33e3ec113d79b91da7f3d60ca53ea3af0a0c53ca1750ac6b51,False,,,,False,,50895c1a8f3c0da60ba692fe485101f0340fa6ed,1f2680a5b9065e708a7497adc53a95b108029b98,3.13.14,2.5.1,"{""pydantic"": ""2.13.4"", ""yaml"": ""6.0.3"", ""networkx"": ""3.6.1"", ""numpy"": ""2.5.1"", ""scipy"": ""1.18.0"", ""matplotlib"": ""3.11.0"", ""pandas"": ""3.0.3"", ""qutip"": ""5.3.0"", ""stim"": ""1.16.0"", ""gmpy2"": ""2.3.1"", ""nbformat"": ""5.10.4"", ""nbclient"": ""0.11.0""}",Windows,11,Gercom,2026-07-19T23:19:15.400326+00:00
P11_boundary_search,P11_boundary_search:small_mesh:0bdf518843c2f36f:L2:602:m10-intent:0,small_mesh,0bdf518843c2f36f,602,m10-intent,L2,iterative_analytical,0,10,10,0.4475,0.05,1e-05,,True,a0 -> a1 -> a2 -> a3 -> b3,4,True,,,,0.44755510859374986,0,0.00051,SATISFIED,True,231,0.4475551085937498,0.4475551085937498,-5.551115123125783e-17,3.274191,False,,626,236,0,0,0,0,0.06019523751,078a54e21893d9a661909e0cc791acdcc7c884a0d543947c52b6193f6d584f6a,False,,,,False,,50895c1a8f3c0da60ba692fe485101f0340fa6ed,1f2680a5b9065e708a7497adc53a95b108029b98,3.13.14,2.5.1,"{""pydantic"": ""2.13.4"", ""yaml"": ""6.0.3"", ""networkx"": ""3.6.1"", ""numpy"": ""2.5.1"", ""scipy"": ""1.18.0"", ""matplotlib"": ""3.11.0"", ""pandas"": ""3.0.3"", ""qutip"": ""5.3.0"", ""stim"": ""1.16.0"", ""gmpy2"": ""2.3.1"", ""nbformat"": ""5.10.4"", ""nbclient"": ""0.11.0""}",Windows,11,Gercom,2026-07-19T23:19:21.762465+00:00
P11_boundary_search,P11_boundary_search:small_mesh:0bdf518843c2f36f:L2:603:m10-intent:0,small_mesh,0bdf518843c2f36f,603,m10-intent,L2,iterative_analytical,0,10,10,0.4475,0.05,1e-05,,True,a0 -> a1 -> a2 -> a3 -> b3,4,True,,,,0.44755510859374986,0,0.00052,SATISFIED,True,225,0.44755510859374975,0.44755510859374975,-1.1102230246251565e-16,3.239667,False,,589,230,0,0,0,0,0.06019778751,2291565a88b339f0d38c7232f10317ae3786643aa2048e80babe807015dab680,False,,,,False,,50895c1a8f3c0da60ba692fe485101f0340fa6ed,1f2680a5b9065e708a7497adc53a95b108029b98,3.13.14,2.5.1,"{""pydantic"": ""2.13.4"", ""yaml"": ""6.0.3"", ""networkx"": ""3.6.1"", ""numpy"": ""2.5.1"", ""scipy"": ""1.18.0"", ""matplotlib"": ""3.11.0"", ""pandas"": ""3.0.3"", ""qutip"": ""5.3.0"", ""stim"": ""1.16.0"", ""gmpy2"": ""2.3.1"", ""nbformat"": ""5.10.4"", ""nbclient"": ""0.11.0""}",Windows,11,Gercom,2026-07-19T23:19:28.147617+00:00
P11_boundary_search,P11_boundary_search:small_mesh:0bdf518843c2f36f:L2:604:m10-intent:0,small_mesh,0bdf518843c2f36f,604,m10-intent,L2,iterative_analytical,0,10,10,0.4475,0.05,1e-05,,True,a0 -> a1 -> a2 -> a3 -> b3,4,True,,,,0.44755510859374986,0,0.000555,SATISFIED,True,229,0.4475551085937498,0.4475551085937498,-5.551115123125783e-17,3.421161,False,,597,229,0,0,0,0,0.06019773751,c8a0ad41b48fa11f4fb394c1fb668620564b33760f74929c58d3e0b1db56884e,False,,,,False,,50895c1a8f3c0da60ba692fe485101f0340fa6ed,1f2680a5b9065e708a7497adc53a95b108029b98,3.13.14,2.5.1,"{""pydantic"": ""2.13.4"", ""yaml"": ""6.0.3"", ""networkx"": ""3.6.1"", ""numpy"": ""2.5.1"", ""scipy"": ""1.18.0"", ""matplotlib"": ""3.11.0"", ""pandas"": ""3.0.3"", ""qutip"": ""5.3.0"", ""stim"": ""1.16.0"", ""gmpy2"": ""2.3.1"", ""nbformat"": ""5.10.4"", ""nbclient"": ""0.11.0""}",Windows,11,Gercom,2026-07-19T23:19:34.624013+00:00
P11_boundary_search,P11_boundary_search:small_mesh:0bdf518843c2f36f:L2:605:m10-intent:0,small_mesh,0bdf518843c2f36f,605,m10-intent,L2,iterative_analytical,0,10,10,0.4475,0.05,1e-05,,True,a0 -> a1 -> a2 -> a3 -> b3,4,True,,,,0.44755510859374986,0,0.000506,SATISFIED,True,222,0.4475551085937498,0.4475551085937498,-5.551115123125783e-17,3.264188,False,,650,228,0,0,0,0,0.06019268751,d517c8bf21e617e6100ce1e4093ba68e6c3e9b07f4ee4803a29122381379a378,False,,,,False,,50895c1a8f3c0da60ba692fe485101f0340fa6ed,1f2680a5b9065e708a7497adc53a95b108029b98,3.13.14,2.5.1,"{""pydantic"": ""2.13.4"", ""yaml"": ""6.0.3"", ""networkx"": ""3.6.1"", ""numpy"": ""2.5.1"", ""scipy"": ""1.18.0"", ""matplotlib"": ""3.11.0"", ""pandas"": ""3.0.3"", ""qutip"": ""5.3.0"", ""stim"": ""1.16.0"", ""gmpy2"": ""2.3.1"", ""nbformat"": ""5.10.4"", ""nbclient"": ""0.11.0""}",Windows,11,Gercom,2026-07-19T23:19:40.997933+00:00
P11_boundary_search,P11_boundary_search:small_mesh:0bdf518843c2f36f:L2:606:m10-intent:0,small_mesh,0bdf518843c2f36f,606,m10-intent,L2,iterative_analytical,0,10,10,0.4475,0.05,1e-05,,True,a0 -> a1 -> a2 -> a3 -> b3,4,True,,,,0.44755510859374986,0,0.000515,SATISFIED,True,224,0.4475551085937498,0.4475551085937498,-5.551115123125783e-17,3.215669,False,,627,225,0,0,0,0,0.06019526251,f845a61ea12c4e9b6f9bb70fe94b05d8b741f7fee8036ce76cf98b6715e72796,False,,,,False,,50895c1a8f3c0da60ba692fe485101f0340fa6ed,1f2680a5b9065e708a7497adc53a95b108029b98,3.13.14,2.5.1,"{""pydantic"": ""2.13.4"", ""yaml"": ""6.0.3"", ""networkx"": ""3.6.1"", ""numpy"": ""2.5.1"", ""scipy"": ""1.18.0"", ""matplotlib"": ""3.11.0"", ""pandas"": ""3.0.3"", ""qutip"": ""5.3.0"", ""stim"": ""1.16.0"", ""gmpy2"": ""2.3.1"", ""nbformat"": ""5.10.4"", ""nbclient"": ""0.11.0""}",Windows,11,Gercom,2026-07-19T23:19:47.292528+00:00
P11_boundary_search,P11_boundary_search:small_mesh:0bdf518843c2f36f:L2:607:m10-intent:0,small_mesh,0bdf518843c2f36f,607,m10-intent,L2,iterative_analytical,0,10,10,0.4475,0.05,1e-05,,True,a0 -> a1 -> a2 -> a3 -> b3,4,True,,,,0.44755510859374986,0,0.000526,SATISFIED,True,222,0.4475551085937498,0.4475551085937498,-5.551115123125783e-17,3.219289,False,,601,224,0,0,0,0,0.06019272501,cf7dbd41d5b3ee8876c802514957fafa92c4bda1d317bef41d111542b26e4487,False,,,,False,,50895c1a8f3c0da60ba692fe485101f0340fa6ed,1f2680a5b9065e708a7497adc53a95b108029b98,3.13.14,2.5.1,"{""pydantic"": ""2.13.4"", ""yaml"": ""6.0.3"", ""networkx"": ""3.6.1"", ""numpy"": ""2.5.1"", ""scipy"": ""1.18.0"", ""matplotlib"": ""3.11.0"", ""pandas"": ""3.0.3"", ""qutip"": ""5.3.0"", ""stim"": ""1.16.0"", ""gmpy2"": ""2.3.1"", ""nbformat"": ""5.10.4"", ""nbclient"": ""0.11.0""}",Windows,11,Gercom,2026-07-19T23:19:53.617361+00:00
P11_boundary_search,P11_boundary_search:small_mesh:345891df6e689b97:L2:600:m10-intent:0,small_mesh,345891df6e689b97,600,m10-intent,L2,iterative_analytical,0,10,10,0.44875,0.05,1e-05,,True,,0,False,no candidate route is feasible: a0->a1->a2->a3->b3 (min_fidelity 0.449 exceeds the achievable estimate 0.438 (no further gain after round 1 (fixed point reached))); a0->b0->b1->b2->b3 (min_fidelity 0.449 exceeds the achievable estimate 0.438 (no further gain after round 1 (fixed point reached))); a0->a1->b1->b2->b3 (min_fidelity 0.449 exceeds the achievable estimate 0.438 (no further gain after round 1 (fixed point reached))),,,,0,0.000665,REJECTED,,,,,,,False,,,,,,,,,,False,,,,False,,50895c1a8f3c0da60ba692fe485101f0340fa6ed,1f2680a5b9065e708a7497adc53a95b108029b98,3.13.14,2.5.1,"{""pydantic"": ""2.13.4"", ""yaml"": ""6.0.3"", ""networkx"": ""3.6.1"", ""numpy"": ""2.5.1"", ""scipy"": ""1.18.0"", ""matplotlib"": ""3.11.0"", ""pandas"": ""3.0.3"", ""qutip"": ""5.3.0"", ""stim"": ""1.16.0"", ""gmpy2"": ""2.3.1"", ""nbformat"": ""5.10.4"", ""nbclient"": ""0.11.0""}",Windows,11,Gercom,2026-07-19T23:19:56.768187+00:00
P11_boundary_search,P11_boundary_search:small_mesh:345891df6e689b97:L2:601:m10-intent:0,small_mesh,345891df6e689b97,601,m10-intent,L2,iterative_analytical,0,10,10,0.44875,0.05,1e-05,,True,,0,False,no candidate route is feasible: a0->a1->a2->a3->b3 (min_fidelity 0.449 exceeds the achievable estimate 0.438 (no further gain after round 1 (fixed point reached))); a0->b0->b1->b2->b3 (min_fidelity 0.449 exceeds the achievable estimate 0.438 (no further gain after round 1 (fixed point reached))); a0->a1->b1->b2->b3 (min_fidelity 0.449 exceeds the achievable estimate 0.438 (no further gain after round 1 (fixed point reached))),,,,0,0.000642,REJECTED,,,,,,,False,,,,,,,,,,False,,,,False,,50895c1a8f3c0da60ba692fe485101f0340fa6ed,1f2680a5b9065e708a7497adc53a95b108029b98,3.13.14,2.5.1,"{""pydantic"": ""2.13.4"", ""yaml"": ""6.0.3"", ""networkx"": ""3.6.1"", ""numpy"": ""2.5.1"", ""scipy"": ""1.18.0"", ""matplotlib"": ""3.11.0"", ""pandas"": ""3.0.3"", ""qutip"": ""5.3.0"", ""stim"": ""1.16.0"", ""gmpy2"": ""2.3.1"", ""nbformat"": ""5.10.4"", ""nbclient"": ""0.11.0""}",Windows,11,Gercom,2026-07-19T23:19:59.814208+00:00
P11_boundary_search,P11_boundary_search:small_mesh:345891df6e689b97:L2:602:m10-intent:0,small_mesh,345891df6e689b97,602,m10-intent,L2,iterative_analytical,0,10,10,0.44875,0.05,1e-05,,True,,0,False,no candidate route is feasible: a0->a1->a2->a3->b3 (min_fidelity 0.449 exceeds the achievable estimate 0.438 (no further gain after round 1 (fixed point reached))); a0->b0->b1->b2->b3 (min_fidelity 0.449 exceeds the achievable estimate 0.438 (no further gain after round 1 (fixed point reached))); a0->a1->b1->b2->b3 (min_fidelity 0.449 exceeds the achievable estimate 0.438 (no further gain after round 1 (fixed point reached))),,,,0,0.000648,REJECTED,,,,,,,False,,,,,,,,,,False,,,,False,,50895c1a8f3c0da60ba692fe485101f0340fa6ed,1f2680a5b9065e708a7497adc53a95b108029b98,3.13.14,2.5.1,"{""pydantic"": ""2.13.4"", ""yaml"": ""6.0.3"", ""networkx"": ""3.6.1"", ""numpy"": ""2.5.1"", ""scipy"": ""1.18.0"", ""matplotlib"": ""3.11.0"", ""pandas"": ""3.0.3"", ""qutip"": ""5.3.0"", ""stim"": ""1.16.0"", ""gmpy2"": ""2.3.1"", ""nbformat"": ""5.10.4"", ""nbclient"": ""0.11.0""}",Windows,11,Gercom,2026-07-19T23:20:02.917364+00:00
P11_boundary_search,P11_boundary_search:small_mesh:345891df6e689b97:L2:603:m10-intent:0,small_mesh,345891df6e689b97,603,m10-intent,L2,iterative_analytical,0,10,10,0.44875,0.05,1e-05,,True,,0,False,no candidate route is feasible: a0->a1->a2->a3->b3 (min_fidelity 0.449 exceeds the achievable estimate 0.438 (no further gain after round 1 (fixed point reached))); a0->b0->b1->b2->b3 (min_fidelity 0.449 exceeds the achievable estimate 0.438 (no further gain after round 1 (fixed point reached))); a0->a1->b1->b2->b3 (min_fidelity 0.449 exceeds the achievable estimate 0.438 (no further gain after round 1 (fixed point reached))),,,,0,0.00066,REJECTED,,,,,,,False,,,,,,,,,,False,,,,False,,50895c1a8f3c0da60ba692fe485101f0340fa6ed,1f2680a5b9065e708a7497adc53a95b108029b98,3.13.14,2.5.1,"{""pydantic"": ""2.13.4"", ""yaml"": ""6.0.3"", ""networkx"": ""3.6.1"", ""numpy"": ""2.5.1"", ""scipy"": ""1.18.0"", ""matplotlib"": ""3.11.0"", ""pandas"": ""3.0.3"", ""qutip"": ""5.3.0"", ""stim"": ""1.16.0"", ""gmpy2"": ""2.3.1"", ""nbformat"": ""5.10.4"", ""nbclient"": ""0.11.0""}",Windows,11,Gercom,2026-07-19T23:20:05.966713+00:00
P11_boundary_search,P11_boundary_search:small_mesh:345891df6e689b97:L2:604:m10-intent:0,small_mesh,345891df6e689b97,604,m10-intent,L2,iterative_analytical,0,10,10,0.44875,0.05,1e-05,,True,,0,False,no candidate route is feasible: a0->a1->a2->a3->b3 (min_fidelity 0.449 exceeds the achievable estimate 0.438 (no further gain after round 1 (fixed point reached))); a0->b0->b1->b2->b3 (min_fidelity 0.449 exceeds the achievable estimate 0.438 (no further gain after round 1 (fixed point reached))); a0->a1->b1->b2->b3 (min_fidelity 0.449 exceeds the achievable estimate 0.438 (no further gain after round 1 (fixed point reached))),,,,0,0.00065,REJECTED,,,,,,,False,,,,,,,,,,False,,,,False,,50895c1a8f3c0da60ba692fe485101f0340fa6ed,1f2680a5b9065e708a7497adc53a95b108029b98,3.13.14,2.5.1,"{""pydantic"": ""2.13.4"", ""yaml"": ""6.0.3"", ""networkx"": ""3.6.1"", ""numpy"": ""2.5.1"", ""scipy"": ""1.18.0"", ""matplotlib"": ""3.11.0"", ""pandas"": ""3.0.3"", ""qutip"": ""5.3.0"", ""stim"": ""1.16.0"", ""gmpy2"": ""2.3.1"", ""nbformat"": ""5.10.4"", ""nbclient"": ""0.11.0""}",Windows,11,Gercom,2026-07-19T23:20:08.967169+00:00
P11_boundary_search,P11_boundary_search:small_mesh:345891df6e689b97:L2:605:m10-intent:0,small_mesh,345891df6e689b97,605,m10-intent,L2,iterative_analytical,0,10,10,0.44875,0.05,1e-05,,True,,0,False,no candidate route is feasible: a0->a1->a2->a3->b3 (min_fidelity 0.449 exceeds the achievable estimate 0.438 (no further gain after round 1 (fixed point reached))); a0->b0->b1->b2->b3 (min_fidelity 0.449 exceeds the achievable estimate 0.438 (no further gain after round 1 (fixed point reached))); a0->a1->b1->b2->b3 (min_fidelity 0.449 exceeds the achievable estimate 0.438 (no further gain after round 1 (fixed point reached))),,,,0,0.000638,REJECTED,,,,,,,False,,,,,,,,,,False,,,,False,,50895c1a8f3c0da60ba692fe485101f0340fa6ed,1f2680a5b9065e708a7497adc53a95b108029b98,3.13.14,2.5.1,"{""pydantic"": ""2.13.4"", ""yaml"": ""6.0.3"", ""networkx"": ""3.6.1"", ""numpy"": ""2.5.1"", ""scipy"": ""1.18.0"", ""matplotlib"": ""3.11.0"", ""pandas"": ""3.0.3"", ""qutip"": ""5.3.0"", ""stim"": ""1.16.0"", ""gmpy2"": ""2.3.1"", ""nbformat"": ""5.10.4"", ""nbclient"": ""0.11.0""}",Windows,11,Gercom,2026-07-19T23:20:12.004714+00:00
P11_boundary_search,P11_boundary_search:small_mesh:345891df6e689b97:L2:606:m10-intent:0,small_mesh,345891df6e689b97,606,m10-intent,L2,iterative_analytical,0,10,10,0.44875,0.05,1e-05,,True,,0,False,no candidate route is feasible: a0->a1->a2->a3->b3 (min_fidelity 0.449 exceeds the achievable estimate 0.438 (no further gain after round 1 (fixed point reached))); a0->b0->b1->b2->b3 (min_fidelity 0.449 exceeds the achievable estimate 0.438 (no further gain after round 1 (fixed point reached))); a0->a1->b1->b2->b3 (min_fidelity 0.449 exceeds the achievable estimate 0.438 (no further gain after round 1 (fixed point reached))),,,,0,0.00063,REJECTED,,,,,,,False,,,,,,,,,,False,,,,False,,50895c1a8f3c0da60ba692fe485101f0340fa6ed,1f2680a5b9065e708a7497adc53a95b108029b98,3.13.14,2.5.1,"{""pydantic"": ""2.13.4"", ""yaml"": ""6.0.3"", ""networkx"": ""3.6.1"", ""numpy"": ""2.5.1"", ""scipy"": ""1.18.0"", ""matplotlib"": ""3.11.0"", ""pandas"": ""3.0.3"", ""qutip"": ""5.3.0"", ""stim"": ""1.16.0"", ""gmpy2"": ""2.3.1"", ""nbformat"": ""5.10.4"", ""nbclient"": ""0.11.0""}",Windows,11,Gercom,2026-07-19T23:20:15.023691+00:00
P11_boundary_search,P11_boundary_search:small_mesh:345891df6e689b97:L2:607:m10-intent:0,small_mesh,345891df6e689b97,607,m10-intent,L2,iterative_analytical,0,10,10,0.44875,0.05,1e-05,,True,,0,False,no candidate route is feasible: a0->a1->a2->a3->b3 (min_fidelity 0.449 exceeds the achievable estimate 0.438 (no further gain after round 1 (fixed point reached))); a0->b0->b1->b2->b3 (min_fidelity 0.449 exceeds the achievable estimate 0.438 (no further gain after round 1 (fixed point reached))); a0->a1->b1->b2->b3 (min_fidelity 0.449 exceeds the achievable estimate 0.438 (no further gain after round 1 (fixed point reached))),,,,0,0.000632,REJECTED,,,,,,,False,,,,,,,,,,False,,,,False,,50895c1a8f3c0da60ba692fe485101f0340fa6ed,1f2680a5b9065e708a7497adc53a95b108029b98,3.13.14,2.5.1,"{""pydantic"": ""2.13.4"", ""yaml"": ""6.0.3"", ""networkx"": ""3.6.1"", ""numpy"": ""2.5.1"", ""scipy"": ""1.18.0"", ""matplotlib"": ""3.11.0"", ""pandas"": ""3.0.3"", ""qutip"": ""5.3.0"", ""stim"": ""1.16.0"", ""gmpy2"": ""2.3.1"", ""nbformat"": ""5.10.4"", ""nbclient"": ""0.11.0""}",Windows,11,Gercom,2026-07-19T23:20:18.106807+00:00
