campaign,trial_id,scenario,parameter_hash,seed,intent_id,planner_level,planner_name,replay_index,reserved_memory_slots,min_delivered_pairs,requested_fidelity,duration_s,attenuation_db_per_m,distance_m,allow_purification,route,hop_count,feasible,rejection_reason,predicted_satisfaction_probability,predicted_delivered_pairs,predicted_average_fidelity,purification_rounds_estimate,planning_time_s,final_status,satisfied,delivered_pairs,average_fidelity,observed_fidelity,absolute_fidelity_error,simulation_wall_time_s,timed_out,timeout_s,eg_attempts,eg_success,ep_attempts,ep_success,es_attempts,es_success,timeline_end_time_s,trajectory_hash,determinism_enabled,master_seed,execution_seed_used,namespace_seeds_json,python_random_reseeded,python_hash_seed_env_value,project_git_commit,sequence_git_commit,python_version,numpy_version,dependency_versions_json,platform_system,platform_release,hostname,timestamp
P12_boundary_variability,P12_boundary_variability:three_node:0941cccbb490dfea:L2:200:m10-intent:0,three_node,0941cccbb490dfea,200,m10-intent,L2,iterative_analytical,0,10,10,0.65,0.05,1e-05,,True,a -> r -> b,2,True,,,,0.6863749999999998,0,0.000371,SATISFIED,True,221,0.6863749999999998,0.6863749999999998,0.0,1.541223,False,,641,223,0,0,0,0,0.06015905001,bd4578c40ceb2dd96992c583791381245606b17d3b370d6a10787c7d52dafbff,False,,,,False,,3eada4d39cc676240b3278de813f19477e0b0eb8,1f2680a5b9065e708a7497adc53a95b108029b98,3.13.14,2.5.1,"{""pydantic"": ""2.13.4"", ""yaml"": ""6.0.3"", ""networkx"": ""3.6.1"", ""numpy"": ""2.5.1"", ""scipy"": ""1.18.0"", ""matplotlib"": ""3.11.0"", ""pandas"": ""3.0.3"", ""qutip"": ""5.3.0"", ""stim"": ""1.16.0"", ""gmpy2"": ""2.3.1"", ""nbformat"": ""5.10.4"", ""nbclient"": ""0.11.0""}",Windows,11,Gercom,2026-07-19T23:36:53.180262+00:00
P12_boundary_variability,P12_boundary_variability:three_node:0941cccbb490dfea:L2:201:m10-intent:0,three_node,0941cccbb490dfea,201,m10-intent,L2,iterative_analytical,0,10,10,0.65,0.05,1e-05,,True,a -> r -> b,2,True,,,,0.6863749999999998,0,0.000359,SATISFIED,True,263,0.6863749999999998,0.6863749999999998,0.0,1.697314,False,,685,264,0,0,0,0,0.06019658751,8fc52f96b00b3b762a5bd81ab1e42090be260d611257499e83e35750754c1f8d,False,,,,False,,3eada4d39cc676240b3278de813f19477e0b0eb8,1f2680a5b9065e708a7497adc53a95b108029b98,3.13.14,2.5.1,"{""pydantic"": ""2.13.4"", ""yaml"": ""6.0.3"", ""networkx"": ""3.6.1"", ""numpy"": ""2.5.1"", ""scipy"": ""1.18.0"", ""matplotlib"": ""3.11.0"", ""pandas"": ""3.0.3"", ""qutip"": ""5.3.0"", ""stim"": ""1.16.0"", ""gmpy2"": ""2.3.1"", ""nbformat"": ""5.10.4"", ""nbclient"": ""0.11.0""}",Windows,11,Gercom,2026-07-19T23:36:57.993262+00:00
P12_boundary_variability,P12_boundary_variability:three_node:0941cccbb490dfea:L2:202:m10-intent:0,three_node,0941cccbb490dfea,202,m10-intent,L2,iterative_analytical,0,10,10,0.65,0.05,1e-05,,True,a -> r -> b,2,True,,,,0.6863749999999998,0,0.000392,SATISFIED,True,256,0.6863749999999998,0.6863749999999998,0.0,1.619255,False,,640,257,0,0,0,0,0.06019651251,1083cf72830cfabd236931903a1ad8eaadad394adbc425aff7989faa7cf38042,False,,,,False,,3eada4d39cc676240b3278de813f19477e0b0eb8,1f2680a5b9065e708a7497adc53a95b108029b98,3.13.14,2.5.1,"{""pydantic"": ""2.13.4"", ""yaml"": ""6.0.3"", ""networkx"": ""3.6.1"", ""numpy"": ""2.5.1"", ""scipy"": ""1.18.0"", ""matplotlib"": ""3.11.0"", ""pandas"": ""3.0.3"", ""qutip"": ""5.3.0"", ""stim"": ""1.16.0"", ""gmpy2"": ""2.3.1"", ""nbformat"": ""5.10.4"", ""nbclient"": ""0.11.0""}",Windows,11,Gercom,2026-07-19T23:37:02.798434+00:00
P12_boundary_variability,P12_boundary_variability:three_node:0941cccbb490dfea:L2:203:m10-intent:0,three_node,0941cccbb490dfea,203,m10-intent,L2,iterative_analytical,0,10,10,0.65,0.05,1e-05,,True,a -> r -> b,2,True,,,,0.6863749999999998,0,0.000378,SATISFIED,True,229,0.6863749999999998,0.6863749999999998,0.0,1.629624,False,,717,232,0,0,0,0,0.06016415001,a678610ac2d6747c3d5f0f1b6e96f1744e625e41b8086e520d3933fa259a1bfc,False,,,,False,,3eada4d39cc676240b3278de813f19477e0b0eb8,1f2680a5b9065e708a7497adc53a95b108029b98,3.13.14,2.5.1,"{""pydantic"": ""2.13.4"", ""yaml"": ""6.0.3"", ""networkx"": ""3.6.1"", ""numpy"": ""2.5.1"", ""scipy"": ""1.18.0"", ""matplotlib"": ""3.11.0"", ""pandas"": ""3.0.3"", ""qutip"": ""5.3.0"", ""stim"": ""1.16.0"", ""gmpy2"": ""2.3.1"", ""nbformat"": ""5.10.4"", ""nbclient"": ""0.11.0""}",Windows,11,Gercom,2026-07-19T23:37:07.486600+00:00
P12_boundary_variability,P12_boundary_variability:three_node:0941cccbb490dfea:L2:204:m10-intent:0,three_node,0941cccbb490dfea,204,m10-intent,L2,iterative_analytical,0,10,10,0.65,0.05,1e-05,,True,a -> r -> b,2,True,,,,0.6863749999999998,0,0.00039,SATISFIED,True,247,0.6863749999999998,0.6863749999999998,0.0,1.649381,False,,718,251,0,0,0,0,0.06015911251,03ef8ee3e74a91159faf54ac8d40ab5a8d5089a33cf54bab1e151c8d5aa92322,False,,,,False,,3eada4d39cc676240b3278de813f19477e0b0eb8,1f2680a5b9065e708a7497adc53a95b108029b98,3.13.14,2.5.1,"{""pydantic"": ""2.13.4"", ""yaml"": ""6.0.3"", ""networkx"": ""3.6.1"", ""numpy"": ""2.5.1"", ""scipy"": ""1.18.0"", ""matplotlib"": ""3.11.0"", ""pandas"": ""3.0.3"", ""qutip"": ""5.3.0"", ""stim"": ""1.16.0"", ""gmpy2"": ""2.3.1"", ""nbformat"": ""5.10.4"", ""nbclient"": ""0.11.0""}",Windows,11,Gercom,2026-07-19T23:37:12.239133+00:00
P12_boundary_variability,P12_boundary_variability:three_node:0941cccbb490dfea:L2:205:m10-intent:0,three_node,0941cccbb490dfea,205,m10-intent,L2,iterative_analytical,0,10,10,0.65,0.05,1e-05,,True,a -> r -> b,2,True,,,,0.6863749999999998,0,0.000402,SATISFIED,True,242,0.6863749999999998,0.6863749999999998,0.0,1.796411,False,,757,248,0,0,0,0,0.06014901251,dee4fce233d2d7b9250e77314b16c5e002ca359719b7fceb84f88377677c8f01,False,,,,False,,3eada4d39cc676240b3278de813f19477e0b0eb8,1f2680a5b9065e708a7497adc53a95b108029b98,3.13.14,2.5.1,"{""pydantic"": ""2.13.4"", ""yaml"": ""6.0.3"", ""networkx"": ""3.6.1"", ""numpy"": ""2.5.1"", ""scipy"": ""1.18.0"", ""matplotlib"": ""3.11.0"", ""pandas"": ""3.0.3"", ""qutip"": ""5.3.0"", ""stim"": ""1.16.0"", ""gmpy2"": ""2.3.1"", ""nbformat"": ""5.10.4"", ""nbclient"": ""0.11.0""}",Windows,11,Gercom,2026-07-19T23:37:17.137184+00:00
P12_boundary_variability,P12_boundary_variability:three_node:0941cccbb490dfea:L2:206:m10-intent:0,three_node,0941cccbb490dfea,206,m10-intent,L2,iterative_analytical,0,10,10,0.65,0.05,1e-05,,True,a -> r -> b,2,True,,,,0.6863749999999998,0,0.000359,SATISFIED,True,243,0.6863749999999998,0.6863749999999998,0.0,1.658529,False,,718,250,0,0,0,0,0.06014900001,01b62f5982372390e7679a832c7b12db33d0a95151b5954881d142a981740e68,False,,,,False,,3eada4d39cc676240b3278de813f19477e0b0eb8,1f2680a5b9065e708a7497adc53a95b108029b98,3.13.14,2.5.1,"{""pydantic"": ""2.13.4"", ""yaml"": ""6.0.3"", ""networkx"": ""3.6.1"", ""numpy"": ""2.5.1"", ""scipy"": ""1.18.0"", ""matplotlib"": ""3.11.0"", ""pandas"": ""3.0.3"", ""qutip"": ""5.3.0"", ""stim"": ""1.16.0"", ""gmpy2"": ""2.3.1"", ""nbformat"": ""5.10.4"", ""nbclient"": ""0.11.0""}",Windows,11,Gercom,2026-07-19T23:37:21.977193+00:00
P12_boundary_variability,P12_boundary_variability:three_node:0941cccbb490dfea:L2:207:m10-intent:0,three_node,0941cccbb490dfea,207,m10-intent,L2,iterative_analytical,0,10,10,0.65,0.05,1e-05,,True,a -> r -> b,2,True,,,,0.6863749999999998,0,0.000367,SATISFIED,True,238,0.6863749999999998,0.6863749999999998,0.0,1.691067,False,,683,241,0,0,0,0,0.06015911251,74f07c552d38a9b466fdd7712c9a24a78a9fa72fcc6cb3d133e59b5889ad401a,False,,,,False,,3eada4d39cc676240b3278de813f19477e0b0eb8,1f2680a5b9065e708a7497adc53a95b108029b98,3.13.14,2.5.1,"{""pydantic"": ""2.13.4"", ""yaml"": ""6.0.3"", ""networkx"": ""3.6.1"", ""numpy"": ""2.5.1"", ""scipy"": ""1.18.0"", ""matplotlib"": ""3.11.0"", ""pandas"": ""3.0.3"", ""qutip"": ""5.3.0"", ""stim"": ""1.16.0"", ""gmpy2"": ""2.3.1"", ""nbformat"": ""5.10.4"", ""nbclient"": ""0.11.0""}",Windows,11,Gercom,2026-07-19T23:37:26.903581+00:00
P12_boundary_variability,P12_boundary_variability:three_node:0941cccbb490dfea:L2:208:m10-intent:0,three_node,0941cccbb490dfea,208,m10-intent,L2,iterative_analytical,0,10,10,0.65,0.05,1e-05,,True,a -> r -> b,2,True,,,,0.6863749999999998,0,0.00042,SATISFIED,True,234,0.6863749999999998,0.6863749999999998,0.0,1.721519,False,,605,239,0,0,0,0,0.06019647501,2a2b35c96692c9660754bbd92b0d9e46a899324b56804eaf6ef1dcf2231b9573,False,,,,False,,3eada4d39cc676240b3278de813f19477e0b0eb8,1f2680a5b9065e708a7497adc53a95b108029b98,3.13.14,2.5.1,"{""pydantic"": ""2.13.4"", ""yaml"": ""6.0.3"", ""networkx"": ""3.6.1"", ""numpy"": ""2.5.1"", ""scipy"": ""1.18.0"", ""matplotlib"": ""3.11.0"", ""pandas"": ""3.0.3"", ""qutip"": ""5.3.0"", ""stim"": ""1.16.0"", ""gmpy2"": ""2.3.1"", ""nbformat"": ""5.10.4"", ""nbclient"": ""0.11.0""}",Windows,11,Gercom,2026-07-19T23:37:31.719670+00:00
P12_boundary_variability,P12_boundary_variability:three_node:0941cccbb490dfea:L2:209:m10-intent:0,three_node,0941cccbb490dfea,209,m10-intent,L2,iterative_analytical,0,10,10,0.65,0.05,1e-05,,True,a -> r -> b,2,True,,,,0.6863749999999998,0,0.000364,SATISFIED,True,233,0.6863749999999998,0.6863749999999998,0.0,1.621922,False,,702,237,0,0,0,0,0.06015910001,cd8a7f19fc67826f4d856230cb1aef98cd0c129520f3b6b9150fa575dead326b,False,,,,False,,3eada4d39cc676240b3278de813f19477e0b0eb8,1f2680a5b9065e708a7497adc53a95b108029b98,3.13.14,2.5.1,"{""pydantic"": ""2.13.4"", ""yaml"": ""6.0.3"", ""networkx"": ""3.6.1"", ""numpy"": ""2.5.1"", ""scipy"": ""1.18.0"", ""matplotlib"": ""3.11.0"", ""pandas"": ""3.0.3"", ""qutip"": ""5.3.0"", ""stim"": ""1.16.0"", ""gmpy2"": ""2.3.1"", ""nbformat"": ""5.10.4"", ""nbclient"": ""0.11.0""}",Windows,11,Gercom,2026-07-19T23:37:37.950067+00:00
P12_boundary_variability,P12_boundary_variability:three_node:0941cccbb490dfea:L2:210:m10-intent:0,three_node,0941cccbb490dfea,210,m10-intent,L2,iterative_analytical,0,10,10,0.65,0.05,1e-05,,True,a -> r -> b,2,True,,,,0.6863749999999998,0,0.00038,SATISFIED,True,233,0.6863749999999998,0.6863749999999998,0.0,1.64265,False,,608,238,0,0,0,0,0.06015413751,11313003c93621853ac9fa6f562cbec222af99ec76795895eb163371fa3651d0,False,,,,False,,3eada4d39cc676240b3278de813f19477e0b0eb8,1f2680a5b9065e708a7497adc53a95b108029b98,3.13.14,2.5.1,"{""pydantic"": ""2.13.4"", ""yaml"": ""6.0.3"", ""networkx"": ""3.6.1"", ""numpy"": ""2.5.1"", ""scipy"": ""1.18.0"", ""matplotlib"": ""3.11.0"", ""pandas"": ""3.0.3"", ""qutip"": ""5.3.0"", ""stim"": ""1.16.0"", ""gmpy2"": ""2.3.1"", ""nbformat"": ""5.10.4"", ""nbclient"": ""0.11.0""}",Windows,11,Gercom,2026-07-19T23:37:42.682516+00:00
P12_boundary_variability,P12_boundary_variability:three_node:0941cccbb490dfea:L2:211:m10-intent:0,three_node,0941cccbb490dfea,211,m10-intent,L2,iterative_analytical,0,10,10,0.65,0.05,1e-05,,True,a -> r -> b,2,True,,,,0.6863749999999998,0,0.000372,SATISFIED,True,239,0.6863749999999998,0.6863749999999998,0.0,1.685581,False,,641,240,0,0,0,0,0.06019657501,fe8e1f7da5163da2560694fd48913f74390bddf14c07922af8fafc0ee5e8eff0,False,,,,False,,3eada4d39cc676240b3278de813f19477e0b0eb8,1f2680a5b9065e708a7497adc53a95b108029b98,3.13.14,2.5.1,"{""pydantic"": ""2.13.4"", ""yaml"": ""6.0.3"", ""networkx"": ""3.6.1"", ""numpy"": ""2.5.1"", ""scipy"": ""1.18.0"", ""matplotlib"": ""3.11.0"", ""pandas"": ""3.0.3"", ""qutip"": ""5.3.0"", ""stim"": ""1.16.0"", ""gmpy2"": ""2.3.1"", ""nbformat"": ""5.10.4"", ""nbclient"": ""0.11.0""}",Windows,11,Gercom,2026-07-19T23:37:47.544112+00:00
P12_boundary_variability,P12_boundary_variability:three_node:0941cccbb490dfea:L2:212:m10-intent:0,three_node,0941cccbb490dfea,212,m10-intent,L2,iterative_analytical,0,10,10,0.65,0.05,1e-05,,True,a -> r -> b,2,True,,,,0.6863749999999998,0,0.000371,SATISFIED,True,199,0.6863749999999998,0.6863749999999998,0.0,1.53958,False,,606,204,0,0,0,0,0.06015410001,7feacb26affea94ad6bafc0037ca13f1e547b994ca0b409d2a3fea6d276beef7,False,,,,False,,3eada4d39cc676240b3278de813f19477e0b0eb8,1f2680a5b9065e708a7497adc53a95b108029b98,3.13.14,2.5.1,"{""pydantic"": ""2.13.4"", ""yaml"": ""6.0.3"", ""networkx"": ""3.6.1"", ""numpy"": ""2.5.1"", ""scipy"": ""1.18.0"", ""matplotlib"": ""3.11.0"", ""pandas"": ""3.0.3"", ""qutip"": ""5.3.0"", ""stim"": ""1.16.0"", ""gmpy2"": ""2.3.1"", ""nbformat"": ""5.10.4"", ""nbclient"": ""0.11.0""}",Windows,11,Gercom,2026-07-19T23:37:53.201649+00:00
P12_boundary_variability,P12_boundary_variability:three_node:0941cccbb490dfea:L2:213:m10-intent:0,three_node,0941cccbb490dfea,213,m10-intent,L2,iterative_analytical,0,10,10,0.65,0.05,1e-05,,True,a -> r -> b,2,True,,,,0.6863749999999998,0,0.000351,SATISFIED,True,241,0.6863749999999998,0.6863749999999998,0.0,1.610629,False,,696,242,0,0,0,0,0.06016420001,1b65c472e9fb10fcd2f8db31d13513f7cfc4eea5ba0e1c27928ac2c6adde915c,False,,,,False,,3eada4d39cc676240b3278de813f19477e0b0eb8,1f2680a5b9065e708a7497adc53a95b108029b98,3.13.14,2.5.1,"{""pydantic"": ""2.13.4"", ""yaml"": ""6.0.3"", ""networkx"": ""3.6.1"", ""numpy"": ""2.5.1"", ""scipy"": ""1.18.0"", ""matplotlib"": ""3.11.0"", ""pandas"": ""3.0.3"", ""qutip"": ""5.3.0"", ""stim"": ""1.16.0"", ""gmpy2"": ""2.3.1"", ""nbformat"": ""5.10.4"", ""nbclient"": ""0.11.0""}",Windows,11,Gercom,2026-07-19T23:37:57.959453+00:00
P12_boundary_variability,P12_boundary_variability:three_node:0941cccbb490dfea:L2:214:m10-intent:0,three_node,0941cccbb490dfea,214,m10-intent,L2,iterative_analytical,0,10,10,0.65,0.05,1e-05,,True,a -> r -> b,2,True,,,,0.6863749999999998,0,0.000347,SATISFIED,True,241,0.6863749999999998,0.6863749999999998,0.0,1.623109,False,,673,245,0,0,0,0,0.06019148751,36aeabb91091324073eb984b33ce24dcf7d989722023640e6f58bb9480520935,False,,,,False,,3eada4d39cc676240b3278de813f19477e0b0eb8,1f2680a5b9065e708a7497adc53a95b108029b98,3.13.14,2.5.1,"{""pydantic"": ""2.13.4"", ""yaml"": ""6.0.3"", ""networkx"": ""3.6.1"", ""numpy"": ""2.5.1"", ""scipy"": ""1.18.0"", ""matplotlib"": ""3.11.0"", ""pandas"": ""3.0.3"", ""qutip"": ""5.3.0"", ""stim"": ""1.16.0"", ""gmpy2"": ""2.3.1"", ""nbformat"": ""5.10.4"", ""nbclient"": ""0.11.0""}",Windows,11,Gercom,2026-07-19T23:38:02.698125+00:00
P12_boundary_variability,P12_boundary_variability:three_node:0941cccbb490dfea:L2:215:m10-intent:0,three_node,0941cccbb490dfea,215,m10-intent,L2,iterative_analytical,0,10,10,0.65,0.05,1e-05,,True,a -> r -> b,2,True,,,,0.6863749999999998,0,0.000396,SATISFIED,True,241,0.6863749999999998,0.6863749999999998,0.0,1.731341,False,,702,243,0,0,0,0,0.06015915001,3d74177da73e17143a5a1ebc9da2bbc67a915629b824fd25a594446df49fd7ef,False,,,,False,,3eada4d39cc676240b3278de813f19477e0b0eb8,1f2680a5b9065e708a7497adc53a95b108029b98,3.13.14,2.5.1,"{""pydantic"": ""2.13.4"", ""yaml"": ""6.0.3"", ""networkx"": ""3.6.1"", ""numpy"": ""2.5.1"", ""scipy"": ""1.18.0"", ""matplotlib"": ""3.11.0"", ""pandas"": ""3.0.3"", ""qutip"": ""5.3.0"", ""stim"": ""1.16.0"", ""gmpy2"": ""2.3.1"", ""nbformat"": ""5.10.4"", ""nbclient"": ""0.11.0""}",Windows,11,Gercom,2026-07-19T23:38:07.576139+00:00
P12_boundary_variability,P12_boundary_variability:three_node:0941cccbb490dfea:L2:216:m10-intent:0,three_node,0941cccbb490dfea,216,m10-intent,L2,iterative_analytical,0,10,10,0.65,0.05,1e-05,,True,a -> r -> b,2,True,,,,0.6863749999999998,0,0.000365,SATISFIED,True,228,0.6863749999999998,0.6863749999999998,0.0,1.621808,False,,639,231,0,0,0,0,0.06015405001,3a1f8d97935734f9535982e4d723d9b6da7c55ec65f9f6b3bfda504b36b07383,False,,,,False,,3eada4d39cc676240b3278de813f19477e0b0eb8,1f2680a5b9065e708a7497adc53a95b108029b98,3.13.14,2.5.1,"{""pydantic"": ""2.13.4"", ""yaml"": ""6.0.3"", ""networkx"": ""3.6.1"", ""numpy"": ""2.5.1"", ""scipy"": ""1.18.0"", ""matplotlib"": ""3.11.0"", ""pandas"": ""3.0.3"", ""qutip"": ""5.3.0"", ""stim"": ""1.16.0"", ""gmpy2"": ""2.3.1"", ""nbformat"": ""5.10.4"", ""nbclient"": ""0.11.0""}",Windows,11,Gercom,2026-07-19T23:38:12.414195+00:00
P12_boundary_variability,P12_boundary_variability:three_node:0941cccbb490dfea:L2:217:m10-intent:0,three_node,0941cccbb490dfea,217,m10-intent,L2,iterative_analytical,0,10,10,0.65,0.05,1e-05,,True,a -> r -> b,2,True,,,,0.6863749999999998,0,0.000347,SATISFIED,True,232,0.6863749999999998,0.6863749999999998,0.0,1.547354,False,,598,238,0,0,0,0,0.06019648751,bf5adc067ae6d63cefce66690eda3681f6624e42ecd83240c8b418a3ec366123,False,,,,False,,3eada4d39cc676240b3278de813f19477e0b0eb8,1f2680a5b9065e708a7497adc53a95b108029b98,3.13.14,2.5.1,"{""pydantic"": ""2.13.4"", ""yaml"": ""6.0.3"", ""networkx"": ""3.6.1"", ""numpy"": ""2.5.1"", ""scipy"": ""1.18.0"", ""matplotlib"": ""3.11.0"", ""pandas"": ""3.0.3"", ""qutip"": ""5.3.0"", ""stim"": ""1.16.0"", ""gmpy2"": ""2.3.1"", ""nbformat"": ""5.10.4"", ""nbclient"": ""0.11.0""}",Windows,11,Gercom,2026-07-19T23:38:17.053465+00:00
P12_boundary_variability,P12_boundary_variability:three_node:0941cccbb490dfea:L2:218:m10-intent:0,three_node,0941cccbb490dfea,218,m10-intent,L2,iterative_analytical,0,10,10,0.65,0.05,1e-05,,True,a -> r -> b,2,True,,,,0.6863749999999998,0,0.000373,SATISFIED,True,239,0.6863749999999998,0.6863749999999998,0.0,1.684769,False,,627,241,0,0,0,0,0.06019651251,06ebacbcba3f08f3f2e7ef972042ab0b07f6d6bcf2cdf784400c651b5197f45a,False,,,,False,,3eada4d39cc676240b3278de813f19477e0b0eb8,1f2680a5b9065e708a7497adc53a95b108029b98,3.13.14,2.5.1,"{""pydantic"": ""2.13.4"", ""yaml"": ""6.0.3"", ""networkx"": ""3.6.1"", ""numpy"": ""2.5.1"", ""scipy"": ""1.18.0"", ""matplotlib"": ""3.11.0"", ""pandas"": ""3.0.3"", ""qutip"": ""5.3.0"", ""stim"": ""1.16.0"", ""gmpy2"": ""2.3.1"", ""nbformat"": ""5.10.4"", ""nbclient"": ""0.11.0""}",Windows,11,Gercom,2026-07-19T23:38:21.879227+00:00
P12_boundary_variability,P12_boundary_variability:three_node:0941cccbb490dfea:L2:219:m10-intent:0,three_node,0941cccbb490dfea,219,m10-intent,L2,iterative_analytical,0,10,10,0.65,0.05,1e-05,,True,a -> r -> b,2,True,,,,0.6863749999999998,0,0.000362,SATISFIED,True,242,0.6863749999999998,0.6863749999999998,0.0,1.713293,False,,711,243,0,0,0,0,0.06015908751,994d368f90194d24e27841dd27bb714fecb88efacdb76714dd8c4c3e07c69082,False,,,,False,,3eada4d39cc676240b3278de813f19477e0b0eb8,1f2680a5b9065e708a7497adc53a95b108029b98,3.13.14,2.5.1,"{""pydantic"": ""2.13.4"", ""yaml"": ""6.0.3"", ""networkx"": ""3.6.1"", ""numpy"": ""2.5.1"", ""scipy"": ""1.18.0"", ""matplotlib"": ""3.11.0"", ""pandas"": ""3.0.3"", ""qutip"": ""5.3.0"", ""stim"": ""1.16.0"", ""gmpy2"": ""2.3.1"", ""nbformat"": ""5.10.4"", ""nbclient"": ""0.11.0""}",Windows,11,Gercom,2026-07-19T23:38:26.689664+00:00
P12_boundary_variability,P12_boundary_variability:three_node:0941cccbb490dfea:L2:220:m10-intent:0,three_node,0941cccbb490dfea,220,m10-intent,L2,iterative_analytical,0,10,10,0.65,0.05,1e-05,,True,a -> r -> b,2,True,,,,0.6863749999999998,0,0.000384,SATISFIED,True,229,0.6863749999999998,0.6863749999999998,0.0,1.775701,False,,616,235,0,0,0,0,0.06014906251,7faa3c14536b56c448317f2680234f5511300408a21144125a3f61f263b331f1,False,,,,False,,3eada4d39cc676240b3278de813f19477e0b0eb8,1f2680a5b9065e708a7497adc53a95b108029b98,3.13.14,2.5.1,"{""pydantic"": ""2.13.4"", ""yaml"": ""6.0.3"", ""networkx"": ""3.6.1"", ""numpy"": ""2.5.1"", ""scipy"": ""1.18.0"", ""matplotlib"": ""3.11.0"", ""pandas"": ""3.0.3"", ""qutip"": ""5.3.0"", ""stim"": ""1.16.0"", ""gmpy2"": ""2.3.1"", ""nbformat"": ""5.10.4"", ""nbclient"": ""0.11.0""}",Windows,11,Gercom,2026-07-19T23:38:31.636958+00:00
P12_boundary_variability,P12_boundary_variability:three_node:0941cccbb490dfea:L2:221:m10-intent:0,three_node,0941cccbb490dfea,221,m10-intent,L2,iterative_analytical,0,10,10,0.65,0.05,1e-05,,True,a -> r -> b,2,True,,,,0.6863749999999998,0,0.000359,SATISFIED,True,209,0.6863749999999998,0.6863749999999998,0.0,1.587234,False,,583,213,0,0,0,0,0.06015412501,5f02000f9a8a8dc9677d01425f282a24f1578648a766aa6f9786b8b30f7e08e2,False,,,,False,,3eada4d39cc676240b3278de813f19477e0b0eb8,1f2680a5b9065e708a7497adc53a95b108029b98,3.13.14,2.5.1,"{""pydantic"": ""2.13.4"", ""yaml"": ""6.0.3"", ""networkx"": ""3.6.1"", ""numpy"": ""2.5.1"", ""scipy"": ""1.18.0"", ""matplotlib"": ""3.11.0"", ""pandas"": ""3.0.3"", ""qutip"": ""5.3.0"", ""stim"": ""1.16.0"", ""gmpy2"": ""2.3.1"", ""nbformat"": ""5.10.4"", ""nbclient"": ""0.11.0""}",Windows,11,Gercom,2026-07-19T23:38:36.395844+00:00
P12_boundary_variability,P12_boundary_variability:three_node:0941cccbb490dfea:L2:222:m10-intent:0,three_node,0941cccbb490dfea,222,m10-intent,L2,iterative_analytical,0,10,10,0.65,0.05,1e-05,,True,a -> r -> b,2,True,,,,0.6863749999999998,0,0.000348,SATISFIED,True,218,0.6863749999999998,0.6863749999999998,0.0,1.516671,False,,631,222,0,0,0,0,0.06019657501,0ad4f94b5d2b74d5c015f6e185a07bb3f7801527e00359af404707052d3538ad,False,,,,False,,3eada4d39cc676240b3278de813f19477e0b0eb8,1f2680a5b9065e708a7497adc53a95b108029b98,3.13.14,2.5.1,"{""pydantic"": ""2.13.4"", ""yaml"": ""6.0.3"", ""networkx"": ""3.6.1"", ""numpy"": ""2.5.1"", ""scipy"": ""1.18.0"", ""matplotlib"": ""3.11.0"", ""pandas"": ""3.0.3"", ""qutip"": ""5.3.0"", ""stim"": ""1.16.0"", ""gmpy2"": ""2.3.1"", ""nbformat"": ""5.10.4"", ""nbclient"": ""0.11.0""}",Windows,11,Gercom,2026-07-19T23:38:41.063335+00:00
P12_boundary_variability,P12_boundary_variability:three_node:0941cccbb490dfea:L2:223:m10-intent:0,three_node,0941cccbb490dfea,223,m10-intent,L2,iterative_analytical,0,10,10,0.65,0.05,1e-05,,True,a -> r -> b,2,True,,,,0.6863749999999998,0,0.000365,SATISFIED,True,248,0.6863749999999998,0.6863749999999998,0.0,1.797466,False,,709,250,0,0,0,0,0.06015912501,4687ab2e58b5465033af000fd4dce623471b5081e2e2bae4e43515853385dd99,False,,,,False,,3eada4d39cc676240b3278de813f19477e0b0eb8,1f2680a5b9065e708a7497adc53a95b108029b98,3.13.14,2.5.1,"{""pydantic"": ""2.13.4"", ""yaml"": ""6.0.3"", ""networkx"": ""3.6.1"", ""numpy"": ""2.5.1"", ""scipy"": ""1.18.0"", ""matplotlib"": ""3.11.0"", ""pandas"": ""3.0.3"", ""qutip"": ""5.3.0"", ""stim"": ""1.16.0"", ""gmpy2"": ""2.3.1"", ""nbformat"": ""5.10.4"", ""nbclient"": ""0.11.0""}",Windows,11,Gercom,2026-07-19T23:38:45.971418+00:00
P12_boundary_variability,P12_boundary_variability:three_node:0941cccbb490dfea:L2:224:m10-intent:0,three_node,0941cccbb490dfea,224,m10-intent,L2,iterative_analytical,0,10,10,0.65,0.05,1e-05,,True,a -> r -> b,2,True,,,,0.6863749999999998,0,0.000347,SATISFIED,True,244,0.6863749999999998,0.6863749999999998,0.0,1.656474,False,,653,245,0,0,0,0,0.06015911251,5017ea5d1a3776cccbfe0dfbed2e83b4af5bb95ea0c542c8d13f036b5f71ab42,False,,,,False,,3eada4d39cc676240b3278de813f19477e0b0eb8,1f2680a5b9065e708a7497adc53a95b108029b98,3.13.14,2.5.1,"{""pydantic"": ""2.13.4"", ""yaml"": ""6.0.3"", ""networkx"": ""3.6.1"", ""numpy"": ""2.5.1"", ""scipy"": ""1.18.0"", ""matplotlib"": ""3.11.0"", ""pandas"": ""3.0.3"", ""qutip"": ""5.3.0"", ""stim"": ""1.16.0"", ""gmpy2"": ""2.3.1"", ""nbformat"": ""5.10.4"", ""nbclient"": ""0.11.0""}",Windows,11,Gercom,2026-07-19T23:38:50.710552+00:00
P12_boundary_variability,P12_boundary_variability:three_node:0941cccbb490dfea:L2:225:m10-intent:0,three_node,0941cccbb490dfea,225,m10-intent,L2,iterative_analytical,0,10,10,0.65,0.05,1e-05,,True,a -> r -> b,2,True,,,,0.6863749999999998,0,0.000351,SATISFIED,True,224,0.6863749999999998,0.6863749999999998,0.0,1.567058,False,,683,229,0,0,0,0,0.06016917501,e4347c37d3db06d83f6fb88713ecb9ae75945e8f847bee60923f12f21dc2259f,False,,,,False,,3eada4d39cc676240b3278de813f19477e0b0eb8,1f2680a5b9065e708a7497adc53a95b108029b98,3.13.14,2.5.1,"{""pydantic"": ""2.13.4"", ""yaml"": ""6.0.3"", ""networkx"": ""3.6.1"", ""numpy"": ""2.5.1"", ""scipy"": ""1.18.0"", ""matplotlib"": ""3.11.0"", ""pandas"": ""3.0.3"", ""qutip"": ""5.3.0"", ""stim"": ""1.16.0"", ""gmpy2"": ""2.3.1"", ""nbformat"": ""5.10.4"", ""nbclient"": ""0.11.0""}",Windows,11,Gercom,2026-07-19T23:38:55.562673+00:00
P12_boundary_variability,P12_boundary_variability:three_node:0941cccbb490dfea:L2:226:m10-intent:0,three_node,0941cccbb490dfea,226,m10-intent,L2,iterative_analytical,0,10,10,0.65,0.05,1e-05,,True,a -> r -> b,2,True,,,,0.6863749999999998,0,0.000383,SATISFIED,True,237,0.6863749999999998,0.6863749999999998,0.0,1.727259,False,,727,238,0,0,0,0,0.06011167501,4ed8f0a7be12cb6adc41d5a5f53634a1ccd50205e70bd646d4f4e91d9062aeb5,False,,,,False,,3eada4d39cc676240b3278de813f19477e0b0eb8,1f2680a5b9065e708a7497adc53a95b108029b98,3.13.14,2.5.1,"{""pydantic"": ""2.13.4"", ""yaml"": ""6.0.3"", ""networkx"": ""3.6.1"", ""numpy"": ""2.5.1"", ""scipy"": ""1.18.0"", ""matplotlib"": ""3.11.0"", ""pandas"": ""3.0.3"", ""qutip"": ""5.3.0"", ""stim"": ""1.16.0"", ""gmpy2"": ""2.3.1"", ""nbformat"": ""5.10.4"", ""nbclient"": ""0.11.0""}",Windows,11,Gercom,2026-07-19T23:39:00.416584+00:00
P12_boundary_variability,P12_boundary_variability:three_node:0941cccbb490dfea:L2:227:m10-intent:0,three_node,0941cccbb490dfea,227,m10-intent,L2,iterative_analytical,0,10,10,0.65,0.05,1e-05,,True,a -> r -> b,2,True,,,,0.6863749999999998,0,0.000354,SATISFIED,True,249,0.6863749999999998,0.6863749999999998,0.0,1.610638,False,,622,251,0,0,0,0,0.06019145001,4e10f69ffc3c6d9aa7d09aeb771fdd8d03d3778c0d0d27c760ae0915e26433e5,False,,,,False,,3eada4d39cc676240b3278de813f19477e0b0eb8,1f2680a5b9065e708a7497adc53a95b108029b98,3.13.14,2.5.1,"{""pydantic"": ""2.13.4"", ""yaml"": ""6.0.3"", ""networkx"": ""3.6.1"", ""numpy"": ""2.5.1"", ""scipy"": ""1.18.0"", ""matplotlib"": ""3.11.0"", ""pandas"": ""3.0.3"", ""qutip"": ""5.3.0"", ""stim"": ""1.16.0"", ""gmpy2"": ""2.3.1"", ""nbformat"": ""5.10.4"", ""nbclient"": ""0.11.0""}",Windows,11,Gercom,2026-07-19T23:39:05.211818+00:00
P12_boundary_variability,P12_boundary_variability:three_node:0941cccbb490dfea:L2:228:m10-intent:0,three_node,0941cccbb490dfea,228,m10-intent,L2,iterative_analytical,0,10,10,0.65,0.05,1e-05,,True,a -> r -> b,2,True,,,,0.6863749999999998,0,0.000385,SATISFIED,True,234,0.6863749999999998,0.6863749999999998,0.0,1.684933,False,,650,237,0,0,0,0,0.06014902501,4a803c09603f985814e4814c42a97bb6c4638ac017064f3109ca24116bfbaa18,False,,,,False,,3eada4d39cc676240b3278de813f19477e0b0eb8,1f2680a5b9065e708a7497adc53a95b108029b98,3.13.14,2.5.1,"{""pydantic"": ""2.13.4"", ""yaml"": ""6.0.3"", ""networkx"": ""3.6.1"", ""numpy"": ""2.5.1"", ""scipy"": ""1.18.0"", ""matplotlib"": ""3.11.0"", ""pandas"": ""3.0.3"", ""qutip"": ""5.3.0"", ""stim"": ""1.16.0"", ""gmpy2"": ""2.3.1"", ""nbformat"": ""5.10.4"", ""nbclient"": ""0.11.0""}",Windows,11,Gercom,2026-07-19T23:39:10.051916+00:00
P12_boundary_variability,P12_boundary_variability:three_node:0941cccbb490dfea:L2:229:m10-intent:0,three_node,0941cccbb490dfea,229,m10-intent,L2,iterative_analytical,0,10,10,0.65,0.05,1e-05,,True,a -> r -> b,2,True,,,,0.6863749999999998,0,0.000368,SATISFIED,True,217,0.6863749999999998,0.6863749999999998,0.0,1.512075,False,,624,221,0,0,0,0,0.06019657501,d76420da3001bfba1fc89dd0fc903cd6a2264f8ad0cbd955e6d9a174f981b6b0,False,,,,False,,3eada4d39cc676240b3278de813f19477e0b0eb8,1f2680a5b9065e708a7497adc53a95b108029b98,3.13.14,2.5.1,"{""pydantic"": ""2.13.4"", ""yaml"": ""6.0.3"", ""networkx"": ""3.6.1"", ""numpy"": ""2.5.1"", ""scipy"": ""1.18.0"", ""matplotlib"": ""3.11.0"", ""pandas"": ""3.0.3"", ""qutip"": ""5.3.0"", ""stim"": ""1.16.0"", ""gmpy2"": ""2.3.1"", ""nbformat"": ""5.10.4"", ""nbclient"": ""0.11.0""}",Windows,11,Gercom,2026-07-19T23:39:14.643568+00:00
P12_boundary_variability,P12_boundary_variability:three_node:440cdcef58949c20:L2:200:m10-intent:0,three_node,440cdcef58949c20,200,m10-intent,L2,iterative_analytical,0,10,10,0.78,0.05,1e-05,,True,a -> r -> b,2,True,,,,0.7958654267019631,3,0.000387,SATISFIED,True,13,0.7958654267019631,0.7958654267019631,0.0,1.367899,False,,497,177,129,98,0,0,0.06017870001,0c8e3e4d685206318f40c574bf885c5947b266ba65acc7cac412174aae976dbb,False,,,,False,,3eada4d39cc676240b3278de813f19477e0b0eb8,1f2680a5b9065e708a7497adc53a95b108029b98,3.13.14,2.5.1,"{""pydantic"": ""2.13.4"", ""yaml"": ""6.0.3"", ""networkx"": ""3.6.1"", ""numpy"": ""2.5.1"", ""scipy"": ""1.18.0"", ""matplotlib"": ""3.11.0"", ""pandas"": ""3.0.3"", ""qutip"": ""5.3.0"", ""stim"": ""1.16.0"", ""gmpy2"": ""2.3.1"", ""nbformat"": ""5.10.4"", ""nbclient"": ""0.11.0""}",Windows,11,Gercom,2026-07-19T23:39:19.181162+00:00
P12_boundary_variability,P12_boundary_variability:three_node:440cdcef58949c20:L2:201:m10-intent:0,three_node,440cdcef58949c20,201,m10-intent,L2,iterative_analytical,0,10,10,0.78,0.05,1e-05,,True,a -> r -> b,2,True,,,,0.7958654267019631,3,0.00037,SATISFIED,True,13,0.7958654267019631,0.7958654267019631,0.0,1.405455,False,,560,174,128,99,0,0,0.06015140001,739dff922287c10109e66857d0b31ab5c81e315fc3aa3a255218b7ec614b4011,False,,,,False,,3eada4d39cc676240b3278de813f19477e0b0eb8,1f2680a5b9065e708a7497adc53a95b108029b98,3.13.14,2.5.1,"{""pydantic"": ""2.13.4"", ""yaml"": ""6.0.3"", ""networkx"": ""3.6.1"", ""numpy"": ""2.5.1"", ""scipy"": ""1.18.0"", ""matplotlib"": ""3.11.0"", ""pandas"": ""3.0.3"", ""qutip"": ""5.3.0"", ""stim"": ""1.16.0"", ""gmpy2"": ""2.3.1"", ""nbformat"": ""5.10.4"", ""nbclient"": ""0.11.0""}",Windows,11,Gercom,2026-07-19T23:39:23.679200+00:00
P12_boundary_variability,P12_boundary_variability:three_node:440cdcef58949c20:L2:202:m10-intent:0,three_node,440cdcef58949c20,202,m10-intent,L2,iterative_analytical,0,10,10,0.78,0.05,1e-05,,True,a -> r -> b,2,True,,,,0.7958654267019631,3,0.000383,SATISFIED,True,13,0.7958654267019631,0.7958654267019631,0.0,1.443549,False,,495,175,130,103,0,0,0.06018873751,0115bf65e23408f1d39b67f23e762d1e659960949a0de8bf5bbffa476f73d183,False,,,,False,,3eada4d39cc676240b3278de813f19477e0b0eb8,1f2680a5b9065e708a7497adc53a95b108029b98,3.13.14,2.5.1,"{""pydantic"": ""2.13.4"", ""yaml"": ""6.0.3"", ""networkx"": ""3.6.1"", ""numpy"": ""2.5.1"", ""scipy"": ""1.18.0"", ""matplotlib"": ""3.11.0"", ""pandas"": ""3.0.3"", ""qutip"": ""5.3.0"", ""stim"": ""1.16.0"", ""gmpy2"": ""2.3.1"", ""nbformat"": ""5.10.4"", ""nbclient"": ""0.11.0""}",Windows,11,Gercom,2026-07-19T23:39:28.235029+00:00
P12_boundary_variability,P12_boundary_variability:three_node:440cdcef58949c20:L2:203:m10-intent:0,three_node,440cdcef58949c20,203,m10-intent,L2,iterative_analytical,0,10,10,0.78,0.05,1e-05,,True,a -> r -> b,2,True,,,,0.7958654267019631,3,0.000376,SATISFIED,True,13,0.7958654267019631,0.7958654267019631,0.0,1.501248,False,,552,178,128,98,0,0,0.06019888751,736dcb4659dce3d9af0be51afbcd253aca8d8e6cb0fcc9a0040174566fcddd46,False,,,,False,,3eada4d39cc676240b3278de813f19477e0b0eb8,1f2680a5b9065e708a7497adc53a95b108029b98,3.13.14,2.5.1,"{""pydantic"": ""2.13.4"", ""yaml"": ""6.0.3"", ""networkx"": ""3.6.1"", ""numpy"": ""2.5.1"", ""scipy"": ""1.18.0"", ""matplotlib"": ""3.11.0"", ""pandas"": ""3.0.3"", ""qutip"": ""5.3.0"", ""stim"": ""1.16.0"", ""gmpy2"": ""2.3.1"", ""nbformat"": ""5.10.4"", ""nbclient"": ""0.11.0""}",Windows,11,Gercom,2026-07-19T23:39:32.925536+00:00
P12_boundary_variability,P12_boundary_variability:three_node:440cdcef58949c20:L2:204:m10-intent:0,three_node,440cdcef58949c20,204,m10-intent,L2,iterative_analytical,0,10,10,0.78,0.05,1e-05,,True,a -> r -> b,2,True,,,,0.7958654267019631,3,0.0004,SATISFIED,True,14,0.795865426701963,0.795865426701963,-1.1102230246251565e-16,1.480541,False,,501,176,133,108,0,0,0.06018872501,81a55f9ca70b9654d7db00455310b4983bfddb98acc064ab44ee628c73a21b48,False,,,,False,,3eada4d39cc676240b3278de813f19477e0b0eb8,1f2680a5b9065e708a7497adc53a95b108029b98,3.13.14,2.5.1,"{""pydantic"": ""2.13.4"", ""yaml"": ""6.0.3"", ""networkx"": ""3.6.1"", ""numpy"": ""2.5.1"", ""scipy"": ""1.18.0"", ""matplotlib"": ""3.11.0"", ""pandas"": ""3.0.3"", ""qutip"": ""5.3.0"", ""stim"": ""1.16.0"", ""gmpy2"": ""2.3.1"", ""nbformat"": ""5.10.4"", ""nbclient"": ""0.11.0""}",Windows,11,Gercom,2026-07-19T23:39:37.708544+00:00
P12_boundary_variability,P12_boundary_variability:three_node:440cdcef58949c20:L2:205:m10-intent:0,three_node,440cdcef58949c20,205,m10-intent,L2,iterative_analytical,0,10,10,0.78,0.05,1e-05,,True,a -> r -> b,2,True,,,,0.7958654267019631,3,0.000394,SATISFIED,True,12,0.7958654267019631,0.7958654267019631,0.0,1.430644,False,,515,179,127,94,0,0,0.06019380001,e4b7981b0cda9fb2337dfab9bd1efe527f4177ad68da7affa886f3eab80da9eb,False,,,,False,,3eada4d39cc676240b3278de813f19477e0b0eb8,1f2680a5b9065e708a7497adc53a95b108029b98,3.13.14,2.5.1,"{""pydantic"": ""2.13.4"", ""yaml"": ""6.0.3"", ""networkx"": ""3.6.1"", ""numpy"": ""2.5.1"", ""scipy"": ""1.18.0"", ""matplotlib"": ""3.11.0"", ""pandas"": ""3.0.3"", ""qutip"": ""5.3.0"", ""stim"": ""1.16.0"", ""gmpy2"": ""2.3.1"", ""nbformat"": ""5.10.4"", ""nbclient"": ""0.11.0""}",Windows,11,Gercom,2026-07-19T23:39:42.272513+00:00
P12_boundary_variability,P12_boundary_variability:three_node:440cdcef58949c20:L2:206:m10-intent:0,three_node,440cdcef58949c20,206,m10-intent,L2,iterative_analytical,0,10,10,0.78,0.05,1e-05,,True,a -> r -> b,2,True,,,,0.7958654267019631,3,0.000374,SATISFIED,True,16,0.7958654267019631,0.7958654267019631,0.0,1.483315,False,,543,189,143,117,0,0,0.06019877501,fcf580749e86b6d65a1b7013523b6705b82e766e3dfa75be18f6b63c67889ccc,False,,,,False,,3eada4d39cc676240b3278de813f19477e0b0eb8,1f2680a5b9065e708a7497adc53a95b108029b98,3.13.14,2.5.1,"{""pydantic"": ""2.13.4"", ""yaml"": ""6.0.3"", ""networkx"": ""3.6.1"", ""numpy"": ""2.5.1"", ""scipy"": ""1.18.0"", ""matplotlib"": ""3.11.0"", ""pandas"": ""3.0.3"", ""qutip"": ""5.3.0"", ""stim"": ""1.16.0"", ""gmpy2"": ""2.3.1"", ""nbformat"": ""5.10.4"", ""nbclient"": ""0.11.0""}",Windows,11,Gercom,2026-07-19T23:39:46.797698+00:00
P12_boundary_variability,P12_boundary_variability:three_node:440cdcef58949c20:L2:207:m10-intent:0,three_node,440cdcef58949c20,207,m10-intent,L2,iterative_analytical,0,10,10,0.78,0.05,1e-05,,True,a -> r -> b,2,True,,,,0.7958654267019631,3,0.000399,SATISFIED,True,14,0.795865426701963,0.795865426701963,-1.1102230246251565e-16,1.412295,False,,468,172,133,112,0,0,0.06018872501,c0a5d3559dd44259eaf8c6a4f1f9841bc8a6ebe8b65e605416b0261614a9f2a6,False,,,,False,,3eada4d39cc676240b3278de813f19477e0b0eb8,1f2680a5b9065e708a7497adc53a95b108029b98,3.13.14,2.5.1,"{""pydantic"": ""2.13.4"", ""yaml"": ""6.0.3"", ""networkx"": ""3.6.1"", ""numpy"": ""2.5.1"", ""scipy"": ""1.18.0"", ""matplotlib"": ""3.11.0"", ""pandas"": ""3.0.3"", ""qutip"": ""5.3.0"", ""stim"": ""1.16.0"", ""gmpy2"": ""2.3.1"", ""nbformat"": ""5.10.4"", ""nbclient"": ""0.11.0""}",Windows,11,Gercom,2026-07-19T23:39:51.298014+00:00
P12_boundary_variability,P12_boundary_variability:three_node:440cdcef58949c20:L2:208:m10-intent:0,three_node,440cdcef58949c20,208,m10-intent,L2,iterative_analytical,0,10,10,0.78,0.05,1e-05,,True,a -> r -> b,2,True,,,,0.7958654267019631,3,0.000379,SATISFIED,True,17,0.7958654267019631,0.7958654267019631,0.0,1.499724,False,,521,195,149,125,0,0,0.06019376251,7e10f986046d85947dde624f61f8acbb3fce1895c0f964565d932a0288700722,False,,,,False,,3eada4d39cc676240b3278de813f19477e0b0eb8,1f2680a5b9065e708a7497adc53a95b108029b98,3.13.14,2.5.1,"{""pydantic"": ""2.13.4"", ""yaml"": ""6.0.3"", ""networkx"": ""3.6.1"", ""numpy"": ""2.5.1"", ""scipy"": ""1.18.0"", ""matplotlib"": ""3.11.0"", ""pandas"": ""3.0.3"", ""qutip"": ""5.3.0"", ""stim"": ""1.16.0"", ""gmpy2"": ""2.3.1"", ""nbformat"": ""5.10.4"", ""nbclient"": ""0.11.0""}",Windows,11,Gercom,2026-07-19T23:39:55.957821+00:00
P12_boundary_variability,P12_boundary_variability:three_node:440cdcef58949c20:L2:209:m10-intent:0,three_node,440cdcef58949c20,209,m10-intent,L2,iterative_analytical,0,10,10,0.78,0.05,1e-05,,True,a -> r -> b,2,True,,,,0.7958654267019631,3,0.00039,SATISFIED,True,14,0.795865426701963,0.795865426701963,-1.1102230246251565e-16,1.420351,False,,475,186,136,105,0,0,0.06019883751,14239147a1502ad2ca6950c2d48ae5b0d974fec6fa3a2046b0dae63e3f92966e,False,,,,False,,3eada4d39cc676240b3278de813f19477e0b0eb8,1f2680a5b9065e708a7497adc53a95b108029b98,3.13.14,2.5.1,"{""pydantic"": ""2.13.4"", ""yaml"": ""6.0.3"", ""networkx"": ""3.6.1"", ""numpy"": ""2.5.1"", ""scipy"": ""1.18.0"", ""matplotlib"": ""3.11.0"", ""pandas"": ""3.0.3"", ""qutip"": ""5.3.0"", ""stim"": ""1.16.0"", ""gmpy2"": ""2.3.1"", ""nbformat"": ""5.10.4"", ""nbclient"": ""0.11.0""}",Windows,11,Gercom,2026-07-19T23:40:00.436042+00:00
P12_boundary_variability,P12_boundary_variability:three_node:440cdcef58949c20:L2:210:m10-intent:0,three_node,440cdcef58949c20,210,m10-intent,L2,iterative_analytical,0,10,10,0.78,0.05,1e-05,,True,a -> r -> b,2,True,,,,0.7958654267019631,3,0.000391,SATISFIED,True,13,0.7958654267019631,0.7958654267019631,0.0,1.471273,False,,542,185,136,103,0,0,0.06019387501,8be1c20512297b9c84c9d11b32b8bbc5ab070964fbd50e78e2981e6861d38d99,False,,,,False,,3eada4d39cc676240b3278de813f19477e0b0eb8,1f2680a5b9065e708a7497adc53a95b108029b98,3.13.14,2.5.1,"{""pydantic"": ""2.13.4"", ""yaml"": ""6.0.3"", ""networkx"": ""3.6.1"", ""numpy"": ""2.5.1"", ""scipy"": ""1.18.0"", ""matplotlib"": ""3.11.0"", ""pandas"": ""3.0.3"", ""qutip"": ""5.3.0"", ""stim"": ""1.16.0"", ""gmpy2"": ""2.3.1"", ""nbformat"": ""5.10.4"", ""nbclient"": ""0.11.0""}",Windows,11,Gercom,2026-07-19T23:40:05.005357+00:00
P12_boundary_variability,P12_boundary_variability:three_node:440cdcef58949c20:L2:211:m10-intent:0,three_node,440cdcef58949c20,211,m10-intent,L2,iterative_analytical,0,10,10,0.78,0.05,1e-05,,True,a -> r -> b,2,True,,,,0.7958654267019631,3,0.000411,SATISFIED,True,14,0.795865426701963,0.795865426701963,-1.1102230246251565e-16,1.406617,False,,527,180,134,107,0,0,0.06017651251,bbfd1d4e9d50efe12f83101ac1405133f2c199b5578d6795d5a49adbea857b72,False,,,,False,,3eada4d39cc676240b3278de813f19477e0b0eb8,1f2680a5b9065e708a7497adc53a95b108029b98,3.13.14,2.5.1,"{""pydantic"": ""2.13.4"", ""yaml"": ""6.0.3"", ""networkx"": ""3.6.1"", ""numpy"": ""2.5.1"", ""scipy"": ""1.18.0"", ""matplotlib"": ""3.11.0"", ""pandas"": ""3.0.3"", ""qutip"": ""5.3.0"", ""stim"": ""1.16.0"", ""gmpy2"": ""2.3.1"", ""nbformat"": ""5.10.4"", ""nbclient"": ""0.11.0""}",Windows,11,Gercom,2026-07-19T23:40:09.497243+00:00
P12_boundary_variability,P12_boundary_variability:three_node:440cdcef58949c20:L2:212:m10-intent:0,three_node,440cdcef58949c20,212,m10-intent,L2,iterative_analytical,0,10,10,0.78,0.05,1e-05,,True,a -> r -> b,2,True,,,,0.7958654267019631,3,0.000456,SATISFIED,True,12,0.7958654267019631,0.7958654267019631,0.0,1.486683,False,,547,173,125,93,0,0,0.06019890001,a4f32a46b0efaf0d1b7fe0b03282232de74082ce242e0f34fb92060b3bc59fcc,False,,,,False,,3eada4d39cc676240b3278de813f19477e0b0eb8,1f2680a5b9065e708a7497adc53a95b108029b98,3.13.14,2.5.1,"{""pydantic"": ""2.13.4"", ""yaml"": ""6.0.3"", ""networkx"": ""3.6.1"", ""numpy"": ""2.5.1"", ""scipy"": ""1.18.0"", ""matplotlib"": ""3.11.0"", ""pandas"": ""3.0.3"", ""qutip"": ""5.3.0"", ""stim"": ""1.16.0"", ""gmpy2"": ""2.3.1"", ""nbformat"": ""5.10.4"", ""nbclient"": ""0.11.0""}",Windows,11,Gercom,2026-07-19T23:40:14.264577+00:00
P12_boundary_variability,P12_boundary_variability:three_node:440cdcef58949c20:L2:213:m10-intent:0,three_node,440cdcef58949c20,213,m10-intent,L2,iterative_analytical,0,10,10,0.78,0.05,1e-05,,True,a -> r -> b,2,True,,,,0.7958654267019631,3,0.000384,SATISFIED,True,15,0.7958654267019631,0.7958654267019631,0.0,1.532929,False,,530,180,137,112,0,0,0.06016863751,212c848e592a2642077ce793b2212b1415afe38f3dbe649632749e7d8c01bd54,False,,,,False,,3eada4d39cc676240b3278de813f19477e0b0eb8,1f2680a5b9065e708a7497adc53a95b108029b98,3.13.14,2.5.1,"{""pydantic"": ""2.13.4"", ""yaml"": ""6.0.3"", ""networkx"": ""3.6.1"", ""numpy"": ""2.5.1"", ""scipy"": ""1.18.0"", ""matplotlib"": ""3.11.0"", ""pandas"": ""3.0.3"", ""qutip"": ""5.3.0"", ""stim"": ""1.16.0"", ""gmpy2"": ""2.3.1"", ""nbformat"": ""5.10.4"", ""nbclient"": ""0.11.0""}",Windows,11,Gercom,2026-07-19T23:40:18.945911+00:00
P12_boundary_variability,P12_boundary_variability:three_node:440cdcef58949c20:L2:214:m10-intent:0,three_node,440cdcef58949c20,214,m10-intent,L2,iterative_analytical,0,10,10,0.78,0.05,1e-05,,True,a -> r -> b,2,True,,,,0.7958654267019631,3,0.000676,SATISFIED,True,15,0.7958654267019631,0.7958654267019631,0.0,1.978368,False,,510,186,138,109,0,0,0.06018877501,a6882e7315d2943fe36099cdfab773b719f1618d23b961a44df1529bff419060,False,,,,False,,3eada4d39cc676240b3278de813f19477e0b0eb8,1f2680a5b9065e708a7497adc53a95b108029b98,3.13.14,2.5.1,"{""pydantic"": ""2.13.4"", ""yaml"": ""6.0.3"", ""networkx"": ""3.6.1"", ""numpy"": ""2.5.1"", ""scipy"": ""1.18.0"", ""matplotlib"": ""3.11.0"", ""pandas"": ""3.0.3"", ""qutip"": ""5.3.0"", ""stim"": ""1.16.0"", ""gmpy2"": ""2.3.1"", ""nbformat"": ""5.10.4"", ""nbclient"": ""0.11.0""}",Windows,11,Gercom,2026-07-19T23:40:24.638079+00:00
P12_boundary_variability,P12_boundary_variability:three_node:440cdcef58949c20:L2:215:m10-intent:0,three_node,440cdcef58949c20,215,m10-intent,L2,iterative_analytical,0,10,10,0.78,0.05,1e-05,,True,a -> r -> b,2,True,,,,0.7958654267019631,3,0.001121,SATISFIED,True,14,0.795865426701963,0.795865426701963,-1.1102230246251565e-16,2.618616,False,,539,182,134,105,0,0,0.06019883751,7e600335b1e565318546ecf5291e378bbda9584fb281defd21ee126643a24f85,False,,,,False,,3eada4d39cc676240b3278de813f19477e0b0eb8,1f2680a5b9065e708a7497adc53a95b108029b98,3.13.14,2.5.1,"{""pydantic"": ""2.13.4"", ""yaml"": ""6.0.3"", ""networkx"": ""3.6.1"", ""numpy"": ""2.5.1"", ""scipy"": ""1.18.0"", ""matplotlib"": ""3.11.0"", ""pandas"": ""3.0.3"", ""qutip"": ""5.3.0"", ""stim"": ""1.16.0"", ""gmpy2"": ""2.3.1"", ""nbformat"": ""5.10.4"", ""nbclient"": ""0.11.0""}",Windows,11,Gercom,2026-07-19T23:40:31.343748+00:00
P12_boundary_variability,P12_boundary_variability:three_node:440cdcef58949c20:L2:216:m10-intent:0,three_node,440cdcef58949c20,216,m10-intent,L2,iterative_analytical,0,10,10,0.78,0.05,1e-05,,True,a -> r -> b,2,True,,,,0.7958654267019631,3,0.000605,SATISFIED,True,16,0.7958654267019631,0.7958654267019631,0.0,2.94502,False,,539,189,146,121,0,0,0.06017880001,cb003d4b175d7db995ec07934ac0c49d03a44b403845a6e48ba89d35e6b5bf66,False,,,,False,,3eada4d39cc676240b3278de813f19477e0b0eb8,1f2680a5b9065e708a7497adc53a95b108029b98,3.13.14,2.5.1,"{""pydantic"": ""2.13.4"", ""yaml"": ""6.0.3"", ""networkx"": ""3.6.1"", ""numpy"": ""2.5.1"", ""scipy"": ""1.18.0"", ""matplotlib"": ""3.11.0"", ""pandas"": ""3.0.3"", ""qutip"": ""5.3.0"", ""stim"": ""1.16.0"", ""gmpy2"": ""2.3.1"", ""nbformat"": ""5.10.4"", ""nbclient"": ""0.11.0""}",Windows,11,Gercom,2026-07-19T23:40:37.806863+00:00
P12_boundary_variability,P12_boundary_variability:three_node:440cdcef58949c20:L2:217:m10-intent:0,three_node,440cdcef58949c20,217,m10-intent,L2,iterative_analytical,0,10,10,0.78,0.05,1e-05,,True,a -> r -> b,2,True,,,,0.7958654267019631,3,0.000419,SATISFIED,True,13,0.7958654267019631,0.7958654267019631,0.0,1.463138,False,,536,169,125,99,0,0,0.06019882501,8bf170d226077930fdf5e3e959cd32a9ff5ce17d05c01a169ccd697ac84b1898,False,,,,False,,3eada4d39cc676240b3278de813f19477e0b0eb8,1f2680a5b9065e708a7497adc53a95b108029b98,3.13.14,2.5.1,"{""pydantic"": ""2.13.4"", ""yaml"": ""6.0.3"", ""networkx"": ""3.6.1"", ""numpy"": ""2.5.1"", ""scipy"": ""1.18.0"", ""matplotlib"": ""3.11.0"", ""pandas"": ""3.0.3"", ""qutip"": ""5.3.0"", ""stim"": ""1.16.0"", ""gmpy2"": ""2.3.1"", ""nbformat"": ""5.10.4"", ""nbclient"": ""0.11.0""}",Windows,11,Gercom,2026-07-19T23:40:42.600235+00:00
P12_boundary_variability,P12_boundary_variability:three_node:440cdcef58949c20:L2:218:m10-intent:0,three_node,440cdcef58949c20,218,m10-intent,L2,iterative_analytical,0,10,10,0.78,0.05,1e-05,,True,a -> r -> b,2,True,,,,0.7958654267019631,3,0.00038,SATISFIED,True,14,0.795865426701963,0.795865426701963,-1.1102230246251565e-16,1.454452,False,,522,178,130,101,0,0,0.06014632501,e867ea43c6de061a84af207ff34267dcff0f09af0f5d10038287bcf759469b67,False,,,,False,,3eada4d39cc676240b3278de813f19477e0b0eb8,1f2680a5b9065e708a7497adc53a95b108029b98,3.13.14,2.5.1,"{""pydantic"": ""2.13.4"", ""yaml"": ""6.0.3"", ""networkx"": ""3.6.1"", ""numpy"": ""2.5.1"", ""scipy"": ""1.18.0"", ""matplotlib"": ""3.11.0"", ""pandas"": ""3.0.3"", ""qutip"": ""5.3.0"", ""stim"": ""1.16.0"", ""gmpy2"": ""2.3.1"", ""nbformat"": ""5.10.4"", ""nbclient"": ""0.11.0""}",Windows,11,Gercom,2026-07-19T23:40:47.216260+00:00
P12_boundary_variability,P12_boundary_variability:three_node:440cdcef58949c20:L2:219:m10-intent:0,three_node,440cdcef58949c20,219,m10-intent,L2,iterative_analytical,0,10,10,0.78,0.05,1e-05,,True,a -> r -> b,2,True,,,,0.7958654267019631,3,0.000375,SATISFIED,True,13,0.7958654267019631,0.7958654267019631,0.0,1.398373,False,,536,175,130,102,0,0,0.06019381251,0e41aaaa21203d4f64e1dc570892c7514cb9a53e04958e333907f3039dbf3078,False,,,,False,,3eada4d39cc676240b3278de813f19477e0b0eb8,1f2680a5b9065e708a7497adc53a95b108029b98,3.13.14,2.5.1,"{""pydantic"": ""2.13.4"", ""yaml"": ""6.0.3"", ""networkx"": ""3.6.1"", ""numpy"": ""2.5.1"", ""scipy"": ""1.18.0"", ""matplotlib"": ""3.11.0"", ""pandas"": ""3.0.3"", ""qutip"": ""5.3.0"", ""stim"": ""1.16.0"", ""gmpy2"": ""2.3.1"", ""nbformat"": ""5.10.4"", ""nbclient"": ""0.11.0""}",Windows,11,Gercom,2026-07-19T23:40:51.811138+00:00
P12_boundary_variability,P12_boundary_variability:three_node:440cdcef58949c20:L2:220:m10-intent:0,three_node,440cdcef58949c20,220,m10-intent,L2,iterative_analytical,0,10,10,0.78,0.05,1e-05,,True,a -> r -> b,2,True,,,,0.7958654267019631,3,0.000404,SATISFIED,True,13,0.7958654267019631,0.7958654267019631,0.0,1.435538,False,,533,179,128,94,0,0,0.06019380001,169ccb97ef6a349ef7c71465ab9019bcdce4cc1086a04bce90d1d1c41f590bd7,False,,,,False,,3eada4d39cc676240b3278de813f19477e0b0eb8,1f2680a5b9065e708a7497adc53a95b108029b98,3.13.14,2.5.1,"{""pydantic"": ""2.13.4"", ""yaml"": ""6.0.3"", ""networkx"": ""3.6.1"", ""numpy"": ""2.5.1"", ""scipy"": ""1.18.0"", ""matplotlib"": ""3.11.0"", ""pandas"": ""3.0.3"", ""qutip"": ""5.3.0"", ""stim"": ""1.16.0"", ""gmpy2"": ""2.3.1"", ""nbformat"": ""5.10.4"", ""nbclient"": ""0.11.0""}",Windows,11,Gercom,2026-07-19T23:40:56.357459+00:00
P12_boundary_variability,P12_boundary_variability:three_node:440cdcef58949c20:L2:221:m10-intent:0,three_node,440cdcef58949c20,221,m10-intent,L2,iterative_analytical,0,10,10,0.78,0.05,1e-05,,True,a -> r -> b,2,True,,,,0.7958654267019631,3,0.000388,SATISFIED,True,14,0.795865426701963,0.795865426701963,-1.1102230246251565e-16,1.513861,False,,484,182,134,105,0,0,0.06017372501,8e3b1b238b1d2d3e836059a98fac091be8f94fdcff91492887ae4daf41d8f884,False,,,,False,,3eada4d39cc676240b3278de813f19477e0b0eb8,1f2680a5b9065e708a7497adc53a95b108029b98,3.13.14,2.5.1,"{""pydantic"": ""2.13.4"", ""yaml"": ""6.0.3"", ""networkx"": ""3.6.1"", ""numpy"": ""2.5.1"", ""scipy"": ""1.18.0"", ""matplotlib"": ""3.11.0"", ""pandas"": ""3.0.3"", ""qutip"": ""5.3.0"", ""stim"": ""1.16.0"", ""gmpy2"": ""2.3.1"", ""nbformat"": ""5.10.4"", ""nbclient"": ""0.11.0""}",Windows,11,Gercom,2026-07-19T23:41:01.053815+00:00
P12_boundary_variability,P12_boundary_variability:three_node:440cdcef58949c20:L2:222:m10-intent:0,three_node,440cdcef58949c20,222,m10-intent,L2,iterative_analytical,0,10,10,0.78,0.05,1e-05,,True,a -> r -> b,2,True,,,,0.7958654267019631,3,0.00038,SATISFIED,True,13,0.7958654267019631,0.7958654267019631,0.0,1.433221,False,,524,175,128,98,0,0,0.06019888751,6e8734f9dcc420e7dcaa2678bfa2a0b6ef58ea7da6484857b2787d2d35c9dabd,False,,,,False,,3eada4d39cc676240b3278de813f19477e0b0eb8,1f2680a5b9065e708a7497adc53a95b108029b98,3.13.14,2.5.1,"{""pydantic"": ""2.13.4"", ""yaml"": ""6.0.3"", ""networkx"": ""3.6.1"", ""numpy"": ""2.5.1"", ""scipy"": ""1.18.0"", ""matplotlib"": ""3.11.0"", ""pandas"": ""3.0.3"", ""qutip"": ""5.3.0"", ""stim"": ""1.16.0"", ""gmpy2"": ""2.3.1"", ""nbformat"": ""5.10.4"", ""nbclient"": ""0.11.0""}",Windows,11,Gercom,2026-07-19T23:41:05.716805+00:00
P12_boundary_variability,P12_boundary_variability:three_node:440cdcef58949c20:L2:223:m10-intent:0,three_node,440cdcef58949c20,223,m10-intent,L2,iterative_analytical,0,10,10,0.78,0.05,1e-05,,True,a -> r -> b,2,True,,,,0.7958654267019631,3,0.000384,SATISFIED,True,14,0.795865426701963,0.795865426701963,-1.1102230246251565e-16,1.3898,False,,546,176,133,108,0,0,0.06016647501,34ba99f1208b8d90432af1a290cd84056d5c693ae1d30d7f7b1a2c115e410a3b,False,,,,False,,3eada4d39cc676240b3278de813f19477e0b0eb8,1f2680a5b9065e708a7497adc53a95b108029b98,3.13.14,2.5.1,"{""pydantic"": ""2.13.4"", ""yaml"": ""6.0.3"", ""networkx"": ""3.6.1"", ""numpy"": ""2.5.1"", ""scipy"": ""1.18.0"", ""matplotlib"": ""3.11.0"", ""pandas"": ""3.0.3"", ""qutip"": ""5.3.0"", ""stim"": ""1.16.0"", ""gmpy2"": ""2.3.1"", ""nbformat"": ""5.10.4"", ""nbclient"": ""0.11.0""}",Windows,11,Gercom,2026-07-19T23:41:10.203544+00:00
P12_boundary_variability,P12_boundary_variability:three_node:440cdcef58949c20:L2:224:m10-intent:0,three_node,440cdcef58949c20,224,m10-intent,L2,iterative_analytical,0,10,10,0.78,0.05,1e-05,,True,a -> r -> b,2,True,,,,0.7958654267019631,3,0.000389,SATISFIED,True,15,0.7958654267019631,0.7958654267019631,0.0,1.35474,False,,508,181,133,106,0,0,0.06019385001,b0aebf133f264f2639a1cf85e59d78b0a065ca5a62107acaf1794144f99ad34c,False,,,,False,,3eada4d39cc676240b3278de813f19477e0b0eb8,1f2680a5b9065e708a7497adc53a95b108029b98,3.13.14,2.5.1,"{""pydantic"": ""2.13.4"", ""yaml"": ""6.0.3"", ""networkx"": ""3.6.1"", ""numpy"": ""2.5.1"", ""scipy"": ""1.18.0"", ""matplotlib"": ""3.11.0"", ""pandas"": ""3.0.3"", ""qutip"": ""5.3.0"", ""stim"": ""1.16.0"", ""gmpy2"": ""2.3.1"", ""nbformat"": ""5.10.4"", ""nbclient"": ""0.11.0""}",Windows,11,Gercom,2026-07-19T23:41:14.660714+00:00
P12_boundary_variability,P12_boundary_variability:three_node:440cdcef58949c20:L2:225:m10-intent:0,three_node,440cdcef58949c20,225,m10-intent,L2,iterative_analytical,0,10,10,0.78,0.05,1e-05,,True,a -> r -> b,2,True,,,,0.7958654267019631,3,0.000394,SATISFIED,True,13,0.7958654267019631,0.7958654267019631,0.0,1.421347,False,,492,179,130,100,0,0,0.06019376251,42435a55876477991d8b1cf9d449dfffa2e539cef9c7d1f18d896bf4e23a5fca,False,,,,False,,3eada4d39cc676240b3278de813f19477e0b0eb8,1f2680a5b9065e708a7497adc53a95b108029b98,3.13.14,2.5.1,"{""pydantic"": ""2.13.4"", ""yaml"": ""6.0.3"", ""networkx"": ""3.6.1"", ""numpy"": ""2.5.1"", ""scipy"": ""1.18.0"", ""matplotlib"": ""3.11.0"", ""pandas"": ""3.0.3"", ""qutip"": ""5.3.0"", ""stim"": ""1.16.0"", ""gmpy2"": ""2.3.1"", ""nbformat"": ""5.10.4"", ""nbclient"": ""0.11.0""}",Windows,11,Gercom,2026-07-19T23:41:19.210553+00:00
P12_boundary_variability,P12_boundary_variability:three_node:440cdcef58949c20:L2:226:m10-intent:0,three_node,440cdcef58949c20,226,m10-intent,L2,iterative_analytical,0,10,10,0.78,0.05,1e-05,,True,a -> r -> b,2,True,,,,0.7958654267019631,3,0.000385,SATISFIED,True,12,0.7958654267019631,0.7958654267019631,0.0,1.40961,False,,572,177,131,102,0,0,0.06015632501,30d33df6eae1ca1a07099de53d84e5588ff1368873d7af893c9b10a29df1de86,False,,,,False,,3eada4d39cc676240b3278de813f19477e0b0eb8,1f2680a5b9065e708a7497adc53a95b108029b98,3.13.14,2.5.1,"{""pydantic"": ""2.13.4"", ""yaml"": ""6.0.3"", ""networkx"": ""3.6.1"", ""numpy"": ""2.5.1"", ""scipy"": ""1.18.0"", ""matplotlib"": ""3.11.0"", ""pandas"": ""3.0.3"", ""qutip"": ""5.3.0"", ""stim"": ""1.16.0"", ""gmpy2"": ""2.3.1"", ""nbformat"": ""5.10.4"", ""nbclient"": ""0.11.0""}",Windows,11,Gercom,2026-07-19T23:41:23.682002+00:00
P12_boundary_variability,P12_boundary_variability:three_node:440cdcef58949c20:L2:227:m10-intent:0,three_node,440cdcef58949c20,227,m10-intent,L2,iterative_analytical,0,10,10,0.78,0.05,1e-05,,True,a -> r -> b,2,True,,,,0.7958654267019631,3,0.000384,SATISFIED,True,12,0.7958654267019631,0.7958654267019631,0.0,1.313814,False,,475,173,123,91,0,0,0.06019382501,b93f759cfe9919746bf68d0c7e4ec28ee503f3183f7934d0b070be5c09d84977,False,,,,False,,3eada4d39cc676240b3278de813f19477e0b0eb8,1f2680a5b9065e708a7497adc53a95b108029b98,3.13.14,2.5.1,"{""pydantic"": ""2.13.4"", ""yaml"": ""6.0.3"", ""networkx"": ""3.6.1"", ""numpy"": ""2.5.1"", ""scipy"": ""1.18.0"", ""matplotlib"": ""3.11.0"", ""pandas"": ""3.0.3"", ""qutip"": ""5.3.0"", ""stim"": ""1.16.0"", ""gmpy2"": ""2.3.1"", ""nbformat"": ""5.10.4"", ""nbclient"": ""0.11.0""}",Windows,11,Gercom,2026-07-19T23:41:28.132530+00:00
P12_boundary_variability,P12_boundary_variability:three_node:440cdcef58949c20:L2:228:m10-intent:0,three_node,440cdcef58949c20,228,m10-intent,L2,iterative_analytical,0,10,10,0.78,0.05,1e-05,,True,a -> r -> b,2,True,,,,0.7958654267019631,3,0.000391,SATISFIED,True,17,0.7958654267019631,0.7958654267019631,0.0,1.543984,False,,552,191,146,125,0,0,0.06019878751,b9d289d07a482889f77527145d4162b1596ac15ac9bab46e08c9b92c90d9f38e,False,,,,False,,3eada4d39cc676240b3278de813f19477e0b0eb8,1f2680a5b9065e708a7497adc53a95b108029b98,3.13.14,2.5.1,"{""pydantic"": ""2.13.4"", ""yaml"": ""6.0.3"", ""networkx"": ""3.6.1"", ""numpy"": ""2.5.1"", ""scipy"": ""1.18.0"", ""matplotlib"": ""3.11.0"", ""pandas"": ""3.0.3"", ""qutip"": ""5.3.0"", ""stim"": ""1.16.0"", ""gmpy2"": ""2.3.1"", ""nbformat"": ""5.10.4"", ""nbclient"": ""0.11.0""}",Windows,11,Gercom,2026-07-19T23:41:32.744301+00:00
P12_boundary_variability,P12_boundary_variability:three_node:440cdcef58949c20:L2:229:m10-intent:0,three_node,440cdcef58949c20,229,m10-intent,L2,iterative_analytical,0,10,10,0.78,0.05,1e-05,,True,a -> r -> b,2,True,,,,0.7958654267019631,3,0.000376,SATISFIED,True,14,0.795865426701963,0.795865426701963,-1.1102230246251565e-16,1.447197,False,,499,181,135,109,0,0,0.06018876251,2419a2593f55dc55bfae0393db7ab11893fbd820606958fa3de7c58888178153,False,,,,False,,3eada4d39cc676240b3278de813f19477e0b0eb8,1f2680a5b9065e708a7497adc53a95b108029b98,3.13.14,2.5.1,"{""pydantic"": ""2.13.4"", ""yaml"": ""6.0.3"", ""networkx"": ""3.6.1"", ""numpy"": ""2.5.1"", ""scipy"": ""1.18.0"", ""matplotlib"": ""3.11.0"", ""pandas"": ""3.0.3"", ""qutip"": ""5.3.0"", ""stim"": ""1.16.0"", ""gmpy2"": ""2.3.1"", ""nbformat"": ""5.10.4"", ""nbclient"": ""0.11.0""}",Windows,11,Gercom,2026-07-19T23:41:37.265715+00:00
P12_boundary_variability,P12_boundary_variability:three_node:b1c37783d01dd867:L2:200:m10-intent:0,three_node,b1c37783d01dd867,200,m10-intent,L2,iterative_analytical,0,10,10,0.79625,0.05,1e-05,,True,a -> r -> b,2,True,,,,0.834179745759839,4,0.000375,VIOLATED,False,6,0.834179745759839,0.834179745759839,0.0,1.315496,False,,522,173,128,95,0,0,0.06018887501,9fe1ba6ca5d480fb914ea5be513c716f28f190de04af291565bf30907f390dd4,False,,,,False,,3eada4d39cc676240b3278de813f19477e0b0eb8,1f2680a5b9065e708a7497adc53a95b108029b98,3.13.14,2.5.1,"{""pydantic"": ""2.13.4"", ""yaml"": ""6.0.3"", ""networkx"": ""3.6.1"", ""numpy"": ""2.5.1"", ""scipy"": ""1.18.0"", ""matplotlib"": ""3.11.0"", ""pandas"": ""3.0.3"", ""qutip"": ""5.3.0"", ""stim"": ""1.16.0"", ""gmpy2"": ""2.3.1"", ""nbformat"": ""5.10.4"", ""nbclient"": ""0.11.0""}",Windows,11,Gercom,2026-07-19T23:41:41.546465+00:00
P12_boundary_variability,P12_boundary_variability:three_node:b1c37783d01dd867:L2:201:m10-intent:0,three_node,b1c37783d01dd867,201,m10-intent,L2,iterative_analytical,0,10,10,0.79625,0.05,1e-05,,True,a -> r -> b,2,True,,,,0.834179745759839,4,0.000412,VIOLATED,False,7,0.8341797457598391,0.8341797457598391,1.1102230246251565e-16,1.40593,False,,491,180,140,114,0,0,0.06017371251,5d27011960401ce9fe0ea5d66c1321e7901fd8199daecd22dd3668aab0d11a81,False,,,,False,,3eada4d39cc676240b3278de813f19477e0b0eb8,1f2680a5b9065e708a7497adc53a95b108029b98,3.13.14,2.5.1,"{""pydantic"": ""2.13.4"", ""yaml"": ""6.0.3"", ""networkx"": ""3.6.1"", ""numpy"": ""2.5.1"", ""scipy"": ""1.18.0"", ""matplotlib"": ""3.11.0"", ""pandas"": ""3.0.3"", ""qutip"": ""5.3.0"", ""stim"": ""1.16.0"", ""gmpy2"": ""2.3.1"", ""nbformat"": ""5.10.4"", ""nbclient"": ""0.11.0""}",Windows,11,Gercom,2026-07-19T23:41:45.961678+00:00
P12_boundary_variability,P12_boundary_variability:three_node:b1c37783d01dd867:L2:202:m10-intent:0,three_node,b1c37783d01dd867,202,m10-intent,L2,iterative_analytical,0,10,10,0.79625,0.05,1e-05,,True,a -> r -> b,2,True,,,,0.834179745759839,4,0.000377,VIOLATED,False,7,0.8341797457598391,0.8341797457598391,1.1102230246251565e-16,1.423543,False,,514,174,138,115,0,0,0.06018385001,24968292a8116e1d6fb5171dee209afbc6340f6605232d014c13659845dfe82f,False,,,,False,,3eada4d39cc676240b3278de813f19477e0b0eb8,1f2680a5b9065e708a7497adc53a95b108029b98,3.13.14,2.5.1,"{""pydantic"": ""2.13.4"", ""yaml"": ""6.0.3"", ""networkx"": ""3.6.1"", ""numpy"": ""2.5.1"", ""scipy"": ""1.18.0"", ""matplotlib"": ""3.11.0"", ""pandas"": ""3.0.3"", ""qutip"": ""5.3.0"", ""stim"": ""1.16.0"", ""gmpy2"": ""2.3.1"", ""nbformat"": ""5.10.4"", ""nbclient"": ""0.11.0""}",Windows,11,Gercom,2026-07-19T23:41:50.502556+00:00
P12_boundary_variability,P12_boundary_variability:three_node:b1c37783d01dd867:L2:203:m10-intent:0,three_node,b1c37783d01dd867,203,m10-intent,L2,iterative_analytical,0,10,10,0.79625,0.05,1e-05,,True,a -> r -> b,2,True,,,,0.834179745759839,4,0.000375,VIOLATED,False,6,0.834179745759839,0.834179745759839,0.0,1.273096,False,,495,159,124,102,0,0,0.06019375001,d141a9dd17e02ca62faecd5e4bdef7d59b999426e1f505858269947494e53a7e,False,,,,False,,3eada4d39cc676240b3278de813f19477e0b0eb8,1f2680a5b9065e708a7497adc53a95b108029b98,3.13.14,2.5.1,"{""pydantic"": ""2.13.4"", ""yaml"": ""6.0.3"", ""networkx"": ""3.6.1"", ""numpy"": ""2.5.1"", ""scipy"": ""1.18.0"", ""matplotlib"": ""3.11.0"", ""pandas"": ""3.0.3"", ""qutip"": ""5.3.0"", ""stim"": ""1.16.0"", ""gmpy2"": ""2.3.1"", ""nbformat"": ""5.10.4"", ""nbclient"": ""0.11.0""}",Windows,11,Gercom,2026-07-19T23:41:54.806806+00:00
P12_boundary_variability,P12_boundary_variability:three_node:b1c37783d01dd867:L2:204:m10-intent:0,three_node,b1c37783d01dd867,204,m10-intent,L2,iterative_analytical,0,10,10,0.79625,0.05,1e-05,,True,a -> r -> b,2,True,,,,0.834179745759839,4,0.000385,VIOLATED,False,6,0.834179745759839,0.834179745759839,0.0,1.326125,False,,493,176,133,105,0,0,0.06019888751,4b832b0a46ecdf27c4265046f57b47628c1ea1e4d19acfd361ccfbd0293f89cc,False,,,,False,,3eada4d39cc676240b3278de813f19477e0b0eb8,1f2680a5b9065e708a7497adc53a95b108029b98,3.13.14,2.5.1,"{""pydantic"": ""2.13.4"", ""yaml"": ""6.0.3"", ""networkx"": ""3.6.1"", ""numpy"": ""2.5.1"", ""scipy"": ""1.18.0"", ""matplotlib"": ""3.11.0"", ""pandas"": ""3.0.3"", ""qutip"": ""5.3.0"", ""stim"": ""1.16.0"", ""gmpy2"": ""2.3.1"", ""nbformat"": ""5.10.4"", ""nbclient"": ""0.11.0""}",Windows,11,Gercom,2026-07-19T23:41:59.189301+00:00
P12_boundary_variability,P12_boundary_variability:three_node:b1c37783d01dd867:L2:205:m10-intent:0,three_node,b1c37783d01dd867,205,m10-intent,L2,iterative_analytical,0,10,10,0.79625,0.05,1e-05,,True,a -> r -> b,2,True,,,,0.834179745759839,4,0.000405,VIOLATED,False,7,0.8341797457598391,0.8341797457598391,1.1102230246251565e-16,1.389407,False,,504,172,135,109,0,0,0.06019605001,d5027c39ea29373a3f4ce75c966fdcde9e453d0c9fc09bd8a578f1562fb76c90,False,,,,False,,3eada4d39cc676240b3278de813f19477e0b0eb8,1f2680a5b9065e708a7497adc53a95b108029b98,3.13.14,2.5.1,"{""pydantic"": ""2.13.4"", ""yaml"": ""6.0.3"", ""networkx"": ""3.6.1"", ""numpy"": ""2.5.1"", ""scipy"": ""1.18.0"", ""matplotlib"": ""3.11.0"", ""pandas"": ""3.0.3"", ""qutip"": ""5.3.0"", ""stim"": ""1.16.0"", ""gmpy2"": ""2.3.1"", ""nbformat"": ""5.10.4"", ""nbclient"": ""0.11.0""}",Windows,11,Gercom,2026-07-19T23:42:03.550919+00:00
P12_boundary_variability,P12_boundary_variability:three_node:b1c37783d01dd867:L2:206:m10-intent:0,three_node,b1c37783d01dd867,206,m10-intent,L2,iterative_analytical,0,10,10,0.79625,0.05,1e-05,,True,a -> r -> b,2,True,,,,0.834179745759839,4,0.000376,VIOLATED,False,8,0.834179745759839,0.834179745759839,0.0,1.362718,False,,464,185,148,122,0,0,0.06018377501,0f4f932502bc2cd57a66537baee4a92c545b1678d0a9038ca19912ecd6d9dbdb,False,,,,False,,3eada4d39cc676240b3278de813f19477e0b0eb8,1f2680a5b9065e708a7497adc53a95b108029b98,3.13.14,2.5.1,"{""pydantic"": ""2.13.4"", ""yaml"": ""6.0.3"", ""networkx"": ""3.6.1"", ""numpy"": ""2.5.1"", ""scipy"": ""1.18.0"", ""matplotlib"": ""3.11.0"", ""pandas"": ""3.0.3"", ""qutip"": ""5.3.0"", ""stim"": ""1.16.0"", ""gmpy2"": ""2.3.1"", ""nbformat"": ""5.10.4"", ""nbclient"": ""0.11.0""}",Windows,11,Gercom,2026-07-19T23:42:08.034302+00:00
P12_boundary_variability,P12_boundary_variability:three_node:b1c37783d01dd867:L2:207:m10-intent:0,three_node,b1c37783d01dd867,207,m10-intent,L2,iterative_analytical,0,10,10,0.79625,0.05,1e-05,,True,a -> r -> b,2,True,,,,0.834179745759839,4,0.000376,VIOLATED,False,6,0.834179745759839,0.834179745759839,0.0,1.255948,False,,472,166,128,104,0,0,0.06018876251,24a26840b647d063aa397be52e0f16cf338f1403a11517bc374e1a0e7c413552,False,,,,False,,3eada4d39cc676240b3278de813f19477e0b0eb8,1f2680a5b9065e708a7497adc53a95b108029b98,3.13.14,2.5.1,"{""pydantic"": ""2.13.4"", ""yaml"": ""6.0.3"", ""networkx"": ""3.6.1"", ""numpy"": ""2.5.1"", ""scipy"": ""1.18.0"", ""matplotlib"": ""3.11.0"", ""pandas"": ""3.0.3"", ""qutip"": ""5.3.0"", ""stim"": ""1.16.0"", ""gmpy2"": ""2.3.1"", ""nbformat"": ""5.10.4"", ""nbclient"": ""0.11.0""}",Windows,11,Gercom,2026-07-19T23:42:12.258422+00:00
P12_boundary_variability,P12_boundary_variability:three_node:b1c37783d01dd867:L2:208:m10-intent:0,three_node,b1c37783d01dd867,208,m10-intent,L2,iterative_analytical,0,10,10,0.79625,0.05,1e-05,,True,a -> r -> b,2,True,,,,0.834179745759839,4,0.000383,VIOLATED,False,6,0.834179745759839,0.834179745759839,0.0,1.332019,False,,466,172,134,106,0,0,0.06014630001,b361d1cfc89bc4c4abaf13b3e943c05fc2d7ab5172265b613edaf6689f451090,False,,,,False,,3eada4d39cc676240b3278de813f19477e0b0eb8,1f2680a5b9065e708a7497adc53a95b108029b98,3.13.14,2.5.1,"{""pydantic"": ""2.13.4"", ""yaml"": ""6.0.3"", ""networkx"": ""3.6.1"", ""numpy"": ""2.5.1"", ""scipy"": ""1.18.0"", ""matplotlib"": ""3.11.0"", ""pandas"": ""3.0.3"", ""qutip"": ""5.3.0"", ""stim"": ""1.16.0"", ""gmpy2"": ""2.3.1"", ""nbformat"": ""5.10.4"", ""nbclient"": ""0.11.0""}",Windows,11,Gercom,2026-07-19T23:42:16.620483+00:00
P12_boundary_variability,P12_boundary_variability:three_node:b1c37783d01dd867:L2:209:m10-intent:0,three_node,b1c37783d01dd867,209,m10-intent,L2,iterative_analytical,0,10,10,0.79625,0.05,1e-05,,True,a -> r -> b,2,True,,,,0.834179745759839,4,0.000383,VIOLATED,False,7,0.8341797457598391,0.8341797457598391,1.1102230246251565e-16,1.484121,False,,512,172,134,105,0,0,0.06019386251,ebb2d92f9f4b94f18e2658a5cf52a1efe5021ec321b5aa8f3bccc1a4c4b44f03,False,,,,False,,3eada4d39cc676240b3278de813f19477e0b0eb8,1f2680a5b9065e708a7497adc53a95b108029b98,3.13.14,2.5.1,"{""pydantic"": ""2.13.4"", ""yaml"": ""6.0.3"", ""networkx"": ""3.6.1"", ""numpy"": ""2.5.1"", ""scipy"": ""1.18.0"", ""matplotlib"": ""3.11.0"", ""pandas"": ""3.0.3"", ""qutip"": ""5.3.0"", ""stim"": ""1.16.0"", ""gmpy2"": ""2.3.1"", ""nbformat"": ""5.10.4"", ""nbclient"": ""0.11.0""}",Windows,11,Gercom,2026-07-19T23:42:21.163251+00:00
P12_boundary_variability,P12_boundary_variability:three_node:b1c37783d01dd867:L2:210:m10-intent:0,three_node,b1c37783d01dd867,210,m10-intent,L2,iterative_analytical,0,10,10,0.79625,0.05,1e-05,,True,a -> r -> b,2,True,,,,0.834179745759839,4,0.000371,VIOLATED,False,6,0.834179745759839,0.834179745759839,0.0,1.30099,False,,496,155,120,94,0,0,0.06018378751,abe49f52a5013af12fcf6191fe4203270ba5a85f2acc407d24427b4168c5e6f8,False,,,,False,,3eada4d39cc676240b3278de813f19477e0b0eb8,1f2680a5b9065e708a7497adc53a95b108029b98,3.13.14,2.5.1,"{""pydantic"": ""2.13.4"", ""yaml"": ""6.0.3"", ""networkx"": ""3.6.1"", ""numpy"": ""2.5.1"", ""scipy"": ""1.18.0"", ""matplotlib"": ""3.11.0"", ""pandas"": ""3.0.3"", ""qutip"": ""5.3.0"", ""stim"": ""1.16.0"", ""gmpy2"": ""2.3.1"", ""nbformat"": ""5.10.4"", ""nbclient"": ""0.11.0""}",Windows,11,Gercom,2026-07-19T23:42:25.682861+00:00
P12_boundary_variability,P12_boundary_variability:three_node:b1c37783d01dd867:L2:211:m10-intent:0,three_node,b1c37783d01dd867,211,m10-intent,L2,iterative_analytical,0,10,10,0.79625,0.05,1e-05,,True,a -> r -> b,2,True,,,,0.834179745759839,4,0.000378,VIOLATED,False,6,0.834179745759839,0.834179745759839,0.0,1.415825,False,,489,169,131,102,0,0,0.06018876251,aa480b0159919d4d5123267c880daecdc6979c7c255ec773f611f6cc18085006,False,,,,False,,3eada4d39cc676240b3278de813f19477e0b0eb8,1f2680a5b9065e708a7497adc53a95b108029b98,3.13.14,2.5.1,"{""pydantic"": ""2.13.4"", ""yaml"": ""6.0.3"", ""networkx"": ""3.6.1"", ""numpy"": ""2.5.1"", ""scipy"": ""1.18.0"", ""matplotlib"": ""3.11.0"", ""pandas"": ""3.0.3"", ""qutip"": ""5.3.0"", ""stim"": ""1.16.0"", ""gmpy2"": ""2.3.1"", ""nbformat"": ""5.10.4"", ""nbclient"": ""0.11.0""}",Windows,11,Gercom,2026-07-19T23:42:30.177480+00:00
P12_boundary_variability,P12_boundary_variability:three_node:b1c37783d01dd867:L2:212:m10-intent:0,three_node,b1c37783d01dd867,212,m10-intent,L2,iterative_analytical,0,10,10,0.79625,0.05,1e-05,,True,a -> r -> b,2,True,,,,0.834179745759839,4,0.000379,VIOLATED,False,7,0.8341797457598391,0.8341797457598391,1.1102230246251565e-16,1.35173,False,,458,178,139,112,0,0,0.06019378751,56547393d07ac0e9d9486c12b3dd07436b6c3c05a4cfecf1cf7f89506a539e70,False,,,,False,,3eada4d39cc676240b3278de813f19477e0b0eb8,1f2680a5b9065e708a7497adc53a95b108029b98,3.13.14,2.5.1,"{""pydantic"": ""2.13.4"", ""yaml"": ""6.0.3"", ""networkx"": ""3.6.1"", ""numpy"": ""2.5.1"", ""scipy"": ""1.18.0"", ""matplotlib"": ""3.11.0"", ""pandas"": ""3.0.3"", ""qutip"": ""5.3.0"", ""stim"": ""1.16.0"", ""gmpy2"": ""2.3.1"", ""nbformat"": ""5.10.4"", ""nbclient"": ""0.11.0""}",Windows,11,Gercom,2026-07-19T23:42:34.578570+00:00
P12_boundary_variability,P12_boundary_variability:three_node:b1c37783d01dd867:L2:213:m10-intent:0,three_node,b1c37783d01dd867,213,m10-intent,L2,iterative_analytical,0,10,10,0.79625,0.05,1e-05,,True,a -> r -> b,2,True,,,,0.834179745759839,4,0.000374,VIOLATED,False,7,0.8341797457598391,0.8341797457598391,1.1102230246251565e-16,1.313919,False,,482,173,134,109,0,0,0.06018368751,4fe2ec0321dbc8baa5cd40dfbb9b62a1af5c29d0051ffc60257c9f7d4766f7ee,False,,,,False,,3eada4d39cc676240b3278de813f19477e0b0eb8,1f2680a5b9065e708a7497adc53a95b108029b98,3.13.14,2.5.1,"{""pydantic"": ""2.13.4"", ""yaml"": ""6.0.3"", ""networkx"": ""3.6.1"", ""numpy"": ""2.5.1"", ""scipy"": ""1.18.0"", ""matplotlib"": ""3.11.0"", ""pandas"": ""3.0.3"", ""qutip"": ""5.3.0"", ""stim"": ""1.16.0"", ""gmpy2"": ""2.3.1"", ""nbformat"": ""5.10.4"", ""nbclient"": ""0.11.0""}",Windows,11,Gercom,2026-07-19T23:42:38.961967+00:00
P12_boundary_variability,P12_boundary_variability:three_node:b1c37783d01dd867:L2:214:m10-intent:0,three_node,b1c37783d01dd867,214,m10-intent,L2,iterative_analytical,0,10,10,0.79625,0.05,1e-05,,True,a -> r -> b,2,True,,,,0.834179745759839,4,0.000382,VIOLATED,False,6,0.834179745759839,0.834179745759839,0.0,1.338417,False,,514,170,129,99,0,0,0.06018878751,cbaed736c1e07620806e37237506a4a420ddd3f1d4861300939837626d53d863,False,,,,False,,3eada4d39cc676240b3278de813f19477e0b0eb8,1f2680a5b9065e708a7497adc53a95b108029b98,3.13.14,2.5.1,"{""pydantic"": ""2.13.4"", ""yaml"": ""6.0.3"", ""networkx"": ""3.6.1"", ""numpy"": ""2.5.1"", ""scipy"": ""1.18.0"", ""matplotlib"": ""3.11.0"", ""pandas"": ""3.0.3"", ""qutip"": ""5.3.0"", ""stim"": ""1.16.0"", ""gmpy2"": ""2.3.1"", ""nbformat"": ""5.10.4"", ""nbclient"": ""0.11.0""}",Windows,11,Gercom,2026-07-19T23:42:43.295433+00:00
P12_boundary_variability,P12_boundary_variability:three_node:b1c37783d01dd867:L2:215:m10-intent:0,three_node,b1c37783d01dd867,215,m10-intent,L2,iterative_analytical,0,10,10,0.79625,0.05,1e-05,,True,a -> r -> b,2,True,,,,0.834179745759839,4,0.000383,VIOLATED,False,8,0.834179745759839,0.834179745759839,0.0,1.433682,False,,478,182,147,124,0,0,0.06014131251,f26fbcc7a0d8d3aa740d5de3c3931590cd1fa59ec08dc2432e815b7be27758f5,False,,,,False,,3eada4d39cc676240b3278de813f19477e0b0eb8,1f2680a5b9065e708a7497adc53a95b108029b98,3.13.14,2.5.1,"{""pydantic"": ""2.13.4"", ""yaml"": ""6.0.3"", ""networkx"": ""3.6.1"", ""numpy"": ""2.5.1"", ""scipy"": ""1.18.0"", ""matplotlib"": ""3.11.0"", ""pandas"": ""3.0.3"", ""qutip"": ""5.3.0"", ""stim"": ""1.16.0"", ""gmpy2"": ""2.3.1"", ""nbformat"": ""5.10.4"", ""nbclient"": ""0.11.0""}",Windows,11,Gercom,2026-07-19T23:42:47.770182+00:00
P12_boundary_variability,P12_boundary_variability:three_node:b1c37783d01dd867:L2:216:m10-intent:0,three_node,b1c37783d01dd867,216,m10-intent,L2,iterative_analytical,0,10,10,0.79625,0.05,1e-05,,True,a -> r -> b,2,True,,,,0.834179745759839,4,0.000378,VIOLATED,False,6,0.834179745759839,0.834179745759839,0.0,1.401904,False,,487,167,133,110,0,0,0.06018375001,d449c9b14b5f2e9aaa9c70ba559c104c7c6654b22abc5ee1bf26aaba40380d6b,False,,,,False,,3eada4d39cc676240b3278de813f19477e0b0eb8,1f2680a5b9065e708a7497adc53a95b108029b98,3.13.14,2.5.1,"{""pydantic"": ""2.13.4"", ""yaml"": ""6.0.3"", ""networkx"": ""3.6.1"", ""numpy"": ""2.5.1"", ""scipy"": ""1.18.0"", ""matplotlib"": ""3.11.0"", ""pandas"": ""3.0.3"", ""qutip"": ""5.3.0"", ""stim"": ""1.16.0"", ""gmpy2"": ""2.3.1"", ""nbformat"": ""5.10.4"", ""nbclient"": ""0.11.0""}",Windows,11,Gercom,2026-07-19T23:42:52.217188+00:00
P12_boundary_variability,P12_boundary_variability:three_node:b1c37783d01dd867:L2:217:m10-intent:0,three_node,b1c37783d01dd867,217,m10-intent,L2,iterative_analytical,0,10,10,0.79625,0.05,1e-05,,True,a -> r -> b,2,True,,,,0.834179745759839,4,0.000382,VIOLATED,False,7,0.8341797457598391,0.8341797457598391,1.1102230246251565e-16,1.344645,False,,491,175,137,112,0,0,0.06016872501,a0ec3af08b2450ce1c36874336e7511fb76cff68410076edbdcba79c33ca422e,False,,,,False,,3eada4d39cc676240b3278de813f19477e0b0eb8,1f2680a5b9065e708a7497adc53a95b108029b98,3.13.14,2.5.1,"{""pydantic"": ""2.13.4"", ""yaml"": ""6.0.3"", ""networkx"": ""3.6.1"", ""numpy"": ""2.5.1"", ""scipy"": ""1.18.0"", ""matplotlib"": ""3.11.0"", ""pandas"": ""3.0.3"", ""qutip"": ""5.3.0"", ""stim"": ""1.16.0"", ""gmpy2"": ""2.3.1"", ""nbformat"": ""5.10.4"", ""nbclient"": ""0.11.0""}",Windows,11,Gercom,2026-07-19T23:42:56.632360+00:00
P12_boundary_variability,P12_boundary_variability:three_node:b1c37783d01dd867:L2:218:m10-intent:0,three_node,b1c37783d01dd867,218,m10-intent,L2,iterative_analytical,0,10,10,0.79625,0.05,1e-05,,True,a -> r -> b,2,True,,,,0.834179745759839,4,0.000395,VIOLATED,False,5,0.8341797457598389,0.8341797457598389,-1.1102230246251565e-16,1.324566,False,,499,167,125,93,0,0,0.06017867501,f65f22c856cf98bcd3986cc398d15a5953c135f2d7d0f375418ccbd1c304007b,False,,,,False,,3eada4d39cc676240b3278de813f19477e0b0eb8,1f2680a5b9065e708a7497adc53a95b108029b98,3.13.14,2.5.1,"{""pydantic"": ""2.13.4"", ""yaml"": ""6.0.3"", ""networkx"": ""3.6.1"", ""numpy"": ""2.5.1"", ""scipy"": ""1.18.0"", ""matplotlib"": ""3.11.0"", ""pandas"": ""3.0.3"", ""qutip"": ""5.3.0"", ""stim"": ""1.16.0"", ""gmpy2"": ""2.3.1"", ""nbformat"": ""5.10.4"", ""nbclient"": ""0.11.0""}",Windows,11,Gercom,2026-07-19T23:43:00.912021+00:00
P12_boundary_variability,P12_boundary_variability:three_node:b1c37783d01dd867:L2:219:m10-intent:0,three_node,b1c37783d01dd867,219,m10-intent,L2,iterative_analytical,0,10,10,0.79625,0.05,1e-05,,True,a -> r -> b,2,True,,,,0.834179745759839,4,0.000392,VIOLATED,False,6,0.834179745759839,0.834179745759839,0.0,1.332532,False,,523,169,132,106,0,0,0.06018371251,156eb98e080e88b9a57a4fdaa7cdf946ff4f483c9ad7d4d8ac2557d388878573,False,,,,False,,3eada4d39cc676240b3278de813f19477e0b0eb8,1f2680a5b9065e708a7497adc53a95b108029b98,3.13.14,2.5.1,"{""pydantic"": ""2.13.4"", ""yaml"": ""6.0.3"", ""networkx"": ""3.6.1"", ""numpy"": ""2.5.1"", ""scipy"": ""1.18.0"", ""matplotlib"": ""3.11.0"", ""pandas"": ""3.0.3"", ""qutip"": ""5.3.0"", ""stim"": ""1.16.0"", ""gmpy2"": ""2.3.1"", ""nbformat"": ""5.10.4"", ""nbclient"": ""0.11.0""}",Windows,11,Gercom,2026-07-19T23:43:05.216747+00:00
P12_boundary_variability,P12_boundary_variability:three_node:b1c37783d01dd867:L2:220:m10-intent:0,three_node,b1c37783d01dd867,220,m10-intent,L2,iterative_analytical,0,10,10,0.79625,0.05,1e-05,,True,a -> r -> b,2,True,,,,0.834179745759839,4,0.000385,VIOLATED,False,6,0.834179745759839,0.834179745759839,0.0,1.368089,False,,459,164,129,106,0,0,0.06016368751,6ca53eec05752caa0b087fd3866818c4dcdbd4a68f3a1288150b388d483ada51,False,,,,False,,3eada4d39cc676240b3278de813f19477e0b0eb8,1f2680a5b9065e708a7497adc53a95b108029b98,3.13.14,2.5.1,"{""pydantic"": ""2.13.4"", ""yaml"": ""6.0.3"", ""networkx"": ""3.6.1"", ""numpy"": ""2.5.1"", ""scipy"": ""1.18.0"", ""matplotlib"": ""3.11.0"", ""pandas"": ""3.0.3"", ""qutip"": ""5.3.0"", ""stim"": ""1.16.0"", ""gmpy2"": ""2.3.1"", ""nbformat"": ""5.10.4"", ""nbclient"": ""0.11.0""}",Windows,11,Gercom,2026-07-19T23:43:09.651157+00:00
P12_boundary_variability,P12_boundary_variability:three_node:b1c37783d01dd867:L2:221:m10-intent:0,three_node,b1c37783d01dd867,221,m10-intent,L2,iterative_analytical,0,10,10,0.79625,0.05,1e-05,,True,a -> r -> b,2,True,,,,0.834179745759839,4,0.00038,VIOLATED,False,6,0.834179745759839,0.834179745759839,0.0,1.309865,False,,478,164,127,101,0,0,0.06015638751,2adcb824df79d79cf1fa7aba83e2fc6c14092312371b932bef3747456b9a0215,False,,,,False,,3eada4d39cc676240b3278de813f19477e0b0eb8,1f2680a5b9065e708a7497adc53a95b108029b98,3.13.14,2.5.1,"{""pydantic"": ""2.13.4"", ""yaml"": ""6.0.3"", ""networkx"": ""3.6.1"", ""numpy"": ""2.5.1"", ""scipy"": ""1.18.0"", ""matplotlib"": ""3.11.0"", ""pandas"": ""3.0.3"", ""qutip"": ""5.3.0"", ""stim"": ""1.16.0"", ""gmpy2"": ""2.3.1"", ""nbformat"": ""5.10.4"", ""nbclient"": ""0.11.0""}",Windows,11,Gercom,2026-07-19T23:43:13.940341+00:00
P12_boundary_variability,P12_boundary_variability:three_node:b1c37783d01dd867:L2:222:m10-intent:0,three_node,b1c37783d01dd867,222,m10-intent,L2,iterative_analytical,0,10,10,0.79625,0.05,1e-05,,True,a -> r -> b,2,True,,,,0.834179745759839,4,0.000399,VIOLATED,False,5,0.8341797457598389,0.8341797457598389,-1.1102230246251565e-16,1.230087,False,,485,154,117,90,0,0,0.06019877501,fa634b0f81b869f398fac5f956bee1f480989d93e7e190f57edca11dfc26be25,False,,,,False,,3eada4d39cc676240b3278de813f19477e0b0eb8,1f2680a5b9065e708a7497adc53a95b108029b98,3.13.14,2.5.1,"{""pydantic"": ""2.13.4"", ""yaml"": ""6.0.3"", ""networkx"": ""3.6.1"", ""numpy"": ""2.5.1"", ""scipy"": ""1.18.0"", ""matplotlib"": ""3.11.0"", ""pandas"": ""3.0.3"", ""qutip"": ""5.3.0"", ""stim"": ""1.16.0"", ""gmpy2"": ""2.3.1"", ""nbformat"": ""5.10.4"", ""nbclient"": ""0.11.0""}",Windows,11,Gercom,2026-07-19T23:43:18.199075+00:00
P12_boundary_variability,P12_boundary_variability:three_node:b1c37783d01dd867:L2:223:m10-intent:0,three_node,b1c37783d01dd867,223,m10-intent,L2,iterative_analytical,0,10,10,0.79625,0.05,1e-05,,True,a -> r -> b,2,True,,,,0.834179745759839,4,0.000381,VIOLATED,False,7,0.8341797457598391,0.8341797457598391,1.1102230246251565e-16,1.375663,False,,497,167,134,111,0,0,0.06019882501,4619a14ad62e1be8b79b2dc93e62c32864ff1059c70239bfd71b8f2c3fe83828,False,,,,False,,3eada4d39cc676240b3278de813f19477e0b0eb8,1f2680a5b9065e708a7497adc53a95b108029b98,3.13.14,2.5.1,"{""pydantic"": ""2.13.4"", ""yaml"": ""6.0.3"", ""networkx"": ""3.6.1"", ""numpy"": ""2.5.1"", ""scipy"": ""1.18.0"", ""matplotlib"": ""3.11.0"", ""pandas"": ""3.0.3"", ""qutip"": ""5.3.0"", ""stim"": ""1.16.0"", ""gmpy2"": ""2.3.1"", ""nbformat"": ""5.10.4"", ""nbclient"": ""0.11.0""}",Windows,11,Gercom,2026-07-19T23:43:22.632173+00:00
P12_boundary_variability,P12_boundary_variability:three_node:b1c37783d01dd867:L2:224:m10-intent:0,three_node,b1c37783d01dd867,224,m10-intent,L2,iterative_analytical,0,10,10,0.79625,0.05,1e-05,,True,a -> r -> b,2,True,,,,0.834179745759839,4,0.00039,VIOLATED,False,7,0.8341797457598391,0.8341797457598391,1.1102230246251565e-16,1.310461,False,,446,175,135,107,0,0,0.06016370001,b162be5b9f3bb46d343eac90ea1a3814e6d0ae863f0d711863e77729e6569b10,False,,,,False,,3eada4d39cc676240b3278de813f19477e0b0eb8,1f2680a5b9065e708a7497adc53a95b108029b98,3.13.14,2.5.1,"{""pydantic"": ""2.13.4"", ""yaml"": ""6.0.3"", ""networkx"": ""3.6.1"", ""numpy"": ""2.5.1"", ""scipy"": ""1.18.0"", ""matplotlib"": ""3.11.0"", ""pandas"": ""3.0.3"", ""qutip"": ""5.3.0"", ""stim"": ""1.16.0"", ""gmpy2"": ""2.3.1"", ""nbformat"": ""5.10.4"", ""nbclient"": ""0.11.0""}",Windows,11,Gercom,2026-07-19T23:43:27.064254+00:00
P12_boundary_variability,P12_boundary_variability:three_node:b1c37783d01dd867:L2:225:m10-intent:0,three_node,b1c37783d01dd867,225,m10-intent,L2,iterative_analytical,0,10,10,0.79625,0.05,1e-05,,True,a -> r -> b,2,True,,,,0.834179745759839,4,0.00041,VIOLATED,False,7,0.8341797457598391,0.8341797457598391,1.1102230246251565e-16,1.362464,False,,458,170,137,117,0,0,0.06018871251,696288c3b14cfab96ba18b87c630098af4bb6a0d4c67f26c44af5e1e96046f5e,False,,,,False,,3eada4d39cc676240b3278de813f19477e0b0eb8,1f2680a5b9065e708a7497adc53a95b108029b98,3.13.14,2.5.1,"{""pydantic"": ""2.13.4"", ""yaml"": ""6.0.3"", ""networkx"": ""3.6.1"", ""numpy"": ""2.5.1"", ""scipy"": ""1.18.0"", ""matplotlib"": ""3.11.0"", ""pandas"": ""3.0.3"", ""qutip"": ""5.3.0"", ""stim"": ""1.16.0"", ""gmpy2"": ""2.3.1"", ""nbformat"": ""5.10.4"", ""nbclient"": ""0.11.0""}",Windows,11,Gercom,2026-07-19T23:43:31.398678+00:00
P12_boundary_variability,P12_boundary_variability:three_node:b1c37783d01dd867:L2:226:m10-intent:0,three_node,b1c37783d01dd867,226,m10-intent,L2,iterative_analytical,0,10,10,0.79625,0.05,1e-05,,True,a -> r -> b,2,True,,,,0.834179745759839,4,0.000382,VIOLATED,False,6,0.834179745759839,0.834179745759839,0.0,1.415004,False,,503,175,136,109,0,0,0.06017368751,9491786fc235bdb3ed7278e9f5d20c956bd6c9f68b3e15d512e1ec954dc6e028,False,,,,False,,3eada4d39cc676240b3278de813f19477e0b0eb8,1f2680a5b9065e708a7497adc53a95b108029b98,3.13.14,2.5.1,"{""pydantic"": ""2.13.4"", ""yaml"": ""6.0.3"", ""networkx"": ""3.6.1"", ""numpy"": ""2.5.1"", ""scipy"": ""1.18.0"", ""matplotlib"": ""3.11.0"", ""pandas"": ""3.0.3"", ""qutip"": ""5.3.0"", ""stim"": ""1.16.0"", ""gmpy2"": ""2.3.1"", ""nbformat"": ""5.10.4"", ""nbclient"": ""0.11.0""}",Windows,11,Gercom,2026-07-19T23:43:35.991030+00:00
P12_boundary_variability,P12_boundary_variability:three_node:b1c37783d01dd867:L2:227:m10-intent:0,three_node,b1c37783d01dd867,227,m10-intent,L2,iterative_analytical,0,10,10,0.79625,0.05,1e-05,,True,a -> r -> b,2,True,,,,0.834179745759839,4,0.000396,VIOLATED,False,6,0.834179745759839,0.834179745759839,0.0,1.35927,False,,479,157,125,104,0,0,0.06018877501,b75859b153efbbda96cf78bbd5d0cfed549bccfe114da412ed31a753bd1afbf6,False,,,,False,,3eada4d39cc676240b3278de813f19477e0b0eb8,1f2680a5b9065e708a7497adc53a95b108029b98,3.13.14,2.5.1,"{""pydantic"": ""2.13.4"", ""yaml"": ""6.0.3"", ""networkx"": ""3.6.1"", ""numpy"": ""2.5.1"", ""scipy"": ""1.18.0"", ""matplotlib"": ""3.11.0"", ""pandas"": ""3.0.3"", ""qutip"": ""5.3.0"", ""stim"": ""1.16.0"", ""gmpy2"": ""2.3.1"", ""nbformat"": ""5.10.4"", ""nbclient"": ""0.11.0""}",Windows,11,Gercom,2026-07-19T23:43:40.310450+00:00
P12_boundary_variability,P12_boundary_variability:three_node:b1c37783d01dd867:L2:228:m10-intent:0,three_node,b1c37783d01dd867,228,m10-intent,L2,iterative_analytical,0,10,10,0.79625,0.05,1e-05,,True,a -> r -> b,2,True,,,,0.834179745759839,4,0.000383,VIOLATED,False,6,0.834179745759839,0.834179745759839,0.0,1.29123,False,,495,173,136,111,0,0,0.06017367501,4835d98539cb0a8e2d9112f5315d49d1626539e6015bdf25b8b3199a1a30b5c7,False,,,,False,,3eada4d39cc676240b3278de813f19477e0b0eb8,1f2680a5b9065e708a7497adc53a95b108029b98,3.13.14,2.5.1,"{""pydantic"": ""2.13.4"", ""yaml"": ""6.0.3"", ""networkx"": ""3.6.1"", ""numpy"": ""2.5.1"", ""scipy"": ""1.18.0"", ""matplotlib"": ""3.11.0"", ""pandas"": ""3.0.3"", ""qutip"": ""5.3.0"", ""stim"": ""1.16.0"", ""gmpy2"": ""2.3.1"", ""nbformat"": ""5.10.4"", ""nbclient"": ""0.11.0""}",Windows,11,Gercom,2026-07-19T23:43:44.666495+00:00
P12_boundary_variability,P12_boundary_variability:three_node:b1c37783d01dd867:L2:229:m10-intent:0,three_node,b1c37783d01dd867,229,m10-intent,L2,iterative_analytical,0,10,10,0.79625,0.05,1e-05,,True,a -> r -> b,2,True,,,,0.834179745759839,4,0.000379,VIOLATED,False,6,0.834179745759839,0.834179745759839,0.0,1.352205,False,,448,178,133,100,0,0,0.06016361251,13124f6a006c20f86853d096b333d487e81df60755756288e91229bb8b5ec307,False,,,,False,,3eada4d39cc676240b3278de813f19477e0b0eb8,1f2680a5b9065e708a7497adc53a95b108029b98,3.13.14,2.5.1,"{""pydantic"": ""2.13.4"", ""yaml"": ""6.0.3"", ""networkx"": ""3.6.1"", ""numpy"": ""2.5.1"", ""scipy"": ""1.18.0"", ""matplotlib"": ""3.11.0"", ""pandas"": ""3.0.3"", ""qutip"": ""5.3.0"", ""stim"": ""1.16.0"", ""gmpy2"": ""2.3.1"", ""nbformat"": ""5.10.4"", ""nbclient"": ""0.11.0""}",Windows,11,Gercom,2026-07-19T23:43:49.059789+00:00
P12_boundary_variability,P12_boundary_variability:three_node:b1c37783d01dd867:L2:230:m10-intent:0,three_node,b1c37783d01dd867,230,m10-intent,L2,iterative_analytical,0,10,10,0.79625,0.05,1e-05,,True,a -> r -> b,2,True,,,,0.834179745759839,4,0.000395,VIOLATED,False,6,0.834179745759839,0.834179745759839,0.0,1.337915,False,,505,168,130,103,0,0,0.06019885001,bcbc465cedae58b237584c553e3614ce3c0c9a7a5d5d17f4ffc79a6104ff688d,False,,,,False,,3eada4d39cc676240b3278de813f19477e0b0eb8,1f2680a5b9065e708a7497adc53a95b108029b98,3.13.14,2.5.1,"{""pydantic"": ""2.13.4"", ""yaml"": ""6.0.3"", ""networkx"": ""3.6.1"", ""numpy"": ""2.5.1"", ""scipy"": ""1.18.0"", ""matplotlib"": ""3.11.0"", ""pandas"": ""3.0.3"", ""qutip"": ""5.3.0"", ""stim"": ""1.16.0"", ""gmpy2"": ""2.3.1"", ""nbformat"": ""5.10.4"", ""nbclient"": ""0.11.0""}",Windows,11,Gercom,2026-07-19T23:43:53.424608+00:00
P12_boundary_variability,P12_boundary_variability:three_node:b1c37783d01dd867:L2:231:m10-intent:0,three_node,b1c37783d01dd867,231,m10-intent,L2,iterative_analytical,0,10,10,0.79625,0.05,1e-05,,True,a -> r -> b,2,True,,,,0.834179745759839,4,0.000421,VIOLATED,False,6,0.834179745759839,0.834179745759839,0.0,1.442925,False,,511,177,134,103,0,0,0.06016870001,2f26c98ac7159824949632c0e3b6e451a01c87e7b64160f2b6b20e183dce2037,False,,,,False,,3eada4d39cc676240b3278de813f19477e0b0eb8,1f2680a5b9065e708a7497adc53a95b108029b98,3.13.14,2.5.1,"{""pydantic"": ""2.13.4"", ""yaml"": ""6.0.3"", ""networkx"": ""3.6.1"", ""numpy"": ""2.5.1"", ""scipy"": ""1.18.0"", ""matplotlib"": ""3.11.0"", ""pandas"": ""3.0.3"", ""qutip"": ""5.3.0"", ""stim"": ""1.16.0"", ""gmpy2"": ""2.3.1"", ""nbformat"": ""5.10.4"", ""nbclient"": ""0.11.0""}",Windows,11,Gercom,2026-07-19T23:43:57.893972+00:00
P12_boundary_variability,P12_boundary_variability:three_node:b1c37783d01dd867:L2:232:m10-intent:0,three_node,b1c37783d01dd867,232,m10-intent,L2,iterative_analytical,0,10,10,0.79625,0.05,1e-05,,True,a -> r -> b,2,True,,,,0.834179745759839,4,0.000411,VIOLATED,False,6,0.834179745759839,0.834179745759839,0.0,1.361368,False,,449,177,135,105,0,0,0.06016362501,6cb318ac20d6621ee2343e5816e31f0593c2ebb95bcc018bad4a934f7aaedc8e,False,,,,False,,3eada4d39cc676240b3278de813f19477e0b0eb8,1f2680a5b9065e708a7497adc53a95b108029b98,3.13.14,2.5.1,"{""pydantic"": ""2.13.4"", ""yaml"": ""6.0.3"", ""networkx"": ""3.6.1"", ""numpy"": ""2.5.1"", ""scipy"": ""1.18.0"", ""matplotlib"": ""3.11.0"", ""pandas"": ""3.0.3"", ""qutip"": ""5.3.0"", ""stim"": ""1.16.0"", ""gmpy2"": ""2.3.1"", ""nbformat"": ""5.10.4"", ""nbclient"": ""0.11.0""}",Windows,11,Gercom,2026-07-19T23:44:02.301407+00:00
P12_boundary_variability,P12_boundary_variability:three_node:b1c37783d01dd867:L2:233:m10-intent:0,three_node,b1c37783d01dd867,233,m10-intent,L2,iterative_analytical,0,10,10,0.79625,0.05,1e-05,,True,a -> r -> b,2,True,,,,0.834179745759839,4,0.000393,VIOLATED,False,6,0.834179745759839,0.834179745759839,0.0,1.302103,False,,455,168,129,100,0,0,0.06017371251,60285b76ab5b01f6eced78207c30edaf0203544ba793f9f8955848a334f5dc7a,False,,,,False,,3eada4d39cc676240b3278de813f19477e0b0eb8,1f2680a5b9065e708a7497adc53a95b108029b98,3.13.14,2.5.1,"{""pydantic"": ""2.13.4"", ""yaml"": ""6.0.3"", ""networkx"": ""3.6.1"", ""numpy"": ""2.5.1"", ""scipy"": ""1.18.0"", ""matplotlib"": ""3.11.0"", ""pandas"": ""3.0.3"", ""qutip"": ""5.3.0"", ""stim"": ""1.16.0"", ""gmpy2"": ""2.3.1"", ""nbformat"": ""5.10.4"", ""nbclient"": ""0.11.0""}",Windows,11,Gercom,2026-07-19T23:44:06.645509+00:00
P12_boundary_variability,P12_boundary_variability:three_node:b1c37783d01dd867:L2:234:m10-intent:0,three_node,b1c37783d01dd867,234,m10-intent,L2,iterative_analytical,0,10,10,0.79625,0.05,1e-05,,True,a -> r -> b,2,True,,,,0.834179745759839,4,0.000391,VIOLATED,False,6,0.834179745759839,0.834179745759839,0.0,1.296029,False,,515,166,133,109,0,0,0.06011393751,b9f98f631d60273b90452b00a2cb9ab1e12a385c8ae6939011886f564a753cd4,False,,,,False,,3eada4d39cc676240b3278de813f19477e0b0eb8,1f2680a5b9065e708a7497adc53a95b108029b98,3.13.14,2.5.1,"{""pydantic"": ""2.13.4"", ""yaml"": ""6.0.3"", ""networkx"": ""3.6.1"", ""numpy"": ""2.5.1"", ""scipy"": ""1.18.0"", ""matplotlib"": ""3.11.0"", ""pandas"": ""3.0.3"", ""qutip"": ""5.3.0"", ""stim"": ""1.16.0"", ""gmpy2"": ""2.3.1"", ""nbformat"": ""5.10.4"", ""nbclient"": ""0.11.0""}",Windows,11,Gercom,2026-07-19T23:44:10.963106+00:00
P12_boundary_variability,P12_boundary_variability:three_node:b1c37783d01dd867:L2:235:m10-intent:0,three_node,b1c37783d01dd867,235,m10-intent,L2,iterative_analytical,0,10,10,0.79625,0.05,1e-05,,True,a -> r -> b,2,True,,,,0.834179745759839,4,0.000389,VIOLATED,False,6,0.834179745759839,0.834179745759839,0.0,1.333805,False,,511,171,131,101,0,0,0.06019881251,e2f1c55e0ea8f87bac81d200a0ef6af093ada537a8da0a4970156ab44ba17190,False,,,,False,,3eada4d39cc676240b3278de813f19477e0b0eb8,1f2680a5b9065e708a7497adc53a95b108029b98,3.13.14,2.5.1,"{""pydantic"": ""2.13.4"", ""yaml"": ""6.0.3"", ""networkx"": ""3.6.1"", ""numpy"": ""2.5.1"", ""scipy"": ""1.18.0"", ""matplotlib"": ""3.11.0"", ""pandas"": ""3.0.3"", ""qutip"": ""5.3.0"", ""stim"": ""1.16.0"", ""gmpy2"": ""2.3.1"", ""nbformat"": ""5.10.4"", ""nbclient"": ""0.11.0""}",Windows,11,Gercom,2026-07-19T23:44:15.456023+00:00
P12_boundary_variability,P12_boundary_variability:three_node:b1c37783d01dd867:L2:236:m10-intent:0,three_node,b1c37783d01dd867,236,m10-intent,L2,iterative_analytical,0,10,10,0.79625,0.05,1e-05,,True,a -> r -> b,2,True,,,,0.834179745759839,4,0.00041,VIOLATED,False,5,0.8341797457598389,0.8341797457598389,-1.1102230246251565e-16,1.290957,False,,482,166,122,90,0,0,0.06017872501,d4ee28f37c7e6f545d03cb7b3288671a47c9f4ea8946a14ccc18b4b3272599f8,False,,,,False,,3eada4d39cc676240b3278de813f19477e0b0eb8,1f2680a5b9065e708a7497adc53a95b108029b98,3.13.14,2.5.1,"{""pydantic"": ""2.13.4"", ""yaml"": ""6.0.3"", ""networkx"": ""3.6.1"", ""numpy"": ""2.5.1"", ""scipy"": ""1.18.0"", ""matplotlib"": ""3.11.0"", ""pandas"": ""3.0.3"", ""qutip"": ""5.3.0"", ""stim"": ""1.16.0"", ""gmpy2"": ""2.3.1"", ""nbformat"": ""5.10.4"", ""nbclient"": ""0.11.0""}",Windows,11,Gercom,2026-07-19T23:44:19.816880+00:00
P12_boundary_variability,P12_boundary_variability:three_node:b1c37783d01dd867:L2:237:m10-intent:0,three_node,b1c37783d01dd867,237,m10-intent,L2,iterative_analytical,0,10,10,0.79625,0.05,1e-05,,True,a -> r -> b,2,True,,,,0.834179745759839,4,0.0004,VIOLATED,False,6,0.834179745759839,0.834179745759839,0.0,1.365166,False,,509,179,138,108,0,0,0.06017872501,66898bead6c86ac98f614412ad74724b58210dece3089dd703523d5c48a3c01f,False,,,,False,,3eada4d39cc676240b3278de813f19477e0b0eb8,1f2680a5b9065e708a7497adc53a95b108029b98,3.13.14,2.5.1,"{""pydantic"": ""2.13.4"", ""yaml"": ""6.0.3"", ""networkx"": ""3.6.1"", ""numpy"": ""2.5.1"", ""scipy"": ""1.18.0"", ""matplotlib"": ""3.11.0"", ""pandas"": ""3.0.3"", ""qutip"": ""5.3.0"", ""stim"": ""1.16.0"", ""gmpy2"": ""2.3.1"", ""nbformat"": ""5.10.4"", ""nbclient"": ""0.11.0""}",Windows,11,Gercom,2026-07-19T23:44:24.336882+00:00
P12_boundary_variability,P12_boundary_variability:three_node:b1c37783d01dd867:L2:238:m10-intent:0,three_node,b1c37783d01dd867,238,m10-intent,L2,iterative_analytical,0,10,10,0.79625,0.05,1e-05,,True,a -> r -> b,2,True,,,,0.834179745759839,4,0.000547,VIOLATED,False,6,0.834179745759839,0.834179745759839,0.0,1.445015,False,,507,174,136,110,0,0,0.06019891251,8a424ca445f735473775b6fd382e63ace623225fab795fb7d5e475ad2373a6c7,False,,,,False,,3eada4d39cc676240b3278de813f19477e0b0eb8,1f2680a5b9065e708a7497adc53a95b108029b98,3.13.14,2.5.1,"{""pydantic"": ""2.13.4"", ""yaml"": ""6.0.3"", ""networkx"": ""3.6.1"", ""numpy"": ""2.5.1"", ""scipy"": ""1.18.0"", ""matplotlib"": ""3.11.0"", ""pandas"": ""3.0.3"", ""qutip"": ""5.3.0"", ""stim"": ""1.16.0"", ""gmpy2"": ""2.3.1"", ""nbformat"": ""5.10.4"", ""nbclient"": ""0.11.0""}",Windows,11,Gercom,2026-07-19T23:44:28.833783+00:00
P12_boundary_variability,P12_boundary_variability:three_node:b1c37783d01dd867:L2:239:m10-intent:0,three_node,b1c37783d01dd867,239,m10-intent,L2,iterative_analytical,0,10,10,0.79625,0.05,1e-05,,True,a -> r -> b,2,True,,,,0.834179745759839,4,0.000386,VIOLATED,False,7,0.8341797457598391,0.8341797457598391,1.1102230246251565e-16,1.504812,False,,457,183,141,113,0,0,0.06015361251,d504007566bbf9a82ae7a10df1b3baac01dc02ab3bf946656f1eae4b977a8060,False,,,,False,,3eada4d39cc676240b3278de813f19477e0b0eb8,1f2680a5b9065e708a7497adc53a95b108029b98,3.13.14,2.5.1,"{""pydantic"": ""2.13.4"", ""yaml"": ""6.0.3"", ""networkx"": ""3.6.1"", ""numpy"": ""2.5.1"", ""scipy"": ""1.18.0"", ""matplotlib"": ""3.11.0"", ""pandas"": ""3.0.3"", ""qutip"": ""5.3.0"", ""stim"": ""1.16.0"", ""gmpy2"": ""2.3.1"", ""nbformat"": ""5.10.4"", ""nbclient"": ""0.11.0""}",Windows,11,Gercom,2026-07-19T23:44:33.382072+00:00
P12_boundary_variability,P12_boundary_variability:three_node:b1c37783d01dd867:L2:240:m10-intent:0,three_node,b1c37783d01dd867,240,m10-intent,L2,iterative_analytical,0,10,10,0.79625,0.05,1e-05,,True,a -> r -> b,2,True,,,,0.834179745759839,4,0.000391,VIOLATED,False,6,0.834179745759839,0.834179745759839,0.0,1.287871,False,,448,166,127,99,0,0,0.06018875001,3186ba5e6dc3611e452e90cb91978bd087fe3cdb4895ee400abf2b72c5362331,False,,,,False,,3eada4d39cc676240b3278de813f19477e0b0eb8,1f2680a5b9065e708a7497adc53a95b108029b98,3.13.14,2.5.1,"{""pydantic"": ""2.13.4"", ""yaml"": ""6.0.3"", ""networkx"": ""3.6.1"", ""numpy"": ""2.5.1"", ""scipy"": ""1.18.0"", ""matplotlib"": ""3.11.0"", ""pandas"": ""3.0.3"", ""qutip"": ""5.3.0"", ""stim"": ""1.16.0"", ""gmpy2"": ""2.3.1"", ""nbformat"": ""5.10.4"", ""nbclient"": ""0.11.0""}",Windows,11,Gercom,2026-07-19T23:44:37.837134+00:00
P12_boundary_variability,P12_boundary_variability:three_node:b1c37783d01dd867:L2:241:m10-intent:0,three_node,b1c37783d01dd867,241,m10-intent,L2,iterative_analytical,0,10,10,0.79625,0.05,1e-05,,True,a -> r -> b,2,True,,,,0.834179745759839,4,0.000412,VIOLATED,False,7,0.8341797457598391,0.8341797457598391,1.1102230246251565e-16,1.356711,False,,487,170,137,113,0,0,0.06019383751,6023765cb997e2ddec60254ba86d2dee7a81736d139dbb674aa2217be2f0dc88,False,,,,False,,3eada4d39cc676240b3278de813f19477e0b0eb8,1f2680a5b9065e708a7497adc53a95b108029b98,3.13.14,2.5.1,"{""pydantic"": ""2.13.4"", ""yaml"": ""6.0.3"", ""networkx"": ""3.6.1"", ""numpy"": ""2.5.1"", ""scipy"": ""1.18.0"", ""matplotlib"": ""3.11.0"", ""pandas"": ""3.0.3"", ""qutip"": ""5.3.0"", ""stim"": ""1.16.0"", ""gmpy2"": ""2.3.1"", ""nbformat"": ""5.10.4"", ""nbclient"": ""0.11.0""}",Windows,11,Gercom,2026-07-19T23:44:42.219721+00:00
P12_boundary_variability,P12_boundary_variability:three_node:b1c37783d01dd867:L2:242:m10-intent:0,three_node,b1c37783d01dd867,242,m10-intent,L2,iterative_analytical,0,10,10,0.79625,0.05,1e-05,,True,a -> r -> b,2,True,,,,0.834179745759839,4,0.00038,VIOLATED,False,7,0.8341797457598391,0.8341797457598391,1.1102230246251565e-16,1.339119,False,,523,174,138,114,0,0,0.06019885001,f96733c63b720bc7330089867fcfbfe29d8914ae88a4ffb6e9775dd7790bb370,False,,,,False,,3eada4d39cc676240b3278de813f19477e0b0eb8,1f2680a5b9065e708a7497adc53a95b108029b98,3.13.14,2.5.1,"{""pydantic"": ""2.13.4"", ""yaml"": ""6.0.3"", ""networkx"": ""3.6.1"", ""numpy"": ""2.5.1"", ""scipy"": ""1.18.0"", ""matplotlib"": ""3.11.0"", ""pandas"": ""3.0.3"", ""qutip"": ""5.3.0"", ""stim"": ""1.16.0"", ""gmpy2"": ""2.3.1"", ""nbformat"": ""5.10.4"", ""nbclient"": ""0.11.0""}",Windows,11,Gercom,2026-07-19T23:44:46.688736+00:00
P12_boundary_variability,P12_boundary_variability:three_node:b1c37783d01dd867:L2:243:m10-intent:0,three_node,b1c37783d01dd867,243,m10-intent,L2,iterative_analytical,0,10,10,0.79625,0.05,1e-05,,True,a -> r -> b,2,True,,,,0.834179745759839,4,0.000376,VIOLATED,False,7,0.8341797457598391,0.8341797457598391,1.1102230246251565e-16,1.317252,False,,506,179,139,110,0,0,0.06016140001,f390bee0e196c89e0210825ab9a9412b8c29944c0e9b1b48456363942b4ed406,False,,,,False,,3eada4d39cc676240b3278de813f19477e0b0eb8,1f2680a5b9065e708a7497adc53a95b108029b98,3.13.14,2.5.1,"{""pydantic"": ""2.13.4"", ""yaml"": ""6.0.3"", ""networkx"": ""3.6.1"", ""numpy"": ""2.5.1"", ""scipy"": ""1.18.0"", ""matplotlib"": ""3.11.0"", ""pandas"": ""3.0.3"", ""qutip"": ""5.3.0"", ""stim"": ""1.16.0"", ""gmpy2"": ""2.3.1"", ""nbformat"": ""5.10.4"", ""nbclient"": ""0.11.0""}",Windows,11,Gercom,2026-07-19T23:44:51.002946+00:00
P12_boundary_variability,P12_boundary_variability:three_node:b1c37783d01dd867:L2:244:m10-intent:0,three_node,b1c37783d01dd867,244,m10-intent,L2,iterative_analytical,0,10,10,0.79625,0.05,1e-05,,True,a -> r -> b,2,True,,,,0.834179745759839,4,0.000427,VIOLATED,False,7,0.8341797457598391,0.8341797457598391,1.1102230246251565e-16,1.379583,False,,463,176,139,114,0,0,0.06019886251,ba6f265788f61f41639a43f37cf0c1f8f91f73a446353bc7c2c5d6db30e876ea,False,,,,False,,3eada4d39cc676240b3278de813f19477e0b0eb8,1f2680a5b9065e708a7497adc53a95b108029b98,3.13.14,2.5.1,"{""pydantic"": ""2.13.4"", ""yaml"": ""6.0.3"", ""networkx"": ""3.6.1"", ""numpy"": ""2.5.1"", ""scipy"": ""1.18.0"", ""matplotlib"": ""3.11.0"", ""pandas"": ""3.0.3"", ""qutip"": ""5.3.0"", ""stim"": ""1.16.0"", ""gmpy2"": ""2.3.1"", ""nbformat"": ""5.10.4"", ""nbclient"": ""0.11.0""}",Windows,11,Gercom,2026-07-19T23:44:55.488950+00:00
P12_boundary_variability,P12_boundary_variability:three_node:b1c37783d01dd867:L2:245:m10-intent:0,three_node,b1c37783d01dd867,245,m10-intent,L2,iterative_analytical,0,10,10,0.79625,0.05,1e-05,,True,a -> r -> b,2,True,,,,0.834179745759839,4,0.000376,VIOLATED,False,7,0.8341797457598391,0.8341797457598391,1.1102230246251565e-16,1.386561,False,,465,174,138,112,0,0,0.06019886251,d900913254e62e9c3be17337fb0590ed0c6752f9ef3d1dfc2071e261c735cadb,False,,,,False,,3eada4d39cc676240b3278de813f19477e0b0eb8,1f2680a5b9065e708a7497adc53a95b108029b98,3.13.14,2.5.1,"{""pydantic"": ""2.13.4"", ""yaml"": ""6.0.3"", ""networkx"": ""3.6.1"", ""numpy"": ""2.5.1"", ""scipy"": ""1.18.0"", ""matplotlib"": ""3.11.0"", ""pandas"": ""3.0.3"", ""qutip"": ""5.3.0"", ""stim"": ""1.16.0"", ""gmpy2"": ""2.3.1"", ""nbformat"": ""5.10.4"", ""nbclient"": ""0.11.0""}",Windows,11,Gercom,2026-07-19T23:44:59.852853+00:00
P12_boundary_variability,P12_boundary_variability:three_node:b1c37783d01dd867:L2:246:m10-intent:0,three_node,b1c37783d01dd867,246,m10-intent,L2,iterative_analytical,0,10,10,0.79625,0.05,1e-05,,True,a -> r -> b,2,True,,,,0.834179745759839,4,0.000394,VIOLATED,False,6,0.834179745759839,0.834179745759839,0.0,1.282675,False,,520,166,126,98,0,0,0.06019886251,8055ae53242974eabab23ec410e44b2375c4a936303ee0c3e9cdf9c5841486f2,False,,,,False,,3eada4d39cc676240b3278de813f19477e0b0eb8,1f2680a5b9065e708a7497adc53a95b108029b98,3.13.14,2.5.1,"{""pydantic"": ""2.13.4"", ""yaml"": ""6.0.3"", ""networkx"": ""3.6.1"", ""numpy"": ""2.5.1"", ""scipy"": ""1.18.0"", ""matplotlib"": ""3.11.0"", ""pandas"": ""3.0.3"", ""qutip"": ""5.3.0"", ""stim"": ""1.16.0"", ""gmpy2"": ""2.3.1"", ""nbformat"": ""5.10.4"", ""nbclient"": ""0.11.0""}",Windows,11,Gercom,2026-07-19T23:45:04.180781+00:00
P12_boundary_variability,P12_boundary_variability:three_node:b1c37783d01dd867:L2:247:m10-intent:0,three_node,b1c37783d01dd867,247,m10-intent,L2,iterative_analytical,0,10,10,0.79625,0.05,1e-05,,True,a -> r -> b,2,True,,,,0.834179745759839,4,0.000387,VIOLATED,False,7,0.8341797457598391,0.8341797457598391,1.1102230246251565e-16,1.304728,False,,493,166,133,112,0,0,0.06017867501,f9fad420682e749d10a40f68958335a41239c17fb95b4eda5d5aee71aaca16e6,False,,,,False,,3eada4d39cc676240b3278de813f19477e0b0eb8,1f2680a5b9065e708a7497adc53a95b108029b98,3.13.14,2.5.1,"{""pydantic"": ""2.13.4"", ""yaml"": ""6.0.3"", ""networkx"": ""3.6.1"", ""numpy"": ""2.5.1"", ""scipy"": ""1.18.0"", ""matplotlib"": ""3.11.0"", ""pandas"": ""3.0.3"", ""qutip"": ""5.3.0"", ""stim"": ""1.16.0"", ""gmpy2"": ""2.3.1"", ""nbformat"": ""5.10.4"", ""nbclient"": ""0.11.0""}",Windows,11,Gercom,2026-07-19T23:45:08.470943+00:00
P12_boundary_variability,P12_boundary_variability:three_node:b1c37783d01dd867:L2:248:m10-intent:0,three_node,b1c37783d01dd867,248,m10-intent,L2,iterative_analytical,0,10,10,0.79625,0.05,1e-05,,True,a -> r -> b,2,True,,,,0.834179745759839,4,0.000393,VIOLATED,False,7,0.8341797457598391,0.8341797457598391,1.1102230246251565e-16,1.314238,False,,446,169,133,110,0,0,0.06017875001,d15bb2603155508efa2b74be9bd09bafd64f475ba8769640753d45483f582b2a,False,,,,False,,3eada4d39cc676240b3278de813f19477e0b0eb8,1f2680a5b9065e708a7497adc53a95b108029b98,3.13.14,2.5.1,"{""pydantic"": ""2.13.4"", ""yaml"": ""6.0.3"", ""networkx"": ""3.6.1"", ""numpy"": ""2.5.1"", ""scipy"": ""1.18.0"", ""matplotlib"": ""3.11.0"", ""pandas"": ""3.0.3"", ""qutip"": ""5.3.0"", ""stim"": ""1.16.0"", ""gmpy2"": ""2.3.1"", ""nbformat"": ""5.10.4"", ""nbclient"": ""0.11.0""}",Windows,11,Gercom,2026-07-19T23:45:12.827809+00:00
P12_boundary_variability,P12_boundary_variability:three_node:b1c37783d01dd867:L2:249:m10-intent:0,three_node,b1c37783d01dd867,249,m10-intent,L2,iterative_analytical,0,10,10,0.79625,0.05,1e-05,,True,a -> r -> b,2,True,,,,0.834179745759839,4,0.000419,VIOLATED,False,6,0.834179745759839,0.834179745759839,0.0,1.392658,False,,467,165,131,108,0,0,0.06018873751,07ac83a1582b76693c17049871133c7832ef8b8718d5b9f02cb984b7a83c5c23,False,,,,False,,3eada4d39cc676240b3278de813f19477e0b0eb8,1f2680a5b9065e708a7497adc53a95b108029b98,3.13.14,2.5.1,"{""pydantic"": ""2.13.4"", ""yaml"": ""6.0.3"", ""networkx"": ""3.6.1"", ""numpy"": ""2.5.1"", ""scipy"": ""1.18.0"", ""matplotlib"": ""3.11.0"", ""pandas"": ""3.0.3"", ""qutip"": ""5.3.0"", ""stim"": ""1.16.0"", ""gmpy2"": ""2.3.1"", ""nbformat"": ""5.10.4"", ""nbclient"": ""0.11.0""}",Windows,11,Gercom,2026-07-19T23:45:17.290146+00:00
P12_boundary_variability,P12_boundary_variability:three_node:b1c37783d01dd867:L2:250:m10-intent:0,three_node,b1c37783d01dd867,250,m10-intent,L2,iterative_analytical,0,10,10,0.79625,0.05,1e-05,,True,a -> r -> b,2,True,,,,0.834179745759839,4,0.000394,VIOLATED,False,6,0.834179745759839,0.834179745759839,0.0,1.34271,False,,511,175,135,107,0,0,0.06019378751,f98f656224ede34f871a378c7331041c2cc69758af0e2c66d508ba2a09b2acbe,False,,,,False,,3eada4d39cc676240b3278de813f19477e0b0eb8,1f2680a5b9065e708a7497adc53a95b108029b98,3.13.14,2.5.1,"{""pydantic"": ""2.13.4"", ""yaml"": ""6.0.3"", ""networkx"": ""3.6.1"", ""numpy"": ""2.5.1"", ""scipy"": ""1.18.0"", ""matplotlib"": ""3.11.0"", ""pandas"": ""3.0.3"", ""qutip"": ""5.3.0"", ""stim"": ""1.16.0"", ""gmpy2"": ""2.3.1"", ""nbformat"": ""5.10.4"", ""nbclient"": ""0.11.0""}",Windows,11,Gercom,2026-07-19T23:45:21.826872+00:00
P12_boundary_variability,P12_boundary_variability:three_node:b1c37783d01dd867:L2:251:m10-intent:0,three_node,b1c37783d01dd867,251,m10-intent,L2,iterative_analytical,0,10,10,0.79625,0.05,1e-05,,True,a -> r -> b,2,True,,,,0.834179745759839,4,0.000388,VIOLATED,False,7,0.8341797457598391,0.8341797457598391,1.1102230246251565e-16,1.37984,False,,520,178,143,118,0,0,0.06016637501,31a7e5630ea375f5320764865cfa880242a2d0ca3ea1ba51a678f5ff276dc51e,False,,,,False,,3eada4d39cc676240b3278de813f19477e0b0eb8,1f2680a5b9065e708a7497adc53a95b108029b98,3.13.14,2.5.1,"{""pydantic"": ""2.13.4"", ""yaml"": ""6.0.3"", ""networkx"": ""3.6.1"", ""numpy"": ""2.5.1"", ""scipy"": ""1.18.0"", ""matplotlib"": ""3.11.0"", ""pandas"": ""3.0.3"", ""qutip"": ""5.3.0"", ""stim"": ""1.16.0"", ""gmpy2"": ""2.3.1"", ""nbformat"": ""5.10.4"", ""nbclient"": ""0.11.0""}",Windows,11,Gercom,2026-07-19T23:45:26.192030+00:00
P12_boundary_variability,P12_boundary_variability:three_node:b1c37783d01dd867:L2:252:m10-intent:0,three_node,b1c37783d01dd867,252,m10-intent,L2,iterative_analytical,0,10,10,0.79625,0.05,1e-05,,True,a -> r -> b,2,True,,,,0.834179745759839,4,0.000379,VIOLATED,False,6,0.834179745759839,0.834179745759839,0.0,1.355436,False,,513,172,129,98,0,0,0.06018371251,e9ddf5181bc17f3ed135e9ab90e8080bb6772b4aad37fe0466bd2e753898a4b8,False,,,,False,,3eada4d39cc676240b3278de813f19477e0b0eb8,1f2680a5b9065e708a7497adc53a95b108029b98,3.13.14,2.5.1,"{""pydantic"": ""2.13.4"", ""yaml"": ""6.0.3"", ""networkx"": ""3.6.1"", ""numpy"": ""2.5.1"", ""scipy"": ""1.18.0"", ""matplotlib"": ""3.11.0"", ""pandas"": ""3.0.3"", ""qutip"": ""5.3.0"", ""stim"": ""1.16.0"", ""gmpy2"": ""2.3.1"", ""nbformat"": ""5.10.4"", ""nbclient"": ""0.11.0""}",Windows,11,Gercom,2026-07-19T23:45:30.492324+00:00
P12_boundary_variability,P12_boundary_variability:three_node:b1c37783d01dd867:L2:253:m10-intent:0,three_node,b1c37783d01dd867,253,m10-intent,L2,iterative_analytical,0,10,10,0.79625,0.05,1e-05,,True,a -> r -> b,2,True,,,,0.834179745759839,4,0.000404,VIOLATED,False,6,0.834179745759839,0.834179745759839,0.0,1.338422,False,,477,171,132,105,0,0,0.06018880001,c30ce234bddb199100732302fa061cd89bd64a0a5aac37b95a3aa11aaffed5e8,False,,,,False,,3eada4d39cc676240b3278de813f19477e0b0eb8,1f2680a5b9065e708a7497adc53a95b108029b98,3.13.14,2.5.1,"{""pydantic"": ""2.13.4"", ""yaml"": ""6.0.3"", ""networkx"": ""3.6.1"", ""numpy"": ""2.5.1"", ""scipy"": ""1.18.0"", ""matplotlib"": ""3.11.0"", ""pandas"": ""3.0.3"", ""qutip"": ""5.3.0"", ""stim"": ""1.16.0"", ""gmpy2"": ""2.3.1"", ""nbformat"": ""5.10.4"", ""nbclient"": ""0.11.0""}",Windows,11,Gercom,2026-07-19T23:45:34.959971+00:00
P12_boundary_variability,P12_boundary_variability:three_node:b1c37783d01dd867:L2:254:m10-intent:0,three_node,b1c37783d01dd867,254,m10-intent,L2,iterative_analytical,0,10,10,0.79625,0.05,1e-05,,True,a -> r -> b,2,True,,,,0.834179745759839,4,0.000396,VIOLATED,False,7,0.8341797457598391,0.8341797457598391,1.1102230246251565e-16,1.336297,False,,469,177,136,107,0,0,0.06018371251,e2a2929ee514832b39fb383212b6000f3e1c8bae2ec18804233fd83e91766153,False,,,,False,,3eada4d39cc676240b3278de813f19477e0b0eb8,1f2680a5b9065e708a7497adc53a95b108029b98,3.13.14,2.5.1,"{""pydantic"": ""2.13.4"", ""yaml"": ""6.0.3"", ""networkx"": ""3.6.1"", ""numpy"": ""2.5.1"", ""scipy"": ""1.18.0"", ""matplotlib"": ""3.11.0"", ""pandas"": ""3.0.3"", ""qutip"": ""5.3.0"", ""stim"": ""1.16.0"", ""gmpy2"": ""2.3.1"", ""nbformat"": ""5.10.4"", ""nbclient"": ""0.11.0""}",Windows,11,Gercom,2026-07-19T23:45:39.338421+00:00
P12_boundary_variability,P12_boundary_variability:three_node:b1c37783d01dd867:L2:255:m10-intent:0,three_node,b1c37783d01dd867,255,m10-intent,L2,iterative_analytical,0,10,10,0.79625,0.05,1e-05,,True,a -> r -> b,2,True,,,,0.834179745759839,4,0.000446,VIOLATED,False,5,0.8341797457598389,0.8341797457598389,-1.1102230246251565e-16,1.224376,False,,486,154,115,87,0,0,0.06018376251,ffe295b8253670a3a7c140103a336b336e739f46f5050574d69f158b4974567b,False,,,,False,,3eada4d39cc676240b3278de813f19477e0b0eb8,1f2680a5b9065e708a7497adc53a95b108029b98,3.13.14,2.5.1,"{""pydantic"": ""2.13.4"", ""yaml"": ""6.0.3"", ""networkx"": ""3.6.1"", ""numpy"": ""2.5.1"", ""scipy"": ""1.18.0"", ""matplotlib"": ""3.11.0"", ""pandas"": ""3.0.3"", ""qutip"": ""5.3.0"", ""stim"": ""1.16.0"", ""gmpy2"": ""2.3.1"", ""nbformat"": ""5.10.4"", ""nbclient"": ""0.11.0""}",Windows,11,Gercom,2026-07-19T23:45:43.629305+00:00
P12_boundary_variability,P12_boundary_variability:three_node:b1c37783d01dd867:L2:256:m10-intent:0,three_node,b1c37783d01dd867,256,m10-intent,L2,iterative_analytical,0,10,10,0.79625,0.05,1e-05,,True,a -> r -> b,2,True,,,,0.834179745759839,4,0.000377,VIOLATED,False,6,0.834179745759839,0.834179745759839,0.0,1.30496,False,,502,164,130,108,0,0,0.06019882501,ecbf8663972abbdd572918ca0650d7e1bd8164c5b3df84c56ea23f70f4dd668c,False,,,,False,,3eada4d39cc676240b3278de813f19477e0b0eb8,1f2680a5b9065e708a7497adc53a95b108029b98,3.13.14,2.5.1,"{""pydantic"": ""2.13.4"", ""yaml"": ""6.0.3"", ""networkx"": ""3.6.1"", ""numpy"": ""2.5.1"", ""scipy"": ""1.18.0"", ""matplotlib"": ""3.11.0"", ""pandas"": ""3.0.3"", ""qutip"": ""5.3.0"", ""stim"": ""1.16.0"", ""gmpy2"": ""2.3.1"", ""nbformat"": ""5.10.4"", ""nbclient"": ""0.11.0""}",Windows,11,Gercom,2026-07-19T23:45:47.945698+00:00
P12_boundary_variability,P12_boundary_variability:three_node:b1c37783d01dd867:L2:257:m10-intent:0,three_node,b1c37783d01dd867,257,m10-intent,L2,iterative_analytical,0,10,10,0.79625,0.05,1e-05,,True,a -> r -> b,2,True,,,,0.834179745759839,4,0.00043,VIOLATED,False,7,0.8341797457598391,0.8341797457598391,1.1102230246251565e-16,1.356955,False,,526,169,137,117,0,0,0.06017363751,cabf7e8adace2942983649b164ac056b7d3473f74dabc0dc14493c86c9482e9a,False,,,,False,,3eada4d39cc676240b3278de813f19477e0b0eb8,1f2680a5b9065e708a7497adc53a95b108029b98,3.13.14,2.5.1,"{""pydantic"": ""2.13.4"", ""yaml"": ""6.0.3"", ""networkx"": ""3.6.1"", ""numpy"": ""2.5.1"", ""scipy"": ""1.18.0"", ""matplotlib"": ""3.11.0"", ""pandas"": ""3.0.3"", ""qutip"": ""5.3.0"", ""stim"": ""1.16.0"", ""gmpy2"": ""2.3.1"", ""nbformat"": ""5.10.4"", ""nbclient"": ""0.11.0""}",Windows,11,Gercom,2026-07-19T23:45:52.376593+00:00
P12_boundary_variability,P12_boundary_variability:three_node:b1c37783d01dd867:L2:258:m10-intent:0,three_node,b1c37783d01dd867,258,m10-intent,L2,iterative_analytical,0,10,10,0.79625,0.05,1e-05,,True,a -> r -> b,2,True,,,,0.834179745759839,4,0.000392,VIOLATED,False,6,0.834179745759839,0.834179745759839,0.0,1.344562,False,,522,174,133,103,0,0,0.06017141251,9f794d2ec81c0b9f5e9576e4aba7b86075d2f7bf624de8f87336e15034bcdd76,False,,,,False,,3eada4d39cc676240b3278de813f19477e0b0eb8,1f2680a5b9065e708a7497adc53a95b108029b98,3.13.14,2.5.1,"{""pydantic"": ""2.13.4"", ""yaml"": ""6.0.3"", ""networkx"": ""3.6.1"", ""numpy"": ""2.5.1"", ""scipy"": ""1.18.0"", ""matplotlib"": ""3.11.0"", ""pandas"": ""3.0.3"", ""qutip"": ""5.3.0"", ""stim"": ""1.16.0"", ""gmpy2"": ""2.3.1"", ""nbformat"": ""5.10.4"", ""nbclient"": ""0.11.0""}",Windows,11,Gercom,2026-07-19T23:45:56.757834+00:00
P12_boundary_variability,P12_boundary_variability:three_node:b1c37783d01dd867:L2:259:m10-intent:0,three_node,b1c37783d01dd867,259,m10-intent,L2,iterative_analytical,0,10,10,0.79625,0.05,1e-05,,True,a -> r -> b,2,True,,,,0.834179745759839,4,0.000382,VIOLATED,False,6,0.834179745759839,0.834179745759839,0.0,1.295229,False,,498,166,129,105,0,0,0.06018373751,17de4412a6448bdc3ddb6a4e5b7e5e208d644f78738f1a482b64ed3b725d78ad,False,,,,False,,3eada4d39cc676240b3278de813f19477e0b0eb8,1f2680a5b9065e708a7497adc53a95b108029b98,3.13.14,2.5.1,"{""pydantic"": ""2.13.4"", ""yaml"": ""6.0.3"", ""networkx"": ""3.6.1"", ""numpy"": ""2.5.1"", ""scipy"": ""1.18.0"", ""matplotlib"": ""3.11.0"", ""pandas"": ""3.0.3"", ""qutip"": ""5.3.0"", ""stim"": ""1.16.0"", ""gmpy2"": ""2.3.1"", ""nbformat"": ""5.10.4"", ""nbclient"": ""0.11.0""}",Windows,11,Gercom,2026-07-19T23:46:01.060295+00:00
P12_boundary_variability,P12_boundary_variability:three_node:b1c37783d01dd867:L2:260:m10-intent:0,three_node,b1c37783d01dd867,260,m10-intent,L2,iterative_analytical,0,10,10,0.79625,0.05,1e-05,,True,a -> r -> b,2,True,,,,0.834179745759839,4,0.000405,VIOLATED,False,7,0.8341797457598391,0.8341797457598391,1.1102230246251565e-16,1.368647,False,,500,171,135,109,0,0,0.06017873751,4ab72aaf0418532918b81f39b90ec3d3764af7074fead82895b0d97a6b427ca1,False,,,,False,,3eada4d39cc676240b3278de813f19477e0b0eb8,1f2680a5b9065e708a7497adc53a95b108029b98,3.13.14,2.5.1,"{""pydantic"": ""2.13.4"", ""yaml"": ""6.0.3"", ""networkx"": ""3.6.1"", ""numpy"": ""2.5.1"", ""scipy"": ""1.18.0"", ""matplotlib"": ""3.11.0"", ""pandas"": ""3.0.3"", ""qutip"": ""5.3.0"", ""stim"": ""1.16.0"", ""gmpy2"": ""2.3.1"", ""nbformat"": ""5.10.4"", ""nbclient"": ""0.11.0""}",Windows,11,Gercom,2026-07-19T23:46:05.466187+00:00
P12_boundary_variability,P12_boundary_variability:three_node:b1c37783d01dd867:L2:261:m10-intent:0,three_node,b1c37783d01dd867,261,m10-intent,L2,iterative_analytical,0,10,10,0.79625,0.05,1e-05,,True,a -> r -> b,2,True,,,,0.834179745759839,4,0.000404,VIOLATED,False,6,0.834179745759839,0.834179745759839,0.0,1.310584,False,,491,177,134,104,0,0,0.06019887501,a8752f4c51b1e95477a52de2f2f33e7dbff1d042fa1576a84a4fbff7c71d5a0a,False,,,,False,,3eada4d39cc676240b3278de813f19477e0b0eb8,1f2680a5b9065e708a7497adc53a95b108029b98,3.13.14,2.5.1,"{""pydantic"": ""2.13.4"", ""yaml"": ""6.0.3"", ""networkx"": ""3.6.1"", ""numpy"": ""2.5.1"", ""scipy"": ""1.18.0"", ""matplotlib"": ""3.11.0"", ""pandas"": ""3.0.3"", ""qutip"": ""5.3.0"", ""stim"": ""1.16.0"", ""gmpy2"": ""2.3.1"", ""nbformat"": ""5.10.4"", ""nbclient"": ""0.11.0""}",Windows,11,Gercom,2026-07-19T23:46:09.797309+00:00
P12_boundary_variability,P12_boundary_variability:three_node:b1c37783d01dd867:L2:262:m10-intent:0,three_node,b1c37783d01dd867,262,m10-intent,L2,iterative_analytical,0,10,10,0.79625,0.05,1e-05,,True,a -> r -> b,2,True,,,,0.834179745759839,4,0.000395,VIOLATED,False,6,0.834179745759839,0.834179745759839,0.0,1.304723,False,,494,169,128,96,0,0,0.06019378751,6cedcdb4ccc49ffcd3a5d9c0884d5c43d09007da7c3c1f2f5319d84411abc8e8,False,,,,False,,3eada4d39cc676240b3278de813f19477e0b0eb8,1f2680a5b9065e708a7497adc53a95b108029b98,3.13.14,2.5.1,"{""pydantic"": ""2.13.4"", ""yaml"": ""6.0.3"", ""networkx"": ""3.6.1"", ""numpy"": ""2.5.1"", ""scipy"": ""1.18.0"", ""matplotlib"": ""3.11.0"", ""pandas"": ""3.0.3"", ""qutip"": ""5.3.0"", ""stim"": ""1.16.0"", ""gmpy2"": ""2.3.1"", ""nbformat"": ""5.10.4"", ""nbclient"": ""0.11.0""}",Windows,11,Gercom,2026-07-19T23:46:14.170215+00:00
P12_boundary_variability,P12_boundary_variability:three_node:b1c37783d01dd867:L2:263:m10-intent:0,three_node,b1c37783d01dd867,263,m10-intent,L2,iterative_analytical,0,10,10,0.79625,0.05,1e-05,,True,a -> r -> b,2,True,,,,0.834179745759839,4,0.0004,VIOLATED,False,6,0.834179745759839,0.834179745759839,0.0,1.354629,False,,479,176,132,103,0,0,0.06019386251,adb8e83ca81b299e463a7183b9c6e465421135fe3904dc66a6a2a91438074e1c,False,,,,False,,3eada4d39cc676240b3278de813f19477e0b0eb8,1f2680a5b9065e708a7497adc53a95b108029b98,3.13.14,2.5.1,"{""pydantic"": ""2.13.4"", ""yaml"": ""6.0.3"", ""networkx"": ""3.6.1"", ""numpy"": ""2.5.1"", ""scipy"": ""1.18.0"", ""matplotlib"": ""3.11.0"", ""pandas"": ""3.0.3"", ""qutip"": ""5.3.0"", ""stim"": ""1.16.0"", ""gmpy2"": ""2.3.1"", ""nbformat"": ""5.10.4"", ""nbclient"": ""0.11.0""}",Windows,11,Gercom,2026-07-19T23:46:18.608791+00:00
P12_boundary_variability,P12_boundary_variability:three_node:b1c37783d01dd867:L2:264:m10-intent:0,three_node,b1c37783d01dd867,264,m10-intent,L2,iterative_analytical,0,10,10,0.79625,0.05,1e-05,,True,a -> r -> b,2,True,,,,0.834179745759839,4,0.000398,VIOLATED,False,7,0.8341797457598391,0.8341797457598391,1.1102230246251565e-16,1.355264,False,,453,172,140,119,0,0,0.06017372501,3638c4fdbb76e3f20d90730f50f9de4b80e40948d553983b37dfdb2cc85bbb5e,False,,,,False,,3eada4d39cc676240b3278de813f19477e0b0eb8,1f2680a5b9065e708a7497adc53a95b108029b98,3.13.14,2.5.1,"{""pydantic"": ""2.13.4"", ""yaml"": ""6.0.3"", ""networkx"": ""3.6.1"", ""numpy"": ""2.5.1"", ""scipy"": ""1.18.0"", ""matplotlib"": ""3.11.0"", ""pandas"": ""3.0.3"", ""qutip"": ""5.3.0"", ""stim"": ""1.16.0"", ""gmpy2"": ""2.3.1"", ""nbformat"": ""5.10.4"", ""nbclient"": ""0.11.0""}",Windows,11,Gercom,2026-07-19T23:46:23.121209+00:00
P12_boundary_variability,P12_boundary_variability:three_node:b1c37783d01dd867:L2:265:m10-intent:0,three_node,b1c37783d01dd867,265,m10-intent,L2,iterative_analytical,0,10,10,0.79625,0.05,1e-05,,True,a -> r -> b,2,True,,,,0.834179745759839,4,0.000384,VIOLATED,False,7,0.8341797457598391,0.8341797457598391,1.1102230246251565e-16,1.338127,False,,497,172,137,112,0,0,0.06018888751,ceabb7fedf088cf53f69567e272b9ba8a9b3d95966e86f92d981c07c235ccdce,False,,,,False,,3eada4d39cc676240b3278de813f19477e0b0eb8,1f2680a5b9065e708a7497adc53a95b108029b98,3.13.14,2.5.1,"{""pydantic"": ""2.13.4"", ""yaml"": ""6.0.3"", ""networkx"": ""3.6.1"", ""numpy"": ""2.5.1"", ""scipy"": ""1.18.0"", ""matplotlib"": ""3.11.0"", ""pandas"": ""3.0.3"", ""qutip"": ""5.3.0"", ""stim"": ""1.16.0"", ""gmpy2"": ""2.3.1"", ""nbformat"": ""5.10.4"", ""nbclient"": ""0.11.0""}",Windows,11,Gercom,2026-07-19T23:46:27.502783+00:00
P12_boundary_variability,P12_boundary_variability:three_node:b1c37783d01dd867:L2:266:m10-intent:0,three_node,b1c37783d01dd867,266,m10-intent,L2,iterative_analytical,0,10,10,0.79625,0.05,1e-05,,True,a -> r -> b,2,True,,,,0.834179745759839,4,0.00038,VIOLATED,False,6,0.834179745759839,0.834179745759839,0.0,1.317923,False,,473,176,134,104,0,0,0.06018377501,e4619db0dfee91645babac7e418c3f69f4241124e09e1cd23122b6f695e23130,False,,,,False,,3eada4d39cc676240b3278de813f19477e0b0eb8,1f2680a5b9065e708a7497adc53a95b108029b98,3.13.14,2.5.1,"{""pydantic"": ""2.13.4"", ""yaml"": ""6.0.3"", ""networkx"": ""3.6.1"", ""numpy"": ""2.5.1"", ""scipy"": ""1.18.0"", ""matplotlib"": ""3.11.0"", ""pandas"": ""3.0.3"", ""qutip"": ""5.3.0"", ""stim"": ""1.16.0"", ""gmpy2"": ""2.3.1"", ""nbformat"": ""5.10.4"", ""nbclient"": ""0.11.0""}",Windows,11,Gercom,2026-07-19T23:46:31.903827+00:00
P12_boundary_variability,P12_boundary_variability:three_node:b1c37783d01dd867:L2:267:m10-intent:0,three_node,b1c37783d01dd867,267,m10-intent,L2,iterative_analytical,0,10,10,0.79625,0.05,1e-05,,True,a -> r -> b,2,True,,,,0.834179745759839,4,0.000411,VIOLATED,False,7,0.8341797457598391,0.8341797457598391,1.1102230246251565e-16,1.456903,False,,496,177,140,115,0,0,0.06019386251,b89e762fcb9f9cb88417cbe92b63020ef08b55f630dee7a50c711b19315fc3c6,False,,,,False,,3eada4d39cc676240b3278de813f19477e0b0eb8,1f2680a5b9065e708a7497adc53a95b108029b98,3.13.14,2.5.1,"{""pydantic"": ""2.13.4"", ""yaml"": ""6.0.3"", ""networkx"": ""3.6.1"", ""numpy"": ""2.5.1"", ""scipy"": ""1.18.0"", ""matplotlib"": ""3.11.0"", ""pandas"": ""3.0.3"", ""qutip"": ""5.3.0"", ""stim"": ""1.16.0"", ""gmpy2"": ""2.3.1"", ""nbformat"": ""5.10.4"", ""nbclient"": ""0.11.0""}",Windows,11,Gercom,2026-07-19T23:46:36.413906+00:00
P12_boundary_variability,P12_boundary_variability:three_node:b1c37783d01dd867:L2:268:m10-intent:0,three_node,b1c37783d01dd867,268,m10-intent,L2,iterative_analytical,0,10,10,0.79625,0.05,1e-05,,True,a -> r -> b,2,True,,,,0.834179745759839,4,0.000394,VIOLATED,False,5,0.8341797457598389,0.8341797457598389,-1.1102230246251565e-16,1.327931,False,,519,166,123,90,0,0,0.06016133751,dffbdd8f3bc428e9b73dc3d6720670ea4319192a4536a83778f5284656eb0e64,False,,,,False,,3eada4d39cc676240b3278de813f19477e0b0eb8,1f2680a5b9065e708a7497adc53a95b108029b98,3.13.14,2.5.1,"{""pydantic"": ""2.13.4"", ""yaml"": ""6.0.3"", ""networkx"": ""3.6.1"", ""numpy"": ""2.5.1"", ""scipy"": ""1.18.0"", ""matplotlib"": ""3.11.0"", ""pandas"": ""3.0.3"", ""qutip"": ""5.3.0"", ""stim"": ""1.16.0"", ""gmpy2"": ""2.3.1"", ""nbformat"": ""5.10.4"", ""nbclient"": ""0.11.0""}",Windows,11,Gercom,2026-07-19T23:46:40.783898+00:00
P12_boundary_variability,P12_boundary_variability:three_node:b1c37783d01dd867:L2:269:m10-intent:0,three_node,b1c37783d01dd867,269,m10-intent,L2,iterative_analytical,0,10,10,0.79625,0.05,1e-05,,True,a -> r -> b,2,True,,,,0.834179745759839,4,0.000396,VIOLATED,False,7,0.8341797457598391,0.8341797457598391,1.1102230246251565e-16,1.304901,False,,504,172,137,114,0,0,0.06018876251,669907acfbbcedc6c59e59f52f6aa2b3ee70e3861cb1ea598e70eea1d85b8df1,False,,,,False,,3eada4d39cc676240b3278de813f19477e0b0eb8,1f2680a5b9065e708a7497adc53a95b108029b98,3.13.14,2.5.1,"{""pydantic"": ""2.13.4"", ""yaml"": ""6.0.3"", ""networkx"": ""3.6.1"", ""numpy"": ""2.5.1"", ""scipy"": ""1.18.0"", ""matplotlib"": ""3.11.0"", ""pandas"": ""3.0.3"", ""qutip"": ""5.3.0"", ""stim"": ""1.16.0"", ""gmpy2"": ""2.3.1"", ""nbformat"": ""5.10.4"", ""nbclient"": ""0.11.0""}",Windows,11,Gercom,2026-07-19T23:46:45.113857+00:00
P12_boundary_variability,P12_boundary_variability:three_node:b1c37783d01dd867:L2:270:m10-intent:0,three_node,b1c37783d01dd867,270,m10-intent,L2,iterative_analytical,0,10,10,0.79625,0.05,1e-05,,True,a -> r -> b,2,True,,,,0.834179745759839,4,0.000389,VIOLATED,False,5,0.8341797457598389,0.8341797457598389,-1.1102230246251565e-16,1.379034,False,,515,171,130,99,0,0,0.06015130001,90c50203e303c53a9720399a0d77ec9d2c81527a09902137eb63090488928a94,False,,,,False,,3eada4d39cc676240b3278de813f19477e0b0eb8,1f2680a5b9065e708a7497adc53a95b108029b98,3.13.14,2.5.1,"{""pydantic"": ""2.13.4"", ""yaml"": ""6.0.3"", ""networkx"": ""3.6.1"", ""numpy"": ""2.5.1"", ""scipy"": ""1.18.0"", ""matplotlib"": ""3.11.0"", ""pandas"": ""3.0.3"", ""qutip"": ""5.3.0"", ""stim"": ""1.16.0"", ""gmpy2"": ""2.3.1"", ""nbformat"": ""5.10.4"", ""nbclient"": ""0.11.0""}",Windows,11,Gercom,2026-07-19T23:46:49.521469+00:00
P12_boundary_variability,P12_boundary_variability:three_node:b1c37783d01dd867:L2:271:m10-intent:0,three_node,b1c37783d01dd867,271,m10-intent,L2,iterative_analytical,0,10,10,0.79625,0.05,1e-05,,True,a -> r -> b,2,True,,,,0.834179745759839,4,0.000386,VIOLATED,False,7,0.8341797457598391,0.8341797457598391,1.1102230246251565e-16,1.362031,False,,489,174,135,111,0,0,0.06018380001,b933a2156ff55ac58c348317a710c738876d88d1d5723a85843627c7afc57571,False,,,,False,,3eada4d39cc676240b3278de813f19477e0b0eb8,1f2680a5b9065e708a7497adc53a95b108029b98,3.13.14,2.5.1,"{""pydantic"": ""2.13.4"", ""yaml"": ""6.0.3"", ""networkx"": ""3.6.1"", ""numpy"": ""2.5.1"", ""scipy"": ""1.18.0"", ""matplotlib"": ""3.11.0"", ""pandas"": ""3.0.3"", ""qutip"": ""5.3.0"", ""stim"": ""1.16.0"", ""gmpy2"": ""2.3.1"", ""nbformat"": ""5.10.4"", ""nbclient"": ""0.11.0""}",Windows,11,Gercom,2026-07-19T23:46:53.954618+00:00
P12_boundary_variability,P12_boundary_variability:three_node:b1c37783d01dd867:L2:272:m10-intent:0,three_node,b1c37783d01dd867,272,m10-intent,L2,iterative_analytical,0,10,10,0.79625,0.05,1e-05,,True,a -> r -> b,2,True,,,,0.834179745759839,4,0.000384,VIOLATED,False,7,0.8341797457598391,0.8341797457598391,1.1102230246251565e-16,1.33724,False,,491,177,137,109,0,0,0.06017877501,c1ea0c4e7fc83859b5ef8d248fc4f6bcfea859b87c907005d7b7a22947472fca,False,,,,False,,3eada4d39cc676240b3278de813f19477e0b0eb8,1f2680a5b9065e708a7497adc53a95b108029b98,3.13.14,2.5.1,"{""pydantic"": ""2.13.4"", ""yaml"": ""6.0.3"", ""networkx"": ""3.6.1"", ""numpy"": ""2.5.1"", ""scipy"": ""1.18.0"", ""matplotlib"": ""3.11.0"", ""pandas"": ""3.0.3"", ""qutip"": ""5.3.0"", ""stim"": ""1.16.0"", ""gmpy2"": ""2.3.1"", ""nbformat"": ""5.10.4"", ""nbclient"": ""0.11.0""}",Windows,11,Gercom,2026-07-19T23:46:58.333203+00:00
P12_boundary_variability,P12_boundary_variability:three_node:b1c37783d01dd867:L2:273:m10-intent:0,three_node,b1c37783d01dd867,273,m10-intent,L2,iterative_analytical,0,10,10,0.79625,0.05,1e-05,,True,a -> r -> b,2,True,,,,0.834179745759839,4,0.000397,VIOLATED,False,5,0.8341797457598389,0.8341797457598389,-1.1102230246251565e-16,1.296806,False,,408,165,123,94,0,0,0.06016863751,326b0c4bf0a3ec505df0878c7ff5f26895ced80dd7866861b3338df231393623,False,,,,False,,3eada4d39cc676240b3278de813f19477e0b0eb8,1f2680a5b9065e708a7497adc53a95b108029b98,3.13.14,2.5.1,"{""pydantic"": ""2.13.4"", ""yaml"": ""6.0.3"", ""networkx"": ""3.6.1"", ""numpy"": ""2.5.1"", ""scipy"": ""1.18.0"", ""matplotlib"": ""3.11.0"", ""pandas"": ""3.0.3"", ""qutip"": ""5.3.0"", ""stim"": ""1.16.0"", ""gmpy2"": ""2.3.1"", ""nbformat"": ""5.10.4"", ""nbclient"": ""0.11.0""}",Windows,11,Gercom,2026-07-19T23:47:02.661473+00:00
P12_boundary_variability,P12_boundary_variability:three_node:b1c37783d01dd867:L2:274:m10-intent:0,three_node,b1c37783d01dd867,274,m10-intent,L2,iterative_analytical,0,10,10,0.79625,0.05,1e-05,,True,a -> r -> b,2,True,,,,0.834179745759839,4,0.000429,VIOLATED,False,7,0.8341797457598391,0.8341797457598391,1.1102230246251565e-16,1.307294,False,,463,168,135,110,0,0,0.06018873751,f3e7706c5609f946574f87e0a5bfb67734c38c1df099aa0db2ffb4687623f5e4,False,,,,False,,3eada4d39cc676240b3278de813f19477e0b0eb8,1f2680a5b9065e708a7497adc53a95b108029b98,3.13.14,2.5.1,"{""pydantic"": ""2.13.4"", ""yaml"": ""6.0.3"", ""networkx"": ""3.6.1"", ""numpy"": ""2.5.1"", ""scipy"": ""1.18.0"", ""matplotlib"": ""3.11.0"", ""pandas"": ""3.0.3"", ""qutip"": ""5.3.0"", ""stim"": ""1.16.0"", ""gmpy2"": ""2.3.1"", ""nbformat"": ""5.10.4"", ""nbclient"": ""0.11.0""}",Windows,11,Gercom,2026-07-19T23:47:07.014341+00:00
P12_boundary_variability,P12_boundary_variability:three_node:b1c37783d01dd867:L2:275:m10-intent:0,three_node,b1c37783d01dd867,275,m10-intent,L2,iterative_analytical,0,10,10,0.79625,0.05,1e-05,,True,a -> r -> b,2,True,,,,0.834179745759839,4,0.000395,VIOLATED,False,7,0.8341797457598391,0.8341797457598391,1.1102230246251565e-16,1.34217,False,,495,175,141,121,0,0,0.06015868751,c568d149090c8f0d0dc32220b04b26bcd90abfe88ec714e277d620890935d15d,False,,,,False,,3eada4d39cc676240b3278de813f19477e0b0eb8,1f2680a5b9065e708a7497adc53a95b108029b98,3.13.14,2.5.1,"{""pydantic"": ""2.13.4"", ""yaml"": ""6.0.3"", ""networkx"": ""3.6.1"", ""numpy"": ""2.5.1"", ""scipy"": ""1.18.0"", ""matplotlib"": ""3.11.0"", ""pandas"": ""3.0.3"", ""qutip"": ""5.3.0"", ""stim"": ""1.16.0"", ""gmpy2"": ""2.3.1"", ""nbformat"": ""5.10.4"", ""nbclient"": ""0.11.0""}",Windows,11,Gercom,2026-07-19T23:47:11.484993+00:00
P12_boundary_variability,P12_boundary_variability:three_node:b1c37783d01dd867:L2:276:m10-intent:0,three_node,b1c37783d01dd867,276,m10-intent,L2,iterative_analytical,0,10,10,0.79625,0.05,1e-05,,True,a -> r -> b,2,True,,,,0.834179745759839,4,0.000393,VIOLATED,False,6,0.834179745759839,0.834179745759839,0.0,1.36294,False,,438,158,123,96,0,0,0.06016873751,278cf6971ee1b552a47690d7300b04f32572dc394c7baa65fdcbdab6dfec1023,False,,,,False,,3eada4d39cc676240b3278de813f19477e0b0eb8,1f2680a5b9065e708a7497adc53a95b108029b98,3.13.14,2.5.1,"{""pydantic"": ""2.13.4"", ""yaml"": ""6.0.3"", ""networkx"": ""3.6.1"", ""numpy"": ""2.5.1"", ""scipy"": ""1.18.0"", ""matplotlib"": ""3.11.0"", ""pandas"": ""3.0.3"", ""qutip"": ""5.3.0"", ""stim"": ""1.16.0"", ""gmpy2"": ""2.3.1"", ""nbformat"": ""5.10.4"", ""nbclient"": ""0.11.0""}",Windows,11,Gercom,2026-07-19T23:47:15.977277+00:00
P12_boundary_variability,P12_boundary_variability:three_node:b1c37783d01dd867:L2:277:m10-intent:0,three_node,b1c37783d01dd867,277,m10-intent,L2,iterative_analytical,0,10,10,0.79625,0.05,1e-05,,True,a -> r -> b,2,True,,,,0.834179745759839,4,0.000387,VIOLATED,False,5,0.8341797457598389,0.8341797457598389,-1.1102230246251565e-16,1.390001,False,,514,171,127,91,0,0,0.06016361251,5c3a590c69de500f4ccb631b422fd89dff086e50c698d5e5d1ae92002646f5bf,False,,,,False,,3eada4d39cc676240b3278de813f19477e0b0eb8,1f2680a5b9065e708a7497adc53a95b108029b98,3.13.14,2.5.1,"{""pydantic"": ""2.13.4"", ""yaml"": ""6.0.3"", ""networkx"": ""3.6.1"", ""numpy"": ""2.5.1"", ""scipy"": ""1.18.0"", ""matplotlib"": ""3.11.0"", ""pandas"": ""3.0.3"", ""qutip"": ""5.3.0"", ""stim"": ""1.16.0"", ""gmpy2"": ""2.3.1"", ""nbformat"": ""5.10.4"", ""nbclient"": ""0.11.0""}",Windows,11,Gercom,2026-07-19T23:47:20.402869+00:00
P12_boundary_variability,P12_boundary_variability:three_node:b1c37783d01dd867:L2:278:m10-intent:0,three_node,b1c37783d01dd867,278,m10-intent,L2,iterative_analytical,0,10,10,0.79625,0.05,1e-05,,True,a -> r -> b,2,True,,,,0.834179745759839,4,0.000383,VIOLATED,False,5,0.8341797457598389,0.8341797457598389,-1.1102230246251565e-16,1.423689,False,,467,176,129,95,0,0,0.06019877501,aa0113f5021fca826f02ffeee2d149db7b68b29e00305f5ff9047ba94115e8d3,False,,,,False,,3eada4d39cc676240b3278de813f19477e0b0eb8,1f2680a5b9065e708a7497adc53a95b108029b98,3.13.14,2.5.1,"{""pydantic"": ""2.13.4"", ""yaml"": ""6.0.3"", ""networkx"": ""3.6.1"", ""numpy"": ""2.5.1"", ""scipy"": ""1.18.0"", ""matplotlib"": ""3.11.0"", ""pandas"": ""3.0.3"", ""qutip"": ""5.3.0"", ""stim"": ""1.16.0"", ""gmpy2"": ""2.3.1"", ""nbformat"": ""5.10.4"", ""nbclient"": ""0.11.0""}",Windows,11,Gercom,2026-07-19T23:47:24.816671+00:00
P12_boundary_variability,P12_boundary_variability:three_node:b1c37783d01dd867:L2:279:m10-intent:0,three_node,b1c37783d01dd867,279,m10-intent,L2,iterative_analytical,0,10,10,0.79625,0.05,1e-05,,True,a -> r -> b,2,True,,,,0.834179745759839,4,0.000379,VIOLATED,False,7,0.8341797457598391,0.8341797457598391,1.1102230246251565e-16,1.36011,False,,461,178,138,112,0,0,0.06017367501,8907e3666b9ae0aeecb4aa1a666103c646cdeff6a61ce715ae79b050c53bf4c2,False,,,,False,,3eada4d39cc676240b3278de813f19477e0b0eb8,1f2680a5b9065e708a7497adc53a95b108029b98,3.13.14,2.5.1,"{""pydantic"": ""2.13.4"", ""yaml"": ""6.0.3"", ""networkx"": ""3.6.1"", ""numpy"": ""2.5.1"", ""scipy"": ""1.18.0"", ""matplotlib"": ""3.11.0"", ""pandas"": ""3.0.3"", ""qutip"": ""5.3.0"", ""stim"": ""1.16.0"", ""gmpy2"": ""2.3.1"", ""nbformat"": ""5.10.4"", ""nbclient"": ""0.11.0""}",Windows,11,Gercom,2026-07-19T23:47:29.206196+00:00
P12_boundary_variability,P12_boundary_variability:three_node:b1c37783d01dd867:L2:280:m10-intent:0,three_node,b1c37783d01dd867,280,m10-intent,L2,iterative_analytical,0,10,10,0.79625,0.05,1e-05,,True,a -> r -> b,2,True,,,,0.834179745759839,4,0.000401,VIOLATED,False,7,0.8341797457598391,0.8341797457598391,1.1102230246251565e-16,1.534603,False,,491,176,139,112,0,0,0.06019383751,eee52a94b1e02777b658e822f540f80760a771aaf067aab664c36521231f9bd3,False,,,,False,,3eada4d39cc676240b3278de813f19477e0b0eb8,1f2680a5b9065e708a7497adc53a95b108029b98,3.13.14,2.5.1,"{""pydantic"": ""2.13.4"", ""yaml"": ""6.0.3"", ""networkx"": ""3.6.1"", ""numpy"": ""2.5.1"", ""scipy"": ""1.18.0"", ""matplotlib"": ""3.11.0"", ""pandas"": ""3.0.3"", ""qutip"": ""5.3.0"", ""stim"": ""1.16.0"", ""gmpy2"": ""2.3.1"", ""nbformat"": ""5.10.4"", ""nbclient"": ""0.11.0""}",Windows,11,Gercom,2026-07-19T23:47:33.725407+00:00
P12_boundary_variability,P12_boundary_variability:three_node:b1c37783d01dd867:L2:281:m10-intent:0,three_node,b1c37783d01dd867,281,m10-intent,L2,iterative_analytical,0,10,10,0.79625,0.05,1e-05,,True,a -> r -> b,2,True,,,,0.834179745759839,4,0.000368,VIOLATED,False,7,0.8341797457598391,0.8341797457598391,1.1102230246251565e-16,1.357828,False,,465,182,146,121,0,0,0.06017873751,c3e654bc6a028c7e35e1004c52652397e2d89311cb92cd10610533a683104e01,False,,,,False,,3eada4d39cc676240b3278de813f19477e0b0eb8,1f2680a5b9065e708a7497adc53a95b108029b98,3.13.14,2.5.1,"{""pydantic"": ""2.13.4"", ""yaml"": ""6.0.3"", ""networkx"": ""3.6.1"", ""numpy"": ""2.5.1"", ""scipy"": ""1.18.0"", ""matplotlib"": ""3.11.0"", ""pandas"": ""3.0.3"", ""qutip"": ""5.3.0"", ""stim"": ""1.16.0"", ""gmpy2"": ""2.3.1"", ""nbformat"": ""5.10.4"", ""nbclient"": ""0.11.0""}",Windows,11,Gercom,2026-07-19T23:47:38.221530+00:00
P12_boundary_variability,P12_boundary_variability:three_node:b1c37783d01dd867:L2:282:m10-intent:0,three_node,b1c37783d01dd867,282,m10-intent,L2,iterative_analytical,0,10,10,0.79625,0.05,1e-05,,True,a -> r -> b,2,True,,,,0.834179745759839,4,0.000392,VIOLATED,False,6,0.834179745759839,0.834179745759839,0.0,1.386016,False,,521,168,134,108,0,0,0.06015135001,1689efe4f5e0a1bebe3c56bcc060ad9ad5bb0ee91e61446f52bd68aa5f795f34,False,,,,False,,3eada4d39cc676240b3278de813f19477e0b0eb8,1f2680a5b9065e708a7497adc53a95b108029b98,3.13.14,2.5.1,"{""pydantic"": ""2.13.4"", ""yaml"": ""6.0.3"", ""networkx"": ""3.6.1"", ""numpy"": ""2.5.1"", ""scipy"": ""1.18.0"", ""matplotlib"": ""3.11.0"", ""pandas"": ""3.0.3"", ""qutip"": ""5.3.0"", ""stim"": ""1.16.0"", ""gmpy2"": ""2.3.1"", ""nbformat"": ""5.10.4"", ""nbclient"": ""0.11.0""}",Windows,11,Gercom,2026-07-19T23:47:42.748622+00:00
P12_boundary_variability,P12_boundary_variability:three_node:b1c37783d01dd867:L2:283:m10-intent:0,three_node,b1c37783d01dd867,283,m10-intent,L2,iterative_analytical,0,10,10,0.79625,0.05,1e-05,,True,a -> r -> b,2,True,,,,0.834179745759839,4,0.000384,VIOLATED,False,6,0.834179745759839,0.834179745759839,0.0,1.343379,False,,472,180,138,108,0,0,0.06019888751,18954a7d0051e9964bea441060c335b24314c1d8b82a2dd5cc9fe213e0136be4,False,,,,False,,3eada4d39cc676240b3278de813f19477e0b0eb8,1f2680a5b9065e708a7497adc53a95b108029b98,3.13.14,2.5.1,"{""pydantic"": ""2.13.4"", ""yaml"": ""6.0.3"", ""networkx"": ""3.6.1"", ""numpy"": ""2.5.1"", ""scipy"": ""1.18.0"", ""matplotlib"": ""3.11.0"", ""pandas"": ""3.0.3"", ""qutip"": ""5.3.0"", ""stim"": ""1.16.0"", ""gmpy2"": ""2.3.1"", ""nbformat"": ""5.10.4"", ""nbclient"": ""0.11.0""}",Windows,11,Gercom,2026-07-19T23:47:47.065467+00:00
P12_boundary_variability,P12_boundary_variability:three_node:b1c37783d01dd867:L2:284:m10-intent:0,three_node,b1c37783d01dd867,284,m10-intent,L2,iterative_analytical,0,10,10,0.79625,0.05,1e-05,,True,a -> r -> b,2,True,,,,0.834179745759839,4,0.000377,VIOLATED,False,7,0.8341797457598391,0.8341797457598391,1.1102230246251565e-16,1.338634,False,,484,172,136,112,0,0,0.06018876251,51f8ceb4bcdb5112a01fb926935cfcd94b1fdf25561ccc2c7cd746befcb06d8d,False,,,,False,,3eada4d39cc676240b3278de813f19477e0b0eb8,1f2680a5b9065e708a7497adc53a95b108029b98,3.13.14,2.5.1,"{""pydantic"": ""2.13.4"", ""yaml"": ""6.0.3"", ""networkx"": ""3.6.1"", ""numpy"": ""2.5.1"", ""scipy"": ""1.18.0"", ""matplotlib"": ""3.11.0"", ""pandas"": ""3.0.3"", ""qutip"": ""5.3.0"", ""stim"": ""1.16.0"", ""gmpy2"": ""2.3.1"", ""nbformat"": ""5.10.4"", ""nbclient"": ""0.11.0""}",Windows,11,Gercom,2026-07-19T23:47:51.384808+00:00
P12_boundary_variability,P12_boundary_variability:three_node:b1c37783d01dd867:L2:285:m10-intent:0,three_node,b1c37783d01dd867,285,m10-intent,L2,iterative_analytical,0,10,10,0.79625,0.05,1e-05,,True,a -> r -> b,2,True,,,,0.834179745759839,4,0.000388,VIOLATED,False,7,0.8341797457598391,0.8341797457598391,1.1102230246251565e-16,1.36944,False,,501,173,138,116,0,0,0.06016635001,8dc6820835fa64a69d09cb6a3f67f773ae9f3ccafc5314c86cfef97471273ff7,False,,,,False,,3eada4d39cc676240b3278de813f19477e0b0eb8,1f2680a5b9065e708a7497adc53a95b108029b98,3.13.14,2.5.1,"{""pydantic"": ""2.13.4"", ""yaml"": ""6.0.3"", ""networkx"": ""3.6.1"", ""numpy"": ""2.5.1"", ""scipy"": ""1.18.0"", ""matplotlib"": ""3.11.0"", ""pandas"": ""3.0.3"", ""qutip"": ""5.3.0"", ""stim"": ""1.16.0"", ""gmpy2"": ""2.3.1"", ""nbformat"": ""5.10.4"", ""nbclient"": ""0.11.0""}",Windows,11,Gercom,2026-07-19T23:47:55.745383+00:00
P12_boundary_variability,P12_boundary_variability:three_node:b1c37783d01dd867:L2:286:m10-intent:0,three_node,b1c37783d01dd867,286,m10-intent,L2,iterative_analytical,0,10,10,0.79625,0.05,1e-05,,True,a -> r -> b,2,True,,,,0.834179745759839,4,0.000431,VIOLATED,False,5,0.8341797457598389,0.8341797457598389,-1.1102230246251565e-16,1.354108,False,,518,171,126,90,0,0,0.06015861251,9b93050ae0e468150502f30f1a857c8d9c1668ad1b352dec85b4259554c5f603,False,,,,False,,3eada4d39cc676240b3278de813f19477e0b0eb8,1f2680a5b9065e708a7497adc53a95b108029b98,3.13.14,2.5.1,"{""pydantic"": ""2.13.4"", ""yaml"": ""6.0.3"", ""networkx"": ""3.6.1"", ""numpy"": ""2.5.1"", ""scipy"": ""1.18.0"", ""matplotlib"": ""3.11.0"", ""pandas"": ""3.0.3"", ""qutip"": ""5.3.0"", ""stim"": ""1.16.0"", ""gmpy2"": ""2.3.1"", ""nbformat"": ""5.10.4"", ""nbclient"": ""0.11.0""}",Windows,11,Gercom,2026-07-19T23:48:00.180053+00:00
P12_boundary_variability,P12_boundary_variability:three_node:b1c37783d01dd867:L2:287:m10-intent:0,three_node,b1c37783d01dd867,287,m10-intent,L2,iterative_analytical,0,10,10,0.79625,0.05,1e-05,,True,a -> r -> b,2,True,,,,0.834179745759839,4,0.000378,VIOLATED,False,5,0.8341797457598389,0.8341797457598389,-1.1102230246251565e-16,1.301705,False,,497,163,126,98,0,0,0.06019885001,780599b5b771e872cd91f4c36e69e8b936e016ab492a9a1bd9da9e5e099ec107,False,,,,False,,3eada4d39cc676240b3278de813f19477e0b0eb8,1f2680a5b9065e708a7497adc53a95b108029b98,3.13.14,2.5.1,"{""pydantic"": ""2.13.4"", ""yaml"": ""6.0.3"", ""networkx"": ""3.6.1"", ""numpy"": ""2.5.1"", ""scipy"": ""1.18.0"", ""matplotlib"": ""3.11.0"", ""pandas"": ""3.0.3"", ""qutip"": ""5.3.0"", ""stim"": ""1.16.0"", ""gmpy2"": ""2.3.1"", ""nbformat"": ""5.10.4"", ""nbclient"": ""0.11.0""}",Windows,11,Gercom,2026-07-19T23:48:04.520177+00:00
P12_boundary_variability,P12_boundary_variability:three_node:b1c37783d01dd867:L2:288:m10-intent:0,three_node,b1c37783d01dd867,288,m10-intent,L2,iterative_analytical,0,10,10,0.79625,0.05,1e-05,,True,a -> r -> b,2,True,,,,0.834179745759839,4,0.000379,VIOLATED,False,6,0.834179745759839,0.834179745759839,0.0,1.264237,False,,455,162,126,102,0,0,0.06018881251,ecc820fac1b919c26b187926daab85fb0abb1320469b3754e06318561fa6ad2a,False,,,,False,,3eada4d39cc676240b3278de813f19477e0b0eb8,1f2680a5b9065e708a7497adc53a95b108029b98,3.13.14,2.5.1,"{""pydantic"": ""2.13.4"", ""yaml"": ""6.0.3"", ""networkx"": ""3.6.1"", ""numpy"": ""2.5.1"", ""scipy"": ""1.18.0"", ""matplotlib"": ""3.11.0"", ""pandas"": ""3.0.3"", ""qutip"": ""5.3.0"", ""stim"": ""1.16.0"", ""gmpy2"": ""2.3.1"", ""nbformat"": ""5.10.4"", ""nbclient"": ""0.11.0""}",Windows,11,Gercom,2026-07-19T23:48:08.783109+00:00
P12_boundary_variability,P12_boundary_variability:three_node:b1c37783d01dd867:L2:289:m10-intent:0,three_node,b1c37783d01dd867,289,m10-intent,L2,iterative_analytical,0,10,10,0.79625,0.05,1e-05,,True,a -> r -> b,2,True,,,,0.834179745759839,4,0.000445,VIOLATED,False,7,0.8341797457598391,0.8341797457598391,1.1102230246251565e-16,1.495944,False,,517,179,141,116,0,0,0.06016362501,f0ded4ca1d8f2fb89bc2dfc669fa774c9699334c5fcc3131e76286f64a6ff7d0,False,,,,False,,3eada4d39cc676240b3278de813f19477e0b0eb8,1f2680a5b9065e708a7497adc53a95b108029b98,3.13.14,2.5.1,"{""pydantic"": ""2.13.4"", ""yaml"": ""6.0.3"", ""networkx"": ""3.6.1"", ""numpy"": ""2.5.1"", ""scipy"": ""1.18.0"", ""matplotlib"": ""3.11.0"", ""pandas"": ""3.0.3"", ""qutip"": ""5.3.0"", ""stim"": ""1.16.0"", ""gmpy2"": ""2.3.1"", ""nbformat"": ""5.10.4"", ""nbclient"": ""0.11.0""}",Windows,11,Gercom,2026-07-19T23:48:13.307679+00:00
P12_boundary_variability,P12_boundary_variability:three_node:b1c37783d01dd867:L2:290:m10-intent:0,three_node,b1c37783d01dd867,290,m10-intent,L2,iterative_analytical,0,10,10,0.79625,0.05,1e-05,,True,a -> r -> b,2,True,,,,0.834179745759839,4,0.000392,VIOLATED,False,6,0.834179745759839,0.834179745759839,0.0,1.392052,False,,481,167,130,105,0,0,0.06018372501,1c92b08c3895e14291ea9294b5296804373b358a6307f010afa4ba71d8c96856,False,,,,False,,3eada4d39cc676240b3278de813f19477e0b0eb8,1f2680a5b9065e708a7497adc53a95b108029b98,3.13.14,2.5.1,"{""pydantic"": ""2.13.4"", ""yaml"": ""6.0.3"", ""networkx"": ""3.6.1"", ""numpy"": ""2.5.1"", ""scipy"": ""1.18.0"", ""matplotlib"": ""3.11.0"", ""pandas"": ""3.0.3"", ""qutip"": ""5.3.0"", ""stim"": ""1.16.0"", ""gmpy2"": ""2.3.1"", ""nbformat"": ""5.10.4"", ""nbclient"": ""0.11.0""}",Windows,11,Gercom,2026-07-19T23:48:17.732558+00:00
P12_boundary_variability,P12_boundary_variability:three_node:b1c37783d01dd867:L2:291:m10-intent:0,three_node,b1c37783d01dd867,291,m10-intent,L2,iterative_analytical,0,10,10,0.79625,0.05,1e-05,,True,a -> r -> b,2,True,,,,0.834179745759839,4,0.000631,VIOLATED,False,6,0.834179745759839,0.834179745759839,0.0,1.878304,False,,527,175,136,107,0,0,0.06019110001,594050bef2b9e0e51f51631b8a726946b95fb7ab52e00dbae270fb1667380d45,False,,,,False,,3eada4d39cc676240b3278de813f19477e0b0eb8,1f2680a5b9065e708a7497adc53a95b108029b98,3.13.14,2.5.1,"{""pydantic"": ""2.13.4"", ""yaml"": ""6.0.3"", ""networkx"": ""3.6.1"", ""numpy"": ""2.5.1"", ""scipy"": ""1.18.0"", ""matplotlib"": ""3.11.0"", ""pandas"": ""3.0.3"", ""qutip"": ""5.3.0"", ""stim"": ""1.16.0"", ""gmpy2"": ""2.3.1"", ""nbformat"": ""5.10.4"", ""nbclient"": ""0.11.0""}",Windows,11,Gercom,2026-07-19T23:48:22.870210+00:00
P12_boundary_variability,P12_boundary_variability:three_node:b1c37783d01dd867:L2:292:m10-intent:0,three_node,b1c37783d01dd867,292,m10-intent,L2,iterative_analytical,0,10,10,0.79625,0.05,1e-05,,True,a -> r -> b,2,True,,,,0.834179745759839,4,0.00039,VIOLATED,False,7,0.8341797457598391,0.8341797457598391,1.1102230246251565e-16,1.388924,False,,451,171,136,116,0,0,0.06019377501,54df8729f297de56cd63458654c09c16765c068ab4349fbe400ff2e39005ee9c,False,,,,False,,3eada4d39cc676240b3278de813f19477e0b0eb8,1f2680a5b9065e708a7497adc53a95b108029b98,3.13.14,2.5.1,"{""pydantic"": ""2.13.4"", ""yaml"": ""6.0.3"", ""networkx"": ""3.6.1"", ""numpy"": ""2.5.1"", ""scipy"": ""1.18.0"", ""matplotlib"": ""3.11.0"", ""pandas"": ""3.0.3"", ""qutip"": ""5.3.0"", ""stim"": ""1.16.0"", ""gmpy2"": ""2.3.1"", ""nbformat"": ""5.10.4"", ""nbclient"": ""0.11.0""}",Windows,11,Gercom,2026-07-19T23:48:27.398121+00:00
P12_boundary_variability,P12_boundary_variability:three_node:b1c37783d01dd867:L2:293:m10-intent:0,three_node,b1c37783d01dd867,293,m10-intent,L2,iterative_analytical,0,10,10,0.79625,0.05,1e-05,,True,a -> r -> b,2,True,,,,0.834179745759839,4,0.000492,VIOLATED,False,6,0.834179745759839,0.834179745759839,0.0,1.364161,False,,522,166,125,98,0,0,0.06015871251,0b232916a7a1b640811b252656f92dde7fe4ed96b678fe3ccf73341318aaee28,False,,,,False,,3eada4d39cc676240b3278de813f19477e0b0eb8,1f2680a5b9065e708a7497adc53a95b108029b98,3.13.14,2.5.1,"{""pydantic"": ""2.13.4"", ""yaml"": ""6.0.3"", ""networkx"": ""3.6.1"", ""numpy"": ""2.5.1"", ""scipy"": ""1.18.0"", ""matplotlib"": ""3.11.0"", ""pandas"": ""3.0.3"", ""qutip"": ""5.3.0"", ""stim"": ""1.16.0"", ""gmpy2"": ""2.3.1"", ""nbformat"": ""5.10.4"", ""nbclient"": ""0.11.0""}",Windows,11,Gercom,2026-07-19T23:48:31.886733+00:00
P12_boundary_variability,P12_boundary_variability:three_node:b1c37783d01dd867:L2:294:m10-intent:0,three_node,b1c37783d01dd867,294,m10-intent,L2,iterative_analytical,0,10,10,0.79625,0.05,1e-05,,True,a -> r -> b,2,True,,,,0.834179745759839,4,0.000476,VIOLATED,False,6,0.834179745759839,0.834179745759839,0.0,1.387211,False,,476,171,135,109,0,0,0.06017876251,a86118ea38df9c64a56787596d9eb20543b484e9d34506ee27efd591d10cab06,False,,,,False,,3eada4d39cc676240b3278de813f19477e0b0eb8,1f2680a5b9065e708a7497adc53a95b108029b98,3.13.14,2.5.1,"{""pydantic"": ""2.13.4"", ""yaml"": ""6.0.3"", ""networkx"": ""3.6.1"", ""numpy"": ""2.5.1"", ""scipy"": ""1.18.0"", ""matplotlib"": ""3.11.0"", ""pandas"": ""3.0.3"", ""qutip"": ""5.3.0"", ""stim"": ""1.16.0"", ""gmpy2"": ""2.3.1"", ""nbformat"": ""5.10.4"", ""nbclient"": ""0.11.0""}",Windows,11,Gercom,2026-07-19T23:48:36.452825+00:00
P12_boundary_variability,P12_boundary_variability:three_node:b1c37783d01dd867:L2:295:m10-intent:0,three_node,b1c37783d01dd867,295,m10-intent,L2,iterative_analytical,0,10,10,0.79625,0.05,1e-05,,True,a -> r -> b,2,True,,,,0.834179745759839,4,0.000384,VIOLATED,False,5,0.8341797457598389,0.8341797457598389,-1.1102230246251565e-16,1.296376,False,,512,163,125,97,0,0,0.06019888751,8d6cfe98b61164941e160fa2f8d0e9c72d947a13d066976bac563be0b046209b,False,,,,False,,3eada4d39cc676240b3278de813f19477e0b0eb8,1f2680a5b9065e708a7497adc53a95b108029b98,3.13.14,2.5.1,"{""pydantic"": ""2.13.4"", ""yaml"": ""6.0.3"", ""networkx"": ""3.6.1"", ""numpy"": ""2.5.1"", ""scipy"": ""1.18.0"", ""matplotlib"": ""3.11.0"", ""pandas"": ""3.0.3"", ""qutip"": ""5.3.0"", ""stim"": ""1.16.0"", ""gmpy2"": ""2.3.1"", ""nbformat"": ""5.10.4"", ""nbclient"": ""0.11.0""}",Windows,11,Gercom,2026-07-19T23:48:40.836399+00:00
P12_boundary_variability,P12_boundary_variability:three_node:b1c37783d01dd867:L2:296:m10-intent:0,three_node,b1c37783d01dd867,296,m10-intent,L2,iterative_analytical,0,10,10,0.79625,0.05,1e-05,,True,a -> r -> b,2,True,,,,0.834179745759839,4,0.000412,VIOLATED,False,6,0.834179745759839,0.834179745759839,0.0,1.452316,False,,474,165,131,108,0,0,0.06017867501,1b90ad869b8e8b41d2be4d72bd05ad64a81989b8549ed5736e5fc2e03f85ac3d,False,,,,False,,3eada4d39cc676240b3278de813f19477e0b0eb8,1f2680a5b9065e708a7497adc53a95b108029b98,3.13.14,2.5.1,"{""pydantic"": ""2.13.4"", ""yaml"": ""6.0.3"", ""networkx"": ""3.6.1"", ""numpy"": ""2.5.1"", ""scipy"": ""1.18.0"", ""matplotlib"": ""3.11.0"", ""pandas"": ""3.0.3"", ""qutip"": ""5.3.0"", ""stim"": ""1.16.0"", ""gmpy2"": ""2.3.1"", ""nbformat"": ""5.10.4"", ""nbclient"": ""0.11.0""}",Windows,11,Gercom,2026-07-19T23:48:45.395990+00:00
P12_boundary_variability,P12_boundary_variability:three_node:b1c37783d01dd867:L2:297:m10-intent:0,three_node,b1c37783d01dd867,297,m10-intent,L2,iterative_analytical,0,10,10,0.79625,0.05,1e-05,,True,a -> r -> b,2,True,,,,0.834179745759839,4,0.000619,VIOLATED,False,6,0.834179745759839,0.834179745759839,0.0,1.308253,False,,475,159,125,102,0,0,0.06019382501,7fa2fdb5b5b5727bada3c481961c34e94a7224d64e390f32ec45e11d2a0010e5,False,,,,False,,3eada4d39cc676240b3278de813f19477e0b0eb8,1f2680a5b9065e708a7497adc53a95b108029b98,3.13.14,2.5.1,"{""pydantic"": ""2.13.4"", ""yaml"": ""6.0.3"", ""networkx"": ""3.6.1"", ""numpy"": ""2.5.1"", ""scipy"": ""1.18.0"", ""matplotlib"": ""3.11.0"", ""pandas"": ""3.0.3"", ""qutip"": ""5.3.0"", ""stim"": ""1.16.0"", ""gmpy2"": ""2.3.1"", ""nbformat"": ""5.10.4"", ""nbclient"": ""0.11.0""}",Windows,11,Gercom,2026-07-19T23:48:49.765597+00:00
P12_boundary_variability,P12_boundary_variability:three_node:b1c37783d01dd867:L2:298:m10-intent:0,three_node,b1c37783d01dd867,298,m10-intent,L2,iterative_analytical,0,10,10,0.79625,0.05,1e-05,,True,a -> r -> b,2,True,,,,0.834179745759839,4,0.000399,VIOLATED,False,6,0.834179745759839,0.834179745759839,0.0,1.350401,False,,564,164,123,93,0,0,0.06018878751,38df092c2f9d5ee26bece08ad0f4fb00e040dde6ca7864af46a3288bb63e5f47,False,,,,False,,3eada4d39cc676240b3278de813f19477e0b0eb8,1f2680a5b9065e708a7497adc53a95b108029b98,3.13.14,2.5.1,"{""pydantic"": ""2.13.4"", ""yaml"": ""6.0.3"", ""networkx"": ""3.6.1"", ""numpy"": ""2.5.1"", ""scipy"": ""1.18.0"", ""matplotlib"": ""3.11.0"", ""pandas"": ""3.0.3"", ""qutip"": ""5.3.0"", ""stim"": ""1.16.0"", ""gmpy2"": ""2.3.1"", ""nbformat"": ""5.10.4"", ""nbclient"": ""0.11.0""}",Windows,11,Gercom,2026-07-19T23:48:54.148477+00:00
P12_boundary_variability,P12_boundary_variability:three_node:b1c37783d01dd867:L2:299:m10-intent:0,three_node,b1c37783d01dd867,299,m10-intent,L2,iterative_analytical,0,10,10,0.79625,0.05,1e-05,,True,a -> r -> b,2,True,,,,0.834179745759839,4,0.000378,VIOLATED,False,6,0.834179745759839,0.834179745759839,0.0,1.187466,False,,434,140,112,95,0,0,0.06019372501,7b006309792fd3e77e244461f8a04637b117be987796a3bc9883602a9119007d,False,,,,False,,3eada4d39cc676240b3278de813f19477e0b0eb8,1f2680a5b9065e708a7497adc53a95b108029b98,3.13.14,2.5.1,"{""pydantic"": ""2.13.4"", ""yaml"": ""6.0.3"", ""networkx"": ""3.6.1"", ""numpy"": ""2.5.1"", ""scipy"": ""1.18.0"", ""matplotlib"": ""3.11.0"", ""pandas"": ""3.0.3"", ""qutip"": ""5.3.0"", ""stim"": ""1.16.0"", ""gmpy2"": ""2.3.1"", ""nbformat"": ""5.10.4"", ""nbclient"": ""0.11.0""}",Windows,11,Gercom,2026-07-19T23:48:58.322351+00:00
P12_boundary_variability,P12_boundary_variability:three_node:1f9ad1c3d020adef:L2:200:m10-intent:0,three_node,1f9ad1c3d020adef,200,m10-intent,L2,iterative_analytical,0,10,10,0.8,0.05,1e-05,,True,a -> r -> b,2,True,,,,0.834179745759839,4,0.000382,VIOLATED,False,6,0.834179745759839,0.834179745759839,0.0,1.428393,False,,522,173,128,95,0,0,0.06018887501,9fe1ba6ca5d480fb914ea5be513c716f28f190de04af291565bf30907f390dd4,False,,,,False,,3eada4d39cc676240b3278de813f19477e0b0eb8,1f2680a5b9065e708a7497adc53a95b108029b98,3.13.14,2.5.1,"{""pydantic"": ""2.13.4"", ""yaml"": ""6.0.3"", ""networkx"": ""3.6.1"", ""numpy"": ""2.5.1"", ""scipy"": ""1.18.0"", ""matplotlib"": ""3.11.0"", ""pandas"": ""3.0.3"", ""qutip"": ""5.3.0"", ""stim"": ""1.16.0"", ""gmpy2"": ""2.3.1"", ""nbformat"": ""5.10.4"", ""nbclient"": ""0.11.0""}",Windows,11,Gercom,2026-07-19T23:49:02.868485+00:00
P12_boundary_variability,P12_boundary_variability:three_node:1f9ad1c3d020adef:L2:201:m10-intent:0,three_node,1f9ad1c3d020adef,201,m10-intent,L2,iterative_analytical,0,10,10,0.8,0.05,1e-05,,True,a -> r -> b,2,True,,,,0.834179745759839,4,0.000385,VIOLATED,False,7,0.8341797457598391,0.8341797457598391,1.1102230246251565e-16,1.432797,False,,491,180,140,114,0,0,0.06017371251,5d27011960401ce9fe0ea5d66c1321e7901fd8199daecd22dd3668aab0d11a81,False,,,,False,,3eada4d39cc676240b3278de813f19477e0b0eb8,1f2680a5b9065e708a7497adc53a95b108029b98,3.13.14,2.5.1,"{""pydantic"": ""2.13.4"", ""yaml"": ""6.0.3"", ""networkx"": ""3.6.1"", ""numpy"": ""2.5.1"", ""scipy"": ""1.18.0"", ""matplotlib"": ""3.11.0"", ""pandas"": ""3.0.3"", ""qutip"": ""5.3.0"", ""stim"": ""1.16.0"", ""gmpy2"": ""2.3.1"", ""nbformat"": ""5.10.4"", ""nbclient"": ""0.11.0""}",Windows,11,Gercom,2026-07-19T23:49:07.348637+00:00
P12_boundary_variability,P12_boundary_variability:three_node:1f9ad1c3d020adef:L2:202:m10-intent:0,three_node,1f9ad1c3d020adef,202,m10-intent,L2,iterative_analytical,0,10,10,0.8,0.05,1e-05,,True,a -> r -> b,2,True,,,,0.834179745759839,4,0.000384,VIOLATED,False,7,0.8341797457598391,0.8341797457598391,1.1102230246251565e-16,1.396184,False,,514,174,138,115,0,0,0.06018385001,24968292a8116e1d6fb5171dee209afbc6340f6605232d014c13659845dfe82f,False,,,,False,,3eada4d39cc676240b3278de813f19477e0b0eb8,1f2680a5b9065e708a7497adc53a95b108029b98,3.13.14,2.5.1,"{""pydantic"": ""2.13.4"", ""yaml"": ""6.0.3"", ""networkx"": ""3.6.1"", ""numpy"": ""2.5.1"", ""scipy"": ""1.18.0"", ""matplotlib"": ""3.11.0"", ""pandas"": ""3.0.3"", ""qutip"": ""5.3.0"", ""stim"": ""1.16.0"", ""gmpy2"": ""2.3.1"", ""nbformat"": ""5.10.4"", ""nbclient"": ""0.11.0""}",Windows,11,Gercom,2026-07-19T23:49:11.748905+00:00
P12_boundary_variability,P12_boundary_variability:three_node:1f9ad1c3d020adef:L2:203:m10-intent:0,three_node,1f9ad1c3d020adef,203,m10-intent,L2,iterative_analytical,0,10,10,0.8,0.05,1e-05,,True,a -> r -> b,2,True,,,,0.834179745759839,4,0.000392,VIOLATED,False,6,0.834179745759839,0.834179745759839,0.0,1.366762,False,,495,159,124,102,0,0,0.06019375001,d141a9dd17e02ca62faecd5e4bdef7d59b999426e1f505858269947494e53a7e,False,,,,False,,3eada4d39cc676240b3278de813f19477e0b0eb8,1f2680a5b9065e708a7497adc53a95b108029b98,3.13.14,2.5.1,"{""pydantic"": ""2.13.4"", ""yaml"": ""6.0.3"", ""networkx"": ""3.6.1"", ""numpy"": ""2.5.1"", ""scipy"": ""1.18.0"", ""matplotlib"": ""3.11.0"", ""pandas"": ""3.0.3"", ""qutip"": ""5.3.0"", ""stim"": ""1.16.0"", ""gmpy2"": ""2.3.1"", ""nbformat"": ""5.10.4"", ""nbclient"": ""0.11.0""}",Windows,11,Gercom,2026-07-19T23:49:16.143821+00:00
P12_boundary_variability,P12_boundary_variability:three_node:1f9ad1c3d020adef:L2:204:m10-intent:0,three_node,1f9ad1c3d020adef,204,m10-intent,L2,iterative_analytical,0,10,10,0.8,0.05,1e-05,,True,a -> r -> b,2,True,,,,0.834179745759839,4,0.000378,VIOLATED,False,6,0.834179745759839,0.834179745759839,0.0,1.360324,False,,493,176,133,105,0,0,0.06019888751,4b832b0a46ecdf27c4265046f57b47628c1ea1e4d19acfd361ccfbd0293f89cc,False,,,,False,,3eada4d39cc676240b3278de813f19477e0b0eb8,1f2680a5b9065e708a7497adc53a95b108029b98,3.13.14,2.5.1,"{""pydantic"": ""2.13.4"", ""yaml"": ""6.0.3"", ""networkx"": ""3.6.1"", ""numpy"": ""2.5.1"", ""scipy"": ""1.18.0"", ""matplotlib"": ""3.11.0"", ""pandas"": ""3.0.3"", ""qutip"": ""5.3.0"", ""stim"": ""1.16.0"", ""gmpy2"": ""2.3.1"", ""nbformat"": ""5.10.4"", ""nbclient"": ""0.11.0""}",Windows,11,Gercom,2026-07-19T23:49:20.586418+00:00
P12_boundary_variability,P12_boundary_variability:three_node:1f9ad1c3d020adef:L2:205:m10-intent:0,three_node,1f9ad1c3d020adef,205,m10-intent,L2,iterative_analytical,0,10,10,0.8,0.05,1e-05,,True,a -> r -> b,2,True,,,,0.834179745759839,4,0.000377,VIOLATED,False,7,0.8341797457598391,0.8341797457598391,1.1102230246251565e-16,1.361835,False,,504,172,135,109,0,0,0.06019605001,d5027c39ea29373a3f4ce75c966fdcde9e453d0c9fc09bd8a578f1562fb76c90,False,,,,False,,3eada4d39cc676240b3278de813f19477e0b0eb8,1f2680a5b9065e708a7497adc53a95b108029b98,3.13.14,2.5.1,"{""pydantic"": ""2.13.4"", ""yaml"": ""6.0.3"", ""networkx"": ""3.6.1"", ""numpy"": ""2.5.1"", ""scipy"": ""1.18.0"", ""matplotlib"": ""3.11.0"", ""pandas"": ""3.0.3"", ""qutip"": ""5.3.0"", ""stim"": ""1.16.0"", ""gmpy2"": ""2.3.1"", ""nbformat"": ""5.10.4"", ""nbclient"": ""0.11.0""}",Windows,11,Gercom,2026-07-19T23:49:25.090327+00:00
P12_boundary_variability,P12_boundary_variability:three_node:1f9ad1c3d020adef:L2:206:m10-intent:0,three_node,1f9ad1c3d020adef,206,m10-intent,L2,iterative_analytical,0,10,10,0.8,0.05,1e-05,,True,a -> r -> b,2,True,,,,0.834179745759839,4,0.000379,VIOLATED,False,8,0.834179745759839,0.834179745759839,0.0,1.396465,False,,464,185,148,122,0,0,0.06018377501,0f4f932502bc2cd57a66537baee4a92c545b1678d0a9038ca19912ecd6d9dbdb,False,,,,False,,3eada4d39cc676240b3278de813f19477e0b0eb8,1f2680a5b9065e708a7497adc53a95b108029b98,3.13.14,2.5.1,"{""pydantic"": ""2.13.4"", ""yaml"": ""6.0.3"", ""networkx"": ""3.6.1"", ""numpy"": ""2.5.1"", ""scipy"": ""1.18.0"", ""matplotlib"": ""3.11.0"", ""pandas"": ""3.0.3"", ""qutip"": ""5.3.0"", ""stim"": ""1.16.0"", ""gmpy2"": ""2.3.1"", ""nbformat"": ""5.10.4"", ""nbclient"": ""0.11.0""}",Windows,11,Gercom,2026-07-19T23:49:29.506273+00:00
P12_boundary_variability,P12_boundary_variability:three_node:1f9ad1c3d020adef:L2:207:m10-intent:0,three_node,1f9ad1c3d020adef,207,m10-intent,L2,iterative_analytical,0,10,10,0.8,0.05,1e-05,,True,a -> r -> b,2,True,,,,0.834179745759839,4,0.000432,VIOLATED,False,6,0.834179745759839,0.834179745759839,0.0,1.450867,False,,472,166,128,104,0,0,0.06018876251,24a26840b647d063aa397be52e0f16cf338f1403a11517bc374e1a0e7c413552,False,,,,False,,3eada4d39cc676240b3278de813f19477e0b0eb8,1f2680a5b9065e708a7497adc53a95b108029b98,3.13.14,2.5.1,"{""pydantic"": ""2.13.4"", ""yaml"": ""6.0.3"", ""networkx"": ""3.6.1"", ""numpy"": ""2.5.1"", ""scipy"": ""1.18.0"", ""matplotlib"": ""3.11.0"", ""pandas"": ""3.0.3"", ""qutip"": ""5.3.0"", ""stim"": ""1.16.0"", ""gmpy2"": ""2.3.1"", ""nbformat"": ""5.10.4"", ""nbclient"": ""0.11.0""}",Windows,11,Gercom,2026-07-19T23:49:34.101919+00:00
P12_boundary_variability,P12_boundary_variability:three_node:1f9ad1c3d020adef:L2:208:m10-intent:0,three_node,1f9ad1c3d020adef,208,m10-intent,L2,iterative_analytical,0,10,10,0.8,0.05,1e-05,,True,a -> r -> b,2,True,,,,0.834179745759839,4,0.000377,VIOLATED,False,6,0.834179745759839,0.834179745759839,0.0,1.320386,False,,466,172,134,106,0,0,0.06014630001,b361d1cfc89bc4c4abaf13b3e943c05fc2d7ab5172265b613edaf6689f451090,False,,,,False,,3eada4d39cc676240b3278de813f19477e0b0eb8,1f2680a5b9065e708a7497adc53a95b108029b98,3.13.14,2.5.1,"{""pydantic"": ""2.13.4"", ""yaml"": ""6.0.3"", ""networkx"": ""3.6.1"", ""numpy"": ""2.5.1"", ""scipy"": ""1.18.0"", ""matplotlib"": ""3.11.0"", ""pandas"": ""3.0.3"", ""qutip"": ""5.3.0"", ""stim"": ""1.16.0"", ""gmpy2"": ""2.3.1"", ""nbformat"": ""5.10.4"", ""nbclient"": ""0.11.0""}",Windows,11,Gercom,2026-07-19T23:49:38.553202+00:00
P12_boundary_variability,P12_boundary_variability:three_node:1f9ad1c3d020adef:L2:209:m10-intent:0,three_node,1f9ad1c3d020adef,209,m10-intent,L2,iterative_analytical,0,10,10,0.8,0.05,1e-05,,True,a -> r -> b,2,True,,,,0.834179745759839,4,0.000563,VIOLATED,False,7,0.8341797457598391,0.8341797457598391,1.1102230246251565e-16,1.525264,False,,512,172,134,105,0,0,0.06019386251,ebb2d92f9f4b94f18e2658a5cf52a1efe5021ec321b5aa8f3bccc1a4c4b44f03,False,,,,False,,3eada4d39cc676240b3278de813f19477e0b0eb8,1f2680a5b9065e708a7497adc53a95b108029b98,3.13.14,2.5.1,"{""pydantic"": ""2.13.4"", ""yaml"": ""6.0.3"", ""networkx"": ""3.6.1"", ""numpy"": ""2.5.1"", ""scipy"": ""1.18.0"", ""matplotlib"": ""3.11.0"", ""pandas"": ""3.0.3"", ""qutip"": ""5.3.0"", ""stim"": ""1.16.0"", ""gmpy2"": ""2.3.1"", ""nbformat"": ""5.10.4"", ""nbclient"": ""0.11.0""}",Windows,11,Gercom,2026-07-19T23:49:43.156720+00:00
P12_boundary_variability,P12_boundary_variability:three_node:1f9ad1c3d020adef:L2:210:m10-intent:0,three_node,1f9ad1c3d020adef,210,m10-intent,L2,iterative_analytical,0,10,10,0.8,0.05,1e-05,,True,a -> r -> b,2,True,,,,0.834179745759839,4,0.000379,VIOLATED,False,6,0.834179745759839,0.834179745759839,0.0,1.256616,False,,496,155,120,94,0,0,0.06018378751,abe49f52a5013af12fcf6191fe4203270ba5a85f2acc407d24427b4168c5e6f8,False,,,,False,,3eada4d39cc676240b3278de813f19477e0b0eb8,1f2680a5b9065e708a7497adc53a95b108029b98,3.13.14,2.5.1,"{""pydantic"": ""2.13.4"", ""yaml"": ""6.0.3"", ""networkx"": ""3.6.1"", ""numpy"": ""2.5.1"", ""scipy"": ""1.18.0"", ""matplotlib"": ""3.11.0"", ""pandas"": ""3.0.3"", ""qutip"": ""5.3.0"", ""stim"": ""1.16.0"", ""gmpy2"": ""2.3.1"", ""nbformat"": ""5.10.4"", ""nbclient"": ""0.11.0""}",Windows,11,Gercom,2026-07-19T23:49:47.390348+00:00
P12_boundary_variability,P12_boundary_variability:three_node:1f9ad1c3d020adef:L2:211:m10-intent:0,three_node,1f9ad1c3d020adef,211,m10-intent,L2,iterative_analytical,0,10,10,0.8,0.05,1e-05,,True,a -> r -> b,2,True,,,,0.834179745759839,4,0.000397,VIOLATED,False,6,0.834179745759839,0.834179745759839,0.0,1.352107,False,,489,169,131,102,0,0,0.06018876251,aa480b0159919d4d5123267c880daecdc6979c7c255ec773f611f6cc18085006,False,,,,False,,3eada4d39cc676240b3278de813f19477e0b0eb8,1f2680a5b9065e708a7497adc53a95b108029b98,3.13.14,2.5.1,"{""pydantic"": ""2.13.4"", ""yaml"": ""6.0.3"", ""networkx"": ""3.6.1"", ""numpy"": ""2.5.1"", ""scipy"": ""1.18.0"", ""matplotlib"": ""3.11.0"", ""pandas"": ""3.0.3"", ""qutip"": ""5.3.0"", ""stim"": ""1.16.0"", ""gmpy2"": ""2.3.1"", ""nbformat"": ""5.10.4"", ""nbclient"": ""0.11.0""}",Windows,11,Gercom,2026-07-19T23:49:51.862718+00:00
P12_boundary_variability,P12_boundary_variability:three_node:1f9ad1c3d020adef:L2:212:m10-intent:0,three_node,1f9ad1c3d020adef,212,m10-intent,L2,iterative_analytical,0,10,10,0.8,0.05,1e-05,,True,a -> r -> b,2,True,,,,0.834179745759839,4,0.000382,VIOLATED,False,7,0.8341797457598391,0.8341797457598391,1.1102230246251565e-16,1.347301,False,,458,178,139,112,0,0,0.06019378751,56547393d07ac0e9d9486c12b3dd07436b6c3c05a4cfecf1cf7f89506a539e70,False,,,,False,,3eada4d39cc676240b3278de813f19477e0b0eb8,1f2680a5b9065e708a7497adc53a95b108029b98,3.13.14,2.5.1,"{""pydantic"": ""2.13.4"", ""yaml"": ""6.0.3"", ""networkx"": ""3.6.1"", ""numpy"": ""2.5.1"", ""scipy"": ""1.18.0"", ""matplotlib"": ""3.11.0"", ""pandas"": ""3.0.3"", ""qutip"": ""5.3.0"", ""stim"": ""1.16.0"", ""gmpy2"": ""2.3.1"", ""nbformat"": ""5.10.4"", ""nbclient"": ""0.11.0""}",Windows,11,Gercom,2026-07-19T23:49:56.257074+00:00
P12_boundary_variability,P12_boundary_variability:three_node:1f9ad1c3d020adef:L2:213:m10-intent:0,three_node,1f9ad1c3d020adef,213,m10-intent,L2,iterative_analytical,0,10,10,0.8,0.05,1e-05,,True,a -> r -> b,2,True,,,,0.834179745759839,4,0.000407,VIOLATED,False,7,0.8341797457598391,0.8341797457598391,1.1102230246251565e-16,1.325887,False,,482,173,134,109,0,0,0.06018368751,4fe2ec0321dbc8baa5cd40dfbb9b62a1af5c29d0051ffc60257c9f7d4766f7ee,False,,,,False,,3eada4d39cc676240b3278de813f19477e0b0eb8,1f2680a5b9065e708a7497adc53a95b108029b98,3.13.14,2.5.1,"{""pydantic"": ""2.13.4"", ""yaml"": ""6.0.3"", ""networkx"": ""3.6.1"", ""numpy"": ""2.5.1"", ""scipy"": ""1.18.0"", ""matplotlib"": ""3.11.0"", ""pandas"": ""3.0.3"", ""qutip"": ""5.3.0"", ""stim"": ""1.16.0"", ""gmpy2"": ""2.3.1"", ""nbformat"": ""5.10.4"", ""nbclient"": ""0.11.0""}",Windows,11,Gercom,2026-07-19T23:50:00.640596+00:00
P12_boundary_variability,P12_boundary_variability:three_node:1f9ad1c3d020adef:L2:214:m10-intent:0,three_node,1f9ad1c3d020adef,214,m10-intent,L2,iterative_analytical,0,10,10,0.8,0.05,1e-05,,True,a -> r -> b,2,True,,,,0.834179745759839,4,0.000411,VIOLATED,False,6,0.834179745759839,0.834179745759839,0.0,1.430532,False,,514,170,129,99,0,0,0.06018878751,cbaed736c1e07620806e37237506a4a420ddd3f1d4861300939837626d53d863,False,,,,False,,3eada4d39cc676240b3278de813f19477e0b0eb8,1f2680a5b9065e708a7497adc53a95b108029b98,3.13.14,2.5.1,"{""pydantic"": ""2.13.4"", ""yaml"": ""6.0.3"", ""networkx"": ""3.6.1"", ""numpy"": ""2.5.1"", ""scipy"": ""1.18.0"", ""matplotlib"": ""3.11.0"", ""pandas"": ""3.0.3"", ""qutip"": ""5.3.0"", ""stim"": ""1.16.0"", ""gmpy2"": ""2.3.1"", ""nbformat"": ""5.10.4"", ""nbclient"": ""0.11.0""}",Windows,11,Gercom,2026-07-19T23:50:05.155423+00:00
P12_boundary_variability,P12_boundary_variability:three_node:1f9ad1c3d020adef:L2:215:m10-intent:0,three_node,1f9ad1c3d020adef,215,m10-intent,L2,iterative_analytical,0,10,10,0.8,0.05,1e-05,,True,a -> r -> b,2,True,,,,0.834179745759839,4,0.000387,VIOLATED,False,8,0.834179745759839,0.834179745759839,0.0,1.437059,False,,478,182,147,124,0,0,0.06014131251,f26fbcc7a0d8d3aa740d5de3c3931590cd1fa59ec08dc2432e815b7be27758f5,False,,,,False,,3eada4d39cc676240b3278de813f19477e0b0eb8,1f2680a5b9065e708a7497adc53a95b108029b98,3.13.14,2.5.1,"{""pydantic"": ""2.13.4"", ""yaml"": ""6.0.3"", ""networkx"": ""3.6.1"", ""numpy"": ""2.5.1"", ""scipy"": ""1.18.0"", ""matplotlib"": ""3.11.0"", ""pandas"": ""3.0.3"", ""qutip"": ""5.3.0"", ""stim"": ""1.16.0"", ""gmpy2"": ""2.3.1"", ""nbformat"": ""5.10.4"", ""nbclient"": ""0.11.0""}",Windows,11,Gercom,2026-07-19T23:50:09.798939+00:00
P12_boundary_variability,P12_boundary_variability:three_node:1f9ad1c3d020adef:L2:216:m10-intent:0,three_node,1f9ad1c3d020adef,216,m10-intent,L2,iterative_analytical,0,10,10,0.8,0.05,1e-05,,True,a -> r -> b,2,True,,,,0.834179745759839,4,0.000391,VIOLATED,False,6,0.834179745759839,0.834179745759839,0.0,1.317054,False,,487,167,133,110,0,0,0.06018375001,d449c9b14b5f2e9aaa9c70ba559c104c7c6654b22abc5ee1bf26aaba40380d6b,False,,,,False,,3eada4d39cc676240b3278de813f19477e0b0eb8,1f2680a5b9065e708a7497adc53a95b108029b98,3.13.14,2.5.1,"{""pydantic"": ""2.13.4"", ""yaml"": ""6.0.3"", ""networkx"": ""3.6.1"", ""numpy"": ""2.5.1"", ""scipy"": ""1.18.0"", ""matplotlib"": ""3.11.0"", ""pandas"": ""3.0.3"", ""qutip"": ""5.3.0"", ""stim"": ""1.16.0"", ""gmpy2"": ""2.3.1"", ""nbformat"": ""5.10.4"", ""nbclient"": ""0.11.0""}",Windows,11,Gercom,2026-07-19T23:50:14.182820+00:00
P12_boundary_variability,P12_boundary_variability:three_node:1f9ad1c3d020adef:L2:217:m10-intent:0,three_node,1f9ad1c3d020adef,217,m10-intent,L2,iterative_analytical,0,10,10,0.8,0.05,1e-05,,True,a -> r -> b,2,True,,,,0.834179745759839,4,0.000415,VIOLATED,False,7,0.8341797457598391,0.8341797457598391,1.1102230246251565e-16,1.355436,False,,491,175,137,112,0,0,0.06016872501,a0ec3af08b2450ce1c36874336e7511fb76cff68410076edbdcba79c33ca422e,False,,,,False,,3eada4d39cc676240b3278de813f19477e0b0eb8,1f2680a5b9065e708a7497adc53a95b108029b98,3.13.14,2.5.1,"{""pydantic"": ""2.13.4"", ""yaml"": ""6.0.3"", ""networkx"": ""3.6.1"", ""numpy"": ""2.5.1"", ""scipy"": ""1.18.0"", ""matplotlib"": ""3.11.0"", ""pandas"": ""3.0.3"", ""qutip"": ""5.3.0"", ""stim"": ""1.16.0"", ""gmpy2"": ""2.3.1"", ""nbformat"": ""5.10.4"", ""nbclient"": ""0.11.0""}",Windows,11,Gercom,2026-07-19T23:50:18.578450+00:00
P12_boundary_variability,P12_boundary_variability:three_node:1f9ad1c3d020adef:L2:218:m10-intent:0,three_node,1f9ad1c3d020adef,218,m10-intent,L2,iterative_analytical,0,10,10,0.8,0.05,1e-05,,True,a -> r -> b,2,True,,,,0.834179745759839,4,0.000385,VIOLATED,False,5,0.8341797457598389,0.8341797457598389,-1.1102230246251565e-16,1.415152,False,,499,167,125,93,0,0,0.06017867501,f65f22c856cf98bcd3986cc398d15a5953c135f2d7d0f375418ccbd1c304007b,False,,,,False,,3eada4d39cc676240b3278de813f19477e0b0eb8,1f2680a5b9065e708a7497adc53a95b108029b98,3.13.14,2.5.1,"{""pydantic"": ""2.13.4"", ""yaml"": ""6.0.3"", ""networkx"": ""3.6.1"", ""numpy"": ""2.5.1"", ""scipy"": ""1.18.0"", ""matplotlib"": ""3.11.0"", ""pandas"": ""3.0.3"", ""qutip"": ""5.3.0"", ""stim"": ""1.16.0"", ""gmpy2"": ""2.3.1"", ""nbformat"": ""5.10.4"", ""nbclient"": ""0.11.0""}",Windows,11,Gercom,2026-07-19T23:50:23.636979+00:00
P12_boundary_variability,P12_boundary_variability:three_node:1f9ad1c3d020adef:L2:219:m10-intent:0,three_node,1f9ad1c3d020adef,219,m10-intent,L2,iterative_analytical,0,10,10,0.8,0.05,1e-05,,True,a -> r -> b,2,True,,,,0.834179745759839,4,0.000713,VIOLATED,False,6,0.834179745759839,0.834179745759839,0.0,1.939506,False,,523,169,132,106,0,0,0.06018371251,156eb98e080e88b9a57a4fdaa7cdf946ff4f483c9ad7d4d8ac2557d388878573,False,,,,False,,3eada4d39cc676240b3278de813f19477e0b0eb8,1f2680a5b9065e708a7497adc53a95b108029b98,3.13.14,2.5.1,"{""pydantic"": ""2.13.4"", ""yaml"": ""6.0.3"", ""networkx"": ""3.6.1"", ""numpy"": ""2.5.1"", ""scipy"": ""1.18.0"", ""matplotlib"": ""3.11.0"", ""pandas"": ""3.0.3"", ""qutip"": ""5.3.0"", ""stim"": ""1.16.0"", ""gmpy2"": ""2.3.1"", ""nbformat"": ""5.10.4"", ""nbclient"": ""0.11.0""}",Windows,11,Gercom,2026-07-19T23:50:29.096888+00:00
P12_boundary_variability,P12_boundary_variability:three_node:1f9ad1c3d020adef:L2:220:m10-intent:0,three_node,1f9ad1c3d020adef,220,m10-intent,L2,iterative_analytical,0,10,10,0.8,0.05,1e-05,,True,a -> r -> b,2,True,,,,0.834179745759839,4,0.000389,VIOLATED,False,6,0.834179745759839,0.834179745759839,0.0,1.289151,False,,459,164,129,106,0,0,0.06016368751,6ca53eec05752caa0b087fd3866818c4dcdbd4a68f3a1288150b388d483ada51,False,,,,False,,3eada4d39cc676240b3278de813f19477e0b0eb8,1f2680a5b9065e708a7497adc53a95b108029b98,3.13.14,2.5.1,"{""pydantic"": ""2.13.4"", ""yaml"": ""6.0.3"", ""networkx"": ""3.6.1"", ""numpy"": ""2.5.1"", ""scipy"": ""1.18.0"", ""matplotlib"": ""3.11.0"", ""pandas"": ""3.0.3"", ""qutip"": ""5.3.0"", ""stim"": ""1.16.0"", ""gmpy2"": ""2.3.1"", ""nbformat"": ""5.10.4"", ""nbclient"": ""0.11.0""}",Windows,11,Gercom,2026-07-19T23:50:33.604692+00:00
P12_boundary_variability,P12_boundary_variability:three_node:1f9ad1c3d020adef:L2:221:m10-intent:0,three_node,1f9ad1c3d020adef,221,m10-intent,L2,iterative_analytical,0,10,10,0.8,0.05,1e-05,,True,a -> r -> b,2,True,,,,0.834179745759839,4,0.000383,VIOLATED,False,6,0.834179745759839,0.834179745759839,0.0,1.383674,False,,478,164,127,101,0,0,0.06015638751,2adcb824df79d79cf1fa7aba83e2fc6c14092312371b932bef3747456b9a0215,False,,,,False,,3eada4d39cc676240b3278de813f19477e0b0eb8,1f2680a5b9065e708a7497adc53a95b108029b98,3.13.14,2.5.1,"{""pydantic"": ""2.13.4"", ""yaml"": ""6.0.3"", ""networkx"": ""3.6.1"", ""numpy"": ""2.5.1"", ""scipy"": ""1.18.0"", ""matplotlib"": ""3.11.0"", ""pandas"": ""3.0.3"", ""qutip"": ""5.3.0"", ""stim"": ""1.16.0"", ""gmpy2"": ""2.3.1"", ""nbformat"": ""5.10.4"", ""nbclient"": ""0.11.0""}",Windows,11,Gercom,2026-07-19T23:50:38.049697+00:00
P12_boundary_variability,P12_boundary_variability:three_node:1f9ad1c3d020adef:L2:222:m10-intent:0,three_node,1f9ad1c3d020adef,222,m10-intent,L2,iterative_analytical,0,10,10,0.8,0.05,1e-05,,True,a -> r -> b,2,True,,,,0.834179745759839,4,0.000377,VIOLATED,False,5,0.8341797457598389,0.8341797457598389,-1.1102230246251565e-16,1.212729,False,,485,154,117,90,0,0,0.06019877501,fa634b0f81b869f398fac5f956bee1f480989d93e7e190f57edca11dfc26be25,False,,,,False,,3eada4d39cc676240b3278de813f19477e0b0eb8,1f2680a5b9065e708a7497adc53a95b108029b98,3.13.14,2.5.1,"{""pydantic"": ""2.13.4"", ""yaml"": ""6.0.3"", ""networkx"": ""3.6.1"", ""numpy"": ""2.5.1"", ""scipy"": ""1.18.0"", ""matplotlib"": ""3.11.0"", ""pandas"": ""3.0.3"", ""qutip"": ""5.3.0"", ""stim"": ""1.16.0"", ""gmpy2"": ""2.3.1"", ""nbformat"": ""5.10.4"", ""nbclient"": ""0.11.0""}",Windows,11,Gercom,2026-07-19T23:50:42.325320+00:00
P12_boundary_variability,P12_boundary_variability:three_node:1f9ad1c3d020adef:L2:223:m10-intent:0,three_node,1f9ad1c3d020adef,223,m10-intent,L2,iterative_analytical,0,10,10,0.8,0.05,1e-05,,True,a -> r -> b,2,True,,,,0.834179745759839,4,0.000424,VIOLATED,False,7,0.8341797457598391,0.8341797457598391,1.1102230246251565e-16,1.312482,False,,497,167,134,111,0,0,0.06019882501,4619a14ad62e1be8b79b2dc93e62c32864ff1059c70239bfd71b8f2c3fe83828,False,,,,False,,3eada4d39cc676240b3278de813f19477e0b0eb8,1f2680a5b9065e708a7497adc53a95b108029b98,3.13.14,2.5.1,"{""pydantic"": ""2.13.4"", ""yaml"": ""6.0.3"", ""networkx"": ""3.6.1"", ""numpy"": ""2.5.1"", ""scipy"": ""1.18.0"", ""matplotlib"": ""3.11.0"", ""pandas"": ""3.0.3"", ""qutip"": ""5.3.0"", ""stim"": ""1.16.0"", ""gmpy2"": ""2.3.1"", ""nbformat"": ""5.10.4"", ""nbclient"": ""0.11.0""}",Windows,11,Gercom,2026-07-19T23:50:46.675058+00:00
P12_boundary_variability,P12_boundary_variability:three_node:1f9ad1c3d020adef:L2:224:m10-intent:0,three_node,1f9ad1c3d020adef,224,m10-intent,L2,iterative_analytical,0,10,10,0.8,0.05,1e-05,,True,a -> r -> b,2,True,,,,0.834179745759839,4,0.000399,VIOLATED,False,7,0.8341797457598391,0.8341797457598391,1.1102230246251565e-16,1.302467,False,,446,175,135,107,0,0,0.06016370001,b162be5b9f3bb46d343eac90ea1a3814e6d0ae863f0d711863e77729e6569b10,False,,,,False,,3eada4d39cc676240b3278de813f19477e0b0eb8,1f2680a5b9065e708a7497adc53a95b108029b98,3.13.14,2.5.1,"{""pydantic"": ""2.13.4"", ""yaml"": ""6.0.3"", ""networkx"": ""3.6.1"", ""numpy"": ""2.5.1"", ""scipy"": ""1.18.0"", ""matplotlib"": ""3.11.0"", ""pandas"": ""3.0.3"", ""qutip"": ""5.3.0"", ""stim"": ""1.16.0"", ""gmpy2"": ""2.3.1"", ""nbformat"": ""5.10.4"", ""nbclient"": ""0.11.0""}",Windows,11,Gercom,2026-07-19T23:50:50.965161+00:00
P12_boundary_variability,P12_boundary_variability:three_node:1f9ad1c3d020adef:L2:225:m10-intent:0,three_node,1f9ad1c3d020adef,225,m10-intent,L2,iterative_analytical,0,10,10,0.8,0.05,1e-05,,True,a -> r -> b,2,True,,,,0.834179745759839,4,0.00039,VIOLATED,False,7,0.8341797457598391,0.8341797457598391,1.1102230246251565e-16,1.32401,False,,458,170,137,117,0,0,0.06018871251,696288c3b14cfab96ba18b87c630098af4bb6a0d4c67f26c44af5e1e96046f5e,False,,,,False,,3eada4d39cc676240b3278de813f19477e0b0eb8,1f2680a5b9065e708a7497adc53a95b108029b98,3.13.14,2.5.1,"{""pydantic"": ""2.13.4"", ""yaml"": ""6.0.3"", ""networkx"": ""3.6.1"", ""numpy"": ""2.5.1"", ""scipy"": ""1.18.0"", ""matplotlib"": ""3.11.0"", ""pandas"": ""3.0.3"", ""qutip"": ""5.3.0"", ""stim"": ""1.16.0"", ""gmpy2"": ""2.3.1"", ""nbformat"": ""5.10.4"", ""nbclient"": ""0.11.0""}",Windows,11,Gercom,2026-07-19T23:50:55.456528+00:00
P12_boundary_variability,P12_boundary_variability:three_node:1f9ad1c3d020adef:L2:226:m10-intent:0,three_node,1f9ad1c3d020adef,226,m10-intent,L2,iterative_analytical,0,10,10,0.8,0.05,1e-05,,True,a -> r -> b,2,True,,,,0.834179745759839,4,0.000387,VIOLATED,False,6,0.834179745759839,0.834179745759839,0.0,1.410833,False,,503,175,136,109,0,0,0.06017368751,9491786fc235bdb3ed7278e9f5d20c956bd6c9f68b3e15d512e1ec954dc6e028,False,,,,False,,3eada4d39cc676240b3278de813f19477e0b0eb8,1f2680a5b9065e708a7497adc53a95b108029b98,3.13.14,2.5.1,"{""pydantic"": ""2.13.4"", ""yaml"": ""6.0.3"", ""networkx"": ""3.6.1"", ""numpy"": ""2.5.1"", ""scipy"": ""1.18.0"", ""matplotlib"": ""3.11.0"", ""pandas"": ""3.0.3"", ""qutip"": ""5.3.0"", ""stim"": ""1.16.0"", ""gmpy2"": ""2.3.1"", ""nbformat"": ""5.10.4"", ""nbclient"": ""0.11.0""}",Windows,11,Gercom,2026-07-19T23:50:59.963019+00:00
P12_boundary_variability,P12_boundary_variability:three_node:1f9ad1c3d020adef:L2:227:m10-intent:0,three_node,1f9ad1c3d020adef,227,m10-intent,L2,iterative_analytical,0,10,10,0.8,0.05,1e-05,,True,a -> r -> b,2,True,,,,0.834179745759839,4,0.000383,VIOLATED,False,6,0.834179745759839,0.834179745759839,0.0,1.32885,False,,479,157,125,104,0,0,0.06018877501,b75859b153efbbda96cf78bbd5d0cfed549bccfe114da412ed31a753bd1afbf6,False,,,,False,,3eada4d39cc676240b3278de813f19477e0b0eb8,1f2680a5b9065e708a7497adc53a95b108029b98,3.13.14,2.5.1,"{""pydantic"": ""2.13.4"", ""yaml"": ""6.0.3"", ""networkx"": ""3.6.1"", ""numpy"": ""2.5.1"", ""scipy"": ""1.18.0"", ""matplotlib"": ""3.11.0"", ""pandas"": ""3.0.3"", ""qutip"": ""5.3.0"", ""stim"": ""1.16.0"", ""gmpy2"": ""2.3.1"", ""nbformat"": ""5.10.4"", ""nbclient"": ""0.11.0""}",Windows,11,Gercom,2026-07-19T23:51:04.336239+00:00
P12_boundary_variability,P12_boundary_variability:three_node:1f9ad1c3d020adef:L2:228:m10-intent:0,three_node,1f9ad1c3d020adef,228,m10-intent,L2,iterative_analytical,0,10,10,0.8,0.05,1e-05,,True,a -> r -> b,2,True,,,,0.834179745759839,4,0.000425,VIOLATED,False,6,0.834179745759839,0.834179745759839,0.0,1.54186,False,,495,173,136,111,0,0,0.06017367501,4835d98539cb0a8e2d9112f5315d49d1626539e6015bdf25b8b3199a1a30b5c7,False,,,,False,,3eada4d39cc676240b3278de813f19477e0b0eb8,1f2680a5b9065e708a7497adc53a95b108029b98,3.13.14,2.5.1,"{""pydantic"": ""2.13.4"", ""yaml"": ""6.0.3"", ""networkx"": ""3.6.1"", ""numpy"": ""2.5.1"", ""scipy"": ""1.18.0"", ""matplotlib"": ""3.11.0"", ""pandas"": ""3.0.3"", ""qutip"": ""5.3.0"", ""stim"": ""1.16.0"", ""gmpy2"": ""2.3.1"", ""nbformat"": ""5.10.4"", ""nbclient"": ""0.11.0""}",Windows,11,Gercom,2026-07-19T23:51:08.896770+00:00
P12_boundary_variability,P12_boundary_variability:three_node:1f9ad1c3d020adef:L2:229:m10-intent:0,three_node,1f9ad1c3d020adef,229,m10-intent,L2,iterative_analytical,0,10,10,0.8,0.05,1e-05,,True,a -> r -> b,2,True,,,,0.834179745759839,4,0.000381,VIOLATED,False,6,0.834179745759839,0.834179745759839,0.0,1.354313,False,,448,178,133,100,0,0,0.06016361251,13124f6a006c20f86853d096b333d487e81df60755756288e91229bb8b5ec307,False,,,,False,,3eada4d39cc676240b3278de813f19477e0b0eb8,1f2680a5b9065e708a7497adc53a95b108029b98,3.13.14,2.5.1,"{""pydantic"": ""2.13.4"", ""yaml"": ""6.0.3"", ""networkx"": ""3.6.1"", ""numpy"": ""2.5.1"", ""scipy"": ""1.18.0"", ""matplotlib"": ""3.11.0"", ""pandas"": ""3.0.3"", ""qutip"": ""5.3.0"", ""stim"": ""1.16.0"", ""gmpy2"": ""2.3.1"", ""nbformat"": ""5.10.4"", ""nbclient"": ""0.11.0""}",Windows,11,Gercom,2026-07-19T23:51:13.341175+00:00
P12_boundary_variability,P12_boundary_variability:four_node:f93a0e120f338dcc:L2:200:m10-intent:0,four_node,f93a0e120f338dcc,200,m10-intent,L2,iterative_analytical,0,10,10,0.5,0.05,1e-05,,True,a -> r1 -> r2 -> b,3,True,,,,0.5542478124999999,0,0.000389,SATISFIED,True,228,0.5542478124999999,0.5542478124999999,0.0,2.396628,False,,609,231,0,0,0,0,0.06019158751,f88b07d97c8c73e82a3e5763b55cb0d48be088c4ff7e1bb9b53ef788cd442041,False,,,,False,,3eada4d39cc676240b3278de813f19477e0b0eb8,1f2680a5b9065e708a7497adc53a95b108029b98,3.13.14,2.5.1,"{""pydantic"": ""2.13.4"", ""yaml"": ""6.0.3"", ""networkx"": ""3.6.1"", ""numpy"": ""2.5.1"", ""scipy"": ""1.18.0"", ""matplotlib"": ""3.11.0"", ""pandas"": ""3.0.3"", ""qutip"": ""5.3.0"", ""stim"": ""1.16.0"", ""gmpy2"": ""2.3.1"", ""nbformat"": ""5.10.4"", ""nbclient"": ""0.11.0""}",Windows,11,Gercom,2026-07-19T23:51:18.780454+00:00
P12_boundary_variability,P12_boundary_variability:four_node:f93a0e120f338dcc:L2:201:m10-intent:0,four_node,f93a0e120f338dcc,201,m10-intent,L2,iterative_analytical,0,10,10,0.5,0.05,1e-05,,True,a -> r1 -> r2 -> b,3,True,,,,0.5542478124999999,0,0.000372,SATISFIED,True,246,0.5542478124999999,0.5542478124999999,0.0,2.669965,False,,601,251,0,0,0,0,0.06019150001,8c91274e1209ad65aee4c69880e1bce443ee13ddc4a9c0c4637fcbeaeb43e3bc,False,,,,False,,3eada4d39cc676240b3278de813f19477e0b0eb8,1f2680a5b9065e708a7497adc53a95b108029b98,3.13.14,2.5.1,"{""pydantic"": ""2.13.4"", ""yaml"": ""6.0.3"", ""networkx"": ""3.6.1"", ""numpy"": ""2.5.1"", ""scipy"": ""1.18.0"", ""matplotlib"": ""3.11.0"", ""pandas"": ""3.0.3"", ""qutip"": ""5.3.0"", ""stim"": ""1.16.0"", ""gmpy2"": ""2.3.1"", ""nbformat"": ""5.10.4"", ""nbclient"": ""0.11.0""}",Windows,11,Gercom,2026-07-19T23:51:24.553777+00:00
P12_boundary_variability,P12_boundary_variability:four_node:f93a0e120f338dcc:L2:202:m10-intent:0,four_node,f93a0e120f338dcc,202,m10-intent,L2,iterative_analytical,0,10,10,0.5,0.05,1e-05,,True,a -> r1 -> r2 -> b,3,True,,,,0.5542478124999999,0,0.000376,SATISFIED,True,234,0.5542478124999999,0.5542478124999999,0.0,2.516798,False,,664,240,0,0,0,0,0.06018140001,64e5a649abe24158de486829aa20ac00c34ff1ddcbb0a61d9a7a246318b4a5d2,False,,,,False,,3eada4d39cc676240b3278de813f19477e0b0eb8,1f2680a5b9065e708a7497adc53a95b108029b98,3.13.14,2.5.1,"{""pydantic"": ""2.13.4"", ""yaml"": ""6.0.3"", ""networkx"": ""3.6.1"", ""numpy"": ""2.5.1"", ""scipy"": ""1.18.0"", ""matplotlib"": ""3.11.0"", ""pandas"": ""3.0.3"", ""qutip"": ""5.3.0"", ""stim"": ""1.16.0"", ""gmpy2"": ""2.3.1"", ""nbformat"": ""5.10.4"", ""nbclient"": ""0.11.0""}",Windows,11,Gercom,2026-07-19T23:51:30.200133+00:00
P12_boundary_variability,P12_boundary_variability:four_node:f93a0e120f338dcc:L2:203:m10-intent:0,four_node,f93a0e120f338dcc,203,m10-intent,L2,iterative_analytical,0,10,10,0.5,0.05,1e-05,,True,a -> r1 -> r2 -> b,3,True,,,,0.5542478124999999,0,0.000394,SATISFIED,True,225,0.5542478124999999,0.5542478124999999,0.0,2.352746,False,,669,228,0,0,0,0,0.06015915001,0ae0fd069b2c8b72486c803b32847c061a2ba3cb4d97bf6439463c91398e874a,False,,,,False,,3eada4d39cc676240b3278de813f19477e0b0eb8,1f2680a5b9065e708a7497adc53a95b108029b98,3.13.14,2.5.1,"{""pydantic"": ""2.13.4"", ""yaml"": ""6.0.3"", ""networkx"": ""3.6.1"", ""numpy"": ""2.5.1"", ""scipy"": ""1.18.0"", ""matplotlib"": ""3.11.0"", ""pandas"": ""3.0.3"", ""qutip"": ""5.3.0"", ""stim"": ""1.16.0"", ""gmpy2"": ""2.3.1"", ""nbformat"": ""5.10.4"", ""nbclient"": ""0.11.0""}",Windows,11,Gercom,2026-07-19T23:51:35.640111+00:00
P12_boundary_variability,P12_boundary_variability:four_node:f93a0e120f338dcc:L2:204:m10-intent:0,four_node,f93a0e120f338dcc,204,m10-intent,L2,iterative_analytical,0,10,10,0.5,0.05,1e-05,,True,a -> r1 -> r2 -> b,3,True,,,,0.5542478124999999,0,0.000359,SATISFIED,True,222,0.5542478124999999,0.5542478124999999,0.0,2.520574,False,,618,224,0,0,0,0,0.06019648751,e49f61026857f868374b501f69742a841d3501a1786493a81395ee1138f28ec2,False,,,,False,,3eada4d39cc676240b3278de813f19477e0b0eb8,1f2680a5b9065e708a7497adc53a95b108029b98,3.13.14,2.5.1,"{""pydantic"": ""2.13.4"", ""yaml"": ""6.0.3"", ""networkx"": ""3.6.1"", ""numpy"": ""2.5.1"", ""scipy"": ""1.18.0"", ""matplotlib"": ""3.11.0"", ""pandas"": ""3.0.3"", ""qutip"": ""5.3.0"", ""stim"": ""1.16.0"", ""gmpy2"": ""2.3.1"", ""nbformat"": ""5.10.4"", ""nbclient"": ""0.11.0""}",Windows,11,Gercom,2026-07-19T23:51:41.180221+00:00
P12_boundary_variability,P12_boundary_variability:four_node:f93a0e120f338dcc:L2:205:m10-intent:0,four_node,f93a0e120f338dcc,205,m10-intent,L2,iterative_analytical,0,10,10,0.5,0.05,1e-05,,True,a -> r1 -> r2 -> b,3,True,,,,0.5542478124999999,0,0.000358,SATISFIED,True,233,0.5542478124999999,0.5542478124999999,0.0,2.419363,False,,629,238,0,0,0,0,0.06019658751,56122c3cf92f93f3162ce11432bd75a8c67d36056ed4b73ab309e7d479f46a62,False,,,,False,,3eada4d39cc676240b3278de813f19477e0b0eb8,1f2680a5b9065e708a7497adc53a95b108029b98,3.13.14,2.5.1,"{""pydantic"": ""2.13.4"", ""yaml"": ""6.0.3"", ""networkx"": ""3.6.1"", ""numpy"": ""2.5.1"", ""scipy"": ""1.18.0"", ""matplotlib"": ""3.11.0"", ""pandas"": ""3.0.3"", ""qutip"": ""5.3.0"", ""stim"": ""1.16.0"", ""gmpy2"": ""2.3.1"", ""nbformat"": ""5.10.4"", ""nbclient"": ""0.11.0""}",Windows,11,Gercom,2026-07-19T23:51:46.687594+00:00
P12_boundary_variability,P12_boundary_variability:four_node:f93a0e120f338dcc:L2:206:m10-intent:0,four_node,f93a0e120f338dcc,206,m10-intent,L2,iterative_analytical,0,10,10,0.5,0.05,1e-05,,True,a -> r1 -> r2 -> b,3,True,,,,0.5542478124999999,0,0.000357,SATISFIED,True,226,0.5542478124999999,0.5542478124999999,0.0,2.420469,False,,674,229,0,0,0,0,0.06019657501,f1072079e5545833b603b4f8ae9f9639d4baf241f57f7180daff8107a1ac389c,False,,,,False,,3eada4d39cc676240b3278de813f19477e0b0eb8,1f2680a5b9065e708a7497adc53a95b108029b98,3.13.14,2.5.1,"{""pydantic"": ""2.13.4"", ""yaml"": ""6.0.3"", ""networkx"": ""3.6.1"", ""numpy"": ""2.5.1"", ""scipy"": ""1.18.0"", ""matplotlib"": ""3.11.0"", ""pandas"": ""3.0.3"", ""qutip"": ""5.3.0"", ""stim"": ""1.16.0"", ""gmpy2"": ""2.3.1"", ""nbformat"": ""5.10.4"", ""nbclient"": ""0.11.0""}",Windows,11,Gercom,2026-07-19T23:51:52.170486+00:00
P12_boundary_variability,P12_boundary_variability:four_node:f93a0e120f338dcc:L2:207:m10-intent:0,four_node,f93a0e120f338dcc,207,m10-intent,L2,iterative_analytical,0,10,10,0.5,0.05,1e-05,,True,a -> r1 -> r2 -> b,3,True,,,,0.5542478124999999,0,0.000367,SATISFIED,True,234,0.5542478124999999,0.5542478124999999,0.0,2.504137,False,,631,237,0,0,0,0,0.06019146251,4e0e69678fbc4bbe25e5c4ee9efd6f98cab6179c0ff71828229a05211d8a1309,False,,,,False,,3eada4d39cc676240b3278de813f19477e0b0eb8,1f2680a5b9065e708a7497adc53a95b108029b98,3.13.14,2.5.1,"{""pydantic"": ""2.13.4"", ""yaml"": ""6.0.3"", ""networkx"": ""3.6.1"", ""numpy"": ""2.5.1"", ""scipy"": ""1.18.0"", ""matplotlib"": ""3.11.0"", ""pandas"": ""3.0.3"", ""qutip"": ""5.3.0"", ""stim"": ""1.16.0"", ""gmpy2"": ""2.3.1"", ""nbformat"": ""5.10.4"", ""nbclient"": ""0.11.0""}",Windows,11,Gercom,2026-07-19T23:51:57.714367+00:00
P12_boundary_variability,P12_boundary_variability:four_node:f93a0e120f338dcc:L2:208:m10-intent:0,four_node,f93a0e120f338dcc,208,m10-intent,L2,iterative_analytical,0,10,10,0.5,0.05,1e-05,,True,a -> r1 -> r2 -> b,3,True,,,,0.5542478124999999,0,0.000368,SATISFIED,True,226,0.5542478124999999,0.5542478124999999,0.0,2.346379,False,,613,227,0,0,0,0,0.06019655001,e56693ac372dc3b8143ff9b48a404ef1b0f069b406682ffcce772c5d01aa9ec8,False,,,,False,,3eada4d39cc676240b3278de813f19477e0b0eb8,1f2680a5b9065e708a7497adc53a95b108029b98,3.13.14,2.5.1,"{""pydantic"": ""2.13.4"", ""yaml"": ""6.0.3"", ""networkx"": ""3.6.1"", ""numpy"": ""2.5.1"", ""scipy"": ""1.18.0"", ""matplotlib"": ""3.11.0"", ""pandas"": ""3.0.3"", ""qutip"": ""5.3.0"", ""stim"": ""1.16.0"", ""gmpy2"": ""2.3.1"", ""nbformat"": ""5.10.4"", ""nbclient"": ""0.11.0""}",Windows,11,Gercom,2026-07-19T23:52:03.146130+00:00
P12_boundary_variability,P12_boundary_variability:four_node:f93a0e120f338dcc:L2:209:m10-intent:0,four_node,f93a0e120f338dcc,209,m10-intent,L2,iterative_analytical,0,10,10,0.5,0.05,1e-05,,True,a -> r1 -> r2 -> b,3,True,,,,0.5542478124999999,0,0.000506,SATISFIED,True,238,0.5542478124999999,0.5542478124999999,0.0,2.564024,False,,650,242,0,0,0,0,0.06019146251,a185e17f6a684907269a73f368d0d6a3e23658f7dbe7c32e0197dc04246bab7d,False,,,,False,,3eada4d39cc676240b3278de813f19477e0b0eb8,1f2680a5b9065e708a7497adc53a95b108029b98,3.13.14,2.5.1,"{""pydantic"": ""2.13.4"", ""yaml"": ""6.0.3"", ""networkx"": ""3.6.1"", ""numpy"": ""2.5.1"", ""scipy"": ""1.18.0"", ""matplotlib"": ""3.11.0"", ""pandas"": ""3.0.3"", ""qutip"": ""5.3.0"", ""stim"": ""1.16.0"", ""gmpy2"": ""2.3.1"", ""nbformat"": ""5.10.4"", ""nbclient"": ""0.11.0""}",Windows,11,Gercom,2026-07-19T23:52:08.819507+00:00
P12_boundary_variability,P12_boundary_variability:four_node:f93a0e120f338dcc:L2:210:m10-intent:0,four_node,f93a0e120f338dcc,210,m10-intent,L2,iterative_analytical,0,10,10,0.5,0.05,1e-05,,True,a -> r1 -> r2 -> b,3,True,,,,0.5542478124999999,0,0.000373,SATISFIED,True,209,0.5542478124999999,0.5542478124999999,0.0,2.355151,False,,638,213,0,0,0,0,0.06018152501,ebeb608555ae986a41edb2bf25a2c53c60765ee2a9cff40f3c9530ecf3a3e8a6,False,,,,False,,3eada4d39cc676240b3278de813f19477e0b0eb8,1f2680a5b9065e708a7497adc53a95b108029b98,3.13.14,2.5.1,"{""pydantic"": ""2.13.4"", ""yaml"": ""6.0.3"", ""networkx"": ""3.6.1"", ""numpy"": ""2.5.1"", ""scipy"": ""1.18.0"", ""matplotlib"": ""3.11.0"", ""pandas"": ""3.0.3"", ""qutip"": ""5.3.0"", ""stim"": ""1.16.0"", ""gmpy2"": ""2.3.1"", ""nbformat"": ""5.10.4"", ""nbclient"": ""0.11.0""}",Windows,11,Gercom,2026-07-19T23:52:14.260828+00:00
P12_boundary_variability,P12_boundary_variability:four_node:f93a0e120f338dcc:L2:211:m10-intent:0,four_node,f93a0e120f338dcc,211,m10-intent,L2,iterative_analytical,0,10,10,0.5,0.05,1e-05,,True,a -> r1 -> r2 -> b,3,True,,,,0.5542478124999999,0,0.000372,SATISFIED,True,221,0.5542478124999999,0.5542478124999999,0.0,2.358254,False,,660,225,0,0,0,0,0.06019658751,f00116879b06cfda8af89f8eceda89fd3347bf3dea9cfbad7eab3302858a2fde,False,,,,False,,3eada4d39cc676240b3278de813f19477e0b0eb8,1f2680a5b9065e708a7497adc53a95b108029b98,3.13.14,2.5.1,"{""pydantic"": ""2.13.4"", ""yaml"": ""6.0.3"", ""networkx"": ""3.6.1"", ""numpy"": ""2.5.1"", ""scipy"": ""1.18.0"", ""matplotlib"": ""3.11.0"", ""pandas"": ""3.0.3"", ""qutip"": ""5.3.0"", ""stim"": ""1.16.0"", ""gmpy2"": ""2.3.1"", ""nbformat"": ""5.10.4"", ""nbclient"": ""0.11.0""}",Windows,11,Gercom,2026-07-19T23:52:19.665141+00:00
P12_boundary_variability,P12_boundary_variability:four_node:f93a0e120f338dcc:L2:212:m10-intent:0,four_node,f93a0e120f338dcc,212,m10-intent,L2,iterative_analytical,0,10,10,0.5,0.05,1e-05,,True,a -> r1 -> r2 -> b,3,True,,,,0.5542478124999999,0,0.000369,SATISFIED,True,204,0.5542478124999999,0.5542478124999999,0.0,2.316046,False,,581,207,0,0,0,0,0.06019658751,f0d5d2b05e76649790b5ead3fc07e88e711bdea221d84b464b3f56483718b67c,False,,,,False,,3eada4d39cc676240b3278de813f19477e0b0eb8,1f2680a5b9065e708a7497adc53a95b108029b98,3.13.14,2.5.1,"{""pydantic"": ""2.13.4"", ""yaml"": ""6.0.3"", ""networkx"": ""3.6.1"", ""numpy"": ""2.5.1"", ""scipy"": ""1.18.0"", ""matplotlib"": ""3.11.0"", ""pandas"": ""3.0.3"", ""qutip"": ""5.3.0"", ""stim"": ""1.16.0"", ""gmpy2"": ""2.3.1"", ""nbformat"": ""5.10.4"", ""nbclient"": ""0.11.0""}",Windows,11,Gercom,2026-07-19T23:52:25.049468+00:00
P12_boundary_variability,P12_boundary_variability:four_node:f93a0e120f338dcc:L2:213:m10-intent:0,four_node,f93a0e120f338dcc,213,m10-intent,L2,iterative_analytical,0,10,10,0.5,0.05,1e-05,,True,a -> r1 -> r2 -> b,3,True,,,,0.5542478124999999,0,0.000432,SATISFIED,True,220,0.5542478124999999,0.5542478124999999,0.0,2.422823,False,,644,226,0,0,0,0,0.06019651251,52691007cdbc505326a6f819148a80d95688428118f8be1d2ef4f38e87128128,False,,,,False,,3eada4d39cc676240b3278de813f19477e0b0eb8,1f2680a5b9065e708a7497adc53a95b108029b98,3.13.14,2.5.1,"{""pydantic"": ""2.13.4"", ""yaml"": ""6.0.3"", ""networkx"": ""3.6.1"", ""numpy"": ""2.5.1"", ""scipy"": ""1.18.0"", ""matplotlib"": ""3.11.0"", ""pandas"": ""3.0.3"", ""qutip"": ""5.3.0"", ""stim"": ""1.16.0"", ""gmpy2"": ""2.3.1"", ""nbformat"": ""5.10.4"", ""nbclient"": ""0.11.0""}",Windows,11,Gercom,2026-07-19T23:52:30.526029+00:00
P12_boundary_variability,P12_boundary_variability:four_node:f93a0e120f338dcc:L2:214:m10-intent:0,four_node,f93a0e120f338dcc,214,m10-intent,L2,iterative_analytical,0,10,10,0.5,0.05,1e-05,,True,a -> r1 -> r2 -> b,3,True,,,,0.5542478124999999,0,0.000377,SATISFIED,True,230,0.5542478124999999,0.5542478124999999,0.0,2.498064,False,,668,233,0,0,0,0,0.06017138751,5783c6b25dc56e9dbf7ed7322bae62535ac77e8ad9e32f84e1e64ea4bf4e1d08,False,,,,False,,3eada4d39cc676240b3278de813f19477e0b0eb8,1f2680a5b9065e708a7497adc53a95b108029b98,3.13.14,2.5.1,"{""pydantic"": ""2.13.4"", ""yaml"": ""6.0.3"", ""networkx"": ""3.6.1"", ""numpy"": ""2.5.1"", ""scipy"": ""1.18.0"", ""matplotlib"": ""3.11.0"", ""pandas"": ""3.0.3"", ""qutip"": ""5.3.0"", ""stim"": ""1.16.0"", ""gmpy2"": ""2.3.1"", ""nbformat"": ""5.10.4"", ""nbclient"": ""0.11.0""}",Windows,11,Gercom,2026-07-19T23:52:36.239258+00:00
P12_boundary_variability,P12_boundary_variability:four_node:f93a0e120f338dcc:L2:215:m10-intent:0,four_node,f93a0e120f338dcc,215,m10-intent,L2,iterative_analytical,0,10,10,0.5,0.05,1e-05,,True,a -> r1 -> r2 -> b,3,True,,,,0.5542478124999999,0,0.000378,SATISFIED,True,229,0.5542478124999999,0.5542478124999999,0.0,2.393374,False,,639,234,0,0,0,0,0.06019660001,dcbdc620e3c80f1a2600dcca4f395369065d7e719f195e77a9c69e33dae6efee,False,,,,False,,3eada4d39cc676240b3278de813f19477e0b0eb8,1f2680a5b9065e708a7497adc53a95b108029b98,3.13.14,2.5.1,"{""pydantic"": ""2.13.4"", ""yaml"": ""6.0.3"", ""networkx"": ""3.6.1"", ""numpy"": ""2.5.1"", ""scipy"": ""1.18.0"", ""matplotlib"": ""3.11.0"", ""pandas"": ""3.0.3"", ""qutip"": ""5.3.0"", ""stim"": ""1.16.0"", ""gmpy2"": ""2.3.1"", ""nbformat"": ""5.10.4"", ""nbclient"": ""0.11.0""}",Windows,11,Gercom,2026-07-19T23:52:41.709197+00:00
P12_boundary_variability,P12_boundary_variability:four_node:f93a0e120f338dcc:L2:216:m10-intent:0,four_node,f93a0e120f338dcc,216,m10-intent,L2,iterative_analytical,0,10,10,0.5,0.05,1e-05,,True,a -> r1 -> r2 -> b,3,True,,,,0.5542478124999999,0,0.000474,SATISFIED,True,236,0.5542478124999999,0.5542478124999999,0.0,2.442991,False,,647,238,0,0,0,0,0.06019656251,90eab4afaf9766c2f9755820907afe1db3443597b4d4c4b7bddc87cf43d770e9,False,,,,False,,3eada4d39cc676240b3278de813f19477e0b0eb8,1f2680a5b9065e708a7497adc53a95b108029b98,3.13.14,2.5.1,"{""pydantic"": ""2.13.4"", ""yaml"": ""6.0.3"", ""networkx"": ""3.6.1"", ""numpy"": ""2.5.1"", ""scipy"": ""1.18.0"", ""matplotlib"": ""3.11.0"", ""pandas"": ""3.0.3"", ""qutip"": ""5.3.0"", ""stim"": ""1.16.0"", ""gmpy2"": ""2.3.1"", ""nbformat"": ""5.10.4"", ""nbclient"": ""0.11.0""}",Windows,11,Gercom,2026-07-19T23:52:47.330357+00:00
P12_boundary_variability,P12_boundary_variability:four_node:f93a0e120f338dcc:L2:217:m10-intent:0,four_node,f93a0e120f338dcc,217,m10-intent,L2,iterative_analytical,0,10,10,0.5,0.05,1e-05,,True,a -> r1 -> r2 -> b,3,True,,,,0.5542478124999999,0,0.000366,SATISFIED,True,229,0.5542478124999999,0.5542478124999999,0.0,2.421067,False,,578,234,0,0,0,0,0.06019651251,ee58d2778be468af0a5e2b17e8c8fb81019e6dcfe6d84c97ac1136119e1c5ab8,False,,,,False,,3eada4d39cc676240b3278de813f19477e0b0eb8,1f2680a5b9065e708a7497adc53a95b108029b98,3.13.14,2.5.1,"{""pydantic"": ""2.13.4"", ""yaml"": ""6.0.3"", ""networkx"": ""3.6.1"", ""numpy"": ""2.5.1"", ""scipy"": ""1.18.0"", ""matplotlib"": ""3.11.0"", ""pandas"": ""3.0.3"", ""qutip"": ""5.3.0"", ""stim"": ""1.16.0"", ""gmpy2"": ""2.3.1"", ""nbformat"": ""5.10.4"", ""nbclient"": ""0.11.0""}",Windows,11,Gercom,2026-07-19T23:52:52.834576+00:00
P12_boundary_variability,P12_boundary_variability:four_node:f93a0e120f338dcc:L2:218:m10-intent:0,four_node,f93a0e120f338dcc,218,m10-intent,L2,iterative_analytical,0,10,10,0.5,0.05,1e-05,,True,a -> r1 -> r2 -> b,3,True,,,,0.5542478124999999,0,0.00037,SATISFIED,True,240,0.5542478124999999,0.5542478124999999,0.0,2.345745,False,,642,242,0,0,0,0,0.06019153751,8bac97ad7bc453b92959462ee6fce8de767fe59e29a5a037ae84b7f667000053,False,,,,False,,3eada4d39cc676240b3278de813f19477e0b0eb8,1f2680a5b9065e708a7497adc53a95b108029b98,3.13.14,2.5.1,"{""pydantic"": ""2.13.4"", ""yaml"": ""6.0.3"", ""networkx"": ""3.6.1"", ""numpy"": ""2.5.1"", ""scipy"": ""1.18.0"", ""matplotlib"": ""3.11.0"", ""pandas"": ""3.0.3"", ""qutip"": ""5.3.0"", ""stim"": ""1.16.0"", ""gmpy2"": ""2.3.1"", ""nbformat"": ""5.10.4"", ""nbclient"": ""0.11.0""}",Windows,11,Gercom,2026-07-19T23:52:58.249619+00:00
P12_boundary_variability,P12_boundary_variability:four_node:f93a0e120f338dcc:L2:219:m10-intent:0,four_node,f93a0e120f338dcc,219,m10-intent,L2,iterative_analytical,0,10,10,0.5,0.05,1e-05,,True,a -> r1 -> r2 -> b,3,True,,,,0.5542478124999999,0,0.000374,SATISFIED,True,242,0.5542478124999999,0.5542478124999999,0.0,2.47474,False,,605,243,0,0,0,0,0.06017652501,48f5b5e91f6ee2eba60d95ef69e3bcb27139a101b86144b3bc09668f53fb79fd,False,,,,False,,3eada4d39cc676240b3278de813f19477e0b0eb8,1f2680a5b9065e708a7497adc53a95b108029b98,3.13.14,2.5.1,"{""pydantic"": ""2.13.4"", ""yaml"": ""6.0.3"", ""networkx"": ""3.6.1"", ""numpy"": ""2.5.1"", ""scipy"": ""1.18.0"", ""matplotlib"": ""3.11.0"", ""pandas"": ""3.0.3"", ""qutip"": ""5.3.0"", ""stim"": ""1.16.0"", ""gmpy2"": ""2.3.1"", ""nbformat"": ""5.10.4"", ""nbclient"": ""0.11.0""}",Windows,11,Gercom,2026-07-19T23:53:03.883234+00:00
P12_boundary_variability,P12_boundary_variability:four_node:f93a0e120f338dcc:L2:220:m10-intent:0,four_node,f93a0e120f338dcc,220,m10-intent,L2,iterative_analytical,0,10,10,0.5,0.05,1e-05,,True,a -> r1 -> r2 -> b,3,True,,,,0.5542478124999999,0,0.000371,SATISFIED,True,232,0.5542478125,0.5542478125,1.1102230246251565e-16,2.382924,False,,590,238,0,0,0,0,0.06018143751,31852d69e22c3c7f5c4f533c9a8ef3e8c57663acded420dd54c8dcec09774fb0,False,,,,False,,3eada4d39cc676240b3278de813f19477e0b0eb8,1f2680a5b9065e708a7497adc53a95b108029b98,3.13.14,2.5.1,"{""pydantic"": ""2.13.4"", ""yaml"": ""6.0.3"", ""networkx"": ""3.6.1"", ""numpy"": ""2.5.1"", ""scipy"": ""1.18.0"", ""matplotlib"": ""3.11.0"", ""pandas"": ""3.0.3"", ""qutip"": ""5.3.0"", ""stim"": ""1.16.0"", ""gmpy2"": ""2.3.1"", ""nbformat"": ""5.10.4"", ""nbclient"": ""0.11.0""}",Windows,11,Gercom,2026-07-19T23:53:09.311104+00:00
P12_boundary_variability,P12_boundary_variability:four_node:f93a0e120f338dcc:L2:221:m10-intent:0,four_node,f93a0e120f338dcc,221,m10-intent,L2,iterative_analytical,0,10,10,0.5,0.05,1e-05,,True,a -> r1 -> r2 -> b,3,True,,,,0.5542478124999999,0,0.000367,SATISFIED,True,220,0.5542478124999999,0.5542478124999999,0.0,2.209623,False,,635,223,0,0,0,0,0.06018646251,4a98899febdd86e87c3056ffdce26b3a508e1ec2bc8ec7a997fe0d67b3e71c70,False,,,,False,,3eada4d39cc676240b3278de813f19477e0b0eb8,1f2680a5b9065e708a7497adc53a95b108029b98,3.13.14,2.5.1,"{""pydantic"": ""2.13.4"", ""yaml"": ""6.0.3"", ""networkx"": ""3.6.1"", ""numpy"": ""2.5.1"", ""scipy"": ""1.18.0"", ""matplotlib"": ""3.11.0"", ""pandas"": ""3.0.3"", ""qutip"": ""5.3.0"", ""stim"": ""1.16.0"", ""gmpy2"": ""2.3.1"", ""nbformat"": ""5.10.4"", ""nbclient"": ""0.11.0""}",Windows,11,Gercom,2026-07-19T23:53:14.606672+00:00
P12_boundary_variability,P12_boundary_variability:four_node:f93a0e120f338dcc:L2:222:m10-intent:0,four_node,f93a0e120f338dcc,222,m10-intent,L2,iterative_analytical,0,10,10,0.5,0.05,1e-05,,True,a -> r1 -> r2 -> b,3,True,,,,0.5542478124999999,0,0.000377,SATISFIED,True,219,0.5542478124999999,0.5542478124999999,0.0,2.315625,False,,643,221,0,0,0,0,0.06018647501,39467050cef06719874082fb7691a40b5d0f5dae3fcc9ed4b913936849d3004b,False,,,,False,,3eada4d39cc676240b3278de813f19477e0b0eb8,1f2680a5b9065e708a7497adc53a95b108029b98,3.13.14,2.5.1,"{""pydantic"": ""2.13.4"", ""yaml"": ""6.0.3"", ""networkx"": ""3.6.1"", ""numpy"": ""2.5.1"", ""scipy"": ""1.18.0"", ""matplotlib"": ""3.11.0"", ""pandas"": ""3.0.3"", ""qutip"": ""5.3.0"", ""stim"": ""1.16.0"", ""gmpy2"": ""2.3.1"", ""nbformat"": ""5.10.4"", ""nbclient"": ""0.11.0""}",Windows,11,Gercom,2026-07-19T23:53:20.180066+00:00
P12_boundary_variability,P12_boundary_variability:four_node:f93a0e120f338dcc:L2:223:m10-intent:0,four_node,f93a0e120f338dcc,223,m10-intent,L2,iterative_analytical,0,10,10,0.5,0.05,1e-05,,True,a -> r1 -> r2 -> b,3,True,,,,0.5542478124999999,0,0.000377,SATISFIED,True,221,0.5542478124999999,0.5542478124999999,0.0,2.418894,False,,653,223,0,0,0,0,0.06019652501,f5e05a9a63a2eafe69b5e32c1a4ad570b37cd16367654f06a21c2a93db5fafea,False,,,,False,,3eada4d39cc676240b3278de813f19477e0b0eb8,1f2680a5b9065e708a7497adc53a95b108029b98,3.13.14,2.5.1,"{""pydantic"": ""2.13.4"", ""yaml"": ""6.0.3"", ""networkx"": ""3.6.1"", ""numpy"": ""2.5.1"", ""scipy"": ""1.18.0"", ""matplotlib"": ""3.11.0"", ""pandas"": ""3.0.3"", ""qutip"": ""5.3.0"", ""stim"": ""1.16.0"", ""gmpy2"": ""2.3.1"", ""nbformat"": ""5.10.4"", ""nbclient"": ""0.11.0""}",Windows,11,Gercom,2026-07-19T23:53:25.635919+00:00
P12_boundary_variability,P12_boundary_variability:four_node:f93a0e120f338dcc:L2:224:m10-intent:0,four_node,f93a0e120f338dcc,224,m10-intent,L2,iterative_analytical,0,10,10,0.5,0.05,1e-05,,True,a -> r1 -> r2 -> b,3,True,,,,0.5542478124999999,0,0.000395,SATISFIED,True,233,0.5542478124999999,0.5542478124999999,0.0,2.471039,False,,619,240,0,0,0,0,0.06019153751,deefcd7d67329bd9a26e9093782deb4836124492e6b178ce42e3bbc5a57a93f7,False,,,,False,,3eada4d39cc676240b3278de813f19477e0b0eb8,1f2680a5b9065e708a7497adc53a95b108029b98,3.13.14,2.5.1,"{""pydantic"": ""2.13.4"", ""yaml"": ""6.0.3"", ""networkx"": ""3.6.1"", ""numpy"": ""2.5.1"", ""scipy"": ""1.18.0"", ""matplotlib"": ""3.11.0"", ""pandas"": ""3.0.3"", ""qutip"": ""5.3.0"", ""stim"": ""1.16.0"", ""gmpy2"": ""2.3.1"", ""nbformat"": ""5.10.4"", ""nbclient"": ""0.11.0""}",Windows,11,Gercom,2026-07-19T23:53:31.125458+00:00
P12_boundary_variability,P12_boundary_variability:four_node:f93a0e120f338dcc:L2:225:m10-intent:0,four_node,f93a0e120f338dcc,225,m10-intent,L2,iterative_analytical,0,10,10,0.5,0.05,1e-05,,True,a -> r1 -> r2 -> b,3,True,,,,0.5542478124999999,0,0.000364,SATISFIED,True,221,0.5542478124999999,0.5542478124999999,0.0,2.32312,False,,565,225,0,0,0,0,0.06019651251,9675b8ae21fe763c45d6af03cb8073360dc509fe59af1a04644e71d3a6a69534,False,,,,False,,3eada4d39cc676240b3278de813f19477e0b0eb8,1f2680a5b9065e708a7497adc53a95b108029b98,3.13.14,2.5.1,"{""pydantic"": ""2.13.4"", ""yaml"": ""6.0.3"", ""networkx"": ""3.6.1"", ""numpy"": ""2.5.1"", ""scipy"": ""1.18.0"", ""matplotlib"": ""3.11.0"", ""pandas"": ""3.0.3"", ""qutip"": ""5.3.0"", ""stim"": ""1.16.0"", ""gmpy2"": ""2.3.1"", ""nbformat"": ""5.10.4"", ""nbclient"": ""0.11.0""}",Windows,11,Gercom,2026-07-19T23:53:36.631329+00:00
P12_boundary_variability,P12_boundary_variability:four_node:f93a0e120f338dcc:L2:226:m10-intent:0,four_node,f93a0e120f338dcc,226,m10-intent,L2,iterative_analytical,0,10,10,0.5,0.05,1e-05,,True,a -> r1 -> r2 -> b,3,True,,,,0.5542478124999999,0,0.000386,SATISFIED,True,236,0.5542478124999999,0.5542478124999999,0.0,2.338757,False,,654,240,0,0,0,0,0.06019657501,a5ec47c398bd3f561968ebfb6490f70e96819ee3e78aa047e18d56d3cffec3c8,False,,,,False,,3eada4d39cc676240b3278de813f19477e0b0eb8,1f2680a5b9065e708a7497adc53a95b108029b98,3.13.14,2.5.1,"{""pydantic"": ""2.13.4"", ""yaml"": ""6.0.3"", ""networkx"": ""3.6.1"", ""numpy"": ""2.5.1"", ""scipy"": ""1.18.0"", ""matplotlib"": ""3.11.0"", ""pandas"": ""3.0.3"", ""qutip"": ""5.3.0"", ""stim"": ""1.16.0"", ""gmpy2"": ""2.3.1"", ""nbformat"": ""5.10.4"", ""nbclient"": ""0.11.0""}",Windows,11,Gercom,2026-07-19T23:53:42.002616+00:00
P12_boundary_variability,P12_boundary_variability:four_node:f93a0e120f338dcc:L2:227:m10-intent:0,four_node,f93a0e120f338dcc,227,m10-intent,L2,iterative_analytical,0,10,10,0.5,0.05,1e-05,,True,a -> r1 -> r2 -> b,3,True,,,,0.5542478124999999,0,0.000371,SATISFIED,True,236,0.5542478124999999,0.5542478124999999,0.0,2.361153,False,,641,242,0,0,0,0,0.06019652501,1fb527cbf4bc454c4537d576359e3473aa152a3964dcb6f2c588d227732fb450,False,,,,False,,3eada4d39cc676240b3278de813f19477e0b0eb8,1f2680a5b9065e708a7497adc53a95b108029b98,3.13.14,2.5.1,"{""pydantic"": ""2.13.4"", ""yaml"": ""6.0.3"", ""networkx"": ""3.6.1"", ""numpy"": ""2.5.1"", ""scipy"": ""1.18.0"", ""matplotlib"": ""3.11.0"", ""pandas"": ""3.0.3"", ""qutip"": ""5.3.0"", ""stim"": ""1.16.0"", ""gmpy2"": ""2.3.1"", ""nbformat"": ""5.10.4"", ""nbclient"": ""0.11.0""}",Windows,11,Gercom,2026-07-19T23:53:47.385571+00:00
P12_boundary_variability,P12_boundary_variability:four_node:f93a0e120f338dcc:L2:228:m10-intent:0,four_node,f93a0e120f338dcc,228,m10-intent,L2,iterative_analytical,0,10,10,0.5,0.05,1e-05,,True,a -> r1 -> r2 -> b,3,True,,,,0.5542478124999999,0,0.000368,SATISFIED,True,225,0.5542478124999999,0.5542478124999999,0.0,2.340024,False,,610,227,0,0,0,0,0.06019660001,3e11d1d2da0f1be54767fa466fd107b789bb44798a990870d985d4d8a2c90fe9,False,,,,False,,3eada4d39cc676240b3278de813f19477e0b0eb8,1f2680a5b9065e708a7497adc53a95b108029b98,3.13.14,2.5.1,"{""pydantic"": ""2.13.4"", ""yaml"": ""6.0.3"", ""networkx"": ""3.6.1"", ""numpy"": ""2.5.1"", ""scipy"": ""1.18.0"", ""matplotlib"": ""3.11.0"", ""pandas"": ""3.0.3"", ""qutip"": ""5.3.0"", ""stim"": ""1.16.0"", ""gmpy2"": ""2.3.1"", ""nbformat"": ""5.10.4"", ""nbclient"": ""0.11.0""}",Windows,11,Gercom,2026-07-19T23:53:52.880024+00:00
P12_boundary_variability,P12_boundary_variability:four_node:f93a0e120f338dcc:L2:229:m10-intent:0,four_node,f93a0e120f338dcc,229,m10-intent,L2,iterative_analytical,0,10,10,0.5,0.05,1e-05,,True,a -> r1 -> r2 -> b,3,True,,,,0.5542478124999999,0,0.000362,SATISFIED,True,228,0.5542478124999999,0.5542478124999999,0.0,2.45452,False,,667,231,0,0,0,0,0.06019650001,46c5ec74c0deb8e04768c7f21c5290167bba853bd97ed34f37abb37ebb37057e,False,,,,False,,3eada4d39cc676240b3278de813f19477e0b0eb8,1f2680a5b9065e708a7497adc53a95b108029b98,3.13.14,2.5.1,"{""pydantic"": ""2.13.4"", ""yaml"": ""6.0.3"", ""networkx"": ""3.6.1"", ""numpy"": ""2.5.1"", ""scipy"": ""1.18.0"", ""matplotlib"": ""3.11.0"", ""pandas"": ""3.0.3"", ""qutip"": ""5.3.0"", ""stim"": ""1.16.0"", ""gmpy2"": ""2.3.1"", ""nbformat"": ""5.10.4"", ""nbclient"": ""0.11.0""}",Windows,11,Gercom,2026-07-19T23:53:58.413245+00:00
P12_boundary_variability,P12_boundary_variability:four_node:12d79acd2ebc46d5:L2:200:m10-intent:0,four_node,12d79acd2ebc46d5,200,m10-intent,L2,iterative_analytical,0,10,10,0.57,0.05,1e-05,,True,a -> r1 -> r2 -> b,3,True,,,,0.579037121689113,2,0.000389,SATISFIED,True,19,0.579037121689113,0.579037121689113,0.0,2.130859,False,,526,176,113,74,0,0,0.06019882501,9e91cf54e25c170facf89204b54ca5ca8e07b67cf421845ee2016061459c835a,False,,,,False,,3eada4d39cc676240b3278de813f19477e0b0eb8,1f2680a5b9065e708a7497adc53a95b108029b98,3.13.14,2.5.1,"{""pydantic"": ""2.13.4"", ""yaml"": ""6.0.3"", ""networkx"": ""3.6.1"", ""numpy"": ""2.5.1"", ""scipy"": ""1.18.0"", ""matplotlib"": ""3.11.0"", ""pandas"": ""3.0.3"", ""qutip"": ""5.3.0"", ""stim"": ""1.16.0"", ""gmpy2"": ""2.3.1"", ""nbformat"": ""5.10.4"", ""nbclient"": ""0.11.0""}",Windows,11,Gercom,2026-07-19T23:54:03.661808+00:00
P12_boundary_variability,P12_boundary_variability:four_node:12d79acd2ebc46d5:L2:201:m10-intent:0,four_node,12d79acd2ebc46d5,201,m10-intent,L2,iterative_analytical,0,10,10,0.57,0.05,1e-05,,True,a -> r1 -> r2 -> b,3,True,,,,0.579037121689113,2,0.000396,SATISFIED,True,21,0.579037121689113,0.579037121689113,0.0,2.008301,False,,521,173,113,79,0,0,0.06018881251,3def4ef2a08c9b728cc6e2b9ce6aba9f35de665e0480d0825aaaa1ee959c1758,False,,,,False,,3eada4d39cc676240b3278de813f19477e0b0eb8,1f2680a5b9065e708a7497adc53a95b108029b98,3.13.14,2.5.1,"{""pydantic"": ""2.13.4"", ""yaml"": ""6.0.3"", ""networkx"": ""3.6.1"", ""numpy"": ""2.5.1"", ""scipy"": ""1.18.0"", ""matplotlib"": ""3.11.0"", ""pandas"": ""3.0.3"", ""qutip"": ""5.3.0"", ""stim"": ""1.16.0"", ""gmpy2"": ""2.3.1"", ""nbformat"": ""5.10.4"", ""nbclient"": ""0.11.0""}",Windows,11,Gercom,2026-07-19T23:54:08.853174+00:00
P12_boundary_variability,P12_boundary_variability:four_node:12d79acd2ebc46d5:L2:202:m10-intent:0,four_node,12d79acd2ebc46d5,202,m10-intent,L2,iterative_analytical,0,10,10,0.57,0.05,1e-05,,True,a -> r1 -> r2 -> b,3,True,,,,0.579037121689113,2,0.000385,SATISFIED,True,22,0.579037121689113,0.579037121689113,0.0,1.999856,False,,577,177,111,75,0,0,0.06019886251,83a5f67cd8d43b13a899858badda410e4f4e418662260ae18234c8fc51466518,False,,,,False,,3eada4d39cc676240b3278de813f19477e0b0eb8,1f2680a5b9065e708a7497adc53a95b108029b98,3.13.14,2.5.1,"{""pydantic"": ""2.13.4"", ""yaml"": ""6.0.3"", ""networkx"": ""3.6.1"", ""numpy"": ""2.5.1"", ""scipy"": ""1.18.0"", ""matplotlib"": ""3.11.0"", ""pandas"": ""3.0.3"", ""qutip"": ""5.3.0"", ""stim"": ""1.16.0"", ""gmpy2"": ""2.3.1"", ""nbformat"": ""5.10.4"", ""nbclient"": ""0.11.0""}",Windows,11,Gercom,2026-07-19T23:54:13.953892+00:00
P12_boundary_variability,P12_boundary_variability:four_node:12d79acd2ebc46d5:L2:203:m10-intent:0,four_node,12d79acd2ebc46d5,203,m10-intent,L2,iterative_analytical,0,10,10,0.57,0.05,1e-05,,True,a -> r1 -> r2 -> b,3,True,,,,0.579037121689113,2,0.000375,SATISFIED,True,23,0.579037121689113,0.579037121689113,0.0,1.999868,False,,542,180,117,82,0,0,0.06019886251,df1a7bd8513d58d1a690afa7739cdba0f9df88cb2cc0fcd20ad8ef4944ef96ff,False,,,,False,,3eada4d39cc676240b3278de813f19477e0b0eb8,1f2680a5b9065e708a7497adc53a95b108029b98,3.13.14,2.5.1,"{""pydantic"": ""2.13.4"", ""yaml"": ""6.0.3"", ""networkx"": ""3.6.1"", ""numpy"": ""2.5.1"", ""scipy"": ""1.18.0"", ""matplotlib"": ""3.11.0"", ""pandas"": ""3.0.3"", ""qutip"": ""5.3.0"", ""stim"": ""1.16.0"", ""gmpy2"": ""2.3.1"", ""nbformat"": ""5.10.4"", ""nbclient"": ""0.11.0""}",Windows,11,Gercom,2026-07-19T23:54:19.045956+00:00
P12_boundary_variability,P12_boundary_variability:four_node:12d79acd2ebc46d5:L2:204:m10-intent:0,four_node,12d79acd2ebc46d5,204,m10-intent,L2,iterative_analytical,0,10,10,0.57,0.05,1e-05,,True,a -> r1 -> r2 -> b,3,True,,,,0.579037121689113,2,0.000413,SATISFIED,True,24,0.579037121689113,0.579037121689113,0.0,2.058724,False,,535,186,119,82,0,0,0.06019381251,af93d95add3fb2aed559ac63374e7a7ed60278362a946610d5ef5786d6310fac,False,,,,False,,3eada4d39cc676240b3278de813f19477e0b0eb8,1f2680a5b9065e708a7497adc53a95b108029b98,3.13.14,2.5.1,"{""pydantic"": ""2.13.4"", ""yaml"": ""6.0.3"", ""networkx"": ""3.6.1"", ""numpy"": ""2.5.1"", ""scipy"": ""1.18.0"", ""matplotlib"": ""3.11.0"", ""pandas"": ""3.0.3"", ""qutip"": ""5.3.0"", ""stim"": ""1.16.0"", ""gmpy2"": ""2.3.1"", ""nbformat"": ""5.10.4"", ""nbclient"": ""0.11.0""}",Windows,11,Gercom,2026-07-19T23:54:24.301958+00:00
P12_boundary_variability,P12_boundary_variability:four_node:12d79acd2ebc46d5:L2:205:m10-intent:0,four_node,12d79acd2ebc46d5,205,m10-intent,L2,iterative_analytical,0,10,10,0.57,0.05,1e-05,,True,a -> r1 -> r2 -> b,3,True,,,,0.579037121689113,2,0.000376,SATISFIED,True,24,0.579037121689113,0.579037121689113,0.0,1.991008,False,,515,173,114,83,0,0,0.06017881251,61b93daff3d9cad5064df3754bf2ece1a3471ea8f665f2797e26f7d381cf2725,False,,,,False,,3eada4d39cc676240b3278de813f19477e0b0eb8,1f2680a5b9065e708a7497adc53a95b108029b98,3.13.14,2.5.1,"{""pydantic"": ""2.13.4"", ""yaml"": ""6.0.3"", ""networkx"": ""3.6.1"", ""numpy"": ""2.5.1"", ""scipy"": ""1.18.0"", ""matplotlib"": ""3.11.0"", ""pandas"": ""3.0.3"", ""qutip"": ""5.3.0"", ""stim"": ""1.16.0"", ""gmpy2"": ""2.3.1"", ""nbformat"": ""5.10.4"", ""nbclient"": ""0.11.0""}",Windows,11,Gercom,2026-07-19T23:54:29.340799+00:00
P12_boundary_variability,P12_boundary_variability:four_node:12d79acd2ebc46d5:L2:206:m10-intent:0,four_node,12d79acd2ebc46d5,206,m10-intent,L2,iterative_analytical,0,10,10,0.57,0.05,1e-05,,True,a -> r1 -> r2 -> b,3,True,,,,0.579037121689113,2,0.000392,SATISFIED,True,26,0.579037121689113,0.579037121689113,0.0,2.258558,False,,524,176,116,88,0,0,0.06018871251,4ffb66e26e5521cac6ce9e33cad1f207e37e1196888c6a0002e9e23c8b175afb,False,,,,False,,3eada4d39cc676240b3278de813f19477e0b0eb8,1f2680a5b9065e708a7497adc53a95b108029b98,3.13.14,2.5.1,"{""pydantic"": ""2.13.4"", ""yaml"": ""6.0.3"", ""networkx"": ""3.6.1"", ""numpy"": ""2.5.1"", ""scipy"": ""1.18.0"", ""matplotlib"": ""3.11.0"", ""pandas"": ""3.0.3"", ""qutip"": ""5.3.0"", ""stim"": ""1.16.0"", ""gmpy2"": ""2.3.1"", ""nbformat"": ""5.10.4"", ""nbclient"": ""0.11.0""}",Windows,11,Gercom,2026-07-19T23:54:34.631607+00:00
P12_boundary_variability,P12_boundary_variability:four_node:12d79acd2ebc46d5:L2:207:m10-intent:0,four_node,12d79acd2ebc46d5,207,m10-intent,L2,iterative_analytical,0,10,10,0.57,0.05,1e-05,,True,a -> r1 -> r2 -> b,3,True,,,,0.579037121689113,2,0.000401,SATISFIED,True,21,0.579037121689113,0.579037121689113,0.0,2.045453,False,,505,179,111,69,0,0,0.06019382501,b413984ecc8ae05b29a3c711346a35b1e01b50ad12931b5652d83079d6911a20,False,,,,False,,3eada4d39cc676240b3278de813f19477e0b0eb8,1f2680a5b9065e708a7497adc53a95b108029b98,3.13.14,2.5.1,"{""pydantic"": ""2.13.4"", ""yaml"": ""6.0.3"", ""networkx"": ""3.6.1"", ""numpy"": ""2.5.1"", ""scipy"": ""1.18.0"", ""matplotlib"": ""3.11.0"", ""pandas"": ""3.0.3"", ""qutip"": ""5.3.0"", ""stim"": ""1.16.0"", ""gmpy2"": ""2.3.1"", ""nbformat"": ""5.10.4"", ""nbclient"": ""0.11.0""}",Windows,11,Gercom,2026-07-19T23:54:39.915684+00:00
P12_boundary_variability,P12_boundary_variability:four_node:12d79acd2ebc46d5:L2:208:m10-intent:0,four_node,12d79acd2ebc46d5,208,m10-intent,L2,iterative_analytical,0,10,10,0.57,0.05,1e-05,,True,a -> r1 -> r2 -> b,3,True,,,,0.579037121689113,2,0.000388,SATISFIED,True,24,0.579037121689113,0.579037121689113,0.0,2.087895,False,,511,180,115,81,0,0,0.06016140001,77b79e8f0d562d98c87d8d958e3a346384fbaabeaac3255b97363a1267072a34,False,,,,False,,3eada4d39cc676240b3278de813f19477e0b0eb8,1f2680a5b9065e708a7497adc53a95b108029b98,3.13.14,2.5.1,"{""pydantic"": ""2.13.4"", ""yaml"": ""6.0.3"", ""networkx"": ""3.6.1"", ""numpy"": ""2.5.1"", ""scipy"": ""1.18.0"", ""matplotlib"": ""3.11.0"", ""pandas"": ""3.0.3"", ""qutip"": ""5.3.0"", ""stim"": ""1.16.0"", ""gmpy2"": ""2.3.1"", ""nbformat"": ""5.10.4"", ""nbclient"": ""0.11.0""}",Windows,11,Gercom,2026-07-19T23:54:45.041713+00:00
P12_boundary_variability,P12_boundary_variability:four_node:12d79acd2ebc46d5:L2:209:m10-intent:0,four_node,12d79acd2ebc46d5,209,m10-intent,L2,iterative_analytical,0,10,10,0.57,0.05,1e-05,,True,a -> r1 -> r2 -> b,3,True,,,,0.579037121689113,2,0.000385,SATISFIED,True,22,0.579037121689113,0.579037121689113,0.0,2.048023,False,,542,178,118,85,0,0,0.06019891251,63ee4b1009adf766c37ce9cb0fcf52ea2cafb4947c6cee7db85e8af9f4009777,False,,,,False,,3eada4d39cc676240b3278de813f19477e0b0eb8,1f2680a5b9065e708a7497adc53a95b108029b98,3.13.14,2.5.1,"{""pydantic"": ""2.13.4"", ""yaml"": ""6.0.3"", ""networkx"": ""3.6.1"", ""numpy"": ""2.5.1"", ""scipy"": ""1.18.0"", ""matplotlib"": ""3.11.0"", ""pandas"": ""3.0.3"", ""qutip"": ""5.3.0"", ""stim"": ""1.16.0"", ""gmpy2"": ""2.3.1"", ""nbformat"": ""5.10.4"", ""nbclient"": ""0.11.0""}",Windows,11,Gercom,2026-07-19T23:54:50.193957+00:00
P12_boundary_variability,P12_boundary_variability:four_node:12d79acd2ebc46d5:L2:210:m10-intent:0,four_node,12d79acd2ebc46d5,210,m10-intent,L2,iterative_analytical,0,10,10,0.57,0.05,1e-05,,True,a -> r1 -> r2 -> b,3,True,,,,0.579037121689113,2,0.00039,SATISFIED,True,22,0.579037121689113,0.579037121689113,0.0,1.963642,False,,524,175,111,75,0,0,0.06019887501,b811dac5aa1493ac497959f8fea1c5027602b7efd0c32cc39c9b75e1cb7117b8,False,,,,False,,3eada4d39cc676240b3278de813f19477e0b0eb8,1f2680a5b9065e708a7497adc53a95b108029b98,3.13.14,2.5.1,"{""pydantic"": ""2.13.4"", ""yaml"": ""6.0.3"", ""networkx"": ""3.6.1"", ""numpy"": ""2.5.1"", ""scipy"": ""1.18.0"", ""matplotlib"": ""3.11.0"", ""pandas"": ""3.0.3"", ""qutip"": ""5.3.0"", ""stim"": ""1.16.0"", ""gmpy2"": ""2.3.1"", ""nbformat"": ""5.10.4"", ""nbclient"": ""0.11.0""}",Windows,11,Gercom,2026-07-19T23:54:55.330774+00:00
P12_boundary_variability,P12_boundary_variability:four_node:12d79acd2ebc46d5:L2:211:m10-intent:0,four_node,12d79acd2ebc46d5,211,m10-intent,L2,iterative_analytical,0,10,10,0.57,0.05,1e-05,,True,a -> r1 -> r2 -> b,3,True,,,,0.579037121689113,2,0.000399,SATISFIED,True,28,0.5790371216891129,0.5790371216891129,-1.1102230246251565e-16,2.049984,False,,547,176,117,90,0,0,0.06019891251,9e8f472447dca235a9ea944f68fe4ed8e4d7341dae8a848d76394987aa1a0e15,False,,,,False,,3eada4d39cc676240b3278de813f19477e0b0eb8,1f2680a5b9065e708a7497adc53a95b108029b98,3.13.14,2.5.1,"{""pydantic"": ""2.13.4"", ""yaml"": ""6.0.3"", ""networkx"": ""3.6.1"", ""numpy"": ""2.5.1"", ""scipy"": ""1.18.0"", ""matplotlib"": ""3.11.0"", ""pandas"": ""3.0.3"", ""qutip"": ""5.3.0"", ""stim"": ""1.16.0"", ""gmpy2"": ""2.3.1"", ""nbformat"": ""5.10.4"", ""nbclient"": ""0.11.0""}",Windows,11,Gercom,2026-07-19T23:55:00.412543+00:00
P12_boundary_variability,P12_boundary_variability:four_node:12d79acd2ebc46d5:L2:212:m10-intent:0,four_node,12d79acd2ebc46d5,212,m10-intent,L2,iterative_analytical,0,10,10,0.57,0.05,1e-05,,True,a -> r1 -> r2 -> b,3,True,,,,0.579037121689113,2,0.000384,SATISFIED,True,22,0.579037121689113,0.579037121689113,0.0,1.986004,False,,550,180,110,69,0,0,0.06019391251,00203aee64a247faaf76670b0662e8778ecf955cfb808e6b6f6f458fc98979fd,False,,,,False,,3eada4d39cc676240b3278de813f19477e0b0eb8,1f2680a5b9065e708a7497adc53a95b108029b98,3.13.14,2.5.1,"{""pydantic"": ""2.13.4"", ""yaml"": ""6.0.3"", ""networkx"": ""3.6.1"", ""numpy"": ""2.5.1"", ""scipy"": ""1.18.0"", ""matplotlib"": ""3.11.0"", ""pandas"": ""3.0.3"", ""qutip"": ""5.3.0"", ""stim"": ""1.16.0"", ""gmpy2"": ""2.3.1"", ""nbformat"": ""5.10.4"", ""nbclient"": ""0.11.0""}",Windows,11,Gercom,2026-07-19T23:55:05.530028+00:00
P12_boundary_variability,P12_boundary_variability:four_node:12d79acd2ebc46d5:L2:213:m10-intent:0,four_node,12d79acd2ebc46d5,213,m10-intent,L2,iterative_analytical,0,10,10,0.57,0.05,1e-05,,True,a -> r1 -> r2 -> b,3,True,,,,0.579037121689113,2,0.000418,SATISFIED,True,21,0.579037121689113,0.579037121689113,0.0,2.08471,False,,514,177,112,72,0,0,0.06015141251,dc5309c164326718e95e568b30cd2aa60dc87bc57c303c298106c95f5df65ab1,False,,,,False,,3eada4d39cc676240b3278de813f19477e0b0eb8,1f2680a5b9065e708a7497adc53a95b108029b98,3.13.14,2.5.1,"{""pydantic"": ""2.13.4"", ""yaml"": ""6.0.3"", ""networkx"": ""3.6.1"", ""numpy"": ""2.5.1"", ""scipy"": ""1.18.0"", ""matplotlib"": ""3.11.0"", ""pandas"": ""3.0.3"", ""qutip"": ""5.3.0"", ""stim"": ""1.16.0"", ""gmpy2"": ""2.3.1"", ""nbformat"": ""5.10.4"", ""nbclient"": ""0.11.0""}",Windows,11,Gercom,2026-07-19T23:55:10.724002+00:00
P12_boundary_variability,P12_boundary_variability:four_node:12d79acd2ebc46d5:L2:214:m10-intent:0,four_node,12d79acd2ebc46d5,214,m10-intent,L2,iterative_analytical,0,10,10,0.57,0.05,1e-05,,True,a -> r1 -> r2 -> b,3,True,,,,0.579037121689113,2,0.000425,SATISFIED,True,22,0.579037121689113,0.579037121689113,0.0,2.091072,False,,480,179,115,79,0,0,0.06019886251,c2ea8b22a9cffac0621641f6b082269de15ae4911e0ea9c42be1c5f044396b79,False,,,,False,,3eada4d39cc676240b3278de813f19477e0b0eb8,1f2680a5b9065e708a7497adc53a95b108029b98,3.13.14,2.5.1,"{""pydantic"": ""2.13.4"", ""yaml"": ""6.0.3"", ""networkx"": ""3.6.1"", ""numpy"": ""2.5.1"", ""scipy"": ""1.18.0"", ""matplotlib"": ""3.11.0"", ""pandas"": ""3.0.3"", ""qutip"": ""5.3.0"", ""stim"": ""1.16.0"", ""gmpy2"": ""2.3.1"", ""nbformat"": ""5.10.4"", ""nbclient"": ""0.11.0""}",Windows,11,Gercom,2026-07-19T23:55:15.902580+00:00
P12_boundary_variability,P12_boundary_variability:four_node:12d79acd2ebc46d5:L2:215:m10-intent:0,four_node,12d79acd2ebc46d5,215,m10-intent,L2,iterative_analytical,0,10,10,0.57,0.05,1e-05,,True,a -> r1 -> r2 -> b,3,True,,,,0.579037121689113,2,0.000378,SATISFIED,True,19,0.579037121689113,0.579037121689113,0.0,2.133972,False,,539,190,115,65,0,0,0.06016152501,d5f3bd733f03393e44833dcbc9de1e603c81b102c7feabf8a760b8099f7b2dc8,False,,,,False,,3eada4d39cc676240b3278de813f19477e0b0eb8,1f2680a5b9065e708a7497adc53a95b108029b98,3.13.14,2.5.1,"{""pydantic"": ""2.13.4"", ""yaml"": ""6.0.3"", ""networkx"": ""3.6.1"", ""numpy"": ""2.5.1"", ""scipy"": ""1.18.0"", ""matplotlib"": ""3.11.0"", ""pandas"": ""3.0.3"", ""qutip"": ""5.3.0"", ""stim"": ""1.16.0"", ""gmpy2"": ""2.3.1"", ""nbformat"": ""5.10.4"", ""nbclient"": ""0.11.0""}",Windows,11,Gercom,2026-07-19T23:55:21.105307+00:00
P12_boundary_variability,P12_boundary_variability:four_node:12d79acd2ebc46d5:L2:216:m10-intent:0,four_node,12d79acd2ebc46d5,216,m10-intent,L2,iterative_analytical,0,10,10,0.57,0.05,1e-05,,True,a -> r1 -> r2 -> b,3,True,,,,0.579037121689113,2,0.000394,SATISFIED,True,24,0.579037121689113,0.579037121689113,0.0,2.000981,False,,544,166,106,75,0,0,0.06019893751,28685965dc27eade895c4231c18226e67ba396345bce6205a8069b775983ce02,False,,,,False,,3eada4d39cc676240b3278de813f19477e0b0eb8,1f2680a5b9065e708a7497adc53a95b108029b98,3.13.14,2.5.1,"{""pydantic"": ""2.13.4"", ""yaml"": ""6.0.3"", ""networkx"": ""3.6.1"", ""numpy"": ""2.5.1"", ""scipy"": ""1.18.0"", ""matplotlib"": ""3.11.0"", ""pandas"": ""3.0.3"", ""qutip"": ""5.3.0"", ""stim"": ""1.16.0"", ""gmpy2"": ""2.3.1"", ""nbformat"": ""5.10.4"", ""nbclient"": ""0.11.0""}",Windows,11,Gercom,2026-07-19T23:55:26.225292+00:00
P12_boundary_variability,P12_boundary_variability:four_node:12d79acd2ebc46d5:L2:217:m10-intent:0,four_node,12d79acd2ebc46d5,217,m10-intent,L2,iterative_analytical,0,10,10,0.57,0.05,1e-05,,True,a -> r1 -> r2 -> b,3,True,,,,0.579037121689113,2,0.000388,SATISFIED,True,19,0.579037121689113,0.579037121689113,0.0,2.088438,False,,549,184,115,72,0,0,0.06017370001,b56fc6b1217332633711ad228afe07d06f71bd2fb73e6fa294ec1f849ca397c4,False,,,,False,,3eada4d39cc676240b3278de813f19477e0b0eb8,1f2680a5b9065e708a7497adc53a95b108029b98,3.13.14,2.5.1,"{""pydantic"": ""2.13.4"", ""yaml"": ""6.0.3"", ""networkx"": ""3.6.1"", ""numpy"": ""2.5.1"", ""scipy"": ""1.18.0"", ""matplotlib"": ""3.11.0"", ""pandas"": ""3.0.3"", ""qutip"": ""5.3.0"", ""stim"": ""1.16.0"", ""gmpy2"": ""2.3.1"", ""nbformat"": ""5.10.4"", ""nbclient"": ""0.11.0""}",Windows,11,Gercom,2026-07-19T23:55:31.380029+00:00
P12_boundary_variability,P12_boundary_variability:four_node:12d79acd2ebc46d5:L2:218:m10-intent:0,four_node,12d79acd2ebc46d5,218,m10-intent,L2,iterative_analytical,0,10,10,0.57,0.05,1e-05,,True,a -> r1 -> r2 -> b,3,True,,,,0.579037121689113,2,0.000373,SATISFIED,True,24,0.579037121689113,0.579037121689113,0.0,1.994331,False,,540,181,117,83,0,0,0.06019891251,79a7a31e1a8ed06a2ba3029a84a178f264c4766728bf6b4bbcb7a4434f18f56a,False,,,,False,,3eada4d39cc676240b3278de813f19477e0b0eb8,1f2680a5b9065e708a7497adc53a95b108029b98,3.13.14,2.5.1,"{""pydantic"": ""2.13.4"", ""yaml"": ""6.0.3"", ""networkx"": ""3.6.1"", ""numpy"": ""2.5.1"", ""scipy"": ""1.18.0"", ""matplotlib"": ""3.11.0"", ""pandas"": ""3.0.3"", ""qutip"": ""5.3.0"", ""stim"": ""1.16.0"", ""gmpy2"": ""2.3.1"", ""nbformat"": ""5.10.4"", ""nbclient"": ""0.11.0""}",Windows,11,Gercom,2026-07-19T23:55:36.425297+00:00
P12_boundary_variability,P12_boundary_variability:four_node:12d79acd2ebc46d5:L2:219:m10-intent:0,four_node,12d79acd2ebc46d5,219,m10-intent,L2,iterative_analytical,0,10,10,0.57,0.05,1e-05,,True,a -> r1 -> r2 -> b,3,True,,,,0.579037121689113,2,0.000409,SATISFIED,True,21,0.579037121689113,0.579037121689113,0.0,2.163879,False,,453,178,120,87,0,0,0.06019383751,8b37912ccb42c8ac6cc0159ab509f84b0a8f4b51f7aba0ab371ba3e791a82bfa,False,,,,False,,3eada4d39cc676240b3278de813f19477e0b0eb8,1f2680a5b9065e708a7497adc53a95b108029b98,3.13.14,2.5.1,"{""pydantic"": ""2.13.4"", ""yaml"": ""6.0.3"", ""networkx"": ""3.6.1"", ""numpy"": ""2.5.1"", ""scipy"": ""1.18.0"", ""matplotlib"": ""3.11.0"", ""pandas"": ""3.0.3"", ""qutip"": ""5.3.0"", ""stim"": ""1.16.0"", ""gmpy2"": ""2.3.1"", ""nbformat"": ""5.10.4"", ""nbclient"": ""0.11.0""}",Windows,11,Gercom,2026-07-19T23:55:41.642250+00:00
P12_boundary_variability,P12_boundary_variability:four_node:12d79acd2ebc46d5:L2:220:m10-intent:0,four_node,12d79acd2ebc46d5,220,m10-intent,L2,iterative_analytical,0,10,10,0.57,0.05,1e-05,,True,a -> r1 -> r2 -> b,3,True,,,,0.579037121689113,2,0.000415,SATISFIED,True,22,0.579037121689113,0.579037121689113,0.0,1.981421,False,,504,178,113,75,0,0,0.06016645001,f34fb075fd8c6d24a8dc5d4d874595efab1488a25309dd696f7e9bb109cfc5d4,False,,,,False,,3eada4d39cc676240b3278de813f19477e0b0eb8,1f2680a5b9065e708a7497adc53a95b108029b98,3.13.14,2.5.1,"{""pydantic"": ""2.13.4"", ""yaml"": ""6.0.3"", ""networkx"": ""3.6.1"", ""numpy"": ""2.5.1"", ""scipy"": ""1.18.0"", ""matplotlib"": ""3.11.0"", ""pandas"": ""3.0.3"", ""qutip"": ""5.3.0"", ""stim"": ""1.16.0"", ""gmpy2"": ""2.3.1"", ""nbformat"": ""5.10.4"", ""nbclient"": ""0.11.0""}",Windows,11,Gercom,2026-07-19T23:55:46.657157+00:00
P12_boundary_variability,P12_boundary_variability:four_node:12d79acd2ebc46d5:L2:221:m10-intent:0,four_node,12d79acd2ebc46d5,221,m10-intent,L2,iterative_analytical,0,10,10,0.57,0.05,1e-05,,True,a -> r1 -> r2 -> b,3,True,,,,0.579037121689113,2,0.000377,SATISFIED,True,26,0.579037121689113,0.579037121689113,0.0,2.140218,False,,536,186,118,80,0,0,0.06018156251,c896a55657578dfcceb15e087b7e9572c81b9c74babfb013a4fcf3d9bfefb65d,False,,,,False,,3eada4d39cc676240b3278de813f19477e0b0eb8,1f2680a5b9065e708a7497adc53a95b108029b98,3.13.14,2.5.1,"{""pydantic"": ""2.13.4"", ""yaml"": ""6.0.3"", ""networkx"": ""3.6.1"", ""numpy"": ""2.5.1"", ""scipy"": ""1.18.0"", ""matplotlib"": ""3.11.0"", ""pandas"": ""3.0.3"", ""qutip"": ""5.3.0"", ""stim"": ""1.16.0"", ""gmpy2"": ""2.3.1"", ""nbformat"": ""5.10.4"", ""nbclient"": ""0.11.0""}",Windows,11,Gercom,2026-07-19T23:55:51.828513+00:00
P12_boundary_variability,P12_boundary_variability:four_node:12d79acd2ebc46d5:L2:222:m10-intent:0,four_node,12d79acd2ebc46d5,222,m10-intent,L2,iterative_analytical,0,10,10,0.57,0.05,1e-05,,True,a -> r1 -> r2 -> b,3,True,,,,0.579037121689113,2,0.000384,SATISFIED,True,25,0.579037121689113,0.579037121689113,0.0,2.057497,False,,529,179,115,83,0,0,0.06019376251,79dfdfe430808d818da373a9a6c434f2496340f42abcfc5286dbe8fe51ff5818,False,,,,False,,3eada4d39cc676240b3278de813f19477e0b0eb8,1f2680a5b9065e708a7497adc53a95b108029b98,3.13.14,2.5.1,"{""pydantic"": ""2.13.4"", ""yaml"": ""6.0.3"", ""networkx"": ""3.6.1"", ""numpy"": ""2.5.1"", ""scipy"": ""1.18.0"", ""matplotlib"": ""3.11.0"", ""pandas"": ""3.0.3"", ""qutip"": ""5.3.0"", ""stim"": ""1.16.0"", ""gmpy2"": ""2.3.1"", ""nbformat"": ""5.10.4"", ""nbclient"": ""0.11.0""}",Windows,11,Gercom,2026-07-19T23:55:56.953621+00:00
P12_boundary_variability,P12_boundary_variability:four_node:12d79acd2ebc46d5:L2:223:m10-intent:0,four_node,12d79acd2ebc46d5,223,m10-intent,L2,iterative_analytical,0,10,10,0.57,0.05,1e-05,,True,a -> r1 -> r2 -> b,3,True,,,,0.579037121689113,2,0.000389,SATISFIED,True,25,0.579037121689113,0.579037121689113,0.0,2.082235,False,,502,187,119,82,0,0,0.06019890001,2af9c6381d06a0d21eb2a44fed0ab6eaaa80dd7f7b378c7ce40b17197fde20d5,False,,,,False,,3eada4d39cc676240b3278de813f19477e0b0eb8,1f2680a5b9065e708a7497adc53a95b108029b98,3.13.14,2.5.1,"{""pydantic"": ""2.13.4"", ""yaml"": ""6.0.3"", ""networkx"": ""3.6.1"", ""numpy"": ""2.5.1"", ""scipy"": ""1.18.0"", ""matplotlib"": ""3.11.0"", ""pandas"": ""3.0.3"", ""qutip"": ""5.3.0"", ""stim"": ""1.16.0"", ""gmpy2"": ""2.3.1"", ""nbformat"": ""5.10.4"", ""nbclient"": ""0.11.0""}",Windows,11,Gercom,2026-07-19T23:56:02.180408+00:00
P12_boundary_variability,P12_boundary_variability:four_node:12d79acd2ebc46d5:L2:224:m10-intent:0,four_node,12d79acd2ebc46d5,224,m10-intent,L2,iterative_analytical,0,10,10,0.57,0.05,1e-05,,True,a -> r1 -> r2 -> b,3,True,,,,0.579037121689113,2,0.000381,SATISFIED,True,26,0.579037121689113,0.579037121689113,0.0,2.060884,False,,528,177,116,86,0,0,0.06019383751,3352d48dd251978053888992c4b0f9b12b93ecf5123f03963e66bc338c235d21,False,,,,False,,3eada4d39cc676240b3278de813f19477e0b0eb8,1f2680a5b9065e708a7497adc53a95b108029b98,3.13.14,2.5.1,"{""pydantic"": ""2.13.4"", ""yaml"": ""6.0.3"", ""networkx"": ""3.6.1"", ""numpy"": ""2.5.1"", ""scipy"": ""1.18.0"", ""matplotlib"": ""3.11.0"", ""pandas"": ""3.0.3"", ""qutip"": ""5.3.0"", ""stim"": ""1.16.0"", ""gmpy2"": ""2.3.1"", ""nbformat"": ""5.10.4"", ""nbclient"": ""0.11.0""}",Windows,11,Gercom,2026-07-19T23:56:07.307902+00:00
P12_boundary_variability,P12_boundary_variability:four_node:12d79acd2ebc46d5:L2:225:m10-intent:0,four_node,12d79acd2ebc46d5,225,m10-intent,L2,iterative_analytical,0,10,10,0.57,0.05,1e-05,,True,a -> r1 -> r2 -> b,3,True,,,,0.579037121689113,2,0.0004,SATISFIED,True,21,0.579037121689113,0.579037121689113,0.0,2.193781,False,,511,176,116,81,0,0,0.06018385001,e8ee9ba34f0e5cfbbf54c9e017ea5e2eed4fcc5897319eebbd96f811ed3166c3,False,,,,False,,3eada4d39cc676240b3278de813f19477e0b0eb8,1f2680a5b9065e708a7497adc53a95b108029b98,3.13.14,2.5.1,"{""pydantic"": ""2.13.4"", ""yaml"": ""6.0.3"", ""networkx"": ""3.6.1"", ""numpy"": ""2.5.1"", ""scipy"": ""1.18.0"", ""matplotlib"": ""3.11.0"", ""pandas"": ""3.0.3"", ""qutip"": ""5.3.0"", ""stim"": ""1.16.0"", ""gmpy2"": ""2.3.1"", ""nbformat"": ""5.10.4"", ""nbclient"": ""0.11.0""}",Windows,11,Gercom,2026-07-19T23:56:12.536344+00:00
P12_boundary_variability,P12_boundary_variability:four_node:12d79acd2ebc46d5:L2:226:m10-intent:0,four_node,12d79acd2ebc46d5,226,m10-intent,L2,iterative_analytical,0,10,10,0.57,0.05,1e-05,,True,a -> r1 -> r2 -> b,3,True,,,,0.579037121689113,2,0.000407,SATISFIED,True,26,0.579037121689113,0.579037121689113,0.0,2.122637,False,,489,185,120,87,0,0,0.06019893751,950c4482a56471b2441f762ab39fce80aa9e4d9c8c8950ecf6e16b13e6e2df32,False,,,,False,,3eada4d39cc676240b3278de813f19477e0b0eb8,1f2680a5b9065e708a7497adc53a95b108029b98,3.13.14,2.5.1,"{""pydantic"": ""2.13.4"", ""yaml"": ""6.0.3"", ""networkx"": ""3.6.1"", ""numpy"": ""2.5.1"", ""scipy"": ""1.18.0"", ""matplotlib"": ""3.11.0"", ""pandas"": ""3.0.3"", ""qutip"": ""5.3.0"", ""stim"": ""1.16.0"", ""gmpy2"": ""2.3.1"", ""nbformat"": ""5.10.4"", ""nbclient"": ""0.11.0""}",Windows,11,Gercom,2026-07-19T23:56:17.812752+00:00
P12_boundary_variability,P12_boundary_variability:four_node:12d79acd2ebc46d5:L2:227:m10-intent:0,four_node,12d79acd2ebc46d5,227,m10-intent,L2,iterative_analytical,0,10,10,0.57,0.05,1e-05,,True,a -> r1 -> r2 -> b,3,True,,,,0.579037121689113,2,0.000385,SATISFIED,True,21,0.579037121689113,0.579037121689113,0.0,1.910288,False,,532,165,105,69,0,0,0.06019876251,eb96d96c39230348cd7682e02195d5dc00636e92bf1a301cc568b8ae52d17427,False,,,,False,,3eada4d39cc676240b3278de813f19477e0b0eb8,1f2680a5b9065e708a7497adc53a95b108029b98,3.13.14,2.5.1,"{""pydantic"": ""2.13.4"", ""yaml"": ""6.0.3"", ""networkx"": ""3.6.1"", ""numpy"": ""2.5.1"", ""scipy"": ""1.18.0"", ""matplotlib"": ""3.11.0"", ""pandas"": ""3.0.3"", ""qutip"": ""5.3.0"", ""stim"": ""1.16.0"", ""gmpy2"": ""2.3.1"", ""nbformat"": ""5.10.4"", ""nbclient"": ""0.11.0""}",Windows,11,Gercom,2026-07-19T23:56:22.791686+00:00
P12_boundary_variability,P12_boundary_variability:four_node:12d79acd2ebc46d5:L2:228:m10-intent:0,four_node,12d79acd2ebc46d5,228,m10-intent,L2,iterative_analytical,0,10,10,0.57,0.05,1e-05,,True,a -> r1 -> r2 -> b,3,True,,,,0.579037121689113,2,0.000438,SATISFIED,True,25,0.579037121689113,0.579037121689113,0.0,2.136559,False,,514,184,120,86,0,0,0.06019896251,f3f1733e98c35fe81f14df13581a904faa39a6366188a5c1a4c411778d6ca2fe,False,,,,False,,3eada4d39cc676240b3278de813f19477e0b0eb8,1f2680a5b9065e708a7497adc53a95b108029b98,3.13.14,2.5.1,"{""pydantic"": ""2.13.4"", ""yaml"": ""6.0.3"", ""networkx"": ""3.6.1"", ""numpy"": ""2.5.1"", ""scipy"": ""1.18.0"", ""matplotlib"": ""3.11.0"", ""pandas"": ""3.0.3"", ""qutip"": ""5.3.0"", ""stim"": ""1.16.0"", ""gmpy2"": ""2.3.1"", ""nbformat"": ""5.10.4"", ""nbclient"": ""0.11.0""}",Windows,11,Gercom,2026-07-19T23:56:28.047022+00:00
P12_boundary_variability,P12_boundary_variability:four_node:12d79acd2ebc46d5:L2:229:m10-intent:0,four_node,12d79acd2ebc46d5,229,m10-intent,L2,iterative_analytical,0,10,10,0.57,0.05,1e-05,,True,a -> r1 -> r2 -> b,3,True,,,,0.579037121689113,2,0.00041,SATISFIED,True,19,0.579037121689113,0.579037121689113,0.0,2.043599,False,,523,186,116,68,0,0,0.06019887501,012f833cedaf6d7111cc8f1f25bc4097729f843436c31218ef763c26d15571fe,False,,,,False,,3eada4d39cc676240b3278de813f19477e0b0eb8,1f2680a5b9065e708a7497adc53a95b108029b98,3.13.14,2.5.1,"{""pydantic"": ""2.13.4"", ""yaml"": ""6.0.3"", ""networkx"": ""3.6.1"", ""numpy"": ""2.5.1"", ""scipy"": ""1.18.0"", ""matplotlib"": ""3.11.0"", ""pandas"": ""3.0.3"", ""qutip"": ""5.3.0"", ""stim"": ""1.16.0"", ""gmpy2"": ""2.3.1"", ""nbformat"": ""5.10.4"", ""nbclient"": ""0.11.0""}",Windows,11,Gercom,2026-07-19T23:56:33.236353+00:00
P12_boundary_variability,P12_boundary_variability:four_node:918d4eb26c4161ce:L2:200:m10-intent:0,four_node,918d4eb26c4161ce,200,m10-intent,L2,iterative_analytical,0,10,10,0.58,0.05,1e-05,,True,a -> r1 -> r2 -> b,3,True,,,,0.5953582110868845,3,0.000414,VIOLATED,False,9,0.5953582110868845,0.5953582110868845,0.0,1.988306,False,,481,174,121,83,0,0,0.06018873751,0934cef43d75f03ec817b263d3bb698ba5d9be722ebf279e64219fe57054515c,False,,,,False,,3eada4d39cc676240b3278de813f19477e0b0eb8,1f2680a5b9065e708a7497adc53a95b108029b98,3.13.14,2.5.1,"{""pydantic"": ""2.13.4"", ""yaml"": ""6.0.3"", ""networkx"": ""3.6.1"", ""numpy"": ""2.5.1"", ""scipy"": ""1.18.0"", ""matplotlib"": ""3.11.0"", ""pandas"": ""3.0.3"", ""qutip"": ""5.3.0"", ""stim"": ""1.16.0"", ""gmpy2"": ""2.3.1"", ""nbformat"": ""5.10.4"", ""nbclient"": ""0.11.0""}",Windows,11,Gercom,2026-07-19T23:56:38.266326+00:00
P12_boundary_variability,P12_boundary_variability:four_node:918d4eb26c4161ce:L2:201:m10-intent:0,four_node,918d4eb26c4161ce,201,m10-intent,L2,iterative_analytical,0,10,10,0.58,0.05,1e-05,,True,a -> r1 -> r2 -> b,3,True,,,,0.5953582110868845,3,0.000407,SATISFIED,True,11,0.5953582110868845,0.5953582110868845,0.0,1.937455,False,,460,171,122,88,0,0,0.06017368751,f3334ebefb278d72518110a309cef001f83b8189b931a8c517b4c4eb4d1d5b37,False,,,,False,,3eada4d39cc676240b3278de813f19477e0b0eb8,1f2680a5b9065e708a7497adc53a95b108029b98,3.13.14,2.5.1,"{""pydantic"": ""2.13.4"", ""yaml"": ""6.0.3"", ""networkx"": ""3.6.1"", ""numpy"": ""2.5.1"", ""scipy"": ""1.18.0"", ""matplotlib"": ""3.11.0"", ""pandas"": ""3.0.3"", ""qutip"": ""5.3.0"", ""stim"": ""1.16.0"", ""gmpy2"": ""2.3.1"", ""nbformat"": ""5.10.4"", ""nbclient"": ""0.11.0""}",Windows,11,Gercom,2026-07-19T23:56:43.257290+00:00
P12_boundary_variability,P12_boundary_variability:four_node:918d4eb26c4161ce:L2:202:m10-intent:0,four_node,918d4eb26c4161ce,202,m10-intent,L2,iterative_analytical,0,10,10,0.58,0.05,1e-05,,True,a -> r1 -> r2 -> b,3,True,,,,0.5953582110868845,3,0.000393,VIOLATED,False,9,0.5953582110868845,0.5953582110868845,0.0,1.906426,False,,526,168,116,78,0,0,0.06019388751,de4056328adb9a77cf23714c413be024382c052b2a91eac8f0265fee9532041d,False,,,,False,,3eada4d39cc676240b3278de813f19477e0b0eb8,1f2680a5b9065e708a7497adc53a95b108029b98,3.13.14,2.5.1,"{""pydantic"": ""2.13.4"", ""yaml"": ""6.0.3"", ""networkx"": ""3.6.1"", ""numpy"": ""2.5.1"", ""scipy"": ""1.18.0"", ""matplotlib"": ""3.11.0"", ""pandas"": ""3.0.3"", ""qutip"": ""5.3.0"", ""stim"": ""1.16.0"", ""gmpy2"": ""2.3.1"", ""nbformat"": ""5.10.4"", ""nbclient"": ""0.11.0""}",Windows,11,Gercom,2026-07-19T23:56:48.317355+00:00
P12_boundary_variability,P12_boundary_variability:four_node:918d4eb26c4161ce:L2:203:m10-intent:0,four_node,918d4eb26c4161ce,203,m10-intent,L2,iterative_analytical,0,10,10,0.58,0.05,1e-05,,True,a -> r1 -> r2 -> b,3,True,,,,0.5953582110868845,3,0.000413,SATISFIED,True,10,0.5953582110868845,0.5953582110868845,0.0,1.992903,False,,506,172,119,82,0,0,0.06018382501,acd1be1d567370bb91784288560113754a5e2192a0857056cfdf657760c83689,False,,,,False,,3eada4d39cc676240b3278de813f19477e0b0eb8,1f2680a5b9065e708a7497adc53a95b108029b98,3.13.14,2.5.1,"{""pydantic"": ""2.13.4"", ""yaml"": ""6.0.3"", ""networkx"": ""3.6.1"", ""numpy"": ""2.5.1"", ""scipy"": ""1.18.0"", ""matplotlib"": ""3.11.0"", ""pandas"": ""3.0.3"", ""qutip"": ""5.3.0"", ""stim"": ""1.16.0"", ""gmpy2"": ""2.3.1"", ""nbformat"": ""5.10.4"", ""nbclient"": ""0.11.0""}",Windows,11,Gercom,2026-07-19T23:56:53.386204+00:00
P12_boundary_variability,P12_boundary_variability:four_node:918d4eb26c4161ce:L2:204:m10-intent:0,four_node,918d4eb26c4161ce,204,m10-intent,L2,iterative_analytical,0,10,10,0.58,0.05,1e-05,,True,a -> r1 -> r2 -> b,3,True,,,,0.5953582110868845,3,0.000399,VIOLATED,False,8,0.5953582110868845,0.5953582110868845,0.0,1.898757,False,,460,161,108,67,0,0,0.06019882501,eb98cd65e9f820a4a0e009ec94c0fba3c407c09741fe6b4d168602bfa7cb1e50,False,,,,False,,3eada4d39cc676240b3278de813f19477e0b0eb8,1f2680a5b9065e708a7497adc53a95b108029b98,3.13.14,2.5.1,"{""pydantic"": ""2.13.4"", ""yaml"": ""6.0.3"", ""networkx"": ""3.6.1"", ""numpy"": ""2.5.1"", ""scipy"": ""1.18.0"", ""matplotlib"": ""3.11.0"", ""pandas"": ""3.0.3"", ""qutip"": ""5.3.0"", ""stim"": ""1.16.0"", ""gmpy2"": ""2.3.1"", ""nbformat"": ""5.10.4"", ""nbclient"": ""0.11.0""}",Windows,11,Gercom,2026-07-19T23:56:58.334970+00:00
P12_boundary_variability,P12_boundary_variability:four_node:918d4eb26c4161ce:L2:205:m10-intent:0,four_node,918d4eb26c4161ce,205,m10-intent,L2,iterative_analytical,0,10,10,0.58,0.05,1e-05,,True,a -> r1 -> r2 -> b,3,True,,,,0.5953582110868845,3,0.000397,SATISFIED,True,10,0.5953582110868845,0.5953582110868845,0.0,2.006577,False,,464,171,117,77,0,0,0.06016865001,be6fbf7e742d576368acd1b28214056e80fe6dcfa82d24ffe8b4d700a32f906d,False,,,,False,,3eada4d39cc676240b3278de813f19477e0b0eb8,1f2680a5b9065e708a7497adc53a95b108029b98,3.13.14,2.5.1,"{""pydantic"": ""2.13.4"", ""yaml"": ""6.0.3"", ""networkx"": ""3.6.1"", ""numpy"": ""2.5.1"", ""scipy"": ""1.18.0"", ""matplotlib"": ""3.11.0"", ""pandas"": ""3.0.3"", ""qutip"": ""5.3.0"", ""stim"": ""1.16.0"", ""gmpy2"": ""2.3.1"", ""nbformat"": ""5.10.4"", ""nbclient"": ""0.11.0""}",Windows,11,Gercom,2026-07-19T23:57:03.465415+00:00
P12_boundary_variability,P12_boundary_variability:four_node:918d4eb26c4161ce:L2:206:m10-intent:0,four_node,918d4eb26c4161ce,206,m10-intent,L2,iterative_analytical,0,10,10,0.58,0.05,1e-05,,True,a -> r1 -> r2 -> b,3,True,,,,0.5953582110868845,3,0.000386,SATISFIED,True,10,0.5953582110868845,0.5953582110868845,0.0,1.920682,False,,520,166,114,77,0,0,0.06018887501,0176d4ec5af07ef70ea8075ddd29bebef522b6947c9b776b851d0fe688a9ba8c,False,,,,False,,3eada4d39cc676240b3278de813f19477e0b0eb8,1f2680a5b9065e708a7497adc53a95b108029b98,3.13.14,2.5.1,"{""pydantic"": ""2.13.4"", ""yaml"": ""6.0.3"", ""networkx"": ""3.6.1"", ""numpy"": ""2.5.1"", ""scipy"": ""1.18.0"", ""matplotlib"": ""3.11.0"", ""pandas"": ""3.0.3"", ""qutip"": ""5.3.0"", ""stim"": ""1.16.0"", ""gmpy2"": ""2.3.1"", ""nbformat"": ""5.10.4"", ""nbclient"": ""0.11.0""}",Windows,11,Gercom,2026-07-19T23:57:08.382160+00:00
P12_boundary_variability,P12_boundary_variability:four_node:918d4eb26c4161ce:L2:207:m10-intent:0,four_node,918d4eb26c4161ce,207,m10-intent,L2,iterative_analytical,0,10,10,0.58,0.05,1e-05,,True,a -> r1 -> r2 -> b,3,True,,,,0.5953582110868845,3,0.000391,VIOLATED,False,8,0.5953582110868845,0.5953582110868845,0.0,1.989476,False,,489,168,111,71,0,0,0.06019887501,47ceb758eb15569f77bf8b45d2222d65fc2b7718eb9bea32d15fa1b113c36361,False,,,,False,,3eada4d39cc676240b3278de813f19477e0b0eb8,1f2680a5b9065e708a7497adc53a95b108029b98,3.13.14,2.5.1,"{""pydantic"": ""2.13.4"", ""yaml"": ""6.0.3"", ""networkx"": ""3.6.1"", ""numpy"": ""2.5.1"", ""scipy"": ""1.18.0"", ""matplotlib"": ""3.11.0"", ""pandas"": ""3.0.3"", ""qutip"": ""5.3.0"", ""stim"": ""1.16.0"", ""gmpy2"": ""2.3.1"", ""nbformat"": ""5.10.4"", ""nbclient"": ""0.11.0""}",Windows,11,Gercom,2026-07-19T23:57:13.416594+00:00
P12_boundary_variability,P12_boundary_variability:four_node:918d4eb26c4161ce:L2:208:m10-intent:0,four_node,918d4eb26c4161ce,208,m10-intent,L2,iterative_analytical,0,10,10,0.58,0.05,1e-05,,True,a -> r1 -> r2 -> b,3,True,,,,0.5953582110868845,3,0.000392,SATISFIED,True,10,0.5953582110868845,0.5953582110868845,0.0,2.049587,False,,498,170,118,82,0,0,0.06018381251,655ee4520387c57fff4437a79306f751be78328cbe2311b3041ab2f8b459813c,False,,,,False,,3eada4d39cc676240b3278de813f19477e0b0eb8,1f2680a5b9065e708a7497adc53a95b108029b98,3.13.14,2.5.1,"{""pydantic"": ""2.13.4"", ""yaml"": ""6.0.3"", ""networkx"": ""3.6.1"", ""numpy"": ""2.5.1"", ""scipy"": ""1.18.0"", ""matplotlib"": ""3.11.0"", ""pandas"": ""3.0.3"", ""qutip"": ""5.3.0"", ""stim"": ""1.16.0"", ""gmpy2"": ""2.3.1"", ""nbformat"": ""5.10.4"", ""nbclient"": ""0.11.0""}",Windows,11,Gercom,2026-07-19T23:57:18.558692+00:00
P12_boundary_variability,P12_boundary_variability:four_node:918d4eb26c4161ce:L2:209:m10-intent:0,four_node,918d4eb26c4161ce,209,m10-intent,L2,iterative_analytical,0,10,10,0.58,0.05,1e-05,,True,a -> r1 -> r2 -> b,3,True,,,,0.5953582110868845,3,0.00046,SATISFIED,True,12,0.5953582110868845,0.5953582110868845,0.0,1.966618,False,,499,173,124,92,0,0,0.06019382501,74eddc7e76b32465052782c1cf3fe6e1db1cb26a99a763ca07081d495f9614ed,False,,,,False,,3eada4d39cc676240b3278de813f19477e0b0eb8,1f2680a5b9065e708a7497adc53a95b108029b98,3.13.14,2.5.1,"{""pydantic"": ""2.13.4"", ""yaml"": ""6.0.3"", ""networkx"": ""3.6.1"", ""numpy"": ""2.5.1"", ""scipy"": ""1.18.0"", ""matplotlib"": ""3.11.0"", ""pandas"": ""3.0.3"", ""qutip"": ""5.3.0"", ""stim"": ""1.16.0"", ""gmpy2"": ""2.3.1"", ""nbformat"": ""5.10.4"", ""nbclient"": ""0.11.0""}",Windows,11,Gercom,2026-07-19T23:57:23.568870+00:00
P12_boundary_variability,P12_boundary_variability:four_node:918d4eb26c4161ce:L2:210:m10-intent:0,four_node,918d4eb26c4161ce,210,m10-intent,L2,iterative_analytical,0,10,10,0.58,0.05,1e-05,,True,a -> r1 -> r2 -> b,3,True,,,,0.5953582110868845,3,0.000407,VIOLATED,False,8,0.5953582110868845,0.5953582110868845,0.0,1.889289,False,,486,165,114,74,0,0,0.06015865001,01976dd399e682e16637371898dbe550859c5333a2b3aed79eaa2122ed4c4f50,False,,,,False,,3eada4d39cc676240b3278de813f19477e0b0eb8,1f2680a5b9065e708a7497adc53a95b108029b98,3.13.14,2.5.1,"{""pydantic"": ""2.13.4"", ""yaml"": ""6.0.3"", ""networkx"": ""3.6.1"", ""numpy"": ""2.5.1"", ""scipy"": ""1.18.0"", ""matplotlib"": ""3.11.0"", ""pandas"": ""3.0.3"", ""qutip"": ""5.3.0"", ""stim"": ""1.16.0"", ""gmpy2"": ""2.3.1"", ""nbformat"": ""5.10.4"", ""nbclient"": ""0.11.0""}",Windows,11,Gercom,2026-07-19T23:57:28.479152+00:00
P12_boundary_variability,P12_boundary_variability:four_node:918d4eb26c4161ce:L2:211:m10-intent:0,four_node,918d4eb26c4161ce,211,m10-intent,L2,iterative_analytical,0,10,10,0.58,0.05,1e-05,,True,a -> r1 -> r2 -> b,3,True,,,,0.5953582110868845,3,0.000397,VIOLATED,False,9,0.5953582110868845,0.5953582110868845,0.0,2.087664,False,,530,164,110,69,0,0,0.06018882501,011a59d3e3aef876e671f846e1c867c58c3444c8c806632d2eea8f5da5698a6d,False,,,,False,,3eada4d39cc676240b3278de813f19477e0b0eb8,1f2680a5b9065e708a7497adc53a95b108029b98,3.13.14,2.5.1,"{""pydantic"": ""2.13.4"", ""yaml"": ""6.0.3"", ""networkx"": ""3.6.1"", ""numpy"": ""2.5.1"", ""scipy"": ""1.18.0"", ""matplotlib"": ""3.11.0"", ""pandas"": ""3.0.3"", ""qutip"": ""5.3.0"", ""stim"": ""1.16.0"", ""gmpy2"": ""2.3.1"", ""nbformat"": ""5.10.4"", ""nbclient"": ""0.11.0""}",Windows,11,Gercom,2026-07-19T23:57:33.574749+00:00
P12_boundary_variability,P12_boundary_variability:four_node:918d4eb26c4161ce:L2:212:m10-intent:0,four_node,918d4eb26c4161ce,212,m10-intent,L2,iterative_analytical,0,10,10,0.58,0.05,1e-05,,True,a -> r1 -> r2 -> b,3,True,,,,0.5953582110868845,3,0.000441,VIOLATED,False,7,0.5953582110868846,0.5953582110868846,1.1102230246251565e-16,1.896211,False,,527,164,111,70,0,0,0.06018386251,f7705ebda28e82a746f4987e06ec2f58a748990648cbc2fc4357bdfe7d240ff7,False,,,,False,,3eada4d39cc676240b3278de813f19477e0b0eb8,1f2680a5b9065e708a7497adc53a95b108029b98,3.13.14,2.5.1,"{""pydantic"": ""2.13.4"", ""yaml"": ""6.0.3"", ""networkx"": ""3.6.1"", ""numpy"": ""2.5.1"", ""scipy"": ""1.18.0"", ""matplotlib"": ""3.11.0"", ""pandas"": ""3.0.3"", ""qutip"": ""5.3.0"", ""stim"": ""1.16.0"", ""gmpy2"": ""2.3.1"", ""nbformat"": ""5.10.4"", ""nbclient"": ""0.11.0""}",Windows,11,Gercom,2026-07-19T23:57:38.498779+00:00
P12_boundary_variability,P12_boundary_variability:four_node:918d4eb26c4161ce:L2:213:m10-intent:0,four_node,918d4eb26c4161ce,213,m10-intent,L2,iterative_analytical,0,10,10,0.58,0.05,1e-05,,True,a -> r1 -> r2 -> b,3,True,,,,0.5953582110868845,3,0.00046,SATISFIED,True,11,0.5953582110868845,0.5953582110868845,0.0,2.056735,False,,476,173,121,86,0,0,0.06018881251,5503fca4e7234e2eafbcc69232882089f335a4ca2a107a0239f6b50421ba5c9a,False,,,,False,,3eada4d39cc676240b3278de813f19477e0b0eb8,1f2680a5b9065e708a7497adc53a95b108029b98,3.13.14,2.5.1,"{""pydantic"": ""2.13.4"", ""yaml"": ""6.0.3"", ""networkx"": ""3.6.1"", ""numpy"": ""2.5.1"", ""scipy"": ""1.18.0"", ""matplotlib"": ""3.11.0"", ""pandas"": ""3.0.3"", ""qutip"": ""5.3.0"", ""stim"": ""1.16.0"", ""gmpy2"": ""2.3.1"", ""nbformat"": ""5.10.4"", ""nbclient"": ""0.11.0""}",Windows,11,Gercom,2026-07-19T23:57:43.558369+00:00
P12_boundary_variability,P12_boundary_variability:four_node:918d4eb26c4161ce:L2:214:m10-intent:0,four_node,918d4eb26c4161ce,214,m10-intent,L2,iterative_analytical,0,10,10,0.58,0.05,1e-05,,True,a -> r1 -> r2 -> b,3,True,,,,0.5953582110868845,3,0.000408,SATISFIED,True,10,0.5953582110868845,0.5953582110868845,0.0,2.212686,False,,501,168,117,78,0,0,0.06019891251,5456d9157e0be6affd07f982463679ae422c7e79d85827286db19cd9d468a919,False,,,,False,,3eada4d39cc676240b3278de813f19477e0b0eb8,1f2680a5b9065e708a7497adc53a95b108029b98,3.13.14,2.5.1,"{""pydantic"": ""2.13.4"", ""yaml"": ""6.0.3"", ""networkx"": ""3.6.1"", ""numpy"": ""2.5.1"", ""scipy"": ""1.18.0"", ""matplotlib"": ""3.11.0"", ""pandas"": ""3.0.3"", ""qutip"": ""5.3.0"", ""stim"": ""1.16.0"", ""gmpy2"": ""2.3.1"", ""nbformat"": ""5.10.4"", ""nbclient"": ""0.11.0""}",Windows,11,Gercom,2026-07-19T23:57:48.762748+00:00
P12_boundary_variability,P12_boundary_variability:four_node:918d4eb26c4161ce:L2:215:m10-intent:0,four_node,918d4eb26c4161ce,215,m10-intent,L2,iterative_analytical,0,10,10,0.58,0.05,1e-05,,True,a -> r1 -> r2 -> b,3,True,,,,0.5953582110868845,3,0.000416,SATISFIED,True,11,0.5953582110868845,0.5953582110868845,0.0,1.937182,False,,482,168,119,89,0,0,0.06018372501,5ca3df2e846303b35d4eda895cddb3cc2810a40b39b73fd5e79763d12c333a4d,False,,,,False,,3eada4d39cc676240b3278de813f19477e0b0eb8,1f2680a5b9065e708a7497adc53a95b108029b98,3.13.14,2.5.1,"{""pydantic"": ""2.13.4"", ""yaml"": ""6.0.3"", ""networkx"": ""3.6.1"", ""numpy"": ""2.5.1"", ""scipy"": ""1.18.0"", ""matplotlib"": ""3.11.0"", ""pandas"": ""3.0.3"", ""qutip"": ""5.3.0"", ""stim"": ""1.16.0"", ""gmpy2"": ""2.3.1"", ""nbformat"": ""5.10.4"", ""nbclient"": ""0.11.0""}",Windows,11,Gercom,2026-07-19T23:57:53.758146+00:00
P12_boundary_variability,P12_boundary_variability:four_node:918d4eb26c4161ce:L2:216:m10-intent:0,four_node,918d4eb26c4161ce,216,m10-intent,L2,iterative_analytical,0,10,10,0.58,0.05,1e-05,,True,a -> r1 -> r2 -> b,3,True,,,,0.5953582110868845,3,0.000413,VIOLATED,False,9,0.5953582110868845,0.5953582110868845,0.0,1.934137,False,,478,167,115,78,0,0,0.06018883751,e361232f9f39bee05f52ade1f7daa7d4e68039fc6a0052e5270775e561798051,False,,,,False,,3eada4d39cc676240b3278de813f19477e0b0eb8,1f2680a5b9065e708a7497adc53a95b108029b98,3.13.14,2.5.1,"{""pydantic"": ""2.13.4"", ""yaml"": ""6.0.3"", ""networkx"": ""3.6.1"", ""numpy"": ""2.5.1"", ""scipy"": ""1.18.0"", ""matplotlib"": ""3.11.0"", ""pandas"": ""3.0.3"", ""qutip"": ""5.3.0"", ""stim"": ""1.16.0"", ""gmpy2"": ""2.3.1"", ""nbformat"": ""5.10.4"", ""nbclient"": ""0.11.0""}",Windows,11,Gercom,2026-07-19T23:57:58.891957+00:00
P12_boundary_variability,P12_boundary_variability:four_node:918d4eb26c4161ce:L2:217:m10-intent:0,four_node,918d4eb26c4161ce,217,m10-intent,L2,iterative_analytical,0,10,10,0.58,0.05,1e-05,,True,a -> r1 -> r2 -> b,3,True,,,,0.5953582110868845,3,0.000391,SATISFIED,True,10,0.5953582110868845,0.5953582110868845,0.0,2.060785,False,,487,167,120,88,0,0,0.06019385001,7532dc62f011ff25e856e4dd6bb6083d03dda9e7dee8ff902b4d48d8a466367f,False,,,,False,,3eada4d39cc676240b3278de813f19477e0b0eb8,1f2680a5b9065e708a7497adc53a95b108029b98,3.13.14,2.5.1,"{""pydantic"": ""2.13.4"", ""yaml"": ""6.0.3"", ""networkx"": ""3.6.1"", ""numpy"": ""2.5.1"", ""scipy"": ""1.18.0"", ""matplotlib"": ""3.11.0"", ""pandas"": ""3.0.3"", ""qutip"": ""5.3.0"", ""stim"": ""1.16.0"", ""gmpy2"": ""2.3.1"", ""nbformat"": ""5.10.4"", ""nbclient"": ""0.11.0""}",Windows,11,Gercom,2026-07-19T23:58:03.951057+00:00
P12_boundary_variability,P12_boundary_variability:four_node:918d4eb26c4161ce:L2:218:m10-intent:0,four_node,918d4eb26c4161ce,218,m10-intent,L2,iterative_analytical,0,10,10,0.58,0.05,1e-05,,True,a -> r1 -> r2 -> b,3,True,,,,0.5953582110868845,3,0.000416,VIOLATED,False,9,0.5953582110868845,0.5953582110868845,0.0,1.945169,False,,471,172,119,77,0,0,0.06019380001,7190795a9980353bd7b6945398eb08a64988513b4f0d37a487e96565a980760d,False,,,,False,,3eada4d39cc676240b3278de813f19477e0b0eb8,1f2680a5b9065e708a7497adc53a95b108029b98,3.13.14,2.5.1,"{""pydantic"": ""2.13.4"", ""yaml"": ""6.0.3"", ""networkx"": ""3.6.1"", ""numpy"": ""2.5.1"", ""scipy"": ""1.18.0"", ""matplotlib"": ""3.11.0"", ""pandas"": ""3.0.3"", ""qutip"": ""5.3.0"", ""stim"": ""1.16.0"", ""gmpy2"": ""2.3.1"", ""nbformat"": ""5.10.4"", ""nbclient"": ""0.11.0""}",Windows,11,Gercom,2026-07-19T23:58:09.054063+00:00
P12_boundary_variability,P12_boundary_variability:four_node:918d4eb26c4161ce:L2:219:m10-intent:0,four_node,918d4eb26c4161ce,219,m10-intent,L2,iterative_analytical,0,10,10,0.58,0.05,1e-05,,True,a -> r1 -> r2 -> b,3,True,,,,0.5953582110868845,3,0.000389,SATISFIED,True,10,0.5953582110868845,0.5953582110868845,0.0,1.943438,False,,487,180,125,85,0,0,0.06018881251,83c8fc496335d5ff648703f2667926537731d883506ca7c4ed9fe33382b6d801,False,,,,False,,3eada4d39cc676240b3278de813f19477e0b0eb8,1f2680a5b9065e708a7497adc53a95b108029b98,3.13.14,2.5.1,"{""pydantic"": ""2.13.4"", ""yaml"": ""6.0.3"", ""networkx"": ""3.6.1"", ""numpy"": ""2.5.1"", ""scipy"": ""1.18.0"", ""matplotlib"": ""3.11.0"", ""pandas"": ""3.0.3"", ""qutip"": ""5.3.0"", ""stim"": ""1.16.0"", ""gmpy2"": ""2.3.1"", ""nbformat"": ""5.10.4"", ""nbclient"": ""0.11.0""}",Windows,11,Gercom,2026-07-19T23:58:14.013809+00:00
P12_boundary_variability,P12_boundary_variability:four_node:918d4eb26c4161ce:L2:220:m10-intent:0,four_node,918d4eb26c4161ce,220,m10-intent,L2,iterative_analytical,0,10,10,0.58,0.05,1e-05,,True,a -> r1 -> r2 -> b,3,True,,,,0.5953582110868845,3,0.000504,VIOLATED,False,7,0.5953582110868846,0.5953582110868846,1.1102230246251565e-16,1.828433,False,,462,158,110,74,0,0,0.06017871251,9a7acae940bc48ddbcc4cb88bdfa2fa409a3e3a9cd8883b3a3c382e6342f7209,False,,,,False,,3eada4d39cc676240b3278de813f19477e0b0eb8,1f2680a5b9065e708a7497adc53a95b108029b98,3.13.14,2.5.1,"{""pydantic"": ""2.13.4"", ""yaml"": ""6.0.3"", ""networkx"": ""3.6.1"", ""numpy"": ""2.5.1"", ""scipy"": ""1.18.0"", ""matplotlib"": ""3.11.0"", ""pandas"": ""3.0.3"", ""qutip"": ""5.3.0"", ""stim"": ""1.16.0"", ""gmpy2"": ""2.3.1"", ""nbformat"": ""5.10.4"", ""nbclient"": ""0.11.0""}",Windows,11,Gercom,2026-07-19T23:58:18.914101+00:00
P12_boundary_variability,P12_boundary_variability:four_node:918d4eb26c4161ce:L2:221:m10-intent:0,four_node,918d4eb26c4161ce,221,m10-intent,L2,iterative_analytical,0,10,10,0.58,0.05,1e-05,,True,a -> r1 -> r2 -> b,3,True,,,,0.5953582110868845,3,0.000428,SATISFIED,True,10,0.5953582110868845,0.5953582110868845,0.0,1.941995,False,,490,174,122,85,0,0,0.06018878751,452405d358ecff9159b532ec96973e0722904be339bd606b34bc8bbd2febc688,False,,,,False,,3eada4d39cc676240b3278de813f19477e0b0eb8,1f2680a5b9065e708a7497adc53a95b108029b98,3.13.14,2.5.1,"{""pydantic"": ""2.13.4"", ""yaml"": ""6.0.3"", ""networkx"": ""3.6.1"", ""numpy"": ""2.5.1"", ""scipy"": ""1.18.0"", ""matplotlib"": ""3.11.0"", ""pandas"": ""3.0.3"", ""qutip"": ""5.3.0"", ""stim"": ""1.16.0"", ""gmpy2"": ""2.3.1"", ""nbformat"": ""5.10.4"", ""nbclient"": ""0.11.0""}",Windows,11,Gercom,2026-07-19T23:58:24.036340+00:00
P12_boundary_variability,P12_boundary_variability:four_node:918d4eb26c4161ce:L2:222:m10-intent:0,four_node,918d4eb26c4161ce,222,m10-intent,L2,iterative_analytical,0,10,10,0.58,0.05,1e-05,,True,a -> r1 -> r2 -> b,3,True,,,,0.5953582110868845,3,0.000389,SATISFIED,True,11,0.5953582110868845,0.5953582110868845,0.0,1.998939,False,,455,167,123,96,0,0,0.06018880001,615eefed9669c23c6e27a38577da39d61ccba1375efca692bae0c4ecc8518d0e,False,,,,False,,3eada4d39cc676240b3278de813f19477e0b0eb8,1f2680a5b9065e708a7497adc53a95b108029b98,3.13.14,2.5.1,"{""pydantic"": ""2.13.4"", ""yaml"": ""6.0.3"", ""networkx"": ""3.6.1"", ""numpy"": ""2.5.1"", ""scipy"": ""1.18.0"", ""matplotlib"": ""3.11.0"", ""pandas"": ""3.0.3"", ""qutip"": ""5.3.0"", ""stim"": ""1.16.0"", ""gmpy2"": ""2.3.1"", ""nbformat"": ""5.10.4"", ""nbclient"": ""0.11.0""}",Windows,11,Gercom,2026-07-19T23:58:29.077048+00:00
P12_boundary_variability,P12_boundary_variability:four_node:918d4eb26c4161ce:L2:223:m10-intent:0,four_node,918d4eb26c4161ce,223,m10-intent,L2,iterative_analytical,0,10,10,0.58,0.05,1e-05,,True,a -> r1 -> r2 -> b,3,True,,,,0.5953582110868845,3,0.000421,VIOLATED,False,9,0.5953582110868845,0.5953582110868845,0.0,2.181945,False,,483,166,117,82,0,0,0.06019377501,02ed456e1d215748ed5a87369a62e6d336a65912b16fa570070ccdada5879e11,False,,,,False,,3eada4d39cc676240b3278de813f19477e0b0eb8,1f2680a5b9065e708a7497adc53a95b108029b98,3.13.14,2.5.1,"{""pydantic"": ""2.13.4"", ""yaml"": ""6.0.3"", ""networkx"": ""3.6.1"", ""numpy"": ""2.5.1"", ""scipy"": ""1.18.0"", ""matplotlib"": ""3.11.0"", ""pandas"": ""3.0.3"", ""qutip"": ""5.3.0"", ""stim"": ""1.16.0"", ""gmpy2"": ""2.3.1"", ""nbformat"": ""5.10.4"", ""nbclient"": ""0.11.0""}",Windows,11,Gercom,2026-07-19T23:58:34.295426+00:00
P12_boundary_variability,P12_boundary_variability:four_node:918d4eb26c4161ce:L2:224:m10-intent:0,four_node,918d4eb26c4161ce,224,m10-intent,L2,iterative_analytical,0,10,10,0.58,0.05,1e-05,,True,a -> r1 -> r2 -> b,3,True,,,,0.5953582110868845,3,0.000391,SATISFIED,True,11,0.5953582110868845,0.5953582110868845,0.0,3.472277,False,,512,173,122,89,0,0,0.06017378751,e54cb0cd6942e4a2c6caff6c3f896138eb58b102fe31d00a32a077cf85506a7a,False,,,,False,,3eada4d39cc676240b3278de813f19477e0b0eb8,1f2680a5b9065e708a7497adc53a95b108029b98,3.13.14,2.5.1,"{""pydantic"": ""2.13.4"", ""yaml"": ""6.0.3"", ""networkx"": ""3.6.1"", ""numpy"": ""2.5.1"", ""scipy"": ""1.18.0"", ""matplotlib"": ""3.11.0"", ""pandas"": ""3.0.3"", ""qutip"": ""5.3.0"", ""stim"": ""1.16.0"", ""gmpy2"": ""2.3.1"", ""nbformat"": ""5.10.4"", ""nbclient"": ""0.11.0""}",Windows,11,Gercom,2026-07-19T23:58:41.075417+00:00
P12_boundary_variability,P12_boundary_variability:four_node:918d4eb26c4161ce:L2:225:m10-intent:0,four_node,918d4eb26c4161ce,225,m10-intent,L2,iterative_analytical,0,10,10,0.58,0.05,1e-05,,True,a -> r1 -> r2 -> b,3,True,,,,0.5953582110868845,3,0.000414,SATISFIED,True,10,0.5953582110868845,0.5953582110868845,0.0,1.977984,False,,473,178,127,89,0,0,0.06019382501,7741f004c276416885102a45cb0fb4caa9dc6b8b01809b21751081248370cda0,False,,,,False,,3eada4d39cc676240b3278de813f19477e0b0eb8,1f2680a5b9065e708a7497adc53a95b108029b98,3.13.14,2.5.1,"{""pydantic"": ""2.13.4"", ""yaml"": ""6.0.3"", ""networkx"": ""3.6.1"", ""numpy"": ""2.5.1"", ""scipy"": ""1.18.0"", ""matplotlib"": ""3.11.0"", ""pandas"": ""3.0.3"", ""qutip"": ""5.3.0"", ""stim"": ""1.16.0"", ""gmpy2"": ""2.3.1"", ""nbformat"": ""5.10.4"", ""nbclient"": ""0.11.0""}",Windows,11,Gercom,2026-07-19T23:58:46.081361+00:00
P12_boundary_variability,P12_boundary_variability:four_node:918d4eb26c4161ce:L2:226:m10-intent:0,four_node,918d4eb26c4161ce,226,m10-intent,L2,iterative_analytical,0,10,10,0.58,0.05,1e-05,,True,a -> r1 -> r2 -> b,3,True,,,,0.5953582110868845,3,0.000397,SATISFIED,True,10,0.5953582110868845,0.5953582110868845,0.0,2.016002,False,,493,172,119,82,0,0,0.06019380001,84dd820f412213b9a810eea2a27955a9d1599d83e24f04ec0f7973cb47a281df,False,,,,False,,3eada4d39cc676240b3278de813f19477e0b0eb8,1f2680a5b9065e708a7497adc53a95b108029b98,3.13.14,2.5.1,"{""pydantic"": ""2.13.4"", ""yaml"": ""6.0.3"", ""networkx"": ""3.6.1"", ""numpy"": ""2.5.1"", ""scipy"": ""1.18.0"", ""matplotlib"": ""3.11.0"", ""pandas"": ""3.0.3"", ""qutip"": ""5.3.0"", ""stim"": ""1.16.0"", ""gmpy2"": ""2.3.1"", ""nbformat"": ""5.10.4"", ""nbclient"": ""0.11.0""}",Windows,11,Gercom,2026-07-19T23:58:51.120584+00:00
P12_boundary_variability,P12_boundary_variability:four_node:918d4eb26c4161ce:L2:227:m10-intent:0,four_node,918d4eb26c4161ce,227,m10-intent,L2,iterative_analytical,0,10,10,0.58,0.05,1e-05,,True,a -> r1 -> r2 -> b,3,True,,,,0.5953582110868845,3,0.000422,SATISFIED,True,11,0.5953582110868845,0.5953582110868845,0.0,1.909336,False,,497,168,116,83,0,0,0.06015637501,4d4a26f2e92dbc281d1d08f7b8ec3ece43087034498dbf19dda32c15ae457c70,False,,,,False,,3eada4d39cc676240b3278de813f19477e0b0eb8,1f2680a5b9065e708a7497adc53a95b108029b98,3.13.14,2.5.1,"{""pydantic"": ""2.13.4"", ""yaml"": ""6.0.3"", ""networkx"": ""3.6.1"", ""numpy"": ""2.5.1"", ""scipy"": ""1.18.0"", ""matplotlib"": ""3.11.0"", ""pandas"": ""3.0.3"", ""qutip"": ""5.3.0"", ""stim"": ""1.16.0"", ""gmpy2"": ""2.3.1"", ""nbformat"": ""5.10.4"", ""nbclient"": ""0.11.0""}",Windows,11,Gercom,2026-07-19T23:58:56.221102+00:00
P12_boundary_variability,P12_boundary_variability:four_node:918d4eb26c4161ce:L2:228:m10-intent:0,four_node,918d4eb26c4161ce,228,m10-intent,L2,iterative_analytical,0,10,10,0.58,0.05,1e-05,,True,a -> r1 -> r2 -> b,3,True,,,,0.5953582110868845,3,0.000397,SATISFIED,True,10,0.5953582110868845,0.5953582110868845,0.0,1.997701,False,,503,173,120,83,0,0,0.06019888751,e02425643aff8f3f11cec2b4e1a52f9f1849e18f596ac145a6f205fc53c23bc0,False,,,,False,,3eada4d39cc676240b3278de813f19477e0b0eb8,1f2680a5b9065e708a7497adc53a95b108029b98,3.13.14,2.5.1,"{""pydantic"": ""2.13.4"", ""yaml"": ""6.0.3"", ""networkx"": ""3.6.1"", ""numpy"": ""2.5.1"", ""scipy"": ""1.18.0"", ""matplotlib"": ""3.11.0"", ""pandas"": ""3.0.3"", ""qutip"": ""5.3.0"", ""stim"": ""1.16.0"", ""gmpy2"": ""2.3.1"", ""nbformat"": ""5.10.4"", ""nbclient"": ""0.11.0""}",Windows,11,Gercom,2026-07-19T23:59:01.294430+00:00
P12_boundary_variability,P12_boundary_variability:four_node:918d4eb26c4161ce:L2:229:m10-intent:0,four_node,918d4eb26c4161ce,229,m10-intent,L2,iterative_analytical,0,10,10,0.58,0.05,1e-05,,True,a -> r1 -> r2 -> b,3,True,,,,0.5953582110868845,3,0.000418,SATISFIED,True,11,0.5953582110868845,0.5953582110868845,0.0,1.857116,False,,483,166,115,82,0,0,0.06019382501,ab8dfa2650b16ca6f698d4dcfd6d61bb6ad1aa94c9d9481e4b36126c8d9d877c,False,,,,False,,3eada4d39cc676240b3278de813f19477e0b0eb8,1f2680a5b9065e708a7497adc53a95b108029b98,3.13.14,2.5.1,"{""pydantic"": ""2.13.4"", ""yaml"": ""6.0.3"", ""networkx"": ""3.6.1"", ""numpy"": ""2.5.1"", ""scipy"": ""1.18.0"", ""matplotlib"": ""3.11.0"", ""pandas"": ""3.0.3"", ""qutip"": ""5.3.0"", ""stim"": ""1.16.0"", ""gmpy2"": ""2.3.1"", ""nbformat"": ""5.10.4"", ""nbclient"": ""0.11.0""}",Windows,11,Gercom,2026-07-19T23:59:06.179461+00:00
P12_boundary_variability,P12_boundary_variability:four_node:918d4eb26c4161ce:L2:230:m10-intent:0,four_node,918d4eb26c4161ce,230,m10-intent,L2,iterative_analytical,0,10,10,0.58,0.05,1e-05,,True,a -> r1 -> r2 -> b,3,True,,,,0.5953582110868845,3,0.000384,VIOLATED,False,8,0.5953582110868845,0.5953582110868845,0.0,1.93303,False,,507,163,112,72,0,0,0.06017883751,6b0f5b4e1a66d7de58ca5163fc1dda1ea5df0fa75e5526113d1ac5ca2f2c1128,False,,,,False,,3eada4d39cc676240b3278de813f19477e0b0eb8,1f2680a5b9065e708a7497adc53a95b108029b98,3.13.14,2.5.1,"{""pydantic"": ""2.13.4"", ""yaml"": ""6.0.3"", ""networkx"": ""3.6.1"", ""numpy"": ""2.5.1"", ""scipy"": ""1.18.0"", ""matplotlib"": ""3.11.0"", ""pandas"": ""3.0.3"", ""qutip"": ""5.3.0"", ""stim"": ""1.16.0"", ""gmpy2"": ""2.3.1"", ""nbformat"": ""5.10.4"", ""nbclient"": ""0.11.0""}",Windows,11,Gercom,2026-07-19T23:59:11.236875+00:00
P12_boundary_variability,P12_boundary_variability:four_node:918d4eb26c4161ce:L2:231:m10-intent:0,four_node,918d4eb26c4161ce,231,m10-intent,L2,iterative_analytical,0,10,10,0.58,0.05,1e-05,,True,a -> r1 -> r2 -> b,3,True,,,,0.5953582110868845,3,0.000397,VIOLATED,False,7,0.5953582110868846,0.5953582110868846,1.1102230246251565e-16,1.915112,False,,470,168,112,69,0,0,0.06019885001,900d12948482cdbd46bb514c2f167493855469920b6b4849fd106edc02ba2b4b,False,,,,False,,3eada4d39cc676240b3278de813f19477e0b0eb8,1f2680a5b9065e708a7497adc53a95b108029b98,3.13.14,2.5.1,"{""pydantic"": ""2.13.4"", ""yaml"": ""6.0.3"", ""networkx"": ""3.6.1"", ""numpy"": ""2.5.1"", ""scipy"": ""1.18.0"", ""matplotlib"": ""3.11.0"", ""pandas"": ""3.0.3"", ""qutip"": ""5.3.0"", ""stim"": ""1.16.0"", ""gmpy2"": ""2.3.1"", ""nbformat"": ""5.10.4"", ""nbclient"": ""0.11.0""}",Windows,11,Gercom,2026-07-19T23:59:16.204051+00:00
P12_boundary_variability,P12_boundary_variability:four_node:918d4eb26c4161ce:L2:232:m10-intent:0,four_node,918d4eb26c4161ce,232,m10-intent,L2,iterative_analytical,0,10,10,0.58,0.05,1e-05,,True,a -> r1 -> r2 -> b,3,True,,,,0.5953582110868845,3,0.000389,VIOLATED,False,9,0.5953582110868845,0.5953582110868845,0.0,1.930743,False,,451,149,105,77,0,0,0.06018372501,f3121c812704d002d890debb04cf57299e751526b648dc9a42dc4dc16081bcd2,False,,,,False,,3eada4d39cc676240b3278de813f19477e0b0eb8,1f2680a5b9065e708a7497adc53a95b108029b98,3.13.14,2.5.1,"{""pydantic"": ""2.13.4"", ""yaml"": ""6.0.3"", ""networkx"": ""3.6.1"", ""numpy"": ""2.5.1"", ""scipy"": ""1.18.0"", ""matplotlib"": ""3.11.0"", ""pandas"": ""3.0.3"", ""qutip"": ""5.3.0"", ""stim"": ""1.16.0"", ""gmpy2"": ""2.3.1"", ""nbformat"": ""5.10.4"", ""nbclient"": ""0.11.0""}",Windows,11,Gercom,2026-07-19T23:59:21.161794+00:00
P12_boundary_variability,P12_boundary_variability:four_node:918d4eb26c4161ce:L2:233:m10-intent:0,four_node,918d4eb26c4161ce,233,m10-intent,L2,iterative_analytical,0,10,10,0.58,0.05,1e-05,,True,a -> r1 -> r2 -> b,3,True,,,,0.5953582110868845,3,0.000414,VIOLATED,False,9,0.5953582110868845,0.5953582110868845,0.0,2.024163,False,,518,169,114,74,0,0,0.06019881251,ced8cef17571ebadd329ab318c499e205f0e4c6ee02851977d3a98d05ab75e40,False,,,,False,,3eada4d39cc676240b3278de813f19477e0b0eb8,1f2680a5b9065e708a7497adc53a95b108029b98,3.13.14,2.5.1,"{""pydantic"": ""2.13.4"", ""yaml"": ""6.0.3"", ""networkx"": ""3.6.1"", ""numpy"": ""2.5.1"", ""scipy"": ""1.18.0"", ""matplotlib"": ""3.11.0"", ""pandas"": ""3.0.3"", ""qutip"": ""5.3.0"", ""stim"": ""1.16.0"", ""gmpy2"": ""2.3.1"", ""nbformat"": ""5.10.4"", ""nbclient"": ""0.11.0""}",Windows,11,Gercom,2026-07-19T23:59:26.225971+00:00
P12_boundary_variability,P12_boundary_variability:four_node:918d4eb26c4161ce:L2:234:m10-intent:0,four_node,918d4eb26c4161ce,234,m10-intent,L2,iterative_analytical,0,10,10,0.58,0.05,1e-05,,True,a -> r1 -> r2 -> b,3,True,,,,0.5953582110868845,3,0.000417,SATISFIED,True,12,0.5953582110868845,0.5953582110868845,0.0,1.96669,False,,512,170,125,97,0,0,0.06016143751,387c767d1329b1940132a5fb50c91f9efa27b15d29efa191e321c21379fbb67e,False,,,,False,,3eada4d39cc676240b3278de813f19477e0b0eb8,1f2680a5b9065e708a7497adc53a95b108029b98,3.13.14,2.5.1,"{""pydantic"": ""2.13.4"", ""yaml"": ""6.0.3"", ""networkx"": ""3.6.1"", ""numpy"": ""2.5.1"", ""scipy"": ""1.18.0"", ""matplotlib"": ""3.11.0"", ""pandas"": ""3.0.3"", ""qutip"": ""5.3.0"", ""stim"": ""1.16.0"", ""gmpy2"": ""2.3.1"", ""nbformat"": ""5.10.4"", ""nbclient"": ""0.11.0""}",Windows,11,Gercom,2026-07-19T23:59:31.226450+00:00
P12_boundary_variability,P12_boundary_variability:four_node:918d4eb26c4161ce:L2:235:m10-intent:0,four_node,918d4eb26c4161ce,235,m10-intent,L2,iterative_analytical,0,10,10,0.58,0.05,1e-05,,True,a -> r1 -> r2 -> b,3,True,,,,0.5953582110868845,3,0.000391,SATISFIED,True,12,0.5953582110868845,0.5953582110868845,0.0,2.107498,False,,505,167,123,95,0,0,0.06018875001,f58eb650b03fbedb33f4384557ea912d5e9f06ad6248753cba5b3d5c4a1c201d,False,,,,False,,3eada4d39cc676240b3278de813f19477e0b0eb8,1f2680a5b9065e708a7497adc53a95b108029b98,3.13.14,2.5.1,"{""pydantic"": ""2.13.4"", ""yaml"": ""6.0.3"", ""networkx"": ""3.6.1"", ""numpy"": ""2.5.1"", ""scipy"": ""1.18.0"", ""matplotlib"": ""3.11.0"", ""pandas"": ""3.0.3"", ""qutip"": ""5.3.0"", ""stim"": ""1.16.0"", ""gmpy2"": ""2.3.1"", ""nbformat"": ""5.10.4"", ""nbclient"": ""0.11.0""}",Windows,11,Gercom,2026-07-19T23:59:36.511856+00:00
P12_boundary_variability,P12_boundary_variability:four_node:918d4eb26c4161ce:L2:236:m10-intent:0,four_node,918d4eb26c4161ce,236,m10-intent,L2,iterative_analytical,0,10,10,0.58,0.05,1e-05,,True,a -> r1 -> r2 -> b,3,True,,,,0.5953582110868845,3,0.000408,SATISFIED,True,10,0.5953582110868845,0.5953582110868845,0.0,2.126052,False,,499,170,119,83,0,0,0.06019885001,81f9dce67d58847d9fa6d5297579e499d5cef8f570902ae90458079e6b87f313,False,,,,False,,3eada4d39cc676240b3278de813f19477e0b0eb8,1f2680a5b9065e708a7497adc53a95b108029b98,3.13.14,2.5.1,"{""pydantic"": ""2.13.4"", ""yaml"": ""6.0.3"", ""networkx"": ""3.6.1"", ""numpy"": ""2.5.1"", ""scipy"": ""1.18.0"", ""matplotlib"": ""3.11.0"", ""pandas"": ""3.0.3"", ""qutip"": ""5.3.0"", ""stim"": ""1.16.0"", ""gmpy2"": ""2.3.1"", ""nbformat"": ""5.10.4"", ""nbclient"": ""0.11.0""}",Windows,11,Gercom,2026-07-19T23:59:41.627099+00:00
P12_boundary_variability,P12_boundary_variability:four_node:918d4eb26c4161ce:L2:237:m10-intent:0,four_node,918d4eb26c4161ce,237,m10-intent,L2,iterative_analytical,0,10,10,0.58,0.05,1e-05,,True,a -> r1 -> r2 -> b,3,True,,,,0.5953582110868845,3,0.000454,SATISFIED,True,12,0.5953582110868845,0.5953582110868845,0.0,1.891045,False,,478,161,118,91,0,0,0.06018371251,10d5b7d6503ce9dcc4e9ec3f1b3410795431a289f4385965b1f7d2e4dd14e55b,False,,,,False,,3eada4d39cc676240b3278de813f19477e0b0eb8,1f2680a5b9065e708a7497adc53a95b108029b98,3.13.14,2.5.1,"{""pydantic"": ""2.13.4"", ""yaml"": ""6.0.3"", ""networkx"": ""3.6.1"", ""numpy"": ""2.5.1"", ""scipy"": ""1.18.0"", ""matplotlib"": ""3.11.0"", ""pandas"": ""3.0.3"", ""qutip"": ""5.3.0"", ""stim"": ""1.16.0"", ""gmpy2"": ""2.3.1"", ""nbformat"": ""5.10.4"", ""nbclient"": ""0.11.0""}",Windows,11,Gercom,2026-07-19T23:59:46.570881+00:00
P12_boundary_variability,P12_boundary_variability:four_node:918d4eb26c4161ce:L2:238:m10-intent:0,four_node,918d4eb26c4161ce,238,m10-intent,L2,iterative_analytical,0,10,10,0.58,0.05,1e-05,,True,a -> r1 -> r2 -> b,3,True,,,,0.5953582110868845,3,0.00041,VIOLATED,False,9,0.5953582110868845,0.5953582110868845,0.0,1.984821,False,,474,167,115,75,0,0,0.06018382501,7b01a375f6af39e526f768a4f7ab6ec850b5c2ef037a0878a57308c15475cbc1,False,,,,False,,3eada4d39cc676240b3278de813f19477e0b0eb8,1f2680a5b9065e708a7497adc53a95b108029b98,3.13.14,2.5.1,"{""pydantic"": ""2.13.4"", ""yaml"": ""6.0.3"", ""networkx"": ""3.6.1"", ""numpy"": ""2.5.1"", ""scipy"": ""1.18.0"", ""matplotlib"": ""3.11.0"", ""pandas"": ""3.0.3"", ""qutip"": ""5.3.0"", ""stim"": ""1.16.0"", ""gmpy2"": ""2.3.1"", ""nbformat"": ""5.10.4"", ""nbclient"": ""0.11.0""}",Windows,11,Gercom,2026-07-19T23:59:51.584331+00:00
P12_boundary_variability,P12_boundary_variability:four_node:918d4eb26c4161ce:L2:239:m10-intent:0,four_node,918d4eb26c4161ce,239,m10-intent,L2,iterative_analytical,0,10,10,0.58,0.05,1e-05,,True,a -> r1 -> r2 -> b,3,True,,,,0.5953582110868845,3,0.000392,SATISFIED,True,11,0.5953582110868845,0.5953582110868845,0.0,2.105653,False,,502,167,117,79,0,0,0.06019387501,f357cf8f5ea17ce9026295980e5d87cea926e1a09050e8e819c6ef5144e94580,False,,,,False,,3eada4d39cc676240b3278de813f19477e0b0eb8,1f2680a5b9065e708a7497adc53a95b108029b98,3.13.14,2.5.1,"{""pydantic"": ""2.13.4"", ""yaml"": ""6.0.3"", ""networkx"": ""3.6.1"", ""numpy"": ""2.5.1"", ""scipy"": ""1.18.0"", ""matplotlib"": ""3.11.0"", ""pandas"": ""3.0.3"", ""qutip"": ""5.3.0"", ""stim"": ""1.16.0"", ""gmpy2"": ""2.3.1"", ""nbformat"": ""5.10.4"", ""nbclient"": ""0.11.0""}",Windows,11,Gercom,2026-07-19T23:59:56.791508+00:00
P12_boundary_variability,P12_boundary_variability:four_node:918d4eb26c4161ce:L2:240:m10-intent:0,four_node,918d4eb26c4161ce,240,m10-intent,L2,iterative_analytical,0,10,10,0.58,0.05,1e-05,,True,a -> r1 -> r2 -> b,3,True,,,,0.5953582110868845,3,0.000386,SATISFIED,True,11,0.5953582110868845,0.5953582110868845,0.0,1.969487,False,,477,165,118,86,0,0,0.06019888751,0aa0f41969d806be3fbac590addf1b96bbfb4adf4471162a4832e2c47db775c5,False,,,,False,,3eada4d39cc676240b3278de813f19477e0b0eb8,1f2680a5b9065e708a7497adc53a95b108029b98,3.13.14,2.5.1,"{""pydantic"": ""2.13.4"", ""yaml"": ""6.0.3"", ""networkx"": ""3.6.1"", ""numpy"": ""2.5.1"", ""scipy"": ""1.18.0"", ""matplotlib"": ""3.11.0"", ""pandas"": ""3.0.3"", ""qutip"": ""5.3.0"", ""stim"": ""1.16.0"", ""gmpy2"": ""2.3.1"", ""nbformat"": ""5.10.4"", ""nbclient"": ""0.11.0""}",Windows,11,Gercom,2026-07-20T00:00:01.855261+00:00
P12_boundary_variability,P12_boundary_variability:four_node:918d4eb26c4161ce:L2:241:m10-intent:0,four_node,918d4eb26c4161ce,241,m10-intent,L2,iterative_analytical,0,10,10,0.58,0.05,1e-05,,True,a -> r1 -> r2 -> b,3,True,,,,0.5953582110868845,3,0.000426,SATISFIED,True,13,0.5953582110868845,0.5953582110868845,0.0,2.018577,False,,482,171,122,95,0,0,0.06019882501,f51d573759ac6ed29db0c79827879f34d6071a8f24e4ef09fdc9fb432320483b,False,,,,False,,3eada4d39cc676240b3278de813f19477e0b0eb8,1f2680a5b9065e708a7497adc53a95b108029b98,3.13.14,2.5.1,"{""pydantic"": ""2.13.4"", ""yaml"": ""6.0.3"", ""networkx"": ""3.6.1"", ""numpy"": ""2.5.1"", ""scipy"": ""1.18.0"", ""matplotlib"": ""3.11.0"", ""pandas"": ""3.0.3"", ""qutip"": ""5.3.0"", ""stim"": ""1.16.0"", ""gmpy2"": ""2.3.1"", ""nbformat"": ""5.10.4"", ""nbclient"": ""0.11.0""}",Windows,11,Gercom,2026-07-20T00:00:06.955332+00:00
P12_boundary_variability,P12_boundary_variability:four_node:918d4eb26c4161ce:L2:242:m10-intent:0,four_node,918d4eb26c4161ce,242,m10-intent,L2,iterative_analytical,0,10,10,0.58,0.05,1e-05,,True,a -> r1 -> r2 -> b,3,True,,,,0.5953582110868845,3,0.0004,SATISFIED,True,11,0.5953582110868845,0.5953582110868845,0.0,2.054912,False,,500,172,123,88,0,0,0.06019880001,67397ee95d5e9a7e58949990a5dd52b5ec680994730b4258153d05bef5596123,False,,,,False,,3eada4d39cc676240b3278de813f19477e0b0eb8,1f2680a5b9065e708a7497adc53a95b108029b98,3.13.14,2.5.1,"{""pydantic"": ""2.13.4"", ""yaml"": ""6.0.3"", ""networkx"": ""3.6.1"", ""numpy"": ""2.5.1"", ""scipy"": ""1.18.0"", ""matplotlib"": ""3.11.0"", ""pandas"": ""3.0.3"", ""qutip"": ""5.3.0"", ""stim"": ""1.16.0"", ""gmpy2"": ""2.3.1"", ""nbformat"": ""5.10.4"", ""nbclient"": ""0.11.0""}",Windows,11,Gercom,2026-07-20T00:00:11.995322+00:00
P12_boundary_variability,P12_boundary_variability:four_node:918d4eb26c4161ce:L2:243:m10-intent:0,four_node,918d4eb26c4161ce,243,m10-intent,L2,iterative_analytical,0,10,10,0.58,0.05,1e-05,,True,a -> r1 -> r2 -> b,3,True,,,,0.5953582110868845,3,0.000388,SATISFIED,True,12,0.5953582110868845,0.5953582110868845,0.0,2.067318,False,,521,176,125,92,0,0,0.06019390001,bd40d2d1dbf3552468eb33f51b247ceb191016c5da2ca94afbe7dfc58fdc08a2,False,,,,False,,3eada4d39cc676240b3278de813f19477e0b0eb8,1f2680a5b9065e708a7497adc53a95b108029b98,3.13.14,2.5.1,"{""pydantic"": ""2.13.4"", ""yaml"": ""6.0.3"", ""networkx"": ""3.6.1"", ""numpy"": ""2.5.1"", ""scipy"": ""1.18.0"", ""matplotlib"": ""3.11.0"", ""pandas"": ""3.0.3"", ""qutip"": ""5.3.0"", ""stim"": ""1.16.0"", ""gmpy2"": ""2.3.1"", ""nbformat"": ""5.10.4"", ""nbclient"": ""0.11.0""}",Windows,11,Gercom,2026-07-20T00:00:17.186877+00:00
P12_boundary_variability,P12_boundary_variability:four_node:918d4eb26c4161ce:L2:244:m10-intent:0,four_node,918d4eb26c4161ce,244,m10-intent,L2,iterative_analytical,0,10,10,0.58,0.05,1e-05,,True,a -> r1 -> r2 -> b,3,True,,,,0.5953582110868845,3,0.000411,SATISFIED,True,10,0.5953582110868845,0.5953582110868845,0.0,1.967289,False,,498,162,114,79,0,0,0.06019883751,42a7cab43f8eaf323cd63cfd608a9574086f854cda6021ce2d77a89d18bea25e,False,,,,False,,3eada4d39cc676240b3278de813f19477e0b0eb8,1f2680a5b9065e708a7497adc53a95b108029b98,3.13.14,2.5.1,"{""pydantic"": ""2.13.4"", ""yaml"": ""6.0.3"", ""networkx"": ""3.6.1"", ""numpy"": ""2.5.1"", ""scipy"": ""1.18.0"", ""matplotlib"": ""3.11.0"", ""pandas"": ""3.0.3"", ""qutip"": ""5.3.0"", ""stim"": ""1.16.0"", ""gmpy2"": ""2.3.1"", ""nbformat"": ""5.10.4"", ""nbclient"": ""0.11.0""}",Windows,11,Gercom,2026-07-20T00:00:22.473060+00:00
P12_boundary_variability,P12_boundary_variability:four_node:918d4eb26c4161ce:L2:245:m10-intent:0,four_node,918d4eb26c4161ce,245,m10-intent,L2,iterative_analytical,0,10,10,0.58,0.05,1e-05,,True,a -> r1 -> r2 -> b,3,True,,,,0.5953582110868845,3,0.000415,SATISFIED,True,11,0.5953582110868845,0.5953582110868845,0.0,2.16685,False,,488,174,123,86,0,0,0.06019380001,8277b90bf75a446a11757b535ee55f5316b2c04a7d51c1863a70330765df7fe4,False,,,,False,,3eada4d39cc676240b3278de813f19477e0b0eb8,1f2680a5b9065e708a7497adc53a95b108029b98,3.13.14,2.5.1,"{""pydantic"": ""2.13.4"", ""yaml"": ""6.0.3"", ""networkx"": ""3.6.1"", ""numpy"": ""2.5.1"", ""scipy"": ""1.18.0"", ""matplotlib"": ""3.11.0"", ""pandas"": ""3.0.3"", ""qutip"": ""5.3.0"", ""stim"": ""1.16.0"", ""gmpy2"": ""2.3.1"", ""nbformat"": ""5.10.4"", ""nbclient"": ""0.11.0""}",Windows,11,Gercom,2026-07-20T00:00:27.664953+00:00
P12_boundary_variability,P12_boundary_variability:four_node:918d4eb26c4161ce:L2:246:m10-intent:0,four_node,918d4eb26c4161ce,246,m10-intent,L2,iterative_analytical,0,10,10,0.58,0.05,1e-05,,True,a -> r1 -> r2 -> b,3,True,,,,0.5953582110868845,3,0.000393,SATISFIED,True,12,0.5953582110868845,0.5953582110868845,0.0,1.998776,False,,513,167,121,93,0,0,0.06019388751,329cff540689d5b5c6c2c735b5bf20ec74ae30b3aca13d08c863d9c98751f28b,False,,,,False,,3eada4d39cc676240b3278de813f19477e0b0eb8,1f2680a5b9065e708a7497adc53a95b108029b98,3.13.14,2.5.1,"{""pydantic"": ""2.13.4"", ""yaml"": ""6.0.3"", ""networkx"": ""3.6.1"", ""numpy"": ""2.5.1"", ""scipy"": ""1.18.0"", ""matplotlib"": ""3.11.0"", ""pandas"": ""3.0.3"", ""qutip"": ""5.3.0"", ""stim"": ""1.16.0"", ""gmpy2"": ""2.3.1"", ""nbformat"": ""5.10.4"", ""nbclient"": ""0.11.0""}",Windows,11,Gercom,2026-07-20T00:00:33.429327+00:00
P12_boundary_variability,P12_boundary_variability:four_node:918d4eb26c4161ce:L2:247:m10-intent:0,four_node,918d4eb26c4161ce,247,m10-intent,L2,iterative_analytical,0,10,10,0.58,0.05,1e-05,,True,a -> r1 -> r2 -> b,3,True,,,,0.5953582110868845,3,0.000383,SATISFIED,True,13,0.5953582110868845,0.5953582110868845,0.0,1.969758,False,,466,172,125,94,0,0,0.06014627501,0fe88f5601fda15e79539f5d470ab8d986cd6b1c152267fbeb00382cb62609d7,False,,,,False,,3eada4d39cc676240b3278de813f19477e0b0eb8,1f2680a5b9065e708a7497adc53a95b108029b98,3.13.14,2.5.1,"{""pydantic"": ""2.13.4"", ""yaml"": ""6.0.3"", ""networkx"": ""3.6.1"", ""numpy"": ""2.5.1"", ""scipy"": ""1.18.0"", ""matplotlib"": ""3.11.0"", ""pandas"": ""3.0.3"", ""qutip"": ""5.3.0"", ""stim"": ""1.16.0"", ""gmpy2"": ""2.3.1"", ""nbformat"": ""5.10.4"", ""nbclient"": ""0.11.0""}",Windows,11,Gercom,2026-07-20T00:00:38.443082+00:00
P12_boundary_variability,P12_boundary_variability:four_node:918d4eb26c4161ce:L2:248:m10-intent:0,four_node,918d4eb26c4161ce,248,m10-intent,L2,iterative_analytical,0,10,10,0.58,0.05,1e-05,,True,a -> r1 -> r2 -> b,3,True,,,,0.5953582110868845,3,0.000403,SATISFIED,True,10,0.5953582110868845,0.5953582110868845,0.0,1.869759,False,,529,162,114,80,0,0,0.06017877501,9d7883bd9934d0a5e02519a9c3596fc3e0b0145f3c20c714c3eea4248ad7e261,False,,,,False,,3eada4d39cc676240b3278de813f19477e0b0eb8,1f2680a5b9065e708a7497adc53a95b108029b98,3.13.14,2.5.1,"{""pydantic"": ""2.13.4"", ""yaml"": ""6.0.3"", ""networkx"": ""3.6.1"", ""numpy"": ""2.5.1"", ""scipy"": ""1.18.0"", ""matplotlib"": ""3.11.0"", ""pandas"": ""3.0.3"", ""qutip"": ""5.3.0"", ""stim"": ""1.16.0"", ""gmpy2"": ""2.3.1"", ""nbformat"": ""5.10.4"", ""nbclient"": ""0.11.0""}",Windows,11,Gercom,2026-07-20T00:00:43.320046+00:00
P12_boundary_variability,P12_boundary_variability:four_node:918d4eb26c4161ce:L2:249:m10-intent:0,four_node,918d4eb26c4161ce,249,m10-intent,L2,iterative_analytical,0,10,10,0.58,0.05,1e-05,,True,a -> r1 -> r2 -> b,3,True,,,,0.5953582110868845,3,0.0004,SATISFIED,True,10,0.5953582110868845,0.5953582110868845,0.0,1.952811,False,,503,163,113,79,0,0,0.06018382501,65a61deb49c2b82cf1b6c1367938514e7d03e18499a501177a272f9abdff3231,False,,,,False,,3eada4d39cc676240b3278de813f19477e0b0eb8,1f2680a5b9065e708a7497adc53a95b108029b98,3.13.14,2.5.1,"{""pydantic"": ""2.13.4"", ""yaml"": ""6.0.3"", ""networkx"": ""3.6.1"", ""numpy"": ""2.5.1"", ""scipy"": ""1.18.0"", ""matplotlib"": ""3.11.0"", ""pandas"": ""3.0.3"", ""qutip"": ""5.3.0"", ""stim"": ""1.16.0"", ""gmpy2"": ""2.3.1"", ""nbformat"": ""5.10.4"", ""nbclient"": ""0.11.0""}",Windows,11,Gercom,2026-07-20T00:00:48.454614+00:00
P12_boundary_variability,P12_boundary_variability:four_node:918d4eb26c4161ce:L2:250:m10-intent:0,four_node,918d4eb26c4161ce,250,m10-intent,L2,iterative_analytical,0,10,10,0.58,0.05,1e-05,,True,a -> r1 -> r2 -> b,3,True,,,,0.5953582110868845,3,0.000378,VIOLATED,False,8,0.5953582110868845,0.5953582110868845,0.0,1.967587,False,,488,174,113,64,0,0,0.06018882501,75051eb3dd137fa6dd2528229630e94ae926f93504493100518c58c515df0a4a,False,,,,False,,3eada4d39cc676240b3278de813f19477e0b0eb8,1f2680a5b9065e708a7497adc53a95b108029b98,3.13.14,2.5.1,"{""pydantic"": ""2.13.4"", ""yaml"": ""6.0.3"", ""networkx"": ""3.6.1"", ""numpy"": ""2.5.1"", ""scipy"": ""1.18.0"", ""matplotlib"": ""3.11.0"", ""pandas"": ""3.0.3"", ""qutip"": ""5.3.0"", ""stim"": ""1.16.0"", ""gmpy2"": ""2.3.1"", ""nbformat"": ""5.10.4"", ""nbclient"": ""0.11.0""}",Windows,11,Gercom,2026-07-20T00:00:53.546021+00:00
P12_boundary_variability,P12_boundary_variability:four_node:918d4eb26c4161ce:L2:251:m10-intent:0,four_node,918d4eb26c4161ce,251,m10-intent,L2,iterative_analytical,0,10,10,0.58,0.05,1e-05,,True,a -> r1 -> r2 -> b,3,True,,,,0.5953582110868845,3,0.000399,SATISFIED,True,11,0.5953582110868845,0.5953582110868845,0.0,1.867207,False,,497,165,117,87,0,0,0.06017877501,66210022bad7d848fc1b1369080e6b4240b97cd56990db7e2b1a2d2aeea52650,False,,,,False,,3eada4d39cc676240b3278de813f19477e0b0eb8,1f2680a5b9065e708a7497adc53a95b108029b98,3.13.14,2.5.1,"{""pydantic"": ""2.13.4"", ""yaml"": ""6.0.3"", ""networkx"": ""3.6.1"", ""numpy"": ""2.5.1"", ""scipy"": ""1.18.0"", ""matplotlib"": ""3.11.0"", ""pandas"": ""3.0.3"", ""qutip"": ""5.3.0"", ""stim"": ""1.16.0"", ""gmpy2"": ""2.3.1"", ""nbformat"": ""5.10.4"", ""nbclient"": ""0.11.0""}",Windows,11,Gercom,2026-07-20T00:00:58.473539+00:00
P12_boundary_variability,P12_boundary_variability:four_node:918d4eb26c4161ce:L2:252:m10-intent:0,four_node,918d4eb26c4161ce,252,m10-intent,L2,iterative_analytical,0,10,10,0.58,0.05,1e-05,,True,a -> r1 -> r2 -> b,3,True,,,,0.5953582110868845,3,0.000399,VIOLATED,False,9,0.5953582110868845,0.5953582110868845,0.0,2.119901,False,,483,182,122,77,0,0,0.06018876251,e6e639f833bcb805f31c62b325570f9f9bb59ce5bad9b71dd7ac36d2780bd2f8,False,,,,False,,3eada4d39cc676240b3278de813f19477e0b0eb8,1f2680a5b9065e708a7497adc53a95b108029b98,3.13.14,2.5.1,"{""pydantic"": ""2.13.4"", ""yaml"": ""6.0.3"", ""networkx"": ""3.6.1"", ""numpy"": ""2.5.1"", ""scipy"": ""1.18.0"", ""matplotlib"": ""3.11.0"", ""pandas"": ""3.0.3"", ""qutip"": ""5.3.0"", ""stim"": ""1.16.0"", ""gmpy2"": ""2.3.1"", ""nbformat"": ""5.10.4"", ""nbclient"": ""0.11.0""}",Windows,11,Gercom,2026-07-20T00:01:03.768431+00:00
P12_boundary_variability,P12_boundary_variability:four_node:918d4eb26c4161ce:L2:253:m10-intent:0,four_node,918d4eb26c4161ce,253,m10-intent,L2,iterative_analytical,0,10,10,0.58,0.05,1e-05,,True,a -> r1 -> r2 -> b,3,True,,,,0.5953582110868845,3,0.000851,SATISFIED,True,10,0.5953582110868845,0.5953582110868845,0.0,6.918719,False,,497,157,112,80,0,0,0.06019381251,26f309e33a30e265cc211c0ffeb39bddee69a492d600de8bc54485b422d598e3,False,,,,False,,3eada4d39cc676240b3278de813f19477e0b0eb8,1f2680a5b9065e708a7497adc53a95b108029b98,3.13.14,2.5.1,"{""pydantic"": ""2.13.4"", ""yaml"": ""6.0.3"", ""networkx"": ""3.6.1"", ""numpy"": ""2.5.1"", ""scipy"": ""1.18.0"", ""matplotlib"": ""3.11.0"", ""pandas"": ""3.0.3"", ""qutip"": ""5.3.0"", ""stim"": ""1.16.0"", ""gmpy2"": ""2.3.1"", ""nbformat"": ""5.10.4"", ""nbclient"": ""0.11.0""}",Windows,11,Gercom,2026-07-20T00:01:18.601434+00:00
P12_boundary_variability,P12_boundary_variability:four_node:918d4eb26c4161ce:L2:254:m10-intent:0,four_node,918d4eb26c4161ce,254,m10-intent,L2,iterative_analytical,0,10,10,0.58,0.05,1e-05,,True,a -> r1 -> r2 -> b,3,True,,,,0.5953582110868845,3,0.000854,VIOLATED,False,9,0.5953582110868845,0.5953582110868845,0.0,7.74697,False,,476,170,115,74,0,0,0.06019386251,65ac63afce14592d06d25767bd85b1cc3895790bb0769e2981dafb702ed731b2,False,,,,False,,3eada4d39cc676240b3278de813f19477e0b0eb8,1f2680a5b9065e708a7497adc53a95b108029b98,3.13.14,2.5.1,"{""pydantic"": ""2.13.4"", ""yaml"": ""6.0.3"", ""networkx"": ""3.6.1"", ""numpy"": ""2.5.1"", ""scipy"": ""1.18.0"", ""matplotlib"": ""3.11.0"", ""pandas"": ""3.0.3"", ""qutip"": ""5.3.0"", ""stim"": ""1.16.0"", ""gmpy2"": ""2.3.1"", ""nbformat"": ""5.10.4"", ""nbclient"": ""0.11.0""}",Windows,11,Gercom,2026-07-20T00:01:35.233846+00:00
P12_boundary_variability,P12_boundary_variability:four_node:918d4eb26c4161ce:L2:255:m10-intent:0,four_node,918d4eb26c4161ce,255,m10-intent,L2,iterative_analytical,0,10,10,0.58,0.05,1e-05,,True,a -> r1 -> r2 -> b,3,True,,,,0.5953582110868845,3,0.000847,SATISFIED,True,10,0.5953582110868845,0.5953582110868845,0.0,6.6986,False,,475,163,118,87,0,0,0.06019386251,37606e29ad2ebf2b200aee12d9d6b98736a8315bdf606de0d0ec3180611c5d8b,False,,,,False,,3eada4d39cc676240b3278de813f19477e0b0eb8,1f2680a5b9065e708a7497adc53a95b108029b98,3.13.14,2.5.1,"{""pydantic"": ""2.13.4"", ""yaml"": ""6.0.3"", ""networkx"": ""3.6.1"", ""numpy"": ""2.5.1"", ""scipy"": ""1.18.0"", ""matplotlib"": ""3.11.0"", ""pandas"": ""3.0.3"", ""qutip"": ""5.3.0"", ""stim"": ""1.16.0"", ""gmpy2"": ""2.3.1"", ""nbformat"": ""5.10.4"", ""nbclient"": ""0.11.0""}",Windows,11,Gercom,2026-07-20T00:01:50.654055+00:00
P12_boundary_variability,P12_boundary_variability:four_node:918d4eb26c4161ce:L2:256:m10-intent:0,four_node,918d4eb26c4161ce,256,m10-intent,L2,iterative_analytical,0,10,10,0.58,0.05,1e-05,,True,a -> r1 -> r2 -> b,3,True,,,,0.5953582110868845,3,0.001469,SATISFIED,True,12,0.5953582110868845,0.5953582110868845,0.0,6.044928,False,,506,170,124,94,0,0,0.06018882501,9fb1fc689c0e99c1c4c2ab9bc4c781d0598d452b68fa76781e647de91e60f30d,False,,,,False,,3eada4d39cc676240b3278de813f19477e0b0eb8,1f2680a5b9065e708a7497adc53a95b108029b98,3.13.14,2.5.1,"{""pydantic"": ""2.13.4"", ""yaml"": ""6.0.3"", ""networkx"": ""3.6.1"", ""numpy"": ""2.5.1"", ""scipy"": ""1.18.0"", ""matplotlib"": ""3.11.0"", ""pandas"": ""3.0.3"", ""qutip"": ""5.3.0"", ""stim"": ""1.16.0"", ""gmpy2"": ""2.3.1"", ""nbformat"": ""5.10.4"", ""nbclient"": ""0.11.0""}",Windows,11,Gercom,2026-07-20T00:02:04.556065+00:00
P12_boundary_variability,P12_boundary_variability:four_node:918d4eb26c4161ce:L2:257:m10-intent:0,four_node,918d4eb26c4161ce,257,m10-intent,L2,iterative_analytical,0,10,10,0.58,0.05,1e-05,,True,a -> r1 -> r2 -> b,3,True,,,,0.5953582110868845,3,0.000925,SATISFIED,True,10,0.5953582110868845,0.5953582110868845,0.0,6.129048,False,,474,178,123,81,0,0,0.06018383751,ceee308f4452061d508dbb88c72e899b1ddc84dac3ba1aa56c8dd2b35e9b8ce1,False,,,,False,,3eada4d39cc676240b3278de813f19477e0b0eb8,1f2680a5b9065e708a7497adc53a95b108029b98,3.13.14,2.5.1,"{""pydantic"": ""2.13.4"", ""yaml"": ""6.0.3"", ""networkx"": ""3.6.1"", ""numpy"": ""2.5.1"", ""scipy"": ""1.18.0"", ""matplotlib"": ""3.11.0"", ""pandas"": ""3.0.3"", ""qutip"": ""5.3.0"", ""stim"": ""1.16.0"", ""gmpy2"": ""2.3.1"", ""nbformat"": ""5.10.4"", ""nbclient"": ""0.11.0""}",Windows,11,Gercom,2026-07-20T00:02:18.784939+00:00
P12_boundary_variability,P12_boundary_variability:four_node:918d4eb26c4161ce:L2:258:m10-intent:0,four_node,918d4eb26c4161ce,258,m10-intent,L2,iterative_analytical,0,10,10,0.58,0.05,1e-05,,True,a -> r1 -> r2 -> b,3,True,,,,0.5953582110868845,3,0.000871,VIOLATED,False,9,0.5953582110868845,0.5953582110868845,0.0,6.259633,False,,513,167,119,87,0,0,0.06019880001,7791affc1f2ea8136c28c73eb58d58820ef5ce001a781487d3be50ebb8d58bc8,False,,,,False,,3eada4d39cc676240b3278de813f19477e0b0eb8,1f2680a5b9065e708a7497adc53a95b108029b98,3.13.14,2.5.1,"{""pydantic"": ""2.13.4"", ""yaml"": ""6.0.3"", ""networkx"": ""3.6.1"", ""numpy"": ""2.5.1"", ""scipy"": ""1.18.0"", ""matplotlib"": ""3.11.0"", ""pandas"": ""3.0.3"", ""qutip"": ""5.3.0"", ""stim"": ""1.16.0"", ""gmpy2"": ""2.3.1"", ""nbformat"": ""5.10.4"", ""nbclient"": ""0.11.0""}",Windows,11,Gercom,2026-07-20T00:02:33.979249+00:00
P12_boundary_variability,P12_boundary_variability:four_node:918d4eb26c4161ce:L2:259:m10-intent:0,four_node,918d4eb26c4161ce,259,m10-intent,L2,iterative_analytical,0,10,10,0.58,0.05,1e-05,,True,a -> r1 -> r2 -> b,3,True,,,,0.5953582110868845,3,0.000898,VIOLATED,False,8,0.5953582110868845,0.5953582110868845,0.0,6.718473,False,,485,172,117,76,0,0,0.06019376251,e9914145e9c28db67d986943aa8185ea6cd5f161cbdc93fecfbbaa3ef6cd5b03,False,,,,False,,3eada4d39cc676240b3278de813f19477e0b0eb8,1f2680a5b9065e708a7497adc53a95b108029b98,3.13.14,2.5.1,"{""pydantic"": ""2.13.4"", ""yaml"": ""6.0.3"", ""networkx"": ""3.6.1"", ""numpy"": ""2.5.1"", ""scipy"": ""1.18.0"", ""matplotlib"": ""3.11.0"", ""pandas"": ""3.0.3"", ""qutip"": ""5.3.0"", ""stim"": ""1.16.0"", ""gmpy2"": ""2.3.1"", ""nbformat"": ""5.10.4"", ""nbclient"": ""0.11.0""}",Windows,11,Gercom,2026-07-20T00:02:49.810003+00:00
P12_boundary_variability,P12_boundary_variability:four_node:918d4eb26c4161ce:L2:260:m10-intent:0,four_node,918d4eb26c4161ce,260,m10-intent,L2,iterative_analytical,0,10,10,0.58,0.05,1e-05,,True,a -> r1 -> r2 -> b,3,True,,,,0.5953582110868845,3,0.001037,SATISFIED,True,10,0.5953582110868845,0.5953582110868845,0.0,5.896296,False,,481,158,112,81,0,0,0.06019883751,40b3b6a1bfc1ae37b9ef4f9902ba945146f13876ce7f0d86d7cc9b279b3c43ca,False,,,,False,,3eada4d39cc676240b3278de813f19477e0b0eb8,1f2680a5b9065e708a7497adc53a95b108029b98,3.13.14,2.5.1,"{""pydantic"": ""2.13.4"", ""yaml"": ""6.0.3"", ""networkx"": ""3.6.1"", ""numpy"": ""2.5.1"", ""scipy"": ""1.18.0"", ""matplotlib"": ""3.11.0"", ""pandas"": ""3.0.3"", ""qutip"": ""5.3.0"", ""stim"": ""1.16.0"", ""gmpy2"": ""2.3.1"", ""nbformat"": ""5.10.4"", ""nbclient"": ""0.11.0""}",Windows,11,Gercom,2026-07-20T00:03:04.666288+00:00
P12_boundary_variability,P12_boundary_variability:four_node:918d4eb26c4161ce:L2:261:m10-intent:0,four_node,918d4eb26c4161ce,261,m10-intent,L2,iterative_analytical,0,10,10,0.58,0.05,1e-05,,True,a -> r1 -> r2 -> b,3,True,,,,0.5953582110868845,3,0.001623,SATISFIED,True,12,0.5953582110868845,0.5953582110868845,0.0,7.131504,False,,497,169,122,91,0,0,0.06018377501,130985a8bbcff0525319b52027701928fa6aa2812a258c029ec9fe5a8fab66aa,False,,,,False,,3eada4d39cc676240b3278de813f19477e0b0eb8,1f2680a5b9065e708a7497adc53a95b108029b98,3.13.14,2.5.1,"{""pydantic"": ""2.13.4"", ""yaml"": ""6.0.3"", ""networkx"": ""3.6.1"", ""numpy"": ""2.5.1"", ""scipy"": ""1.18.0"", ""matplotlib"": ""3.11.0"", ""pandas"": ""3.0.3"", ""qutip"": ""5.3.0"", ""stim"": ""1.16.0"", ""gmpy2"": ""2.3.1"", ""nbformat"": ""5.10.4"", ""nbclient"": ""0.11.0""}",Windows,11,Gercom,2026-07-20T00:03:20.262269+00:00
P12_boundary_variability,P12_boundary_variability:four_node:918d4eb26c4161ce:L2:262:m10-intent:0,four_node,918d4eb26c4161ce,262,m10-intent,L2,iterative_analytical,0,10,10,0.58,0.05,1e-05,,True,a -> r1 -> r2 -> b,3,True,,,,0.5953582110868845,3,0.001916,VIOLATED,False,8,0.5953582110868845,0.5953582110868845,0.0,7.224871,False,,438,166,110,68,0,0,0.06018880001,41a62b9be938f29a4d4964440a6f440ee28c9b2c3c306761d469274bafb5fa85,False,,,,False,,3eada4d39cc676240b3278de813f19477e0b0eb8,1f2680a5b9065e708a7497adc53a95b108029b98,3.13.14,2.5.1,"{""pydantic"": ""2.13.4"", ""yaml"": ""6.0.3"", ""networkx"": ""3.6.1"", ""numpy"": ""2.5.1"", ""scipy"": ""1.18.0"", ""matplotlib"": ""3.11.0"", ""pandas"": ""3.0.3"", ""qutip"": ""5.3.0"", ""stim"": ""1.16.0"", ""gmpy2"": ""2.3.1"", ""nbformat"": ""5.10.4"", ""nbclient"": ""0.11.0""}",Windows,11,Gercom,2026-07-20T00:03:36.140517+00:00
P12_boundary_variability,P12_boundary_variability:four_node:918d4eb26c4161ce:L2:263:m10-intent:0,four_node,918d4eb26c4161ce,263,m10-intent,L2,iterative_analytical,0,10,10,0.58,0.05,1e-05,,True,a -> r1 -> r2 -> b,3,True,,,,0.5953582110868845,3,0.001478,VIOLATED,False,9,0.5953582110868845,0.5953582110868845,0.0,6.543154,False,,470,172,121,84,0,0,0.06018378751,e8ba9bb88f01c6fba99be199e49771ae4f565ede0d68331f45635efca2381e0b,False,,,,False,,3eada4d39cc676240b3278de813f19477e0b0eb8,1f2680a5b9065e708a7497adc53a95b108029b98,3.13.14,2.5.1,"{""pydantic"": ""2.13.4"", ""yaml"": ""6.0.3"", ""networkx"": ""3.6.1"", ""numpy"": ""2.5.1"", ""scipy"": ""1.18.0"", ""matplotlib"": ""3.11.0"", ""pandas"": ""3.0.3"", ""qutip"": ""5.3.0"", ""stim"": ""1.16.0"", ""gmpy2"": ""2.3.1"", ""nbformat"": ""5.10.4"", ""nbclient"": ""0.11.0""}",Windows,11,Gercom,2026-07-20T00:03:51.704184+00:00
P12_boundary_variability,P12_boundary_variability:four_node:918d4eb26c4161ce:L2:264:m10-intent:0,four_node,918d4eb26c4161ce,264,m10-intent,L2,iterative_analytical,0,10,10,0.58,0.05,1e-05,,True,a -> r1 -> r2 -> b,3,True,,,,0.5953582110868845,3,0.001348,SATISFIED,True,10,0.5953582110868845,0.5953582110868845,0.0,5.538561,False,,512,164,118,84,0,0,0.06019886251,39e61a2475d251e31576a4453a946132cdeb862e8dbf378b1e47a62dcccd335c,False,,,,False,,3eada4d39cc676240b3278de813f19477e0b0eb8,1f2680a5b9065e708a7497adc53a95b108029b98,3.13.14,2.5.1,"{""pydantic"": ""2.13.4"", ""yaml"": ""6.0.3"", ""networkx"": ""3.6.1"", ""numpy"": ""2.5.1"", ""scipy"": ""1.18.0"", ""matplotlib"": ""3.11.0"", ""pandas"": ""3.0.3"", ""qutip"": ""5.3.0"", ""stim"": ""1.16.0"", ""gmpy2"": ""2.3.1"", ""nbformat"": ""5.10.4"", ""nbclient"": ""0.11.0""}",Windows,11,Gercom,2026-07-20T00:04:05.964967+00:00
P12_boundary_variability,P12_boundary_variability:four_node:918d4eb26c4161ce:L2:265:m10-intent:0,four_node,918d4eb26c4161ce,265,m10-intent,L2,iterative_analytical,0,10,10,0.58,0.05,1e-05,,True,a -> r1 -> r2 -> b,3,True,,,,0.5953582110868845,3,0.000895,SATISFIED,True,12,0.5953582110868845,0.5953582110868845,0.0,6.158976,False,,464,181,128,94,0,0,0.06016865001,5eee62d14f525862b2ace5e3c3de26a188a8f8e4e42305ceefa7e680b4505937,False,,,,False,,3eada4d39cc676240b3278de813f19477e0b0eb8,1f2680a5b9065e708a7497adc53a95b108029b98,3.13.14,2.5.1,"{""pydantic"": ""2.13.4"", ""yaml"": ""6.0.3"", ""networkx"": ""3.6.1"", ""numpy"": ""2.5.1"", ""scipy"": ""1.18.0"", ""matplotlib"": ""3.11.0"", ""pandas"": ""3.0.3"", ""qutip"": ""5.3.0"", ""stim"": ""1.16.0"", ""gmpy2"": ""2.3.1"", ""nbformat"": ""5.10.4"", ""nbclient"": ""0.11.0""}",Windows,11,Gercom,2026-07-20T00:04:19.953668+00:00
P12_boundary_variability,P12_boundary_variability:four_node:918d4eb26c4161ce:L2:266:m10-intent:0,four_node,918d4eb26c4161ce,266,m10-intent,L2,iterative_analytical,0,10,10,0.58,0.05,1e-05,,True,a -> r1 -> r2 -> b,3,True,,,,0.5953582110868845,3,0.00087,SATISFIED,True,10,0.5953582110868845,0.5953582110868845,0.0,6.584113,False,,443,170,117,80,0,0,0.06018880001,17e15abf39ba8ad3503f9b9638131ded8235b6137ecac6f338317fbfb83567bb,False,,,,False,,3eada4d39cc676240b3278de813f19477e0b0eb8,1f2680a5b9065e708a7497adc53a95b108029b98,3.13.14,2.5.1,"{""pydantic"": ""2.13.4"", ""yaml"": ""6.0.3"", ""networkx"": ""3.6.1"", ""numpy"": ""2.5.1"", ""scipy"": ""1.18.0"", ""matplotlib"": ""3.11.0"", ""pandas"": ""3.0.3"", ""qutip"": ""5.3.0"", ""stim"": ""1.16.0"", ""gmpy2"": ""2.3.1"", ""nbformat"": ""5.10.4"", ""nbclient"": ""0.11.0""}",Windows,11,Gercom,2026-07-20T00:04:34.405633+00:00
P12_boundary_variability,P12_boundary_variability:four_node:918d4eb26c4161ce:L2:267:m10-intent:0,four_node,918d4eb26c4161ce,267,m10-intent,L2,iterative_analytical,0,10,10,0.58,0.05,1e-05,,True,a -> r1 -> r2 -> b,3,True,,,,0.5953582110868845,3,0.000855,VIOLATED,False,9,0.5953582110868845,0.5953582110868845,0.0,6.896205,False,,501,170,115,76,0,0,0.06019885001,b521dbbc164783ff092feec8a1b25a85631ef6e348418cafcedea507360d4931,False,,,,False,,3eada4d39cc676240b3278de813f19477e0b0eb8,1f2680a5b9065e708a7497adc53a95b108029b98,3.13.14,2.5.1,"{""pydantic"": ""2.13.4"", ""yaml"": ""6.0.3"", ""networkx"": ""3.6.1"", ""numpy"": ""2.5.1"", ""scipy"": ""1.18.0"", ""matplotlib"": ""3.11.0"", ""pandas"": ""3.0.3"", ""qutip"": ""5.3.0"", ""stim"": ""1.16.0"", ""gmpy2"": ""2.3.1"", ""nbformat"": ""5.10.4"", ""nbclient"": ""0.11.0""}",Windows,11,Gercom,2026-07-20T00:04:49.046725+00:00
P12_boundary_variability,P12_boundary_variability:four_node:918d4eb26c4161ce:L2:268:m10-intent:0,four_node,918d4eb26c4161ce,268,m10-intent,L2,iterative_analytical,0,10,10,0.58,0.05,1e-05,,True,a -> r1 -> r2 -> b,3,True,,,,0.5953582110868845,3,0.000841,SATISFIED,True,12,0.5953582110868845,0.5953582110868845,0.0,6.548257,False,,461,160,118,92,0,0,0.06019883751,676e08335da936cf786e9ecd8d75b7d84fa83cb65d98ff4d6e45f23a6a41d15b,False,,,,False,,3eada4d39cc676240b3278de813f19477e0b0eb8,1f2680a5b9065e708a7497adc53a95b108029b98,3.13.14,2.5.1,"{""pydantic"": ""2.13.4"", ""yaml"": ""6.0.3"", ""networkx"": ""3.6.1"", ""numpy"": ""2.5.1"", ""scipy"": ""1.18.0"", ""matplotlib"": ""3.11.0"", ""pandas"": ""3.0.3"", ""qutip"": ""5.3.0"", ""stim"": ""1.16.0"", ""gmpy2"": ""2.3.1"", ""nbformat"": ""5.10.4"", ""nbclient"": ""0.11.0""}",Windows,11,Gercom,2026-07-20T00:05:04.026556+00:00
P12_boundary_variability,P12_boundary_variability:four_node:918d4eb26c4161ce:L2:269:m10-intent:0,four_node,918d4eb26c4161ce,269,m10-intent,L2,iterative_analytical,0,10,10,0.58,0.05,1e-05,,True,a -> r1 -> r2 -> b,3,True,,,,0.5953582110868845,3,0.000859,VIOLATED,False,8,0.5953582110868845,0.5953582110868845,0.0,6.926244,False,,506,163,111,74,0,0,0.06019882501,86a058f7fd997b4c04b43607417d1a68b3552ea51b4ad78cbdbbfd72333d77b4,False,,,,False,,3eada4d39cc676240b3278de813f19477e0b0eb8,1f2680a5b9065e708a7497adc53a95b108029b98,3.13.14,2.5.1,"{""pydantic"": ""2.13.4"", ""yaml"": ""6.0.3"", ""networkx"": ""3.6.1"", ""numpy"": ""2.5.1"", ""scipy"": ""1.18.0"", ""matplotlib"": ""3.11.0"", ""pandas"": ""3.0.3"", ""qutip"": ""5.3.0"", ""stim"": ""1.16.0"", ""gmpy2"": ""2.3.1"", ""nbformat"": ""5.10.4"", ""nbclient"": ""0.11.0""}",Windows,11,Gercom,2026-07-20T00:05:19.644070+00:00
P12_boundary_variability,P12_boundary_variability:four_node:918d4eb26c4161ce:L2:270:m10-intent:0,four_node,918d4eb26c4161ce,270,m10-intent,L2,iterative_analytical,0,10,10,0.58,0.05,1e-05,,True,a -> r1 -> r2 -> b,3,True,,,,0.5953582110868845,3,0.001505,SATISFIED,True,11,0.5953582110868845,0.5953582110868845,0.0,7.140969,False,,497,171,120,87,0,0,0.06019885001,a402d9bc2f11be4526c580d3848bafabacabdddbdb16acedcd35bf6ddf55939a,False,,,,False,,3eada4d39cc676240b3278de813f19477e0b0eb8,1f2680a5b9065e708a7497adc53a95b108029b98,3.13.14,2.5.1,"{""pydantic"": ""2.13.4"", ""yaml"": ""6.0.3"", ""networkx"": ""3.6.1"", ""numpy"": ""2.5.1"", ""scipy"": ""1.18.0"", ""matplotlib"": ""3.11.0"", ""pandas"": ""3.0.3"", ""qutip"": ""5.3.0"", ""stim"": ""1.16.0"", ""gmpy2"": ""2.3.1"", ""nbformat"": ""5.10.4"", ""nbclient"": ""0.11.0""}",Windows,11,Gercom,2026-07-20T00:05:35.836771+00:00
P12_boundary_variability,P12_boundary_variability:four_node:918d4eb26c4161ce:L2:271:m10-intent:0,four_node,918d4eb26c4161ce,271,m10-intent,L2,iterative_analytical,0,10,10,0.58,0.05,1e-05,,True,a -> r1 -> r2 -> b,3,True,,,,0.5953582110868845,3,0.001161,SATISFIED,True,10,0.5953582110868845,0.5953582110868845,0.0,7.698992,False,,500,176,119,79,0,0,0.06018875001,f6174a2d6c7af0d7965bd6f07632ba8f8200d9c672aa60dc7afa3582d6f7208d,False,,,,False,,3eada4d39cc676240b3278de813f19477e0b0eb8,1f2680a5b9065e708a7497adc53a95b108029b98,3.13.14,2.5.1,"{""pydantic"": ""2.13.4"", ""yaml"": ""6.0.3"", ""networkx"": ""3.6.1"", ""numpy"": ""2.5.1"", ""scipy"": ""1.18.0"", ""matplotlib"": ""3.11.0"", ""pandas"": ""3.0.3"", ""qutip"": ""5.3.0"", ""stim"": ""1.16.0"", ""gmpy2"": ""2.3.1"", ""nbformat"": ""5.10.4"", ""nbclient"": ""0.11.0""}",Windows,11,Gercom,2026-07-20T00:05:52.958950+00:00
P12_boundary_variability,P12_boundary_variability:four_node:918d4eb26c4161ce:L2:272:m10-intent:0,four_node,918d4eb26c4161ce,272,m10-intent,L2,iterative_analytical,0,10,10,0.58,0.05,1e-05,,True,a -> r1 -> r2 -> b,3,True,,,,0.5953582110868845,3,0.000851,SATISFIED,True,13,0.5953582110868845,0.5953582110868845,0.0,7.153647,False,,454,176,130,103,0,0,0.06019383751,3afcaa8be6447e3af5f6f2070d15289c4e239a592cfc2df60713cb1d565fd8fe,False,,,,False,,3eada4d39cc676240b3278de813f19477e0b0eb8,1f2680a5b9065e708a7497adc53a95b108029b98,3.13.14,2.5.1,"{""pydantic"": ""2.13.4"", ""yaml"": ""6.0.3"", ""networkx"": ""3.6.1"", ""numpy"": ""2.5.1"", ""scipy"": ""1.18.0"", ""matplotlib"": ""3.11.0"", ""pandas"": ""3.0.3"", ""qutip"": ""5.3.0"", ""stim"": ""1.16.0"", ""gmpy2"": ""2.3.1"", ""nbformat"": ""5.10.4"", ""nbclient"": ""0.11.0""}",Windows,11,Gercom,2026-07-20T00:06:08.390134+00:00
P12_boundary_variability,P12_boundary_variability:four_node:918d4eb26c4161ce:L2:273:m10-intent:0,four_node,918d4eb26c4161ce,273,m10-intent,L2,iterative_analytical,0,10,10,0.58,0.05,1e-05,,True,a -> r1 -> r2 -> b,3,True,,,,0.5953582110868845,3,0.000879,VIOLATED,False,9,0.5953582110868845,0.5953582110868845,0.0,7.708087,False,,497,176,121,80,0,0,0.06018370001,82d3e47dbd324b7b3ebf9ef8da380ba0cdea12c58aaad0de0e46babf2c96439d,False,,,,False,,3eada4d39cc676240b3278de813f19477e0b0eb8,1f2680a5b9065e708a7497adc53a95b108029b98,3.13.14,2.5.1,"{""pydantic"": ""2.13.4"", ""yaml"": ""6.0.3"", ""networkx"": ""3.6.1"", ""numpy"": ""2.5.1"", ""scipy"": ""1.18.0"", ""matplotlib"": ""3.11.0"", ""pandas"": ""3.0.3"", ""qutip"": ""5.3.0"", ""stim"": ""1.16.0"", ""gmpy2"": ""2.3.1"", ""nbformat"": ""5.10.4"", ""nbclient"": ""0.11.0""}",Windows,11,Gercom,2026-07-20T00:06:24.813695+00:00
P12_boundary_variability,P12_boundary_variability:four_node:918d4eb26c4161ce:L2:274:m10-intent:0,four_node,918d4eb26c4161ce,274,m10-intent,L2,iterative_analytical,0,10,10,0.58,0.05,1e-05,,True,a -> r1 -> r2 -> b,3,True,,,,0.5953582110868845,3,0.001352,SATISFIED,True,10,0.5953582110868845,0.5953582110868845,0.0,6.688205,False,,489,167,115,81,0,0,0.06018886251,0d47ef9eb9b89dded13de7acb89882998c8828dad7c6cf006770f192fe0d82f8,False,,,,False,,3eada4d39cc676240b3278de813f19477e0b0eb8,1f2680a5b9065e708a7497adc53a95b108029b98,3.13.14,2.5.1,"{""pydantic"": ""2.13.4"", ""yaml"": ""6.0.3"", ""networkx"": ""3.6.1"", ""numpy"": ""2.5.1"", ""scipy"": ""1.18.0"", ""matplotlib"": ""3.11.0"", ""pandas"": ""3.0.3"", ""qutip"": ""5.3.0"", ""stim"": ""1.16.0"", ""gmpy2"": ""2.3.1"", ""nbformat"": ""5.10.4"", ""nbclient"": ""0.11.0""}",Windows,11,Gercom,2026-07-20T00:06:40.143623+00:00
P12_boundary_variability,P12_boundary_variability:four_node:918d4eb26c4161ce:L2:275:m10-intent:0,four_node,918d4eb26c4161ce,275,m10-intent,L2,iterative_analytical,0,10,10,0.58,0.05,1e-05,,True,a -> r1 -> r2 -> b,3,True,,,,0.5953582110868845,3,0.000839,SATISFIED,True,11,0.5953582110868845,0.5953582110868845,0.0,6.185747,False,,493,175,123,86,0,0,0.06019388751,c5f9e66715304a8af64b8dc8c55b977376aadf06f4b7104d5cbe634a6ef5c45e,False,,,,False,,3eada4d39cc676240b3278de813f19477e0b0eb8,1f2680a5b9065e708a7497adc53a95b108029b98,3.13.14,2.5.1,"{""pydantic"": ""2.13.4"", ""yaml"": ""6.0.3"", ""networkx"": ""3.6.1"", ""numpy"": ""2.5.1"", ""scipy"": ""1.18.0"", ""matplotlib"": ""3.11.0"", ""pandas"": ""3.0.3"", ""qutip"": ""5.3.0"", ""stim"": ""1.16.0"", ""gmpy2"": ""2.3.1"", ""nbformat"": ""5.10.4"", ""nbclient"": ""0.11.0""}",Windows,11,Gercom,2026-07-20T00:06:54.458351+00:00
P12_boundary_variability,P12_boundary_variability:four_node:918d4eb26c4161ce:L2:276:m10-intent:0,four_node,918d4eb26c4161ce,276,m10-intent,L2,iterative_analytical,0,10,10,0.58,0.05,1e-05,,True,a -> r1 -> r2 -> b,3,True,,,,0.5953582110868845,3,0.001379,VIOLATED,False,8,0.5953582110868845,0.5953582110868845,0.0,6.290479,False,,526,160,110,73,0,0,0.06018890001,b87e7cc78a6f20b9e78f08b5896ed3665cb8b808c0090a6a35bb72eee4481c89,False,,,,False,,3eada4d39cc676240b3278de813f19477e0b0eb8,1f2680a5b9065e708a7497adc53a95b108029b98,3.13.14,2.5.1,"{""pydantic"": ""2.13.4"", ""yaml"": ""6.0.3"", ""networkx"": ""3.6.1"", ""numpy"": ""2.5.1"", ""scipy"": ""1.18.0"", ""matplotlib"": ""3.11.0"", ""pandas"": ""3.0.3"", ""qutip"": ""5.3.0"", ""stim"": ""1.16.0"", ""gmpy2"": ""2.3.1"", ""nbformat"": ""5.10.4"", ""nbclient"": ""0.11.0""}",Windows,11,Gercom,2026-07-20T00:07:09.007823+00:00
P12_boundary_variability,P12_boundary_variability:four_node:918d4eb26c4161ce:L2:277:m10-intent:0,four_node,918d4eb26c4161ce,277,m10-intent,L2,iterative_analytical,0,10,10,0.58,0.05,1e-05,,True,a -> r1 -> r2 -> b,3,True,,,,0.5953582110868845,3,0.000864,VIOLATED,False,9,0.5953582110868845,0.5953582110868845,0.0,6.50434,False,,482,170,118,80,0,0,0.06019381251,7810a6bdbd2c0e3875e36b3615d38a460c296dbe6f223da5f8ab068af6a3d9bb,False,,,,False,,3eada4d39cc676240b3278de813f19477e0b0eb8,1f2680a5b9065e708a7497adc53a95b108029b98,3.13.14,2.5.1,"{""pydantic"": ""2.13.4"", ""yaml"": ""6.0.3"", ""networkx"": ""3.6.1"", ""numpy"": ""2.5.1"", ""scipy"": ""1.18.0"", ""matplotlib"": ""3.11.0"", ""pandas"": ""3.0.3"", ""qutip"": ""5.3.0"", ""stim"": ""1.16.0"", ""gmpy2"": ""2.3.1"", ""nbformat"": ""5.10.4"", ""nbclient"": ""0.11.0""}",Windows,11,Gercom,2026-07-20T00:07:24.431470+00:00
P12_boundary_variability,P12_boundary_variability:four_node:918d4eb26c4161ce:L2:278:m10-intent:0,four_node,918d4eb26c4161ce,278,m10-intent,L2,iterative_analytical,0,10,10,0.58,0.05,1e-05,,True,a -> r1 -> r2 -> b,3,True,,,,0.5953582110868845,3,0.000925,SATISFIED,True,11,0.5953582110868845,0.5953582110868845,0.0,6.316115,False,,474,176,123,85,0,0,0.06018382501,37da840abfbc98955f19f0559e3487f6d24552b36937bae28624469723413834,False,,,,False,,3eada4d39cc676240b3278de813f19477e0b0eb8,1f2680a5b9065e708a7497adc53a95b108029b98,3.13.14,2.5.1,"{""pydantic"": ""2.13.4"", ""yaml"": ""6.0.3"", ""networkx"": ""3.6.1"", ""numpy"": ""2.5.1"", ""scipy"": ""1.18.0"", ""matplotlib"": ""3.11.0"", ""pandas"": ""3.0.3"", ""qutip"": ""5.3.0"", ""stim"": ""1.16.0"", ""gmpy2"": ""2.3.1"", ""nbformat"": ""5.10.4"", ""nbclient"": ""0.11.0""}",Windows,11,Gercom,2026-07-20T00:07:38.793039+00:00
P12_boundary_variability,P12_boundary_variability:four_node:918d4eb26c4161ce:L2:279:m10-intent:0,four_node,918d4eb26c4161ce,279,m10-intent,L2,iterative_analytical,0,10,10,0.58,0.05,1e-05,,True,a -> r1 -> r2 -> b,3,True,,,,0.5953582110868845,3,0.000859,SATISFIED,True,11,0.5953582110868845,0.5953582110868845,0.0,5.977784,False,,462,175,125,93,0,0,0.06018371251,994812b4550cfae73054ae46e6cf19b7baf094b5f7c27a59913d16a01023a745,False,,,,False,,3eada4d39cc676240b3278de813f19477e0b0eb8,1f2680a5b9065e708a7497adc53a95b108029b98,3.13.14,2.5.1,"{""pydantic"": ""2.13.4"", ""yaml"": ""6.0.3"", ""networkx"": ""3.6.1"", ""numpy"": ""2.5.1"", ""scipy"": ""1.18.0"", ""matplotlib"": ""3.11.0"", ""pandas"": ""3.0.3"", ""qutip"": ""5.3.0"", ""stim"": ""1.16.0"", ""gmpy2"": ""2.3.1"", ""nbformat"": ""5.10.4"", ""nbclient"": ""0.11.0""}",Windows,11,Gercom,2026-07-20T00:07:53.921925+00:00
P12_boundary_variability,P12_boundary_variability:four_node:918d4eb26c4161ce:L2:280:m10-intent:0,four_node,918d4eb26c4161ce,280,m10-intent,L2,iterative_analytical,0,10,10,0.58,0.05,1e-05,,True,a -> r1 -> r2 -> b,3,True,,,,0.5953582110868845,3,0.000886,VIOLATED,False,9,0.5953582110868845,0.5953582110868845,0.0,6.931126,False,,474,182,122,77,0,0,0.06017878751,317065f82e2ffbfc5a05446fa5c920e192fb7f1694fddb1317aa790681958d13,False,,,,False,,3eada4d39cc676240b3278de813f19477e0b0eb8,1f2680a5b9065e708a7497adc53a95b108029b98,3.13.14,2.5.1,"{""pydantic"": ""2.13.4"", ""yaml"": ""6.0.3"", ""networkx"": ""3.6.1"", ""numpy"": ""2.5.1"", ""scipy"": ""1.18.0"", ""matplotlib"": ""3.11.0"", ""pandas"": ""3.0.3"", ""qutip"": ""5.3.0"", ""stim"": ""1.16.0"", ""gmpy2"": ""2.3.1"", ""nbformat"": ""5.10.4"", ""nbclient"": ""0.11.0""}",Windows,11,Gercom,2026-07-20T00:08:09.499746+00:00
P12_boundary_variability,P12_boundary_variability:four_node:918d4eb26c4161ce:L2:281:m10-intent:0,four_node,918d4eb26c4161ce,281,m10-intent,L2,iterative_analytical,0,10,10,0.58,0.05,1e-05,,True,a -> r1 -> r2 -> b,3,True,,,,0.5953582110868845,3,0.000889,SATISFIED,True,11,0.5953582110868845,0.5953582110868845,0.0,6.838802,False,,508,173,123,87,0,0,0.06019885001,03ee67b67d59eff8fa81c1a5268b35b1494887766aece9887c48e04f0ace9307,False,,,,False,,3eada4d39cc676240b3278de813f19477e0b0eb8,1f2680a5b9065e708a7497adc53a95b108029b98,3.13.14,2.5.1,"{""pydantic"": ""2.13.4"", ""yaml"": ""6.0.3"", ""networkx"": ""3.6.1"", ""numpy"": ""2.5.1"", ""scipy"": ""1.18.0"", ""matplotlib"": ""3.11.0"", ""pandas"": ""3.0.3"", ""qutip"": ""5.3.0"", ""stim"": ""1.16.0"", ""gmpy2"": ""2.3.1"", ""nbformat"": ""5.10.4"", ""nbclient"": ""0.11.0""}",Windows,11,Gercom,2026-07-20T00:08:25.677518+00:00
P12_boundary_variability,P12_boundary_variability:four_node:918d4eb26c4161ce:L2:282:m10-intent:0,four_node,918d4eb26c4161ce,282,m10-intent,L2,iterative_analytical,0,10,10,0.58,0.05,1e-05,,True,a -> r1 -> r2 -> b,3,True,,,,0.5953582110868845,3,0.000856,SATISFIED,True,10,0.5953582110868845,0.5953582110868845,0.0,6.856004,False,,503,161,113,81,0,0,0.06019881251,84df3e9a15317425b0394b1b27d0b90aeb9207b8aa77c3bd8ace4dd87d9d7177,False,,,,False,,3eada4d39cc676240b3278de813f19477e0b0eb8,1f2680a5b9065e708a7497adc53a95b108029b98,3.13.14,2.5.1,"{""pydantic"": ""2.13.4"", ""yaml"": ""6.0.3"", ""networkx"": ""3.6.1"", ""numpy"": ""2.5.1"", ""scipy"": ""1.18.0"", ""matplotlib"": ""3.11.0"", ""pandas"": ""3.0.3"", ""qutip"": ""5.3.0"", ""stim"": ""1.16.0"", ""gmpy2"": ""2.3.1"", ""nbformat"": ""5.10.4"", ""nbclient"": ""0.11.0""}",Windows,11,Gercom,2026-07-20T00:08:41.875887+00:00
P12_boundary_variability,P12_boundary_variability:four_node:918d4eb26c4161ce:L2:283:m10-intent:0,four_node,918d4eb26c4161ce,283,m10-intent,L2,iterative_analytical,0,10,10,0.58,0.05,1e-05,,True,a -> r1 -> r2 -> b,3,True,,,,0.5953582110868845,3,0.000904,SATISFIED,True,11,0.5953582110868845,0.5953582110868845,0.0,6.620852,False,,510,165,115,83,0,0,0.06019892501,a286e11857acbe096b5e74d7f99a9dae4c5a9e348cf3b8f30a3fb8c962ba7e67,False,,,,False,,3eada4d39cc676240b3278de813f19477e0b0eb8,1f2680a5b9065e708a7497adc53a95b108029b98,3.13.14,2.5.1,"{""pydantic"": ""2.13.4"", ""yaml"": ""6.0.3"", ""networkx"": ""3.6.1"", ""numpy"": ""2.5.1"", ""scipy"": ""1.18.0"", ""matplotlib"": ""3.11.0"", ""pandas"": ""3.0.3"", ""qutip"": ""5.3.0"", ""stim"": ""1.16.0"", ""gmpy2"": ""2.3.1"", ""nbformat"": ""5.10.4"", ""nbclient"": ""0.11.0""}",Windows,11,Gercom,2026-07-20T00:08:57.908414+00:00
P12_boundary_variability,P12_boundary_variability:four_node:918d4eb26c4161ce:L2:284:m10-intent:0,four_node,918d4eb26c4161ce,284,m10-intent,L2,iterative_analytical,0,10,10,0.58,0.05,1e-05,,True,a -> r1 -> r2 -> b,3,True,,,,0.5953582110868845,3,0.001451,SATISFIED,True,13,0.5953582110868845,0.5953582110868845,0.0,5.901895,False,,456,168,126,99,0,0,0.06017876251,ea639c3e4881c80e45b7b1296151398836c1e9958c8f063eb878e41cee927db4,False,,,,False,,3eada4d39cc676240b3278de813f19477e0b0eb8,1f2680a5b9065e708a7497adc53a95b108029b98,3.13.14,2.5.1,"{""pydantic"": ""2.13.4"", ""yaml"": ""6.0.3"", ""networkx"": ""3.6.1"", ""numpy"": ""2.5.1"", ""scipy"": ""1.18.0"", ""matplotlib"": ""3.11.0"", ""pandas"": ""3.0.3"", ""qutip"": ""5.3.0"", ""stim"": ""1.16.0"", ""gmpy2"": ""2.3.1"", ""nbformat"": ""5.10.4"", ""nbclient"": ""0.11.0""}",Windows,11,Gercom,2026-07-20T00:09:13.248023+00:00
P12_boundary_variability,P12_boundary_variability:four_node:918d4eb26c4161ce:L2:285:m10-intent:0,four_node,918d4eb26c4161ce,285,m10-intent,L2,iterative_analytical,0,10,10,0.58,0.05,1e-05,,True,a -> r1 -> r2 -> b,3,True,,,,0.5953582110868845,3,0.000906,SATISFIED,True,10,0.5953582110868845,0.5953582110868845,0.0,6.76124,False,,510,172,119,82,0,0,0.06019376251,69724156abae40ab2b545cd8561dcfa7022a743964d1dadc55ac2a0a8daf6b6e,False,,,,False,,3eada4d39cc676240b3278de813f19477e0b0eb8,1f2680a5b9065e708a7497adc53a95b108029b98,3.13.14,2.5.1,"{""pydantic"": ""2.13.4"", ""yaml"": ""6.0.3"", ""networkx"": ""3.6.1"", ""numpy"": ""2.5.1"", ""scipy"": ""1.18.0"", ""matplotlib"": ""3.11.0"", ""pandas"": ""3.0.3"", ""qutip"": ""5.3.0"", ""stim"": ""1.16.0"", ""gmpy2"": ""2.3.1"", ""nbformat"": ""5.10.4"", ""nbclient"": ""0.11.0""}",Windows,11,Gercom,2026-07-20T00:09:29.198059+00:00
P12_boundary_variability,P12_boundary_variability:four_node:918d4eb26c4161ce:L2:286:m10-intent:0,four_node,918d4eb26c4161ce,286,m10-intent,L2,iterative_analytical,0,10,10,0.58,0.05,1e-05,,True,a -> r1 -> r2 -> b,3,True,,,,0.5953582110868845,3,0.001373,SATISFIED,True,10,0.5953582110868845,0.5953582110868845,0.0,6.677973,False,,503,173,121,83,0,0,0.06018378751,446dd33992c356764bf216feeae7d8f5ac4d8eca517391617c4e31101c2286fa,False,,,,False,,3eada4d39cc676240b3278de813f19477e0b0eb8,1f2680a5b9065e708a7497adc53a95b108029b98,3.13.14,2.5.1,"{""pydantic"": ""2.13.4"", ""yaml"": ""6.0.3"", ""networkx"": ""3.6.1"", ""numpy"": ""2.5.1"", ""scipy"": ""1.18.0"", ""matplotlib"": ""3.11.0"", ""pandas"": ""3.0.3"", ""qutip"": ""5.3.0"", ""stim"": ""1.16.0"", ""gmpy2"": ""2.3.1"", ""nbformat"": ""5.10.4"", ""nbclient"": ""0.11.0""}",Windows,11,Gercom,2026-07-20T00:09:45.276448+00:00
P12_boundary_variability,P12_boundary_variability:four_node:918d4eb26c4161ce:L2:287:m10-intent:0,four_node,918d4eb26c4161ce,287,m10-intent,L2,iterative_analytical,0,10,10,0.58,0.05,1e-05,,True,a -> r1 -> r2 -> b,3,True,,,,0.5953582110868845,3,0.001373,SATISFIED,True,12,0.5953582110868845,0.5953582110868845,0.0,5.884563,False,,521,165,117,85,0,0,0.06018887501,9685600c8847f60a2b0c58aa4a790ed52c895f1ec3d3f5f1ec5ea35131e9fb9d,False,,,,False,,3eada4d39cc676240b3278de813f19477e0b0eb8,1f2680a5b9065e708a7497adc53a95b108029b98,3.13.14,2.5.1,"{""pydantic"": ""2.13.4"", ""yaml"": ""6.0.3"", ""networkx"": ""3.6.1"", ""numpy"": ""2.5.1"", ""scipy"": ""1.18.0"", ""matplotlib"": ""3.11.0"", ""pandas"": ""3.0.3"", ""qutip"": ""5.3.0"", ""stim"": ""1.16.0"", ""gmpy2"": ""2.3.1"", ""nbformat"": ""5.10.4"", ""nbclient"": ""0.11.0""}",Windows,11,Gercom,2026-07-20T00:09:59.891312+00:00
P12_boundary_variability,P12_boundary_variability:four_node:918d4eb26c4161ce:L2:288:m10-intent:0,four_node,918d4eb26c4161ce,288,m10-intent,L2,iterative_analytical,0,10,10,0.58,0.05,1e-05,,True,a -> r1 -> r2 -> b,3,True,,,,0.5953582110868845,3,0.000887,SATISFIED,True,11,0.5953582110868845,0.5953582110868845,0.0,6.566041,False,,534,166,119,89,0,0,0.06019883751,995d8eb1a3c87492e5fda6626c615a32fdb6df17f14ad4c24e09bd9357e6312b,False,,,,False,,3eada4d39cc676240b3278de813f19477e0b0eb8,1f2680a5b9065e708a7497adc53a95b108029b98,3.13.14,2.5.1,"{""pydantic"": ""2.13.4"", ""yaml"": ""6.0.3"", ""networkx"": ""3.6.1"", ""numpy"": ""2.5.1"", ""scipy"": ""1.18.0"", ""matplotlib"": ""3.11.0"", ""pandas"": ""3.0.3"", ""qutip"": ""5.3.0"", ""stim"": ""1.16.0"", ""gmpy2"": ""2.3.1"", ""nbformat"": ""5.10.4"", ""nbclient"": ""0.11.0""}",Windows,11,Gercom,2026-07-20T00:10:14.818841+00:00
P12_boundary_variability,P12_boundary_variability:four_node:918d4eb26c4161ce:L2:289:m10-intent:0,four_node,918d4eb26c4161ce,289,m10-intent,L2,iterative_analytical,0,10,10,0.58,0.05,1e-05,,True,a -> r1 -> r2 -> b,3,True,,,,0.5953582110868845,3,0.000863,SATISFIED,True,11,0.5953582110868845,0.5953582110868845,0.0,6.85749,False,,483,177,125,91,0,0,0.06018877501,bbd7bbde31071815618802d810ec3072f8792a3234245f95fbc5f409285ba85c,False,,,,False,,3eada4d39cc676240b3278de813f19477e0b0eb8,1f2680a5b9065e708a7497adc53a95b108029b98,3.13.14,2.5.1,"{""pydantic"": ""2.13.4"", ""yaml"": ""6.0.3"", ""networkx"": ""3.6.1"", ""numpy"": ""2.5.1"", ""scipy"": ""1.18.0"", ""matplotlib"": ""3.11.0"", ""pandas"": ""3.0.3"", ""qutip"": ""5.3.0"", ""stim"": ""1.16.0"", ""gmpy2"": ""2.3.1"", ""nbformat"": ""5.10.4"", ""nbclient"": ""0.11.0""}",Windows,11,Gercom,2026-07-20T00:10:30.391790+00:00
P12_boundary_variability,P12_boundary_variability:four_node:918d4eb26c4161ce:L2:290:m10-intent:0,four_node,918d4eb26c4161ce,290,m10-intent,L2,iterative_analytical,0,10,10,0.58,0.05,1e-05,,True,a -> r1 -> r2 -> b,3,True,,,,0.5953582110868845,3,0.001435,SATISFIED,True,12,0.5953582110868845,0.5953582110868845,0.0,7.977747,False,,454,165,120,91,0,0,0.06017868751,4273d503f08673c1db9654bc92ff8bb0d17f8f82b40b3d6bc710efc58446353b,False,,,,False,,3eada4d39cc676240b3278de813f19477e0b0eb8,1f2680a5b9065e708a7497adc53a95b108029b98,3.13.14,2.5.1,"{""pydantic"": ""2.13.4"", ""yaml"": ""6.0.3"", ""networkx"": ""3.6.1"", ""numpy"": ""2.5.1"", ""scipy"": ""1.18.0"", ""matplotlib"": ""3.11.0"", ""pandas"": ""3.0.3"", ""qutip"": ""5.3.0"", ""stim"": ""1.16.0"", ""gmpy2"": ""2.3.1"", ""nbformat"": ""5.10.4"", ""nbclient"": ""0.11.0""}",Windows,11,Gercom,2026-07-20T00:10:47.881555+00:00
P12_boundary_variability,P12_boundary_variability:four_node:918d4eb26c4161ce:L2:291:m10-intent:0,four_node,918d4eb26c4161ce,291,m10-intent,L2,iterative_analytical,0,10,10,0.58,0.05,1e-05,,True,a -> r1 -> r2 -> b,3,True,,,,0.5953582110868845,3,0.000864,VIOLATED,False,9,0.5953582110868845,0.5953582110868845,0.0,7.680296,False,,492,171,115,72,0,0,0.06018875001,602cc3f12b57bee72d3bbed312b30da81f6a79b162d4170593a332b27bfdf356,False,,,,False,,3eada4d39cc676240b3278de813f19477e0b0eb8,1f2680a5b9065e708a7497adc53a95b108029b98,3.13.14,2.5.1,"{""pydantic"": ""2.13.4"", ""yaml"": ""6.0.3"", ""networkx"": ""3.6.1"", ""numpy"": ""2.5.1"", ""scipy"": ""1.18.0"", ""matplotlib"": ""3.11.0"", ""pandas"": ""3.0.3"", ""qutip"": ""5.3.0"", ""stim"": ""1.16.0"", ""gmpy2"": ""2.3.1"", ""nbformat"": ""5.10.4"", ""nbclient"": ""0.11.0""}",Windows,11,Gercom,2026-07-20T00:11:05.566937+00:00
P12_boundary_variability,P12_boundary_variability:four_node:918d4eb26c4161ce:L2:292:m10-intent:0,four_node,918d4eb26c4161ce,292,m10-intent,L2,iterative_analytical,0,10,10,0.58,0.05,1e-05,,True,a -> r1 -> r2 -> b,3,True,,,,0.5953582110868845,3,0.000842,SATISFIED,True,10,0.5953582110868845,0.5953582110868845,0.0,6.953854,False,,452,175,122,84,0,0,0.06018881251,36309821bb7d034e76aa2b02771e6ea668f26fab08f15d957442a23525d119be,False,,,,False,,3eada4d39cc676240b3278de813f19477e0b0eb8,1f2680a5b9065e708a7497adc53a95b108029b98,3.13.14,2.5.1,"{""pydantic"": ""2.13.4"", ""yaml"": ""6.0.3"", ""networkx"": ""3.6.1"", ""numpy"": ""2.5.1"", ""scipy"": ""1.18.0"", ""matplotlib"": ""3.11.0"", ""pandas"": ""3.0.3"", ""qutip"": ""5.3.0"", ""stim"": ""1.16.0"", ""gmpy2"": ""2.3.1"", ""nbformat"": ""5.10.4"", ""nbclient"": ""0.11.0""}",Windows,11,Gercom,2026-07-20T00:11:22.147553+00:00
P12_boundary_variability,P12_boundary_variability:four_node:918d4eb26c4161ce:L2:293:m10-intent:0,four_node,918d4eb26c4161ce,293,m10-intent,L2,iterative_analytical,0,10,10,0.58,0.05,1e-05,,True,a -> r1 -> r2 -> b,3,True,,,,0.5953582110868845,3,0.000871,SATISFIED,True,12,0.5953582110868845,0.5953582110868845,0.0,6.942195,False,,473,171,124,93,0,0,0.06019886251,a387cc61945d6ea7e987ce92d32027d8e0f065a001672fb223ac8127416b44fd,False,,,,False,,3eada4d39cc676240b3278de813f19477e0b0eb8,1f2680a5b9065e708a7497adc53a95b108029b98,3.13.14,2.5.1,"{""pydantic"": ""2.13.4"", ""yaml"": ""6.0.3"", ""networkx"": ""3.6.1"", ""numpy"": ""2.5.1"", ""scipy"": ""1.18.0"", ""matplotlib"": ""3.11.0"", ""pandas"": ""3.0.3"", ""qutip"": ""5.3.0"", ""stim"": ""1.16.0"", ""gmpy2"": ""2.3.1"", ""nbformat"": ""5.10.4"", ""nbclient"": ""0.11.0""}",Windows,11,Gercom,2026-07-20T00:11:38.098804+00:00
P12_boundary_variability,P12_boundary_variability:four_node:918d4eb26c4161ce:L2:294:m10-intent:0,four_node,918d4eb26c4161ce,294,m10-intent,L2,iterative_analytical,0,10,10,0.58,0.05,1e-05,,True,a -> r1 -> r2 -> b,3,True,,,,0.5953582110868845,3,0.000871,SATISFIED,True,11,0.5953582110868845,0.5953582110868845,0.0,6.296819,False,,436,164,120,92,0,0,0.06018367501,9eead961711c3c1a18954123512abff0ac96fccd2001d61a3c82321c990a2abc,False,,,,False,,3eada4d39cc676240b3278de813f19477e0b0eb8,1f2680a5b9065e708a7497adc53a95b108029b98,3.13.14,2.5.1,"{""pydantic"": ""2.13.4"", ""yaml"": ""6.0.3"", ""networkx"": ""3.6.1"", ""numpy"": ""2.5.1"", ""scipy"": ""1.18.0"", ""matplotlib"": ""3.11.0"", ""pandas"": ""3.0.3"", ""qutip"": ""5.3.0"", ""stim"": ""1.16.0"", ""gmpy2"": ""2.3.1"", ""nbformat"": ""5.10.4"", ""nbclient"": ""0.11.0""}",Windows,11,Gercom,2026-07-20T00:11:53.397216+00:00
P12_boundary_variability,P12_boundary_variability:four_node:918d4eb26c4161ce:L2:295:m10-intent:0,four_node,918d4eb26c4161ce,295,m10-intent,L2,iterative_analytical,0,10,10,0.58,0.05,1e-05,,True,a -> r1 -> r2 -> b,3,True,,,,0.5953582110868845,3,0.000892,SATISFIED,True,11,0.5953582110868845,0.5953582110868845,0.0,6.533809,False,,483,170,121,85,0,0,0.06018875001,dc96313c6524a4e16842085aaffda454edee96dee6270db05c8e65ed4a3aaf91,False,,,,False,,3eada4d39cc676240b3278de813f19477e0b0eb8,1f2680a5b9065e708a7497adc53a95b108029b98,3.13.14,2.5.1,"{""pydantic"": ""2.13.4"", ""yaml"": ""6.0.3"", ""networkx"": ""3.6.1"", ""numpy"": ""2.5.1"", ""scipy"": ""1.18.0"", ""matplotlib"": ""3.11.0"", ""pandas"": ""3.0.3"", ""qutip"": ""5.3.0"", ""stim"": ""1.16.0"", ""gmpy2"": ""2.3.1"", ""nbformat"": ""5.10.4"", ""nbclient"": ""0.11.0""}",Windows,11,Gercom,2026-07-20T00:12:08.816350+00:00
P12_boundary_variability,P12_boundary_variability:four_node:918d4eb26c4161ce:L2:296:m10-intent:0,four_node,918d4eb26c4161ce,296,m10-intent,L2,iterative_analytical,0,10,10,0.58,0.05,1e-05,,True,a -> r1 -> r2 -> b,3,True,,,,0.5953582110868845,3,0.00088,VIOLATED,False,8,0.5953582110868845,0.5953582110868845,0.0,6.138531,False,,510,170,113,70,0,0,0.06018382501,78a17661ea91f7524792bc5630fb8661f7ef976ec8ff50f3fe049a00b0867e53,False,,,,False,,3eada4d39cc676240b3278de813f19477e0b0eb8,1f2680a5b9065e708a7497adc53a95b108029b98,3.13.14,2.5.1,"{""pydantic"": ""2.13.4"", ""yaml"": ""6.0.3"", ""networkx"": ""3.6.1"", ""numpy"": ""2.5.1"", ""scipy"": ""1.18.0"", ""matplotlib"": ""3.11.0"", ""pandas"": ""3.0.3"", ""qutip"": ""5.3.0"", ""stim"": ""1.16.0"", ""gmpy2"": ""2.3.1"", ""nbformat"": ""5.10.4"", ""nbclient"": ""0.11.0""}",Windows,11,Gercom,2026-07-20T00:12:23.579698+00:00
P12_boundary_variability,P12_boundary_variability:four_node:918d4eb26c4161ce:L2:297:m10-intent:0,four_node,918d4eb26c4161ce,297,m10-intent,L2,iterative_analytical,0,10,10,0.58,0.05,1e-05,,True,a -> r1 -> r2 -> b,3,True,,,,0.5953582110868845,3,0.000872,VIOLATED,False,8,0.5953582110868845,0.5953582110868845,0.0,6.62895,False,,492,167,112,72,0,0,0.06018371251,f85b94347ce740120dcbfd8810aeb5e23f93e0d47f010b1a82823f64678bc4a4,False,,,,False,,3eada4d39cc676240b3278de813f19477e0b0eb8,1f2680a5b9065e708a7497adc53a95b108029b98,3.13.14,2.5.1,"{""pydantic"": ""2.13.4"", ""yaml"": ""6.0.3"", ""networkx"": ""3.6.1"", ""numpy"": ""2.5.1"", ""scipy"": ""1.18.0"", ""matplotlib"": ""3.11.0"", ""pandas"": ""3.0.3"", ""qutip"": ""5.3.0"", ""stim"": ""1.16.0"", ""gmpy2"": ""2.3.1"", ""nbformat"": ""5.10.4"", ""nbclient"": ""0.11.0""}",Windows,11,Gercom,2026-07-20T00:12:39.418499+00:00
P12_boundary_variability,P12_boundary_variability:four_node:918d4eb26c4161ce:L2:298:m10-intent:0,four_node,918d4eb26c4161ce,298,m10-intent,L2,iterative_analytical,0,10,10,0.58,0.05,1e-05,,True,a -> r1 -> r2 -> b,3,True,,,,0.5953582110868845,3,0.000883,SATISFIED,True,11,0.5953582110868845,0.5953582110868845,0.0,6.078184,False,,484,173,122,87,0,0,0.06019381251,8f07b85f0ca169fb412e20b88b8f7d5aca0ac55214b229fb3fe3909c085825a8,False,,,,False,,3eada4d39cc676240b3278de813f19477e0b0eb8,1f2680a5b9065e708a7497adc53a95b108029b98,3.13.14,2.5.1,"{""pydantic"": ""2.13.4"", ""yaml"": ""6.0.3"", ""networkx"": ""3.6.1"", ""numpy"": ""2.5.1"", ""scipy"": ""1.18.0"", ""matplotlib"": ""3.11.0"", ""pandas"": ""3.0.3"", ""qutip"": ""5.3.0"", ""stim"": ""1.16.0"", ""gmpy2"": ""2.3.1"", ""nbformat"": ""5.10.4"", ""nbclient"": ""0.11.0""}",Windows,11,Gercom,2026-07-20T00:12:54.560753+00:00
P12_boundary_variability,P12_boundary_variability:four_node:918d4eb26c4161ce:L2:299:m10-intent:0,four_node,918d4eb26c4161ce,299,m10-intent,L2,iterative_analytical,0,10,10,0.58,0.05,1e-05,,True,a -> r1 -> r2 -> b,3,True,,,,0.5953582110868845,3,0.001402,SATISFIED,True,11,0.5953582110868845,0.5953582110868845,0.0,6.66122,False,,453,177,125,89,0,0,0.06018375001,2505817e1aa6ab567a60e2493f4de3402747efe0c43c0d44f75722dd6d2a6d7c,False,,,,False,,3eada4d39cc676240b3278de813f19477e0b0eb8,1f2680a5b9065e708a7497adc53a95b108029b98,3.13.14,2.5.1,"{""pydantic"": ""2.13.4"", ""yaml"": ""6.0.3"", ""networkx"": ""3.6.1"", ""numpy"": ""2.5.1"", ""scipy"": ""1.18.0"", ""matplotlib"": ""3.11.0"", ""pandas"": ""3.0.3"", ""qutip"": ""5.3.0"", ""stim"": ""1.16.0"", ""gmpy2"": ""2.3.1"", ""nbformat"": ""5.10.4"", ""nbclient"": ""0.11.0""}",Windows,11,Gercom,2026-07-20T00:13:09.910774+00:00
P12_boundary_variability,P12_boundary_variability:four_node:b7347320090f5918:L2:200:m10-intent:0,four_node,b7347320090f5918,200,m10-intent,L2,iterative_analytical,0,10,10,0.5975,0.05,1e-05,,True,a -> r1 -> r2 -> b,3,True,,,,0.6149042727679952,4,0.001532,VIOLATED,False,3,0.6149042727679952,0.6149042727679952,0.0,6.435727,False,,436,159,111,72,0,0,0.06018886251,f5cbb71951b3f15f9b7e3d5fc24625eb4f3469cb409d121cd4de8b627b3e6570,False,,,,False,,3eada4d39cc676240b3278de813f19477e0b0eb8,1f2680a5b9065e708a7497adc53a95b108029b98,3.13.14,2.5.1,"{""pydantic"": ""2.13.4"", ""yaml"": ""6.0.3"", ""networkx"": ""3.6.1"", ""numpy"": ""2.5.1"", ""scipy"": ""1.18.0"", ""matplotlib"": ""3.11.0"", ""pandas"": ""3.0.3"", ""qutip"": ""5.3.0"", ""stim"": ""1.16.0"", ""gmpy2"": ""2.3.1"", ""nbformat"": ""5.10.4"", ""nbclient"": ""0.11.0""}",Windows,11,Gercom,2026-07-20T00:13:24.626379+00:00
P12_boundary_variability,P12_boundary_variability:four_node:b7347320090f5918:L2:201:m10-intent:0,four_node,b7347320090f5918,201,m10-intent,L2,iterative_analytical,0,10,10,0.5975,0.05,1e-05,,True,a -> r1 -> r2 -> b,3,True,,,,0.6149042727679952,4,0.001502,VIOLATED,False,5,0.6149042727679952,0.6149042727679952,0.0,6.549877,False,,429,163,117,83,0,0,0.06018383751,ad4e7b2c48d36353a2c5a85132ce9fc26ef3b5f4f994df97f3c498462a4819ef,False,,,,False,,3eada4d39cc676240b3278de813f19477e0b0eb8,1f2680a5b9065e708a7497adc53a95b108029b98,3.13.14,2.5.1,"{""pydantic"": ""2.13.4"", ""yaml"": ""6.0.3"", ""networkx"": ""3.6.1"", ""numpy"": ""2.5.1"", ""scipy"": ""1.18.0"", ""matplotlib"": ""3.11.0"", ""pandas"": ""3.0.3"", ""qutip"": ""5.3.0"", ""stim"": ""1.16.0"", ""gmpy2"": ""2.3.1"", ""nbformat"": ""5.10.4"", ""nbclient"": ""0.11.0""}",Windows,11,Gercom,2026-07-20T00:13:39.865728+00:00
P12_boundary_variability,P12_boundary_variability:four_node:b7347320090f5918:L2:202:m10-intent:0,four_node,b7347320090f5918,202,m10-intent,L2,iterative_analytical,0,10,10,0.5975,0.05,1e-05,,True,a -> r1 -> r2 -> b,3,True,,,,0.6149042727679952,4,0.000905,VIOLATED,False,4,0.6149042727679952,0.6149042727679952,0.0,6.205771,False,,486,158,114,80,0,0,0.06017378751,18c7b2157bfdfd9cd920c78d701ff765017d3fdf668bcb4b1bac7d453f557aaa,False,,,,False,,3eada4d39cc676240b3278de813f19477e0b0eb8,1f2680a5b9065e708a7497adc53a95b108029b98,3.13.14,2.5.1,"{""pydantic"": ""2.13.4"", ""yaml"": ""6.0.3"", ""networkx"": ""3.6.1"", ""numpy"": ""2.5.1"", ""scipy"": ""1.18.0"", ""matplotlib"": ""3.11.0"", ""pandas"": ""3.0.3"", ""qutip"": ""5.3.0"", ""stim"": ""1.16.0"", ""gmpy2"": ""2.3.1"", ""nbformat"": ""5.10.4"", ""nbclient"": ""0.11.0""}",Windows,11,Gercom,2026-07-20T00:13:53.972705+00:00
P12_boundary_variability,P12_boundary_variability:four_node:b7347320090f5918:L2:203:m10-intent:0,four_node,b7347320090f5918,203,m10-intent,L2,iterative_analytical,0,10,10,0.5975,0.05,1e-05,,True,a -> r1 -> r2 -> b,3,True,,,,0.6149042727679952,4,0.001061,VIOLATED,False,5,0.6149042727679952,0.6149042727679952,0.0,6.164128,False,,481,158,118,90,0,0,0.06019888751,f06c9326a0293501653280ca6172b927139b030a5d69912d52769a5a4db2c58d,False,,,,False,,3eada4d39cc676240b3278de813f19477e0b0eb8,1f2680a5b9065e708a7497adc53a95b108029b98,3.13.14,2.5.1,"{""pydantic"": ""2.13.4"", ""yaml"": ""6.0.3"", ""networkx"": ""3.6.1"", ""numpy"": ""2.5.1"", ""scipy"": ""1.18.0"", ""matplotlib"": ""3.11.0"", ""pandas"": ""3.0.3"", ""qutip"": ""5.3.0"", ""stim"": ""1.16.0"", ""gmpy2"": ""2.3.1"", ""nbformat"": ""5.10.4"", ""nbclient"": ""0.11.0""}",Windows,11,Gercom,2026-07-20T00:14:07.918203+00:00
P12_boundary_variability,P12_boundary_variability:four_node:b7347320090f5918:L2:204:m10-intent:0,four_node,b7347320090f5918,204,m10-intent,L2,iterative_analytical,0,10,10,0.5975,0.05,1e-05,,True,a -> r1 -> r2 -> b,3,True,,,,0.6149042727679952,4,0.000901,VIOLATED,False,4,0.6149042727679952,0.6149042727679952,0.0,5.690979,False,,480,161,114,76,0,0,0.06017372501,5183404605a246bcb6766aeecb7d0d7545c87c8852950e01c34e6dbf23e7b113,False,,,,False,,3eada4d39cc676240b3278de813f19477e0b0eb8,1f2680a5b9065e708a7497adc53a95b108029b98,3.13.14,2.5.1,"{""pydantic"": ""2.13.4"", ""yaml"": ""6.0.3"", ""networkx"": ""3.6.1"", ""numpy"": ""2.5.1"", ""scipy"": ""1.18.0"", ""matplotlib"": ""3.11.0"", ""pandas"": ""3.0.3"", ""qutip"": ""5.3.0"", ""stim"": ""1.16.0"", ""gmpy2"": ""2.3.1"", ""nbformat"": ""5.10.4"", ""nbclient"": ""0.11.0""}",Windows,11,Gercom,2026-07-20T00:14:21.638738+00:00
P12_boundary_variability,P12_boundary_variability:four_node:b7347320090f5918:L2:205:m10-intent:0,four_node,b7347320090f5918,205,m10-intent,L2,iterative_analytical,0,10,10,0.5975,0.05,1e-05,,True,a -> r1 -> r2 -> b,3,True,,,,0.6149042727679952,4,0.000853,VIOLATED,False,5,0.6149042727679952,0.6149042727679952,0.0,5.919566,False,,435,158,118,86,0,0,0.06019883751,1038508d64d066bdce095b64afc2f9a39e62223806673b560b5b1cbfbea49585,False,,,,False,,3eada4d39cc676240b3278de813f19477e0b0eb8,1f2680a5b9065e708a7497adc53a95b108029b98,3.13.14,2.5.1,"{""pydantic"": ""2.13.4"", ""yaml"": ""6.0.3"", ""networkx"": ""3.6.1"", ""numpy"": ""2.5.1"", ""scipy"": ""1.18.0"", ""matplotlib"": ""3.11.0"", ""pandas"": ""3.0.3"", ""qutip"": ""5.3.0"", ""stim"": ""1.16.0"", ""gmpy2"": ""2.3.1"", ""nbformat"": ""5.10.4"", ""nbclient"": ""0.11.0""}",Windows,11,Gercom,2026-07-20T00:14:36.014931+00:00
P12_boundary_variability,P12_boundary_variability:four_node:b7347320090f5918:L2:206:m10-intent:0,four_node,b7347320090f5918,206,m10-intent,L2,iterative_analytical,0,10,10,0.5975,0.05,1e-05,,True,a -> r1 -> r2 -> b,3,True,,,,0.6149042727679952,4,0.000852,VIOLATED,False,5,0.6149042727679952,0.6149042727679952,0.0,5.634141,False,,455,157,119,94,0,0,0.06017870001,75cf13150e90bedd49675e275c243952afedf695e29506ca30442c84a5b740cb,False,,,,False,,3eada4d39cc676240b3278de813f19477e0b0eb8,1f2680a5b9065e708a7497adc53a95b108029b98,3.13.14,2.5.1,"{""pydantic"": ""2.13.4"", ""yaml"": ""6.0.3"", ""networkx"": ""3.6.1"", ""numpy"": ""2.5.1"", ""scipy"": ""1.18.0"", ""matplotlib"": ""3.11.0"", ""pandas"": ""3.0.3"", ""qutip"": ""5.3.0"", ""stim"": ""1.16.0"", ""gmpy2"": ""2.3.1"", ""nbformat"": ""5.10.4"", ""nbclient"": ""0.11.0""}",Windows,11,Gercom,2026-07-20T00:14:50.280029+00:00
P12_boundary_variability,P12_boundary_variability:four_node:b7347320090f5918:L2:207:m10-intent:0,four_node,b7347320090f5918,207,m10-intent,L2,iterative_analytical,0,10,10,0.5975,0.05,1e-05,,True,a -> r1 -> r2 -> b,3,True,,,,0.6149042727679952,4,0.000843,VIOLATED,False,5,0.6149042727679952,0.6149042727679952,0.0,5.591053,False,,459,162,120,87,0,0,0.06018881251,33afc99ece2c70b329f310a7feed59db862a5cb562c7ad3bdf067257678756ee,False,,,,False,,3eada4d39cc676240b3278de813f19477e0b0eb8,1f2680a5b9065e708a7497adc53a95b108029b98,3.13.14,2.5.1,"{""pydantic"": ""2.13.4"", ""yaml"": ""6.0.3"", ""networkx"": ""3.6.1"", ""numpy"": ""2.5.1"", ""scipy"": ""1.18.0"", ""matplotlib"": ""3.11.0"", ""pandas"": ""3.0.3"", ""qutip"": ""5.3.0"", ""stim"": ""1.16.0"", ""gmpy2"": ""2.3.1"", ""nbformat"": ""5.10.4"", ""nbclient"": ""0.11.0""}",Windows,11,Gercom,2026-07-20T00:15:04.331561+00:00
P12_boundary_variability,P12_boundary_variability:four_node:b7347320090f5918:L2:208:m10-intent:0,four_node,b7347320090f5918,208,m10-intent,L2,iterative_analytical,0,10,10,0.5975,0.05,1e-05,,True,a -> r1 -> r2 -> b,3,True,,,,0.6149042727679952,4,0.000877,VIOLATED,False,5,0.6149042727679952,0.6149042727679952,0.0,5.575311,False,,452,165,123,92,0,0,0.06019882501,32dd2088bda1f629a3881b630286d1b28ef95c022015c92b5f8f68a937489686,False,,,,False,,3eada4d39cc676240b3278de813f19477e0b0eb8,1f2680a5b9065e708a7497adc53a95b108029b98,3.13.14,2.5.1,"{""pydantic"": ""2.13.4"", ""yaml"": ""6.0.3"", ""networkx"": ""3.6.1"", ""numpy"": ""2.5.1"", ""scipy"": ""1.18.0"", ""matplotlib"": ""3.11.0"", ""pandas"": ""3.0.3"", ""qutip"": ""5.3.0"", ""stim"": ""1.16.0"", ""gmpy2"": ""2.3.1"", ""nbformat"": ""5.10.4"", ""nbclient"": ""0.11.0""}",Windows,11,Gercom,2026-07-20T00:15:17.915294+00:00
P12_boundary_variability,P12_boundary_variability:four_node:b7347320090f5918:L2:209:m10-intent:0,four_node,b7347320090f5918,209,m10-intent,L2,iterative_analytical,0,10,10,0.5975,0.05,1e-05,,True,a -> r1 -> r2 -> b,3,True,,,,0.6149042727679952,4,0.001519,VIOLATED,False,5,0.6149042727679952,0.6149042727679952,0.0,6.351302,False,,448,172,126,93,0,0,0.06017373751,c836a2619463c3ebf5b7cf11de6a5868c31bea4d76552313a822695eac72275c,False,,,,False,,3eada4d39cc676240b3278de813f19477e0b0eb8,1f2680a5b9065e708a7497adc53a95b108029b98,3.13.14,2.5.1,"{""pydantic"": ""2.13.4"", ""yaml"": ""6.0.3"", ""networkx"": ""3.6.1"", ""numpy"": ""2.5.1"", ""scipy"": ""1.18.0"", ""matplotlib"": ""3.11.0"", ""pandas"": ""3.0.3"", ""qutip"": ""5.3.0"", ""stim"": ""1.16.0"", ""gmpy2"": ""2.3.1"", ""nbformat"": ""5.10.4"", ""nbclient"": ""0.11.0""}",Windows,11,Gercom,2026-07-20T00:15:32.754334+00:00
P12_boundary_variability,P12_boundary_variability:four_node:b7347320090f5918:L2:210:m10-intent:0,four_node,b7347320090f5918,210,m10-intent,L2,iterative_analytical,0,10,10,0.5975,0.05,1e-05,,True,a -> r1 -> r2 -> b,3,True,,,,0.6149042727679952,4,0.000916,VIOLATED,False,3,0.6149042727679952,0.6149042727679952,0.0,6.050348,False,,463,160,109,66,0,0,0.06016873751,81d8e9027ccbb1611e14db33a789c19b1c688a81c8d460a88dc91411a0794dfe,False,,,,False,,3eada4d39cc676240b3278de813f19477e0b0eb8,1f2680a5b9065e708a7497adc53a95b108029b98,3.13.14,2.5.1,"{""pydantic"": ""2.13.4"", ""yaml"": ""6.0.3"", ""networkx"": ""3.6.1"", ""numpy"": ""2.5.1"", ""scipy"": ""1.18.0"", ""matplotlib"": ""3.11.0"", ""pandas"": ""3.0.3"", ""qutip"": ""5.3.0"", ""stim"": ""1.16.0"", ""gmpy2"": ""2.3.1"", ""nbformat"": ""5.10.4"", ""nbclient"": ""0.11.0""}",Windows,11,Gercom,2026-07-20T00:15:46.685649+00:00
P12_boundary_variability,P12_boundary_variability:four_node:b7347320090f5918:L2:211:m10-intent:0,four_node,b7347320090f5918,211,m10-intent,L2,iterative_analytical,0,10,10,0.5975,0.05,1e-05,,True,a -> r1 -> r2 -> b,3,True,,,,0.6149042727679952,4,0.000867,VIOLATED,False,6,0.6149042727679952,0.6149042727679952,0.0,6.130895,False,,456,157,121,100,0,0,0.06019377501,7b53f6d9dd0017dce3d084ddb8ca2c98c373bb57289a90a30b730f40c9e051d3,False,,,,False,,3eada4d39cc676240b3278de813f19477e0b0eb8,1f2680a5b9065e708a7497adc53a95b108029b98,3.13.14,2.5.1,"{""pydantic"": ""2.13.4"", ""yaml"": ""6.0.3"", ""networkx"": ""3.6.1"", ""numpy"": ""2.5.1"", ""scipy"": ""1.18.0"", ""matplotlib"": ""3.11.0"", ""pandas"": ""3.0.3"", ""qutip"": ""5.3.0"", ""stim"": ""1.16.0"", ""gmpy2"": ""2.3.1"", ""nbformat"": ""5.10.4"", ""nbclient"": ""0.11.0""}",Windows,11,Gercom,2026-07-20T00:16:00.689735+00:00
P12_boundary_variability,P12_boundary_variability:four_node:b7347320090f5918:L2:212:m10-intent:0,four_node,b7347320090f5918,212,m10-intent,L2,iterative_analytical,0,10,10,0.5975,0.05,1e-05,,True,a -> r1 -> r2 -> b,3,True,,,,0.6149042727679952,4,0.000864,VIOLATED,False,4,0.6149042727679952,0.6149042727679952,0.0,6.254906,False,,454,165,120,82,0,0,0.06017872501,074527761343a66da9b1247b1fab580fed93b8aa289e811200f592afe9a3e8f3,False,,,,False,,3eada4d39cc676240b3278de813f19477e0b0eb8,1f2680a5b9065e708a7497adc53a95b108029b98,3.13.14,2.5.1,"{""pydantic"": ""2.13.4"", ""yaml"": ""6.0.3"", ""networkx"": ""3.6.1"", ""numpy"": ""2.5.1"", ""scipy"": ""1.18.0"", ""matplotlib"": ""3.11.0"", ""pandas"": ""3.0.3"", ""qutip"": ""5.3.0"", ""stim"": ""1.16.0"", ""gmpy2"": ""2.3.1"", ""nbformat"": ""5.10.4"", ""nbclient"": ""0.11.0""}",Windows,11,Gercom,2026-07-20T00:16:14.944418+00:00
P12_boundary_variability,P12_boundary_variability:four_node:b7347320090f5918:L2:213:m10-intent:0,four_node,b7347320090f5918,213,m10-intent,L2,iterative_analytical,0,10,10,0.5975,0.05,1e-05,,True,a -> r1 -> r2 -> b,3,True,,,,0.6149042727679952,4,0.000863,VIOLATED,False,5,0.6149042727679952,0.6149042727679952,0.0,6.656984,False,,457,164,118,81,0,0,0.06019890001,755cc0341a0b9b3bccc5f2f234638a0ff71bdcddcd5358eb1e114a194adc23ba,False,,,,False,,3eada4d39cc676240b3278de813f19477e0b0eb8,1f2680a5b9065e708a7497adc53a95b108029b98,3.13.14,2.5.1,"{""pydantic"": ""2.13.4"", ""yaml"": ""6.0.3"", ""networkx"": ""3.6.1"", ""numpy"": ""2.5.1"", ""scipy"": ""1.18.0"", ""matplotlib"": ""3.11.0"", ""pandas"": ""3.0.3"", ""qutip"": ""5.3.0"", ""stim"": ""1.16.0"", ""gmpy2"": ""2.3.1"", ""nbformat"": ""5.10.4"", ""nbclient"": ""0.11.0""}",Windows,11,Gercom,2026-07-20T00:16:30.479667+00:00
P12_boundary_variability,P12_boundary_variability:four_node:b7347320090f5918:L2:214:m10-intent:0,four_node,b7347320090f5918,214,m10-intent,L2,iterative_analytical,0,10,10,0.5975,0.05,1e-05,,True,a -> r1 -> r2 -> b,3,True,,,,0.6149042727679952,4,0.000893,VIOLATED,False,4,0.6149042727679952,0.6149042727679952,0.0,5.126571,False,,445,152,107,70,0,0,0.06018880001,02ae2c6af58b5456def68968795d85b69e3bce4471fee213dd7e084d874072ef,False,,,,False,,3eada4d39cc676240b3278de813f19477e0b0eb8,1f2680a5b9065e708a7497adc53a95b108029b98,3.13.14,2.5.1,"{""pydantic"": ""2.13.4"", ""yaml"": ""6.0.3"", ""networkx"": ""3.6.1"", ""numpy"": ""2.5.1"", ""scipy"": ""1.18.0"", ""matplotlib"": ""3.11.0"", ""pandas"": ""3.0.3"", ""qutip"": ""5.3.0"", ""stim"": ""1.16.0"", ""gmpy2"": ""2.3.1"", ""nbformat"": ""5.10.4"", ""nbclient"": ""0.11.0""}",Windows,11,Gercom,2026-07-20T00:16:43.507148+00:00
P12_boundary_variability,P12_boundary_variability:four_node:b7347320090f5918:L2:215:m10-intent:0,four_node,b7347320090f5918,215,m10-intent,L2,iterative_analytical,0,10,10,0.5975,0.05,1e-05,,True,a -> r1 -> r2 -> b,3,True,,,,0.6149042727679952,4,0.000879,VIOLATED,False,4,0.6149042727679952,0.6149042727679952,0.0,5.797451,False,,468,164,118,83,0,0,0.06019378751,5a87ea6921ba725e0c5b9ee499e6f26bb926db1bc136db7697401dd9c42d6870,False,,,,False,,3eada4d39cc676240b3278de813f19477e0b0eb8,1f2680a5b9065e708a7497adc53a95b108029b98,3.13.14,2.5.1,"{""pydantic"": ""2.13.4"", ""yaml"": ""6.0.3"", ""networkx"": ""3.6.1"", ""numpy"": ""2.5.1"", ""scipy"": ""1.18.0"", ""matplotlib"": ""3.11.0"", ""pandas"": ""3.0.3"", ""qutip"": ""5.3.0"", ""stim"": ""1.16.0"", ""gmpy2"": ""2.3.1"", ""nbformat"": ""5.10.4"", ""nbclient"": ""0.11.0""}",Windows,11,Gercom,2026-07-20T00:16:57.788581+00:00
P12_boundary_variability,P12_boundary_variability:four_node:b7347320090f5918:L2:216:m10-intent:0,four_node,b7347320090f5918,216,m10-intent,L2,iterative_analytical,0,10,10,0.5975,0.05,1e-05,,True,a -> r1 -> r2 -> b,3,True,,,,0.6149042727679952,4,0.001025,VIOLATED,False,5,0.6149042727679952,0.6149042727679952,0.0,6.385869,False,,429,166,122,87,0,0,0.06013622501,310b2dfd6225a29e29890becbfcfd49a41676ada1edc84e4c0f41b0fe6c2257c,False,,,,False,,3eada4d39cc676240b3278de813f19477e0b0eb8,1f2680a5b9065e708a7497adc53a95b108029b98,3.13.14,2.5.1,"{""pydantic"": ""2.13.4"", ""yaml"": ""6.0.3"", ""networkx"": ""3.6.1"", ""numpy"": ""2.5.1"", ""scipy"": ""1.18.0"", ""matplotlib"": ""3.11.0"", ""pandas"": ""3.0.3"", ""qutip"": ""5.3.0"", ""stim"": ""1.16.0"", ""gmpy2"": ""2.3.1"", ""nbformat"": ""5.10.4"", ""nbclient"": ""0.11.0""}",Windows,11,Gercom,2026-07-20T00:17:13.149989+00:00
P12_boundary_variability,P12_boundary_variability:four_node:b7347320090f5918:L2:217:m10-intent:0,four_node,b7347320090f5918,217,m10-intent,L2,iterative_analytical,0,10,10,0.5975,0.05,1e-05,,True,a -> r1 -> r2 -> b,3,True,,,,0.6149042727679952,4,0.001216,VIOLATED,False,5,0.6149042727679952,0.6149042727679952,0.0,6.468721,False,,462,167,123,90,0,0,0.06019891251,46d1d3166a916304575ca7e879cd3e34ce57660159a37e561c91f4939ae27902,False,,,,False,,3eada4d39cc676240b3278de813f19477e0b0eb8,1f2680a5b9065e708a7497adc53a95b108029b98,3.13.14,2.5.1,"{""pydantic"": ""2.13.4"", ""yaml"": ""6.0.3"", ""networkx"": ""3.6.1"", ""numpy"": ""2.5.1"", ""scipy"": ""1.18.0"", ""matplotlib"": ""3.11.0"", ""pandas"": ""3.0.3"", ""qutip"": ""5.3.0"", ""stim"": ""1.16.0"", ""gmpy2"": ""2.3.1"", ""nbformat"": ""5.10.4"", ""nbclient"": ""0.11.0""}",Windows,11,Gercom,2026-07-20T00:17:29.061001+00:00
P12_boundary_variability,P12_boundary_variability:four_node:b7347320090f5918:L2:218:m10-intent:0,four_node,b7347320090f5918,218,m10-intent,L2,iterative_analytical,0,10,10,0.5975,0.05,1e-05,,True,a -> r1 -> r2 -> b,3,True,,,,0.6149042727679952,4,0.001404,VIOLATED,False,6,0.6149042727679952,0.6149042727679952,0.0,5.766338,False,,455,162,123,95,0,0,0.06018883751,ff35f3accca3dcac4504cbe85877020dce583cb4bf1b9ec09025f0fb57790d60,False,,,,False,,3eada4d39cc676240b3278de813f19477e0b0eb8,1f2680a5b9065e708a7497adc53a95b108029b98,3.13.14,2.5.1,"{""pydantic"": ""2.13.4"", ""yaml"": ""6.0.3"", ""networkx"": ""3.6.1"", ""numpy"": ""2.5.1"", ""scipy"": ""1.18.0"", ""matplotlib"": ""3.11.0"", ""pandas"": ""3.0.3"", ""qutip"": ""5.3.0"", ""stim"": ""1.16.0"", ""gmpy2"": ""2.3.1"", ""nbformat"": ""5.10.4"", ""nbclient"": ""0.11.0""}",Windows,11,Gercom,2026-07-20T00:17:42.957027+00:00
P12_boundary_variability,P12_boundary_variability:four_node:b7347320090f5918:L2:219:m10-intent:0,four_node,b7347320090f5918,219,m10-intent,L2,iterative_analytical,0,10,10,0.5975,0.05,1e-05,,True,a -> r1 -> r2 -> b,3,True,,,,0.6149042727679952,4,0.001385,VIOLATED,False,4,0.6149042727679952,0.6149042727679952,0.0,5.978128,False,,430,159,114,82,0,0,0.06017372501,01a8c9f6b4924c81f67dd80b278bc1c67d693fa89b69db31e745dfc5cf7671cd,False,,,,False,,3eada4d39cc676240b3278de813f19477e0b0eb8,1f2680a5b9065e708a7497adc53a95b108029b98,3.13.14,2.5.1,"{""pydantic"": ""2.13.4"", ""yaml"": ""6.0.3"", ""networkx"": ""3.6.1"", ""numpy"": ""2.5.1"", ""scipy"": ""1.18.0"", ""matplotlib"": ""3.11.0"", ""pandas"": ""3.0.3"", ""qutip"": ""5.3.0"", ""stim"": ""1.16.0"", ""gmpy2"": ""2.3.1"", ""nbformat"": ""5.10.4"", ""nbclient"": ""0.11.0""}",Windows,11,Gercom,2026-07-20T00:17:57.325016+00:00
P12_boundary_variability,P12_boundary_variability:four_node:b7347320090f5918:L2:220:m10-intent:0,four_node,b7347320090f5918,220,m10-intent,L2,iterative_analytical,0,10,10,0.5975,0.05,1e-05,,True,a -> r1 -> r2 -> b,3,True,,,,0.6149042727679952,4,0.000866,VIOLATED,False,5,0.6149042727679952,0.6149042727679952,0.0,6.111909,False,,413,156,121,96,0,0,0.06017370001,1218cdb9a4f739eeeb8b6eb07be16978594ee505291c2ca74e3c956055ea3e54,False,,,,False,,3eada4d39cc676240b3278de813f19477e0b0eb8,1f2680a5b9065e708a7497adc53a95b108029b98,3.13.14,2.5.1,"{""pydantic"": ""2.13.4"", ""yaml"": ""6.0.3"", ""networkx"": ""3.6.1"", ""numpy"": ""2.5.1"", ""scipy"": ""1.18.0"", ""matplotlib"": ""3.11.0"", ""pandas"": ""3.0.3"", ""qutip"": ""5.3.0"", ""stim"": ""1.16.0"", ""gmpy2"": ""2.3.1"", ""nbformat"": ""5.10.4"", ""nbclient"": ""0.11.0""}",Windows,11,Gercom,2026-07-20T00:18:11.368883+00:00
P12_boundary_variability,P12_boundary_variability:four_node:b7347320090f5918:L2:221:m10-intent:0,four_node,b7347320090f5918,221,m10-intent,L2,iterative_analytical,0,10,10,0.5975,0.05,1e-05,,True,a -> r1 -> r2 -> b,3,True,,,,0.6149042727679952,4,0.000863,VIOLATED,False,6,0.6149042727679952,0.6149042727679952,0.0,6.727592,False,,439,162,125,99,0,0,0.06019385001,7d6f665eb816064a6f057fddc89ab4ccbb53996a38fb3c6d4d60dc99fc9c5960,False,,,,False,,3eada4d39cc676240b3278de813f19477e0b0eb8,1f2680a5b9065e708a7497adc53a95b108029b98,3.13.14,2.5.1,"{""pydantic"": ""2.13.4"", ""yaml"": ""6.0.3"", ""networkx"": ""3.6.1"", ""numpy"": ""2.5.1"", ""scipy"": ""1.18.0"", ""matplotlib"": ""3.11.0"", ""pandas"": ""3.0.3"", ""qutip"": ""5.3.0"", ""stim"": ""1.16.0"", ""gmpy2"": ""2.3.1"", ""nbformat"": ""5.10.4"", ""nbclient"": ""0.11.0""}",Windows,11,Gercom,2026-07-20T00:18:25.795888+00:00
P12_boundary_variability,P12_boundary_variability:four_node:b7347320090f5918:L2:222:m10-intent:0,four_node,b7347320090f5918,222,m10-intent,L2,iterative_analytical,0,10,10,0.5975,0.05,1e-05,,True,a -> r1 -> r2 -> b,3,True,,,,0.6149042727679952,4,0.00087,VIOLATED,False,4,0.6149042727679952,0.6149042727679952,0.0,6.375388,False,,486,154,112,79,0,0,0.06019878751,133557aa254db3086341628fa9cc1275b9aecec2664f207bb223ef3d8f2a8c66,False,,,,False,,3eada4d39cc676240b3278de813f19477e0b0eb8,1f2680a5b9065e708a7497adc53a95b108029b98,3.13.14,2.5.1,"{""pydantic"": ""2.13.4"", ""yaml"": ""6.0.3"", ""networkx"": ""3.6.1"", ""numpy"": ""2.5.1"", ""scipy"": ""1.18.0"", ""matplotlib"": ""3.11.0"", ""pandas"": ""3.0.3"", ""qutip"": ""5.3.0"", ""stim"": ""1.16.0"", ""gmpy2"": ""2.3.1"", ""nbformat"": ""5.10.4"", ""nbclient"": ""0.11.0""}",Windows,11,Gercom,2026-07-20T00:18:40.208931+00:00
P12_boundary_variability,P12_boundary_variability:four_node:b7347320090f5918:L2:223:m10-intent:0,four_node,b7347320090f5918,223,m10-intent,L2,iterative_analytical,0,10,10,0.5975,0.05,1e-05,,True,a -> r1 -> r2 -> b,3,True,,,,0.6149042727679952,4,0.001285,VIOLATED,False,5,0.6149042727679952,0.6149042727679952,0.0,6.581828,False,,455,161,119,88,0,0,0.06017367501,7ae1b8c62f766fbe04d130a347ff1741551bebb21528abad9042cf91c491a2a7,False,,,,False,,3eada4d39cc676240b3278de813f19477e0b0eb8,1f2680a5b9065e708a7497adc53a95b108029b98,3.13.14,2.5.1,"{""pydantic"": ""2.13.4"", ""yaml"": ""6.0.3"", ""networkx"": ""3.6.1"", ""numpy"": ""2.5.1"", ""scipy"": ""1.18.0"", ""matplotlib"": ""3.11.0"", ""pandas"": ""3.0.3"", ""qutip"": ""5.3.0"", ""stim"": ""1.16.0"", ""gmpy2"": ""2.3.1"", ""nbformat"": ""5.10.4"", ""nbclient"": ""0.11.0""}",Windows,11,Gercom,2026-07-20T00:18:54.887180+00:00
P12_boundary_variability,P12_boundary_variability:four_node:b7347320090f5918:L2:224:m10-intent:0,four_node,b7347320090f5918,224,m10-intent,L2,iterative_analytical,0,10,10,0.5975,0.05,1e-05,,True,a -> r1 -> r2 -> b,3,True,,,,0.6149042727679952,4,0.000887,VIOLATED,False,5,0.6149042727679952,0.6149042727679952,0.0,5.952925,False,,452,163,124,93,0,0,0.06016368751,c3d0dd570ac83b99105dda318379a25e0fe04cb9d2060c00943323a6e3b550de,False,,,,False,,3eada4d39cc676240b3278de813f19477e0b0eb8,1f2680a5b9065e708a7497adc53a95b108029b98,3.13.14,2.5.1,"{""pydantic"": ""2.13.4"", ""yaml"": ""6.0.3"", ""networkx"": ""3.6.1"", ""numpy"": ""2.5.1"", ""scipy"": ""1.18.0"", ""matplotlib"": ""3.11.0"", ""pandas"": ""3.0.3"", ""qutip"": ""5.3.0"", ""stim"": ""1.16.0"", ""gmpy2"": ""2.3.1"", ""nbformat"": ""5.10.4"", ""nbclient"": ""0.11.0""}",Windows,11,Gercom,2026-07-20T00:19:09.252523+00:00
P12_boundary_variability,P12_boundary_variability:four_node:b7347320090f5918:L2:225:m10-intent:0,four_node,b7347320090f5918,225,m10-intent,L2,iterative_analytical,0,10,10,0.5975,0.05,1e-05,,True,a -> r1 -> r2 -> b,3,True,,,,0.6149042727679952,4,0.000831,VIOLATED,False,3,0.6149042727679952,0.6149042727679952,0.0,5.836947,False,,489,157,110,70,0,0,0.06019885001,ac064af0d0d121d8fa0ac937eb05258c35e116a60f6b4ea50642be8dfcd0827c,False,,,,False,,3eada4d39cc676240b3278de813f19477e0b0eb8,1f2680a5b9065e708a7497adc53a95b108029b98,3.13.14,2.5.1,"{""pydantic"": ""2.13.4"", ""yaml"": ""6.0.3"", ""networkx"": ""3.6.1"", ""numpy"": ""2.5.1"", ""scipy"": ""1.18.0"", ""matplotlib"": ""3.11.0"", ""pandas"": ""3.0.3"", ""qutip"": ""5.3.0"", ""stim"": ""1.16.0"", ""gmpy2"": ""2.3.1"", ""nbformat"": ""5.10.4"", ""nbclient"": ""0.11.0""}",Windows,11,Gercom,2026-07-20T00:19:23.010388+00:00
P12_boundary_variability,P12_boundary_variability:four_node:b7347320090f5918:L2:226:m10-intent:0,four_node,b7347320090f5918,226,m10-intent,L2,iterative_analytical,0,10,10,0.5975,0.05,1e-05,,True,a -> r1 -> r2 -> b,3,True,,,,0.6149042727679952,4,0.000848,VIOLATED,False,4,0.6149042727679952,0.6149042727679952,0.0,5.50854,False,,471,159,115,79,0,0,0.06017881251,83e3f67e6d60c9fec46cad9a215f3f9182b4cf0d8c6a865f64baf8721fbc3d5c,False,,,,False,,3eada4d39cc676240b3278de813f19477e0b0eb8,1f2680a5b9065e708a7497adc53a95b108029b98,3.13.14,2.5.1,"{""pydantic"": ""2.13.4"", ""yaml"": ""6.0.3"", ""networkx"": ""3.6.1"", ""numpy"": ""2.5.1"", ""scipy"": ""1.18.0"", ""matplotlib"": ""3.11.0"", ""pandas"": ""3.0.3"", ""qutip"": ""5.3.0"", ""stim"": ""1.16.0"", ""gmpy2"": ""2.3.1"", ""nbformat"": ""5.10.4"", ""nbclient"": ""0.11.0""}",Windows,11,Gercom,2026-07-20T00:19:36.676845+00:00
P12_boundary_variability,P12_boundary_variability:four_node:b7347320090f5918:L2:227:m10-intent:0,four_node,b7347320090f5918,227,m10-intent,L2,iterative_analytical,0,10,10,0.5975,0.05,1e-05,,True,a -> r1 -> r2 -> b,3,True,,,,0.6149042727679952,4,0.001393,VIOLATED,False,5,0.6149042727679952,0.6149042727679952,0.0,5.462009,False,,457,159,120,91,0,0,0.06017372501,dc6545eba289277678ae0a0f88e61b8c05f2d0c23a045139f8e0b79db8ffa150,False,,,,False,,3eada4d39cc676240b3278de813f19477e0b0eb8,1f2680a5b9065e708a7497adc53a95b108029b98,3.13.14,2.5.1,"{""pydantic"": ""2.13.4"", ""yaml"": ""6.0.3"", ""networkx"": ""3.6.1"", ""numpy"": ""2.5.1"", ""scipy"": ""1.18.0"", ""matplotlib"": ""3.11.0"", ""pandas"": ""3.0.3"", ""qutip"": ""5.3.0"", ""stim"": ""1.16.0"", ""gmpy2"": ""2.3.1"", ""nbformat"": ""5.10.4"", ""nbclient"": ""0.11.0""}",Windows,11,Gercom,2026-07-20T00:19:50.116348+00:00
P12_boundary_variability,P12_boundary_variability:four_node:b7347320090f5918:L2:228:m10-intent:0,four_node,b7347320090f5918,228,m10-intent,L2,iterative_analytical,0,10,10,0.5975,0.05,1e-05,,True,a -> r1 -> r2 -> b,3,True,,,,0.6149042727679952,4,0.001388,VIOLATED,False,5,0.6149042727679952,0.6149042727679952,0.0,5.616014,False,,445,162,119,84,0,0,0.06017378751,0fd36816772da994df410ec04c680e37efbfd53633eaaf8b8d2da36eedf9413e,False,,,,False,,3eada4d39cc676240b3278de813f19477e0b0eb8,1f2680a5b9065e708a7497adc53a95b108029b98,3.13.14,2.5.1,"{""pydantic"": ""2.13.4"", ""yaml"": ""6.0.3"", ""networkx"": ""3.6.1"", ""numpy"": ""2.5.1"", ""scipy"": ""1.18.0"", ""matplotlib"": ""3.11.0"", ""pandas"": ""3.0.3"", ""qutip"": ""5.3.0"", ""stim"": ""1.16.0"", ""gmpy2"": ""2.3.1"", ""nbformat"": ""5.10.4"", ""nbclient"": ""0.11.0""}",Windows,11,Gercom,2026-07-20T00:20:03.653561+00:00
P12_boundary_variability,P12_boundary_variability:four_node:b7347320090f5918:L2:229:m10-intent:0,four_node,b7347320090f5918,229,m10-intent,L2,iterative_analytical,0,10,10,0.5975,0.05,1e-05,,True,a -> r1 -> r2 -> b,3,True,,,,0.6149042727679952,4,0.000889,VIOLATED,False,5,0.6149042727679952,0.6149042727679952,0.0,5.895574,False,,407,160,119,90,0,0,0.06016371251,43e67911018c1094dff7538fda9e6ab554741e9cd605940c083fe9836e4b07ac,False,,,,False,,3eada4d39cc676240b3278de813f19477e0b0eb8,1f2680a5b9065e708a7497adc53a95b108029b98,3.13.14,2.5.1,"{""pydantic"": ""2.13.4"", ""yaml"": ""6.0.3"", ""networkx"": ""3.6.1"", ""numpy"": ""2.5.1"", ""scipy"": ""1.18.0"", ""matplotlib"": ""3.11.0"", ""pandas"": ""3.0.3"", ""qutip"": ""5.3.0"", ""stim"": ""1.16.0"", ""gmpy2"": ""2.3.1"", ""nbformat"": ""5.10.4"", ""nbclient"": ""0.11.0""}",Windows,11,Gercom,2026-07-20T00:20:17.416014+00:00
P12_boundary_variability,P12_boundary_variability:four_node:34aad767fbbd9ddc:L2:200:m10-intent:0,four_node,34aad767fbbd9ddc,200,m10-intent,L2,iterative_analytical,0,10,10,0.63,0.05,1e-05,,True,a -> r1 -> r2 -> b,3,True,,,,0.6381150581585036,5,0.00098,VIOLATED,False,1,0.6381150581585036,0.6381150581585036,0.0,7.214636,False,,432,143,102,70,0,0,0.06018883751,873480f20c724a1f6e339dedd1f1a87662cd9ac6b82837ed2ae5d029cc276168,False,,,,False,,3eada4d39cc676240b3278de813f19477e0b0eb8,1f2680a5b9065e708a7497adc53a95b108029b98,3.13.14,2.5.1,"{""pydantic"": ""2.13.4"", ""yaml"": ""6.0.3"", ""networkx"": ""3.6.1"", ""numpy"": ""2.5.1"", ""scipy"": ""1.18.0"", ""matplotlib"": ""3.11.0"", ""pandas"": ""3.0.3"", ""qutip"": ""5.3.0"", ""stim"": ""1.16.0"", ""gmpy2"": ""2.3.1"", ""nbformat"": ""5.10.4"", ""nbclient"": ""0.11.0""}",Windows,11,Gercom,2026-07-20T00:20:33.605430+00:00
P12_boundary_variability,P12_boundary_variability:four_node:34aad767fbbd9ddc:L2:201:m10-intent:0,four_node,34aad767fbbd9ddc,201,m10-intent,L2,iterative_analytical,0,10,10,0.63,0.05,1e-05,,True,a -> r1 -> r2 -> b,3,True,,,,0.6381150581585036,5,0.001785,VIOLATED,False,2,0.6381150581585036,0.6381150581585036,0.0,6.536208,False,,417,155,114,80,0,0,0.06019882501,f982e6792d52eabd49ff551c21f49cabd880e852bd96b9af10d9195b79cee3cb,False,,,,False,,3eada4d39cc676240b3278de813f19477e0b0eb8,1f2680a5b9065e708a7497adc53a95b108029b98,3.13.14,2.5.1,"{""pydantic"": ""2.13.4"", ""yaml"": ""6.0.3"", ""networkx"": ""3.6.1"", ""numpy"": ""2.5.1"", ""scipy"": ""1.18.0"", ""matplotlib"": ""3.11.0"", ""pandas"": ""3.0.3"", ""qutip"": ""5.3.0"", ""stim"": ""1.16.0"", ""gmpy2"": ""2.3.1"", ""nbformat"": ""5.10.4"", ""nbclient"": ""0.11.0""}",Windows,11,Gercom,2026-07-20T00:20:49.653792+00:00
P12_boundary_variability,P12_boundary_variability:four_node:34aad767fbbd9ddc:L2:202:m10-intent:0,four_node,34aad767fbbd9ddc,202,m10-intent,L2,iterative_analytical,0,10,10,0.63,0.05,1e-05,,True,a -> r1 -> r2 -> b,3,True,,,,0.6381150581585036,5,0.000871,VIOLATED,False,2,0.6381150581585036,0.6381150581585036,0.0,5.900145,False,,502,145,108,76,0,0,0.06018381251,c2e01671110015375f234373c4c6ceefbd947d722c45a16bd3092d7bf2a39fdd,False,,,,False,,3eada4d39cc676240b3278de813f19477e0b0eb8,1f2680a5b9065e708a7497adc53a95b108029b98,3.13.14,2.5.1,"{""pydantic"": ""2.13.4"", ""yaml"": ""6.0.3"", ""networkx"": ""3.6.1"", ""numpy"": ""2.5.1"", ""scipy"": ""1.18.0"", ""matplotlib"": ""3.11.0"", ""pandas"": ""3.0.3"", ""qutip"": ""5.3.0"", ""stim"": ""1.16.0"", ""gmpy2"": ""2.3.1"", ""nbformat"": ""5.10.4"", ""nbclient"": ""0.11.0""}",Windows,11,Gercom,2026-07-20T00:21:03.951198+00:00
P12_boundary_variability,P12_boundary_variability:four_node:34aad767fbbd9ddc:L2:203:m10-intent:0,four_node,34aad767fbbd9ddc,203,m10-intent,L2,iterative_analytical,0,10,10,0.63,0.05,1e-05,,True,a -> r1 -> r2 -> b,3,True,,,,0.6381150581585036,5,0.000874,VIOLATED,False,2,0.6381150581585036,0.6381150581585036,0.0,6.205699,False,,433,154,120,93,0,0,0.06019887501,a2de273e840224820a1aacac1d60324d137f0d2b4f0064607682cca04f695331,False,,,,False,,3eada4d39cc676240b3278de813f19477e0b0eb8,1f2680a5b9065e708a7497adc53a95b108029b98,3.13.14,2.5.1,"{""pydantic"": ""2.13.4"", ""yaml"": ""6.0.3"", ""networkx"": ""3.6.1"", ""numpy"": ""2.5.1"", ""scipy"": ""1.18.0"", ""matplotlib"": ""3.11.0"", ""pandas"": ""3.0.3"", ""qutip"": ""5.3.0"", ""stim"": ""1.16.0"", ""gmpy2"": ""2.3.1"", ""nbformat"": ""5.10.4"", ""nbclient"": ""0.11.0""}",Windows,11,Gercom,2026-07-20T00:21:17.985935+00:00
P12_boundary_variability,P12_boundary_variability:four_node:34aad767fbbd9ddc:L2:204:m10-intent:0,four_node,34aad767fbbd9ddc,204,m10-intent,L2,iterative_analytical,0,10,10,0.63,0.05,1e-05,,True,a -> r1 -> r2 -> b,3,True,,,,0.6381150581585036,5,0.001048,VIOLATED,False,2,0.6381150581585036,0.6381150581585036,0.0,5.694136,False,,439,150,118,95,0,0,0.06017375001,4e42519efc7ad9d96cee4e0a5d3786424739a7f8d8e1f44d623ada855c022000,False,,,,False,,3eada4d39cc676240b3278de813f19477e0b0eb8,1f2680a5b9065e708a7497adc53a95b108029b98,3.13.14,2.5.1,"{""pydantic"": ""2.13.4"", ""yaml"": ""6.0.3"", ""networkx"": ""3.6.1"", ""numpy"": ""2.5.1"", ""scipy"": ""1.18.0"", ""matplotlib"": ""3.11.0"", ""pandas"": ""3.0.3"", ""qutip"": ""5.3.0"", ""stim"": ""1.16.0"", ""gmpy2"": ""2.3.1"", ""nbformat"": ""5.10.4"", ""nbclient"": ""0.11.0""}",Windows,11,Gercom,2026-07-20T00:21:32.547752+00:00
P12_boundary_variability,P12_boundary_variability:four_node:34aad767fbbd9ddc:L2:205:m10-intent:0,four_node,34aad767fbbd9ddc,205,m10-intent,L2,iterative_analytical,0,10,10,0.63,0.05,1e-05,,True,a -> r1 -> r2 -> b,3,True,,,,0.6381150581585036,5,0.001483,VIOLATED,False,2,0.6381150581585036,0.6381150581585036,0.0,5.439031,False,,428,146,110,83,0,0,0.06017375001,036d99a9c904034d056284a4aa798a98b8a121e60117f0e1251e218a4269afc0,False,,,,False,,3eada4d39cc676240b3278de813f19477e0b0eb8,1f2680a5b9065e708a7497adc53a95b108029b98,3.13.14,2.5.1,"{""pydantic"": ""2.13.4"", ""yaml"": ""6.0.3"", ""networkx"": ""3.6.1"", ""numpy"": ""2.5.1"", ""scipy"": ""1.18.0"", ""matplotlib"": ""3.11.0"", ""pandas"": ""3.0.3"", ""qutip"": ""5.3.0"", ""stim"": ""1.16.0"", ""gmpy2"": ""2.3.1"", ""nbformat"": ""5.10.4"", ""nbclient"": ""0.11.0""}",Windows,11,Gercom,2026-07-20T00:21:46.831023+00:00
P12_boundary_variability,P12_boundary_variability:four_node:34aad767fbbd9ddc:L2:206:m10-intent:0,four_node,34aad767fbbd9ddc,206,m10-intent,L2,iterative_analytical,0,10,10,0.63,0.05,1e-05,,True,a -> r1 -> r2 -> b,3,True,,,,0.6381150581585036,5,0.000861,VIOLATED,False,2,0.6381150581585036,0.6381150581585036,0.0,5.318749,False,,387,148,109,77,0,0,0.06018380001,c7df38ef4fa44eb95c6af3bc9c7ec4819def0a38e29829ba829c86a6c25bd200,False,,,,False,,3eada4d39cc676240b3278de813f19477e0b0eb8,1f2680a5b9065e708a7497adc53a95b108029b98,3.13.14,2.5.1,"{""pydantic"": ""2.13.4"", ""yaml"": ""6.0.3"", ""networkx"": ""3.6.1"", ""numpy"": ""2.5.1"", ""scipy"": ""1.18.0"", ""matplotlib"": ""3.11.0"", ""pandas"": ""3.0.3"", ""qutip"": ""5.3.0"", ""stim"": ""1.16.0"", ""gmpy2"": ""2.3.1"", ""nbformat"": ""5.10.4"", ""nbclient"": ""0.11.0""}",Windows,11,Gercom,2026-07-20T00:22:00.855859+00:00
P12_boundary_variability,P12_boundary_variability:four_node:34aad767fbbd9ddc:L2:207:m10-intent:0,four_node,34aad767fbbd9ddc,207,m10-intent,L2,iterative_analytical,0,10,10,0.63,0.05,1e-05,,True,a -> r1 -> r2 -> b,3,True,,,,0.6381150581585036,5,0.000977,VIOLATED,False,2,0.6381150581585036,0.6381150581585036,0.0,5.53427,False,,417,152,116,89,0,0,0.06019105001,4f9676098294adf064e266d396ee9b77edc1566da9ebd28c996d5004f0472e5e,False,,,,False,,3eada4d39cc676240b3278de813f19477e0b0eb8,1f2680a5b9065e708a7497adc53a95b108029b98,3.13.14,2.5.1,"{""pydantic"": ""2.13.4"", ""yaml"": ""6.0.3"", ""networkx"": ""3.6.1"", ""numpy"": ""2.5.1"", ""scipy"": ""1.18.0"", ""matplotlib"": ""3.11.0"", ""pandas"": ""3.0.3"", ""qutip"": ""5.3.0"", ""stim"": ""1.16.0"", ""gmpy2"": ""2.3.1"", ""nbformat"": ""5.10.4"", ""nbclient"": ""0.11.0""}",Windows,11,Gercom,2026-07-20T00:22:15.369496+00:00
P12_boundary_variability,P12_boundary_variability:four_node:34aad767fbbd9ddc:L2:208:m10-intent:0,four_node,34aad767fbbd9ddc,208,m10-intent,L2,iterative_analytical,0,10,10,0.63,0.05,1e-05,,True,a -> r1 -> r2 -> b,3,True,,,,0.6381150581585036,5,0.000918,VIOLATED,False,2,0.6381150581585036,0.6381150581585036,0.0,5.618951,False,,424,146,109,79,0,0,0.06015862501,221235ab20d07d46647dd6eda9fc84497f1414a9dac20f4cc4891c5e717e46f1,False,,,,False,,3eada4d39cc676240b3278de813f19477e0b0eb8,1f2680a5b9065e708a7497adc53a95b108029b98,3.13.14,2.5.1,"{""pydantic"": ""2.13.4"", ""yaml"": ""6.0.3"", ""networkx"": ""3.6.1"", ""numpy"": ""2.5.1"", ""scipy"": ""1.18.0"", ""matplotlib"": ""3.11.0"", ""pandas"": ""3.0.3"", ""qutip"": ""5.3.0"", ""stim"": ""1.16.0"", ""gmpy2"": ""2.3.1"", ""nbformat"": ""5.10.4"", ""nbclient"": ""0.11.0""}",Windows,11,Gercom,2026-07-20T00:22:29.381906+00:00
P12_boundary_variability,P12_boundary_variability:four_node:34aad767fbbd9ddc:L2:209:m10-intent:0,four_node,34aad767fbbd9ddc,209,m10-intent,L2,iterative_analytical,0,10,10,0.63,0.05,1e-05,,True,a -> r1 -> r2 -> b,3,True,,,,0.6381150581585036,5,0.000845,VIOLATED,False,2,0.6381150581585036,0.6381150581585036,0.0,6.101978,False,,426,158,119,88,0,0,0.06017875001,2c660ae7d71994c414a41b1958550790e85768d8d0926a24c2ac5a388011e47c,False,,,,False,,3eada4d39cc676240b3278de813f19477e0b0eb8,1f2680a5b9065e708a7497adc53a95b108029b98,3.13.14,2.5.1,"{""pydantic"": ""2.13.4"", ""yaml"": ""6.0.3"", ""networkx"": ""3.6.1"", ""numpy"": ""2.5.1"", ""scipy"": ""1.18.0"", ""matplotlib"": ""3.11.0"", ""pandas"": ""3.0.3"", ""qutip"": ""5.3.0"", ""stim"": ""1.16.0"", ""gmpy2"": ""2.3.1"", ""nbformat"": ""5.10.4"", ""nbclient"": ""0.11.0""}",Windows,11,Gercom,2026-07-20T00:22:43.758509+00:00
P12_boundary_variability,P12_boundary_variability:four_node:34aad767fbbd9ddc:L2:210:m10-intent:0,four_node,34aad767fbbd9ddc,210,m10-intent,L2,iterative_analytical,0,10,10,0.63,0.05,1e-05,,True,a -> r1 -> r2 -> b,3,True,,,,0.6381150581585036,5,0.000954,VIOLATED,False,1,0.6381150581585036,0.6381150581585036,0.0,5.760849,False,,400,148,103,66,0,0,0.06019102501,ca81d9f5fa1a634b0becf46fa739e8036e62a10a4fbc5e554a7be29bdf1049de,False,,,,False,,3eada4d39cc676240b3278de813f19477e0b0eb8,1f2680a5b9065e708a7497adc53a95b108029b98,3.13.14,2.5.1,"{""pydantic"": ""2.13.4"", ""yaml"": ""6.0.3"", ""networkx"": ""3.6.1"", ""numpy"": ""2.5.1"", ""scipy"": ""1.18.0"", ""matplotlib"": ""3.11.0"", ""pandas"": ""3.0.3"", ""qutip"": ""5.3.0"", ""stim"": ""1.16.0"", ""gmpy2"": ""2.3.1"", ""nbformat"": ""5.10.4"", ""nbclient"": ""0.11.0""}",Windows,11,Gercom,2026-07-20T00:22:57.834554+00:00
P12_boundary_variability,P12_boundary_variability:four_node:34aad767fbbd9ddc:L2:211:m10-intent:0,four_node,34aad767fbbd9ddc,211,m10-intent,L2,iterative_analytical,0,10,10,0.63,0.05,1e-05,,True,a -> r1 -> r2 -> b,3,True,,,,0.6381150581585036,5,0.001391,VIOLATED,False,2,0.6381150581585036,0.6381150581585036,0.0,6.071598,False,,442,151,115,88,0,0,0.06018371251,3ab22305684e73fda8f20740c21e61e14b34227db89263dff8a9444e50bab688,False,,,,False,,3eada4d39cc676240b3278de813f19477e0b0eb8,1f2680a5b9065e708a7497adc53a95b108029b98,3.13.14,2.5.1,"{""pydantic"": ""2.13.4"", ""yaml"": ""6.0.3"", ""networkx"": ""3.6.1"", ""numpy"": ""2.5.1"", ""scipy"": ""1.18.0"", ""matplotlib"": ""3.11.0"", ""pandas"": ""3.0.3"", ""qutip"": ""5.3.0"", ""stim"": ""1.16.0"", ""gmpy2"": ""2.3.1"", ""nbformat"": ""5.10.4"", ""nbclient"": ""0.11.0""}",Windows,11,Gercom,2026-07-20T00:23:11.827827+00:00
P12_boundary_variability,P12_boundary_variability:four_node:34aad767fbbd9ddc:L2:212:m10-intent:0,four_node,34aad767fbbd9ddc,212,m10-intent,L2,iterative_analytical,0,10,10,0.63,0.05,1e-05,,True,a -> r1 -> r2 -> b,3,True,,,,0.6381150581585036,5,0.000918,VIOLATED,False,2,0.6381150581585036,0.6381150581585036,0.0,6.329096,False,,405,155,114,83,0,0,0.06017373751,12a200b40cac87828753505f078511ef1afab96c431a82117d74c9856735d3f7,False,,,,False,,3eada4d39cc676240b3278de813f19477e0b0eb8,1f2680a5b9065e708a7497adc53a95b108029b98,3.13.14,2.5.1,"{""pydantic"": ""2.13.4"", ""yaml"": ""6.0.3"", ""networkx"": ""3.6.1"", ""numpy"": ""2.5.1"", ""scipy"": ""1.18.0"", ""matplotlib"": ""3.11.0"", ""pandas"": ""3.0.3"", ""qutip"": ""5.3.0"", ""stim"": ""1.16.0"", ""gmpy2"": ""2.3.1"", ""nbformat"": ""5.10.4"", ""nbclient"": ""0.11.0""}",Windows,11,Gercom,2026-07-20T00:23:27.151760+00:00
P12_boundary_variability,P12_boundary_variability:four_node:34aad767fbbd9ddc:L2:213:m10-intent:0,four_node,34aad767fbbd9ddc,213,m10-intent,L2,iterative_analytical,0,10,10,0.63,0.05,1e-05,,True,a -> r1 -> r2 -> b,3,True,,,,0.6381150581585036,5,0.000879,VIOLATED,False,2,0.6381150581585036,0.6381150581585036,0.0,5.909139,False,,432,142,107,77,0,0,0.06018377501,aeccf681bff2a3f9ae7fc510c940f087893e50cb59a3bc88f1c8de24d444c44c,False,,,,False,,3eada4d39cc676240b3278de813f19477e0b0eb8,1f2680a5b9065e708a7497adc53a95b108029b98,3.13.14,2.5.1,"{""pydantic"": ""2.13.4"", ""yaml"": ""6.0.3"", ""networkx"": ""3.6.1"", ""numpy"": ""2.5.1"", ""scipy"": ""1.18.0"", ""matplotlib"": ""3.11.0"", ""pandas"": ""3.0.3"", ""qutip"": ""5.3.0"", ""stim"": ""1.16.0"", ""gmpy2"": ""2.3.1"", ""nbformat"": ""5.10.4"", ""nbclient"": ""0.11.0""}",Windows,11,Gercom,2026-07-20T00:23:41.834848+00:00
P12_boundary_variability,P12_boundary_variability:four_node:34aad767fbbd9ddc:L2:214:m10-intent:0,four_node,34aad767fbbd9ddc,214,m10-intent,L2,iterative_analytical,0,10,10,0.63,0.05,1e-05,,True,a -> r1 -> r2 -> b,3,True,,,,0.6381150581585036,5,0.000871,VIOLATED,False,2,0.6381150581585036,0.6381150581585036,0.0,5.298544,False,,428,157,113,78,0,0,0.06017875001,edf8d1d47b3cb42196e292c9fbd5af2c05ff1ae100317c733679f9c2cef8bccc,False,,,,False,,3eada4d39cc676240b3278de813f19477e0b0eb8,1f2680a5b9065e708a7497adc53a95b108029b98,3.13.14,2.5.1,"{""pydantic"": ""2.13.4"", ""yaml"": ""6.0.3"", ""networkx"": ""3.6.1"", ""numpy"": ""2.5.1"", ""scipy"": ""1.18.0"", ""matplotlib"": ""3.11.0"", ""pandas"": ""3.0.3"", ""qutip"": ""5.3.0"", ""stim"": ""1.16.0"", ""gmpy2"": ""2.3.1"", ""nbformat"": ""5.10.4"", ""nbclient"": ""0.11.0""}",Windows,11,Gercom,2026-07-20T00:23:55.187432+00:00
P12_boundary_variability,P12_boundary_variability:four_node:34aad767fbbd9ddc:L2:215:m10-intent:0,four_node,34aad767fbbd9ddc,215,m10-intent,L2,iterative_analytical,0,10,10,0.63,0.05,1e-05,,True,a -> r1 -> r2 -> b,3,True,,,,0.6381150581585036,5,0.00097,VIOLATED,False,2,0.6381150581585036,0.6381150581585036,0.0,5.396038,False,,411,151,107,70,0,0,0.06019380001,ed5dbdb175fdb27f8fbf778ffebb298426c983b9dd5b27d021d857deccde84c1,False,,,,False,,3eada4d39cc676240b3278de813f19477e0b0eb8,1f2680a5b9065e708a7497adc53a95b108029b98,3.13.14,2.5.1,"{""pydantic"": ""2.13.4"", ""yaml"": ""6.0.3"", ""networkx"": ""3.6.1"", ""numpy"": ""2.5.1"", ""scipy"": ""1.18.0"", ""matplotlib"": ""3.11.0"", ""pandas"": ""3.0.3"", ""qutip"": ""5.3.0"", ""stim"": ""1.16.0"", ""gmpy2"": ""2.3.1"", ""nbformat"": ""5.10.4"", ""nbclient"": ""0.11.0""}",Windows,11,Gercom,2026-07-20T00:24:08.824966+00:00
P12_boundary_variability,P12_boundary_variability:four_node:34aad767fbbd9ddc:L2:216:m10-intent:0,four_node,34aad767fbbd9ddc,216,m10-intent,L2,iterative_analytical,0,10,10,0.63,0.05,1e-05,,True,a -> r1 -> r2 -> b,3,True,,,,0.6381150581585036,5,0.000929,VIOLATED,False,2,0.6381150581585036,0.6381150581585036,0.0,6.566846,False,,440,160,112,73,0,0,0.06019880001,6e580e364b2ff127bfa3105fab43a6fc9a2bbd524750328b9111ac66515e5e1a,False,,,,False,,3eada4d39cc676240b3278de813f19477e0b0eb8,1f2680a5b9065e708a7497adc53a95b108029b98,3.13.14,2.5.1,"{""pydantic"": ""2.13.4"", ""yaml"": ""6.0.3"", ""networkx"": ""3.6.1"", ""numpy"": ""2.5.1"", ""scipy"": ""1.18.0"", ""matplotlib"": ""3.11.0"", ""pandas"": ""3.0.3"", ""qutip"": ""5.3.0"", ""stim"": ""1.16.0"", ""gmpy2"": ""2.3.1"", ""nbformat"": ""5.10.4"", ""nbclient"": ""0.11.0""}",Windows,11,Gercom,2026-07-20T00:24:24.349611+00:00
P12_boundary_variability,P12_boundary_variability:four_node:34aad767fbbd9ddc:L2:217:m10-intent:0,four_node,34aad767fbbd9ddc,217,m10-intent,L2,iterative_analytical,0,10,10,0.63,0.05,1e-05,,True,a -> r1 -> r2 -> b,3,True,,,,0.6381150581585036,5,0.000923,VIOLATED,False,2,0.6381150581585036,0.6381150581585036,0.0,6.057522,False,,391,152,113,84,0,0,0.06016373751,40e93afc6bc35ded711a01e49439c4e07f929b34b0a966cc1fefb5b1417951ab,False,,,,False,,3eada4d39cc676240b3278de813f19477e0b0eb8,1f2680a5b9065e708a7497adc53a95b108029b98,3.13.14,2.5.1,"{""pydantic"": ""2.13.4"", ""yaml"": ""6.0.3"", ""networkx"": ""3.6.1"", ""numpy"": ""2.5.1"", ""scipy"": ""1.18.0"", ""matplotlib"": ""3.11.0"", ""pandas"": ""3.0.3"", ""qutip"": ""5.3.0"", ""stim"": ""1.16.0"", ""gmpy2"": ""2.3.1"", ""nbformat"": ""5.10.4"", ""nbclient"": ""0.11.0""}",Windows,11,Gercom,2026-07-20T00:24:39.339885+00:00
P12_boundary_variability,P12_boundary_variability:four_node:34aad767fbbd9ddc:L2:218:m10-intent:0,four_node,34aad767fbbd9ddc,218,m10-intent,L2,iterative_analytical,0,10,10,0.63,0.05,1e-05,,True,a -> r1 -> r2 -> b,3,True,,,,0.6381150581585036,5,0.000886,VIOLATED,False,2,0.6381150581585036,0.6381150581585036,0.0,6.059982,False,,454,153,108,72,0,0,0.06016865001,0b9877a61cbe64464abfe2e175a62505a75177d99bf7c89d5dac39ac00b9e15b,False,,,,False,,3eada4d39cc676240b3278de813f19477e0b0eb8,1f2680a5b9065e708a7497adc53a95b108029b98,3.13.14,2.5.1,"{""pydantic"": ""2.13.4"", ""yaml"": ""6.0.3"", ""networkx"": ""3.6.1"", ""numpy"": ""2.5.1"", ""scipy"": ""1.18.0"", ""matplotlib"": ""3.11.0"", ""pandas"": ""3.0.3"", ""qutip"": ""5.3.0"", ""stim"": ""1.16.0"", ""gmpy2"": ""2.3.1"", ""nbformat"": ""5.10.4"", ""nbclient"": ""0.11.0""}",Windows,11,Gercom,2026-07-20T00:24:54.107101+00:00
P12_boundary_variability,P12_boundary_variability:four_node:34aad767fbbd9ddc:L2:219:m10-intent:0,four_node,34aad767fbbd9ddc,219,m10-intent,L2,iterative_analytical,0,10,10,0.63,0.05,1e-05,,True,a -> r1 -> r2 -> b,3,True,,,,0.6381150581585036,5,0.001974,VIOLATED,False,2,0.6381150581585036,0.6381150581585036,0.0,5.669191,False,,436,141,106,79,0,0,0.06019380001,c5201eb3c0a2594217049c722ed0950e69b79aa79df87a06eb9ee3a23fdd5140,False,,,,False,,3eada4d39cc676240b3278de813f19477e0b0eb8,1f2680a5b9065e708a7497adc53a95b108029b98,3.13.14,2.5.1,"{""pydantic"": ""2.13.4"", ""yaml"": ""6.0.3"", ""networkx"": ""3.6.1"", ""numpy"": ""2.5.1"", ""scipy"": ""1.18.0"", ""matplotlib"": ""3.11.0"", ""pandas"": ""3.0.3"", ""qutip"": ""5.3.0"", ""stim"": ""1.16.0"", ""gmpy2"": ""2.3.1"", ""nbformat"": ""5.10.4"", ""nbclient"": ""0.11.0""}",Windows,11,Gercom,2026-07-20T00:25:07.611353+00:00
P12_boundary_variability,P12_boundary_variability:four_node:34aad767fbbd9ddc:L2:220:m10-intent:0,four_node,34aad767fbbd9ddc,220,m10-intent,L2,iterative_analytical,0,10,10,0.63,0.05,1e-05,,True,a -> r1 -> r2 -> b,3,True,,,,0.6381150581585036,5,0.001084,VIOLATED,False,2,0.6381150581585036,0.6381150581585036,0.0,6.631166,False,,401,152,113,83,0,0,0.06018370001,e447a6ca9fe18624b4ef0fdadd085b22ce66e3bd96a2de32f44a3e122df26e54,False,,,,False,,3eada4d39cc676240b3278de813f19477e0b0eb8,1f2680a5b9065e708a7497adc53a95b108029b98,3.13.14,2.5.1,"{""pydantic"": ""2.13.4"", ""yaml"": ""6.0.3"", ""networkx"": ""3.6.1"", ""numpy"": ""2.5.1"", ""scipy"": ""1.18.0"", ""matplotlib"": ""3.11.0"", ""pandas"": ""3.0.3"", ""qutip"": ""5.3.0"", ""stim"": ""1.16.0"", ""gmpy2"": ""2.3.1"", ""nbformat"": ""5.10.4"", ""nbclient"": ""0.11.0""}",Windows,11,Gercom,2026-07-20T00:25:22.622714+00:00
P12_boundary_variability,P12_boundary_variability:four_node:34aad767fbbd9ddc:L2:221:m10-intent:0,four_node,34aad767fbbd9ddc,221,m10-intent,L2,iterative_analytical,0,10,10,0.63,0.05,1e-05,,True,a -> r1 -> r2 -> b,3,True,,,,0.6381150581585036,5,0.000912,VIOLATED,False,2,0.6381150581585036,0.6381150581585036,0.0,6.694259,False,,394,154,118,91,0,0,0.06017370001,12840a6706939fdcc79d830d25b7e4290c04c4dbef5ff530d423d9f153e0831e,False,,,,False,,3eada4d39cc676240b3278de813f19477e0b0eb8,1f2680a5b9065e708a7497adc53a95b108029b98,3.13.14,2.5.1,"{""pydantic"": ""2.13.4"", ""yaml"": ""6.0.3"", ""networkx"": ""3.6.1"", ""numpy"": ""2.5.1"", ""scipy"": ""1.18.0"", ""matplotlib"": ""3.11.0"", ""pandas"": ""3.0.3"", ""qutip"": ""5.3.0"", ""stim"": ""1.16.0"", ""gmpy2"": ""2.3.1"", ""nbformat"": ""5.10.4"", ""nbclient"": ""0.11.0""}",Windows,11,Gercom,2026-07-20T00:25:37.642440+00:00
P12_boundary_variability,P12_boundary_variability:four_node:34aad767fbbd9ddc:L2:222:m10-intent:0,four_node,34aad767fbbd9ddc,222,m10-intent,L2,iterative_analytical,0,10,10,0.63,0.05,1e-05,,True,a -> r1 -> r2 -> b,3,True,,,,0.6381150581585036,5,0.00172,VIOLATED,False,2,0.6381150581585036,0.6381150581585036,0.0,6.135508,False,,468,144,108,80,0,0,0.06018371251,32872829aa69f9864b749f443eefd74c869eab91a730b66f2a36deb31676a576,False,,,,False,,3eada4d39cc676240b3278de813f19477e0b0eb8,1f2680a5b9065e708a7497adc53a95b108029b98,3.13.14,2.5.1,"{""pydantic"": ""2.13.4"", ""yaml"": ""6.0.3"", ""networkx"": ""3.6.1"", ""numpy"": ""2.5.1"", ""scipy"": ""1.18.0"", ""matplotlib"": ""3.11.0"", ""pandas"": ""3.0.3"", ""qutip"": ""5.3.0"", ""stim"": ""1.16.0"", ""gmpy2"": ""2.3.1"", ""nbformat"": ""5.10.4"", ""nbclient"": ""0.11.0""}",Windows,11,Gercom,2026-07-20T00:25:52.394788+00:00
P12_boundary_variability,P12_boundary_variability:four_node:34aad767fbbd9ddc:L2:223:m10-intent:0,four_node,34aad767fbbd9ddc,223,m10-intent,L2,iterative_analytical,0,10,10,0.63,0.05,1e-05,,True,a -> r1 -> r2 -> b,3,True,,,,0.6381150581585036,5,0.000906,VIOLATED,False,2,0.6381150581585036,0.6381150581585036,0.0,6.153196,False,,421,149,114,84,0,0,0.06019598751,374c9d3ffc0f90d5bf959f6ad60de12d47f42f37f308bfc1d2aa94526d5bf3ed,False,,,,False,,3eada4d39cc676240b3278de813f19477e0b0eb8,1f2680a5b9065e708a7497adc53a95b108029b98,3.13.14,2.5.1,"{""pydantic"": ""2.13.4"", ""yaml"": ""6.0.3"", ""networkx"": ""3.6.1"", ""numpy"": ""2.5.1"", ""scipy"": ""1.18.0"", ""matplotlib"": ""3.11.0"", ""pandas"": ""3.0.3"", ""qutip"": ""5.3.0"", ""stim"": ""1.16.0"", ""gmpy2"": ""2.3.1"", ""nbformat"": ""5.10.4"", ""nbclient"": ""0.11.0""}",Windows,11,Gercom,2026-07-20T00:26:07.046850+00:00
P12_boundary_variability,P12_boundary_variability:four_node:34aad767fbbd9ddc:L2:224:m10-intent:0,four_node,34aad767fbbd9ddc,224,m10-intent,L2,iterative_analytical,0,10,10,0.63,0.05,1e-05,,True,a -> r1 -> r2 -> b,3,True,,,,0.6381150581585036,5,0.000903,VIOLATED,False,1,0.6381150581585036,0.6381150581585036,0.0,5.523103,False,,412,149,108,73,0,0,0.06019390001,27c18fb8c11310eca59de0ef4d88c63604a9dd39e8f1ffb58500593834310804,False,,,,False,,3eada4d39cc676240b3278de813f19477e0b0eb8,1f2680a5b9065e708a7497adc53a95b108029b98,3.13.14,2.5.1,"{""pydantic"": ""2.13.4"", ""yaml"": ""6.0.3"", ""networkx"": ""3.6.1"", ""numpy"": ""2.5.1"", ""scipy"": ""1.18.0"", ""matplotlib"": ""3.11.0"", ""pandas"": ""3.0.3"", ""qutip"": ""5.3.0"", ""stim"": ""1.16.0"", ""gmpy2"": ""2.3.1"", ""nbformat"": ""5.10.4"", ""nbclient"": ""0.11.0""}",Windows,11,Gercom,2026-07-20T00:26:21.222446+00:00
P12_boundary_variability,P12_boundary_variability:four_node:34aad767fbbd9ddc:L2:225:m10-intent:0,four_node,34aad767fbbd9ddc,225,m10-intent,L2,iterative_analytical,0,10,10,0.63,0.05,1e-05,,True,a -> r1 -> r2 -> b,3,True,,,,0.6381150581585036,5,0.000896,VIOLATED,False,2,0.6381150581585036,0.6381150581585036,0.0,5.634492,False,,446,159,113,77,0,0,0.06019381251,92c0764694d22a09ea02ce426d3ed852f7908ed6f4cfd829541234793e312349,False,,,,False,,3eada4d39cc676240b3278de813f19477e0b0eb8,1f2680a5b9065e708a7497adc53a95b108029b98,3.13.14,2.5.1,"{""pydantic"": ""2.13.4"", ""yaml"": ""6.0.3"", ""networkx"": ""3.6.1"", ""numpy"": ""2.5.1"", ""scipy"": ""1.18.0"", ""matplotlib"": ""3.11.0"", ""pandas"": ""3.0.3"", ""qutip"": ""5.3.0"", ""stim"": ""1.16.0"", ""gmpy2"": ""2.3.1"", ""nbformat"": ""5.10.4"", ""nbclient"": ""0.11.0""}",Windows,11,Gercom,2026-07-20T00:26:34.888018+00:00
P12_boundary_variability,P12_boundary_variability:four_node:34aad767fbbd9ddc:L2:226:m10-intent:0,four_node,34aad767fbbd9ddc,226,m10-intent,L2,iterative_analytical,0,10,10,0.63,0.05,1e-05,,True,a -> r1 -> r2 -> b,3,True,,,,0.6381150581585036,5,0.001051,VIOLATED,False,2,0.6381150581585036,0.6381150581585036,0.0,5.612379,False,,444,151,112,82,0,0,0.06017877501,624afd70974131923036fcaf05eeeabcf71e51536ad0b35a2770028d2ae00163,False,,,,False,,3eada4d39cc676240b3278de813f19477e0b0eb8,1f2680a5b9065e708a7497adc53a95b108029b98,3.13.14,2.5.1,"{""pydantic"": ""2.13.4"", ""yaml"": ""6.0.3"", ""networkx"": ""3.6.1"", ""numpy"": ""2.5.1"", ""scipy"": ""1.18.0"", ""matplotlib"": ""3.11.0"", ""pandas"": ""3.0.3"", ""qutip"": ""5.3.0"", ""stim"": ""1.16.0"", ""gmpy2"": ""2.3.1"", ""nbformat"": ""5.10.4"", ""nbclient"": ""0.11.0""}",Windows,11,Gercom,2026-07-20T00:26:49.334713+00:00
P12_boundary_variability,P12_boundary_variability:four_node:34aad767fbbd9ddc:L2:227:m10-intent:0,four_node,34aad767fbbd9ddc,227,m10-intent,L2,iterative_analytical,0,10,10,0.63,0.05,1e-05,,True,a -> r1 -> r2 -> b,3,True,,,,0.6381150581585036,5,0.002008,VIOLATED,False,2,0.6381150581585036,0.6381150581585036,0.0,5.558253,False,,451,150,108,77,0,0,0.06016637501,bfdf8527acb78653e646023a835c6708d293b65844e3e6cfadec246a36d6c42f,False,,,,False,,3eada4d39cc676240b3278de813f19477e0b0eb8,1f2680a5b9065e708a7497adc53a95b108029b98,3.13.14,2.5.1,"{""pydantic"": ""2.13.4"", ""yaml"": ""6.0.3"", ""networkx"": ""3.6.1"", ""numpy"": ""2.5.1"", ""scipy"": ""1.18.0"", ""matplotlib"": ""3.11.0"", ""pandas"": ""3.0.3"", ""qutip"": ""5.3.0"", ""stim"": ""1.16.0"", ""gmpy2"": ""2.3.1"", ""nbformat"": ""5.10.4"", ""nbclient"": ""0.11.0""}",Windows,11,Gercom,2026-07-20T00:27:03.415425+00:00
P12_boundary_variability,P12_boundary_variability:four_node:34aad767fbbd9ddc:L2:228:m10-intent:0,four_node,34aad767fbbd9ddc,228,m10-intent,L2,iterative_analytical,0,10,10,0.63,0.05,1e-05,,True,a -> r1 -> r2 -> b,3,True,,,,0.6381150581585036,5,0.001498,VIOLATED,False,2,0.6381150581585036,0.6381150581585036,0.0,6.098135,False,,421,155,117,85,0,0,0.06016875001,9d7af0b96fa55f797ef202898b316015acf483a8e4a4cf283ee7d4d41c46f610,False,,,,False,,3eada4d39cc676240b3278de813f19477e0b0eb8,1f2680a5b9065e708a7497adc53a95b108029b98,3.13.14,2.5.1,"{""pydantic"": ""2.13.4"", ""yaml"": ""6.0.3"", ""networkx"": ""3.6.1"", ""numpy"": ""2.5.1"", ""scipy"": ""1.18.0"", ""matplotlib"": ""3.11.0"", ""pandas"": ""3.0.3"", ""qutip"": ""5.3.0"", ""stim"": ""1.16.0"", ""gmpy2"": ""2.3.1"", ""nbformat"": ""5.10.4"", ""nbclient"": ""0.11.0""}",Windows,11,Gercom,2026-07-20T00:27:18.377132+00:00
P12_boundary_variability,P12_boundary_variability:four_node:34aad767fbbd9ddc:L2:229:m10-intent:0,four_node,34aad767fbbd9ddc,229,m10-intent,L2,iterative_analytical,0,10,10,0.63,0.05,1e-05,,True,a -> r1 -> r2 -> b,3,True,,,,0.6381150581585036,5,0.000933,VIOLATED,False,2,0.6381150581585036,0.6381150581585036,0.0,6.326354,False,,397,144,112,87,0,0,0.06016368751,3771454624d48c557b184400b46077bc5e7f05c6015562ba8f38f8b8e642c71a,False,,,,False,,3eada4d39cc676240b3278de813f19477e0b0eb8,1f2680a5b9065e708a7497adc53a95b108029b98,3.13.14,2.5.1,"{""pydantic"": ""2.13.4"", ""yaml"": ""6.0.3"", ""networkx"": ""3.6.1"", ""numpy"": ""2.5.1"", ""scipy"": ""1.18.0"", ""matplotlib"": ""3.11.0"", ""pandas"": ""3.0.3"", ""qutip"": ""5.3.0"", ""stim"": ""1.16.0"", ""gmpy2"": ""2.3.1"", ""nbformat"": ""5.10.4"", ""nbclient"": ""0.11.0""}",Windows,11,Gercom,2026-07-20T00:27:33.472566+00:00
P12_boundary_variability,P12_boundary_variability:small_mesh:209128c8ccab978d:L2:200:m10-intent:0,small_mesh,209128c8ccab978d,200,m10-intent,L2,iterative_analytical,0,10,10,0.38,0.05,1e-05,,True,a0 -> a1 -> a2 -> a3 -> b3,4,True,,,,0.44755510859374986,0,0.002208,SATISFIED,True,223,0.4475551085937498,0.4475551085937498,-5.551115123125783e-17,11.170139,False,,601,228,0,0,0,0,0.06019522501,ecbe2643904fdd6b2e581ff3ad10b7a80f90c52828ac10d689caa4364bde9319,False,,,,False,,3eada4d39cc676240b3278de813f19477e0b0eb8,1f2680a5b9065e708a7497adc53a95b108029b98,3.13.14,2.5.1,"{""pydantic"": ""2.13.4"", ""yaml"": ""6.0.3"", ""networkx"": ""3.6.1"", ""numpy"": ""2.5.1"", ""scipy"": ""1.18.0"", ""matplotlib"": ""3.11.0"", ""pandas"": ""3.0.3"", ""qutip"": ""5.3.0"", ""stim"": ""1.16.0"", ""gmpy2"": ""2.3.1"", ""nbformat"": ""5.10.4"", ""nbclient"": ""0.11.0""}",Windows,11,Gercom,2026-07-20T00:27:53.666691+00:00
P12_boundary_variability,P12_boundary_variability:small_mesh:209128c8ccab978d:L2:201:m10-intent:0,small_mesh,209128c8ccab978d,201,m10-intent,L2,iterative_analytical,0,10,10,0.38,0.05,1e-05,,True,a0 -> a1 -> a2 -> a3 -> b3,4,True,,,,0.44755510859374986,0,0.00115,SATISFIED,True,222,0.4475551085937498,0.4475551085937498,-5.551115123125783e-17,11.449692,False,,657,223,0,0,0,0,0.06019276251,f9770321dd510875f3c8df650b79865dcef7e76812f392a73b36c4783bb259b6,False,,,,False,,3eada4d39cc676240b3278de813f19477e0b0eb8,1f2680a5b9065e708a7497adc53a95b108029b98,3.13.14,2.5.1,"{""pydantic"": ""2.13.4"", ""yaml"": ""6.0.3"", ""networkx"": ""3.6.1"", ""numpy"": ""2.5.1"", ""scipy"": ""1.18.0"", ""matplotlib"": ""3.11.0"", ""pandas"": ""3.0.3"", ""qutip"": ""5.3.0"", ""stim"": ""1.16.0"", ""gmpy2"": ""2.3.1"", ""nbformat"": ""5.10.4"", ""nbclient"": ""0.11.0""}",Windows,11,Gercom,2026-07-20T00:28:14.167063+00:00
P12_boundary_variability,P12_boundary_variability:small_mesh:209128c8ccab978d:L2:202:m10-intent:0,small_mesh,209128c8ccab978d,202,m10-intent,L2,iterative_analytical,0,10,10,0.38,0.05,1e-05,,True,a0 -> a1 -> a2 -> a3 -> b3,4,True,,,,0.44755510859374986,0,0.002103,SATISFIED,True,224,0.4475551085937498,0.4475551085937498,-5.551115123125783e-17,11.628737,False,,580,227,0,0,0,0,0.06019782501,b2655648ad198f103331b0c6905b950714aecaacc30dc30715621cb15956d00f,False,,,,False,,3eada4d39cc676240b3278de813f19477e0b0eb8,1f2680a5b9065e708a7497adc53a95b108029b98,3.13.14,2.5.1,"{""pydantic"": ""2.13.4"", ""yaml"": ""6.0.3"", ""networkx"": ""3.6.1"", ""numpy"": ""2.5.1"", ""scipy"": ""1.18.0"", ""matplotlib"": ""3.11.0"", ""pandas"": ""3.0.3"", ""qutip"": ""5.3.0"", ""stim"": ""1.16.0"", ""gmpy2"": ""2.3.1"", ""nbformat"": ""5.10.4"", ""nbclient"": ""0.11.0""}",Windows,11,Gercom,2026-07-20T00:28:35.059586+00:00
P12_boundary_variability,P12_boundary_variability:small_mesh:209128c8ccab978d:L2:203:m10-intent:0,small_mesh,209128c8ccab978d,203,m10-intent,L2,iterative_analytical,0,10,10,0.38,0.05,1e-05,,True,a0 -> a1 -> a2 -> a3 -> b3,4,True,,,,0.44755510859374986,0,0.001352,SATISFIED,True,226,0.4475551085937498,0.4475551085937498,-5.551115123125783e-17,11.30665,False,,603,229,0,0,0,0,0.06019522501,42c067bd90fc3e75e054fd07fd68bcd352da5c334a388a77a1a4304831af00d1,False,,,,False,,3eada4d39cc676240b3278de813f19477e0b0eb8,1f2680a5b9065e708a7497adc53a95b108029b98,3.13.14,2.5.1,"{""pydantic"": ""2.13.4"", ""yaml"": ""6.0.3"", ""networkx"": ""3.6.1"", ""numpy"": ""2.5.1"", ""scipy"": ""1.18.0"", ""matplotlib"": ""3.11.0"", ""pandas"": ""3.0.3"", ""qutip"": ""5.3.0"", ""stim"": ""1.16.0"", ""gmpy2"": ""2.3.1"", ""nbformat"": ""5.10.4"", ""nbclient"": ""0.11.0""}",Windows,11,Gercom,2026-07-20T00:28:55.186771+00:00
P12_boundary_variability,P12_boundary_variability:small_mesh:209128c8ccab978d:L2:204:m10-intent:0,small_mesh,209128c8ccab978d,204,m10-intent,L2,iterative_analytical,0,10,10,0.38,0.05,1e-05,,True,a0 -> a1 -> a2 -> a3 -> b3,4,True,,,,0.44755510859374986,0,0.002027,SATISFIED,True,226,0.4475551085937498,0.4475551085937498,-5.551115123125783e-17,11.137389,False,,619,227,0,0,0,0,0.06019783751,fc648dcbfb20c213add0d1f3cc64fc3c642013716a116137151a6a5b2d295a83,False,,,,False,,3eada4d39cc676240b3278de813f19477e0b0eb8,1f2680a5b9065e708a7497adc53a95b108029b98,3.13.14,2.5.1,"{""pydantic"": ""2.13.4"", ""yaml"": ""6.0.3"", ""networkx"": ""3.6.1"", ""numpy"": ""2.5.1"", ""scipy"": ""1.18.0"", ""matplotlib"": ""3.11.0"", ""pandas"": ""3.0.3"", ""qutip"": ""5.3.0"", ""stim"": ""1.16.0"", ""gmpy2"": ""2.3.1"", ""nbformat"": ""5.10.4"", ""nbclient"": ""0.11.0""}",Windows,11,Gercom,2026-07-20T00:29:15.907842+00:00
P12_boundary_variability,P12_boundary_variability:small_mesh:209128c8ccab978d:L2:205:m10-intent:0,small_mesh,209128c8ccab978d,205,m10-intent,L2,iterative_analytical,0,10,10,0.38,0.05,1e-05,,True,a0 -> a1 -> a2 -> a3 -> b3,4,True,,,,0.44755510859374986,0,0.001194,SATISFIED,True,225,0.44755510859374975,0.44755510859374975,-1.1102230246251565e-16,11.574054,False,,649,231,0,0,0,0,0.06019523751,08fc97afd434b3c780bdafe8873610a8d3c848bccecd9b2fadb9b6f40e5282e1,False,,,,False,,3eada4d39cc676240b3278de813f19477e0b0eb8,1f2680a5b9065e708a7497adc53a95b108029b98,3.13.14,2.5.1,"{""pydantic"": ""2.13.4"", ""yaml"": ""6.0.3"", ""networkx"": ""3.6.1"", ""numpy"": ""2.5.1"", ""scipy"": ""1.18.0"", ""matplotlib"": ""3.11.0"", ""pandas"": ""3.0.3"", ""qutip"": ""5.3.0"", ""stim"": ""1.16.0"", ""gmpy2"": ""2.3.1"", ""nbformat"": ""5.10.4"", ""nbclient"": ""0.11.0""}",Windows,11,Gercom,2026-07-20T00:29:37.008538+00:00
P12_boundary_variability,P12_boundary_variability:small_mesh:209128c8ccab978d:L2:206:m10-intent:0,small_mesh,209128c8ccab978d,206,m10-intent,L2,iterative_analytical,0,10,10,0.38,0.05,1e-05,,True,a0 -> a1 -> a2 -> a3 -> b3,4,True,,,,0.44755510859374986,0,0.001158,SATISFIED,True,235,0.4475551085937498,0.4475551085937498,-5.551115123125783e-17,10.894821,False,,591,237,0,0,0,0,0.06019528751,ed9ba4cfc7d23053dd2c5f73eb2af36bb958fcd5a97f83724ebabb444e5ec129,False,,,,False,,3eada4d39cc676240b3278de813f19477e0b0eb8,1f2680a5b9065e708a7497adc53a95b108029b98,3.13.14,2.5.1,"{""pydantic"": ""2.13.4"", ""yaml"": ""6.0.3"", ""networkx"": ""3.6.1"", ""numpy"": ""2.5.1"", ""scipy"": ""1.18.0"", ""matplotlib"": ""3.11.0"", ""pandas"": ""3.0.3"", ""qutip"": ""5.3.0"", ""stim"": ""1.16.0"", ""gmpy2"": ""2.3.1"", ""nbformat"": ""5.10.4"", ""nbclient"": ""0.11.0""}",Windows,11,Gercom,2026-07-20T00:29:56.790709+00:00
P12_boundary_variability,P12_boundary_variability:small_mesh:209128c8ccab978d:L2:207:m10-intent:0,small_mesh,209128c8ccab978d,207,m10-intent,L2,iterative_analytical,0,10,10,0.38,0.05,1e-05,,True,a0 -> a1 -> a2 -> a3 -> b3,4,True,,,,0.44755510859374986,0,0.001169,SATISFIED,True,221,0.4475551085937498,0.4475551085937498,-5.551115123125783e-17,9.839898,False,,576,227,0,0,0,0,0.06019773751,89c1fd312d6e32d87207573dea162a31e88f38556c7774e0742e32f7f3e98456,False,,,,False,,3eada4d39cc676240b3278de813f19477e0b0eb8,1f2680a5b9065e708a7497adc53a95b108029b98,3.13.14,2.5.1,"{""pydantic"": ""2.13.4"", ""yaml"": ""6.0.3"", ""networkx"": ""3.6.1"", ""numpy"": ""2.5.1"", ""scipy"": ""1.18.0"", ""matplotlib"": ""3.11.0"", ""pandas"": ""3.0.3"", ""qutip"": ""5.3.0"", ""stim"": ""1.16.0"", ""gmpy2"": ""2.3.1"", ""nbformat"": ""5.10.4"", ""nbclient"": ""0.11.0""}",Windows,11,Gercom,2026-07-20T00:30:14.960703+00:00
P12_boundary_variability,P12_boundary_variability:small_mesh:209128c8ccab978d:L2:208:m10-intent:0,small_mesh,209128c8ccab978d,208,m10-intent,L2,iterative_analytical,0,10,10,0.38,0.05,1e-05,,True,a0 -> a1 -> a2 -> a3 -> b3,4,True,,,,0.44755510859374986,0,0.002125,SATISFIED,True,231,0.4475551085937498,0.4475551085937498,-5.551115123125783e-17,14.470755,False,,657,234,0,0,0,0,0.06019780001,0990139b66469608b14cb6f774f7df4d447de719c33e890e817a04895b4acfd2,False,,,,False,,3eada4d39cc676240b3278de813f19477e0b0eb8,1f2680a5b9065e708a7497adc53a95b108029b98,3.13.14,2.5.1,"{""pydantic"": ""2.13.4"", ""yaml"": ""6.0.3"", ""networkx"": ""3.6.1"", ""numpy"": ""2.5.1"", ""scipy"": ""1.18.0"", ""matplotlib"": ""3.11.0"", ""pandas"": ""3.0.3"", ""qutip"": ""5.3.0"", ""stim"": ""1.16.0"", ""gmpy2"": ""2.3.1"", ""nbformat"": ""5.10.4"", ""nbclient"": ""0.11.0""}",Windows,11,Gercom,2026-07-20T00:30:39.534583+00:00
P12_boundary_variability,P12_boundary_variability:small_mesh:209128c8ccab978d:L2:209:m10-intent:0,small_mesh,209128c8ccab978d,209,m10-intent,L2,L2,0,10,10,0.38,0.05,,,True,,,True,,,,,,,TIMEOUT,,,,,,120,True,120,,,,,,,,,,,,,,,,,3.13.14,,,,,,2026-07-21T02:57:09.324319+00:00
P12_boundary_variability,P12_boundary_variability:small_mesh:209128c8ccab978d:L2:210:m10-intent:0,small_mesh,209128c8ccab978d,210,m10-intent,L2,iterative_analytical,0,10,10,0.38,0.05,1e-05,,True,a0 -> a1 -> a2 -> a3 -> b3,4,True,,,,0.44755510859374986,0,0.001912,SATISFIED,True,225,0.44755510859374975,0.44755510859374975,-1.1102230246251565e-16,35.66798,False,,616,230,0,0,0,0,0.06019021251,4ed16130233424de9dcf2ce1befe7dae108fac1c5f7acd4cbb140960cc34a388,False,,,,False,,3eada4d39cc676240b3278de813f19477e0b0eb8,1f2680a5b9065e708a7497adc53a95b108029b98,3.13.14,2.5.1,"{""pydantic"": ""2.13.4"", ""yaml"": ""6.0.3"", ""networkx"": ""3.6.1"", ""numpy"": ""2.5.1"", ""scipy"": ""1.18.0"", ""matplotlib"": ""3.11.0"", ""pandas"": ""3.0.3"", ""qutip"": ""5.3.0"", ""stim"": ""1.16.0"", ""gmpy2"": ""2.3.1"", ""nbformat"": ""5.10.4"", ""nbclient"": ""0.11.0""}",Windows,11,Gercom,2026-07-21T02:58:27.089747+00:00
P12_boundary_variability,P12_boundary_variability:small_mesh:209128c8ccab978d:L2:211:m10-intent:0,small_mesh,209128c8ccab978d,211,m10-intent,L2,iterative_analytical,0,10,10,0.38,0.05,1e-05,,True,a0 -> a1 -> a2 -> a3 -> b3,4,True,,,,0.44755510859374986,0,0.006682,SATISFIED,True,225,0.44755510859374975,0.44755510859374975,-1.1102230246251565e-16,31.522711,False,,661,230,0,0,0,0,0.06019268751,d04e98d54b9398aa7f741105988199cb5c08f4a22b90537e0738efd5a4898fb2,False,,,,False,,3eada4d39cc676240b3278de813f19477e0b0eb8,1f2680a5b9065e708a7497adc53a95b108029b98,3.13.14,2.5.1,"{""pydantic"": ""2.13.4"", ""yaml"": ""6.0.3"", ""networkx"": ""3.6.1"", ""numpy"": ""2.5.1"", ""scipy"": ""1.18.0"", ""matplotlib"": ""3.11.0"", ""pandas"": ""3.0.3"", ""qutip"": ""5.3.0"", ""stim"": ""1.16.0"", ""gmpy2"": ""2.3.1"", ""nbformat"": ""5.10.4"", ""nbclient"": ""0.11.0""}",Windows,11,Gercom,2026-07-21T02:59:20.884505+00:00
P12_boundary_variability,P12_boundary_variability:small_mesh:209128c8ccab978d:L2:212:m10-intent:0,small_mesh,209128c8ccab978d,212,m10-intent,L2,iterative_analytical,0,10,10,0.38,0.05,1e-05,,True,a0 -> a1 -> a2 -> a3 -> b3,4,True,,,,0.44755510859374986,0,0.002643,SATISFIED,True,224,0.4475551085937498,0.4475551085937498,-5.551115123125783e-17,23.616,False,,610,229,0,0,0,0,0.06018512501,43061e9773892d0056cae865f37adda7d8a0a39f08d1e5a4c3b9f8ad3efdbdfb,False,,,,False,,3eada4d39cc676240b3278de813f19477e0b0eb8,1f2680a5b9065e708a7497adc53a95b108029b98,3.13.14,2.5.1,"{""pydantic"": ""2.13.4"", ""yaml"": ""6.0.3"", ""networkx"": ""3.6.1"", ""numpy"": ""2.5.1"", ""scipy"": ""1.18.0"", ""matplotlib"": ""3.11.0"", ""pandas"": ""3.0.3"", ""qutip"": ""5.3.0"", ""stim"": ""1.16.0"", ""gmpy2"": ""2.3.1"", ""nbformat"": ""5.10.4"", ""nbclient"": ""0.11.0""}",Windows,11,Gercom,2026-07-21T02:59:57.136693+00:00
P12_boundary_variability,P12_boundary_variability:small_mesh:209128c8ccab978d:L2:213:m10-intent:0,small_mesh,209128c8ccab978d,213,m10-intent,L2,iterative_analytical,0,10,10,0.38,0.05,1e-05,,True,a0 -> a1 -> a2 -> a3 -> b3,4,True,,,,0.44755510859374986,0,0.002584,SATISFIED,True,226,0.4475551085937498,0.4475551085937498,-5.551115123125783e-17,23.83053,False,,636,229,0,0,0,0,0.06019781251,86bdd06d20b3195a28291b2fdcf84d2dc04aa9a080e3129cdd97219ddfc25189,False,,,,False,,3eada4d39cc676240b3278de813f19477e0b0eb8,1f2680a5b9065e708a7497adc53a95b108029b98,3.13.14,2.5.1,"{""pydantic"": ""2.13.4"", ""yaml"": ""6.0.3"", ""networkx"": ""3.6.1"", ""numpy"": ""2.5.1"", ""scipy"": ""1.18.0"", ""matplotlib"": ""3.11.0"", ""pandas"": ""3.0.3"", ""qutip"": ""5.3.0"", ""stim"": ""1.16.0"", ""gmpy2"": ""2.3.1"", ""nbformat"": ""5.10.4"", ""nbclient"": ""0.11.0""}",Windows,11,Gercom,2026-07-21T03:00:33.437359+00:00
P12_boundary_variability,P12_boundary_variability:small_mesh:209128c8ccab978d:L2:214:m10-intent:0,small_mesh,209128c8ccab978d,214,m10-intent,L2,iterative_analytical,0,10,10,0.38,0.05,1e-05,,True,a0 -> a1 -> a2 -> a3 -> b3,4,True,,,,0.44755510859374986,0,0.002299,SATISFIED,True,224,0.4475551085937498,0.4475551085937498,-5.551115123125783e-17,20.709127,False,,667,229,0,0,0,0,0.06019526251,2ad8c4b54a506845559246f16cea29f82e1a08b2846386ecd32933b69bae3b0d,False,,,,False,,3eada4d39cc676240b3278de813f19477e0b0eb8,1f2680a5b9065e708a7497adc53a95b108029b98,3.13.14,2.5.1,"{""pydantic"": ""2.13.4"", ""yaml"": ""6.0.3"", ""networkx"": ""3.6.1"", ""numpy"": ""2.5.1"", ""scipy"": ""1.18.0"", ""matplotlib"": ""3.11.0"", ""pandas"": ""3.0.3"", ""qutip"": ""5.3.0"", ""stim"": ""1.16.0"", ""gmpy2"": ""2.3.1"", ""nbformat"": ""5.10.4"", ""nbclient"": ""0.11.0""}",Windows,11,Gercom,2026-07-21T03:01:05.019899+00:00
P12_boundary_variability,P12_boundary_variability:small_mesh:209128c8ccab978d:L2:215:m10-intent:0,small_mesh,209128c8ccab978d,215,m10-intent,L2,iterative_analytical,0,10,10,0.38,0.05,1e-05,,True,a0 -> a1 -> a2 -> a3 -> b3,4,True,,,,0.44755510859374986,0,0.002171,SATISFIED,True,237,0.4475551085937498,0.4475551085937498,-5.551115123125783e-17,21.659728,False,,650,239,0,0,0,0,0.06019786251,26c483f2f50b10492a34209505e1df9e6231ab7de83ffcbfc4927d3b7d270b10,False,,,,False,,3eada4d39cc676240b3278de813f19477e0b0eb8,1f2680a5b9065e708a7497adc53a95b108029b98,3.13.14,2.5.1,"{""pydantic"": ""2.13.4"", ""yaml"": ""6.0.3"", ""networkx"": ""3.6.1"", ""numpy"": ""2.5.1"", ""scipy"": ""1.18.0"", ""matplotlib"": ""3.11.0"", ""pandas"": ""3.0.3"", ""qutip"": ""5.3.0"", ""stim"": ""1.16.0"", ""gmpy2"": ""2.3.1"", ""nbformat"": ""5.10.4"", ""nbclient"": ""0.11.0""}",Windows,11,Gercom,2026-07-21T03:01:37.906441+00:00
P12_boundary_variability,P12_boundary_variability:small_mesh:209128c8ccab978d:L2:216:m10-intent:0,small_mesh,209128c8ccab978d,216,m10-intent,L2,iterative_analytical,0,10,10,0.38,0.05,1e-05,,True,a0 -> a1 -> a2 -> a3 -> b3,4,True,,,,0.44755510859374986,0,0.002222,SATISFIED,True,228,0.4475551085937498,0.4475551085937498,-5.551115123125783e-17,23.722914,False,,547,231,0,0,0,0,0.06019521251,a969990ab4df7e5f9d06914afe7786f5ae4a06f52b7bbdcaa8e6be1232466101,False,,,,False,,3eada4d39cc676240b3278de813f19477e0b0eb8,1f2680a5b9065e708a7497adc53a95b108029b98,3.13.14,2.5.1,"{""pydantic"": ""2.13.4"", ""yaml"": ""6.0.3"", ""networkx"": ""3.6.1"", ""numpy"": ""2.5.1"", ""scipy"": ""1.18.0"", ""matplotlib"": ""3.11.0"", ""pandas"": ""3.0.3"", ""qutip"": ""5.3.0"", ""stim"": ""1.16.0"", ""gmpy2"": ""2.3.1"", ""nbformat"": ""5.10.4"", ""nbclient"": ""0.11.0""}",Windows,11,Gercom,2026-07-21T03:02:13.869429+00:00
P12_boundary_variability,P12_boundary_variability:small_mesh:209128c8ccab978d:L2:217:m10-intent:0,small_mesh,209128c8ccab978d,217,m10-intent,L2,iterative_analytical,0,10,10,0.38,0.05,1e-05,,True,a0 -> a1 -> a2 -> a3 -> b3,4,True,,,,0.44755510859374986,0,0.002533,SATISFIED,True,229,0.4475551085937498,0.4475551085937498,-5.551115123125783e-17,23.096727,False,,634,234,0,0,0,0,0.06019526251,25aef0034cb9908ca920273b7a3a3849bbda7f11a8525f393d413758107da3c1,False,,,,False,,3eada4d39cc676240b3278de813f19477e0b0eb8,1f2680a5b9065e708a7497adc53a95b108029b98,3.13.14,2.5.1,"{""pydantic"": ""2.13.4"", ""yaml"": ""6.0.3"", ""networkx"": ""3.6.1"", ""numpy"": ""2.5.1"", ""scipy"": ""1.18.0"", ""matplotlib"": ""3.11.0"", ""pandas"": ""3.0.3"", ""qutip"": ""5.3.0"", ""stim"": ""1.16.0"", ""gmpy2"": ""2.3.1"", ""nbformat"": ""5.10.4"", ""nbclient"": ""0.11.0""}",Windows,11,Gercom,2026-07-21T03:02:47.446522+00:00
P12_boundary_variability,P12_boundary_variability:small_mesh:209128c8ccab978d:L2:218:m10-intent:0,small_mesh,209128c8ccab978d,218,m10-intent,L2,iterative_analytical,0,10,10,0.38,0.05,1e-05,,True,a0 -> a1 -> a2 -> a3 -> b3,4,True,,,,0.44755510859374986,0,0.002379,SATISFIED,True,221,0.4475551085937498,0.4475551085937498,-5.551115123125783e-17,21.920869,False,,657,227,0,0,0,0,0.06019526251,7b7dbf995bf96ce009a9fa88993a16c71842f3cc556c35ed5cdf7976ffe2d49a,False,,,,False,,3eada4d39cc676240b3278de813f19477e0b0eb8,1f2680a5b9065e708a7497adc53a95b108029b98,3.13.14,2.5.1,"{""pydantic"": ""2.13.4"", ""yaml"": ""6.0.3"", ""networkx"": ""3.6.1"", ""numpy"": ""2.5.1"", ""scipy"": ""1.18.0"", ""matplotlib"": ""3.11.0"", ""pandas"": ""3.0.3"", ""qutip"": ""5.3.0"", ""stim"": ""1.16.0"", ""gmpy2"": ""2.3.1"", ""nbformat"": ""5.10.4"", ""nbclient"": ""0.11.0""}",Windows,11,Gercom,2026-07-21T03:03:18.924901+00:00
P12_boundary_variability,P12_boundary_variability:small_mesh:209128c8ccab978d:L2:219:m10-intent:0,small_mesh,209128c8ccab978d,219,m10-intent,L2,iterative_analytical,0,10,10,0.38,0.05,1e-05,,True,a0 -> a1 -> a2 -> a3 -> b3,4,True,,,,0.44755510859374986,0,0.002124,SATISFIED,True,228,0.4475551085937498,0.4475551085937498,-5.551115123125783e-17,19.477478,False,,613,233,0,0,0,0,0.06019520001,a8578edf1c197c1167c85fae669270c6ff3919b98520031d6237e5b4a7374fa6,False,,,,False,,3eada4d39cc676240b3278de813f19477e0b0eb8,1f2680a5b9065e708a7497adc53a95b108029b98,3.13.14,2.5.1,"{""pydantic"": ""2.13.4"", ""yaml"": ""6.0.3"", ""networkx"": ""3.6.1"", ""numpy"": ""2.5.1"", ""scipy"": ""1.18.0"", ""matplotlib"": ""3.11.0"", ""pandas"": ""3.0.3"", ""qutip"": ""5.3.0"", ""stim"": ""1.16.0"", ""gmpy2"": ""2.3.1"", ""nbformat"": ""5.10.4"", ""nbclient"": ""0.11.0""}",Windows,11,Gercom,2026-07-21T03:03:50.042161+00:00
P12_boundary_variability,P12_boundary_variability:small_mesh:209128c8ccab978d:L2:220:m10-intent:0,small_mesh,209128c8ccab978d,220,m10-intent,L2,iterative_analytical,0,10,10,0.38,0.05,1e-05,,True,a0 -> a1 -> a2 -> a3 -> b3,4,True,,,,0.44755510859374986,0,0.003012,SATISFIED,True,219,0.4475551085937498,0.4475551085937498,-5.551115123125783e-17,18.131771,False,,644,222,0,0,0,0,0.06019271251,0aeeaeb92f86b2c3ac58ef18e6cb27374007fa9592800340d6c236142ef756fe,False,,,,False,,3eada4d39cc676240b3278de813f19477e0b0eb8,1f2680a5b9065e708a7497adc53a95b108029b98,3.13.14,2.5.1,"{""pydantic"": ""2.13.4"", ""yaml"": ""6.0.3"", ""networkx"": ""3.6.1"", ""numpy"": ""2.5.1"", ""scipy"": ""1.18.0"", ""matplotlib"": ""3.11.0"", ""pandas"": ""3.0.3"", ""qutip"": ""5.3.0"", ""stim"": ""1.16.0"", ""gmpy2"": ""2.3.1"", ""nbformat"": ""5.10.4"", ""nbclient"": ""0.11.0""}",Windows,11,Gercom,2026-07-21T03:04:16.247313+00:00
P12_boundary_variability,P12_boundary_variability:small_mesh:209128c8ccab978d:L2:221:m10-intent:0,small_mesh,209128c8ccab978d,221,m10-intent,L2,iterative_analytical,0,10,10,0.38,0.05,1e-05,,True,a0 -> a1 -> a2 -> a3 -> b3,4,True,,,,0.44755510859374986,0,0.002224,SATISFIED,True,220,0.4475551085937498,0.4475551085937498,-5.551115123125783e-17,17.91724,False,,629,225,0,0,0,0,0.06019783751,79e812cc7e429c71cf4098c1e36758847a1746dfca65d53235bacbe6ad4d7b0b,False,,,,False,,3eada4d39cc676240b3278de813f19477e0b0eb8,1f2680a5b9065e708a7497adc53a95b108029b98,3.13.14,2.5.1,"{""pydantic"": ""2.13.4"", ""yaml"": ""6.0.3"", ""networkx"": ""3.6.1"", ""numpy"": ""2.5.1"", ""scipy"": ""1.18.0"", ""matplotlib"": ""3.11.0"", ""pandas"": ""3.0.3"", ""qutip"": ""5.3.0"", ""stim"": ""1.16.0"", ""gmpy2"": ""2.3.1"", ""nbformat"": ""5.10.4"", ""nbclient"": ""0.11.0""}",Windows,11,Gercom,2026-07-21T03:04:40.987269+00:00
P12_boundary_variability,P12_boundary_variability:small_mesh:209128c8ccab978d:L2:222:m10-intent:0,small_mesh,209128c8ccab978d,222,m10-intent,L2,iterative_analytical,0,10,10,0.38,0.05,1e-05,,True,a0 -> a1 -> a2 -> a3 -> b3,4,True,,,,0.44755510859374986,0,0.001787,SATISFIED,True,220,0.4475551085937498,0.4475551085937498,-5.551115123125783e-17,18.500326,False,,641,227,0,0,0,0,0.06015661251,19bc4758b691f3086e9d7692428389d28337b25f9fb649216f12e274eb4346dc,False,,,,False,,3eada4d39cc676240b3278de813f19477e0b0eb8,1f2680a5b9065e708a7497adc53a95b108029b98,3.13.14,2.5.1,"{""pydantic"": ""2.13.4"", ""yaml"": ""6.0.3"", ""networkx"": ""3.6.1"", ""numpy"": ""2.5.1"", ""scipy"": ""1.18.0"", ""matplotlib"": ""3.11.0"", ""pandas"": ""3.0.3"", ""qutip"": ""5.3.0"", ""stim"": ""1.16.0"", ""gmpy2"": ""2.3.1"", ""nbformat"": ""5.10.4"", ""nbclient"": ""0.11.0""}",Windows,11,Gercom,2026-07-21T03:05:05.450393+00:00
P12_boundary_variability,P12_boundary_variability:small_mesh:209128c8ccab978d:L2:223:m10-intent:0,small_mesh,209128c8ccab978d,223,m10-intent,L2,iterative_analytical,0,10,10,0.38,0.05,1e-05,,True,a0 -> a1 -> a2 -> a3 -> b3,4,True,,,,0.44755510859374986,0,0.001867,SATISFIED,True,223,0.4475551085937498,0.4475551085937498,-5.551115123125783e-17,18.365204,False,,646,229,0,0,0,0,0.06019525001,06d32672be4c94073aa82a5663e63a09bbe0fd6ecd1e76986873aa101604b671,False,,,,False,,3eada4d39cc676240b3278de813f19477e0b0eb8,1f2680a5b9065e708a7497adc53a95b108029b98,3.13.14,2.5.1,"{""pydantic"": ""2.13.4"", ""yaml"": ""6.0.3"", ""networkx"": ""3.6.1"", ""numpy"": ""2.5.1"", ""scipy"": ""1.18.0"", ""matplotlib"": ""3.11.0"", ""pandas"": ""3.0.3"", ""qutip"": ""5.3.0"", ""stim"": ""1.16.0"", ""gmpy2"": ""2.3.1"", ""nbformat"": ""5.10.4"", ""nbclient"": ""0.11.0""}",Windows,11,Gercom,2026-07-21T03:05:30.512603+00:00
P12_boundary_variability,P12_boundary_variability:small_mesh:209128c8ccab978d:L2:224:m10-intent:0,small_mesh,209128c8ccab978d,224,m10-intent,L2,iterative_analytical,0,10,10,0.38,0.05,1e-05,,True,a0 -> a1 -> a2 -> a3 -> b3,4,True,,,,0.44755510859374986,0,0.001972,SATISFIED,True,221,0.4475551085937498,0.4475551085937498,-5.551115123125783e-17,17.569537,False,,641,225,0,0,0,0,0.06019777501,4f48ebda7ae817dfde5fa703a2af091307d9a9fa1d5a93659d5b3dacda95bd87,False,,,,False,,3eada4d39cc676240b3278de813f19477e0b0eb8,1f2680a5b9065e708a7497adc53a95b108029b98,3.13.14,2.5.1,"{""pydantic"": ""2.13.4"", ""yaml"": ""6.0.3"", ""networkx"": ""3.6.1"", ""numpy"": ""2.5.1"", ""scipy"": ""1.18.0"", ""matplotlib"": ""3.11.0"", ""pandas"": ""3.0.3"", ""qutip"": ""5.3.0"", ""stim"": ""1.16.0"", ""gmpy2"": ""2.3.1"", ""nbformat"": ""5.10.4"", ""nbclient"": ""0.11.0""}",Windows,11,Gercom,2026-07-21T03:05:56.161792+00:00
P12_boundary_variability,P12_boundary_variability:small_mesh:209128c8ccab978d:L2:225:m10-intent:0,small_mesh,209128c8ccab978d,225,m10-intent,L2,iterative_analytical,0,10,10,0.38,0.05,1e-05,,True,a0 -> a1 -> a2 -> a3 -> b3,4,True,,,,0.44755510859374986,0,0.001801,SATISFIED,True,231,0.4475551085937498,0.4475551085937498,-5.551115123125783e-17,18.138483,False,,640,235,0,0,0,0,0.06019777501,91096d8bb177645f948bce91a54316cf458a1e1871beb97d010c47a34e27cc9f,False,,,,False,,3eada4d39cc676240b3278de813f19477e0b0eb8,1f2680a5b9065e708a7497adc53a95b108029b98,3.13.14,2.5.1,"{""pydantic"": ""2.13.4"", ""yaml"": ""6.0.3"", ""networkx"": ""3.6.1"", ""numpy"": ""2.5.1"", ""scipy"": ""1.18.0"", ""matplotlib"": ""3.11.0"", ""pandas"": ""3.0.3"", ""qutip"": ""5.3.0"", ""stim"": ""1.16.0"", ""gmpy2"": ""2.3.1"", ""nbformat"": ""5.10.4"", ""nbclient"": ""0.11.0""}",Windows,11,Gercom,2026-07-21T03:06:21.122079+00:00
P12_boundary_variability,P12_boundary_variability:small_mesh:209128c8ccab978d:L2:226:m10-intent:0,small_mesh,209128c8ccab978d,226,m10-intent,L2,iterative_analytical,0,10,10,0.38,0.05,1e-05,,True,a0 -> a1 -> a2 -> a3 -> b3,4,True,,,,0.44755510859374986,0,0.001747,SATISFIED,True,231,0.4475551085937498,0.4475551085937498,-5.551115123125783e-17,17.541349,False,,617,234,0,0,0,0,0.06019773751,756f84f0120d02ee1380b9e054a756025fb52d6a8ee8863cfc12a9b17eb3cc2f,False,,,,False,,3eada4d39cc676240b3278de813f19477e0b0eb8,1f2680a5b9065e708a7497adc53a95b108029b98,3.13.14,2.5.1,"{""pydantic"": ""2.13.4"", ""yaml"": ""6.0.3"", ""networkx"": ""3.6.1"", ""numpy"": ""2.5.1"", ""scipy"": ""1.18.0"", ""matplotlib"": ""3.11.0"", ""pandas"": ""3.0.3"", ""qutip"": ""5.3.0"", ""stim"": ""1.16.0"", ""gmpy2"": ""2.3.1"", ""nbformat"": ""5.10.4"", ""nbclient"": ""0.11.0""}",Windows,11,Gercom,2026-07-21T03:06:43.670563+00:00
P12_boundary_variability,P12_boundary_variability:small_mesh:209128c8ccab978d:L2:227:m10-intent:0,small_mesh,209128c8ccab978d,227,m10-intent,L2,iterative_analytical,0,10,10,0.38,0.05,1e-05,,True,a0 -> a1 -> a2 -> a3 -> b3,4,True,,,,0.44755510859374986,0,0.001917,SATISFIED,True,223,0.4475551085937498,0.4475551085937498,-5.551115123125783e-17,18.750203,False,,585,229,0,0,0,0,0.06019268751,7f330f145a232a65b5901967942a625322ef1bc5c045deeb6b497bc6ed44eb76,False,,,,False,,3eada4d39cc676240b3278de813f19477e0b0eb8,1f2680a5b9065e708a7497adc53a95b108029b98,3.13.14,2.5.1,"{""pydantic"": ""2.13.4"", ""yaml"": ""6.0.3"", ""networkx"": ""3.6.1"", ""numpy"": ""2.5.1"", ""scipy"": ""1.18.0"", ""matplotlib"": ""3.11.0"", ""pandas"": ""3.0.3"", ""qutip"": ""5.3.0"", ""stim"": ""1.16.0"", ""gmpy2"": ""2.3.1"", ""nbformat"": ""5.10.4"", ""nbclient"": ""0.11.0""}",Windows,11,Gercom,2026-07-21T03:07:08.909336+00:00
P12_boundary_variability,P12_boundary_variability:small_mesh:209128c8ccab978d:L2:228:m10-intent:0,small_mesh,209128c8ccab978d,228,m10-intent,L2,iterative_analytical,0,10,10,0.38,0.05,1e-05,,True,a0 -> a1 -> a2 -> a3 -> b3,4,True,,,,0.44755510859374986,0,0.004505,SATISFIED,True,223,0.4475551085937498,0.4475551085937498,-5.551115123125783e-17,24.624006,False,,637,227,0,0,0,0,0.06019780001,35e9dec28cb1f7e81a004d6355a1444c33da3e8d8af30aa9c04a1b37e0349ee6,False,,,,False,,3eada4d39cc676240b3278de813f19477e0b0eb8,1f2680a5b9065e708a7497adc53a95b108029b98,3.13.14,2.5.1,"{""pydantic"": ""2.13.4"", ""yaml"": ""6.0.3"", ""networkx"": ""3.6.1"", ""numpy"": ""2.5.1"", ""scipy"": ""1.18.0"", ""matplotlib"": ""3.11.0"", ""pandas"": ""3.0.3"", ""qutip"": ""5.3.0"", ""stim"": ""1.16.0"", ""gmpy2"": ""2.3.1"", ""nbformat"": ""5.10.4"", ""nbclient"": ""0.11.0""}",Windows,11,Gercom,2026-07-21T03:07:41.307070+00:00
P12_boundary_variability,P12_boundary_variability:small_mesh:209128c8ccab978d:L2:229:m10-intent:0,small_mesh,209128c8ccab978d,229,m10-intent,L2,iterative_analytical,0,10,10,0.38,0.05,1e-05,,True,a0 -> a1 -> a2 -> a3 -> b3,4,True,,,,0.44755510859374986,0,0.002187,SATISFIED,True,216,0.44755510859374986,0.44755510859374986,0.0,18.607915,False,,633,223,0,0,0,0,0.06019778751,2202b795247def740e6e21446ba924270575453ff1f38ead239b8682b24c4e92,False,,,,False,,3eada4d39cc676240b3278de813f19477e0b0eb8,1f2680a5b9065e708a7497adc53a95b108029b98,3.13.14,2.5.1,"{""pydantic"": ""2.13.4"", ""yaml"": ""6.0.3"", ""networkx"": ""3.6.1"", ""numpy"": ""2.5.1"", ""scipy"": ""1.18.0"", ""matplotlib"": ""3.11.0"", ""pandas"": ""3.0.3"", ""qutip"": ""5.3.0"", ""stim"": ""1.16.0"", ""gmpy2"": ""2.3.1"", ""nbformat"": ""5.10.4"", ""nbclient"": ""0.11.0""}",Windows,11,Gercom,2026-07-21T03:08:15.286565+00:00
P12_boundary_variability,P12_boundary_variability:small_mesh:c9b008c52680bb4a:L2:200:m10-intent:0,small_mesh,c9b008c52680bb4a,200,m10-intent,L2,L2,0,10,10,0.4475,0.05,,,True,,,True,,,,,,,TIMEOUT,,,,,,120,True,120,,,,,,,,,,,,,,,,,3.13.14,,,,,,2026-07-21T03:11:21.043937+00:00
P12_boundary_variability,P12_boundary_variability:small_mesh:c9b008c52680bb4a:L2:201:m10-intent:0,small_mesh,c9b008c52680bb4a,201,m10-intent,L2,iterative_analytical,0,10,10,0.4475,0.05,1e-05,,True,a0 -> a1 -> a2 -> a3 -> b3,4,True,,,,0.44755510859374986,0,0.002,SATISFIED,True,222,0.4475551085937498,0.4475551085937498,-5.551115123125783e-17,23.05351,False,,657,223,0,0,0,0,0.06019276251,f9770321dd510875f3c8df650b79865dcef7e76812f392a73b36c4783bb259b6,False,,,,False,,3eada4d39cc676240b3278de813f19477e0b0eb8,1f2680a5b9065e708a7497adc53a95b108029b98,3.13.14,2.5.1,"{""pydantic"": ""2.13.4"", ""yaml"": ""6.0.3"", ""networkx"": ""3.6.1"", ""numpy"": ""2.5.1"", ""scipy"": ""1.18.0"", ""matplotlib"": ""3.11.0"", ""pandas"": ""3.0.3"", ""qutip"": ""5.3.0"", ""stim"": ""1.16.0"", ""gmpy2"": ""2.3.1"", ""nbformat"": ""5.10.4"", ""nbclient"": ""0.11.0""}",Windows,11,Gercom,2026-07-21T03:11:50.345172+00:00
P12_boundary_variability,P12_boundary_variability:small_mesh:c9b008c52680bb4a:L2:202:m10-intent:0,small_mesh,c9b008c52680bb4a,202,m10-intent,L2,iterative_analytical,0,10,10,0.4475,0.05,1e-05,,True,a0 -> a1 -> a2 -> a3 -> b3,4,True,,,,0.44755510859374986,0,0.009009,SATISFIED,True,224,0.4475551085937498,0.4475551085937498,-5.551115123125783e-17,17.675657,False,,580,227,0,0,0,0,0.06019782501,b2655648ad198f103331b0c6905b950714aecaacc30dc30715621cb15956d00f,False,,,,False,,3eada4d39cc676240b3278de813f19477e0b0eb8,1f2680a5b9065e708a7497adc53a95b108029b98,3.13.14,2.5.1,"{""pydantic"": ""2.13.4"", ""yaml"": ""6.0.3"", ""networkx"": ""3.6.1"", ""numpy"": ""2.5.1"", ""scipy"": ""1.18.0"", ""matplotlib"": ""3.11.0"", ""pandas"": ""3.0.3"", ""qutip"": ""5.3.0"", ""stim"": ""1.16.0"", ""gmpy2"": ""2.3.1"", ""nbformat"": ""5.10.4"", ""nbclient"": ""0.11.0""}",Windows,11,Gercom,2026-07-21T03:12:15.381202+00:00
P12_boundary_variability,P12_boundary_variability:small_mesh:c9b008c52680bb4a:L2:203:m10-intent:0,small_mesh,c9b008c52680bb4a,203,m10-intent,L2,iterative_analytical,0,10,10,0.4475,0.05,1e-05,,True,a0 -> a1 -> a2 -> a3 -> b3,4,True,,,,0.44755510859374986,0,0.003447,SATISFIED,True,226,0.4475551085937498,0.4475551085937498,-5.551115123125783e-17,22.40291,False,,603,229,0,0,0,0,0.06019522501,42c067bd90fc3e75e054fd07fd68bcd352da5c334a388a77a1a4304831af00d1,False,,,,False,,3eada4d39cc676240b3278de813f19477e0b0eb8,1f2680a5b9065e708a7497adc53a95b108029b98,3.13.14,2.5.1,"{""pydantic"": ""2.13.4"", ""yaml"": ""6.0.3"", ""networkx"": ""3.6.1"", ""numpy"": ""2.5.1"", ""scipy"": ""1.18.0"", ""matplotlib"": ""3.11.0"", ""pandas"": ""3.0.3"", ""qutip"": ""5.3.0"", ""stim"": ""1.16.0"", ""gmpy2"": ""2.3.1"", ""nbformat"": ""5.10.4"", ""nbclient"": ""0.11.0""}",Windows,11,Gercom,2026-07-21T03:12:45.191436+00:00
P12_boundary_variability,P12_boundary_variability:small_mesh:c9b008c52680bb4a:L2:204:m10-intent:0,small_mesh,c9b008c52680bb4a,204,m10-intent,L2,iterative_analytical,0,10,10,0.4475,0.05,1e-05,,True,a0 -> a1 -> a2 -> a3 -> b3,4,True,,,,0.44755510859374986,0,0.003009,SATISFIED,True,226,0.4475551085937498,0.4475551085937498,-5.551115123125783e-17,20.277011,False,,619,227,0,0,0,0,0.06019783751,fc648dcbfb20c213add0d1f3cc64fc3c642013716a116137151a6a5b2d295a83,False,,,,False,,3eada4d39cc676240b3278de813f19477e0b0eb8,1f2680a5b9065e708a7497adc53a95b108029b98,3.13.14,2.5.1,"{""pydantic"": ""2.13.4"", ""yaml"": ""6.0.3"", ""networkx"": ""3.6.1"", ""numpy"": ""2.5.1"", ""scipy"": ""1.18.0"", ""matplotlib"": ""3.11.0"", ""pandas"": ""3.0.3"", ""qutip"": ""5.3.0"", ""stim"": ""1.16.0"", ""gmpy2"": ""2.3.1"", ""nbformat"": ""5.10.4"", ""nbclient"": ""0.11.0""}",Windows,11,Gercom,2026-07-21T03:13:12.808123+00:00
P12_boundary_variability,P12_boundary_variability:small_mesh:c9b008c52680bb4a:L2:205:m10-intent:0,small_mesh,c9b008c52680bb4a,205,m10-intent,L2,iterative_analytical,0,10,10,0.4475,0.05,1e-05,,True,a0 -> a1 -> a2 -> a3 -> b3,4,True,,,,0.44755510859374986,0,0.002114,SATISFIED,True,225,0.44755510859374975,0.44755510859374975,-1.1102230246251565e-16,19.81714,False,,649,231,0,0,0,0,0.06019523751,08fc97afd434b3c780bdafe8873610a8d3c848bccecd9b2fadb9b6f40e5282e1,False,,,,False,,3eada4d39cc676240b3278de813f19477e0b0eb8,1f2680a5b9065e708a7497adc53a95b108029b98,3.13.14,2.5.1,"{""pydantic"": ""2.13.4"", ""yaml"": ""6.0.3"", ""networkx"": ""3.6.1"", ""numpy"": ""2.5.1"", ""scipy"": ""1.18.0"", ""matplotlib"": ""3.11.0"", ""pandas"": ""3.0.3"", ""qutip"": ""5.3.0"", ""stim"": ""1.16.0"", ""gmpy2"": ""2.3.1"", ""nbformat"": ""5.10.4"", ""nbclient"": ""0.11.0""}",Windows,11,Gercom,2026-07-21T03:13:40.842068+00:00
P12_boundary_variability,P12_boundary_variability:small_mesh:c9b008c52680bb4a:L2:206:m10-intent:0,small_mesh,c9b008c52680bb4a,206,m10-intent,L2,iterative_analytical,0,10,10,0.4475,0.05,1e-05,,True,a0 -> a1 -> a2 -> a3 -> b3,4,True,,,,0.44755510859374986,0,0.001919,SATISFIED,True,235,0.4475551085937498,0.4475551085937498,-5.551115123125783e-17,21.988305,False,,591,237,0,0,0,0,0.06019528751,ed9ba4cfc7d23053dd2c5f73eb2af36bb958fcd5a97f83724ebabb444e5ec129,False,,,,False,,3eada4d39cc676240b3278de813f19477e0b0eb8,1f2680a5b9065e708a7497adc53a95b108029b98,3.13.14,2.5.1,"{""pydantic"": ""2.13.4"", ""yaml"": ""6.0.3"", ""networkx"": ""3.6.1"", ""numpy"": ""2.5.1"", ""scipy"": ""1.18.0"", ""matplotlib"": ""3.11.0"", ""pandas"": ""3.0.3"", ""qutip"": ""5.3.0"", ""stim"": ""1.16.0"", ""gmpy2"": ""2.3.1"", ""nbformat"": ""5.10.4"", ""nbclient"": ""0.11.0""}",Windows,11,Gercom,2026-07-21T03:14:10.099444+00:00
P12_boundary_variability,P12_boundary_variability:small_mesh:c9b008c52680bb4a:L2:207:m10-intent:0,small_mesh,c9b008c52680bb4a,207,m10-intent,L2,iterative_analytical,0,10,10,0.4475,0.05,1e-05,,True,a0 -> a1 -> a2 -> a3 -> b3,4,True,,,,0.44755510859374986,0,0.002688,SATISFIED,True,221,0.4475551085937498,0.4475551085937498,-5.551115123125783e-17,18.537563,False,,576,227,0,0,0,0,0.06019773751,89c1fd312d6e32d87207573dea162a31e88f38556c7774e0742e32f7f3e98456,False,,,,False,,3eada4d39cc676240b3278de813f19477e0b0eb8,1f2680a5b9065e708a7497adc53a95b108029b98,3.13.14,2.5.1,"{""pydantic"": ""2.13.4"", ""yaml"": ""6.0.3"", ""networkx"": ""3.6.1"", ""numpy"": ""2.5.1"", ""scipy"": ""1.18.0"", ""matplotlib"": ""3.11.0"", ""pandas"": ""3.0.3"", ""qutip"": ""5.3.0"", ""stim"": ""1.16.0"", ""gmpy2"": ""2.3.1"", ""nbformat"": ""5.10.4"", ""nbclient"": ""0.11.0""}",Windows,11,Gercom,2026-07-21T03:14:36.421874+00:00
P12_boundary_variability,P12_boundary_variability:small_mesh:c9b008c52680bb4a:L2:208:m10-intent:0,small_mesh,c9b008c52680bb4a,208,m10-intent,L2,iterative_analytical,0,10,10,0.4475,0.05,1e-05,,True,a0 -> a1 -> a2 -> a3 -> b3,4,True,,,,0.44755510859374986,0,0.002095,SATISFIED,True,231,0.4475551085937498,0.4475551085937498,-5.551115123125783e-17,19.890897,False,,657,234,0,0,0,0,0.06019780001,0990139b66469608b14cb6f774f7df4d447de719c33e890e817a04895b4acfd2,False,,,,False,,3eada4d39cc676240b3278de813f19477e0b0eb8,1f2680a5b9065e708a7497adc53a95b108029b98,3.13.14,2.5.1,"{""pydantic"": ""2.13.4"", ""yaml"": ""6.0.3"", ""networkx"": ""3.6.1"", ""numpy"": ""2.5.1"", ""scipy"": ""1.18.0"", ""matplotlib"": ""3.11.0"", ""pandas"": ""3.0.3"", ""qutip"": ""5.3.0"", ""stim"": ""1.16.0"", ""gmpy2"": ""2.3.1"", ""nbformat"": ""5.10.4"", ""nbclient"": ""0.11.0""}",Windows,11,Gercom,2026-07-21T03:15:06.640059+00:00
P12_boundary_variability,P12_boundary_variability:small_mesh:c9b008c52680bb4a:L2:209:m10-intent:0,small_mesh,c9b008c52680bb4a,209,m10-intent,L2,iterative_analytical,0,10,10,0.4475,0.05,1e-05,,True,a0 -> a1 -> a2 -> a3 -> b3,4,True,,,,0.44755510859374986,0,0.001945,SATISFIED,True,222,0.4475551085937498,0.4475551085937498,-5.551115123125783e-17,16.361567,False,,586,224,0,0,0,0,0.06019771251,757486e63cafa09fb40cc09fecd91dc1d69ff20f1475d9222733cceff7d5a08b,False,,,,False,,3eada4d39cc676240b3278de813f19477e0b0eb8,1f2680a5b9065e708a7497adc53a95b108029b98,3.13.14,2.5.1,"{""pydantic"": ""2.13.4"", ""yaml"": ""6.0.3"", ""networkx"": ""3.6.1"", ""numpy"": ""2.5.1"", ""scipy"": ""1.18.0"", ""matplotlib"": ""3.11.0"", ""pandas"": ""3.0.3"", ""qutip"": ""5.3.0"", ""stim"": ""1.16.0"", ""gmpy2"": ""2.3.1"", ""nbformat"": ""5.10.4"", ""nbclient"": ""0.11.0""}",Windows,11,Gercom,2026-07-21T03:15:32.842247+00:00
P12_boundary_variability,P12_boundary_variability:small_mesh:c9b008c52680bb4a:L2:210:m10-intent:0,small_mesh,c9b008c52680bb4a,210,m10-intent,L2,iterative_analytical,0,10,10,0.4475,0.05,1e-05,,True,a0 -> a1 -> a2 -> a3 -> b3,4,True,,,,0.44755510859374986,0,0.001902,SATISFIED,True,225,0.44755510859374975,0.44755510859374975,-1.1102230246251565e-16,17.113133,False,,616,230,0,0,0,0,0.06019021251,4ed16130233424de9dcf2ce1befe7dae108fac1c5f7acd4cbb140960cc34a388,False,,,,False,,3eada4d39cc676240b3278de813f19477e0b0eb8,1f2680a5b9065e708a7497adc53a95b108029b98,3.13.14,2.5.1,"{""pydantic"": ""2.13.4"", ""yaml"": ""6.0.3"", ""networkx"": ""3.6.1"", ""numpy"": ""2.5.1"", ""scipy"": ""1.18.0"", ""matplotlib"": ""3.11.0"", ""pandas"": ""3.0.3"", ""qutip"": ""5.3.0"", ""stim"": ""1.16.0"", ""gmpy2"": ""2.3.1"", ""nbformat"": ""5.10.4"", ""nbclient"": ""0.11.0""}",Windows,11,Gercom,2026-07-21T03:15:56.465687+00:00
P12_boundary_variability,P12_boundary_variability:small_mesh:c9b008c52680bb4a:L2:211:m10-intent:0,small_mesh,c9b008c52680bb4a,211,m10-intent,L2,iterative_analytical,0,10,10,0.4475,0.05,1e-05,,True,a0 -> a1 -> a2 -> a3 -> b3,4,True,,,,0.44755510859374986,0,0.00196,SATISFIED,True,225,0.44755510859374975,0.44755510859374975,-1.1102230246251565e-16,17.609212,False,,661,230,0,0,0,0,0.06019268751,d04e98d54b9398aa7f741105988199cb5c08f4a22b90537e0738efd5a4898fb2,False,,,,False,,3eada4d39cc676240b3278de813f19477e0b0eb8,1f2680a5b9065e708a7497adc53a95b108029b98,3.13.14,2.5.1,"{""pydantic"": ""2.13.4"", ""yaml"": ""6.0.3"", ""networkx"": ""3.6.1"", ""numpy"": ""2.5.1"", ""scipy"": ""1.18.0"", ""matplotlib"": ""3.11.0"", ""pandas"": ""3.0.3"", ""qutip"": ""5.3.0"", ""stim"": ""1.16.0"", ""gmpy2"": ""2.3.1"", ""nbformat"": ""5.10.4"", ""nbclient"": ""0.11.0""}",Windows,11,Gercom,2026-07-21T03:16:21.342895+00:00
P12_boundary_variability,P12_boundary_variability:small_mesh:c9b008c52680bb4a:L2:212:m10-intent:0,small_mesh,c9b008c52680bb4a,212,m10-intent,L2,iterative_analytical,0,10,10,0.4475,0.05,1e-05,,True,a0 -> a1 -> a2 -> a3 -> b3,4,True,,,,0.44755510859374986,0,0.002097,SATISFIED,True,224,0.4475551085937498,0.4475551085937498,-5.551115123125783e-17,17.732751,False,,610,229,0,0,0,0,0.06018512501,43061e9773892d0056cae865f37adda7d8a0a39f08d1e5a4c3b9f8ad3efdbdfb,False,,,,False,,3eada4d39cc676240b3278de813f19477e0b0eb8,1f2680a5b9065e708a7497adc53a95b108029b98,3.13.14,2.5.1,"{""pydantic"": ""2.13.4"", ""yaml"": ""6.0.3"", ""networkx"": ""3.6.1"", ""numpy"": ""2.5.1"", ""scipy"": ""1.18.0"", ""matplotlib"": ""3.11.0"", ""pandas"": ""3.0.3"", ""qutip"": ""5.3.0"", ""stim"": ""1.16.0"", ""gmpy2"": ""2.3.1"", ""nbformat"": ""5.10.4"", ""nbclient"": ""0.11.0""}",Windows,11,Gercom,2026-07-21T03:16:46.630219+00:00
P12_boundary_variability,P12_boundary_variability:small_mesh:c9b008c52680bb4a:L2:213:m10-intent:0,small_mesh,c9b008c52680bb4a,213,m10-intent,L2,iterative_analytical,0,10,10,0.4475,0.05,1e-05,,True,a0 -> a1 -> a2 -> a3 -> b3,4,True,,,,0.44755510859374986,0,0.001118,SATISFIED,True,226,0.4475551085937498,0.4475551085937498,-5.551115123125783e-17,19.345621,False,,636,229,0,0,0,0,0.06019781251,86bdd06d20b3195a28291b2fdcf84d2dc04aa9a080e3129cdd97219ddfc25189,False,,,,False,,3eada4d39cc676240b3278de813f19477e0b0eb8,1f2680a5b9065e708a7497adc53a95b108029b98,3.13.14,2.5.1,"{""pydantic"": ""2.13.4"", ""yaml"": ""6.0.3"", ""networkx"": ""3.6.1"", ""numpy"": ""2.5.1"", ""scipy"": ""1.18.0"", ""matplotlib"": ""3.11.0"", ""pandas"": ""3.0.3"", ""qutip"": ""5.3.0"", ""stim"": ""1.16.0"", ""gmpy2"": ""2.3.1"", ""nbformat"": ""5.10.4"", ""nbclient"": ""0.11.0""}",Windows,11,Gercom,2026-07-21T03:17:11.785140+00:00
P12_boundary_variability,P12_boundary_variability:small_mesh:c9b008c52680bb4a:L2:214:m10-intent:0,small_mesh,c9b008c52680bb4a,214,m10-intent,L2,iterative_analytical,0,10,10,0.4475,0.05,1e-05,,True,a0 -> a1 -> a2 -> a3 -> b3,4,True,,,,0.44755510859374986,0,0.001813,SATISFIED,True,224,0.4475551085937498,0.4475551085937498,-5.551115123125783e-17,17.530611,False,,667,229,0,0,0,0,0.06019526251,2ad8c4b54a506845559246f16cea29f82e1a08b2846386ecd32933b69bae3b0d,False,,,,False,,3eada4d39cc676240b3278de813f19477e0b0eb8,1f2680a5b9065e708a7497adc53a95b108029b98,3.13.14,2.5.1,"{""pydantic"": ""2.13.4"", ""yaml"": ""6.0.3"", ""networkx"": ""3.6.1"", ""numpy"": ""2.5.1"", ""scipy"": ""1.18.0"", ""matplotlib"": ""3.11.0"", ""pandas"": ""3.0.3"", ""qutip"": ""5.3.0"", ""stim"": ""1.16.0"", ""gmpy2"": ""2.3.1"", ""nbformat"": ""5.10.4"", ""nbclient"": ""0.11.0""}",Windows,11,Gercom,2026-07-21T03:17:36.979541+00:00
P12_boundary_variability,P12_boundary_variability:small_mesh:c9b008c52680bb4a:L2:215:m10-intent:0,small_mesh,c9b008c52680bb4a,215,m10-intent,L2,iterative_analytical,0,10,10,0.4475,0.05,1e-05,,True,a0 -> a1 -> a2 -> a3 -> b3,4,True,,,,0.44755510859374986,0,0.00123,SATISFIED,True,237,0.4475551085937498,0.4475551085937498,-5.551115123125783e-17,17.968884,False,,650,239,0,0,0,0,0.06019786251,26c483f2f50b10492a34209505e1df9e6231ab7de83ffcbfc4927d3b7d270b10,False,,,,False,,3eada4d39cc676240b3278de813f19477e0b0eb8,1f2680a5b9065e708a7497adc53a95b108029b98,3.13.14,2.5.1,"{""pydantic"": ""2.13.4"", ""yaml"": ""6.0.3"", ""networkx"": ""3.6.1"", ""numpy"": ""2.5.1"", ""scipy"": ""1.18.0"", ""matplotlib"": ""3.11.0"", ""pandas"": ""3.0.3"", ""qutip"": ""5.3.0"", ""stim"": ""1.16.0"", ""gmpy2"": ""2.3.1"", ""nbformat"": ""5.10.4"", ""nbclient"": ""0.11.0""}",Windows,11,Gercom,2026-07-21T03:18:01.822423+00:00
P12_boundary_variability,P12_boundary_variability:small_mesh:c9b008c52680bb4a:L2:216:m10-intent:0,small_mesh,c9b008c52680bb4a,216,m10-intent,L2,iterative_analytical,0,10,10,0.4475,0.05,1e-05,,True,a0 -> a1 -> a2 -> a3 -> b3,4,True,,,,0.44755510859374986,0,0.001155,SATISFIED,True,228,0.4475551085937498,0.4475551085937498,-5.551115123125783e-17,16.609276,False,,547,231,0,0,0,0,0.06019521251,a969990ab4df7e5f9d06914afe7786f5ae4a06f52b7bbdcaa8e6be1232466101,False,,,,False,,3eada4d39cc676240b3278de813f19477e0b0eb8,1f2680a5b9065e708a7497adc53a95b108029b98,3.13.14,2.5.1,"{""pydantic"": ""2.13.4"", ""yaml"": ""6.0.3"", ""networkx"": ""3.6.1"", ""numpy"": ""2.5.1"", ""scipy"": ""1.18.0"", ""matplotlib"": ""3.11.0"", ""pandas"": ""3.0.3"", ""qutip"": ""5.3.0"", ""stim"": ""1.16.0"", ""gmpy2"": ""2.3.1"", ""nbformat"": ""5.10.4"", ""nbclient"": ""0.11.0""}",Windows,11,Gercom,2026-07-21T03:18:23.349915+00:00
P12_boundary_variability,P12_boundary_variability:small_mesh:c9b008c52680bb4a:L2:217:m10-intent:0,small_mesh,c9b008c52680bb4a,217,m10-intent,L2,iterative_analytical,0,10,10,0.4475,0.05,1e-05,,True,a0 -> a1 -> a2 -> a3 -> b3,4,True,,,,0.44755510859374986,0,0.002066,SATISFIED,True,229,0.4475551085937498,0.4475551085937498,-5.551115123125783e-17,17.015815,False,,634,234,0,0,0,0,0.06019526251,25aef0034cb9908ca920273b7a3a3849bbda7f11a8525f393d413758107da3c1,False,,,,False,,3eada4d39cc676240b3278de813f19477e0b0eb8,1f2680a5b9065e708a7497adc53a95b108029b98,3.13.14,2.5.1,"{""pydantic"": ""2.13.4"", ""yaml"": ""6.0.3"", ""networkx"": ""3.6.1"", ""numpy"": ""2.5.1"", ""scipy"": ""1.18.0"", ""matplotlib"": ""3.11.0"", ""pandas"": ""3.0.3"", ""qutip"": ""5.3.0"", ""stim"": ""1.16.0"", ""gmpy2"": ""2.3.1"", ""nbformat"": ""5.10.4"", ""nbclient"": ""0.11.0""}",Windows,11,Gercom,2026-07-21T03:18:46.888703+00:00
P12_boundary_variability,P12_boundary_variability:small_mesh:c9b008c52680bb4a:L2:218:m10-intent:0,small_mesh,c9b008c52680bb4a,218,m10-intent,L2,iterative_analytical,0,10,10,0.4475,0.05,1e-05,,True,a0 -> a1 -> a2 -> a3 -> b3,4,True,,,,0.44755510859374986,0,0.002232,SATISFIED,True,221,0.4475551085937498,0.4475551085937498,-5.551115123125783e-17,17.399095,False,,657,227,0,0,0,0,0.06019526251,7b7dbf995bf96ce009a9fa88993a16c71842f3cc556c35ed5cdf7976ffe2d49a,False,,,,False,,3eada4d39cc676240b3278de813f19477e0b0eb8,1f2680a5b9065e708a7497adc53a95b108029b98,3.13.14,2.5.1,"{""pydantic"": ""2.13.4"", ""yaml"": ""6.0.3"", ""networkx"": ""3.6.1"", ""numpy"": ""2.5.1"", ""scipy"": ""1.18.0"", ""matplotlib"": ""3.11.0"", ""pandas"": ""3.0.3"", ""qutip"": ""5.3.0"", ""stim"": ""1.16.0"", ""gmpy2"": ""2.3.1"", ""nbformat"": ""5.10.4"", ""nbclient"": ""0.11.0""}",Windows,11,Gercom,2026-07-21T03:19:11.458992+00:00
P12_boundary_variability,P12_boundary_variability:small_mesh:c9b008c52680bb4a:L2:219:m10-intent:0,small_mesh,c9b008c52680bb4a,219,m10-intent,L2,iterative_analytical,0,10,10,0.4475,0.05,1e-05,,True,a0 -> a1 -> a2 -> a3 -> b3,4,True,,,,0.44755510859374986,0,0.001171,SATISFIED,True,228,0.4475551085937498,0.4475551085937498,-5.551115123125783e-17,20.192884,False,,613,233,0,0,0,0,0.06019520001,a8578edf1c197c1167c85fae669270c6ff3919b98520031d6237e5b4a7374fa6,False,,,,False,,3eada4d39cc676240b3278de813f19477e0b0eb8,1f2680a5b9065e708a7497adc53a95b108029b98,3.13.14,2.5.1,"{""pydantic"": ""2.13.4"", ""yaml"": ""6.0.3"", ""networkx"": ""3.6.1"", ""numpy"": ""2.5.1"", ""scipy"": ""1.18.0"", ""matplotlib"": ""3.11.0"", ""pandas"": ""3.0.3"", ""qutip"": ""5.3.0"", ""stim"": ""1.16.0"", ""gmpy2"": ""2.3.1"", ""nbformat"": ""5.10.4"", ""nbclient"": ""0.11.0""}",Windows,11,Gercom,2026-07-21T03:19:38.413234+00:00
P12_boundary_variability,P12_boundary_variability:small_mesh:c9b008c52680bb4a:L2:220:m10-intent:0,small_mesh,c9b008c52680bb4a,220,m10-intent,L2,iterative_analytical,0,10,10,0.4475,0.05,1e-05,,True,a0 -> a1 -> a2 -> a3 -> b3,4,True,,,,0.44755510859374986,0,0.001982,SATISFIED,True,219,0.4475551085937498,0.4475551085937498,-5.551115123125783e-17,18.157679,False,,644,222,0,0,0,0,0.06019271251,0aeeaeb92f86b2c3ac58ef18e6cb27374007fa9592800340d6c236142ef756fe,False,,,,False,,3eada4d39cc676240b3278de813f19477e0b0eb8,1f2680a5b9065e708a7497adc53a95b108029b98,3.13.14,2.5.1,"{""pydantic"": ""2.13.4"", ""yaml"": ""6.0.3"", ""networkx"": ""3.6.1"", ""numpy"": ""2.5.1"", ""scipy"": ""1.18.0"", ""matplotlib"": ""3.11.0"", ""pandas"": ""3.0.3"", ""qutip"": ""5.3.0"", ""stim"": ""1.16.0"", ""gmpy2"": ""2.3.1"", ""nbformat"": ""5.10.4"", ""nbclient"": ""0.11.0""}",Windows,11,Gercom,2026-07-21T03:20:03.449862+00:00
P12_boundary_variability,P12_boundary_variability:small_mesh:c9b008c52680bb4a:L2:221:m10-intent:0,small_mesh,c9b008c52680bb4a,221,m10-intent,L2,iterative_analytical,0,10,10,0.4475,0.05,1e-05,,True,a0 -> a1 -> a2 -> a3 -> b3,4,True,,,,0.44755510859374986,0,0.001287,SATISFIED,True,220,0.4475551085937498,0.4475551085937498,-5.551115123125783e-17,15.48133,False,,629,225,0,0,0,0,0.06019783751,79e812cc7e429c71cf4098c1e36758847a1746dfca65d53235bacbe6ad4d7b0b,False,,,,False,,3eada4d39cc676240b3278de813f19477e0b0eb8,1f2680a5b9065e708a7497adc53a95b108029b98,3.13.14,2.5.1,"{""pydantic"": ""2.13.4"", ""yaml"": ""6.0.3"", ""networkx"": ""3.6.1"", ""numpy"": ""2.5.1"", ""scipy"": ""1.18.0"", ""matplotlib"": ""3.11.0"", ""pandas"": ""3.0.3"", ""qutip"": ""5.3.0"", ""stim"": ""1.16.0"", ""gmpy2"": ""2.3.1"", ""nbformat"": ""5.10.4"", ""nbclient"": ""0.11.0""}",Windows,11,Gercom,2026-07-21T03:20:26.356065+00:00
P12_boundary_variability,P12_boundary_variability:small_mesh:c9b008c52680bb4a:L2:222:m10-intent:0,small_mesh,c9b008c52680bb4a,222,m10-intent,L2,iterative_analytical,0,10,10,0.4475,0.05,1e-05,,True,a0 -> a1 -> a2 -> a3 -> b3,4,True,,,,0.44755510859374986,0,0.000987,SATISFIED,True,220,0.4475551085937498,0.4475551085937498,-5.551115123125783e-17,22603.536687,False,,641,227,0,0,0,0,0.06015661251,19bc4758b691f3086e9d7692428389d28337b25f9fb649216f12e274eb4346dc,False,,,,False,,3eada4d39cc676240b3278de813f19477e0b0eb8,1f2680a5b9065e708a7497adc53a95b108029b98,3.13.14,2.5.1,"{""pydantic"": ""2.13.4"", ""yaml"": ""6.0.3"", ""networkx"": ""3.6.1"", ""numpy"": ""2.5.1"", ""scipy"": ""1.18.0"", ""matplotlib"": ""3.11.0"", ""pandas"": ""3.0.3"", ""qutip"": ""5.3.0"", ""stim"": ""1.16.0"", ""gmpy2"": ""2.3.1"", ""nbformat"": ""5.10.4"", ""nbclient"": ""0.11.0""}",Windows,11,Gercom,2026-07-21T11:47:50.130248+00:00
P12_boundary_variability,P12_boundary_variability:small_mesh:c9b008c52680bb4a:L2:223:m10-intent:0,small_mesh,c9b008c52680bb4a,223,m10-intent,L2,L2,0,10,10,0.4475,0.05,,,True,,,True,,,,,,,TIMEOUT,,,,,,120,True,120,,,,,,,,,,,,,,,,,3.13.14,,,,,,2026-07-21T11:49:52.195458+00:00
P12_boundary_variability,P12_boundary_variability:small_mesh:c9b008c52680bb4a:L2:224:m10-intent:0,small_mesh,c9b008c52680bb4a,224,m10-intent,L2,iterative_analytical,0,10,10,0.4475,0.05,1e-05,,True,a0 -> a1 -> a2 -> a3 -> b3,4,True,,,,0.44755510859374986,0,0.001073,SATISFIED,True,221,0.4475551085937498,0.4475551085937498,-5.551115123125783e-17,11.729473,False,,641,225,0,0,0,0,0.06019777501,4f48ebda7ae817dfde5fa703a2af091307d9a9fa1d5a93659d5b3dacda95bd87,False,,,,False,,3eada4d39cc676240b3278de813f19477e0b0eb8,1f2680a5b9065e708a7497adc53a95b108029b98,3.13.14,2.5.1,"{""pydantic"": ""2.13.4"", ""yaml"": ""6.0.3"", ""networkx"": ""3.6.1"", ""numpy"": ""2.5.1"", ""scipy"": ""1.18.0"", ""matplotlib"": ""3.11.0"", ""pandas"": ""3.0.3"", ""qutip"": ""5.3.0"", ""stim"": ""1.16.0"", ""gmpy2"": ""2.3.1"", ""nbformat"": ""5.10.4"", ""nbclient"": ""0.11.0""}",Windows,11,Gercom,2026-07-21T11:50:11.775546+00:00
P12_boundary_variability,P12_boundary_variability:small_mesh:c9b008c52680bb4a:L2:225:m10-intent:0,small_mesh,c9b008c52680bb4a,225,m10-intent,L2,iterative_analytical,0,10,10,0.4475,0.05,1e-05,,True,a0 -> a1 -> a2 -> a3 -> b3,4,True,,,,0.44755510859374986,0,0.001137,SATISFIED,True,231,0.4475551085937498,0.4475551085937498,-5.551115123125783e-17,11.118537,False,,640,235,0,0,0,0,0.06019777501,91096d8bb177645f948bce91a54316cf458a1e1871beb97d010c47a34e27cc9f,False,,,,False,,3eada4d39cc676240b3278de813f19477e0b0eb8,1f2680a5b9065e708a7497adc53a95b108029b98,3.13.14,2.5.1,"{""pydantic"": ""2.13.4"", ""yaml"": ""6.0.3"", ""networkx"": ""3.6.1"", ""numpy"": ""2.5.1"", ""scipy"": ""1.18.0"", ""matplotlib"": ""3.11.0"", ""pandas"": ""3.0.3"", ""qutip"": ""5.3.0"", ""stim"": ""1.16.0"", ""gmpy2"": ""2.3.1"", ""nbformat"": ""5.10.4"", ""nbclient"": ""0.11.0""}",Windows,11,Gercom,2026-07-21T11:50:30.062657+00:00
P12_boundary_variability,P12_boundary_variability:small_mesh:c9b008c52680bb4a:L2:226:m10-intent:0,small_mesh,c9b008c52680bb4a,226,m10-intent,L2,iterative_analytical,0,10,10,0.4475,0.05,1e-05,,True,a0 -> a1 -> a2 -> a3 -> b3,4,True,,,,0.44755510859374986,0,0.000982,SATISFIED,True,231,0.4475551085937498,0.4475551085937498,-5.551115123125783e-17,9.118262,False,,617,234,0,0,0,0,0.06019773751,756f84f0120d02ee1380b9e054a756025fb52d6a8ee8863cfc12a9b17eb3cc2f,False,,,,False,,3eada4d39cc676240b3278de813f19477e0b0eb8,1f2680a5b9065e708a7497adc53a95b108029b98,3.13.14,2.5.1,"{""pydantic"": ""2.13.4"", ""yaml"": ""6.0.3"", ""networkx"": ""3.6.1"", ""numpy"": ""2.5.1"", ""scipy"": ""1.18.0"", ""matplotlib"": ""3.11.0"", ""pandas"": ""3.0.3"", ""qutip"": ""5.3.0"", ""stim"": ""1.16.0"", ""gmpy2"": ""2.3.1"", ""nbformat"": ""5.10.4"", ""nbclient"": ""0.11.0""}",Windows,11,Gercom,2026-07-21T11:50:43.775888+00:00
P12_boundary_variability,P12_boundary_variability:small_mesh:c9b008c52680bb4a:L2:227:m10-intent:0,small_mesh,c9b008c52680bb4a,227,m10-intent,L2,iterative_analytical,0,10,10,0.4475,0.05,1e-05,,True,a0 -> a1 -> a2 -> a3 -> b3,4,True,,,,0.44755510859374986,0,0.001002,SATISFIED,True,223,0.4475551085937498,0.4475551085937498,-5.551115123125783e-17,9.316437,False,,585,229,0,0,0,0,0.06019268751,7f330f145a232a65b5901967942a625322ef1bc5c045deeb6b497bc6ed44eb76,False,,,,False,,3eada4d39cc676240b3278de813f19477e0b0eb8,1f2680a5b9065e708a7497adc53a95b108029b98,3.13.14,2.5.1,"{""pydantic"": ""2.13.4"", ""yaml"": ""6.0.3"", ""networkx"": ""3.6.1"", ""numpy"": ""2.5.1"", ""scipy"": ""1.18.0"", ""matplotlib"": ""3.11.0"", ""pandas"": ""3.0.3"", ""qutip"": ""5.3.0"", ""stim"": ""1.16.0"", ""gmpy2"": ""2.3.1"", ""nbformat"": ""5.10.4"", ""nbclient"": ""0.11.0""}",Windows,11,Gercom,2026-07-21T11:50:57.741282+00:00
P12_boundary_variability,P12_boundary_variability:small_mesh:c9b008c52680bb4a:L2:228:m10-intent:0,small_mesh,c9b008c52680bb4a,228,m10-intent,L2,iterative_analytical,0,10,10,0.4475,0.05,1e-05,,True,a0 -> a1 -> a2 -> a3 -> b3,4,True,,,,0.44755510859374986,0,0.00106,SATISFIED,True,223,0.4475551085937498,0.4475551085937498,-5.551115123125783e-17,9.297348,False,,637,227,0,0,0,0,0.06019780001,35e9dec28cb1f7e81a004d6355a1444c33da3e8d8af30aa9c04a1b37e0349ee6,False,,,,False,,3eada4d39cc676240b3278de813f19477e0b0eb8,1f2680a5b9065e708a7497adc53a95b108029b98,3.13.14,2.5.1,"{""pydantic"": ""2.13.4"", ""yaml"": ""6.0.3"", ""networkx"": ""3.6.1"", ""numpy"": ""2.5.1"", ""scipy"": ""1.18.0"", ""matplotlib"": ""3.11.0"", ""pandas"": ""3.0.3"", ""qutip"": ""5.3.0"", ""stim"": ""1.16.0"", ""gmpy2"": ""2.3.1"", ""nbformat"": ""5.10.4"", ""nbclient"": ""0.11.0""}",Windows,11,Gercom,2026-07-21T11:51:11.793134+00:00
P12_boundary_variability,P12_boundary_variability:small_mesh:c9b008c52680bb4a:L2:229:m10-intent:0,small_mesh,c9b008c52680bb4a,229,m10-intent,L2,iterative_analytical,0,10,10,0.4475,0.05,1e-05,,True,a0 -> a1 -> a2 -> a3 -> b3,4,True,,,,0.44755510859374986,0,0.000552,SATISFIED,True,216,0.44755510859374986,0.44755510859374986,0.0,9.411971,False,,633,223,0,0,0,0,0.06019778751,2202b795247def740e6e21446ba924270575453ff1f38ead239b8682b24c4e92,False,,,,False,,3eada4d39cc676240b3278de813f19477e0b0eb8,1f2680a5b9065e708a7497adc53a95b108029b98,3.13.14,2.5.1,"{""pydantic"": ""2.13.4"", ""yaml"": ""6.0.3"", ""networkx"": ""3.6.1"", ""numpy"": ""2.5.1"", ""scipy"": ""1.18.0"", ""matplotlib"": ""3.11.0"", ""pandas"": ""3.0.3"", ""qutip"": ""5.3.0"", ""stim"": ""1.16.0"", ""gmpy2"": ""2.3.1"", ""nbformat"": ""5.10.4"", ""nbclient"": ""0.11.0""}",Windows,11,Gercom,2026-07-21T11:51:24.892894+00:00
P12_boundary_variability,P12_boundary_variability:small_mesh:372737b5acde83ad:L2:200:m10-intent:0,small_mesh,372737b5acde83ad,200,m10-intent,L2,iterative_analytical,0,10,10,0.44875,0.05,1e-05,,True,,0,False,no candidate route is feasible: a0->a1->a2->a3->b3 (min_fidelity 0.449 exceeds the achievable estimate 0.438 (no further gain after round 1 (fixed point reached))); a0->b0->b1->b2->b3 (min_fidelity 0.449 exceeds the achievable estimate 0.438 (no further gain after round 1 (fixed point reached))); a0->a1->b1->b2->b3 (min_fidelity 0.449 exceeds the achievable estimate 0.438 (no further gain after round 1 (fixed point reached))),,,,0,0.001412,REJECTED,,,,,,,False,,,,,,,,,,False,,,,False,,3eada4d39cc676240b3278de813f19477e0b0eb8,1f2680a5b9065e708a7497adc53a95b108029b98,3.13.14,2.5.1,"{""pydantic"": ""2.13.4"", ""yaml"": ""6.0.3"", ""networkx"": ""3.6.1"", ""numpy"": ""2.5.1"", ""scipy"": ""1.18.0"", ""matplotlib"": ""3.11.0"", ""pandas"": ""3.0.3"", ""qutip"": ""5.3.0"", ""stim"": ""1.16.0"", ""gmpy2"": ""2.3.1"", ""nbformat"": ""5.10.4"", ""nbclient"": ""0.11.0""}",Windows,11,Gercom,2026-07-21T11:53:02.880506+00:00
P12_boundary_variability,P12_boundary_variability:small_mesh:372737b5acde83ad:L2:201:m10-intent:0,small_mesh,372737b5acde83ad,201,m10-intent,L2,iterative_analytical,0,10,10,0.44875,0.05,1e-05,,True,,0,False,no candidate route is feasible: a0->a1->a2->a3->b3 (min_fidelity 0.449 exceeds the achievable estimate 0.438 (no further gain after round 1 (fixed point reached))); a0->b0->b1->b2->b3 (min_fidelity 0.449 exceeds the achievable estimate 0.438 (no further gain after round 1 (fixed point reached))); a0->a1->b1->b2->b3 (min_fidelity 0.449 exceeds the achievable estimate 0.438 (no further gain after round 1 (fixed point reached))),,,,0,0.00072,REJECTED,,,,,,,False,,,,,,,,,,False,,,,False,,3eada4d39cc676240b3278de813f19477e0b0eb8,1f2680a5b9065e708a7497adc53a95b108029b98,3.13.14,2.5.1,"{""pydantic"": ""2.13.4"", ""yaml"": ""6.0.3"", ""networkx"": ""3.6.1"", ""numpy"": ""2.5.1"", ""scipy"": ""1.18.0"", ""matplotlib"": ""3.11.0"", ""pandas"": ""3.0.3"", ""qutip"": ""5.3.0"", ""stim"": ""1.16.0"", ""gmpy2"": ""2.3.1"", ""nbformat"": ""5.10.4"", ""nbclient"": ""0.11.0""}",Windows,11,Gercom,2026-07-21T11:53:06.457384+00:00
P12_boundary_variability,P12_boundary_variability:small_mesh:372737b5acde83ad:L2:202:m10-intent:0,small_mesh,372737b5acde83ad,202,m10-intent,L2,iterative_analytical,0,10,10,0.44875,0.05,1e-05,,True,,0,False,no candidate route is feasible: a0->a1->a2->a3->b3 (min_fidelity 0.449 exceeds the achievable estimate 0.438 (no further gain after round 1 (fixed point reached))); a0->b0->b1->b2->b3 (min_fidelity 0.449 exceeds the achievable estimate 0.438 (no further gain after round 1 (fixed point reached))); a0->a1->b1->b2->b3 (min_fidelity 0.449 exceeds the achievable estimate 0.438 (no further gain after round 1 (fixed point reached))),,,,0,0.001449,REJECTED,,,,,,,False,,,,,,,,,,False,,,,False,,3eada4d39cc676240b3278de813f19477e0b0eb8,1f2680a5b9065e708a7497adc53a95b108029b98,3.13.14,2.5.1,"{""pydantic"": ""2.13.4"", ""yaml"": ""6.0.3"", ""networkx"": ""3.6.1"", ""numpy"": ""2.5.1"", ""scipy"": ""1.18.0"", ""matplotlib"": ""3.11.0"", ""pandas"": ""3.0.3"", ""qutip"": ""5.3.0"", ""stim"": ""1.16.0"", ""gmpy2"": ""2.3.1"", ""nbformat"": ""5.10.4"", ""nbclient"": ""0.11.0""}",Windows,11,Gercom,2026-07-21T11:53:10.420914+00:00
P12_boundary_variability,P12_boundary_variability:small_mesh:372737b5acde83ad:L2:203:m10-intent:0,small_mesh,372737b5acde83ad,203,m10-intent,L2,iterative_analytical,0,10,10,0.44875,0.05,1e-05,,True,,0,False,no candidate route is feasible: a0->a1->a2->a3->b3 (min_fidelity 0.449 exceeds the achievable estimate 0.438 (no further gain after round 1 (fixed point reached))); a0->b0->b1->b2->b3 (min_fidelity 0.449 exceeds the achievable estimate 0.438 (no further gain after round 1 (fixed point reached))); a0->a1->b1->b2->b3 (min_fidelity 0.449 exceeds the achievable estimate 0.438 (no further gain after round 1 (fixed point reached))),,,,0,0.001205,REJECTED,,,,,,,False,,,,,,,,,,False,,,,False,,3eada4d39cc676240b3278de813f19477e0b0eb8,1f2680a5b9065e708a7497adc53a95b108029b98,3.13.14,2.5.1,"{""pydantic"": ""2.13.4"", ""yaml"": ""6.0.3"", ""networkx"": ""3.6.1"", ""numpy"": ""2.5.1"", ""scipy"": ""1.18.0"", ""matplotlib"": ""3.11.0"", ""pandas"": ""3.0.3"", ""qutip"": ""5.3.0"", ""stim"": ""1.16.0"", ""gmpy2"": ""2.3.1"", ""nbformat"": ""5.10.4"", ""nbclient"": ""0.11.0""}",Windows,11,Gercom,2026-07-21T11:53:14.218318+00:00
P12_boundary_variability,P12_boundary_variability:small_mesh:372737b5acde83ad:L2:204:m10-intent:0,small_mesh,372737b5acde83ad,204,m10-intent,L2,iterative_analytical,0,10,10,0.44875,0.05,1e-05,,True,,0,False,no candidate route is feasible: a0->a1->a2->a3->b3 (min_fidelity 0.449 exceeds the achievable estimate 0.438 (no further gain after round 1 (fixed point reached))); a0->b0->b1->b2->b3 (min_fidelity 0.449 exceeds the achievable estimate 0.438 (no further gain after round 1 (fixed point reached))); a0->a1->b1->b2->b3 (min_fidelity 0.449 exceeds the achievable estimate 0.438 (no further gain after round 1 (fixed point reached))),,,,0,0.00069,REJECTED,,,,,,,False,,,,,,,,,,False,,,,False,,3eada4d39cc676240b3278de813f19477e0b0eb8,1f2680a5b9065e708a7497adc53a95b108029b98,3.13.14,2.5.1,"{""pydantic"": ""2.13.4"", ""yaml"": ""6.0.3"", ""networkx"": ""3.6.1"", ""numpy"": ""2.5.1"", ""scipy"": ""1.18.0"", ""matplotlib"": ""3.11.0"", ""pandas"": ""3.0.3"", ""qutip"": ""5.3.0"", ""stim"": ""1.16.0"", ""gmpy2"": ""2.3.1"", ""nbformat"": ""5.10.4"", ""nbclient"": ""0.11.0""}",Windows,11,Gercom,2026-07-21T11:53:17.910572+00:00
P12_boundary_variability,P12_boundary_variability:small_mesh:372737b5acde83ad:L2:205:m10-intent:0,small_mesh,372737b5acde83ad,205,m10-intent,L2,iterative_analytical,0,10,10,0.44875,0.05,1e-05,,True,,0,False,no candidate route is feasible: a0->a1->a2->a3->b3 (min_fidelity 0.449 exceeds the achievable estimate 0.438 (no further gain after round 1 (fixed point reached))); a0->b0->b1->b2->b3 (min_fidelity 0.449 exceeds the achievable estimate 0.438 (no further gain after round 1 (fixed point reached))); a0->a1->b1->b2->b3 (min_fidelity 0.449 exceeds the achievable estimate 0.438 (no further gain after round 1 (fixed point reached))),,,,0,0.000684,REJECTED,,,,,,,False,,,,,,,,,,False,,,,False,,3eada4d39cc676240b3278de813f19477e0b0eb8,1f2680a5b9065e708a7497adc53a95b108029b98,3.13.14,2.5.1,"{""pydantic"": ""2.13.4"", ""yaml"": ""6.0.3"", ""networkx"": ""3.6.1"", ""numpy"": ""2.5.1"", ""scipy"": ""1.18.0"", ""matplotlib"": ""3.11.0"", ""pandas"": ""3.0.3"", ""qutip"": ""5.3.0"", ""stim"": ""1.16.0"", ""gmpy2"": ""2.3.1"", ""nbformat"": ""5.10.4"", ""nbclient"": ""0.11.0""}",Windows,11,Gercom,2026-07-21T11:53:21.294940+00:00
P12_boundary_variability,P12_boundary_variability:small_mesh:372737b5acde83ad:L2:206:m10-intent:0,small_mesh,372737b5acde83ad,206,m10-intent,L2,iterative_analytical,0,10,10,0.44875,0.05,1e-05,,True,,0,False,no candidate route is feasible: a0->a1->a2->a3->b3 (min_fidelity 0.449 exceeds the achievable estimate 0.438 (no further gain after round 1 (fixed point reached))); a0->b0->b1->b2->b3 (min_fidelity 0.449 exceeds the achievable estimate 0.438 (no further gain after round 1 (fixed point reached))); a0->a1->b1->b2->b3 (min_fidelity 0.449 exceeds the achievable estimate 0.438 (no further gain after round 1 (fixed point reached))),,,,0,0.000658,REJECTED,,,,,,,False,,,,,,,,,,False,,,,False,,3eada4d39cc676240b3278de813f19477e0b0eb8,1f2680a5b9065e708a7497adc53a95b108029b98,3.13.14,2.5.1,"{""pydantic"": ""2.13.4"", ""yaml"": ""6.0.3"", ""networkx"": ""3.6.1"", ""numpy"": ""2.5.1"", ""scipy"": ""1.18.0"", ""matplotlib"": ""3.11.0"", ""pandas"": ""3.0.3"", ""qutip"": ""5.3.0"", ""stim"": ""1.16.0"", ""gmpy2"": ""2.3.1"", ""nbformat"": ""5.10.4"", ""nbclient"": ""0.11.0""}",Windows,11,Gercom,2026-07-21T11:53:24.724279+00:00
P12_boundary_variability,P12_boundary_variability:small_mesh:372737b5acde83ad:L2:207:m10-intent:0,small_mesh,372737b5acde83ad,207,m10-intent,L2,iterative_analytical,0,10,10,0.44875,0.05,1e-05,,True,,0,False,no candidate route is feasible: a0->a1->a2->a3->b3 (min_fidelity 0.449 exceeds the achievable estimate 0.438 (no further gain after round 1 (fixed point reached))); a0->b0->b1->b2->b3 (min_fidelity 0.449 exceeds the achievable estimate 0.438 (no further gain after round 1 (fixed point reached))); a0->a1->b1->b2->b3 (min_fidelity 0.449 exceeds the achievable estimate 0.438 (no further gain after round 1 (fixed point reached))),,,,0,0.000664,REJECTED,,,,,,,False,,,,,,,,,,False,,,,False,,3eada4d39cc676240b3278de813f19477e0b0eb8,1f2680a5b9065e708a7497adc53a95b108029b98,3.13.14,2.5.1,"{""pydantic"": ""2.13.4"", ""yaml"": ""6.0.3"", ""networkx"": ""3.6.1"", ""numpy"": ""2.5.1"", ""scipy"": ""1.18.0"", ""matplotlib"": ""3.11.0"", ""pandas"": ""3.0.3"", ""qutip"": ""5.3.0"", ""stim"": ""1.16.0"", ""gmpy2"": ""2.3.1"", ""nbformat"": ""5.10.4"", ""nbclient"": ""0.11.0""}",Windows,11,Gercom,2026-07-21T11:53:28.116100+00:00
P12_boundary_variability,P12_boundary_variability:small_mesh:372737b5acde83ad:L2:208:m10-intent:0,small_mesh,372737b5acde83ad,208,m10-intent,L2,iterative_analytical,0,10,10,0.44875,0.05,1e-05,,True,,0,False,no candidate route is feasible: a0->a1->a2->a3->b3 (min_fidelity 0.449 exceeds the achievable estimate 0.438 (no further gain after round 1 (fixed point reached))); a0->b0->b1->b2->b3 (min_fidelity 0.449 exceeds the achievable estimate 0.438 (no further gain after round 1 (fixed point reached))); a0->a1->b1->b2->b3 (min_fidelity 0.449 exceeds the achievable estimate 0.438 (no further gain after round 1 (fixed point reached))),,,,0,0.000645,REJECTED,,,,,,,False,,,,,,,,,,False,,,,False,,3eada4d39cc676240b3278de813f19477e0b0eb8,1f2680a5b9065e708a7497adc53a95b108029b98,3.13.14,2.5.1,"{""pydantic"": ""2.13.4"", ""yaml"": ""6.0.3"", ""networkx"": ""3.6.1"", ""numpy"": ""2.5.1"", ""scipy"": ""1.18.0"", ""matplotlib"": ""3.11.0"", ""pandas"": ""3.0.3"", ""qutip"": ""5.3.0"", ""stim"": ""1.16.0"", ""gmpy2"": ""2.3.1"", ""nbformat"": ""5.10.4"", ""nbclient"": ""0.11.0""}",Windows,11,Gercom,2026-07-21T11:53:31.550796+00:00
P12_boundary_variability,P12_boundary_variability:small_mesh:372737b5acde83ad:L2:209:m10-intent:0,small_mesh,372737b5acde83ad,209,m10-intent,L2,iterative_analytical,0,10,10,0.44875,0.05,1e-05,,True,,0,False,no candidate route is feasible: a0->a1->a2->a3->b3 (min_fidelity 0.449 exceeds the achievable estimate 0.438 (no further gain after round 1 (fixed point reached))); a0->b0->b1->b2->b3 (min_fidelity 0.449 exceeds the achievable estimate 0.438 (no further gain after round 1 (fixed point reached))); a0->a1->b1->b2->b3 (min_fidelity 0.449 exceeds the achievable estimate 0.438 (no further gain after round 1 (fixed point reached))),,,,0,0.000674,REJECTED,,,,,,,False,,,,,,,,,,False,,,,False,,3eada4d39cc676240b3278de813f19477e0b0eb8,1f2680a5b9065e708a7497adc53a95b108029b98,3.13.14,2.5.1,"{""pydantic"": ""2.13.4"", ""yaml"": ""6.0.3"", ""networkx"": ""3.6.1"", ""numpy"": ""2.5.1"", ""scipy"": ""1.18.0"", ""matplotlib"": ""3.11.0"", ""pandas"": ""3.0.3"", ""qutip"": ""5.3.0"", ""stim"": ""1.16.0"", ""gmpy2"": ""2.3.1"", ""nbformat"": ""5.10.4"", ""nbclient"": ""0.11.0""}",Windows,11,Gercom,2026-07-21T11:53:35.023463+00:00
P12_boundary_variability,P12_boundary_variability:small_mesh:372737b5acde83ad:L2:210:m10-intent:0,small_mesh,372737b5acde83ad,210,m10-intent,L2,iterative_analytical,0,10,10,0.44875,0.05,1e-05,,True,,0,False,no candidate route is feasible: a0->a1->a2->a3->b3 (min_fidelity 0.449 exceeds the achievable estimate 0.438 (no further gain after round 1 (fixed point reached))); a0->b0->b1->b2->b3 (min_fidelity 0.449 exceeds the achievable estimate 0.438 (no further gain after round 1 (fixed point reached))); a0->a1->b1->b2->b3 (min_fidelity 0.449 exceeds the achievable estimate 0.438 (no further gain after round 1 (fixed point reached))),,,,0,0.000672,REJECTED,,,,,,,False,,,,,,,,,,False,,,,False,,3eada4d39cc676240b3278de813f19477e0b0eb8,1f2680a5b9065e708a7497adc53a95b108029b98,3.13.14,2.5.1,"{""pydantic"": ""2.13.4"", ""yaml"": ""6.0.3"", ""networkx"": ""3.6.1"", ""numpy"": ""2.5.1"", ""scipy"": ""1.18.0"", ""matplotlib"": ""3.11.0"", ""pandas"": ""3.0.3"", ""qutip"": ""5.3.0"", ""stim"": ""1.16.0"", ""gmpy2"": ""2.3.1"", ""nbformat"": ""5.10.4"", ""nbclient"": ""0.11.0""}",Windows,11,Gercom,2026-07-21T11:53:38.503361+00:00
P12_boundary_variability,P12_boundary_variability:small_mesh:372737b5acde83ad:L2:211:m10-intent:0,small_mesh,372737b5acde83ad,211,m10-intent,L2,iterative_analytical,0,10,10,0.44875,0.05,1e-05,,True,,0,False,no candidate route is feasible: a0->a1->a2->a3->b3 (min_fidelity 0.449 exceeds the achievable estimate 0.438 (no further gain after round 1 (fixed point reached))); a0->b0->b1->b2->b3 (min_fidelity 0.449 exceeds the achievable estimate 0.438 (no further gain after round 1 (fixed point reached))); a0->a1->b1->b2->b3 (min_fidelity 0.449 exceeds the achievable estimate 0.438 (no further gain after round 1 (fixed point reached))),,,,0,0.000632,REJECTED,,,,,,,False,,,,,,,,,,False,,,,False,,3eada4d39cc676240b3278de813f19477e0b0eb8,1f2680a5b9065e708a7497adc53a95b108029b98,3.13.14,2.5.1,"{""pydantic"": ""2.13.4"", ""yaml"": ""6.0.3"", ""networkx"": ""3.6.1"", ""numpy"": ""2.5.1"", ""scipy"": ""1.18.0"", ""matplotlib"": ""3.11.0"", ""pandas"": ""3.0.3"", ""qutip"": ""5.3.0"", ""stim"": ""1.16.0"", ""gmpy2"": ""2.3.1"", ""nbformat"": ""5.10.4"", ""nbclient"": ""0.11.0""}",Windows,11,Gercom,2026-07-21T11:53:41.877092+00:00
P12_boundary_variability,P12_boundary_variability:small_mesh:372737b5acde83ad:L2:212:m10-intent:0,small_mesh,372737b5acde83ad,212,m10-intent,L2,iterative_analytical,0,10,10,0.44875,0.05,1e-05,,True,,0,False,no candidate route is feasible: a0->a1->a2->a3->b3 (min_fidelity 0.449 exceeds the achievable estimate 0.438 (no further gain after round 1 (fixed point reached))); a0->b0->b1->b2->b3 (min_fidelity 0.449 exceeds the achievable estimate 0.438 (no further gain after round 1 (fixed point reached))); a0->a1->b1->b2->b3 (min_fidelity 0.449 exceeds the achievable estimate 0.438 (no further gain after round 1 (fixed point reached))),,,,0,0.000657,REJECTED,,,,,,,False,,,,,,,,,,False,,,,False,,3eada4d39cc676240b3278de813f19477e0b0eb8,1f2680a5b9065e708a7497adc53a95b108029b98,3.13.14,2.5.1,"{""pydantic"": ""2.13.4"", ""yaml"": ""6.0.3"", ""networkx"": ""3.6.1"", ""numpy"": ""2.5.1"", ""scipy"": ""1.18.0"", ""matplotlib"": ""3.11.0"", ""pandas"": ""3.0.3"", ""qutip"": ""5.3.0"", ""stim"": ""1.16.0"", ""gmpy2"": ""2.3.1"", ""nbformat"": ""5.10.4"", ""nbclient"": ""0.11.0""}",Windows,11,Gercom,2026-07-21T11:53:45.294607+00:00
P12_boundary_variability,P12_boundary_variability:small_mesh:372737b5acde83ad:L2:213:m10-intent:0,small_mesh,372737b5acde83ad,213,m10-intent,L2,iterative_analytical,0,10,10,0.44875,0.05,1e-05,,True,,0,False,no candidate route is feasible: a0->a1->a2->a3->b3 (min_fidelity 0.449 exceeds the achievable estimate 0.438 (no further gain after round 1 (fixed point reached))); a0->b0->b1->b2->b3 (min_fidelity 0.449 exceeds the achievable estimate 0.438 (no further gain after round 1 (fixed point reached))); a0->a1->b1->b2->b3 (min_fidelity 0.449 exceeds the achievable estimate 0.438 (no further gain after round 1 (fixed point reached))),,,,0,0.00064,REJECTED,,,,,,,False,,,,,,,,,,False,,,,False,,3eada4d39cc676240b3278de813f19477e0b0eb8,1f2680a5b9065e708a7497adc53a95b108029b98,3.13.14,2.5.1,"{""pydantic"": ""2.13.4"", ""yaml"": ""6.0.3"", ""networkx"": ""3.6.1"", ""numpy"": ""2.5.1"", ""scipy"": ""1.18.0"", ""matplotlib"": ""3.11.0"", ""pandas"": ""3.0.3"", ""qutip"": ""5.3.0"", ""stim"": ""1.16.0"", ""gmpy2"": ""2.3.1"", ""nbformat"": ""5.10.4"", ""nbclient"": ""0.11.0""}",Windows,11,Gercom,2026-07-21T11:53:48.675072+00:00
P12_boundary_variability,P12_boundary_variability:small_mesh:372737b5acde83ad:L2:214:m10-intent:0,small_mesh,372737b5acde83ad,214,m10-intent,L2,iterative_analytical,0,10,10,0.44875,0.05,1e-05,,True,,0,False,no candidate route is feasible: a0->a1->a2->a3->b3 (min_fidelity 0.449 exceeds the achievable estimate 0.438 (no further gain after round 1 (fixed point reached))); a0->b0->b1->b2->b3 (min_fidelity 0.449 exceeds the achievable estimate 0.438 (no further gain after round 1 (fixed point reached))); a0->a1->b1->b2->b3 (min_fidelity 0.449 exceeds the achievable estimate 0.438 (no further gain after round 1 (fixed point reached))),,,,0,0.000636,REJECTED,,,,,,,False,,,,,,,,,,False,,,,False,,3eada4d39cc676240b3278de813f19477e0b0eb8,1f2680a5b9065e708a7497adc53a95b108029b98,3.13.14,2.5.1,"{""pydantic"": ""2.13.4"", ""yaml"": ""6.0.3"", ""networkx"": ""3.6.1"", ""numpy"": ""2.5.1"", ""scipy"": ""1.18.0"", ""matplotlib"": ""3.11.0"", ""pandas"": ""3.0.3"", ""qutip"": ""5.3.0"", ""stim"": ""1.16.0"", ""gmpy2"": ""2.3.1"", ""nbformat"": ""5.10.4"", ""nbclient"": ""0.11.0""}",Windows,11,Gercom,2026-07-21T11:53:51.991720+00:00
P12_boundary_variability,P12_boundary_variability:small_mesh:372737b5acde83ad:L2:215:m10-intent:0,small_mesh,372737b5acde83ad,215,m10-intent,L2,iterative_analytical,0,10,10,0.44875,0.05,1e-05,,True,,0,False,no candidate route is feasible: a0->a1->a2->a3->b3 (min_fidelity 0.449 exceeds the achievable estimate 0.438 (no further gain after round 1 (fixed point reached))); a0->b0->b1->b2->b3 (min_fidelity 0.449 exceeds the achievable estimate 0.438 (no further gain after round 1 (fixed point reached))); a0->a1->b1->b2->b3 (min_fidelity 0.449 exceeds the achievable estimate 0.438 (no further gain after round 1 (fixed point reached))),,,,0,0.000655,REJECTED,,,,,,,False,,,,,,,,,,False,,,,False,,3eada4d39cc676240b3278de813f19477e0b0eb8,1f2680a5b9065e708a7497adc53a95b108029b98,3.13.14,2.5.1,"{""pydantic"": ""2.13.4"", ""yaml"": ""6.0.3"", ""networkx"": ""3.6.1"", ""numpy"": ""2.5.1"", ""scipy"": ""1.18.0"", ""matplotlib"": ""3.11.0"", ""pandas"": ""3.0.3"", ""qutip"": ""5.3.0"", ""stim"": ""1.16.0"", ""gmpy2"": ""2.3.1"", ""nbformat"": ""5.10.4"", ""nbclient"": ""0.11.0""}",Windows,11,Gercom,2026-07-21T11:53:55.379140+00:00
P12_boundary_variability,P12_boundary_variability:small_mesh:372737b5acde83ad:L2:216:m10-intent:0,small_mesh,372737b5acde83ad,216,m10-intent,L2,iterative_analytical,0,10,10,0.44875,0.05,1e-05,,True,,0,False,no candidate route is feasible: a0->a1->a2->a3->b3 (min_fidelity 0.449 exceeds the achievable estimate 0.438 (no further gain after round 1 (fixed point reached))); a0->b0->b1->b2->b3 (min_fidelity 0.449 exceeds the achievable estimate 0.438 (no further gain after round 1 (fixed point reached))); a0->a1->b1->b2->b3 (min_fidelity 0.449 exceeds the achievable estimate 0.438 (no further gain after round 1 (fixed point reached))),,,,0,0.000649,REJECTED,,,,,,,False,,,,,,,,,,False,,,,False,,3eada4d39cc676240b3278de813f19477e0b0eb8,1f2680a5b9065e708a7497adc53a95b108029b98,3.13.14,2.5.1,"{""pydantic"": ""2.13.4"", ""yaml"": ""6.0.3"", ""networkx"": ""3.6.1"", ""numpy"": ""2.5.1"", ""scipy"": ""1.18.0"", ""matplotlib"": ""3.11.0"", ""pandas"": ""3.0.3"", ""qutip"": ""5.3.0"", ""stim"": ""1.16.0"", ""gmpy2"": ""2.3.1"", ""nbformat"": ""5.10.4"", ""nbclient"": ""0.11.0""}",Windows,11,Gercom,2026-07-21T11:53:58.729527+00:00
P12_boundary_variability,P12_boundary_variability:small_mesh:372737b5acde83ad:L2:217:m10-intent:0,small_mesh,372737b5acde83ad,217,m10-intent,L2,iterative_analytical,0,10,10,0.44875,0.05,1e-05,,True,,0,False,no candidate route is feasible: a0->a1->a2->a3->b3 (min_fidelity 0.449 exceeds the achievable estimate 0.438 (no further gain after round 1 (fixed point reached))); a0->b0->b1->b2->b3 (min_fidelity 0.449 exceeds the achievable estimate 0.438 (no further gain after round 1 (fixed point reached))); a0->a1->b1->b2->b3 (min_fidelity 0.449 exceeds the achievable estimate 0.438 (no further gain after round 1 (fixed point reached))),,,,0,0.000654,REJECTED,,,,,,,False,,,,,,,,,,False,,,,False,,3eada4d39cc676240b3278de813f19477e0b0eb8,1f2680a5b9065e708a7497adc53a95b108029b98,3.13.14,2.5.1,"{""pydantic"": ""2.13.4"", ""yaml"": ""6.0.3"", ""networkx"": ""3.6.1"", ""numpy"": ""2.5.1"", ""scipy"": ""1.18.0"", ""matplotlib"": ""3.11.0"", ""pandas"": ""3.0.3"", ""qutip"": ""5.3.0"", ""stim"": ""1.16.0"", ""gmpy2"": ""2.3.1"", ""nbformat"": ""5.10.4"", ""nbclient"": ""0.11.0""}",Windows,11,Gercom,2026-07-21T11:54:02.109255+00:00
P12_boundary_variability,P12_boundary_variability:small_mesh:372737b5acde83ad:L2:218:m10-intent:0,small_mesh,372737b5acde83ad,218,m10-intent,L2,iterative_analytical,0,10,10,0.44875,0.05,1e-05,,True,,0,False,no candidate route is feasible: a0->a1->a2->a3->b3 (min_fidelity 0.449 exceeds the achievable estimate 0.438 (no further gain after round 1 (fixed point reached))); a0->b0->b1->b2->b3 (min_fidelity 0.449 exceeds the achievable estimate 0.438 (no further gain after round 1 (fixed point reached))); a0->a1->b1->b2->b3 (min_fidelity 0.449 exceeds the achievable estimate 0.438 (no further gain after round 1 (fixed point reached))),,,,0,0.000654,REJECTED,,,,,,,False,,,,,,,,,,False,,,,False,,3eada4d39cc676240b3278de813f19477e0b0eb8,1f2680a5b9065e708a7497adc53a95b108029b98,3.13.14,2.5.1,"{""pydantic"": ""2.13.4"", ""yaml"": ""6.0.3"", ""networkx"": ""3.6.1"", ""numpy"": ""2.5.1"", ""scipy"": ""1.18.0"", ""matplotlib"": ""3.11.0"", ""pandas"": ""3.0.3"", ""qutip"": ""5.3.0"", ""stim"": ""1.16.0"", ""gmpy2"": ""2.3.1"", ""nbformat"": ""5.10.4"", ""nbclient"": ""0.11.0""}",Windows,11,Gercom,2026-07-21T11:54:05.661637+00:00
P12_boundary_variability,P12_boundary_variability:small_mesh:372737b5acde83ad:L2:219:m10-intent:0,small_mesh,372737b5acde83ad,219,m10-intent,L2,iterative_analytical,0,10,10,0.44875,0.05,1e-05,,True,,0,False,no candidate route is feasible: a0->a1->a2->a3->b3 (min_fidelity 0.449 exceeds the achievable estimate 0.438 (no further gain after round 1 (fixed point reached))); a0->b0->b1->b2->b3 (min_fidelity 0.449 exceeds the achievable estimate 0.438 (no further gain after round 1 (fixed point reached))); a0->a1->b1->b2->b3 (min_fidelity 0.449 exceeds the achievable estimate 0.438 (no further gain after round 1 (fixed point reached))),,,,0,0.000666,REJECTED,,,,,,,False,,,,,,,,,,False,,,,False,,3eada4d39cc676240b3278de813f19477e0b0eb8,1f2680a5b9065e708a7497adc53a95b108029b98,3.13.14,2.5.1,"{""pydantic"": ""2.13.4"", ""yaml"": ""6.0.3"", ""networkx"": ""3.6.1"", ""numpy"": ""2.5.1"", ""scipy"": ""1.18.0"", ""matplotlib"": ""3.11.0"", ""pandas"": ""3.0.3"", ""qutip"": ""5.3.0"", ""stim"": ""1.16.0"", ""gmpy2"": ""2.3.1"", ""nbformat"": ""5.10.4"", ""nbclient"": ""0.11.0""}",Windows,11,Gercom,2026-07-21T11:54:09.107620+00:00
P12_boundary_variability,P12_boundary_variability:small_mesh:372737b5acde83ad:L2:220:m10-intent:0,small_mesh,372737b5acde83ad,220,m10-intent,L2,iterative_analytical,0,10,10,0.44875,0.05,1e-05,,True,,0,False,no candidate route is feasible: a0->a1->a2->a3->b3 (min_fidelity 0.449 exceeds the achievable estimate 0.438 (no further gain after round 1 (fixed point reached))); a0->b0->b1->b2->b3 (min_fidelity 0.449 exceeds the achievable estimate 0.438 (no further gain after round 1 (fixed point reached))); a0->a1->b1->b2->b3 (min_fidelity 0.449 exceeds the achievable estimate 0.438 (no further gain after round 1 (fixed point reached))),,,,0,0.00065,REJECTED,,,,,,,False,,,,,,,,,,False,,,,False,,3eada4d39cc676240b3278de813f19477e0b0eb8,1f2680a5b9065e708a7497adc53a95b108029b98,3.13.14,2.5.1,"{""pydantic"": ""2.13.4"", ""yaml"": ""6.0.3"", ""networkx"": ""3.6.1"", ""numpy"": ""2.5.1"", ""scipy"": ""1.18.0"", ""matplotlib"": ""3.11.0"", ""pandas"": ""3.0.3"", ""qutip"": ""5.3.0"", ""stim"": ""1.16.0"", ""gmpy2"": ""2.3.1"", ""nbformat"": ""5.10.4"", ""nbclient"": ""0.11.0""}",Windows,11,Gercom,2026-07-21T11:54:12.457774+00:00
P12_boundary_variability,P12_boundary_variability:small_mesh:372737b5acde83ad:L2:221:m10-intent:0,small_mesh,372737b5acde83ad,221,m10-intent,L2,iterative_analytical,0,10,10,0.44875,0.05,1e-05,,True,,0,False,no candidate route is feasible: a0->a1->a2->a3->b3 (min_fidelity 0.449 exceeds the achievable estimate 0.438 (no further gain after round 1 (fixed point reached))); a0->b0->b1->b2->b3 (min_fidelity 0.449 exceeds the achievable estimate 0.438 (no further gain after round 1 (fixed point reached))); a0->a1->b1->b2->b3 (min_fidelity 0.449 exceeds the achievable estimate 0.438 (no further gain after round 1 (fixed point reached))),,,,0,0.000644,REJECTED,,,,,,,False,,,,,,,,,,False,,,,False,,3eada4d39cc676240b3278de813f19477e0b0eb8,1f2680a5b9065e708a7497adc53a95b108029b98,3.13.14,2.5.1,"{""pydantic"": ""2.13.4"", ""yaml"": ""6.0.3"", ""networkx"": ""3.6.1"", ""numpy"": ""2.5.1"", ""scipy"": ""1.18.0"", ""matplotlib"": ""3.11.0"", ""pandas"": ""3.0.3"", ""qutip"": ""5.3.0"", ""stim"": ""1.16.0"", ""gmpy2"": ""2.3.1"", ""nbformat"": ""5.10.4"", ""nbclient"": ""0.11.0""}",Windows,11,Gercom,2026-07-21T11:54:15.829537+00:00
P12_boundary_variability,P12_boundary_variability:small_mesh:372737b5acde83ad:L2:222:m10-intent:0,small_mesh,372737b5acde83ad,222,m10-intent,L2,iterative_analytical,0,10,10,0.44875,0.05,1e-05,,True,,0,False,no candidate route is feasible: a0->a1->a2->a3->b3 (min_fidelity 0.449 exceeds the achievable estimate 0.438 (no further gain after round 1 (fixed point reached))); a0->b0->b1->b2->b3 (min_fidelity 0.449 exceeds the achievable estimate 0.438 (no further gain after round 1 (fixed point reached))); a0->a1->b1->b2->b3 (min_fidelity 0.449 exceeds the achievable estimate 0.438 (no further gain after round 1 (fixed point reached))),,,,0,0.000679,REJECTED,,,,,,,False,,,,,,,,,,False,,,,False,,3eada4d39cc676240b3278de813f19477e0b0eb8,1f2680a5b9065e708a7497adc53a95b108029b98,3.13.14,2.5.1,"{""pydantic"": ""2.13.4"", ""yaml"": ""6.0.3"", ""networkx"": ""3.6.1"", ""numpy"": ""2.5.1"", ""scipy"": ""1.18.0"", ""matplotlib"": ""3.11.0"", ""pandas"": ""3.0.3"", ""qutip"": ""5.3.0"", ""stim"": ""1.16.0"", ""gmpy2"": ""2.3.1"", ""nbformat"": ""5.10.4"", ""nbclient"": ""0.11.0""}",Windows,11,Gercom,2026-07-21T11:54:19.273957+00:00
P12_boundary_variability,P12_boundary_variability:small_mesh:372737b5acde83ad:L2:223:m10-intent:0,small_mesh,372737b5acde83ad,223,m10-intent,L2,iterative_analytical,0,10,10,0.44875,0.05,1e-05,,True,,0,False,no candidate route is feasible: a0->a1->a2->a3->b3 (min_fidelity 0.449 exceeds the achievable estimate 0.438 (no further gain after round 1 (fixed point reached))); a0->b0->b1->b2->b3 (min_fidelity 0.449 exceeds the achievable estimate 0.438 (no further gain after round 1 (fixed point reached))); a0->a1->b1->b2->b3 (min_fidelity 0.449 exceeds the achievable estimate 0.438 (no further gain after round 1 (fixed point reached))),,,,0,0.000659,REJECTED,,,,,,,False,,,,,,,,,,False,,,,False,,3eada4d39cc676240b3278de813f19477e0b0eb8,1f2680a5b9065e708a7497adc53a95b108029b98,3.13.14,2.5.1,"{""pydantic"": ""2.13.4"", ""yaml"": ""6.0.3"", ""networkx"": ""3.6.1"", ""numpy"": ""2.5.1"", ""scipy"": ""1.18.0"", ""matplotlib"": ""3.11.0"", ""pandas"": ""3.0.3"", ""qutip"": ""5.3.0"", ""stim"": ""1.16.0"", ""gmpy2"": ""2.3.1"", ""nbformat"": ""5.10.4"", ""nbclient"": ""0.11.0""}",Windows,11,Gercom,2026-07-21T11:54:22.616828+00:00
P12_boundary_variability,P12_boundary_variability:small_mesh:372737b5acde83ad:L2:224:m10-intent:0,small_mesh,372737b5acde83ad,224,m10-intent,L2,iterative_analytical,0,10,10,0.44875,0.05,1e-05,,True,,0,False,no candidate route is feasible: a0->a1->a2->a3->b3 (min_fidelity 0.449 exceeds the achievable estimate 0.438 (no further gain after round 1 (fixed point reached))); a0->b0->b1->b2->b3 (min_fidelity 0.449 exceeds the achievable estimate 0.438 (no further gain after round 1 (fixed point reached))); a0->a1->b1->b2->b3 (min_fidelity 0.449 exceeds the achievable estimate 0.438 (no further gain after round 1 (fixed point reached))),,,,0,0.000672,REJECTED,,,,,,,False,,,,,,,,,,False,,,,False,,3eada4d39cc676240b3278de813f19477e0b0eb8,1f2680a5b9065e708a7497adc53a95b108029b98,3.13.14,2.5.1,"{""pydantic"": ""2.13.4"", ""yaml"": ""6.0.3"", ""networkx"": ""3.6.1"", ""numpy"": ""2.5.1"", ""scipy"": ""1.18.0"", ""matplotlib"": ""3.11.0"", ""pandas"": ""3.0.3"", ""qutip"": ""5.3.0"", ""stim"": ""1.16.0"", ""gmpy2"": ""2.3.1"", ""nbformat"": ""5.10.4"", ""nbclient"": ""0.11.0""}",Windows,11,Gercom,2026-07-21T11:54:26.122161+00:00
P12_boundary_variability,P12_boundary_variability:small_mesh:372737b5acde83ad:L2:225:m10-intent:0,small_mesh,372737b5acde83ad,225,m10-intent,L2,iterative_analytical,0,10,10,0.44875,0.05,1e-05,,True,,0,False,no candidate route is feasible: a0->a1->a2->a3->b3 (min_fidelity 0.449 exceeds the achievable estimate 0.438 (no further gain after round 1 (fixed point reached))); a0->b0->b1->b2->b3 (min_fidelity 0.449 exceeds the achievable estimate 0.438 (no further gain after round 1 (fixed point reached))); a0->a1->b1->b2->b3 (min_fidelity 0.449 exceeds the achievable estimate 0.438 (no further gain after round 1 (fixed point reached))),,,,0,0.000642,REJECTED,,,,,,,False,,,,,,,,,,False,,,,False,,3eada4d39cc676240b3278de813f19477e0b0eb8,1f2680a5b9065e708a7497adc53a95b108029b98,3.13.14,2.5.1,"{""pydantic"": ""2.13.4"", ""yaml"": ""6.0.3"", ""networkx"": ""3.6.1"", ""numpy"": ""2.5.1"", ""scipy"": ""1.18.0"", ""matplotlib"": ""3.11.0"", ""pandas"": ""3.0.3"", ""qutip"": ""5.3.0"", ""stim"": ""1.16.0"", ""gmpy2"": ""2.3.1"", ""nbformat"": ""5.10.4"", ""nbclient"": ""0.11.0""}",Windows,11,Gercom,2026-07-21T11:54:29.554821+00:00
P12_boundary_variability,P12_boundary_variability:small_mesh:372737b5acde83ad:L2:226:m10-intent:0,small_mesh,372737b5acde83ad,226,m10-intent,L2,iterative_analytical,0,10,10,0.44875,0.05,1e-05,,True,,0,False,no candidate route is feasible: a0->a1->a2->a3->b3 (min_fidelity 0.449 exceeds the achievable estimate 0.438 (no further gain after round 1 (fixed point reached))); a0->b0->b1->b2->b3 (min_fidelity 0.449 exceeds the achievable estimate 0.438 (no further gain after round 1 (fixed point reached))); a0->a1->b1->b2->b3 (min_fidelity 0.449 exceeds the achievable estimate 0.438 (no further gain after round 1 (fixed point reached))),,,,0,0.000671,REJECTED,,,,,,,False,,,,,,,,,,False,,,,False,,3eada4d39cc676240b3278de813f19477e0b0eb8,1f2680a5b9065e708a7497adc53a95b108029b98,3.13.14,2.5.1,"{""pydantic"": ""2.13.4"", ""yaml"": ""6.0.3"", ""networkx"": ""3.6.1"", ""numpy"": ""2.5.1"", ""scipy"": ""1.18.0"", ""matplotlib"": ""3.11.0"", ""pandas"": ""3.0.3"", ""qutip"": ""5.3.0"", ""stim"": ""1.16.0"", ""gmpy2"": ""2.3.1"", ""nbformat"": ""5.10.4"", ""nbclient"": ""0.11.0""}",Windows,11,Gercom,2026-07-21T11:54:32.891819+00:00
P12_boundary_variability,P12_boundary_variability:small_mesh:372737b5acde83ad:L2:227:m10-intent:0,small_mesh,372737b5acde83ad,227,m10-intent,L2,iterative_analytical,0,10,10,0.44875,0.05,1e-05,,True,,0,False,no candidate route is feasible: a0->a1->a2->a3->b3 (min_fidelity 0.449 exceeds the achievable estimate 0.438 (no further gain after round 1 (fixed point reached))); a0->b0->b1->b2->b3 (min_fidelity 0.449 exceeds the achievable estimate 0.438 (no further gain after round 1 (fixed point reached))); a0->a1->b1->b2->b3 (min_fidelity 0.449 exceeds the achievable estimate 0.438 (no further gain after round 1 (fixed point reached))),,,,0,0.000655,REJECTED,,,,,,,False,,,,,,,,,,False,,,,False,,3eada4d39cc676240b3278de813f19477e0b0eb8,1f2680a5b9065e708a7497adc53a95b108029b98,3.13.14,2.5.1,"{""pydantic"": ""2.13.4"", ""yaml"": ""6.0.3"", ""networkx"": ""3.6.1"", ""numpy"": ""2.5.1"", ""scipy"": ""1.18.0"", ""matplotlib"": ""3.11.0"", ""pandas"": ""3.0.3"", ""qutip"": ""5.3.0"", ""stim"": ""1.16.0"", ""gmpy2"": ""2.3.1"", ""nbformat"": ""5.10.4"", ""nbclient"": ""0.11.0""}",Windows,11,Gercom,2026-07-21T11:54:36.355749+00:00
P12_boundary_variability,P12_boundary_variability:small_mesh:372737b5acde83ad:L2:228:m10-intent:0,small_mesh,372737b5acde83ad,228,m10-intent,L2,iterative_analytical,0,10,10,0.44875,0.05,1e-05,,True,,0,False,no candidate route is feasible: a0->a1->a2->a3->b3 (min_fidelity 0.449 exceeds the achievable estimate 0.438 (no further gain after round 1 (fixed point reached))); a0->b0->b1->b2->b3 (min_fidelity 0.449 exceeds the achievable estimate 0.438 (no further gain after round 1 (fixed point reached))); a0->a1->b1->b2->b3 (min_fidelity 0.449 exceeds the achievable estimate 0.438 (no further gain after round 1 (fixed point reached))),,,,0,0.000692,REJECTED,,,,,,,False,,,,,,,,,,False,,,,False,,3eada4d39cc676240b3278de813f19477e0b0eb8,1f2680a5b9065e708a7497adc53a95b108029b98,3.13.14,2.5.1,"{""pydantic"": ""2.13.4"", ""yaml"": ""6.0.3"", ""networkx"": ""3.6.1"", ""numpy"": ""2.5.1"", ""scipy"": ""1.18.0"", ""matplotlib"": ""3.11.0"", ""pandas"": ""3.0.3"", ""qutip"": ""5.3.0"", ""stim"": ""1.16.0"", ""gmpy2"": ""2.3.1"", ""nbformat"": ""5.10.4"", ""nbclient"": ""0.11.0""}",Windows,11,Gercom,2026-07-21T11:54:39.719794+00:00
P12_boundary_variability,P12_boundary_variability:small_mesh:372737b5acde83ad:L2:229:m10-intent:0,small_mesh,372737b5acde83ad,229,m10-intent,L2,iterative_analytical,0,10,10,0.44875,0.05,1e-05,,True,,0,False,no candidate route is feasible: a0->a1->a2->a3->b3 (min_fidelity 0.449 exceeds the achievable estimate 0.438 (no further gain after round 1 (fixed point reached))); a0->b0->b1->b2->b3 (min_fidelity 0.449 exceeds the achievable estimate 0.438 (no further gain after round 1 (fixed point reached))); a0->a1->b1->b2->b3 (min_fidelity 0.449 exceeds the achievable estimate 0.438 (no further gain after round 1 (fixed point reached))),,,,0,0.000652,REJECTED,,,,,,,False,,,,,,,,,,False,,,,False,,3eada4d39cc676240b3278de813f19477e0b0eb8,1f2680a5b9065e708a7497adc53a95b108029b98,3.13.14,2.5.1,"{""pydantic"": ""2.13.4"", ""yaml"": ""6.0.3"", ""networkx"": ""3.6.1"", ""numpy"": ""2.5.1"", ""scipy"": ""1.18.0"", ""matplotlib"": ""3.11.0"", ""pandas"": ""3.0.3"", ""qutip"": ""5.3.0"", ""stim"": ""1.16.0"", ""gmpy2"": ""2.3.1"", ""nbformat"": ""5.10.4"", ""nbclient"": ""0.11.0""}",Windows,11,Gercom,2026-07-21T11:54:43.020745+00:00
P12_boundary_variability,P12_boundary_variability:small_mesh:372737b5acde83ad:L2:230:m10-intent:0,small_mesh,372737b5acde83ad,230,m10-intent,L2,iterative_analytical,0,10,10,0.44875,0.05,1e-05,,True,,0,False,no candidate route is feasible: a0->a1->a2->a3->b3 (min_fidelity 0.449 exceeds the achievable estimate 0.438 (no further gain after round 1 (fixed point reached))); a0->b0->b1->b2->b3 (min_fidelity 0.449 exceeds the achievable estimate 0.438 (no further gain after round 1 (fixed point reached))); a0->a1->b1->b2->b3 (min_fidelity 0.449 exceeds the achievable estimate 0.438 (no further gain after round 1 (fixed point reached))),,,,0,0.000644,REJECTED,,,,,,,False,,,,,,,,,,False,,,,False,,3eada4d39cc676240b3278de813f19477e0b0eb8,1f2680a5b9065e708a7497adc53a95b108029b98,3.13.14,2.5.1,"{""pydantic"": ""2.13.4"", ""yaml"": ""6.0.3"", ""networkx"": ""3.6.1"", ""numpy"": ""2.5.1"", ""scipy"": ""1.18.0"", ""matplotlib"": ""3.11.0"", ""pandas"": ""3.0.3"", ""qutip"": ""5.3.0"", ""stim"": ""1.16.0"", ""gmpy2"": ""2.3.1"", ""nbformat"": ""5.10.4"", ""nbclient"": ""0.11.0""}",Windows,11,Gercom,2026-07-21T11:54:46.320512+00:00
P12_boundary_variability,P12_boundary_variability:small_mesh:372737b5acde83ad:L2:231:m10-intent:0,small_mesh,372737b5acde83ad,231,m10-intent,L2,iterative_analytical,0,10,10,0.44875,0.05,1e-05,,True,,0,False,no candidate route is feasible: a0->a1->a2->a3->b3 (min_fidelity 0.449 exceeds the achievable estimate 0.438 (no further gain after round 1 (fixed point reached))); a0->b0->b1->b2->b3 (min_fidelity 0.449 exceeds the achievable estimate 0.438 (no further gain after round 1 (fixed point reached))); a0->a1->b1->b2->b3 (min_fidelity 0.449 exceeds the achievable estimate 0.438 (no further gain after round 1 (fixed point reached))),,,,0,0.000678,REJECTED,,,,,,,False,,,,,,,,,,False,,,,False,,3eada4d39cc676240b3278de813f19477e0b0eb8,1f2680a5b9065e708a7497adc53a95b108029b98,3.13.14,2.5.1,"{""pydantic"": ""2.13.4"", ""yaml"": ""6.0.3"", ""networkx"": ""3.6.1"", ""numpy"": ""2.5.1"", ""scipy"": ""1.18.0"", ""matplotlib"": ""3.11.0"", ""pandas"": ""3.0.3"", ""qutip"": ""5.3.0"", ""stim"": ""1.16.0"", ""gmpy2"": ""2.3.1"", ""nbformat"": ""5.10.4"", ""nbclient"": ""0.11.0""}",Windows,11,Gercom,2026-07-21T11:54:49.690277+00:00
P12_boundary_variability,P12_boundary_variability:small_mesh:372737b5acde83ad:L2:232:m10-intent:0,small_mesh,372737b5acde83ad,232,m10-intent,L2,iterative_analytical,0,10,10,0.44875,0.05,1e-05,,True,,0,False,no candidate route is feasible: a0->a1->a2->a3->b3 (min_fidelity 0.449 exceeds the achievable estimate 0.438 (no further gain after round 1 (fixed point reached))); a0->b0->b1->b2->b3 (min_fidelity 0.449 exceeds the achievable estimate 0.438 (no further gain after round 1 (fixed point reached))); a0->a1->b1->b2->b3 (min_fidelity 0.449 exceeds the achievable estimate 0.438 (no further gain after round 1 (fixed point reached))),,,,0,0.000641,REJECTED,,,,,,,False,,,,,,,,,,False,,,,False,,3eada4d39cc676240b3278de813f19477e0b0eb8,1f2680a5b9065e708a7497adc53a95b108029b98,3.13.14,2.5.1,"{""pydantic"": ""2.13.4"", ""yaml"": ""6.0.3"", ""networkx"": ""3.6.1"", ""numpy"": ""2.5.1"", ""scipy"": ""1.18.0"", ""matplotlib"": ""3.11.0"", ""pandas"": ""3.0.3"", ""qutip"": ""5.3.0"", ""stim"": ""1.16.0"", ""gmpy2"": ""2.3.1"", ""nbformat"": ""5.10.4"", ""nbclient"": ""0.11.0""}",Windows,11,Gercom,2026-07-21T11:54:53.012309+00:00
P12_boundary_variability,P12_boundary_variability:small_mesh:372737b5acde83ad:L2:233:m10-intent:0,small_mesh,372737b5acde83ad,233,m10-intent,L2,iterative_analytical,0,10,10,0.44875,0.05,1e-05,,True,,0,False,no candidate route is feasible: a0->a1->a2->a3->b3 (min_fidelity 0.449 exceeds the achievable estimate 0.438 (no further gain after round 1 (fixed point reached))); a0->b0->b1->b2->b3 (min_fidelity 0.449 exceeds the achievable estimate 0.438 (no further gain after round 1 (fixed point reached))); a0->a1->b1->b2->b3 (min_fidelity 0.449 exceeds the achievable estimate 0.438 (no further gain after round 1 (fixed point reached))),,,,0,0.000666,REJECTED,,,,,,,False,,,,,,,,,,False,,,,False,,3eada4d39cc676240b3278de813f19477e0b0eb8,1f2680a5b9065e708a7497adc53a95b108029b98,3.13.14,2.5.1,"{""pydantic"": ""2.13.4"", ""yaml"": ""6.0.3"", ""networkx"": ""3.6.1"", ""numpy"": ""2.5.1"", ""scipy"": ""1.18.0"", ""matplotlib"": ""3.11.0"", ""pandas"": ""3.0.3"", ""qutip"": ""5.3.0"", ""stim"": ""1.16.0"", ""gmpy2"": ""2.3.1"", ""nbformat"": ""5.10.4"", ""nbclient"": ""0.11.0""}",Windows,11,Gercom,2026-07-21T11:54:56.387841+00:00
P12_boundary_variability,P12_boundary_variability:small_mesh:372737b5acde83ad:L2:234:m10-intent:0,small_mesh,372737b5acde83ad,234,m10-intent,L2,iterative_analytical,0,10,10,0.44875,0.05,1e-05,,True,,0,False,no candidate route is feasible: a0->a1->a2->a3->b3 (min_fidelity 0.449 exceeds the achievable estimate 0.438 (no further gain after round 1 (fixed point reached))); a0->b0->b1->b2->b3 (min_fidelity 0.449 exceeds the achievable estimate 0.438 (no further gain after round 1 (fixed point reached))); a0->a1->b1->b2->b3 (min_fidelity 0.449 exceeds the achievable estimate 0.438 (no further gain after round 1 (fixed point reached))),,,,0,0.000666,REJECTED,,,,,,,False,,,,,,,,,,False,,,,False,,3eada4d39cc676240b3278de813f19477e0b0eb8,1f2680a5b9065e708a7497adc53a95b108029b98,3.13.14,2.5.1,"{""pydantic"": ""2.13.4"", ""yaml"": ""6.0.3"", ""networkx"": ""3.6.1"", ""numpy"": ""2.5.1"", ""scipy"": ""1.18.0"", ""matplotlib"": ""3.11.0"", ""pandas"": ""3.0.3"", ""qutip"": ""5.3.0"", ""stim"": ""1.16.0"", ""gmpy2"": ""2.3.1"", ""nbformat"": ""5.10.4"", ""nbclient"": ""0.11.0""}",Windows,11,Gercom,2026-07-21T11:54:59.795530+00:00
P12_boundary_variability,P12_boundary_variability:small_mesh:372737b5acde83ad:L2:235:m10-intent:0,small_mesh,372737b5acde83ad,235,m10-intent,L2,iterative_analytical,0,10,10,0.44875,0.05,1e-05,,True,,0,False,no candidate route is feasible: a0->a1->a2->a3->b3 (min_fidelity 0.449 exceeds the achievable estimate 0.438 (no further gain after round 1 (fixed point reached))); a0->b0->b1->b2->b3 (min_fidelity 0.449 exceeds the achievable estimate 0.438 (no further gain after round 1 (fixed point reached))); a0->a1->b1->b2->b3 (min_fidelity 0.449 exceeds the achievable estimate 0.438 (no further gain after round 1 (fixed point reached))),,,,0,0.000646,REJECTED,,,,,,,False,,,,,,,,,,False,,,,False,,3eada4d39cc676240b3278de813f19477e0b0eb8,1f2680a5b9065e708a7497adc53a95b108029b98,3.13.14,2.5.1,"{""pydantic"": ""2.13.4"", ""yaml"": ""6.0.3"", ""networkx"": ""3.6.1"", ""numpy"": ""2.5.1"", ""scipy"": ""1.18.0"", ""matplotlib"": ""3.11.0"", ""pandas"": ""3.0.3"", ""qutip"": ""5.3.0"", ""stim"": ""1.16.0"", ""gmpy2"": ""2.3.1"", ""nbformat"": ""5.10.4"", ""nbclient"": ""0.11.0""}",Windows,11,Gercom,2026-07-21T11:55:03.286447+00:00
P12_boundary_variability,P12_boundary_variability:small_mesh:372737b5acde83ad:L2:236:m10-intent:0,small_mesh,372737b5acde83ad,236,m10-intent,L2,iterative_analytical,0,10,10,0.44875,0.05,1e-05,,True,,0,False,no candidate route is feasible: a0->a1->a2->a3->b3 (min_fidelity 0.449 exceeds the achievable estimate 0.438 (no further gain after round 1 (fixed point reached))); a0->b0->b1->b2->b3 (min_fidelity 0.449 exceeds the achievable estimate 0.438 (no further gain after round 1 (fixed point reached))); a0->a1->b1->b2->b3 (min_fidelity 0.449 exceeds the achievable estimate 0.438 (no further gain after round 1 (fixed point reached))),,,,0,0.000663,REJECTED,,,,,,,False,,,,,,,,,,False,,,,False,,3eada4d39cc676240b3278de813f19477e0b0eb8,1f2680a5b9065e708a7497adc53a95b108029b98,3.13.14,2.5.1,"{""pydantic"": ""2.13.4"", ""yaml"": ""6.0.3"", ""networkx"": ""3.6.1"", ""numpy"": ""2.5.1"", ""scipy"": ""1.18.0"", ""matplotlib"": ""3.11.0"", ""pandas"": ""3.0.3"", ""qutip"": ""5.3.0"", ""stim"": ""1.16.0"", ""gmpy2"": ""2.3.1"", ""nbformat"": ""5.10.4"", ""nbclient"": ""0.11.0""}",Windows,11,Gercom,2026-07-21T11:55:06.643670+00:00
P12_boundary_variability,P12_boundary_variability:small_mesh:372737b5acde83ad:L2:237:m10-intent:0,small_mesh,372737b5acde83ad,237,m10-intent,L2,iterative_analytical,0,10,10,0.44875,0.05,1e-05,,True,,0,False,no candidate route is feasible: a0->a1->a2->a3->b3 (min_fidelity 0.449 exceeds the achievable estimate 0.438 (no further gain after round 1 (fixed point reached))); a0->b0->b1->b2->b3 (min_fidelity 0.449 exceeds the achievable estimate 0.438 (no further gain after round 1 (fixed point reached))); a0->a1->b1->b2->b3 (min_fidelity 0.449 exceeds the achievable estimate 0.438 (no further gain after round 1 (fixed point reached))),,,,0,0.00076,REJECTED,,,,,,,False,,,,,,,,,,False,,,,False,,3eada4d39cc676240b3278de813f19477e0b0eb8,1f2680a5b9065e708a7497adc53a95b108029b98,3.13.14,2.5.1,"{""pydantic"": ""2.13.4"", ""yaml"": ""6.0.3"", ""networkx"": ""3.6.1"", ""numpy"": ""2.5.1"", ""scipy"": ""1.18.0"", ""matplotlib"": ""3.11.0"", ""pandas"": ""3.0.3"", ""qutip"": ""5.3.0"", ""stim"": ""1.16.0"", ""gmpy2"": ""2.3.1"", ""nbformat"": ""5.10.4"", ""nbclient"": ""0.11.0""}",Windows,11,Gercom,2026-07-21T11:55:10.017718+00:00
P12_boundary_variability,P12_boundary_variability:small_mesh:372737b5acde83ad:L2:238:m10-intent:0,small_mesh,372737b5acde83ad,238,m10-intent,L2,iterative_analytical,0,10,10,0.44875,0.05,1e-05,,True,,0,False,no candidate route is feasible: a0->a1->a2->a3->b3 (min_fidelity 0.449 exceeds the achievable estimate 0.438 (no further gain after round 1 (fixed point reached))); a0->b0->b1->b2->b3 (min_fidelity 0.449 exceeds the achievable estimate 0.438 (no further gain after round 1 (fixed point reached))); a0->a1->b1->b2->b3 (min_fidelity 0.449 exceeds the achievable estimate 0.438 (no further gain after round 1 (fixed point reached))),,,,0,0.000668,REJECTED,,,,,,,False,,,,,,,,,,False,,,,False,,3eada4d39cc676240b3278de813f19477e0b0eb8,1f2680a5b9065e708a7497adc53a95b108029b98,3.13.14,2.5.1,"{""pydantic"": ""2.13.4"", ""yaml"": ""6.0.3"", ""networkx"": ""3.6.1"", ""numpy"": ""2.5.1"", ""scipy"": ""1.18.0"", ""matplotlib"": ""3.11.0"", ""pandas"": ""3.0.3"", ""qutip"": ""5.3.0"", ""stim"": ""1.16.0"", ""gmpy2"": ""2.3.1"", ""nbformat"": ""5.10.4"", ""nbclient"": ""0.11.0""}",Windows,11,Gercom,2026-07-21T11:55:13.358419+00:00
P12_boundary_variability,P12_boundary_variability:small_mesh:372737b5acde83ad:L2:239:m10-intent:0,small_mesh,372737b5acde83ad,239,m10-intent,L2,iterative_analytical,0,10,10,0.44875,0.05,1e-05,,True,,0,False,no candidate route is feasible: a0->a1->a2->a3->b3 (min_fidelity 0.449 exceeds the achievable estimate 0.438 (no further gain after round 1 (fixed point reached))); a0->b0->b1->b2->b3 (min_fidelity 0.449 exceeds the achievable estimate 0.438 (no further gain after round 1 (fixed point reached))); a0->a1->b1->b2->b3 (min_fidelity 0.449 exceeds the achievable estimate 0.438 (no further gain after round 1 (fixed point reached))),,,,0,0.000679,REJECTED,,,,,,,False,,,,,,,,,,False,,,,False,,3eada4d39cc676240b3278de813f19477e0b0eb8,1f2680a5b9065e708a7497adc53a95b108029b98,3.13.14,2.5.1,"{""pydantic"": ""2.13.4"", ""yaml"": ""6.0.3"", ""networkx"": ""3.6.1"", ""numpy"": ""2.5.1"", ""scipy"": ""1.18.0"", ""matplotlib"": ""3.11.0"", ""pandas"": ""3.0.3"", ""qutip"": ""5.3.0"", ""stim"": ""1.16.0"", ""gmpy2"": ""2.3.1"", ""nbformat"": ""5.10.4"", ""nbclient"": ""0.11.0""}",Windows,11,Gercom,2026-07-21T11:55:16.729012+00:00
P12_boundary_variability,P12_boundary_variability:small_mesh:372737b5acde83ad:L2:240:m10-intent:0,small_mesh,372737b5acde83ad,240,m10-intent,L2,iterative_analytical,0,10,10,0.44875,0.05,1e-05,,True,,0,False,no candidate route is feasible: a0->a1->a2->a3->b3 (min_fidelity 0.449 exceeds the achievable estimate 0.438 (no further gain after round 1 (fixed point reached))); a0->b0->b1->b2->b3 (min_fidelity 0.449 exceeds the achievable estimate 0.438 (no further gain after round 1 (fixed point reached))); a0->a1->b1->b2->b3 (min_fidelity 0.449 exceeds the achievable estimate 0.438 (no further gain after round 1 (fixed point reached))),,,,0,0.000625,REJECTED,,,,,,,False,,,,,,,,,,False,,,,False,,3eada4d39cc676240b3278de813f19477e0b0eb8,1f2680a5b9065e708a7497adc53a95b108029b98,3.13.14,2.5.1,"{""pydantic"": ""2.13.4"", ""yaml"": ""6.0.3"", ""networkx"": ""3.6.1"", ""numpy"": ""2.5.1"", ""scipy"": ""1.18.0"", ""matplotlib"": ""3.11.0"", ""pandas"": ""3.0.3"", ""qutip"": ""5.3.0"", ""stim"": ""1.16.0"", ""gmpy2"": ""2.3.1"", ""nbformat"": ""5.10.4"", ""nbclient"": ""0.11.0""}",Windows,11,Gercom,2026-07-21T11:55:20.176099+00:00
P12_boundary_variability,P12_boundary_variability:small_mesh:372737b5acde83ad:L2:241:m10-intent:0,small_mesh,372737b5acde83ad,241,m10-intent,L2,iterative_analytical,0,10,10,0.44875,0.05,1e-05,,True,,0,False,no candidate route is feasible: a0->a1->a2->a3->b3 (min_fidelity 0.449 exceeds the achievable estimate 0.438 (no further gain after round 1 (fixed point reached))); a0->b0->b1->b2->b3 (min_fidelity 0.449 exceeds the achievable estimate 0.438 (no further gain after round 1 (fixed point reached))); a0->a1->b1->b2->b3 (min_fidelity 0.449 exceeds the achievable estimate 0.438 (no further gain after round 1 (fixed point reached))),,,,0,0.00065,REJECTED,,,,,,,False,,,,,,,,,,False,,,,False,,3eada4d39cc676240b3278de813f19477e0b0eb8,1f2680a5b9065e708a7497adc53a95b108029b98,3.13.14,2.5.1,"{""pydantic"": ""2.13.4"", ""yaml"": ""6.0.3"", ""networkx"": ""3.6.1"", ""numpy"": ""2.5.1"", ""scipy"": ""1.18.0"", ""matplotlib"": ""3.11.0"", ""pandas"": ""3.0.3"", ""qutip"": ""5.3.0"", ""stim"": ""1.16.0"", ""gmpy2"": ""2.3.1"", ""nbformat"": ""5.10.4"", ""nbclient"": ""0.11.0""}",Windows,11,Gercom,2026-07-21T11:55:23.491420+00:00
P12_boundary_variability,P12_boundary_variability:small_mesh:372737b5acde83ad:L2:242:m10-intent:0,small_mesh,372737b5acde83ad,242,m10-intent,L2,iterative_analytical,0,10,10,0.44875,0.05,1e-05,,True,,0,False,no candidate route is feasible: a0->a1->a2->a3->b3 (min_fidelity 0.449 exceeds the achievable estimate 0.438 (no further gain after round 1 (fixed point reached))); a0->b0->b1->b2->b3 (min_fidelity 0.449 exceeds the achievable estimate 0.438 (no further gain after round 1 (fixed point reached))); a0->a1->b1->b2->b3 (min_fidelity 0.449 exceeds the achievable estimate 0.438 (no further gain after round 1 (fixed point reached))),,,,0,0.000645,REJECTED,,,,,,,False,,,,,,,,,,False,,,,False,,3eada4d39cc676240b3278de813f19477e0b0eb8,1f2680a5b9065e708a7497adc53a95b108029b98,3.13.14,2.5.1,"{""pydantic"": ""2.13.4"", ""yaml"": ""6.0.3"", ""networkx"": ""3.6.1"", ""numpy"": ""2.5.1"", ""scipy"": ""1.18.0"", ""matplotlib"": ""3.11.0"", ""pandas"": ""3.0.3"", ""qutip"": ""5.3.0"", ""stim"": ""1.16.0"", ""gmpy2"": ""2.3.1"", ""nbformat"": ""5.10.4"", ""nbclient"": ""0.11.0""}",Windows,11,Gercom,2026-07-21T11:55:26.930157+00:00
P12_boundary_variability,P12_boundary_variability:small_mesh:372737b5acde83ad:L2:243:m10-intent:0,small_mesh,372737b5acde83ad,243,m10-intent,L2,iterative_analytical,0,10,10,0.44875,0.05,1e-05,,True,,0,False,no candidate route is feasible: a0->a1->a2->a3->b3 (min_fidelity 0.449 exceeds the achievable estimate 0.438 (no further gain after round 1 (fixed point reached))); a0->b0->b1->b2->b3 (min_fidelity 0.449 exceeds the achievable estimate 0.438 (no further gain after round 1 (fixed point reached))); a0->a1->b1->b2->b3 (min_fidelity 0.449 exceeds the achievable estimate 0.438 (no further gain after round 1 (fixed point reached))),,,,0,0.000668,REJECTED,,,,,,,False,,,,,,,,,,False,,,,False,,3eada4d39cc676240b3278de813f19477e0b0eb8,1f2680a5b9065e708a7497adc53a95b108029b98,3.13.14,2.5.1,"{""pydantic"": ""2.13.4"", ""yaml"": ""6.0.3"", ""networkx"": ""3.6.1"", ""numpy"": ""2.5.1"", ""scipy"": ""1.18.0"", ""matplotlib"": ""3.11.0"", ""pandas"": ""3.0.3"", ""qutip"": ""5.3.0"", ""stim"": ""1.16.0"", ""gmpy2"": ""2.3.1"", ""nbformat"": ""5.10.4"", ""nbclient"": ""0.11.0""}",Windows,11,Gercom,2026-07-21T11:55:30.390234+00:00
P12_boundary_variability,P12_boundary_variability:small_mesh:372737b5acde83ad:L2:244:m10-intent:0,small_mesh,372737b5acde83ad,244,m10-intent,L2,iterative_analytical,0,10,10,0.44875,0.05,1e-05,,True,,0,False,no candidate route is feasible: a0->a1->a2->a3->b3 (min_fidelity 0.449 exceeds the achievable estimate 0.438 (no further gain after round 1 (fixed point reached))); a0->b0->b1->b2->b3 (min_fidelity 0.449 exceeds the achievable estimate 0.438 (no further gain after round 1 (fixed point reached))); a0->a1->b1->b2->b3 (min_fidelity 0.449 exceeds the achievable estimate 0.438 (no further gain after round 1 (fixed point reached))),,,,0,0.000729,REJECTED,,,,,,,False,,,,,,,,,,False,,,,False,,3eada4d39cc676240b3278de813f19477e0b0eb8,1f2680a5b9065e708a7497adc53a95b108029b98,3.13.14,2.5.1,"{""pydantic"": ""2.13.4"", ""yaml"": ""6.0.3"", ""networkx"": ""3.6.1"", ""numpy"": ""2.5.1"", ""scipy"": ""1.18.0"", ""matplotlib"": ""3.11.0"", ""pandas"": ""3.0.3"", ""qutip"": ""5.3.0"", ""stim"": ""1.16.0"", ""gmpy2"": ""2.3.1"", ""nbformat"": ""5.10.4"", ""nbclient"": ""0.11.0""}",Windows,11,Gercom,2026-07-21T11:55:33.819594+00:00
P12_boundary_variability,P12_boundary_variability:small_mesh:372737b5acde83ad:L2:245:m10-intent:0,small_mesh,372737b5acde83ad,245,m10-intent,L2,iterative_analytical,0,10,10,0.44875,0.05,1e-05,,True,,0,False,no candidate route is feasible: a0->a1->a2->a3->b3 (min_fidelity 0.449 exceeds the achievable estimate 0.438 (no further gain after round 1 (fixed point reached))); a0->b0->b1->b2->b3 (min_fidelity 0.449 exceeds the achievable estimate 0.438 (no further gain after round 1 (fixed point reached))); a0->a1->b1->b2->b3 (min_fidelity 0.449 exceeds the achievable estimate 0.438 (no further gain after round 1 (fixed point reached))),,,,0,0.000662,REJECTED,,,,,,,False,,,,,,,,,,False,,,,False,,3eada4d39cc676240b3278de813f19477e0b0eb8,1f2680a5b9065e708a7497adc53a95b108029b98,3.13.14,2.5.1,"{""pydantic"": ""2.13.4"", ""yaml"": ""6.0.3"", ""networkx"": ""3.6.1"", ""numpy"": ""2.5.1"", ""scipy"": ""1.18.0"", ""matplotlib"": ""3.11.0"", ""pandas"": ""3.0.3"", ""qutip"": ""5.3.0"", ""stim"": ""1.16.0"", ""gmpy2"": ""2.3.1"", ""nbformat"": ""5.10.4"", ""nbclient"": ""0.11.0""}",Windows,11,Gercom,2026-07-21T11:55:37.199853+00:00
P12_boundary_variability,P12_boundary_variability:small_mesh:372737b5acde83ad:L2:246:m10-intent:0,small_mesh,372737b5acde83ad,246,m10-intent,L2,iterative_analytical,0,10,10,0.44875,0.05,1e-05,,True,,0,False,no candidate route is feasible: a0->a1->a2->a3->b3 (min_fidelity 0.449 exceeds the achievable estimate 0.438 (no further gain after round 1 (fixed point reached))); a0->b0->b1->b2->b3 (min_fidelity 0.449 exceeds the achievable estimate 0.438 (no further gain after round 1 (fixed point reached))); a0->a1->b1->b2->b3 (min_fidelity 0.449 exceeds the achievable estimate 0.438 (no further gain after round 1 (fixed point reached))),,,,0,0.00067,REJECTED,,,,,,,False,,,,,,,,,,False,,,,False,,3eada4d39cc676240b3278de813f19477e0b0eb8,1f2680a5b9065e708a7497adc53a95b108029b98,3.13.14,2.5.1,"{""pydantic"": ""2.13.4"", ""yaml"": ""6.0.3"", ""networkx"": ""3.6.1"", ""numpy"": ""2.5.1"", ""scipy"": ""1.18.0"", ""matplotlib"": ""3.11.0"", ""pandas"": ""3.0.3"", ""qutip"": ""5.3.0"", ""stim"": ""1.16.0"", ""gmpy2"": ""2.3.1"", ""nbformat"": ""5.10.4"", ""nbclient"": ""0.11.0""}",Windows,11,Gercom,2026-07-21T11:55:40.526443+00:00
P12_boundary_variability,P12_boundary_variability:small_mesh:372737b5acde83ad:L2:247:m10-intent:0,small_mesh,372737b5acde83ad,247,m10-intent,L2,iterative_analytical,0,10,10,0.44875,0.05,1e-05,,True,,0,False,no candidate route is feasible: a0->a1->a2->a3->b3 (min_fidelity 0.449 exceeds the achievable estimate 0.438 (no further gain after round 1 (fixed point reached))); a0->b0->b1->b2->b3 (min_fidelity 0.449 exceeds the achievable estimate 0.438 (no further gain after round 1 (fixed point reached))); a0->a1->b1->b2->b3 (min_fidelity 0.449 exceeds the achievable estimate 0.438 (no further gain after round 1 (fixed point reached))),,,,0,0.000669,REJECTED,,,,,,,False,,,,,,,,,,False,,,,False,,3eada4d39cc676240b3278de813f19477e0b0eb8,1f2680a5b9065e708a7497adc53a95b108029b98,3.13.14,2.5.1,"{""pydantic"": ""2.13.4"", ""yaml"": ""6.0.3"", ""networkx"": ""3.6.1"", ""numpy"": ""2.5.1"", ""scipy"": ""1.18.0"", ""matplotlib"": ""3.11.0"", ""pandas"": ""3.0.3"", ""qutip"": ""5.3.0"", ""stim"": ""1.16.0"", ""gmpy2"": ""2.3.1"", ""nbformat"": ""5.10.4"", ""nbclient"": ""0.11.0""}",Windows,11,Gercom,2026-07-21T11:55:43.882822+00:00
P12_boundary_variability,P12_boundary_variability:small_mesh:372737b5acde83ad:L2:248:m10-intent:0,small_mesh,372737b5acde83ad,248,m10-intent,L2,iterative_analytical,0,10,10,0.44875,0.05,1e-05,,True,,0,False,no candidate route is feasible: a0->a1->a2->a3->b3 (min_fidelity 0.449 exceeds the achievable estimate 0.438 (no further gain after round 1 (fixed point reached))); a0->b0->b1->b2->b3 (min_fidelity 0.449 exceeds the achievable estimate 0.438 (no further gain after round 1 (fixed point reached))); a0->a1->b1->b2->b3 (min_fidelity 0.449 exceeds the achievable estimate 0.438 (no further gain after round 1 (fixed point reached))),,,,0,0.000653,REJECTED,,,,,,,False,,,,,,,,,,False,,,,False,,3eada4d39cc676240b3278de813f19477e0b0eb8,1f2680a5b9065e708a7497adc53a95b108029b98,3.13.14,2.5.1,"{""pydantic"": ""2.13.4"", ""yaml"": ""6.0.3"", ""networkx"": ""3.6.1"", ""numpy"": ""2.5.1"", ""scipy"": ""1.18.0"", ""matplotlib"": ""3.11.0"", ""pandas"": ""3.0.3"", ""qutip"": ""5.3.0"", ""stim"": ""1.16.0"", ""gmpy2"": ""2.3.1"", ""nbformat"": ""5.10.4"", ""nbclient"": ""0.11.0""}",Windows,11,Gercom,2026-07-21T11:55:47.232458+00:00
P12_boundary_variability,P12_boundary_variability:small_mesh:372737b5acde83ad:L2:249:m10-intent:0,small_mesh,372737b5acde83ad,249,m10-intent,L2,iterative_analytical,0,10,10,0.44875,0.05,1e-05,,True,,0,False,no candidate route is feasible: a0->a1->a2->a3->b3 (min_fidelity 0.449 exceeds the achievable estimate 0.438 (no further gain after round 1 (fixed point reached))); a0->b0->b1->b2->b3 (min_fidelity 0.449 exceeds the achievable estimate 0.438 (no further gain after round 1 (fixed point reached))); a0->a1->b1->b2->b3 (min_fidelity 0.449 exceeds the achievable estimate 0.438 (no further gain after round 1 (fixed point reached))),,,,0,0.000656,REJECTED,,,,,,,False,,,,,,,,,,False,,,,False,,3eada4d39cc676240b3278de813f19477e0b0eb8,1f2680a5b9065e708a7497adc53a95b108029b98,3.13.14,2.5.1,"{""pydantic"": ""2.13.4"", ""yaml"": ""6.0.3"", ""networkx"": ""3.6.1"", ""numpy"": ""2.5.1"", ""scipy"": ""1.18.0"", ""matplotlib"": ""3.11.0"", ""pandas"": ""3.0.3"", ""qutip"": ""5.3.0"", ""stim"": ""1.16.0"", ""gmpy2"": ""2.3.1"", ""nbformat"": ""5.10.4"", ""nbclient"": ""0.11.0""}",Windows,11,Gercom,2026-07-21T11:55:50.525969+00:00
P12_boundary_variability,P12_boundary_variability:small_mesh:372737b5acde83ad:L2:250:m10-intent:0,small_mesh,372737b5acde83ad,250,m10-intent,L2,iterative_analytical,0,10,10,0.44875,0.05,1e-05,,True,,0,False,no candidate route is feasible: a0->a1->a2->a3->b3 (min_fidelity 0.449 exceeds the achievable estimate 0.438 (no further gain after round 1 (fixed point reached))); a0->b0->b1->b2->b3 (min_fidelity 0.449 exceeds the achievable estimate 0.438 (no further gain after round 1 (fixed point reached))); a0->a1->b1->b2->b3 (min_fidelity 0.449 exceeds the achievable estimate 0.438 (no further gain after round 1 (fixed point reached))),,,,0,0.000655,REJECTED,,,,,,,False,,,,,,,,,,False,,,,False,,3eada4d39cc676240b3278de813f19477e0b0eb8,1f2680a5b9065e708a7497adc53a95b108029b98,3.13.14,2.5.1,"{""pydantic"": ""2.13.4"", ""yaml"": ""6.0.3"", ""networkx"": ""3.6.1"", ""numpy"": ""2.5.1"", ""scipy"": ""1.18.0"", ""matplotlib"": ""3.11.0"", ""pandas"": ""3.0.3"", ""qutip"": ""5.3.0"", ""stim"": ""1.16.0"", ""gmpy2"": ""2.3.1"", ""nbformat"": ""5.10.4"", ""nbclient"": ""0.11.0""}",Windows,11,Gercom,2026-07-21T11:55:53.889325+00:00
P12_boundary_variability,P12_boundary_variability:small_mesh:372737b5acde83ad:L2:251:m10-intent:0,small_mesh,372737b5acde83ad,251,m10-intent,L2,iterative_analytical,0,10,10,0.44875,0.05,1e-05,,True,,0,False,no candidate route is feasible: a0->a1->a2->a3->b3 (min_fidelity 0.449 exceeds the achievable estimate 0.438 (no further gain after round 1 (fixed point reached))); a0->b0->b1->b2->b3 (min_fidelity 0.449 exceeds the achievable estimate 0.438 (no further gain after round 1 (fixed point reached))); a0->a1->b1->b2->b3 (min_fidelity 0.449 exceeds the achievable estimate 0.438 (no further gain after round 1 (fixed point reached))),,,,0,0.000653,REJECTED,,,,,,,False,,,,,,,,,,False,,,,False,,3eada4d39cc676240b3278de813f19477e0b0eb8,1f2680a5b9065e708a7497adc53a95b108029b98,3.13.14,2.5.1,"{""pydantic"": ""2.13.4"", ""yaml"": ""6.0.3"", ""networkx"": ""3.6.1"", ""numpy"": ""2.5.1"", ""scipy"": ""1.18.0"", ""matplotlib"": ""3.11.0"", ""pandas"": ""3.0.3"", ""qutip"": ""5.3.0"", ""stim"": ""1.16.0"", ""gmpy2"": ""2.3.1"", ""nbformat"": ""5.10.4"", ""nbclient"": ""0.11.0""}",Windows,11,Gercom,2026-07-21T11:55:57.269779+00:00
P12_boundary_variability,P12_boundary_variability:small_mesh:372737b5acde83ad:L2:252:m10-intent:0,small_mesh,372737b5acde83ad,252,m10-intent,L2,iterative_analytical,0,10,10,0.44875,0.05,1e-05,,True,,0,False,no candidate route is feasible: a0->a1->a2->a3->b3 (min_fidelity 0.449 exceeds the achievable estimate 0.438 (no further gain after round 1 (fixed point reached))); a0->b0->b1->b2->b3 (min_fidelity 0.449 exceeds the achievable estimate 0.438 (no further gain after round 1 (fixed point reached))); a0->a1->b1->b2->b3 (min_fidelity 0.449 exceeds the achievable estimate 0.438 (no further gain after round 1 (fixed point reached))),,,,0,0.000667,REJECTED,,,,,,,False,,,,,,,,,,False,,,,False,,3eada4d39cc676240b3278de813f19477e0b0eb8,1f2680a5b9065e708a7497adc53a95b108029b98,3.13.14,2.5.1,"{""pydantic"": ""2.13.4"", ""yaml"": ""6.0.3"", ""networkx"": ""3.6.1"", ""numpy"": ""2.5.1"", ""scipy"": ""1.18.0"", ""matplotlib"": ""3.11.0"", ""pandas"": ""3.0.3"", ""qutip"": ""5.3.0"", ""stim"": ""1.16.0"", ""gmpy2"": ""2.3.1"", ""nbformat"": ""5.10.4"", ""nbclient"": ""0.11.0""}",Windows,11,Gercom,2026-07-21T11:56:00.716541+00:00
P12_boundary_variability,P12_boundary_variability:small_mesh:372737b5acde83ad:L2:253:m10-intent:0,small_mesh,372737b5acde83ad,253,m10-intent,L2,iterative_analytical,0,10,10,0.44875,0.05,1e-05,,True,,0,False,no candidate route is feasible: a0->a1->a2->a3->b3 (min_fidelity 0.449 exceeds the achievable estimate 0.438 (no further gain after round 1 (fixed point reached))); a0->b0->b1->b2->b3 (min_fidelity 0.449 exceeds the achievable estimate 0.438 (no further gain after round 1 (fixed point reached))); a0->a1->b1->b2->b3 (min_fidelity 0.449 exceeds the achievable estimate 0.438 (no further gain after round 1 (fixed point reached))),,,,0,0.000676,REJECTED,,,,,,,False,,,,,,,,,,False,,,,False,,3eada4d39cc676240b3278de813f19477e0b0eb8,1f2680a5b9065e708a7497adc53a95b108029b98,3.13.14,2.5.1,"{""pydantic"": ""2.13.4"", ""yaml"": ""6.0.3"", ""networkx"": ""3.6.1"", ""numpy"": ""2.5.1"", ""scipy"": ""1.18.0"", ""matplotlib"": ""3.11.0"", ""pandas"": ""3.0.3"", ""qutip"": ""5.3.0"", ""stim"": ""1.16.0"", ""gmpy2"": ""2.3.1"", ""nbformat"": ""5.10.4"", ""nbclient"": ""0.11.0""}",Windows,11,Gercom,2026-07-21T11:56:04.165067+00:00
P12_boundary_variability,P12_boundary_variability:small_mesh:372737b5acde83ad:L2:254:m10-intent:0,small_mesh,372737b5acde83ad,254,m10-intent,L2,iterative_analytical,0,10,10,0.44875,0.05,1e-05,,True,,0,False,no candidate route is feasible: a0->a1->a2->a3->b3 (min_fidelity 0.449 exceeds the achievable estimate 0.438 (no further gain after round 1 (fixed point reached))); a0->b0->b1->b2->b3 (min_fidelity 0.449 exceeds the achievable estimate 0.438 (no further gain after round 1 (fixed point reached))); a0->a1->b1->b2->b3 (min_fidelity 0.449 exceeds the achievable estimate 0.438 (no further gain after round 1 (fixed point reached))),,,,0,0.000684,REJECTED,,,,,,,False,,,,,,,,,,False,,,,False,,3eada4d39cc676240b3278de813f19477e0b0eb8,1f2680a5b9065e708a7497adc53a95b108029b98,3.13.14,2.5.1,"{""pydantic"": ""2.13.4"", ""yaml"": ""6.0.3"", ""networkx"": ""3.6.1"", ""numpy"": ""2.5.1"", ""scipy"": ""1.18.0"", ""matplotlib"": ""3.11.0"", ""pandas"": ""3.0.3"", ""qutip"": ""5.3.0"", ""stim"": ""1.16.0"", ""gmpy2"": ""2.3.1"", ""nbformat"": ""5.10.4"", ""nbclient"": ""0.11.0""}",Windows,11,Gercom,2026-07-21T11:56:07.663869+00:00
P12_boundary_variability,P12_boundary_variability:small_mesh:372737b5acde83ad:L2:255:m10-intent:0,small_mesh,372737b5acde83ad,255,m10-intent,L2,iterative_analytical,0,10,10,0.44875,0.05,1e-05,,True,,0,False,no candidate route is feasible: a0->a1->a2->a3->b3 (min_fidelity 0.449 exceeds the achievable estimate 0.438 (no further gain after round 1 (fixed point reached))); a0->b0->b1->b2->b3 (min_fidelity 0.449 exceeds the achievable estimate 0.438 (no further gain after round 1 (fixed point reached))); a0->a1->b1->b2->b3 (min_fidelity 0.449 exceeds the achievable estimate 0.438 (no further gain after round 1 (fixed point reached))),,,,0,0.000682,REJECTED,,,,,,,False,,,,,,,,,,False,,,,False,,3eada4d39cc676240b3278de813f19477e0b0eb8,1f2680a5b9065e708a7497adc53a95b108029b98,3.13.14,2.5.1,"{""pydantic"": ""2.13.4"", ""yaml"": ""6.0.3"", ""networkx"": ""3.6.1"", ""numpy"": ""2.5.1"", ""scipy"": ""1.18.0"", ""matplotlib"": ""3.11.0"", ""pandas"": ""3.0.3"", ""qutip"": ""5.3.0"", ""stim"": ""1.16.0"", ""gmpy2"": ""2.3.1"", ""nbformat"": ""5.10.4"", ""nbclient"": ""0.11.0""}",Windows,11,Gercom,2026-07-21T11:56:11.165757+00:00
P12_boundary_variability,P12_boundary_variability:small_mesh:372737b5acde83ad:L2:256:m10-intent:0,small_mesh,372737b5acde83ad,256,m10-intent,L2,iterative_analytical,0,10,10,0.44875,0.05,1e-05,,True,,0,False,no candidate route is feasible: a0->a1->a2->a3->b3 (min_fidelity 0.449 exceeds the achievable estimate 0.438 (no further gain after round 1 (fixed point reached))); a0->b0->b1->b2->b3 (min_fidelity 0.449 exceeds the achievable estimate 0.438 (no further gain after round 1 (fixed point reached))); a0->a1->b1->b2->b3 (min_fidelity 0.449 exceeds the achievable estimate 0.438 (no further gain after round 1 (fixed point reached))),,,,0,0.00063,REJECTED,,,,,,,False,,,,,,,,,,False,,,,False,,3eada4d39cc676240b3278de813f19477e0b0eb8,1f2680a5b9065e708a7497adc53a95b108029b98,3.13.14,2.5.1,"{""pydantic"": ""2.13.4"", ""yaml"": ""6.0.3"", ""networkx"": ""3.6.1"", ""numpy"": ""2.5.1"", ""scipy"": ""1.18.0"", ""matplotlib"": ""3.11.0"", ""pandas"": ""3.0.3"", ""qutip"": ""5.3.0"", ""stim"": ""1.16.0"", ""gmpy2"": ""2.3.1"", ""nbformat"": ""5.10.4"", ""nbclient"": ""0.11.0""}",Windows,11,Gercom,2026-07-21T11:56:14.517874+00:00
P12_boundary_variability,P12_boundary_variability:small_mesh:372737b5acde83ad:L2:257:m10-intent:0,small_mesh,372737b5acde83ad,257,m10-intent,L2,iterative_analytical,0,10,10,0.44875,0.05,1e-05,,True,,0,False,no candidate route is feasible: a0->a1->a2->a3->b3 (min_fidelity 0.449 exceeds the achievable estimate 0.438 (no further gain after round 1 (fixed point reached))); a0->b0->b1->b2->b3 (min_fidelity 0.449 exceeds the achievable estimate 0.438 (no further gain after round 1 (fixed point reached))); a0->a1->b1->b2->b3 (min_fidelity 0.449 exceeds the achievable estimate 0.438 (no further gain after round 1 (fixed point reached))),,,,0,0.000649,REJECTED,,,,,,,False,,,,,,,,,,False,,,,False,,3eada4d39cc676240b3278de813f19477e0b0eb8,1f2680a5b9065e708a7497adc53a95b108029b98,3.13.14,2.5.1,"{""pydantic"": ""2.13.4"", ""yaml"": ""6.0.3"", ""networkx"": ""3.6.1"", ""numpy"": ""2.5.1"", ""scipy"": ""1.18.0"", ""matplotlib"": ""3.11.0"", ""pandas"": ""3.0.3"", ""qutip"": ""5.3.0"", ""stim"": ""1.16.0"", ""gmpy2"": ""2.3.1"", ""nbformat"": ""5.10.4"", ""nbclient"": ""0.11.0""}",Windows,11,Gercom,2026-07-21T11:56:17.755369+00:00
P12_boundary_variability,P12_boundary_variability:small_mesh:372737b5acde83ad:L2:258:m10-intent:0,small_mesh,372737b5acde83ad,258,m10-intent,L2,iterative_analytical,0,10,10,0.44875,0.05,1e-05,,True,,0,False,no candidate route is feasible: a0->a1->a2->a3->b3 (min_fidelity 0.449 exceeds the achievable estimate 0.438 (no further gain after round 1 (fixed point reached))); a0->b0->b1->b2->b3 (min_fidelity 0.449 exceeds the achievable estimate 0.438 (no further gain after round 1 (fixed point reached))); a0->a1->b1->b2->b3 (min_fidelity 0.449 exceeds the achievable estimate 0.438 (no further gain after round 1 (fixed point reached))),,,,0,0.000653,REJECTED,,,,,,,False,,,,,,,,,,False,,,,False,,3eada4d39cc676240b3278de813f19477e0b0eb8,1f2680a5b9065e708a7497adc53a95b108029b98,3.13.14,2.5.1,"{""pydantic"": ""2.13.4"", ""yaml"": ""6.0.3"", ""networkx"": ""3.6.1"", ""numpy"": ""2.5.1"", ""scipy"": ""1.18.0"", ""matplotlib"": ""3.11.0"", ""pandas"": ""3.0.3"", ""qutip"": ""5.3.0"", ""stim"": ""1.16.0"", ""gmpy2"": ""2.3.1"", ""nbformat"": ""5.10.4"", ""nbclient"": ""0.11.0""}",Windows,11,Gercom,2026-07-21T11:56:21.021026+00:00
P12_boundary_variability,P12_boundary_variability:small_mesh:372737b5acde83ad:L2:259:m10-intent:0,small_mesh,372737b5acde83ad,259,m10-intent,L2,iterative_analytical,0,10,10,0.44875,0.05,1e-05,,True,,0,False,no candidate route is feasible: a0->a1->a2->a3->b3 (min_fidelity 0.449 exceeds the achievable estimate 0.438 (no further gain after round 1 (fixed point reached))); a0->b0->b1->b2->b3 (min_fidelity 0.449 exceeds the achievable estimate 0.438 (no further gain after round 1 (fixed point reached))); a0->a1->b1->b2->b3 (min_fidelity 0.449 exceeds the achievable estimate 0.438 (no further gain after round 1 (fixed point reached))),,,,0,0.00066,REJECTED,,,,,,,False,,,,,,,,,,False,,,,False,,3eada4d39cc676240b3278de813f19477e0b0eb8,1f2680a5b9065e708a7497adc53a95b108029b98,3.13.14,2.5.1,"{""pydantic"": ""2.13.4"", ""yaml"": ""6.0.3"", ""networkx"": ""3.6.1"", ""numpy"": ""2.5.1"", ""scipy"": ""1.18.0"", ""matplotlib"": ""3.11.0"", ""pandas"": ""3.0.3"", ""qutip"": ""5.3.0"", ""stim"": ""1.16.0"", ""gmpy2"": ""2.3.1"", ""nbformat"": ""5.10.4"", ""nbclient"": ""0.11.0""}",Windows,11,Gercom,2026-07-21T11:56:24.412143+00:00
P12_boundary_variability,P12_boundary_variability:small_mesh:372737b5acde83ad:L2:260:m10-intent:0,small_mesh,372737b5acde83ad,260,m10-intent,L2,iterative_analytical,0,10,10,0.44875,0.05,1e-05,,True,,0,False,no candidate route is feasible: a0->a1->a2->a3->b3 (min_fidelity 0.449 exceeds the achievable estimate 0.438 (no further gain after round 1 (fixed point reached))); a0->b0->b1->b2->b3 (min_fidelity 0.449 exceeds the achievable estimate 0.438 (no further gain after round 1 (fixed point reached))); a0->a1->b1->b2->b3 (min_fidelity 0.449 exceeds the achievable estimate 0.438 (no further gain after round 1 (fixed point reached))),,,,0,0.000646,REJECTED,,,,,,,False,,,,,,,,,,False,,,,False,,3eada4d39cc676240b3278de813f19477e0b0eb8,1f2680a5b9065e708a7497adc53a95b108029b98,3.13.14,2.5.1,"{""pydantic"": ""2.13.4"", ""yaml"": ""6.0.3"", ""networkx"": ""3.6.1"", ""numpy"": ""2.5.1"", ""scipy"": ""1.18.0"", ""matplotlib"": ""3.11.0"", ""pandas"": ""3.0.3"", ""qutip"": ""5.3.0"", ""stim"": ""1.16.0"", ""gmpy2"": ""2.3.1"", ""nbformat"": ""5.10.4"", ""nbclient"": ""0.11.0""}",Windows,11,Gercom,2026-07-21T11:56:27.692135+00:00
P12_boundary_variability,P12_boundary_variability:small_mesh:372737b5acde83ad:L2:261:m10-intent:0,small_mesh,372737b5acde83ad,261,m10-intent,L2,iterative_analytical,0,10,10,0.44875,0.05,1e-05,,True,,0,False,no candidate route is feasible: a0->a1->a2->a3->b3 (min_fidelity 0.449 exceeds the achievable estimate 0.438 (no further gain after round 1 (fixed point reached))); a0->b0->b1->b2->b3 (min_fidelity 0.449 exceeds the achievable estimate 0.438 (no further gain after round 1 (fixed point reached))); a0->a1->b1->b2->b3 (min_fidelity 0.449 exceeds the achievable estimate 0.438 (no further gain after round 1 (fixed point reached))),,,,0,0.000678,REJECTED,,,,,,,False,,,,,,,,,,False,,,,False,,3eada4d39cc676240b3278de813f19477e0b0eb8,1f2680a5b9065e708a7497adc53a95b108029b98,3.13.14,2.5.1,"{""pydantic"": ""2.13.4"", ""yaml"": ""6.0.3"", ""networkx"": ""3.6.1"", ""numpy"": ""2.5.1"", ""scipy"": ""1.18.0"", ""matplotlib"": ""3.11.0"", ""pandas"": ""3.0.3"", ""qutip"": ""5.3.0"", ""stim"": ""1.16.0"", ""gmpy2"": ""2.3.1"", ""nbformat"": ""5.10.4"", ""nbclient"": ""0.11.0""}",Windows,11,Gercom,2026-07-21T11:56:31.047149+00:00
P12_boundary_variability,P12_boundary_variability:small_mesh:372737b5acde83ad:L2:262:m10-intent:0,small_mesh,372737b5acde83ad,262,m10-intent,L2,iterative_analytical,0,10,10,0.44875,0.05,1e-05,,True,,0,False,no candidate route is feasible: a0->a1->a2->a3->b3 (min_fidelity 0.449 exceeds the achievable estimate 0.438 (no further gain after round 1 (fixed point reached))); a0->b0->b1->b2->b3 (min_fidelity 0.449 exceeds the achievable estimate 0.438 (no further gain after round 1 (fixed point reached))); a0->a1->b1->b2->b3 (min_fidelity 0.449 exceeds the achievable estimate 0.438 (no further gain after round 1 (fixed point reached))),,,,0,0.000646,REJECTED,,,,,,,False,,,,,,,,,,False,,,,False,,3eada4d39cc676240b3278de813f19477e0b0eb8,1f2680a5b9065e708a7497adc53a95b108029b98,3.13.14,2.5.1,"{""pydantic"": ""2.13.4"", ""yaml"": ""6.0.3"", ""networkx"": ""3.6.1"", ""numpy"": ""2.5.1"", ""scipy"": ""1.18.0"", ""matplotlib"": ""3.11.0"", ""pandas"": ""3.0.3"", ""qutip"": ""5.3.0"", ""stim"": ""1.16.0"", ""gmpy2"": ""2.3.1"", ""nbformat"": ""5.10.4"", ""nbclient"": ""0.11.0""}",Windows,11,Gercom,2026-07-21T11:56:34.693625+00:00
P12_boundary_variability,P12_boundary_variability:small_mesh:372737b5acde83ad:L2:263:m10-intent:0,small_mesh,372737b5acde83ad,263,m10-intent,L2,iterative_analytical,0,10,10,0.44875,0.05,1e-05,,True,,0,False,no candidate route is feasible: a0->a1->a2->a3->b3 (min_fidelity 0.449 exceeds the achievable estimate 0.438 (no further gain after round 1 (fixed point reached))); a0->b0->b1->b2->b3 (min_fidelity 0.449 exceeds the achievable estimate 0.438 (no further gain after round 1 (fixed point reached))); a0->a1->b1->b2->b3 (min_fidelity 0.449 exceeds the achievable estimate 0.438 (no further gain after round 1 (fixed point reached))),,,,0,0.000692,REJECTED,,,,,,,False,,,,,,,,,,False,,,,False,,3eada4d39cc676240b3278de813f19477e0b0eb8,1f2680a5b9065e708a7497adc53a95b108029b98,3.13.14,2.5.1,"{""pydantic"": ""2.13.4"", ""yaml"": ""6.0.3"", ""networkx"": ""3.6.1"", ""numpy"": ""2.5.1"", ""scipy"": ""1.18.0"", ""matplotlib"": ""3.11.0"", ""pandas"": ""3.0.3"", ""qutip"": ""5.3.0"", ""stim"": ""1.16.0"", ""gmpy2"": ""2.3.1"", ""nbformat"": ""5.10.4"", ""nbclient"": ""0.11.0""}",Windows,11,Gercom,2026-07-21T11:56:38.292015+00:00
P12_boundary_variability,P12_boundary_variability:small_mesh:372737b5acde83ad:L2:264:m10-intent:0,small_mesh,372737b5acde83ad,264,m10-intent,L2,iterative_analytical,0,10,10,0.44875,0.05,1e-05,,True,,0,False,no candidate route is feasible: a0->a1->a2->a3->b3 (min_fidelity 0.449 exceeds the achievable estimate 0.438 (no further gain after round 1 (fixed point reached))); a0->b0->b1->b2->b3 (min_fidelity 0.449 exceeds the achievable estimate 0.438 (no further gain after round 1 (fixed point reached))); a0->a1->b1->b2->b3 (min_fidelity 0.449 exceeds the achievable estimate 0.438 (no further gain after round 1 (fixed point reached))),,,,0,0.000687,REJECTED,,,,,,,False,,,,,,,,,,False,,,,False,,3eada4d39cc676240b3278de813f19477e0b0eb8,1f2680a5b9065e708a7497adc53a95b108029b98,3.13.14,2.5.1,"{""pydantic"": ""2.13.4"", ""yaml"": ""6.0.3"", ""networkx"": ""3.6.1"", ""numpy"": ""2.5.1"", ""scipy"": ""1.18.0"", ""matplotlib"": ""3.11.0"", ""pandas"": ""3.0.3"", ""qutip"": ""5.3.0"", ""stim"": ""1.16.0"", ""gmpy2"": ""2.3.1"", ""nbformat"": ""5.10.4"", ""nbclient"": ""0.11.0""}",Windows,11,Gercom,2026-07-21T11:56:41.820823+00:00
P12_boundary_variability,P12_boundary_variability:small_mesh:372737b5acde83ad:L2:265:m10-intent:0,small_mesh,372737b5acde83ad,265,m10-intent,L2,iterative_analytical,0,10,10,0.44875,0.05,1e-05,,True,,0,False,no candidate route is feasible: a0->a1->a2->a3->b3 (min_fidelity 0.449 exceeds the achievable estimate 0.438 (no further gain after round 1 (fixed point reached))); a0->b0->b1->b2->b3 (min_fidelity 0.449 exceeds the achievable estimate 0.438 (no further gain after round 1 (fixed point reached))); a0->a1->b1->b2->b3 (min_fidelity 0.449 exceeds the achievable estimate 0.438 (no further gain after round 1 (fixed point reached))),,,,0,0.000753,REJECTED,,,,,,,False,,,,,,,,,,False,,,,False,,3eada4d39cc676240b3278de813f19477e0b0eb8,1f2680a5b9065e708a7497adc53a95b108029b98,3.13.14,2.5.1,"{""pydantic"": ""2.13.4"", ""yaml"": ""6.0.3"", ""networkx"": ""3.6.1"", ""numpy"": ""2.5.1"", ""scipy"": ""1.18.0"", ""matplotlib"": ""3.11.0"", ""pandas"": ""3.0.3"", ""qutip"": ""5.3.0"", ""stim"": ""1.16.0"", ""gmpy2"": ""2.3.1"", ""nbformat"": ""5.10.4"", ""nbclient"": ""0.11.0""}",Windows,11,Gercom,2026-07-21T11:56:45.382041+00:00
P12_boundary_variability,P12_boundary_variability:small_mesh:372737b5acde83ad:L2:266:m10-intent:0,small_mesh,372737b5acde83ad,266,m10-intent,L2,iterative_analytical,0,10,10,0.44875,0.05,1e-05,,True,,0,False,no candidate route is feasible: a0->a1->a2->a3->b3 (min_fidelity 0.449 exceeds the achievable estimate 0.438 (no further gain after round 1 (fixed point reached))); a0->b0->b1->b2->b3 (min_fidelity 0.449 exceeds the achievable estimate 0.438 (no further gain after round 1 (fixed point reached))); a0->a1->b1->b2->b3 (min_fidelity 0.449 exceeds the achievable estimate 0.438 (no further gain after round 1 (fixed point reached))),,,,0,0.000658,REJECTED,,,,,,,False,,,,,,,,,,False,,,,False,,3eada4d39cc676240b3278de813f19477e0b0eb8,1f2680a5b9065e708a7497adc53a95b108029b98,3.13.14,2.5.1,"{""pydantic"": ""2.13.4"", ""yaml"": ""6.0.3"", ""networkx"": ""3.6.1"", ""numpy"": ""2.5.1"", ""scipy"": ""1.18.0"", ""matplotlib"": ""3.11.0"", ""pandas"": ""3.0.3"", ""qutip"": ""5.3.0"", ""stim"": ""1.16.0"", ""gmpy2"": ""2.3.1"", ""nbformat"": ""5.10.4"", ""nbclient"": ""0.11.0""}",Windows,11,Gercom,2026-07-21T11:56:48.939475+00:00
P12_boundary_variability,P12_boundary_variability:small_mesh:372737b5acde83ad:L2:267:m10-intent:0,small_mesh,372737b5acde83ad,267,m10-intent,L2,iterative_analytical,0,10,10,0.44875,0.05,1e-05,,True,,0,False,no candidate route is feasible: a0->a1->a2->a3->b3 (min_fidelity 0.449 exceeds the achievable estimate 0.438 (no further gain after round 1 (fixed point reached))); a0->b0->b1->b2->b3 (min_fidelity 0.449 exceeds the achievable estimate 0.438 (no further gain after round 1 (fixed point reached))); a0->a1->b1->b2->b3 (min_fidelity 0.449 exceeds the achievable estimate 0.438 (no further gain after round 1 (fixed point reached))),,,,0,0.001225,REJECTED,,,,,,,False,,,,,,,,,,False,,,,False,,3eada4d39cc676240b3278de813f19477e0b0eb8,1f2680a5b9065e708a7497adc53a95b108029b98,3.13.14,2.5.1,"{""pydantic"": ""2.13.4"", ""yaml"": ""6.0.3"", ""networkx"": ""3.6.1"", ""numpy"": ""2.5.1"", ""scipy"": ""1.18.0"", ""matplotlib"": ""3.11.0"", ""pandas"": ""3.0.3"", ""qutip"": ""5.3.0"", ""stim"": ""1.16.0"", ""gmpy2"": ""2.3.1"", ""nbformat"": ""5.10.4"", ""nbclient"": ""0.11.0""}",Windows,11,Gercom,2026-07-21T11:56:53.146946+00:00
P12_boundary_variability,P12_boundary_variability:small_mesh:372737b5acde83ad:L2:268:m10-intent:0,small_mesh,372737b5acde83ad,268,m10-intent,L2,iterative_analytical,0,10,10,0.44875,0.05,1e-05,,True,,0,False,no candidate route is feasible: a0->a1->a2->a3->b3 (min_fidelity 0.449 exceeds the achievable estimate 0.438 (no further gain after round 1 (fixed point reached))); a0->b0->b1->b2->b3 (min_fidelity 0.449 exceeds the achievable estimate 0.438 (no further gain after round 1 (fixed point reached))); a0->a1->b1->b2->b3 (min_fidelity 0.449 exceeds the achievable estimate 0.438 (no further gain after round 1 (fixed point reached))),,,,0,0.001335,REJECTED,,,,,,,False,,,,,,,,,,False,,,,False,,3eada4d39cc676240b3278de813f19477e0b0eb8,1f2680a5b9065e708a7497adc53a95b108029b98,3.13.14,2.5.1,"{""pydantic"": ""2.13.4"", ""yaml"": ""6.0.3"", ""networkx"": ""3.6.1"", ""numpy"": ""2.5.1"", ""scipy"": ""1.18.0"", ""matplotlib"": ""3.11.0"", ""pandas"": ""3.0.3"", ""qutip"": ""5.3.0"", ""stim"": ""1.16.0"", ""gmpy2"": ""2.3.1"", ""nbformat"": ""5.10.4"", ""nbclient"": ""0.11.0""}",Windows,11,Gercom,2026-07-21T11:56:58.963871+00:00
P12_boundary_variability,P12_boundary_variability:small_mesh:372737b5acde83ad:L2:269:m10-intent:0,small_mesh,372737b5acde83ad,269,m10-intent,L2,iterative_analytical,0,10,10,0.44875,0.05,1e-05,,True,,0,False,no candidate route is feasible: a0->a1->a2->a3->b3 (min_fidelity 0.449 exceeds the achievable estimate 0.438 (no further gain after round 1 (fixed point reached))); a0->b0->b1->b2->b3 (min_fidelity 0.449 exceeds the achievable estimate 0.438 (no further gain after round 1 (fixed point reached))); a0->a1->b1->b2->b3 (min_fidelity 0.449 exceeds the achievable estimate 0.438 (no further gain after round 1 (fixed point reached))),,,,0,0.001266,REJECTED,,,,,,,False,,,,,,,,,,False,,,,False,,3eada4d39cc676240b3278de813f19477e0b0eb8,1f2680a5b9065e708a7497adc53a95b108029b98,3.13.14,2.5.1,"{""pydantic"": ""2.13.4"", ""yaml"": ""6.0.3"", ""networkx"": ""3.6.1"", ""numpy"": ""2.5.1"", ""scipy"": ""1.18.0"", ""matplotlib"": ""3.11.0"", ""pandas"": ""3.0.3"", ""qutip"": ""5.3.0"", ""stim"": ""1.16.0"", ""gmpy2"": ""2.3.1"", ""nbformat"": ""5.10.4"", ""nbclient"": ""0.11.0""}",Windows,11,Gercom,2026-07-21T11:57:02.711092+00:00
P12_boundary_variability,P12_boundary_variability:small_mesh:372737b5acde83ad:L2:270:m10-intent:0,small_mesh,372737b5acde83ad,270,m10-intent,L2,iterative_analytical,0,10,10,0.44875,0.05,1e-05,,True,,0,False,no candidate route is feasible: a0->a1->a2->a3->b3 (min_fidelity 0.449 exceeds the achievable estimate 0.438 (no further gain after round 1 (fixed point reached))); a0->b0->b1->b2->b3 (min_fidelity 0.449 exceeds the achievable estimate 0.438 (no further gain after round 1 (fixed point reached))); a0->a1->b1->b2->b3 (min_fidelity 0.449 exceeds the achievable estimate 0.438 (no further gain after round 1 (fixed point reached))),,,,0,0.004418,REJECTED,,,,,,,False,,,,,,,,,,False,,,,False,,3eada4d39cc676240b3278de813f19477e0b0eb8,1f2680a5b9065e708a7497adc53a95b108029b98,3.13.14,2.5.1,"{""pydantic"": ""2.13.4"", ""yaml"": ""6.0.3"", ""networkx"": ""3.6.1"", ""numpy"": ""2.5.1"", ""scipy"": ""1.18.0"", ""matplotlib"": ""3.11.0"", ""pandas"": ""3.0.3"", ""qutip"": ""5.3.0"", ""stim"": ""1.16.0"", ""gmpy2"": ""2.3.1"", ""nbformat"": ""5.10.4"", ""nbclient"": ""0.11.0""}",Windows,11,Gercom,2026-07-21T11:57:06.999741+00:00
P12_boundary_variability,P12_boundary_variability:small_mesh:372737b5acde83ad:L2:271:m10-intent:0,small_mesh,372737b5acde83ad,271,m10-intent,L2,iterative_analytical,0,10,10,0.44875,0.05,1e-05,,True,,0,False,no candidate route is feasible: a0->a1->a2->a3->b3 (min_fidelity 0.449 exceeds the achievable estimate 0.438 (no further gain after round 1 (fixed point reached))); a0->b0->b1->b2->b3 (min_fidelity 0.449 exceeds the achievable estimate 0.438 (no further gain after round 1 (fixed point reached))); a0->a1->b1->b2->b3 (min_fidelity 0.449 exceeds the achievable estimate 0.438 (no further gain after round 1 (fixed point reached))),,,,0,0.000633,REJECTED,,,,,,,False,,,,,,,,,,False,,,,False,,3eada4d39cc676240b3278de813f19477e0b0eb8,1f2680a5b9065e708a7497adc53a95b108029b98,3.13.14,2.5.1,"{""pydantic"": ""2.13.4"", ""yaml"": ""6.0.3"", ""networkx"": ""3.6.1"", ""numpy"": ""2.5.1"", ""scipy"": ""1.18.0"", ""matplotlib"": ""3.11.0"", ""pandas"": ""3.0.3"", ""qutip"": ""5.3.0"", ""stim"": ""1.16.0"", ""gmpy2"": ""2.3.1"", ""nbformat"": ""5.10.4"", ""nbclient"": ""0.11.0""}",Windows,11,Gercom,2026-07-21T11:57:10.809087+00:00
P12_boundary_variability,P12_boundary_variability:small_mesh:372737b5acde83ad:L2:272:m10-intent:0,small_mesh,372737b5acde83ad,272,m10-intent,L2,iterative_analytical,0,10,10,0.44875,0.05,1e-05,,True,,0,False,no candidate route is feasible: a0->a1->a2->a3->b3 (min_fidelity 0.449 exceeds the achievable estimate 0.438 (no further gain after round 1 (fixed point reached))); a0->b0->b1->b2->b3 (min_fidelity 0.449 exceeds the achievable estimate 0.438 (no further gain after round 1 (fixed point reached))); a0->a1->b1->b2->b3 (min_fidelity 0.449 exceeds the achievable estimate 0.438 (no further gain after round 1 (fixed point reached))),,,,0,0.001414,REJECTED,,,,,,,False,,,,,,,,,,False,,,,False,,3eada4d39cc676240b3278de813f19477e0b0eb8,1f2680a5b9065e708a7497adc53a95b108029b98,3.13.14,2.5.1,"{""pydantic"": ""2.13.4"", ""yaml"": ""6.0.3"", ""networkx"": ""3.6.1"", ""numpy"": ""2.5.1"", ""scipy"": ""1.18.0"", ""matplotlib"": ""3.11.0"", ""pandas"": ""3.0.3"", ""qutip"": ""5.3.0"", ""stim"": ""1.16.0"", ""gmpy2"": ""2.3.1"", ""nbformat"": ""5.10.4"", ""nbclient"": ""0.11.0""}",Windows,11,Gercom,2026-07-21T11:57:14.483853+00:00
P12_boundary_variability,P12_boundary_variability:small_mesh:372737b5acde83ad:L2:273:m10-intent:0,small_mesh,372737b5acde83ad,273,m10-intent,L2,iterative_analytical,0,10,10,0.44875,0.05,1e-05,,True,,0,False,no candidate route is feasible: a0->a1->a2->a3->b3 (min_fidelity 0.449 exceeds the achievable estimate 0.438 (no further gain after round 1 (fixed point reached))); a0->b0->b1->b2->b3 (min_fidelity 0.449 exceeds the achievable estimate 0.438 (no further gain after round 1 (fixed point reached))); a0->a1->b1->b2->b3 (min_fidelity 0.449 exceeds the achievable estimate 0.438 (no further gain after round 1 (fixed point reached))),,,,0,0.000718,REJECTED,,,,,,,False,,,,,,,,,,False,,,,False,,3eada4d39cc676240b3278de813f19477e0b0eb8,1f2680a5b9065e708a7497adc53a95b108029b98,3.13.14,2.5.1,"{""pydantic"": ""2.13.4"", ""yaml"": ""6.0.3"", ""networkx"": ""3.6.1"", ""numpy"": ""2.5.1"", ""scipy"": ""1.18.0"", ""matplotlib"": ""3.11.0"", ""pandas"": ""3.0.3"", ""qutip"": ""5.3.0"", ""stim"": ""1.16.0"", ""gmpy2"": ""2.3.1"", ""nbformat"": ""5.10.4"", ""nbclient"": ""0.11.0""}",Windows,11,Gercom,2026-07-21T11:57:17.972584+00:00
P12_boundary_variability,P12_boundary_variability:small_mesh:372737b5acde83ad:L2:274:m10-intent:0,small_mesh,372737b5acde83ad,274,m10-intent,L2,iterative_analytical,0,10,10,0.44875,0.05,1e-05,,True,,0,False,no candidate route is feasible: a0->a1->a2->a3->b3 (min_fidelity 0.449 exceeds the achievable estimate 0.438 (no further gain after round 1 (fixed point reached))); a0->b0->b1->b2->b3 (min_fidelity 0.449 exceeds the achievable estimate 0.438 (no further gain after round 1 (fixed point reached))); a0->a1->b1->b2->b3 (min_fidelity 0.449 exceeds the achievable estimate 0.438 (no further gain after round 1 (fixed point reached))),,,,0,0.000632,REJECTED,,,,,,,False,,,,,,,,,,False,,,,False,,3eada4d39cc676240b3278de813f19477e0b0eb8,1f2680a5b9065e708a7497adc53a95b108029b98,3.13.14,2.5.1,"{""pydantic"": ""2.13.4"", ""yaml"": ""6.0.3"", ""networkx"": ""3.6.1"", ""numpy"": ""2.5.1"", ""scipy"": ""1.18.0"", ""matplotlib"": ""3.11.0"", ""pandas"": ""3.0.3"", ""qutip"": ""5.3.0"", ""stim"": ""1.16.0"", ""gmpy2"": ""2.3.1"", ""nbformat"": ""5.10.4"", ""nbclient"": ""0.11.0""}",Windows,11,Gercom,2026-07-21T11:57:21.468632+00:00
P12_boundary_variability,P12_boundary_variability:small_mesh:372737b5acde83ad:L2:275:m10-intent:0,small_mesh,372737b5acde83ad,275,m10-intent,L2,iterative_analytical,0,10,10,0.44875,0.05,1e-05,,True,,0,False,no candidate route is feasible: a0->a1->a2->a3->b3 (min_fidelity 0.449 exceeds the achievable estimate 0.438 (no further gain after round 1 (fixed point reached))); a0->b0->b1->b2->b3 (min_fidelity 0.449 exceeds the achievable estimate 0.438 (no further gain after round 1 (fixed point reached))); a0->a1->b1->b2->b3 (min_fidelity 0.449 exceeds the achievable estimate 0.438 (no further gain after round 1 (fixed point reached))),,,,0,0.000739,REJECTED,,,,,,,False,,,,,,,,,,False,,,,False,,3eada4d39cc676240b3278de813f19477e0b0eb8,1f2680a5b9065e708a7497adc53a95b108029b98,3.13.14,2.5.1,"{""pydantic"": ""2.13.4"", ""yaml"": ""6.0.3"", ""networkx"": ""3.6.1"", ""numpy"": ""2.5.1"", ""scipy"": ""1.18.0"", ""matplotlib"": ""3.11.0"", ""pandas"": ""3.0.3"", ""qutip"": ""5.3.0"", ""stim"": ""1.16.0"", ""gmpy2"": ""2.3.1"", ""nbformat"": ""5.10.4"", ""nbclient"": ""0.11.0""}",Windows,11,Gercom,2026-07-21T11:57:24.927585+00:00
P12_boundary_variability,P12_boundary_variability:small_mesh:372737b5acde83ad:L2:276:m10-intent:0,small_mesh,372737b5acde83ad,276,m10-intent,L2,iterative_analytical,0,10,10,0.44875,0.05,1e-05,,True,,0,False,no candidate route is feasible: a0->a1->a2->a3->b3 (min_fidelity 0.449 exceeds the achievable estimate 0.438 (no further gain after round 1 (fixed point reached))); a0->b0->b1->b2->b3 (min_fidelity 0.449 exceeds the achievable estimate 0.438 (no further gain after round 1 (fixed point reached))); a0->a1->b1->b2->b3 (min_fidelity 0.449 exceeds the achievable estimate 0.438 (no further gain after round 1 (fixed point reached))),,,,0,0.002318,REJECTED,,,,,,,False,,,,,,,,,,False,,,,False,,3eada4d39cc676240b3278de813f19477e0b0eb8,1f2680a5b9065e708a7497adc53a95b108029b98,3.13.14,2.5.1,"{""pydantic"": ""2.13.4"", ""yaml"": ""6.0.3"", ""networkx"": ""3.6.1"", ""numpy"": ""2.5.1"", ""scipy"": ""1.18.0"", ""matplotlib"": ""3.11.0"", ""pandas"": ""3.0.3"", ""qutip"": ""5.3.0"", ""stim"": ""1.16.0"", ""gmpy2"": ""2.3.1"", ""nbformat"": ""5.10.4"", ""nbclient"": ""0.11.0""}",Windows,11,Gercom,2026-07-21T11:57:30.587117+00:00
P12_boundary_variability,P12_boundary_variability:small_mesh:372737b5acde83ad:L2:277:m10-intent:0,small_mesh,372737b5acde83ad,277,m10-intent,L2,iterative_analytical,0,10,10,0.44875,0.05,1e-05,,True,,0,False,no candidate route is feasible: a0->a1->a2->a3->b3 (min_fidelity 0.449 exceeds the achievable estimate 0.438 (no further gain after round 1 (fixed point reached))); a0->b0->b1->b2->b3 (min_fidelity 0.449 exceeds the achievable estimate 0.438 (no further gain after round 1 (fixed point reached))); a0->a1->b1->b2->b3 (min_fidelity 0.449 exceeds the achievable estimate 0.438 (no further gain after round 1 (fixed point reached))),,,,0,0.002224,REJECTED,,,,,,,False,,,,,,,,,,False,,,,False,,3eada4d39cc676240b3278de813f19477e0b0eb8,1f2680a5b9065e708a7497adc53a95b108029b98,3.13.14,2.5.1,"{""pydantic"": ""2.13.4"", ""yaml"": ""6.0.3"", ""networkx"": ""3.6.1"", ""numpy"": ""2.5.1"", ""scipy"": ""1.18.0"", ""matplotlib"": ""3.11.0"", ""pandas"": ""3.0.3"", ""qutip"": ""5.3.0"", ""stim"": ""1.16.0"", ""gmpy2"": ""2.3.1"", ""nbformat"": ""5.10.4"", ""nbclient"": ""0.11.0""}",Windows,11,Gercom,2026-07-21T11:57:36.422419+00:00
P12_boundary_variability,P12_boundary_variability:small_mesh:372737b5acde83ad:L2:278:m10-intent:0,small_mesh,372737b5acde83ad,278,m10-intent,L2,iterative_analytical,0,10,10,0.44875,0.05,1e-05,,True,,0,False,no candidate route is feasible: a0->a1->a2->a3->b3 (min_fidelity 0.449 exceeds the achievable estimate 0.438 (no further gain after round 1 (fixed point reached))); a0->b0->b1->b2->b3 (min_fidelity 0.449 exceeds the achievable estimate 0.438 (no further gain after round 1 (fixed point reached))); a0->a1->b1->b2->b3 (min_fidelity 0.449 exceeds the achievable estimate 0.438 (no further gain after round 1 (fixed point reached))),,,,0,0.001559,REJECTED,,,,,,,False,,,,,,,,,,False,,,,False,,3eada4d39cc676240b3278de813f19477e0b0eb8,1f2680a5b9065e708a7497adc53a95b108029b98,3.13.14,2.5.1,"{""pydantic"": ""2.13.4"", ""yaml"": ""6.0.3"", ""networkx"": ""3.6.1"", ""numpy"": ""2.5.1"", ""scipy"": ""1.18.0"", ""matplotlib"": ""3.11.0"", ""pandas"": ""3.0.3"", ""qutip"": ""5.3.0"", ""stim"": ""1.16.0"", ""gmpy2"": ""2.3.1"", ""nbformat"": ""5.10.4"", ""nbclient"": ""0.11.0""}",Windows,11,Gercom,2026-07-21T11:57:40.624679+00:00
P12_boundary_variability,P12_boundary_variability:small_mesh:372737b5acde83ad:L2:279:m10-intent:0,small_mesh,372737b5acde83ad,279,m10-intent,L2,iterative_analytical,0,10,10,0.44875,0.05,1e-05,,True,,0,False,no candidate route is feasible: a0->a1->a2->a3->b3 (min_fidelity 0.449 exceeds the achievable estimate 0.438 (no further gain after round 1 (fixed point reached))); a0->b0->b1->b2->b3 (min_fidelity 0.449 exceeds the achievable estimate 0.438 (no further gain after round 1 (fixed point reached))); a0->a1->b1->b2->b3 (min_fidelity 0.449 exceeds the achievable estimate 0.438 (no further gain after round 1 (fixed point reached))),,,,0,0.001308,REJECTED,,,,,,,False,,,,,,,,,,False,,,,False,,3eada4d39cc676240b3278de813f19477e0b0eb8,1f2680a5b9065e708a7497adc53a95b108029b98,3.13.14,2.5.1,"{""pydantic"": ""2.13.4"", ""yaml"": ""6.0.3"", ""networkx"": ""3.6.1"", ""numpy"": ""2.5.1"", ""scipy"": ""1.18.0"", ""matplotlib"": ""3.11.0"", ""pandas"": ""3.0.3"", ""qutip"": ""5.3.0"", ""stim"": ""1.16.0"", ""gmpy2"": ""2.3.1"", ""nbformat"": ""5.10.4"", ""nbclient"": ""0.11.0""}",Windows,11,Gercom,2026-07-21T11:57:44.580351+00:00
P12_boundary_variability,P12_boundary_variability:small_mesh:372737b5acde83ad:L2:280:m10-intent:0,small_mesh,372737b5acde83ad,280,m10-intent,L2,iterative_analytical,0,10,10,0.44875,0.05,1e-05,,True,,0,False,no candidate route is feasible: a0->a1->a2->a3->b3 (min_fidelity 0.449 exceeds the achievable estimate 0.438 (no further gain after round 1 (fixed point reached))); a0->b0->b1->b2->b3 (min_fidelity 0.449 exceeds the achievable estimate 0.438 (no further gain after round 1 (fixed point reached))); a0->a1->b1->b2->b3 (min_fidelity 0.449 exceeds the achievable estimate 0.438 (no further gain after round 1 (fixed point reached))),,,,0,0.005243,REJECTED,,,,,,,False,,,,,,,,,,False,,,,False,,3eada4d39cc676240b3278de813f19477e0b0eb8,1f2680a5b9065e708a7497adc53a95b108029b98,3.13.14,2.5.1,"{""pydantic"": ""2.13.4"", ""yaml"": ""6.0.3"", ""networkx"": ""3.6.1"", ""numpy"": ""2.5.1"", ""scipy"": ""1.18.0"", ""matplotlib"": ""3.11.0"", ""pandas"": ""3.0.3"", ""qutip"": ""5.3.0"", ""stim"": ""1.16.0"", ""gmpy2"": ""2.3.1"", ""nbformat"": ""5.10.4"", ""nbclient"": ""0.11.0""}",Windows,11,Gercom,2026-07-21T11:57:51.442277+00:00
P12_boundary_variability,P12_boundary_variability:small_mesh:372737b5acde83ad:L2:281:m10-intent:0,small_mesh,372737b5acde83ad,281,m10-intent,L2,iterative_analytical,0,10,10,0.44875,0.05,1e-05,,True,,0,False,no candidate route is feasible: a0->a1->a2->a3->b3 (min_fidelity 0.449 exceeds the achievable estimate 0.438 (no further gain after round 1 (fixed point reached))); a0->b0->b1->b2->b3 (min_fidelity 0.449 exceeds the achievable estimate 0.438 (no further gain after round 1 (fixed point reached))); a0->a1->b1->b2->b3 (min_fidelity 0.449 exceeds the achievable estimate 0.438 (no further gain after round 1 (fixed point reached))),,,,0,0.001857,REJECTED,,,,,,,False,,,,,,,,,,False,,,,False,,3eada4d39cc676240b3278de813f19477e0b0eb8,1f2680a5b9065e708a7497adc53a95b108029b98,3.13.14,2.5.1,"{""pydantic"": ""2.13.4"", ""yaml"": ""6.0.3"", ""networkx"": ""3.6.1"", ""numpy"": ""2.5.1"", ""scipy"": ""1.18.0"", ""matplotlib"": ""3.11.0"", ""pandas"": ""3.0.3"", ""qutip"": ""5.3.0"", ""stim"": ""1.16.0"", ""gmpy2"": ""2.3.1"", ""nbformat"": ""5.10.4"", ""nbclient"": ""0.11.0""}",Windows,11,Gercom,2026-07-21T11:57:59.577289+00:00
P12_boundary_variability,P12_boundary_variability:small_mesh:372737b5acde83ad:L2:282:m10-intent:0,small_mesh,372737b5acde83ad,282,m10-intent,L2,iterative_analytical,0,10,10,0.44875,0.05,1e-05,,True,,0,False,no candidate route is feasible: a0->a1->a2->a3->b3 (min_fidelity 0.449 exceeds the achievable estimate 0.438 (no further gain after round 1 (fixed point reached))); a0->b0->b1->b2->b3 (min_fidelity 0.449 exceeds the achievable estimate 0.438 (no further gain after round 1 (fixed point reached))); a0->a1->b1->b2->b3 (min_fidelity 0.449 exceeds the achievable estimate 0.438 (no further gain after round 1 (fixed point reached))),,,,0,0.001853,REJECTED,,,,,,,False,,,,,,,,,,False,,,,False,,3eada4d39cc676240b3278de813f19477e0b0eb8,1f2680a5b9065e708a7497adc53a95b108029b98,3.13.14,2.5.1,"{""pydantic"": ""2.13.4"", ""yaml"": ""6.0.3"", ""networkx"": ""3.6.1"", ""numpy"": ""2.5.1"", ""scipy"": ""1.18.0"", ""matplotlib"": ""3.11.0"", ""pandas"": ""3.0.3"", ""qutip"": ""5.3.0"", ""stim"": ""1.16.0"", ""gmpy2"": ""2.3.1"", ""nbformat"": ""5.10.4"", ""nbclient"": ""0.11.0""}",Windows,11,Gercom,2026-07-21T11:58:06.231512+00:00
P12_boundary_variability,P12_boundary_variability:small_mesh:372737b5acde83ad:L2:283:m10-intent:0,small_mesh,372737b5acde83ad,283,m10-intent,L2,iterative_analytical,0,10,10,0.44875,0.05,1e-05,,True,,0,False,no candidate route is feasible: a0->a1->a2->a3->b3 (min_fidelity 0.449 exceeds the achievable estimate 0.438 (no further gain after round 1 (fixed point reached))); a0->b0->b1->b2->b3 (min_fidelity 0.449 exceeds the achievable estimate 0.438 (no further gain after round 1 (fixed point reached))); a0->a1->b1->b2->b3 (min_fidelity 0.449 exceeds the achievable estimate 0.438 (no further gain after round 1 (fixed point reached))),,,,0,0.001078,REJECTED,,,,,,,False,,,,,,,,,,False,,,,False,,3eada4d39cc676240b3278de813f19477e0b0eb8,1f2680a5b9065e708a7497adc53a95b108029b98,3.13.14,2.5.1,"{""pydantic"": ""2.13.4"", ""yaml"": ""6.0.3"", ""networkx"": ""3.6.1"", ""numpy"": ""2.5.1"", ""scipy"": ""1.18.0"", ""matplotlib"": ""3.11.0"", ""pandas"": ""3.0.3"", ""qutip"": ""5.3.0"", ""stim"": ""1.16.0"", ""gmpy2"": ""2.3.1"", ""nbformat"": ""5.10.4"", ""nbclient"": ""0.11.0""}",Windows,11,Gercom,2026-07-21T11:58:12.421336+00:00
P12_boundary_variability,P12_boundary_variability:small_mesh:372737b5acde83ad:L2:284:m10-intent:0,small_mesh,372737b5acde83ad,284,m10-intent,L2,iterative_analytical,0,10,10,0.44875,0.05,1e-05,,True,,0,False,no candidate route is feasible: a0->a1->a2->a3->b3 (min_fidelity 0.449 exceeds the achievable estimate 0.438 (no further gain after round 1 (fixed point reached))); a0->b0->b1->b2->b3 (min_fidelity 0.449 exceeds the achievable estimate 0.438 (no further gain after round 1 (fixed point reached))); a0->a1->b1->b2->b3 (min_fidelity 0.449 exceeds the achievable estimate 0.438 (no further gain after round 1 (fixed point reached))),,,,0,0.001408,REJECTED,,,,,,,False,,,,,,,,,,False,,,,False,,3eada4d39cc676240b3278de813f19477e0b0eb8,1f2680a5b9065e708a7497adc53a95b108029b98,3.13.14,2.5.1,"{""pydantic"": ""2.13.4"", ""yaml"": ""6.0.3"", ""networkx"": ""3.6.1"", ""numpy"": ""2.5.1"", ""scipy"": ""1.18.0"", ""matplotlib"": ""3.11.0"", ""pandas"": ""3.0.3"", ""qutip"": ""5.3.0"", ""stim"": ""1.16.0"", ""gmpy2"": ""2.3.1"", ""nbformat"": ""5.10.4"", ""nbclient"": ""0.11.0""}",Windows,11,Gercom,2026-07-21T11:58:18.559204+00:00
P12_boundary_variability,P12_boundary_variability:small_mesh:372737b5acde83ad:L2:285:m10-intent:0,small_mesh,372737b5acde83ad,285,m10-intent,L2,iterative_analytical,0,10,10,0.44875,0.05,1e-05,,True,,0,False,no candidate route is feasible: a0->a1->a2->a3->b3 (min_fidelity 0.449 exceeds the achievable estimate 0.438 (no further gain after round 1 (fixed point reached))); a0->b0->b1->b2->b3 (min_fidelity 0.449 exceeds the achievable estimate 0.438 (no further gain after round 1 (fixed point reached))); a0->a1->b1->b2->b3 (min_fidelity 0.449 exceeds the achievable estimate 0.438 (no further gain after round 1 (fixed point reached))),,,,0,0.001984,REJECTED,,,,,,,False,,,,,,,,,,False,,,,False,,3eada4d39cc676240b3278de813f19477e0b0eb8,1f2680a5b9065e708a7497adc53a95b108029b98,3.13.14,2.5.1,"{""pydantic"": ""2.13.4"", ""yaml"": ""6.0.3"", ""networkx"": ""3.6.1"", ""numpy"": ""2.5.1"", ""scipy"": ""1.18.0"", ""matplotlib"": ""3.11.0"", ""pandas"": ""3.0.3"", ""qutip"": ""5.3.0"", ""stim"": ""1.16.0"", ""gmpy2"": ""2.3.1"", ""nbformat"": ""5.10.4"", ""nbclient"": ""0.11.0""}",Windows,11,Gercom,2026-07-21T11:58:23.807722+00:00
P12_boundary_variability,P12_boundary_variability:small_mesh:372737b5acde83ad:L2:286:m10-intent:0,small_mesh,372737b5acde83ad,286,m10-intent,L2,iterative_analytical,0,10,10,0.44875,0.05,1e-05,,True,,0,False,no candidate route is feasible: a0->a1->a2->a3->b3 (min_fidelity 0.449 exceeds the achievable estimate 0.438 (no further gain after round 1 (fixed point reached))); a0->b0->b1->b2->b3 (min_fidelity 0.449 exceeds the achievable estimate 0.438 (no further gain after round 1 (fixed point reached))); a0->a1->b1->b2->b3 (min_fidelity 0.449 exceeds the achievable estimate 0.438 (no further gain after round 1 (fixed point reached))),,,,0,0.00064,REJECTED,,,,,,,False,,,,,,,,,,False,,,,False,,3eada4d39cc676240b3278de813f19477e0b0eb8,1f2680a5b9065e708a7497adc53a95b108029b98,3.13.14,2.5.1,"{""pydantic"": ""2.13.4"", ""yaml"": ""6.0.3"", ""networkx"": ""3.6.1"", ""numpy"": ""2.5.1"", ""scipy"": ""1.18.0"", ""matplotlib"": ""3.11.0"", ""pandas"": ""3.0.3"", ""qutip"": ""5.3.0"", ""stim"": ""1.16.0"", ""gmpy2"": ""2.3.1"", ""nbformat"": ""5.10.4"", ""nbclient"": ""0.11.0""}",Windows,11,Gercom,2026-07-21T11:58:27.577765+00:00
P12_boundary_variability,P12_boundary_variability:small_mesh:372737b5acde83ad:L2:287:m10-intent:0,small_mesh,372737b5acde83ad,287,m10-intent,L2,iterative_analytical,0,10,10,0.44875,0.05,1e-05,,True,,0,False,no candidate route is feasible: a0->a1->a2->a3->b3 (min_fidelity 0.449 exceeds the achievable estimate 0.438 (no further gain after round 1 (fixed point reached))); a0->b0->b1->b2->b3 (min_fidelity 0.449 exceeds the achievable estimate 0.438 (no further gain after round 1 (fixed point reached))); a0->a1->b1->b2->b3 (min_fidelity 0.449 exceeds the achievable estimate 0.438 (no further gain after round 1 (fixed point reached))),,,,0,0.001944,REJECTED,,,,,,,False,,,,,,,,,,False,,,,False,,3eada4d39cc676240b3278de813f19477e0b0eb8,1f2680a5b9065e708a7497adc53a95b108029b98,3.13.14,2.5.1,"{""pydantic"": ""2.13.4"", ""yaml"": ""6.0.3"", ""networkx"": ""3.6.1"", ""numpy"": ""2.5.1"", ""scipy"": ""1.18.0"", ""matplotlib"": ""3.11.0"", ""pandas"": ""3.0.3"", ""qutip"": ""5.3.0"", ""stim"": ""1.16.0"", ""gmpy2"": ""2.3.1"", ""nbformat"": ""5.10.4"", ""nbclient"": ""0.11.0""}",Windows,11,Gercom,2026-07-21T11:58:31.769955+00:00
P12_boundary_variability,P12_boundary_variability:small_mesh:372737b5acde83ad:L2:288:m10-intent:0,small_mesh,372737b5acde83ad,288,m10-intent,L2,iterative_analytical,0,10,10,0.44875,0.05,1e-05,,True,,0,False,no candidate route is feasible: a0->a1->a2->a3->b3 (min_fidelity 0.449 exceeds the achievable estimate 0.438 (no further gain after round 1 (fixed point reached))); a0->b0->b1->b2->b3 (min_fidelity 0.449 exceeds the achievable estimate 0.438 (no further gain after round 1 (fixed point reached))); a0->a1->b1->b2->b3 (min_fidelity 0.449 exceeds the achievable estimate 0.438 (no further gain after round 1 (fixed point reached))),,,,0,0.001403,REJECTED,,,,,,,False,,,,,,,,,,False,,,,False,,3eada4d39cc676240b3278de813f19477e0b0eb8,1f2680a5b9065e708a7497adc53a95b108029b98,3.13.14,2.5.1,"{""pydantic"": ""2.13.4"", ""yaml"": ""6.0.3"", ""networkx"": ""3.6.1"", ""numpy"": ""2.5.1"", ""scipy"": ""1.18.0"", ""matplotlib"": ""3.11.0"", ""pandas"": ""3.0.3"", ""qutip"": ""5.3.0"", ""stim"": ""1.16.0"", ""gmpy2"": ""2.3.1"", ""nbformat"": ""5.10.4"", ""nbclient"": ""0.11.0""}",Windows,11,Gercom,2026-07-21T11:58:36.257624+00:00
P12_boundary_variability,P12_boundary_variability:small_mesh:372737b5acde83ad:L2:289:m10-intent:0,small_mesh,372737b5acde83ad,289,m10-intent,L2,iterative_analytical,0,10,10,0.44875,0.05,1e-05,,True,,0,False,no candidate route is feasible: a0->a1->a2->a3->b3 (min_fidelity 0.449 exceeds the achievable estimate 0.438 (no further gain after round 1 (fixed point reached))); a0->b0->b1->b2->b3 (min_fidelity 0.449 exceeds the achievable estimate 0.438 (no further gain after round 1 (fixed point reached))); a0->a1->b1->b2->b3 (min_fidelity 0.449 exceeds the achievable estimate 0.438 (no further gain after round 1 (fixed point reached))),,,,0,0.001262,REJECTED,,,,,,,False,,,,,,,,,,False,,,,False,,3eada4d39cc676240b3278de813f19477e0b0eb8,1f2680a5b9065e708a7497adc53a95b108029b98,3.13.14,2.5.1,"{""pydantic"": ""2.13.4"", ""yaml"": ""6.0.3"", ""networkx"": ""3.6.1"", ""numpy"": ""2.5.1"", ""scipy"": ""1.18.0"", ""matplotlib"": ""3.11.0"", ""pandas"": ""3.0.3"", ""qutip"": ""5.3.0"", ""stim"": ""1.16.0"", ""gmpy2"": ""2.3.1"", ""nbformat"": ""5.10.4"", ""nbclient"": ""0.11.0""}",Windows,11,Gercom,2026-07-21T11:58:41.339977+00:00
P12_boundary_variability,P12_boundary_variability:small_mesh:372737b5acde83ad:L2:290:m10-intent:0,small_mesh,372737b5acde83ad,290,m10-intent,L2,iterative_analytical,0,10,10,0.44875,0.05,1e-05,,True,,0,False,no candidate route is feasible: a0->a1->a2->a3->b3 (min_fidelity 0.449 exceeds the achievable estimate 0.438 (no further gain after round 1 (fixed point reached))); a0->b0->b1->b2->b3 (min_fidelity 0.449 exceeds the achievable estimate 0.438 (no further gain after round 1 (fixed point reached))); a0->a1->b1->b2->b3 (min_fidelity 0.449 exceeds the achievable estimate 0.438 (no further gain after round 1 (fixed point reached))),,,,0,0.001153,REJECTED,,,,,,,False,,,,,,,,,,False,,,,False,,3eada4d39cc676240b3278de813f19477e0b0eb8,1f2680a5b9065e708a7497adc53a95b108029b98,3.13.14,2.5.1,"{""pydantic"": ""2.13.4"", ""yaml"": ""6.0.3"", ""networkx"": ""3.6.1"", ""numpy"": ""2.5.1"", ""scipy"": ""1.18.0"", ""matplotlib"": ""3.11.0"", ""pandas"": ""3.0.3"", ""qutip"": ""5.3.0"", ""stim"": ""1.16.0"", ""gmpy2"": ""2.3.1"", ""nbformat"": ""5.10.4"", ""nbclient"": ""0.11.0""}",Windows,11,Gercom,2026-07-21T11:58:46.584488+00:00
P12_boundary_variability,P12_boundary_variability:small_mesh:372737b5acde83ad:L2:291:m10-intent:0,small_mesh,372737b5acde83ad,291,m10-intent,L2,iterative_analytical,0,10,10,0.44875,0.05,1e-05,,True,,0,False,no candidate route is feasible: a0->a1->a2->a3->b3 (min_fidelity 0.449 exceeds the achievable estimate 0.438 (no further gain after round 1 (fixed point reached))); a0->b0->b1->b2->b3 (min_fidelity 0.449 exceeds the achievable estimate 0.438 (no further gain after round 1 (fixed point reached))); a0->a1->b1->b2->b3 (min_fidelity 0.449 exceeds the achievable estimate 0.438 (no further gain after round 1 (fixed point reached))),,,,0,0.002488,REJECTED,,,,,,,False,,,,,,,,,,False,,,,False,,3eada4d39cc676240b3278de813f19477e0b0eb8,1f2680a5b9065e708a7497adc53a95b108029b98,3.13.14,2.5.1,"{""pydantic"": ""2.13.4"", ""yaml"": ""6.0.3"", ""networkx"": ""3.6.1"", ""numpy"": ""2.5.1"", ""scipy"": ""1.18.0"", ""matplotlib"": ""3.11.0"", ""pandas"": ""3.0.3"", ""qutip"": ""5.3.0"", ""stim"": ""1.16.0"", ""gmpy2"": ""2.3.1"", ""nbformat"": ""5.10.4"", ""nbclient"": ""0.11.0""}",Windows,11,Gercom,2026-07-21T11:58:52.707887+00:00
P12_boundary_variability,P12_boundary_variability:small_mesh:372737b5acde83ad:L2:292:m10-intent:0,small_mesh,372737b5acde83ad,292,m10-intent,L2,iterative_analytical,0,10,10,0.44875,0.05,1e-05,,True,,0,False,no candidate route is feasible: a0->a1->a2->a3->b3 (min_fidelity 0.449 exceeds the achievable estimate 0.438 (no further gain after round 1 (fixed point reached))); a0->b0->b1->b2->b3 (min_fidelity 0.449 exceeds the achievable estimate 0.438 (no further gain after round 1 (fixed point reached))); a0->a1->b1->b2->b3 (min_fidelity 0.449 exceeds the achievable estimate 0.438 (no further gain after round 1 (fixed point reached))),,,,0,0.00124,REJECTED,,,,,,,False,,,,,,,,,,False,,,,False,,3eada4d39cc676240b3278de813f19477e0b0eb8,1f2680a5b9065e708a7497adc53a95b108029b98,3.13.14,2.5.1,"{""pydantic"": ""2.13.4"", ""yaml"": ""6.0.3"", ""networkx"": ""3.6.1"", ""numpy"": ""2.5.1"", ""scipy"": ""1.18.0"", ""matplotlib"": ""3.11.0"", ""pandas"": ""3.0.3"", ""qutip"": ""5.3.0"", ""stim"": ""1.16.0"", ""gmpy2"": ""2.3.1"", ""nbformat"": ""5.10.4"", ""nbclient"": ""0.11.0""}",Windows,11,Gercom,2026-07-21T11:59:00.195547+00:00
P12_boundary_variability,P12_boundary_variability:small_mesh:372737b5acde83ad:L2:293:m10-intent:0,small_mesh,372737b5acde83ad,293,m10-intent,L2,iterative_analytical,0,10,10,0.44875,0.05,1e-05,,True,,0,False,no candidate route is feasible: a0->a1->a2->a3->b3 (min_fidelity 0.449 exceeds the achievable estimate 0.438 (no further gain after round 1 (fixed point reached))); a0->b0->b1->b2->b3 (min_fidelity 0.449 exceeds the achievable estimate 0.438 (no further gain after round 1 (fixed point reached))); a0->a1->b1->b2->b3 (min_fidelity 0.449 exceeds the achievable estimate 0.438 (no further gain after round 1 (fixed point reached))),,,,0,0.001211,REJECTED,,,,,,,False,,,,,,,,,,False,,,,False,,3eada4d39cc676240b3278de813f19477e0b0eb8,1f2680a5b9065e708a7497adc53a95b108029b98,3.13.14,2.5.1,"{""pydantic"": ""2.13.4"", ""yaml"": ""6.0.3"", ""networkx"": ""3.6.1"", ""numpy"": ""2.5.1"", ""scipy"": ""1.18.0"", ""matplotlib"": ""3.11.0"", ""pandas"": ""3.0.3"", ""qutip"": ""5.3.0"", ""stim"": ""1.16.0"", ""gmpy2"": ""2.3.1"", ""nbformat"": ""5.10.4"", ""nbclient"": ""0.11.0""}",Windows,11,Gercom,2026-07-21T11:59:04.110963+00:00
P12_boundary_variability,P12_boundary_variability:small_mesh:372737b5acde83ad:L2:294:m10-intent:0,small_mesh,372737b5acde83ad,294,m10-intent,L2,iterative_analytical,0,10,10,0.44875,0.05,1e-05,,True,,0,False,no candidate route is feasible: a0->a1->a2->a3->b3 (min_fidelity 0.449 exceeds the achievable estimate 0.438 (no further gain after round 1 (fixed point reached))); a0->b0->b1->b2->b3 (min_fidelity 0.449 exceeds the achievable estimate 0.438 (no further gain after round 1 (fixed point reached))); a0->a1->b1->b2->b3 (min_fidelity 0.449 exceeds the achievable estimate 0.438 (no further gain after round 1 (fixed point reached))),,,,0,0.001394,REJECTED,,,,,,,False,,,,,,,,,,False,,,,False,,3eada4d39cc676240b3278de813f19477e0b0eb8,1f2680a5b9065e708a7497adc53a95b108029b98,3.13.14,2.5.1,"{""pydantic"": ""2.13.4"", ""yaml"": ""6.0.3"", ""networkx"": ""3.6.1"", ""numpy"": ""2.5.1"", ""scipy"": ""1.18.0"", ""matplotlib"": ""3.11.0"", ""pandas"": ""3.0.3"", ""qutip"": ""5.3.0"", ""stim"": ""1.16.0"", ""gmpy2"": ""2.3.1"", ""nbformat"": ""5.10.4"", ""nbclient"": ""0.11.0""}",Windows,11,Gercom,2026-07-21T11:59:08.725236+00:00
P12_boundary_variability,P12_boundary_variability:small_mesh:372737b5acde83ad:L2:295:m10-intent:0,small_mesh,372737b5acde83ad,295,m10-intent,L2,iterative_analytical,0,10,10,0.44875,0.05,1e-05,,True,,0,False,no candidate route is feasible: a0->a1->a2->a3->b3 (min_fidelity 0.449 exceeds the achievable estimate 0.438 (no further gain after round 1 (fixed point reached))); a0->b0->b1->b2->b3 (min_fidelity 0.449 exceeds the achievable estimate 0.438 (no further gain after round 1 (fixed point reached))); a0->a1->b1->b2->b3 (min_fidelity 0.449 exceeds the achievable estimate 0.438 (no further gain after round 1 (fixed point reached))),,,,0,0.001375,REJECTED,,,,,,,False,,,,,,,,,,False,,,,False,,3eada4d39cc676240b3278de813f19477e0b0eb8,1f2680a5b9065e708a7497adc53a95b108029b98,3.13.14,2.5.1,"{""pydantic"": ""2.13.4"", ""yaml"": ""6.0.3"", ""networkx"": ""3.6.1"", ""numpy"": ""2.5.1"", ""scipy"": ""1.18.0"", ""matplotlib"": ""3.11.0"", ""pandas"": ""3.0.3"", ""qutip"": ""5.3.0"", ""stim"": ""1.16.0"", ""gmpy2"": ""2.3.1"", ""nbformat"": ""5.10.4"", ""nbclient"": ""0.11.0""}",Windows,11,Gercom,2026-07-21T11:59:13.333525+00:00
P12_boundary_variability,P12_boundary_variability:small_mesh:372737b5acde83ad:L2:296:m10-intent:0,small_mesh,372737b5acde83ad,296,m10-intent,L2,iterative_analytical,0,10,10,0.44875,0.05,1e-05,,True,,0,False,no candidate route is feasible: a0->a1->a2->a3->b3 (min_fidelity 0.449 exceeds the achievable estimate 0.438 (no further gain after round 1 (fixed point reached))); a0->b0->b1->b2->b3 (min_fidelity 0.449 exceeds the achievable estimate 0.438 (no further gain after round 1 (fixed point reached))); a0->a1->b1->b2->b3 (min_fidelity 0.449 exceeds the achievable estimate 0.438 (no further gain after round 1 (fixed point reached))),,,,0,0.000636,REJECTED,,,,,,,False,,,,,,,,,,False,,,,False,,3eada4d39cc676240b3278de813f19477e0b0eb8,1f2680a5b9065e708a7497adc53a95b108029b98,3.13.14,2.5.1,"{""pydantic"": ""2.13.4"", ""yaml"": ""6.0.3"", ""networkx"": ""3.6.1"", ""numpy"": ""2.5.1"", ""scipy"": ""1.18.0"", ""matplotlib"": ""3.11.0"", ""pandas"": ""3.0.3"", ""qutip"": ""5.3.0"", ""stim"": ""1.16.0"", ""gmpy2"": ""2.3.1"", ""nbformat"": ""5.10.4"", ""nbclient"": ""0.11.0""}",Windows,11,Gercom,2026-07-21T11:59:16.796790+00:00
P12_boundary_variability,P12_boundary_variability:small_mesh:372737b5acde83ad:L2:297:m10-intent:0,small_mesh,372737b5acde83ad,297,m10-intent,L2,iterative_analytical,0,10,10,0.44875,0.05,1e-05,,True,,0,False,no candidate route is feasible: a0->a1->a2->a3->b3 (min_fidelity 0.449 exceeds the achievable estimate 0.438 (no further gain after round 1 (fixed point reached))); a0->b0->b1->b2->b3 (min_fidelity 0.449 exceeds the achievable estimate 0.438 (no further gain after round 1 (fixed point reached))); a0->a1->b1->b2->b3 (min_fidelity 0.449 exceeds the achievable estimate 0.438 (no further gain after round 1 (fixed point reached))),,,,0,0.000815,REJECTED,,,,,,,False,,,,,,,,,,False,,,,False,,3eada4d39cc676240b3278de813f19477e0b0eb8,1f2680a5b9065e708a7497adc53a95b108029b98,3.13.14,2.5.1,"{""pydantic"": ""2.13.4"", ""yaml"": ""6.0.3"", ""networkx"": ""3.6.1"", ""numpy"": ""2.5.1"", ""scipy"": ""1.18.0"", ""matplotlib"": ""3.11.0"", ""pandas"": ""3.0.3"", ""qutip"": ""5.3.0"", ""stim"": ""1.16.0"", ""gmpy2"": ""2.3.1"", ""nbformat"": ""5.10.4"", ""nbclient"": ""0.11.0""}",Windows,11,Gercom,2026-07-21T11:59:20.194365+00:00
P12_boundary_variability,P12_boundary_variability:small_mesh:372737b5acde83ad:L2:298:m10-intent:0,small_mesh,372737b5acde83ad,298,m10-intent,L2,iterative_analytical,0,10,10,0.44875,0.05,1e-05,,True,,0,False,no candidate route is feasible: a0->a1->a2->a3->b3 (min_fidelity 0.449 exceeds the achievable estimate 0.438 (no further gain after round 1 (fixed point reached))); a0->b0->b1->b2->b3 (min_fidelity 0.449 exceeds the achievable estimate 0.438 (no further gain after round 1 (fixed point reached))); a0->a1->b1->b2->b3 (min_fidelity 0.449 exceeds the achievable estimate 0.438 (no further gain after round 1 (fixed point reached))),,,,0,0.00131,REJECTED,,,,,,,False,,,,,,,,,,False,,,,False,,3eada4d39cc676240b3278de813f19477e0b0eb8,1f2680a5b9065e708a7497adc53a95b108029b98,3.13.14,2.5.1,"{""pydantic"": ""2.13.4"", ""yaml"": ""6.0.3"", ""networkx"": ""3.6.1"", ""numpy"": ""2.5.1"", ""scipy"": ""1.18.0"", ""matplotlib"": ""3.11.0"", ""pandas"": ""3.0.3"", ""qutip"": ""5.3.0"", ""stim"": ""1.16.0"", ""gmpy2"": ""2.3.1"", ""nbformat"": ""5.10.4"", ""nbclient"": ""0.11.0""}",Windows,11,Gercom,2026-07-21T11:59:23.935067+00:00
P12_boundary_variability,P12_boundary_variability:small_mesh:372737b5acde83ad:L2:299:m10-intent:0,small_mesh,372737b5acde83ad,299,m10-intent,L2,iterative_analytical,0,10,10,0.44875,0.05,1e-05,,True,,0,False,no candidate route is feasible: a0->a1->a2->a3->b3 (min_fidelity 0.449 exceeds the achievable estimate 0.438 (no further gain after round 1 (fixed point reached))); a0->b0->b1->b2->b3 (min_fidelity 0.449 exceeds the achievable estimate 0.438 (no further gain after round 1 (fixed point reached))); a0->a1->b1->b2->b3 (min_fidelity 0.449 exceeds the achievable estimate 0.438 (no further gain after round 1 (fixed point reached))),,,,0,0.000648,REJECTED,,,,,,,False,,,,,,,,,,False,,,,False,,3eada4d39cc676240b3278de813f19477e0b0eb8,1f2680a5b9065e708a7497adc53a95b108029b98,3.13.14,2.5.1,"{""pydantic"": ""2.13.4"", ""yaml"": ""6.0.3"", ""networkx"": ""3.6.1"", ""numpy"": ""2.5.1"", ""scipy"": ""1.18.0"", ""matplotlib"": ""3.11.0"", ""pandas"": ""3.0.3"", ""qutip"": ""5.3.0"", ""stim"": ""1.16.0"", ""gmpy2"": ""2.3.1"", ""nbformat"": ""5.10.4"", ""nbclient"": ""0.11.0""}",Windows,11,Gercom,2026-07-21T11:59:27.636328+00:00
P12_boundary_variability,P12_boundary_variability:small_mesh:0121fbdea92abf9b:L2:200:m10-intent:0,small_mesh,0121fbdea92abf9b,200,m10-intent,L2,iterative_analytical,0,10,10,0.46,0.05,1e-05,,True,,0,False,no candidate route is feasible: a0->a1->a2->a3->b3 (min_fidelity 0.460 exceeds the achievable estimate 0.438 (no further gain after round 1 (fixed point reached))); a0->b0->b1->b2->b3 (min_fidelity 0.460 exceeds the achievable estimate 0.438 (no further gain after round 1 (fixed point reached))); a0->a1->b1->b2->b3 (min_fidelity 0.460 exceeds the achievable estimate 0.438 (no further gain after round 1 (fixed point reached))),,,,0,0.001164,REJECTED,,,,,,,False,,,,,,,,,,False,,,,False,,3eada4d39cc676240b3278de813f19477e0b0eb8,1f2680a5b9065e708a7497adc53a95b108029b98,3.13.14,2.5.1,"{""pydantic"": ""2.13.4"", ""yaml"": ""6.0.3"", ""networkx"": ""3.6.1"", ""numpy"": ""2.5.1"", ""scipy"": ""1.18.0"", ""matplotlib"": ""3.11.0"", ""pandas"": ""3.0.3"", ""qutip"": ""5.3.0"", ""stim"": ""1.16.0"", ""gmpy2"": ""2.3.1"", ""nbformat"": ""5.10.4"", ""nbclient"": ""0.11.0""}",Windows,11,Gercom,2026-07-21T11:59:33.697736+00:00
P12_boundary_variability,P12_boundary_variability:small_mesh:0121fbdea92abf9b:L2:201:m10-intent:0,small_mesh,0121fbdea92abf9b,201,m10-intent,L2,iterative_analytical,0,10,10,0.46,0.05,1e-05,,True,,0,False,no candidate route is feasible: a0->a1->a2->a3->b3 (min_fidelity 0.460 exceeds the achievable estimate 0.438 (no further gain after round 1 (fixed point reached))); a0->b0->b1->b2->b3 (min_fidelity 0.460 exceeds the achievable estimate 0.438 (no further gain after round 1 (fixed point reached))); a0->a1->b1->b2->b3 (min_fidelity 0.460 exceeds the achievable estimate 0.438 (no further gain after round 1 (fixed point reached))),,,,0,0.001882,REJECTED,,,,,,,False,,,,,,,,,,False,,,,False,,3eada4d39cc676240b3278de813f19477e0b0eb8,1f2680a5b9065e708a7497adc53a95b108029b98,3.13.14,2.5.1,"{""pydantic"": ""2.13.4"", ""yaml"": ""6.0.3"", ""networkx"": ""3.6.1"", ""numpy"": ""2.5.1"", ""scipy"": ""1.18.0"", ""matplotlib"": ""3.11.0"", ""pandas"": ""3.0.3"", ""qutip"": ""5.3.0"", ""stim"": ""1.16.0"", ""gmpy2"": ""2.3.1"", ""nbformat"": ""5.10.4"", ""nbclient"": ""0.11.0""}",Windows,11,Gercom,2026-07-21T11:59:38.027563+00:00
P12_boundary_variability,P12_boundary_variability:small_mesh:0121fbdea92abf9b:L2:202:m10-intent:0,small_mesh,0121fbdea92abf9b,202,m10-intent,L2,iterative_analytical,0,10,10,0.46,0.05,1e-05,,True,,0,False,no candidate route is feasible: a0->a1->a2->a3->b3 (min_fidelity 0.460 exceeds the achievable estimate 0.438 (no further gain after round 1 (fixed point reached))); a0->b0->b1->b2->b3 (min_fidelity 0.460 exceeds the achievable estimate 0.438 (no further gain after round 1 (fixed point reached))); a0->a1->b1->b2->b3 (min_fidelity 0.460 exceeds the achievable estimate 0.438 (no further gain after round 1 (fixed point reached))),,,,0,0.001431,REJECTED,,,,,,,False,,,,,,,,,,False,,,,False,,3eada4d39cc676240b3278de813f19477e0b0eb8,1f2680a5b9065e708a7497adc53a95b108029b98,3.13.14,2.5.1,"{""pydantic"": ""2.13.4"", ""yaml"": ""6.0.3"", ""networkx"": ""3.6.1"", ""numpy"": ""2.5.1"", ""scipy"": ""1.18.0"", ""matplotlib"": ""3.11.0"", ""pandas"": ""3.0.3"", ""qutip"": ""5.3.0"", ""stim"": ""1.16.0"", ""gmpy2"": ""2.3.1"", ""nbformat"": ""5.10.4"", ""nbclient"": ""0.11.0""}",Windows,11,Gercom,2026-07-21T11:59:42.014782+00:00
P12_boundary_variability,P12_boundary_variability:small_mesh:0121fbdea92abf9b:L2:203:m10-intent:0,small_mesh,0121fbdea92abf9b,203,m10-intent,L2,iterative_analytical,0,10,10,0.46,0.05,1e-05,,True,,0,False,no candidate route is feasible: a0->a1->a2->a3->b3 (min_fidelity 0.460 exceeds the achievable estimate 0.438 (no further gain after round 1 (fixed point reached))); a0->b0->b1->b2->b3 (min_fidelity 0.460 exceeds the achievable estimate 0.438 (no further gain after round 1 (fixed point reached))); a0->a1->b1->b2->b3 (min_fidelity 0.460 exceeds the achievable estimate 0.438 (no further gain after round 1 (fixed point reached))),,,,0,0.001459,REJECTED,,,,,,,False,,,,,,,,,,False,,,,False,,3eada4d39cc676240b3278de813f19477e0b0eb8,1f2680a5b9065e708a7497adc53a95b108029b98,3.13.14,2.5.1,"{""pydantic"": ""2.13.4"", ""yaml"": ""6.0.3"", ""networkx"": ""3.6.1"", ""numpy"": ""2.5.1"", ""scipy"": ""1.18.0"", ""matplotlib"": ""3.11.0"", ""pandas"": ""3.0.3"", ""qutip"": ""5.3.0"", ""stim"": ""1.16.0"", ""gmpy2"": ""2.3.1"", ""nbformat"": ""5.10.4"", ""nbclient"": ""0.11.0""}",Windows,11,Gercom,2026-07-21T11:59:47.098184+00:00
P12_boundary_variability,P12_boundary_variability:small_mesh:0121fbdea92abf9b:L2:204:m10-intent:0,small_mesh,0121fbdea92abf9b,204,m10-intent,L2,iterative_analytical,0,10,10,0.46,0.05,1e-05,,True,,0,False,no candidate route is feasible: a0->a1->a2->a3->b3 (min_fidelity 0.460 exceeds the achievable estimate 0.438 (no further gain after round 1 (fixed point reached))); a0->b0->b1->b2->b3 (min_fidelity 0.460 exceeds the achievable estimate 0.438 (no further gain after round 1 (fixed point reached))); a0->a1->b1->b2->b3 (min_fidelity 0.460 exceeds the achievable estimate 0.438 (no further gain after round 1 (fixed point reached))),,,,0,0.001345,REJECTED,,,,,,,False,,,,,,,,,,False,,,,False,,3eada4d39cc676240b3278de813f19477e0b0eb8,1f2680a5b9065e708a7497adc53a95b108029b98,3.13.14,2.5.1,"{""pydantic"": ""2.13.4"", ""yaml"": ""6.0.3"", ""networkx"": ""3.6.1"", ""numpy"": ""2.5.1"", ""scipy"": ""1.18.0"", ""matplotlib"": ""3.11.0"", ""pandas"": ""3.0.3"", ""qutip"": ""5.3.0"", ""stim"": ""1.16.0"", ""gmpy2"": ""2.3.1"", ""nbformat"": ""5.10.4"", ""nbclient"": ""0.11.0""}",Windows,11,Gercom,2026-07-21T11:59:51.079142+00:00
P12_boundary_variability,P12_boundary_variability:small_mesh:0121fbdea92abf9b:L2:205:m10-intent:0,small_mesh,0121fbdea92abf9b,205,m10-intent,L2,iterative_analytical,0,10,10,0.46,0.05,1e-05,,True,,0,False,no candidate route is feasible: a0->a1->a2->a3->b3 (min_fidelity 0.460 exceeds the achievable estimate 0.438 (no further gain after round 1 (fixed point reached))); a0->b0->b1->b2->b3 (min_fidelity 0.460 exceeds the achievable estimate 0.438 (no further gain after round 1 (fixed point reached))); a0->a1->b1->b2->b3 (min_fidelity 0.460 exceeds the achievable estimate 0.438 (no further gain after round 1 (fixed point reached))),,,,0,0.001066,REJECTED,,,,,,,False,,,,,,,,,,False,,,,False,,3eada4d39cc676240b3278de813f19477e0b0eb8,1f2680a5b9065e708a7497adc53a95b108029b98,3.13.14,2.5.1,"{""pydantic"": ""2.13.4"", ""yaml"": ""6.0.3"", ""networkx"": ""3.6.1"", ""numpy"": ""2.5.1"", ""scipy"": ""1.18.0"", ""matplotlib"": ""3.11.0"", ""pandas"": ""3.0.3"", ""qutip"": ""5.3.0"", ""stim"": ""1.16.0"", ""gmpy2"": ""2.3.1"", ""nbformat"": ""5.10.4"", ""nbclient"": ""0.11.0""}",Windows,11,Gercom,2026-07-21T11:59:57.080021+00:00
P12_boundary_variability,P12_boundary_variability:small_mesh:0121fbdea92abf9b:L2:206:m10-intent:0,small_mesh,0121fbdea92abf9b,206,m10-intent,L2,iterative_analytical,0,10,10,0.46,0.05,1e-05,,True,,0,False,no candidate route is feasible: a0->a1->a2->a3->b3 (min_fidelity 0.460 exceeds the achievable estimate 0.438 (no further gain after round 1 (fixed point reached))); a0->b0->b1->b2->b3 (min_fidelity 0.460 exceeds the achievable estimate 0.438 (no further gain after round 1 (fixed point reached))); a0->a1->b1->b2->b3 (min_fidelity 0.460 exceeds the achievable estimate 0.438 (no further gain after round 1 (fixed point reached))),,,,0,0.001513,REJECTED,,,,,,,False,,,,,,,,,,False,,,,False,,3eada4d39cc676240b3278de813f19477e0b0eb8,1f2680a5b9065e708a7497adc53a95b108029b98,3.13.14,2.5.1,"{""pydantic"": ""2.13.4"", ""yaml"": ""6.0.3"", ""networkx"": ""3.6.1"", ""numpy"": ""2.5.1"", ""scipy"": ""1.18.0"", ""matplotlib"": ""3.11.0"", ""pandas"": ""3.0.3"", ""qutip"": ""5.3.0"", ""stim"": ""1.16.0"", ""gmpy2"": ""2.3.1"", ""nbformat"": ""5.10.4"", ""nbclient"": ""0.11.0""}",Windows,11,Gercom,2026-07-21T12:00:03.004117+00:00
P12_boundary_variability,P12_boundary_variability:small_mesh:0121fbdea92abf9b:L2:207:m10-intent:0,small_mesh,0121fbdea92abf9b,207,m10-intent,L2,iterative_analytical,0,10,10,0.46,0.05,1e-05,,True,,0,False,no candidate route is feasible: a0->a1->a2->a3->b3 (min_fidelity 0.460 exceeds the achievable estimate 0.438 (no further gain after round 1 (fixed point reached))); a0->b0->b1->b2->b3 (min_fidelity 0.460 exceeds the achievable estimate 0.438 (no further gain after round 1 (fixed point reached))); a0->a1->b1->b2->b3 (min_fidelity 0.460 exceeds the achievable estimate 0.438 (no further gain after round 1 (fixed point reached))),,,,0,0.002069,REJECTED,,,,,,,False,,,,,,,,,,False,,,,False,,3eada4d39cc676240b3278de813f19477e0b0eb8,1f2680a5b9065e708a7497adc53a95b108029b98,3.13.14,2.5.1,"{""pydantic"": ""2.13.4"", ""yaml"": ""6.0.3"", ""networkx"": ""3.6.1"", ""numpy"": ""2.5.1"", ""scipy"": ""1.18.0"", ""matplotlib"": ""3.11.0"", ""pandas"": ""3.0.3"", ""qutip"": ""5.3.0"", ""stim"": ""1.16.0"", ""gmpy2"": ""2.3.1"", ""nbformat"": ""5.10.4"", ""nbclient"": ""0.11.0""}",Windows,11,Gercom,2026-07-21T12:00:08.002649+00:00
P12_boundary_variability,P12_boundary_variability:small_mesh:0121fbdea92abf9b:L2:208:m10-intent:0,small_mesh,0121fbdea92abf9b,208,m10-intent,L2,iterative_analytical,0,10,10,0.46,0.05,1e-05,,True,,0,False,no candidate route is feasible: a0->a1->a2->a3->b3 (min_fidelity 0.460 exceeds the achievable estimate 0.438 (no further gain after round 1 (fixed point reached))); a0->b0->b1->b2->b3 (min_fidelity 0.460 exceeds the achievable estimate 0.438 (no further gain after round 1 (fixed point reached))); a0->a1->b1->b2->b3 (min_fidelity 0.460 exceeds the achievable estimate 0.438 (no further gain after round 1 (fixed point reached))),,,,0,0.000998,REJECTED,,,,,,,False,,,,,,,,,,False,,,,False,,3eada4d39cc676240b3278de813f19477e0b0eb8,1f2680a5b9065e708a7497adc53a95b108029b98,3.13.14,2.5.1,"{""pydantic"": ""2.13.4"", ""yaml"": ""6.0.3"", ""networkx"": ""3.6.1"", ""numpy"": ""2.5.1"", ""scipy"": ""1.18.0"", ""matplotlib"": ""3.11.0"", ""pandas"": ""3.0.3"", ""qutip"": ""5.3.0"", ""stim"": ""1.16.0"", ""gmpy2"": ""2.3.1"", ""nbformat"": ""5.10.4"", ""nbclient"": ""0.11.0""}",Windows,11,Gercom,2026-07-21T12:00:11.699399+00:00
P12_boundary_variability,P12_boundary_variability:small_mesh:0121fbdea92abf9b:L2:209:m10-intent:0,small_mesh,0121fbdea92abf9b,209,m10-intent,L2,iterative_analytical,0,10,10,0.46,0.05,1e-05,,True,,0,False,no candidate route is feasible: a0->a1->a2->a3->b3 (min_fidelity 0.460 exceeds the achievable estimate 0.438 (no further gain after round 1 (fixed point reached))); a0->b0->b1->b2->b3 (min_fidelity 0.460 exceeds the achievable estimate 0.438 (no further gain after round 1 (fixed point reached))); a0->a1->b1->b2->b3 (min_fidelity 0.460 exceeds the achievable estimate 0.438 (no further gain after round 1 (fixed point reached))),,,,0,0.000669,REJECTED,,,,,,,False,,,,,,,,,,False,,,,False,,3eada4d39cc676240b3278de813f19477e0b0eb8,1f2680a5b9065e708a7497adc53a95b108029b98,3.13.14,2.5.1,"{""pydantic"": ""2.13.4"", ""yaml"": ""6.0.3"", ""networkx"": ""3.6.1"", ""numpy"": ""2.5.1"", ""scipy"": ""1.18.0"", ""matplotlib"": ""3.11.0"", ""pandas"": ""3.0.3"", ""qutip"": ""5.3.0"", ""stim"": ""1.16.0"", ""gmpy2"": ""2.3.1"", ""nbformat"": ""5.10.4"", ""nbclient"": ""0.11.0""}",Windows,11,Gercom,2026-07-21T12:00:15.371524+00:00
P12_boundary_variability,P12_boundary_variability:small_mesh:0121fbdea92abf9b:L2:210:m10-intent:0,small_mesh,0121fbdea92abf9b,210,m10-intent,L2,iterative_analytical,0,10,10,0.46,0.05,1e-05,,True,,0,False,no candidate route is feasible: a0->a1->a2->a3->b3 (min_fidelity 0.460 exceeds the achievable estimate 0.438 (no further gain after round 1 (fixed point reached))); a0->b0->b1->b2->b3 (min_fidelity 0.460 exceeds the achievable estimate 0.438 (no further gain after round 1 (fixed point reached))); a0->a1->b1->b2->b3 (min_fidelity 0.460 exceeds the achievable estimate 0.438 (no further gain after round 1 (fixed point reached))),,,,0,0.000616,REJECTED,,,,,,,False,,,,,,,,,,False,,,,False,,3eada4d39cc676240b3278de813f19477e0b0eb8,1f2680a5b9065e708a7497adc53a95b108029b98,3.13.14,2.5.1,"{""pydantic"": ""2.13.4"", ""yaml"": ""6.0.3"", ""networkx"": ""3.6.1"", ""numpy"": ""2.5.1"", ""scipy"": ""1.18.0"", ""matplotlib"": ""3.11.0"", ""pandas"": ""3.0.3"", ""qutip"": ""5.3.0"", ""stim"": ""1.16.0"", ""gmpy2"": ""2.3.1"", ""nbformat"": ""5.10.4"", ""nbclient"": ""0.11.0""}",Windows,11,Gercom,2026-07-21T12:00:18.727902+00:00
P12_boundary_variability,P12_boundary_variability:small_mesh:0121fbdea92abf9b:L2:211:m10-intent:0,small_mesh,0121fbdea92abf9b,211,m10-intent,L2,iterative_analytical,0,10,10,0.46,0.05,1e-05,,True,,0,False,no candidate route is feasible: a0->a1->a2->a3->b3 (min_fidelity 0.460 exceeds the achievable estimate 0.438 (no further gain after round 1 (fixed point reached))); a0->b0->b1->b2->b3 (min_fidelity 0.460 exceeds the achievable estimate 0.438 (no further gain after round 1 (fixed point reached))); a0->a1->b1->b2->b3 (min_fidelity 0.460 exceeds the achievable estimate 0.438 (no further gain after round 1 (fixed point reached))),,,,0,0.000614,REJECTED,,,,,,,False,,,,,,,,,,False,,,,False,,3eada4d39cc676240b3278de813f19477e0b0eb8,1f2680a5b9065e708a7497adc53a95b108029b98,3.13.14,2.5.1,"{""pydantic"": ""2.13.4"", ""yaml"": ""6.0.3"", ""networkx"": ""3.6.1"", ""numpy"": ""2.5.1"", ""scipy"": ""1.18.0"", ""matplotlib"": ""3.11.0"", ""pandas"": ""3.0.3"", ""qutip"": ""5.3.0"", ""stim"": ""1.16.0"", ""gmpy2"": ""2.3.1"", ""nbformat"": ""5.10.4"", ""nbclient"": ""0.11.0""}",Windows,11,Gercom,2026-07-21T12:00:22.155702+00:00
P12_boundary_variability,P12_boundary_variability:small_mesh:0121fbdea92abf9b:L2:212:m10-intent:0,small_mesh,0121fbdea92abf9b,212,m10-intent,L2,iterative_analytical,0,10,10,0.46,0.05,1e-05,,True,,0,False,no candidate route is feasible: a0->a1->a2->a3->b3 (min_fidelity 0.460 exceeds the achievable estimate 0.438 (no further gain after round 1 (fixed point reached))); a0->b0->b1->b2->b3 (min_fidelity 0.460 exceeds the achievable estimate 0.438 (no further gain after round 1 (fixed point reached))); a0->a1->b1->b2->b3 (min_fidelity 0.460 exceeds the achievable estimate 0.438 (no further gain after round 1 (fixed point reached))),,,,0,0.000617,REJECTED,,,,,,,False,,,,,,,,,,False,,,,False,,3eada4d39cc676240b3278de813f19477e0b0eb8,1f2680a5b9065e708a7497adc53a95b108029b98,3.13.14,2.5.1,"{""pydantic"": ""2.13.4"", ""yaml"": ""6.0.3"", ""networkx"": ""3.6.1"", ""numpy"": ""2.5.1"", ""scipy"": ""1.18.0"", ""matplotlib"": ""3.11.0"", ""pandas"": ""3.0.3"", ""qutip"": ""5.3.0"", ""stim"": ""1.16.0"", ""gmpy2"": ""2.3.1"", ""nbformat"": ""5.10.4"", ""nbclient"": ""0.11.0""}",Windows,11,Gercom,2026-07-21T12:00:25.363472+00:00
P12_boundary_variability,P12_boundary_variability:small_mesh:0121fbdea92abf9b:L2:213:m10-intent:0,small_mesh,0121fbdea92abf9b,213,m10-intent,L2,iterative_analytical,0,10,10,0.46,0.05,1e-05,,True,,0,False,no candidate route is feasible: a0->a1->a2->a3->b3 (min_fidelity 0.460 exceeds the achievable estimate 0.438 (no further gain after round 1 (fixed point reached))); a0->b0->b1->b2->b3 (min_fidelity 0.460 exceeds the achievable estimate 0.438 (no further gain after round 1 (fixed point reached))); a0->a1->b1->b2->b3 (min_fidelity 0.460 exceeds the achievable estimate 0.438 (no further gain after round 1 (fixed point reached))),,,,0,0.000606,REJECTED,,,,,,,False,,,,,,,,,,False,,,,False,,3eada4d39cc676240b3278de813f19477e0b0eb8,1f2680a5b9065e708a7497adc53a95b108029b98,3.13.14,2.5.1,"{""pydantic"": ""2.13.4"", ""yaml"": ""6.0.3"", ""networkx"": ""3.6.1"", ""numpy"": ""2.5.1"", ""scipy"": ""1.18.0"", ""matplotlib"": ""3.11.0"", ""pandas"": ""3.0.3"", ""qutip"": ""5.3.0"", ""stim"": ""1.16.0"", ""gmpy2"": ""2.3.1"", ""nbformat"": ""5.10.4"", ""nbclient"": ""0.11.0""}",Windows,11,Gercom,2026-07-21T12:00:28.789829+00:00
P12_boundary_variability,P12_boundary_variability:small_mesh:0121fbdea92abf9b:L2:214:m10-intent:0,small_mesh,0121fbdea92abf9b,214,m10-intent,L2,iterative_analytical,0,10,10,0.46,0.05,1e-05,,True,,0,False,no candidate route is feasible: a0->a1->a2->a3->b3 (min_fidelity 0.460 exceeds the achievable estimate 0.438 (no further gain after round 1 (fixed point reached))); a0->b0->b1->b2->b3 (min_fidelity 0.460 exceeds the achievable estimate 0.438 (no further gain after round 1 (fixed point reached))); a0->a1->b1->b2->b3 (min_fidelity 0.460 exceeds the achievable estimate 0.438 (no further gain after round 1 (fixed point reached))),,,,0,0.001246,REJECTED,,,,,,,False,,,,,,,,,,False,,,,False,,3eada4d39cc676240b3278de813f19477e0b0eb8,1f2680a5b9065e708a7497adc53a95b108029b98,3.13.14,2.5.1,"{""pydantic"": ""2.13.4"", ""yaml"": ""6.0.3"", ""networkx"": ""3.6.1"", ""numpy"": ""2.5.1"", ""scipy"": ""1.18.0"", ""matplotlib"": ""3.11.0"", ""pandas"": ""3.0.3"", ""qutip"": ""5.3.0"", ""stim"": ""1.16.0"", ""gmpy2"": ""2.3.1"", ""nbformat"": ""5.10.4"", ""nbclient"": ""0.11.0""}",Windows,11,Gercom,2026-07-21T12:00:35.091186+00:00
P12_boundary_variability,P12_boundary_variability:small_mesh:0121fbdea92abf9b:L2:215:m10-intent:0,small_mesh,0121fbdea92abf9b,215,m10-intent,L2,iterative_analytical,0,10,10,0.46,0.05,1e-05,,True,,0,False,no candidate route is feasible: a0->a1->a2->a3->b3 (min_fidelity 0.460 exceeds the achievable estimate 0.438 (no further gain after round 1 (fixed point reached))); a0->b0->b1->b2->b3 (min_fidelity 0.460 exceeds the achievable estimate 0.438 (no further gain after round 1 (fixed point reached))); a0->a1->b1->b2->b3 (min_fidelity 0.460 exceeds the achievable estimate 0.438 (no further gain after round 1 (fixed point reached))),,,,0,0.001238,REJECTED,,,,,,,False,,,,,,,,,,False,,,,False,,3eada4d39cc676240b3278de813f19477e0b0eb8,1f2680a5b9065e708a7497adc53a95b108029b98,3.13.14,2.5.1,"{""pydantic"": ""2.13.4"", ""yaml"": ""6.0.3"", ""networkx"": ""3.6.1"", ""numpy"": ""2.5.1"", ""scipy"": ""1.18.0"", ""matplotlib"": ""3.11.0"", ""pandas"": ""3.0.3"", ""qutip"": ""5.3.0"", ""stim"": ""1.16.0"", ""gmpy2"": ""2.3.1"", ""nbformat"": ""5.10.4"", ""nbclient"": ""0.11.0""}",Windows,11,Gercom,2026-07-21T12:00:39.882945+00:00
P12_boundary_variability,P12_boundary_variability:small_mesh:0121fbdea92abf9b:L2:216:m10-intent:0,small_mesh,0121fbdea92abf9b,216,m10-intent,L2,iterative_analytical,0,10,10,0.46,0.05,1e-05,,True,,0,False,no candidate route is feasible: a0->a1->a2->a3->b3 (min_fidelity 0.460 exceeds the achievable estimate 0.438 (no further gain after round 1 (fixed point reached))); a0->b0->b1->b2->b3 (min_fidelity 0.460 exceeds the achievable estimate 0.438 (no further gain after round 1 (fixed point reached))); a0->a1->b1->b2->b3 (min_fidelity 0.460 exceeds the achievable estimate 0.438 (no further gain after round 1 (fixed point reached))),,,,0,0.000693,REJECTED,,,,,,,False,,,,,,,,,,False,,,,False,,3eada4d39cc676240b3278de813f19477e0b0eb8,1f2680a5b9065e708a7497adc53a95b108029b98,3.13.14,2.5.1,"{""pydantic"": ""2.13.4"", ""yaml"": ""6.0.3"", ""networkx"": ""3.6.1"", ""numpy"": ""2.5.1"", ""scipy"": ""1.18.0"", ""matplotlib"": ""3.11.0"", ""pandas"": ""3.0.3"", ""qutip"": ""5.3.0"", ""stim"": ""1.16.0"", ""gmpy2"": ""2.3.1"", ""nbformat"": ""5.10.4"", ""nbclient"": ""0.11.0""}",Windows,11,Gercom,2026-07-21T12:00:43.508743+00:00
P12_boundary_variability,P12_boundary_variability:small_mesh:0121fbdea92abf9b:L2:217:m10-intent:0,small_mesh,0121fbdea92abf9b,217,m10-intent,L2,iterative_analytical,0,10,10,0.46,0.05,1e-05,,True,,0,False,no candidate route is feasible: a0->a1->a2->a3->b3 (min_fidelity 0.460 exceeds the achievable estimate 0.438 (no further gain after round 1 (fixed point reached))); a0->b0->b1->b2->b3 (min_fidelity 0.460 exceeds the achievable estimate 0.438 (no further gain after round 1 (fixed point reached))); a0->a1->b1->b2->b3 (min_fidelity 0.460 exceeds the achievable estimate 0.438 (no further gain after round 1 (fixed point reached))),,,,0,0.001431,REJECTED,,,,,,,False,,,,,,,,,,False,,,,False,,3eada4d39cc676240b3278de813f19477e0b0eb8,1f2680a5b9065e708a7497adc53a95b108029b98,3.13.14,2.5.1,"{""pydantic"": ""2.13.4"", ""yaml"": ""6.0.3"", ""networkx"": ""3.6.1"", ""numpy"": ""2.5.1"", ""scipy"": ""1.18.0"", ""matplotlib"": ""3.11.0"", ""pandas"": ""3.0.3"", ""qutip"": ""5.3.0"", ""stim"": ""1.16.0"", ""gmpy2"": ""2.3.1"", ""nbformat"": ""5.10.4"", ""nbclient"": ""0.11.0""}",Windows,11,Gercom,2026-07-21T12:00:48.681747+00:00
P12_boundary_variability,P12_boundary_variability:small_mesh:0121fbdea92abf9b:L2:218:m10-intent:0,small_mesh,0121fbdea92abf9b,218,m10-intent,L2,iterative_analytical,0,10,10,0.46,0.05,1e-05,,True,,0,False,no candidate route is feasible: a0->a1->a2->a3->b3 (min_fidelity 0.460 exceeds the achievable estimate 0.438 (no further gain after round 1 (fixed point reached))); a0->b0->b1->b2->b3 (min_fidelity 0.460 exceeds the achievable estimate 0.438 (no further gain after round 1 (fixed point reached))); a0->a1->b1->b2->b3 (min_fidelity 0.460 exceeds the achievable estimate 0.438 (no further gain after round 1 (fixed point reached))),,,,0,0.000633,REJECTED,,,,,,,False,,,,,,,,,,False,,,,False,,3eada4d39cc676240b3278de813f19477e0b0eb8,1f2680a5b9065e708a7497adc53a95b108029b98,3.13.14,2.5.1,"{""pydantic"": ""2.13.4"", ""yaml"": ""6.0.3"", ""networkx"": ""3.6.1"", ""numpy"": ""2.5.1"", ""scipy"": ""1.18.0"", ""matplotlib"": ""3.11.0"", ""pandas"": ""3.0.3"", ""qutip"": ""5.3.0"", ""stim"": ""1.16.0"", ""gmpy2"": ""2.3.1"", ""nbformat"": ""5.10.4"", ""nbclient"": ""0.11.0""}",Windows,11,Gercom,2026-07-21T12:00:52.231010+00:00
P12_boundary_variability,P12_boundary_variability:small_mesh:0121fbdea92abf9b:L2:219:m10-intent:0,small_mesh,0121fbdea92abf9b,219,m10-intent,L2,iterative_analytical,0,10,10,0.46,0.05,1e-05,,True,,0,False,no candidate route is feasible: a0->a1->a2->a3->b3 (min_fidelity 0.460 exceeds the achievable estimate 0.438 (no further gain after round 1 (fixed point reached))); a0->b0->b1->b2->b3 (min_fidelity 0.460 exceeds the achievable estimate 0.438 (no further gain after round 1 (fixed point reached))); a0->a1->b1->b2->b3 (min_fidelity 0.460 exceeds the achievable estimate 0.438 (no further gain after round 1 (fixed point reached))),,,,0,0.000624,REJECTED,,,,,,,False,,,,,,,,,,False,,,,False,,3eada4d39cc676240b3278de813f19477e0b0eb8,1f2680a5b9065e708a7497adc53a95b108029b98,3.13.14,2.5.1,"{""pydantic"": ""2.13.4"", ""yaml"": ""6.0.3"", ""networkx"": ""3.6.1"", ""numpy"": ""2.5.1"", ""scipy"": ""1.18.0"", ""matplotlib"": ""3.11.0"", ""pandas"": ""3.0.3"", ""qutip"": ""5.3.0"", ""stim"": ""1.16.0"", ""gmpy2"": ""2.3.1"", ""nbformat"": ""5.10.4"", ""nbclient"": ""0.11.0""}",Windows,11,Gercom,2026-07-21T12:00:55.448868+00:00
P12_boundary_variability,P12_boundary_variability:small_mesh:0121fbdea92abf9b:L2:220:m10-intent:0,small_mesh,0121fbdea92abf9b,220,m10-intent,L2,iterative_analytical,0,10,10,0.46,0.05,1e-05,,True,,0,False,no candidate route is feasible: a0->a1->a2->a3->b3 (min_fidelity 0.460 exceeds the achievable estimate 0.438 (no further gain after round 1 (fixed point reached))); a0->b0->b1->b2->b3 (min_fidelity 0.460 exceeds the achievable estimate 0.438 (no further gain after round 1 (fixed point reached))); a0->a1->b1->b2->b3 (min_fidelity 0.460 exceeds the achievable estimate 0.438 (no further gain after round 1 (fixed point reached))),,,,0,0.000631,REJECTED,,,,,,,False,,,,,,,,,,False,,,,False,,3eada4d39cc676240b3278de813f19477e0b0eb8,1f2680a5b9065e708a7497adc53a95b108029b98,3.13.14,2.5.1,"{""pydantic"": ""2.13.4"", ""yaml"": ""6.0.3"", ""networkx"": ""3.6.1"", ""numpy"": ""2.5.1"", ""scipy"": ""1.18.0"", ""matplotlib"": ""3.11.0"", ""pandas"": ""3.0.3"", ""qutip"": ""5.3.0"", ""stim"": ""1.16.0"", ""gmpy2"": ""2.3.1"", ""nbformat"": ""5.10.4"", ""nbclient"": ""0.11.0""}",Windows,11,Gercom,2026-07-21T12:00:58.640251+00:00
P12_boundary_variability,P12_boundary_variability:small_mesh:0121fbdea92abf9b:L2:221:m10-intent:0,small_mesh,0121fbdea92abf9b,221,m10-intent,L2,iterative_analytical,0,10,10,0.46,0.05,1e-05,,True,,0,False,no candidate route is feasible: a0->a1->a2->a3->b3 (min_fidelity 0.460 exceeds the achievable estimate 0.438 (no further gain after round 1 (fixed point reached))); a0->b0->b1->b2->b3 (min_fidelity 0.460 exceeds the achievable estimate 0.438 (no further gain after round 1 (fixed point reached))); a0->a1->b1->b2->b3 (min_fidelity 0.460 exceeds the achievable estimate 0.438 (no further gain after round 1 (fixed point reached))),,,,0,0.00064,REJECTED,,,,,,,False,,,,,,,,,,False,,,,False,,3eada4d39cc676240b3278de813f19477e0b0eb8,1f2680a5b9065e708a7497adc53a95b108029b98,3.13.14,2.5.1,"{""pydantic"": ""2.13.4"", ""yaml"": ""6.0.3"", ""networkx"": ""3.6.1"", ""numpy"": ""2.5.1"", ""scipy"": ""1.18.0"", ""matplotlib"": ""3.11.0"", ""pandas"": ""3.0.3"", ""qutip"": ""5.3.0"", ""stim"": ""1.16.0"", ""gmpy2"": ""2.3.1"", ""nbformat"": ""5.10.4"", ""nbclient"": ""0.11.0""}",Windows,11,Gercom,2026-07-21T12:01:01.828007+00:00
P12_boundary_variability,P12_boundary_variability:small_mesh:0121fbdea92abf9b:L2:222:m10-intent:0,small_mesh,0121fbdea92abf9b,222,m10-intent,L2,iterative_analytical,0,10,10,0.46,0.05,1e-05,,True,,0,False,no candidate route is feasible: a0->a1->a2->a3->b3 (min_fidelity 0.460 exceeds the achievable estimate 0.438 (no further gain after round 1 (fixed point reached))); a0->b0->b1->b2->b3 (min_fidelity 0.460 exceeds the achievable estimate 0.438 (no further gain after round 1 (fixed point reached))); a0->a1->b1->b2->b3 (min_fidelity 0.460 exceeds the achievable estimate 0.438 (no further gain after round 1 (fixed point reached))),,,,0,0.000634,REJECTED,,,,,,,False,,,,,,,,,,False,,,,False,,3eada4d39cc676240b3278de813f19477e0b0eb8,1f2680a5b9065e708a7497adc53a95b108029b98,3.13.14,2.5.1,"{""pydantic"": ""2.13.4"", ""yaml"": ""6.0.3"", ""networkx"": ""3.6.1"", ""numpy"": ""2.5.1"", ""scipy"": ""1.18.0"", ""matplotlib"": ""3.11.0"", ""pandas"": ""3.0.3"", ""qutip"": ""5.3.0"", ""stim"": ""1.16.0"", ""gmpy2"": ""2.3.1"", ""nbformat"": ""5.10.4"", ""nbclient"": ""0.11.0""}",Windows,11,Gercom,2026-07-21T12:01:05.264616+00:00
P12_boundary_variability,P12_boundary_variability:small_mesh:0121fbdea92abf9b:L2:223:m10-intent:0,small_mesh,0121fbdea92abf9b,223,m10-intent,L2,iterative_analytical,0,10,10,0.46,0.05,1e-05,,True,,0,False,no candidate route is feasible: a0->a1->a2->a3->b3 (min_fidelity 0.460 exceeds the achievable estimate 0.438 (no further gain after round 1 (fixed point reached))); a0->b0->b1->b2->b3 (min_fidelity 0.460 exceeds the achievable estimate 0.438 (no further gain after round 1 (fixed point reached))); a0->a1->b1->b2->b3 (min_fidelity 0.460 exceeds the achievable estimate 0.438 (no further gain after round 1 (fixed point reached))),,,,0,0.000643,REJECTED,,,,,,,False,,,,,,,,,,False,,,,False,,3eada4d39cc676240b3278de813f19477e0b0eb8,1f2680a5b9065e708a7497adc53a95b108029b98,3.13.14,2.5.1,"{""pydantic"": ""2.13.4"", ""yaml"": ""6.0.3"", ""networkx"": ""3.6.1"", ""numpy"": ""2.5.1"", ""scipy"": ""1.18.0"", ""matplotlib"": ""3.11.0"", ""pandas"": ""3.0.3"", ""qutip"": ""5.3.0"", ""stim"": ""1.16.0"", ""gmpy2"": ""2.3.1"", ""nbformat"": ""5.10.4"", ""nbclient"": ""0.11.0""}",Windows,11,Gercom,2026-07-21T12:01:08.460165+00:00
P12_boundary_variability,P12_boundary_variability:small_mesh:0121fbdea92abf9b:L2:224:m10-intent:0,small_mesh,0121fbdea92abf9b,224,m10-intent,L2,iterative_analytical,0,10,10,0.46,0.05,1e-05,,True,,0,False,no candidate route is feasible: a0->a1->a2->a3->b3 (min_fidelity 0.460 exceeds the achievable estimate 0.438 (no further gain after round 1 (fixed point reached))); a0->b0->b1->b2->b3 (min_fidelity 0.460 exceeds the achievable estimate 0.438 (no further gain after round 1 (fixed point reached))); a0->a1->b1->b2->b3 (min_fidelity 0.460 exceeds the achievable estimate 0.438 (no further gain after round 1 (fixed point reached))),,,,0,0.000727,REJECTED,,,,,,,False,,,,,,,,,,False,,,,False,,3eada4d39cc676240b3278de813f19477e0b0eb8,1f2680a5b9065e708a7497adc53a95b108029b98,3.13.14,2.5.1,"{""pydantic"": ""2.13.4"", ""yaml"": ""6.0.3"", ""networkx"": ""3.6.1"", ""numpy"": ""2.5.1"", ""scipy"": ""1.18.0"", ""matplotlib"": ""3.11.0"", ""pandas"": ""3.0.3"", ""qutip"": ""5.3.0"", ""stim"": ""1.16.0"", ""gmpy2"": ""2.3.1"", ""nbformat"": ""5.10.4"", ""nbclient"": ""0.11.0""}",Windows,11,Gercom,2026-07-21T12:01:11.680549+00:00
P12_boundary_variability,P12_boundary_variability:small_mesh:0121fbdea92abf9b:L2:225:m10-intent:0,small_mesh,0121fbdea92abf9b,225,m10-intent,L2,iterative_analytical,0,10,10,0.46,0.05,1e-05,,True,,0,False,no candidate route is feasible: a0->a1->a2->a3->b3 (min_fidelity 0.460 exceeds the achievable estimate 0.438 (no further gain after round 1 (fixed point reached))); a0->b0->b1->b2->b3 (min_fidelity 0.460 exceeds the achievable estimate 0.438 (no further gain after round 1 (fixed point reached))); a0->a1->b1->b2->b3 (min_fidelity 0.460 exceeds the achievable estimate 0.438 (no further gain after round 1 (fixed point reached))),,,,0,0.000739,REJECTED,,,,,,,False,,,,,,,,,,False,,,,False,,3eada4d39cc676240b3278de813f19477e0b0eb8,1f2680a5b9065e708a7497adc53a95b108029b98,3.13.14,2.5.1,"{""pydantic"": ""2.13.4"", ""yaml"": ""6.0.3"", ""networkx"": ""3.6.1"", ""numpy"": ""2.5.1"", ""scipy"": ""1.18.0"", ""matplotlib"": ""3.11.0"", ""pandas"": ""3.0.3"", ""qutip"": ""5.3.0"", ""stim"": ""1.16.0"", ""gmpy2"": ""2.3.1"", ""nbformat"": ""5.10.4"", ""nbclient"": ""0.11.0""}",Windows,11,Gercom,2026-07-21T12:01:15.074358+00:00
P12_boundary_variability,P12_boundary_variability:small_mesh:0121fbdea92abf9b:L2:226:m10-intent:0,small_mesh,0121fbdea92abf9b,226,m10-intent,L2,iterative_analytical,0,10,10,0.46,0.05,1e-05,,True,,0,False,no candidate route is feasible: a0->a1->a2->a3->b3 (min_fidelity 0.460 exceeds the achievable estimate 0.438 (no further gain after round 1 (fixed point reached))); a0->b0->b1->b2->b3 (min_fidelity 0.460 exceeds the achievable estimate 0.438 (no further gain after round 1 (fixed point reached))); a0->a1->b1->b2->b3 (min_fidelity 0.460 exceeds the achievable estimate 0.438 (no further gain after round 1 (fixed point reached))),,,,0,0.000735,REJECTED,,,,,,,False,,,,,,,,,,False,,,,False,,3eada4d39cc676240b3278de813f19477e0b0eb8,1f2680a5b9065e708a7497adc53a95b108029b98,3.13.14,2.5.1,"{""pydantic"": ""2.13.4"", ""yaml"": ""6.0.3"", ""networkx"": ""3.6.1"", ""numpy"": ""2.5.1"", ""scipy"": ""1.18.0"", ""matplotlib"": ""3.11.0"", ""pandas"": ""3.0.3"", ""qutip"": ""5.3.0"", ""stim"": ""1.16.0"", ""gmpy2"": ""2.3.1"", ""nbformat"": ""5.10.4"", ""nbclient"": ""0.11.0""}",Windows,11,Gercom,2026-07-21T12:01:18.522390+00:00
P12_boundary_variability,P12_boundary_variability:small_mesh:0121fbdea92abf9b:L2:227:m10-intent:0,small_mesh,0121fbdea92abf9b,227,m10-intent,L2,iterative_analytical,0,10,10,0.46,0.05,1e-05,,True,,0,False,no candidate route is feasible: a0->a1->a2->a3->b3 (min_fidelity 0.460 exceeds the achievable estimate 0.438 (no further gain after round 1 (fixed point reached))); a0->b0->b1->b2->b3 (min_fidelity 0.460 exceeds the achievable estimate 0.438 (no further gain after round 1 (fixed point reached))); a0->a1->b1->b2->b3 (min_fidelity 0.460 exceeds the achievable estimate 0.438 (no further gain after round 1 (fixed point reached))),,,,0,0.001187,REJECTED,,,,,,,False,,,,,,,,,,False,,,,False,,3eada4d39cc676240b3278de813f19477e0b0eb8,1f2680a5b9065e708a7497adc53a95b108029b98,3.13.14,2.5.1,"{""pydantic"": ""2.13.4"", ""yaml"": ""6.0.3"", ""networkx"": ""3.6.1"", ""numpy"": ""2.5.1"", ""scipy"": ""1.18.0"", ""matplotlib"": ""3.11.0"", ""pandas"": ""3.0.3"", ""qutip"": ""5.3.0"", ""stim"": ""1.16.0"", ""gmpy2"": ""2.3.1"", ""nbformat"": ""5.10.4"", ""nbclient"": ""0.11.0""}",Windows,11,Gercom,2026-07-21T12:01:25.496338+00:00
P12_boundary_variability,P12_boundary_variability:small_mesh:0121fbdea92abf9b:L2:228:m10-intent:0,small_mesh,0121fbdea92abf9b,228,m10-intent,L2,iterative_analytical,0,10,10,0.46,0.05,1e-05,,True,,0,False,no candidate route is feasible: a0->a1->a2->a3->b3 (min_fidelity 0.460 exceeds the achievable estimate 0.438 (no further gain after round 1 (fixed point reached))); a0->b0->b1->b2->b3 (min_fidelity 0.460 exceeds the achievable estimate 0.438 (no further gain after round 1 (fixed point reached))); a0->a1->b1->b2->b3 (min_fidelity 0.460 exceeds the achievable estimate 0.438 (no further gain after round 1 (fixed point reached))),,,,0,0.001488,REJECTED,,,,,,,False,,,,,,,,,,False,,,,False,,3eada4d39cc676240b3278de813f19477e0b0eb8,1f2680a5b9065e708a7497adc53a95b108029b98,3.13.14,2.5.1,"{""pydantic"": ""2.13.4"", ""yaml"": ""6.0.3"", ""networkx"": ""3.6.1"", ""numpy"": ""2.5.1"", ""scipy"": ""1.18.0"", ""matplotlib"": ""3.11.0"", ""pandas"": ""3.0.3"", ""qutip"": ""5.3.0"", ""stim"": ""1.16.0"", ""gmpy2"": ""2.3.1"", ""nbformat"": ""5.10.4"", ""nbclient"": ""0.11.0""}",Windows,11,Gercom,2026-07-21T12:01:30.778387+00:00
P12_boundary_variability,P12_boundary_variability:small_mesh:0121fbdea92abf9b:L2:229:m10-intent:0,small_mesh,0121fbdea92abf9b,229,m10-intent,L2,iterative_analytical,0,10,10,0.46,0.05,1e-05,,True,,0,False,no candidate route is feasible: a0->a1->a2->a3->b3 (min_fidelity 0.460 exceeds the achievable estimate 0.438 (no further gain after round 1 (fixed point reached))); a0->b0->b1->b2->b3 (min_fidelity 0.460 exceeds the achievable estimate 0.438 (no further gain after round 1 (fixed point reached))); a0->a1->b1->b2->b3 (min_fidelity 0.460 exceeds the achievable estimate 0.438 (no further gain after round 1 (fixed point reached))),,,,0,0.00155,REJECTED,,,,,,,False,,,,,,,,,,False,,,,False,,3eada4d39cc676240b3278de813f19477e0b0eb8,1f2680a5b9065e708a7497adc53a95b108029b98,3.13.14,2.5.1,"{""pydantic"": ""2.13.4"", ""yaml"": ""6.0.3"", ""networkx"": ""3.6.1"", ""numpy"": ""2.5.1"", ""scipy"": ""1.18.0"", ""matplotlib"": ""3.11.0"", ""pandas"": ""3.0.3"", ""qutip"": ""5.3.0"", ""stim"": ""1.16.0"", ""gmpy2"": ""2.3.1"", ""nbformat"": ""5.10.4"", ""nbclient"": ""0.11.0""}",Windows,11,Gercom,2026-07-21T12:01:35.097501+00:00
P12_boundary_variability,P12_boundary_variability:diamond_heterogeneous:3cfcf7185dc8c1c8:L2:200:m10-intent:0,diamond_heterogeneous,3cfcf7185dc8c1c8,200,m10-intent,L2,iterative_analytical,0,10,10,0.6,0.2,0.02,,True,r1 -> bad -> r3,2,True,,,,0.6863749999999998,0,0.000838,SATISFIED,True,19,0.7695,0.7695,0.08312500000000012,10.004834,False,,3836,20,0,0,0,0,0.19999367501,0748c2c337afccbdb2b6cb06e06a1d296ca88f7fffceaffca7c6387c59582281,False,,,,False,,3eada4d39cc676240b3278de813f19477e0b0eb8,1f2680a5b9065e708a7497adc53a95b108029b98,3.13.14,2.5.1,"{""pydantic"": ""2.13.4"", ""yaml"": ""6.0.3"", ""networkx"": ""3.6.1"", ""numpy"": ""2.5.1"", ""scipy"": ""1.18.0"", ""matplotlib"": ""3.11.0"", ""pandas"": ""3.0.3"", ""qutip"": ""5.3.0"", ""stim"": ""1.16.0"", ""gmpy2"": ""2.3.1"", ""nbformat"": ""5.10.4"", ""nbclient"": ""0.11.0""}",Windows,11,Gercom,2026-07-21T12:01:49.613980+00:00
P12_boundary_variability,P12_boundary_variability:diamond_heterogeneous:3cfcf7185dc8c1c8:L2:201:m10-intent:0,diamond_heterogeneous,3cfcf7185dc8c1c8,201,m10-intent,L2,iterative_analytical,0,10,10,0.6,0.2,0.02,,True,r1 -> bad -> r3,2,True,,,,0.6863749999999998,0,0.00094,SATISFIED,True,14,0.7695,0.7695,0.08312500000000012,8.898994,False,,4003,14,0,0,0,0,0.19999553751,6be4ec96ba1caef782a290a4c06bea024bfd4f7ed3ca16b15e578b3d0ce601e3,False,,,,False,,3eada4d39cc676240b3278de813f19477e0b0eb8,1f2680a5b9065e708a7497adc53a95b108029b98,3.13.14,2.5.1,"{""pydantic"": ""2.13.4"", ""yaml"": ""6.0.3"", ""networkx"": ""3.6.1"", ""numpy"": ""2.5.1"", ""scipy"": ""1.18.0"", ""matplotlib"": ""3.11.0"", ""pandas"": ""3.0.3"", ""qutip"": ""5.3.0"", ""stim"": ""1.16.0"", ""gmpy2"": ""2.3.1"", ""nbformat"": ""5.10.4"", ""nbclient"": ""0.11.0""}",Windows,11,Gercom,2026-07-21T12:02:02.904177+00:00
P12_boundary_variability,P12_boundary_variability:diamond_heterogeneous:3cfcf7185dc8c1c8:L2:202:m10-intent:0,diamond_heterogeneous,3cfcf7185dc8c1c8,202,m10-intent,L2,iterative_analytical,0,10,10,0.6,0.2,0.02,,True,r1 -> bad -> r3,2,True,,,,0.6863749999999998,0,0.000956,SATISFIED,True,22,0.7695,0.7695,0.08312500000000012,10.644931,False,,3720,22,0,0,0,0,0.199998525,530f2b56cf9b4dfe00c15df2ccf37367eaf68983e5d0aed93ace9adfb9ffe5bb,False,,,,False,,3eada4d39cc676240b3278de813f19477e0b0eb8,1f2680a5b9065e708a7497adc53a95b108029b98,3.13.14,2.5.1,"{""pydantic"": ""2.13.4"", ""yaml"": ""6.0.3"", ""networkx"": ""3.6.1"", ""numpy"": ""2.5.1"", ""scipy"": ""1.18.0"", ""matplotlib"": ""3.11.0"", ""pandas"": ""3.0.3"", ""qutip"": ""5.3.0"", ""stim"": ""1.16.0"", ""gmpy2"": ""2.3.1"", ""nbformat"": ""5.10.4"", ""nbclient"": ""0.11.0""}",Windows,11,Gercom,2026-07-21T12:02:20.722120+00:00
P12_boundary_variability,P12_boundary_variability:diamond_heterogeneous:3cfcf7185dc8c1c8:L2:203:m10-intent:0,diamond_heterogeneous,3cfcf7185dc8c1c8,203,m10-intent,L2,iterative_analytical,0,10,10,0.6,0.2,0.02,,True,r1 -> bad -> r3,2,True,,,,0.6863749999999998,0,0.000445,SATISFIED,True,21,0.7694999999999999,0.7694999999999999,0.083125,9.627627,False,,3913,21,0,0,0,0,0.19999653751,450050915a722ee99eda936ac26e1f864725861f79009dd3efe492f7d21cb35b,False,,,,False,,3eada4d39cc676240b3278de813f19477e0b0eb8,1f2680a5b9065e708a7497adc53a95b108029b98,3.13.14,2.5.1,"{""pydantic"": ""2.13.4"", ""yaml"": ""6.0.3"", ""networkx"": ""3.6.1"", ""numpy"": ""2.5.1"", ""scipy"": ""1.18.0"", ""matplotlib"": ""3.11.0"", ""pandas"": ""3.0.3"", ""qutip"": ""5.3.0"", ""stim"": ""1.16.0"", ""gmpy2"": ""2.3.1"", ""nbformat"": ""5.10.4"", ""nbclient"": ""0.11.0""}",Windows,11,Gercom,2026-07-21T12:02:33.929649+00:00
P12_boundary_variability,P12_boundary_variability:diamond_heterogeneous:3cfcf7185dc8c1c8:L2:204:m10-intent:0,diamond_heterogeneous,3cfcf7185dc8c1c8,204,m10-intent,L2,iterative_analytical,0,10,10,0.6,0.2,0.02,,True,r1 -> bad -> r3,2,True,,,,0.6863749999999998,0,0.000423,SATISFIED,True,18,0.7695,0.7695,0.08312500000000012,9.636931,False,,3636,18,0,0,0,0,0.19999875001,540a2b223b27a2cd27aaab4d70503c8cdda0e986e90a4d9b01646785f2756763,False,,,,False,,3eada4d39cc676240b3278de813f19477e0b0eb8,1f2680a5b9065e708a7497adc53a95b108029b98,3.13.14,2.5.1,"{""pydantic"": ""2.13.4"", ""yaml"": ""6.0.3"", ""networkx"": ""3.6.1"", ""numpy"": ""2.5.1"", ""scipy"": ""1.18.0"", ""matplotlib"": ""3.11.0"", ""pandas"": ""3.0.3"", ""qutip"": ""5.3.0"", ""stim"": ""1.16.0"", ""gmpy2"": ""2.3.1"", ""nbformat"": ""5.10.4"", ""nbclient"": ""0.11.0""}",Windows,11,Gercom,2026-07-21T12:02:46.937085+00:00
P12_boundary_variability,P12_boundary_variability:diamond_heterogeneous:3cfcf7185dc8c1c8:L2:205:m10-intent:0,diamond_heterogeneous,3cfcf7185dc8c1c8,205,m10-intent,L2,iterative_analytical,0,10,10,0.6,0.2,0.02,,True,r1 -> bad -> r3,2,True,,,,0.6863749999999998,0,0.000447,SATISFIED,True,17,0.7695,0.7695,0.08312500000000012,9.244534,False,,3920,17,0,0,0,0,0.19999200001,6264b0d87ed875ac623f68d9b5e88c9393369af55078229ea96e1f2c68c6d5db,False,,,,False,,3eada4d39cc676240b3278de813f19477e0b0eb8,1f2680a5b9065e708a7497adc53a95b108029b98,3.13.14,2.5.1,"{""pydantic"": ""2.13.4"", ""yaml"": ""6.0.3"", ""networkx"": ""3.6.1"", ""numpy"": ""2.5.1"", ""scipy"": ""1.18.0"", ""matplotlib"": ""3.11.0"", ""pandas"": ""3.0.3"", ""qutip"": ""5.3.0"", ""stim"": ""1.16.0"", ""gmpy2"": ""2.3.1"", ""nbformat"": ""5.10.4"", ""nbclient"": ""0.11.0""}",Windows,11,Gercom,2026-07-21T12:02:59.606375+00:00
P12_boundary_variability,P12_boundary_variability:diamond_heterogeneous:3cfcf7185dc8c1c8:L2:206:m10-intent:0,diamond_heterogeneous,3cfcf7185dc8c1c8,206,m10-intent,L2,iterative_analytical,0,10,10,0.6,0.2,0.02,,True,r1 -> bad -> r3,2,True,,,,0.6863749999999998,0,0.000439,SATISFIED,True,11,0.7695,0.7695,0.08312500000000012,9.971391,False,,3954,11,0,0,0,0,0.19999418751,a100bc3dea888547a26bfdbbe0600b46eda6837db73f062268f466e3042db37d,False,,,,False,,3eada4d39cc676240b3278de813f19477e0b0eb8,1f2680a5b9065e708a7497adc53a95b108029b98,3.13.14,2.5.1,"{""pydantic"": ""2.13.4"", ""yaml"": ""6.0.3"", ""networkx"": ""3.6.1"", ""numpy"": ""2.5.1"", ""scipy"": ""1.18.0"", ""matplotlib"": ""3.11.0"", ""pandas"": ""3.0.3"", ""qutip"": ""5.3.0"", ""stim"": ""1.16.0"", ""gmpy2"": ""2.3.1"", ""nbformat"": ""5.10.4"", ""nbclient"": ""0.11.0""}",Windows,11,Gercom,2026-07-21T12:03:13.280439+00:00
P12_boundary_variability,P12_boundary_variability:diamond_heterogeneous:3cfcf7185dc8c1c8:L2:207:m10-intent:0,diamond_heterogeneous,3cfcf7185dc8c1c8,207,m10-intent,L2,iterative_analytical,0,10,10,0.6,0.2,0.02,,True,r1 -> bad -> r3,2,True,,,,0.6863749999999998,0,0.000415,SATISFIED,True,12,0.7695,0.7695,0.08312500000000012,7.712138,False,,3989,12,0,0,0,0,0.1999958,7281c1dc9606aa2200ae34ecb18dcbddb2c3bcbfac39411d8b82efe9aa9bd53a,False,,,,False,,3eada4d39cc676240b3278de813f19477e0b0eb8,1f2680a5b9065e708a7497adc53a95b108029b98,3.13.14,2.5.1,"{""pydantic"": ""2.13.4"", ""yaml"": ""6.0.3"", ""networkx"": ""3.6.1"", ""numpy"": ""2.5.1"", ""scipy"": ""1.18.0"", ""matplotlib"": ""3.11.0"", ""pandas"": ""3.0.3"", ""qutip"": ""5.3.0"", ""stim"": ""1.16.0"", ""gmpy2"": ""2.3.1"", ""nbformat"": ""5.10.4"", ""nbclient"": ""0.11.0""}",Windows,11,Gercom,2026-07-21T12:03:24.286939+00:00
P12_boundary_variability,P12_boundary_variability:diamond_heterogeneous:3cfcf7185dc8c1c8:L2:208:m10-intent:0,diamond_heterogeneous,3cfcf7185dc8c1c8,208,m10-intent,L2,iterative_analytical,0,10,10,0.6,0.2,0.02,,True,r1 -> bad -> r3,2,True,,,,0.6863749999999998,0,0.00047,SATISFIED,True,13,0.7695,0.7695,0.08312500000000012,9.221329,False,,3616,13,0,0,0,0,0.19999878751,592f05025969b9ba105941a83c6a80d7cb0ab3a66f21f9dbba18fa65ca1cd1b5,False,,,,False,,3eada4d39cc676240b3278de813f19477e0b0eb8,1f2680a5b9065e708a7497adc53a95b108029b98,3.13.14,2.5.1,"{""pydantic"": ""2.13.4"", ""yaml"": ""6.0.3"", ""networkx"": ""3.6.1"", ""numpy"": ""2.5.1"", ""scipy"": ""1.18.0"", ""matplotlib"": ""3.11.0"", ""pandas"": ""3.0.3"", ""qutip"": ""5.3.0"", ""stim"": ""1.16.0"", ""gmpy2"": ""2.3.1"", ""nbformat"": ""5.10.4"", ""nbclient"": ""0.11.0""}",Windows,11,Gercom,2026-07-21T12:03:37.163014+00:00
P12_boundary_variability,P12_boundary_variability:diamond_heterogeneous:3cfcf7185dc8c1c8:L2:209:m10-intent:0,diamond_heterogeneous,3cfcf7185dc8c1c8,209,m10-intent,L2,iterative_analytical,0,10,10,0.6,0.2,0.02,,True,r1 -> bad -> r3,2,True,,,,0.6863749999999998,0,0.000456,SATISFIED,True,13,0.7695,0.7695,0.08312500000000012,9.550344,False,,3992,13,0,0,0,0,0.19999647501,6f618c473b7b9de17e4be8d9bb9afc6d4deb2f6014c4a983e9ec71084d31a964,False,,,,False,,3eada4d39cc676240b3278de813f19477e0b0eb8,1f2680a5b9065e708a7497adc53a95b108029b98,3.13.14,2.5.1,"{""pydantic"": ""2.13.4"", ""yaml"": ""6.0.3"", ""networkx"": ""3.6.1"", ""numpy"": ""2.5.1"", ""scipy"": ""1.18.0"", ""matplotlib"": ""3.11.0"", ""pandas"": ""3.0.3"", ""qutip"": ""5.3.0"", ""stim"": ""1.16.0"", ""gmpy2"": ""2.3.1"", ""nbformat"": ""5.10.4"", ""nbclient"": ""0.11.0""}",Windows,11,Gercom,2026-07-21T12:03:50.087440+00:00
P12_boundary_variability,P12_boundary_variability:diamond_heterogeneous:3cfcf7185dc8c1c8:L2:210:m10-intent:0,diamond_heterogeneous,3cfcf7185dc8c1c8,210,m10-intent,L2,iterative_analytical,0,10,10,0.6,0.2,0.02,,True,r1 -> bad -> r3,2,True,,,,0.6863749999999998,0,0.00045,SATISFIED,True,17,0.7695,0.7695,0.08312500000000012,9.172085,False,,3860,19,0,0,0,0,0.19999147501,c89bf502bf9f2fc971dd67554bff5e7fb89ea958f0accd7b39036a3845cc0683,False,,,,False,,3eada4d39cc676240b3278de813f19477e0b0eb8,1f2680a5b9065e708a7497adc53a95b108029b98,3.13.14,2.5.1,"{""pydantic"": ""2.13.4"", ""yaml"": ""6.0.3"", ""networkx"": ""3.6.1"", ""numpy"": ""2.5.1"", ""scipy"": ""1.18.0"", ""matplotlib"": ""3.11.0"", ""pandas"": ""3.0.3"", ""qutip"": ""5.3.0"", ""stim"": ""1.16.0"", ""gmpy2"": ""2.3.1"", ""nbformat"": ""5.10.4"", ""nbclient"": ""0.11.0""}",Windows,11,Gercom,2026-07-21T12:04:02.719444+00:00
P12_boundary_variability,P12_boundary_variability:diamond_heterogeneous:3cfcf7185dc8c1c8:L2:211:m10-intent:0,diamond_heterogeneous,3cfcf7185dc8c1c8,211,m10-intent,L2,iterative_analytical,0,10,10,0.6,0.2,0.02,,True,r1 -> bad -> r3,2,True,,,,0.6863749999999998,0,0.000481,SATISFIED,True,18,0.7695,0.7695,0.08312500000000012,10.004184,False,,3814,19,0,0,0,0,0.19999550001,d35866a8ada2966ef41c7a670afa4b499552f5cdc0b5f7c8860f18c02c135804,False,,,,False,,3eada4d39cc676240b3278de813f19477e0b0eb8,1f2680a5b9065e708a7497adc53a95b108029b98,3.13.14,2.5.1,"{""pydantic"": ""2.13.4"", ""yaml"": ""6.0.3"", ""networkx"": ""3.6.1"", ""numpy"": ""2.5.1"", ""scipy"": ""1.18.0"", ""matplotlib"": ""3.11.0"", ""pandas"": ""3.0.3"", ""qutip"": ""5.3.0"", ""stim"": ""1.16.0"", ""gmpy2"": ""2.3.1"", ""nbformat"": ""5.10.4"", ""nbclient"": ""0.11.0""}",Windows,11,Gercom,2026-07-21T12:04:16.209925+00:00
P12_boundary_variability,P12_boundary_variability:diamond_heterogeneous:3cfcf7185dc8c1c8:L2:212:m10-intent:0,diamond_heterogeneous,3cfcf7185dc8c1c8,212,m10-intent,L2,iterative_analytical,0,10,10,0.6,0.2,0.02,,True,r1 -> bad -> r3,2,True,,,,0.6863749999999998,0,0.000427,SATISFIED,True,18,0.7695,0.7695,0.08312500000000012,9.138385,False,,3680,18,0,0,0,0,0.19999876251,78508fe600387864866a2a0f3949c7a0244f1742be1976ce20143129f4e52606,False,,,,False,,3eada4d39cc676240b3278de813f19477e0b0eb8,1f2680a5b9065e708a7497adc53a95b108029b98,3.13.14,2.5.1,"{""pydantic"": ""2.13.4"", ""yaml"": ""6.0.3"", ""networkx"": ""3.6.1"", ""numpy"": ""2.5.1"", ""scipy"": ""1.18.0"", ""matplotlib"": ""3.11.0"", ""pandas"": ""3.0.3"", ""qutip"": ""5.3.0"", ""stim"": ""1.16.0"", ""gmpy2"": ""2.3.1"", ""nbformat"": ""5.10.4"", ""nbclient"": ""0.11.0""}",Windows,11,Gercom,2026-07-21T12:04:28.731062+00:00
P12_boundary_variability,P12_boundary_variability:diamond_heterogeneous:3cfcf7185dc8c1c8:L2:213:m10-intent:0,diamond_heterogeneous,3cfcf7185dc8c1c8,213,m10-intent,L2,iterative_analytical,0,10,10,0.6,0.2,0.02,,True,r1 -> bad -> r3,2,True,,,,0.6863749999999998,0,0.000414,SATISFIED,True,13,0.7695,0.7695,0.08312500000000012,9.151997,False,,3992,13,0,0,0,0,0.19999551251,869905dc35d09e343dbf9977fef8c8e0b31e0e4fba4a538e1e813ddb2f54fe83,False,,,,False,,3eada4d39cc676240b3278de813f19477e0b0eb8,1f2680a5b9065e708a7497adc53a95b108029b98,3.13.14,2.5.1,"{""pydantic"": ""2.13.4"", ""yaml"": ""6.0.3"", ""networkx"": ""3.6.1"", ""numpy"": ""2.5.1"", ""scipy"": ""1.18.0"", ""matplotlib"": ""3.11.0"", ""pandas"": ""3.0.3"", ""qutip"": ""5.3.0"", ""stim"": ""1.16.0"", ""gmpy2"": ""2.3.1"", ""nbformat"": ""5.10.4"", ""nbclient"": ""0.11.0""}",Windows,11,Gercom,2026-07-21T12:04:41.614072+00:00
P12_boundary_variability,P12_boundary_variability:diamond_heterogeneous:3cfcf7185dc8c1c8:L2:214:m10-intent:0,diamond_heterogeneous,3cfcf7185dc8c1c8,214,m10-intent,L2,iterative_analytical,0,10,10,0.6,0.2,0.02,,True,r1 -> bad -> r3,2,True,,,,0.6863749999999998,0,0.000452,SATISFIED,True,17,0.7695,0.7695,0.08312500000000012,11.227589,False,,3147,17,0,0,0,0,0.1999963,ec47887e6e7ad3e3ae8c5e5c1768f567a8053aa4706b0a1218a04796c3a8ca6d,False,,,,False,,3eada4d39cc676240b3278de813f19477e0b0eb8,1f2680a5b9065e708a7497adc53a95b108029b98,3.13.14,2.5.1,"{""pydantic"": ""2.13.4"", ""yaml"": ""6.0.3"", ""networkx"": ""3.6.1"", ""numpy"": ""2.5.1"", ""scipy"": ""1.18.0"", ""matplotlib"": ""3.11.0"", ""pandas"": ""3.0.3"", ""qutip"": ""5.3.0"", ""stim"": ""1.16.0"", ""gmpy2"": ""2.3.1"", ""nbformat"": ""5.10.4"", ""nbclient"": ""0.11.0""}",Windows,11,Gercom,2026-07-21T12:04:56.267540+00:00
P12_boundary_variability,P12_boundary_variability:diamond_heterogeneous:3cfcf7185dc8c1c8:L2:215:m10-intent:0,diamond_heterogeneous,3cfcf7185dc8c1c8,215,m10-intent,L2,iterative_analytical,0,10,10,0.6,0.2,0.02,,True,r1 -> bad -> r3,2,True,,,,0.6863749999999998,0,0.000413,SATISFIED,True,12,0.7695,0.7695,0.08312500000000012,9.621286,False,,3903,12,0,0,0,0,0.19999552501,dbda54ede92449f34d367ca4f8b7ad6a76f826eff4a0f6dbb30ae5b56bbbe79f,False,,,,False,,3eada4d39cc676240b3278de813f19477e0b0eb8,1f2680a5b9065e708a7497adc53a95b108029b98,3.13.14,2.5.1,"{""pydantic"": ""2.13.4"", ""yaml"": ""6.0.3"", ""networkx"": ""3.6.1"", ""numpy"": ""2.5.1"", ""scipy"": ""1.18.0"", ""matplotlib"": ""3.11.0"", ""pandas"": ""3.0.3"", ""qutip"": ""5.3.0"", ""stim"": ""1.16.0"", ""gmpy2"": ""2.3.1"", ""nbformat"": ""5.10.4"", ""nbclient"": ""0.11.0""}",Windows,11,Gercom,2026-07-21T12:05:09.616907+00:00
P12_boundary_variability,P12_boundary_variability:diamond_heterogeneous:3cfcf7185dc8c1c8:L2:216:m10-intent:0,diamond_heterogeneous,3cfcf7185dc8c1c8,216,m10-intent,L2,iterative_analytical,0,10,10,0.6,0.2,0.02,,True,r1 -> bad -> r3,2,True,,,,0.6863749999999998,0,0.00043,SATISFIED,True,14,0.7695,0.7695,0.08312500000000012,10.116587,False,,2894,16,0,0,0,0,0.19999426251,9912dbb3f18c7527c191aaf44dffdcfec8b39625a265c793973c23bd3b1813fb,False,,,,False,,3eada4d39cc676240b3278de813f19477e0b0eb8,1f2680a5b9065e708a7497adc53a95b108029b98,3.13.14,2.5.1,"{""pydantic"": ""2.13.4"", ""yaml"": ""6.0.3"", ""networkx"": ""3.6.1"", ""numpy"": ""2.5.1"", ""scipy"": ""1.18.0"", ""matplotlib"": ""3.11.0"", ""pandas"": ""3.0.3"", ""qutip"": ""5.3.0"", ""stim"": ""1.16.0"", ""gmpy2"": ""2.3.1"", ""nbformat"": ""5.10.4"", ""nbclient"": ""0.11.0""}",Windows,11,Gercom,2026-07-21T12:05:23.424259+00:00
P12_boundary_variability,P12_boundary_variability:diamond_heterogeneous:3cfcf7185dc8c1c8:L2:217:m10-intent:0,diamond_heterogeneous,3cfcf7185dc8c1c8,217,m10-intent,L2,iterative_analytical,0,10,10,0.6,0.2,0.02,,True,r1 -> bad -> r3,2,True,,,,0.6863749999999998,0,0.000414,SATISFIED,True,13,0.7695,0.7695,0.08312500000000012,8.827221,False,,3592,13,0,0,0,0,0.1999985,98f4979b9839d737ace6ce4c13a1a08b95b3db25d0639cc2e6021a111aa81fe8,False,,,,False,,3eada4d39cc676240b3278de813f19477e0b0eb8,1f2680a5b9065e708a7497adc53a95b108029b98,3.13.14,2.5.1,"{""pydantic"": ""2.13.4"", ""yaml"": ""6.0.3"", ""networkx"": ""3.6.1"", ""numpy"": ""2.5.1"", ""scipy"": ""1.18.0"", ""matplotlib"": ""3.11.0"", ""pandas"": ""3.0.3"", ""qutip"": ""5.3.0"", ""stim"": ""1.16.0"", ""gmpy2"": ""2.3.1"", ""nbformat"": ""5.10.4"", ""nbclient"": ""0.11.0""}",Windows,11,Gercom,2026-07-21T12:05:35.805609+00:00
P12_boundary_variability,P12_boundary_variability:diamond_heterogeneous:3cfcf7185dc8c1c8:L2:218:m10-intent:0,diamond_heterogeneous,3cfcf7185dc8c1c8,218,m10-intent,L2,iterative_analytical,0,10,10,0.6,0.2,0.02,,True,r1 -> bad -> r3,2,True,,,,0.6863749999999998,0,0.000579,SATISFIED,True,14,0.7695,0.7695,0.08312500000000012,8.827231,False,,3999,14,0,0,0,0,0.1999929625,54a3273ecc1cd0a6994abcdc4bb2dd3e5fce08b2d5a62c164f7dd048e7e4934e,False,,,,False,,3eada4d39cc676240b3278de813f19477e0b0eb8,1f2680a5b9065e708a7497adc53a95b108029b98,3.13.14,2.5.1,"{""pydantic"": ""2.13.4"", ""yaml"": ""6.0.3"", ""networkx"": ""3.6.1"", ""numpy"": ""2.5.1"", ""scipy"": ""1.18.0"", ""matplotlib"": ""3.11.0"", ""pandas"": ""3.0.3"", ""qutip"": ""5.3.0"", ""stim"": ""1.16.0"", ""gmpy2"": ""2.3.1"", ""nbformat"": ""5.10.4"", ""nbclient"": ""0.11.0""}",Windows,11,Gercom,2026-07-21T12:05:48.260906+00:00
P12_boundary_variability,P12_boundary_variability:diamond_heterogeneous:3cfcf7185dc8c1c8:L2:219:m10-intent:0,diamond_heterogeneous,3cfcf7185dc8c1c8,219,m10-intent,L2,iterative_analytical,0,10,10,0.6,0.2,0.02,,True,r1 -> bad -> r3,2,True,,,,0.6863749999999998,0,0.000429,SATISFIED,True,12,0.7695,0.7695,0.08312500000000012,9.478662,False,,3986,12,0,0,0,0,0.19999326251,56614f54dfc590c900c050c2cf4c264faac14a4672c663d3dd5c322101328e79,False,,,,False,,3eada4d39cc676240b3278de813f19477e0b0eb8,1f2680a5b9065e708a7497adc53a95b108029b98,3.13.14,2.5.1,"{""pydantic"": ""2.13.4"", ""yaml"": ""6.0.3"", ""networkx"": ""3.6.1"", ""numpy"": ""2.5.1"", ""scipy"": ""1.18.0"", ""matplotlib"": ""3.11.0"", ""pandas"": ""3.0.3"", ""qutip"": ""5.3.0"", ""stim"": ""1.16.0"", ""gmpy2"": ""2.3.1"", ""nbformat"": ""5.10.4"", ""nbclient"": ""0.11.0""}",Windows,11,Gercom,2026-07-21T12:06:01.267987+00:00
P12_boundary_variability,P12_boundary_variability:diamond_heterogeneous:3cfcf7185dc8c1c8:L2:220:m10-intent:0,diamond_heterogeneous,3cfcf7185dc8c1c8,220,m10-intent,L2,iterative_analytical,0,10,10,0.6,0.2,0.02,,True,r1 -> bad -> r3,2,True,,,,0.6863749999999998,0,0.000425,SATISFIED,True,13,0.7695,0.7695,0.08312500000000012,8.490524,False,,3962,13,0,0,0,0,0.19999551251,b6a9b1fca67c9fce28cb55d2c4a95cd3484dcf36aad261b7abad5d249da89427,False,,,,False,,3eada4d39cc676240b3278de813f19477e0b0eb8,1f2680a5b9065e708a7497adc53a95b108029b98,3.13.14,2.5.1,"{""pydantic"": ""2.13.4"", ""yaml"": ""6.0.3"", ""networkx"": ""3.6.1"", ""numpy"": ""2.5.1"", ""scipy"": ""1.18.0"", ""matplotlib"": ""3.11.0"", ""pandas"": ""3.0.3"", ""qutip"": ""5.3.0"", ""stim"": ""1.16.0"", ""gmpy2"": ""2.3.1"", ""nbformat"": ""5.10.4"", ""nbclient"": ""0.11.0""}",Windows,11,Gercom,2026-07-21T12:06:13.226452+00:00
P12_boundary_variability,P12_boundary_variability:diamond_heterogeneous:3cfcf7185dc8c1c8:L2:221:m10-intent:0,diamond_heterogeneous,3cfcf7185dc8c1c8,221,m10-intent,L2,iterative_analytical,0,10,10,0.6,0.2,0.02,,True,r1 -> bad -> r3,2,True,,,,0.6863749999999998,0,0.000418,SATISFIED,True,18,0.7695,0.7695,0.08312500000000012,9.276016,False,,3709,18,0,0,0,0,0.199999225,8fe8da96fe08baeced50b10cbc897ad9029bfb225e7f81bbf70690422e7d495c,False,,,,False,,3eada4d39cc676240b3278de813f19477e0b0eb8,1f2680a5b9065e708a7497adc53a95b108029b98,3.13.14,2.5.1,"{""pydantic"": ""2.13.4"", ""yaml"": ""6.0.3"", ""networkx"": ""3.6.1"", ""numpy"": ""2.5.1"", ""scipy"": ""1.18.0"", ""matplotlib"": ""3.11.0"", ""pandas"": ""3.0.3"", ""qutip"": ""5.3.0"", ""stim"": ""1.16.0"", ""gmpy2"": ""2.3.1"", ""nbformat"": ""5.10.4"", ""nbclient"": ""0.11.0""}",Windows,11,Gercom,2026-07-21T12:06:25.903155+00:00
P12_boundary_variability,P12_boundary_variability:diamond_heterogeneous:3cfcf7185dc8c1c8:L2:222:m10-intent:0,diamond_heterogeneous,3cfcf7185dc8c1c8,222,m10-intent,L2,iterative_analytical,0,10,10,0.6,0.2,0.02,,True,r1 -> bad -> r3,2,True,,,,0.6863749999999998,0,0.000424,VIOLATED,False,9,0.7695,0.7695,0.08312500000000012,9.987889,False,,3994,9,0,0,0,0,0.19999553751,ed6189d9d37ce36d3ed0b294a43f6fc6a7db18c2bb3995e25f1079340a34cc71,False,,,,False,,3eada4d39cc676240b3278de813f19477e0b0eb8,1f2680a5b9065e708a7497adc53a95b108029b98,3.13.14,2.5.1,"{""pydantic"": ""2.13.4"", ""yaml"": ""6.0.3"", ""networkx"": ""3.6.1"", ""numpy"": ""2.5.1"", ""scipy"": ""1.18.0"", ""matplotlib"": ""3.11.0"", ""pandas"": ""3.0.3"", ""qutip"": ""5.3.0"", ""stim"": ""1.16.0"", ""gmpy2"": ""2.3.1"", ""nbformat"": ""5.10.4"", ""nbclient"": ""0.11.0""}",Windows,11,Gercom,2026-07-21T12:06:39.249641+00:00
P12_boundary_variability,P12_boundary_variability:diamond_heterogeneous:3cfcf7185dc8c1c8:L2:223:m10-intent:0,diamond_heterogeneous,3cfcf7185dc8c1c8,223,m10-intent,L2,iterative_analytical,0,10,10,0.6,0.2,0.02,,True,r1 -> bad -> r3,2,True,,,,0.6863749999999998,0,0.000427,SATISFIED,True,18,0.7695,0.7695,0.08312500000000012,9.975705,False,,3770,18,0,0,0,0,0.1999939375,13a37b34cefd36cc3d9d0bdd93876f109eeb3913d5fc067a7040857bc820f358,False,,,,False,,3eada4d39cc676240b3278de813f19477e0b0eb8,1f2680a5b9065e708a7497adc53a95b108029b98,3.13.14,2.5.1,"{""pydantic"": ""2.13.4"", ""yaml"": ""6.0.3"", ""networkx"": ""3.6.1"", ""numpy"": ""2.5.1"", ""scipy"": ""1.18.0"", ""matplotlib"": ""3.11.0"", ""pandas"": ""3.0.3"", ""qutip"": ""5.3.0"", ""stim"": ""1.16.0"", ""gmpy2"": ""2.3.1"", ""nbformat"": ""5.10.4"", ""nbclient"": ""0.11.0""}",Windows,11,Gercom,2026-07-21T12:06:52.650953+00:00
P12_boundary_variability,P12_boundary_variability:diamond_heterogeneous:3cfcf7185dc8c1c8:L2:224:m10-intent:0,diamond_heterogeneous,3cfcf7185dc8c1c8,224,m10-intent,L2,iterative_analytical,0,10,10,0.6,0.2,0.02,,True,r1 -> bad -> r3,2,True,,,,0.6863749999999998,0,0.000425,SATISFIED,True,13,0.7695,0.7695,0.08312500000000012,8.479068,False,,3983,13,0,0,0,0,0.19999552501,d80e2991c0647234e5a342c7e0e1b351b11872f76a087d03a1e1678f0fd7c19a,False,,,,False,,3eada4d39cc676240b3278de813f19477e0b0eb8,1f2680a5b9065e708a7497adc53a95b108029b98,3.13.14,2.5.1,"{""pydantic"": ""2.13.4"", ""yaml"": ""6.0.3"", ""networkx"": ""3.6.1"", ""numpy"": ""2.5.1"", ""scipy"": ""1.18.0"", ""matplotlib"": ""3.11.0"", ""pandas"": ""3.0.3"", ""qutip"": ""5.3.0"", ""stim"": ""1.16.0"", ""gmpy2"": ""2.3.1"", ""nbformat"": ""5.10.4"", ""nbclient"": ""0.11.0""}",Windows,11,Gercom,2026-07-21T12:07:04.596424+00:00
P12_boundary_variability,P12_boundary_variability:diamond_heterogeneous:3cfcf7185dc8c1c8:L2:225:m10-intent:0,diamond_heterogeneous,3cfcf7185dc8c1c8,225,m10-intent,L2,iterative_analytical,0,10,10,0.6,0.2,0.02,,True,r1 -> bad -> r3,2,True,,,,0.6863749999999998,0,0.000408,SATISFIED,True,12,0.7695,0.7695,0.08312500000000012,9.113525,False,,3092,16,0,0,0,0,0.199996725,fe53a905d795dd5e84b23b087e9389152950c28b585a037d5d9ec98e09840c77,False,,,,False,,3eada4d39cc676240b3278de813f19477e0b0eb8,1f2680a5b9065e708a7497adc53a95b108029b98,3.13.14,2.5.1,"{""pydantic"": ""2.13.4"", ""yaml"": ""6.0.3"", ""networkx"": ""3.6.1"", ""numpy"": ""2.5.1"", ""scipy"": ""1.18.0"", ""matplotlib"": ""3.11.0"", ""pandas"": ""3.0.3"", ""qutip"": ""5.3.0"", ""stim"": ""1.16.0"", ""gmpy2"": ""2.3.1"", ""nbformat"": ""5.10.4"", ""nbclient"": ""0.11.0""}",Windows,11,Gercom,2026-07-21T12:07:17.236564+00:00
P12_boundary_variability,P12_boundary_variability:diamond_heterogeneous:3cfcf7185dc8c1c8:L2:226:m10-intent:0,diamond_heterogeneous,3cfcf7185dc8c1c8,226,m10-intent,L2,iterative_analytical,0,10,10,0.6,0.2,0.02,,True,r1 -> bad -> r3,2,True,,,,0.6863749999999998,0,0.000476,SATISFIED,True,17,0.7695,0.7695,0.08312500000000012,9.64436,False,,3922,17,0,0,0,0,0.1999982125,b15bf1a2522b778e360e398c13bf7ace8d3d6a49a2b04db49dfc8a502dd29ddb,False,,,,False,,3eada4d39cc676240b3278de813f19477e0b0eb8,1f2680a5b9065e708a7497adc53a95b108029b98,3.13.14,2.5.1,"{""pydantic"": ""2.13.4"", ""yaml"": ""6.0.3"", ""networkx"": ""3.6.1"", ""numpy"": ""2.5.1"", ""scipy"": ""1.18.0"", ""matplotlib"": ""3.11.0"", ""pandas"": ""3.0.3"", ""qutip"": ""5.3.0"", ""stim"": ""1.16.0"", ""gmpy2"": ""2.3.1"", ""nbformat"": ""5.10.4"", ""nbclient"": ""0.11.0""}",Windows,11,Gercom,2026-07-21T12:07:30.460543+00:00
P12_boundary_variability,P12_boundary_variability:diamond_heterogeneous:3cfcf7185dc8c1c8:L2:227:m10-intent:0,diamond_heterogeneous,3cfcf7185dc8c1c8,227,m10-intent,L2,iterative_analytical,0,10,10,0.6,0.2,0.02,,True,r1 -> bad -> r3,2,True,,,,0.6863749999999998,0,0.000428,SATISFIED,True,14,0.7695,0.7695,0.08312500000000012,7.883226,False,,3983,14,0,0,0,0,0.19999551251,346ce06b3a6cd9773a7192b200a56db62f22f8f74c9a601180c1ebb437929beb,False,,,,False,,3eada4d39cc676240b3278de813f19477e0b0eb8,1f2680a5b9065e708a7497adc53a95b108029b98,3.13.14,2.5.1,"{""pydantic"": ""2.13.4"", ""yaml"": ""6.0.3"", ""networkx"": ""3.6.1"", ""numpy"": ""2.5.1"", ""scipy"": ""1.18.0"", ""matplotlib"": ""3.11.0"", ""pandas"": ""3.0.3"", ""qutip"": ""5.3.0"", ""stim"": ""1.16.0"", ""gmpy2"": ""2.3.1"", ""nbformat"": ""5.10.4"", ""nbclient"": ""0.11.0""}",Windows,11,Gercom,2026-07-21T12:07:41.641752+00:00
P12_boundary_variability,P12_boundary_variability:diamond_heterogeneous:3cfcf7185dc8c1c8:L2:228:m10-intent:0,diamond_heterogeneous,3cfcf7185dc8c1c8,228,m10-intent,L2,iterative_analytical,0,10,10,0.6,0.2,0.02,,True,r1 -> bad -> r3,2,True,,,,0.6863749999999998,0,0.000794,SATISFIED,True,14,0.7695,0.7695,0.08312500000000012,9.322479,False,,3282,14,0,0,0,0,0.19999047501,d1485fa45be6534d6b09c71a91eba4ea36c7fd813e5ffa9491a03ec9ad2b930b,False,,,,False,,3eada4d39cc676240b3278de813f19477e0b0eb8,1f2680a5b9065e708a7497adc53a95b108029b98,3.13.14,2.5.1,"{""pydantic"": ""2.13.4"", ""yaml"": ""6.0.3"", ""networkx"": ""3.6.1"", ""numpy"": ""2.5.1"", ""scipy"": ""1.18.0"", ""matplotlib"": ""3.11.0"", ""pandas"": ""3.0.3"", ""qutip"": ""5.3.0"", ""stim"": ""1.16.0"", ""gmpy2"": ""2.3.1"", ""nbformat"": ""5.10.4"", ""nbclient"": ""0.11.0""}",Windows,11,Gercom,2026-07-21T12:07:54.547704+00:00
P12_boundary_variability,P12_boundary_variability:diamond_heterogeneous:3cfcf7185dc8c1c8:L2:229:m10-intent:0,diamond_heterogeneous,3cfcf7185dc8c1c8,229,m10-intent,L2,iterative_analytical,0,10,10,0.6,0.2,0.02,,True,r1 -> bad -> r3,2,True,,,,0.6863749999999998,0,0.00043,VIOLATED,False,8,0.7695,0.7695,0.08312500000000012,8.355078,False,,3996,8,0,0,0,0,0.19999551251,23d29996d55e3b05e73147d30a79d86e2b790ae723d758e52c686cc8d6eb8de4,False,,,,False,,3eada4d39cc676240b3278de813f19477e0b0eb8,1f2680a5b9065e708a7497adc53a95b108029b98,3.13.14,2.5.1,"{""pydantic"": ""2.13.4"", ""yaml"": ""6.0.3"", ""networkx"": ""3.6.1"", ""numpy"": ""2.5.1"", ""scipy"": ""1.18.0"", ""matplotlib"": ""3.11.0"", ""pandas"": ""3.0.3"", ""qutip"": ""5.3.0"", ""stim"": ""1.16.0"", ""gmpy2"": ""2.3.1"", ""nbformat"": ""5.10.4"", ""nbclient"": ""0.11.0""}",Windows,11,Gercom,2026-07-21T12:08:06.376374+00:00
P12_boundary_variability,P12_boundary_variability:diamond_heterogeneous:20e67e06250bcc55:L2:200:m10-intent:0,diamond_heterogeneous,20e67e06250bcc55,200,m10-intent,L2,iterative_analytical,0,10,10,0.6,0.1,0.02,,True,r1 -> bad -> r3,2,True,,,,0.6863749999999998,0,0.000429,SATISFIED,True,10,0.7695,0.7695,0.08312500000000012,5.103437,False,,1999,12,0,0,0,0,0.11018118751,470541a4b79caf228be7d9d491e0cd832a8520ace13dcbbf80f468a5429e041d,False,,,,False,,3eada4d39cc676240b3278de813f19477e0b0eb8,1f2680a5b9065e708a7497adc53a95b108029b98,3.13.14,2.5.1,"{""pydantic"": ""2.13.4"", ""yaml"": ""6.0.3"", ""networkx"": ""3.6.1"", ""numpy"": ""2.5.1"", ""scipy"": ""1.18.0"", ""matplotlib"": ""3.11.0"", ""pandas"": ""3.0.3"", ""qutip"": ""5.3.0"", ""stim"": ""1.16.0"", ""gmpy2"": ""2.3.1"", ""nbformat"": ""5.10.4"", ""nbclient"": ""0.11.0""}",Windows,11,Gercom,2026-07-21T12:08:14.966912+00:00
P12_boundary_variability,P12_boundary_variability:diamond_heterogeneous:20e67e06250bcc55:L2:201:m10-intent:0,diamond_heterogeneous,20e67e06250bcc55,201,m10-intent,L2,iterative_analytical,0,10,10,0.6,0.1,0.02,,True,r1 -> bad -> r3,2,True,,,,0.6863749999999998,0,0.000441,SATISFIED,True,10,0.7695,0.7695,0.08312500000000012,3.532087,False,,2101,10,0,0,0,0,0.11019297501,65986a51f91217bf4c8b5779f695180d719ed46d70c34e27af920e6edf6cee55,False,,,,False,,3eada4d39cc676240b3278de813f19477e0b0eb8,1f2680a5b9065e708a7497adc53a95b108029b98,3.13.14,2.5.1,"{""pydantic"": ""2.13.4"", ""yaml"": ""6.0.3"", ""networkx"": ""3.6.1"", ""numpy"": ""2.5.1"", ""scipy"": ""1.18.0"", ""matplotlib"": ""3.11.0"", ""pandas"": ""3.0.3"", ""qutip"": ""5.3.0"", ""stim"": ""1.16.0"", ""gmpy2"": ""2.3.1"", ""nbformat"": ""5.10.4"", ""nbclient"": ""0.11.0""}",Windows,11,Gercom,2026-07-21T12:08:21.806498+00:00
P12_boundary_variability,P12_boundary_variability:diamond_heterogeneous:20e67e06250bcc55:L2:202:m10-intent:0,diamond_heterogeneous,20e67e06250bcc55,202,m10-intent,L2,iterative_analytical,0,10,10,0.6,0.1,0.02,,True,r1 -> bad -> r3,2,True,,,,0.6863749999999998,0,0.000439,SATISFIED,True,11,0.7695,0.7695,0.08312500000000012,4.518837,False,,1891,14,0,0,0,0,0.11018118751,5ef33df608f9800fc0904fd351d2d274b648b97bab50c8f4f8fe72bac650c659,False,,,,False,,3eada4d39cc676240b3278de813f19477e0b0eb8,1f2680a5b9065e708a7497adc53a95b108029b98,3.13.14,2.5.1,"{""pydantic"": ""2.13.4"", ""yaml"": ""6.0.3"", ""networkx"": ""3.6.1"", ""numpy"": ""2.5.1"", ""scipy"": ""1.18.0"", ""matplotlib"": ""3.11.0"", ""pandas"": ""3.0.3"", ""qutip"": ""5.3.0"", ""stim"": ""1.16.0"", ""gmpy2"": ""2.3.1"", ""nbformat"": ""5.10.4"", ""nbclient"": ""0.11.0""}",Windows,11,Gercom,2026-07-21T12:08:29.673410+00:00
P12_boundary_variability,P12_boundary_variability:diamond_heterogeneous:20e67e06250bcc55:L2:203:m10-intent:0,diamond_heterogeneous,20e67e06250bcc55,203,m10-intent,L2,iterative_analytical,0,10,10,0.6,0.1,0.02,,True,r1 -> bad -> r3,2,True,,,,0.6863749999999998,0,0.001261,SATISFIED,True,13,0.7695,0.7695,0.08312500000000012,5.039719,False,,2097,13,0,0,0,0,0.11018795001,660bc8b38f2c1e65b40ecb4b975a0f6f007cbf197a8a27e5695a0c5636f7faa3,False,,,,False,,3eada4d39cc676240b3278de813f19477e0b0eb8,1f2680a5b9065e708a7497adc53a95b108029b98,3.13.14,2.5.1,"{""pydantic"": ""2.13.4"", ""yaml"": ""6.0.3"", ""networkx"": ""3.6.1"", ""numpy"": ""2.5.1"", ""scipy"": ""1.18.0"", ""matplotlib"": ""3.11.0"", ""pandas"": ""3.0.3"", ""qutip"": ""5.3.0"", ""stim"": ""1.16.0"", ""gmpy2"": ""2.3.1"", ""nbformat"": ""5.10.4"", ""nbclient"": ""0.11.0""}",Windows,11,Gercom,2026-07-21T12:09:03.371629+00:00
P12_boundary_variability,P12_boundary_variability:diamond_heterogeneous:20e67e06250bcc55:L2:204:m10-intent:0,diamond_heterogeneous,20e67e06250bcc55,204,m10-intent,L2,iterative_analytical,0,10,10,0.6,0.1,0.02,,True,r1 -> bad -> r3,2,True,,,,0.6863749999999998,0,0.001048,VIOLATED,False,9,0.7695,0.7695,0.08312500000000012,5.282568,False,,1862,13,0,0,0,0,0.11019577501,06e27e85ac14be5242bdbe435c17377f812b6cdf701d159c1418c87b3aac0837,False,,,,False,,3eada4d39cc676240b3278de813f19477e0b0eb8,1f2680a5b9065e708a7497adc53a95b108029b98,3.13.14,2.5.1,"{""pydantic"": ""2.13.4"", ""yaml"": ""6.0.3"", ""networkx"": ""3.6.1"", ""numpy"": ""2.5.1"", ""scipy"": ""1.18.0"", ""matplotlib"": ""3.11.0"", ""pandas"": ""3.0.3"", ""qutip"": ""5.3.0"", ""stim"": ""1.16.0"", ""gmpy2"": ""2.3.1"", ""nbformat"": ""5.10.4"", ""nbclient"": ""0.11.0""}",Windows,11,Gercom,2026-07-21T12:09:57.911703+00:00
P12_boundary_variability,P12_boundary_variability:diamond_heterogeneous:20e67e06250bcc55:L2:205:m10-intent:0,diamond_heterogeneous,20e67e06250bcc55,205,m10-intent,L2,iterative_analytical,0,10,10,0.6,0.1,0.02,,True,r1 -> bad -> r3,2,True,,,,0.6863749999999998,0,0.000452,SATISFIED,True,10,0.7695,0.7695,0.08312500000000012,4.612271,False,,2041,11,0,0,0,0,0.11018565001,840db82023bbf1e995d9b78cef27c5e629a3f7d98936f311dd27a8f933ed5cab,False,,,,False,,3eada4d39cc676240b3278de813f19477e0b0eb8,1f2680a5b9065e708a7497adc53a95b108029b98,3.13.14,2.5.1,"{""pydantic"": ""2.13.4"", ""yaml"": ""6.0.3"", ""networkx"": ""3.6.1"", ""numpy"": ""2.5.1"", ""scipy"": ""1.18.0"", ""matplotlib"": ""3.11.0"", ""pandas"": ""3.0.3"", ""qutip"": ""5.3.0"", ""stim"": ""1.16.0"", ""gmpy2"": ""2.3.1"", ""nbformat"": ""5.10.4"", ""nbclient"": ""0.11.0""}",Windows,11,Gercom,2026-07-21T12:10:05.991320+00:00
P12_boundary_variability,P12_boundary_variability:diamond_heterogeneous:20e67e06250bcc55:L2:206:m10-intent:0,diamond_heterogeneous,20e67e06250bcc55,206,m10-intent,L2,iterative_analytical,0,10,10,0.6,0.1,0.02,,True,r1 -> bad -> r3,2,True,,,,0.6863749999999998,0,0.000443,VIOLATED,False,7,0.7695,0.7695,0.08312500000000012,6.029736,False,,2056,7,0,0,0,0,0.11018113751,9ea96e98fd88523ec886b04ae7c7decb08b19fe8b2ad8b37eee11d347415ecb6,False,,,,False,,3eada4d39cc676240b3278de813f19477e0b0eb8,1f2680a5b9065e708a7497adc53a95b108029b98,3.13.14,2.5.1,"{""pydantic"": ""2.13.4"", ""yaml"": ""6.0.3"", ""networkx"": ""3.6.1"", ""numpy"": ""2.5.1"", ""scipy"": ""1.18.0"", ""matplotlib"": ""3.11.0"", ""pandas"": ""3.0.3"", ""qutip"": ""5.3.0"", ""stim"": ""1.16.0"", ""gmpy2"": ""2.3.1"", ""nbformat"": ""5.10.4"", ""nbclient"": ""0.11.0""}",Windows,11,Gercom,2026-07-21T12:10:15.734775+00:00
P12_boundary_variability,P12_boundary_variability:diamond_heterogeneous:20e67e06250bcc55:L2:207:m10-intent:0,diamond_heterogeneous,20e67e06250bcc55,207,m10-intent,L2,iterative_analytical,0,10,10,0.6,0.1,0.02,,True,r1 -> bad -> r3,2,True,,,,0.6863749999999998,0,0.000886,VIOLATED,False,6,0.7695,0.7695,0.08312500000000012,5.144814,False,,2100,6,0,0,0,0,0.11019071251,fd965533f2e292cb7e4d2c20bf44822d4fdf5677ebfae8ba17eac4661cae1172,False,,,,False,,3eada4d39cc676240b3278de813f19477e0b0eb8,1f2680a5b9065e708a7497adc53a95b108029b98,3.13.14,2.5.1,"{""pydantic"": ""2.13.4"", ""yaml"": ""6.0.3"", ""networkx"": ""3.6.1"", ""numpy"": ""2.5.1"", ""scipy"": ""1.18.0"", ""matplotlib"": ""3.11.0"", ""pandas"": ""3.0.3"", ""qutip"": ""5.3.0"", ""stim"": ""1.16.0"", ""gmpy2"": ""2.3.1"", ""nbformat"": ""5.10.4"", ""nbclient"": ""0.11.0""}",Windows,11,Gercom,2026-07-21T12:10:24.731931+00:00
P12_boundary_variability,P12_boundary_variability:diamond_heterogeneous:20e67e06250bcc55:L2:208:m10-intent:0,diamond_heterogeneous,20e67e06250bcc55,208,m10-intent,L2,iterative_analytical,0,10,10,0.6,0.1,0.02,,True,r1 -> bad -> r3,2,True,,,,0.6863749999999998,0,0.000448,VIOLATED,False,7,0.7695,0.7695,0.08312500000000012,4.670612,False,,1720,7,0,0,0,0,0.11018120001,ee8e575ed78e4479ee7be610f22dbee0ed7b797688231ca0d2687be5bb9a1175,False,,,,False,,3eada4d39cc676240b3278de813f19477e0b0eb8,1f2680a5b9065e708a7497adc53a95b108029b98,3.13.14,2.5.1,"{""pydantic"": ""2.13.4"", ""yaml"": ""6.0.3"", ""networkx"": ""3.6.1"", ""numpy"": ""2.5.1"", ""scipy"": ""1.18.0"", ""matplotlib"": ""3.11.0"", ""pandas"": ""3.0.3"", ""qutip"": ""5.3.0"", ""stim"": ""1.16.0"", ""gmpy2"": ""2.3.1"", ""nbformat"": ""5.10.4"", ""nbclient"": ""0.11.0""}",Windows,11,Gercom,2026-07-21T12:10:32.897682+00:00
P12_boundary_variability,P12_boundary_variability:diamond_heterogeneous:20e67e06250bcc55:L2:209:m10-intent:0,diamond_heterogeneous,20e67e06250bcc55,209,m10-intent,L2,iterative_analytical,0,10,10,0.6,0.1,0.02,,True,r1 -> bad -> r3,2,True,,,,0.6863749999999998,0,0.00046,VIOLATED,False,6,0.7695,0.7695,0.08312500000000012,5.065277,False,,2098,6,0,0,0,0,0.11018120001,a47e8092be2d212b734aae7e555399a43a1371c5569ebcf03c26215e209d5c0d,False,,,,False,,3eada4d39cc676240b3278de813f19477e0b0eb8,1f2680a5b9065e708a7497adc53a95b108029b98,3.13.14,2.5.1,"{""pydantic"": ""2.13.4"", ""yaml"": ""6.0.3"", ""networkx"": ""3.6.1"", ""numpy"": ""2.5.1"", ""scipy"": ""1.18.0"", ""matplotlib"": ""3.11.0"", ""pandas"": ""3.0.3"", ""qutip"": ""5.3.0"", ""stim"": ""1.16.0"", ""gmpy2"": ""2.3.1"", ""nbformat"": ""5.10.4"", ""nbclient"": ""0.11.0""}",Windows,11,Gercom,2026-07-21T12:10:41.498352+00:00
P12_boundary_variability,P12_boundary_variability:diamond_heterogeneous:20e67e06250bcc55:L2:210:m10-intent:0,diamond_heterogeneous,20e67e06250bcc55,210,m10-intent,L2,iterative_analytical,0,10,10,0.6,0.1,0.02,,True,r1 -> bad -> r3,2,True,,,,0.6863749999999998,0,0.00044,VIOLATED,False,8,0.7695,0.7695,0.08312500000000012,4.247998,False,,2108,8,0,0,0,0,0.11019578751,0a409d6647e8ffd2f8c24e4d08bc49a018e55d4b366eabf5c5cc61f6545fafce,False,,,,False,,3eada4d39cc676240b3278de813f19477e0b0eb8,1f2680a5b9065e708a7497adc53a95b108029b98,3.13.14,2.5.1,"{""pydantic"": ""2.13.4"", ""yaml"": ""6.0.3"", ""networkx"": ""3.6.1"", ""numpy"": ""2.5.1"", ""scipy"": ""1.18.0"", ""matplotlib"": ""3.11.0"", ""pandas"": ""3.0.3"", ""qutip"": ""5.3.0"", ""stim"": ""1.16.0"", ""gmpy2"": ""2.3.1"", ""nbformat"": ""5.10.4"", ""nbclient"": ""0.11.0""}",Windows,11,Gercom,2026-07-21T12:10:49.342779+00:00
P12_boundary_variability,P12_boundary_variability:diamond_heterogeneous:20e67e06250bcc55:L2:211:m10-intent:0,diamond_heterogeneous,20e67e06250bcc55,211,m10-intent,L2,iterative_analytical,0,10,10,0.6,0.1,0.02,,True,r1 -> bad -> r3,2,True,,,,0.6863749999999998,0,0.000461,SATISFIED,True,10,0.7695,0.7695,0.08312500000000012,5.094727,False,,2055,10,0,0,0,0,0.11017616251,4195583e63b7a34294dbf35f3deac16559d5a400f2e6132c1251af15be1f7be6,False,,,,False,,3eada4d39cc676240b3278de813f19477e0b0eb8,1f2680a5b9065e708a7497adc53a95b108029b98,3.13.14,2.5.1,"{""pydantic"": ""2.13.4"", ""yaml"": ""6.0.3"", ""networkx"": ""3.6.1"", ""numpy"": ""2.5.1"", ""scipy"": ""1.18.0"", ""matplotlib"": ""3.11.0"", ""pandas"": ""3.0.3"", ""qutip"": ""5.3.0"", ""stim"": ""1.16.0"", ""gmpy2"": ""2.3.1"", ""nbformat"": ""5.10.4"", ""nbclient"": ""0.11.0""}",Windows,11,Gercom,2026-07-21T12:10:57.994099+00:00
P12_boundary_variability,P12_boundary_variability:diamond_heterogeneous:20e67e06250bcc55:L2:212:m10-intent:0,diamond_heterogeneous,20e67e06250bcc55,212,m10-intent,L2,iterative_analytical,0,10,10,0.6,0.1,0.02,,True,r1 -> bad -> r3,2,True,,,,0.6863749999999998,0,0.000442,SATISFIED,True,10,0.7695,0.7695,0.08312500000000012,4.751162,False,,2036,13,0,0,0,0,0.11019802501,6ce99dfce7f2a1ec7dbadaa6f2431707ac35ebf84512b399e00724d68280fa7a,False,,,,False,,3eada4d39cc676240b3278de813f19477e0b0eb8,1f2680a5b9065e708a7497adc53a95b108029b98,3.13.14,2.5.1,"{""pydantic"": ""2.13.4"", ""yaml"": ""6.0.3"", ""networkx"": ""3.6.1"", ""numpy"": ""2.5.1"", ""scipy"": ""1.18.0"", ""matplotlib"": ""3.11.0"", ""pandas"": ""3.0.3"", ""qutip"": ""5.3.0"", ""stim"": ""1.16.0"", ""gmpy2"": ""2.3.1"", ""nbformat"": ""5.10.4"", ""nbclient"": ""0.11.0""}",Windows,11,Gercom,2026-07-21T12:11:06.263649+00:00
P12_boundary_variability,P12_boundary_variability:diamond_heterogeneous:20e67e06250bcc55:L2:213:m10-intent:0,diamond_heterogeneous,20e67e06250bcc55,213,m10-intent,L2,iterative_analytical,0,10,10,0.6,0.1,0.02,,True,r1 -> bad -> r3,2,True,,,,0.6863749999999998,0,0.000449,VIOLATED,False,5,0.7695,0.7695,0.08312500000000012,4.379891,False,,2094,5,0,0,0,0,0.11016787501,e2f68b234bb55739d484d54c1d1ae4c2ee2f90b01d330ca058a45a60304aa9b1,False,,,,False,,3eada4d39cc676240b3278de813f19477e0b0eb8,1f2680a5b9065e708a7497adc53a95b108029b98,3.13.14,2.5.1,"{""pydantic"": ""2.13.4"", ""yaml"": ""6.0.3"", ""networkx"": ""3.6.1"", ""numpy"": ""2.5.1"", ""scipy"": ""1.18.0"", ""matplotlib"": ""3.11.0"", ""pandas"": ""3.0.3"", ""qutip"": ""5.3.0"", ""stim"": ""1.16.0"", ""gmpy2"": ""2.3.1"", ""nbformat"": ""5.10.4"", ""nbclient"": ""0.11.0""}",Windows,11,Gercom,2026-07-21T12:11:14.122686+00:00
P12_boundary_variability,P12_boundary_variability:diamond_heterogeneous:20e67e06250bcc55:L2:214:m10-intent:0,diamond_heterogeneous,20e67e06250bcc55,214,m10-intent,L2,iterative_analytical,0,10,10,0.6,0.1,0.02,,True,r1 -> bad -> r3,2,True,,,,0.6863749999999998,0,0.000429,VIOLATED,False,6,0.7695,0.7695,0.08312500000000012,4.955852,False,,1904,11,0,0,0,0,0.11019072501,e9187b93c3a89a1a66b11b2dba5d6a2bfe6a9cafafb138cfb475a44961b0d3a9,False,,,,False,,3eada4d39cc676240b3278de813f19477e0b0eb8,1f2680a5b9065e708a7497adc53a95b108029b98,3.13.14,2.5.1,"{""pydantic"": ""2.13.4"", ""yaml"": ""6.0.3"", ""networkx"": ""3.6.1"", ""numpy"": ""2.5.1"", ""scipy"": ""1.18.0"", ""matplotlib"": ""3.11.0"", ""pandas"": ""3.0.3"", ""qutip"": ""5.3.0"", ""stim"": ""1.16.0"", ""gmpy2"": ""2.3.1"", ""nbformat"": ""5.10.4"", ""nbclient"": ""0.11.0""}",Windows,11,Gercom,2026-07-21T12:11:22.728621+00:00
P12_boundary_variability,P12_boundary_variability:diamond_heterogeneous:20e67e06250bcc55:L2:215:m10-intent:0,diamond_heterogeneous,20e67e06250bcc55,215,m10-intent,L2,iterative_analytical,0,10,10,0.6,0.1,0.02,,True,r1 -> bad -> r3,2,True,,,,0.6863749999999998,0,0.000556,VIOLATED,False,6,0.7695,0.7695,0.08312500000000012,5.241867,False,,2001,6,0,0,0,0,0.11018120001,59759ae1664f3a4d4d3be58427f3bfc0675349ed6e340eef80d396d493512d0e,False,,,,False,,3eada4d39cc676240b3278de813f19477e0b0eb8,1f2680a5b9065e708a7497adc53a95b108029b98,3.13.14,2.5.1,"{""pydantic"": ""2.13.4"", ""yaml"": ""6.0.3"", ""networkx"": ""3.6.1"", ""numpy"": ""2.5.1"", ""scipy"": ""1.18.0"", ""matplotlib"": ""3.11.0"", ""pandas"": ""3.0.3"", ""qutip"": ""5.3.0"", ""stim"": ""1.16.0"", ""gmpy2"": ""2.3.1"", ""nbformat"": ""5.10.4"", ""nbclient"": ""0.11.0""}",Windows,11,Gercom,2026-07-21T12:11:31.724144+00:00
P12_boundary_variability,P12_boundary_variability:diamond_heterogeneous:20e67e06250bcc55:L2:216:m10-intent:0,diamond_heterogeneous,20e67e06250bcc55,216,m10-intent,L2,iterative_analytical,0,10,10,0.6,0.1,0.02,,True,r1 -> bad -> r3,2,True,,,,0.6863749999999998,0,0.000455,VIOLATED,False,6,0.7695,0.7695,0.08312500000000012,4.978725,False,,1815,11,0,0,0,0,0.11018113751,54598402720a09cd31fdf881da7802a5dee686fa477b950868fe015626af1d68,False,,,,False,,3eada4d39cc676240b3278de813f19477e0b0eb8,1f2680a5b9065e708a7497adc53a95b108029b98,3.13.14,2.5.1,"{""pydantic"": ""2.13.4"", ""yaml"": ""6.0.3"", ""networkx"": ""3.6.1"", ""numpy"": ""2.5.1"", ""scipy"": ""1.18.0"", ""matplotlib"": ""3.11.0"", ""pandas"": ""3.0.3"", ""qutip"": ""5.3.0"", ""stim"": ""1.16.0"", ""gmpy2"": ""2.3.1"", ""nbformat"": ""5.10.4"", ""nbclient"": ""0.11.0""}",Windows,11,Gercom,2026-07-21T12:11:40.307544+00:00
P12_boundary_variability,P12_boundary_variability:diamond_heterogeneous:20e67e06250bcc55:L2:217:m10-intent:0,diamond_heterogeneous,20e67e06250bcc55,217,m10-intent,L2,iterative_analytical,0,10,10,0.6,0.1,0.02,,True,r1 -> bad -> r3,2,True,,,,0.6863749999999998,0,0.000461,VIOLATED,False,8,0.7695,0.7695,0.08312500000000012,4.608817,False,,1753,11,0,0,0,0,0.11018343751,facce791a1d92f4e57d14e3e6dc626243f5a3e2b5b9bc4decfc0a5eb7f5bba2e,False,,,,False,,3eada4d39cc676240b3278de813f19477e0b0eb8,1f2680a5b9065e708a7497adc53a95b108029b98,3.13.14,2.5.1,"{""pydantic"": ""2.13.4"", ""yaml"": ""6.0.3"", ""networkx"": ""3.6.1"", ""numpy"": ""2.5.1"", ""scipy"": ""1.18.0"", ""matplotlib"": ""3.11.0"", ""pandas"": ""3.0.3"", ""qutip"": ""5.3.0"", ""stim"": ""1.16.0"", ""gmpy2"": ""2.3.1"", ""nbformat"": ""5.10.4"", ""nbclient"": ""0.11.0""}",Windows,11,Gercom,2026-07-21T12:11:48.425063+00:00
P12_boundary_variability,P12_boundary_variability:diamond_heterogeneous:20e67e06250bcc55:L2:218:m10-intent:0,diamond_heterogeneous,20e67e06250bcc55,218,m10-intent,L2,iterative_analytical,0,10,10,0.6,0.1,0.02,,True,r1 -> bad -> r3,2,True,,,,0.6863749999999998,0,0.000437,VIOLATED,False,5,0.7695,0.7695,0.08312500000000012,3.938609,False,,2103,5,0,0,0,0,0.11017795001,6243cb377940a68102f71057178d95297eb79f16dcb996de718d65979a6db394,False,,,,False,,3eada4d39cc676240b3278de813f19477e0b0eb8,1f2680a5b9065e708a7497adc53a95b108029b98,3.13.14,2.5.1,"{""pydantic"": ""2.13.4"", ""yaml"": ""6.0.3"", ""networkx"": ""3.6.1"", ""numpy"": ""2.5.1"", ""scipy"": ""1.18.0"", ""matplotlib"": ""3.11.0"", ""pandas"": ""3.0.3"", ""qutip"": ""5.3.0"", ""stim"": ""1.16.0"", ""gmpy2"": ""2.3.1"", ""nbformat"": ""5.10.4"", ""nbclient"": ""0.11.0""}",Windows,11,Gercom,2026-07-21T12:11:55.787289+00:00
P12_boundary_variability,P12_boundary_variability:diamond_heterogeneous:20e67e06250bcc55:L2:219:m10-intent:0,diamond_heterogeneous,20e67e06250bcc55,219,m10-intent,L2,iterative_analytical,0,10,10,0.6,0.1,0.02,,True,r1 -> bad -> r3,2,True,,,,0.6863749999999998,0,0.000438,VIOLATED,False,4,0.7695,0.7695,0.08312500000000012,4.39435,False,,2103,4,0,0,0,0,0.11018625001,626d9a32ac127cbe115c469c55ef42184e7f8fefe17d7483ea6a9ee70265d3b4,False,,,,False,,3eada4d39cc676240b3278de813f19477e0b0eb8,1f2680a5b9065e708a7497adc53a95b108029b98,3.13.14,2.5.1,"{""pydantic"": ""2.13.4"", ""yaml"": ""6.0.3"", ""networkx"": ""3.6.1"", ""numpy"": ""2.5.1"", ""scipy"": ""1.18.0"", ""matplotlib"": ""3.11.0"", ""pandas"": ""3.0.3"", ""qutip"": ""5.3.0"", ""stim"": ""1.16.0"", ""gmpy2"": ""2.3.1"", ""nbformat"": ""5.10.4"", ""nbclient"": ""0.11.0""}",Windows,11,Gercom,2026-07-21T12:12:03.664408+00:00
P12_boundary_variability,P12_boundary_variability:diamond_heterogeneous:20e67e06250bcc55:L2:220:m10-intent:0,diamond_heterogeneous,20e67e06250bcc55,220,m10-intent,L2,iterative_analytical,0,10,10,0.6,0.1,0.02,,True,r1 -> bad -> r3,2,True,,,,0.6863749999999998,0,0.000444,VIOLATED,False,6,0.7695,0.7695,0.08312500000000012,4.470326,False,,2057,7,0,0,0,0,0.11019296251,b590800b7cd6b509b9dd0ac65c9687cff2c2aa50bd45c9fc2379cc751bb85adb,False,,,,False,,3eada4d39cc676240b3278de813f19477e0b0eb8,1f2680a5b9065e708a7497adc53a95b108029b98,3.13.14,2.5.1,"{""pydantic"": ""2.13.4"", ""yaml"": ""6.0.3"", ""networkx"": ""3.6.1"", ""numpy"": ""2.5.1"", ""scipy"": ""1.18.0"", ""matplotlib"": ""3.11.0"", ""pandas"": ""3.0.3"", ""qutip"": ""5.3.0"", ""stim"": ""1.16.0"", ""gmpy2"": ""2.3.1"", ""nbformat"": ""5.10.4"", ""nbclient"": ""0.11.0""}",Windows,11,Gercom,2026-07-21T12:12:11.666420+00:00
P12_boundary_variability,P12_boundary_variability:diamond_heterogeneous:20e67e06250bcc55:L2:221:m10-intent:0,diamond_heterogeneous,20e67e06250bcc55,221,m10-intent,L2,iterative_analytical,0,10,10,0.6,0.1,0.02,,True,r1 -> bad -> r3,2,True,,,,0.6863749999999998,0,0.000703,SATISFIED,True,10,0.7695,0.7695,0.08312500000000012,5.750385,False,,2018,12,0,0,0,0,0.11017791251,56ffa27eb4970aa96504e4e8a061404ed5a617dea8d86e857e685d4ec21082f0,False,,,,False,,3eada4d39cc676240b3278de813f19477e0b0eb8,1f2680a5b9065e708a7497adc53a95b108029b98,3.13.14,2.5.1,"{""pydantic"": ""2.13.4"", ""yaml"": ""6.0.3"", ""networkx"": ""3.6.1"", ""numpy"": ""2.5.1"", ""scipy"": ""1.18.0"", ""matplotlib"": ""3.11.0"", ""pandas"": ""3.0.3"", ""qutip"": ""5.3.0"", ""stim"": ""1.16.0"", ""gmpy2"": ""2.3.1"", ""nbformat"": ""5.10.4"", ""nbclient"": ""0.11.0""}",Windows,11,Gercom,2026-07-21T12:12:20.850155+00:00
P12_boundary_variability,P12_boundary_variability:diamond_heterogeneous:20e67e06250bcc55:L2:222:m10-intent:0,diamond_heterogeneous,20e67e06250bcc55,222,m10-intent,L2,iterative_analytical,0,10,10,0.6,0.1,0.02,,True,r1 -> bad -> r3,2,True,,,,0.6863749999999998,0,0.000435,VIOLATED,False,3,0.7695,0.7695,0.08312500000000012,4.157938,False,,2111,3,0,0,0,0,0.11018113751,4690098c059fe565035ff5a168f4f92e2403fe33f1c6abd67a20cb23971191c7,False,,,,False,,3eada4d39cc676240b3278de813f19477e0b0eb8,1f2680a5b9065e708a7497adc53a95b108029b98,3.13.14,2.5.1,"{""pydantic"": ""2.13.4"", ""yaml"": ""6.0.3"", ""networkx"": ""3.6.1"", ""numpy"": ""2.5.1"", ""scipy"": ""1.18.0"", ""matplotlib"": ""3.11.0"", ""pandas"": ""3.0.3"", ""qutip"": ""5.3.0"", ""stim"": ""1.16.0"", ""gmpy2"": ""2.3.1"", ""nbformat"": ""5.10.4"", ""nbclient"": ""0.11.0""}",Windows,11,Gercom,2026-07-21T12:12:28.343354+00:00
P12_boundary_variability,P12_boundary_variability:diamond_heterogeneous:20e67e06250bcc55:L2:223:m10-intent:0,diamond_heterogeneous,20e67e06250bcc55,223,m10-intent,L2,iterative_analytical,0,10,10,0.6,0.1,0.02,,True,r1 -> bad -> r3,2,True,,,,0.6863749999999998,0,0.000464,VIOLATED,False,7,0.7695,0.7695,0.08312500000000012,4.516962,False,,1915,8,0,0,0,0,0.11018117501,f7e623a26daf0598dd685b5a93246e632a96474cb361adeab1cc604f31f38bcb,False,,,,False,,3eada4d39cc676240b3278de813f19477e0b0eb8,1f2680a5b9065e708a7497adc53a95b108029b98,3.13.14,2.5.1,"{""pydantic"": ""2.13.4"", ""yaml"": ""6.0.3"", ""networkx"": ""3.6.1"", ""numpy"": ""2.5.1"", ""scipy"": ""1.18.0"", ""matplotlib"": ""3.11.0"", ""pandas"": ""3.0.3"", ""qutip"": ""5.3.0"", ""stim"": ""1.16.0"", ""gmpy2"": ""2.3.1"", ""nbformat"": ""5.10.4"", ""nbclient"": ""0.11.0""}",Windows,11,Gercom,2026-07-21T12:12:36.187984+00:00
P12_boundary_variability,P12_boundary_variability:diamond_heterogeneous:20e67e06250bcc55:L2:224:m10-intent:0,diamond_heterogeneous,20e67e06250bcc55,224,m10-intent,L2,iterative_analytical,0,10,10,0.6,0.1,0.02,,True,r1 -> bad -> r3,2,True,,,,0.6863749999999998,0,0.000433,VIOLATED,False,7,0.7695,0.7695,0.08312500000000012,4.152283,False,,2098,7,0,0,0,0,0.11019803751,37d4d61cecc9fc611a04043061bc10732a7df7ae474e0ec3a6f0161c7f4c5dbb,False,,,,False,,3eada4d39cc676240b3278de813f19477e0b0eb8,1f2680a5b9065e708a7497adc53a95b108029b98,3.13.14,2.5.1,"{""pydantic"": ""2.13.4"", ""yaml"": ""6.0.3"", ""networkx"": ""3.6.1"", ""numpy"": ""2.5.1"", ""scipy"": ""1.18.0"", ""matplotlib"": ""3.11.0"", ""pandas"": ""3.0.3"", ""qutip"": ""5.3.0"", ""stim"": ""1.16.0"", ""gmpy2"": ""2.3.1"", ""nbformat"": ""5.10.4"", ""nbclient"": ""0.11.0""}",Windows,11,Gercom,2026-07-21T12:12:43.863267+00:00
P12_boundary_variability,P12_boundary_variability:diamond_heterogeneous:20e67e06250bcc55:L2:225:m10-intent:0,diamond_heterogeneous,20e67e06250bcc55,225,m10-intent,L2,iterative_analytical,0,10,10,0.6,0.1,0.02,,True,r1 -> bad -> r3,2,True,,,,0.6863749999999998,0,0.000422,VIOLATED,False,8,0.7695,0.7695,0.08312500000000012,5.617728,False,,1703,11,0,0,0,0,0.11017292501,eba1b72278008c262978bef780a17486ea2e79f4c8e1fff08bb4e630b5d00f0c,False,,,,False,,3eada4d39cc676240b3278de813f19477e0b0eb8,1f2680a5b9065e708a7497adc53a95b108029b98,3.13.14,2.5.1,"{""pydantic"": ""2.13.4"", ""yaml"": ""6.0.3"", ""networkx"": ""3.6.1"", ""numpy"": ""2.5.1"", ""scipy"": ""1.18.0"", ""matplotlib"": ""3.11.0"", ""pandas"": ""3.0.3"", ""qutip"": ""5.3.0"", ""stim"": ""1.16.0"", ""gmpy2"": ""2.3.1"", ""nbformat"": ""5.10.4"", ""nbclient"": ""0.11.0""}",Windows,11,Gercom,2026-07-21T12:12:52.881150+00:00
P12_boundary_variability,P12_boundary_variability:diamond_heterogeneous:20e67e06250bcc55:L2:226:m10-intent:0,diamond_heterogeneous,20e67e06250bcc55,226,m10-intent,L2,iterative_analytical,0,10,10,0.6,0.1,0.02,,True,r1 -> bad -> r3,2,True,,,,0.6863749999999998,0,0.000436,VIOLATED,False,7,0.7695,0.7695,0.08312500000000012,5.623237,False,,2028,7,0,0,0,0,0.11016560001,b71675fec450d639e3056c5496153897665baee1985ffe07041c980102fbdaa7,False,,,,False,,3eada4d39cc676240b3278de813f19477e0b0eb8,1f2680a5b9065e708a7497adc53a95b108029b98,3.13.14,2.5.1,"{""pydantic"": ""2.13.4"", ""yaml"": ""6.0.3"", ""networkx"": ""3.6.1"", ""numpy"": ""2.5.1"", ""scipy"": ""1.18.0"", ""matplotlib"": ""3.11.0"", ""pandas"": ""3.0.3"", ""qutip"": ""5.3.0"", ""stim"": ""1.16.0"", ""gmpy2"": ""2.3.1"", ""nbformat"": ""5.10.4"", ""nbclient"": ""0.11.0""}",Windows,11,Gercom,2026-07-21T12:13:02.285335+00:00
P12_boundary_variability,P12_boundary_variability:diamond_heterogeneous:20e67e06250bcc55:L2:227:m10-intent:0,diamond_heterogeneous,20e67e06250bcc55,227,m10-intent,L2,iterative_analytical,0,10,10,0.6,0.1,0.02,,True,r1 -> bad -> r3,2,True,,,,0.6863749999999998,0,0.000425,VIOLATED,False,5,0.7695,0.7695,0.08312500000000012,3.651985,False,,2102,5,0,0,0,0,0.11017615001,84d5f89405b17703c56de2749247c9745cf0866e84aae62621bef275bcf4a2ad,False,,,,False,,3eada4d39cc676240b3278de813f19477e0b0eb8,1f2680a5b9065e708a7497adc53a95b108029b98,3.13.14,2.5.1,"{""pydantic"": ""2.13.4"", ""yaml"": ""6.0.3"", ""networkx"": ""3.6.1"", ""numpy"": ""2.5.1"", ""scipy"": ""1.18.0"", ""matplotlib"": ""3.11.0"", ""pandas"": ""3.0.3"", ""qutip"": ""5.3.0"", ""stim"": ""1.16.0"", ""gmpy2"": ""2.3.1"", ""nbformat"": ""5.10.4"", ""nbclient"": ""0.11.0""}",Windows,11,Gercom,2026-07-21T12:13:09.230628+00:00
P12_boundary_variability,P12_boundary_variability:diamond_heterogeneous:20e67e06250bcc55:L2:228:m10-intent:0,diamond_heterogeneous,20e67e06250bcc55,228,m10-intent,L2,iterative_analytical,0,10,10,0.6,0.1,0.02,,True,r1 -> bad -> r3,2,True,,,,0.6863749999999998,0,0.000432,VIOLATED,False,7,0.7695,0.7695,0.08312500000000012,3.87736,False,,1563,11,0,0,0,0,0.11017612501,9370945a9e4ba7da5a27e7865097311740f26806891fbd2fe5439b7a945aa952,False,,,,False,,3eada4d39cc676240b3278de813f19477e0b0eb8,1f2680a5b9065e708a7497adc53a95b108029b98,3.13.14,2.5.1,"{""pydantic"": ""2.13.4"", ""yaml"": ""6.0.3"", ""networkx"": ""3.6.1"", ""numpy"": ""2.5.1"", ""scipy"": ""1.18.0"", ""matplotlib"": ""3.11.0"", ""pandas"": ""3.0.3"", ""qutip"": ""5.3.0"", ""stim"": ""1.16.0"", ""gmpy2"": ""2.3.1"", ""nbformat"": ""5.10.4"", ""nbclient"": ""0.11.0""}",Windows,11,Gercom,2026-07-21T12:13:16.460159+00:00
P12_boundary_variability,P12_boundary_variability:diamond_heterogeneous:20e67e06250bcc55:L2:229:m10-intent:0,diamond_heterogeneous,20e67e06250bcc55,229,m10-intent,L2,iterative_analytical,0,10,10,0.6,0.1,0.02,,True,r1 -> bad -> r3,2,True,,,,0.6863749999999998,0,0.000424,VIOLATED,False,4,0.7695,0.7695,0.08312500000000012,4.269613,False,,2103,4,0,0,0,0,0.11017786251,ac12d01406d64763320f4753cc1af8ae43606cfc764651b8b418b499f05a0888,False,,,,False,,3eada4d39cc676240b3278de813f19477e0b0eb8,1f2680a5b9065e708a7497adc53a95b108029b98,3.13.14,2.5.1,"{""pydantic"": ""2.13.4"", ""yaml"": ""6.0.3"", ""networkx"": ""3.6.1"", ""numpy"": ""2.5.1"", ""scipy"": ""1.18.0"", ""matplotlib"": ""3.11.0"", ""pandas"": ""3.0.3"", ""qutip"": ""5.3.0"", ""stim"": ""1.16.0"", ""gmpy2"": ""2.3.1"", ""nbformat"": ""5.10.4"", ""nbclient"": ""0.11.0""}",Windows,11,Gercom,2026-07-21T12:13:24.078012+00:00
P12_boundary_variability,P12_boundary_variability:diamond_heterogeneous:5bc647d57e1fe781:L2:200:m10-intent:0,diamond_heterogeneous,5bc647d57e1fe781,200,m10-intent,L2,iterative_analytical,0,10,10,0.6,0.09,0.02,,True,r1 -> bad -> r3,2,True,,,,0.6863749999999998,0,0.000414,VIOLATED,False,9,0.7695,0.7695,0.08312500000000012,4.05478,False,,1815,9,0,0,0,0,0.10018570001,b68c6b37d6964910b9e3531d1d5900c04f298cfcb41be3f820e7ebd73bcb423f,False,,,,False,,3eada4d39cc676240b3278de813f19477e0b0eb8,1f2680a5b9065e708a7497adc53a95b108029b98,3.13.14,2.5.1,"{""pydantic"": ""2.13.4"", ""yaml"": ""6.0.3"", ""networkx"": ""3.6.1"", ""numpy"": ""2.5.1"", ""scipy"": ""1.18.0"", ""matplotlib"": ""3.11.0"", ""pandas"": ""3.0.3"", ""qutip"": ""5.3.0"", ""stim"": ""1.16.0"", ""gmpy2"": ""2.3.1"", ""nbformat"": ""5.10.4"", ""nbclient"": ""0.11.0""}",Windows,11,Gercom,2026-07-21T12:13:31.370217+00:00
P12_boundary_variability,P12_boundary_variability:diamond_heterogeneous:5bc647d57e1fe781:L2:201:m10-intent:0,diamond_heterogeneous,5bc647d57e1fe781,201,m10-intent,L2,iterative_analytical,0,10,10,0.6,0.09,0.02,,True,r1 -> bad -> r3,2,True,,,,0.6863749999999998,0,0.000425,VIOLATED,False,9,0.7695,0.7695,0.08312500000000012,2.670397,False,,1888,9,0,0,0,0,0.10018520001,b3173aa824fc19ae9bbcda39644d6b625b3582c1be75313b84b0cc42841c63b4,False,,,,False,,3eada4d39cc676240b3278de813f19477e0b0eb8,1f2680a5b9065e708a7497adc53a95b108029b98,3.13.14,2.5.1,"{""pydantic"": ""2.13.4"", ""yaml"": ""6.0.3"", ""networkx"": ""3.6.1"", ""numpy"": ""2.5.1"", ""scipy"": ""1.18.0"", ""matplotlib"": ""3.11.0"", ""pandas"": ""3.0.3"", ""qutip"": ""5.3.0"", ""stim"": ""1.16.0"", ""gmpy2"": ""2.3.1"", ""nbformat"": ""5.10.4"", ""nbclient"": ""0.11.0""}",Windows,11,Gercom,2026-07-21T12:13:37.248164+00:00
P12_boundary_variability,P12_boundary_variability:diamond_heterogeneous:5bc647d57e1fe781:L2:202:m10-intent:0,diamond_heterogeneous,5bc647d57e1fe781,202,m10-intent,L2,iterative_analytical,0,10,10,0.6,0.09,0.02,,True,r1 -> bad -> r3,2,True,,,,0.6863749999999998,0,0.000478,SATISFIED,True,10,0.7695,0.7695,0.08312500000000012,3.923347,False,,1716,11,0,0,0,0,0.10019806251,da5bf6932001aea2747077993d1fe80f25a272de3de63692d47062c5f02e6560,False,,,,False,,3eada4d39cc676240b3278de813f19477e0b0eb8,1f2680a5b9065e708a7497adc53a95b108029b98,3.13.14,2.5.1,"{""pydantic"": ""2.13.4"", ""yaml"": ""6.0.3"", ""networkx"": ""3.6.1"", ""numpy"": ""2.5.1"", ""scipy"": ""1.18.0"", ""matplotlib"": ""3.11.0"", ""pandas"": ""3.0.3"", ""qutip"": ""5.3.0"", ""stim"": ""1.16.0"", ""gmpy2"": ""2.3.1"", ""nbformat"": ""5.10.4"", ""nbclient"": ""0.11.0""}",Windows,11,Gercom,2026-07-21T12:13:44.366515+00:00
P12_boundary_variability,P12_boundary_variability:diamond_heterogeneous:5bc647d57e1fe781:L2:203:m10-intent:0,diamond_heterogeneous,5bc647d57e1fe781,203,m10-intent,L2,iterative_analytical,0,10,10,0.6,0.09,0.02,,True,r1 -> bad -> r3,2,True,,,,0.6863749999999998,0,0.000444,SATISFIED,True,11,0.7695,0.7695,0.08312500000000012,3.769144,False,,1882,11,0,0,0,0,0.10019020001,988e73a652e12b733ca3ffc65d235acd6314929c332b90635a7400ff06f9515b,False,,,,False,,3eada4d39cc676240b3278de813f19477e0b0eb8,1f2680a5b9065e708a7497adc53a95b108029b98,3.13.14,2.5.1,"{""pydantic"": ""2.13.4"", ""yaml"": ""6.0.3"", ""networkx"": ""3.6.1"", ""numpy"": ""2.5.1"", ""scipy"": ""1.18.0"", ""matplotlib"": ""3.11.0"", ""pandas"": ""3.0.3"", ""qutip"": ""5.3.0"", ""stim"": ""1.16.0"", ""gmpy2"": ""2.3.1"", ""nbformat"": ""5.10.4"", ""nbclient"": ""0.11.0""}",Windows,11,Gercom,2026-07-21T12:13:51.425257+00:00
P12_boundary_variability,P12_boundary_variability:diamond_heterogeneous:5bc647d57e1fe781:L2:204:m10-intent:0,diamond_heterogeneous,5bc647d57e1fe781,204,m10-intent,L2,iterative_analytical,0,10,10,0.6,0.09,0.02,,True,r1 -> bad -> r3,2,True,,,,0.6863749999999998,0,0.000453,VIOLATED,False,8,0.7695,0.7695,0.08312500000000012,4.005963,False,,1718,10,0,0,0,0,0.10018792501,338a4b0443660fd7c114772f80f281ada783ac12b77bf267911864aa4a1fe45e,False,,,,False,,3eada4d39cc676240b3278de813f19477e0b0eb8,1f2680a5b9065e708a7497adc53a95b108029b98,3.13.14,2.5.1,"{""pydantic"": ""2.13.4"", ""yaml"": ""6.0.3"", ""networkx"": ""3.6.1"", ""numpy"": ""2.5.1"", ""scipy"": ""1.18.0"", ""matplotlib"": ""3.11.0"", ""pandas"": ""3.0.3"", ""qutip"": ""5.3.0"", ""stim"": ""1.16.0"", ""gmpy2"": ""2.3.1"", ""nbformat"": ""5.10.4"", ""nbclient"": ""0.11.0""}",Windows,11,Gercom,2026-07-21T12:13:58.802419+00:00
P12_boundary_variability,P12_boundary_variability:diamond_heterogeneous:5bc647d57e1fe781:L2:205:m10-intent:0,diamond_heterogeneous,5bc647d57e1fe781,205,m10-intent,L2,iterative_analytical,0,10,10,0.6,0.09,0.02,,True,r1 -> bad -> r3,2,True,,,,0.6863749999999998,0,0.000439,SATISFIED,True,10,0.7695,0.7695,0.08312500000000012,4.020897,False,,1839,10,0,0,0,0,0.10018801251,a6b93382145a64f4721ac5f3f9097e14d771e7039c67bb0f8dfb401c8dd517b9,False,,,,False,,3eada4d39cc676240b3278de813f19477e0b0eb8,1f2680a5b9065e708a7497adc53a95b108029b98,3.13.14,2.5.1,"{""pydantic"": ""2.13.4"", ""yaml"": ""6.0.3"", ""networkx"": ""3.6.1"", ""numpy"": ""2.5.1"", ""scipy"": ""1.18.0"", ""matplotlib"": ""3.11.0"", ""pandas"": ""3.0.3"", ""qutip"": ""5.3.0"", ""stim"": ""1.16.0"", ""gmpy2"": ""2.3.1"", ""nbformat"": ""5.10.4"", ""nbclient"": ""0.11.0""}",Windows,11,Gercom,2026-07-21T12:14:06.205700+00:00
P12_boundary_variability,P12_boundary_variability:diamond_heterogeneous:5bc647d57e1fe781:L2:206:m10-intent:0,diamond_heterogeneous,5bc647d57e1fe781,206,m10-intent,L2,iterative_analytical,0,10,10,0.6,0.09,0.02,,True,r1 -> bad -> r3,2,True,,,,0.6863749999999998,0,0.000459,VIOLATED,False,7,0.7695,0.7695,0.08312500000000012,4.202103,False,,1845,7,0,0,0,0,0.10018293751,1a390f44e7dcfc4f5c6567fe4cc6276fe2b1c3885ddf5d1834df1fed9cbaf90d,False,,,,False,,3eada4d39cc676240b3278de813f19477e0b0eb8,1f2680a5b9065e708a7497adc53a95b108029b98,3.13.14,2.5.1,"{""pydantic"": ""2.13.4"", ""yaml"": ""6.0.3"", ""networkx"": ""3.6.1"", ""numpy"": ""2.5.1"", ""scipy"": ""1.18.0"", ""matplotlib"": ""3.11.0"", ""pandas"": ""3.0.3"", ""qutip"": ""5.3.0"", ""stim"": ""1.16.0"", ""gmpy2"": ""2.3.1"", ""nbformat"": ""5.10.4"", ""nbclient"": ""0.11.0""}",Windows,11,Gercom,2026-07-21T12:14:13.785770+00:00
P12_boundary_variability,P12_boundary_variability:diamond_heterogeneous:5bc647d57e1fe781:L2:207:m10-intent:0,diamond_heterogeneous,5bc647d57e1fe781,207,m10-intent,L2,iterative_analytical,0,10,10,0.6,0.09,0.02,,True,r1 -> bad -> r3,2,True,,,,0.6863749999999998,0,0.000414,VIOLATED,False,6,0.7695,0.7695,0.08312500000000012,3.207082,False,,1887,6,0,0,0,0,0.10017017501,c7d51f36e9cd627558bc902abd4a28abb25dfa0ca6e0b13ee7d41cdd114b185b,False,,,,False,,3eada4d39cc676240b3278de813f19477e0b0eb8,1f2680a5b9065e708a7497adc53a95b108029b98,3.13.14,2.5.1,"{""pydantic"": ""2.13.4"", ""yaml"": ""6.0.3"", ""networkx"": ""3.6.1"", ""numpy"": ""2.5.1"", ""scipy"": ""1.18.0"", ""matplotlib"": ""3.11.0"", ""pandas"": ""3.0.3"", ""qutip"": ""5.3.0"", ""stim"": ""1.16.0"", ""gmpy2"": ""2.3.1"", ""nbformat"": ""5.10.4"", ""nbclient"": ""0.11.0""}",Windows,11,Gercom,2026-07-21T12:14:20.176929+00:00
P12_boundary_variability,P12_boundary_variability:diamond_heterogeneous:5bc647d57e1fe781:L2:208:m10-intent:0,diamond_heterogeneous,5bc647d57e1fe781,208,m10-intent,L2,iterative_analytical,0,10,10,0.6,0.09,0.02,,True,r1 -> bad -> r3,2,True,,,,0.6863749999999998,0,0.000451,VIOLATED,False,4,0.7695,0.7695,0.08312500000000012,3.811398,False,,1519,6,0,0,0,0,0.10019800001,cd4de0814a70ec2d15d9996169888c65799e191e3e3957fbd34db49a0b480947,False,,,,False,,3eada4d39cc676240b3278de813f19477e0b0eb8,1f2680a5b9065e708a7497adc53a95b108029b98,3.13.14,2.5.1,"{""pydantic"": ""2.13.4"", ""yaml"": ""6.0.3"", ""networkx"": ""3.6.1"", ""numpy"": ""2.5.1"", ""scipy"": ""1.18.0"", ""matplotlib"": ""3.11.0"", ""pandas"": ""3.0.3"", ""qutip"": ""5.3.0"", ""stim"": ""1.16.0"", ""gmpy2"": ""2.3.1"", ""nbformat"": ""5.10.4"", ""nbclient"": ""0.11.0""}",Windows,11,Gercom,2026-07-21T12:14:27.522086+00:00
P12_boundary_variability,P12_boundary_variability:diamond_heterogeneous:5bc647d57e1fe781:L2:209:m10-intent:0,diamond_heterogeneous,5bc647d57e1fe781,209,m10-intent,L2,iterative_analytical,0,10,10,0.6,0.09,0.02,,True,r1 -> bad -> r3,2,True,,,,0.6863749999999998,0,0.000444,VIOLATED,False,6,0.7695,0.7695,0.08312500000000012,3.662057,False,,1885,6,0,0,0,0,0.10017510001,55428866b56e2c18be33a8e167a7b88fecc56c8fceb86a09e657bff24c0fd38c,False,,,,False,,3eada4d39cc676240b3278de813f19477e0b0eb8,1f2680a5b9065e708a7497adc53a95b108029b98,3.13.14,2.5.1,"{""pydantic"": ""2.13.4"", ""yaml"": ""6.0.3"", ""networkx"": ""3.6.1"", ""numpy"": ""2.5.1"", ""scipy"": ""1.18.0"", ""matplotlib"": ""3.11.0"", ""pandas"": ""3.0.3"", ""qutip"": ""5.3.0"", ""stim"": ""1.16.0"", ""gmpy2"": ""2.3.1"", ""nbformat"": ""5.10.4"", ""nbclient"": ""0.11.0""}",Windows,11,Gercom,2026-07-21T12:14:34.356012+00:00
P12_boundary_variability,P12_boundary_variability:diamond_heterogeneous:5bc647d57e1fe781:L2:210:m10-intent:0,diamond_heterogeneous,5bc647d57e1fe781,210,m10-intent,L2,iterative_analytical,0,10,10,0.6,0.09,0.02,,True,r1 -> bad -> r3,2,True,,,,0.6863749999999998,0,0.000418,VIOLATED,False,7,0.7695,0.7695,0.08312500000000012,2.908352,False,,1895,7,0,0,0,0,0.10018293751,bde4c1c26e8b77bf2ffedbad0ab8a8f02b85322414a8bda419d0c7d405b7e4f9,False,,,,False,,3eada4d39cc676240b3278de813f19477e0b0eb8,1f2680a5b9065e708a7497adc53a95b108029b98,3.13.14,2.5.1,"{""pydantic"": ""2.13.4"", ""yaml"": ""6.0.3"", ""networkx"": ""3.6.1"", ""numpy"": ""2.5.1"", ""scipy"": ""1.18.0"", ""matplotlib"": ""3.11.0"", ""pandas"": ""3.0.3"", ""qutip"": ""5.3.0"", ""stim"": ""1.16.0"", ""gmpy2"": ""2.3.1"", ""nbformat"": ""5.10.4"", ""nbclient"": ""0.11.0""}",Windows,11,Gercom,2026-07-21T12:14:40.340252+00:00
P12_boundary_variability,P12_boundary_variability:diamond_heterogeneous:5bc647d57e1fe781:L2:211:m10-intent:0,diamond_heterogeneous,5bc647d57e1fe781,211,m10-intent,L2,iterative_analytical,0,10,10,0.6,0.09,0.02,,True,r1 -> bad -> r3,2,True,,,,0.6863749999999998,0,0.000495,VIOLATED,False,9,0.7695,0.7695,0.08312500000000012,3.927725,False,,1847,9,0,0,0,0,0.10019525001,cc8b591d02e54dd4ab39d03b5d829c8fd18d0b63a8ee21fe79431011f4edb674,False,,,,False,,3eada4d39cc676240b3278de813f19477e0b0eb8,1f2680a5b9065e708a7497adc53a95b108029b98,3.13.14,2.5.1,"{""pydantic"": ""2.13.4"", ""yaml"": ""6.0.3"", ""networkx"": ""3.6.1"", ""numpy"": ""2.5.1"", ""scipy"": ""1.18.0"", ""matplotlib"": ""3.11.0"", ""pandas"": ""3.0.3"", ""qutip"": ""5.3.0"", ""stim"": ""1.16.0"", ""gmpy2"": ""2.3.1"", ""nbformat"": ""5.10.4"", ""nbclient"": ""0.11.0""}",Windows,11,Gercom,2026-07-21T12:14:47.598389+00:00
P12_boundary_variability,P12_boundary_variability:diamond_heterogeneous:5bc647d57e1fe781:L2:212:m10-intent:0,diamond_heterogeneous,5bc647d57e1fe781,212,m10-intent,L2,iterative_analytical,0,10,10,0.6,0.09,0.02,,True,r1 -> bad -> r3,2,True,,,,0.6863749999999998,0,0.000478,VIOLATED,False,9,0.7695,0.7695,0.08312500000000012,3.579911,False,,1876,10,0,0,0,0,0.10017520001,caeab489817dfe1c3b2df5bf6f1de7675d7feb478178f20e6540c36f8f1c0e8b,False,,,,False,,3eada4d39cc676240b3278de813f19477e0b0eb8,1f2680a5b9065e708a7497adc53a95b108029b98,3.13.14,2.5.1,"{""pydantic"": ""2.13.4"", ""yaml"": ""6.0.3"", ""networkx"": ""3.6.1"", ""numpy"": ""2.5.1"", ""scipy"": ""1.18.0"", ""matplotlib"": ""3.11.0"", ""pandas"": ""3.0.3"", ""qutip"": ""5.3.0"", ""stim"": ""1.16.0"", ""gmpy2"": ""2.3.1"", ""nbformat"": ""5.10.4"", ""nbclient"": ""0.11.0""}",Windows,11,Gercom,2026-07-21T12:14:54.360794+00:00
P12_boundary_variability,P12_boundary_variability:diamond_heterogeneous:5bc647d57e1fe781:L2:213:m10-intent:0,diamond_heterogeneous,5bc647d57e1fe781,213,m10-intent,L2,iterative_analytical,0,10,10,0.6,0.09,0.02,,True,r1 -> bad -> r3,2,True,,,,0.6863749999999998,0,0.000411,VIOLATED,False,5,0.7695,0.7695,0.08312500000000012,3.043723,False,,1887,5,0,0,0,0,0.10017018751,35003825d6d77dbe9e8e52a6ef2cfa7a1b80bb00380e59d9d73f004d3cd0e5a7,False,,,,False,,3eada4d39cc676240b3278de813f19477e0b0eb8,1f2680a5b9065e708a7497adc53a95b108029b98,3.13.14,2.5.1,"{""pydantic"": ""2.13.4"", ""yaml"": ""6.0.3"", ""networkx"": ""3.6.1"", ""numpy"": ""2.5.1"", ""scipy"": ""1.18.0"", ""matplotlib"": ""3.11.0"", ""pandas"": ""3.0.3"", ""qutip"": ""5.3.0"", ""stim"": ""1.16.0"", ""gmpy2"": ""2.3.1"", ""nbformat"": ""5.10.4"", ""nbclient"": ""0.11.0""}",Windows,11,Gercom,2026-07-21T12:15:00.589040+00:00
P12_boundary_variability,P12_boundary_variability:diamond_heterogeneous:5bc647d57e1fe781:L2:214:m10-intent:0,diamond_heterogeneous,5bc647d57e1fe781,214,m10-intent,L2,iterative_analytical,0,10,10,0.6,0.09,0.02,,True,r1 -> bad -> r3,2,True,,,,0.6863749999999998,0,0.000441,VIOLATED,False,6,0.7695,0.7695,0.08312500000000012,3.389668,False,,1781,10,0,0,0,0,0.10017017501,c0cc1eaeee863687b712ee202e19588ba4e2b982a9bed52c78d6ade3b7b0fe0f,False,,,,False,,3eada4d39cc676240b3278de813f19477e0b0eb8,1f2680a5b9065e708a7497adc53a95b108029b98,3.13.14,2.5.1,"{""pydantic"": ""2.13.4"", ""yaml"": ""6.0.3"", ""networkx"": ""3.6.1"", ""numpy"": ""2.5.1"", ""scipy"": ""1.18.0"", ""matplotlib"": ""3.11.0"", ""pandas"": ""3.0.3"", ""qutip"": ""5.3.0"", ""stim"": ""1.16.0"", ""gmpy2"": ""2.3.1"", ""nbformat"": ""5.10.4"", ""nbclient"": ""0.11.0""}",Windows,11,Gercom,2026-07-21T12:15:07.133924+00:00
P12_boundary_variability,P12_boundary_variability:diamond_heterogeneous:5bc647d57e1fe781:L2:215:m10-intent:0,diamond_heterogeneous,5bc647d57e1fe781,215,m10-intent,L2,iterative_analytical,0,10,10,0.6,0.09,0.02,,True,r1 -> bad -> r3,2,True,,,,0.6863749999999998,0,0.000409,VIOLATED,False,6,0.7695,0.7695,0.08312500000000012,3.23963,False,,1789,6,0,0,0,0,0.10016506251,cbb582a277fbf8d3a7d6a4b017436089d3a58cbbfcffe5ffd857310227f0cb8b,False,,,,False,,3eada4d39cc676240b3278de813f19477e0b0eb8,1f2680a5b9065e708a7497adc53a95b108029b98,3.13.14,2.5.1,"{""pydantic"": ""2.13.4"", ""yaml"": ""6.0.3"", ""networkx"": ""3.6.1"", ""numpy"": ""2.5.1"", ""scipy"": ""1.18.0"", ""matplotlib"": ""3.11.0"", ""pandas"": ""3.0.3"", ""qutip"": ""5.3.0"", ""stim"": ""1.16.0"", ""gmpy2"": ""2.3.1"", ""nbformat"": ""5.10.4"", ""nbclient"": ""0.11.0""}",Windows,11,Gercom,2026-07-21T12:15:13.516287+00:00
P12_boundary_variability,P12_boundary_variability:diamond_heterogeneous:5bc647d57e1fe781:L2:216:m10-intent:0,diamond_heterogeneous,5bc647d57e1fe781,216,m10-intent,L2,iterative_analytical,0,10,10,0.6,0.09,0.02,,True,r1 -> bad -> r3,2,True,,,,0.6863749999999998,0,0.000408,VIOLATED,False,6,0.7695,0.7695,0.08312500000000012,3.558514,False,,1702,10,0,0,0,0,0.10015827501,020f762bf87a892ce0fed065b7c4cd0cd887b8c9a85bd0cda6ce46a73f82312a,False,,,,False,,3eada4d39cc676240b3278de813f19477e0b0eb8,1f2680a5b9065e708a7497adc53a95b108029b98,3.13.14,2.5.1,"{""pydantic"": ""2.13.4"", ""yaml"": ""6.0.3"", ""networkx"": ""3.6.1"", ""numpy"": ""2.5.1"", ""scipy"": ""1.18.0"", ""matplotlib"": ""3.11.0"", ""pandas"": ""3.0.3"", ""qutip"": ""5.3.0"", ""stim"": ""1.16.0"", ""gmpy2"": ""2.3.1"", ""nbformat"": ""5.10.4"", ""nbclient"": ""0.11.0""}",Windows,11,Gercom,2026-07-21T12:15:20.271127+00:00
P12_boundary_variability,P12_boundary_variability:diamond_heterogeneous:5bc647d57e1fe781:L2:217:m10-intent:0,diamond_heterogeneous,5bc647d57e1fe781,217,m10-intent,L2,iterative_analytical,0,10,10,0.6,0.09,0.02,,True,r1 -> bad -> r3,2,True,,,,0.6863749999999998,0,0.000441,VIOLATED,False,8,0.7695,0.7695,0.08312500000000012,3.275256,False,,1604,11,0,0,0,0,0.10017062501,f882d98ca7476410f4a64b461812e0dc273c57a859b9d68ff48568080f4880fa,False,,,,False,,3eada4d39cc676240b3278de813f19477e0b0eb8,1f2680a5b9065e708a7497adc53a95b108029b98,3.13.14,2.5.1,"{""pydantic"": ""2.13.4"", ""yaml"": ""6.0.3"", ""networkx"": ""3.6.1"", ""numpy"": ""2.5.1"", ""scipy"": ""1.18.0"", ""matplotlib"": ""3.11.0"", ""pandas"": ""3.0.3"", ""qutip"": ""5.3.0"", ""stim"": ""1.16.0"", ""gmpy2"": ""2.3.1"", ""nbformat"": ""5.10.4"", ""nbclient"": ""0.11.0""}",Windows,11,Gercom,2026-07-21T12:15:26.654318+00:00
P12_boundary_variability,P12_boundary_variability:diamond_heterogeneous:5bc647d57e1fe781:L2:218:m10-intent:0,diamond_heterogeneous,5bc647d57e1fe781,218,m10-intent,L2,iterative_analytical,0,10,10,0.6,0.09,0.02,,True,r1 -> bad -> r3,2,True,,,,0.6863749999999998,0,0.000392,VIOLATED,False,5,0.7695,0.7695,0.08312500000000012,2.82045,False,,1891,5,0,0,0,0,0.10017288751,b0ef47ec30f21cb79eb3713bd1ca046f528a657d835fa89fc7f70483df64bea0,False,,,,False,,3eada4d39cc676240b3278de813f19477e0b0eb8,1f2680a5b9065e708a7497adc53a95b108029b98,3.13.14,2.5.1,"{""pydantic"": ""2.13.4"", ""yaml"": ""6.0.3"", ""networkx"": ""3.6.1"", ""numpy"": ""2.5.1"", ""scipy"": ""1.18.0"", ""matplotlib"": ""3.11.0"", ""pandas"": ""3.0.3"", ""qutip"": ""5.3.0"", ""stim"": ""1.16.0"", ""gmpy2"": ""2.3.1"", ""nbformat"": ""5.10.4"", ""nbclient"": ""0.11.0""}",Windows,11,Gercom,2026-07-21T12:15:32.623668+00:00
P12_boundary_variability,P12_boundary_variability:diamond_heterogeneous:5bc647d57e1fe781:L2:219:m10-intent:0,diamond_heterogeneous,5bc647d57e1fe781,219,m10-intent,L2,iterative_analytical,0,10,10,0.6,0.09,0.02,,True,r1 -> bad -> r3,2,True,,,,0.6863749999999998,0,0.000421,VIOLATED,False,4,0.7695,0.7695,0.08312500000000012,3.425593,False,,1891,4,0,0,0,0,0.10016516251,ed834a34d920f7c830cd18921093d18f66fdedef4bea69c1ef37adc09c01eae0,False,,,,False,,3eada4d39cc676240b3278de813f19477e0b0eb8,1f2680a5b9065e708a7497adc53a95b108029b98,3.13.14,2.5.1,"{""pydantic"": ""2.13.4"", ""yaml"": ""6.0.3"", ""networkx"": ""3.6.1"", ""numpy"": ""2.5.1"", ""scipy"": ""1.18.0"", ""matplotlib"": ""3.11.0"", ""pandas"": ""3.0.3"", ""qutip"": ""5.3.0"", ""stim"": ""1.16.0"", ""gmpy2"": ""2.3.1"", ""nbformat"": ""5.10.4"", ""nbclient"": ""0.11.0""}",Windows,11,Gercom,2026-07-21T12:15:39.309941+00:00
P12_boundary_variability,P12_boundary_variability:diamond_heterogeneous:5bc647d57e1fe781:L2:220:m10-intent:0,diamond_heterogeneous,5bc647d57e1fe781,220,m10-intent,L2,iterative_analytical,0,10,10,0.6,0.09,0.02,,True,r1 -> bad -> r3,2,True,,,,0.6863749999999998,0,0.000449,VIOLATED,False,6,0.7695,0.7695,0.08312500000000012,3.662734,False,,1843,6,0,0,0,0,0.10017015001,2ea3d86dea12ff1c6eeec3cce5d73b0fa224eca3ea3f134b08d2cf1653e7cf37,False,,,,False,,3eada4d39cc676240b3278de813f19477e0b0eb8,1f2680a5b9065e708a7497adc53a95b108029b98,3.13.14,2.5.1,"{""pydantic"": ""2.13.4"", ""yaml"": ""6.0.3"", ""networkx"": ""3.6.1"", ""numpy"": ""2.5.1"", ""scipy"": ""1.18.0"", ""matplotlib"": ""3.11.0"", ""pandas"": ""3.0.3"", ""qutip"": ""5.3.0"", ""stim"": ""1.16.0"", ""gmpy2"": ""2.3.1"", ""nbformat"": ""5.10.4"", ""nbclient"": ""0.11.0""}",Windows,11,Gercom,2026-07-21T12:15:46.363930+00:00
P12_boundary_variability,P12_boundary_variability:diamond_heterogeneous:5bc647d57e1fe781:L2:221:m10-intent:0,diamond_heterogeneous,5bc647d57e1fe781,221,m10-intent,L2,iterative_analytical,0,10,10,0.6,0.09,0.02,,True,r1 -> bad -> r3,2,True,,,,0.6863749999999998,0,0.00043,VIOLATED,False,9,0.7695,0.7695,0.08312500000000012,3.232249,False,,1826,9,0,0,0,0,0.10017012501,cf439f768dd09132224cbd2b8f7eccd2a2519c1b7ad152c8d7f18c4ff76768a6,False,,,,False,,3eada4d39cc676240b3278de813f19477e0b0eb8,1f2680a5b9065e708a7497adc53a95b108029b98,3.13.14,2.5.1,"{""pydantic"": ""2.13.4"", ""yaml"": ""6.0.3"", ""networkx"": ""3.6.1"", ""numpy"": ""2.5.1"", ""scipy"": ""1.18.0"", ""matplotlib"": ""3.11.0"", ""pandas"": ""3.0.3"", ""qutip"": ""5.3.0"", ""stim"": ""1.16.0"", ""gmpy2"": ""2.3.1"", ""nbformat"": ""5.10.4"", ""nbclient"": ""0.11.0""}",Windows,11,Gercom,2026-07-21T12:15:52.732291+00:00
P12_boundary_variability,P12_boundary_variability:diamond_heterogeneous:5bc647d57e1fe781:L2:222:m10-intent:0,diamond_heterogeneous,5bc647d57e1fe781,222,m10-intent,L2,iterative_analytical,0,10,10,0.6,0.09,0.02,,True,r1 -> bad -> r3,2,True,,,,0.6863749999999998,0,0.000408,VIOLATED,False,3,0.7695,0.7695,0.08312500000000012,3.233654,False,,1900,3,0,0,0,0,0.10016516251,8b215dbe275a76895c4855657898cc3742c3b216fc3b37b59d8d03068541f93f,False,,,,False,,3eada4d39cc676240b3278de813f19477e0b0eb8,1f2680a5b9065e708a7497adc53a95b108029b98,3.13.14,2.5.1,"{""pydantic"": ""2.13.4"", ""yaml"": ""6.0.3"", ""networkx"": ""3.6.1"", ""numpy"": ""2.5.1"", ""scipy"": ""1.18.0"", ""matplotlib"": ""3.11.0"", ""pandas"": ""3.0.3"", ""qutip"": ""5.3.0"", ""stim"": ""1.16.0"", ""gmpy2"": ""2.3.1"", ""nbformat"": ""5.10.4"", ""nbclient"": ""0.11.0""}",Windows,11,Gercom,2026-07-21T12:15:59.060755+00:00
P12_boundary_variability,P12_boundary_variability:diamond_heterogeneous:5bc647d57e1fe781:L2:223:m10-intent:0,diamond_heterogeneous,5bc647d57e1fe781,223,m10-intent,L2,iterative_analytical,0,10,10,0.6,0.09,0.02,,True,r1 -> bad -> r3,2,True,,,,0.6863749999999998,0,0.000488,VIOLATED,False,6,0.7695,0.7695,0.08312500000000012,3.507769,False,,1711,6,0,0,0,0,0.10016007501,86f8c9875d21a9f4972bcac05b324e0f8a0d88590403ffc4e75ffa0db2fd55cd,False,,,,False,,3eada4d39cc676240b3278de813f19477e0b0eb8,1f2680a5b9065e708a7497adc53a95b108029b98,3.13.14,2.5.1,"{""pydantic"": ""2.13.4"", ""yaml"": ""6.0.3"", ""networkx"": ""3.6.1"", ""numpy"": ""2.5.1"", ""scipy"": ""1.18.0"", ""matplotlib"": ""3.11.0"", ""pandas"": ""3.0.3"", ""qutip"": ""5.3.0"", ""stim"": ""1.16.0"", ""gmpy2"": ""2.3.1"", ""nbformat"": ""5.10.4"", ""nbclient"": ""0.11.0""}",Windows,11,Gercom,2026-07-21T12:16:05.807432+00:00
P12_boundary_variability,P12_boundary_variability:diamond_heterogeneous:5bc647d57e1fe781:L2:224:m10-intent:0,diamond_heterogeneous,5bc647d57e1fe781,224,m10-intent,L2,iterative_analytical,0,10,10,0.6,0.09,0.02,,True,r1 -> bad -> r3,2,True,,,,0.6863749999999998,0,0.000436,VIOLATED,False,7,0.7695,0.7695,0.08312500000000012,3.073964,False,,1885,7,0,0,0,0,0.10018297501,d5b2c111071ca9787e81ef04c4ae97f5ba0e8138a609591520fc9f7d7b459cb8,False,,,,False,,3eada4d39cc676240b3278de813f19477e0b0eb8,1f2680a5b9065e708a7497adc53a95b108029b98,3.13.14,2.5.1,"{""pydantic"": ""2.13.4"", ""yaml"": ""6.0.3"", ""networkx"": ""3.6.1"", ""numpy"": ""2.5.1"", ""scipy"": ""1.18.0"", ""matplotlib"": ""3.11.0"", ""pandas"": ""3.0.3"", ""qutip"": ""5.3.0"", ""stim"": ""1.16.0"", ""gmpy2"": ""2.3.1"", ""nbformat"": ""5.10.4"", ""nbclient"": ""0.11.0""}",Windows,11,Gercom,2026-07-21T12:16:12.161284+00:00
P12_boundary_variability,P12_boundary_variability:diamond_heterogeneous:5bc647d57e1fe781:L2:225:m10-intent:0,diamond_heterogeneous,5bc647d57e1fe781,225,m10-intent,L2,iterative_analytical,0,10,10,0.6,0.09,0.02,,True,r1 -> bad -> r3,2,True,,,,0.6863749999999998,0,0.000447,VIOLATED,False,7,0.7695,0.7695,0.08312500000000012,3.58008,False,,1539,10,0,0,0,0,0.10019076251,e33a48e67ffee1aceb56344d0ce8bc2e0e624084b3aa4bba97f7a46829edab4c,False,,,,False,,3eada4d39cc676240b3278de813f19477e0b0eb8,1f2680a5b9065e708a7497adc53a95b108029b98,3.13.14,2.5.1,"{""pydantic"": ""2.13.4"", ""yaml"": ""6.0.3"", ""networkx"": ""3.6.1"", ""numpy"": ""2.5.1"", ""scipy"": ""1.18.0"", ""matplotlib"": ""3.11.0"", ""pandas"": ""3.0.3"", ""qutip"": ""5.3.0"", ""stim"": ""1.16.0"", ""gmpy2"": ""2.3.1"", ""nbformat"": ""5.10.4"", ""nbclient"": ""0.11.0""}",Windows,11,Gercom,2026-07-21T12:16:19.005397+00:00
P12_boundary_variability,P12_boundary_variability:diamond_heterogeneous:5bc647d57e1fe781:L2:226:m10-intent:0,diamond_heterogeneous,5bc647d57e1fe781,226,m10-intent,L2,iterative_analytical,0,10,10,0.6,0.09,0.02,,True,r1 -> bad -> r3,2,True,,,,0.6863749999999998,0,0.000439,VIOLATED,False,6,0.7695,0.7695,0.08312500000000012,3.734791,False,,1815,6,0,0,0,0,0.10016003751,eb62a3714fc2bad94fa5dcb3268600d7541bf03a95ead327ef342b914f6c7172,False,,,,False,,3eada4d39cc676240b3278de813f19477e0b0eb8,1f2680a5b9065e708a7497adc53a95b108029b98,3.13.14,2.5.1,"{""pydantic"": ""2.13.4"", ""yaml"": ""6.0.3"", ""networkx"": ""3.6.1"", ""numpy"": ""2.5.1"", ""scipy"": ""1.18.0"", ""matplotlib"": ""3.11.0"", ""pandas"": ""3.0.3"", ""qutip"": ""5.3.0"", ""stim"": ""1.16.0"", ""gmpy2"": ""2.3.1"", ""nbformat"": ""5.10.4"", ""nbclient"": ""0.11.0""}",Windows,11,Gercom,2026-07-21T12:16:26.077341+00:00
P12_boundary_variability,P12_boundary_variability:diamond_heterogeneous:5bc647d57e1fe781:L2:227:m10-intent:0,diamond_heterogeneous,5bc647d57e1fe781,227,m10-intent,L2,iterative_analytical,0,10,10,0.6,0.09,0.02,,True,r1 -> bad -> r3,2,True,,,,0.6863749999999998,0,0.000439,VIOLATED,False,4,0.7695,0.7695,0.08312500000000012,3.279923,False,,1891,4,0,0,0,0,0.10017016251,c7d337f66a919537458224c647891e4343ffed1949fe1405f66363ce9997aab4,False,,,,False,,3eada4d39cc676240b3278de813f19477e0b0eb8,1f2680a5b9065e708a7497adc53a95b108029b98,3.13.14,2.5.1,"{""pydantic"": ""2.13.4"", ""yaml"": ""6.0.3"", ""networkx"": ""3.6.1"", ""numpy"": ""2.5.1"", ""scipy"": ""1.18.0"", ""matplotlib"": ""3.11.0"", ""pandas"": ""3.0.3"", ""qutip"": ""5.3.0"", ""stim"": ""1.16.0"", ""gmpy2"": ""2.3.1"", ""nbformat"": ""5.10.4"", ""nbclient"": ""0.11.0""}",Windows,11,Gercom,2026-07-21T12:16:32.680104+00:00
P12_boundary_variability,P12_boundary_variability:diamond_heterogeneous:5bc647d57e1fe781:L2:228:m10-intent:0,diamond_heterogeneous,5bc647d57e1fe781,228,m10-intent,L2,iterative_analytical,0,10,10,0.6,0.09,0.02,,True,r1 -> bad -> r3,2,True,,,,0.6863749999999998,0,0.00044,VIOLATED,False,7,0.7695,0.7695,0.08312500000000012,3.239964,False,,1437,11,0,0,0,0,0.10015327501,191cda84eb3408baccdbb804fa9c1b8622cce10fbe4dbb522f801f23805d1163,False,,,,False,,3eada4d39cc676240b3278de813f19477e0b0eb8,1f2680a5b9065e708a7497adc53a95b108029b98,3.13.14,2.5.1,"{""pydantic"": ""2.13.4"", ""yaml"": ""6.0.3"", ""networkx"": ""3.6.1"", ""numpy"": ""2.5.1"", ""scipy"": ""1.18.0"", ""matplotlib"": ""3.11.0"", ""pandas"": ""3.0.3"", ""qutip"": ""5.3.0"", ""stim"": ""1.16.0"", ""gmpy2"": ""2.3.1"", ""nbformat"": ""5.10.4"", ""nbclient"": ""0.11.0""}",Windows,11,Gercom,2026-07-21T12:16:39.170374+00:00
P12_boundary_variability,P12_boundary_variability:diamond_heterogeneous:5bc647d57e1fe781:L2:229:m10-intent:0,diamond_heterogeneous,5bc647d57e1fe781,229,m10-intent,L2,iterative_analytical,0,10,10,0.6,0.09,0.02,,True,r1 -> bad -> r3,2,True,,,,0.6863749999999998,0,0.000437,VIOLATED,False,3,0.7695,0.7695,0.08312500000000012,3.482167,False,,1893,3,0,0,0,0,0.10017013751,235c483ee358f8c189f94f867e6beeaffe2313ee276b02c86343454c3244fa12,False,,,,False,,3eada4d39cc676240b3278de813f19477e0b0eb8,1f2680a5b9065e708a7497adc53a95b108029b98,3.13.14,2.5.1,"{""pydantic"": ""2.13.4"", ""yaml"": ""6.0.3"", ""networkx"": ""3.6.1"", ""numpy"": ""2.5.1"", ""scipy"": ""1.18.0"", ""matplotlib"": ""3.11.0"", ""pandas"": ""3.0.3"", ""qutip"": ""5.3.0"", ""stim"": ""1.16.0"", ""gmpy2"": ""2.3.1"", ""nbformat"": ""5.10.4"", ""nbclient"": ""0.11.0""}",Windows,11,Gercom,2026-07-21T12:16:45.924901+00:00
P12_boundary_variability,P12_boundary_variability:diamond_heterogeneous:5bc647d57e1fe781:L2:230:m10-intent:0,diamond_heterogeneous,5bc647d57e1fe781,230,m10-intent,L2,iterative_analytical,0,10,10,0.6,0.09,0.02,,True,r1 -> bad -> r3,2,True,,,,0.6863749999999998,0,0.000433,VIOLATED,False,8,0.7695,0.7695,0.08312500000000012,3.346631,False,,1866,8,0,0,0,0,0.10018015001,8de57605d925e7d0b7d5cc96e3ffb3614ee9185743d11f0a0dbac477580ce32a,False,,,,False,,3eada4d39cc676240b3278de813f19477e0b0eb8,1f2680a5b9065e708a7497adc53a95b108029b98,3.13.14,2.5.1,"{""pydantic"": ""2.13.4"", ""yaml"": ""6.0.3"", ""networkx"": ""3.6.1"", ""numpy"": ""2.5.1"", ""scipy"": ""1.18.0"", ""matplotlib"": ""3.11.0"", ""pandas"": ""3.0.3"", ""qutip"": ""5.3.0"", ""stim"": ""1.16.0"", ""gmpy2"": ""2.3.1"", ""nbformat"": ""5.10.4"", ""nbclient"": ""0.11.0""}",Windows,11,Gercom,2026-07-21T12:16:52.509635+00:00
P12_boundary_variability,P12_boundary_variability:diamond_heterogeneous:5bc647d57e1fe781:L2:231:m10-intent:0,diamond_heterogeneous,5bc647d57e1fe781,231,m10-intent,L2,iterative_analytical,0,10,10,0.6,0.09,0.02,,True,r1 -> bad -> r3,2,True,,,,0.6863749999999998,0,0.000445,SATISFIED,True,10,0.7695,0.7695,0.08312500000000012,3.549639,False,,1731,10,0,0,0,0,0.10017011251,01be6c3cfd147a88ced55a0146b8b800f6c5324cfb5342caac96cb7acab77ff3,False,,,,False,,3eada4d39cc676240b3278de813f19477e0b0eb8,1f2680a5b9065e708a7497adc53a95b108029b98,3.13.14,2.5.1,"{""pydantic"": ""2.13.4"", ""yaml"": ""6.0.3"", ""networkx"": ""3.6.1"", ""numpy"": ""2.5.1"", ""scipy"": ""1.18.0"", ""matplotlib"": ""3.11.0"", ""pandas"": ""3.0.3"", ""qutip"": ""5.3.0"", ""stim"": ""1.16.0"", ""gmpy2"": ""2.3.1"", ""nbformat"": ""5.10.4"", ""nbclient"": ""0.11.0""}",Windows,11,Gercom,2026-07-21T12:16:59.333412+00:00
P12_boundary_variability,P12_boundary_variability:diamond_heterogeneous:5bc647d57e1fe781:L2:232:m10-intent:0,diamond_heterogeneous,5bc647d57e1fe781,232,m10-intent,L2,iterative_analytical,0,10,10,0.6,0.09,0.02,,True,r1 -> bad -> r3,2,True,,,,0.6863749999999998,0,0.000453,VIOLATED,False,7,0.7695,0.7695,0.08312500000000012,3.491976,False,,1892,7,0,0,0,0,0.10019303751,27dc7c8921b3d484acda4af525406e4290653d22bfff46ac777329babb5859e8,False,,,,False,,3eada4d39cc676240b3278de813f19477e0b0eb8,1f2680a5b9065e708a7497adc53a95b108029b98,3.13.14,2.5.1,"{""pydantic"": ""2.13.4"", ""yaml"": ""6.0.3"", ""networkx"": ""3.6.1"", ""numpy"": ""2.5.1"", ""scipy"": ""1.18.0"", ""matplotlib"": ""3.11.0"", ""pandas"": ""3.0.3"", ""qutip"": ""5.3.0"", ""stim"": ""1.16.0"", ""gmpy2"": ""2.3.1"", ""nbformat"": ""5.10.4"", ""nbclient"": ""0.11.0""}",Windows,11,Gercom,2026-07-21T12:17:06.044947+00:00
P12_boundary_variability,P12_boundary_variability:diamond_heterogeneous:5bc647d57e1fe781:L2:233:m10-intent:0,diamond_heterogeneous,5bc647d57e1fe781,233,m10-intent,L2,iterative_analytical,0,10,10,0.6,0.09,0.02,,True,r1 -> bad -> r3,2,True,,,,0.6863749999999998,0,0.001058,VIOLATED,False,5,0.7695,0.7695,0.08312500000000012,4.86796,False,,1851,5,0,0,0,0,0.10013776251,1f613990b0c824fb1e1c0ae988a5dbb68b2ea5d6ba56d3a63a4d3379473955a7,False,,,,False,,3eada4d39cc676240b3278de813f19477e0b0eb8,1f2680a5b9065e708a7497adc53a95b108029b98,3.13.14,2.5.1,"{""pydantic"": ""2.13.4"", ""yaml"": ""6.0.3"", ""networkx"": ""3.6.1"", ""numpy"": ""2.5.1"", ""scipy"": ""1.18.0"", ""matplotlib"": ""3.11.0"", ""pandas"": ""3.0.3"", ""qutip"": ""5.3.0"", ""stim"": ""1.16.0"", ""gmpy2"": ""2.3.1"", ""nbformat"": ""5.10.4"", ""nbclient"": ""0.11.0""}",Windows,11,Gercom,2026-07-21T12:17:14.531657+00:00
P12_boundary_variability,P12_boundary_variability:diamond_heterogeneous:5bc647d57e1fe781:L2:234:m10-intent:0,diamond_heterogeneous,5bc647d57e1fe781,234,m10-intent,L2,iterative_analytical,0,10,10,0.6,0.09,0.02,,True,r1 -> bad -> r3,2,True,,,,0.6863749999999998,0,0.000406,VIOLATED,False,7,0.7695,0.7695,0.08312500000000012,3.436551,False,,1765,8,0,0,0,0,0.10015826251,05b63c40d7b54d23fb528134be79fd433029ff1df048c3a1914c205d165086a0,False,,,,False,,3eada4d39cc676240b3278de813f19477e0b0eb8,1f2680a5b9065e708a7497adc53a95b108029b98,3.13.14,2.5.1,"{""pydantic"": ""2.13.4"", ""yaml"": ""6.0.3"", ""networkx"": ""3.6.1"", ""numpy"": ""2.5.1"", ""scipy"": ""1.18.0"", ""matplotlib"": ""3.11.0"", ""pandas"": ""3.0.3"", ""qutip"": ""5.3.0"", ""stim"": ""1.16.0"", ""gmpy2"": ""2.3.1"", ""nbformat"": ""5.10.4"", ""nbclient"": ""0.11.0""}",Windows,11,Gercom,2026-07-21T12:17:21.099736+00:00
P12_boundary_variability,P12_boundary_variability:diamond_heterogeneous:5bc647d57e1fe781:L2:235:m10-intent:0,diamond_heterogeneous,5bc647d57e1fe781,235,m10-intent,L2,iterative_analytical,0,10,10,0.6,0.09,0.02,,True,r1 -> bad -> r3,2,True,,,,0.6863749999999998,0,0.000414,VIOLATED,False,5,0.7695,0.7695,0.08312500000000012,3.371902,False,,1905,5,0,0,0,0,0.10019297501,73d01bd117e7b15dafa0fbd46193b6edad65e5dfd990a5c622ea4f775c92ff8e,False,,,,False,,3eada4d39cc676240b3278de813f19477e0b0eb8,1f2680a5b9065e708a7497adc53a95b108029b98,3.13.14,2.5.1,"{""pydantic"": ""2.13.4"", ""yaml"": ""6.0.3"", ""networkx"": ""3.6.1"", ""numpy"": ""2.5.1"", ""scipy"": ""1.18.0"", ""matplotlib"": ""3.11.0"", ""pandas"": ""3.0.3"", ""qutip"": ""5.3.0"", ""stim"": ""1.16.0"", ""gmpy2"": ""2.3.1"", ""nbformat"": ""5.10.4"", ""nbclient"": ""0.11.0""}",Windows,11,Gercom,2026-07-21T12:17:27.642042+00:00
P12_boundary_variability,P12_boundary_variability:diamond_heterogeneous:5bc647d57e1fe781:L2:236:m10-intent:0,diamond_heterogeneous,5bc647d57e1fe781,236,m10-intent,L2,iterative_analytical,0,10,10,0.6,0.09,0.02,,True,r1 -> bad -> r3,2,True,,,,0.6863749999999998,0,0.000431,VIOLATED,False,8,0.7695,0.7695,0.08312500000000012,3.655415,False,,1862,8,0,0,0,0,0.10018522501,e74ea2d595cb8098a479550dfeb4ab85cfa11739bce861150db856cc080d78b0,False,,,,False,,3eada4d39cc676240b3278de813f19477e0b0eb8,1f2680a5b9065e708a7497adc53a95b108029b98,3.13.14,2.5.1,"{""pydantic"": ""2.13.4"", ""yaml"": ""6.0.3"", ""networkx"": ""3.6.1"", ""numpy"": ""2.5.1"", ""scipy"": ""1.18.0"", ""matplotlib"": ""3.11.0"", ""pandas"": ""3.0.3"", ""qutip"": ""5.3.0"", ""stim"": ""1.16.0"", ""gmpy2"": ""2.3.1"", ""nbformat"": ""5.10.4"", ""nbclient"": ""0.11.0""}",Windows,11,Gercom,2026-07-21T12:17:34.424105+00:00
P12_boundary_variability,P12_boundary_variability:diamond_heterogeneous:5bc647d57e1fe781:L2:237:m10-intent:0,diamond_heterogeneous,5bc647d57e1fe781,237,m10-intent,L2,iterative_analytical,0,10,10,0.6,0.09,0.02,,True,r1 -> bad -> r3,2,True,,,,0.6863749999999998,0,0.000431,VIOLATED,False,4,0.7695,0.7695,0.08312500000000012,3.016741,False,,1888,4,0,0,0,0,0.10019526251,eff26a5292d13ff1395f09de5a2cb76d4dbdb3e9f1c30deed9c6a36331893819,False,,,,False,,3eada4d39cc676240b3278de813f19477e0b0eb8,1f2680a5b9065e708a7497adc53a95b108029b98,3.13.14,2.5.1,"{""pydantic"": ""2.13.4"", ""yaml"": ""6.0.3"", ""networkx"": ""3.6.1"", ""numpy"": ""2.5.1"", ""scipy"": ""1.18.0"", ""matplotlib"": ""3.11.0"", ""pandas"": ""3.0.3"", ""qutip"": ""5.3.0"", ""stim"": ""1.16.0"", ""gmpy2"": ""2.3.1"", ""nbformat"": ""5.10.4"", ""nbclient"": ""0.11.0""}",Windows,11,Gercom,2026-07-21T12:17:40.735957+00:00
P12_boundary_variability,P12_boundary_variability:diamond_heterogeneous:5bc647d57e1fe781:L2:238:m10-intent:0,diamond_heterogeneous,5bc647d57e1fe781,238,m10-intent,L2,iterative_analytical,0,10,10,0.6,0.09,0.02,,True,r1 -> bad -> r3,2,True,,,,0.6863749999999998,0,0.000418,VIOLATED,False,5,0.7695,0.7695,0.08312500000000012,3.875722,False,,1831,5,0,0,0,0,0.10019020001,705b5c8818d677c3a8327344a6884bfbe48b6082f8f9ea9e1efddff9bd933a99,False,,,,False,,3eada4d39cc676240b3278de813f19477e0b0eb8,1f2680a5b9065e708a7497adc53a95b108029b98,3.13.14,2.5.1,"{""pydantic"": ""2.13.4"", ""yaml"": ""6.0.3"", ""networkx"": ""3.6.1"", ""numpy"": ""2.5.1"", ""scipy"": ""1.18.0"", ""matplotlib"": ""3.11.0"", ""pandas"": ""3.0.3"", ""qutip"": ""5.3.0"", ""stim"": ""1.16.0"", ""gmpy2"": ""2.3.1"", ""nbformat"": ""5.10.4"", ""nbclient"": ""0.11.0""}",Windows,11,Gercom,2026-07-21T12:17:47.960236+00:00
P12_boundary_variability,P12_boundary_variability:diamond_heterogeneous:5bc647d57e1fe781:L2:239:m10-intent:0,diamond_heterogeneous,5bc647d57e1fe781,239,m10-intent,L2,iterative_analytical,0,10,10,0.6,0.09,0.02,,True,r1 -> bad -> r3,2,True,,,,0.6863749999999998,0,0.000446,SATISFIED,True,11,0.7695,0.7695,0.08312500000000012,3.632988,False,,1620,11,0,0,0,0,0.10017570001,276c1185e91034f1d300168ed23190be18add5f949559ab1c9e6105e43dba4a2,False,,,,False,,3eada4d39cc676240b3278de813f19477e0b0eb8,1f2680a5b9065e708a7497adc53a95b108029b98,3.13.14,2.5.1,"{""pydantic"": ""2.13.4"", ""yaml"": ""6.0.3"", ""networkx"": ""3.6.1"", ""numpy"": ""2.5.1"", ""scipy"": ""1.18.0"", ""matplotlib"": ""3.11.0"", ""pandas"": ""3.0.3"", ""qutip"": ""5.3.0"", ""stim"": ""1.16.0"", ""gmpy2"": ""2.3.1"", ""nbformat"": ""5.10.4"", ""nbclient"": ""0.11.0""}",Windows,11,Gercom,2026-07-21T12:17:54.827488+00:00
P12_boundary_variability,P12_boundary_variability:diamond_heterogeneous:5bc647d57e1fe781:L2:240:m10-intent:0,diamond_heterogeneous,5bc647d57e1fe781,240,m10-intent,L2,iterative_analytical,0,10,10,0.6,0.09,0.02,,True,r1 -> bad -> r3,2,True,,,,0.6863749999999998,0,0.000424,VIOLATED,False,7,0.7695,0.7695,0.08312500000000012,2.308443,False,,1890,7,0,0,0,0,0.10016512501,2914338580aa11ba072310c6591ac669c8a1e71acf4a2dd5fa94985c64f240b0,False,,,,False,,3eada4d39cc676240b3278de813f19477e0b0eb8,1f2680a5b9065e708a7497adc53a95b108029b98,3.13.14,2.5.1,"{""pydantic"": ""2.13.4"", ""yaml"": ""6.0.3"", ""networkx"": ""3.6.1"", ""numpy"": ""2.5.1"", ""scipy"": ""1.18.0"", ""matplotlib"": ""3.11.0"", ""pandas"": ""3.0.3"", ""qutip"": ""5.3.0"", ""stim"": ""1.16.0"", ""gmpy2"": ""2.3.1"", ""nbformat"": ""5.10.4"", ""nbclient"": ""0.11.0""}",Windows,11,Gercom,2026-07-21T12:18:00.284909+00:00
P12_boundary_variability,P12_boundary_variability:diamond_heterogeneous:5bc647d57e1fe781:L2:241:m10-intent:0,diamond_heterogeneous,5bc647d57e1fe781,241,m10-intent,L2,iterative_analytical,0,10,10,0.6,0.09,0.02,,True,r1 -> bad -> r3,2,True,,,,0.6863749999999998,0,0.000446,VIOLATED,False,9,0.7695,0.7695,0.08312500000000012,2.856669,False,,840,14,0,0,0,0,0.10015830001,06d94f79dda0534c0ae6ee6af6ded67e92d532ebd60f4739618e75920ab5676f,False,,,,False,,3eada4d39cc676240b3278de813f19477e0b0eb8,1f2680a5b9065e708a7497adc53a95b108029b98,3.13.14,2.5.1,"{""pydantic"": ""2.13.4"", ""yaml"": ""6.0.3"", ""networkx"": ""3.6.1"", ""numpy"": ""2.5.1"", ""scipy"": ""1.18.0"", ""matplotlib"": ""3.11.0"", ""pandas"": ""3.0.3"", ""qutip"": ""5.3.0"", ""stim"": ""1.16.0"", ""gmpy2"": ""2.3.1"", ""nbformat"": ""5.10.4"", ""nbclient"": ""0.11.0""}",Windows,11,Gercom,2026-07-21T12:18:06.482367+00:00
P12_boundary_variability,P12_boundary_variability:diamond_heterogeneous:5bc647d57e1fe781:L2:242:m10-intent:0,diamond_heterogeneous,5bc647d57e1fe781,242,m10-intent,L2,iterative_analytical,0,10,10,0.6,0.09,0.02,,True,r1 -> bad -> r3,2,True,,,,0.6863749999999998,0,0.000436,VIOLATED,False,4,0.7695,0.7695,0.08312500000000012,3.368809,False,,1581,4,0,0,0,0,0.10017007501,8b41c87230b5c3c6f5b8d7820a5e0762978279d88f6f180e950a281b7223c567,False,,,,False,,3eada4d39cc676240b3278de813f19477e0b0eb8,1f2680a5b9065e708a7497adc53a95b108029b98,3.13.14,2.5.1,"{""pydantic"": ""2.13.4"", ""yaml"": ""6.0.3"", ""networkx"": ""3.6.1"", ""numpy"": ""2.5.1"", ""scipy"": ""1.18.0"", ""matplotlib"": ""3.11.0"", ""pandas"": ""3.0.3"", ""qutip"": ""5.3.0"", ""stim"": ""1.16.0"", ""gmpy2"": ""2.3.1"", ""nbformat"": ""5.10.4"", ""nbclient"": ""0.11.0""}",Windows,11,Gercom,2026-07-21T12:18:13.052116+00:00
P12_boundary_variability,P12_boundary_variability:diamond_heterogeneous:5bc647d57e1fe781:L2:243:m10-intent:0,diamond_heterogeneous,5bc647d57e1fe781,243,m10-intent,L2,iterative_analytical,0,10,10,0.6,0.09,0.02,,True,r1 -> bad -> r3,2,True,,,,0.6863749999999998,0,0.000431,VIOLATED,False,7,0.7695,0.7695,0.08312500000000012,3.192428,False,,1897,7,0,0,0,0,0.10016513751,9dbf7512e0fcdc05cc154ff87bae0ce0c36dc62129e6d7a7dcd6f7ea0e583805,False,,,,False,,3eada4d39cc676240b3278de813f19477e0b0eb8,1f2680a5b9065e708a7497adc53a95b108029b98,3.13.14,2.5.1,"{""pydantic"": ""2.13.4"", ""yaml"": ""6.0.3"", ""networkx"": ""3.6.1"", ""numpy"": ""2.5.1"", ""scipy"": ""1.18.0"", ""matplotlib"": ""3.11.0"", ""pandas"": ""3.0.3"", ""qutip"": ""5.3.0"", ""stim"": ""1.16.0"", ""gmpy2"": ""2.3.1"", ""nbformat"": ""5.10.4"", ""nbclient"": ""0.11.0""}",Windows,11,Gercom,2026-07-21T12:18:19.569017+00:00
P12_boundary_variability,P12_boundary_variability:diamond_heterogeneous:5bc647d57e1fe781:L2:244:m10-intent:0,diamond_heterogeneous,5bc647d57e1fe781,244,m10-intent,L2,iterative_analytical,0,10,10,0.6,0.09,0.02,,True,r1 -> bad -> r3,2,True,,,,0.6863749999999998,0,0.000452,SATISFIED,True,10,0.7695,0.7695,0.08312500000000012,3.723326,False,,1854,10,0,0,0,0,0.10016512501,df2c26869290d69e0ad875a870019d691c050481a42eb503c8ac812ab14c1211,False,,,,False,,3eada4d39cc676240b3278de813f19477e0b0eb8,1f2680a5b9065e708a7497adc53a95b108029b98,3.13.14,2.5.1,"{""pydantic"": ""2.13.4"", ""yaml"": ""6.0.3"", ""networkx"": ""3.6.1"", ""numpy"": ""2.5.1"", ""scipy"": ""1.18.0"", ""matplotlib"": ""3.11.0"", ""pandas"": ""3.0.3"", ""qutip"": ""5.3.0"", ""stim"": ""1.16.0"", ""gmpy2"": ""2.3.1"", ""nbformat"": ""5.10.4"", ""nbclient"": ""0.11.0""}",Windows,11,Gercom,2026-07-21T12:18:26.616410+00:00
P12_boundary_variability,P12_boundary_variability:diamond_heterogeneous:5bc647d57e1fe781:L2:245:m10-intent:0,diamond_heterogeneous,5bc647d57e1fe781,245,m10-intent,L2,iterative_analytical,0,10,10,0.6,0.09,0.02,,True,r1 -> bad -> r3,2,True,,,,0.6863749999999998,0,0.000432,VIOLATED,False,6,0.7695,0.7695,0.08312500000000012,3.202313,False,,1880,6,0,0,0,0,0.10017011251,cefff44df2c43cc4407e5d2acc71e31f492719fb4c881261cc2ddce04519ed49,False,,,,False,,3eada4d39cc676240b3278de813f19477e0b0eb8,1f2680a5b9065e708a7497adc53a95b108029b98,3.13.14,2.5.1,"{""pydantic"": ""2.13.4"", ""yaml"": ""6.0.3"", ""networkx"": ""3.6.1"", ""numpy"": ""2.5.1"", ""scipy"": ""1.18.0"", ""matplotlib"": ""3.11.0"", ""pandas"": ""3.0.3"", ""qutip"": ""5.3.0"", ""stim"": ""1.16.0"", ""gmpy2"": ""2.3.1"", ""nbformat"": ""5.10.4"", ""nbclient"": ""0.11.0""}",Windows,11,Gercom,2026-07-21T12:18:33.100662+00:00
P12_boundary_variability,P12_boundary_variability:diamond_heterogeneous:5bc647d57e1fe781:L2:246:m10-intent:0,diamond_heterogeneous,5bc647d57e1fe781,246,m10-intent,L2,iterative_analytical,0,10,10,0.6,0.09,0.02,,True,r1 -> bad -> r3,2,True,,,,0.6863749999999998,0,0.000438,VIOLATED,False,5,0.7695,0.7695,0.08312500000000012,3.131237,False,,1882,5,0,0,0,0,0.10013775001,b67bdb5db0c54a8d3b950a9b9bd7d34862f9177f0b8b3122fcc6c21f49ca0fb4,False,,,,False,,3eada4d39cc676240b3278de813f19477e0b0eb8,1f2680a5b9065e708a7497adc53a95b108029b98,3.13.14,2.5.1,"{""pydantic"": ""2.13.4"", ""yaml"": ""6.0.3"", ""networkx"": ""3.6.1"", ""numpy"": ""2.5.1"", ""scipy"": ""1.18.0"", ""matplotlib"": ""3.11.0"", ""pandas"": ""3.0.3"", ""qutip"": ""5.3.0"", ""stim"": ""1.16.0"", ""gmpy2"": ""2.3.1"", ""nbformat"": ""5.10.4"", ""nbclient"": ""0.11.0""}",Windows,11,Gercom,2026-07-21T12:18:39.539135+00:00
P12_boundary_variability,P12_boundary_variability:diamond_heterogeneous:5bc647d57e1fe781:L2:247:m10-intent:0,diamond_heterogeneous,5bc647d57e1fe781,247,m10-intent,L2,iterative_analytical,0,10,10,0.6,0.09,0.02,,True,r1 -> bad -> r3,2,True,,,,0.6863749999999998,0,0.000449,VIOLATED,False,6,0.7695,0.7695,0.08312500000000012,3.78528,False,,1772,6,0,0,0,0,0.10017510001,bc06e12eb77f3414a6fa51461242c75e9818bfb09b3e48854b66912adb8ef27e,False,,,,False,,3eada4d39cc676240b3278de813f19477e0b0eb8,1f2680a5b9065e708a7497adc53a95b108029b98,3.13.14,2.5.1,"{""pydantic"": ""2.13.4"", ""yaml"": ""6.0.3"", ""networkx"": ""3.6.1"", ""numpy"": ""2.5.1"", ""scipy"": ""1.18.0"", ""matplotlib"": ""3.11.0"", ""pandas"": ""3.0.3"", ""qutip"": ""5.3.0"", ""stim"": ""1.16.0"", ""gmpy2"": ""2.3.1"", ""nbformat"": ""5.10.4"", ""nbclient"": ""0.11.0""}",Windows,11,Gercom,2026-07-21T12:18:46.626682+00:00
P12_boundary_variability,P12_boundary_variability:diamond_heterogeneous:5bc647d57e1fe781:L2:248:m10-intent:0,diamond_heterogeneous,5bc647d57e1fe781,248,m10-intent,L2,iterative_analytical,0,10,10,0.6,0.09,0.02,,True,r1 -> bad -> r3,2,True,,,,0.6863749999999998,0,0.000461,VIOLATED,False,6,0.7695,0.7695,0.08312500000000012,3.944829,False,,1867,6,0,0,0,0,0.10018293751,854ffdbfec5e4a90d577957be257a62685b4ebeb333f07df12d3de647194f91f,False,,,,False,,3eada4d39cc676240b3278de813f19477e0b0eb8,1f2680a5b9065e708a7497adc53a95b108029b98,3.13.14,2.5.1,"{""pydantic"": ""2.13.4"", ""yaml"": ""6.0.3"", ""networkx"": ""3.6.1"", ""numpy"": ""2.5.1"", ""scipy"": ""1.18.0"", ""matplotlib"": ""3.11.0"", ""pandas"": ""3.0.3"", ""qutip"": ""5.3.0"", ""stim"": ""1.16.0"", ""gmpy2"": ""2.3.1"", ""nbformat"": ""5.10.4"", ""nbclient"": ""0.11.0""}",Windows,11,Gercom,2026-07-21T12:18:53.878495+00:00
P12_boundary_variability,P12_boundary_variability:diamond_heterogeneous:5bc647d57e1fe781:L2:249:m10-intent:0,diamond_heterogeneous,5bc647d57e1fe781,249,m10-intent,L2,iterative_analytical,0,10,10,0.6,0.09,0.02,,True,r1 -> bad -> r3,2,True,,,,0.6863749999999998,0,0.000412,VIOLATED,False,5,0.7695,0.7695,0.08312500000000012,3.347177,False,,1873,7,0,0,0,0,0.10017007501,65d546c412043f92fc6b1daa102aa5d03af1430c08bf27cd0ed100472ebc7c25,False,,,,False,,3eada4d39cc676240b3278de813f19477e0b0eb8,1f2680a5b9065e708a7497adc53a95b108029b98,3.13.14,2.5.1,"{""pydantic"": ""2.13.4"", ""yaml"": ""6.0.3"", ""networkx"": ""3.6.1"", ""numpy"": ""2.5.1"", ""scipy"": ""1.18.0"", ""matplotlib"": ""3.11.0"", ""pandas"": ""3.0.3"", ""qutip"": ""5.3.0"", ""stim"": ""1.16.0"", ""gmpy2"": ""2.3.1"", ""nbformat"": ""5.10.4"", ""nbclient"": ""0.11.0""}",Windows,11,Gercom,2026-07-21T12:19:00.313628+00:00
P12_boundary_variability,P12_boundary_variability:diamond_heterogeneous:5bc647d57e1fe781:L2:250:m10-intent:0,diamond_heterogeneous,5bc647d57e1fe781,250,m10-intent,L2,iterative_analytical,0,10,10,0.6,0.09,0.02,,True,r1 -> bad -> r3,2,True,,,,0.6863749999999998,0,0.000432,VIOLATED,False,8,0.7695,0.7695,0.08312500000000012,3.661895,False,,1835,9,0,0,0,0,0.10018516251,292117d877dce24fe4bf83d125743999b7509c62e61ef248f518e316478f78e8,False,,,,False,,3eada4d39cc676240b3278de813f19477e0b0eb8,1f2680a5b9065e708a7497adc53a95b108029b98,3.13.14,2.5.1,"{""pydantic"": ""2.13.4"", ""yaml"": ""6.0.3"", ""networkx"": ""3.6.1"", ""numpy"": ""2.5.1"", ""scipy"": ""1.18.0"", ""matplotlib"": ""3.11.0"", ""pandas"": ""3.0.3"", ""qutip"": ""5.3.0"", ""stim"": ""1.16.0"", ""gmpy2"": ""2.3.1"", ""nbformat"": ""5.10.4"", ""nbclient"": ""0.11.0""}",Windows,11,Gercom,2026-07-21T12:19:07.229156+00:00
P12_boundary_variability,P12_boundary_variability:diamond_heterogeneous:5bc647d57e1fe781:L2:251:m10-intent:0,diamond_heterogeneous,5bc647d57e1fe781,251,m10-intent,L2,iterative_analytical,0,10,10,0.6,0.09,0.02,,True,r1 -> bad -> r3,2,True,,,,0.6863749999999998,0,0.000433,VIOLATED,False,9,0.7695,0.7695,0.08312500000000012,3.556181,False,,1822,10,0,0,0,0,0.10019578751,dfbb10a49eb107128f61d55c304f31dea65fc696a3ab6cc03ee78b6fde3de420,False,,,,False,,3eada4d39cc676240b3278de813f19477e0b0eb8,1f2680a5b9065e708a7497adc53a95b108029b98,3.13.14,2.5.1,"{""pydantic"": ""2.13.4"", ""yaml"": ""6.0.3"", ""networkx"": ""3.6.1"", ""numpy"": ""2.5.1"", ""scipy"": ""1.18.0"", ""matplotlib"": ""3.11.0"", ""pandas"": ""3.0.3"", ""qutip"": ""5.3.0"", ""stim"": ""1.16.0"", ""gmpy2"": ""2.3.1"", ""nbformat"": ""5.10.4"", ""nbclient"": ""0.11.0""}",Windows,11,Gercom,2026-07-21T12:19:13.926602+00:00
P12_boundary_variability,P12_boundary_variability:diamond_heterogeneous:5bc647d57e1fe781:L2:252:m10-intent:0,diamond_heterogeneous,5bc647d57e1fe781,252,m10-intent,L2,iterative_analytical,0,10,10,0.6,0.09,0.02,,True,r1 -> bad -> r3,2,True,,,,0.6863749999999998,0,0.000419,VIOLATED,False,9,0.7695,0.7695,0.08312500000000012,2.753764,False,,1875,10,0,0,0,0,0.10017512501,3a419a1fb5c32b809ef4c40e8301416d322966e43f8d898b33c711891ad79cd5,False,,,,False,,3eada4d39cc676240b3278de813f19477e0b0eb8,1f2680a5b9065e708a7497adc53a95b108029b98,3.13.14,2.5.1,"{""pydantic"": ""2.13.4"", ""yaml"": ""6.0.3"", ""networkx"": ""3.6.1"", ""numpy"": ""2.5.1"", ""scipy"": ""1.18.0"", ""matplotlib"": ""3.11.0"", ""pandas"": ""3.0.3"", ""qutip"": ""5.3.0"", ""stim"": ""1.16.0"", ""gmpy2"": ""2.3.1"", ""nbformat"": ""5.10.4"", ""nbclient"": ""0.11.0""}",Windows,11,Gercom,2026-07-21T12:19:19.786302+00:00
P12_boundary_variability,P12_boundary_variability:diamond_heterogeneous:5bc647d57e1fe781:L2:253:m10-intent:0,diamond_heterogeneous,5bc647d57e1fe781,253,m10-intent,L2,iterative_analytical,0,10,10,0.6,0.09,0.02,,True,r1 -> bad -> r3,2,True,,,,0.6863749999999998,0,0.000441,VIOLATED,False,6,0.7695,0.7695,0.08312500000000012,3.754228,False,,1850,6,0,0,0,0,0.10018521251,25bf2120768450a4b341b3a1c96dd6ce83d86c2580a839eb92eeb4cdc576d70a,False,,,,False,,3eada4d39cc676240b3278de813f19477e0b0eb8,1f2680a5b9065e708a7497adc53a95b108029b98,3.13.14,2.5.1,"{""pydantic"": ""2.13.4"", ""yaml"": ""6.0.3"", ""networkx"": ""3.6.1"", ""numpy"": ""2.5.1"", ""scipy"": ""1.18.0"", ""matplotlib"": ""3.11.0"", ""pandas"": ""3.0.3"", ""qutip"": ""5.3.0"", ""stim"": ""1.16.0"", ""gmpy2"": ""2.3.1"", ""nbformat"": ""5.10.4"", ""nbclient"": ""0.11.0""}",Windows,11,Gercom,2026-07-21T12:19:26.911135+00:00
P12_boundary_variability,P12_boundary_variability:diamond_heterogeneous:5bc647d57e1fe781:L2:254:m10-intent:0,diamond_heterogeneous,5bc647d57e1fe781,254,m10-intent,L2,iterative_analytical,0,10,10,0.6,0.09,0.02,,True,r1 -> bad -> r3,2,True,,,,0.6863749999999998,0,0.00043,SATISFIED,True,12,0.7695,0.7695,0.08312500000000012,3.259509,False,,1865,12,0,0,0,0,0.10019807501,2af189b247aeebf3352d35a336cbaabe67e24121027ad5f267d63df7286a581e,False,,,,False,,3eada4d39cc676240b3278de813f19477e0b0eb8,1f2680a5b9065e708a7497adc53a95b108029b98,3.13.14,2.5.1,"{""pydantic"": ""2.13.4"", ""yaml"": ""6.0.3"", ""networkx"": ""3.6.1"", ""numpy"": ""2.5.1"", ""scipy"": ""1.18.0"", ""matplotlib"": ""3.11.0"", ""pandas"": ""3.0.3"", ""qutip"": ""5.3.0"", ""stim"": ""1.16.0"", ""gmpy2"": ""2.3.1"", ""nbformat"": ""5.10.4"", ""nbclient"": ""0.11.0""}",Windows,11,Gercom,2026-07-21T12:19:33.367107+00:00
P12_boundary_variability,P12_boundary_variability:diamond_heterogeneous:5bc647d57e1fe781:L2:255:m10-intent:0,diamond_heterogeneous,5bc647d57e1fe781,255,m10-intent,L2,iterative_analytical,0,10,10,0.6,0.09,0.02,,True,r1 -> bad -> r3,2,True,,,,0.6863749999999998,0,0.000411,VIOLATED,False,6,0.7695,0.7695,0.08312500000000012,4.299581,False,,1767,7,0,0,0,0,0.10017017501,c91efdcbe853881d185916b08d51e01091f27823875f7e3a84266005290e54bb,False,,,,False,,3eada4d39cc676240b3278de813f19477e0b0eb8,1f2680a5b9065e708a7497adc53a95b108029b98,3.13.14,2.5.1,"{""pydantic"": ""2.13.4"", ""yaml"": ""6.0.3"", ""networkx"": ""3.6.1"", ""numpy"": ""2.5.1"", ""scipy"": ""1.18.0"", ""matplotlib"": ""3.11.0"", ""pandas"": ""3.0.3"", ""qutip"": ""5.3.0"", ""stim"": ""1.16.0"", ""gmpy2"": ""2.3.1"", ""nbformat"": ""5.10.4"", ""nbclient"": ""0.11.0""}",Windows,11,Gercom,2026-07-21T12:19:41.665748+00:00
P12_boundary_variability,P12_boundary_variability:diamond_heterogeneous:5bc647d57e1fe781:L2:256:m10-intent:0,diamond_heterogeneous,5bc647d57e1fe781,256,m10-intent,L2,iterative_analytical,0,10,10,0.6,0.09,0.02,,True,r1 -> bad -> r3,2,True,,,,0.6863749999999998,0,0.000431,VIOLATED,False,4,0.7695,0.7695,0.08312500000000012,3.72205,False,,1825,4,0,0,0,0,0.10016060001,21e03353fc6b0f158feb7f291037ef1fef1e3a0077e6af52282cc1bd4663b24c,False,,,,False,,3eada4d39cc676240b3278de813f19477e0b0eb8,1f2680a5b9065e708a7497adc53a95b108029b98,3.13.14,2.5.1,"{""pydantic"": ""2.13.4"", ""yaml"": ""6.0.3"", ""networkx"": ""3.6.1"", ""numpy"": ""2.5.1"", ""scipy"": ""1.18.0"", ""matplotlib"": ""3.11.0"", ""pandas"": ""3.0.3"", ""qutip"": ""5.3.0"", ""stim"": ""1.16.0"", ""gmpy2"": ""2.3.1"", ""nbformat"": ""5.10.4"", ""nbclient"": ""0.11.0""}",Windows,11,Gercom,2026-07-21T12:19:48.749250+00:00
P12_boundary_variability,P12_boundary_variability:diamond_heterogeneous:5bc647d57e1fe781:L2:257:m10-intent:0,diamond_heterogeneous,5bc647d57e1fe781,257,m10-intent,L2,iterative_analytical,0,10,10,0.6,0.09,0.02,,True,r1 -> bad -> r3,2,True,,,,0.6863749999999998,0,0.000446,VIOLATED,False,9,0.7695,0.7695,0.08312500000000012,4.249076,False,,1777,10,0,0,0,0,0.10019297501,c6803168ad0196122475367b6e150724c9573d46b0926ff9759ccf1364cfd00d,False,,,,False,,3eada4d39cc676240b3278de813f19477e0b0eb8,1f2680a5b9065e708a7497adc53a95b108029b98,3.13.14,2.5.1,"{""pydantic"": ""2.13.4"", ""yaml"": ""6.0.3"", ""networkx"": ""3.6.1"", ""numpy"": ""2.5.1"", ""scipy"": ""1.18.0"", ""matplotlib"": ""3.11.0"", ""pandas"": ""3.0.3"", ""qutip"": ""5.3.0"", ""stim"": ""1.16.0"", ""gmpy2"": ""2.3.1"", ""nbformat"": ""5.10.4"", ""nbclient"": ""0.11.0""}",Windows,11,Gercom,2026-07-21T12:19:56.243336+00:00
P12_boundary_variability,P12_boundary_variability:diamond_heterogeneous:5bc647d57e1fe781:L2:258:m10-intent:0,diamond_heterogeneous,5bc647d57e1fe781,258,m10-intent,L2,iterative_analytical,0,10,10,0.6,0.09,0.02,,True,r1 -> bad -> r3,2,True,,,,0.6863749999999998,0,0.00042,VIOLATED,False,5,0.7695,0.7695,0.08312500000000012,3.009156,False,,1220,11,0,0,0,0,0.10016508751,ddc253b06528d80b9521e7c3ed5daa2c064ea1869b352df977481e673b539787,False,,,,False,,3eada4d39cc676240b3278de813f19477e0b0eb8,1f2680a5b9065e708a7497adc53a95b108029b98,3.13.14,2.5.1,"{""pydantic"": ""2.13.4"", ""yaml"": ""6.0.3"", ""networkx"": ""3.6.1"", ""numpy"": ""2.5.1"", ""scipy"": ""1.18.0"", ""matplotlib"": ""3.11.0"", ""pandas"": ""3.0.3"", ""qutip"": ""5.3.0"", ""stim"": ""1.16.0"", ""gmpy2"": ""2.3.1"", ""nbformat"": ""5.10.4"", ""nbclient"": ""0.11.0""}",Windows,11,Gercom,2026-07-21T12:20:02.455870+00:00
P12_boundary_variability,P12_boundary_variability:diamond_heterogeneous:5bc647d57e1fe781:L2:259:m10-intent:0,diamond_heterogeneous,5bc647d57e1fe781,259,m10-intent,L2,iterative_analytical,0,10,10,0.6,0.09,0.02,,True,r1 -> bad -> r3,2,True,,,,0.6863749999999998,0,0.000406,VIOLATED,False,4,0.7695,0.7695,0.08312500000000012,3.351952,False,,1701,4,0,0,0,0,0.10019078751,d72ee4c3a352751cbfdb320c8e6a8647f9002d56e02638ead73e0db4bacd06ac,False,,,,False,,3eada4d39cc676240b3278de813f19477e0b0eb8,1f2680a5b9065e708a7497adc53a95b108029b98,3.13.14,2.5.1,"{""pydantic"": ""2.13.4"", ""yaml"": ""6.0.3"", ""networkx"": ""3.6.1"", ""numpy"": ""2.5.1"", ""scipy"": ""1.18.0"", ""matplotlib"": ""3.11.0"", ""pandas"": ""3.0.3"", ""qutip"": ""5.3.0"", ""stim"": ""1.16.0"", ""gmpy2"": ""2.3.1"", ""nbformat"": ""5.10.4"", ""nbclient"": ""0.11.0""}",Windows,11,Gercom,2026-07-21T12:20:08.972865+00:00
P12_boundary_variability,P12_boundary_variability:diamond_heterogeneous:5bc647d57e1fe781:L2:260:m10-intent:0,diamond_heterogeneous,5bc647d57e1fe781,260,m10-intent,L2,iterative_analytical,0,10,10,0.6,0.09,0.02,,True,r1 -> bad -> r3,2,True,,,,0.6863749999999998,0,0.000449,VIOLATED,False,8,0.7695,0.7695,0.08312500000000012,3.74446,False,,1847,11,0,0,0,0,0.10017511251,3a8275183beb801cf53ecf47223d39cba899deb8c366be2d474fdda71d3cd5b3,False,,,,False,,3eada4d39cc676240b3278de813f19477e0b0eb8,1f2680a5b9065e708a7497adc53a95b108029b98,3.13.14,2.5.1,"{""pydantic"": ""2.13.4"", ""yaml"": ""6.0.3"", ""networkx"": ""3.6.1"", ""numpy"": ""2.5.1"", ""scipy"": ""1.18.0"", ""matplotlib"": ""3.11.0"", ""pandas"": ""3.0.3"", ""qutip"": ""5.3.0"", ""stim"": ""1.16.0"", ""gmpy2"": ""2.3.1"", ""nbformat"": ""5.10.4"", ""nbclient"": ""0.11.0""}",Windows,11,Gercom,2026-07-21T12:20:16.004823+00:00
P12_boundary_variability,P12_boundary_variability:diamond_heterogeneous:5bc647d57e1fe781:L2:261:m10-intent:0,diamond_heterogeneous,5bc647d57e1fe781,261,m10-intent,L2,iterative_analytical,0,10,10,0.6,0.09,0.02,,True,r1 -> bad -> r3,2,True,,,,0.6863749999999998,0,0.000402,VIOLATED,False,7,0.7695,0.7695,0.08312500000000012,3.145619,False,,1850,7,0,0,0,0,0.10017787501,0d1f404aceb665c99295e0ecee0c4b3a5ecd9d7a8cc3849b64d3db806b3b3146,False,,,,False,,3eada4d39cc676240b3278de813f19477e0b0eb8,1f2680a5b9065e708a7497adc53a95b108029b98,3.13.14,2.5.1,"{""pydantic"": ""2.13.4"", ""yaml"": ""6.0.3"", ""networkx"": ""3.6.1"", ""numpy"": ""2.5.1"", ""scipy"": ""1.18.0"", ""matplotlib"": ""3.11.0"", ""pandas"": ""3.0.3"", ""qutip"": ""5.3.0"", ""stim"": ""1.16.0"", ""gmpy2"": ""2.3.1"", ""nbformat"": ""5.10.4"", ""nbclient"": ""0.11.0""}",Windows,11,Gercom,2026-07-21T12:20:22.270656+00:00
P12_boundary_variability,P12_boundary_variability:diamond_heterogeneous:5bc647d57e1fe781:L2:262:m10-intent:0,diamond_heterogeneous,5bc647d57e1fe781,262,m10-intent,L2,iterative_analytical,0,10,10,0.6,0.09,0.02,,True,r1 -> bad -> r3,2,True,,,,0.6863749999999998,0,0.000439,VIOLATED,False,4,0.7695,0.7695,0.08312500000000012,3.732143,False,,1901,4,0,0,0,0,0.10017016251,b347b13336e5091fcfcb973e7d685b5fbb1ebcc409bba542813f554209cd9f16,False,,,,False,,3eada4d39cc676240b3278de813f19477e0b0eb8,1f2680a5b9065e708a7497adc53a95b108029b98,3.13.14,2.5.1,"{""pydantic"": ""2.13.4"", ""yaml"": ""6.0.3"", ""networkx"": ""3.6.1"", ""numpy"": ""2.5.1"", ""scipy"": ""1.18.0"", ""matplotlib"": ""3.11.0"", ""pandas"": ""3.0.3"", ""qutip"": ""5.3.0"", ""stim"": ""1.16.0"", ""gmpy2"": ""2.3.1"", ""nbformat"": ""5.10.4"", ""nbclient"": ""0.11.0""}",Windows,11,Gercom,2026-07-21T12:20:29.607641+00:00
P12_boundary_variability,P12_boundary_variability:diamond_heterogeneous:5bc647d57e1fe781:L2:263:m10-intent:0,diamond_heterogeneous,5bc647d57e1fe781,263,m10-intent,L2,iterative_analytical,0,10,10,0.6,0.09,0.02,,True,r1 -> bad -> r3,2,True,,,,0.6863749999999998,0,0.000451,VIOLATED,False,7,0.7695,0.7695,0.08312500000000012,3.280937,False,,1885,7,0,0,0,0,0.10017057501,f74d254c25aefd375c8f93a817c1b24eb52e4a1d4db4ce7b43060a61c64f01db,False,,,,False,,3eada4d39cc676240b3278de813f19477e0b0eb8,1f2680a5b9065e708a7497adc53a95b108029b98,3.13.14,2.5.1,"{""pydantic"": ""2.13.4"", ""yaml"": ""6.0.3"", ""networkx"": ""3.6.1"", ""numpy"": ""2.5.1"", ""scipy"": ""1.18.0"", ""matplotlib"": ""3.11.0"", ""pandas"": ""3.0.3"", ""qutip"": ""5.3.0"", ""stim"": ""1.16.0"", ""gmpy2"": ""2.3.1"", ""nbformat"": ""5.10.4"", ""nbclient"": ""0.11.0""}",Windows,11,Gercom,2026-07-21T12:20:36.108311+00:00
P12_boundary_variability,P12_boundary_variability:diamond_heterogeneous:5bc647d57e1fe781:L2:264:m10-intent:0,diamond_heterogeneous,5bc647d57e1fe781,264,m10-intent,L2,iterative_analytical,0,10,10,0.6,0.09,0.02,,True,r1 -> bad -> r3,2,True,,,,0.6863749999999998,0,0.000423,VIOLATED,False,4,0.7695,0.7695,0.08312500000000012,3.230893,False,,1810,5,0,0,0,0,0.10017017501,5d6f3d9eccf8cbfa0167c0bd4fe01cb21d640fd4e8a72dc468f5ea463f66dc09,False,,,,False,,3eada4d39cc676240b3278de813f19477e0b0eb8,1f2680a5b9065e708a7497adc53a95b108029b98,3.13.14,2.5.1,"{""pydantic"": ""2.13.4"", ""yaml"": ""6.0.3"", ""networkx"": ""3.6.1"", ""numpy"": ""2.5.1"", ""scipy"": ""1.18.0"", ""matplotlib"": ""3.11.0"", ""pandas"": ""3.0.3"", ""qutip"": ""5.3.0"", ""stim"": ""1.16.0"", ""gmpy2"": ""2.3.1"", ""nbformat"": ""5.10.4"", ""nbclient"": ""0.11.0""}",Windows,11,Gercom,2026-07-21T12:20:42.444814+00:00
P12_boundary_variability,P12_boundary_variability:diamond_heterogeneous:5bc647d57e1fe781:L2:265:m10-intent:0,diamond_heterogeneous,5bc647d57e1fe781,265,m10-intent,L2,iterative_analytical,0,10,10,0.6,0.09,0.02,,True,r1 -> bad -> r3,2,True,,,,0.6863749999999998,0,0.000435,VIOLATED,False,5,0.7695,0.7695,0.08312500000000012,3.145667,False,,1512,8,0,0,0,0,0.10018797501,d9ea9dfd2c561b52ec9e2f7787c75b67ea2bb4aaace7ac912b778397f6409903,False,,,,False,,3eada4d39cc676240b3278de813f19477e0b0eb8,1f2680a5b9065e708a7497adc53a95b108029b98,3.13.14,2.5.1,"{""pydantic"": ""2.13.4"", ""yaml"": ""6.0.3"", ""networkx"": ""3.6.1"", ""numpy"": ""2.5.1"", ""scipy"": ""1.18.0"", ""matplotlib"": ""3.11.0"", ""pandas"": ""3.0.3"", ""qutip"": ""5.3.0"", ""stim"": ""1.16.0"", ""gmpy2"": ""2.3.1"", ""nbformat"": ""5.10.4"", ""nbclient"": ""0.11.0""}",Windows,11,Gercom,2026-07-21T12:20:48.633997+00:00
P12_boundary_variability,P12_boundary_variability:diamond_heterogeneous:5bc647d57e1fe781:L2:266:m10-intent:0,diamond_heterogeneous,5bc647d57e1fe781,266,m10-intent,L2,iterative_analytical,0,10,10,0.6,0.09,0.02,,True,r1 -> bad -> r3,2,True,,,,0.6863749999999998,0,0.000452,VIOLATED,False,7,0.7695,0.7695,0.08312500000000012,3.991509,False,,1822,8,0,0,0,0,0.10019571251,f6085ef03812cc6e904435b9873300082b02eaf123f37fbc72b379a5aa8c4be7,False,,,,False,,3eada4d39cc676240b3278de813f19477e0b0eb8,1f2680a5b9065e708a7497adc53a95b108029b98,3.13.14,2.5.1,"{""pydantic"": ""2.13.4"", ""yaml"": ""6.0.3"", ""networkx"": ""3.6.1"", ""numpy"": ""2.5.1"", ""scipy"": ""1.18.0"", ""matplotlib"": ""3.11.0"", ""pandas"": ""3.0.3"", ""qutip"": ""5.3.0"", ""stim"": ""1.16.0"", ""gmpy2"": ""2.3.1"", ""nbformat"": ""5.10.4"", ""nbclient"": ""0.11.0""}",Windows,11,Gercom,2026-07-21T12:20:55.869405+00:00
P12_boundary_variability,P12_boundary_variability:diamond_heterogeneous:5bc647d57e1fe781:L2:267:m10-intent:0,diamond_heterogeneous,5bc647d57e1fe781,267,m10-intent,L2,iterative_analytical,0,10,10,0.6,0.09,0.02,,True,r1 -> bad -> r3,2,True,,,,0.6863749999999998,0,0.000425,VIOLATED,False,8,0.7695,0.7695,0.08312500000000012,2.886597,False,,1876,8,0,0,0,0,0.10018295001,a14b586d24f08ef4f5c727c70258b4437180f03cced3e7db394d80fb1386c9c7,False,,,,False,,3eada4d39cc676240b3278de813f19477e0b0eb8,1f2680a5b9065e708a7497adc53a95b108029b98,3.13.14,2.5.1,"{""pydantic"": ""2.13.4"", ""yaml"": ""6.0.3"", ""networkx"": ""3.6.1"", ""numpy"": ""2.5.1"", ""scipy"": ""1.18.0"", ""matplotlib"": ""3.11.0"", ""pandas"": ""3.0.3"", ""qutip"": ""5.3.0"", ""stim"": ""1.16.0"", ""gmpy2"": ""2.3.1"", ""nbformat"": ""5.10.4"", ""nbclient"": ""0.11.0""}",Windows,11,Gercom,2026-07-21T12:21:01.832949+00:00
P12_boundary_variability,P12_boundary_variability:diamond_heterogeneous:5bc647d57e1fe781:L2:268:m10-intent:0,diamond_heterogeneous,5bc647d57e1fe781,268,m10-intent,L2,iterative_analytical,0,10,10,0.6,0.09,0.02,,True,r1 -> bad -> r3,2,True,,,,0.6863749999999998,0,0.000402,SATISFIED,True,10,0.7695,0.7695,0.08312500000000012,3.746484,False,,1797,10,0,0,0,0,0.10019068751,355f38c3d5c86faa64eb356b09a4c7407a51cf3693de4fbc170b1736ffd4a612,False,,,,False,,3eada4d39cc676240b3278de813f19477e0b0eb8,1f2680a5b9065e708a7497adc53a95b108029b98,3.13.14,2.5.1,"{""pydantic"": ""2.13.4"", ""yaml"": ""6.0.3"", ""networkx"": ""3.6.1"", ""numpy"": ""2.5.1"", ""scipy"": ""1.18.0"", ""matplotlib"": ""3.11.0"", ""pandas"": ""3.0.3"", ""qutip"": ""5.3.0"", ""stim"": ""1.16.0"", ""gmpy2"": ""2.3.1"", ""nbformat"": ""5.10.4"", ""nbclient"": ""0.11.0""}",Windows,11,Gercom,2026-07-21T12:21:08.881538+00:00
P12_boundary_variability,P12_boundary_variability:diamond_heterogeneous:5bc647d57e1fe781:L2:269:m10-intent:0,diamond_heterogeneous,5bc647d57e1fe781,269,m10-intent,L2,iterative_analytical,0,10,10,0.6,0.09,0.02,,True,r1 -> bad -> r3,2,True,,,,0.6863749999999998,0,0.000404,VIOLATED,False,9,0.7695,0.7695,0.08312500000000012,3.342203,False,,1887,9,0,0,0,0,0.10018296251,aa78e9928085943bac3dbd741c73de1e243795e33efa3ffa0dddfacec5980f15,False,,,,False,,3eada4d39cc676240b3278de813f19477e0b0eb8,1f2680a5b9065e708a7497adc53a95b108029b98,3.13.14,2.5.1,"{""pydantic"": ""2.13.4"", ""yaml"": ""6.0.3"", ""networkx"": ""3.6.1"", ""numpy"": ""2.5.1"", ""scipy"": ""1.18.0"", ""matplotlib"": ""3.11.0"", ""pandas"": ""3.0.3"", ""qutip"": ""5.3.0"", ""stim"": ""1.16.0"", ""gmpy2"": ""2.3.1"", ""nbformat"": ""5.10.4"", ""nbclient"": ""0.11.0""}",Windows,11,Gercom,2026-07-21T12:21:15.384659+00:00
P12_boundary_variability,P12_boundary_variability:diamond_heterogeneous:5bc647d57e1fe781:L2:270:m10-intent:0,diamond_heterogeneous,5bc647d57e1fe781,270,m10-intent,L2,iterative_analytical,0,10,10,0.6,0.09,0.02,,True,r1 -> bad -> r3,2,True,,,,0.6863749999999998,0,0.000441,VIOLATED,False,3,0.7695,0.7695,0.08312500000000012,3.219932,False,,1889,3,0,0,0,0,0.10016515001,c80358d37dc3c79e1fb96efdf042b750cea51795c7a081d1f77e33c45d0cd65f,False,,,,False,,3eada4d39cc676240b3278de813f19477e0b0eb8,1f2680a5b9065e708a7497adc53a95b108029b98,3.13.14,2.5.1,"{""pydantic"": ""2.13.4"", ""yaml"": ""6.0.3"", ""networkx"": ""3.6.1"", ""numpy"": ""2.5.1"", ""scipy"": ""1.18.0"", ""matplotlib"": ""3.11.0"", ""pandas"": ""3.0.3"", ""qutip"": ""5.3.0"", ""stim"": ""1.16.0"", ""gmpy2"": ""2.3.1"", ""nbformat"": ""5.10.4"", ""nbclient"": ""0.11.0""}",Windows,11,Gercom,2026-07-21T12:21:21.880183+00:00
P12_boundary_variability,P12_boundary_variability:diamond_heterogeneous:5bc647d57e1fe781:L2:271:m10-intent:0,diamond_heterogeneous,5bc647d57e1fe781,271,m10-intent,L2,iterative_analytical,0,10,10,0.6,0.09,0.02,,True,r1 -> bad -> r3,2,True,,,,0.6863749999999998,0,0.000418,VIOLATED,False,7,0.7695,0.7695,0.08312500000000012,4.036681,False,,1895,7,0,0,0,0,0.10016506251,2affb47640125fad6fa1e714b25faec0b347368439f5d3acb908559b35f9af55,False,,,,False,,3eada4d39cc676240b3278de813f19477e0b0eb8,1f2680a5b9065e708a7497adc53a95b108029b98,3.13.14,2.5.1,"{""pydantic"": ""2.13.4"", ""yaml"": ""6.0.3"", ""networkx"": ""3.6.1"", ""numpy"": ""2.5.1"", ""scipy"": ""1.18.0"", ""matplotlib"": ""3.11.0"", ""pandas"": ""3.0.3"", ""qutip"": ""5.3.0"", ""stim"": ""1.16.0"", ""gmpy2"": ""2.3.1"", ""nbformat"": ""5.10.4"", ""nbclient"": ""0.11.0""}",Windows,11,Gercom,2026-07-21T12:21:29.177851+00:00
P12_boundary_variability,P12_boundary_variability:diamond_heterogeneous:5bc647d57e1fe781:L2:272:m10-intent:0,diamond_heterogeneous,5bc647d57e1fe781,272,m10-intent,L2,iterative_analytical,0,10,10,0.6,0.09,0.02,,True,r1 -> bad -> r3,2,True,,,,0.6863749999999998,0,0.000403,VIOLATED,False,8,0.7695,0.7695,0.08312500000000012,3.303428,False,,1510,14,0,0,0,0,0.10019581251,70a89937ac7f90b315111398d5215b9b03ec101e7fb612f42be7f61d1f626c0b,False,,,,False,,3eada4d39cc676240b3278de813f19477e0b0eb8,1f2680a5b9065e708a7497adc53a95b108029b98,3.13.14,2.5.1,"{""pydantic"": ""2.13.4"", ""yaml"": ""6.0.3"", ""networkx"": ""3.6.1"", ""numpy"": ""2.5.1"", ""scipy"": ""1.18.0"", ""matplotlib"": ""3.11.0"", ""pandas"": ""3.0.3"", ""qutip"": ""5.3.0"", ""stim"": ""1.16.0"", ""gmpy2"": ""2.3.1"", ""nbformat"": ""5.10.4"", ""nbclient"": ""0.11.0""}",Windows,11,Gercom,2026-07-21T12:21:35.659925+00:00
P12_boundary_variability,P12_boundary_variability:diamond_heterogeneous:5bc647d57e1fe781:L2:273:m10-intent:0,diamond_heterogeneous,5bc647d57e1fe781,273,m10-intent,L2,iterative_analytical,0,10,10,0.6,0.09,0.02,,True,r1 -> bad -> r3,2,True,,,,0.6863749999999998,0,0.000465,VIOLATED,False,6,0.7695,0.7695,0.08312500000000012,3.708317,False,,1882,6,0,0,0,0,0.10017013751,740c7b5f1153b39aecc264b396ce61914451a5b3e0f25b11a4b1d073ef2930ee,False,,,,False,,3eada4d39cc676240b3278de813f19477e0b0eb8,1f2680a5b9065e708a7497adc53a95b108029b98,3.13.14,2.5.1,"{""pydantic"": ""2.13.4"", ""yaml"": ""6.0.3"", ""networkx"": ""3.6.1"", ""numpy"": ""2.5.1"", ""scipy"": ""1.18.0"", ""matplotlib"": ""3.11.0"", ""pandas"": ""3.0.3"", ""qutip"": ""5.3.0"", ""stim"": ""1.16.0"", ""gmpy2"": ""2.3.1"", ""nbformat"": ""5.10.4"", ""nbclient"": ""0.11.0""}",Windows,11,Gercom,2026-07-21T12:21:42.565708+00:00
P12_boundary_variability,P12_boundary_variability:diamond_heterogeneous:5bc647d57e1fe781:L2:274:m10-intent:0,diamond_heterogeneous,5bc647d57e1fe781,274,m10-intent,L2,iterative_analytical,0,10,10,0.6,0.09,0.02,,True,r1 -> bad -> r3,2,True,,,,0.6863749999999998,0,0.00044,VIOLATED,False,5,0.7695,0.7695,0.08312500000000012,3.729298,False,,1889,5,0,0,0,0,0.10015832501,464d558052603942c0202e3c1d3b491857c5e652bc8add138f97b7bf52886aef,False,,,,False,,3eada4d39cc676240b3278de813f19477e0b0eb8,1f2680a5b9065e708a7497adc53a95b108029b98,3.13.14,2.5.1,"{""pydantic"": ""2.13.4"", ""yaml"": ""6.0.3"", ""networkx"": ""3.6.1"", ""numpy"": ""2.5.1"", ""scipy"": ""1.18.0"", ""matplotlib"": ""3.11.0"", ""pandas"": ""3.0.3"", ""qutip"": ""5.3.0"", ""stim"": ""1.16.0"", ""gmpy2"": ""2.3.1"", ""nbformat"": ""5.10.4"", ""nbclient"": ""0.11.0""}",Windows,11,Gercom,2026-07-21T12:21:49.663082+00:00
P12_boundary_variability,P12_boundary_variability:diamond_heterogeneous:5bc647d57e1fe781:L2:275:m10-intent:0,diamond_heterogeneous,5bc647d57e1fe781,275,m10-intent,L2,iterative_analytical,0,10,10,0.6,0.09,0.02,,True,r1 -> bad -> r3,2,True,,,,0.6863749999999998,0,0.000429,VIOLATED,False,8,0.7695,0.7695,0.08312500000000012,3.58568,False,,1833,8,0,0,0,0,0.10019530001,aa88a8ea5a8df47c1dc32768f766ae5b6fd6e233c68669e414ab03e1603f2bd1,False,,,,False,,3eada4d39cc676240b3278de813f19477e0b0eb8,1f2680a5b9065e708a7497adc53a95b108029b98,3.13.14,2.5.1,"{""pydantic"": ""2.13.4"", ""yaml"": ""6.0.3"", ""networkx"": ""3.6.1"", ""numpy"": ""2.5.1"", ""scipy"": ""1.18.0"", ""matplotlib"": ""3.11.0"", ""pandas"": ""3.0.3"", ""qutip"": ""5.3.0"", ""stim"": ""1.16.0"", ""gmpy2"": ""2.3.1"", ""nbformat"": ""5.10.4"", ""nbclient"": ""0.11.0""}",Windows,11,Gercom,2026-07-21T12:21:56.488068+00:00
P12_boundary_variability,P12_boundary_variability:diamond_heterogeneous:5bc647d57e1fe781:L2:276:m10-intent:0,diamond_heterogeneous,5bc647d57e1fe781,276,m10-intent,L2,iterative_analytical,0,10,10,0.6,0.09,0.02,,True,r1 -> bad -> r3,2,True,,,,0.6863749999999998,0,0.00042,VIOLATED,False,6,0.7695,0.7695,0.08312500000000012,3.857302,False,,1754,6,0,0,0,0,0.10017008751,b5fc0cad04ab7312388e8567ba20e25f8fa72ee1b234475886d182e699a64fcc,False,,,,False,,3eada4d39cc676240b3278de813f19477e0b0eb8,1f2680a5b9065e708a7497adc53a95b108029b98,3.13.14,2.5.1,"{""pydantic"": ""2.13.4"", ""yaml"": ""6.0.3"", ""networkx"": ""3.6.1"", ""numpy"": ""2.5.1"", ""scipy"": ""1.18.0"", ""matplotlib"": ""3.11.0"", ""pandas"": ""3.0.3"", ""qutip"": ""5.3.0"", ""stim"": ""1.16.0"", ""gmpy2"": ""2.3.1"", ""nbformat"": ""5.10.4"", ""nbclient"": ""0.11.0""}",Windows,11,Gercom,2026-07-21T12:22:03.503107+00:00
P12_boundary_variability,P12_boundary_variability:diamond_heterogeneous:5bc647d57e1fe781:L2:277:m10-intent:0,diamond_heterogeneous,5bc647d57e1fe781,277,m10-intent,L2,iterative_analytical,0,10,10,0.6,0.09,0.02,,True,r1 -> bad -> r3,2,True,,,,0.6863749999999998,0,0.00046,VIOLATED,False,4,0.7695,0.7695,0.08312500000000012,3.747222,False,,1889,4,0,0,0,0,0.10015828751,6255baf067610918f68b79e9d8fb313d3db34dd8abe2ebaf372efa2939e0b18b,False,,,,False,,3eada4d39cc676240b3278de813f19477e0b0eb8,1f2680a5b9065e708a7497adc53a95b108029b98,3.13.14,2.5.1,"{""pydantic"": ""2.13.4"", ""yaml"": ""6.0.3"", ""networkx"": ""3.6.1"", ""numpy"": ""2.5.1"", ""scipy"": ""1.18.0"", ""matplotlib"": ""3.11.0"", ""pandas"": ""3.0.3"", ""qutip"": ""5.3.0"", ""stim"": ""1.16.0"", ""gmpy2"": ""2.3.1"", ""nbformat"": ""5.10.4"", ""nbclient"": ""0.11.0""}",Windows,11,Gercom,2026-07-21T12:22:10.799683+00:00
P12_boundary_variability,P12_boundary_variability:diamond_heterogeneous:5bc647d57e1fe781:L2:278:m10-intent:0,diamond_heterogeneous,5bc647d57e1fe781,278,m10-intent,L2,iterative_analytical,0,10,10,0.6,0.09,0.02,,True,r1 -> bad -> r3,2,True,,,,0.6863749999999998,0,0.000428,VIOLATED,False,6,0.7695,0.7695,0.08312500000000012,3.544862,False,,1588,6,0,0,0,0,0.10017015001,625df95ca16cdbb0a9df291c473b193f4675e5837e1451e534f6872a8a3b248d,False,,,,False,,3eada4d39cc676240b3278de813f19477e0b0eb8,1f2680a5b9065e708a7497adc53a95b108029b98,3.13.14,2.5.1,"{""pydantic"": ""2.13.4"", ""yaml"": ""6.0.3"", ""networkx"": ""3.6.1"", ""numpy"": ""2.5.1"", ""scipy"": ""1.18.0"", ""matplotlib"": ""3.11.0"", ""pandas"": ""3.0.3"", ""qutip"": ""5.3.0"", ""stim"": ""1.16.0"", ""gmpy2"": ""2.3.1"", ""nbformat"": ""5.10.4"", ""nbclient"": ""0.11.0""}",Windows,11,Gercom,2026-07-21T12:22:17.662192+00:00
P12_boundary_variability,P12_boundary_variability:diamond_heterogeneous:5bc647d57e1fe781:L2:279:m10-intent:0,diamond_heterogeneous,5bc647d57e1fe781,279,m10-intent,L2,iterative_analytical,0,10,10,0.6,0.09,0.02,,True,r1 -> bad -> r3,2,True,,,,0.6863749999999998,0,0.000453,VIOLATED,False,5,0.7695,0.7695,0.08312500000000012,3.069698,False,,1898,5,0,0,0,0,0.10017010001,614952c795f42e5cc870933a0d81faa7ab079f51b6b9398a25ade1f779e6eb20,False,,,,False,,3eada4d39cc676240b3278de813f19477e0b0eb8,1f2680a5b9065e708a7497adc53a95b108029b98,3.13.14,2.5.1,"{""pydantic"": ""2.13.4"", ""yaml"": ""6.0.3"", ""networkx"": ""3.6.1"", ""numpy"": ""2.5.1"", ""scipy"": ""1.18.0"", ""matplotlib"": ""3.11.0"", ""pandas"": ""3.0.3"", ""qutip"": ""5.3.0"", ""stim"": ""1.16.0"", ""gmpy2"": ""2.3.1"", ""nbformat"": ""5.10.4"", ""nbclient"": ""0.11.0""}",Windows,11,Gercom,2026-07-21T12:22:23.885605+00:00
P12_boundary_variability,P12_boundary_variability:diamond_heterogeneous:5bc647d57e1fe781:L2:280:m10-intent:0,diamond_heterogeneous,5bc647d57e1fe781,280,m10-intent,L2,iterative_analytical,0,10,10,0.6,0.09,0.02,,True,r1 -> bad -> r3,2,True,,,,0.6863749999999998,0,0.00041,VIOLATED,False,9,0.7695,0.7695,0.08312500000000012,3.297529,False,,1880,9,0,0,0,0,0.10018793751,55825c9b1998ec3482354d08e3ecdea28c712fe221a0b99be3f33cfaa4d02d8f,False,,,,False,,3eada4d39cc676240b3278de813f19477e0b0eb8,1f2680a5b9065e708a7497adc53a95b108029b98,3.13.14,2.5.1,"{""pydantic"": ""2.13.4"", ""yaml"": ""6.0.3"", ""networkx"": ""3.6.1"", ""numpy"": ""2.5.1"", ""scipy"": ""1.18.0"", ""matplotlib"": ""3.11.0"", ""pandas"": ""3.0.3"", ""qutip"": ""5.3.0"", ""stim"": ""1.16.0"", ""gmpy2"": ""2.3.1"", ""nbformat"": ""5.10.4"", ""nbclient"": ""0.11.0""}",Windows,11,Gercom,2026-07-21T12:22:30.349397+00:00
P12_boundary_variability,P12_boundary_variability:diamond_heterogeneous:5bc647d57e1fe781:L2:281:m10-intent:0,diamond_heterogeneous,5bc647d57e1fe781,281,m10-intent,L2,iterative_analytical,0,10,10,0.6,0.09,0.02,,True,r1 -> bad -> r3,2,True,,,,0.6863749999999998,0,0.000417,VIOLATED,False,3,0.7695,0.7695,0.08312500000000012,3.052004,False,,1888,3,0,0,0,0,0.10017007501,fdb0655f333c06a8f49cb9b56aa7ae76ad7da50dd6c008117e59e42869f01d9e,False,,,,False,,3eada4d39cc676240b3278de813f19477e0b0eb8,1f2680a5b9065e708a7497adc53a95b108029b98,3.13.14,2.5.1,"{""pydantic"": ""2.13.4"", ""yaml"": ""6.0.3"", ""networkx"": ""3.6.1"", ""numpy"": ""2.5.1"", ""scipy"": ""1.18.0"", ""matplotlib"": ""3.11.0"", ""pandas"": ""3.0.3"", ""qutip"": ""5.3.0"", ""stim"": ""1.16.0"", ""gmpy2"": ""2.3.1"", ""nbformat"": ""5.10.4"", ""nbclient"": ""0.11.0""}",Windows,11,Gercom,2026-07-21T12:22:36.518470+00:00
P12_boundary_variability,P12_boundary_variability:diamond_heterogeneous:5bc647d57e1fe781:L2:282:m10-intent:0,diamond_heterogeneous,5bc647d57e1fe781,282,m10-intent,L2,iterative_analytical,0,10,10,0.6,0.09,0.02,,True,r1 -> bad -> r3,2,True,,,,0.6863749999999998,0,0.000412,VIOLATED,False,6,0.7695,0.7695,0.08312500000000012,3.547388,False,,1589,11,0,0,0,0,0.10019796251,4ee62e94cd8da5050982fdc97857918e1e3e2026479fffccc53647cf0dc30f03,False,,,,False,,3eada4d39cc676240b3278de813f19477e0b0eb8,1f2680a5b9065e708a7497adc53a95b108029b98,3.13.14,2.5.1,"{""pydantic"": ""2.13.4"", ""yaml"": ""6.0.3"", ""networkx"": ""3.6.1"", ""numpy"": ""2.5.1"", ""scipy"": ""1.18.0"", ""matplotlib"": ""3.11.0"", ""pandas"": ""3.0.3"", ""qutip"": ""5.3.0"", ""stim"": ""1.16.0"", ""gmpy2"": ""2.3.1"", ""nbformat"": ""5.10.4"", ""nbclient"": ""0.11.0""}",Windows,11,Gercom,2026-07-21T12:22:43.432566+00:00
P12_boundary_variability,P12_boundary_variability:diamond_heterogeneous:5bc647d57e1fe781:L2:283:m10-intent:0,diamond_heterogeneous,5bc647d57e1fe781,283,m10-intent,L2,iterative_analytical,0,10,10,0.6,0.09,0.02,,True,r1 -> bad -> r3,2,True,,,,0.6863749999999998,0,0.000436,SATISFIED,True,10,0.7695,0.7695,0.08312500000000012,3.61957,False,,1573,11,0,0,0,0,0.10017007501,de95bb604bb3a9a59315334688726658af90c20e41ab144cd946c6491fc9a754,False,,,,False,,3eada4d39cc676240b3278de813f19477e0b0eb8,1f2680a5b9065e708a7497adc53a95b108029b98,3.13.14,2.5.1,"{""pydantic"": ""2.13.4"", ""yaml"": ""6.0.3"", ""networkx"": ""3.6.1"", ""numpy"": ""2.5.1"", ""scipy"": ""1.18.0"", ""matplotlib"": ""3.11.0"", ""pandas"": ""3.0.3"", ""qutip"": ""5.3.0"", ""stim"": ""1.16.0"", ""gmpy2"": ""2.3.1"", ""nbformat"": ""5.10.4"", ""nbclient"": ""0.11.0""}",Windows,11,Gercom,2026-07-21T12:22:50.424116+00:00
P12_boundary_variability,P12_boundary_variability:diamond_heterogeneous:5bc647d57e1fe781:L2:284:m10-intent:0,diamond_heterogeneous,5bc647d57e1fe781,284,m10-intent,L2,iterative_analytical,0,10,10,0.6,0.09,0.02,,True,r1 -> bad -> r3,2,True,,,,0.6863749999999998,0,0.000463,VIOLATED,False,3,0.7695,0.7695,0.08312500000000012,3.136355,False,,1900,3,0,0,0,0,0.10017512501,1cc70dd09e44bb938ce819a6cd8208c36199f7ca5f4af0a59decbf7c9ffd6168,False,,,,False,,3eada4d39cc676240b3278de813f19477e0b0eb8,1f2680a5b9065e708a7497adc53a95b108029b98,3.13.14,2.5.1,"{""pydantic"": ""2.13.4"", ""yaml"": ""6.0.3"", ""networkx"": ""3.6.1"", ""numpy"": ""2.5.1"", ""scipy"": ""1.18.0"", ""matplotlib"": ""3.11.0"", ""pandas"": ""3.0.3"", ""qutip"": ""5.3.0"", ""stim"": ""1.16.0"", ""gmpy2"": ""2.3.1"", ""nbformat"": ""5.10.4"", ""nbclient"": ""0.11.0""}",Windows,11,Gercom,2026-07-21T12:22:56.939360+00:00
P12_boundary_variability,P12_boundary_variability:diamond_heterogeneous:5bc647d57e1fe781:L2:285:m10-intent:0,diamond_heterogeneous,5bc647d57e1fe781,285,m10-intent,L2,iterative_analytical,0,10,10,0.6,0.09,0.02,,True,r1 -> bad -> r3,2,True,,,,0.6863749999999998,0,0.000423,VIOLATED,False,5,0.7695,0.7695,0.08312500000000012,3.072553,False,,1876,5,0,0,0,0,0.10016513751,0b6260e5d9158a5bd740e1ee2b9280e1c09c14179b74f0d1626d4311a0b6a560,False,,,,False,,3eada4d39cc676240b3278de813f19477e0b0eb8,1f2680a5b9065e708a7497adc53a95b108029b98,3.13.14,2.5.1,"{""pydantic"": ""2.13.4"", ""yaml"": ""6.0.3"", ""networkx"": ""3.6.1"", ""numpy"": ""2.5.1"", ""scipy"": ""1.18.0"", ""matplotlib"": ""3.11.0"", ""pandas"": ""3.0.3"", ""qutip"": ""5.3.0"", ""stim"": ""1.16.0"", ""gmpy2"": ""2.3.1"", ""nbformat"": ""5.10.4"", ""nbclient"": ""0.11.0""}",Windows,11,Gercom,2026-07-21T12:23:03.176977+00:00
P12_boundary_variability,P12_boundary_variability:diamond_heterogeneous:5bc647d57e1fe781:L2:286:m10-intent:0,diamond_heterogeneous,5bc647d57e1fe781,286,m10-intent,L2,iterative_analytical,0,10,10,0.6,0.09,0.02,,True,r1 -> bad -> r3,2,True,,,,0.6863749999999998,0,0.000426,VIOLATED,False,8,0.7695,0.7695,0.08312500000000012,3.384243,False,,1873,8,0,0,0,0,0.10018526251,42457163f9a78e776eb2273376e81a01e4acdc8a1b39192a3f31e33c198f943b,False,,,,False,,3eada4d39cc676240b3278de813f19477e0b0eb8,1f2680a5b9065e708a7497adc53a95b108029b98,3.13.14,2.5.1,"{""pydantic"": ""2.13.4"", ""yaml"": ""6.0.3"", ""networkx"": ""3.6.1"", ""numpy"": ""2.5.1"", ""scipy"": ""1.18.0"", ""matplotlib"": ""3.11.0"", ""pandas"": ""3.0.3"", ""qutip"": ""5.3.0"", ""stim"": ""1.16.0"", ""gmpy2"": ""2.3.1"", ""nbformat"": ""5.10.4"", ""nbclient"": ""0.11.0""}",Windows,11,Gercom,2026-07-21T12:23:09.875891+00:00
P12_boundary_variability,P12_boundary_variability:diamond_heterogeneous:5bc647d57e1fe781:L2:287:m10-intent:0,diamond_heterogeneous,5bc647d57e1fe781,287,m10-intent,L2,iterative_analytical,0,10,10,0.6,0.09,0.02,,True,r1 -> bad -> r3,2,True,,,,0.6863749999999998,0,0.000404,VIOLATED,False,9,0.7695,0.7695,0.08312500000000012,3.352231,False,,1788,9,0,0,0,0,0.10019805001,972d4d051baccb347b5b626e911461e2a6bdf426469adbfd6cc9652f4bd1662b,False,,,,False,,3eada4d39cc676240b3278de813f19477e0b0eb8,1f2680a5b9065e708a7497adc53a95b108029b98,3.13.14,2.5.1,"{""pydantic"": ""2.13.4"", ""yaml"": ""6.0.3"", ""networkx"": ""3.6.1"", ""numpy"": ""2.5.1"", ""scipy"": ""1.18.0"", ""matplotlib"": ""3.11.0"", ""pandas"": ""3.0.3"", ""qutip"": ""5.3.0"", ""stim"": ""1.16.0"", ""gmpy2"": ""2.3.1"", ""nbformat"": ""5.10.4"", ""nbclient"": ""0.11.0""}",Windows,11,Gercom,2026-07-21T12:23:16.396955+00:00
P12_boundary_variability,P12_boundary_variability:diamond_heterogeneous:5bc647d57e1fe781:L2:288:m10-intent:0,diamond_heterogeneous,5bc647d57e1fe781,288,m10-intent,L2,iterative_analytical,0,10,10,0.6,0.09,0.02,,True,r1 -> bad -> r3,2,True,,,,0.6863749999999998,0,0.000411,VIOLATED,False,4,0.7695,0.7695,0.08312500000000012,2.75653,False,,1864,4,0,0,0,0,0.10016513751,13ed0d6552e446dab8e2f419f764f3cba46d777a3623a0e73de4493106e70ddc,False,,,,False,,3eada4d39cc676240b3278de813f19477e0b0eb8,1f2680a5b9065e708a7497adc53a95b108029b98,3.13.14,2.5.1,"{""pydantic"": ""2.13.4"", ""yaml"": ""6.0.3"", ""networkx"": ""3.6.1"", ""numpy"": ""2.5.1"", ""scipy"": ""1.18.0"", ""matplotlib"": ""3.11.0"", ""pandas"": ""3.0.3"", ""qutip"": ""5.3.0"", ""stim"": ""1.16.0"", ""gmpy2"": ""2.3.1"", ""nbformat"": ""5.10.4"", ""nbclient"": ""0.11.0""}",Windows,11,Gercom,2026-07-21T12:23:22.244617+00:00
P12_boundary_variability,P12_boundary_variability:diamond_heterogeneous:5bc647d57e1fe781:L2:289:m10-intent:0,diamond_heterogeneous,5bc647d57e1fe781,289,m10-intent,L2,iterative_analytical,0,10,10,0.6,0.09,0.02,,True,r1 -> bad -> r3,2,True,,,,0.6863749999999998,0,0.000467,VIOLATED,False,7,0.7695,0.7695,0.08312500000000012,2.782923,False,,1898,7,0,0,0,0,0.10016506251,907251d4896f9082a62b846ec9f17b83c1fcedb6c50c5870b47e4e05b3e38e6a,False,,,,False,,3eada4d39cc676240b3278de813f19477e0b0eb8,1f2680a5b9065e708a7497adc53a95b108029b98,3.13.14,2.5.1,"{""pydantic"": ""2.13.4"", ""yaml"": ""6.0.3"", ""networkx"": ""3.6.1"", ""numpy"": ""2.5.1"", ""scipy"": ""1.18.0"", ""matplotlib"": ""3.11.0"", ""pandas"": ""3.0.3"", ""qutip"": ""5.3.0"", ""stim"": ""1.16.0"", ""gmpy2"": ""2.3.1"", ""nbformat"": ""5.10.4"", ""nbclient"": ""0.11.0""}",Windows,11,Gercom,2026-07-21T12:23:28.262068+00:00
P12_boundary_variability,P12_boundary_variability:diamond_heterogeneous:5bc647d57e1fe781:L2:290:m10-intent:0,diamond_heterogeneous,5bc647d57e1fe781,290,m10-intent,L2,iterative_analytical,0,10,10,0.6,0.09,0.02,,True,r1 -> bad -> r3,2,True,,,,0.6863749999999998,0,0.000432,VIOLATED,False,8,0.7695,0.7695,0.08312500000000012,3.434442,False,,1894,8,0,0,0,0,0.10017011251,eeed1b6a0d706e6cce52c8dac0da95eec1cd0558eb22ef74dad2ccd6654e86d6,False,,,,False,,3eada4d39cc676240b3278de813f19477e0b0eb8,1f2680a5b9065e708a7497adc53a95b108029b98,3.13.14,2.5.1,"{""pydantic"": ""2.13.4"", ""yaml"": ""6.0.3"", ""networkx"": ""3.6.1"", ""numpy"": ""2.5.1"", ""scipy"": ""1.18.0"", ""matplotlib"": ""3.11.0"", ""pandas"": ""3.0.3"", ""qutip"": ""5.3.0"", ""stim"": ""1.16.0"", ""gmpy2"": ""2.3.1"", ""nbformat"": ""5.10.4"", ""nbclient"": ""0.11.0""}",Windows,11,Gercom,2026-07-21T12:23:34.989672+00:00
P12_boundary_variability,P12_boundary_variability:diamond_heterogeneous:5bc647d57e1fe781:L2:291:m10-intent:0,diamond_heterogeneous,5bc647d57e1fe781,291,m10-intent,L2,iterative_analytical,0,10,10,0.6,0.09,0.02,,True,r1 -> bad -> r3,2,True,,,,0.6863749999999998,0,0.000433,VIOLATED,False,6,0.7695,0.7695,0.08312500000000012,3.133387,False,,1874,6,0,0,0,0,0.10017517501,833dd9b211a38b7bad78c84bfba72f9d5d0b9d9f6d5363f76f5fc368ade4d841,False,,,,False,,3eada4d39cc676240b3278de813f19477e0b0eb8,1f2680a5b9065e708a7497adc53a95b108029b98,3.13.14,2.5.1,"{""pydantic"": ""2.13.4"", ""yaml"": ""6.0.3"", ""networkx"": ""3.6.1"", ""numpy"": ""2.5.1"", ""scipy"": ""1.18.0"", ""matplotlib"": ""3.11.0"", ""pandas"": ""3.0.3"", ""qutip"": ""5.3.0"", ""stim"": ""1.16.0"", ""gmpy2"": ""2.3.1"", ""nbformat"": ""5.10.4"", ""nbclient"": ""0.11.0""}",Windows,11,Gercom,2026-07-21T12:23:41.416779+00:00
P12_boundary_variability,P12_boundary_variability:diamond_heterogeneous:5bc647d57e1fe781:L2:292:m10-intent:0,diamond_heterogeneous,5bc647d57e1fe781,292,m10-intent,L2,iterative_analytical,0,10,10,0.6,0.09,0.02,,True,r1 -> bad -> r3,2,True,,,,0.6863749999999998,0,0.000422,VIOLATED,False,6,0.7695,0.7695,0.08312500000000012,3.487842,False,,1731,9,0,0,0,0,0.10017016251,d4bd13543eca9ff886cf0c59bebae26cf1050a4434125717710778905698a23b,False,,,,False,,3eada4d39cc676240b3278de813f19477e0b0eb8,1f2680a5b9065e708a7497adc53a95b108029b98,3.13.14,2.5.1,"{""pydantic"": ""2.13.4"", ""yaml"": ""6.0.3"", ""networkx"": ""3.6.1"", ""numpy"": ""2.5.1"", ""scipy"": ""1.18.0"", ""matplotlib"": ""3.11.0"", ""pandas"": ""3.0.3"", ""qutip"": ""5.3.0"", ""stim"": ""1.16.0"", ""gmpy2"": ""2.3.1"", ""nbformat"": ""5.10.4"", ""nbclient"": ""0.11.0""}",Windows,11,Gercom,2026-07-21T12:23:48.055162+00:00
P12_boundary_variability,P12_boundary_variability:diamond_heterogeneous:5bc647d57e1fe781:L2:293:m10-intent:0,diamond_heterogeneous,5bc647d57e1fe781,293,m10-intent,L2,iterative_analytical,0,10,10,0.6,0.09,0.02,,True,r1 -> bad -> r3,2,True,,,,0.6863749999999998,0,0.00046,VIOLATED,False,4,0.7695,0.7695,0.08312500000000012,2.700516,False,,1880,4,0,0,0,0,0.10017015001,25754154ae1ae0854e02d822e727e84d3f2d166d0a60972aae5d538e236247ed,False,,,,False,,3eada4d39cc676240b3278de813f19477e0b0eb8,1f2680a5b9065e708a7497adc53a95b108029b98,3.13.14,2.5.1,"{""pydantic"": ""2.13.4"", ""yaml"": ""6.0.3"", ""networkx"": ""3.6.1"", ""numpy"": ""2.5.1"", ""scipy"": ""1.18.0"", ""matplotlib"": ""3.11.0"", ""pandas"": ""3.0.3"", ""qutip"": ""5.3.0"", ""stim"": ""1.16.0"", ""gmpy2"": ""2.3.1"", ""nbformat"": ""5.10.4"", ""nbclient"": ""0.11.0""}",Windows,11,Gercom,2026-07-21T12:23:53.978851+00:00
P12_boundary_variability,P12_boundary_variability:diamond_heterogeneous:5bc647d57e1fe781:L2:294:m10-intent:0,diamond_heterogeneous,5bc647d57e1fe781,294,m10-intent,L2,iterative_analytical,0,10,10,0.6,0.09,0.02,,True,r1 -> bad -> r3,2,True,,,,0.6863749999999998,0,0.000416,VIOLATED,False,7,0.7695,0.7695,0.08312500000000012,3.294485,False,,1756,7,0,0,0,0,0.10016515001,0b2d761ddaa3df030d8eab988e83264cfa404ec93b32a46a3c4c98b07e449edf,False,,,,False,,3eada4d39cc676240b3278de813f19477e0b0eb8,1f2680a5b9065e708a7497adc53a95b108029b98,3.13.14,2.5.1,"{""pydantic"": ""2.13.4"", ""yaml"": ""6.0.3"", ""networkx"": ""3.6.1"", ""numpy"": ""2.5.1"", ""scipy"": ""1.18.0"", ""matplotlib"": ""3.11.0"", ""pandas"": ""3.0.3"", ""qutip"": ""5.3.0"", ""stim"": ""1.16.0"", ""gmpy2"": ""2.3.1"", ""nbformat"": ""5.10.4"", ""nbclient"": ""0.11.0""}",Windows,11,Gercom,2026-07-21T12:24:00.335782+00:00
P12_boundary_variability,P12_boundary_variability:diamond_heterogeneous:5bc647d57e1fe781:L2:295:m10-intent:0,diamond_heterogeneous,5bc647d57e1fe781,295,m10-intent,L2,iterative_analytical,0,10,10,0.6,0.09,0.02,,True,r1 -> bad -> r3,2,True,,,,0.6863749999999998,0,0.00044,VIOLATED,False,6,0.7695,0.7695,0.08312500000000012,3.976243,False,,1763,6,0,0,0,0,0.10017016251,8c13f691b2c0ce4dca9792e61d0334024d0f2566cb7caba4b72e962a6038faaa,False,,,,False,,3eada4d39cc676240b3278de813f19477e0b0eb8,1f2680a5b9065e708a7497adc53a95b108029b98,3.13.14,2.5.1,"{""pydantic"": ""2.13.4"", ""yaml"": ""6.0.3"", ""networkx"": ""3.6.1"", ""numpy"": ""2.5.1"", ""scipy"": ""1.18.0"", ""matplotlib"": ""3.11.0"", ""pandas"": ""3.0.3"", ""qutip"": ""5.3.0"", ""stim"": ""1.16.0"", ""gmpy2"": ""2.3.1"", ""nbformat"": ""5.10.4"", ""nbclient"": ""0.11.0""}",Windows,11,Gercom,2026-07-21T12:24:07.614879+00:00
P12_boundary_variability,P12_boundary_variability:diamond_heterogeneous:5bc647d57e1fe781:L2:296:m10-intent:0,diamond_heterogeneous,5bc647d57e1fe781,296,m10-intent,L2,iterative_analytical,0,10,10,0.6,0.09,0.02,,True,r1 -> bad -> r3,2,True,,,,0.6863749999999998,0,0.000402,VIOLATED,False,6,0.7695,0.7695,0.08312500000000012,3.260077,False,,1894,6,0,0,0,0,0.10017008751,f5a7e6169ec0bfb41b32b26dc5d788eed051fb41cec33a4b84ec9e3434acbc40,False,,,,False,,3eada4d39cc676240b3278de813f19477e0b0eb8,1f2680a5b9065e708a7497adc53a95b108029b98,3.13.14,2.5.1,"{""pydantic"": ""2.13.4"", ""yaml"": ""6.0.3"", ""networkx"": ""3.6.1"", ""numpy"": ""2.5.1"", ""scipy"": ""1.18.0"", ""matplotlib"": ""3.11.0"", ""pandas"": ""3.0.3"", ""qutip"": ""5.3.0"", ""stim"": ""1.16.0"", ""gmpy2"": ""2.3.1"", ""nbformat"": ""5.10.4"", ""nbclient"": ""0.11.0""}",Windows,11,Gercom,2026-07-21T12:24:14.030451+00:00
P12_boundary_variability,P12_boundary_variability:diamond_heterogeneous:5bc647d57e1fe781:L2:297:m10-intent:0,diamond_heterogeneous,5bc647d57e1fe781,297,m10-intent,L2,iterative_analytical,0,10,10,0.6,0.09,0.02,,True,r1 -> bad -> r3,2,True,,,,0.6863749999999998,0,0.00042,SATISFIED,True,11,0.7695,0.7695,0.08312500000000012,3.034733,False,,1593,11,0,0,0,0,0.10015827501,003231087d9bf2566f075c1d59da1ec4d92a7c3d3fafc4c863faa6f244d542de,False,,,,False,,3eada4d39cc676240b3278de813f19477e0b0eb8,1f2680a5b9065e708a7497adc53a95b108029b98,3.13.14,2.5.1,"{""pydantic"": ""2.13.4"", ""yaml"": ""6.0.3"", ""networkx"": ""3.6.1"", ""numpy"": ""2.5.1"", ""scipy"": ""1.18.0"", ""matplotlib"": ""3.11.0"", ""pandas"": ""3.0.3"", ""qutip"": ""5.3.0"", ""stim"": ""1.16.0"", ""gmpy2"": ""2.3.1"", ""nbformat"": ""5.10.4"", ""nbclient"": ""0.11.0""}",Windows,11,Gercom,2026-07-21T12:24:20.090005+00:00
P12_boundary_variability,P12_boundary_variability:diamond_heterogeneous:5bc647d57e1fe781:L2:298:m10-intent:0,diamond_heterogeneous,5bc647d57e1fe781,298,m10-intent,L2,iterative_analytical,0,10,10,0.6,0.09,0.02,,True,r1 -> bad -> r3,2,True,,,,0.6863749999999998,0,0.00047,VIOLATED,False,6,0.7695,0.7695,0.08312500000000012,3.318375,False,,1865,6,0,0,0,0,0.10018522501,334d1c3b68cc83734dbe88389d5f3f1f9ae8fa475869655f832225e060ad1109,False,,,,False,,3eada4d39cc676240b3278de813f19477e0b0eb8,1f2680a5b9065e708a7497adc53a95b108029b98,3.13.14,2.5.1,"{""pydantic"": ""2.13.4"", ""yaml"": ""6.0.3"", ""networkx"": ""3.6.1"", ""numpy"": ""2.5.1"", ""scipy"": ""1.18.0"", ""matplotlib"": ""3.11.0"", ""pandas"": ""3.0.3"", ""qutip"": ""5.3.0"", ""stim"": ""1.16.0"", ""gmpy2"": ""2.3.1"", ""nbformat"": ""5.10.4"", ""nbclient"": ""0.11.0""}",Windows,11,Gercom,2026-07-21T12:24:26.674642+00:00
P12_boundary_variability,P12_boundary_variability:diamond_heterogeneous:5bc647d57e1fe781:L2:299:m10-intent:0,diamond_heterogeneous,5bc647d57e1fe781,299,m10-intent,L2,iterative_analytical,0,10,10,0.6,0.09,0.02,,True,r1 -> bad -> r3,2,True,,,,0.6863749999999998,0,0.000418,VIOLATED,False,8,0.7695,0.7695,0.08312500000000012,3.656864,False,,1892,8,0,0,0,0,0.10016510001,92dbcc40de4945913b537b6a4aff16bbd36019949da071745eb0c6203f1d3273,False,,,,False,,3eada4d39cc676240b3278de813f19477e0b0eb8,1f2680a5b9065e708a7497adc53a95b108029b98,3.13.14,2.5.1,"{""pydantic"": ""2.13.4"", ""yaml"": ""6.0.3"", ""networkx"": ""3.6.1"", ""numpy"": ""2.5.1"", ""scipy"": ""1.18.0"", ""matplotlib"": ""3.11.0"", ""pandas"": ""3.0.3"", ""qutip"": ""5.3.0"", ""stim"": ""1.16.0"", ""gmpy2"": ""2.3.1"", ""nbformat"": ""5.10.4"", ""nbclient"": ""0.11.0""}",Windows,11,Gercom,2026-07-21T12:24:33.528722+00:00
P12_boundary_variability,P12_boundary_variability:diamond_heterogeneous:e289aee391ee6d6f:L2:200:m10-intent:0,diamond_heterogeneous,e289aee391ee6d6f,200,m10-intent,L2,iterative_analytical,0,10,10,0.6,0.08,0.02,,True,r1 -> bad -> r3,2,True,,,,0.6863749999999998,0,0.000482,VIOLATED,False,8,0.7695,0.7695,0.08312500000000012,3.487889,False,,1605,8,0,0,0,0,0.09018296251,f2620857787771404f1e0e2365e0c3aa3944a29f19de5cf87943faa9e59dfde3,False,,,,False,,3eada4d39cc676240b3278de813f19477e0b0eb8,1f2680a5b9065e708a7497adc53a95b108029b98,3.13.14,2.5.1,"{""pydantic"": ""2.13.4"", ""yaml"": ""6.0.3"", ""networkx"": ""3.6.1"", ""numpy"": ""2.5.1"", ""scipy"": ""1.18.0"", ""matplotlib"": ""3.11.0"", ""pandas"": ""3.0.3"", ""qutip"": ""5.3.0"", ""stim"": ""1.16.0"", ""gmpy2"": ""2.3.1"", ""nbformat"": ""5.10.4"", ""nbclient"": ""0.11.0""}",Windows,11,Gercom,2026-07-21T12:24:40.477226+00:00
P12_boundary_variability,P12_boundary_variability:diamond_heterogeneous:e289aee391ee6d6f:L2:201:m10-intent:0,diamond_heterogeneous,e289aee391ee6d6f,201,m10-intent,L2,iterative_analytical,0,10,10,0.6,0.08,0.02,,True,r1 -> bad -> r3,2,True,,,,0.6863749999999998,0,0.000422,VIOLATED,False,7,0.7695,0.7695,0.08312500000000012,2.394202,False,,1683,7,0,0,0,0,0.09019748751,71932d4ed8dcd5802129f5ab57e6bbf4689b09b4bfb3bec9d796263edb0d47c3,False,,,,False,,3eada4d39cc676240b3278de813f19477e0b0eb8,1f2680a5b9065e708a7497adc53a95b108029b98,3.13.14,2.5.1,"{""pydantic"": ""2.13.4"", ""yaml"": ""6.0.3"", ""networkx"": ""3.6.1"", ""numpy"": ""2.5.1"", ""scipy"": ""1.18.0"", ""matplotlib"": ""3.11.0"", ""pandas"": ""3.0.3"", ""qutip"": ""5.3.0"", ""stim"": ""1.16.0"", ""gmpy2"": ""2.3.1"", ""nbformat"": ""5.10.4"", ""nbclient"": ""0.11.0""}",Windows,11,Gercom,2026-07-21T12:24:46.161293+00:00
P12_boundary_variability,P12_boundary_variability:diamond_heterogeneous:e289aee391ee6d6f:L2:202:m10-intent:0,diamond_heterogeneous,e289aee391ee6d6f,202,m10-intent,L2,iterative_analytical,0,10,10,0.6,0.08,0.02,,True,r1 -> bad -> r3,2,True,,,,0.6863749999999998,0,0.000401,VIOLATED,False,9,0.7695,0.7695,0.08312500000000012,2.769686,False,,1541,10,0,0,0,0,0.09018300001,fe87685abb067662744cf448d842f3326aae2eacad778e7a60e87194bd953581,False,,,,False,,3eada4d39cc676240b3278de813f19477e0b0eb8,1f2680a5b9065e708a7497adc53a95b108029b98,3.13.14,2.5.1,"{""pydantic"": ""2.13.4"", ""yaml"": ""6.0.3"", ""networkx"": ""3.6.1"", ""numpy"": ""2.5.1"", ""scipy"": ""1.18.0"", ""matplotlib"": ""3.11.0"", ""pandas"": ""3.0.3"", ""qutip"": ""5.3.0"", ""stim"": ""1.16.0"", ""gmpy2"": ""2.3.1"", ""nbformat"": ""5.10.4"", ""nbclient"": ""0.11.0""}",Windows,11,Gercom,2026-07-21T12:24:51.991905+00:00
P12_boundary_variability,P12_boundary_variability:diamond_heterogeneous:e289aee391ee6d6f:L2:203:m10-intent:0,diamond_heterogeneous,e289aee391ee6d6f,203,m10-intent,L2,iterative_analytical,0,10,10,0.6,0.08,0.02,,True,r1 -> bad -> r3,2,True,,,,0.6863749999999998,0,0.000416,SATISFIED,True,10,0.7695,0.7695,0.08312500000000012,2.701081,False,,1668,10,0,0,0,0,0.09017796251,f1561efb6a8f37d355dd137d32c31a607c8b527e96c70e75bf55c8c3e5918f77,False,,,,False,,3eada4d39cc676240b3278de813f19477e0b0eb8,1f2680a5b9065e708a7497adc53a95b108029b98,3.13.14,2.5.1,"{""pydantic"": ""2.13.4"", ""yaml"": ""6.0.3"", ""networkx"": ""3.6.1"", ""numpy"": ""2.5.1"", ""scipy"": ""1.18.0"", ""matplotlib"": ""3.11.0"", ""pandas"": ""3.0.3"", ""qutip"": ""5.3.0"", ""stim"": ""1.16.0"", ""gmpy2"": ""2.3.1"", ""nbformat"": ""5.10.4"", ""nbclient"": ""0.11.0""}",Windows,11,Gercom,2026-07-21T12:24:57.889374+00:00
P12_boundary_variability,P12_boundary_variability:diamond_heterogeneous:e289aee391ee6d6f:L2:204:m10-intent:0,diamond_heterogeneous,e289aee391ee6d6f,204,m10-intent,L2,iterative_analytical,0,10,10,0.6,0.08,0.02,,True,r1 -> bad -> r3,2,True,,,,0.6863749999999998,0,0.000442,VIOLATED,False,8,0.7695,0.7695,0.08312500000000012,2.91355,False,,1550,10,0,0,0,0,0.09019028751,323faf372eeabfa12b3eca7000ceab9c0704201aa7531ef2a543bac40380ed1f,False,,,,False,,3eada4d39cc676240b3278de813f19477e0b0eb8,1f2680a5b9065e708a7497adc53a95b108029b98,3.13.14,2.5.1,"{""pydantic"": ""2.13.4"", ""yaml"": ""6.0.3"", ""networkx"": ""3.6.1"", ""numpy"": ""2.5.1"", ""scipy"": ""1.18.0"", ""matplotlib"": ""3.11.0"", ""pandas"": ""3.0.3"", ""qutip"": ""5.3.0"", ""stim"": ""1.16.0"", ""gmpy2"": ""2.3.1"", ""nbformat"": ""5.10.4"", ""nbclient"": ""0.11.0""}",Windows,11,Gercom,2026-07-21T12:25:03.949733+00:00
P12_boundary_variability,P12_boundary_variability:diamond_heterogeneous:e289aee391ee6d6f:L2:205:m10-intent:0,diamond_heterogeneous,e289aee391ee6d6f,205,m10-intent,L2,iterative_analytical,0,10,10,0.6,0.08,0.02,,True,r1 -> bad -> r3,2,True,,,,0.6863749999999998,0,0.000406,VIOLATED,False,7,0.7695,0.7695,0.08312500000000012,2.937231,False,,1665,9,0,0,0,0,0.09018741251,1791a8a1dc75720366f1bad57e447bfbc16d9fd64aa6291a2c44d9e7944d29ce,False,,,,False,,3eada4d39cc676240b3278de813f19477e0b0eb8,1f2680a5b9065e708a7497adc53a95b108029b98,3.13.14,2.5.1,"{""pydantic"": ""2.13.4"", ""yaml"": ""6.0.3"", ""networkx"": ""3.6.1"", ""numpy"": ""2.5.1"", ""scipy"": ""1.18.0"", ""matplotlib"": ""3.11.0"", ""pandas"": ""3.0.3"", ""qutip"": ""5.3.0"", ""stim"": ""1.16.0"", ""gmpy2"": ""2.3.1"", ""nbformat"": ""5.10.4"", ""nbclient"": ""0.11.0""}",Windows,11,Gercom,2026-07-21T12:25:10.108279+00:00
P12_boundary_variability,P12_boundary_variability:diamond_heterogeneous:e289aee391ee6d6f:L2:206:m10-intent:0,diamond_heterogeneous,e289aee391ee6d6f,206,m10-intent,L2,iterative_analytical,0,10,10,0.6,0.08,0.02,,True,r1 -> bad -> r3,2,True,,,,0.6863749999999998,0,0.000433,VIOLATED,False,5,0.7695,0.7695,0.08312500000000012,3.255193,False,,1634,5,0,0,0,0,0.09016231251,9e88a4d8fa05bfec64c60a8b8e1671b6578b667392a01ff58b3a00b27005c6b5,False,,,,False,,3eada4d39cc676240b3278de813f19477e0b0eb8,1f2680a5b9065e708a7497adc53a95b108029b98,3.13.14,2.5.1,"{""pydantic"": ""2.13.4"", ""yaml"": ""6.0.3"", ""networkx"": ""3.6.1"", ""numpy"": ""2.5.1"", ""scipy"": ""1.18.0"", ""matplotlib"": ""3.11.0"", ""pandas"": ""3.0.3"", ""qutip"": ""5.3.0"", ""stim"": ""1.16.0"", ""gmpy2"": ""2.3.1"", ""nbformat"": ""5.10.4"", ""nbclient"": ""0.11.0""}",Windows,11,Gercom,2026-07-21T12:25:16.657569+00:00
P12_boundary_variability,P12_boundary_variability:diamond_heterogeneous:e289aee391ee6d6f:L2:207:m10-intent:0,diamond_heterogeneous,e289aee391ee6d6f,207,m10-intent,L2,iterative_analytical,0,10,10,0.6,0.08,0.02,,True,r1 -> bad -> r3,2,True,,,,0.6863749999999998,0,0.000421,VIOLATED,False,6,0.7695,0.7695,0.08312500000000012,3.023588,False,,1680,6,0,0,0,0,0.09019531251,3d3110e401ae9ba7f4e935e5a1333a37cf8594c65936bb607c0d92bccef62f9e,False,,,,False,,3eada4d39cc676240b3278de813f19477e0b0eb8,1f2680a5b9065e708a7497adc53a95b108029b98,3.13.14,2.5.1,"{""pydantic"": ""2.13.4"", ""yaml"": ""6.0.3"", ""networkx"": ""3.6.1"", ""numpy"": ""2.5.1"", ""scipy"": ""1.18.0"", ""matplotlib"": ""3.11.0"", ""pandas"": ""3.0.3"", ""qutip"": ""5.3.0"", ""stim"": ""1.16.0"", ""gmpy2"": ""2.3.1"", ""nbformat"": ""5.10.4"", ""nbclient"": ""0.11.0""}",Windows,11,Gercom,2026-07-21T12:25:23.006832+00:00
P12_boundary_variability,P12_boundary_variability:diamond_heterogeneous:e289aee391ee6d6f:L2:208:m10-intent:0,diamond_heterogeneous,e289aee391ee6d6f,208,m10-intent,L2,iterative_analytical,0,10,10,0.6,0.08,0.02,,True,r1 -> bad -> r3,2,True,,,,0.6863749999999998,0,0.000405,VIOLATED,False,4,0.7695,0.7695,0.08312500000000012,2.786836,False,,1350,6,0,0,0,0,0.09018295001,3dff286e83f798b3d4034d6ed448992a07919a8b3ab8bc05ee5d2eb4e1234c9a,False,,,,False,,3eada4d39cc676240b3278de813f19477e0b0eb8,1f2680a5b9065e708a7497adc53a95b108029b98,3.13.14,2.5.1,"{""pydantic"": ""2.13.4"", ""yaml"": ""6.0.3"", ""networkx"": ""3.6.1"", ""numpy"": ""2.5.1"", ""scipy"": ""1.18.0"", ""matplotlib"": ""3.11.0"", ""pandas"": ""3.0.3"", ""qutip"": ""5.3.0"", ""stim"": ""1.16.0"", ""gmpy2"": ""2.3.1"", ""nbformat"": ""5.10.4"", ""nbclient"": ""0.11.0""}",Windows,11,Gercom,2026-07-21T12:25:29.053147+00:00
P12_boundary_variability,P12_boundary_variability:diamond_heterogeneous:e289aee391ee6d6f:L2:209:m10-intent:0,diamond_heterogeneous,e289aee391ee6d6f,209,m10-intent,L2,iterative_analytical,0,10,10,0.6,0.08,0.02,,True,r1 -> bad -> r3,2,True,,,,0.6863749999999998,0,0.000393,VIOLATED,False,5,0.7695,0.7695,0.08312500000000012,3.032015,False,,1675,5,0,0,0,0,0.09016232501,28fc35b10e2ae7910ea0b90f6847ebae9e6a77ff136ec18b0cbd3f180bf8824b,False,,,,False,,3eada4d39cc676240b3278de813f19477e0b0eb8,1f2680a5b9065e708a7497adc53a95b108029b98,3.13.14,2.5.1,"{""pydantic"": ""2.13.4"", ""yaml"": ""6.0.3"", ""networkx"": ""3.6.1"", ""numpy"": ""2.5.1"", ""scipy"": ""1.18.0"", ""matplotlib"": ""3.11.0"", ""pandas"": ""3.0.3"", ""qutip"": ""5.3.0"", ""stim"": ""1.16.0"", ""gmpy2"": ""2.3.1"", ""nbformat"": ""5.10.4"", ""nbclient"": ""0.11.0""}",Windows,11,Gercom,2026-07-21T12:25:35.319860+00:00
P12_boundary_variability,P12_boundary_variability:diamond_heterogeneous:e289aee391ee6d6f:L2:210:m10-intent:0,diamond_heterogeneous,e289aee391ee6d6f,210,m10-intent,L2,iterative_analytical,0,10,10,0.6,0.08,0.02,,True,r1 -> bad -> r3,2,True,,,,0.6863749999999998,0,0.000405,VIOLATED,False,7,0.7695,0.7695,0.08312500000000012,2.448129,False,,1679,7,0,0,0,0,0.09019250001,9d7c1e703873ef04b55c7dac20914cc8683199084377342f486a8e0e979c30d2,False,,,,False,,3eada4d39cc676240b3278de813f19477e0b0eb8,1f2680a5b9065e708a7497adc53a95b108029b98,3.13.14,2.5.1,"{""pydantic"": ""2.13.4"", ""yaml"": ""6.0.3"", ""networkx"": ""3.6.1"", ""numpy"": ""2.5.1"", ""scipy"": ""1.18.0"", ""matplotlib"": ""3.11.0"", ""pandas"": ""3.0.3"", ""qutip"": ""5.3.0"", ""stim"": ""1.16.0"", ""gmpy2"": ""2.3.1"", ""nbformat"": ""5.10.4"", ""nbclient"": ""0.11.0""}",Windows,11,Gercom,2026-07-21T12:25:40.918696+00:00
P12_boundary_variability,P12_boundary_variability:diamond_heterogeneous:e289aee391ee6d6f:L2:211:m10-intent:0,diamond_heterogeneous,e289aee391ee6d6f,211,m10-intent,L2,iterative_analytical,0,10,10,0.6,0.08,0.02,,True,r1 -> bad -> r3,2,True,,,,0.6863749999999998,0,0.000393,VIOLATED,False,8,0.7695,0.7695,0.08312500000000012,2.837017,False,,1647,8,0,0,0,0,0.09018298751,bc35531bb36c41638f67fd07f5838db4439b3d7e7f8901c4d6a47b8a98795c90,False,,,,False,,3eada4d39cc676240b3278de813f19477e0b0eb8,1f2680a5b9065e708a7497adc53a95b108029b98,3.13.14,2.5.1,"{""pydantic"": ""2.13.4"", ""yaml"": ""6.0.3"", ""networkx"": ""3.6.1"", ""numpy"": ""2.5.1"", ""scipy"": ""1.18.0"", ""matplotlib"": ""3.11.0"", ""pandas"": ""3.0.3"", ""qutip"": ""5.3.0"", ""stim"": ""1.16.0"", ""gmpy2"": ""2.3.1"", ""nbformat"": ""5.10.4"", ""nbclient"": ""0.11.0""}",Windows,11,Gercom,2026-07-21T12:25:46.989548+00:00
P12_boundary_variability,P12_boundary_variability:diamond_heterogeneous:e289aee391ee6d6f:L2:212:m10-intent:0,diamond_heterogeneous,e289aee391ee6d6f,212,m10-intent,L2,iterative_analytical,0,10,10,0.6,0.08,0.02,,True,r1 -> bad -> r3,2,True,,,,0.6863749999999998,0,0.000412,VIOLATED,False,8,0.7695,0.7695,0.08312500000000012,2.914876,False,,1675,8,0,0,0,0,0.09019972501,d0901351d0cf050181e0fca3e72663e0de60d9a577bc9063bf23c96c81ccb732,False,,,,False,,3eada4d39cc676240b3278de813f19477e0b0eb8,1f2680a5b9065e708a7497adc53a95b108029b98,3.13.14,2.5.1,"{""pydantic"": ""2.13.4"", ""yaml"": ""6.0.3"", ""networkx"": ""3.6.1"", ""numpy"": ""2.5.1"", ""scipy"": ""1.18.0"", ""matplotlib"": ""3.11.0"", ""pandas"": ""3.0.3"", ""qutip"": ""5.3.0"", ""stim"": ""1.16.0"", ""gmpy2"": ""2.3.1"", ""nbformat"": ""5.10.4"", ""nbclient"": ""0.11.0""}",Windows,11,Gercom,2026-07-21T12:25:52.952840+00:00
P12_boundary_variability,P12_boundary_variability:diamond_heterogeneous:e289aee391ee6d6f:L2:213:m10-intent:0,diamond_heterogeneous,e289aee391ee6d6f,213,m10-intent,L2,iterative_analytical,0,10,10,0.6,0.08,0.02,,True,r1 -> bad -> r3,2,True,,,,0.6863749999999998,0,0.000418,VIOLATED,False,5,0.7695,0.7695,0.08312500000000012,2.259055,False,,1673,5,0,0,0,0,0.09019757501,572d9eef62376e0fd1d9465ce48c10811b22e34514fa1d0794c8396f6cc3a47c,False,,,,False,,3eada4d39cc676240b3278de813f19477e0b0eb8,1f2680a5b9065e708a7497adc53a95b108029b98,3.13.14,2.5.1,"{""pydantic"": ""2.13.4"", ""yaml"": ""6.0.3"", ""networkx"": ""3.6.1"", ""numpy"": ""2.5.1"", ""scipy"": ""1.18.0"", ""matplotlib"": ""3.11.0"", ""pandas"": ""3.0.3"", ""qutip"": ""5.3.0"", ""stim"": ""1.16.0"", ""gmpy2"": ""2.3.1"", ""nbformat"": ""5.10.4"", ""nbclient"": ""0.11.0""}",Windows,11,Gercom,2026-07-21T12:25:58.284321+00:00
P12_boundary_variability,P12_boundary_variability:diamond_heterogeneous:e289aee391ee6d6f:L2:214:m10-intent:0,diamond_heterogeneous,e289aee391ee6d6f,214,m10-intent,L2,iterative_analytical,0,10,10,0.6,0.08,0.02,,True,r1 -> bad -> r3,2,True,,,,0.6863749999999998,0,0.000402,VIOLATED,False,6,0.7695,0.7695,0.08312500000000012,2.792063,False,,1640,9,0,0,0,0,0.09019751251,b4f509615aaddbe5ab39e0306a26908a3337b229dd26213d4003ce645844d2c3,False,,,,False,,3eada4d39cc676240b3278de813f19477e0b0eb8,1f2680a5b9065e708a7497adc53a95b108029b98,3.13.14,2.5.1,"{""pydantic"": ""2.13.4"", ""yaml"": ""6.0.3"", ""networkx"": ""3.6.1"", ""numpy"": ""2.5.1"", ""scipy"": ""1.18.0"", ""matplotlib"": ""3.11.0"", ""pandas"": ""3.0.3"", ""qutip"": ""5.3.0"", ""stim"": ""1.16.0"", ""gmpy2"": ""2.3.1"", ""nbformat"": ""5.10.4"", ""nbclient"": ""0.11.0""}",Windows,11,Gercom,2026-07-21T12:26:04.247764+00:00
P12_boundary_variability,P12_boundary_variability:diamond_heterogeneous:e289aee391ee6d6f:L2:215:m10-intent:0,diamond_heterogeneous,e289aee391ee6d6f,215,m10-intent,L2,iterative_analytical,0,10,10,0.6,0.08,0.02,,True,r1 -> bad -> r3,2,True,,,,0.6863749999999998,0,0.000452,VIOLATED,False,5,0.7695,0.7695,0.08312500000000012,2.703781,False,,1581,5,0,0,0,0,0.09018290001,c52ea7aef379a8a8370cd673ecee894deb37f786c4406610fcd5cf3175aeb713,False,,,,False,,3eada4d39cc676240b3278de813f19477e0b0eb8,1f2680a5b9065e708a7497adc53a95b108029b98,3.13.14,2.5.1,"{""pydantic"": ""2.13.4"", ""yaml"": ""6.0.3"", ""networkx"": ""3.6.1"", ""numpy"": ""2.5.1"", ""scipy"": ""1.18.0"", ""matplotlib"": ""3.11.0"", ""pandas"": ""3.0.3"", ""qutip"": ""5.3.0"", ""stim"": ""1.16.0"", ""gmpy2"": ""2.3.1"", ""nbformat"": ""5.10.4"", ""nbclient"": ""0.11.0""}",Windows,11,Gercom,2026-07-21T12:26:10.106979+00:00
P12_boundary_variability,P12_boundary_variability:diamond_heterogeneous:e289aee391ee6d6f:L2:216:m10-intent:0,diamond_heterogeneous,e289aee391ee6d6f,216,m10-intent,L2,iterative_analytical,0,10,10,0.6,0.08,0.02,,True,r1 -> bad -> r3,2,True,,,,0.6863749999999998,0,0.000448,VIOLATED,False,5,0.7695,0.7695,0.08312500000000012,3.291022,False,,1570,8,0,0,0,0,0.09018516251,6fe42a313fbb87d0f9ccbba6ae14234d2ec1384b465185275e7f225e75f97561,False,,,,False,,3eada4d39cc676240b3278de813f19477e0b0eb8,1f2680a5b9065e708a7497adc53a95b108029b98,3.13.14,2.5.1,"{""pydantic"": ""2.13.4"", ""yaml"": ""6.0.3"", ""networkx"": ""3.6.1"", ""numpy"": ""2.5.1"", ""scipy"": ""1.18.0"", ""matplotlib"": ""3.11.0"", ""pandas"": ""3.0.3"", ""qutip"": ""5.3.0"", ""stim"": ""1.16.0"", ""gmpy2"": ""2.3.1"", ""nbformat"": ""5.10.4"", ""nbclient"": ""0.11.0""}",Windows,11,Gercom,2026-07-21T12:26:16.685892+00:00
P12_boundary_variability,P12_boundary_variability:diamond_heterogeneous:e289aee391ee6d6f:L2:217:m10-intent:0,diamond_heterogeneous,e289aee391ee6d6f,217,m10-intent,L2,iterative_analytical,0,10,10,0.6,0.08,0.02,,True,r1 -> bad -> r3,2,True,,,,0.6863749999999998,0,0.00041,VIOLATED,False,8,0.7695,0.7695,0.08312500000000012,2.849129,False,,1454,10,0,0,0,0,0.09018296251,b5f2041433f31fad06a7e0df63077b13f70175f75926e8b62d0da8ed5e8bcfba,False,,,,False,,3eada4d39cc676240b3278de813f19477e0b0eb8,1f2680a5b9065e708a7497adc53a95b108029b98,3.13.14,2.5.1,"{""pydantic"": ""2.13.4"", ""yaml"": ""6.0.3"", ""networkx"": ""3.6.1"", ""numpy"": ""2.5.1"", ""scipy"": ""1.18.0"", ""matplotlib"": ""3.11.0"", ""pandas"": ""3.0.3"", ""qutip"": ""5.3.0"", ""stim"": ""1.16.0"", ""gmpy2"": ""2.3.1"", ""nbformat"": ""5.10.4"", ""nbclient"": ""0.11.0""}",Windows,11,Gercom,2026-07-21T12:26:22.702322+00:00
P12_boundary_variability,P12_boundary_variability:diamond_heterogeneous:e289aee391ee6d6f:L2:218:m10-intent:0,diamond_heterogeneous,e289aee391ee6d6f,218,m10-intent,L2,iterative_analytical,0,10,10,0.6,0.08,0.02,,True,r1 -> bad -> r3,2,True,,,,0.6863749999999998,0,0.000395,VIOLATED,False,4,0.7695,0.7695,0.08312500000000012,2.406617,False,,1681,4,0,0,0,0,0.09017791251,a29c6b61b18cf828b21df21f3a4b26b15fad495ac8562918d4b0cbfb4881e8a6,False,,,,False,,3eada4d39cc676240b3278de813f19477e0b0eb8,1f2680a5b9065e708a7497adc53a95b108029b98,3.13.14,2.5.1,"{""pydantic"": ""2.13.4"", ""yaml"": ""6.0.3"", ""networkx"": ""3.6.1"", ""numpy"": ""2.5.1"", ""scipy"": ""1.18.0"", ""matplotlib"": ""3.11.0"", ""pandas"": ""3.0.3"", ""qutip"": ""5.3.0"", ""stim"": ""1.16.0"", ""gmpy2"": ""2.3.1"", ""nbformat"": ""5.10.4"", ""nbclient"": ""0.11.0""}",Windows,11,Gercom,2026-07-21T12:26:28.199636+00:00
P12_boundary_variability,P12_boundary_variability:diamond_heterogeneous:e289aee391ee6d6f:L2:219:m10-intent:0,diamond_heterogeneous,e289aee391ee6d6f,219,m10-intent,L2,iterative_analytical,0,10,10,0.6,0.08,0.02,,True,r1 -> bad -> r3,2,True,,,,0.6863749999999998,0,0.000452,VIOLATED,False,3,0.7695,0.7695,0.08312500000000012,2.733395,False,,1681,3,0,0,0,0,0.09018291251,f4cfb88caa79bdeab259d04d11807f23f3b1c0b1533be2068f5863965c7db324,False,,,,False,,3eada4d39cc676240b3278de813f19477e0b0eb8,1f2680a5b9065e708a7497adc53a95b108029b98,3.13.14,2.5.1,"{""pydantic"": ""2.13.4"", ""yaml"": ""6.0.3"", ""networkx"": ""3.6.1"", ""numpy"": ""2.5.1"", ""scipy"": ""1.18.0"", ""matplotlib"": ""3.11.0"", ""pandas"": ""3.0.3"", ""qutip"": ""5.3.0"", ""stim"": ""1.16.0"", ""gmpy2"": ""2.3.1"", ""nbformat"": ""5.10.4"", ""nbclient"": ""0.11.0""}",Windows,11,Gercom,2026-07-21T12:26:34.003621+00:00
P12_boundary_variability,P12_boundary_variability:diamond_heterogeneous:e289aee391ee6d6f:L2:220:m10-intent:0,diamond_heterogeneous,e289aee391ee6d6f,220,m10-intent,L2,iterative_analytical,0,10,10,0.6,0.08,0.02,,True,r1 -> bad -> r3,2,True,,,,0.6863749999999998,0,0.00045,VIOLATED,False,5,0.7695,0.7695,0.08312500000000012,2.597224,False,,1637,5,0,0,0,0,0.09017788751,0250861b20413174391f83165625f745ef65d0d5f9098cd7bd9fe10ac82b6a24,False,,,,False,,3eada4d39cc676240b3278de813f19477e0b0eb8,1f2680a5b9065e708a7497adc53a95b108029b98,3.13.14,2.5.1,"{""pydantic"": ""2.13.4"", ""yaml"": ""6.0.3"", ""networkx"": ""3.6.1"", ""numpy"": ""2.5.1"", ""scipy"": ""1.18.0"", ""matplotlib"": ""3.11.0"", ""pandas"": ""3.0.3"", ""qutip"": ""5.3.0"", ""stim"": ""1.16.0"", ""gmpy2"": ""2.3.1"", ""nbformat"": ""5.10.4"", ""nbclient"": ""0.11.0""}",Windows,11,Gercom,2026-07-21T12:26:39.727627+00:00
P12_boundary_variability,P12_boundary_variability:diamond_heterogeneous:e289aee391ee6d6f:L2:221:m10-intent:0,diamond_heterogeneous,e289aee391ee6d6f,221,m10-intent,L2,iterative_analytical,0,10,10,0.6,0.08,0.02,,True,r1 -> bad -> r3,2,True,,,,0.6863749999999998,0,0.00043,VIOLATED,False,8,0.7695,0.7695,0.08312500000000012,3.201812,False,,1616,8,0,0,0,0,0.09018293751,1a19f3089ca1b44c8dec227e9db2f0175b0e30dac3f9dd5842e08f67d385d611,False,,,,False,,3eada4d39cc676240b3278de813f19477e0b0eb8,1f2680a5b9065e708a7497adc53a95b108029b98,3.13.14,2.5.1,"{""pydantic"": ""2.13.4"", ""yaml"": ""6.0.3"", ""networkx"": ""3.6.1"", ""numpy"": ""2.5.1"", ""scipy"": ""1.18.0"", ""matplotlib"": ""3.11.0"", ""pandas"": ""3.0.3"", ""qutip"": ""5.3.0"", ""stim"": ""1.16.0"", ""gmpy2"": ""2.3.1"", ""nbformat"": ""5.10.4"", ""nbclient"": ""0.11.0""}",Windows,11,Gercom,2026-07-21T12:26:46.251366+00:00
P12_boundary_variability,P12_boundary_variability:diamond_heterogeneous:e289aee391ee6d6f:L2:222:m10-intent:0,diamond_heterogeneous,e289aee391ee6d6f,222,m10-intent,L2,iterative_analytical,0,10,10,0.6,0.08,0.02,,True,r1 -> bad -> r3,2,True,,,,0.6863749999999998,0,0.000407,VIOLATED,False,3,0.7695,0.7695,0.08312500000000012,2.55094,False,,1687,3,0,0,0,0,0.09018751251,c2c949c391a6c543369d1760155ae07b252ee0b5a5620610794ae9823935959e,False,,,,False,,3eada4d39cc676240b3278de813f19477e0b0eb8,1f2680a5b9065e708a7497adc53a95b108029b98,3.13.14,2.5.1,"{""pydantic"": ""2.13.4"", ""yaml"": ""6.0.3"", ""networkx"": ""3.6.1"", ""numpy"": ""2.5.1"", ""scipy"": ""1.18.0"", ""matplotlib"": ""3.11.0"", ""pandas"": ""3.0.3"", ""qutip"": ""5.3.0"", ""stim"": ""1.16.0"", ""gmpy2"": ""2.3.1"", ""nbformat"": ""5.10.4"", ""nbclient"": ""0.11.0""}",Windows,11,Gercom,2026-07-21T12:26:51.866510+00:00
P12_boundary_variability,P12_boundary_variability:diamond_heterogeneous:e289aee391ee6d6f:L2:223:m10-intent:0,diamond_heterogeneous,e289aee391ee6d6f,223,m10-intent,L2,iterative_analytical,0,10,10,0.6,0.08,0.02,,True,r1 -> bad -> r3,2,True,,,,0.6863749999999998,0,0.000416,VIOLATED,False,5,0.7695,0.7695,0.08312500000000012,3.009071,False,,1503,6,0,0,0,0,0.09018298751,548ed7723b1bc877a64ad39c41750fd3dc16b11490fe3bd958a3ad4c1135bdcf,False,,,,False,,3eada4d39cc676240b3278de813f19477e0b0eb8,1f2680a5b9065e708a7497adc53a95b108029b98,3.13.14,2.5.1,"{""pydantic"": ""2.13.4"", ""yaml"": ""6.0.3"", ""networkx"": ""3.6.1"", ""numpy"": ""2.5.1"", ""scipy"": ""1.18.0"", ""matplotlib"": ""3.11.0"", ""pandas"": ""3.0.3"", ""qutip"": ""5.3.0"", ""stim"": ""1.16.0"", ""gmpy2"": ""2.3.1"", ""nbformat"": ""5.10.4"", ""nbclient"": ""0.11.0""}",Windows,11,Gercom,2026-07-21T12:26:58.107368+00:00
P12_boundary_variability,P12_boundary_variability:diamond_heterogeneous:e289aee391ee6d6f:L2:224:m10-intent:0,diamond_heterogeneous,e289aee391ee6d6f,224,m10-intent,L2,iterative_analytical,0,10,10,0.6,0.08,0.02,,True,r1 -> bad -> r3,2,True,,,,0.6863749999999998,0,0.000439,VIOLATED,False,5,0.7695,0.7695,0.08312500000000012,2.56103,False,,1677,5,0,0,0,0,0.09019246251,9448e8a3cc3eb50c2a68d9c8c1efde8a620dd9c891c9790c98281f84ba081605,False,,,,False,,3eada4d39cc676240b3278de813f19477e0b0eb8,1f2680a5b9065e708a7497adc53a95b108029b98,3.13.14,2.5.1,"{""pydantic"": ""2.13.4"", ""yaml"": ""6.0.3"", ""networkx"": ""3.6.1"", ""numpy"": ""2.5.1"", ""scipy"": ""1.18.0"", ""matplotlib"": ""3.11.0"", ""pandas"": ""3.0.3"", ""qutip"": ""5.3.0"", ""stim"": ""1.16.0"", ""gmpy2"": ""2.3.1"", ""nbformat"": ""5.10.4"", ""nbclient"": ""0.11.0""}",Windows,11,Gercom,2026-07-21T12:27:03.825288+00:00
P12_boundary_variability,P12_boundary_variability:diamond_heterogeneous:e289aee391ee6d6f:L2:225:m10-intent:0,diamond_heterogeneous,e289aee391ee6d6f,225,m10-intent,L2,iterative_analytical,0,10,10,0.6,0.08,0.02,,True,r1 -> bad -> r3,2,True,,,,0.6863749999999998,0,0.000422,VIOLATED,False,6,0.7695,0.7695,0.08312500000000012,3.205561,False,,1408,10,0,0,0,0,0.09017795001,e368e977fc50a4ac2a8a4f0866982b9987d786c6b6513ee8af4ad4a48b5045a2,False,,,,False,,3eada4d39cc676240b3278de813f19477e0b0eb8,1f2680a5b9065e708a7497adc53a95b108029b98,3.13.14,2.5.1,"{""pydantic"": ""2.13.4"", ""yaml"": ""6.0.3"", ""networkx"": ""3.6.1"", ""numpy"": ""2.5.1"", ""scipy"": ""1.18.0"", ""matplotlib"": ""3.11.0"", ""pandas"": ""3.0.3"", ""qutip"": ""5.3.0"", ""stim"": ""1.16.0"", ""gmpy2"": ""2.3.1"", ""nbformat"": ""5.10.4"", ""nbclient"": ""0.11.0""}",Windows,11,Gercom,2026-07-21T12:27:10.423604+00:00
P12_boundary_variability,P12_boundary_variability:diamond_heterogeneous:e289aee391ee6d6f:L2:226:m10-intent:0,diamond_heterogeneous,e289aee391ee6d6f,226,m10-intent,L2,iterative_analytical,0,10,10,0.6,0.08,0.02,,True,r1 -> bad -> r3,2,True,,,,0.6863749999999998,0,0.000403,VIOLATED,False,5,0.7695,0.7695,0.08312500000000012,3.121343,False,,1607,5,0,0,0,0,0.09018792501,1c54028255261fc146205e9f596268a18c8347e4f95aa21d6210ab5ed21ed206,False,,,,False,,3eada4d39cc676240b3278de813f19477e0b0eb8,1f2680a5b9065e708a7497adc53a95b108029b98,3.13.14,2.5.1,"{""pydantic"": ""2.13.4"", ""yaml"": ""6.0.3"", ""networkx"": ""3.6.1"", ""numpy"": ""2.5.1"", ""scipy"": ""1.18.0"", ""matplotlib"": ""3.11.0"", ""pandas"": ""3.0.3"", ""qutip"": ""5.3.0"", ""stim"": ""1.16.0"", ""gmpy2"": ""2.3.1"", ""nbformat"": ""5.10.4"", ""nbclient"": ""0.11.0""}",Windows,11,Gercom,2026-07-21T12:27:16.805174+00:00
P12_boundary_variability,P12_boundary_variability:diamond_heterogeneous:e289aee391ee6d6f:L2:227:m10-intent:0,diamond_heterogeneous,e289aee391ee6d6f,227,m10-intent,L2,iterative_analytical,0,10,10,0.6,0.08,0.02,,True,r1 -> bad -> r3,2,True,,,,0.6863749999999998,0,0.000396,VIOLATED,False,4,0.7695,0.7695,0.08312500000000012,2.475452,False,,1680,4,0,0,0,0,0.09017793751,ce468f95c1282c395029fec71975a79ce6551f8e0e6c77b807a0bbc2d078b9e6,False,,,,False,,3eada4d39cc676240b3278de813f19477e0b0eb8,1f2680a5b9065e708a7497adc53a95b108029b98,3.13.14,2.5.1,"{""pydantic"": ""2.13.4"", ""yaml"": ""6.0.3"", ""networkx"": ""3.6.1"", ""numpy"": ""2.5.1"", ""scipy"": ""1.18.0"", ""matplotlib"": ""3.11.0"", ""pandas"": ""3.0.3"", ""qutip"": ""5.3.0"", ""stim"": ""1.16.0"", ""gmpy2"": ""2.3.1"", ""nbformat"": ""5.10.4"", ""nbclient"": ""0.11.0""}",Windows,11,Gercom,2026-07-21T12:27:22.482943+00:00
P12_boundary_variability,P12_boundary_variability:diamond_heterogeneous:e289aee391ee6d6f:L2:228:m10-intent:0,diamond_heterogeneous,e289aee391ee6d6f,228,m10-intent,L2,iterative_analytical,0,10,10,0.6,0.08,0.02,,True,r1 -> bad -> r3,2,True,,,,0.6863749999999998,0,0.000414,VIOLATED,False,5,0.7695,0.7695,0.08312500000000012,2.480139,False,,1315,9,0,0,0,0,0.09018298751,c5500aeb9de4192e30975ba035fbe223a81835118b770190de996a05317a0e2a,False,,,,False,,3eada4d39cc676240b3278de813f19477e0b0eb8,1f2680a5b9065e708a7497adc53a95b108029b98,3.13.14,2.5.1,"{""pydantic"": ""2.13.4"", ""yaml"": ""6.0.3"", ""networkx"": ""3.6.1"", ""numpy"": ""2.5.1"", ""scipy"": ""1.18.0"", ""matplotlib"": ""3.11.0"", ""pandas"": ""3.0.3"", ""qutip"": ""5.3.0"", ""stim"": ""1.16.0"", ""gmpy2"": ""2.3.1"", ""nbformat"": ""5.10.4"", ""nbclient"": ""0.11.0""}",Windows,11,Gercom,2026-07-21T12:27:28.027002+00:00
P12_boundary_variability,P12_boundary_variability:diamond_heterogeneous:e289aee391ee6d6f:L2:229:m10-intent:0,diamond_heterogeneous,e289aee391ee6d6f,229,m10-intent,L2,iterative_analytical,0,10,10,0.6,0.08,0.02,,True,r1 -> bad -> r3,2,True,,,,0.6863749999999998,0,0.000429,VIOLATED,False,3,0.7695,0.7695,0.08312500000000012,2.893783,False,,1684,3,0,0,0,0,0.09018300001,8572ea5583a0497ee68b469072551401c7eb852fcfbd345937571486c24ab121,False,,,,False,,3eada4d39cc676240b3278de813f19477e0b0eb8,1f2680a5b9065e708a7497adc53a95b108029b98,3.13.14,2.5.1,"{""pydantic"": ""2.13.4"", ""yaml"": ""6.0.3"", ""networkx"": ""3.6.1"", ""numpy"": ""2.5.1"", ""scipy"": ""1.18.0"", ""matplotlib"": ""3.11.0"", ""pandas"": ""3.0.3"", ""qutip"": ""5.3.0"", ""stim"": ""1.16.0"", ""gmpy2"": ""2.3.1"", ""nbformat"": ""5.10.4"", ""nbclient"": ""0.11.0""}",Windows,11,Gercom,2026-07-21T12:27:34.031637+00:00
P12_boundary_variability,P12_boundary_variability:diamond_heterogeneous:dd90bb7c99f2fc7e:L2:200:m10-intent:0,diamond_heterogeneous,dd90bb7c99f2fc7e,200,m10-intent,L2,iterative_analytical,0,10,10,0.6,0.05,0.02,,True,r1 -> bad -> r3,2,True,,,,0.6863749999999998,0,0.000451,VIOLATED,False,5,0.7695,0.7695,0.08312500000000012,2.132126,False,,1016,5,0,0,0,0,0.06018643751,8c6087f77369949e09c6f5eea3fdfab80bf1271b12ea355836ae8776120fe3e1,False,,,,False,,3eada4d39cc676240b3278de813f19477e0b0eb8,1f2680a5b9065e708a7497adc53a95b108029b98,3.13.14,2.5.1,"{""pydantic"": ""2.13.4"", ""yaml"": ""6.0.3"", ""networkx"": ""3.6.1"", ""numpy"": ""2.5.1"", ""scipy"": ""1.18.0"", ""matplotlib"": ""3.11.0"", ""pandas"": ""3.0.3"", ""qutip"": ""5.3.0"", ""stim"": ""1.16.0"", ""gmpy2"": ""2.3.1"", ""nbformat"": ""5.10.4"", ""nbclient"": ""0.11.0""}",Windows,11,Gercom,2026-07-21T12:27:39.673262+00:00
P12_boundary_variability,P12_boundary_variability:diamond_heterogeneous:dd90bb7c99f2fc7e:L2:201:m10-intent:0,diamond_heterogeneous,dd90bb7c99f2fc7e,201,m10-intent,L2,iterative_analytical,0,10,10,0.6,0.05,0.02,,True,r1 -> bad -> r3,2,True,,,,0.6863749999999998,0,0.000571,VIOLATED,False,3,0.7695,0.7695,0.08312500000000012,1.456259,False,,1055,3,0,0,0,0,0.06018652501,760d4b6391ff9c14ff87699fc1b0ccc05ca214b7e659bae02af809adc704ea2b,False,,,,False,,3eada4d39cc676240b3278de813f19477e0b0eb8,1f2680a5b9065e708a7497adc53a95b108029b98,3.13.14,2.5.1,"{""pydantic"": ""2.13.4"", ""yaml"": ""6.0.3"", ""networkx"": ""3.6.1"", ""numpy"": ""2.5.1"", ""scipy"": ""1.18.0"", ""matplotlib"": ""3.11.0"", ""pandas"": ""3.0.3"", ""qutip"": ""5.3.0"", ""stim"": ""1.16.0"", ""gmpy2"": ""2.3.1"", ""nbformat"": ""5.10.4"", ""nbclient"": ""0.11.0""}",Windows,11,Gercom,2026-07-21T12:27:44.421157+00:00
P12_boundary_variability,P12_boundary_variability:diamond_heterogeneous:dd90bb7c99f2fc7e:L2:202:m10-intent:0,diamond_heterogeneous,dd90bb7c99f2fc7e,202,m10-intent,L2,iterative_analytical,0,10,10,0.6,0.05,0.02,,True,r1 -> bad -> r3,2,True,,,,0.6863749999999998,0,0.000408,VIOLATED,False,6,0.7695,0.7695,0.08312500000000012,1.271684,False,,985,6,0,0,0,0,0.06018643751,d027b626fc200586a69d258af55fab941c9cd8e9c287c00d95b116be7161abf7,False,,,,False,,3eada4d39cc676240b3278de813f19477e0b0eb8,1f2680a5b9065e708a7497adc53a95b108029b98,3.13.14,2.5.1,"{""pydantic"": ""2.13.4"", ""yaml"": ""6.0.3"", ""networkx"": ""3.6.1"", ""numpy"": ""2.5.1"", ""scipy"": ""1.18.0"", ""matplotlib"": ""3.11.0"", ""pandas"": ""3.0.3"", ""qutip"": ""5.3.0"", ""stim"": ""1.16.0"", ""gmpy2"": ""2.3.1"", ""nbformat"": ""5.10.4"", ""nbclient"": ""0.11.0""}",Windows,11,Gercom,2026-07-21T12:27:48.803686+00:00
P12_boundary_variability,P12_boundary_variability:diamond_heterogeneous:dd90bb7c99f2fc7e:L2:203:m10-intent:0,diamond_heterogeneous,dd90bb7c99f2fc7e,203,m10-intent,L2,iterative_analytical,0,10,10,0.6,0.05,0.02,,True,r1 -> bad -> r3,2,True,,,,0.6863749999999998,0,0.000487,VIOLATED,False,6,0.7695,0.7695,0.08312500000000012,1.768793,False,,1037,6,0,0,0,0,0.06016682501,e13c1692e3fcce159dcb6a3a23b974ca14f8a80f45b26326f4f01026504d85f0,False,,,,False,,3eada4d39cc676240b3278de813f19477e0b0eb8,1f2680a5b9065e708a7497adc53a95b108029b98,3.13.14,2.5.1,"{""pydantic"": ""2.13.4"", ""yaml"": ""6.0.3"", ""networkx"": ""3.6.1"", ""numpy"": ""2.5.1"", ""scipy"": ""1.18.0"", ""matplotlib"": ""3.11.0"", ""pandas"": ""3.0.3"", ""qutip"": ""5.3.0"", ""stim"": ""1.16.0"", ""gmpy2"": ""2.3.1"", ""nbformat"": ""5.10.4"", ""nbclient"": ""0.11.0""}",Windows,11,Gercom,2026-07-21T12:27:53.905810+00:00
P12_boundary_variability,P12_boundary_variability:diamond_heterogeneous:dd90bb7c99f2fc7e:L2:204:m10-intent:0,diamond_heterogeneous,dd90bb7c99f2fc7e,204,m10-intent,L2,iterative_analytical,0,10,10,0.6,0.05,0.02,,True,r1 -> bad -> r3,2,True,,,,0.6863749999999998,0,0.000413,VIOLATED,False,5,0.7695,0.7695,0.08312500000000012,1.17664,False,,926,5,0,0,0,0,0.06018651251,1bfe15114fc73c86b861bf84a6ad027a3720820c32d4b806e55b2350e136c244,False,,,,False,,3eada4d39cc676240b3278de813f19477e0b0eb8,1f2680a5b9065e708a7497adc53a95b108029b98,3.13.14,2.5.1,"{""pydantic"": ""2.13.4"", ""yaml"": ""6.0.3"", ""networkx"": ""3.6.1"", ""numpy"": ""2.5.1"", ""scipy"": ""1.18.0"", ""matplotlib"": ""3.11.0"", ""pandas"": ""3.0.3"", ""qutip"": ""5.3.0"", ""stim"": ""1.16.0"", ""gmpy2"": ""2.3.1"", ""nbformat"": ""5.10.4"", ""nbclient"": ""0.11.0""}",Windows,11,Gercom,2026-07-21T12:27:58.134041+00:00
P12_boundary_variability,P12_boundary_variability:diamond_heterogeneous:dd90bb7c99f2fc7e:L2:205:m10-intent:0,diamond_heterogeneous,dd90bb7c99f2fc7e,205,m10-intent,L2,iterative_analytical,0,10,10,0.6,0.05,0.02,,True,r1 -> bad -> r3,2,True,,,,0.6863749999999998,0,0.000422,VIOLATED,False,5,0.7695,0.7695,0.08312500000000012,1.399829,False,,1044,5,0,0,0,0,0.06019430001,28a238dc66de29c40f9ca8179a580b205609a5eeed6cb806dc07cf430cfccad3,False,,,,False,,3eada4d39cc676240b3278de813f19477e0b0eb8,1f2680a5b9065e708a7497adc53a95b108029b98,3.13.14,2.5.1,"{""pydantic"": ""2.13.4"", ""yaml"": ""6.0.3"", ""networkx"": ""3.6.1"", ""numpy"": ""2.5.1"", ""scipy"": ""1.18.0"", ""matplotlib"": ""3.11.0"", ""pandas"": ""3.0.3"", ""qutip"": ""5.3.0"", ""stim"": ""1.16.0"", ""gmpy2"": ""2.3.1"", ""nbformat"": ""5.10.4"", ""nbclient"": ""0.11.0""}",Windows,11,Gercom,2026-07-21T12:28:02.645075+00:00
P12_boundary_variability,P12_boundary_variability:diamond_heterogeneous:dd90bb7c99f2fc7e:L2:206:m10-intent:0,diamond_heterogeneous,dd90bb7c99f2fc7e,206,m10-intent,L2,iterative_analytical,0,10,10,0.6,0.05,0.02,,True,r1 -> bad -> r3,2,True,,,,0.6863749999999998,0,0.000432,VIOLATED,False,3,0.7695,0.7695,0.08312500000000012,1.880288,False,,1032,3,0,0,0,0,0.06019148751,ead3309270741c724363224ea870f5ec2ec228495361bde3f226761e6fbf5e0f,False,,,,False,,3eada4d39cc676240b3278de813f19477e0b0eb8,1f2680a5b9065e708a7497adc53a95b108029b98,3.13.14,2.5.1,"{""pydantic"": ""2.13.4"", ""yaml"": ""6.0.3"", ""networkx"": ""3.6.1"", ""numpy"": ""2.5.1"", ""scipy"": ""1.18.0"", ""matplotlib"": ""3.11.0"", ""pandas"": ""3.0.3"", ""qutip"": ""5.3.0"", ""stim"": ""1.16.0"", ""gmpy2"": ""2.3.1"", ""nbformat"": ""5.10.4"", ""nbclient"": ""0.11.0""}",Windows,11,Gercom,2026-07-21T12:28:07.832548+00:00
P12_boundary_variability,P12_boundary_variability:diamond_heterogeneous:dd90bb7c99f2fc7e:L2:207:m10-intent:0,diamond_heterogeneous,dd90bb7c99f2fc7e,207,m10-intent,L2,iterative_analytical,0,10,10,0.6,0.05,0.02,,True,r1 -> bad -> r3,2,True,,,,0.6863749999999998,0,0.000435,VIOLATED,False,3,0.7695,0.7695,0.08312500000000012,1.783894,False,,1044,3,0,0,0,0,0.06019146251,cd4844392a2bea4890c50e55a3fb3b684b833e14ef88501eb7b3d0e9df25cb99,False,,,,False,,3eada4d39cc676240b3278de813f19477e0b0eb8,1f2680a5b9065e708a7497adc53a95b108029b98,3.13.14,2.5.1,"{""pydantic"": ""2.13.4"", ""yaml"": ""6.0.3"", ""networkx"": ""3.6.1"", ""numpy"": ""2.5.1"", ""scipy"": ""1.18.0"", ""matplotlib"": ""3.11.0"", ""pandas"": ""3.0.3"", ""qutip"": ""5.3.0"", ""stim"": ""1.16.0"", ""gmpy2"": ""2.3.1"", ""nbformat"": ""5.10.4"", ""nbclient"": ""0.11.0""}",Windows,11,Gercom,2026-07-21T12:28:13.060896+00:00
P12_boundary_variability,P12_boundary_variability:diamond_heterogeneous:dd90bb7c99f2fc7e:L2:208:m10-intent:0,diamond_heterogeneous,dd90bb7c99f2fc7e,208,m10-intent,L2,iterative_analytical,0,10,10,0.6,0.05,0.02,,True,r1 -> bad -> r3,2,True,,,,0.6863749999999998,0,0.000641,VIOLATED,False,3,0.7695,0.7695,0.08312500000000012,1.940979,False,,798,4,0,0,0,0,0.06018925001,00501d1b79c21abf7ecc06a8364b9ca4a57679c03a061b329cbe6666bbcdcf1e,False,,,,False,,3eada4d39cc676240b3278de813f19477e0b0eb8,1f2680a5b9065e708a7497adc53a95b108029b98,3.13.14,2.5.1,"{""pydantic"": ""2.13.4"", ""yaml"": ""6.0.3"", ""networkx"": ""3.6.1"", ""numpy"": ""2.5.1"", ""scipy"": ""1.18.0"", ""matplotlib"": ""3.11.0"", ""pandas"": ""3.0.3"", ""qutip"": ""5.3.0"", ""stim"": ""1.16.0"", ""gmpy2"": ""2.3.1"", ""nbformat"": ""5.10.4"", ""nbclient"": ""0.11.0""}",Windows,11,Gercom,2026-07-21T12:28:18.344813+00:00
P12_boundary_variability,P12_boundary_variability:diamond_heterogeneous:dd90bb7c99f2fc7e:L2:209:m10-intent:0,diamond_heterogeneous,dd90bb7c99f2fc7e,209,m10-intent,L2,iterative_analytical,0,10,10,0.6,0.05,0.02,,True,r1 -> bad -> r3,2,True,,,,0.6863749999999998,0,0.000441,VIOLATED,False,2,0.7695,0.7695,0.08312500000000012,1.774527,False,,1045,2,0,0,0,0,0.06019155001,e6974c5891f4ae4daf4bc143e227cedab1d06b2404c2b67f5b11f47fd5abe89b,False,,,,False,,3eada4d39cc676240b3278de813f19477e0b0eb8,1f2680a5b9065e708a7497adc53a95b108029b98,3.13.14,2.5.1,"{""pydantic"": ""2.13.4"", ""yaml"": ""6.0.3"", ""networkx"": ""3.6.1"", ""numpy"": ""2.5.1"", ""scipy"": ""1.18.0"", ""matplotlib"": ""3.11.0"", ""pandas"": ""3.0.3"", ""qutip"": ""5.3.0"", ""stim"": ""1.16.0"", ""gmpy2"": ""2.3.1"", ""nbformat"": ""5.10.4"", ""nbclient"": ""0.11.0""}",Windows,11,Gercom,2026-07-21T12:28:23.429029+00:00
P12_boundary_variability,P12_boundary_variability:diamond_heterogeneous:dd90bb7c99f2fc7e:L2:210:m10-intent:0,diamond_heterogeneous,dd90bb7c99f2fc7e,210,m10-intent,L2,iterative_analytical,0,10,10,0.6,0.05,0.02,,True,r1 -> bad -> r3,2,True,,,,0.6863749999999998,0,0.000448,VIOLATED,False,4,0.7695,0.7695,0.08312500000000012,1.694087,False,,1049,4,0,0,0,0,0.06019147501,4a049ca4d7a32075b77169ab36128efafd1c956c1595495f6ffdb4bc8cf1d608,False,,,,False,,3eada4d39cc676240b3278de813f19477e0b0eb8,1f2680a5b9065e708a7497adc53a95b108029b98,3.13.14,2.5.1,"{""pydantic"": ""2.13.4"", ""yaml"": ""6.0.3"", ""networkx"": ""3.6.1"", ""numpy"": ""2.5.1"", ""scipy"": ""1.18.0"", ""matplotlib"": ""3.11.0"", ""pandas"": ""3.0.3"", ""qutip"": ""5.3.0"", ""stim"": ""1.16.0"", ""gmpy2"": ""2.3.1"", ""nbformat"": ""5.10.4"", ""nbclient"": ""0.11.0""}",Windows,11,Gercom,2026-07-21T12:28:28.505947+00:00
P12_boundary_variability,P12_boundary_variability:diamond_heterogeneous:dd90bb7c99f2fc7e:L2:211:m10-intent:0,diamond_heterogeneous,dd90bb7c99f2fc7e,211,m10-intent,L2,iterative_analytical,0,10,10,0.6,0.05,0.02,,True,r1 -> bad -> r3,2,True,,,,0.6863749999999998,0,0.000422,VIOLATED,False,4,0.7695,0.7695,0.08312500000000012,1.797266,False,,1023,4,0,0,0,0,0.06018646251,26f084202778df2e60d205cd13845bd3bf7d06b57bf00e5359f90fe25b84bf7e,False,,,,False,,3eada4d39cc676240b3278de813f19477e0b0eb8,1f2680a5b9065e708a7497adc53a95b108029b98,3.13.14,2.5.1,"{""pydantic"": ""2.13.4"", ""yaml"": ""6.0.3"", ""networkx"": ""3.6.1"", ""numpy"": ""2.5.1"", ""scipy"": ""1.18.0"", ""matplotlib"": ""3.11.0"", ""pandas"": ""3.0.3"", ""qutip"": ""5.3.0"", ""stim"": ""1.16.0"", ""gmpy2"": ""2.3.1"", ""nbformat"": ""5.10.4"", ""nbclient"": ""0.11.0""}",Windows,11,Gercom,2026-07-21T12:28:33.682465+00:00
P12_boundary_variability,P12_boundary_variability:diamond_heterogeneous:dd90bb7c99f2fc7e:L2:212:m10-intent:0,diamond_heterogeneous,dd90bb7c99f2fc7e,212,m10-intent,L2,iterative_analytical,0,10,10,0.6,0.05,0.02,,True,r1 -> bad -> r3,2,True,,,,0.6863749999999998,0,0.000434,VIOLATED,False,6,0.7695,0.7695,0.08312500000000012,1.75416,False,,1044,6,0,0,0,0,0.06019656251,7866513a8c97bd9f2c1f84abf984dc042e13efeba11ab8ca596755295794eda2,False,,,,False,,3eada4d39cc676240b3278de813f19477e0b0eb8,1f2680a5b9065e708a7497adc53a95b108029b98,3.13.14,2.5.1,"{""pydantic"": ""2.13.4"", ""yaml"": ""6.0.3"", ""networkx"": ""3.6.1"", ""numpy"": ""2.5.1"", ""scipy"": ""1.18.0"", ""matplotlib"": ""3.11.0"", ""pandas"": ""3.0.3"", ""qutip"": ""5.3.0"", ""stim"": ""1.16.0"", ""gmpy2"": ""2.3.1"", ""nbformat"": ""5.10.4"", ""nbclient"": ""0.11.0""}",Windows,11,Gercom,2026-07-21T12:28:38.733695+00:00
P12_boundary_variability,P12_boundary_variability:diamond_heterogeneous:dd90bb7c99f2fc7e:L2:213:m10-intent:0,diamond_heterogeneous,dd90bb7c99f2fc7e,213,m10-intent,L2,iterative_analytical,0,10,10,0.6,0.05,0.02,,True,r1 -> bad -> r3,2,True,,,,0.6863749999999998,0,0.000426,VIOLATED,False,4,0.7695,0.7695,0.08312500000000012,1.766549,False,,1041,4,0,0,0,0,0.06018647501,d654c97ac54cd527bddd0ac3202bfacea4c90702e402395432f235977b808641,False,,,,False,,3eada4d39cc676240b3278de813f19477e0b0eb8,1f2680a5b9065e708a7497adc53a95b108029b98,3.13.14,2.5.1,"{""pydantic"": ""2.13.4"", ""yaml"": ""6.0.3"", ""networkx"": ""3.6.1"", ""numpy"": ""2.5.1"", ""scipy"": ""1.18.0"", ""matplotlib"": ""3.11.0"", ""pandas"": ""3.0.3"", ""qutip"": ""5.3.0"", ""stim"": ""1.16.0"", ""gmpy2"": ""2.3.1"", ""nbformat"": ""5.10.4"", ""nbclient"": ""0.11.0""}",Windows,11,Gercom,2026-07-21T12:28:44.010241+00:00
P12_boundary_variability,P12_boundary_variability:diamond_heterogeneous:dd90bb7c99f2fc7e:L2:214:m10-intent:0,diamond_heterogeneous,dd90bb7c99f2fc7e,214,m10-intent,L2,iterative_analytical,0,10,10,0.6,0.05,0.02,,True,r1 -> bad -> r3,2,True,,,,0.6863749999999998,0,0.000433,VIOLATED,False,3,0.7695,0.7695,0.08312500000000012,2.265727,False,,1043,3,0,0,0,0,0.06018146251,7125ce8f997407053293b3240e77ee333c86ee5d86565609f365435bba77e9de,False,,,,False,,3eada4d39cc676240b3278de813f19477e0b0eb8,1f2680a5b9065e708a7497adc53a95b108029b98,3.13.14,2.5.1,"{""pydantic"": ""2.13.4"", ""yaml"": ""6.0.3"", ""networkx"": ""3.6.1"", ""numpy"": ""2.5.1"", ""scipy"": ""1.18.0"", ""matplotlib"": ""3.11.0"", ""pandas"": ""3.0.3"", ""qutip"": ""5.3.0"", ""stim"": ""1.16.0"", ""gmpy2"": ""2.3.1"", ""nbformat"": ""5.10.4"", ""nbclient"": ""0.11.0""}",Windows,11,Gercom,2026-07-21T12:28:49.715704+00:00
P12_boundary_variability,P12_boundary_variability:diamond_heterogeneous:dd90bb7c99f2fc7e:L2:215:m10-intent:0,diamond_heterogeneous,dd90bb7c99f2fc7e,215,m10-intent,L2,iterative_analytical,0,10,10,0.6,0.05,0.02,,True,r1 -> bad -> r3,2,True,,,,0.6863749999999998,0,0.000458,VIOLATED,False,4,0.7695,0.7695,0.08312500000000012,2.088121,False,,968,5,0,0,0,0,0.06018643751,a90d1e3cbd256bb6efdd219cb75811c56f3afb118d8cbb4f6545c06a4aecbb48,False,,,,False,,3eada4d39cc676240b3278de813f19477e0b0eb8,1f2680a5b9065e708a7497adc53a95b108029b98,3.13.14,2.5.1,"{""pydantic"": ""2.13.4"", ""yaml"": ""6.0.3"", ""networkx"": ""3.6.1"", ""numpy"": ""2.5.1"", ""scipy"": ""1.18.0"", ""matplotlib"": ""3.11.0"", ""pandas"": ""3.0.3"", ""qutip"": ""5.3.0"", ""stim"": ""1.16.0"", ""gmpy2"": ""2.3.1"", ""nbformat"": ""5.10.4"", ""nbclient"": ""0.11.0""}",Windows,11,Gercom,2026-07-21T12:28:55.232168+00:00
P12_boundary_variability,P12_boundary_variability:diamond_heterogeneous:dd90bb7c99f2fc7e:L2:216:m10-intent:0,diamond_heterogeneous,dd90bb7c99f2fc7e,216,m10-intent,L2,iterative_analytical,0,10,10,0.6,0.05,0.02,,True,r1 -> bad -> r3,2,True,,,,0.6863749999999998,0,0.000422,VIOLATED,False,4,0.7695,0.7695,0.08312500000000012,1.999646,False,,1038,4,0,0,0,0,0.06018648751,bfc02adf4ee332fe22e97dcf4e472ba63e93682d905fd42df3a28d6b8faf07f3,False,,,,False,,3eada4d39cc676240b3278de813f19477e0b0eb8,1f2680a5b9065e708a7497adc53a95b108029b98,3.13.14,2.5.1,"{""pydantic"": ""2.13.4"", ""yaml"": ""6.0.3"", ""networkx"": ""3.6.1"", ""numpy"": ""2.5.1"", ""scipy"": ""1.18.0"", ""matplotlib"": ""3.11.0"", ""pandas"": ""3.0.3"", ""qutip"": ""5.3.0"", ""stim"": ""1.16.0"", ""gmpy2"": ""2.3.1"", ""nbformat"": ""5.10.4"", ""nbclient"": ""0.11.0""}",Windows,11,Gercom,2026-07-21T12:29:00.590069+00:00
P12_boundary_variability,P12_boundary_variability:diamond_heterogeneous:dd90bb7c99f2fc7e:L2:217:m10-intent:0,diamond_heterogeneous,dd90bb7c99f2fc7e,217,m10-intent,L2,iterative_analytical,0,10,10,0.6,0.05,0.02,,True,r1 -> bad -> r3,2,True,,,,0.6863749999999998,0,0.001276,VIOLATED,False,4,0.7695,0.7695,0.08312500000000012,4.323938,False,,999,5,0,0,0,0,0.06019425001,ea4178c2d1b6de60ccbd0c787ae569603c0dd7d13cb272be806a6af62b3b92bb,False,,,,False,,3eada4d39cc676240b3278de813f19477e0b0eb8,1f2680a5b9065e708a7497adc53a95b108029b98,3.13.14,2.5.1,"{""pydantic"": ""2.13.4"", ""yaml"": ""6.0.3"", ""networkx"": ""3.6.1"", ""numpy"": ""2.5.1"", ""scipy"": ""1.18.0"", ""matplotlib"": ""3.11.0"", ""pandas"": ""3.0.3"", ""qutip"": ""5.3.0"", ""stim"": ""1.16.0"", ""gmpy2"": ""2.3.1"", ""nbformat"": ""5.10.4"", ""nbclient"": ""0.11.0""}",Windows,11,Gercom,2026-07-21T12:29:31.889347+00:00
P12_boundary_variability,P12_boundary_variability:diamond_heterogeneous:dd90bb7c99f2fc7e:L2:218:m10-intent:0,diamond_heterogeneous,dd90bb7c99f2fc7e,218,m10-intent,L2,iterative_analytical,0,10,10,0.6,0.05,0.02,,True,r1 -> bad -> r3,2,True,,,,0.6863749999999998,0,0.000587,VIOLATED,False,2,0.7695,0.7695,0.08312500000000012,3.413979,False,,1054,2,0,0,0,0,0.06018650001,3c34dda63ae9aa4a59f9b2551bc67dc4a4694eef5f95321a30c5fbb14f1b2939,False,,,,False,,3eada4d39cc676240b3278de813f19477e0b0eb8,1f2680a5b9065e708a7497adc53a95b108029b98,3.13.14,2.5.1,"{""pydantic"": ""2.13.4"", ""yaml"": ""6.0.3"", ""networkx"": ""3.6.1"", ""numpy"": ""2.5.1"", ""scipy"": ""1.18.0"", ""matplotlib"": ""3.11.0"", ""pandas"": ""3.0.3"", ""qutip"": ""5.3.0"", ""stim"": ""1.16.0"", ""gmpy2"": ""2.3.1"", ""nbformat"": ""5.10.4"", ""nbclient"": ""0.11.0""}",Windows,11,Gercom,2026-07-21T12:29:39.145042+00:00
P12_boundary_variability,P12_boundary_variability:diamond_heterogeneous:dd90bb7c99f2fc7e:L2:219:m10-intent:0,diamond_heterogeneous,dd90bb7c99f2fc7e,219,m10-intent,L2,iterative_analytical,0,10,10,0.6,0.05,0.02,,True,r1 -> bad -> r3,2,True,,,,0.6863749999999998,0,0.001463,VIOLATED,False,1,0.7695,0.7695,0.08312500000000012,2.924578,False,,1053,1,0,0,0,0,0.06018641251,c6d89f1a6b8b1dd299f73dc6c99540c281946534776c4f7a4aa9ffcc285af699,False,,,,False,,3eada4d39cc676240b3278de813f19477e0b0eb8,1f2680a5b9065e708a7497adc53a95b108029b98,3.13.14,2.5.1,"{""pydantic"": ""2.13.4"", ""yaml"": ""6.0.3"", ""networkx"": ""3.6.1"", ""numpy"": ""2.5.1"", ""scipy"": ""1.18.0"", ""matplotlib"": ""3.11.0"", ""pandas"": ""3.0.3"", ""qutip"": ""5.3.0"", ""stim"": ""1.16.0"", ""gmpy2"": ""2.3.1"", ""nbformat"": ""5.10.4"", ""nbclient"": ""0.11.0""}",Windows,11,Gercom,2026-07-21T12:29:47.537891+00:00
P12_boundary_variability,P12_boundary_variability:diamond_heterogeneous:dd90bb7c99f2fc7e:L2:220:m10-intent:0,diamond_heterogeneous,dd90bb7c99f2fc7e,220,m10-intent,L2,iterative_analytical,0,10,10,0.6,0.05,0.02,,True,r1 -> bad -> r3,2,True,,,,0.6863749999999998,0,0.000913,VIOLATED,False,3,0.7695,0.7695,0.08312500000000012,4.665728,False,,1007,3,0,0,0,0,0.06018651251,02148ebca728e6db8b6a754d0d384bf7454b7205852d19e835ea86d6981f373a,False,,,,False,,3eada4d39cc676240b3278de813f19477e0b0eb8,1f2680a5b9065e708a7497adc53a95b108029b98,3.13.14,2.5.1,"{""pydantic"": ""2.13.4"", ""yaml"": ""6.0.3"", ""networkx"": ""3.6.1"", ""numpy"": ""2.5.1"", ""scipy"": ""1.18.0"", ""matplotlib"": ""3.11.0"", ""pandas"": ""3.0.3"", ""qutip"": ""5.3.0"", ""stim"": ""1.16.0"", ""gmpy2"": ""2.3.1"", ""nbformat"": ""5.10.4"", ""nbclient"": ""0.11.0""}",Windows,11,Gercom,2026-07-21T12:29:56.753498+00:00
P12_boundary_variability,P12_boundary_variability:diamond_heterogeneous:dd90bb7c99f2fc7e:L2:221:m10-intent:0,diamond_heterogeneous,dd90bb7c99f2fc7e,221,m10-intent,L2,iterative_analytical,0,10,10,0.6,0.05,0.02,,True,r1 -> bad -> r3,2,True,,,,0.6863749999999998,0,0.000684,VIOLATED,False,4,0.7695,0.7695,0.08312500000000012,3.437593,False,,990,4,0,0,0,0,0.06018648751,ee21c9efad6e873afca0b53a0a2d05f4f52d921584c019ec349800dff4b2f2f5,False,,,,False,,3eada4d39cc676240b3278de813f19477e0b0eb8,1f2680a5b9065e708a7497adc53a95b108029b98,3.13.14,2.5.1,"{""pydantic"": ""2.13.4"", ""yaml"": ""6.0.3"", ""networkx"": ""3.6.1"", ""numpy"": ""2.5.1"", ""scipy"": ""1.18.0"", ""matplotlib"": ""3.11.0"", ""pandas"": ""3.0.3"", ""qutip"": ""5.3.0"", ""stim"": ""1.16.0"", ""gmpy2"": ""2.3.1"", ""nbformat"": ""5.10.4"", ""nbclient"": ""0.11.0""}",Windows,11,Gercom,2026-07-21T12:30:06.355108+00:00
P12_boundary_variability,P12_boundary_variability:diamond_heterogeneous:dd90bb7c99f2fc7e:L2:222:m10-intent:0,diamond_heterogeneous,dd90bb7c99f2fc7e,222,m10-intent,L2,iterative_analytical,0,10,10,0.6,0.05,0.02,,True,r1 -> bad -> r3,2,True,,,,0.6863749999999998,0,0.001254,VIOLATED,False,0,,,,5.481277,False,,1060,0,0,0,0,0,0.06018650001,528d4a1cef48d51aab61529d7d1dd2cf678243a46b59966287753e8310912642,False,,,,False,,3eada4d39cc676240b3278de813f19477e0b0eb8,1f2680a5b9065e708a7497adc53a95b108029b98,3.13.14,2.5.1,"{""pydantic"": ""2.13.4"", ""yaml"": ""6.0.3"", ""networkx"": ""3.6.1"", ""numpy"": ""2.5.1"", ""scipy"": ""1.18.0"", ""matplotlib"": ""3.11.0"", ""pandas"": ""3.0.3"", ""qutip"": ""5.3.0"", ""stim"": ""1.16.0"", ""gmpy2"": ""2.3.1"", ""nbformat"": ""5.10.4"", ""nbclient"": ""0.11.0""}",Windows,11,Gercom,2026-07-21T12:30:16.583827+00:00
P12_boundary_variability,P12_boundary_variability:diamond_heterogeneous:dd90bb7c99f2fc7e:L2:223:m10-intent:0,diamond_heterogeneous,dd90bb7c99f2fc7e,223,m10-intent,L2,iterative_analytical,0,10,10,0.6,0.05,0.02,,True,r1 -> bad -> r3,2,True,,,,0.6863749999999998,0,0.000528,VIOLATED,False,4,0.7695,0.7695,0.08312500000000012,3.775206,False,,948,6,0,0,0,0,0.06018920001,8c5ec226926a23ffc33b7c6e457c878ff175fce06bc1dc55625717643af30739,False,,,,False,,3eada4d39cc676240b3278de813f19477e0b0eb8,1f2680a5b9065e708a7497adc53a95b108029b98,3.13.14,2.5.1,"{""pydantic"": ""2.13.4"", ""yaml"": ""6.0.3"", ""networkx"": ""3.6.1"", ""numpy"": ""2.5.1"", ""scipy"": ""1.18.0"", ""matplotlib"": ""3.11.0"", ""pandas"": ""3.0.3"", ""qutip"": ""5.3.0"", ""stim"": ""1.16.0"", ""gmpy2"": ""2.3.1"", ""nbformat"": ""5.10.4"", ""nbclient"": ""0.11.0""}",Windows,11,Gercom,2026-07-21T12:30:23.999567+00:00
P12_boundary_variability,P12_boundary_variability:diamond_heterogeneous:dd90bb7c99f2fc7e:L2:224:m10-intent:0,diamond_heterogeneous,dd90bb7c99f2fc7e,224,m10-intent,L2,iterative_analytical,0,10,10,0.6,0.05,0.02,,True,r1 -> bad -> r3,2,True,,,,0.6863749999999998,0,0.000475,VIOLATED,False,3,0.7695,0.7695,0.08312500000000012,3.559357,False,,1051,3,0,0,0,0,0.06019152501,58d8a3d94ef301b0f6cfdd4e00c36f96c41ae167d0720d73097467ac29ac82d3,False,,,,False,,3eada4d39cc676240b3278de813f19477e0b0eb8,1f2680a5b9065e708a7497adc53a95b108029b98,3.13.14,2.5.1,"{""pydantic"": ""2.13.4"", ""yaml"": ""6.0.3"", ""networkx"": ""3.6.1"", ""numpy"": ""2.5.1"", ""scipy"": ""1.18.0"", ""matplotlib"": ""3.11.0"", ""pandas"": ""3.0.3"", ""qutip"": ""5.3.0"", ""stim"": ""1.16.0"", ""gmpy2"": ""2.3.1"", ""nbformat"": ""5.10.4"", ""nbclient"": ""0.11.0""}",Windows,11,Gercom,2026-07-21T12:30:31.230042+00:00
P12_boundary_variability,P12_boundary_variability:diamond_heterogeneous:dd90bb7c99f2fc7e:L2:225:m10-intent:0,diamond_heterogeneous,dd90bb7c99f2fc7e,225,m10-intent,L2,iterative_analytical,0,10,10,0.6,0.05,0.02,,True,r1 -> bad -> r3,2,True,,,,0.6863749999999998,0,0.000894,VIOLATED,False,5,0.7695,0.7695,0.08312500000000012,2.810148,False,,930,6,0,0,0,0,0.06019931251,9ccd3a71dce38d235a168d35c14764281612f810ca6db52a3324de29c7ee3573,False,,,,False,,3eada4d39cc676240b3278de813f19477e0b0eb8,1f2680a5b9065e708a7497adc53a95b108029b98,3.13.14,2.5.1,"{""pydantic"": ""2.13.4"", ""yaml"": ""6.0.3"", ""networkx"": ""3.6.1"", ""numpy"": ""2.5.1"", ""scipy"": ""1.18.0"", ""matplotlib"": ""3.11.0"", ""pandas"": ""3.0.3"", ""qutip"": ""5.3.0"", ""stim"": ""1.16.0"", ""gmpy2"": ""2.3.1"", ""nbformat"": ""5.10.4"", ""nbclient"": ""0.11.0""}",Windows,11,Gercom,2026-07-21T12:30:37.767867+00:00
P12_boundary_variability,P12_boundary_variability:diamond_heterogeneous:dd90bb7c99f2fc7e:L2:226:m10-intent:0,diamond_heterogeneous,dd90bb7c99f2fc7e,226,m10-intent,L2,iterative_analytical,0,10,10,0.6,0.05,0.02,,True,r1 -> bad -> r3,2,True,,,,0.6863749999999998,0,0.00121,VIOLATED,False,4,0.7695,0.7695,0.08312500000000012,2.683587,False,,977,4,0,0,0,0,0.06018642501,1ca5c6cf3cb6342e20f6ce7ba2c83eb9df33d50da42bbd7d77c8723dc50a6f96,False,,,,False,,3eada4d39cc676240b3278de813f19477e0b0eb8,1f2680a5b9065e708a7497adc53a95b108029b98,3.13.14,2.5.1,"{""pydantic"": ""2.13.4"", ""yaml"": ""6.0.3"", ""networkx"": ""3.6.1"", ""numpy"": ""2.5.1"", ""scipy"": ""1.18.0"", ""matplotlib"": ""3.11.0"", ""pandas"": ""3.0.3"", ""qutip"": ""5.3.0"", ""stim"": ""1.16.0"", ""gmpy2"": ""2.3.1"", ""nbformat"": ""5.10.4"", ""nbclient"": ""0.11.0""}",Windows,11,Gercom,2026-07-21T12:30:45.093938+00:00
P12_boundary_variability,P12_boundary_variability:diamond_heterogeneous:dd90bb7c99f2fc7e:L2:227:m10-intent:0,diamond_heterogeneous,dd90bb7c99f2fc7e,227,m10-intent,L2,iterative_analytical,0,10,10,0.6,0.05,0.02,,True,r1 -> bad -> r3,2,True,,,,0.6863749999999998,0,0.000417,VIOLATED,False,1,0.7695,0.7695,0.08312500000000012,1.588495,False,,1050,1,0,0,0,0,0.06019152501,882a4abc07051f0c2de36b5b733d9388167107a88cc5fcaedd7921cc5d3aad8f,False,,,,False,,3eada4d39cc676240b3278de813f19477e0b0eb8,1f2680a5b9065e708a7497adc53a95b108029b98,3.13.14,2.5.1,"{""pydantic"": ""2.13.4"", ""yaml"": ""6.0.3"", ""networkx"": ""3.6.1"", ""numpy"": ""2.5.1"", ""scipy"": ""1.18.0"", ""matplotlib"": ""3.11.0"", ""pandas"": ""3.0.3"", ""qutip"": ""5.3.0"", ""stim"": ""1.16.0"", ""gmpy2"": ""2.3.1"", ""nbformat"": ""5.10.4"", ""nbclient"": ""0.11.0""}",Windows,11,Gercom,2026-07-21T12:30:49.996664+00:00
P12_boundary_variability,P12_boundary_variability:diamond_heterogeneous:dd90bb7c99f2fc7e:L2:228:m10-intent:0,diamond_heterogeneous,dd90bb7c99f2fc7e,228,m10-intent,L2,iterative_analytical,0,10,10,0.6,0.05,0.02,,True,r1 -> bad -> r3,2,True,,,,0.6863749999999998,0,0.000432,VIOLATED,False,3,0.7695,0.7695,0.08312500000000012,1.848952,False,,866,6,0,0,0,0,0.06019147501,9d2fba80d861fd7d7d0916d22eefaefb22b5be3afde32efafc40b58c167dd082,False,,,,False,,3eada4d39cc676240b3278de813f19477e0b0eb8,1f2680a5b9065e708a7497adc53a95b108029b98,3.13.14,2.5.1,"{""pydantic"": ""2.13.4"", ""yaml"": ""6.0.3"", ""networkx"": ""3.6.1"", ""numpy"": ""2.5.1"", ""scipy"": ""1.18.0"", ""matplotlib"": ""3.11.0"", ""pandas"": ""3.0.3"", ""qutip"": ""5.3.0"", ""stim"": ""1.16.0"", ""gmpy2"": ""2.3.1"", ""nbformat"": ""5.10.4"", ""nbclient"": ""0.11.0""}",Windows,11,Gercom,2026-07-21T12:30:55.195229+00:00
P12_boundary_variability,P12_boundary_variability:diamond_heterogeneous:dd90bb7c99f2fc7e:L2:229:m10-intent:0,diamond_heterogeneous,dd90bb7c99f2fc7e,229,m10-intent,L2,iterative_analytical,0,10,10,0.6,0.05,0.02,,True,r1 -> bad -> r3,2,True,,,,0.6863749999999998,0,0.000414,VIOLATED,False,2,0.7695,0.7695,0.08312500000000012,2.278572,False,,1049,2,0,0,0,0,0.06019143751,22333d165be72a4b6343301f19798447a263f61311837399da16dc7fd9c69c08,False,,,,False,,3eada4d39cc676240b3278de813f19477e0b0eb8,1f2680a5b9065e708a7497adc53a95b108029b98,3.13.14,2.5.1,"{""pydantic"": ""2.13.4"", ""yaml"": ""6.0.3"", ""networkx"": ""3.6.1"", ""numpy"": ""2.5.1"", ""scipy"": ""1.18.0"", ""matplotlib"": ""3.11.0"", ""pandas"": ""3.0.3"", ""qutip"": ""5.3.0"", ""stim"": ""1.16.0"", ""gmpy2"": ""2.3.1"", ""nbformat"": ""5.10.4"", ""nbclient"": ""0.11.0""}",Windows,11,Gercom,2026-07-21T12:31:00.871013+00:00
