campaign,trial_id,scenario,parameter_hash,seed,intent_id,planner_level,planner_name,replay_index,reserved_memory_slots,min_delivered_pairs,requested_fidelity,duration_s,attenuation_db_per_m,distance_m,allow_purification,route,hop_count,feasible,rejection_reason,predicted_satisfaction_probability,predicted_delivered_pairs,predicted_average_fidelity,purification_rounds_estimate,planning_time_s,final_status,satisfied,delivered_pairs,average_fidelity,observed_fidelity,absolute_fidelity_error,simulation_wall_time_s,timed_out,timeout_s,eg_attempts,eg_success,ep_attempts,ep_success,es_attempts,es_success,timeline_end_time_s,trajectory_hash,determinism_enabled,master_seed,execution_seed_used,namespace_seeds_json,python_random_reseeded,python_hash_seed_env_value,project_git_commit,sequence_git_commit,python_version,numpy_version,dependency_versions_json,platform_system,platform_release,hostname,timestamp
P10_replay_determinism,P10_replay_determinism:three_node:2440637261479250:L2:7:m10-intent:0,three_node,2440637261479250,7,m10-intent,L2,iterative_analytical,0,10,10,0.65,0.05,1e-05,,True,a -> r -> b,2,True,,,,0.6863749999999998,0,0.000759,SATISFIED,True,241.0,0.6863749999999998,0.6863749999999998,0.0,4.475026,False,,629.0,244.0,0.0,0.0,0.0,0.0,0.06015400001,4ce50ce417b8dc9a7db152cc66623a6ed7951b72c335ec05de3cb8cc90262a22,False,,,,False,,ed1532f836e1464f3192d519aceaf7f4df8e343e,1f2680a5b9065e708a7497adc53a95b108029b98,3.13.14,2.5.1,"{""pydantic"": ""2.13.4"", ""yaml"": ""6.0.3"", ""networkx"": ""3.6.1"", ""numpy"": ""2.5.1"", ""scipy"": ""1.18.0"", ""matplotlib"": ""3.11.0"", ""pandas"": ""3.0.3"", ""qutip"": ""5.3.0"", ""stim"": ""1.16.0"", ""gmpy2"": ""2.3.1"", ""nbformat"": ""5.10.4"", ""nbclient"": ""0.11.0""}",Windows,11,Gercom,2026-07-19T16:08:38.508539+00:00
P10_replay_determinism,P10_replay_determinism:three_node:2440637261479250:L2:7:m10-intent:1,three_node,2440637261479250,7,m10-intent,L2,iterative_analytical,1,10,10,0.65,0.05,1e-05,,True,a -> r -> b,2,True,,,,0.6863749999999998,0,0.000759,SATISFIED,True,241.0,0.6863749999999998,0.6863749999999998,0.0,5.121482,False,,629.0,244.0,0.0,0.0,0.0,0.0,0.06015400001,4ce50ce417b8dc9a7db152cc66623a6ed7951b72c335ec05de3cb8cc90262a22,False,,,,False,,ed1532f836e1464f3192d519aceaf7f4df8e343e,1f2680a5b9065e708a7497adc53a95b108029b98,3.13.14,2.5.1,"{""pydantic"": ""2.13.4"", ""yaml"": ""6.0.3"", ""networkx"": ""3.6.1"", ""numpy"": ""2.5.1"", ""scipy"": ""1.18.0"", ""matplotlib"": ""3.11.0"", ""pandas"": ""3.0.3"", ""qutip"": ""5.3.0"", ""stim"": ""1.16.0"", ""gmpy2"": ""2.3.1"", ""nbformat"": ""5.10.4"", ""nbclient"": ""0.11.0""}",Windows,11,Gercom,2026-07-19T16:08:51.636652+00:00
P10_replay_determinism,P10_replay_determinism:three_node:2440637261479250:L2:7:m10-intent:2,three_node,2440637261479250,7,m10-intent,L2,iterative_analytical,2,10,10,0.65,0.05,1e-05,,True,a -> r -> b,2,True,,,,0.6863749999999998,0,0.000759,SATISFIED,True,241.0,0.6863749999999998,0.6863749999999998,0.0,5.017157,False,,629.0,244.0,0.0,0.0,0.0,0.0,0.06015400001,4ce50ce417b8dc9a7db152cc66623a6ed7951b72c335ec05de3cb8cc90262a22,False,,,,False,,ed1532f836e1464f3192d519aceaf7f4df8e343e,1f2680a5b9065e708a7497adc53a95b108029b98,3.13.14,2.5.1,"{""pydantic"": ""2.13.4"", ""yaml"": ""6.0.3"", ""networkx"": ""3.6.1"", ""numpy"": ""2.5.1"", ""scipy"": ""1.18.0"", ""matplotlib"": ""3.11.0"", ""pandas"": ""3.0.3"", ""qutip"": ""5.3.0"", ""stim"": ""1.16.0"", ""gmpy2"": ""2.3.1"", ""nbformat"": ""5.10.4"", ""nbclient"": ""0.11.0""}",Windows,11,Gercom,2026-07-19T16:09:04.257439+00:00
P10_replay_determinism,P10_replay_determinism:three_node:2440637261479250:L2:7:m10-intent:3,three_node,2440637261479250,7,m10-intent,L2,iterative_analytical,3,10,10,0.65,0.05,1e-05,,True,a -> r -> b,2,True,,,,0.6863749999999998,0,0.00073,SATISFIED,True,241.0,0.6863749999999998,0.6863749999999998,0.0,5.535605,False,,629.0,244.0,0.0,0.0,0.0,0.0,0.06015400001,4ce50ce417b8dc9a7db152cc66623a6ed7951b72c335ec05de3cb8cc90262a22,False,,,,False,,ed1532f836e1464f3192d519aceaf7f4df8e343e,1f2680a5b9065e708a7497adc53a95b108029b98,3.13.14,2.5.1,"{""pydantic"": ""2.13.4"", ""yaml"": ""6.0.3"", ""networkx"": ""3.6.1"", ""numpy"": ""2.5.1"", ""scipy"": ""1.18.0"", ""matplotlib"": ""3.11.0"", ""pandas"": ""3.0.3"", ""qutip"": ""5.3.0"", ""stim"": ""1.16.0"", ""gmpy2"": ""2.3.1"", ""nbformat"": ""5.10.4"", ""nbclient"": ""0.11.0""}",Windows,11,Gercom,2026-07-19T16:09:17.628351+00:00
P10_replay_determinism,P10_replay_determinism:three_node:2440637261479250:L2:7:m10-intent:4,three_node,2440637261479250,7,m10-intent,L2,iterative_analytical,4,10,10,0.65,0.05,1e-05,,True,a -> r -> b,2,True,,,,0.6863749999999998,0,0.000759,SATISFIED,True,241.0,0.6863749999999998,0.6863749999999998,0.0,5.434203,False,,629.0,244.0,0.0,0.0,0.0,0.0,0.06015400001,4ce50ce417b8dc9a7db152cc66623a6ed7951b72c335ec05de3cb8cc90262a22,False,,,,False,,ed1532f836e1464f3192d519aceaf7f4df8e343e,1f2680a5b9065e708a7497adc53a95b108029b98,3.13.14,2.5.1,"{""pydantic"": ""2.13.4"", ""yaml"": ""6.0.3"", ""networkx"": ""3.6.1"", ""numpy"": ""2.5.1"", ""scipy"": ""1.18.0"", ""matplotlib"": ""3.11.0"", ""pandas"": ""3.0.3"", ""qutip"": ""5.3.0"", ""stim"": ""1.16.0"", ""gmpy2"": ""2.3.1"", ""nbformat"": ""5.10.4"", ""nbclient"": ""0.11.0""}",Windows,11,Gercom,2026-07-19T16:09:31.367884+00:00
P10_replay_determinism,P10_replay_determinism:three_node:2440637261479250:L2:7:m10-intent:5,three_node,2440637261479250,7,m10-intent,L2,iterative_analytical,5,10,10,0.65,0.05,1e-05,,True,a -> r -> b,2,True,,,,0.6863749999999998,0,0.00076,SATISFIED,True,241.0,0.6863749999999998,0.6863749999999998,0.0,5.194224,False,,629.0,244.0,0.0,0.0,0.0,0.0,0.06015400001,4ce50ce417b8dc9a7db152cc66623a6ed7951b72c335ec05de3cb8cc90262a22,False,,,,False,,ed1532f836e1464f3192d519aceaf7f4df8e343e,1f2680a5b9065e708a7497adc53a95b108029b98,3.13.14,2.5.1,"{""pydantic"": ""2.13.4"", ""yaml"": ""6.0.3"", ""networkx"": ""3.6.1"", ""numpy"": ""2.5.1"", ""scipy"": ""1.18.0"", ""matplotlib"": ""3.11.0"", ""pandas"": ""3.0.3"", ""qutip"": ""5.3.0"", ""stim"": ""1.16.0"", ""gmpy2"": ""2.3.1"", ""nbformat"": ""5.10.4"", ""nbclient"": ""0.11.0""}",Windows,11,Gercom,2026-07-19T16:09:44.439277+00:00
P10_replay_determinism,P10_replay_determinism:three_node:2440637261479250:L2:7:m10-intent:6,three_node,2440637261479250,7,m10-intent,L2,iterative_analytical,6,10,10,0.65,0.05,1e-05,,True,a -> r -> b,2,True,,,,0.6863749999999998,0,0.00076,SATISFIED,True,241.0,0.6863749999999998,0.6863749999999998,0.0,4.680604,False,,629.0,244.0,0.0,0.0,0.0,0.0,0.06015400001,4ce50ce417b8dc9a7db152cc66623a6ed7951b72c335ec05de3cb8cc90262a22,False,,,,False,,ed1532f836e1464f3192d519aceaf7f4df8e343e,1f2680a5b9065e708a7497adc53a95b108029b98,3.13.14,2.5.1,"{""pydantic"": ""2.13.4"", ""yaml"": ""6.0.3"", ""networkx"": ""3.6.1"", ""numpy"": ""2.5.1"", ""scipy"": ""1.18.0"", ""matplotlib"": ""3.11.0"", ""pandas"": ""3.0.3"", ""qutip"": ""5.3.0"", ""stim"": ""1.16.0"", ""gmpy2"": ""2.3.1"", ""nbformat"": ""5.10.4"", ""nbclient"": ""0.11.0""}",Windows,11,Gercom,2026-07-19T16:09:56.922268+00:00
P10_replay_determinism,P10_replay_determinism:three_node:2440637261479250:L2:7:m10-intent:7,three_node,2440637261479250,7,m10-intent,L2,iterative_analytical,7,10,10,0.65,0.05,1e-05,,True,a -> r -> b,2,True,,,,0.6863749999999998,0,0.001369,SATISFIED,True,241.0,0.6863749999999998,0.6863749999999998,0.0,4.936254,False,,629.0,244.0,0.0,0.0,0.0,0.0,0.06015400001,4ce50ce417b8dc9a7db152cc66623a6ed7951b72c335ec05de3cb8cc90262a22,False,,,,False,,ed1532f836e1464f3192d519aceaf7f4df8e343e,1f2680a5b9065e708a7497adc53a95b108029b98,3.13.14,2.5.1,"{""pydantic"": ""2.13.4"", ""yaml"": ""6.0.3"", ""networkx"": ""3.6.1"", ""numpy"": ""2.5.1"", ""scipy"": ""1.18.0"", ""matplotlib"": ""3.11.0"", ""pandas"": ""3.0.3"", ""qutip"": ""5.3.0"", ""stim"": ""1.16.0"", ""gmpy2"": ""2.3.1"", ""nbformat"": ""5.10.4"", ""nbclient"": ""0.11.0""}",Windows,11,Gercom,2026-07-19T16:10:09.050938+00:00
P10_replay_determinism,P10_replay_determinism:three_node:2440637261479250:L2:7:m10-intent:8,three_node,2440637261479250,7,m10-intent,L2,iterative_analytical,8,10,10,0.65,0.05,1e-05,,True,a -> r -> b,2,True,,,,0.6863749999999998,0,0.000721,SATISFIED,True,241.0,0.6863749999999998,0.6863749999999998,0.0,6.027726,False,,629.0,244.0,0.0,0.0,0.0,0.0,0.06015400001,4ce50ce417b8dc9a7db152cc66623a6ed7951b72c335ec05de3cb8cc90262a22,False,,,,False,,ed1532f836e1464f3192d519aceaf7f4df8e343e,1f2680a5b9065e708a7497adc53a95b108029b98,3.13.14,2.5.1,"{""pydantic"": ""2.13.4"", ""yaml"": ""6.0.3"", ""networkx"": ""3.6.1"", ""numpy"": ""2.5.1"", ""scipy"": ""1.18.0"", ""matplotlib"": ""3.11.0"", ""pandas"": ""3.0.3"", ""qutip"": ""5.3.0"", ""stim"": ""1.16.0"", ""gmpy2"": ""2.3.1"", ""nbformat"": ""5.10.4"", ""nbclient"": ""0.11.0""}",Windows,11,Gercom,2026-07-19T16:10:22.394163+00:00
P10_replay_determinism,P10_replay_determinism:three_node:2440637261479250:L2:7:m10-intent:9,three_node,2440637261479250,7,m10-intent,L2,iterative_analytical,9,10,10,0.65,0.05,1e-05,,True,a -> r -> b,2,True,,,,0.6863749999999998,0,0.000769,SATISFIED,True,241.0,0.6863749999999998,0.6863749999999998,0.0,6.065891,False,,629.0,244.0,0.0,0.0,0.0,0.0,0.06015400001,4ce50ce417b8dc9a7db152cc66623a6ed7951b72c335ec05de3cb8cc90262a22,False,,,,False,,ed1532f836e1464f3192d519aceaf7f4df8e343e,1f2680a5b9065e708a7497adc53a95b108029b98,3.13.14,2.5.1,"{""pydantic"": ""2.13.4"", ""yaml"": ""6.0.3"", ""networkx"": ""3.6.1"", ""numpy"": ""2.5.1"", ""scipy"": ""1.18.0"", ""matplotlib"": ""3.11.0"", ""pandas"": ""3.0.3"", ""qutip"": ""5.3.0"", ""stim"": ""1.16.0"", ""gmpy2"": ""2.3.1"", ""nbformat"": ""5.10.4"", ""nbclient"": ""0.11.0""}",Windows,11,Gercom,2026-07-19T16:10:36.722484+00:00
P10_replay_determinism,P10_replay_determinism:three_node:60d92fbd6eaf6677:L2:7:m10-intent:0,three_node,60d92fbd6eaf6677,7,m10-intent,L2,iterative_analytical,0,10,10,0.65,0.05,1e-05,,True,a -> r -> b,2,True,,,,0.6863749999999998,0,0.001196,SATISFIED,True,251.0,0.6863749999999998,0.6863749999999998,0.0,4.889838,False,,732.0,252.0,0.0,0.0,0.0,0.0,0.06016920001,e41c33e6c983502b08679e24b27c4af779e034992f6930489e8cc52a771e91eb,True,20260719.0,382448527037233252,"{""execution"": 382448527037233252, ""generation"": 14264725163296834972, ""swap"": 3351964799404172300, ""purification"": 3750338734404977610, ""planner"": 13134557037624400878, ""internal_simulation"": 7503187135061719947, ""instrumentation"": 2563668048604113402}",True,0.0,ed1532f836e1464f3192d519aceaf7f4df8e343e,1f2680a5b9065e708a7497adc53a95b108029b98,3.13.14,2.5.1,"{""pydantic"": ""2.13.4"", ""yaml"": ""6.0.3"", ""networkx"": ""3.6.1"", ""numpy"": ""2.5.1"", ""scipy"": ""1.18.0"", ""matplotlib"": ""3.11.0"", ""pandas"": ""3.0.3"", ""qutip"": ""5.3.0"", ""stim"": ""1.16.0"", ""gmpy2"": ""2.3.1"", ""nbformat"": ""5.10.4"", ""nbclient"": ""0.11.0""}",Windows,11,Gercom,2026-07-19T16:10:49.975007+00:00
P10_replay_determinism,P10_replay_determinism:three_node:60d92fbd6eaf6677:L2:7:m10-intent:1,three_node,60d92fbd6eaf6677,7,m10-intent,L2,iterative_analytical,1,10,10,0.65,0.05,1e-05,,True,a -> r -> b,2,True,,,,0.6863749999999998,0,0.00074,SATISFIED,True,251.0,0.6863749999999998,0.6863749999999998,0.0,5.017932,False,,732.0,252.0,0.0,0.0,0.0,0.0,0.06016920001,e41c33e6c983502b08679e24b27c4af779e034992f6930489e8cc52a771e91eb,True,20260719.0,382448527037233252,"{""execution"": 382448527037233252, ""generation"": 14264725163296834972, ""swap"": 3351964799404172300, ""purification"": 3750338734404977610, ""planner"": 13134557037624400878, ""internal_simulation"": 7503187135061719947, ""instrumentation"": 2563668048604113402}",True,0.0,ed1532f836e1464f3192d519aceaf7f4df8e343e,1f2680a5b9065e708a7497adc53a95b108029b98,3.13.14,2.5.1,"{""pydantic"": ""2.13.4"", ""yaml"": ""6.0.3"", ""networkx"": ""3.6.1"", ""numpy"": ""2.5.1"", ""scipy"": ""1.18.0"", ""matplotlib"": ""3.11.0"", ""pandas"": ""3.0.3"", ""qutip"": ""5.3.0"", ""stim"": ""1.16.0"", ""gmpy2"": ""2.3.1"", ""nbformat"": ""5.10.4"", ""nbclient"": ""0.11.0""}",Windows,11,Gercom,2026-07-19T16:11:02.309867+00:00
P10_replay_determinism,P10_replay_determinism:three_node:60d92fbd6eaf6677:L2:7:m10-intent:2,three_node,60d92fbd6eaf6677,7,m10-intent,L2,iterative_analytical,2,10,10,0.65,0.05,1e-05,,True,a -> r -> b,2,True,,,,0.6863749999999998,0,0.000775,SATISFIED,True,251.0,0.6863749999999998,0.6863749999999998,0.0,5.246987,False,,732.0,252.0,0.0,0.0,0.0,0.0,0.06016920001,e41c33e6c983502b08679e24b27c4af779e034992f6930489e8cc52a771e91eb,True,20260719.0,382448527037233252,"{""execution"": 382448527037233252, ""generation"": 14264725163296834972, ""swap"": 3351964799404172300, ""purification"": 3750338734404977610, ""planner"": 13134557037624400878, ""internal_simulation"": 7503187135061719947, ""instrumentation"": 2563668048604113402}",True,0.0,ed1532f836e1464f3192d519aceaf7f4df8e343e,1f2680a5b9065e708a7497adc53a95b108029b98,3.13.14,2.5.1,"{""pydantic"": ""2.13.4"", ""yaml"": ""6.0.3"", ""networkx"": ""3.6.1"", ""numpy"": ""2.5.1"", ""scipy"": ""1.18.0"", ""matplotlib"": ""3.11.0"", ""pandas"": ""3.0.3"", ""qutip"": ""5.3.0"", ""stim"": ""1.16.0"", ""gmpy2"": ""2.3.1"", ""nbformat"": ""5.10.4"", ""nbclient"": ""0.11.0""}",Windows,11,Gercom,2026-07-19T16:11:15.879378+00:00
P10_replay_determinism,P10_replay_determinism:three_node:60d92fbd6eaf6677:L2:7:m10-intent:3,three_node,60d92fbd6eaf6677,7,m10-intent,L2,iterative_analytical,3,10,10,0.65,0.05,1e-05,,True,a -> r -> b,2,True,,,,0.6863749999999998,0,0.000732,SATISFIED,True,251.0,0.6863749999999998,0.6863749999999998,0.0,5.240664,False,,732.0,252.0,0.0,0.0,0.0,0.0,0.06016920001,e41c33e6c983502b08679e24b27c4af779e034992f6930489e8cc52a771e91eb,True,20260719.0,382448527037233252,"{""execution"": 382448527037233252, ""generation"": 14264725163296834972, ""swap"": 3351964799404172300, ""purification"": 3750338734404977610, ""planner"": 13134557037624400878, ""internal_simulation"": 7503187135061719947, ""instrumentation"": 2563668048604113402}",True,0.0,ed1532f836e1464f3192d519aceaf7f4df8e343e,1f2680a5b9065e708a7497adc53a95b108029b98,3.13.14,2.5.1,"{""pydantic"": ""2.13.4"", ""yaml"": ""6.0.3"", ""networkx"": ""3.6.1"", ""numpy"": ""2.5.1"", ""scipy"": ""1.18.0"", ""matplotlib"": ""3.11.0"", ""pandas"": ""3.0.3"", ""qutip"": ""5.3.0"", ""stim"": ""1.16.0"", ""gmpy2"": ""2.3.1"", ""nbformat"": ""5.10.4"", ""nbclient"": ""0.11.0""}",Windows,11,Gercom,2026-07-19T16:11:28.375198+00:00
P10_replay_determinism,P10_replay_determinism:three_node:60d92fbd6eaf6677:L2:7:m10-intent:4,three_node,60d92fbd6eaf6677,7,m10-intent,L2,iterative_analytical,4,10,10,0.65,0.05,1e-05,,True,a -> r -> b,2,True,,,,0.6863749999999998,0,0.001106,SATISFIED,True,251.0,0.6863749999999998,0.6863749999999998,0.0,5.16983,False,,732.0,252.0,0.0,0.0,0.0,0.0,0.06016920001,e41c33e6c983502b08679e24b27c4af779e034992f6930489e8cc52a771e91eb,True,20260719.0,382448527037233252,"{""execution"": 382448527037233252, ""generation"": 14264725163296834972, ""swap"": 3351964799404172300, ""purification"": 3750338734404977610, ""planner"": 13134557037624400878, ""internal_simulation"": 7503187135061719947, ""instrumentation"": 2563668048604113402}",True,0.0,ed1532f836e1464f3192d519aceaf7f4df8e343e,1f2680a5b9065e708a7497adc53a95b108029b98,3.13.14,2.5.1,"{""pydantic"": ""2.13.4"", ""yaml"": ""6.0.3"", ""networkx"": ""3.6.1"", ""numpy"": ""2.5.1"", ""scipy"": ""1.18.0"", ""matplotlib"": ""3.11.0"", ""pandas"": ""3.0.3"", ""qutip"": ""5.3.0"", ""stim"": ""1.16.0"", ""gmpy2"": ""2.3.1"", ""nbformat"": ""5.10.4"", ""nbclient"": ""0.11.0""}",Windows,11,Gercom,2026-07-19T16:11:41.449120+00:00
P10_replay_determinism,P10_replay_determinism:three_node:60d92fbd6eaf6677:L2:7:m10-intent:5,three_node,60d92fbd6eaf6677,7,m10-intent,L2,iterative_analytical,5,10,10,0.65,0.05,1e-05,,True,a -> r -> b,2,True,,,,0.6863749999999998,0,0.000778,SATISFIED,True,251.0,0.6863749999999998,0.6863749999999998,0.0,5.465933,False,,732.0,252.0,0.0,0.0,0.0,0.0,0.06016920001,e41c33e6c983502b08679e24b27c4af779e034992f6930489e8cc52a771e91eb,True,20260719.0,382448527037233252,"{""execution"": 382448527037233252, ""generation"": 14264725163296834972, ""swap"": 3351964799404172300, ""purification"": 3750338734404977610, ""planner"": 13134557037624400878, ""internal_simulation"": 7503187135061719947, ""instrumentation"": 2563668048604113402}",True,0.0,ed1532f836e1464f3192d519aceaf7f4df8e343e,1f2680a5b9065e708a7497adc53a95b108029b98,3.13.14,2.5.1,"{""pydantic"": ""2.13.4"", ""yaml"": ""6.0.3"", ""networkx"": ""3.6.1"", ""numpy"": ""2.5.1"", ""scipy"": ""1.18.0"", ""matplotlib"": ""3.11.0"", ""pandas"": ""3.0.3"", ""qutip"": ""5.3.0"", ""stim"": ""1.16.0"", ""gmpy2"": ""2.3.1"", ""nbformat"": ""5.10.4"", ""nbclient"": ""0.11.0""}",Windows,11,Gercom,2026-07-19T16:11:54.462146+00:00
P10_replay_determinism,P10_replay_determinism:three_node:60d92fbd6eaf6677:L2:7:m10-intent:6,three_node,60d92fbd6eaf6677,7,m10-intent,L2,iterative_analytical,6,10,10,0.65,0.05,1e-05,,True,a -> r -> b,2,True,,,,0.6863749999999998,0,0.000806,SATISFIED,True,251.0,0.6863749999999998,0.6863749999999998,0.0,5.003935,False,,732.0,252.0,0.0,0.0,0.0,0.0,0.06016920001,e41c33e6c983502b08679e24b27c4af779e034992f6930489e8cc52a771e91eb,True,20260719.0,382448527037233252,"{""execution"": 382448527037233252, ""generation"": 14264725163296834972, ""swap"": 3351964799404172300, ""purification"": 3750338734404977610, ""planner"": 13134557037624400878, ""internal_simulation"": 7503187135061719947, ""instrumentation"": 2563668048604113402}",True,0.0,ed1532f836e1464f3192d519aceaf7f4df8e343e,1f2680a5b9065e708a7497adc53a95b108029b98,3.13.14,2.5.1,"{""pydantic"": ""2.13.4"", ""yaml"": ""6.0.3"", ""networkx"": ""3.6.1"", ""numpy"": ""2.5.1"", ""scipy"": ""1.18.0"", ""matplotlib"": ""3.11.0"", ""pandas"": ""3.0.3"", ""qutip"": ""5.3.0"", ""stim"": ""1.16.0"", ""gmpy2"": ""2.3.1"", ""nbformat"": ""5.10.4"", ""nbclient"": ""0.11.0""}",Windows,11,Gercom,2026-07-19T16:12:07.331795+00:00
P10_replay_determinism,P10_replay_determinism:three_node:60d92fbd6eaf6677:L2:7:m10-intent:7,three_node,60d92fbd6eaf6677,7,m10-intent,L2,iterative_analytical,7,10,10,0.65,0.05,1e-05,,True,a -> r -> b,2,True,,,,0.6863749999999998,0,0.000787,SATISFIED,True,251.0,0.6863749999999998,0.6863749999999998,0.0,5.561193,False,,732.0,252.0,0.0,0.0,0.0,0.0,0.06016920001,e41c33e6c983502b08679e24b27c4af779e034992f6930489e8cc52a771e91eb,True,20260719.0,382448527037233252,"{""execution"": 382448527037233252, ""generation"": 14264725163296834972, ""swap"": 3351964799404172300, ""purification"": 3750338734404977610, ""planner"": 13134557037624400878, ""internal_simulation"": 7503187135061719947, ""instrumentation"": 2563668048604113402}",True,0.0,ed1532f836e1464f3192d519aceaf7f4df8e343e,1f2680a5b9065e708a7497adc53a95b108029b98,3.13.14,2.5.1,"{""pydantic"": ""2.13.4"", ""yaml"": ""6.0.3"", ""networkx"": ""3.6.1"", ""numpy"": ""2.5.1"", ""scipy"": ""1.18.0"", ""matplotlib"": ""3.11.0"", ""pandas"": ""3.0.3"", ""qutip"": ""5.3.0"", ""stim"": ""1.16.0"", ""gmpy2"": ""2.3.1"", ""nbformat"": ""5.10.4"", ""nbclient"": ""0.11.0""}",Windows,11,Gercom,2026-07-19T16:12:20.841638+00:00
P10_replay_determinism,P10_replay_determinism:three_node:60d92fbd6eaf6677:L2:7:m10-intent:8,three_node,60d92fbd6eaf6677,7,m10-intent,L2,iterative_analytical,8,10,10,0.65,0.05,1e-05,,True,a -> r -> b,2,True,,,,0.6863749999999998,0,0.000771,SATISFIED,True,251.0,0.6863749999999998,0.6863749999999998,0.0,7.093011,False,,732.0,252.0,0.0,0.0,0.0,0.0,0.06016920001,e41c33e6c983502b08679e24b27c4af779e034992f6930489e8cc52a771e91eb,True,20260719.0,382448527037233252,"{""execution"": 382448527037233252, ""generation"": 14264725163296834972, ""swap"": 3351964799404172300, ""purification"": 3750338734404977610, ""planner"": 13134557037624400878, ""internal_simulation"": 7503187135061719947, ""instrumentation"": 2563668048604113402}",True,0.0,ed1532f836e1464f3192d519aceaf7f4df8e343e,1f2680a5b9065e708a7497adc53a95b108029b98,3.13.14,2.5.1,"{""pydantic"": ""2.13.4"", ""yaml"": ""6.0.3"", ""networkx"": ""3.6.1"", ""numpy"": ""2.5.1"", ""scipy"": ""1.18.0"", ""matplotlib"": ""3.11.0"", ""pandas"": ""3.0.3"", ""qutip"": ""5.3.0"", ""stim"": ""1.16.0"", ""gmpy2"": ""2.3.1"", ""nbformat"": ""5.10.4"", ""nbclient"": ""0.11.0""}",Windows,11,Gercom,2026-07-19T16:12:37.280871+00:00
P10_replay_determinism,P10_replay_determinism:three_node:60d92fbd6eaf6677:L2:7:m10-intent:9,three_node,60d92fbd6eaf6677,7,m10-intent,L2,iterative_analytical,9,10,10,0.65,0.05,1e-05,,True,a -> r -> b,2,True,,,,0.6863749999999998,0,0.00122,SATISFIED,True,251.0,0.6863749999999998,0.6863749999999998,0.0,6.595748,False,,732.0,252.0,0.0,0.0,0.0,0.0,0.06016920001,e41c33e6c983502b08679e24b27c4af779e034992f6930489e8cc52a771e91eb,True,20260719.0,382448527037233252,"{""execution"": 382448527037233252, ""generation"": 14264725163296834972, ""swap"": 3351964799404172300, ""purification"": 3750338734404977610, ""planner"": 13134557037624400878, ""internal_simulation"": 7503187135061719947, ""instrumentation"": 2563668048604113402}",True,0.0,ed1532f836e1464f3192d519aceaf7f4df8e343e,1f2680a5b9065e708a7497adc53a95b108029b98,3.13.14,2.5.1,"{""pydantic"": ""2.13.4"", ""yaml"": ""6.0.3"", ""networkx"": ""3.6.1"", ""numpy"": ""2.5.1"", ""scipy"": ""1.18.0"", ""matplotlib"": ""3.11.0"", ""pandas"": ""3.0.3"", ""qutip"": ""5.3.0"", ""stim"": ""1.16.0"", ""gmpy2"": ""2.3.1"", ""nbformat"": ""5.10.4"", ""nbclient"": ""0.11.0""}",Windows,11,Gercom,2026-07-19T16:12:53.336842+00:00
P10_replay_determinism,P10_replay_determinism:four_node:9beb20fac344fc88:L2:7:m10-intent:0,four_node,9beb20fac344fc88,7,m10-intent,L2,iterative_analytical,0,10,10,0.65,0.05,1e-05,,True,a -> r1 -> r2 -> b,3,True,,,,0.6653170884826755,6,0.000901,VIOLATED,False,1.0,0.6653170884826755,0.6653170884826755,0.0,7.03924,False,,402.0,150.0,109.0,73.0,0.0,0.0,0.06019608751,ce4b1ca195885b1d57816acd714eff97ac5d2eafd375a8759f365b41457d6ed4,False,,,,False,,ed1532f836e1464f3192d519aceaf7f4df8e343e,1f2680a5b9065e708a7497adc53a95b108029b98,3.13.14,2.5.1,"{""pydantic"": ""2.13.4"", ""yaml"": ""6.0.3"", ""networkx"": ""3.6.1"", ""numpy"": ""2.5.1"", ""scipy"": ""1.18.0"", ""matplotlib"": ""3.11.0"", ""pandas"": ""3.0.3"", ""qutip"": ""5.3.0"", ""stim"": ""1.16.0"", ""gmpy2"": ""2.3.1"", ""nbformat"": ""5.10.4"", ""nbclient"": ""0.11.0""}",Windows,11,Gercom,2026-07-19T16:13:09.829392+00:00
P10_replay_determinism,P10_replay_determinism:four_node:9beb20fac344fc88:L2:7:m10-intent:1,four_node,9beb20fac344fc88,7,m10-intent,L2,iterative_analytical,1,10,10,0.65,0.05,1e-05,,True,a -> r1 -> r2 -> b,3,True,,,,0.6653170884826755,6,0.000874,VIOLATED,False,1.0,0.6653170884826755,0.6653170884826755,0.0,6.526411,False,,402.0,150.0,109.0,73.0,0.0,0.0,0.06019608751,ce4b1ca195885b1d57816acd714eff97ac5d2eafd375a8759f365b41457d6ed4,False,,,,False,,ed1532f836e1464f3192d519aceaf7f4df8e343e,1f2680a5b9065e708a7497adc53a95b108029b98,3.13.14,2.5.1,"{""pydantic"": ""2.13.4"", ""yaml"": ""6.0.3"", ""networkx"": ""3.6.1"", ""numpy"": ""2.5.1"", ""scipy"": ""1.18.0"", ""matplotlib"": ""3.11.0"", ""pandas"": ""3.0.3"", ""qutip"": ""5.3.0"", ""stim"": ""1.16.0"", ""gmpy2"": ""2.3.1"", ""nbformat"": ""5.10.4"", ""nbclient"": ""0.11.0""}",Windows,11,Gercom,2026-07-19T16:13:25.598663+00:00
P10_replay_determinism,P10_replay_determinism:four_node:9beb20fac344fc88:L2:7:m10-intent:2,four_node,9beb20fac344fc88,7,m10-intent,L2,iterative_analytical,2,10,10,0.65,0.05,1e-05,,True,a -> r1 -> r2 -> b,3,True,,,,0.6653170884826755,6,0.00153,VIOLATED,False,1.0,0.6653170884826755,0.6653170884826755,0.0,6.621606,False,,402.0,150.0,109.0,73.0,0.0,0.0,0.06019608751,ce4b1ca195885b1d57816acd714eff97ac5d2eafd375a8759f365b41457d6ed4,False,,,,False,,ed1532f836e1464f3192d519aceaf7f4df8e343e,1f2680a5b9065e708a7497adc53a95b108029b98,3.13.14,2.5.1,"{""pydantic"": ""2.13.4"", ""yaml"": ""6.0.3"", ""networkx"": ""3.6.1"", ""numpy"": ""2.5.1"", ""scipy"": ""1.18.0"", ""matplotlib"": ""3.11.0"", ""pandas"": ""3.0.3"", ""qutip"": ""5.3.0"", ""stim"": ""1.16.0"", ""gmpy2"": ""2.3.1"", ""nbformat"": ""5.10.4"", ""nbclient"": ""0.11.0""}",Windows,11,Gercom,2026-07-19T16:13:41.458775+00:00
P10_replay_determinism,P10_replay_determinism:four_node:9beb20fac344fc88:L2:7:m10-intent:3,four_node,9beb20fac344fc88,7,m10-intent,L2,iterative_analytical,3,10,10,0.65,0.05,1e-05,,True,a -> r1 -> r2 -> b,3,True,,,,0.6653170884826755,6,0.001436,VIOLATED,False,1.0,0.6653170884826755,0.6653170884826755,0.0,7.166397,False,,402.0,150.0,109.0,73.0,0.0,0.0,0.06019608751,ce4b1ca195885b1d57816acd714eff97ac5d2eafd375a8759f365b41457d6ed4,False,,,,False,,ed1532f836e1464f3192d519aceaf7f4df8e343e,1f2680a5b9065e708a7497adc53a95b108029b98,3.13.14,2.5.1,"{""pydantic"": ""2.13.4"", ""yaml"": ""6.0.3"", ""networkx"": ""3.6.1"", ""numpy"": ""2.5.1"", ""scipy"": ""1.18.0"", ""matplotlib"": ""3.11.0"", ""pandas"": ""3.0.3"", ""qutip"": ""5.3.0"", ""stim"": ""1.16.0"", ""gmpy2"": ""2.3.1"", ""nbformat"": ""5.10.4"", ""nbclient"": ""0.11.0""}",Windows,11,Gercom,2026-07-19T16:13:57.756659+00:00
P10_replay_determinism,P10_replay_determinism:four_node:9beb20fac344fc88:L2:7:m10-intent:4,four_node,9beb20fac344fc88,7,m10-intent,L2,iterative_analytical,4,10,10,0.65,0.05,1e-05,,True,a -> r1 -> r2 -> b,3,True,,,,0.6653170884826755,6,0.001409,VIOLATED,False,1.0,0.6653170884826755,0.6653170884826755,0.0,7.120037,False,,402.0,150.0,109.0,73.0,0.0,0.0,0.06019608751,ce4b1ca195885b1d57816acd714eff97ac5d2eafd375a8759f365b41457d6ed4,False,,,,False,,ed1532f836e1464f3192d519aceaf7f4df8e343e,1f2680a5b9065e708a7497adc53a95b108029b98,3.13.14,2.5.1,"{""pydantic"": ""2.13.4"", ""yaml"": ""6.0.3"", ""networkx"": ""3.6.1"", ""numpy"": ""2.5.1"", ""scipy"": ""1.18.0"", ""matplotlib"": ""3.11.0"", ""pandas"": ""3.0.3"", ""qutip"": ""5.3.0"", ""stim"": ""1.16.0"", ""gmpy2"": ""2.3.1"", ""nbformat"": ""5.10.4"", ""nbclient"": ""0.11.0""}",Windows,11,Gercom,2026-07-19T16:14:14.243486+00:00
P10_replay_determinism,P10_replay_determinism:four_node:9beb20fac344fc88:L2:7:m10-intent:5,four_node,9beb20fac344fc88,7,m10-intent,L2,iterative_analytical,5,10,10,0.65,0.05,1e-05,,True,a -> r1 -> r2 -> b,3,True,,,,0.6653170884826755,6,0.001577,VIOLATED,False,1.0,0.6653170884826755,0.6653170884826755,0.0,5.22901,False,,402.0,150.0,109.0,73.0,0.0,0.0,0.06019608751,ce4b1ca195885b1d57816acd714eff97ac5d2eafd375a8759f365b41457d6ed4,False,,,,False,,ed1532f836e1464f3192d519aceaf7f4df8e343e,1f2680a5b9065e708a7497adc53a95b108029b98,3.13.14,2.5.1,"{""pydantic"": ""2.13.4"", ""yaml"": ""6.0.3"", ""networkx"": ""3.6.1"", ""numpy"": ""2.5.1"", ""scipy"": ""1.18.0"", ""matplotlib"": ""3.11.0"", ""pandas"": ""3.0.3"", ""qutip"": ""5.3.0"", ""stim"": ""1.16.0"", ""gmpy2"": ""2.3.1"", ""nbformat"": ""5.10.4"", ""nbclient"": ""0.11.0""}",Windows,11,Gercom,2026-07-19T16:14:27.305599+00:00
P10_replay_determinism,P10_replay_determinism:four_node:9beb20fac344fc88:L2:7:m10-intent:6,four_node,9beb20fac344fc88,7,m10-intent,L2,iterative_analytical,6,10,10,0.65,0.05,1e-05,,True,a -> r1 -> r2 -> b,3,True,,,,0.6653170884826755,6,0.000861,VIOLATED,False,1.0,0.6653170884826755,0.6653170884826755,0.0,5.496672,False,,402.0,150.0,109.0,73.0,0.0,0.0,0.06019608751,ce4b1ca195885b1d57816acd714eff97ac5d2eafd375a8759f365b41457d6ed4,False,,,,False,,ed1532f836e1464f3192d519aceaf7f4df8e343e,1f2680a5b9065e708a7497adc53a95b108029b98,3.13.14,2.5.1,"{""pydantic"": ""2.13.4"", ""yaml"": ""6.0.3"", ""networkx"": ""3.6.1"", ""numpy"": ""2.5.1"", ""scipy"": ""1.18.0"", ""matplotlib"": ""3.11.0"", ""pandas"": ""3.0.3"", ""qutip"": ""5.3.0"", ""stim"": ""1.16.0"", ""gmpy2"": ""2.3.1"", ""nbformat"": ""5.10.4"", ""nbclient"": ""0.11.0""}",Windows,11,Gercom,2026-07-19T16:14:40.451271+00:00
P10_replay_determinism,P10_replay_determinism:four_node:9beb20fac344fc88:L2:7:m10-intent:7,four_node,9beb20fac344fc88,7,m10-intent,L2,iterative_analytical,7,10,10,0.65,0.05,1e-05,,True,a -> r1 -> r2 -> b,3,True,,,,0.6653170884826755,6,0.00137,VIOLATED,False,1.0,0.6653170884826755,0.6653170884826755,0.0,7.487803,False,,402.0,150.0,109.0,73.0,0.0,0.0,0.06019608751,ce4b1ca195885b1d57816acd714eff97ac5d2eafd375a8759f365b41457d6ed4,False,,,,False,,ed1532f836e1464f3192d519aceaf7f4df8e343e,1f2680a5b9065e708a7497adc53a95b108029b98,3.13.14,2.5.1,"{""pydantic"": ""2.13.4"", ""yaml"": ""6.0.3"", ""networkx"": ""3.6.1"", ""numpy"": ""2.5.1"", ""scipy"": ""1.18.0"", ""matplotlib"": ""3.11.0"", ""pandas"": ""3.0.3"", ""qutip"": ""5.3.0"", ""stim"": ""1.16.0"", ""gmpy2"": ""2.3.1"", ""nbformat"": ""5.10.4"", ""nbclient"": ""0.11.0""}",Windows,11,Gercom,2026-07-19T16:14:56.304802+00:00
P10_replay_determinism,P10_replay_determinism:four_node:9beb20fac344fc88:L2:7:m10-intent:8,four_node,9beb20fac344fc88,7,m10-intent,L2,iterative_analytical,8,10,10,0.65,0.05,1e-05,,True,a -> r1 -> r2 -> b,3,True,,,,0.6653170884826755,6,0.001503,VIOLATED,False,1.0,0.6653170884826755,0.6653170884826755,0.0,6.671911,False,,402.0,150.0,109.0,73.0,0.0,0.0,0.06019608751,ce4b1ca195885b1d57816acd714eff97ac5d2eafd375a8759f365b41457d6ed4,False,,,,False,,ed1532f836e1464f3192d519aceaf7f4df8e343e,1f2680a5b9065e708a7497adc53a95b108029b98,3.13.14,2.5.1,"{""pydantic"": ""2.13.4"", ""yaml"": ""6.0.3"", ""networkx"": ""3.6.1"", ""numpy"": ""2.5.1"", ""scipy"": ""1.18.0"", ""matplotlib"": ""3.11.0"", ""pandas"": ""3.0.3"", ""qutip"": ""5.3.0"", ""stim"": ""1.16.0"", ""gmpy2"": ""2.3.1"", ""nbformat"": ""5.10.4"", ""nbclient"": ""0.11.0""}",Windows,11,Gercom,2026-07-19T16:15:10.562795+00:00
P10_replay_determinism,P10_replay_determinism:four_node:9beb20fac344fc88:L2:7:m10-intent:9,four_node,9beb20fac344fc88,7,m10-intent,L2,iterative_analytical,9,10,10,0.65,0.05,1e-05,,True,a -> r1 -> r2 -> b,3,True,,,,0.6653170884826755,6,0.000913,VIOLATED,False,1.0,0.6653170884826755,0.6653170884826755,0.0,5.086045,False,,402.0,150.0,109.0,73.0,0.0,0.0,0.06019608751,ce4b1ca195885b1d57816acd714eff97ac5d2eafd375a8759f365b41457d6ed4,False,,,,False,,ed1532f836e1464f3192d519aceaf7f4df8e343e,1f2680a5b9065e708a7497adc53a95b108029b98,3.13.14,2.5.1,"{""pydantic"": ""2.13.4"", ""yaml"": ""6.0.3"", ""networkx"": ""3.6.1"", ""numpy"": ""2.5.1"", ""scipy"": ""1.18.0"", ""matplotlib"": ""3.11.0"", ""pandas"": ""3.0.3"", ""qutip"": ""5.3.0"", ""stim"": ""1.16.0"", ""gmpy2"": ""2.3.1"", ""nbformat"": ""5.10.4"", ""nbclient"": ""0.11.0""}",Windows,11,Gercom,2026-07-19T16:15:23.744137+00:00
P10_replay_determinism,P10_replay_determinism:four_node:4119b067c18c6650:L2:7:m10-intent:0,four_node,4119b067c18c6650,7,m10-intent,L2,iterative_analytical,0,10,10,0.65,0.05,1e-05,,True,a -> r1 -> r2 -> b,3,True,,,,0.6653170884826755,6,0.000872,VIOLATED,False,1.0,0.6653170884826755,0.6653170884826755,0.0,5.369043,False,,403.0,156.0,117.0,88.0,0.0,0.0,0.06018376251,a67ff31709fbf805f55824eaf3f094ac20904c6b07cf9ab6ecc28fb3797907b7,True,20260719.0,16456287335621997217,"{""execution"": 16456287335621997217, ""generation"": 11382515017312815823, ""swap"": 17677732961803328696, ""purification"": 2171364488809884247, ""planner"": 10077848358818216858, ""internal_simulation"": 15133333422145864695, ""instrumentation"": 13278663958759517942}",True,0.0,ed1532f836e1464f3192d519aceaf7f4df8e343e,1f2680a5b9065e708a7497adc53a95b108029b98,3.13.14,2.5.1,"{""pydantic"": ""2.13.4"", ""yaml"": ""6.0.3"", ""networkx"": ""3.6.1"", ""numpy"": ""2.5.1"", ""scipy"": ""1.18.0"", ""matplotlib"": ""3.11.0"", ""pandas"": ""3.0.3"", ""qutip"": ""5.3.0"", ""stim"": ""1.16.0"", ""gmpy2"": ""2.3.1"", ""nbformat"": ""5.10.4"", ""nbclient"": ""0.11.0""}",Windows,11,Gercom,2026-07-19T16:15:36.602055+00:00
P10_replay_determinism,P10_replay_determinism:four_node:4119b067c18c6650:L2:7:m10-intent:1,four_node,4119b067c18c6650,7,m10-intent,L2,iterative_analytical,1,10,10,0.65,0.05,1e-05,,True,a -> r1 -> r2 -> b,3,True,,,,0.6653170884826755,6,0.000931,VIOLATED,False,1.0,0.6653170884826755,0.6653170884826755,0.0,5.511923,False,,403.0,156.0,117.0,88.0,0.0,0.0,0.06018376251,a67ff31709fbf805f55824eaf3f094ac20904c6b07cf9ab6ecc28fb3797907b7,True,20260719.0,16456287335621997217,"{""execution"": 16456287335621997217, ""generation"": 11382515017312815823, ""swap"": 17677732961803328696, ""purification"": 2171364488809884247, ""planner"": 10077848358818216858, ""internal_simulation"": 15133333422145864695, ""instrumentation"": 13278663958759517942}",True,0.0,ed1532f836e1464f3192d519aceaf7f4df8e343e,1f2680a5b9065e708a7497adc53a95b108029b98,3.13.14,2.5.1,"{""pydantic"": ""2.13.4"", ""yaml"": ""6.0.3"", ""networkx"": ""3.6.1"", ""numpy"": ""2.5.1"", ""scipy"": ""1.18.0"", ""matplotlib"": ""3.11.0"", ""pandas"": ""3.0.3"", ""qutip"": ""5.3.0"", ""stim"": ""1.16.0"", ""gmpy2"": ""2.3.1"", ""nbformat"": ""5.10.4"", ""nbclient"": ""0.11.0""}",Windows,11,Gercom,2026-07-19T16:15:49.544290+00:00
P10_replay_determinism,P10_replay_determinism:four_node:4119b067c18c6650:L2:7:m10-intent:2,four_node,4119b067c18c6650,7,m10-intent,L2,iterative_analytical,2,10,10,0.65,0.05,1e-05,,True,a -> r1 -> r2 -> b,3,True,,,,0.6653170884826755,6,0.001375,VIOLATED,False,1.0,0.6653170884826755,0.6653170884826755,0.0,5.546095,False,,403.0,156.0,117.0,88.0,0.0,0.0,0.06018376251,a67ff31709fbf805f55824eaf3f094ac20904c6b07cf9ab6ecc28fb3797907b7,True,20260719.0,16456287335621997217,"{""execution"": 16456287335621997217, ""generation"": 11382515017312815823, ""swap"": 17677732961803328696, ""purification"": 2171364488809884247, ""planner"": 10077848358818216858, ""internal_simulation"": 15133333422145864695, ""instrumentation"": 13278663958759517942}",True,0.0,ed1532f836e1464f3192d519aceaf7f4df8e343e,1f2680a5b9065e708a7497adc53a95b108029b98,3.13.14,2.5.1,"{""pydantic"": ""2.13.4"", ""yaml"": ""6.0.3"", ""networkx"": ""3.6.1"", ""numpy"": ""2.5.1"", ""scipy"": ""1.18.0"", ""matplotlib"": ""3.11.0"", ""pandas"": ""3.0.3"", ""qutip"": ""5.3.0"", ""stim"": ""1.16.0"", ""gmpy2"": ""2.3.1"", ""nbformat"": ""5.10.4"", ""nbclient"": ""0.11.0""}",Windows,11,Gercom,2026-07-19T16:16:02.582545+00:00
P10_replay_determinism,P10_replay_determinism:four_node:4119b067c18c6650:L2:7:m10-intent:3,four_node,4119b067c18c6650,7,m10-intent,L2,iterative_analytical,3,10,10,0.65,0.05,1e-05,,True,a -> r1 -> r2 -> b,3,True,,,,0.6653170884826755,6,0.000895,VIOLATED,False,1.0,0.6653170884826755,0.6653170884826755,0.0,5.585975,False,,403.0,156.0,117.0,88.0,0.0,0.0,0.06018376251,a67ff31709fbf805f55824eaf3f094ac20904c6b07cf9ab6ecc28fb3797907b7,True,20260719.0,16456287335621997217,"{""execution"": 16456287335621997217, ""generation"": 11382515017312815823, ""swap"": 17677732961803328696, ""purification"": 2171364488809884247, ""planner"": 10077848358818216858, ""internal_simulation"": 15133333422145864695, ""instrumentation"": 13278663958759517942}",True,0.0,ed1532f836e1464f3192d519aceaf7f4df8e343e,1f2680a5b9065e708a7497adc53a95b108029b98,3.13.14,2.5.1,"{""pydantic"": ""2.13.4"", ""yaml"": ""6.0.3"", ""networkx"": ""3.6.1"", ""numpy"": ""2.5.1"", ""scipy"": ""1.18.0"", ""matplotlib"": ""3.11.0"", ""pandas"": ""3.0.3"", ""qutip"": ""5.3.0"", ""stim"": ""1.16.0"", ""gmpy2"": ""2.3.1"", ""nbformat"": ""5.10.4"", ""nbclient"": ""0.11.0""}",Windows,11,Gercom,2026-07-19T16:16:15.926157+00:00
P10_replay_determinism,P10_replay_determinism:four_node:4119b067c18c6650:L2:7:m10-intent:4,four_node,4119b067c18c6650,7,m10-intent,L2,iterative_analytical,4,10,10,0.65,0.05,1e-05,,True,a -> r1 -> r2 -> b,3,True,,,,0.6653170884826755,6,0.001324,VIOLATED,False,1.0,0.6653170884826755,0.6653170884826755,0.0,7.897562,False,,403.0,156.0,117.0,88.0,0.0,0.0,0.06018376251,a67ff31709fbf805f55824eaf3f094ac20904c6b07cf9ab6ecc28fb3797907b7,True,20260719.0,16456287335621997217,"{""execution"": 16456287335621997217, ""generation"": 11382515017312815823, ""swap"": 17677732961803328696, ""purification"": 2171364488809884247, ""planner"": 10077848358818216858, ""internal_simulation"": 15133333422145864695, ""instrumentation"": 13278663958759517942}",True,0.0,ed1532f836e1464f3192d519aceaf7f4df8e343e,1f2680a5b9065e708a7497adc53a95b108029b98,3.13.14,2.5.1,"{""pydantic"": ""2.13.4"", ""yaml"": ""6.0.3"", ""networkx"": ""3.6.1"", ""numpy"": ""2.5.1"", ""scipy"": ""1.18.0"", ""matplotlib"": ""3.11.0"", ""pandas"": ""3.0.3"", ""qutip"": ""5.3.0"", ""stim"": ""1.16.0"", ""gmpy2"": ""2.3.1"", ""nbformat"": ""5.10.4"", ""nbclient"": ""0.11.0""}",Windows,11,Gercom,2026-07-19T16:16:33.053485+00:00
P10_replay_determinism,P10_replay_determinism:four_node:4119b067c18c6650:L2:7:m10-intent:5,four_node,4119b067c18c6650,7,m10-intent,L2,iterative_analytical,5,10,10,0.65,0.05,1e-05,,True,a -> r1 -> r2 -> b,3,True,,,,0.6653170884826755,6,0.001741,VIOLATED,False,1.0,0.6653170884826755,0.6653170884826755,0.0,7.618383,False,,403.0,156.0,117.0,88.0,0.0,0.0,0.06018376251,a67ff31709fbf805f55824eaf3f094ac20904c6b07cf9ab6ecc28fb3797907b7,True,20260719.0,16456287335621997217,"{""execution"": 16456287335621997217, ""generation"": 11382515017312815823, ""swap"": 17677732961803328696, ""purification"": 2171364488809884247, ""planner"": 10077848358818216858, ""internal_simulation"": 15133333422145864695, ""instrumentation"": 13278663958759517942}",True,0.0,ed1532f836e1464f3192d519aceaf7f4df8e343e,1f2680a5b9065e708a7497adc53a95b108029b98,3.13.14,2.5.1,"{""pydantic"": ""2.13.4"", ""yaml"": ""6.0.3"", ""networkx"": ""3.6.1"", ""numpy"": ""2.5.1"", ""scipy"": ""1.18.0"", ""matplotlib"": ""3.11.0"", ""pandas"": ""3.0.3"", ""qutip"": ""5.3.0"", ""stim"": ""1.16.0"", ""gmpy2"": ""2.3.1"", ""nbformat"": ""5.10.4"", ""nbclient"": ""0.11.0""}",Windows,11,Gercom,2026-07-19T16:16:49.026008+00:00
P10_replay_determinism,P10_replay_determinism:four_node:4119b067c18c6650:L2:7:m10-intent:6,four_node,4119b067c18c6650,7,m10-intent,L2,iterative_analytical,6,10,10,0.65,0.05,1e-05,,True,a -> r1 -> r2 -> b,3,True,,,,0.6653170884826755,6,0.000862,VIOLATED,False,1.0,0.6653170884826755,0.6653170884826755,0.0,8.028661,False,,403.0,156.0,117.0,88.0,0.0,0.0,0.06018376251,a67ff31709fbf805f55824eaf3f094ac20904c6b07cf9ab6ecc28fb3797907b7,True,20260719.0,16456287335621997217,"{""execution"": 16456287335621997217, ""generation"": 11382515017312815823, ""swap"": 17677732961803328696, ""purification"": 2171364488809884247, ""planner"": 10077848358818216858, ""internal_simulation"": 15133333422145864695, ""instrumentation"": 13278663958759517942}",True,0.0,ed1532f836e1464f3192d519aceaf7f4df8e343e,1f2680a5b9065e708a7497adc53a95b108029b98,3.13.14,2.5.1,"{""pydantic"": ""2.13.4"", ""yaml"": ""6.0.3"", ""networkx"": ""3.6.1"", ""numpy"": ""2.5.1"", ""scipy"": ""1.18.0"", ""matplotlib"": ""3.11.0"", ""pandas"": ""3.0.3"", ""qutip"": ""5.3.0"", ""stim"": ""1.16.0"", ""gmpy2"": ""2.3.1"", ""nbformat"": ""5.10.4"", ""nbclient"": ""0.11.0""}",Windows,11,Gercom,2026-07-19T16:17:06.172028+00:00
P10_replay_determinism,P10_replay_determinism:four_node:4119b067c18c6650:L2:7:m10-intent:7,four_node,4119b067c18c6650,7,m10-intent,L2,iterative_analytical,7,10,10,0.65,0.05,1e-05,,True,a -> r1 -> r2 -> b,3,True,,,,0.6653170884826755,6,0.000851,VIOLATED,False,1.0,0.6653170884826755,0.6653170884826755,0.0,7.382218,False,,403.0,156.0,117.0,88.0,0.0,0.0,0.06018376251,a67ff31709fbf805f55824eaf3f094ac20904c6b07cf9ab6ecc28fb3797907b7,True,20260719.0,16456287335621997217,"{""execution"": 16456287335621997217, ""generation"": 11382515017312815823, ""swap"": 17677732961803328696, ""purification"": 2171364488809884247, ""planner"": 10077848358818216858, ""internal_simulation"": 15133333422145864695, ""instrumentation"": 13278663958759517942}",True,0.0,ed1532f836e1464f3192d519aceaf7f4df8e343e,1f2680a5b9065e708a7497adc53a95b108029b98,3.13.14,2.5.1,"{""pydantic"": ""2.13.4"", ""yaml"": ""6.0.3"", ""networkx"": ""3.6.1"", ""numpy"": ""2.5.1"", ""scipy"": ""1.18.0"", ""matplotlib"": ""3.11.0"", ""pandas"": ""3.0.3"", ""qutip"": ""5.3.0"", ""stim"": ""1.16.0"", ""gmpy2"": ""2.3.1"", ""nbformat"": ""5.10.4"", ""nbclient"": ""0.11.0""}",Windows,11,Gercom,2026-07-19T16:17:22.280707+00:00
P10_replay_determinism,P10_replay_determinism:four_node:4119b067c18c6650:L2:7:m10-intent:8,four_node,4119b067c18c6650,7,m10-intent,L2,iterative_analytical,8,10,10,0.65,0.05,1e-05,,True,a -> r1 -> r2 -> b,3,True,,,,0.6653170884826755,6,0.001404,VIOLATED,False,1.0,0.6653170884826755,0.6653170884826755,0.0,8.021213,False,,403.0,156.0,117.0,88.0,0.0,0.0,0.06018376251,a67ff31709fbf805f55824eaf3f094ac20904c6b07cf9ab6ecc28fb3797907b7,True,20260719.0,16456287335621997217,"{""execution"": 16456287335621997217, ""generation"": 11382515017312815823, ""swap"": 17677732961803328696, ""purification"": 2171364488809884247, ""planner"": 10077848358818216858, ""internal_simulation"": 15133333422145864695, ""instrumentation"": 13278663958759517942}",True,0.0,ed1532f836e1464f3192d519aceaf7f4df8e343e,1f2680a5b9065e708a7497adc53a95b108029b98,3.13.14,2.5.1,"{""pydantic"": ""2.13.4"", ""yaml"": ""6.0.3"", ""networkx"": ""3.6.1"", ""numpy"": ""2.5.1"", ""scipy"": ""1.18.0"", ""matplotlib"": ""3.11.0"", ""pandas"": ""3.0.3"", ""qutip"": ""5.3.0"", ""stim"": ""1.16.0"", ""gmpy2"": ""2.3.1"", ""nbformat"": ""5.10.4"", ""nbclient"": ""0.11.0""}",Windows,11,Gercom,2026-07-19T16:17:39.111073+00:00
P10_replay_determinism,P10_replay_determinism:four_node:4119b067c18c6650:L2:7:m10-intent:9,four_node,4119b067c18c6650,7,m10-intent,L2,iterative_analytical,9,10,10,0.65,0.05,1e-05,,True,a -> r1 -> r2 -> b,3,True,,,,0.6653170884826755,6,0.000906,VIOLATED,False,1.0,0.6653170884826755,0.6653170884826755,0.0,5.1785,False,,403.0,156.0,117.0,88.0,0.0,0.0,0.06018376251,a67ff31709fbf805f55824eaf3f094ac20904c6b07cf9ab6ecc28fb3797907b7,True,20260719.0,16456287335621997217,"{""execution"": 16456287335621997217, ""generation"": 11382515017312815823, ""swap"": 17677732961803328696, ""purification"": 2171364488809884247, ""planner"": 10077848358818216858, ""internal_simulation"": 15133333422145864695, ""instrumentation"": 13278663958759517942}",True,0.0,ed1532f836e1464f3192d519aceaf7f4df8e343e,1f2680a5b9065e708a7497adc53a95b108029b98,3.13.14,2.5.1,"{""pydantic"": ""2.13.4"", ""yaml"": ""6.0.3"", ""networkx"": ""3.6.1"", ""numpy"": ""2.5.1"", ""scipy"": ""1.18.0"", ""matplotlib"": ""3.11.0"", ""pandas"": ""3.0.3"", ""qutip"": ""5.3.0"", ""stim"": ""1.16.0"", ""gmpy2"": ""2.3.1"", ""nbformat"": ""5.10.4"", ""nbclient"": ""0.11.0""}",Windows,11,Gercom,2026-07-19T16:17:52.356186+00:00
P10_replay_determinism,P10_replay_determinism:diamond_heterogeneous:f910536f1b13fe1a:L2:7:m10-intent:0,diamond_heterogeneous,f910536f1b13fe1a,7,m10-intent,L2,iterative_analytical,0,10,10,0.6,0.05,0.02,,True,r1 -> bad -> r3,2,True,,,,0.6863749999999998,0,0.000948,VIOLATED,False,1.0,0.7695,0.7695,0.0831250000000001,2.460111,False,,1057.0,1.0,0.0,0.0,0.0,0.0,0.06018645001,b85ff53c448937d4aed27ff88f1d8da9e6ebf20322d58b158812d91fa0ed59c1,False,,,,False,,ed1532f836e1464f3192d519aceaf7f4df8e343e,1f2680a5b9065e708a7497adc53a95b108029b98,3.13.14,2.5.1,"{""pydantic"": ""2.13.4"", ""yaml"": ""6.0.3"", ""networkx"": ""3.6.1"", ""numpy"": ""2.5.1"", ""scipy"": ""1.18.0"", ""matplotlib"": ""3.11.0"", ""pandas"": ""3.0.3"", ""qutip"": ""5.3.0"", ""stim"": ""1.16.0"", ""gmpy2"": ""2.3.1"", ""nbformat"": ""5.10.4"", ""nbclient"": ""0.11.0""}",Windows,11,Gercom,2026-07-19T16:18:01.911020+00:00
P10_replay_determinism,P10_replay_determinism:diamond_heterogeneous:f910536f1b13fe1a:L2:7:m10-intent:1,diamond_heterogeneous,f910536f1b13fe1a,7,m10-intent,L2,iterative_analytical,1,10,10,0.6,0.05,0.02,,True,r1 -> bad -> r3,2,True,,,,0.6863749999999998,0,0.000924,VIOLATED,False,1.0,0.7695,0.7695,0.0831250000000001,2.437953,False,,1057.0,1.0,0.0,0.0,0.0,0.0,0.06018645001,b85ff53c448937d4aed27ff88f1d8da9e6ebf20322d58b158812d91fa0ed59c1,False,,,,False,,ed1532f836e1464f3192d519aceaf7f4df8e343e,1f2680a5b9065e708a7497adc53a95b108029b98,3.13.14,2.5.1,"{""pydantic"": ""2.13.4"", ""yaml"": ""6.0.3"", ""networkx"": ""3.6.1"", ""numpy"": ""2.5.1"", ""scipy"": ""1.18.0"", ""matplotlib"": ""3.11.0"", ""pandas"": ""3.0.3"", ""qutip"": ""5.3.0"", ""stim"": ""1.16.0"", ""gmpy2"": ""2.3.1"", ""nbformat"": ""5.10.4"", ""nbclient"": ""0.11.0""}",Windows,11,Gercom,2026-07-19T16:18:11.536372+00:00
P10_replay_determinism,P10_replay_determinism:diamond_heterogeneous:f910536f1b13fe1a:L2:7:m10-intent:2,diamond_heterogeneous,f910536f1b13fe1a,7,m10-intent,L2,iterative_analytical,2,10,10,0.6,0.05,0.02,,True,r1 -> bad -> r3,2,True,,,,0.6863749999999998,0,0.000795,VIOLATED,False,1.0,0.7695,0.7695,0.0831250000000001,3.344934,False,,1057.0,1.0,0.0,0.0,0.0,0.0,0.06018645001,b85ff53c448937d4aed27ff88f1d8da9e6ebf20322d58b158812d91fa0ed59c1,False,,,,False,,ed1532f836e1464f3192d519aceaf7f4df8e343e,1f2680a5b9065e708a7497adc53a95b108029b98,3.13.14,2.5.1,"{""pydantic"": ""2.13.4"", ""yaml"": ""6.0.3"", ""networkx"": ""3.6.1"", ""numpy"": ""2.5.1"", ""scipy"": ""1.18.0"", ""matplotlib"": ""3.11.0"", ""pandas"": ""3.0.3"", ""qutip"": ""5.3.0"", ""stim"": ""1.16.0"", ""gmpy2"": ""2.3.1"", ""nbformat"": ""5.10.4"", ""nbclient"": ""0.11.0""}",Windows,11,Gercom,2026-07-19T16:18:23.198279+00:00
P10_replay_determinism,P10_replay_determinism:diamond_heterogeneous:f910536f1b13fe1a:L2:7:m10-intent:3,diamond_heterogeneous,f910536f1b13fe1a,7,m10-intent,L2,iterative_analytical,3,10,10,0.6,0.05,0.02,,True,r1 -> bad -> r3,2,True,,,,0.6863749999999998,0,0.000911,VIOLATED,False,1.0,0.7695,0.7695,0.0831250000000001,2.807225,False,,1057.0,1.0,0.0,0.0,0.0,0.0,0.06018645001,b85ff53c448937d4aed27ff88f1d8da9e6ebf20322d58b158812d91fa0ed59c1,False,,,,False,,ed1532f836e1464f3192d519aceaf7f4df8e343e,1f2680a5b9065e708a7497adc53a95b108029b98,3.13.14,2.5.1,"{""pydantic"": ""2.13.4"", ""yaml"": ""6.0.3"", ""networkx"": ""3.6.1"", ""numpy"": ""2.5.1"", ""scipy"": ""1.18.0"", ""matplotlib"": ""3.11.0"", ""pandas"": ""3.0.3"", ""qutip"": ""5.3.0"", ""stim"": ""1.16.0"", ""gmpy2"": ""2.3.1"", ""nbformat"": ""5.10.4"", ""nbclient"": ""0.11.0""}",Windows,11,Gercom,2026-07-19T16:18:33.695808+00:00
P10_replay_determinism,P10_replay_determinism:diamond_heterogeneous:f910536f1b13fe1a:L2:7:m10-intent:4,diamond_heterogeneous,f910536f1b13fe1a,7,m10-intent,L2,iterative_analytical,4,10,10,0.6,0.05,0.02,,True,r1 -> bad -> r3,2,True,,,,0.6863749999999998,0,0.00148,VIOLATED,False,1.0,0.7695,0.7695,0.0831250000000001,2.749856,False,,1057.0,1.0,0.0,0.0,0.0,0.0,0.06018645001,b85ff53c448937d4aed27ff88f1d8da9e6ebf20322d58b158812d91fa0ed59c1,False,,,,False,,ed1532f836e1464f3192d519aceaf7f4df8e343e,1f2680a5b9065e708a7497adc53a95b108029b98,3.13.14,2.5.1,"{""pydantic"": ""2.13.4"", ""yaml"": ""6.0.3"", ""networkx"": ""3.6.1"", ""numpy"": ""2.5.1"", ""scipy"": ""1.18.0"", ""matplotlib"": ""3.11.0"", ""pandas"": ""3.0.3"", ""qutip"": ""5.3.0"", ""stim"": ""1.16.0"", ""gmpy2"": ""2.3.1"", ""nbformat"": ""5.10.4"", ""nbclient"": ""0.11.0""}",Windows,11,Gercom,2026-07-19T16:18:44.647133+00:00
P10_replay_determinism,P10_replay_determinism:diamond_heterogeneous:f910536f1b13fe1a:L2:7:m10-intent:5,diamond_heterogeneous,f910536f1b13fe1a,7,m10-intent,L2,iterative_analytical,5,10,10,0.6,0.05,0.02,,True,r1 -> bad -> r3,2,True,,,,0.6863749999999998,0,0.000924,VIOLATED,False,1.0,0.7695,0.7695,0.0831250000000001,2.408518,False,,1057.0,1.0,0.0,0.0,0.0,0.0,0.06018645001,b85ff53c448937d4aed27ff88f1d8da9e6ebf20322d58b158812d91fa0ed59c1,False,,,,False,,ed1532f836e1464f3192d519aceaf7f4df8e343e,1f2680a5b9065e708a7497adc53a95b108029b98,3.13.14,2.5.1,"{""pydantic"": ""2.13.4"", ""yaml"": ""6.0.3"", ""networkx"": ""3.6.1"", ""numpy"": ""2.5.1"", ""scipy"": ""1.18.0"", ""matplotlib"": ""3.11.0"", ""pandas"": ""3.0.3"", ""qutip"": ""5.3.0"", ""stim"": ""1.16.0"", ""gmpy2"": ""2.3.1"", ""nbformat"": ""5.10.4"", ""nbclient"": ""0.11.0""}",Windows,11,Gercom,2026-07-19T16:18:54.828000+00:00
P10_replay_determinism,P10_replay_determinism:diamond_heterogeneous:f910536f1b13fe1a:L2:7:m10-intent:6,diamond_heterogeneous,f910536f1b13fe1a,7,m10-intent,L2,iterative_analytical,6,10,10,0.6,0.05,0.02,,True,r1 -> bad -> r3,2,True,,,,0.6863749999999998,0,0.000935,VIOLATED,False,1.0,0.7695,0.7695,0.0831250000000001,2.572472,False,,1057.0,1.0,0.0,0.0,0.0,0.0,0.06018645001,b85ff53c448937d4aed27ff88f1d8da9e6ebf20322d58b158812d91fa0ed59c1,False,,,,False,,ed1532f836e1464f3192d519aceaf7f4df8e343e,1f2680a5b9065e708a7497adc53a95b108029b98,3.13.14,2.5.1,"{""pydantic"": ""2.13.4"", ""yaml"": ""6.0.3"", ""networkx"": ""3.6.1"", ""numpy"": ""2.5.1"", ""scipy"": ""1.18.0"", ""matplotlib"": ""3.11.0"", ""pandas"": ""3.0.3"", ""qutip"": ""5.3.0"", ""stim"": ""1.16.0"", ""gmpy2"": ""2.3.1"", ""nbformat"": ""5.10.4"", ""nbclient"": ""0.11.0""}",Windows,11,Gercom,2026-07-19T16:19:04.740662+00:00
P10_replay_determinism,P10_replay_determinism:diamond_heterogeneous:f910536f1b13fe1a:L2:7:m10-intent:7,diamond_heterogeneous,f910536f1b13fe1a,7,m10-intent,L2,iterative_analytical,7,10,10,0.6,0.05,0.02,,True,r1 -> bad -> r3,2,True,,,,0.6863749999999998,0,0.000964,VIOLATED,False,1.0,0.7695,0.7695,0.0831250000000001,2.504897,False,,1057.0,1.0,0.0,0.0,0.0,0.0,0.06018645001,b85ff53c448937d4aed27ff88f1d8da9e6ebf20322d58b158812d91fa0ed59c1,False,,,,False,,ed1532f836e1464f3192d519aceaf7f4df8e343e,1f2680a5b9065e708a7497adc53a95b108029b98,3.13.14,2.5.1,"{""pydantic"": ""2.13.4"", ""yaml"": ""6.0.3"", ""networkx"": ""3.6.1"", ""numpy"": ""2.5.1"", ""scipy"": ""1.18.0"", ""matplotlib"": ""3.11.0"", ""pandas"": ""3.0.3"", ""qutip"": ""5.3.0"", ""stim"": ""1.16.0"", ""gmpy2"": ""2.3.1"", ""nbformat"": ""5.10.4"", ""nbclient"": ""0.11.0""}",Windows,11,Gercom,2026-07-19T16:19:14.656253+00:00
P10_replay_determinism,P10_replay_determinism:diamond_heterogeneous:f910536f1b13fe1a:L2:7:m10-intent:8,diamond_heterogeneous,f910536f1b13fe1a,7,m10-intent,L2,iterative_analytical,8,10,10,0.6,0.05,0.02,,True,r1 -> bad -> r3,2,True,,,,0.6863749999999998,0,0.000984,VIOLATED,False,1.0,0.7695,0.7695,0.0831250000000001,2.43234,False,,1057.0,1.0,0.0,0.0,0.0,0.0,0.06018645001,b85ff53c448937d4aed27ff88f1d8da9e6ebf20322d58b158812d91fa0ed59c1,False,,,,False,,ed1532f836e1464f3192d519aceaf7f4df8e343e,1f2680a5b9065e708a7497adc53a95b108029b98,3.13.14,2.5.1,"{""pydantic"": ""2.13.4"", ""yaml"": ""6.0.3"", ""networkx"": ""3.6.1"", ""numpy"": ""2.5.1"", ""scipy"": ""1.18.0"", ""matplotlib"": ""3.11.0"", ""pandas"": ""3.0.3"", ""qutip"": ""5.3.0"", ""stim"": ""1.16.0"", ""gmpy2"": ""2.3.1"", ""nbformat"": ""5.10.4"", ""nbclient"": ""0.11.0""}",Windows,11,Gercom,2026-07-19T16:19:24.405779+00:00
P10_replay_determinism,P10_replay_determinism:diamond_heterogeneous:f910536f1b13fe1a:L2:7:m10-intent:9,diamond_heterogeneous,f910536f1b13fe1a,7,m10-intent,L2,iterative_analytical,9,10,10,0.6,0.05,0.02,,True,r1 -> bad -> r3,2,True,,,,0.6863749999999998,0,0.001462,VIOLATED,False,1.0,0.7695,0.7695,0.0831250000000001,2.394581,False,,1057.0,1.0,0.0,0.0,0.0,0.0,0.06018645001,b85ff53c448937d4aed27ff88f1d8da9e6ebf20322d58b158812d91fa0ed59c1,False,,,,False,,ed1532f836e1464f3192d519aceaf7f4df8e343e,1f2680a5b9065e708a7497adc53a95b108029b98,3.13.14,2.5.1,"{""pydantic"": ""2.13.4"", ""yaml"": ""6.0.3"", ""networkx"": ""3.6.1"", ""numpy"": ""2.5.1"", ""scipy"": ""1.18.0"", ""matplotlib"": ""3.11.0"", ""pandas"": ""3.0.3"", ""qutip"": ""5.3.0"", ""stim"": ""1.16.0"", ""gmpy2"": ""2.3.1"", ""nbformat"": ""5.10.4"", ""nbclient"": ""0.11.0""}",Windows,11,Gercom,2026-07-19T16:19:34.163829+00:00
P10_replay_determinism,P10_replay_determinism:diamond_heterogeneous:d500cec2a984bc91:L2:7:m10-intent:0,diamond_heterogeneous,d500cec2a984bc91,7,m10-intent,L2,iterative_analytical,0,10,10,0.6,0.05,0.02,,True,r1 -> bad -> r3,2,True,,,,0.6863749999999998,0,0.001373,VIOLATED,False,4.0,0.7695,0.7695,0.0831250000000001,2.846088,False,,1043.0,4.0,0.0,0.0,0.0,0.0,0.06019155001,85edbce388e3a51352c3613da5787649b086b56acf704be5fcd38b43f95764c6,True,20260719.0,6096730494894872568,"{""execution"": 6096730494894872568, ""generation"": 14234093862154516889, ""swap"": 14856732959536339137, ""purification"": 17490985378327024237, ""planner"": 1195117242842680794, ""internal_simulation"": 9305355445919565707, ""instrumentation"": 3384440680610217938}",True,0.0,ed1532f836e1464f3192d519aceaf7f4df8e343e,1f2680a5b9065e708a7497adc53a95b108029b98,3.13.14,2.5.1,"{""pydantic"": ""2.13.4"", ""yaml"": ""6.0.3"", ""networkx"": ""3.6.1"", ""numpy"": ""2.5.1"", ""scipy"": ""1.18.0"", ""matplotlib"": ""3.11.0"", ""pandas"": ""3.0.3"", ""qutip"": ""5.3.0"", ""stim"": ""1.16.0"", ""gmpy2"": ""2.3.1"", ""nbformat"": ""5.10.4"", ""nbclient"": ""0.11.0""}",Windows,11,Gercom,2026-07-19T16:19:44.883326+00:00
P10_replay_determinism,P10_replay_determinism:diamond_heterogeneous:d500cec2a984bc91:L2:7:m10-intent:1,diamond_heterogeneous,d500cec2a984bc91,7,m10-intent,L2,iterative_analytical,1,10,10,0.6,0.05,0.02,,True,r1 -> bad -> r3,2,True,,,,0.6863749999999998,0,0.001533,VIOLATED,False,4.0,0.7695,0.7695,0.0831250000000001,3.831073,False,,1043.0,4.0,0.0,0.0,0.0,0.0,0.06019155001,85edbce388e3a51352c3613da5787649b086b56acf704be5fcd38b43f95764c6,True,20260719.0,6096730494894872568,"{""execution"": 6096730494894872568, ""generation"": 14234093862154516889, ""swap"": 14856732959536339137, ""purification"": 17490985378327024237, ""planner"": 1195117242842680794, ""internal_simulation"": 9305355445919565707, ""instrumentation"": 3384440680610217938}",True,0.0,ed1532f836e1464f3192d519aceaf7f4df8e343e,1f2680a5b9065e708a7497adc53a95b108029b98,3.13.14,2.5.1,"{""pydantic"": ""2.13.4"", ""yaml"": ""6.0.3"", ""networkx"": ""3.6.1"", ""numpy"": ""2.5.1"", ""scipy"": ""1.18.0"", ""matplotlib"": ""3.11.0"", ""pandas"": ""3.0.3"", ""qutip"": ""5.3.0"", ""stim"": ""1.16.0"", ""gmpy2"": ""2.3.1"", ""nbformat"": ""5.10.4"", ""nbclient"": ""0.11.0""}",Windows,11,Gercom,2026-07-19T16:19:56.960919+00:00
P10_replay_determinism,P10_replay_determinism:diamond_heterogeneous:d500cec2a984bc91:L2:7:m10-intent:2,diamond_heterogeneous,d500cec2a984bc91,7,m10-intent,L2,iterative_analytical,2,10,10,0.6,0.05,0.02,,True,r1 -> bad -> r3,2,True,,,,0.6863749999999998,0,0.001004,VIOLATED,False,4.0,0.7695,0.7695,0.0831250000000001,3.650295,False,,1043.0,4.0,0.0,0.0,0.0,0.0,0.06019155001,85edbce388e3a51352c3613da5787649b086b56acf704be5fcd38b43f95764c6,True,20260719.0,6096730494894872568,"{""execution"": 6096730494894872568, ""generation"": 14234093862154516889, ""swap"": 14856732959536339137, ""purification"": 17490985378327024237, ""planner"": 1195117242842680794, ""internal_simulation"": 9305355445919565707, ""instrumentation"": 3384440680610217938}",True,0.0,ed1532f836e1464f3192d519aceaf7f4df8e343e,1f2680a5b9065e708a7497adc53a95b108029b98,3.13.14,2.5.1,"{""pydantic"": ""2.13.4"", ""yaml"": ""6.0.3"", ""networkx"": ""3.6.1"", ""numpy"": ""2.5.1"", ""scipy"": ""1.18.0"", ""matplotlib"": ""3.11.0"", ""pandas"": ""3.0.3"", ""qutip"": ""5.3.0"", ""stim"": ""1.16.0"", ""gmpy2"": ""2.3.1"", ""nbformat"": ""5.10.4"", ""nbclient"": ""0.11.0""}",Windows,11,Gercom,2026-07-19T16:20:08.895590+00:00
P10_replay_determinism,P10_replay_determinism:diamond_heterogeneous:d500cec2a984bc91:L2:7:m10-intent:3,diamond_heterogeneous,d500cec2a984bc91,7,m10-intent,L2,iterative_analytical,3,10,10,0.6,0.05,0.02,,True,r1 -> bad -> r3,2,True,,,,0.6863749999999998,0,0.000958,VIOLATED,False,4.0,0.7695,0.7695,0.0831250000000001,3.19992,False,,1043.0,4.0,0.0,0.0,0.0,0.0,0.06019155001,85edbce388e3a51352c3613da5787649b086b56acf704be5fcd38b43f95764c6,True,20260719.0,6096730494894872568,"{""execution"": 6096730494894872568, ""generation"": 14234093862154516889, ""swap"": 14856732959536339137, ""purification"": 17490985378327024237, ""planner"": 1195117242842680794, ""internal_simulation"": 9305355445919565707, ""instrumentation"": 3384440680610217938}",True,0.0,ed1532f836e1464f3192d519aceaf7f4df8e343e,1f2680a5b9065e708a7497adc53a95b108029b98,3.13.14,2.5.1,"{""pydantic"": ""2.13.4"", ""yaml"": ""6.0.3"", ""networkx"": ""3.6.1"", ""numpy"": ""2.5.1"", ""scipy"": ""1.18.0"", ""matplotlib"": ""3.11.0"", ""pandas"": ""3.0.3"", ""qutip"": ""5.3.0"", ""stim"": ""1.16.0"", ""gmpy2"": ""2.3.1"", ""nbformat"": ""5.10.4"", ""nbclient"": ""0.11.0""}",Windows,11,Gercom,2026-07-19T16:20:21.210618+00:00
P10_replay_determinism,P10_replay_determinism:diamond_heterogeneous:d500cec2a984bc91:L2:7:m10-intent:4,diamond_heterogeneous,d500cec2a984bc91,7,m10-intent,L2,iterative_analytical,4,10,10,0.6,0.05,0.02,,True,r1 -> bad -> r3,2,True,,,,0.6863749999999998,0,0.000975,VIOLATED,False,4.0,0.7695,0.7695,0.0831250000000001,3.485295,False,,1043.0,4.0,0.0,0.0,0.0,0.0,0.06019155001,85edbce388e3a51352c3613da5787649b086b56acf704be5fcd38b43f95764c6,True,20260719.0,6096730494894872568,"{""execution"": 6096730494894872568, ""generation"": 14234093862154516889, ""swap"": 14856732959536339137, ""purification"": 17490985378327024237, ""planner"": 1195117242842680794, ""internal_simulation"": 9305355445919565707, ""instrumentation"": 3384440680610217938}",True,0.0,ed1532f836e1464f3192d519aceaf7f4df8e343e,1f2680a5b9065e708a7497adc53a95b108029b98,3.13.14,2.5.1,"{""pydantic"": ""2.13.4"", ""yaml"": ""6.0.3"", ""networkx"": ""3.6.1"", ""numpy"": ""2.5.1"", ""scipy"": ""1.18.0"", ""matplotlib"": ""3.11.0"", ""pandas"": ""3.0.3"", ""qutip"": ""5.3.0"", ""stim"": ""1.16.0"", ""gmpy2"": ""2.3.1"", ""nbformat"": ""5.10.4"", ""nbclient"": ""0.11.0""}",Windows,11,Gercom,2026-07-19T16:20:33.097243+00:00
P10_replay_determinism,P10_replay_determinism:diamond_heterogeneous:d500cec2a984bc91:L2:7:m10-intent:5,diamond_heterogeneous,d500cec2a984bc91,7,m10-intent,L2,iterative_analytical,5,10,10,0.6,0.05,0.02,,True,r1 -> bad -> r3,2,True,,,,0.6863749999999998,0,0.000965,VIOLATED,False,4.0,0.7695,0.7695,0.0831250000000001,3.706931,False,,1043.0,4.0,0.0,0.0,0.0,0.0,0.06019155001,85edbce388e3a51352c3613da5787649b086b56acf704be5fcd38b43f95764c6,True,20260719.0,6096730494894872568,"{""execution"": 6096730494894872568, ""generation"": 14234093862154516889, ""swap"": 14856732959536339137, ""purification"": 17490985378327024237, ""planner"": 1195117242842680794, ""internal_simulation"": 9305355445919565707, ""instrumentation"": 3384440680610217938}",True,0.0,ed1532f836e1464f3192d519aceaf7f4df8e343e,1f2680a5b9065e708a7497adc53a95b108029b98,3.13.14,2.5.1,"{""pydantic"": ""2.13.4"", ""yaml"": ""6.0.3"", ""networkx"": ""3.6.1"", ""numpy"": ""2.5.1"", ""scipy"": ""1.18.0"", ""matplotlib"": ""3.11.0"", ""pandas"": ""3.0.3"", ""qutip"": ""5.3.0"", ""stim"": ""1.16.0"", ""gmpy2"": ""2.3.1"", ""nbformat"": ""5.10.4"", ""nbclient"": ""0.11.0""}",Windows,11,Gercom,2026-07-19T16:20:45.125373+00:00
P10_replay_determinism,P10_replay_determinism:diamond_heterogeneous:d500cec2a984bc91:L2:7:m10-intent:6,diamond_heterogeneous,d500cec2a984bc91,7,m10-intent,L2,iterative_analytical,6,10,10,0.6,0.05,0.02,,True,r1 -> bad -> r3,2,True,,,,0.6863749999999998,0,0.00093,VIOLATED,False,4.0,0.7695,0.7695,0.0831250000000001,2.811884,False,,1043.0,4.0,0.0,0.0,0.0,0.0,0.06019155001,85edbce388e3a51352c3613da5787649b086b56acf704be5fcd38b43f95764c6,True,20260719.0,6096730494894872568,"{""execution"": 6096730494894872568, ""generation"": 14234093862154516889, ""swap"": 14856732959536339137, ""purification"": 17490985378327024237, ""planner"": 1195117242842680794, ""internal_simulation"": 9305355445919565707, ""instrumentation"": 3384440680610217938}",True,0.0,ed1532f836e1464f3192d519aceaf7f4df8e343e,1f2680a5b9065e708a7497adc53a95b108029b98,3.13.14,2.5.1,"{""pydantic"": ""2.13.4"", ""yaml"": ""6.0.3"", ""networkx"": ""3.6.1"", ""numpy"": ""2.5.1"", ""scipy"": ""1.18.0"", ""matplotlib"": ""3.11.0"", ""pandas"": ""3.0.3"", ""qutip"": ""5.3.0"", ""stim"": ""1.16.0"", ""gmpy2"": ""2.3.1"", ""nbformat"": ""5.10.4"", ""nbclient"": ""0.11.0""}",Windows,11,Gercom,2026-07-19T16:20:55.672997+00:00
P10_replay_determinism,P10_replay_determinism:diamond_heterogeneous:d500cec2a984bc91:L2:7:m10-intent:7,diamond_heterogeneous,d500cec2a984bc91,7,m10-intent,L2,iterative_analytical,7,10,10,0.6,0.05,0.02,,True,r1 -> bad -> r3,2,True,,,,0.6863749999999998,0,0.001635,VIOLATED,False,4.0,0.7695,0.7695,0.0831250000000001,3.043028,False,,1043.0,4.0,0.0,0.0,0.0,0.0,0.06019155001,85edbce388e3a51352c3613da5787649b086b56acf704be5fcd38b43f95764c6,True,20260719.0,6096730494894872568,"{""execution"": 6096730494894872568, ""generation"": 14234093862154516889, ""swap"": 14856732959536339137, ""purification"": 17490985378327024237, ""planner"": 1195117242842680794, ""internal_simulation"": 9305355445919565707, ""instrumentation"": 3384440680610217938}",True,0.0,ed1532f836e1464f3192d519aceaf7f4df8e343e,1f2680a5b9065e708a7497adc53a95b108029b98,3.13.14,2.5.1,"{""pydantic"": ""2.13.4"", ""yaml"": ""6.0.3"", ""networkx"": ""3.6.1"", ""numpy"": ""2.5.1"", ""scipy"": ""1.18.0"", ""matplotlib"": ""3.11.0"", ""pandas"": ""3.0.3"", ""qutip"": ""5.3.0"", ""stim"": ""1.16.0"", ""gmpy2"": ""2.3.1"", ""nbformat"": ""5.10.4"", ""nbclient"": ""0.11.0""}",Windows,11,Gercom,2026-07-19T16:21:06.675607+00:00
P10_replay_determinism,P10_replay_determinism:diamond_heterogeneous:d500cec2a984bc91:L2:7:m10-intent:8,diamond_heterogeneous,d500cec2a984bc91,7,m10-intent,L2,iterative_analytical,8,10,10,0.6,0.05,0.02,,True,r1 -> bad -> r3,2,True,,,,0.6863749999999998,0,0.001469,VIOLATED,False,4.0,0.7695,0.7695,0.0831250000000001,3.848845,False,,1043.0,4.0,0.0,0.0,0.0,0.0,0.06019155001,85edbce388e3a51352c3613da5787649b086b56acf704be5fcd38b43f95764c6,True,20260719.0,6096730494894872568,"{""execution"": 6096730494894872568, ""generation"": 14234093862154516889, ""swap"": 14856732959536339137, ""purification"": 17490985378327024237, ""planner"": 1195117242842680794, ""internal_simulation"": 9305355445919565707, ""instrumentation"": 3384440680610217938}",True,0.0,ed1532f836e1464f3192d519aceaf7f4df8e343e,1f2680a5b9065e708a7497adc53a95b108029b98,3.13.14,2.5.1,"{""pydantic"": ""2.13.4"", ""yaml"": ""6.0.3"", ""networkx"": ""3.6.1"", ""numpy"": ""2.5.1"", ""scipy"": ""1.18.0"", ""matplotlib"": ""3.11.0"", ""pandas"": ""3.0.3"", ""qutip"": ""5.3.0"", ""stim"": ""1.16.0"", ""gmpy2"": ""2.3.1"", ""nbformat"": ""5.10.4"", ""nbclient"": ""0.11.0""}",Windows,11,Gercom,2026-07-19T16:21:18.087516+00:00
P10_replay_determinism,P10_replay_determinism:diamond_heterogeneous:d500cec2a984bc91:L2:7:m10-intent:9,diamond_heterogeneous,d500cec2a984bc91,7,m10-intent,L2,iterative_analytical,9,10,10,0.6,0.05,0.02,,True,r1 -> bad -> r3,2,True,,,,0.6863749999999998,0,0.001004,VIOLATED,False,4.0,0.7695,0.7695,0.0831250000000001,3.844927,False,,1043.0,4.0,0.0,0.0,0.0,0.0,0.06019155001,85edbce388e3a51352c3613da5787649b086b56acf704be5fcd38b43f95764c6,True,20260719.0,6096730494894872568,"{""execution"": 6096730494894872568, ""generation"": 14234093862154516889, ""swap"": 14856732959536339137, ""purification"": 17490985378327024237, ""planner"": 1195117242842680794, ""internal_simulation"": 9305355445919565707, ""instrumentation"": 3384440680610217938}",True,0.0,ed1532f836e1464f3192d519aceaf7f4df8e343e,1f2680a5b9065e708a7497adc53a95b108029b98,3.13.14,2.5.1,"{""pydantic"": ""2.13.4"", ""yaml"": ""6.0.3"", ""networkx"": ""3.6.1"", ""numpy"": ""2.5.1"", ""scipy"": ""1.18.0"", ""matplotlib"": ""3.11.0"", ""pandas"": ""3.0.3"", ""qutip"": ""5.3.0"", ""stim"": ""1.16.0"", ""gmpy2"": ""2.3.1"", ""nbformat"": ""5.10.4"", ""nbclient"": ""0.11.0""}",Windows,11,Gercom,2026-07-19T16:21:30.257295+00:00
P10_replay_determinism,P10_replay_determinism:small_mesh:64eed1205fd6fd5d:L2:7:m10-intent:0,small_mesh,64eed1205fd6fd5d,7,m10-intent,L2,iterative_analytical,0,10,10,0.65,0.05,1e-05,,True,,0,False,no candidate route is feasible: a0->a1->a2->a3->b3 (min_fidelity 0.650 exceeds the achievable estimate 0.438 (no further gain after round 1 (fixed point reached))); a0->b0->b1->b2->b3 (min_fidelity 0.650 exceeds the achievable estimate 0.438 (no further gain after round 1 (fixed point reached))); a0->a1->b1->b2->b3 (min_fidelity 0.650 exceeds the achievable estimate 0.438 (no further gain after round 1 (fixed point reached))),,,,0,0.001486,REJECTED,,,,,,,False,,,,,,,,,,False,,,,False,,ed1532f836e1464f3192d519aceaf7f4df8e343e,1f2680a5b9065e708a7497adc53a95b108029b98,3.13.14,2.5.1,"{""pydantic"": ""2.13.4"", ""yaml"": ""6.0.3"", ""networkx"": ""3.6.1"", ""numpy"": ""2.5.1"", ""scipy"": ""1.18.0"", ""matplotlib"": ""3.11.0"", ""pandas"": ""3.0.3"", ""qutip"": ""5.3.0"", ""stim"": ""1.16.0"", ""gmpy2"": ""2.3.1"", ""nbformat"": ""5.10.4"", ""nbclient"": ""0.11.0""}",Windows,11,Gercom,2026-07-19T16:21:38.866089+00:00
P10_replay_determinism,P10_replay_determinism:small_mesh:64eed1205fd6fd5d:L2:7:m10-intent:1,small_mesh,64eed1205fd6fd5d,7,m10-intent,L2,iterative_analytical,1,10,10,0.65,0.05,1e-05,,True,,0,False,no candidate route is feasible: a0->a1->a2->a3->b3 (min_fidelity 0.650 exceeds the achievable estimate 0.438 (no further gain after round 1 (fixed point reached))); a0->b0->b1->b2->b3 (min_fidelity 0.650 exceeds the achievable estimate 0.438 (no further gain after round 1 (fixed point reached))); a0->a1->b1->b2->b3 (min_fidelity 0.650 exceeds the achievable estimate 0.438 (no further gain after round 1 (fixed point reached))),,,,0,0.002553,REJECTED,,,,,,,False,,,,,,,,,,False,,,,False,,ed1532f836e1464f3192d519aceaf7f4df8e343e,1f2680a5b9065e708a7497adc53a95b108029b98,3.13.14,2.5.1,"{""pydantic"": ""2.13.4"", ""yaml"": ""6.0.3"", ""networkx"": ""3.6.1"", ""numpy"": ""2.5.1"", ""scipy"": ""1.18.0"", ""matplotlib"": ""3.11.0"", ""pandas"": ""3.0.3"", ""qutip"": ""5.3.0"", ""stim"": ""1.16.0"", ""gmpy2"": ""2.3.1"", ""nbformat"": ""5.10.4"", ""nbclient"": ""0.11.0""}",Windows,11,Gercom,2026-07-19T16:21:46.502424+00:00
P10_replay_determinism,P10_replay_determinism:small_mesh:64eed1205fd6fd5d:L2:7:m10-intent:2,small_mesh,64eed1205fd6fd5d,7,m10-intent,L2,iterative_analytical,2,10,10,0.65,0.05,1e-05,,True,,0,False,no candidate route is feasible: a0->a1->a2->a3->b3 (min_fidelity 0.650 exceeds the achievable estimate 0.438 (no further gain after round 1 (fixed point reached))); a0->b0->b1->b2->b3 (min_fidelity 0.650 exceeds the achievable estimate 0.438 (no further gain after round 1 (fixed point reached))); a0->a1->b1->b2->b3 (min_fidelity 0.650 exceeds the achievable estimate 0.438 (no further gain after round 1 (fixed point reached))),,,,0,0.001597,REJECTED,,,,,,,False,,,,,,,,,,False,,,,False,,ed1532f836e1464f3192d519aceaf7f4df8e343e,1f2680a5b9065e708a7497adc53a95b108029b98,3.13.14,2.5.1,"{""pydantic"": ""2.13.4"", ""yaml"": ""6.0.3"", ""networkx"": ""3.6.1"", ""numpy"": ""2.5.1"", ""scipy"": ""1.18.0"", ""matplotlib"": ""3.11.0"", ""pandas"": ""3.0.3"", ""qutip"": ""5.3.0"", ""stim"": ""1.16.0"", ""gmpy2"": ""2.3.1"", ""nbformat"": ""5.10.4"", ""nbclient"": ""0.11.0""}",Windows,11,Gercom,2026-07-19T16:21:53.953074+00:00
P10_replay_determinism,P10_replay_determinism:small_mesh:64eed1205fd6fd5d:L2:7:m10-intent:3,small_mesh,64eed1205fd6fd5d,7,m10-intent,L2,iterative_analytical,3,10,10,0.65,0.05,1e-05,,True,,0,False,no candidate route is feasible: a0->a1->a2->a3->b3 (min_fidelity 0.650 exceeds the achievable estimate 0.438 (no further gain after round 1 (fixed point reached))); a0->b0->b1->b2->b3 (min_fidelity 0.650 exceeds the achievable estimate 0.438 (no further gain after round 1 (fixed point reached))); a0->a1->b1->b2->b3 (min_fidelity 0.650 exceeds the achievable estimate 0.438 (no further gain after round 1 (fixed point reached))),,,,0,0.00145,REJECTED,,,,,,,False,,,,,,,,,,False,,,,False,,ed1532f836e1464f3192d519aceaf7f4df8e343e,1f2680a5b9065e708a7497adc53a95b108029b98,3.13.14,2.5.1,"{""pydantic"": ""2.13.4"", ""yaml"": ""6.0.3"", ""networkx"": ""3.6.1"", ""numpy"": ""2.5.1"", ""scipy"": ""1.18.0"", ""matplotlib"": ""3.11.0"", ""pandas"": ""3.0.3"", ""qutip"": ""5.3.0"", ""stim"": ""1.16.0"", ""gmpy2"": ""2.3.1"", ""nbformat"": ""5.10.4"", ""nbclient"": ""0.11.0""}",Windows,11,Gercom,2026-07-19T16:22:01.322343+00:00
P10_replay_determinism,P10_replay_determinism:small_mesh:64eed1205fd6fd5d:L2:7:m10-intent:4,small_mesh,64eed1205fd6fd5d,7,m10-intent,L2,iterative_analytical,4,10,10,0.65,0.05,1e-05,,True,,0,False,no candidate route is feasible: a0->a1->a2->a3->b3 (min_fidelity 0.650 exceeds the achievable estimate 0.438 (no further gain after round 1 (fixed point reached))); a0->b0->b1->b2->b3 (min_fidelity 0.650 exceeds the achievable estimate 0.438 (no further gain after round 1 (fixed point reached))); a0->a1->b1->b2->b3 (min_fidelity 0.650 exceeds the achievable estimate 0.438 (no further gain after round 1 (fixed point reached))),,,,0,0.002534,REJECTED,,,,,,,False,,,,,,,,,,False,,,,False,,ed1532f836e1464f3192d519aceaf7f4df8e343e,1f2680a5b9065e708a7497adc53a95b108029b98,3.13.14,2.5.1,"{""pydantic"": ""2.13.4"", ""yaml"": ""6.0.3"", ""networkx"": ""3.6.1"", ""numpy"": ""2.5.1"", ""scipy"": ""1.18.0"", ""matplotlib"": ""3.11.0"", ""pandas"": ""3.0.3"", ""qutip"": ""5.3.0"", ""stim"": ""1.16.0"", ""gmpy2"": ""2.3.1"", ""nbformat"": ""5.10.4"", ""nbclient"": ""0.11.0""}",Windows,11,Gercom,2026-07-19T16:22:09.034364+00:00
P10_replay_determinism,P10_replay_determinism:small_mesh:64eed1205fd6fd5d:L2:7:m10-intent:5,small_mesh,64eed1205fd6fd5d,7,m10-intent,L2,iterative_analytical,5,10,10,0.65,0.05,1e-05,,True,,0,False,no candidate route is feasible: a0->a1->a2->a3->b3 (min_fidelity 0.650 exceeds the achievable estimate 0.438 (no further gain after round 1 (fixed point reached))); a0->b0->b1->b2->b3 (min_fidelity 0.650 exceeds the achievable estimate 0.438 (no further gain after round 1 (fixed point reached))); a0->a1->b1->b2->b3 (min_fidelity 0.650 exceeds the achievable estimate 0.438 (no further gain after round 1 (fixed point reached))),,,,0,0.002381,REJECTED,,,,,,,False,,,,,,,,,,False,,,,False,,ed1532f836e1464f3192d519aceaf7f4df8e343e,1f2680a5b9065e708a7497adc53a95b108029b98,3.13.14,2.5.1,"{""pydantic"": ""2.13.4"", ""yaml"": ""6.0.3"", ""networkx"": ""3.6.1"", ""numpy"": ""2.5.1"", ""scipy"": ""1.18.0"", ""matplotlib"": ""3.11.0"", ""pandas"": ""3.0.3"", ""qutip"": ""5.3.0"", ""stim"": ""1.16.0"", ""gmpy2"": ""2.3.1"", ""nbformat"": ""5.10.4"", ""nbclient"": ""0.11.0""}",Windows,11,Gercom,2026-07-19T16:22:16.534858+00:00
P10_replay_determinism,P10_replay_determinism:small_mesh:64eed1205fd6fd5d:L2:7:m10-intent:6,small_mesh,64eed1205fd6fd5d,7,m10-intent,L2,iterative_analytical,6,10,10,0.65,0.05,1e-05,,True,,0,False,no candidate route is feasible: a0->a1->a2->a3->b3 (min_fidelity 0.650 exceeds the achievable estimate 0.438 (no further gain after round 1 (fixed point reached))); a0->b0->b1->b2->b3 (min_fidelity 0.650 exceeds the achievable estimate 0.438 (no further gain after round 1 (fixed point reached))); a0->a1->b1->b2->b3 (min_fidelity 0.650 exceeds the achievable estimate 0.438 (no further gain after round 1 (fixed point reached))),,,,0,0.00236,REJECTED,,,,,,,False,,,,,,,,,,False,,,,False,,ed1532f836e1464f3192d519aceaf7f4df8e343e,1f2680a5b9065e708a7497adc53a95b108029b98,3.13.14,2.5.1,"{""pydantic"": ""2.13.4"", ""yaml"": ""6.0.3"", ""networkx"": ""3.6.1"", ""numpy"": ""2.5.1"", ""scipy"": ""1.18.0"", ""matplotlib"": ""3.11.0"", ""pandas"": ""3.0.3"", ""qutip"": ""5.3.0"", ""stim"": ""1.16.0"", ""gmpy2"": ""2.3.1"", ""nbformat"": ""5.10.4"", ""nbclient"": ""0.11.0""}",Windows,11,Gercom,2026-07-19T16:22:23.938246+00:00
P10_replay_determinism,P10_replay_determinism:small_mesh:64eed1205fd6fd5d:L2:7:m10-intent:7,small_mesh,64eed1205fd6fd5d,7,m10-intent,L2,iterative_analytical,7,10,10,0.65,0.05,1e-05,,True,,0,False,no candidate route is feasible: a0->a1->a2->a3->b3 (min_fidelity 0.650 exceeds the achievable estimate 0.438 (no further gain after round 1 (fixed point reached))); a0->b0->b1->b2->b3 (min_fidelity 0.650 exceeds the achievable estimate 0.438 (no further gain after round 1 (fixed point reached))); a0->a1->b1->b2->b3 (min_fidelity 0.650 exceeds the achievable estimate 0.438 (no further gain after round 1 (fixed point reached))),,,,0,0.002665,REJECTED,,,,,,,False,,,,,,,,,,False,,,,False,,ed1532f836e1464f3192d519aceaf7f4df8e343e,1f2680a5b9065e708a7497adc53a95b108029b98,3.13.14,2.5.1,"{""pydantic"": ""2.13.4"", ""yaml"": ""6.0.3"", ""networkx"": ""3.6.1"", ""numpy"": ""2.5.1"", ""scipy"": ""1.18.0"", ""matplotlib"": ""3.11.0"", ""pandas"": ""3.0.3"", ""qutip"": ""5.3.0"", ""stim"": ""1.16.0"", ""gmpy2"": ""2.3.1"", ""nbformat"": ""5.10.4"", ""nbclient"": ""0.11.0""}",Windows,11,Gercom,2026-07-19T16:22:30.901596+00:00
P10_replay_determinism,P10_replay_determinism:small_mesh:64eed1205fd6fd5d:L2:7:m10-intent:8,small_mesh,64eed1205fd6fd5d,7,m10-intent,L2,iterative_analytical,8,10,10,0.65,0.05,1e-05,,True,,0,False,no candidate route is feasible: a0->a1->a2->a3->b3 (min_fidelity 0.650 exceeds the achievable estimate 0.438 (no further gain after round 1 (fixed point reached))); a0->b0->b1->b2->b3 (min_fidelity 0.650 exceeds the achievable estimate 0.438 (no further gain after round 1 (fixed point reached))); a0->a1->b1->b2->b3 (min_fidelity 0.650 exceeds the achievable estimate 0.438 (no further gain after round 1 (fixed point reached))),,,,0,0.001408,REJECTED,,,,,,,False,,,,,,,,,,False,,,,False,,ed1532f836e1464f3192d519aceaf7f4df8e343e,1f2680a5b9065e708a7497adc53a95b108029b98,3.13.14,2.5.1,"{""pydantic"": ""2.13.4"", ""yaml"": ""6.0.3"", ""networkx"": ""3.6.1"", ""numpy"": ""2.5.1"", ""scipy"": ""1.18.0"", ""matplotlib"": ""3.11.0"", ""pandas"": ""3.0.3"", ""qutip"": ""5.3.0"", ""stim"": ""1.16.0"", ""gmpy2"": ""2.3.1"", ""nbformat"": ""5.10.4"", ""nbclient"": ""0.11.0""}",Windows,11,Gercom,2026-07-19T16:22:38.429263+00:00
P10_replay_determinism,P10_replay_determinism:small_mesh:64eed1205fd6fd5d:L2:7:m10-intent:9,small_mesh,64eed1205fd6fd5d,7,m10-intent,L2,iterative_analytical,9,10,10,0.65,0.05,1e-05,,True,,0,False,no candidate route is feasible: a0->a1->a2->a3->b3 (min_fidelity 0.650 exceeds the achievable estimate 0.438 (no further gain after round 1 (fixed point reached))); a0->b0->b1->b2->b3 (min_fidelity 0.650 exceeds the achievable estimate 0.438 (no further gain after round 1 (fixed point reached))); a0->a1->b1->b2->b3 (min_fidelity 0.650 exceeds the achievable estimate 0.438 (no further gain after round 1 (fixed point reached))),,,,0,0.001531,REJECTED,,,,,,,False,,,,,,,,,,False,,,,False,,ed1532f836e1464f3192d519aceaf7f4df8e343e,1f2680a5b9065e708a7497adc53a95b108029b98,3.13.14,2.5.1,"{""pydantic"": ""2.13.4"", ""yaml"": ""6.0.3"", ""networkx"": ""3.6.1"", ""numpy"": ""2.5.1"", ""scipy"": ""1.18.0"", ""matplotlib"": ""3.11.0"", ""pandas"": ""3.0.3"", ""qutip"": ""5.3.0"", ""stim"": ""1.16.0"", ""gmpy2"": ""2.3.1"", ""nbformat"": ""5.10.4"", ""nbclient"": ""0.11.0""}",Windows,11,Gercom,2026-07-19T16:22:45.691977+00:00
P10_replay_determinism,P10_replay_determinism:small_mesh:50ec370bdce2e915:L2:7:m10-intent:0,small_mesh,50ec370bdce2e915,7,m10-intent,L2,iterative_analytical,0,10,10,0.65,0.05,1e-05,,True,,0,False,no candidate route is feasible: a0->a1->a2->a3->b3 (min_fidelity 0.650 exceeds the achievable estimate 0.438 (no further gain after round 1 (fixed point reached))); a0->b0->b1->b2->b3 (min_fidelity 0.650 exceeds the achievable estimate 0.438 (no further gain after round 1 (fixed point reached))); a0->a1->b1->b2->b3 (min_fidelity 0.650 exceeds the achievable estimate 0.438 (no further gain after round 1 (fixed point reached))),,,,0,0.001307,REJECTED,,,,,,,False,,,,,,,,,,True,20260719.0,9572969648859710218,"{""execution"": 9572969648859710218, ""generation"": 11215524504017664117, ""swap"": 15213137415316618911, ""purification"": 13504712514536649258, ""planner"": 9898797547638730886, ""internal_simulation"": 11243498789922001775, ""instrumentation"": 4982184216707970503}",True,0.0,ed1532f836e1464f3192d519aceaf7f4df8e343e,1f2680a5b9065e708a7497adc53a95b108029b98,3.13.14,2.5.1,"{""pydantic"": ""2.13.4"", ""yaml"": ""6.0.3"", ""networkx"": ""3.6.1"", ""numpy"": ""2.5.1"", ""scipy"": ""1.18.0"", ""matplotlib"": ""3.11.0"", ""pandas"": ""3.0.3"", ""qutip"": ""5.3.0"", ""stim"": ""1.16.0"", ""gmpy2"": ""2.3.1"", ""nbformat"": ""5.10.4"", ""nbclient"": ""0.11.0""}",Windows,11,Gercom,2026-07-19T16:22:53.111218+00:00
P10_replay_determinism,P10_replay_determinism:small_mesh:50ec370bdce2e915:L2:7:m10-intent:1,small_mesh,50ec370bdce2e915,7,m10-intent,L2,iterative_analytical,1,10,10,0.65,0.05,1e-05,,True,,0,False,no candidate route is feasible: a0->a1->a2->a3->b3 (min_fidelity 0.650 exceeds the achievable estimate 0.438 (no further gain after round 1 (fixed point reached))); a0->b0->b1->b2->b3 (min_fidelity 0.650 exceeds the achievable estimate 0.438 (no further gain after round 1 (fixed point reached))); a0->a1->b1->b2->b3 (min_fidelity 0.650 exceeds the achievable estimate 0.438 (no further gain after round 1 (fixed point reached))),,,,0,0.001425,REJECTED,,,,,,,False,,,,,,,,,,True,20260719.0,9572969648859710218,"{""execution"": 9572969648859710218, ""generation"": 11215524504017664117, ""swap"": 15213137415316618911, ""purification"": 13504712514536649258, ""planner"": 9898797547638730886, ""internal_simulation"": 11243498789922001775, ""instrumentation"": 4982184216707970503}",True,0.0,ed1532f836e1464f3192d519aceaf7f4df8e343e,1f2680a5b9065e708a7497adc53a95b108029b98,3.13.14,2.5.1,"{""pydantic"": ""2.13.4"", ""yaml"": ""6.0.3"", ""networkx"": ""3.6.1"", ""numpy"": ""2.5.1"", ""scipy"": ""1.18.0"", ""matplotlib"": ""3.11.0"", ""pandas"": ""3.0.3"", ""qutip"": ""5.3.0"", ""stim"": ""1.16.0"", ""gmpy2"": ""2.3.1"", ""nbformat"": ""5.10.4"", ""nbclient"": ""0.11.0""}",Windows,11,Gercom,2026-07-19T16:23:00.681842+00:00
P10_replay_determinism,P10_replay_determinism:small_mesh:50ec370bdce2e915:L2:7:m10-intent:2,small_mesh,50ec370bdce2e915,7,m10-intent,L2,iterative_analytical,2,10,10,0.65,0.05,1e-05,,True,,0,False,no candidate route is feasible: a0->a1->a2->a3->b3 (min_fidelity 0.650 exceeds the achievable estimate 0.438 (no further gain after round 1 (fixed point reached))); a0->b0->b1->b2->b3 (min_fidelity 0.650 exceeds the achievable estimate 0.438 (no further gain after round 1 (fixed point reached))); a0->a1->b1->b2->b3 (min_fidelity 0.650 exceeds the achievable estimate 0.438 (no further gain after round 1 (fixed point reached))),,,,0,0.001236,REJECTED,,,,,,,False,,,,,,,,,,True,20260719.0,9572969648859710218,"{""execution"": 9572969648859710218, ""generation"": 11215524504017664117, ""swap"": 15213137415316618911, ""purification"": 13504712514536649258, ""planner"": 9898797547638730886, ""internal_simulation"": 11243498789922001775, ""instrumentation"": 4982184216707970503}",True,0.0,ed1532f836e1464f3192d519aceaf7f4df8e343e,1f2680a5b9065e708a7497adc53a95b108029b98,3.13.14,2.5.1,"{""pydantic"": ""2.13.4"", ""yaml"": ""6.0.3"", ""networkx"": ""3.6.1"", ""numpy"": ""2.5.1"", ""scipy"": ""1.18.0"", ""matplotlib"": ""3.11.0"", ""pandas"": ""3.0.3"", ""qutip"": ""5.3.0"", ""stim"": ""1.16.0"", ""gmpy2"": ""2.3.1"", ""nbformat"": ""5.10.4"", ""nbclient"": ""0.11.0""}",Windows,11,Gercom,2026-07-19T16:23:07.807971+00:00
P10_replay_determinism,P10_replay_determinism:small_mesh:50ec370bdce2e915:L2:7:m10-intent:3,small_mesh,50ec370bdce2e915,7,m10-intent,L2,iterative_analytical,3,10,10,0.65,0.05,1e-05,,True,,0,False,no candidate route is feasible: a0->a1->a2->a3->b3 (min_fidelity 0.650 exceeds the achievable estimate 0.438 (no further gain after round 1 (fixed point reached))); a0->b0->b1->b2->b3 (min_fidelity 0.650 exceeds the achievable estimate 0.438 (no further gain after round 1 (fixed point reached))); a0->a1->b1->b2->b3 (min_fidelity 0.650 exceeds the achievable estimate 0.438 (no further gain after round 1 (fixed point reached))),,,,0,0.001417,REJECTED,,,,,,,False,,,,,,,,,,True,20260719.0,9572969648859710218,"{""execution"": 9572969648859710218, ""generation"": 11215524504017664117, ""swap"": 15213137415316618911, ""purification"": 13504712514536649258, ""planner"": 9898797547638730886, ""internal_simulation"": 11243498789922001775, ""instrumentation"": 4982184216707970503}",True,0.0,ed1532f836e1464f3192d519aceaf7f4df8e343e,1f2680a5b9065e708a7497adc53a95b108029b98,3.13.14,2.5.1,"{""pydantic"": ""2.13.4"", ""yaml"": ""6.0.3"", ""networkx"": ""3.6.1"", ""numpy"": ""2.5.1"", ""scipy"": ""1.18.0"", ""matplotlib"": ""3.11.0"", ""pandas"": ""3.0.3"", ""qutip"": ""5.3.0"", ""stim"": ""1.16.0"", ""gmpy2"": ""2.3.1"", ""nbformat"": ""5.10.4"", ""nbclient"": ""0.11.0""}",Windows,11,Gercom,2026-07-19T16:23:15.148490+00:00
P10_replay_determinism,P10_replay_determinism:small_mesh:50ec370bdce2e915:L2:7:m10-intent:4,small_mesh,50ec370bdce2e915,7,m10-intent,L2,iterative_analytical,4,10,10,0.65,0.05,1e-05,,True,,0,False,no candidate route is feasible: a0->a1->a2->a3->b3 (min_fidelity 0.650 exceeds the achievable estimate 0.438 (no further gain after round 1 (fixed point reached))); a0->b0->b1->b2->b3 (min_fidelity 0.650 exceeds the achievable estimate 0.438 (no further gain after round 1 (fixed point reached))); a0->a1->b1->b2->b3 (min_fidelity 0.650 exceeds the achievable estimate 0.438 (no further gain after round 1 (fixed point reached))),,,,0,0.001381,REJECTED,,,,,,,False,,,,,,,,,,True,20260719.0,9572969648859710218,"{""execution"": 9572969648859710218, ""generation"": 11215524504017664117, ""swap"": 15213137415316618911, ""purification"": 13504712514536649258, ""planner"": 9898797547638730886, ""internal_simulation"": 11243498789922001775, ""instrumentation"": 4982184216707970503}",True,0.0,ed1532f836e1464f3192d519aceaf7f4df8e343e,1f2680a5b9065e708a7497adc53a95b108029b98,3.13.14,2.5.1,"{""pydantic"": ""2.13.4"", ""yaml"": ""6.0.3"", ""networkx"": ""3.6.1"", ""numpy"": ""2.5.1"", ""scipy"": ""1.18.0"", ""matplotlib"": ""3.11.0"", ""pandas"": ""3.0.3"", ""qutip"": ""5.3.0"", ""stim"": ""1.16.0"", ""gmpy2"": ""2.3.1"", ""nbformat"": ""5.10.4"", ""nbclient"": ""0.11.0""}",Windows,11,Gercom,2026-07-19T16:23:22.365326+00:00
P10_replay_determinism,P10_replay_determinism:small_mesh:50ec370bdce2e915:L2:7:m10-intent:5,small_mesh,50ec370bdce2e915,7,m10-intent,L2,iterative_analytical,5,10,10,0.65,0.05,1e-05,,True,,0,False,no candidate route is feasible: a0->a1->a2->a3->b3 (min_fidelity 0.650 exceeds the achievable estimate 0.438 (no further gain after round 1 (fixed point reached))); a0->b0->b1->b2->b3 (min_fidelity 0.650 exceeds the achievable estimate 0.438 (no further gain after round 1 (fixed point reached))); a0->a1->b1->b2->b3 (min_fidelity 0.650 exceeds the achievable estimate 0.438 (no further gain after round 1 (fixed point reached))),,,,0,0.001413,REJECTED,,,,,,,False,,,,,,,,,,True,20260719.0,9572969648859710218,"{""execution"": 9572969648859710218, ""generation"": 11215524504017664117, ""swap"": 15213137415316618911, ""purification"": 13504712514536649258, ""planner"": 9898797547638730886, ""internal_simulation"": 11243498789922001775, ""instrumentation"": 4982184216707970503}",True,0.0,ed1532f836e1464f3192d519aceaf7f4df8e343e,1f2680a5b9065e708a7497adc53a95b108029b98,3.13.14,2.5.1,"{""pydantic"": ""2.13.4"", ""yaml"": ""6.0.3"", ""networkx"": ""3.6.1"", ""numpy"": ""2.5.1"", ""scipy"": ""1.18.0"", ""matplotlib"": ""3.11.0"", ""pandas"": ""3.0.3"", ""qutip"": ""5.3.0"", ""stim"": ""1.16.0"", ""gmpy2"": ""2.3.1"", ""nbformat"": ""5.10.4"", ""nbclient"": ""0.11.0""}",Windows,11,Gercom,2026-07-19T16:23:29.498536+00:00
P10_replay_determinism,P10_replay_determinism:small_mesh:50ec370bdce2e915:L2:7:m10-intent:6,small_mesh,50ec370bdce2e915,7,m10-intent,L2,iterative_analytical,6,10,10,0.65,0.05,1e-05,,True,,0,False,no candidate route is feasible: a0->a1->a2->a3->b3 (min_fidelity 0.650 exceeds the achievable estimate 0.438 (no further gain after round 1 (fixed point reached))); a0->b0->b1->b2->b3 (min_fidelity 0.650 exceeds the achievable estimate 0.438 (no further gain after round 1 (fixed point reached))); a0->a1->b1->b2->b3 (min_fidelity 0.650 exceeds the achievable estimate 0.438 (no further gain after round 1 (fixed point reached))),,,,0,0.001398,REJECTED,,,,,,,False,,,,,,,,,,True,20260719.0,9572969648859710218,"{""execution"": 9572969648859710218, ""generation"": 11215524504017664117, ""swap"": 15213137415316618911, ""purification"": 13504712514536649258, ""planner"": 9898797547638730886, ""internal_simulation"": 11243498789922001775, ""instrumentation"": 4982184216707970503}",True,0.0,ed1532f836e1464f3192d519aceaf7f4df8e343e,1f2680a5b9065e708a7497adc53a95b108029b98,3.13.14,2.5.1,"{""pydantic"": ""2.13.4"", ""yaml"": ""6.0.3"", ""networkx"": ""3.6.1"", ""numpy"": ""2.5.1"", ""scipy"": ""1.18.0"", ""matplotlib"": ""3.11.0"", ""pandas"": ""3.0.3"", ""qutip"": ""5.3.0"", ""stim"": ""1.16.0"", ""gmpy2"": ""2.3.1"", ""nbformat"": ""5.10.4"", ""nbclient"": ""0.11.0""}",Windows,11,Gercom,2026-07-19T16:23:37.092312+00:00
P10_replay_determinism,P10_replay_determinism:small_mesh:50ec370bdce2e915:L2:7:m10-intent:7,small_mesh,50ec370bdce2e915,7,m10-intent,L2,iterative_analytical,7,10,10,0.65,0.05,1e-05,,True,,0,False,no candidate route is feasible: a0->a1->a2->a3->b3 (min_fidelity 0.650 exceeds the achievable estimate 0.438 (no further gain after round 1 (fixed point reached))); a0->b0->b1->b2->b3 (min_fidelity 0.650 exceeds the achievable estimate 0.438 (no further gain after round 1 (fixed point reached))); a0->a1->b1->b2->b3 (min_fidelity 0.650 exceeds the achievable estimate 0.438 (no further gain after round 1 (fixed point reached))),,,,0,0.001419,REJECTED,,,,,,,False,,,,,,,,,,True,20260719.0,9572969648859710218,"{""execution"": 9572969648859710218, ""generation"": 11215524504017664117, ""swap"": 15213137415316618911, ""purification"": 13504712514536649258, ""planner"": 9898797547638730886, ""internal_simulation"": 11243498789922001775, ""instrumentation"": 4982184216707970503}",True,0.0,ed1532f836e1464f3192d519aceaf7f4df8e343e,1f2680a5b9065e708a7497adc53a95b108029b98,3.13.14,2.5.1,"{""pydantic"": ""2.13.4"", ""yaml"": ""6.0.3"", ""networkx"": ""3.6.1"", ""numpy"": ""2.5.1"", ""scipy"": ""1.18.0"", ""matplotlib"": ""3.11.0"", ""pandas"": ""3.0.3"", ""qutip"": ""5.3.0"", ""stim"": ""1.16.0"", ""gmpy2"": ""2.3.1"", ""nbformat"": ""5.10.4"", ""nbclient"": ""0.11.0""}",Windows,11,Gercom,2026-07-19T16:23:44.693959+00:00
P10_replay_determinism,P10_replay_determinism:small_mesh:50ec370bdce2e915:L2:7:m10-intent:8,small_mesh,50ec370bdce2e915,7,m10-intent,L2,iterative_analytical,8,10,10,0.65,0.05,1e-05,,True,,0,False,no candidate route is feasible: a0->a1->a2->a3->b3 (min_fidelity 0.650 exceeds the achievable estimate 0.438 (no further gain after round 1 (fixed point reached))); a0->b0->b1->b2->b3 (min_fidelity 0.650 exceeds the achievable estimate 0.438 (no further gain after round 1 (fixed point reached))); a0->a1->b1->b2->b3 (min_fidelity 0.650 exceeds the achievable estimate 0.438 (no further gain after round 1 (fixed point reached))),,,,0,0.001389,REJECTED,,,,,,,False,,,,,,,,,,True,20260719.0,9572969648859710218,"{""execution"": 9572969648859710218, ""generation"": 11215524504017664117, ""swap"": 15213137415316618911, ""purification"": 13504712514536649258, ""planner"": 9898797547638730886, ""internal_simulation"": 11243498789922001775, ""instrumentation"": 4982184216707970503}",True,0.0,ed1532f836e1464f3192d519aceaf7f4df8e343e,1f2680a5b9065e708a7497adc53a95b108029b98,3.13.14,2.5.1,"{""pydantic"": ""2.13.4"", ""yaml"": ""6.0.3"", ""networkx"": ""3.6.1"", ""numpy"": ""2.5.1"", ""scipy"": ""1.18.0"", ""matplotlib"": ""3.11.0"", ""pandas"": ""3.0.3"", ""qutip"": ""5.3.0"", ""stim"": ""1.16.0"", ""gmpy2"": ""2.3.1"", ""nbformat"": ""5.10.4"", ""nbclient"": ""0.11.0""}",Windows,11,Gercom,2026-07-19T16:23:52.044648+00:00
P10_replay_determinism,P10_replay_determinism:small_mesh:50ec370bdce2e915:L2:7:m10-intent:9,small_mesh,50ec370bdce2e915,7,m10-intent,L2,iterative_analytical,9,10,10,0.65,0.05,1e-05,,True,,0,False,no candidate route is feasible: a0->a1->a2->a3->b3 (min_fidelity 0.650 exceeds the achievable estimate 0.438 (no further gain after round 1 (fixed point reached))); a0->b0->b1->b2->b3 (min_fidelity 0.650 exceeds the achievable estimate 0.438 (no further gain after round 1 (fixed point reached))); a0->a1->b1->b2->b3 (min_fidelity 0.650 exceeds the achievable estimate 0.438 (no further gain after round 1 (fixed point reached))),,,,0,0.001436,REJECTED,,,,,,,False,,,,,,,,,,True,20260719.0,9572969648859710218,"{""execution"": 9572969648859710218, ""generation"": 11215524504017664117, ""swap"": 15213137415316618911, ""purification"": 13504712514536649258, ""planner"": 9898797547638730886, ""internal_simulation"": 11243498789922001775, ""instrumentation"": 4982184216707970503}",True,0.0,ed1532f836e1464f3192d519aceaf7f4df8e343e,1f2680a5b9065e708a7497adc53a95b108029b98,3.13.14,2.5.1,"{""pydantic"": ""2.13.4"", ""yaml"": ""6.0.3"", ""networkx"": ""3.6.1"", ""numpy"": ""2.5.1"", ""scipy"": ""1.18.0"", ""matplotlib"": ""3.11.0"", ""pandas"": ""3.0.3"", ""qutip"": ""5.3.0"", ""stim"": ""1.16.0"", ""gmpy2"": ""2.3.1"", ""nbformat"": ""5.10.4"", ""nbclient"": ""0.11.0""}",Windows,11,Gercom,2026-07-19T16:23:59.761404+00:00
P10_replay_determinism,P10_replay_determinism:three_node:feb7f568d34a5a91:L2:7:m10-intent:0,three_node,feb7f568d34a5a91,7,m10-intent,L2,iterative_analytical,0,10,10,0.65,0.05,1e-05,,False,a -> r -> b,2,True,,,,0.6863749999999998,0,0.00075,SATISFIED,True,241.0,0.6863749999999998,0.6863749999999998,0.0,4.600525,False,,629.0,244.0,0.0,0.0,0.0,0.0,0.06015400001,4ce50ce417b8dc9a7db152cc66623a6ed7951b72c335ec05de3cb8cc90262a22,False,,,,False,,ed1532f836e1464f3192d519aceaf7f4df8e343e,1f2680a5b9065e708a7497adc53a95b108029b98,3.13.14,2.5.1,"{""pydantic"": ""2.13.4"", ""yaml"": ""6.0.3"", ""networkx"": ""3.6.1"", ""numpy"": ""2.5.1"", ""scipy"": ""1.18.0"", ""matplotlib"": ""3.11.0"", ""pandas"": ""3.0.3"", ""qutip"": ""5.3.0"", ""stim"": ""1.16.0"", ""gmpy2"": ""2.3.1"", ""nbformat"": ""5.10.4"", ""nbclient"": ""0.11.0""}",Windows,11,Gercom,2026-07-19T16:24:11.792030+00:00
P10_replay_determinism,P10_replay_determinism:three_node:feb7f568d34a5a91:L2:7:m10-intent:1,three_node,feb7f568d34a5a91,7,m10-intent,L2,iterative_analytical,1,10,10,0.65,0.05,1e-05,,False,a -> r -> b,2,True,,,,0.6863749999999998,0,0.000771,SATISFIED,True,241.0,0.6863749999999998,0.6863749999999998,0.0,4.716667,False,,629.0,244.0,0.0,0.0,0.0,0.0,0.06015400001,4ce50ce417b8dc9a7db152cc66623a6ed7951b72c335ec05de3cb8cc90262a22,False,,,,False,,ed1532f836e1464f3192d519aceaf7f4df8e343e,1f2680a5b9065e708a7497adc53a95b108029b98,3.13.14,2.5.1,"{""pydantic"": ""2.13.4"", ""yaml"": ""6.0.3"", ""networkx"": ""3.6.1"", ""numpy"": ""2.5.1"", ""scipy"": ""1.18.0"", ""matplotlib"": ""3.11.0"", ""pandas"": ""3.0.3"", ""qutip"": ""5.3.0"", ""stim"": ""1.16.0"", ""gmpy2"": ""2.3.1"", ""nbformat"": ""5.10.4"", ""nbclient"": ""0.11.0""}",Windows,11,Gercom,2026-07-19T16:24:24.099524+00:00
P10_replay_determinism,P10_replay_determinism:three_node:feb7f568d34a5a91:L2:7:m10-intent:2,three_node,feb7f568d34a5a91,7,m10-intent,L2,iterative_analytical,2,10,10,0.65,0.05,1e-05,,False,a -> r -> b,2,True,,,,0.6863749999999998,0,0.000717,SATISFIED,True,241.0,0.6863749999999998,0.6863749999999998,0.0,4.609008,False,,629.0,244.0,0.0,0.0,0.0,0.0,0.06015400001,4ce50ce417b8dc9a7db152cc66623a6ed7951b72c335ec05de3cb8cc90262a22,False,,,,False,,ed1532f836e1464f3192d519aceaf7f4df8e343e,1f2680a5b9065e708a7497adc53a95b108029b98,3.13.14,2.5.1,"{""pydantic"": ""2.13.4"", ""yaml"": ""6.0.3"", ""networkx"": ""3.6.1"", ""numpy"": ""2.5.1"", ""scipy"": ""1.18.0"", ""matplotlib"": ""3.11.0"", ""pandas"": ""3.0.3"", ""qutip"": ""5.3.0"", ""stim"": ""1.16.0"", ""gmpy2"": ""2.3.1"", ""nbformat"": ""5.10.4"", ""nbclient"": ""0.11.0""}",Windows,11,Gercom,2026-07-19T16:24:36.283864+00:00
P10_replay_determinism,P10_replay_determinism:three_node:feb7f568d34a5a91:L2:7:m10-intent:3,three_node,feb7f568d34a5a91,7,m10-intent,L2,iterative_analytical,3,10,10,0.65,0.05,1e-05,,False,a -> r -> b,2,True,,,,0.6863749999999998,0,0.000762,SATISFIED,True,241.0,0.6863749999999998,0.6863749999999998,0.0,4.858342,False,,629.0,244.0,0.0,0.0,0.0,0.0,0.06015400001,4ce50ce417b8dc9a7db152cc66623a6ed7951b72c335ec05de3cb8cc90262a22,False,,,,False,,ed1532f836e1464f3192d519aceaf7f4df8e343e,1f2680a5b9065e708a7497adc53a95b108029b98,3.13.14,2.5.1,"{""pydantic"": ""2.13.4"", ""yaml"": ""6.0.3"", ""networkx"": ""3.6.1"", ""numpy"": ""2.5.1"", ""scipy"": ""1.18.0"", ""matplotlib"": ""3.11.0"", ""pandas"": ""3.0.3"", ""qutip"": ""5.3.0"", ""stim"": ""1.16.0"", ""gmpy2"": ""2.3.1"", ""nbformat"": ""5.10.4"", ""nbclient"": ""0.11.0""}",Windows,11,Gercom,2026-07-19T16:24:48.653158+00:00
P10_replay_determinism,P10_replay_determinism:three_node:feb7f568d34a5a91:L2:7:m10-intent:4,three_node,feb7f568d34a5a91,7,m10-intent,L2,iterative_analytical,4,10,10,0.65,0.05,1e-05,,False,a -> r -> b,2,True,,,,0.6863749999999998,0,0.001323,SATISFIED,True,241.0,0.6863749999999998,0.6863749999999998,0.0,4.627026,False,,629.0,244.0,0.0,0.0,0.0,0.0,0.06015400001,4ce50ce417b8dc9a7db152cc66623a6ed7951b72c335ec05de3cb8cc90262a22,False,,,,False,,ed1532f836e1464f3192d519aceaf7f4df8e343e,1f2680a5b9065e708a7497adc53a95b108029b98,3.13.14,2.5.1,"{""pydantic"": ""2.13.4"", ""yaml"": ""6.0.3"", ""networkx"": ""3.6.1"", ""numpy"": ""2.5.1"", ""scipy"": ""1.18.0"", ""matplotlib"": ""3.11.0"", ""pandas"": ""3.0.3"", ""qutip"": ""5.3.0"", ""stim"": ""1.16.0"", ""gmpy2"": ""2.3.1"", ""nbformat"": ""5.10.4"", ""nbclient"": ""0.11.0""}",Windows,11,Gercom,2026-07-19T16:25:01.068677+00:00
P10_replay_determinism,P10_replay_determinism:three_node:feb7f568d34a5a91:L2:7:m10-intent:5,three_node,feb7f568d34a5a91,7,m10-intent,L2,iterative_analytical,5,10,10,0.65,0.05,1e-05,,False,a -> r -> b,2,True,,,,0.6863749999999998,0,0.000763,SATISFIED,True,241.0,0.6863749999999998,0.6863749999999998,0.0,4.574927,False,,629.0,244.0,0.0,0.0,0.0,0.0,0.06015400001,4ce50ce417b8dc9a7db152cc66623a6ed7951b72c335ec05de3cb8cc90262a22,False,,,,False,,ed1532f836e1464f3192d519aceaf7f4df8e343e,1f2680a5b9065e708a7497adc53a95b108029b98,3.13.14,2.5.1,"{""pydantic"": ""2.13.4"", ""yaml"": ""6.0.3"", ""networkx"": ""3.6.1"", ""numpy"": ""2.5.1"", ""scipy"": ""1.18.0"", ""matplotlib"": ""3.11.0"", ""pandas"": ""3.0.3"", ""qutip"": ""5.3.0"", ""stim"": ""1.16.0"", ""gmpy2"": ""2.3.1"", ""nbformat"": ""5.10.4"", ""nbclient"": ""0.11.0""}",Windows,11,Gercom,2026-07-19T16:25:13.075891+00:00
P10_replay_determinism,P10_replay_determinism:three_node:feb7f568d34a5a91:L2:7:m10-intent:6,three_node,feb7f568d34a5a91,7,m10-intent,L2,iterative_analytical,6,10,10,0.65,0.05,1e-05,,False,a -> r -> b,2,True,,,,0.6863749999999998,0,0.001191,SATISFIED,True,241.0,0.6863749999999998,0.6863749999999998,0.0,5.489739,False,,629.0,244.0,0.0,0.0,0.0,0.0,0.06015400001,4ce50ce417b8dc9a7db152cc66623a6ed7951b72c335ec05de3cb8cc90262a22,False,,,,False,,ed1532f836e1464f3192d519aceaf7f4df8e343e,1f2680a5b9065e708a7497adc53a95b108029b98,3.13.14,2.5.1,"{""pydantic"": ""2.13.4"", ""yaml"": ""6.0.3"", ""networkx"": ""3.6.1"", ""numpy"": ""2.5.1"", ""scipy"": ""1.18.0"", ""matplotlib"": ""3.11.0"", ""pandas"": ""3.0.3"", ""qutip"": ""5.3.0"", ""stim"": ""1.16.0"", ""gmpy2"": ""2.3.1"", ""nbformat"": ""5.10.4"", ""nbclient"": ""0.11.0""}",Windows,11,Gercom,2026-07-19T16:25:27.005687+00:00
P10_replay_determinism,P10_replay_determinism:three_node:feb7f568d34a5a91:L2:7:m10-intent:7,three_node,feb7f568d34a5a91,7,m10-intent,L2,iterative_analytical,7,10,10,0.65,0.05,1e-05,,False,a -> r -> b,2,True,,,,0.6863749999999998,0,0.000807,SATISFIED,True,241.0,0.6863749999999998,0.6863749999999998,0.0,6.238401,False,,629.0,244.0,0.0,0.0,0.0,0.0,0.06015400001,4ce50ce417b8dc9a7db152cc66623a6ed7951b72c335ec05de3cb8cc90262a22,False,,,,False,,ed1532f836e1464f3192d519aceaf7f4df8e343e,1f2680a5b9065e708a7497adc53a95b108029b98,3.13.14,2.5.1,"{""pydantic"": ""2.13.4"", ""yaml"": ""6.0.3"", ""networkx"": ""3.6.1"", ""numpy"": ""2.5.1"", ""scipy"": ""1.18.0"", ""matplotlib"": ""3.11.0"", ""pandas"": ""3.0.3"", ""qutip"": ""5.3.0"", ""stim"": ""1.16.0"", ""gmpy2"": ""2.3.1"", ""nbformat"": ""5.10.4"", ""nbclient"": ""0.11.0""}",Windows,11,Gercom,2026-07-19T16:25:41.560927+00:00
P10_replay_determinism,P10_replay_determinism:three_node:feb7f568d34a5a91:L2:7:m10-intent:8,three_node,feb7f568d34a5a91,7,m10-intent,L2,iterative_analytical,8,10,10,0.65,0.05,1e-05,,False,a -> r -> b,2,True,,,,0.6863749999999998,0,0.000765,SATISFIED,True,241.0,0.6863749999999998,0.6863749999999998,0.0,5.283112,False,,629.0,244.0,0.0,0.0,0.0,0.0,0.06015400001,4ce50ce417b8dc9a7db152cc66623a6ed7951b72c335ec05de3cb8cc90262a22,False,,,,False,,ed1532f836e1464f3192d519aceaf7f4df8e343e,1f2680a5b9065e708a7497adc53a95b108029b98,3.13.14,2.5.1,"{""pydantic"": ""2.13.4"", ""yaml"": ""6.0.3"", ""networkx"": ""3.6.1"", ""numpy"": ""2.5.1"", ""scipy"": ""1.18.0"", ""matplotlib"": ""3.11.0"", ""pandas"": ""3.0.3"", ""qutip"": ""5.3.0"", ""stim"": ""1.16.0"", ""gmpy2"": ""2.3.1"", ""nbformat"": ""5.10.4"", ""nbclient"": ""0.11.0""}",Windows,11,Gercom,2026-07-19T16:25:54.663011+00:00
P10_replay_determinism,P10_replay_determinism:three_node:feb7f568d34a5a91:L2:7:m10-intent:9,three_node,feb7f568d34a5a91,7,m10-intent,L2,iterative_analytical,9,10,10,0.65,0.05,1e-05,,False,a -> r -> b,2,True,,,,0.6863749999999998,0,0.000738,SATISFIED,True,241.0,0.6863749999999998,0.6863749999999998,0.0,4.708788,False,,629.0,244.0,0.0,0.0,0.0,0.0,0.06015400001,4ce50ce417b8dc9a7db152cc66623a6ed7951b72c335ec05de3cb8cc90262a22,False,,,,False,,ed1532f836e1464f3192d519aceaf7f4df8e343e,1f2680a5b9065e708a7497adc53a95b108029b98,3.13.14,2.5.1,"{""pydantic"": ""2.13.4"", ""yaml"": ""6.0.3"", ""networkx"": ""3.6.1"", ""numpy"": ""2.5.1"", ""scipy"": ""1.18.0"", ""matplotlib"": ""3.11.0"", ""pandas"": ""3.0.3"", ""qutip"": ""5.3.0"", ""stim"": ""1.16.0"", ""gmpy2"": ""2.3.1"", ""nbformat"": ""5.10.4"", ""nbclient"": ""0.11.0""}",Windows,11,Gercom,2026-07-19T16:26:06.912563+00:00
P10_replay_determinism,P10_replay_determinism:three_node:6b89a493730834d5:L2:7:m10-intent:0,three_node,6b89a493730834d5,7,m10-intent,L2,iterative_analytical,0,10,10,0.65,0.05,1e-05,,False,a -> r -> b,2,True,,,,0.6863749999999998,0,0.000714,SATISFIED,True,232.0,0.6863749999999998,0.6863749999999998,0.0,4.757617,False,,627.0,237.0,0.0,0.0,0.0,0.0,0.06019650001,2009b3b06fe0bc02872f6d5c826d1eacd35461514532e62cc334d09fc070187b,True,20260719.0,4082076583704766532,"{""execution"": 4082076583704766532, ""generation"": 7326570629964755044, ""swap"": 12254181164147149507, ""purification"": 10939380886357479402, ""planner"": 17474438769679655113, ""internal_simulation"": 17858575542737390189, ""instrumentation"": 4751481030007495078}",True,0.0,ed1532f836e1464f3192d519aceaf7f4df8e343e,1f2680a5b9065e708a7497adc53a95b108029b98,3.13.14,2.5.1,"{""pydantic"": ""2.13.4"", ""yaml"": ""6.0.3"", ""networkx"": ""3.6.1"", ""numpy"": ""2.5.1"", ""scipy"": ""1.18.0"", ""matplotlib"": ""3.11.0"", ""pandas"": ""3.0.3"", ""qutip"": ""5.3.0"", ""stim"": ""1.16.0"", ""gmpy2"": ""2.3.1"", ""nbformat"": ""5.10.4"", ""nbclient"": ""0.11.0""}",Windows,11,Gercom,2026-07-19T16:26:19.210301+00:00
P10_replay_determinism,P10_replay_determinism:three_node:6b89a493730834d5:L2:7:m10-intent:1,three_node,6b89a493730834d5,7,m10-intent,L2,iterative_analytical,1,10,10,0.65,0.05,1e-05,,False,a -> r -> b,2,True,,,,0.6863749999999998,0,0.000721,SATISFIED,True,232.0,0.6863749999999998,0.6863749999999998,0.0,4.519558,False,,627.0,237.0,0.0,0.0,0.0,0.0,0.06019650001,2009b3b06fe0bc02872f6d5c826d1eacd35461514532e62cc334d09fc070187b,True,20260719.0,4082076583704766532,"{""execution"": 4082076583704766532, ""generation"": 7326570629964755044, ""swap"": 12254181164147149507, ""purification"": 10939380886357479402, ""planner"": 17474438769679655113, ""internal_simulation"": 17858575542737390189, ""instrumentation"": 4751481030007495078}",True,0.0,ed1532f836e1464f3192d519aceaf7f4df8e343e,1f2680a5b9065e708a7497adc53a95b108029b98,3.13.14,2.5.1,"{""pydantic"": ""2.13.4"", ""yaml"": ""6.0.3"", ""networkx"": ""3.6.1"", ""numpy"": ""2.5.1"", ""scipy"": ""1.18.0"", ""matplotlib"": ""3.11.0"", ""pandas"": ""3.0.3"", ""qutip"": ""5.3.0"", ""stim"": ""1.16.0"", ""gmpy2"": ""2.3.1"", ""nbformat"": ""5.10.4"", ""nbclient"": ""0.11.0""}",Windows,11,Gercom,2026-07-19T16:26:31.476522+00:00
P10_replay_determinism,P10_replay_determinism:three_node:6b89a493730834d5:L2:7:m10-intent:2,three_node,6b89a493730834d5,7,m10-intent,L2,iterative_analytical,2,10,10,0.65,0.05,1e-05,,False,a -> r -> b,2,True,,,,0.6863749999999998,0,0.000747,SATISFIED,True,232.0,0.6863749999999998,0.6863749999999998,0.0,4.613452,False,,627.0,237.0,0.0,0.0,0.0,0.0,0.06019650001,2009b3b06fe0bc02872f6d5c826d1eacd35461514532e62cc334d09fc070187b,True,20260719.0,4082076583704766532,"{""execution"": 4082076583704766532, ""generation"": 7326570629964755044, ""swap"": 12254181164147149507, ""purification"": 10939380886357479402, ""planner"": 17474438769679655113, ""internal_simulation"": 17858575542737390189, ""instrumentation"": 4751481030007495078}",True,0.0,ed1532f836e1464f3192d519aceaf7f4df8e343e,1f2680a5b9065e708a7497adc53a95b108029b98,3.13.14,2.5.1,"{""pydantic"": ""2.13.4"", ""yaml"": ""6.0.3"", ""networkx"": ""3.6.1"", ""numpy"": ""2.5.1"", ""scipy"": ""1.18.0"", ""matplotlib"": ""3.11.0"", ""pandas"": ""3.0.3"", ""qutip"": ""5.3.0"", ""stim"": ""1.16.0"", ""gmpy2"": ""2.3.1"", ""nbformat"": ""5.10.4"", ""nbclient"": ""0.11.0""}",Windows,11,Gercom,2026-07-19T16:26:43.471800+00:00
P10_replay_determinism,P10_replay_determinism:three_node:6b89a493730834d5:L2:7:m10-intent:3,three_node,6b89a493730834d5,7,m10-intent,L2,iterative_analytical,3,10,10,0.65,0.05,1e-05,,False,a -> r -> b,2,True,,,,0.6863749999999998,0,0.001219,SATISFIED,True,232.0,0.6863749999999998,0.6863749999999998,0.0,6.604749,False,,627.0,237.0,0.0,0.0,0.0,0.0,0.06019650001,2009b3b06fe0bc02872f6d5c826d1eacd35461514532e62cc334d09fc070187b,True,20260719.0,4082076583704766532,"{""execution"": 4082076583704766532, ""generation"": 7326570629964755044, ""swap"": 12254181164147149507, ""purification"": 10939380886357479402, ""planner"": 17474438769679655113, ""internal_simulation"": 17858575542737390189, ""instrumentation"": 4751481030007495078}",True,0.0,ed1532f836e1464f3192d519aceaf7f4df8e343e,1f2680a5b9065e708a7497adc53a95b108029b98,3.13.14,2.5.1,"{""pydantic"": ""2.13.4"", ""yaml"": ""6.0.3"", ""networkx"": ""3.6.1"", ""numpy"": ""2.5.1"", ""scipy"": ""1.18.0"", ""matplotlib"": ""3.11.0"", ""pandas"": ""3.0.3"", ""qutip"": ""5.3.0"", ""stim"": ""1.16.0"", ""gmpy2"": ""2.3.1"", ""nbformat"": ""5.10.4"", ""nbclient"": ""0.11.0""}",Windows,11,Gercom,2026-07-19T16:26:58.885092+00:00
P10_replay_determinism,P10_replay_determinism:three_node:6b89a493730834d5:L2:7:m10-intent:4,three_node,6b89a493730834d5,7,m10-intent,L2,iterative_analytical,4,10,10,0.65,0.05,1e-05,,False,a -> r -> b,2,True,,,,0.6863749999999998,0,0.000729,SATISFIED,True,232.0,0.6863749999999998,0.6863749999999998,0.0,6.633926,False,,627.0,237.0,0.0,0.0,0.0,0.0,0.06019650001,2009b3b06fe0bc02872f6d5c826d1eacd35461514532e62cc334d09fc070187b,True,20260719.0,4082076583704766532,"{""execution"": 4082076583704766532, ""generation"": 7326570629964755044, ""swap"": 12254181164147149507, ""purification"": 10939380886357479402, ""planner"": 17474438769679655113, ""internal_simulation"": 17858575542737390189, ""instrumentation"": 4751481030007495078}",True,0.0,ed1532f836e1464f3192d519aceaf7f4df8e343e,1f2680a5b9065e708a7497adc53a95b108029b98,3.13.14,2.5.1,"{""pydantic"": ""2.13.4"", ""yaml"": ""6.0.3"", ""networkx"": ""3.6.1"", ""numpy"": ""2.5.1"", ""scipy"": ""1.18.0"", ""matplotlib"": ""3.11.0"", ""pandas"": ""3.0.3"", ""qutip"": ""5.3.0"", ""stim"": ""1.16.0"", ""gmpy2"": ""2.3.1"", ""nbformat"": ""5.10.4"", ""nbclient"": ""0.11.0""}",Windows,11,Gercom,2026-07-19T16:27:13.547268+00:00
P10_replay_determinism,P10_replay_determinism:three_node:6b89a493730834d5:L2:7:m10-intent:5,three_node,6b89a493730834d5,7,m10-intent,L2,iterative_analytical,5,10,10,0.65,0.05,1e-05,,False,a -> r -> b,2,True,,,,0.6863749999999998,0,0.001328,SATISFIED,True,232.0,0.6863749999999998,0.6863749999999998,0.0,6.578881,False,,627.0,237.0,0.0,0.0,0.0,0.0,0.06019650001,2009b3b06fe0bc02872f6d5c826d1eacd35461514532e62cc334d09fc070187b,True,20260719.0,4082076583704766532,"{""execution"": 4082076583704766532, ""generation"": 7326570629964755044, ""swap"": 12254181164147149507, ""purification"": 10939380886357479402, ""planner"": 17474438769679655113, ""internal_simulation"": 17858575542737390189, ""instrumentation"": 4751481030007495078}",True,0.0,ed1532f836e1464f3192d519aceaf7f4df8e343e,1f2680a5b9065e708a7497adc53a95b108029b98,3.13.14,2.5.1,"{""pydantic"": ""2.13.4"", ""yaml"": ""6.0.3"", ""networkx"": ""3.6.1"", ""numpy"": ""2.5.1"", ""scipy"": ""1.18.0"", ""matplotlib"": ""3.11.0"", ""pandas"": ""3.0.3"", ""qutip"": ""5.3.0"", ""stim"": ""1.16.0"", ""gmpy2"": ""2.3.1"", ""nbformat"": ""5.10.4"", ""nbclient"": ""0.11.0""}",Windows,11,Gercom,2026-07-19T16:27:28.309069+00:00
P10_replay_determinism,P10_replay_determinism:three_node:6b89a493730834d5:L2:7:m10-intent:6,three_node,6b89a493730834d5,7,m10-intent,L2,iterative_analytical,6,10,10,0.65,0.05,1e-05,,False,a -> r -> b,2,True,,,,0.6863749999999998,0,0.000763,SATISFIED,True,232.0,0.6863749999999998,0.6863749999999998,0.0,6.28059,False,,627.0,237.0,0.0,0.0,0.0,0.0,0.06019650001,2009b3b06fe0bc02872f6d5c826d1eacd35461514532e62cc334d09fc070187b,True,20260719.0,4082076583704766532,"{""execution"": 4082076583704766532, ""generation"": 7326570629964755044, ""swap"": 12254181164147149507, ""purification"": 10939380886357479402, ""planner"": 17474438769679655113, ""internal_simulation"": 17858575542737390189, ""instrumentation"": 4751481030007495078}",True,0.0,ed1532f836e1464f3192d519aceaf7f4df8e343e,1f2680a5b9065e708a7497adc53a95b108029b98,3.13.14,2.5.1,"{""pydantic"": ""2.13.4"", ""yaml"": ""6.0.3"", ""networkx"": ""3.6.1"", ""numpy"": ""2.5.1"", ""scipy"": ""1.18.0"", ""matplotlib"": ""3.11.0"", ""pandas"": ""3.0.3"", ""qutip"": ""5.3.0"", ""stim"": ""1.16.0"", ""gmpy2"": ""2.3.1"", ""nbformat"": ""5.10.4"", ""nbclient"": ""0.11.0""}",Windows,11,Gercom,2026-07-19T16:27:42.380269+00:00
P10_replay_determinism,P10_replay_determinism:three_node:6b89a493730834d5:L2:7:m10-intent:7,three_node,6b89a493730834d5,7,m10-intent,L2,iterative_analytical,7,10,10,0.65,0.05,1e-05,,False,a -> r -> b,2,True,,,,0.6863749999999998,0,0.000719,SATISFIED,True,232.0,0.6863749999999998,0.6863749999999998,0.0,4.920221,False,,627.0,237.0,0.0,0.0,0.0,0.0,0.06019650001,2009b3b06fe0bc02872f6d5c826d1eacd35461514532e62cc334d09fc070187b,True,20260719.0,4082076583704766532,"{""execution"": 4082076583704766532, ""generation"": 7326570629964755044, ""swap"": 12254181164147149507, ""purification"": 10939380886357479402, ""planner"": 17474438769679655113, ""internal_simulation"": 17858575542737390189, ""instrumentation"": 4751481030007495078}",True,0.0,ed1532f836e1464f3192d519aceaf7f4df8e343e,1f2680a5b9065e708a7497adc53a95b108029b98,3.13.14,2.5.1,"{""pydantic"": ""2.13.4"", ""yaml"": ""6.0.3"", ""networkx"": ""3.6.1"", ""numpy"": ""2.5.1"", ""scipy"": ""1.18.0"", ""matplotlib"": ""3.11.0"", ""pandas"": ""3.0.3"", ""qutip"": ""5.3.0"", ""stim"": ""1.16.0"", ""gmpy2"": ""2.3.1"", ""nbformat"": ""5.10.4"", ""nbclient"": ""0.11.0""}",Windows,11,Gercom,2026-07-19T16:27:55.261494+00:00
P10_replay_determinism,P10_replay_determinism:three_node:6b89a493730834d5:L2:7:m10-intent:8,three_node,6b89a493730834d5,7,m10-intent,L2,iterative_analytical,8,10,10,0.65,0.05,1e-05,,False,a -> r -> b,2,True,,,,0.6863749999999998,0,0.001161,SATISFIED,True,232.0,0.6863749999999998,0.6863749999999998,0.0,4.762537,False,,627.0,237.0,0.0,0.0,0.0,0.0,0.06019650001,2009b3b06fe0bc02872f6d5c826d1eacd35461514532e62cc334d09fc070187b,True,20260719.0,4082076583704766532,"{""execution"": 4082076583704766532, ""generation"": 7326570629964755044, ""swap"": 12254181164147149507, ""purification"": 10939380886357479402, ""planner"": 17474438769679655113, ""internal_simulation"": 17858575542737390189, ""instrumentation"": 4751481030007495078}",True,0.0,ed1532f836e1464f3192d519aceaf7f4df8e343e,1f2680a5b9065e708a7497adc53a95b108029b98,3.13.14,2.5.1,"{""pydantic"": ""2.13.4"", ""yaml"": ""6.0.3"", ""networkx"": ""3.6.1"", ""numpy"": ""2.5.1"", ""scipy"": ""1.18.0"", ""matplotlib"": ""3.11.0"", ""pandas"": ""3.0.3"", ""qutip"": ""5.3.0"", ""stim"": ""1.16.0"", ""gmpy2"": ""2.3.1"", ""nbformat"": ""5.10.4"", ""nbclient"": ""0.11.0""}",Windows,11,Gercom,2026-07-19T16:28:07.780668+00:00
P10_replay_determinism,P10_replay_determinism:three_node:6b89a493730834d5:L2:7:m10-intent:9,three_node,6b89a493730834d5,7,m10-intent,L2,iterative_analytical,9,10,10,0.65,0.05,1e-05,,False,a -> r -> b,2,True,,,,0.6863749999999998,0,0.001154,SATISFIED,True,232.0,0.6863749999999998,0.6863749999999998,0.0,4.658018,False,,627.0,237.0,0.0,0.0,0.0,0.0,0.06019650001,2009b3b06fe0bc02872f6d5c826d1eacd35461514532e62cc334d09fc070187b,True,20260719.0,4082076583704766532,"{""execution"": 4082076583704766532, ""generation"": 7326570629964755044, ""swap"": 12254181164147149507, ""purification"": 10939380886357479402, ""planner"": 17474438769679655113, ""internal_simulation"": 17858575542737390189, ""instrumentation"": 4751481030007495078}",True,0.0,ed1532f836e1464f3192d519aceaf7f4df8e343e,1f2680a5b9065e708a7497adc53a95b108029b98,3.13.14,2.5.1,"{""pydantic"": ""2.13.4"", ""yaml"": ""6.0.3"", ""networkx"": ""3.6.1"", ""numpy"": ""2.5.1"", ""scipy"": ""1.18.0"", ""matplotlib"": ""3.11.0"", ""pandas"": ""3.0.3"", ""qutip"": ""5.3.0"", ""stim"": ""1.16.0"", ""gmpy2"": ""2.3.1"", ""nbformat"": ""5.10.4"", ""nbclient"": ""0.11.0""}",Windows,11,Gercom,2026-07-19T16:28:19.900255+00:00
P10_replay_determinism,P10_replay_determinism:three_node:dfb30620560e10f8:L2:7:m10-intent:0,three_node,dfb30620560e10f8,7,m10-intent,L2,iterative_analytical,0,10,10,0.72,0.05,1e-05,,True,a -> r -> b,2,True,,,,0.7202522030749277,1,0.000794,SATISFIED,True,72.0,0.7202522030749277,0.7202522030749277,0.0,4.26843,False,,551.0,193.0,95.0,72.0,0.0,0.0,0.06016145001,234c7ada0810b8d0cf9850b2332f9bad1804071714121b7e7d6ceea75cd8e683,False,,,,False,,ed1532f836e1464f3192d519aceaf7f4df8e343e,1f2680a5b9065e708a7497adc53a95b108029b98,3.13.14,2.5.1,"{""pydantic"": ""2.13.4"", ""yaml"": ""6.0.3"", ""networkx"": ""3.6.1"", ""numpy"": ""2.5.1"", ""scipy"": ""1.18.0"", ""matplotlib"": ""3.11.0"", ""pandas"": ""3.0.3"", ""qutip"": ""5.3.0"", ""stim"": ""1.16.0"", ""gmpy2"": ""2.3.1"", ""nbformat"": ""5.10.4"", ""nbclient"": ""0.11.0""}",Windows,11,Gercom,2026-07-19T16:28:31.724163+00:00
P10_replay_determinism,P10_replay_determinism:three_node:dfb30620560e10f8:L2:7:m10-intent:1,three_node,dfb30620560e10f8,7,m10-intent,L2,iterative_analytical,1,10,10,0.72,0.05,1e-05,,True,a -> r -> b,2,True,,,,0.7202522030749277,1,0.000806,SATISFIED,True,72.0,0.7202522030749277,0.7202522030749277,0.0,4.853256,False,,551.0,193.0,95.0,72.0,0.0,0.0,0.06016145001,234c7ada0810b8d0cf9850b2332f9bad1804071714121b7e7d6ceea75cd8e683,False,,,,False,,ed1532f836e1464f3192d519aceaf7f4df8e343e,1f2680a5b9065e708a7497adc53a95b108029b98,3.13.14,2.5.1,"{""pydantic"": ""2.13.4"", ""yaml"": ""6.0.3"", ""networkx"": ""3.6.1"", ""numpy"": ""2.5.1"", ""scipy"": ""1.18.0"", ""matplotlib"": ""3.11.0"", ""pandas"": ""3.0.3"", ""qutip"": ""5.3.0"", ""stim"": ""1.16.0"", ""gmpy2"": ""2.3.1"", ""nbformat"": ""5.10.4"", ""nbclient"": ""0.11.0""}",Windows,11,Gercom,2026-07-19T16:28:44.156230+00:00
P10_replay_determinism,P10_replay_determinism:three_node:dfb30620560e10f8:L2:7:m10-intent:2,three_node,dfb30620560e10f8,7,m10-intent,L2,iterative_analytical,2,10,10,0.72,0.05,1e-05,,True,a -> r -> b,2,True,,,,0.7202522030749277,1,0.000944,SATISFIED,True,72.0,0.7202522030749277,0.7202522030749277,0.0,6.284812,False,,551.0,193.0,95.0,72.0,0.0,0.0,0.06016145001,234c7ada0810b8d0cf9850b2332f9bad1804071714121b7e7d6ceea75cd8e683,False,,,,False,,ed1532f836e1464f3192d519aceaf7f4df8e343e,1f2680a5b9065e708a7497adc53a95b108029b98,3.13.14,2.5.1,"{""pydantic"": ""2.13.4"", ""yaml"": ""6.0.3"", ""networkx"": ""3.6.1"", ""numpy"": ""2.5.1"", ""scipy"": ""1.18.0"", ""matplotlib"": ""3.11.0"", ""pandas"": ""3.0.3"", ""qutip"": ""5.3.0"", ""stim"": ""1.16.0"", ""gmpy2"": ""2.3.1"", ""nbformat"": ""5.10.4"", ""nbclient"": ""0.11.0""}",Windows,11,Gercom,2026-07-19T16:28:59.305034+00:00
P10_replay_determinism,P10_replay_determinism:three_node:dfb30620560e10f8:L2:7:m10-intent:3,three_node,dfb30620560e10f8,7,m10-intent,L2,iterative_analytical,3,10,10,0.72,0.05,1e-05,,True,a -> r -> b,2,True,,,,0.7202522030749277,1,0.001283,SATISFIED,True,72.0,0.7202522030749277,0.7202522030749277,0.0,5.266472,False,,551.0,193.0,95.0,72.0,0.0,0.0,0.06016145001,234c7ada0810b8d0cf9850b2332f9bad1804071714121b7e7d6ceea75cd8e683,False,,,,False,,ed1532f836e1464f3192d519aceaf7f4df8e343e,1f2680a5b9065e708a7497adc53a95b108029b98,3.13.14,2.5.1,"{""pydantic"": ""2.13.4"", ""yaml"": ""6.0.3"", ""networkx"": ""3.6.1"", ""numpy"": ""2.5.1"", ""scipy"": ""1.18.0"", ""matplotlib"": ""3.11.0"", ""pandas"": ""3.0.3"", ""qutip"": ""5.3.0"", ""stim"": ""1.16.0"", ""gmpy2"": ""2.3.1"", ""nbformat"": ""5.10.4"", ""nbclient"": ""0.11.0""}",Windows,11,Gercom,2026-07-19T16:29:13.585644+00:00
P10_replay_determinism,P10_replay_determinism:three_node:dfb30620560e10f8:L2:7:m10-intent:4,three_node,dfb30620560e10f8,7,m10-intent,L2,iterative_analytical,4,10,10,0.72,0.05,1e-05,,True,a -> r -> b,2,True,,,,0.7202522030749277,1,0.00119,SATISFIED,True,72.0,0.7202522030749277,0.7202522030749277,0.0,4.797594,False,,551.0,193.0,95.0,72.0,0.0,0.0,0.06016145001,234c7ada0810b8d0cf9850b2332f9bad1804071714121b7e7d6ceea75cd8e683,False,,,,False,,ed1532f836e1464f3192d519aceaf7f4df8e343e,1f2680a5b9065e708a7497adc53a95b108029b98,3.13.14,2.5.1,"{""pydantic"": ""2.13.4"", ""yaml"": ""6.0.3"", ""networkx"": ""3.6.1"", ""numpy"": ""2.5.1"", ""scipy"": ""1.18.0"", ""matplotlib"": ""3.11.0"", ""pandas"": ""3.0.3"", ""qutip"": ""5.3.0"", ""stim"": ""1.16.0"", ""gmpy2"": ""2.3.1"", ""nbformat"": ""5.10.4"", ""nbclient"": ""0.11.0""}",Windows,11,Gercom,2026-07-19T16:29:27.574825+00:00
P10_replay_determinism,P10_replay_determinism:three_node:dfb30620560e10f8:L2:7:m10-intent:5,three_node,dfb30620560e10f8,7,m10-intent,L2,iterative_analytical,5,10,10,0.72,0.05,1e-05,,True,a -> r -> b,2,True,,,,0.7202522030749277,1,0.000672,SATISFIED,True,72.0,0.7202522030749277,0.7202522030749277,0.0,5.677603,False,,551.0,193.0,95.0,72.0,0.0,0.0,0.06016145001,234c7ada0810b8d0cf9850b2332f9bad1804071714121b7e7d6ceea75cd8e683,False,,,,False,,ed1532f836e1464f3192d519aceaf7f4df8e343e,1f2680a5b9065e708a7497adc53a95b108029b98,3.13.14,2.5.1,"{""pydantic"": ""2.13.4"", ""yaml"": ""6.0.3"", ""networkx"": ""3.6.1"", ""numpy"": ""2.5.1"", ""scipy"": ""1.18.0"", ""matplotlib"": ""3.11.0"", ""pandas"": ""3.0.3"", ""qutip"": ""5.3.0"", ""stim"": ""1.16.0"", ""gmpy2"": ""2.3.1"", ""nbformat"": ""5.10.4"", ""nbclient"": ""0.11.0""}",Windows,11,Gercom,2026-07-19T16:29:42.101627+00:00
P10_replay_determinism,P10_replay_determinism:three_node:dfb30620560e10f8:L2:7:m10-intent:6,three_node,dfb30620560e10f8,7,m10-intent,L2,iterative_analytical,6,10,10,0.72,0.05,1e-05,,True,a -> r -> b,2,True,,,,0.7202522030749277,1,0.001265,SATISFIED,True,72.0,0.7202522030749277,0.7202522030749277,0.0,5.667424,False,,551.0,193.0,95.0,72.0,0.0,0.0,0.06016145001,234c7ada0810b8d0cf9850b2332f9bad1804071714121b7e7d6ceea75cd8e683,False,,,,False,,ed1532f836e1464f3192d519aceaf7f4df8e343e,1f2680a5b9065e708a7497adc53a95b108029b98,3.13.14,2.5.1,"{""pydantic"": ""2.13.4"", ""yaml"": ""6.0.3"", ""networkx"": ""3.6.1"", ""numpy"": ""2.5.1"", ""scipy"": ""1.18.0"", ""matplotlib"": ""3.11.0"", ""pandas"": ""3.0.3"", ""qutip"": ""5.3.0"", ""stim"": ""1.16.0"", ""gmpy2"": ""2.3.1"", ""nbformat"": ""5.10.4"", ""nbclient"": ""0.11.0""}",Windows,11,Gercom,2026-07-19T16:29:57.276992+00:00
P10_replay_determinism,P10_replay_determinism:three_node:dfb30620560e10f8:L2:7:m10-intent:7,three_node,dfb30620560e10f8,7,m10-intent,L2,iterative_analytical,7,10,10,0.72,0.05,1e-05,,True,a -> r -> b,2,True,,,,0.7202522030749277,1,0.000794,SATISFIED,True,72.0,0.7202522030749277,0.7202522030749277,0.0,5.879425,False,,551.0,193.0,95.0,72.0,0.0,0.0,0.06016145001,234c7ada0810b8d0cf9850b2332f9bad1804071714121b7e7d6ceea75cd8e683,False,,,,False,,ed1532f836e1464f3192d519aceaf7f4df8e343e,1f2680a5b9065e708a7497adc53a95b108029b98,3.13.14,2.5.1,"{""pydantic"": ""2.13.4"", ""yaml"": ""6.0.3"", ""networkx"": ""3.6.1"", ""numpy"": ""2.5.1"", ""scipy"": ""1.18.0"", ""matplotlib"": ""3.11.0"", ""pandas"": ""3.0.3"", ""qutip"": ""5.3.0"", ""stim"": ""1.16.0"", ""gmpy2"": ""2.3.1"", ""nbformat"": ""5.10.4"", ""nbclient"": ""0.11.0""}",Windows,11,Gercom,2026-07-19T16:30:12.625962+00:00
P10_replay_determinism,P10_replay_determinism:three_node:dfb30620560e10f8:L2:7:m10-intent:8,three_node,dfb30620560e10f8,7,m10-intent,L2,iterative_analytical,8,10,10,0.72,0.05,1e-05,,True,a -> r -> b,2,True,,,,0.7202522030749277,1,0.000778,SATISFIED,True,72.0,0.7202522030749277,0.7202522030749277,0.0,6.395093,False,,551.0,193.0,95.0,72.0,0.0,0.0,0.06016145001,234c7ada0810b8d0cf9850b2332f9bad1804071714121b7e7d6ceea75cd8e683,False,,,,False,,ed1532f836e1464f3192d519aceaf7f4df8e343e,1f2680a5b9065e708a7497adc53a95b108029b98,3.13.14,2.5.1,"{""pydantic"": ""2.13.4"", ""yaml"": ""6.0.3"", ""networkx"": ""3.6.1"", ""numpy"": ""2.5.1"", ""scipy"": ""1.18.0"", ""matplotlib"": ""3.11.0"", ""pandas"": ""3.0.3"", ""qutip"": ""5.3.0"", ""stim"": ""1.16.0"", ""gmpy2"": ""2.3.1"", ""nbformat"": ""5.10.4"", ""nbclient"": ""0.11.0""}",Windows,11,Gercom,2026-07-19T16:30:28.172103+00:00
P10_replay_determinism,P10_replay_determinism:three_node:dfb30620560e10f8:L2:7:m10-intent:9,three_node,dfb30620560e10f8,7,m10-intent,L2,iterative_analytical,9,10,10,0.72,0.05,1e-05,,True,a -> r -> b,2,True,,,,0.7202522030749277,1,0.000888,SATISFIED,True,72.0,0.7202522030749277,0.7202522030749277,0.0,5.795341,False,,551.0,193.0,95.0,72.0,0.0,0.0,0.06016145001,234c7ada0810b8d0cf9850b2332f9bad1804071714121b7e7d6ceea75cd8e683,False,,,,False,,ed1532f836e1464f3192d519aceaf7f4df8e343e,1f2680a5b9065e708a7497adc53a95b108029b98,3.13.14,2.5.1,"{""pydantic"": ""2.13.4"", ""yaml"": ""6.0.3"", ""networkx"": ""3.6.1"", ""numpy"": ""2.5.1"", ""scipy"": ""1.18.0"", ""matplotlib"": ""3.11.0"", ""pandas"": ""3.0.3"", ""qutip"": ""5.3.0"", ""stim"": ""1.16.0"", ""gmpy2"": ""2.3.1"", ""nbformat"": ""5.10.4"", ""nbclient"": ""0.11.0""}",Windows,11,Gercom,2026-07-19T16:30:43.579857+00:00
P10_replay_determinism,P10_replay_determinism:three_node:581d381a949adf95:L2:7:m10-intent:0,three_node,581d381a949adf95,7,m10-intent,L2,iterative_analytical,0,10,10,0.72,0.05,1e-05,,True,a -> r -> b,2,True,,,,0.7202522030749277,1,0.000766,SATISFIED,True,64.0,0.7202522030749277,0.7202522030749277,0.0,4.525721,False,,671.0,187.0,92.0,64.0,0.0,0.0,0.06019161251,f03ad9c896f94d3eb79f10c859cc38152faf7ce83fdfb301e712bf1d4a8b3bf4,True,20260719.0,16759497043844241382,"{""execution"": 16759497043844241382, ""generation"": 11950457856203702704, ""swap"": 12568118903174133862, ""purification"": 10570714437389395662, ""planner"": 15033025380390429134, ""internal_simulation"": 16024989400240964985, ""instrumentation"": 13809820179492144296}",True,0.0,ed1532f836e1464f3192d519aceaf7f4df8e343e,1f2680a5b9065e708a7497adc53a95b108029b98,3.13.14,2.5.1,"{""pydantic"": ""2.13.4"", ""yaml"": ""6.0.3"", ""networkx"": ""3.6.1"", ""numpy"": ""2.5.1"", ""scipy"": ""1.18.0"", ""matplotlib"": ""3.11.0"", ""pandas"": ""3.0.3"", ""qutip"": ""5.3.0"", ""stim"": ""1.16.0"", ""gmpy2"": ""2.3.1"", ""nbformat"": ""5.10.4"", ""nbclient"": ""0.11.0""}",Windows,11,Gercom,2026-07-19T16:30:56.067334+00:00
P10_replay_determinism,P10_replay_determinism:three_node:581d381a949adf95:L2:7:m10-intent:1,three_node,581d381a949adf95,7,m10-intent,L2,iterative_analytical,1,10,10,0.72,0.05,1e-05,,True,a -> r -> b,2,True,,,,0.7202522030749277,1,0.000782,SATISFIED,True,64.0,0.7202522030749277,0.7202522030749277,0.0,4.338826,False,,671.0,187.0,92.0,64.0,0.0,0.0,0.06019161251,f03ad9c896f94d3eb79f10c859cc38152faf7ce83fdfb301e712bf1d4a8b3bf4,True,20260719.0,16759497043844241382,"{""execution"": 16759497043844241382, ""generation"": 11950457856203702704, ""swap"": 12568118903174133862, ""purification"": 10570714437389395662, ""planner"": 15033025380390429134, ""internal_simulation"": 16024989400240964985, ""instrumentation"": 13809820179492144296}",True,0.0,ed1532f836e1464f3192d519aceaf7f4df8e343e,1f2680a5b9065e708a7497adc53a95b108029b98,3.13.14,2.5.1,"{""pydantic"": ""2.13.4"", ""yaml"": ""6.0.3"", ""networkx"": ""3.6.1"", ""numpy"": ""2.5.1"", ""scipy"": ""1.18.0"", ""matplotlib"": ""3.11.0"", ""pandas"": ""3.0.3"", ""qutip"": ""5.3.0"", ""stim"": ""1.16.0"", ""gmpy2"": ""2.3.1"", ""nbformat"": ""5.10.4"", ""nbclient"": ""0.11.0""}",Windows,11,Gercom,2026-07-19T16:31:07.872721+00:00
P10_replay_determinism,P10_replay_determinism:three_node:581d381a949adf95:L2:7:m10-intent:2,three_node,581d381a949adf95,7,m10-intent,L2,iterative_analytical,2,10,10,0.72,0.05,1e-05,,True,a -> r -> b,2,True,,,,0.7202522030749277,1,0.001333,SATISFIED,True,64.0,0.7202522030749277,0.7202522030749277,0.0,5.000192,False,,671.0,187.0,92.0,64.0,0.0,0.0,0.06019161251,f03ad9c896f94d3eb79f10c859cc38152faf7ce83fdfb301e712bf1d4a8b3bf4,True,20260719.0,16759497043844241382,"{""execution"": 16759497043844241382, ""generation"": 11950457856203702704, ""swap"": 12568118903174133862, ""purification"": 10570714437389395662, ""planner"": 15033025380390429134, ""internal_simulation"": 16024989400240964985, ""instrumentation"": 13809820179492144296}",True,0.0,ed1532f836e1464f3192d519aceaf7f4df8e343e,1f2680a5b9065e708a7497adc53a95b108029b98,3.13.14,2.5.1,"{""pydantic"": ""2.13.4"", ""yaml"": ""6.0.3"", ""networkx"": ""3.6.1"", ""numpy"": ""2.5.1"", ""scipy"": ""1.18.0"", ""matplotlib"": ""3.11.0"", ""pandas"": ""3.0.3"", ""qutip"": ""5.3.0"", ""stim"": ""1.16.0"", ""gmpy2"": ""2.3.1"", ""nbformat"": ""5.10.4"", ""nbclient"": ""0.11.0""}",Windows,11,Gercom,2026-07-19T16:31:20.567232+00:00
P10_replay_determinism,P10_replay_determinism:three_node:581d381a949adf95:L2:7:m10-intent:3,three_node,581d381a949adf95,7,m10-intent,L2,iterative_analytical,3,10,10,0.72,0.05,1e-05,,True,a -> r -> b,2,True,,,,0.7202522030749277,1,0.000746,SATISFIED,True,64.0,0.7202522030749277,0.7202522030749277,0.0,4.701159,False,,671.0,187.0,92.0,64.0,0.0,0.0,0.06019161251,f03ad9c896f94d3eb79f10c859cc38152faf7ce83fdfb301e712bf1d4a8b3bf4,True,20260719.0,16759497043844241382,"{""execution"": 16759497043844241382, ""generation"": 11950457856203702704, ""swap"": 12568118903174133862, ""purification"": 10570714437389395662, ""planner"": 15033025380390429134, ""internal_simulation"": 16024989400240964985, ""instrumentation"": 13809820179492144296}",True,0.0,ed1532f836e1464f3192d519aceaf7f4df8e343e,1f2680a5b9065e708a7497adc53a95b108029b98,3.13.14,2.5.1,"{""pydantic"": ""2.13.4"", ""yaml"": ""6.0.3"", ""networkx"": ""3.6.1"", ""numpy"": ""2.5.1"", ""scipy"": ""1.18.0"", ""matplotlib"": ""3.11.0"", ""pandas"": ""3.0.3"", ""qutip"": ""5.3.0"", ""stim"": ""1.16.0"", ""gmpy2"": ""2.3.1"", ""nbformat"": ""5.10.4"", ""nbclient"": ""0.11.0""}",Windows,11,Gercom,2026-07-19T16:31:34.870189+00:00
P10_replay_determinism,P10_replay_determinism:three_node:581d381a949adf95:L2:7:m10-intent:4,three_node,581d381a949adf95,7,m10-intent,L2,iterative_analytical,4,10,10,0.72,0.05,1e-05,,True,a -> r -> b,2,True,,,,0.7202522030749277,1,0.000811,SATISFIED,True,64.0,0.7202522030749277,0.7202522030749277,0.0,5.645533,False,,671.0,187.0,92.0,64.0,0.0,0.0,0.06019161251,f03ad9c896f94d3eb79f10c859cc38152faf7ce83fdfb301e712bf1d4a8b3bf4,True,20260719.0,16759497043844241382,"{""execution"": 16759497043844241382, ""generation"": 11950457856203702704, ""swap"": 12568118903174133862, ""purification"": 10570714437389395662, ""planner"": 15033025380390429134, ""internal_simulation"": 16024989400240964985, ""instrumentation"": 13809820179492144296}",True,0.0,ed1532f836e1464f3192d519aceaf7f4df8e343e,1f2680a5b9065e708a7497adc53a95b108029b98,3.13.14,2.5.1,"{""pydantic"": ""2.13.4"", ""yaml"": ""6.0.3"", ""networkx"": ""3.6.1"", ""numpy"": ""2.5.1"", ""scipy"": ""1.18.0"", ""matplotlib"": ""3.11.0"", ""pandas"": ""3.0.3"", ""qutip"": ""5.3.0"", ""stim"": ""1.16.0"", ""gmpy2"": ""2.3.1"", ""nbformat"": ""5.10.4"", ""nbclient"": ""0.11.0""}",Windows,11,Gercom,2026-07-19T16:31:48.951091+00:00
P10_replay_determinism,P10_replay_determinism:three_node:581d381a949adf95:L2:7:m10-intent:5,three_node,581d381a949adf95,7,m10-intent,L2,iterative_analytical,5,10,10,0.72,0.05,1e-05,,True,a -> r -> b,2,True,,,,0.7202522030749277,1,0.001197,SATISFIED,True,64.0,0.7202522030749277,0.7202522030749277,0.0,6.152322,False,,671.0,187.0,92.0,64.0,0.0,0.0,0.06019161251,f03ad9c896f94d3eb79f10c859cc38152faf7ce83fdfb301e712bf1d4a8b3bf4,True,20260719.0,16759497043844241382,"{""execution"": 16759497043844241382, ""generation"": 11950457856203702704, ""swap"": 12568118903174133862, ""purification"": 10570714437389395662, ""planner"": 15033025380390429134, ""internal_simulation"": 16024989400240964985, ""instrumentation"": 13809820179492144296}",True,0.0,ed1532f836e1464f3192d519aceaf7f4df8e343e,1f2680a5b9065e708a7497adc53a95b108029b98,3.13.14,2.5.1,"{""pydantic"": ""2.13.4"", ""yaml"": ""6.0.3"", ""networkx"": ""3.6.1"", ""numpy"": ""2.5.1"", ""scipy"": ""1.18.0"", ""matplotlib"": ""3.11.0"", ""pandas"": ""3.0.3"", ""qutip"": ""5.3.0"", ""stim"": ""1.16.0"", ""gmpy2"": ""2.3.1"", ""nbformat"": ""5.10.4"", ""nbclient"": ""0.11.0""}",Windows,11,Gercom,2026-07-19T16:32:04.212888+00:00
P10_replay_determinism,P10_replay_determinism:three_node:581d381a949adf95:L2:7:m10-intent:6,three_node,581d381a949adf95,7,m10-intent,L2,iterative_analytical,6,10,10,0.72,0.05,1e-05,,True,a -> r -> b,2,True,,,,0.7202522030749277,1,0.001486,SATISFIED,True,64.0,0.7202522030749277,0.7202522030749277,0.0,5.11602,False,,671.0,187.0,92.0,64.0,0.0,0.0,0.06019161251,f03ad9c896f94d3eb79f10c859cc38152faf7ce83fdfb301e712bf1d4a8b3bf4,True,20260719.0,16759497043844241382,"{""execution"": 16759497043844241382, ""generation"": 11950457856203702704, ""swap"": 12568118903174133862, ""purification"": 10570714437389395662, ""planner"": 15033025380390429134, ""internal_simulation"": 16024989400240964985, ""instrumentation"": 13809820179492144296}",True,0.0,ed1532f836e1464f3192d519aceaf7f4df8e343e,1f2680a5b9065e708a7497adc53a95b108029b98,3.13.14,2.5.1,"{""pydantic"": ""2.13.4"", ""yaml"": ""6.0.3"", ""networkx"": ""3.6.1"", ""numpy"": ""2.5.1"", ""scipy"": ""1.18.0"", ""matplotlib"": ""3.11.0"", ""pandas"": ""3.0.3"", ""qutip"": ""5.3.0"", ""stim"": ""1.16.0"", ""gmpy2"": ""2.3.1"", ""nbformat"": ""5.10.4"", ""nbclient"": ""0.11.0""}",Windows,11,Gercom,2026-07-19T16:32:18.469667+00:00
P10_replay_determinism,P10_replay_determinism:three_node:581d381a949adf95:L2:7:m10-intent:7,three_node,581d381a949adf95,7,m10-intent,L2,iterative_analytical,7,10,10,0.72,0.05,1e-05,,True,a -> r -> b,2,True,,,,0.7202522030749277,1,0.001256,SATISFIED,True,64.0,0.7202522030749277,0.7202522030749277,0.0,4.48264,False,,671.0,187.0,92.0,64.0,0.0,0.0,0.06019161251,f03ad9c896f94d3eb79f10c859cc38152faf7ce83fdfb301e712bf1d4a8b3bf4,True,20260719.0,16759497043844241382,"{""execution"": 16759497043844241382, ""generation"": 11950457856203702704, ""swap"": 12568118903174133862, ""purification"": 10570714437389395662, ""planner"": 15033025380390429134, ""internal_simulation"": 16024989400240964985, ""instrumentation"": 13809820179492144296}",True,0.0,ed1532f836e1464f3192d519aceaf7f4df8e343e,1f2680a5b9065e708a7497adc53a95b108029b98,3.13.14,2.5.1,"{""pydantic"": ""2.13.4"", ""yaml"": ""6.0.3"", ""networkx"": ""3.6.1"", ""numpy"": ""2.5.1"", ""scipy"": ""1.18.0"", ""matplotlib"": ""3.11.0"", ""pandas"": ""3.0.3"", ""qutip"": ""5.3.0"", ""stim"": ""1.16.0"", ""gmpy2"": ""2.3.1"", ""nbformat"": ""5.10.4"", ""nbclient"": ""0.11.0""}",Windows,11,Gercom,2026-07-19T16:32:30.576123+00:00
P10_replay_determinism,P10_replay_determinism:three_node:581d381a949adf95:L2:7:m10-intent:8,three_node,581d381a949adf95,7,m10-intent,L2,iterative_analytical,8,10,10,0.72,0.05,1e-05,,True,a -> r -> b,2,True,,,,0.7202522030749277,1,0.000881,SATISFIED,True,64.0,0.7202522030749277,0.7202522030749277,0.0,4.473178,False,,671.0,187.0,92.0,64.0,0.0,0.0,0.06019161251,f03ad9c896f94d3eb79f10c859cc38152faf7ce83fdfb301e712bf1d4a8b3bf4,True,20260719.0,16759497043844241382,"{""execution"": 16759497043844241382, ""generation"": 11950457856203702704, ""swap"": 12568118903174133862, ""purification"": 10570714437389395662, ""planner"": 15033025380390429134, ""internal_simulation"": 16024989400240964985, ""instrumentation"": 13809820179492144296}",True,0.0,ed1532f836e1464f3192d519aceaf7f4df8e343e,1f2680a5b9065e708a7497adc53a95b108029b98,3.13.14,2.5.1,"{""pydantic"": ""2.13.4"", ""yaml"": ""6.0.3"", ""networkx"": ""3.6.1"", ""numpy"": ""2.5.1"", ""scipy"": ""1.18.0"", ""matplotlib"": ""3.11.0"", ""pandas"": ""3.0.3"", ""qutip"": ""5.3.0"", ""stim"": ""1.16.0"", ""gmpy2"": ""2.3.1"", ""nbformat"": ""5.10.4"", ""nbclient"": ""0.11.0""}",Windows,11,Gercom,2026-07-19T16:32:42.830340+00:00
P10_replay_determinism,P10_replay_determinism:three_node:581d381a949adf95:L2:7:m10-intent:9,three_node,581d381a949adf95,7,m10-intent,L2,iterative_analytical,9,10,10,0.72,0.05,1e-05,,True,a -> r -> b,2,True,,,,0.7202522030749277,1,0.000735,SATISFIED,True,64.0,0.7202522030749277,0.7202522030749277,0.0,5.425447,False,,671.0,187.0,92.0,64.0,0.0,0.0,0.06019161251,f03ad9c896f94d3eb79f10c859cc38152faf7ce83fdfb301e712bf1d4a8b3bf4,True,20260719.0,16759497043844241382,"{""execution"": 16759497043844241382, ""generation"": 11950457856203702704, ""swap"": 12568118903174133862, ""purification"": 10570714437389395662, ""planner"": 15033025380390429134, ""internal_simulation"": 16024989400240964985, ""instrumentation"": 13809820179492144296}",True,0.0,ed1532f836e1464f3192d519aceaf7f4df8e343e,1f2680a5b9065e708a7497adc53a95b108029b98,3.13.14,2.5.1,"{""pydantic"": ""2.13.4"", ""yaml"": ""6.0.3"", ""networkx"": ""3.6.1"", ""numpy"": ""2.5.1"", ""scipy"": ""1.18.0"", ""matplotlib"": ""3.11.0"", ""pandas"": ""3.0.3"", ""qutip"": ""5.3.0"", ""stim"": ""1.16.0"", ""gmpy2"": ""2.3.1"", ""nbformat"": ""5.10.4"", ""nbclient"": ""0.11.0""}",Windows,11,Gercom,2026-07-19T16:32:57.542165+00:00
P10_replay_determinism,P10_replay_determinism:four_node:8b9b6589cb75e14a:L2:7:m10-intent:0,four_node,8b9b6589cb75e14a,7,m10-intent,L2,iterative_analytical,0,10,10,0.66,0.05,1e-05,,True,a -> r1 -> r2 -> b,3,True,,,,0.6653170884826755,6,0.001481,VIOLATED,False,1.0,0.6653170884826755,0.6653170884826755,0.0,6.263796,False,,402.0,150.0,109.0,73.0,0.0,0.0,0.06019608751,ce4b1ca195885b1d57816acd714eff97ac5d2eafd375a8759f365b41457d6ed4,False,,,,False,,ed1532f836e1464f3192d519aceaf7f4df8e343e,1f2680a5b9065e708a7497adc53a95b108029b98,3.13.14,2.5.1,"{""pydantic"": ""2.13.4"", ""yaml"": ""6.0.3"", ""networkx"": ""3.6.1"", ""numpy"": ""2.5.1"", ""scipy"": ""1.18.0"", ""matplotlib"": ""3.11.0"", ""pandas"": ""3.0.3"", ""qutip"": ""5.3.0"", ""stim"": ""1.16.0"", ""gmpy2"": ""2.3.1"", ""nbformat"": ""5.10.4"", ""nbclient"": ""0.11.0""}",Windows,11,Gercom,2026-07-19T16:33:13.567746+00:00
P10_replay_determinism,P10_replay_determinism:four_node:8b9b6589cb75e14a:L2:7:m10-intent:1,four_node,8b9b6589cb75e14a,7,m10-intent,L2,iterative_analytical,1,10,10,0.66,0.05,1e-05,,True,a -> r1 -> r2 -> b,3,True,,,,0.6653170884826755,6,0.001247,VIOLATED,False,1.0,0.6653170884826755,0.6653170884826755,0.0,6.767871,False,,402.0,150.0,109.0,73.0,0.0,0.0,0.06019608751,ce4b1ca195885b1d57816acd714eff97ac5d2eafd375a8759f365b41457d6ed4,False,,,,False,,ed1532f836e1464f3192d519aceaf7f4df8e343e,1f2680a5b9065e708a7497adc53a95b108029b98,3.13.14,2.5.1,"{""pydantic"": ""2.13.4"", ""yaml"": ""6.0.3"", ""networkx"": ""3.6.1"", ""numpy"": ""2.5.1"", ""scipy"": ""1.18.0"", ""matplotlib"": ""3.11.0"", ""pandas"": ""3.0.3"", ""qutip"": ""5.3.0"", ""stim"": ""1.16.0"", ""gmpy2"": ""2.3.1"", ""nbformat"": ""5.10.4"", ""nbclient"": ""0.11.0""}",Windows,11,Gercom,2026-07-19T16:33:29.692380+00:00
P10_replay_determinism,P10_replay_determinism:four_node:8b9b6589cb75e14a:L2:7:m10-intent:2,four_node,8b9b6589cb75e14a,7,m10-intent,L2,iterative_analytical,2,10,10,0.66,0.05,1e-05,,True,a -> r1 -> r2 -> b,3,True,,,,0.6653170884826755,6,0.00086,VIOLATED,False,1.0,0.6653170884826755,0.6653170884826755,0.0,6.656025,False,,402.0,150.0,109.0,73.0,0.0,0.0,0.06019608751,ce4b1ca195885b1d57816acd714eff97ac5d2eafd375a8759f365b41457d6ed4,False,,,,False,,ed1532f836e1464f3192d519aceaf7f4df8e343e,1f2680a5b9065e708a7497adc53a95b108029b98,3.13.14,2.5.1,"{""pydantic"": ""2.13.4"", ""yaml"": ""6.0.3"", ""networkx"": ""3.6.1"", ""numpy"": ""2.5.1"", ""scipy"": ""1.18.0"", ""matplotlib"": ""3.11.0"", ""pandas"": ""3.0.3"", ""qutip"": ""5.3.0"", ""stim"": ""1.16.0"", ""gmpy2"": ""2.3.1"", ""nbformat"": ""5.10.4"", ""nbclient"": ""0.11.0""}",Windows,11,Gercom,2026-07-19T16:33:46.165890+00:00
P10_replay_determinism,P10_replay_determinism:four_node:8b9b6589cb75e14a:L2:7:m10-intent:3,four_node,8b9b6589cb75e14a,7,m10-intent,L2,iterative_analytical,3,10,10,0.66,0.05,1e-05,,True,a -> r1 -> r2 -> b,3,True,,,,0.6653170884826755,6,0.001536,VIOLATED,False,1.0,0.6653170884826755,0.6653170884826755,0.0,6.486284,False,,402.0,150.0,109.0,73.0,0.0,0.0,0.06019608751,ce4b1ca195885b1d57816acd714eff97ac5d2eafd375a8759f365b41457d6ed4,False,,,,False,,ed1532f836e1464f3192d519aceaf7f4df8e343e,1f2680a5b9065e708a7497adc53a95b108029b98,3.13.14,2.5.1,"{""pydantic"": ""2.13.4"", ""yaml"": ""6.0.3"", ""networkx"": ""3.6.1"", ""numpy"": ""2.5.1"", ""scipy"": ""1.18.0"", ""matplotlib"": ""3.11.0"", ""pandas"": ""3.0.3"", ""qutip"": ""5.3.0"", ""stim"": ""1.16.0"", ""gmpy2"": ""2.3.1"", ""nbformat"": ""5.10.4"", ""nbclient"": ""0.11.0""}",Windows,11,Gercom,2026-07-19T16:34:02.451305+00:00
P10_replay_determinism,P10_replay_determinism:four_node:8b9b6589cb75e14a:L2:7:m10-intent:4,four_node,8b9b6589cb75e14a,7,m10-intent,L2,iterative_analytical,4,10,10,0.66,0.05,1e-05,,True,a -> r1 -> r2 -> b,3,True,,,,0.6653170884826755,6,0.000859,VIOLATED,False,1.0,0.6653170884826755,0.6653170884826755,0.0,6.396279,False,,402.0,150.0,109.0,73.0,0.0,0.0,0.06019608751,ce4b1ca195885b1d57816acd714eff97ac5d2eafd375a8759f365b41457d6ed4,False,,,,False,,ed1532f836e1464f3192d519aceaf7f4df8e343e,1f2680a5b9065e708a7497adc53a95b108029b98,3.13.14,2.5.1,"{""pydantic"": ""2.13.4"", ""yaml"": ""6.0.3"", ""networkx"": ""3.6.1"", ""numpy"": ""2.5.1"", ""scipy"": ""1.18.0"", ""matplotlib"": ""3.11.0"", ""pandas"": ""3.0.3"", ""qutip"": ""5.3.0"", ""stim"": ""1.16.0"", ""gmpy2"": ""2.3.1"", ""nbformat"": ""5.10.4"", ""nbclient"": ""0.11.0""}",Windows,11,Gercom,2026-07-19T16:34:18.353544+00:00
P10_replay_determinism,P10_replay_determinism:four_node:8b9b6589cb75e14a:L2:7:m10-intent:5,four_node,8b9b6589cb75e14a,7,m10-intent,L2,iterative_analytical,5,10,10,0.66,0.05,1e-05,,True,a -> r1 -> r2 -> b,3,True,,,,0.6653170884826755,6,0.001495,VIOLATED,False,1.0,0.6653170884826755,0.6653170884826755,0.0,6.455785,False,,402.0,150.0,109.0,73.0,0.0,0.0,0.06019608751,ce4b1ca195885b1d57816acd714eff97ac5d2eafd375a8759f365b41457d6ed4,False,,,,False,,ed1532f836e1464f3192d519aceaf7f4df8e343e,1f2680a5b9065e708a7497adc53a95b108029b98,3.13.14,2.5.1,"{""pydantic"": ""2.13.4"", ""yaml"": ""6.0.3"", ""networkx"": ""3.6.1"", ""numpy"": ""2.5.1"", ""scipy"": ""1.18.0"", ""matplotlib"": ""3.11.0"", ""pandas"": ""3.0.3"", ""qutip"": ""5.3.0"", ""stim"": ""1.16.0"", ""gmpy2"": ""2.3.1"", ""nbformat"": ""5.10.4"", ""nbclient"": ""0.11.0""}",Windows,11,Gercom,2026-07-19T16:34:34.490669+00:00
P10_replay_determinism,P10_replay_determinism:four_node:8b9b6589cb75e14a:L2:7:m10-intent:6,four_node,8b9b6589cb75e14a,7,m10-intent,L2,iterative_analytical,6,10,10,0.66,0.05,1e-05,,True,a -> r1 -> r2 -> b,3,True,,,,0.6653170884826755,6,0.00088,VIOLATED,False,1.0,0.6653170884826755,0.6653170884826755,0.0,5.80724,False,,402.0,150.0,109.0,73.0,0.0,0.0,0.06019608751,ce4b1ca195885b1d57816acd714eff97ac5d2eafd375a8759f365b41457d6ed4,False,,,,False,,ed1532f836e1464f3192d519aceaf7f4df8e343e,1f2680a5b9065e708a7497adc53a95b108029b98,3.13.14,2.5.1,"{""pydantic"": ""2.13.4"", ""yaml"": ""6.0.3"", ""networkx"": ""3.6.1"", ""numpy"": ""2.5.1"", ""scipy"": ""1.18.0"", ""matplotlib"": ""3.11.0"", ""pandas"": ""3.0.3"", ""qutip"": ""5.3.0"", ""stim"": ""1.16.0"", ""gmpy2"": ""2.3.1"", ""nbformat"": ""5.10.4"", ""nbclient"": ""0.11.0""}",Windows,11,Gercom,2026-07-19T16:34:49.432297+00:00
P10_replay_determinism,P10_replay_determinism:four_node:8b9b6589cb75e14a:L2:7:m10-intent:7,four_node,8b9b6589cb75e14a,7,m10-intent,L2,iterative_analytical,7,10,10,0.66,0.05,1e-05,,True,a -> r1 -> r2 -> b,3,True,,,,0.6653170884826755,6,0.001447,VIOLATED,False,1.0,0.6653170884826755,0.6653170884826755,0.0,5.525803,False,,402.0,150.0,109.0,73.0,0.0,0.0,0.06019608751,ce4b1ca195885b1d57816acd714eff97ac5d2eafd375a8759f365b41457d6ed4,False,,,,False,,ed1532f836e1464f3192d519aceaf7f4df8e343e,1f2680a5b9065e708a7497adc53a95b108029b98,3.13.14,2.5.1,"{""pydantic"": ""2.13.4"", ""yaml"": ""6.0.3"", ""networkx"": ""3.6.1"", ""numpy"": ""2.5.1"", ""scipy"": ""1.18.0"", ""matplotlib"": ""3.11.0"", ""pandas"": ""3.0.3"", ""qutip"": ""5.3.0"", ""stim"": ""1.16.0"", ""gmpy2"": ""2.3.1"", ""nbformat"": ""5.10.4"", ""nbclient"": ""0.11.0""}",Windows,11,Gercom,2026-07-19T16:35:03.883438+00:00
P10_replay_determinism,P10_replay_determinism:four_node:8b9b6589cb75e14a:L2:7:m10-intent:8,four_node,8b9b6589cb75e14a,7,m10-intent,L2,iterative_analytical,8,10,10,0.66,0.05,1e-05,,True,a -> r1 -> r2 -> b,3,True,,,,0.6653170884826755,6,0.001464,VIOLATED,False,1.0,0.6653170884826755,0.6653170884826755,0.0,5.84728,False,,402.0,150.0,109.0,73.0,0.0,0.0,0.06019608751,ce4b1ca195885b1d57816acd714eff97ac5d2eafd375a8759f365b41457d6ed4,False,,,,False,,ed1532f836e1464f3192d519aceaf7f4df8e343e,1f2680a5b9065e708a7497adc53a95b108029b98,3.13.14,2.5.1,"{""pydantic"": ""2.13.4"", ""yaml"": ""6.0.3"", ""networkx"": ""3.6.1"", ""numpy"": ""2.5.1"", ""scipy"": ""1.18.0"", ""matplotlib"": ""3.11.0"", ""pandas"": ""3.0.3"", ""qutip"": ""5.3.0"", ""stim"": ""1.16.0"", ""gmpy2"": ""2.3.1"", ""nbformat"": ""5.10.4"", ""nbclient"": ""0.11.0""}",Windows,11,Gercom,2026-07-19T16:35:18.834827+00:00
P10_replay_determinism,P10_replay_determinism:four_node:8b9b6589cb75e14a:L2:7:m10-intent:9,four_node,8b9b6589cb75e14a,7,m10-intent,L2,iterative_analytical,9,10,10,0.66,0.05,1e-05,,True,a -> r1 -> r2 -> b,3,True,,,,0.6653170884826755,6,0.001351,VIOLATED,False,1.0,0.6653170884826755,0.6653170884826755,0.0,5.383664,False,,402.0,150.0,109.0,73.0,0.0,0.0,0.06019608751,ce4b1ca195885b1d57816acd714eff97ac5d2eafd375a8759f365b41457d6ed4,False,,,,False,,ed1532f836e1464f3192d519aceaf7f4df8e343e,1f2680a5b9065e708a7497adc53a95b108029b98,3.13.14,2.5.1,"{""pydantic"": ""2.13.4"", ""yaml"": ""6.0.3"", ""networkx"": ""3.6.1"", ""numpy"": ""2.5.1"", ""scipy"": ""1.18.0"", ""matplotlib"": ""3.11.0"", ""pandas"": ""3.0.3"", ""qutip"": ""5.3.0"", ""stim"": ""1.16.0"", ""gmpy2"": ""2.3.1"", ""nbformat"": ""5.10.4"", ""nbclient"": ""0.11.0""}",Windows,11,Gercom,2026-07-19T16:35:31.953516+00:00
P10_replay_determinism,P10_replay_determinism:four_node:5129ccbbbde85c7c:L2:7:m10-intent:0,four_node,5129ccbbbde85c7c,7,m10-intent,L2,iterative_analytical,0,10,10,0.66,0.05,1e-05,,True,a -> r1 -> r2 -> b,3,True,,,,0.6653170884826755,6,0.000978,VIOLATED,False,1.0,0.6653170884826755,0.6653170884826755,0.0,5.307122,False,,400.0,148.0,111.0,82.0,0.0,0.0,0.06015365001,aab682f36d858451c5ddc64aa7774c55d90d0c30299e4460e3b2e88ff54f47b3,True,20260719.0,13648402059586707927,"{""execution"": 13648402059586707927, ""generation"": 2079332656561234755, ""swap"": 262196076687148104, ""purification"": 7235438385488989379, ""planner"": 59411704350519736, ""internal_simulation"": 869494670593999053, ""instrumentation"": 15646217044355836805}",True,0.0,ed1532f836e1464f3192d519aceaf7f4df8e343e,1f2680a5b9065e708a7497adc53a95b108029b98,3.13.14,2.5.1,"{""pydantic"": ""2.13.4"", ""yaml"": ""6.0.3"", ""networkx"": ""3.6.1"", ""numpy"": ""2.5.1"", ""scipy"": ""1.18.0"", ""matplotlib"": ""3.11.0"", ""pandas"": ""3.0.3"", ""qutip"": ""5.3.0"", ""stim"": ""1.16.0"", ""gmpy2"": ""2.3.1"", ""nbformat"": ""5.10.4"", ""nbclient"": ""0.11.0""}",Windows,11,Gercom,2026-07-19T16:35:45.171630+00:00
P10_replay_determinism,P10_replay_determinism:four_node:5129ccbbbde85c7c:L2:7:m10-intent:1,four_node,5129ccbbbde85c7c,7,m10-intent,L2,iterative_analytical,1,10,10,0.66,0.05,1e-05,,True,a -> r1 -> r2 -> b,3,True,,,,0.6653170884826755,6,0.000972,VIOLATED,False,1.0,0.6653170884826755,0.6653170884826755,0.0,4.911841,False,,400.0,148.0,111.0,82.0,0.0,0.0,0.06015365001,aab682f36d858451c5ddc64aa7774c55d90d0c30299e4460e3b2e88ff54f47b3,True,20260719.0,13648402059586707927,"{""execution"": 13648402059586707927, ""generation"": 2079332656561234755, ""swap"": 262196076687148104, ""purification"": 7235438385488989379, ""planner"": 59411704350519736, ""internal_simulation"": 869494670593999053, ""instrumentation"": 15646217044355836805}",True,0.0,ed1532f836e1464f3192d519aceaf7f4df8e343e,1f2680a5b9065e708a7497adc53a95b108029b98,3.13.14,2.5.1,"{""pydantic"": ""2.13.4"", ""yaml"": ""6.0.3"", ""networkx"": ""3.6.1"", ""numpy"": ""2.5.1"", ""scipy"": ""1.18.0"", ""matplotlib"": ""3.11.0"", ""pandas"": ""3.0.3"", ""qutip"": ""5.3.0"", ""stim"": ""1.16.0"", ""gmpy2"": ""2.3.1"", ""nbformat"": ""5.10.4"", ""nbclient"": ""0.11.0""}",Windows,11,Gercom,2026-07-19T16:35:58.066922+00:00
P10_replay_determinism,P10_replay_determinism:four_node:5129ccbbbde85c7c:L2:7:m10-intent:2,four_node,5129ccbbbde85c7c,7,m10-intent,L2,iterative_analytical,2,10,10,0.66,0.05,1e-05,,True,a -> r1 -> r2 -> b,3,True,,,,0.6653170884826755,6,0.000874,VIOLATED,False,1.0,0.6653170884826755,0.6653170884826755,0.0,4.994865,False,,400.0,148.0,111.0,82.0,0.0,0.0,0.06015365001,aab682f36d858451c5ddc64aa7774c55d90d0c30299e4460e3b2e88ff54f47b3,True,20260719.0,13648402059586707927,"{""execution"": 13648402059586707927, ""generation"": 2079332656561234755, ""swap"": 262196076687148104, ""purification"": 7235438385488989379, ""planner"": 59411704350519736, ""internal_simulation"": 869494670593999053, ""instrumentation"": 15646217044355836805}",True,0.0,ed1532f836e1464f3192d519aceaf7f4df8e343e,1f2680a5b9065e708a7497adc53a95b108029b98,3.13.14,2.5.1,"{""pydantic"": ""2.13.4"", ""yaml"": ""6.0.3"", ""networkx"": ""3.6.1"", ""numpy"": ""2.5.1"", ""scipy"": ""1.18.0"", ""matplotlib"": ""3.11.0"", ""pandas"": ""3.0.3"", ""qutip"": ""5.3.0"", ""stim"": ""1.16.0"", ""gmpy2"": ""2.3.1"", ""nbformat"": ""5.10.4"", ""nbclient"": ""0.11.0""}",Windows,11,Gercom,2026-07-19T16:36:10.815556+00:00
P10_replay_determinism,P10_replay_determinism:four_node:5129ccbbbde85c7c:L2:7:m10-intent:3,four_node,5129ccbbbde85c7c,7,m10-intent,L2,iterative_analytical,3,10,10,0.66,0.05,1e-05,,True,a -> r1 -> r2 -> b,3,True,,,,0.6653170884826755,6,0.000907,VIOLATED,False,1.0,0.6653170884826755,0.6653170884826755,0.0,6.363678,False,,400.0,148.0,111.0,82.0,0.0,0.0,0.06015365001,aab682f36d858451c5ddc64aa7774c55d90d0c30299e4460e3b2e88ff54f47b3,True,20260719.0,13648402059586707927,"{""execution"": 13648402059586707927, ""generation"": 2079332656561234755, ""swap"": 262196076687148104, ""purification"": 7235438385488989379, ""planner"": 59411704350519736, ""internal_simulation"": 869494670593999053, ""instrumentation"": 15646217044355836805}",True,0.0,ed1532f836e1464f3192d519aceaf7f4df8e343e,1f2680a5b9065e708a7497adc53a95b108029b98,3.13.14,2.5.1,"{""pydantic"": ""2.13.4"", ""yaml"": ""6.0.3"", ""networkx"": ""3.6.1"", ""numpy"": ""2.5.1"", ""scipy"": ""1.18.0"", ""matplotlib"": ""3.11.0"", ""pandas"": ""3.0.3"", ""qutip"": ""5.3.0"", ""stim"": ""1.16.0"", ""gmpy2"": ""2.3.1"", ""nbformat"": ""5.10.4"", ""nbclient"": ""0.11.0""}",Windows,11,Gercom,2026-07-19T16:36:25.966645+00:00
P10_replay_determinism,P10_replay_determinism:four_node:5129ccbbbde85c7c:L2:7:m10-intent:4,four_node,5129ccbbbde85c7c,7,m10-intent,L2,iterative_analytical,4,10,10,0.66,0.05,1e-05,,True,a -> r1 -> r2 -> b,3,True,,,,0.6653170884826755,6,0.000937,VIOLATED,False,1.0,0.6653170884826755,0.6653170884826755,0.0,6.290171,False,,400.0,148.0,111.0,82.0,0.0,0.0,0.06015365001,aab682f36d858451c5ddc64aa7774c55d90d0c30299e4460e3b2e88ff54f47b3,True,20260719.0,13648402059586707927,"{""execution"": 13648402059586707927, ""generation"": 2079332656561234755, ""swap"": 262196076687148104, ""purification"": 7235438385488989379, ""planner"": 59411704350519736, ""internal_simulation"": 869494670593999053, ""instrumentation"": 15646217044355836805}",True,0.0,ed1532f836e1464f3192d519aceaf7f4df8e343e,1f2680a5b9065e708a7497adc53a95b108029b98,3.13.14,2.5.1,"{""pydantic"": ""2.13.4"", ""yaml"": ""6.0.3"", ""networkx"": ""3.6.1"", ""numpy"": ""2.5.1"", ""scipy"": ""1.18.0"", ""matplotlib"": ""3.11.0"", ""pandas"": ""3.0.3"", ""qutip"": ""5.3.0"", ""stim"": ""1.16.0"", ""gmpy2"": ""2.3.1"", ""nbformat"": ""5.10.4"", ""nbclient"": ""0.11.0""}",Windows,11,Gercom,2026-07-19T16:36:41.711846+00:00
P10_replay_determinism,P10_replay_determinism:four_node:5129ccbbbde85c7c:L2:7:m10-intent:5,four_node,5129ccbbbde85c7c,7,m10-intent,L2,iterative_analytical,5,10,10,0.66,0.05,1e-05,,True,a -> r1 -> r2 -> b,3,True,,,,0.6653170884826755,6,0.001736,VIOLATED,False,1.0,0.6653170884826755,0.6653170884826755,0.0,5.991391,False,,400.0,148.0,111.0,82.0,0.0,0.0,0.06015365001,aab682f36d858451c5ddc64aa7774c55d90d0c30299e4460e3b2e88ff54f47b3,True,20260719.0,13648402059586707927,"{""execution"": 13648402059586707927, ""generation"": 2079332656561234755, ""swap"": 262196076687148104, ""purification"": 7235438385488989379, ""planner"": 59411704350519736, ""internal_simulation"": 869494670593999053, ""instrumentation"": 15646217044355836805}",True,0.0,ed1532f836e1464f3192d519aceaf7f4df8e343e,1f2680a5b9065e708a7497adc53a95b108029b98,3.13.14,2.5.1,"{""pydantic"": ""2.13.4"", ""yaml"": ""6.0.3"", ""networkx"": ""3.6.1"", ""numpy"": ""2.5.1"", ""scipy"": ""1.18.0"", ""matplotlib"": ""3.11.0"", ""pandas"": ""3.0.3"", ""qutip"": ""5.3.0"", ""stim"": ""1.16.0"", ""gmpy2"": ""2.3.1"", ""nbformat"": ""5.10.4"", ""nbclient"": ""0.11.0""}",Windows,11,Gercom,2026-07-19T16:36:57.250189+00:00
P10_replay_determinism,P10_replay_determinism:four_node:5129ccbbbde85c7c:L2:7:m10-intent:6,four_node,5129ccbbbde85c7c,7,m10-intent,L2,iterative_analytical,6,10,10,0.66,0.05,1e-05,,True,a -> r1 -> r2 -> b,3,True,,,,0.6653170884826755,6,0.000882,VIOLATED,False,1.0,0.6653170884826755,0.6653170884826755,0.0,6.431431,False,,400.0,148.0,111.0,82.0,0.0,0.0,0.06015365001,aab682f36d858451c5ddc64aa7774c55d90d0c30299e4460e3b2e88ff54f47b3,True,20260719.0,13648402059586707927,"{""execution"": 13648402059586707927, ""generation"": 2079332656561234755, ""swap"": 262196076687148104, ""purification"": 7235438385488989379, ""planner"": 59411704350519736, ""internal_simulation"": 869494670593999053, ""instrumentation"": 15646217044355836805}",True,0.0,ed1532f836e1464f3192d519aceaf7f4df8e343e,1f2680a5b9065e708a7497adc53a95b108029b98,3.13.14,2.5.1,"{""pydantic"": ""2.13.4"", ""yaml"": ""6.0.3"", ""networkx"": ""3.6.1"", ""numpy"": ""2.5.1"", ""scipy"": ""1.18.0"", ""matplotlib"": ""3.11.0"", ""pandas"": ""3.0.3"", ""qutip"": ""5.3.0"", ""stim"": ""1.16.0"", ""gmpy2"": ""2.3.1"", ""nbformat"": ""5.10.4"", ""nbclient"": ""0.11.0""}",Windows,11,Gercom,2026-07-19T16:37:13.219085+00:00
P10_replay_determinism,P10_replay_determinism:four_node:5129ccbbbde85c7c:L2:7:m10-intent:7,four_node,5129ccbbbde85c7c,7,m10-intent,L2,iterative_analytical,7,10,10,0.66,0.05,1e-05,,True,a -> r1 -> r2 -> b,3,True,,,,0.6653170884826755,6,0.000995,VIOLATED,False,1.0,0.6653170884826755,0.6653170884826755,0.0,7.114575,False,,400.0,148.0,111.0,82.0,0.0,0.0,0.06015365001,aab682f36d858451c5ddc64aa7774c55d90d0c30299e4460e3b2e88ff54f47b3,True,20260719.0,13648402059586707927,"{""execution"": 13648402059586707927, ""generation"": 2079332656561234755, ""swap"": 262196076687148104, ""purification"": 7235438385488989379, ""planner"": 59411704350519736, ""internal_simulation"": 869494670593999053, ""instrumentation"": 15646217044355836805}",True,0.0,ed1532f836e1464f3192d519aceaf7f4df8e343e,1f2680a5b9065e708a7497adc53a95b108029b98,3.13.14,2.5.1,"{""pydantic"": ""2.13.4"", ""yaml"": ""6.0.3"", ""networkx"": ""3.6.1"", ""numpy"": ""2.5.1"", ""scipy"": ""1.18.0"", ""matplotlib"": ""3.11.0"", ""pandas"": ""3.0.3"", ""qutip"": ""5.3.0"", ""stim"": ""1.16.0"", ""gmpy2"": ""2.3.1"", ""nbformat"": ""5.10.4"", ""nbclient"": ""0.11.0""}",Windows,11,Gercom,2026-07-19T16:37:29.594219+00:00
P10_replay_determinism,P10_replay_determinism:four_node:5129ccbbbde85c7c:L2:7:m10-intent:8,four_node,5129ccbbbde85c7c,7,m10-intent,L2,iterative_analytical,8,10,10,0.66,0.05,1e-05,,True,a -> r1 -> r2 -> b,3,True,,,,0.6653170884826755,6,0.001085,VIOLATED,False,1.0,0.6653170884826755,0.6653170884826755,0.0,5.642963,False,,400.0,148.0,111.0,82.0,0.0,0.0,0.06015365001,aab682f36d858451c5ddc64aa7774c55d90d0c30299e4460e3b2e88ff54f47b3,True,20260719.0,13648402059586707927,"{""execution"": 13648402059586707927, ""generation"": 2079332656561234755, ""swap"": 262196076687148104, ""purification"": 7235438385488989379, ""planner"": 59411704350519736, ""internal_simulation"": 869494670593999053, ""instrumentation"": 15646217044355836805}",True,0.0,ed1532f836e1464f3192d519aceaf7f4df8e343e,1f2680a5b9065e708a7497adc53a95b108029b98,3.13.14,2.5.1,"{""pydantic"": ""2.13.4"", ""yaml"": ""6.0.3"", ""networkx"": ""3.6.1"", ""numpy"": ""2.5.1"", ""scipy"": ""1.18.0"", ""matplotlib"": ""3.11.0"", ""pandas"": ""3.0.3"", ""qutip"": ""5.3.0"", ""stim"": ""1.16.0"", ""gmpy2"": ""2.3.1"", ""nbformat"": ""5.10.4"", ""nbclient"": ""0.11.0""}",Windows,11,Gercom,2026-07-19T16:37:44.700286+00:00
P10_replay_determinism,P10_replay_determinism:four_node:5129ccbbbde85c7c:L2:7:m10-intent:9,four_node,5129ccbbbde85c7c,7,m10-intent,L2,iterative_analytical,9,10,10,0.66,0.05,1e-05,,True,a -> r1 -> r2 -> b,3,True,,,,0.6653170884826755,6,0.001028,VIOLATED,False,1.0,0.6653170884826755,0.6653170884826755,0.0,5.939654,False,,400.0,148.0,111.0,82.0,0.0,0.0,0.06015365001,aab682f36d858451c5ddc64aa7774c55d90d0c30299e4460e3b2e88ff54f47b3,True,20260719.0,13648402059586707927,"{""execution"": 13648402059586707927, ""generation"": 2079332656561234755, ""swap"": 262196076687148104, ""purification"": 7235438385488989379, ""planner"": 59411704350519736, ""internal_simulation"": 869494670593999053, ""instrumentation"": 15646217044355836805}",True,0.0,ed1532f836e1464f3192d519aceaf7f4df8e343e,1f2680a5b9065e708a7497adc53a95b108029b98,3.13.14,2.5.1,"{""pydantic"": ""2.13.4"", ""yaml"": ""6.0.3"", ""networkx"": ""3.6.1"", ""numpy"": ""2.5.1"", ""scipy"": ""1.18.0"", ""matplotlib"": ""3.11.0"", ""pandas"": ""3.0.3"", ""qutip"": ""5.3.0"", ""stim"": ""1.16.0"", ""gmpy2"": ""2.3.1"", ""nbformat"": ""5.10.4"", ""nbclient"": ""0.11.0""}",Windows,11,Gercom,2026-07-19T16:38:00.015949+00:00
P10_replay_determinism,P10_replay_determinism:four_node:bddc877f92745ca4:L3:7:m10-intent:0,four_node,bddc877f92745ca4,7,m10-intent,L3,probabilistic,0,10,10,0.6,0.05,1e-05,,True,a -> r1 -> r2 -> b,3,True,,0.0002025652765608,2.4015472009147043,0.6149042727679952,4,0.003782,VIOLATED,False,4.0,0.6149042727679952,0.6149042727679952,0.0,6.895244,False,,433.0,170.0,117.0,76.0,0.0,0.0,0.06018375001,617c1afa7cc4eca181aa400df26cefdff7a628d23c70de5c9c5389342fbe473b,False,,,,False,,ed1532f836e1464f3192d519aceaf7f4df8e343e,1f2680a5b9065e708a7497adc53a95b108029b98,3.13.14,2.5.1,"{""pydantic"": ""2.13.4"", ""yaml"": ""6.0.3"", ""networkx"": ""3.6.1"", ""numpy"": ""2.5.1"", ""scipy"": ""1.18.0"", ""matplotlib"": ""3.11.0"", ""pandas"": ""3.0.3"", ""qutip"": ""5.3.0"", ""stim"": ""1.16.0"", ""gmpy2"": ""2.3.1"", ""nbformat"": ""5.10.4"", ""nbclient"": ""0.11.0""}",Windows,11,Gercom,2026-07-19T16:38:15.942913+00:00
P10_replay_determinism,P10_replay_determinism:four_node:bddc877f92745ca4:L3:7:m10-intent:1,four_node,bddc877f92745ca4,7,m10-intent,L3,probabilistic,1,10,10,0.6,0.05,1e-05,,True,a -> r1 -> r2 -> b,3,True,,0.0002025652765608,2.4015472009147043,0.6149042727679952,4,0.001546,VIOLATED,False,4.0,0.6149042727679952,0.6149042727679952,0.0,5.670346,False,,433.0,170.0,117.0,76.0,0.0,0.0,0.06018375001,617c1afa7cc4eca181aa400df26cefdff7a628d23c70de5c9c5389342fbe473b,False,,,,False,,ed1532f836e1464f3192d519aceaf7f4df8e343e,1f2680a5b9065e708a7497adc53a95b108029b98,3.13.14,2.5.1,"{""pydantic"": ""2.13.4"", ""yaml"": ""6.0.3"", ""networkx"": ""3.6.1"", ""numpy"": ""2.5.1"", ""scipy"": ""1.18.0"", ""matplotlib"": ""3.11.0"", ""pandas"": ""3.0.3"", ""qutip"": ""5.3.0"", ""stim"": ""1.16.0"", ""gmpy2"": ""2.3.1"", ""nbformat"": ""5.10.4"", ""nbclient"": ""0.11.0""}",Windows,11,Gercom,2026-07-19T16:38:29.261069+00:00
P10_replay_determinism,P10_replay_determinism:four_node:bddc877f92745ca4:L3:7:m10-intent:2,four_node,bddc877f92745ca4,7,m10-intent,L3,probabilistic,2,10,10,0.6,0.05,1e-05,,True,a -> r1 -> r2 -> b,3,True,,0.0002025652765608,2.4015472009147043,0.6149042727679952,4,0.001548,VIOLATED,False,4.0,0.6149042727679952,0.6149042727679952,0.0,5.5785,False,,433.0,170.0,117.0,76.0,0.0,0.0,0.06018375001,617c1afa7cc4eca181aa400df26cefdff7a628d23c70de5c9c5389342fbe473b,False,,,,False,,ed1532f836e1464f3192d519aceaf7f4df8e343e,1f2680a5b9065e708a7497adc53a95b108029b98,3.13.14,2.5.1,"{""pydantic"": ""2.13.4"", ""yaml"": ""6.0.3"", ""networkx"": ""3.6.1"", ""numpy"": ""2.5.1"", ""scipy"": ""1.18.0"", ""matplotlib"": ""3.11.0"", ""pandas"": ""3.0.3"", ""qutip"": ""5.3.0"", ""stim"": ""1.16.0"", ""gmpy2"": ""2.3.1"", ""nbformat"": ""5.10.4"", ""nbclient"": ""0.11.0""}",Windows,11,Gercom,2026-07-19T16:38:42.165506+00:00
P10_replay_determinism,P10_replay_determinism:four_node:bddc877f92745ca4:L3:7:m10-intent:3,four_node,bddc877f92745ca4,7,m10-intent,L3,probabilistic,3,10,10,0.6,0.05,1e-05,,True,a -> r1 -> r2 -> b,3,True,,0.0002025652765608,2.4015472009147043,0.6149042727679952,4,0.002831,VIOLATED,False,4.0,0.6149042727679952,0.6149042727679952,0.0,7.554397,False,,433.0,170.0,117.0,76.0,0.0,0.0,0.06018375001,617c1afa7cc4eca181aa400df26cefdff7a628d23c70de5c9c5389342fbe473b,False,,,,False,,ed1532f836e1464f3192d519aceaf7f4df8e343e,1f2680a5b9065e708a7497adc53a95b108029b98,3.13.14,2.5.1,"{""pydantic"": ""2.13.4"", ""yaml"": ""6.0.3"", ""networkx"": ""3.6.1"", ""numpy"": ""2.5.1"", ""scipy"": ""1.18.0"", ""matplotlib"": ""3.11.0"", ""pandas"": ""3.0.3"", ""qutip"": ""5.3.0"", ""stim"": ""1.16.0"", ""gmpy2"": ""2.3.1"", ""nbformat"": ""5.10.4"", ""nbclient"": ""0.11.0""}",Windows,11,Gercom,2026-07-19T16:38:57.530789+00:00
P10_replay_determinism,P10_replay_determinism:four_node:bddc877f92745ca4:L3:7:m10-intent:4,four_node,bddc877f92745ca4,7,m10-intent,L3,probabilistic,4,10,10,0.6,0.05,1e-05,,True,a -> r1 -> r2 -> b,3,True,,0.0002025652765608,2.4015472009147043,0.6149042727679952,4,0.002027,VIOLATED,False,4.0,0.6149042727679952,0.6149042727679952,0.0,7.668799,False,,433.0,170.0,117.0,76.0,0.0,0.0,0.06018375001,617c1afa7cc4eca181aa400df26cefdff7a628d23c70de5c9c5389342fbe473b,False,,,,False,,ed1532f836e1464f3192d519aceaf7f4df8e343e,1f2680a5b9065e708a7497adc53a95b108029b98,3.13.14,2.5.1,"{""pydantic"": ""2.13.4"", ""yaml"": ""6.0.3"", ""networkx"": ""3.6.1"", ""numpy"": ""2.5.1"", ""scipy"": ""1.18.0"", ""matplotlib"": ""3.11.0"", ""pandas"": ""3.0.3"", ""qutip"": ""5.3.0"", ""stim"": ""1.16.0"", ""gmpy2"": ""2.3.1"", ""nbformat"": ""5.10.4"", ""nbclient"": ""0.11.0""}",Windows,11,Gercom,2026-07-19T16:39:13.275069+00:00
P10_replay_determinism,P10_replay_determinism:four_node:bddc877f92745ca4:L3:7:m10-intent:5,four_node,bddc877f92745ca4,7,m10-intent,L3,probabilistic,5,10,10,0.6,0.05,1e-05,,True,a -> r1 -> r2 -> b,3,True,,0.0002025652765608,2.4015472009147043,0.6149042727679952,4,0.001504,VIOLATED,False,4.0,0.6149042727679952,0.6149042727679952,0.0,5.453052,False,,433.0,170.0,117.0,76.0,0.0,0.0,0.06018375001,617c1afa7cc4eca181aa400df26cefdff7a628d23c70de5c9c5389342fbe473b,False,,,,False,,ed1532f836e1464f3192d519aceaf7f4df8e343e,1f2680a5b9065e708a7497adc53a95b108029b98,3.13.14,2.5.1,"{""pydantic"": ""2.13.4"", ""yaml"": ""6.0.3"", ""networkx"": ""3.6.1"", ""numpy"": ""2.5.1"", ""scipy"": ""1.18.0"", ""matplotlib"": ""3.11.0"", ""pandas"": ""3.0.3"", ""qutip"": ""5.3.0"", ""stim"": ""1.16.0"", ""gmpy2"": ""2.3.1"", ""nbformat"": ""5.10.4"", ""nbclient"": ""0.11.0""}",Windows,11,Gercom,2026-07-19T16:39:26.396423+00:00
P10_replay_determinism,P10_replay_determinism:four_node:bddc877f92745ca4:L3:7:m10-intent:6,four_node,bddc877f92745ca4,7,m10-intent,L3,probabilistic,6,10,10,0.6,0.05,1e-05,,True,a -> r1 -> r2 -> b,3,True,,0.0002025652765608,2.4015472009147043,0.6149042727679952,4,0.001877,VIOLATED,False,4.0,0.6149042727679952,0.6149042727679952,0.0,5.572705,False,,433.0,170.0,117.0,76.0,0.0,0.0,0.06018375001,617c1afa7cc4eca181aa400df26cefdff7a628d23c70de5c9c5389342fbe473b,False,,,,False,,ed1532f836e1464f3192d519aceaf7f4df8e343e,1f2680a5b9065e708a7497adc53a95b108029b98,3.13.14,2.5.1,"{""pydantic"": ""2.13.4"", ""yaml"": ""6.0.3"", ""networkx"": ""3.6.1"", ""numpy"": ""2.5.1"", ""scipy"": ""1.18.0"", ""matplotlib"": ""3.11.0"", ""pandas"": ""3.0.3"", ""qutip"": ""5.3.0"", ""stim"": ""1.16.0"", ""gmpy2"": ""2.3.1"", ""nbformat"": ""5.10.4"", ""nbclient"": ""0.11.0""}",Windows,11,Gercom,2026-07-19T16:39:39.438148+00:00
P10_replay_determinism,P10_replay_determinism:four_node:bddc877f92745ca4:L3:7:m10-intent:7,four_node,bddc877f92745ca4,7,m10-intent,L3,probabilistic,7,10,10,0.6,0.05,1e-05,,True,a -> r1 -> r2 -> b,3,True,,0.0002025652765608,2.4015472009147043,0.6149042727679952,4,0.001434,VIOLATED,False,4.0,0.6149042727679952,0.6149042727679952,0.0,5.436539,False,,433.0,170.0,117.0,76.0,0.0,0.0,0.06018375001,617c1afa7cc4eca181aa400df26cefdff7a628d23c70de5c9c5389342fbe473b,False,,,,False,,ed1532f836e1464f3192d519aceaf7f4df8e343e,1f2680a5b9065e708a7497adc53a95b108029b98,3.13.14,2.5.1,"{""pydantic"": ""2.13.4"", ""yaml"": ""6.0.3"", ""networkx"": ""3.6.1"", ""numpy"": ""2.5.1"", ""scipy"": ""1.18.0"", ""matplotlib"": ""3.11.0"", ""pandas"": ""3.0.3"", ""qutip"": ""5.3.0"", ""stim"": ""1.16.0"", ""gmpy2"": ""2.3.1"", ""nbformat"": ""5.10.4"", ""nbclient"": ""0.11.0""}",Windows,11,Gercom,2026-07-19T16:39:52.353657+00:00
P10_replay_determinism,P10_replay_determinism:four_node:bddc877f92745ca4:L3:7:m10-intent:8,four_node,bddc877f92745ca4,7,m10-intent,L3,probabilistic,8,10,10,0.6,0.05,1e-05,,True,a -> r1 -> r2 -> b,3,True,,0.0002025652765608,2.4015472009147043,0.6149042727679952,4,0.001568,VIOLATED,False,4.0,0.6149042727679952,0.6149042727679952,0.0,5.788434,False,,433.0,170.0,117.0,76.0,0.0,0.0,0.06018375001,617c1afa7cc4eca181aa400df26cefdff7a628d23c70de5c9c5389342fbe473b,False,,,,False,,ed1532f836e1464f3192d519aceaf7f4df8e343e,1f2680a5b9065e708a7497adc53a95b108029b98,3.13.14,2.5.1,"{""pydantic"": ""2.13.4"", ""yaml"": ""6.0.3"", ""networkx"": ""3.6.1"", ""numpy"": ""2.5.1"", ""scipy"": ""1.18.0"", ""matplotlib"": ""3.11.0"", ""pandas"": ""3.0.3"", ""qutip"": ""5.3.0"", ""stim"": ""1.16.0"", ""gmpy2"": ""2.3.1"", ""nbformat"": ""5.10.4"", ""nbclient"": ""0.11.0""}",Windows,11,Gercom,2026-07-19T16:40:05.671420+00:00
P10_replay_determinism,P10_replay_determinism:four_node:bddc877f92745ca4:L3:7:m10-intent:9,four_node,bddc877f92745ca4,7,m10-intent,L3,probabilistic,9,10,10,0.6,0.05,1e-05,,True,a -> r1 -> r2 -> b,3,True,,0.0002025652765608,2.4015472009147043,0.6149042727679952,4,0.001598,VIOLATED,False,4.0,0.6149042727679952,0.6149042727679952,0.0,5.567694,False,,433.0,170.0,117.0,76.0,0.0,0.0,0.06018375001,617c1afa7cc4eca181aa400df26cefdff7a628d23c70de5c9c5389342fbe473b,False,,,,False,,ed1532f836e1464f3192d519aceaf7f4df8e343e,1f2680a5b9065e708a7497adc53a95b108029b98,3.13.14,2.5.1,"{""pydantic"": ""2.13.4"", ""yaml"": ""6.0.3"", ""networkx"": ""3.6.1"", ""numpy"": ""2.5.1"", ""scipy"": ""1.18.0"", ""matplotlib"": ""3.11.0"", ""pandas"": ""3.0.3"", ""qutip"": ""5.3.0"", ""stim"": ""1.16.0"", ""gmpy2"": ""2.3.1"", ""nbformat"": ""5.10.4"", ""nbclient"": ""0.11.0""}",Windows,11,Gercom,2026-07-19T16:40:18.705285+00:00
P10_replay_determinism,P10_replay_determinism:four_node:9e2f42b2f4187541:L3:7:m10-intent:0,four_node,9e2f42b2f4187541,7,m10-intent,L3,probabilistic,0,10,10,0.6,0.05,1e-05,,True,a -> r1 -> r2 -> b,3,True,,0.0002025652765608,2.4015472009147043,0.6149042727679952,4,0.001471,VIOLATED,False,5.0,0.6149042727679952,0.6149042727679952,0.0,5.791161,False,,451.0,162.0,117.0,82.0,0.0,0.0,0.06017880001,b9723d3260f10b3d6c0db0b4f373c60306d845200eed446b16e9fc7262654ebe,True,20260719.0,10818717756902569926,"{""execution"": 10818717756902569926, ""generation"": 16652538000837462146, ""swap"": 2010150857695026570, ""purification"": 15927547969258298150, ""planner"": 14758769520426806316, ""internal_simulation"": 5514705002418470872, ""instrumentation"": 383637330897318584}",True,0.0,ed1532f836e1464f3192d519aceaf7f4df8e343e,1f2680a5b9065e708a7497adc53a95b108029b98,3.13.14,2.5.1,"{""pydantic"": ""2.13.4"", ""yaml"": ""6.0.3"", ""networkx"": ""3.6.1"", ""numpy"": ""2.5.1"", ""scipy"": ""1.18.0"", ""matplotlib"": ""3.11.0"", ""pandas"": ""3.0.3"", ""qutip"": ""5.3.0"", ""stim"": ""1.16.0"", ""gmpy2"": ""2.3.1"", ""nbformat"": ""5.10.4"", ""nbclient"": ""0.11.0""}",Windows,11,Gercom,2026-07-19T16:40:32.052651+00:00
P10_replay_determinism,P10_replay_determinism:four_node:9e2f42b2f4187541:L3:7:m10-intent:1,four_node,9e2f42b2f4187541,7,m10-intent,L3,probabilistic,1,10,10,0.6,0.05,1e-05,,True,a -> r1 -> r2 -> b,3,True,,0.0002025652765608,2.4015472009147043,0.6149042727679952,4,0.001514,VIOLATED,False,5.0,0.6149042727679952,0.6149042727679952,0.0,5.786584,False,,451.0,162.0,117.0,82.0,0.0,0.0,0.06017880001,b9723d3260f10b3d6c0db0b4f373c60306d845200eed446b16e9fc7262654ebe,True,20260719.0,10818717756902569926,"{""execution"": 10818717756902569926, ""generation"": 16652538000837462146, ""swap"": 2010150857695026570, ""purification"": 15927547969258298150, ""planner"": 14758769520426806316, ""internal_simulation"": 5514705002418470872, ""instrumentation"": 383637330897318584}",True,0.0,ed1532f836e1464f3192d519aceaf7f4df8e343e,1f2680a5b9065e708a7497adc53a95b108029b98,3.13.14,2.5.1,"{""pydantic"": ""2.13.4"", ""yaml"": ""6.0.3"", ""networkx"": ""3.6.1"", ""numpy"": ""2.5.1"", ""scipy"": ""1.18.0"", ""matplotlib"": ""3.11.0"", ""pandas"": ""3.0.3"", ""qutip"": ""5.3.0"", ""stim"": ""1.16.0"", ""gmpy2"": ""2.3.1"", ""nbformat"": ""5.10.4"", ""nbclient"": ""0.11.0""}",Windows,11,Gercom,2026-07-19T16:40:45.827669+00:00
P10_replay_determinism,P10_replay_determinism:four_node:9e2f42b2f4187541:L3:7:m10-intent:2,four_node,9e2f42b2f4187541,7,m10-intent,L3,probabilistic,2,10,10,0.6,0.05,1e-05,,True,a -> r1 -> r2 -> b,3,True,,0.0002025652765608,2.4015472009147043,0.6149042727679952,4,0.001606,VIOLATED,False,5.0,0.6149042727679952,0.6149042727679952,0.0,6.944266,False,,451.0,162.0,117.0,82.0,0.0,0.0,0.06017880001,b9723d3260f10b3d6c0db0b4f373c60306d845200eed446b16e9fc7262654ebe,True,20260719.0,10818717756902569926,"{""execution"": 10818717756902569926, ""generation"": 16652538000837462146, ""swap"": 2010150857695026570, ""purification"": 15927547969258298150, ""planner"": 14758769520426806316, ""internal_simulation"": 5514705002418470872, ""instrumentation"": 383637330897318584}",True,0.0,ed1532f836e1464f3192d519aceaf7f4df8e343e,1f2680a5b9065e708a7497adc53a95b108029b98,3.13.14,2.5.1,"{""pydantic"": ""2.13.4"", ""yaml"": ""6.0.3"", ""networkx"": ""3.6.1"", ""numpy"": ""2.5.1"", ""scipy"": ""1.18.0"", ""matplotlib"": ""3.11.0"", ""pandas"": ""3.0.3"", ""qutip"": ""5.3.0"", ""stim"": ""1.16.0"", ""gmpy2"": ""2.3.1"", ""nbformat"": ""5.10.4"", ""nbclient"": ""0.11.0""}",Windows,11,Gercom,2026-07-19T16:41:01.137557+00:00
P10_replay_determinism,P10_replay_determinism:four_node:9e2f42b2f4187541:L3:7:m10-intent:3,four_node,9e2f42b2f4187541,7,m10-intent,L3,probabilistic,3,10,10,0.6,0.05,1e-05,,True,a -> r1 -> r2 -> b,3,True,,0.0002025652765608,2.4015472009147043,0.6149042727679952,4,0.001632,VIOLATED,False,5.0,0.6149042727679952,0.6149042727679952,0.0,7.111922,False,,451.0,162.0,117.0,82.0,0.0,0.0,0.06017880001,b9723d3260f10b3d6c0db0b4f373c60306d845200eed446b16e9fc7262654ebe,True,20260719.0,10818717756902569926,"{""execution"": 10818717756902569926, ""generation"": 16652538000837462146, ""swap"": 2010150857695026570, ""purification"": 15927547969258298150, ""planner"": 14758769520426806316, ""internal_simulation"": 5514705002418470872, ""instrumentation"": 383637330897318584}",True,0.0,ed1532f836e1464f3192d519aceaf7f4df8e343e,1f2680a5b9065e708a7497adc53a95b108029b98,3.13.14,2.5.1,"{""pydantic"": ""2.13.4"", ""yaml"": ""6.0.3"", ""networkx"": ""3.6.1"", ""numpy"": ""2.5.1"", ""scipy"": ""1.18.0"", ""matplotlib"": ""3.11.0"", ""pandas"": ""3.0.3"", ""qutip"": ""5.3.0"", ""stim"": ""1.16.0"", ""gmpy2"": ""2.3.1"", ""nbformat"": ""5.10.4"", ""nbclient"": ""0.11.0""}",Windows,11,Gercom,2026-07-19T16:41:16.589035+00:00
P10_replay_determinism,P10_replay_determinism:four_node:9e2f42b2f4187541:L3:7:m10-intent:4,four_node,9e2f42b2f4187541,7,m10-intent,L3,probabilistic,4,10,10,0.6,0.05,1e-05,,True,a -> r1 -> r2 -> b,3,True,,0.0002025652765608,2.4015472009147043,0.6149042727679952,4,0.001529,VIOLATED,False,5.0,0.6149042727679952,0.6149042727679952,0.0,6.691557,False,,451.0,162.0,117.0,82.0,0.0,0.0,0.06017880001,b9723d3260f10b3d6c0db0b4f373c60306d845200eed446b16e9fc7262654ebe,True,20260719.0,10818717756902569926,"{""execution"": 10818717756902569926, ""generation"": 16652538000837462146, ""swap"": 2010150857695026570, ""purification"": 15927547969258298150, ""planner"": 14758769520426806316, ""internal_simulation"": 5514705002418470872, ""instrumentation"": 383637330897318584}",True,0.0,ed1532f836e1464f3192d519aceaf7f4df8e343e,1f2680a5b9065e708a7497adc53a95b108029b98,3.13.14,2.5.1,"{""pydantic"": ""2.13.4"", ""yaml"": ""6.0.3"", ""networkx"": ""3.6.1"", ""numpy"": ""2.5.1"", ""scipy"": ""1.18.0"", ""matplotlib"": ""3.11.0"", ""pandas"": ""3.0.3"", ""qutip"": ""5.3.0"", ""stim"": ""1.16.0"", ""gmpy2"": ""2.3.1"", ""nbformat"": ""5.10.4"", ""nbclient"": ""0.11.0""}",Windows,11,Gercom,2026-07-19T16:41:31.931933+00:00
P10_replay_determinism,P10_replay_determinism:four_node:9e2f42b2f4187541:L3:7:m10-intent:5,four_node,9e2f42b2f4187541,7,m10-intent,L3,probabilistic,5,10,10,0.6,0.05,1e-05,,True,a -> r1 -> r2 -> b,3,True,,0.0002025652765608,2.4015472009147043,0.6149042727679952,4,0.003068,VIOLATED,False,5.0,0.6149042727679952,0.6149042727679952,0.0,5.93424,False,,451.0,162.0,117.0,82.0,0.0,0.0,0.06017880001,b9723d3260f10b3d6c0db0b4f373c60306d845200eed446b16e9fc7262654ebe,True,20260719.0,10818717756902569926,"{""execution"": 10818717756902569926, ""generation"": 16652538000837462146, ""swap"": 2010150857695026570, ""purification"": 15927547969258298150, ""planner"": 14758769520426806316, ""internal_simulation"": 5514705002418470872, ""instrumentation"": 383637330897318584}",True,0.0,ed1532f836e1464f3192d519aceaf7f4df8e343e,1f2680a5b9065e708a7497adc53a95b108029b98,3.13.14,2.5.1,"{""pydantic"": ""2.13.4"", ""yaml"": ""6.0.3"", ""networkx"": ""3.6.1"", ""numpy"": ""2.5.1"", ""scipy"": ""1.18.0"", ""matplotlib"": ""3.11.0"", ""pandas"": ""3.0.3"", ""qutip"": ""5.3.0"", ""stim"": ""1.16.0"", ""gmpy2"": ""2.3.1"", ""nbformat"": ""5.10.4"", ""nbclient"": ""0.11.0""}",Windows,11,Gercom,2026-07-19T16:41:46.219524+00:00
P10_replay_determinism,P10_replay_determinism:four_node:9e2f42b2f4187541:L3:7:m10-intent:6,four_node,9e2f42b2f4187541,7,m10-intent,L3,probabilistic,6,10,10,0.6,0.05,1e-05,,True,a -> r1 -> r2 -> b,3,True,,0.0002025652765608,2.4015472009147043,0.6149042727679952,4,0.001507,VIOLATED,False,5.0,0.6149042727679952,0.6149042727679952,0.0,5.329608,False,,451.0,162.0,117.0,82.0,0.0,0.0,0.06017880001,b9723d3260f10b3d6c0db0b4f373c60306d845200eed446b16e9fc7262654ebe,True,20260719.0,10818717756902569926,"{""execution"": 10818717756902569926, ""generation"": 16652538000837462146, ""swap"": 2010150857695026570, ""purification"": 15927547969258298150, ""planner"": 14758769520426806316, ""internal_simulation"": 5514705002418470872, ""instrumentation"": 383637330897318584}",True,0.0,ed1532f836e1464f3192d519aceaf7f4df8e343e,1f2680a5b9065e708a7497adc53a95b108029b98,3.13.14,2.5.1,"{""pydantic"": ""2.13.4"", ""yaml"": ""6.0.3"", ""networkx"": ""3.6.1"", ""numpy"": ""2.5.1"", ""scipy"": ""1.18.0"", ""matplotlib"": ""3.11.0"", ""pandas"": ""3.0.3"", ""qutip"": ""5.3.0"", ""stim"": ""1.16.0"", ""gmpy2"": ""2.3.1"", ""nbformat"": ""5.10.4"", ""nbclient"": ""0.11.0""}",Windows,11,Gercom,2026-07-19T16:41:59.341659+00:00
P10_replay_determinism,P10_replay_determinism:four_node:9e2f42b2f4187541:L3:7:m10-intent:7,four_node,9e2f42b2f4187541,7,m10-intent,L3,probabilistic,7,10,10,0.6,0.05,1e-05,,True,a -> r1 -> r2 -> b,3,True,,0.0002025652765608,2.4015472009147043,0.6149042727679952,4,0.001463,VIOLATED,False,5.0,0.6149042727679952,0.6149042727679952,0.0,6.279687,False,,451.0,162.0,117.0,82.0,0.0,0.0,0.06017880001,b9723d3260f10b3d6c0db0b4f373c60306d845200eed446b16e9fc7262654ebe,True,20260719.0,10818717756902569926,"{""execution"": 10818717756902569926, ""generation"": 16652538000837462146, ""swap"": 2010150857695026570, ""purification"": 15927547969258298150, ""planner"": 14758769520426806316, ""internal_simulation"": 5514705002418470872, ""instrumentation"": 383637330897318584}",True,0.0,ed1532f836e1464f3192d519aceaf7f4df8e343e,1f2680a5b9065e708a7497adc53a95b108029b98,3.13.14,2.5.1,"{""pydantic"": ""2.13.4"", ""yaml"": ""6.0.3"", ""networkx"": ""3.6.1"", ""numpy"": ""2.5.1"", ""scipy"": ""1.18.0"", ""matplotlib"": ""3.11.0"", ""pandas"": ""3.0.3"", ""qutip"": ""5.3.0"", ""stim"": ""1.16.0"", ""gmpy2"": ""2.3.1"", ""nbformat"": ""5.10.4"", ""nbclient"": ""0.11.0""}",Windows,11,Gercom,2026-07-19T16:42:13.213761+00:00
P10_replay_determinism,P10_replay_determinism:four_node:9e2f42b2f4187541:L3:7:m10-intent:8,four_node,9e2f42b2f4187541,7,m10-intent,L3,probabilistic,8,10,10,0.6,0.05,1e-05,,True,a -> r1 -> r2 -> b,3,True,,0.0002025652765608,2.4015472009147043,0.6149042727679952,4,0.00147,VIOLATED,False,5.0,0.6149042727679952,0.6149042727679952,0.0,5.575046,False,,451.0,162.0,117.0,82.0,0.0,0.0,0.06017880001,b9723d3260f10b3d6c0db0b4f373c60306d845200eed446b16e9fc7262654ebe,True,20260719.0,10818717756902569926,"{""execution"": 10818717756902569926, ""generation"": 16652538000837462146, ""swap"": 2010150857695026570, ""purification"": 15927547969258298150, ""planner"": 14758769520426806316, ""internal_simulation"": 5514705002418470872, ""instrumentation"": 383637330897318584}",True,0.0,ed1532f836e1464f3192d519aceaf7f4df8e343e,1f2680a5b9065e708a7497adc53a95b108029b98,3.13.14,2.5.1,"{""pydantic"": ""2.13.4"", ""yaml"": ""6.0.3"", ""networkx"": ""3.6.1"", ""numpy"": ""2.5.1"", ""scipy"": ""1.18.0"", ""matplotlib"": ""3.11.0"", ""pandas"": ""3.0.3"", ""qutip"": ""5.3.0"", ""stim"": ""1.16.0"", ""gmpy2"": ""2.3.1"", ""nbformat"": ""5.10.4"", ""nbclient"": ""0.11.0""}",Windows,11,Gercom,2026-07-19T16:42:26.407021+00:00
P10_replay_determinism,P10_replay_determinism:four_node:9e2f42b2f4187541:L3:7:m10-intent:9,four_node,9e2f42b2f4187541,7,m10-intent,L3,probabilistic,9,10,10,0.6,0.05,1e-05,,True,a -> r1 -> r2 -> b,3,True,,0.0002025652765608,2.4015472009147043,0.6149042727679952,4,0.001472,VIOLATED,False,5.0,0.6149042727679952,0.6149042727679952,0.0,5.568898,False,,451.0,162.0,117.0,82.0,0.0,0.0,0.06017880001,b9723d3260f10b3d6c0db0b4f373c60306d845200eed446b16e9fc7262654ebe,True,20260719.0,10818717756902569926,"{""execution"": 10818717756902569926, ""generation"": 16652538000837462146, ""swap"": 2010150857695026570, ""purification"": 15927547969258298150, ""planner"": 14758769520426806316, ""internal_simulation"": 5514705002418470872, ""instrumentation"": 383637330897318584}",True,0.0,ed1532f836e1464f3192d519aceaf7f4df8e343e,1f2680a5b9065e708a7497adc53a95b108029b98,3.13.14,2.5.1,"{""pydantic"": ""2.13.4"", ""yaml"": ""6.0.3"", ""networkx"": ""3.6.1"", ""numpy"": ""2.5.1"", ""scipy"": ""1.18.0"", ""matplotlib"": ""3.11.0"", ""pandas"": ""3.0.3"", ""qutip"": ""5.3.0"", ""stim"": ""1.16.0"", ""gmpy2"": ""2.3.1"", ""nbformat"": ""5.10.4"", ""nbclient"": ""0.11.0""}",Windows,11,Gercom,2026-07-19T16:42:39.362469+00:00
