campaign,trial_id,scenario,parameter_hash,seed,intent_id,routing_strategy,purification_policy,reconciliation_enabled,route,hop_count,reserved_memory_slots,min_delivered_pairs,requested_fidelity,fidelity_estimator,estimated_fidelity,observed_fidelity,absolute_fidelity_error,relative_fidelity_error,duration_s,attenuation_db_per_m,distance_m,coherence_time_s,accepted,satisfied,recovered,final_status,delivered_pairs,excess_delivery_pairs,delivery_ratio,deliveries_per_reserved_slot,average_fidelity,minimum_fidelity,throughput_active_window,throughput_delivery_interval,first_pair_latency_s,completion_time_s,planning_time_s,simulation_wall_time_s,eg_attempts,eg_success,ep_attempts,ep_success,es_attempts,es_success,violations,error_type,error_message,project_git_commit,sequence_git_commit,python_version,timestamp,formalism,platform,purification_mode,discarded_pairs,gate_fidelity,measurement_fidelity,swapping_success_prob,cutoff_ratio,detector_efficiency
R08_resource_semantics,R08_resource_semantics:chain1@literature:062fe34fa68c6ccb:shortest_hop_count__automatic__conservative_min:1:r08_resource_semantics-chain1,chain1@literature,062fe34fa68c6ccb,1,r08_resource_semantics-chain1,shortest_hop_count,automatic,False,a -> r1 -> b,2,2,20,0.6,conservative_min,0.70869407012,0.6988216541974634,-0.009872415922536515,-0.013930433933029613,0.15,0.0003,5000.0,2.0,True,False,,VIOLATED,11,0,0.55,5.5,0.6988216541974634,0.6732967948572885,73.33333333333334,86.02906550634314,0.008825862509999999,,0.006503,25.108558,1688,11,0,0,0,0,delivered_pairs >= 20.0 (observed=11.0) -> FAIL,,,c68f9e134eb5a57162815f4876faa6846004a3ae,1f2680a5b9065e708a7497adc53a95b108029b98,3.13.14,2026-10-02T12:36:41.226546+00:00,bell_diagonal,siv_2024,until_target,0,0.937,0.995,1.0,0.5,0.9
R08_resource_semantics,R08_resource_semantics:chain1@literature:062fe34fa68c6ccb:shortest_hop_count__automatic__conservative_min:0:r08_resource_semantics-chain1,chain1@literature,062fe34fa68c6ccb,0,r08_resource_semantics-chain1,shortest_hop_count,automatic,False,a -> r1 -> b,2,2,20,0.6,conservative_min,0.70869407012,0.7021353392091526,-0.006558730910847355,-0.009254671638125595,0.15,0.0003,5000.0,2.0,True,False,,VIOLATED,14,0,0.7,7.0,0.7021353392091526,0.6890593062606386,93.33333333333334,108.32654922198809,0.012276512509999999,,0.007755,26.931909,1955,15,0,0,0,0,delivered_pairs >= 20.0 (observed=14.0) -> FAIL,,,c68f9e134eb5a57162815f4876faa6846004a3ae,1f2680a5b9065e708a7497adc53a95b108029b98,3.13.14,2026-10-02T12:36:42.760658+00:00,bell_diagonal,siv_2024,until_target,0,0.937,0.995,1.0,0.5,0.9
R08_resource_semantics,R08_resource_semantics:chain1@literature:062fe34fa68c6ccb:shortest_hop_count__automatic__conservative_min:4:r08_resource_semantics-chain1,chain1@literature,062fe34fa68c6ccb,4,r08_resource_semantics-chain1,shortest_hop_count,automatic,False,a -> r1 -> b,2,2,20,0.6,conservative_min,0.70869407012,0.6979789221363544,-0.01071514798364559,-0.015119567716759987,0.15,0.0003,5000.0,2.0,True,False,,VIOLATED,8,0,0.4,4.0,0.6979789221363544,0.6870350175132295,53.333333333333336,91.15762492226675,0.06098260000999999,,0.02057,26.073555,2275,8,0,0,0,0,delivered_pairs >= 20.0 (observed=8.0) -> FAIL,,,c68f9e134eb5a57162815f4876faa6846004a3ae,1f2680a5b9065e708a7497adc53a95b108029b98,3.13.14,2026-10-02T12:36:44.042808+00:00,bell_diagonal,siv_2024,until_target,0,0.937,0.995,1.0,0.5,0.9
R08_resource_semantics,R08_resource_semantics:chain1@literature:062fe34fa68c6ccb:shortest_hop_count__automatic__conservative_min:2:r08_resource_semantics-chain1,chain1@literature,062fe34fa68c6ccb,2,r08_resource_semantics-chain1,shortest_hop_count,automatic,False,a -> r1 -> b,2,2,20,0.6,conservative_min,0.70869407012,0.7024484488891335,-0.006245621230866472,-0.00881285944696691,0.15,0.0003,5000.0,2.0,True,False,,VIOLATED,12,0,0.6,6.0,0.7024484488891335,0.69538127120695,80.0,88.25707447104365,0.0034503250099999997,,0.006654,27.750054,2366,13,0,0,0,0,delivered_pairs >= 20.0 (observed=12.0) -> FAIL,,,c68f9e134eb5a57162815f4876faa6846004a3ae,1f2680a5b9065e708a7497adc53a95b108029b98,3.13.14,2026-10-02T12:36:44.050158+00:00,bell_diagonal,siv_2024,until_target,0,0.937,0.995,1.0,0.5,0.9
R08_resource_semantics,R08_resource_semantics:chain1@literature:062fe34fa68c6ccb:shortest_hop_count__automatic__conservative_min:5:r08_resource_semantics-chain1,chain1@literature,062fe34fa68c6ccb,5,r08_resource_semantics-chain1,shortest_hop_count,automatic,False,a -> r1 -> b,2,2,20,0.6,conservative_min,0.70869407012,0.7028802514804233,-0.00581381863957664,-0.00820356608683379,0.15,0.0003,5000.0,2.0,True,False,,VIOLATED,9,0,0.45,4.5,0.7028802514804233,0.6908535140336524,60.0,88.07394394754023,0.01182617501,,0.007802,28.368844,2394,11,0,0,0,0,delivered_pairs >= 20.0 (observed=9.0) -> FAIL,,,c68f9e134eb5a57162815f4876faa6846004a3ae,1f2680a5b9065e708a7497adc53a95b108029b98,3.13.14,2026-10-02T12:36:46.545615+00:00,bell_diagonal,siv_2024,until_target,0,0.937,0.995,1.0,0.5,0.9
R08_resource_semantics,R08_resource_semantics:chain1@literature:062fe34fa68c6ccb:shortest_hop_count__automatic__conservative_min:3:r08_resource_semantics-chain1,chain1@literature,062fe34fa68c6ccb,3,r08_resource_semantics-chain1,shortest_hop_count,automatic,False,a -> r1 -> b,2,2,20,0.6,conservative_min,0.70869407012,0.7048959856961148,-0.003798084423885184,-0.00535927219377195,0.15,0.0003,5000.0,2.0,True,False,,VIOLATED,11,0,0.55,5.5,0.7048959856961148,0.6953665513320385,73.33333333333334,83.46562160120638,0.01037628751,,0.014206,29.561095,2806,11,0,0,0,0,delivered_pairs >= 20.0 (observed=11.0) -> FAIL,,,c68f9e134eb5a57162815f4876faa6846004a3ae,1f2680a5b9065e708a7497adc53a95b108029b98,3.13.14,2026-10-02T12:36:46.653868+00:00,bell_diagonal,siv_2024,until_target,0,0.937,0.995,1.0,0.5,0.9
R08_resource_semantics,R08_resource_semantics:chain1@literature:062fe34fa68c6ccb:shortest_hop_count__automatic__conservative_min:7:r08_resource_semantics-chain1,chain1@literature,062fe34fa68c6ccb,7,r08_resource_semantics-chain1,shortest_hop_count,automatic,False,a -> r1 -> b,2,2,20,0.6,conservative_min,0.70869407012,0.7029333442213977,-0.005760725898602215,-0.0081286497820234,0.15,0.0003,5000.0,2.0,True,False,,VIOLATED,15,0,0.75,7.5,0.7029333442213977,0.6907967307900587,100.0,103.81341269291993,0.00397547501,,0.000368,18.443869,1674,16,0,0,0,0,delivered_pairs >= 20.0 (observed=15.0) -> FAIL,,,c68f9e134eb5a57162815f4876faa6846004a3ae,1f2680a5b9065e708a7497adc53a95b108029b98,3.13.14,2026-10-02T12:37:01.306502+00:00,bell_diagonal,siv_2024,until_target,0,0.937,0.995,1.0,0.5,0.9
R08_resource_semantics,R08_resource_semantics:chain1@literature:062fe34fa68c6ccb:shortest_hop_count__automatic__conservative_min:6:r08_resource_semantics-chain1,chain1@literature,062fe34fa68c6ccb,6,r08_resource_semantics-chain1,shortest_hop_count,automatic,False,a -> r1 -> b,2,2,20,0.6,conservative_min,0.70869407012,0.7035914971304659,-0.005102572989534093,-0.007199965689948694,0.15,0.0003,5000.0,2.0,True,False,,VIOLATED,12,0,0.6,6.0,0.7035914971304659,0.6823985720312679,80.0,83.43995104856205,0.005450537510000001,,0.000734,20.319286,2241,13,0,0,0,0,delivered_pairs >= 20.0 (observed=12.0) -> FAIL,,,c68f9e134eb5a57162815f4876faa6846004a3ae,1f2680a5b9065e708a7497adc53a95b108029b98,3.13.14,2026-10-02T12:37:01.710297+00:00,bell_diagonal,siv_2024,until_target,0,0.937,0.995,1.0,0.5,0.9
R08_resource_semantics,R08_resource_semantics:chain1@literature:062fe34fa68c6ccb:shortest_hop_count__automatic__conservative_min:8:r08_resource_semantics-chain1,chain1@literature,062fe34fa68c6ccb,8,r08_resource_semantics-chain1,shortest_hop_count,automatic,False,a -> r1 -> b,2,2,20,0.6,conservative_min,0.70869407012,0.6983107335650253,-0.010383336554974698,-0.014651366496147674,0.15,0.0003,5000.0,2.0,True,False,,VIOLATED,6,0,0.3,3.0,0.6983107335650253,0.6776176495622268,40.0,51.59616498604701,0.019701962509999997,,0.000617,18.047881,1810,8,0,0,0,0,delivered_pairs >= 20.0 (observed=6.0) -> FAIL,,,c68f9e134eb5a57162815f4876faa6846004a3ae,1f2680a5b9065e708a7497adc53a95b108029b98,3.13.14,2026-10-02T12:37:02.205400+00:00,bell_diagonal,siv_2024,until_target,0,0.937,0.995,1.0,0.5,0.9
R08_resource_semantics,R08_resource_semantics:chain1@literature:062fe34fa68c6ccb:shortest_hop_count__automatic__conservative_min:10:r08_resource_semantics-chain1,chain1@literature,062fe34fa68c6ccb,10,r08_resource_semantics-chain1,shortest_hop_count,automatic,False,a -> r1 -> b,2,2,20,0.6,conservative_min,0.70869407012,0.7023701525109745,-0.006323917609025509,-0.008923339245599599,0.15,0.0003,5000.0,2.0,True,False,,VIOLATED,14,0,0.7,7.0,0.7023701525109745,0.6847000528260416,93.33333333333334,112.28016145887219,0.0013751500099999994,,0.00506,17.176568,1646,14,0,0,0,0,delivered_pairs >= 20.0 (observed=14.0) -> FAIL,,,c68f9e134eb5a57162815f4876faa6846004a3ae,1f2680a5b9065e708a7497adc53a95b108029b98,3.13.14,2026-10-02T12:37:03.825056+00:00,bell_diagonal,siv_2024,until_target,0,0.937,0.995,1.0,0.5,0.9
R08_resource_semantics,R08_resource_semantics:chain1@literature:062fe34fa68c6ccb:shortest_hop_count__automatic__conservative_min:9:r08_resource_semantics-chain1,chain1@literature,062fe34fa68c6ccb,9,r08_resource_semantics-chain1,shortest_hop_count,automatic,False,a -> r1 -> b,2,2,20,0.6,conservative_min,0.70869407012,0.7011231902339863,-0.007570879886013682,-0.010682860496817392,0.15,0.0003,5000.0,2.0,True,False,,VIOLATED,9,0,0.45,4.5,0.7011231902339863,0.6901638398514849,60.0,66.08460205825999,0.012326212509999998,,0.000594,19.712554,2055,9,0,0,0,0,delivered_pairs >= 20.0 (observed=9.0) -> FAIL,,,c68f9e134eb5a57162815f4876faa6846004a3ae,1f2680a5b9065e708a7497adc53a95b108029b98,3.13.14,2026-10-02T12:37:03.890419+00:00,bell_diagonal,siv_2024,until_target,0,0.937,0.995,1.0,0.5,0.9
R08_resource_semantics,R08_resource_semantics:chain1@literature:062fe34fa68c6ccb:shortest_hop_count__automatic__conservative_min:11:r08_resource_semantics-chain1,chain1@literature,062fe34fa68c6ccb,11,r08_resource_semantics-chain1,shortest_hop_count,automatic,False,a -> r1 -> b,2,2,20,0.6,conservative_min,0.70869407012,0.7018989639801164,-0.006795106139883544,-0.009588207981947641,0.15,0.0003,5000.0,2.0,True,False,,VIOLATED,10,0,0.5,5.0,0.7018989639801164,0.6862972600599013,66.66666666666667,90.77544469755665,0.021202112510000003,,0.00056,18.453097,1936,11,0,0,0,0,delivered_pairs >= 20.0 (observed=10.0) -> FAIL,,,c68f9e134eb5a57162815f4876faa6846004a3ae,1f2680a5b9065e708a7497adc53a95b108029b98,3.13.14,2026-10-02T12:37:05.182251+00:00,bell_diagonal,siv_2024,until_target,0,0.937,0.995,1.0,0.5,0.9
R08_resource_semantics,R08_resource_semantics:chain1@literature:062fe34fa68c6ccb:shortest_hop_count__automatic__conservative_min:13:r08_resource_semantics-chain1,chain1@literature,062fe34fa68c6ccb,13,r08_resource_semantics-chain1,shortest_hop_count,automatic,False,a -> r1 -> b,2,2,20,0.6,conservative_min,0.70869407012,0.6992798377998658,-0.009414232320134164,-0.013283915750191186,0.15,0.0003,5000.0,2.0,True,False,,VIOLATED,9,0,0.45,4.5,0.6992798377998658,0.6767669524712605,60.0,95.83600542751245,0.04270425001,,0.00058,11.066444,1512,10,0,0,0,0,delivered_pairs >= 20.0 (observed=9.0) -> FAIL,,,c68f9e134eb5a57162815f4876faa6846004a3ae,1f2680a5b9065e708a7497adc53a95b108029b98,3.13.14,2026-10-02T12:37:12.928351+00:00,bell_diagonal,siv_2024,until_target,0,0.937,0.995,1.0,0.5,0.9
R08_resource_semantics,R08_resource_semantics:chain1@literature:062fe34fa68c6ccb:shortest_hop_count__automatic__conservative_min:14:r08_resource_semantics-chain1,chain1@literature,062fe34fa68c6ccb,14,r08_resource_semantics-chain1,shortest_hop_count,automatic,False,a -> r1 -> b,2,2,20,0.6,conservative_min,0.70869407012,0.7000968811840906,-0.008597188935909328,-0.012131029873657056,0.15,0.0003,5000.0,2.0,True,False,,VIOLATED,11,0,0.55,5.5,0.7000968811840906,0.6810181049689106,73.33333333333334,92.8165476716336,0.02220221251,,0.000731,11.07171,1883,11,0,0,0,0,delivered_pairs >= 20.0 (observed=11.0) -> FAIL,,,c68f9e134eb5a57162815f4876faa6846004a3ae,1f2680a5b9065e708a7497adc53a95b108029b98,3.13.14,2026-10-02T12:37:13.415959+00:00,bell_diagonal,siv_2024,until_target,0,0.937,0.995,1.0,0.5,0.9
R08_resource_semantics,R08_resource_semantics:chain1@literature:062fe34fa68c6ccb:shortest_hop_count__automatic__conservative_min:12:r08_resource_semantics-chain1,chain1@literature,062fe34fa68c6ccb,12,r08_resource_semantics-chain1,shortest_hop_count,automatic,False,a -> r1 -> b,2,2,20,0.6,conservative_min,0.70869407012,0.7019962946487147,-0.00669777547128525,-0.009450869922124712,0.15,0.0003,5000.0,2.0,True,False,,VIOLATED,13,0,0.65,6.5,0.7019962946487147,0.6865238382848831,86.66666666666667,95.26284438548733,0.0028252750099999994,,0.000506,12.148001,1704,15,0,0,0,0,delivered_pairs >= 20.0 (observed=13.0) -> FAIL,,,c68f9e134eb5a57162815f4876faa6846004a3ae,1f2680a5b9065e708a7497adc53a95b108029b98,3.13.14,2026-10-02T12:37:13.544851+00:00,bell_diagonal,siv_2024,until_target,0,0.937,0.995,1.0,0.5,0.9
R08_resource_semantics,R08_resource_semantics:chain1@literature:062fe34fa68c6ccb:shortest_hop_count__automatic__conservative_min:16:r08_resource_semantics-chain1,chain1@literature,062fe34fa68c6ccb,16,r08_resource_semantics-chain1,shortest_hop_count,automatic,False,a -> r1 -> b,2,2,20,0.6,conservative_min,0.70869407012,0.701958645046806,-0.0067354250731939125,-0.00950399524586601,0.15,0.0003,5000.0,2.0,True,False,,VIOLATED,13,0,0.65,6.5,0.701958645046806,0.6934870715218783,86.66666666666667,106.45939295830487,0.02195218751,,0.000594,11.992902,1657,13,0,0,0,0,delivered_pairs >= 20.0 (observed=13.0) -> FAIL,,,c68f9e134eb5a57162815f4876faa6846004a3ae,1f2680a5b9065e708a7497adc53a95b108029b98,3.13.14,2026-10-02T12:37:15.966860+00:00,bell_diagonal,siv_2024,until_target,0,0.937,0.995,1.0,0.5,0.9
R08_resource_semantics,R08_resource_semantics:chain1@literature:062fe34fa68c6ccb:shortest_hop_count__automatic__conservative_min:15:r08_resource_semantics-chain1,chain1@literature,062fe34fa68c6ccb,15,r08_resource_semantics-chain1,shortest_hop_count,automatic,False,a -> r1 -> b,2,2,20,0.6,conservative_min,0.70869407012,0.701566242347047,-0.007127827772952955,-0.010057693542921887,0.15,0.0003,5000.0,2.0,True,False,,VIOLATED,12,0,0.6,6.0,0.701566242347047,0.6853631496018777,80.0,117.02952728116759,0.04207918751,,0.000704,12.315053,2483,12,0,0,0,0,delivered_pairs >= 20.0 (observed=12.0) -> FAIL,,,c68f9e134eb5a57162815f4876faa6846004a3ae,1f2680a5b9065e708a7497adc53a95b108029b98,3.13.14,2026-10-02T12:37:16.225062+00:00,bell_diagonal,siv_2024,until_target,0,0.937,0.995,1.0,0.5,0.9
R08_resource_semantics,R08_resource_semantics:chain1@literature:062fe34fa68c6ccb:shortest_hop_count__automatic__conservative_min:17:r08_resource_semantics-chain1,chain1@literature,062fe34fa68c6ccb,17,r08_resource_semantics-chain1,shortest_hop_count,automatic,False,a -> r1 -> b,2,2,20,0.6,conservative_min,0.70869407012,0.6998305309689148,-0.008863539151085176,-0.012506862304611005,0.15,0.0003,5000.0,2.0,True,False,,VIOLATED,11,0,0.55,5.5,0.6998305309689148,0.681365844770935,73.33333333333334,81.79136472795727,0.01307662501,,0.000402,11.41719,1652,12,0,0,0,0,delivered_pairs >= 20.0 (observed=11.0) -> FAIL,,,c68f9e134eb5a57162815f4876faa6846004a3ae,1f2680a5b9065e708a7497adc53a95b108029b98,3.13.14,2026-10-02T12:37:16.673915+00:00,bell_diagonal,siv_2024,until_target,0,0.937,0.995,1.0,0.5,0.9
R08_resource_semantics,R08_resource_semantics:chain1@literature:062fe34fa68c6ccb:shortest_hop_count__automatic__conservative_min:18:r08_resource_semantics-chain1,chain1@literature,062fe34fa68c6ccb,18,r08_resource_semantics-chain1,shortest_hop_count,automatic,False,a -> r1 -> b,2,2,20,0.6,conservative_min,0.70869407012,0.6959011075649453,-0.012792962555054688,-0.018051459853316555,0.15,0.0003,5000.0,2.0,True,False,,VIOLATED,5,0,0.25,2.5,0.6959011075649453,0.6862546652918956,33.333333333333336,71.24333874782708,0.03907890001,,0.000747,12.145208,1248,7,0,0,0,0,delivered_pairs >= 20.0 (observed=5.0) -> FAIL,,,c68f9e134eb5a57162815f4876faa6846004a3ae,1f2680a5b9065e708a7497adc53a95b108029b98,3.13.14,2026-10-02T12:37:25.151913+00:00,bell_diagonal,siv_2024,until_target,0,0.937,0.995,1.0,0.5,0.9
R08_resource_semantics,R08_resource_semantics:chain1@literature:062fe34fa68c6ccb:shortest_hop_count__automatic__conservative_min:19:r08_resource_semantics-chain1,chain1@literature,062fe34fa68c6ccb,19,r08_resource_semantics-chain1,shortest_hop_count,automatic,False,a -> r1 -> b,2,2,20,0.6,conservative_min,0.70869407012,0.7021351592073832,-0.006558910912616733,-0.00925492562891932,0.15,0.0003,5000.0,2.0,True,False,,VIOLATED,9,0,0.45,4.5,0.7021351592073832,0.6901209584044592,60.0,91.73268128384474,0.016326612509999998,,0.000617,12.279602,1521,11,0,0,0,0,delivered_pairs >= 20.0 (observed=9.0) -> FAIL,,,c68f9e134eb5a57162815f4876faa6846004a3ae,1f2680a5b9065e708a7497adc53a95b108029b98,3.13.14,2026-10-02T12:37:25.765250+00:00,bell_diagonal,siv_2024,until_target,0,0.937,0.995,1.0,0.5,0.9
R08_resource_semantics,R08_resource_semantics:chain1@literature:013faa90eb7e9f7e:shortest_hop_count__automatic__conservative_min:0:r08_resource_semantics-chain1,chain1@literature,013faa90eb7e9f7e,0,r08_resource_semantics-chain1,shortest_hop_count,automatic,False,a -> r1 -> b,2,4,20,0.6,conservative_min,0.70869407012,0.703561480868818,-0.005132589251181985,-0.0072423200187252965,0.15,0.0003,5000.0,2.0,True,True,,SATISFIED,28,8,1.4,7.0,0.703561480868818,0.6950751071210125,186.66666666666669,206.65855716346368,0.0061757750100000005,0.10741127501,0.000578,25.993206,4145,29,0,0,0,0,,,,c68f9e134eb5a57162815f4876faa6846004a3ae,1f2680a5b9065e708a7497adc53a95b108029b98,3.13.14,2026-10-02T12:37:39.680496+00:00,bell_diagonal,siv_2024,until_target,0,0.937,0.995,1.0,0.5,0.9
R08_resource_semantics,R08_resource_semantics:chain1@literature:013faa90eb7e9f7e:shortest_hop_count__automatic__conservative_min:1:r08_resource_semantics-chain1,chain1@literature,013faa90eb7e9f7e,1,r08_resource_semantics-chain1,shortest_hop_count,automatic,False,a -> r1 -> b,2,4,20,0.6,conservative_min,0.70869407012,0.7021377240167069,-0.0065563461032930315,-0.009251306564739388,0.15,0.0003,5000.0,2.0,True,True,,SATISFIED,24,4,1.2,6.0,0.7021377240167069,0.6858864366798214,160.0,165.6431015773537,0.004450450009999999,0.12553810001,0.000366,23.878442,3523,25,0,0,0,0,,,,c68f9e134eb5a57162815f4876faa6846004a3ae,1f2680a5b9065e708a7497adc53a95b108029b98,3.13.14,2026-10-02T12:37:39.971465+00:00,bell_diagonal,siv_2024,until_target,0,0.937,0.995,1.0,0.5,0.9
R08_resource_semantics,R08_resource_semantics:chain1@literature:013faa90eb7e9f7e:shortest_hop_count__automatic__conservative_min:3:r08_resource_semantics-chain1,chain1@literature,013faa90eb7e9f7e,3,r08_resource_semantics-chain1,shortest_hop_count,automatic,False,a -> r1 -> b,2,4,20,0.6,conservative_min,0.70869407012,0.7050427941888155,-0.0036512759311844167,-0.005152118643473569,0.15,0.0003,5000.0,2.0,True,False,,VIOLATED,18,0,0.9,4.5,0.7050427941888155,0.6969071557478471,120.0,147.61513903962208,0.005275650010000001,,0.007859,27.858737,5051,22,0,0,0,0,delivered_pairs >= 20.0 (observed=18.0) -> FAIL,,,c68f9e134eb5a57162815f4876faa6846004a3ae,1f2680a5b9065e708a7497adc53a95b108029b98,3.13.14,2026-10-02T12:37:44.701061+00:00,bell_diagonal,siv_2024,until_target,0,0.937,0.995,1.0,0.5,0.9
R08_resource_semantics,R08_resource_semantics:chain1@literature:013faa90eb7e9f7e:shortest_hop_count__automatic__conservative_min:2:r08_resource_semantics-chain1,chain1@literature,013faa90eb7e9f7e,2,r08_resource_semantics-chain1,shortest_hop_count,automatic,False,a -> r1 -> b,2,4,20,0.6,conservative_min,0.70869407012,0.705415920687095,-0.003278149432904942,-0.004625619955236634,0.15,0.0003,5000.0,2.0,True,True,,SATISFIED,29,9,1.45,7.25,0.705415920687095,0.6949859858771954,193.33333333333334,205.7237672490955,0.0018251625100000005,0.09856075001,0.000315,28.510551,5446,30,0,0,0,0,,,,c68f9e134eb5a57162815f4876faa6846004a3ae,1f2680a5b9065e708a7497adc53a95b108029b98,3.13.14,2026-10-02T12:37:44.867210+00:00,bell_diagonal,siv_2024,until_target,0,0.937,0.995,1.0,0.5,0.9
R08_resource_semantics,R08_resource_semantics:chain1@literature:013faa90eb7e9f7e:shortest_hop_count__automatic__conservative_min:4:r08_resource_semantics-chain1,chain1@literature,013faa90eb7e9f7e,4,r08_resource_semantics-chain1,shortest_hop_count,automatic,False,a -> r1 -> b,2,4,20,0.6,conservative_min,0.70869407012,0.7005029103157392,-0.008191159804260773,-0.011558104053098399,0.15,0.0003,5000.0,2.0,True,False,,VIOLATED,16,0,0.8,4.0,0.7005029103157392,0.6729862144133916,106.66666666666667,144.84699461157862,0.030578800009999997,,0.000282,24.725107,3926,20,0,0,0,0,delivered_pairs >= 20.0 (observed=16.0) -> FAIL,,,c68f9e134eb5a57162815f4876faa6846004a3ae,1f2680a5b9065e708a7497adc53a95b108029b98,3.13.14,2026-10-02T12:37:50.102150+00:00,bell_diagonal,siv_2024,until_target,0,0.937,0.995,1.0,0.5,0.9
R08_resource_semantics,R08_resource_semantics:chain1@literature:013faa90eb7e9f7e:shortest_hop_count__automatic__conservative_min:5:r08_resource_semantics-chain1,chain1@literature,013faa90eb7e9f7e,5,r08_resource_semantics-chain1,shortest_hop_count,automatic,False,a -> r1 -> b,2,4,20,0.6,conservative_min,0.70869407012,0.7015076306562027,-0.007186439463797267,-0.010140397340393183,0.15,0.0003,5000.0,2.0,True,True,,SATISFIED,21,1,1.05,5.25,0.7015076306562027,0.6642959005465918,140.0,152.54509228387877,0.00595061251,0.13893887501,0.000307,25.519155,3576,23,0,0,0,0,,,,c68f9e134eb5a57162815f4876faa6846004a3ae,1f2680a5b9065e708a7497adc53a95b108029b98,3.13.14,2026-10-02T12:37:51.391496+00:00,bell_diagonal,siv_2024,until_target,0,0.937,0.995,1.0,0.5,0.9
R08_resource_semantics,R08_resource_semantics:chain1@literature:013faa90eb7e9f7e:shortest_hop_count__automatic__conservative_min:7:r08_resource_semantics-chain1,chain1@literature,013faa90eb7e9f7e,7,r08_resource_semantics-chain1,shortest_hop_count,automatic,False,a -> r1 -> b,2,4,20,0.6,conservative_min,0.70869407012,0.7043831955960839,-0.004310874523916097,-0.006082842661835955,0.15,0.0003,5000.0,2.0,True,True,,SATISFIED,31,11,1.55,7.75,0.7043831955960839,0.6897764372910133,206.66666666666669,210.21757434179224,0.0020752375099999994,0.10158618751000001,0.000511,30.145741,4296,31,0,0,0,0,,,,c68f9e134eb5a57162815f4876faa6846004a3ae,1f2680a5b9065e708a7497adc53a95b108029b98,3.13.14,2026-10-02T12:38:10.364989+00:00,bell_diagonal,siv_2024,until_target,0,0.937,0.995,1.0,0.5,0.9
R08_resource_semantics,R08_resource_semantics:chain1@literature:013faa90eb7e9f7e:shortest_hop_count__automatic__conservative_min:6:r08_resource_semantics-chain1,chain1@literature,013faa90eb7e9f7e,6,r08_resource_semantics-chain1,shortest_hop_count,automatic,False,a -> r1 -> b,2,4,20,0.6,conservative_min,0.70869407012,0.7050361670481649,-0.0036579030718351113,-0.005161469844407947,0.15,0.0003,5000.0,2.0,True,True,,SATISFIED,27,7,1.35,6.75,0.7050361670481649,0.6876173759537845,180.0,201.88491344885327,0.0028252750099999994,0.09973497501,0.001169,32.923526,5250,27,0,0,0,0,,,,c68f9e134eb5a57162815f4876faa6846004a3ae,1f2680a5b9065e708a7497adc53a95b108029b98,3.13.14,2026-10-02T12:38:12.986431+00:00,bell_diagonal,siv_2024,until_target,0,0.937,0.995,1.0,0.5,0.9
R08_resource_semantics,R08_resource_semantics:chain1@literature:013faa90eb7e9f7e:shortest_hop_count__automatic__conservative_min:8:r08_resource_semantics-chain1,chain1@literature,013faa90eb7e9f7e,8,r08_resource_semantics-chain1,shortest_hop_count,automatic,False,a -> r1 -> b,2,4,20,0.6,conservative_min,0.70869407012,0.7022790697954846,-0.006415000324515363,-0.009051861155588814,0.15,0.0003,5000.0,2.0,True,True,,SATISFIED,20,0,1.0,5.0,0.7022790697954846,0.6648449645381427,133.33333333333334,154.12681284438912,0.00995098751,0.13971426251,0.004702,32.700509,4135,20,0,0,0,0,,,,c68f9e134eb5a57162815f4876faa6846004a3ae,1f2680a5b9065e708a7497adc53a95b108029b98,3.13.14,2026-10-02T12:38:17.519494+00:00,bell_diagonal,siv_2024,until_target,0,0.937,0.995,1.0,0.5,0.9
R08_resource_semantics,R08_resource_semantics:chain1@literature:013faa90eb7e9f7e:shortest_hop_count__automatic__conservative_min:9:r08_resource_semantics-chain1,chain1@literature,013faa90eb7e9f7e,9,r08_resource_semantics-chain1,shortest_hop_count,automatic,False,a -> r1 -> b,2,4,20,0.6,conservative_min,0.70869407012,0.701018512035584,-0.007675558084416001,-0.010830566259876188,0.15,0.0003,5000.0,2.0,True,False,,VIOLATED,17,0,0.85,4.25,0.701018512035584,0.6858441229528701,113.33333333333334,121.30749138872905,0.00620062501,,0.000799,32.794744,3855,19,0,0,0,0,delivered_pairs >= 20.0 (observed=17.0) -> FAIL,,,c68f9e134eb5a57162815f4876faa6846004a3ae,1f2680a5b9065e708a7497adc53a95b108029b98,3.13.14,2026-10-02T12:38:17.788219+00:00,bell_diagonal,siv_2024,until_target,0,0.937,0.995,1.0,0.5,0.9
R08_resource_semantics,R08_resource_semantics:chain1@literature:013faa90eb7e9f7e:shortest_hop_count__automatic__conservative_min:10:r08_resource_semantics-chain1,chain1@literature,013faa90eb7e9f7e,10,r08_resource_semantics-chain1,shortest_hop_count,automatic,False,a -> r1 -> b,2,4,20,0.6,conservative_min,0.70869407012,0.7034886379550586,-0.005205432164941404,-0.007345104727714162,0.15,0.0003,5000.0,2.0,True,True,,SATISFIED,27,7,1.35,6.75,0.7034886379550586,0.6891595446313143,180.0,189.85412523129682,0.0007750750099999992,0.10576131251000001,0.000378,32.353095,4072,27,0,0,0,0,,,,c68f9e134eb5a57162815f4876faa6846004a3ae,1f2680a5b9065e708a7497adc53a95b108029b98,3.13.14,2026-10-02T12:38:22.627368+00:00,bell_diagonal,siv_2024,until_target,0,0.937,0.995,1.0,0.5,0.9
R08_resource_semantics,R08_resource_semantics:chain1@literature:013faa90eb7e9f7e:shortest_hop_count__automatic__conservative_min:11:r08_resource_semantics-chain1,chain1@literature,013faa90eb7e9f7e,11,r08_resource_semantics-chain1,shortest_hop_count,automatic,False,a -> r1 -> b,2,4,20,0.6,conservative_min,0.70869407012,0.703564897204288,-0.00512917291571191,-0.007237499411901966,0.15,0.0003,5000.0,2.0,True,True,,SATISFIED,21,1,1.05,5.25,0.703564897204288,0.665710726995775,140.0,155.22270346393321,0.01070106251,0.14296426251,0.00028,34.555017,4213,21,0,0,0,0,,,,c68f9e134eb5a57162815f4876faa6846004a3ae,1f2680a5b9065e708a7497adc53a95b108029b98,3.13.14,2026-10-02T12:38:26.152942+00:00,bell_diagonal,siv_2024,until_target,0,0.937,0.995,1.0,0.5,0.9
R08_resource_semantics,R08_resource_semantics:chain1@literature:013faa90eb7e9f7e:shortest_hop_count__automatic__conservative_min:13:r08_resource_semantics-chain1,chain1@literature,013faa90eb7e9f7e,13,r08_resource_semantics-chain1,shortest_hop_count,automatic,False,a -> r1 -> b,2,4,20,0.6,conservative_min,0.70869407012,0.7030074876535687,-0.005686582466431278,-0.008024029981608841,0.15,0.0003,5000.0,2.0,True,True,,SATISFIED,26,6,1.3,6.5,0.7030074876535687,0.6853351778591393,173.33333333333334,202.98574464295734,0.021452125009999996,0.11493661251000001,0.008699,32.546175,3295,28,0,0,0,0,,,,c68f9e134eb5a57162815f4876faa6846004a3ae,1f2680a5b9065e708a7497adc53a95b108029b98,3.13.14,2026-10-02T12:38:45.782594+00:00,bell_diagonal,siv_2024,until_target,0,0.937,0.995,1.0,0.5,0.9
R08_resource_semantics,R08_resource_semantics:chain1@literature:013faa90eb7e9f7e:shortest_hop_count__automatic__conservative_min:12:r08_resource_semantics-chain1,chain1@literature,013faa90eb7e9f7e,12,r08_resource_semantics-chain1,shortest_hop_count,automatic,False,a -> r1 -> b,2,4,20,0.6,conservative_min,0.70869407012,0.7045141043599382,-0.0041799657600617435,-0.005898124361833547,0.15,0.0003,5000.0,2.0,True,True,,SATISFIED,24,4,1.2,6.0,0.7045141043599382,0.692427650789288,160.0,169.59198112582578,0.0014501625100000002,0.10603620001000001,0.007876,35.80874,4977,24,0,0,0,0,,,,c68f9e134eb5a57162815f4876faa6846004a3ae,1f2680a5b9065e708a7497adc53a95b108029b98,3.13.14,2026-10-02T12:38:46.439339+00:00,bell_diagonal,siv_2024,until_target,0,0.937,0.995,1.0,0.5,0.9
R08_resource_semantics,R08_resource_semantics:chain1@literature:013faa90eb7e9f7e:shortest_hop_count__automatic__conservative_min:15:r08_resource_semantics-chain1,chain1@literature,013faa90eb7e9f7e,15,r08_resource_semantics-chain1,shortest_hop_count,automatic,False,a -> r1 -> b,2,4,20,0.6,conservative_min,0.70869407012,0.703924869371763,-0.004769200748236946,-0.0067295620907755005,0.15,0.0003,5000.0,2.0,True,True,,SATISFIED,25,5,1.25,6.25,0.703924869371763,0.6914155355127098,166.66666666666669,195.94217472104935,0.021077112510000003,0.10898775001000001,0.000342,33.467049,4734,27,0,0,0,0,,,,c68f9e134eb5a57162815f4876faa6846004a3ae,1f2680a5b9065e708a7497adc53a95b108029b98,3.13.14,2026-10-02T12:38:51.452989+00:00,bell_diagonal,siv_2024,until_target,0,0.937,0.995,1.0,0.5,0.9
R08_resource_semantics,R08_resource_semantics:chain1@literature:013faa90eb7e9f7e:shortest_hop_count__automatic__conservative_min:14:r08_resource_semantics-chain1,chain1@literature,013faa90eb7e9f7e,14,r08_resource_semantics-chain1,shortest_hop_count,automatic,False,a -> r1 -> b,2,4,20,0.6,conservative_min,0.70869407012,0.7035061902942781,-0.005187879825721886,-0.007320337568005114,0.15,0.0003,5000.0,2.0,True,True,,SATISFIED,25,5,1.25,6.25,0.7035061902942781,0.6935888244285907,166.66666666666669,181.5328781456925,0.011201112510000001,0.11256272501,0.000483,34.617659,5146,25,0,0,0,0,,,,c68f9e134eb5a57162815f4876faa6846004a3ae,1f2680a5b9065e708a7497adc53a95b108029b98,3.13.14,2026-10-02T12:38:52.310100+00:00,bell_diagonal,siv_2024,until_target,0,0.937,0.995,1.0,0.5,0.9
R08_resource_semantics,R08_resource_semantics:chain1@literature:013faa90eb7e9f7e:shortest_hop_count__automatic__conservative_min:17:r08_resource_semantics-chain1,chain1@literature,013faa90eb7e9f7e,17,r08_resource_semantics-chain1,shortest_hop_count,automatic,False,a -> r1 -> b,2,4,20,0.6,conservative_min,0.70869407012,0.7026033633697678,-0.0060907067502321555,-0.00859426797405098,0.15,0.0003,5000.0,2.0,True,True,,SATISFIED,25,5,1.25,6.25,0.7026033633697678,0.6783192889769023,166.66666666666669,177.8861064635895,0.00657583751,0.12131262501,0.000475,30.408643,3526,27,0,0,0,0,,,,c68f9e134eb5a57162815f4876faa6846004a3ae,1f2680a5b9065e708a7497adc53a95b108029b98,3.13.14,2026-10-02T12:38:56.779806+00:00,bell_diagonal,siv_2024,until_target,0,0.937,0.995,1.0,0.5,0.9
R08_resource_semantics,R08_resource_semantics:chain1@literature:013faa90eb7e9f7e:shortest_hop_count__automatic__conservative_min:16:r08_resource_semantics-chain1,chain1@literature,013faa90eb7e9f7e,16,r08_resource_semantics-chain1,shortest_hop_count,automatic,False,a -> r1 -> b,2,4,20,0.6,conservative_min,0.70869407012,0.7033397392864429,-0.005354330833557075,-0.0075552076125745635,0.15,0.0003,5000.0,2.0,True,True,,SATISFIED,22,2,1.1,5.5,0.7033397392864429,0.6847424421047124,146.66666666666669,164.06841951399952,0.011076100010000001,0.13031500001,0.000309,34.478096,4677,23,0,0,0,0,,,,c68f9e134eb5a57162815f4876faa6846004a3ae,1f2680a5b9065e708a7497adc53a95b108029b98,3.13.14,2026-10-02T12:38:57.263412+00:00,bell_diagonal,siv_2024,until_target,0,0.937,0.995,1.0,0.5,0.9
R08_resource_semantics,R08_resource_semantics:chain1@literature:013faa90eb7e9f7e:shortest_hop_count__automatic__conservative_min:18:r08_resource_semantics-chain1,chain1@literature,013faa90eb7e9f7e,18,r08_resource_semantics-chain1,shortest_hop_count,automatic,False,a -> r1 -> b,2,4,20,0.6,conservative_min,0.70869407012,0.6994411944712816,-0.00925287564871835,-0.013056234049131529,0.15,0.0003,5000.0,2.0,True,False,,VIOLATED,19,0,0.95,4.75,0.6994411944712816,0.6582362140981157,126.66666666666667,148.27698726525045,0.019576975009999997,,0.000609,24.435318,3008,19,0,0,0,0,delivered_pairs >= 20.0 (observed=19.0) -> FAIL,,,c68f9e134eb5a57162815f4876faa6846004a3ae,1f2680a5b9065e708a7497adc53a95b108029b98,3.13.14,2026-10-02T12:39:10.369734+00:00,bell_diagonal,siv_2024,until_target,0,0.937,0.995,1.0,0.5,0.9
R08_resource_semantics,R08_resource_semantics:chain1@literature:013faa90eb7e9f7e:shortest_hop_count__automatic__conservative_min:19:r08_resource_semantics-chain1,chain1@literature,013faa90eb7e9f7e,19,r08_resource_semantics-chain1,shortest_hop_count,automatic,False,a -> r1 -> b,2,4,20,0.6,conservative_min,0.70869407012,0.7006670367389838,-0.00802703338101618,-0.011326514104537376,0.15,0.0003,5000.0,2.0,True,True,,SATISFIED,20,0,1.0,5.0,0.7006670367389838,0.6495630250984127,133.33333333333334,141.0545289479598,0.008200825010000001,0.14998996251,0.00064,24.362273,3010,22,0,0,0,0,,,,c68f9e134eb5a57162815f4876faa6846004a3ae,1f2680a5b9065e708a7497adc53a95b108029b98,3.13.14,2026-10-02T12:39:11.024116+00:00,bell_diagonal,siv_2024,until_target,0,0.937,0.995,1.0,0.5,0.9
R08_resource_semantics,R08_resource_semantics:chain1@literature:9496ceb1badd7b12:shortest_hop_count__automatic__conservative_min:1:r08_resource_semantics-chain1,chain1@literature,9496ceb1badd7b12,1,r08_resource_semantics-chain1,shortest_hop_count,automatic,False,a -> r1 -> b,2,2,20,0.6,conservative_min,0.70869407012,0.6997341574885313,-0.00895991263146867,-0.012642849727741517,0.3,0.0003,5000.0,2.0,True,True,,SATISFIED,21,1,1.05,10.5,0.6997341574885313,0.6732967948572885,70.0,76.01673399803633,0.008825862509999999,0.27615493751,0.000417,23.169857,3323,23,0,0,0,0,,,,c68f9e134eb5a57162815f4876faa6846004a3ae,1f2680a5b9065e708a7497adc53a95b108029b98,3.13.14,2026-10-02T12:39:15.661656+00:00,bell_diagonal,siv_2024,until_target,0,0.937,0.995,1.0,0.5,0.9
R08_resource_semantics,R08_resource_semantics:chain1@literature:9496ceb1badd7b12:shortest_hop_count__automatic__conservative_min:0:r08_resource_semantics-chain1,chain1@literature,9496ceb1badd7b12,0,r08_resource_semantics-chain1,shortest_hop_count,automatic,False,a -> r1 -> b,2,2,20,0.6,conservative_min,0.70869407012,0.7019921315906017,-0.006701938529398266,-0.009456744189017211,0.3,0.0003,5000.0,2.0,True,True,,SATISFIED,27,7,1.35,13.5,0.7019921315906017,0.6890593062606386,90.0,95.97291857510962,0.012276512509999999,0.22364837500999998,0.005917,24.494123,3759,27,0,0,0,0,,,,c68f9e134eb5a57162815f4876faa6846004a3ae,1f2680a5b9065e708a7497adc53a95b108029b98,3.13.14,2026-10-02T12:39:16.099577+00:00,bell_diagonal,siv_2024,until_target,0,0.937,0.995,1.0,0.5,0.9
R08_resource_semantics,R08_resource_semantics:chain1@literature:9496ceb1badd7b12:shortest_hop_count__automatic__conservative_min:2:r08_resource_semantics-chain1,chain1@literature,9496ceb1badd7b12,2,r08_resource_semantics-chain1,shortest_hop_count,automatic,False,a -> r1 -> b,2,2,20,0.6,conservative_min,0.70869407012,0.7029289288832087,-0.005765141236791282,-0.008134880027731991,0.3,0.0003,5000.0,2.0,True,True,,SATISFIED,25,5,1.25,12.5,0.7029289288832087,0.6945638878628042,83.33333333333334,86.07799475457915,0.0034503250099999997,0.22282643751,0.000479,26.466724,4898,25,0,0,0,0,,,,c68f9e134eb5a57162815f4876faa6846004a3ae,1f2680a5b9065e708a7497adc53a95b108029b98,3.13.14,2026-10-02T12:39:23.441105+00:00,bell_diagonal,siv_2024,until_target,0,0.937,0.995,1.0,0.5,0.9
R08_resource_semantics,R08_resource_semantics:chain1@literature:9496ceb1badd7b12:shortest_hop_count__automatic__conservative_min:3:r08_resource_semantics-chain1,chain1@literature,9496ceb1badd7b12,3,r08_resource_semantics-chain1,shortest_hop_count,automatic,False,a -> r1 -> b,2,2,20,0.6,conservative_min,0.70869407012,0.7022396932114501,-0.006454376908549886,-0.009107423330714473,0.3,0.0003,5000.0,2.0,True,False,,VIOLATED,18,0,0.9,9.0,0.7022396932114501,0.6846020238613125,60.0,69.28297128490273,0.01037628751,,0.000401,26.058,4807,20,0,0,0,0,delivered_pairs >= 20.0 (observed=18.0) -> FAIL,,,c68f9e134eb5a57162815f4876faa6846004a3ae,1f2680a5b9065e708a7497adc53a95b108029b98,3.13.14,2026-10-02T12:39:23.522322+00:00,bell_diagonal,siv_2024,until_target,0,0.937,0.995,1.0,0.5,0.9
R08_resource_semantics,R08_resource_semantics:chain1@literature:9496ceb1badd7b12:shortest_hop_count__automatic__conservative_min:5:r08_resource_semantics-chain1,chain1@literature,9496ceb1badd7b12,5,r08_resource_semantics-chain1,shortest_hop_count,automatic,False,a -> r1 -> b,2,2,20,0.6,conservative_min,0.70869407012,0.6992603093976696,-0.009433760722330375,-0.013311471225846435,0.3,0.0003,5000.0,2.0,True,True,,SATISFIED,20,0,1.0,10.0,0.6992603093976696,0.6535297734304923,66.66666666666667,71.40198693879154,0.01182617501,0.29193042501,0.000715,24.944299,3261,21,0,0,0,0,,,,c68f9e134eb5a57162815f4876faa6846004a3ae,1f2680a5b9065e708a7497adc53a95b108029b98,3.13.14,2026-10-02T12:39:36.163520+00:00,bell_diagonal,siv_2024,until_target,0,0.937,0.995,1.0,0.5,0.9
R08_resource_semantics,R08_resource_semantics:chain1@literature:9496ceb1badd7b12:shortest_hop_count__automatic__conservative_min:4:r08_resource_semantics-chain1,chain1@literature,9496ceb1badd7b12,4,r08_resource_semantics-chain1,shortest_hop_count,automatic,False,a -> r1 -> b,2,2,20,0.6,conservative_min,0.70869407012,0.6976674722687499,-0.011026597851250042,-0.015559037836146926,0.3,0.0003,5000.0,2.0,True,False,,VIOLATED,16,0,0.8,8.0,0.6976674722687499,0.6870350175132295,53.333333333333336,68.78775500574673,0.06098260000999999,,0.000309,25.606333,3750,17,0,0,0,0,delivered_pairs >= 20.0 (observed=16.0) -> FAIL,,,c68f9e134eb5a57162815f4876faa6846004a3ae,1f2680a5b9065e708a7497adc53a95b108029b98,3.13.14,2026-10-02T12:39:36.159687+00:00,bell_diagonal,siv_2024,until_target,0,0.937,0.995,1.0,0.5,0.9
R08_resource_semantics,R08_resource_semantics:chain1@literature:9496ceb1badd7b12:shortest_hop_count__automatic__conservative_min:7:r08_resource_semantics-chain1,chain1@literature,9496ceb1badd7b12,7,r08_resource_semantics-chain1,shortest_hop_count,automatic,False,a -> r1 -> b,2,2,20,0.6,conservative_min,0.70869407012,0.701897247237275,-0.006796822882724984,-0.009590630385229707,0.3,0.0003,5000.0,2.0,True,True,,SATISFIED,27,7,1.35,13.5,0.701897247237275,0.6859846436177259,90.0,96.5736388303287,0.00397547501,0.22344916251,0.000379,24.829622,3753,27,0,0,0,0,,,,c68f9e134eb5a57162815f4876faa6846004a3ae,1f2680a5b9065e708a7497adc53a95b108029b98,3.13.14,2026-10-02T12:39:41.105129+00:00,bell_diagonal,siv_2024,until_target,0,0.937,0.995,1.0,0.5,0.9
R08_resource_semantics,R08_resource_semantics:chain1@literature:9496ceb1badd7b12:shortest_hop_count__automatic__conservative_min:6:r08_resource_semantics-chain1,chain1@literature,9496ceb1badd7b12,6,r08_resource_semantics-chain1,shortest_hop_count,automatic,False,a -> r1 -> b,2,2,20,0.6,conservative_min,0.70869407012,0.7034596603056544,-0.005234409814345531,-0.007385993526740265,0.3,0.0003,5000.0,2.0,True,True,,SATISFIED,27,7,1.35,13.5,0.7034596603056544,0.6765606682900054,90.0,95.91241278464504,0.005450537510000001,0.21067288751,0.00464,27.691545,4972,27,0,0,0,0,,,,c68f9e134eb5a57162815f4876faa6846004a3ae,1f2680a5b9065e708a7497adc53a95b108029b98,3.13.14,2026-10-02T12:39:43.511036+00:00,bell_diagonal,siv_2024,until_target,0,0.937,0.995,1.0,0.5,0.9
R08_resource_semantics,R08_resource_semantics:chain1@literature:9496ceb1badd7b12:shortest_hop_count__automatic__conservative_min:8:r08_resource_semantics-chain1,chain1@literature,9496ceb1badd7b12,8,r08_resource_semantics-chain1,shortest_hop_count,automatic,False,a -> r1 -> b,2,2,20,0.6,conservative_min,0.70869407012,0.6984424704982031,-0.010251599621796892,-0.014465479611055635,0.3,0.0003,5000.0,2.0,True,False,,VIOLATED,19,0,0.95,9.5,0.6984424704982031,0.6738527863094047,63.333333333333336,67.9348494067634,0.019701962509999997,,0.00522,23.861276,3713,19,0,0,0,0,delivered_pairs >= 20.0 (observed=19.0) -> FAIL,,,c68f9e134eb5a57162815f4876faa6846004a3ae,1f2680a5b9065e708a7497adc53a95b108029b98,3.13.14,2026-10-02T12:39:47.479291+00:00,bell_diagonal,siv_2024,until_target,0,0.937,0.995,1.0,0.5,0.9
R08_resource_semantics,R08_resource_semantics:chain1@literature:9496ceb1badd7b12:shortest_hop_count__automatic__conservative_min:9:r08_resource_semantics-chain1,chain1@literature,9496ceb1badd7b12,9,r08_resource_semantics-chain1,shortest_hop_count,automatic,False,a -> r1 -> b,2,2,20,0.6,conservative_min,0.70869407012,0.6979458794113327,-0.010748190708667282,-0.01516619252486103,0.3,0.0003,5000.0,2.0,True,False,,VIOLATED,15,0,0.75,7.5,0.6979458794113327,0.6512587946467167,50.0,52.76036746716601,0.012326212509999998,,0.000512,25.037691,3557,15,0,0,0,0,delivered_pairs >= 20.0 (observed=15.0) -> FAIL,,,c68f9e134eb5a57162815f4876faa6846004a3ae,1f2680a5b9065e708a7497adc53a95b108029b98,3.13.14,2026-10-02T12:39:48.748906+00:00,bell_diagonal,siv_2024,until_target,0,0.937,0.995,1.0,0.5,0.9
R08_resource_semantics,R08_resource_semantics:chain1@literature:9496ceb1badd7b12:shortest_hop_count__automatic__conservative_min:10:r08_resource_semantics-chain1,chain1@literature,9496ceb1badd7b12,10,r08_resource_semantics-chain1,shortest_hop_count,automatic,False,a -> r1 -> b,2,2,20,0.6,conservative_min,0.70869407012,0.7014113018942564,-0.0072827682257435855,-0.010276321663747557,0.3,0.0003,5000.0,2.0,True,True,,SATISFIED,26,6,1.3,13.0,0.7014113018942564,0.6847000528260416,86.66666666666667,89.1839620309572,0.0013751500099999994,0.22607441251,0.000535,23.145078,3605,26,0,0,0,0,,,,c68f9e134eb5a57162815f4876faa6846004a3ae,1f2680a5b9065e708a7497adc53a95b108029b98,3.13.14,2026-10-02T12:39:59.460611+00:00,bell_diagonal,siv_2024,until_target,0,0.937,0.995,1.0,0.5,0.9
R08_resource_semantics,R08_resource_semantics:chain1@literature:9496ceb1badd7b12:shortest_hop_count__automatic__conservative_min:11:r08_resource_semantics-chain1,chain1@literature,9496ceb1badd7b12,11,r08_resource_semantics-chain1,shortest_hop_count,automatic,False,a -> r1 -> b,2,2,20,0.6,conservative_min,0.70869407012,0.7009403549486092,-0.007753715171390785,-0.010940849512227305,0.3,0.0003,5000.0,2.0,True,False,,VIOLATED,19,0,0.95,9.5,0.7009403549486092,0.6855470510073652,63.333333333333336,70.59165560188907,0.021202112510000003,,0.005133,25.305856,3835,20,0,0,0,0,delivered_pairs >= 20.0 (observed=19.0) -> FAIL,,,c68f9e134eb5a57162815f4876faa6846004a3ae,1f2680a5b9065e708a7497adc53a95b108029b98,3.13.14,2026-10-02T12:40:01.639875+00:00,bell_diagonal,siv_2024,until_target,0,0.937,0.995,1.0,0.5,0.9
R08_resource_semantics,R08_resource_semantics:chain1@literature:9496ceb1badd7b12:shortest_hop_count__automatic__conservative_min:12:r08_resource_semantics-chain1,chain1@literature,9496ceb1badd7b12,12,r08_resource_semantics-chain1,shortest_hop_count,automatic,False,a -> r1 -> b,2,2,20,0.6,conservative_min,0.70869407012,0.7017641664199563,-0.006929903700043649,-0.009778413552790473,0.3,0.0003,5000.0,2.0,True,True,,SATISFIED,23,3,1.15,11.5,0.7017641664199563,0.6865238382848831,76.66666666666667,86.55399249812086,0.0028252750099999994,0.23430110000999999,0.000626,23.224181,4531,23,0,0,0,0,,,,c68f9e134eb5a57162815f4876faa6846004a3ae,1f2680a5b9065e708a7497adc53a95b108029b98,3.13.14,2026-10-02T12:40:04.476011+00:00,bell_diagonal,siv_2024,until_target,0,0.937,0.995,1.0,0.5,0.9
R08_resource_semantics,R08_resource_semantics:chain1@literature:9496ceb1badd7b12:shortest_hop_count__automatic__conservative_min:13:r08_resource_semantics-chain1,chain1@literature,9496ceb1badd7b12,13,r08_resource_semantics-chain1,shortest_hop_count,automatic,False,a -> r1 -> b,2,2,20,0.6,conservative_min,0.70869407012,0.7010545166397947,-0.007639553480205286,-0.010779762103712417,0.3,0.0003,5000.0,2.0,True,True,,SATISFIED,25,5,1.25,12.5,0.7010545166397947,0.6623417543654395,83.33333333333334,97.27543661471753,0.04270425001,0.24162515001,0.000407,21.75194,3045,26,0,0,0,0,,,,c68f9e134eb5a57162815f4876faa6846004a3ae,1f2680a5b9065e708a7497adc53a95b108029b98,3.13.14,2026-10-02T12:40:05.381490+00:00,bell_diagonal,siv_2024,until_target,0,0.937,0.995,1.0,0.5,0.9
R08_resource_semantics,R08_resource_semantics:chain1@literature:9496ceb1badd7b12:shortest_hop_count__automatic__conservative_min:14:r08_resource_semantics-chain1,chain1@literature,9496ceb1badd7b12,14,r08_resource_semantics-chain1,shortest_hop_count,automatic,False,a -> r1 -> b,2,2,20,0.6,conservative_min,0.70869407012,0.7003762950551463,-0.00831777506485365,-0.011736764022090998,0.3,0.0003,5000.0,2.0,True,True,,SATISFIED,24,4,1.2,12.0,0.7003762950551463,0.6810181049689106,80.0,90.7094999445113,0.02220221251,0.25385401251,0.000495,22.725855,4488,24,0,0,0,0,,,,c68f9e134eb5a57162815f4876faa6846004a3ae,1f2680a5b9065e708a7497adc53a95b108029b98,3.13.14,2026-10-02T12:40:10.340301+00:00,bell_diagonal,siv_2024,until_target,0,0.937,0.995,1.0,0.5,0.9
R08_resource_semantics,R08_resource_semantics:chain1@literature:9496ceb1badd7b12:shortest_hop_count__automatic__conservative_min:15:r08_resource_semantics-chain1,chain1@literature,9496ceb1badd7b12,15,r08_resource_semantics-chain1,shortest_hop_count,automatic,False,a -> r1 -> b,2,2,20,0.6,conservative_min,0.70869407012,0.7015385846586475,-0.007155485461352473,-0.010096719816127243,0.3,0.0003,5000.0,2.0,True,True,,SATISFIED,21,1,1.05,10.5,0.7015385846586475,0.6853631496018777,70.0,95.86780104144388,0.04207918751,0.23920365001,0.00481,22.362855,4531,23,0,0,0,0,,,,c68f9e134eb5a57162815f4876faa6846004a3ae,1f2680a5b9065e708a7497adc53a95b108029b98,3.13.14,2026-10-02T12:40:11.249506+00:00,bell_diagonal,siv_2024,until_target,0,0.937,0.995,1.0,0.5,0.9
R08_resource_semantics,R08_resource_semantics:chain1@literature:9496ceb1badd7b12:shortest_hop_count__automatic__conservative_min:16:r08_resource_semantics-chain1,chain1@literature,9496ceb1badd7b12,16,r08_resource_semantics-chain1,shortest_hop_count,automatic,False,a -> r1 -> b,2,2,20,0.6,conservative_min,0.70869407012,0.6990105335392991,-0.009683536580700869,-0.013663916475357554,0.3,0.0003,5000.0,2.0,True,True,,SATISFIED,20,0,1.0,10.0,0.6990105335392991,0.6776706795015377,66.66666666666667,73.87415897155721,0.02195218751,0.29268285001,0.000356,22.287153,4023,20,0,0,0,0,,,,c68f9e134eb5a57162815f4876faa6846004a3ae,1f2680a5b9065e708a7497adc53a95b108029b98,3.13.14,2026-10-02T12:40:21.961845+00:00,bell_diagonal,siv_2024,until_target,0,0.937,0.995,1.0,0.5,0.9
R08_resource_semantics,R08_resource_semantics:chain1@literature:9496ceb1badd7b12:shortest_hop_count__automatic__conservative_min:17:r08_resource_semantics-chain1,chain1@literature,9496ceb1badd7b12,17,r08_resource_semantics-chain1,shortest_hop_count,automatic,False,a -> r1 -> b,2,2,20,0.6,conservative_min,0.70869407012,0.7011932456222364,-0.00750082449776357,-0.010584009114812389,0.3,0.0003,5000.0,2.0,True,True,,SATISFIED,24,4,1.2,12.0,0.7011932456222364,0.6771781907266144,80.0,85.62909623171768,0.01307662501,0.25137547501,0.000526,23.97553,3355,25,0,0,0,0,,,,c68f9e134eb5a57162815f4876faa6846004a3ae,1f2680a5b9065e708a7497adc53a95b108029b98,3.13.14,2026-10-02T12:40:25.797050+00:00,bell_diagonal,siv_2024,until_target,0,0.937,0.995,1.0,0.5,0.9
R08_resource_semantics,R08_resource_semantics:chain1@literature:9496ceb1badd7b12:shortest_hop_count__automatic__conservative_min:18:r08_resource_semantics-chain1,chain1@literature,9496ceb1badd7b12,18,r08_resource_semantics-chain1,shortest_hop_count,automatic,False,a -> r1 -> b,2,2,20,0.6,conservative_min,0.70869407012,0.69832196286772,-0.010372107252279994,-0.014635521432433789,0.3,0.0003,5000.0,2.0,True,False,,VIOLATED,18,0,0.9,9.0,0.69832196286772,0.6652382497415643,60.0,73.68757063644468,0.03907890001,,0.004337,23.212825,2906,18,0,0,0,0,delivered_pairs >= 20.0 (observed=18.0) -> FAIL,,,c68f9e134eb5a57162815f4876faa6846004a3ae,1f2680a5b9065e708a7497adc53a95b108029b98,3.13.14,2026-10-02T12:40:27.855593+00:00,bell_diagonal,siv_2024,until_target,0,0.937,0.995,1.0,0.5,0.9
R08_resource_semantics,R08_resource_semantics:chain1@literature:9496ceb1badd7b12:shortest_hop_count__automatic__conservative_min:19:r08_resource_semantics-chain1,chain1@literature,9496ceb1badd7b12,19,r08_resource_semantics-chain1,shortest_hop_count,automatic,False,a -> r1 -> b,2,2,20,0.6,conservative_min,0.70869407012,0.6997629954261785,-0.008931074693821484,-0.012602158068444435,0.3,0.0003,5000.0,2.0,True,False,,VIOLATED,19,0,0.95,9.5,0.6997629954261785,0.6657635223233419,63.333333333333336,77.69363182613311,0.016326612509999998,,0.000323,23.437321,2708,21,0,0,0,0,delivered_pairs >= 20.0 (observed=19.0) -> FAIL,,,c68f9e134eb5a57162815f4876faa6846004a3ae,1f2680a5b9065e708a7497adc53a95b108029b98,3.13.14,2026-10-02T12:40:28.976237+00:00,bell_diagonal,siv_2024,until_target,0,0.937,0.995,1.0,0.5,0.9
R08_resource_semantics,R08_resource_semantics:chain1@literature:6db789a412b819c4:shortest_hop_count__automatic__conservative_min:0:r08_resource_semantics-chain1,chain1@literature,6db789a412b819c4,0,r08_resource_semantics-chain1,shortest_hop_count,automatic,False,a -> r1 -> b,2,4,20,0.6,conservative_min,0.70869407012,0.7031842428902206,-0.005509827229779329,-0.007774620195208315,0.3,0.0003,5000.0,2.0,True,True,,SATISFIED,52,32,2.6,13.0,0.7031842428902206,0.6750193656168029,173.33333333333334,176.98746822362315,0.0061757750100000005,0.10741127501,0.00534,54.082164,7392,54,0,0,0,0,,,,c68f9e134eb5a57162815f4876faa6846004a3ae,1f2680a5b9065e708a7497adc53a95b108029b98,3.13.14,2026-10-02T12:41:04.795300+00:00,bell_diagonal,siv_2024,until_target,0,0.937,0.995,1.0,0.5,0.9
R08_resource_semantics,R08_resource_semantics:chain1@literature:6db789a412b819c4:shortest_hop_count__automatic__conservative_min:1:r08_resource_semantics-chain1,chain1@literature,6db789a412b819c4,1,r08_resource_semantics-chain1,shortest_hop_count,automatic,False,a -> r1 -> b,2,4,20,0.6,conservative_min,0.70869407012,0.7035276828919425,-0.005166387228057512,-0.007290010522005229,0.3,0.0003,5000.0,2.0,True,True,,SATISFIED,53,33,2.65,13.25,0.7035276828919425,0.6858864366798214,176.66666666666669,181.17719368833352,0.004450450009999999,0.12553810001,0.000311,56.768665,8301,55,0,0,0,0,,,,c68f9e134eb5a57162815f4876faa6846004a3ae,1f2680a5b9065e708a7497adc53a95b108029b98,3.13.14,2026-10-02T12:41:08.418503+00:00,bell_diagonal,siv_2024,until_target,0,0.937,0.995,1.0,0.5,0.9
R08_resource_semantics,R08_resource_semantics:chain1@literature:6db789a412b819c4:shortest_hop_count__automatic__conservative_min:4:r08_resource_semantics-chain1,chain1@literature,6db789a412b819c4,4,r08_resource_semantics-chain1,shortest_hop_count,automatic,False,a -> r1 -> b,2,4,20,0.6,conservative_min,0.70869407012,0.6999134114622199,-0.008780658657780105,-0.012389914108203722,0.3,0.0003,5000.0,2.0,True,True,,SATISFIED,35,15,1.75,8.75,0.6999134114622199,0.6729862144133916,116.66666666666667,135.00361737371193,0.030578800009999997,0.16899293751,0.000461,51.709109,7444,38,0,0,0,0,,,,c68f9e134eb5a57162815f4876faa6846004a3ae,1f2680a5b9065e708a7497adc53a95b108029b98,3.13.14,2026-10-02T12:41:19.826089+00:00,bell_diagonal,siv_2024,until_target,0,0.937,0.995,1.0,0.5,0.9
R08_resource_semantics,R08_resource_semantics:chain1@literature:6db789a412b819c4:shortest_hop_count__automatic__conservative_min:5:r08_resource_semantics-chain1,chain1@literature,6db789a412b819c4,5,r08_resource_semantics-chain1,shortest_hop_count,automatic,False,a -> r1 -> b,2,4,20,0.6,conservative_min,0.70869407012,0.7011031481933745,-0.007590921926625471,-0.010711140739953044,0.3,0.0003,5000.0,2.0,True,True,,SATISFIED,44,24,2.2,11.0,0.7011031481933745,0.6642959005465918,146.66666666666669,151.5251566628065,0.00595061251,0.13893887501,0.000672,51.119165,7655,45,0,0,0,0,,,,c68f9e134eb5a57162815f4876faa6846004a3ae,1f2680a5b9065e708a7497adc53a95b108029b98,3.13.14,2026-10-02T12:41:20.335031+00:00,bell_diagonal,siv_2024,until_target,0,0.937,0.995,1.0,0.5,0.9
R08_resource_semantics,R08_resource_semantics:chain1@literature:6db789a412b819c4:shortest_hop_count__automatic__conservative_min:2:r08_resource_semantics-chain1,chain1@literature,6db789a412b819c4,2,r08_resource_semantics-chain1,shortest_hop_count,automatic,False,a -> r1 -> b,2,4,20,0.6,conservative_min,0.70869407012,0.7040429341702275,-0.004651135949772511,-0.006562967217977365,0.3,0.0003,5000.0,2.0,True,True,,SATISFIED,45,25,2.25,11.25,0.7040429341702275,0.6827467433382508,150.0,152.65392667879246,0.0018251625100000005,0.09856075001,0.000509,58.519512,10967,47,0,0,0,0,,,,c68f9e134eb5a57162815f4876faa6846004a3ae,1f2680a5b9065e708a7497adc53a95b108029b98,3.13.14,2026-10-02T12:41:20.769640+00:00,bell_diagonal,siv_2024,until_target,0,0.937,0.995,1.0,0.5,0.9
R08_resource_semantics,R08_resource_semantics:chain1@literature:6db789a412b819c4:shortest_hop_count__automatic__conservative_min:3:r08_resource_semantics-chain1,chain1@literature,6db789a412b819c4,3,r08_resource_semantics-chain1,shortest_hop_count,automatic,False,a -> r1 -> b,2,4,20,0.6,conservative_min,0.70869407012,0.703226846197708,-0.0054672239222919305,-0.0077145049645557075,0.3,0.0003,5000.0,2.0,True,True,,SATISFIED,40,20,2.0,10.0,0.703226846197708,0.669337384739026,133.33333333333334,138.34574373915254,0.005275650010000001,0.16426806250999998,0.000795,56.468602,8932,41,0,0,0,0,,,,c68f9e134eb5a57162815f4876faa6846004a3ae,1f2680a5b9065e708a7497adc53a95b108029b98,3.13.14,2026-10-02T12:41:22.656898+00:00,bell_diagonal,siv_2024,until_target,0,0.937,0.995,1.0,0.5,0.9
R08_resource_semantics,R08_resource_semantics:chain1@literature:6db789a412b819c4:shortest_hop_count__automatic__conservative_min:6:r08_resource_semantics-chain1,chain1@literature,6db789a412b819c4,6,r08_resource_semantics-chain1,shortest_hop_count,automatic,False,a -> r1 -> b,2,4,20,0.6,conservative_min,0.70869407012,0.7034652671073581,-0.005228803012641836,-0.007378082071092349,0.3,0.0003,5000.0,2.0,True,True,,SATISFIED,50,30,2.5,12.5,0.7034652671073581,0.6747204189610349,166.66666666666669,169.34367261126465,0.0028252750099999994,0.09973497501,0.004797,54.828048,9321,50,0,0,0,0,,,,c68f9e134eb5a57162815f4876faa6846004a3ae,1f2680a5b9065e708a7497adc53a95b108029b98,3.13.14,2026-10-02T12:42:00.135817+00:00,bell_diagonal,siv_2024,until_target,0,0.937,0.995,1.0,0.5,0.9
R08_resource_semantics,R08_resource_semantics:chain1@literature:6db789a412b819c4:shortest_hop_count__automatic__conservative_min:7:r08_resource_semantics-chain1,chain1@literature,6db789a412b819c4,7,r08_resource_semantics-chain1,shortest_hop_count,automatic,False,a -> r1 -> b,2,4,20,0.6,conservative_min,0.70869407012,0.7034069339095304,-0.005287136210469612,-0.007460392902080251,0.3,0.0003,5000.0,2.0,True,True,,SATISFIED,52,32,2.6,13.0,0.7034069339095304,0.6897764372910133,173.33333333333334,179.49177852147014,0.0020752375099999994,0.10158618751000001,0.000606,53.920161,8839,52,0,0,0,0,,,,c68f9e134eb5a57162815f4876faa6846004a3ae,1f2680a5b9065e708a7497adc53a95b108029b98,3.13.14,2026-10-02T12:42:02.636807+00:00,bell_diagonal,siv_2024,until_target,0,0.937,0.995,1.0,0.5,0.9
R08_resource_semantics,R08_resource_semantics:chain1@literature:6db789a412b819c4:shortest_hop_count__automatic__conservative_min:8:r08_resource_semantics-chain1,chain1@literature,6db789a412b819c4,8,r08_resource_semantics-chain1,shortest_hop_count,automatic,False,a -> r1 -> b,2,4,20,0.6,conservative_min,0.70869407012,0.7040330053330625,-0.004661064786937508,-0.006576977264884227,0.3,0.0003,5000.0,2.0,True,True,,SATISFIED,46,26,2.3,11.5,0.7040330053330625,0.6648449645381427,153.33333333333334,164.29669429247124,0.00995098751,0.13971426251,0.000351,54.318087,8725,49,0,0,0,0,,,,c68f9e134eb5a57162815f4876faa6846004a3ae,1f2680a5b9065e708a7497adc53a95b108029b98,3.13.14,2026-10-02T12:42:14.560559+00:00,bell_diagonal,siv_2024,until_target,0,0.937,0.995,1.0,0.5,0.9
R08_resource_semantics,R08_resource_semantics:chain1@literature:6db789a412b819c4:shortest_hop_count__automatic__conservative_min:9:r08_resource_semantics-chain1,chain1@literature,6db789a412b819c4,9,r08_resource_semantics-chain1,shortest_hop_count,automatic,False,a -> r1 -> b,2,4,20,0.6,conservative_min,0.70869407012,0.702123578692254,-0.006570491427746017,-0.009271266269567438,0.3,0.0003,5000.0,2.0,True,True,,SATISFIED,37,17,1.85,9.25,0.702123578692254,0.681380758213671,123.33333333333334,127.05797977554609,0.00620062501,0.16146610001,0.000401,54.32759,8287,39,0,0,0,0,,,,c68f9e134eb5a57162815f4876faa6846004a3ae,1f2680a5b9065e708a7497adc53a95b108029b98,3.13.14,2026-10-02T12:42:15.105285+00:00,bell_diagonal,siv_2024,until_target,0,0.937,0.995,1.0,0.5,0.9
R08_resource_semantics,R08_resource_semantics:chain1@literature:6db789a412b819c4:shortest_hop_count__automatic__conservative_min:10:r08_resource_semantics-chain1,chain1@literature,6db789a412b819c4,10,r08_resource_semantics-chain1,shortest_hop_count,automatic,False,a -> r1 -> b,2,4,20,0.6,conservative_min,0.70869407012,0.7049696728071165,-0.003724397312883432,-0.005255296283561109,0.3,0.0003,5000.0,2.0,True,True,,SATISFIED,56,36,2.8,14.0,0.7049696728071165,0.6891595446313143,186.66666666666669,189.29479618041978,0.0007750750099999992,0.10576131251000001,0.006103,57.722611,9851,56,0,0,0,0,,,,c68f9e134eb5a57162815f4876faa6846004a3ae,1f2680a5b9065e708a7497adc53a95b108029b98,3.13.14,2026-10-02T12:42:18.807992+00:00,bell_diagonal,siv_2024,until_target,0,0.937,0.995,1.0,0.5,0.9
R08_resource_semantics,R08_resource_semantics:chain1@literature:6db789a412b819c4:shortest_hop_count__automatic__conservative_min:11:r08_resource_semantics-chain1,chain1@literature,6db789a412b819c4,11,r08_resource_semantics-chain1,shortest_hop_count,automatic,False,a -> r1 -> b,2,4,20,0.6,conservative_min,0.70869407012,0.7040347760925293,-0.004659294027470673,-0.006574478641653846,0.3,0.0003,5000.0,2.0,True,True,,SATISFIED,44,24,2.2,11.0,0.7040347760925293,0.665710726995775,146.66666666666669,157.8163029890094,0.01070106251,0.14296426251,0.000375,56.148618,8980,44,0,0,0,0,,,,c68f9e134eb5a57162815f4876faa6846004a3ae,1f2680a5b9065e708a7497adc53a95b108029b98,3.13.14,2026-10-02T12:42:19.334185+00:00,bell_diagonal,siv_2024,until_target,0,0.937,0.995,1.0,0.5,0.9
R08_resource_semantics,R08_resource_semantics:chain1@literature:6db789a412b819c4:shortest_hop_count__automatic__conservative_min:12:r08_resource_semantics-chain1,chain1@literature,6db789a412b819c4,12,r08_resource_semantics-chain1,shortest_hop_count,automatic,False,a -> r1 -> b,2,4,20,0.6,conservative_min,0.70869407012,0.7033270838675231,-0.005366986252476891,-0.007573064992018521,0.3,0.0003,5000.0,2.0,True,True,,SATISFIED,52,32,2.6,13.0,0.7033270838675231,0.6741358795578306,173.33333333333334,177.07781339718807,0.0014501625100000002,0.10603620001000001,0.000455,60.188312,9069,53,0,0,0,0,,,,c68f9e134eb5a57162815f4876faa6846004a3ae,1f2680a5b9065e708a7497adc53a95b108029b98,3.13.14,2026-10-02T12:43:01.038874+00:00,bell_diagonal,siv_2024,until_target,0,0.937,0.995,1.0,0.5,0.9
R08_resource_semantics,R08_resource_semantics:chain1@literature:6db789a412b819c4:shortest_hop_count__automatic__conservative_min:13:r08_resource_semantics-chain1,chain1@literature,6db789a412b819c4,13,r08_resource_semantics-chain1,shortest_hop_count,automatic,False,a -> r1 -> b,2,4,20,0.6,conservative_min,0.70869407012,0.7032785555526141,-0.005415514567385871,-0.007641540681254587,0.3,0.0003,5000.0,2.0,True,True,,SATISFIED,54,34,2.7,13.5,0.7032785555526141,0.6830414886549847,180.0,195.54246467154206,0.021452125009999996,0.11493661251000001,0.000362,60.581594,8430,55,0,0,0,0,,,,c68f9e134eb5a57162815f4876faa6846004a3ae,1f2680a5b9065e708a7497adc53a95b108029b98,3.13.14,2026-10-02T12:43:03.532112+00:00,bell_diagonal,siv_2024,until_target,0,0.937,0.995,1.0,0.5,0.9
R08_resource_semantics,R08_resource_semantics:chain1@literature:6db789a412b819c4:shortest_hop_count__automatic__conservative_min:15:r08_resource_semantics-chain1,chain1@literature,6db789a412b819c4,15,r08_resource_semantics-chain1,shortest_hop_count,automatic,False,a -> r1 -> b,2,4,20,0.6,conservative_min,0.70869407012,0.7028253536013119,-0.005868716518688033,-0.008281029524762793,0.3,0.0003,5000.0,2.0,True,True,,SATISFIED,48,28,2.4,12.0,0.7028253536013119,0.6846004250799635,160.0,175.12975906569005,0.021077112510000003,0.10898775001000001,0.00054,64.772793,10097,48,0,0,0,0,,,,c68f9e134eb5a57162815f4876faa6846004a3ae,1f2680a5b9065e708a7497adc53a95b108029b98,3.13.14,2026-10-02T12:43:20.320069+00:00,bell_diagonal,siv_2024,until_target,0,0.937,0.995,1.0,0.5,0.9
R08_resource_semantics,R08_resource_semantics:chain1@literature:6db789a412b819c4:shortest_hop_count__automatic__conservative_min:14:r08_resource_semantics-chain1,chain1@literature,6db789a412b819c4,14,r08_resource_semantics-chain1,shortest_hop_count,automatic,False,a -> r1 -> b,2,4,20,0.6,conservative_min,0.70869407012,0.7036773268167819,-0.0050167433032181075,-0.007078856046260758,0.3,0.0003,5000.0,2.0,True,True,,SATISFIED,47,27,2.35,11.75,0.7036773268167819,0.6935888244285907,156.66666666666669,164.96603213389133,0.011201112510000001,0.11256272501,0.008153,69.037938,9870,47,0,0,0,0,,,,c68f9e134eb5a57162815f4876faa6846004a3ae,1f2680a5b9065e708a7497adc53a95b108029b98,3.13.14,2026-10-02T12:43:24.008899+00:00,bell_diagonal,siv_2024,until_target,0,0.937,0.995,1.0,0.5,0.9
R08_resource_semantics,R08_resource_semantics:chain1@literature:6db789a412b819c4:shortest_hop_count__automatic__conservative_min:17:r08_resource_semantics-chain1,chain1@literature,6db789a412b819c4,17,r08_resource_semantics-chain1,shortest_hop_count,automatic,False,a -> r1 -> b,2,4,20,0.6,conservative_min,0.70869407012,0.7032778038726559,-0.005416266247344037,-0.007642601336324043,0.3,0.0003,5000.0,2.0,True,True,,SATISFIED,54,34,2.7,13.5,0.7032778038726559,0.6628339700190796,180.0,188.67538871060813,0.00657583751,0.12131262501,0.007135,66.981717,8941,56,0,0,0,0,,,,c68f9e134eb5a57162815f4876faa6846004a3ae,1f2680a5b9065e708a7497adc53a95b108029b98,3.13.14,2026-10-02T12:43:27.011363+00:00,bell_diagonal,siv_2024,until_target,0,0.937,0.995,1.0,0.5,0.9
R08_resource_semantics,R08_resource_semantics:chain1@literature:6db789a412b819c4:shortest_hop_count__automatic__conservative_min:16:r08_resource_semantics-chain1,chain1@literature,6db789a412b819c4,16,r08_resource_semantics-chain1,shortest_hop_count,automatic,False,a -> r1 -> b,2,4,20,0.6,conservative_min,0.70869407012,0.7038676903268896,-0.0048263797931104024,-0.006810244358744491,0.3,0.0003,5000.0,2.0,True,True,,SATISFIED,51,31,2.55,12.75,0.7038676903268896,0.6847424421047124,170.0,177.37257226182504,0.011076100010000001,0.13031500001,0.000315,70.870841,9899,52,0,0,0,0,,,,c68f9e134eb5a57162815f4876faa6846004a3ae,1f2680a5b9065e708a7497adc53a95b108029b98,3.13.14,2026-10-02T12:43:29.979855+00:00,bell_diagonal,siv_2024,until_target,0,0.937,0.995,1.0,0.5,0.9
R08_resource_semantics,R08_resource_semantics:chain1@literature:6db789a412b819c4:shortest_hop_count__automatic__conservative_min:18:r08_resource_semantics-chain1,chain1@literature,6db789a412b819c4,18,r08_resource_semantics-chain1,shortest_hop_count,automatic,False,a -> r1 -> b,2,4,20,0.6,conservative_min,0.70869407012,0.6996313832944058,-0.00906268682559419,-0.012787868853001193,0.3,0.0003,5000.0,2.0,True,True,,SATISFIED,37,17,1.85,9.25,0.6996313832944058,0.6582362140981157,123.33333333333334,138.30200738355168,0.019576975009999997,0.15061587500999998,0.005829,52.024384,8725,40,0,0,0,0,,,,c68f9e134eb5a57162815f4876faa6846004a3ae,1f2680a5b9065e708a7497adc53a95b108029b98,3.13.14,2026-10-02T12:43:53.404393+00:00,bell_diagonal,siv_2024,until_target,0,0.937,0.995,1.0,0.5,0.9
R08_resource_semantics,R08_resource_semantics:chain1@literature:6db789a412b819c4:shortest_hop_count__automatic__conservative_min:19:r08_resource_semantics-chain1,chain1@literature,6db789a412b819c4,19,r08_resource_semantics-chain1,shortest_hop_count,automatic,False,a -> r1 -> b,2,4,20,0.6,conservative_min,0.70869407012,0.7026330174015794,-0.006061052718420612,-0.00855242476827035,0.3,0.0003,5000.0,2.0,True,True,,SATISFIED,47,27,2.35,11.75,0.7026330174015794,0.6495630250984127,156.66666666666669,165.95787353586314,0.008200825010000001,0.14998996251,0.000466,51.082181,7557,51,0,0,0,0,,,,c68f9e134eb5a57162815f4876faa6846004a3ae,1f2680a5b9065e708a7497adc53a95b108029b98,3.13.14,2026-10-02T12:43:54.843692+00:00,bell_diagonal,siv_2024,until_target,0,0.937,0.995,1.0,0.5,0.9
R08_resource_semantics,R08_resource_semantics:chain1@theoretical_ops:062fe34fa68c6ccb:shortest_hop_count__automatic__conservative_min:1:r08_resource_semantics-chain1,chain1@theoretical_ops,062fe34fa68c6ccb,1,r08_resource_semantics-chain1,shortest_hop_count,automatic,False,a -> r1 -> b,2,2,20,0.6,conservative_min,0.7461333333333331,0.735455116764238,-0.010678216569095067,-0.014311405337421914,0.15,0.0003,5000.0,2.0,True,False,,VIOLATED,11,0,0.55,5.5,0.735455116764238,0.7078468820556612,73.33333333333334,86.02906550634314,0.008825862509999999,,0.003173,6.804559,1688,11,0,0,0,0,delivered_pairs >= 20.0 (observed=11.0) -> FAIL,,,c68f9e134eb5a57162815f4876faa6846004a3ae,1f2680a5b9065e708a7497adc53a95b108029b98,3.13.14,2026-10-02T12:44:28.706223+00:00,bell_diagonal,siv_2024_theoretical_ops,until_target,0,1.0,1.0,1.0,0.5,0.9
R08_resource_semantics,R08_resource_semantics:chain1@theoretical_ops:062fe34fa68c6ccb:shortest_hop_count__automatic__conservative_min:0:r08_resource_semantics-chain1,chain1@theoretical_ops,062fe34fa68c6ccb,0,r08_resource_semantics-chain1,shortest_hop_count,automatic,False,a -> r1 -> b,2,2,20,0.6,conservative_min,0.7461333333333331,0.7390392694654839,-0.007094063867849165,-0.009507769658482622,0.15,0.0003,5000.0,2.0,True,False,,VIOLATED,14,0,0.7,7.0,0.7390392694654839,0.7248959520865922,93.33333333333334,108.32654922198809,0.012276512509999999,,0.001131,7.419176,1955,15,0,0,0,0,delivered_pairs >= 20.0 (observed=14.0) -> FAIL,,,c68f9e134eb5a57162815f4876faa6846004a3ae,1f2680a5b9065e708a7497adc53a95b108029b98,3.13.14,2026-10-02T12:44:29.212465+00:00,bell_diagonal,siv_2024_theoretical_ops,until_target,0,1.0,1.0,1.0,0.5,0.9
R08_resource_semantics,R08_resource_semantics:chain1@theoretical_ops:062fe34fa68c6ccb:shortest_hop_count__automatic__conservative_min:4:r08_resource_semantics-chain1,chain1@theoretical_ops,062fe34fa68c6ccb,4,r08_resource_semantics-chain1,shortest_hop_count,automatic,False,a -> r1 -> b,2,2,20,0.6,conservative_min,0.7461333333333331,0.734543599712196,-0.011589733621137133,-0.015533059713818536,0.15,0.0003,5000.0,2.0,True,False,,VIOLATED,8,0,0.4,4.0,0.734543599712196,0.7227064380089009,53.333333333333336,91.15762492226675,0.06098260000999999,,0.001222,7.650974,2275,8,0,0,0,0,delivered_pairs >= 20.0 (observed=8.0) -> FAIL,,,c68f9e134eb5a57162815f4876faa6846004a3ae,1f2680a5b9065e708a7497adc53a95b108029b98,3.13.14,2026-10-02T12:44:29.589773+00:00,bell_diagonal,siv_2024_theoretical_ops,until_target,0,1.0,1.0,1.0,0.5,0.9
R08_resource_semantics,R08_resource_semantics:chain1@theoretical_ops:062fe34fa68c6ccb:shortest_hop_count__automatic__conservative_min:2:r08_resource_semantics-chain1,chain1@theoretical_ops,062fe34fa68c6ccb,2,r08_resource_semantics-chain1,shortest_hop_count,automatic,False,a -> r1 -> b,2,2,20,0.6,conservative_min,0.7461333333333331,0.7393779356034332,-0.006755397729899859,-0.009053874727349706,0.15,0.0003,5000.0,2.0,True,False,,VIOLATED,12,0,0.6,6.0,0.7393779356034332,0.73173392481471,80.0,88.25707447104365,0.0034503250099999997,,0.001099,7.940765,2366,13,0,0,0,0,delivered_pairs >= 20.0 (observed=12.0) -> FAIL,,,c68f9e134eb5a57162815f4876faa6846004a3ae,1f2680a5b9065e708a7497adc53a95b108029b98,3.13.14,2026-10-02T12:44:29.859702+00:00,bell_diagonal,siv_2024_theoretical_ops,until_target,0,1.0,1.0,1.0,0.5,0.9
R08_resource_semantics,R08_resource_semantics:chain1@theoretical_ops:062fe34fa68c6ccb:shortest_hop_count__automatic__conservative_min:5:r08_resource_semantics-chain1,chain1@theoretical_ops,062fe34fa68c6ccb,5,r08_resource_semantics-chain1,shortest_hop_count,automatic,False,a -> r1 -> b,2,2,20,0.6,conservative_min,0.7461333333333331,0.7398449825371392,-0.006288350796193942,-0.008427918329423622,0.15,0.0003,5000.0,2.0,True,False,,VIOLATED,9,0,0.45,4.5,0.7398449825371392,0.7268366056531076,60.0,88.07394394754023,0.01182617501,,0.001658,8.663863,2394,11,0,0,0,0,delivered_pairs >= 20.0 (observed=9.0) -> FAIL,,,c68f9e134eb5a57162815f4876faa6846004a3ae,1f2680a5b9065e708a7497adc53a95b108029b98,3.13.14,2026-10-02T12:44:30.729906+00:00,bell_diagonal,siv_2024_theoretical_ops,until_target,0,1.0,1.0,1.0,0.5,0.9
R08_resource_semantics,R08_resource_semantics:chain1@theoretical_ops:062fe34fa68c6ccb:shortest_hop_count__automatic__conservative_min:3:r08_resource_semantics-chain1,chain1@theoretical_ops,062fe34fa68c6ccb,3,r08_resource_semantics-chain1,shortest_hop_count,automatic,False,a -> r1 -> b,2,2,20,0.6,conservative_min,0.7461333333333331,0.7420252438500516,-0.004108089483281452,-0.00550583829960881,0.15,0.0003,5000.0,2.0,True,False,,VIOLATED,11,0,0.55,5.5,0.7420252438500516,0.7317180034826462,73.33333333333334,83.46562160120638,0.01037628751,,0.001125,9.329522,2806,11,0,0,0,0,delivered_pairs >= 20.0 (observed=11.0) -> FAIL,,,c68f9e134eb5a57162815f4876faa6846004a3ae,1f2680a5b9065e708a7497adc53a95b108029b98,3.13.14,2026-10-02T12:44:31.263756+00:00,bell_diagonal,siv_2024_theoretical_ops,until_target,0,1.0,1.0,1.0,0.5,0.9
R08_resource_semantics,R08_resource_semantics:chain1@theoretical_ops:062fe34fa68c6ccb:shortest_hop_count__automatic__conservative_min:7:r08_resource_semantics-chain1,chain1@theoretical_ops,062fe34fa68c6ccb,7,r08_resource_semantics-chain1,shortest_hop_count,automatic,False,a -> r1 -> b,2,2,20,0.6,conservative_min,0.7461333333333331,0.7399024087832394,-0.006230924550093664,-0.008350953203306378,0.15,0.0003,5000.0,2.0,True,False,,VIOLATED,15,0,0.75,7.5,0.7399024087832394,0.7267751876803088,100.0,103.81341269291993,0.00397547501,,0.00052,7.981737,1674,16,0,0,0,0,delivered_pairs >= 20.0 (observed=15.0) -> FAIL,,,c68f9e134eb5a57162815f4876faa6846004a3ae,1f2680a5b9065e708a7497adc53a95b108029b98,3.13.14,2026-10-02T12:44:37.225252+00:00,bell_diagonal,siv_2024_theoretical_ops,until_target,0,1.0,1.0,1.0,0.5,0.9
R08_resource_semantics,R08_resource_semantics:chain1@theoretical_ops:062fe34fa68c6ccb:shortest_hop_count__automatic__conservative_min:8:r08_resource_semantics-chain1,chain1@theoretical_ops,062fe34fa68c6ccb,8,r08_resource_semantics-chain1,shortest_hop_count,automatic,False,a -> r1 -> b,2,2,20,0.6,conservative_min,0.7461333333333331,0.7349024940621959,-0.011230839271137216,-0.015052054062460534,0.15,0.0003,5000.0,2.0,True,False,,VIOLATED,6,0,0.3,3.0,0.7349024940621959,0.7125204110747938,40.0,51.59616498604701,0.019701962509999997,,0.000586,7.719846,1810,8,0,0,0,0,delivered_pairs >= 20.0 (observed=6.0) -> FAIL,,,c68f9e134eb5a57162815f4876faa6846004a3ae,1f2680a5b9065e708a7497adc53a95b108029b98,3.13.14,2026-10-02T12:44:37.338716+00:00,bell_diagonal,siv_2024_theoretical_ops,until_target,0,1.0,1.0,1.0,0.5,0.9
R08_resource_semantics,R08_resource_semantics:chain1@theoretical_ops:062fe34fa68c6ccb:shortest_hop_count__automatic__conservative_min:6:r08_resource_semantics-chain1,chain1@theoretical_ops,062fe34fa68c6ccb,6,r08_resource_semantics-chain1,shortest_hop_count,automatic,False,a -> r1 -> b,2,2,20,0.6,conservative_min,0.7461333333333331,0.7406142810699982,-0.005519052263334934,-0.00739687133220372,0.15,0.0003,5000.0,2.0,True,False,,VIOLATED,12,0,0.6,6.0,0.7406142810699982,0.7176915592441021,80.0,83.43995104856205,0.005450537510000001,,0.000433,8.929572,2241,13,0,0,0,0,delivered_pairs >= 20.0 (observed=12.0) -> FAIL,,,c68f9e134eb5a57162815f4876faa6846004a3ae,1f2680a5b9065e708a7497adc53a95b108029b98,3.13.14,2026-10-02T12:44:37.670225+00:00,bell_diagonal,siv_2024_theoretical_ops,until_target,0,1.0,1.0,1.0,0.5,0.9
R08_resource_semantics,R08_resource_semantics:chain1@theoretical_ops:062fe34fa68c6ccb:shortest_hop_count__automatic__conservative_min:10:r08_resource_semantics-chain1,chain1@theoretical_ops,062fe34fa68c6ccb,10,r08_resource_semantics-chain1,shortest_hop_count,automatic,False,a -> r1 -> b,2,2,20,0.6,conservative_min,0.7461333333333331,0.7392932485633897,-0.006840084769943355,-0.009167375942561683,0.15,0.0003,5000.0,2.0,True,False,,VIOLATED,14,0,0.7,7.0,0.7392932485633897,0.7201808901788036,93.33333333333334,112.28016145887219,0.0013751500099999994,,0.000464,7.247267,1646,14,0,0,0,0,delivered_pairs >= 20.0 (observed=14.0) -> FAIL,,,c68f9e134eb5a57162815f4876faa6846004a3ae,1f2680a5b9065e708a7497adc53a95b108029b98,3.13.14,2026-10-02T12:44:38.151143+00:00,bell_diagonal,siv_2024_theoretical_ops,until_target,0,1.0,1.0,1.0,0.5,0.9
R08_resource_semantics,R08_resource_semantics:chain1@theoretical_ops:062fe34fa68c6ccb:shortest_hop_count__automatic__conservative_min:9:r08_resource_semantics-chain1,chain1@theoretical_ops,062fe34fa68c6ccb,9,r08_resource_semantics-chain1,shortest_hop_count,automatic,False,a -> r1 -> b,2,2,20,0.6,conservative_min,0.7461333333333331,0.7379445074495986,-0.008188825883734485,-0.01097501682058768,0.15,0.0003,5000.0,2.0,True,False,,VIOLATED,9,0,0.45,4.5,0.7379445074495986,0.7260906392820506,60.0,66.08460205825999,0.012326212509999998,,0.000753,8.510122,2055,9,0,0,0,0,delivered_pairs >= 20.0 (observed=9.0) -> FAIL,,,c68f9e134eb5a57162815f4876faa6846004a3ae,1f2680a5b9065e708a7497adc53a95b108029b98,3.13.14,2026-10-02T12:44:38.470299+00:00,bell_diagonal,siv_2024_theoretical_ops,until_target,0,1.0,1.0,1.0,0.5,0.9
R08_resource_semantics,R08_resource_semantics:chain1@theoretical_ops:062fe34fa68c6ccb:shortest_hop_count__automatic__conservative_min:11:r08_resource_semantics-chain1,chain1@theoretical_ops,062fe34fa68c6ccb,11,r08_resource_semantics-chain1,shortest_hop_count,automatic,False,a -> r1 -> b,2,2,20,0.6,conservative_min,0.7461333333333331,0.7387836009536399,-0.0073497323796931635,-0.009850427599660247,0.15,0.0003,5000.0,2.0,True,False,,VIOLATED,10,0,0.5,5.0,0.7387836009536399,0.7219084637416175,66.66666666666667,90.77544469755665,0.021202112510000003,,0.001134,8.242171,1936,11,0,0,0,0,delivered_pairs >= 20.0 (observed=10.0) -> FAIL,,,c68f9e134eb5a57162815f4876faa6846004a3ae,1f2680a5b9065e708a7497adc53a95b108029b98,3.13.14,2026-10-02T12:44:39.552616+00:00,bell_diagonal,siv_2024_theoretical_ops,until_target,0,1.0,1.0,1.0,0.5,0.9
R08_resource_semantics,R08_resource_semantics:chain1@theoretical_ops:062fe34fa68c6ccb:shortest_hop_count__automatic__conservative_min:13:r08_resource_semantics-chain1,chain1@theoretical_ops,062fe34fa68c6ccb,13,r08_resource_semantics-chain1,shortest_hop_count,automatic,False,a -> r1 -> b,2,2,20,0.6,conservative_min,0.7461333333333331,0.7359506979647515,-0.01018263536858155,-0.013647206087269773,0.15,0.0003,5000.0,2.0,True,False,,VIOLATED,9,0,0.45,4.5,0.7359506979647515,0.711600278875815,60.0,95.83600542751245,0.04270425001,,0.000477,7.199902,1512,10,0,0,0,0,delivered_pairs >= 20.0 (observed=9.0) -> FAIL,,,c68f9e134eb5a57162815f4876faa6846004a3ae,1f2680a5b9065e708a7497adc53a95b108029b98,3.13.14,2026-10-02T12:44:44.640078+00:00,bell_diagonal,siv_2024_theoretical_ops,until_target,0,1.0,1.0,1.0,0.5,0.9
R08_resource_semantics,R08_resource_semantics:chain1@theoretical_ops:062fe34fa68c6ccb:shortest_hop_count__automatic__conservative_min:12:r08_resource_semantics-chain1,chain1@theoretical_ops,062fe34fa68c6ccb,12,r08_resource_semantics-chain1,shortest_hop_count,automatic,False,a -> r1 -> b,2,2,20,0.6,conservative_min,0.7461333333333331,0.7388888758900146,-0.007244457443318475,-0.00970933359987287,0.15,0.0003,5000.0,2.0,True,False,,VIOLATED,13,0,0.65,6.5,0.7388888758900146,0.7221535356039845,86.66666666666667,95.26284438548733,0.0028252750099999994,,0.000939,7.784826,1704,15,0,0,0,0,delivered_pairs >= 20.0 (observed=13.0) -> FAIL,,,c68f9e134eb5a57162815f4876faa6846004a3ae,1f2680a5b9065e708a7497adc53a95b108029b98,3.13.14,2026-10-02T12:44:45.046405+00:00,bell_diagonal,siv_2024_theoretical_ops,until_target,0,1.0,1.0,1.0,0.5,0.9
R08_resource_semantics,R08_resource_semantics:chain1@theoretical_ops:062fe34fa68c6ccb:shortest_hop_count__automatic__conservative_min:14:r08_resource_semantics-chain1,chain1@theoretical_ops,062fe34fa68c6ccb,14,r08_resource_semantics-chain1,shortest_hop_count,automatic,False,a -> r1 -> b,2,2,20,0.6,conservative_min,0.7461333333333331,0.7368344295935197,-0.009298903739813347,-0.012462790930772003,0.15,0.0003,5000.0,2.0,True,False,,VIOLATED,11,0,0.55,5.5,0.7368344295935197,0.7161984164942404,73.33333333333334,92.8165476716336,0.02220221251,,0.000531,7.319486,1883,11,0,0,0,0,delivered_pairs >= 20.0 (observed=11.0) -> FAIL,,,c68f9e134eb5a57162815f4876faa6846004a3ae,1f2680a5b9065e708a7497adc53a95b108029b98,3.13.14,2026-10-02T12:44:45.049518+00:00,bell_diagonal,siv_2024_theoretical_ops,until_target,0,1.0,1.0,1.0,0.5,0.9
R08_resource_semantics,R08_resource_semantics:chain1@theoretical_ops:062fe34fa68c6ccb:shortest_hop_count__automatic__conservative_min:15:r08_resource_semantics-chain1,chain1@theoretical_ops,062fe34fa68c6ccb,15,r08_resource_semantics-chain1,shortest_hop_count,automatic,False,a -> r1 -> b,2,2,20,0.6,conservative_min,0.7461333333333331,0.7384237221070622,-0.007709611226270896,-0.01033275271569545,0.15,0.0003,5000.0,2.0,True,False,,VIOLATED,12,0,0.6,6.0,0.7384237221070622,0.7208981098577761,80.0,117.02952728116759,0.04207918751,,0.000492,8.150929,2483,12,0,0,0,0,delivered_pairs >= 20.0 (observed=12.0) -> FAIL,,,c68f9e134eb5a57162815f4876faa6846004a3ae,1f2680a5b9065e708a7497adc53a95b108029b98,3.13.14,2026-10-02T12:44:46.331351+00:00,bell_diagonal,siv_2024_theoretical_ops,until_target,0,1.0,1.0,1.0,0.5,0.9
R08_resource_semantics,R08_resource_semantics:chain1@theoretical_ops:062fe34fa68c6ccb:shortest_hop_count__automatic__conservative_min:16:r08_resource_semantics-chain1,chain1@theoretical_ops,062fe34fa68c6ccb,16,r08_resource_semantics-chain1,shortest_hop_count,automatic,False,a -> r1 -> b,2,2,20,0.6,conservative_min,0.7461333333333331,0.7388481532739827,-0.007285180059350416,-0.009763911802203026,0.15,0.0003,5000.0,2.0,True,False,,VIOLATED,13,0,0.65,6.5,0.7388481532739827,0.7296851178538796,86.66666666666667,106.45939295830487,0.02195218751,,0.000904,7.782815,1657,13,0,0,0,0,delivered_pairs >= 20.0 (observed=13.0) -> FAIL,,,c68f9e134eb5a57162815f4876faa6846004a3ae,1f2680a5b9065e708a7497adc53a95b108029b98,3.13.14,2026-10-02T12:44:46.334170+00:00,bell_diagonal,siv_2024_theoretical_ops,until_target,0,1.0,1.0,1.0,0.5,0.9
R08_resource_semantics,R08_resource_semantics:chain1@theoretical_ops:062fe34fa68c6ccb:shortest_hop_count__automatic__conservative_min:17:r08_resource_semantics-chain1,chain1@theoretical_ops,062fe34fa68c6ccb,17,r08_resource_semantics-chain1,shortest_hop_count,automatic,False,a -> r1 -> b,2,2,20,0.6,conservative_min,0.7461333333333331,0.7365463394944811,-0.009586993838851976,-0.012848901678232638,0.15,0.0003,5000.0,2.0,True,False,,VIOLATED,11,0,0.55,5.5,0.7365463394944811,0.7165745393141102,73.33333333333334,81.79136472795727,0.01307662501,,0.000466,7.498687,1652,12,0,0,0,0,delivered_pairs >= 20.0 (observed=11.0) -> FAIL,,,c68f9e134eb5a57162815f4876faa6846004a3ae,1f2680a5b9065e708a7497adc53a95b108029b98,3.13.14,2026-10-02T12:44:47.149982+00:00,bell_diagonal,siv_2024_theoretical_ops,until_target,0,1.0,1.0,1.0,0.5,0.9
R08_resource_semantics,R08_resource_semantics:chain1@theoretical_ops:062fe34fa68c6ccb:shortest_hop_count__automatic__conservative_min:18:r08_resource_semantics-chain1,chain1@theoretical_ops,062fe34fa68c6ccb,18,r08_resource_semantics-chain1,shortest_hop_count,automatic,False,a -> r1 -> b,2,2,20,0.6,conservative_min,0.7461333333333331,0.7322961909565258,-0.013837142376807332,-0.018545133635821127,0.15,0.0003,5000.0,2.0,True,False,,VIOLATED,5,0,0.25,2.5,0.7322961909565258,0.7218623923279897,33.333333333333336,71.24333874782708,0.03907890001,,0.000373,7.688294,1248,7,0,0,0,0,delivered_pairs >= 20.0 (observed=5.0) -> FAIL,,,c68f9e134eb5a57162815f4876faa6846004a3ae,1f2680a5b9065e708a7497adc53a95b108029b98,3.13.14,2026-10-02T12:44:52.403646+00:00,bell_diagonal,siv_2024_theoretical_ops,until_target,0,1.0,1.0,1.0,0.5,0.9
R08_resource_semantics,R08_resource_semantics:chain1@theoretical_ops:062fe34fa68c6ccb:shortest_hop_count__automatic__conservative_min:19:r08_resource_semantics-chain1,chain1@theoretical_ops,062fe34fa68c6ccb,19,r08_resource_semantics-chain1,shortest_hop_count,automatic,False,a -> r1 -> b,2,2,20,0.6,conservative_min,0.7461333333333331,0.7390390747717137,-0.007094258561619382,-0.009508030595451283,0.15,0.0003,5000.0,2.0,True,False,,VIOLATED,9,0,0.45,4.5,0.7390390747717137,0.726044257790253,60.0,91.73268128384474,0.016326612509999998,,0.000384,8.072627,1521,11,0,0,0,0,delivered_pairs >= 20.0 (observed=9.0) -> FAIL,,,c68f9e134eb5a57162815f4876faa6846004a3ae,1f2680a5b9065e708a7497adc53a95b108029b98,3.13.14,2026-10-02T12:44:53.212930+00:00,bell_diagonal,siv_2024_theoretical_ops,until_target,0,1.0,1.0,1.0,0.5,0.9
R08_resource_semantics,R08_resource_semantics:chain1@theoretical_ops:013faa90eb7e9f7e:shortest_hop_count__automatic__conservative_min:0:r08_resource_semantics-chain1,chain1@theoretical_ops,013faa90eb7e9f7e,0,r08_resource_semantics-chain1,shortest_hop_count,automatic,False,a -> r1 -> b,2,4,20,0.6,conservative_min,0.7461333333333331,0.7405818148383293,-0.005551518495003793,-0.007440383972932177,0.15,0.0003,5000.0,2.0,True,True,,SATISFIED,28,8,1.4,7.0,0.7405818148383293,0.7314027711800809,186.66666666666669,206.65855716346368,0.0061757750100000005,0.10741127501,0.001151,16.962196,4145,29,0,0,0,0,,,,c68f9e134eb5a57162815f4876faa6846004a3ae,1f2680a5b9065e708a7497adc53a95b108029b98,3.13.14,2026-10-02T12:45:02.128927+00:00,bell_diagonal,siv_2024_theoretical_ops,until_target,0,1.0,1.0,1.0,0.5,0.9
R08_resource_semantics,R08_resource_semantics:chain1@theoretical_ops:013faa90eb7e9f7e:shortest_hop_count__automatic__conservative_min:1:r08_resource_semantics-chain1,chain1@theoretical_ops,013faa90eb7e9f7e,1,r08_resource_semantics-chain1,shortest_hop_count,automatic,False,a -> r1 -> b,2,4,20,0.6,conservative_min,0.7461333333333331,0.7390418489244267,-0.00709148440890639,-0.009504312556611497,0.15,0.0003,5000.0,2.0,True,True,,SATISFIED,24,4,1.2,6.0,0.7390418489244267,0.7214641083722163,160.0,165.6431015773537,0.004450450009999999,0.12553810001,0.000372,15.829828,3523,25,0,0,0,0,,,,c68f9e134eb5a57162815f4876faa6846004a3ae,1f2680a5b9065e708a7497adc53a95b108029b98,3.13.14,2026-10-02T12:45:02.293253+00:00,bell_diagonal,siv_2024_theoretical_ops,until_target,0,1.0,1.0,1.0,0.5,0.9
R08_resource_semantics,R08_resource_semantics:chain1@theoretical_ops:013faa90eb7e9f7e:shortest_hop_count__automatic__conservative_min:2:r08_resource_semantics-chain1,chain1@theoretical_ops,013faa90eb7e9f7e,2,r08_resource_semantics-chain1,shortest_hop_count,automatic,False,a -> r1 -> b,2,4,20,0.6,conservative_min,0.7461333333333331,0.742587616675417,-0.0035457166579161425,-0.004752122039737505,0.15,0.0003,5000.0,2.0,True,True,,SATISFIED,29,9,1.45,7.25,0.742587616675417,0.731306375733429,193.33333333333334,205.7237672490955,0.0018251625100000005,0.09856075001,0.001273,18.579318,5446,30,0,0,0,0,,,,c68f9e134eb5a57162815f4876faa6846004a3ae,1f2680a5b9065e708a7497adc53a95b108029b98,3.13.14,2026-10-02T12:45:05.030807+00:00,bell_diagonal,siv_2024_theoretical_ops,until_target,0,1.0,1.0,1.0,0.5,0.9
R08_resource_semantics,R08_resource_semantics:chain1@theoretical_ops:013faa90eb7e9f7e:shortest_hop_count__automatic__conservative_min:3:r08_resource_semantics-chain1,chain1@theoretical_ops,013faa90eb7e9f7e,3,r08_resource_semantics-chain1,shortest_hop_count,automatic,False,a -> r1 -> b,2,4,20,0.6,conservative_min,0.7461333333333331,0.7421840350609916,-0.003949298272341473,-0.005293019485804335,0.15,0.0003,5000.0,2.0,True,False,,VIOLATED,18,0,0.9,4.5,0.7421840350609916,0.7333843542247939,120.0,147.61513903962208,0.005275650010000001,,0.000739,18.347533,5051,22,0,0,0,0,delivered_pairs >= 20.0 (observed=18.0) -> FAIL,,,c68f9e134eb5a57162815f4876faa6846004a3ae,1f2680a5b9065e708a7497adc53a95b108029b98,3.13.14,2026-10-02T12:45:05.594321+00:00,bell_diagonal,siv_2024_theoretical_ops,until_target,0,1.0,1.0,1.0,0.5,0.9
R08_resource_semantics,R08_resource_semantics:chain1@theoretical_ops:013faa90eb7e9f7e:shortest_hop_count__automatic__conservative_min:4:r08_resource_semantics-chain1,chain1@theoretical_ops,013faa90eb7e9f7e,4,r08_resource_semantics-chain1,shortest_hop_count,automatic,False,a -> r1 -> b,2,4,20,0.6,conservative_min,0.7461333333333331,0.7372735994011052,-0.008859733932227942,-0.011874196656845889,0.15,0.0003,5000.0,2.0,True,False,,VIOLATED,16,0,0.8,4.0,0.7372735994011052,0.7075109515936463,106.66666666666667,144.84699461157862,0.030578800009999997,,0.000385,15.739088,3926,20,0,0,0,0,delivered_pairs >= 20.0 (observed=16.0) -> FAIL,,,c68f9e134eb5a57162815f4876faa6846004a3ae,1f2680a5b9065e708a7497adc53a95b108029b98,3.13.14,2026-10-02T12:45:08.261623+00:00,bell_diagonal,siv_2024_theoretical_ops,until_target,0,1.0,1.0,1.0,0.5,0.9
R08_resource_semantics,R08_resource_semantics:chain1@theoretical_ops:013faa90eb7e9f7e:shortest_hop_count__automatic__conservative_min:5:r08_resource_semantics-chain1,chain1@theoretical_ops,013faa90eb7e9f7e,5,r08_resource_semantics-chain1,shortest_hop_count,automatic,False,a -> r1 -> b,2,4,20,0.6,conservative_min,0.7461333333333331,0.7383603264465444,-0.007773006886788725,-0.01041771830788339,0.15,0.0003,5000.0,2.0,True,True,,SATISFIED,21,1,1.05,5.25,0.7383603264465444,0.6981113219334673,140.0,152.54509228387877,0.00595061251,0.13893887501,0.0004,15.725641,3576,23,0,0,0,0,,,,c68f9e134eb5a57162815f4876faa6846004a3ae,1f2680a5b9065e708a7497adc53a95b108029b98,3.13.14,2026-10-02T12:45:09.041794+00:00,bell_diagonal,siv_2024_theoretical_ops,until_target,0,1.0,1.0,1.0,0.5,0.9
R08_resource_semantics,R08_resource_semantics:chain1@theoretical_ops:013faa90eb7e9f7e:shortest_hop_count__automatic__conservative_min:7:r08_resource_semantics-chain1,chain1@theoretical_ops,013faa90eb7e9f7e,7,r08_resource_semantics-chain1,shortest_hop_count,automatic,False,a -> r1 -> b,2,4,20,0.6,conservative_min,0.7461333333333331,0.7414705990918098,-0.004662734241523303,-0.006249197071376838,0.15,0.0003,5000.0,2.0,True,True,,SATISFIED,31,11,1.55,7.75,0.7414705990918098,0.7256716163729071,206.66666666666669,210.21757434179224,0.0020752375099999994,0.10158618751000001,0.001968,15.636205,4296,31,0,0,0,0,,,,c68f9e134eb5a57162815f4876faa6846004a3ae,1f2680a5b9065e708a7497adc53a95b108029b98,3.13.14,2026-10-02T12:45:18.014165+00:00,bell_diagonal,siv_2024_theoretical_ops,until_target,0,1.0,1.0,1.0,0.5,0.9
R08_resource_semantics,R08_resource_semantics:chain1@theoretical_ops:013faa90eb7e9f7e:shortest_hop_count__automatic__conservative_min:6:r08_resource_semantics-chain1,chain1@theoretical_ops,013faa90eb7e9f7e,6,r08_resource_semantics-chain1,shortest_hop_count,automatic,False,a -> r1 -> b,2,4,20,0.6,conservative_min,0.7461333333333331,0.7421768670036835,-0.003956466329649633,-0.005302626424655513,0.15,0.0003,5000.0,2.0,True,True,,SATISFIED,27,7,1.35,6.75,0.7421768670036835,0.72333632937469,180.0,201.88491344885327,0.0028252750099999994,0.09973497501,0.000483,16.798866,5250,27,0,0,0,0,,,,c68f9e134eb5a57162815f4876faa6846004a3ae,1f2680a5b9065e708a7497adc53a95b108029b98,3.13.14,2026-10-02T12:45:19.066978+00:00,bell_diagonal,siv_2024_theoretical_ops,until_target,0,1.0,1.0,1.0,0.5,0.9
R08_resource_semantics,R08_resource_semantics:chain1@theoretical_ops:013faa90eb7e9f7e:shortest_hop_count__automatic__conservative_min:8:r08_resource_semantics-chain1,chain1@theoretical_ops,013faa90eb7e9f7e,8,r08_resource_semantics-chain1,shortest_hop_count,automatic,False,a -> r1 -> b,2,4,20,0.6,conservative_min,0.7461333333333331,0.739194731546954,-0.006938601786379062,-0.009299412687248567,0.15,0.0003,5000.0,2.0,True,True,,SATISFIED,20,0,1.0,5.0,0.739194731546954,0.6987052013099112,133.33333333333334,154.12681284438912,0.00995098751,0.13971426251,0.000558,15.247733,4135,20,0,0,0,0,,,,c68f9e134eb5a57162815f4876faa6846004a3ae,1f2680a5b9065e708a7497adc53a95b108029b98,3.13.14,2026-10-02T12:45:20.392379+00:00,bell_diagonal,siv_2024_theoretical_ops,until_target,0,1.0,1.0,1.0,0.5,0.9
R08_resource_semantics,R08_resource_semantics:chain1@theoretical_ops:013faa90eb7e9f7e:shortest_hop_count__automatic__conservative_min:9:r08_resource_semantics-chain1,chain1@theoretical_ops,013faa90eb7e9f7e,9,r08_resource_semantics-chain1,shortest_hop_count,automatic,False,a -> r1 -> b,2,4,20,0.6,conservative_min,0.7461333333333331,0.737831285267574,-0.008302048065759071,-0.011126762060970881,0.15,0.0003,5000.0,2.0,True,False,,VIOLATED,17,0,0.85,4.25,0.737831285267574,0.7214183409386138,113.33333333333334,121.30749138872905,0.00620062501,,0.000677,14.899011,3855,19,0,0,0,0,delivered_pairs >= 20.0 (observed=17.0) -> FAIL,,,c68f9e134eb5a57162815f4876faa6846004a3ae,1f2680a5b9065e708a7497adc53a95b108029b98,3.13.14,2026-10-02T12:45:20.655948+00:00,bell_diagonal,siv_2024_theoretical_ops,until_target,0,1.0,1.0,1.0,0.5,0.9
R08_resource_semantics,R08_resource_semantics:chain1@theoretical_ops:013faa90eb7e9f7e:shortest_hop_count__automatic__conservative_min:10:r08_resource_semantics-chain1,chain1@theoretical_ops,013faa90eb7e9f7e,10,r08_resource_semantics-chain1,shortest_hop_count,automatic,False,a -> r1 -> b,2,4,20,0.6,conservative_min,0.7461333333333331,0.7405030263822158,-0.005630306951117325,-0.007545979652140807,0.15,0.0003,5000.0,2.0,True,True,,SATISFIED,27,7,1.35,6.75,0.7405030263822158,0.7250043720558286,180.0,189.85412523129682,0.0007750750099999992,0.10576131251000001,0.000494,14.82458,4072,27,0,0,0,0,,,,c68f9e134eb5a57162815f4876faa6846004a3ae,1f2680a5b9065e708a7497adc53a95b108029b98,3.13.14,2026-10-02T12:45:23.226453+00:00,bell_diagonal,siv_2024_theoretical_ops,until_target,0,1.0,1.0,1.0,0.5,0.9
R08_resource_semantics,R08_resource_semantics:chain1@theoretical_ops:013faa90eb7e9f7e:shortest_hop_count__automatic__conservative_min:11:r08_resource_semantics-chain1,chain1@theoretical_ops,013faa90eb7e9f7e,11,r08_resource_semantics-chain1,shortest_hop_count,automatic,False,a -> r1 -> b,2,4,20,0.6,conservative_min,0.7461333333333331,0.7405855100199655,-0.005547823313367561,-0.007435431531496913,0.15,0.0003,5000.0,2.0,True,True,,SATISFIED,21,1,1.05,5.25,0.7405855100199655,0.6996416285322373,140.0,155.22270346393321,0.01070106251,0.14296426251,0.000431,15.254808,4213,21,0,0,0,0,,,,c68f9e134eb5a57162815f4876faa6846004a3ae,1f2680a5b9065e708a7497adc53a95b108029b98,3.13.14,2026-10-02T12:45:24.478633+00:00,bell_diagonal,siv_2024_theoretical_ops,until_target,0,1.0,1.0,1.0,0.5,0.9
R08_resource_semantics,R08_resource_semantics:chain1@theoretical_ops:013faa90eb7e9f7e:shortest_hop_count__automatic__conservative_min:12:r08_resource_semantics-chain1,chain1@theoretical_ops,013faa90eb7e9f7e,12,r08_resource_semantics-chain1,shortest_hop_count,automatic,False,a -> r1 -> b,2,4,20,0.6,conservative_min,0.7461333333333331,0.7416121928153926,-0.004521140517940503,-0.006059427070148996,0.15,0.0003,5000.0,2.0,True,True,,SATISFIED,24,4,1.2,6.0,0.7416121928153926,0.7285392256924115,160.0,169.59198112582578,0.0014501625100000002,0.10603620001000001,0.000696,14.673497,4977,24,0,0,0,0,,,,c68f9e134eb5a57162815f4876faa6846004a3ae,1f2680a5b9065e708a7497adc53a95b108029b98,3.13.14,2026-10-02T12:45:32.824996+00:00,bell_diagonal,siv_2024_theoretical_ops,until_target,0,1.0,1.0,1.0,0.5,0.9
R08_resource_semantics,R08_resource_semantics:chain1@theoretical_ops:013faa90eb7e9f7e:shortest_hop_count__automatic__conservative_min:13:r08_resource_semantics-chain1,chain1@theoretical_ops,013faa90eb7e9f7e,13,r08_resource_semantics-chain1,shortest_hop_count,automatic,False,a -> r1 -> b,2,4,20,0.6,conservative_min,0.7461333333333331,0.7399826039079292,-0.006150729425403845,-0.008243472246341825,0.15,0.0003,5000.0,2.0,True,True,,SATISFIED,26,6,1.3,6.5,0.7399826039079292,0.720867855021562,173.33333333333334,202.98574464295734,0.021452125009999996,0.11493661251000001,0.000376,13.789037,3295,28,0,0,0,0,,,,c68f9e134eb5a57162815f4876faa6846004a3ae,1f2680a5b9065e708a7497adc53a95b108029b98,3.13.14,2026-10-02T12:45:32.932725+00:00,bell_diagonal,siv_2024_theoretical_ops,until_target,0,1.0,1.0,1.0,0.5,0.9
R08_resource_semantics,R08_resource_semantics:chain1@theoretical_ops:013faa90eb7e9f7e:shortest_hop_count__automatic__conservative_min:15:r08_resource_semantics-chain1,chain1@theoretical_ops,013faa90eb7e9f7e,15,r08_resource_semantics-chain1,shortest_hop_count,automatic,False,a -> r1 -> b,2,4,20,0.6,conservative_min,0.7461333333333331,0.7409748636283736,-0.0051584697049594785,-0.006913603071335973,0.15,0.0003,5000.0,2.0,True,True,,SATISFIED,25,5,1.25,6.25,0.7409748636283736,0.7274445001256407,166.66666666666669,195.94217472104935,0.021077112510000003,0.10898775001000001,0.000494,14.13867,4734,27,0,0,0,0,,,,c68f9e134eb5a57162815f4876faa6846004a3ae,1f2680a5b9065e708a7497adc53a95b108029b98,3.13.14,2026-10-02T12:45:34.930102+00:00,bell_diagonal,siv_2024_theoretical_ops,until_target,0,1.0,1.0,1.0,0.5,0.9
R08_resource_semantics,R08_resource_semantics:chain1@theoretical_ops:013faa90eb7e9f7e:shortest_hop_count__automatic__conservative_min:14:r08_resource_semantics-chain1,chain1@theoretical_ops,013faa90eb7e9f7e,14,r08_resource_semantics-chain1,shortest_hop_count,automatic,False,a -> r1 -> b,2,4,20,0.6,conservative_min,0.7461333333333331,0.7405220113683582,-0.005611321964974936,-0.007520535156774845,0.15,0.0003,5000.0,2.0,True,True,,SATISFIED,25,5,1.25,6.25,0.7405220113683582,0.7297951759777404,166.66666666666669,181.5328781456925,0.011201112510000001,0.11256272501,0.000522,15.181103,5146,25,0,0,0,0,,,,c68f9e134eb5a57162815f4876faa6846004a3ae,1f2680a5b9065e708a7497adc53a95b108029b98,3.13.14,2026-10-02T12:45:35.712732+00:00,bell_diagonal,siv_2024_theoretical_ops,until_target,0,1.0,1.0,1.0,0.5,0.9
R08_resource_semantics,R08_resource_semantics:chain1@theoretical_ops:013faa90eb7e9f7e:shortest_hop_count__automatic__conservative_min:17:r08_resource_semantics-chain1,chain1@theoretical_ops,013faa90eb7e9f7e,17,r08_resource_semantics-chain1,shortest_hop_count,automatic,False,a -> r1 -> b,2,4,20,0.6,conservative_min,0.7461333333333331,0.7395454944245852,-0.006587838908747923,-0.008829305185062444,0.15,0.0003,5000.0,2.0,True,True,,SATISFIED,25,5,1.25,6.25,0.7395454944245852,0.7132793192976755,166.66666666666669,177.8861064635895,0.00657583751,0.12131262501,0.000406,13.740702,3526,27,0,0,0,0,,,,c68f9e134eb5a57162815f4876faa6846004a3ae,1f2680a5b9065e708a7497adc53a95b108029b98,3.13.14,2026-10-02T12:45:38.315094+00:00,bell_diagonal,siv_2024_theoretical_ops,until_target,0,1.0,1.0,1.0,0.5,0.9
R08_resource_semantics,R08_resource_semantics:chain1@theoretical_ops:013faa90eb7e9f7e:shortest_hop_count__automatic__conservative_min:16:r08_resource_semantics-chain1,chain1@theoretical_ops,013faa90eb7e9f7e,16,r08_resource_semantics-chain1,shortest_hop_count,automatic,False,a -> r1 -> b,2,4,20,0.6,conservative_min,0.7461333333333331,0.7403419743922264,-0.005791358941106717,-0.007761828459310291,0.15,0.0003,5000.0,2.0,True,True,,SATISFIED,22,2,1.1,5.5,0.7403419743922264,0.7202267393307643,146.66666666666669,164.06841951399952,0.011076100010000001,0.13031500001,0.00047,15.19281,4677,23,0,0,0,0,,,,c68f9e134eb5a57162815f4876faa6846004a3ae,1f2680a5b9065e708a7497adc53a95b108029b98,3.13.14,2026-10-02T12:45:38.551880+00:00,bell_diagonal,siv_2024_theoretical_ops,until_target,0,1.0,1.0,1.0,0.5,0.9
R08_resource_semantics,R08_resource_semantics:chain1@theoretical_ops:013faa90eb7e9f7e:shortest_hop_count__automatic__conservative_min:18:r08_resource_semantics-chain1,chain1@theoretical_ops,013faa90eb7e9f7e,18,r08_resource_semantics-chain1,shortest_hop_count,automatic,False,a -> r1 -> b,2,4,20,0.6,conservative_min,0.7461333333333331,0.7361252247974708,-0.010008108535862315,-0.013413297716041347,0.15,0.0003,5000.0,2.0,True,False,,VIOLATED,19,0,0.95,4.75,0.7361252247974708,0.6915570352476795,126.66666666666667,148.27698726525045,0.019576975009999997,,0.000484,12.682786,3008,19,0,0,0,0,delivered_pairs >= 20.0 (observed=19.0) -> FAIL,,,c68f9e134eb5a57162815f4876faa6846004a3ae,1f2680a5b9065e708a7497adc53a95b108029b98,3.13.14,2026-10-02T12:45:45.607292+00:00,bell_diagonal,siv_2024_theoretical_ops,until_target,0,1.0,1.0,1.0,0.5,0.9
R08_resource_semantics,R08_resource_semantics:chain1@theoretical_ops:013faa90eb7e9f7e:shortest_hop_count__automatic__conservative_min:19:r08_resource_semantics-chain1,chain1@theoretical_ops,013faa90eb7e9f7e,19,r08_resource_semantics-chain1,shortest_hop_count,automatic,False,a -> r1 -> b,2,4,20,0.6,conservative_min,0.7461333333333331,0.7374511220567419,-0.00868221127659119,-0.01163627315483094,0.15,0.0003,5000.0,2.0,True,True,,SATISFIED,20,0,1.0,5.0,0.7374511220567419,0.6821759282106363,133.33333333333334,141.0545289479598,0.008200825010000001,0.14998996251,0.003304,12.967076,3010,22,0,0,0,0,,,,c68f9e134eb5a57162815f4876faa6846004a3ae,1f2680a5b9065e708a7497adc53a95b108029b98,3.13.14,2026-10-02T12:45:46.015034+00:00,bell_diagonal,siv_2024_theoretical_ops,until_target,0,1.0,1.0,1.0,0.5,0.9
R08_resource_semantics,R08_resource_semantics:chain1@theoretical_ops:9496ceb1badd7b12:shortest_hop_count__automatic__conservative_min:1:r08_resource_semantics-chain1,chain1@theoretical_ops,9496ceb1badd7b12,1,r08_resource_semantics-chain1,shortest_hop_count,automatic,False,a -> r1 -> b,2,2,20,0.6,conservative_min,0.7461333333333331,0.7364420998733868,-0.009691233459946269,-0.01298860810393085,0.3,0.0003,5000.0,2.0,True,True,,SATISFIED,21,1,1.05,10.5,0.7364420998733868,0.7078468820556612,70.0,76.01673399803633,0.008825862509999999,0.27615493751,0.000483,12.123358,3323,23,0,0,0,0,,,,c68f9e134eb5a57162815f4876faa6846004a3ae,1f2680a5b9065e708a7497adc53a95b108029b98,3.13.14,2026-10-02T12:45:47.914641+00:00,bell_diagonal,siv_2024_theoretical_ops,until_target,0,1.0,1.0,1.0,0.5,0.9
R08_resource_semantics,R08_resource_semantics:chain1@theoretical_ops:9496ceb1badd7b12:shortest_hop_count__automatic__conservative_min:0:r08_resource_semantics-chain1,chain1@theoretical_ops,9496ceb1badd7b12,0,r08_resource_semantics-chain1,shortest_hop_count,automatic,False,a -> r1 -> b,2,2,20,0.6,conservative_min,0.7461333333333331,0.7388843730371698,-0.007248960296163287,-0.00971536851701656,0.3,0.0003,5000.0,2.0,True,True,,SATISFIED,27,7,1.35,13.5,0.7388843730371698,0.7248959520865922,90.0,95.97291857510962,0.012276512509999999,0.22364837500999998,0.000485,12.960275,3759,27,0,0,0,0,,,,c68f9e134eb5a57162815f4876faa6846004a3ae,1f2680a5b9065e708a7497adc53a95b108029b98,3.13.14,2026-10-02T12:45:47.959240+00:00,bell_diagonal,siv_2024_theoretical_ops,until_target,0,1.0,1.0,1.0,0.5,0.9
R08_resource_semantics,R08_resource_semantics:chain1@theoretical_ops:9496ceb1badd7b12:shortest_hop_count__automatic__conservative_min:3:r08_resource_semantics-chain1,chain1@theoretical_ops,9496ceb1badd7b12,3,r08_resource_semantics-chain1,shortest_hop_count,automatic,False,a -> r1 -> b,2,2,20,0.6,conservative_min,0.7461333333333331,0.7391521409900558,-0.00698119234327732,-0.009356494384306633,0.3,0.0003,5000.0,2.0,True,False,,VIOLATED,18,0,0.9,9.0,0.7391521409900558,0.7200748599503736,60.0,69.28297128490273,0.01037628751,,0.000599,12.499593,4807,20,0,0,0,0,delivered_pairs >= 20.0 (observed=18.0) -> FAIL,,,c68f9e134eb5a57162815f4876faa6846004a3ae,1f2680a5b9065e708a7497adc53a95b108029b98,3.13.14,2026-10-02T12:45:51.187227+00:00,bell_diagonal,siv_2024_theoretical_ops,until_target,0,1.0,1.0,1.0,0.5,0.9
R08_resource_semantics,R08_resource_semantics:chain1@theoretical_ops:9496ceb1badd7b12:shortest_hop_count__automatic__conservative_min:2:r08_resource_semantics-chain1,chain1@theoretical_ops,9496ceb1badd7b12,2,r08_resource_semantics-chain1,shortest_hop_count,automatic,False,a -> r1 -> b,2,2,20,0.6,conservative_min,0.7461333333333331,0.7398976330588595,-0.006235700274473621,-0.008357353834623334,0.3,0.0003,5000.0,2.0,True,True,,SATISFIED,25,5,1.25,12.5,0.7398976330588595,0.7308498254780083,83.33333333333334,86.07799475457915,0.0034503250099999997,0.22282643751,0.000461,12.778329,4898,25,0,0,0,0,,,,c68f9e134eb5a57162815f4876faa6846004a3ae,1f2680a5b9065e708a7497adc53a95b108029b98,3.13.14,2026-10-02T12:45:51.217073+00:00,bell_diagonal,siv_2024_theoretical_ops,until_target,0,1.0,1.0,1.0,0.5,0.9
R08_resource_semantics,R08_resource_semantics:chain1@theoretical_ops:9496ceb1badd7b12:shortest_hop_count__automatic__conservative_min:4:r08_resource_semantics-chain1,chain1@theoretical_ops,9496ceb1badd7b12,4,r08_resource_semantics-chain1,shortest_hop_count,automatic,False,a -> r1 -> b,2,2,20,0.6,conservative_min,0.7461333333333331,0.7342067288628729,-0.011926604470460234,-0.015984548521882018,0.3,0.0003,5000.0,2.0,True,False,,VIOLATED,16,0,0.8,8.0,0.7342067288628729,0.7227064380089009,53.333333333333336,68.78775500574673,0.06098260000999999,,0.000468,10.755056,3750,17,0,0,0,0,delivered_pairs >= 20.0 (observed=16.0) -> FAIL,,,c68f9e134eb5a57162815f4876faa6846004a3ae,1f2680a5b9065e708a7497adc53a95b108029b98,3.13.14,2026-10-02T12:45:56.446221+00:00,bell_diagonal,siv_2024_theoretical_ops,until_target,0,1.0,1.0,1.0,0.5,0.9
R08_resource_semantics,R08_resource_semantics:chain1@theoretical_ops:9496ceb1badd7b12:shortest_hop_count__automatic__conservative_min:5:r08_resource_semantics-chain1,chain1@theoretical_ops,9496ceb1badd7b12,5,r08_resource_semantics-chain1,shortest_hop_count,automatic,False,a -> r1 -> b,2,2,20,0.6,conservative_min,0.7461333333333331,0.7359295756265585,-0.010203757706774619,-0.013675515153825887,0.3,0.0003,5000.0,2.0,True,True,,SATISFIED,20,0,1.0,10.0,0.7359295756265585,0.6864664481904877,66.66666666666667,71.40198693879154,0.01182617501,0.29193042501,0.000501,10.418868,3261,21,0,0,0,0,,,,c68f9e134eb5a57162815f4876faa6846004a3ae,1f2680a5b9065e708a7497adc53a95b108029b98,3.13.14,2026-10-02T12:45:56.502536+00:00,bell_diagonal,siv_2024_theoretical_ops,until_target,0,1.0,1.0,1.0,0.5,0.9
R08_resource_semantics,R08_resource_semantics:chain1@theoretical_ops:9496ceb1badd7b12:shortest_hop_count__automatic__conservative_min:7:r08_resource_semantics-chain1,chain1@theoretical_ops,9496ceb1badd7b12,7,r08_resource_semantics-chain1,shortest_hop_count,automatic,False,a -> r1 -> b,2,2,20,0.6,conservative_min,0.7461333333333331,0.7387817440878031,-0.0073515892455300325,-0.009852916251157123,0.3,0.0003,5000.0,2.0,True,True,,SATISFIED,27,7,1.35,13.5,0.7387817440878031,0.7215703311002457,90.0,96.5736388303287,0.00397547501,0.22344916251,0.000402,10.37236,3753,27,0,0,0,0,,,,c68f9e134eb5a57162815f4876faa6846004a3ae,1f2680a5b9065e708a7497adc53a95b108029b98,3.13.14,2026-10-02T12:45:58.410164+00:00,bell_diagonal,siv_2024_theoretical_ops,until_target,0,1.0,1.0,1.0,0.5,0.9
R08_resource_semantics,R08_resource_semantics:chain1@theoretical_ops:9496ceb1badd7b12:shortest_hop_count__automatic__conservative_min:6:r08_resource_semantics-chain1,chain1@theoretical_ops,9496ceb1badd7b12,6,r08_resource_semantics-chain1,shortest_hop_count,automatic,False,a -> r1 -> b,2,2,20,0.6,conservative_min,0.7461333333333331,0.7404716835358015,-0.005661649797531587,-0.0075879866836109575,0.3,0.0003,5000.0,2.0,True,True,,SATISFIED,27,7,1.35,13.5,0.7404716835358015,0.711377157485924,90.0,95.91241278464504,0.005450537510000001,0.21067288751,0.003877,11.752824,4972,27,0,0,0,0,,,,c68f9e134eb5a57162815f4876faa6846004a3ae,1f2680a5b9065e708a7497adc53a95b108029b98,3.13.14,2026-10-02T12:45:59.764229+00:00,bell_diagonal,siv_2024_theoretical_ops,until_target,0,1.0,1.0,1.0,0.5,0.9
R08_resource_semantics,R08_resource_semantics:chain1@theoretical_ops:9496ceb1badd7b12:shortest_hop_count__automatic__conservative_min:8:r08_resource_semantics-chain1,chain1@theoretical_ops,9496ceb1badd7b12,8,r08_resource_semantics-chain1,shortest_hop_count,automatic,False,a -> r1 -> b,2,2,20,0.6,conservative_min,0.7461333333333331,0.7350449835514619,-0.011088349781871232,-0.014861083517518633,0.3,0.0003,5000.0,2.0,True,False,,VIOLATED,19,0,0.95,9.5,0.7350449835514619,0.708448254321867,63.333333333333336,67.9348494067634,0.019701962509999997,,0.000454,10.335068,3713,19,0,0,0,0,delivered_pairs >= 20.0 (observed=19.0) -> FAIL,,,c68f9e134eb5a57162815f4876faa6846004a3ae,1f2680a5b9065e708a7497adc53a95b108029b98,3.13.14,2026-10-02T12:46:01.632748+00:00,bell_diagonal,siv_2024_theoretical_ops,until_target,0,1.0,1.0,1.0,0.5,0.9
R08_resource_semantics,R08_resource_semantics:chain1@theoretical_ops:9496ceb1badd7b12:shortest_hop_count__automatic__conservative_min:9:r08_resource_semantics-chain1,chain1@theoretical_ops,9496ceb1badd7b12,9,r08_resource_semantics-chain1,shortest_hop_count,automatic,False,a -> r1 -> b,2,2,20,0.6,conservative_min,0.7461333333333331,0.734507859992903,-0.01162547334043007,-0.015580959623521365,0.3,0.0003,5000.0,2.0,True,False,,VIOLATED,15,0,0.75,7.5,0.734507859992903,0.6840101088843589,50.0,52.76036746716601,0.012326212509999998,,0.000475,10.46297,3557,15,0,0,0,0,delivered_pairs >= 20.0 (observed=15.0) -> FAIL,,,c68f9e134eb5a57162815f4876faa6846004a3ae,1f2680a5b9065e708a7497adc53a95b108029b98,3.13.14,2026-10-02T12:46:01.764485+00:00,bell_diagonal,siv_2024_theoretical_ops,until_target,0,1.0,1.0,1.0,0.5,0.9
R08_resource_semantics,R08_resource_semantics:chain1@theoretical_ops:9496ceb1badd7b12:shortest_hop_count__automatic__conservative_min:10:r08_resource_semantics-chain1,chain1@theoretical_ops,9496ceb1badd7b12,10,r08_resource_semantics-chain1,shortest_hop_count,automatic,False,a -> r1 -> b,2,2,20,0.6,conservative_min,0.7461333333333331,0.7382561351938696,-0.007877198139463526,-0.010557359908144472,0.3,0.0003,5000.0,2.0,True,True,,SATISFIED,26,6,1.3,13.0,0.7382561351938696,0.7201808901788036,86.66666666666667,89.1839620309572,0.0013751500099999994,0.22607441251,0.000425,10.299257,3605,26,0,0,0,0,,,,c68f9e134eb5a57162815f4876faa6846004a3ae,1f2680a5b9065e708a7497adc53a95b108029b98,3.13.14,2026-10-02T12:46:06.832352+00:00,bell_diagonal,siv_2024_theoretical_ops,until_target,0,1.0,1.0,1.0,0.5,0.9
R08_resource_semantics,R08_resource_semantics:chain1@theoretical_ops:9496ceb1badd7b12:shortest_hop_count__automatic__conservative_min:11:r08_resource_semantics-chain1,chain1@theoretical_ops,9496ceb1badd7b12,11,r08_resource_semantics-chain1,shortest_hop_count,automatic,False,a -> r1 -> b,2,2,20,0.6,conservative_min,0.7461333333333331,0.7377467488878595,-0.008386584445473577,-0.01124006135472692,0.3,0.0003,5000.0,2.0,True,False,,VIOLATED,19,0,0.95,9.5,0.7377467488878595,0.7210970215578673,63.333333333333336,70.59165560188907,0.021202112510000003,,0.000406,10.883425,3835,20,0,0,0,0,delivered_pairs >= 20.0 (observed=19.0) -> FAIL,,,c68f9e134eb5a57162815f4876faa6846004a3ae,1f2680a5b9065e708a7497adc53a95b108029b98,3.13.14,2026-10-02T12:46:07.500506+00:00,bell_diagonal,siv_2024_theoretical_ops,until_target,0,1.0,1.0,1.0,0.5,0.9
R08_resource_semantics,R08_resource_semantics:chain1@theoretical_ops:9496ceb1badd7b12:shortest_hop_count__automatic__conservative_min:12:r08_resource_semantics-chain1,chain1@theoretical_ops,9496ceb1badd7b12,12,r08_resource_semantics-chain1,shortest_hop_count,automatic,False,a -> r1 -> b,2,2,20,0.6,conservative_min,0.7461333333333331,0.7386378010246593,-0.007495532308673836,-0.010045834938358433,0.3,0.0003,5000.0,2.0,True,True,,SATISFIED,23,3,1.15,11.5,0.7386378010246593,0.7221535356039845,76.66666666666667,86.55399249812086,0.0028252750099999994,0.23430110000999999,0.000845,10.446096,4531,23,0,0,0,0,,,,c68f9e134eb5a57162815f4876faa6846004a3ae,1f2680a5b9065e708a7497adc53a95b108029b98,3.13.14,2026-10-02T12:46:08.958158+00:00,bell_diagonal,siv_2024_theoretical_ops,until_target,0,1.0,1.0,1.0,0.5,0.9
R08_resource_semantics,R08_resource_semantics:chain1@theoretical_ops:9496ceb1badd7b12:shortest_hop_count__automatic__conservative_min:13:r08_resource_semantics-chain1,chain1@theoretical_ops,9496ceb1badd7b12,13,r08_resource_semantics-chain1,shortest_hop_count,automatic,False,a -> r1 -> b,2,2,20,0.6,conservative_min,0.7461333333333331,0.7378702286188533,-0.008263104714479774,-0.011074568505825291,0.3,0.0003,5000.0,2.0,True,True,,SATISFIED,25,5,1.25,12.5,0.7378702286188533,0.6959976755581785,83.33333333333334,97.27543661471753,0.04270425001,0.24162515001,0.000438,9.822066,3045,26,0,0,0,0,,,,c68f9e134eb5a57162815f4876faa6846004a3ae,1f2680a5b9065e708a7497adc53a95b108029b98,3.13.14,2026-10-02T12:46:09.658242+00:00,bell_diagonal,siv_2024_theoretical_ops,until_target,0,1.0,1.0,1.0,0.5,0.9
R08_resource_semantics,R08_resource_semantics:chain1@theoretical_ops:9496ceb1badd7b12:shortest_hop_count__automatic__conservative_min:14:r08_resource_semantics-chain1,chain1@theoretical_ops,9496ceb1badd7b12,14,r08_resource_semantics-chain1,shortest_hop_count,automatic,False,a -> r1 -> b,2,2,20,0.6,conservative_min,0.7461333333333331,0.7371366496226345,-0.008996683710698616,-0.01205774264300208,0.3,0.0003,5000.0,2.0,True,True,,SATISFIED,24,4,1.2,12.0,0.7371366496226345,0.7161984164942404,80.0,90.7094999445113,0.02220221251,0.25385401251,0.000415,10.274385,4488,24,0,0,0,0,,,,c68f9e134eb5a57162815f4876faa6846004a3ae,1f2680a5b9065e708a7497adc53a95b108029b98,3.13.14,2026-10-02T12:46:11.991732+00:00,bell_diagonal,siv_2024_theoretical_ops,until_target,0,1.0,1.0,1.0,0.5,0.9
R08_resource_semantics,R08_resource_semantics:chain1@theoretical_ops:9496ceb1badd7b12:shortest_hop_count__automatic__conservative_min:15:r08_resource_semantics-chain1,chain1@theoretical_ops,9496ceb1badd7b12,15,r08_resource_semantics-chain1,shortest_hop_count,automatic,False,a -> r1 -> b,2,2,20,0.6,conservative_min,0.7461333333333331,0.7383938069587492,-0.0077395263745838605,-0.010372846284735341,0.3,0.0003,5000.0,2.0,True,True,,SATISFIED,21,1,1.05,10.5,0.7383938069587492,0.7208981098577761,70.0,95.86780104144388,0.04207918751,0.23920365001,0.000381,10.568459,4531,23,0,0,0,0,,,,c68f9e134eb5a57162815f4876faa6846004a3ae,1f2680a5b9065e708a7497adc53a95b108029b98,3.13.14,2026-10-02T12:46:12.426379+00:00,bell_diagonal,siv_2024_theoretical_ops,until_target,0,1.0,1.0,1.0,0.5,0.9
R08_resource_semantics,R08_resource_semantics:chain1@theoretical_ops:9496ceb1badd7b12:shortest_hop_count__automatic__conservative_min:16:r08_resource_semantics-chain1,chain1@theoretical_ops,9496ceb1badd7b12,16,r08_resource_semantics-chain1,shortest_hop_count,automatic,False,a -> r1 -> b,2,2,20,0.6,conservative_min,0.7461333333333331,0.7356594127069307,-0.0104739206264024,-0.014037599124020377,0.3,0.0003,5000.0,2.0,True,True,,SATISFIED,20,0,1.0,10.0,0.7356594127069307,0.7125777693932696,66.66666666666667,73.87415897155721,0.02195218751,0.29268285001,0.000397,10.175515,4023,20,0,0,0,0,,,,c68f9e134eb5a57162815f4876faa6846004a3ae,1f2680a5b9065e708a7497adc53a95b108029b98,3.13.14,2026-10-02T12:46:17.109839+00:00,bell_diagonal,siv_2024_theoretical_ops,until_target,0,1.0,1.0,1.0,0.5,0.9
R08_resource_semantics,R08_resource_semantics:chain1@theoretical_ops:9496ceb1badd7b12:shortest_hop_count__automatic__conservative_min:17:r08_resource_semantics-chain1,chain1@theoretical_ops,9496ceb1badd7b12,17,r08_resource_semantics-chain1,shortest_hop_count,automatic,False,a -> r1 -> b,2,2,20,0.6,conservative_min,0.7461333333333331,0.7380202808584011,-0.008113052474931992,-0.010873462037525011,0.3,0.0003,5000.0,2.0,True,True,,SATISFIED,24,4,1.2,12.0,0.7380202808584011,0.7120450829832012,80.0,85.62909623171768,0.01307662501,0.25137547501,0.000427,10.67478,3355,25,0,0,0,0,,,,c68f9e134eb5a57162815f4876faa6846004a3ae,1f2680a5b9065e708a7497adc53a95b108029b98,3.13.14,2026-10-02T12:46:18.246040+00:00,bell_diagonal,siv_2024_theoretical_ops,until_target,0,1.0,1.0,1.0,0.5,0.9
R08_resource_semantics,R08_resource_semantics:chain1@theoretical_ops:9496ceb1badd7b12:shortest_hop_count__automatic__conservative_min:18:r08_resource_semantics-chain1,chain1@theoretical_ops,9496ceb1badd7b12,18,r08_resource_semantics-chain1,shortest_hop_count,automatic,False,a -> r1 -> b,2,2,20,0.6,conservative_min,0.7461333333333331,0.734914639916568,-0.011218693416765069,-0.015035775665785926,0.3,0.0003,5000.0,2.0,True,False,,VIOLATED,18,0,0.9,9.0,0.734914639916568,0.6991305870116999,60.0,73.68757063644468,0.03907890001,,0.000413,10.35436,2906,18,0,0,0,0,delivered_pairs >= 20.0 (observed=18.0) -> FAIL,,,c68f9e134eb5a57162815f4876faa6846004a3ae,1f2680a5b9065e708a7497adc53a95b108029b98,3.13.14,2026-10-02T12:46:19.378150+00:00,bell_diagonal,siv_2024_theoretical_ops,until_target,0,1.0,1.0,1.0,0.5,0.9
R08_resource_semantics,R08_resource_semantics:chain1@theoretical_ops:9496ceb1badd7b12:shortest_hop_count__automatic__conservative_min:19:r08_resource_semantics-chain1,chain1@theoretical_ops,9496ceb1badd7b12,19,r08_resource_semantics-chain1,shortest_hop_count,automatic,False,a -> r1 -> b,2,2,20,0.6,conservative_min,0.7461333333333331,0.7364732916045719,-0.009660041728761226,-0.0129468036035935,0.3,0.0003,5000.0,2.0,True,False,,VIOLATED,19,0,0.95,9.5,0.7364732916045719,0.6996987330896243,63.333333333333336,77.69363182613311,0.016326612509999998,,0.000447,10.188508,2708,21,0,0,0,0,delivered_pairs >= 20.0 (observed=19.0) -> FAIL,,,c68f9e134eb5a57162815f4876faa6846004a3ae,1f2680a5b9065e708a7497adc53a95b108029b98,3.13.14,2026-10-02T12:46:19.937303+00:00,bell_diagonal,siv_2024_theoretical_ops,until_target,0,1.0,1.0,1.0,0.5,0.9
R08_resource_semantics,R08_resource_semantics:chain1@theoretical_ops:6db789a412b819c4:shortest_hop_count__automatic__conservative_min:0:r08_resource_semantics-chain1,chain1@theoretical_ops,6db789a412b819c4,0,r08_resource_semantics-chain1,shortest_hop_count,automatic,False,a -> r1 -> b,2,4,20,0.6,conservative_min,0.7461333333333331,0.7401737861587077,-0.005959547174625435,-0.007987241567135593,0.3,0.0003,5000.0,2.0,True,True,,SATISFIED,52,32,2.6,13.0,0.7401737861587077,0.7097100514936197,173.33333333333334,176.98746822362315,0.0061757750100000005,0.10741127501,0.000423,22.991904,7392,54,0,0,0,0,,,,c68f9e134eb5a57162815f4876faa6846004a3ae,1f2680a5b9065e708a7497adc53a95b108029b98,3.13.14,2026-10-02T12:46:35.143360+00:00,bell_diagonal,siv_2024_theoretical_ops,until_target,0,1.0,1.0,1.0,0.5,0.9
R08_resource_semantics,R08_resource_semantics:chain1@theoretical_ops:6db789a412b819c4:shortest_hop_count__automatic__conservative_min:1:r08_resource_semantics-chain1,chain1@theoretical_ops,6db789a412b819c4,1,r08_resource_semantics-chain1,shortest_hop_count,automatic,False,a -> r1 -> b,2,4,20,0.6,conservative_min,0.7461333333333331,0.7405452582224509,-0.005588075110882218,-0.007489378722590537,0.3,0.0003,5000.0,2.0,True,True,,SATISFIED,53,33,2.65,13.25,0.7405452582224509,0.7214641083722163,176.66666666666669,181.17719368833352,0.004450450009999999,0.12553810001,0.00038,24.073809,8301,55,0,0,0,0,,,,c68f9e134eb5a57162815f4876faa6846004a3ae,1f2680a5b9065e708a7497adc53a95b108029b98,3.13.14,2026-10-02T12:46:36.653856+00:00,bell_diagonal,siv_2024_theoretical_ops,until_target,0,1.0,1.0,1.0,0.5,0.9
R08_resource_semantics,R08_resource_semantics:chain1@theoretical_ops:6db789a412b819c4:shortest_hop_count__automatic__conservative_min:4:r08_resource_semantics-chain1,chain1@theoretical_ops,6db789a412b819c4,4,r08_resource_semantics-chain1,shortest_hop_count,automatic,False,a -> r1 -> b,2,4,20,0.6,conservative_min,0.7461333333333331,0.736635984811677,-0.009497348521656068,-0.012728755166622684,0.3,0.0003,5000.0,2.0,True,True,,SATISFIED,35,15,1.75,8.75,0.736635984811677,0.7075109515936463,116.66666666666667,135.00361737371193,0.030578800009999997,0.16899293751,0.000423,22.310077,7444,38,0,0,0,0,,,,c68f9e134eb5a57162815f4876faa6846004a3ae,1f2680a5b9065e708a7497adc53a95b108029b98,3.13.14,2026-10-02T12:46:41.866767+00:00,bell_diagonal,siv_2024_theoretical_ops,until_target,0,1.0,1.0,1.0,0.5,0.9
R08_resource_semantics,R08_resource_semantics:chain1@theoretical_ops:6db789a412b819c4:shortest_hop_count__automatic__conservative_min:5:r08_resource_semantics-chain1,chain1@theoretical_ops,6db789a412b819c4,5,r08_resource_semantics-chain1,shortest_hop_count,automatic,False,a -> r1 -> b,2,4,20,0.6,conservative_min,0.7461333333333331,0.7379228295490908,-0.008210503784242262,-0.011004070475664223,0.3,0.0003,5000.0,2.0,True,True,,SATISFIED,44,24,2.2,11.0,0.7379228295490908,0.6981113219334673,146.66666666666669,151.5251566628065,0.00595061251,0.13893887501,0.000421,22.425756,7655,45,0,0,0,0,,,,c68f9e134eb5a57162815f4876faa6846004a3ae,1f2680a5b9065e708a7497adc53a95b108029b98,3.13.14,2026-10-02T12:46:42.512378+00:00,bell_diagonal,siv_2024_theoretical_ops,until_target,0,1.0,1.0,1.0,0.5,0.9
R08_resource_semantics,R08_resource_semantics:chain1@theoretical_ops:6db789a412b819c4:shortest_hop_count__automatic__conservative_min:2:r08_resource_semantics-chain1,chain1@theoretical_ops,6db789a412b819c4,2,r08_resource_semantics-chain1,shortest_hop_count,automatic,False,a -> r1 -> b,2,4,20,0.6,conservative_min,0.7461333333333331,0.7411025650438207,-0.005030768289512433,-0.006742452139267916,0.3,0.0003,5000.0,2.0,True,True,,SATISFIED,45,25,2.25,11.25,0.7411025650438207,0.7180681487889795,150.0,152.65392667879246,0.0018251625100000005,0.09856075001,0.00043,25.704722,10967,47,0,0,0,0,,,,c68f9e134eb5a57162815f4876faa6846004a3ae,1f2680a5b9065e708a7497adc53a95b108029b98,3.13.14,2026-10-02T12:46:43.031999+00:00,bell_diagonal,siv_2024_theoretical_ops,until_target,0,1.0,1.0,1.0,0.5,0.9
R08_resource_semantics,R08_resource_semantics:chain1@theoretical_ops:6db789a412b819c4:shortest_hop_count__automatic__conservative_min:3:r08_resource_semantics-chain1,chain1@theoretical_ops,6db789a412b819c4,3,r08_resource_semantics-chain1,shortest_hop_count,automatic,False,a -> r1 -> b,2,4,20,0.6,conservative_min,0.7461333333333331,0.7402198668088219,-0.005913466524511191,-0.007925482296968182,0.3,0.0003,5000.0,2.0,True,True,,SATISFIED,40,20,2.0,10.0,0.7402198668088219,0.7035642992450888,133.33333333333334,138.34574373915254,0.005275650010000001,0.16426806250999998,0.000386,24.651671,8932,41,0,0,0,0,,,,c68f9e134eb5a57162815f4876faa6846004a3ae,1f2680a5b9065e708a7497adc53a95b108029b98,3.13.14,2026-10-02T12:46:43.063464+00:00,bell_diagonal,siv_2024_theoretical_ops,until_target,0,1.0,1.0,1.0,0.5,0.9
R08_resource_semantics,R08_resource_semantics:chain1@theoretical_ops:6db789a412b819c4:shortest_hop_count__automatic__conservative_min:6:r08_resource_semantics-chain1,chain1@theoretical_ops,6db789a412b819c4,6,r08_resource_semantics-chain1,shortest_hop_count,automatic,False,a -> r1 -> b,2,4,20,0.6,conservative_min,0.7461333333333331,0.7404777479726445,-0.005655585360688553,-0.007579858864396741,0.3,0.0003,5000.0,2.0,True,True,,SATISFIED,50,30,2.5,12.5,0.7404777479726445,0.7093867043860881,166.66666666666669,169.34367261126465,0.0028252750099999994,0.09973497501,0.000596,27.889023,9321,50,0,0,0,0,,,,c68f9e134eb5a57162815f4876faa6846004a3ae,1f2680a5b9065e708a7497adc53a95b108029b98,3.13.14,2026-10-02T12:47:03.256075+00:00,bell_diagonal,siv_2024_theoretical_ops,until_target,0,1.0,1.0,1.0,0.5,0.9
R08_resource_semantics,R08_resource_semantics:chain1@theoretical_ops:6db789a412b819c4:shortest_hop_count__automatic__conservative_min:7:r08_resource_semantics-chain1,chain1@theoretical_ops,6db789a412b819c4,7,r08_resource_semantics-chain1,shortest_hop_count,automatic,False,a -> r1 -> b,2,4,20,0.6,conservative_min,0.7461333333333331,0.7404146535361398,-0.005718679797193316,-0.007664420743200479,0.3,0.0003,5000.0,2.0,True,True,,SATISFIED,52,32,2.6,13.0,0.7404146535361398,0.7256716163729071,173.33333333333334,179.49177852147014,0.0020752375099999994,0.10158618751000001,0.000387,27.865667,8839,52,0,0,0,0,,,,c68f9e134eb5a57162815f4876faa6846004a3ae,1f2680a5b9065e708a7497adc53a95b108029b98,3.13.14,2026-10-02T12:47:04.803241+00:00,bell_diagonal,siv_2024_theoretical_ops,until_target,0,1.0,1.0,1.0,0.5,0.9
R08_resource_semantics,R08_resource_semantics:chain1@theoretical_ops:6db789a412b819c4:shortest_hop_count__automatic__conservative_min:8:r08_resource_semantics-chain1,chain1@theoretical_ops,6db789a412b819c4,8,r08_resource_semantics-chain1,shortest_hop_count,automatic,False,a -> r1 -> b,2,4,20,0.6,conservative_min,0.7461333333333331,0.7410918258008271,-0.005041507532505984,-0.006756845334845407,0.3,0.0003,5000.0,2.0,True,True,,SATISFIED,46,26,2.3,11.5,0.7410918258008271,0.6987052013099112,153.33333333333334,164.29669429247124,0.00995098751,0.13971426251,0.000406,28.166823,8725,49,0,0,0,0,,,,c68f9e134eb5a57162815f4876faa6846004a3ae,1f2680a5b9065e708a7497adc53a95b108029b98,3.13.14,2026-10-02T12:47:10.203412+00:00,bell_diagonal,siv_2024_theoretical_ops,until_target,0,1.0,1.0,1.0,0.5,0.9
R08_resource_semantics,R08_resource_semantics:chain1@theoretical_ops:6db789a412b819c4:shortest_hop_count__automatic__conservative_min:9:r08_resource_semantics-chain1,chain1@theoretical_ops,6db789a412b819c4,9,r08_resource_semantics-chain1,shortest_hop_count,automatic,False,a -> r1 -> b,2,4,20,0.6,conservative_min,0.7461333333333331,0.7390265490384481,-0.007106784294884982,-0.009524818122165365,0.3,0.0003,5000.0,2.0,True,True,,SATISFIED,37,17,1.85,9.25,0.7390265490384481,0.71659067001328,123.33333333333334,127.05797977554609,0.00620062501,0.16146610001,0.000457,28.062773,8287,39,0,0,0,0,,,,c68f9e134eb5a57162815f4876faa6846004a3ae,1f2680a5b9065e708a7497adc53a95b108029b98,3.13.14,2026-10-02T12:47:10.729668+00:00,bell_diagonal,siv_2024_theoretical_ops,until_target,0,1.0,1.0,1.0,0.5,0.9
R08_resource_semantics,R08_resource_semantics:chain1@theoretical_ops:6db789a412b819c4:shortest_hop_count__automatic__conservative_min:11:r08_resource_semantics-chain1,chain1@theoretical_ops,6db789a412b819c4,11,r08_resource_semantics-chain1,shortest_hop_count,automatic,False,a -> r1 -> b,2,4,20,0.6,conservative_min,0.7461333333333331,0.7410937410922032,-0.005039592241129931,-0.006754278378926822,0.3,0.0003,5000.0,2.0,True,True,,SATISFIED,44,24,2.2,11.0,0.7410937410922032,0.6996416285322373,146.66666666666669,157.8163029890094,0.01070106251,0.14296426251,0.000422,28.867217,8980,44,0,0,0,0,,,,c68f9e134eb5a57162815f4876faa6846004a3ae,1f2680a5b9065e708a7497adc53a95b108029b98,3.13.14,2026-10-02T12:47:12.093216+00:00,bell_diagonal,siv_2024_theoretical_ops,until_target,0,1.0,1.0,1.0,0.5,0.9
R08_resource_semantics,R08_resource_semantics:chain1@theoretical_ops:6db789a412b819c4:shortest_hop_count__automatic__conservative_min:10:r08_resource_semantics-chain1,chain1@theoretical_ops,6db789a412b819c4,10,r08_resource_semantics-chain1,shortest_hop_count,automatic,False,a -> r1 -> b,2,4,20,0.6,conservative_min,0.7461333333333331,0.7421049454079885,-0.004028387925344545,-0.00539901884204505,0.3,0.0003,5000.0,2.0,True,True,,SATISFIED,56,36,2.8,14.0,0.7421049454079885,0.7250043720558286,186.66666666666669,189.29479618041978,0.0007750750099999992,0.10576131251000001,0.000431,29.409008,9851,56,0,0,0,0,,,,c68f9e134eb5a57162815f4876faa6846004a3ae,1f2680a5b9065e708a7497adc53a95b108029b98,3.13.14,2026-10-02T12:47:12.608746+00:00,bell_diagonal,siv_2024_theoretical_ops,until_target,0,1.0,1.0,1.0,0.5,0.9
R08_resource_semantics,R08_resource_semantics:chain1@theoretical_ops:6db789a412b819c4:shortest_hop_count__automatic__conservative_min:13:r08_resource_semantics-chain1,chain1@theoretical_ops,6db789a412b819c4,13,r08_resource_semantics-chain1,shortest_hop_count,automatic,False,a -> r1 -> b,2,4,20,0.6,conservative_min,0.7461333333333331,0.740275796754913,-0.005857536578420142,-0.0078505225765102,0.3,0.0003,5000.0,2.0,True,True,,SATISFIED,54,34,2.7,13.5,0.740275796754913,0.7183869516382019,180.0,195.54246467154206,0.021452125009999996,0.11493661251000001,0.000487,24.243569,8430,55,0,0,0,0,,,,c68f9e134eb5a57162815f4876faa6846004a3ae,1f2680a5b9065e708a7497adc53a95b108029b98,3.13.14,2026-10-02T12:47:29.275318+00:00,bell_diagonal,siv_2024_theoretical_ops,until_target,0,1.0,1.0,1.0,0.5,0.9
R08_resource_semantics,R08_resource_semantics:chain1@theoretical_ops:6db789a412b819c4:shortest_hop_count__automatic__conservative_min:12:r08_resource_semantics-chain1,chain1@theoretical_ops,6db789a412b819c4,12,r08_resource_semantics-chain1,shortest_hop_count,automatic,False,a -> r1 -> b,2,4,20,0.6,conservative_min,0.7461333333333331,0.7403282860199922,-0.005805047313340861,-0.007780174204799226,0.3,0.0003,5000.0,2.0,True,True,,SATISFIED,52,32,2.6,13.0,0.7403282860199922,0.7087544540443724,173.33333333333334,177.07781339718807,0.0014501625100000002,0.10603620001000001,0.000677,25.81367,9069,53,0,0,0,0,,,,c68f9e134eb5a57162815f4876faa6846004a3ae,1f2680a5b9065e708a7497adc53a95b108029b98,3.13.14,2026-10-02T12:47:29.308877+00:00,bell_diagonal,siv_2024_theoretical_ops,until_target,0,1.0,1.0,1.0,0.5,0.9
R08_resource_semantics,R08_resource_semantics:chain1@theoretical_ops:6db789a412b819c4:shortest_hop_count__automatic__conservative_min:15:r08_resource_semantics-chain1,chain1@theoretical_ops,6db789a412b819c4,15,r08_resource_semantics-chain1,shortest_hop_count,automatic,False,a -> r1 -> b,2,4,20,0.6,conservative_min,0.7461333333333331,0.7397856038149565,-0.006347729518376588,-0.008507500248002935,0.3,0.0003,5000.0,2.0,True,True,,SATISFIED,48,28,2.4,12.0,0.7397856038149565,0.7200731306742141,160.0,175.12975906569005,0.021077112510000003,0.10898775001000001,0.000458,25.572525,10097,48,0,0,0,0,,,,c68f9e134eb5a57162815f4876faa6846004a3ae,1f2680a5b9065e708a7497adc53a95b108029b98,3.13.14,2026-10-02T12:47:36.464088+00:00,bell_diagonal,siv_2024_theoretical_ops,until_target,0,1.0,1.0,1.0,0.5,0.9
R08_resource_semantics,R08_resource_semantics:chain1@theoretical_ops:6db789a412b819c4:shortest_hop_count__automatic__conservative_min:14:r08_resource_semantics-chain1,chain1@theoretical_ops,6db789a412b819c4,14,r08_resource_semantics-chain1,shortest_hop_count,automatic,False,a -> r1 -> b,2,4,20,0.6,conservative_min,0.7461333333333331,0.7407071162975384,-0.0054262170357947115,-0.0072724495654861235,0.3,0.0003,5000.0,2.0,True,True,,SATISFIED,47,27,2.35,11.75,0.7407071162975384,0.7297951759777404,156.66666666666669,164.96603213389133,0.011201112510000001,0.11256272501,0.000494,26.644657,9870,47,0,0,0,0,,,,c68f9e134eb5a57162815f4876faa6846004a3ae,1f2680a5b9065e708a7497adc53a95b108029b98,3.13.14,2026-10-02T12:47:37.029170+00:00,bell_diagonal,siv_2024_theoretical_ops,until_target,0,1.0,1.0,1.0,0.5,0.9
R08_resource_semantics,R08_resource_semantics:chain1@theoretical_ops:6db789a412b819c4:shortest_hop_count__automatic__conservative_min:17:r08_resource_semantics-chain1,chain1@theoretical_ops,6db789a412b819c4,17,r08_resource_semantics-chain1,shortest_hop_count,automatic,False,a -> r1 -> b,2,4,20,0.6,conservative_min,0.7461333333333331,0.7402749837217661,-0.005858349611566949,-0.007851612238518966,0.3,0.0003,5000.0,2.0,True,True,,SATISFIED,54,34,2.7,13.5,0.7402749837217661,0.6965300665544157,180.0,188.67538871060813,0.00657583751,0.12131262501,0.000479,25.785542,8941,56,0,0,0,0,,,,c68f9e134eb5a57162815f4876faa6846004a3ae,1f2680a5b9065e708a7497adc53a95b108029b98,3.13.14,2026-10-02T12:47:38.552849+00:00,bell_diagonal,siv_2024_theoretical_ops,until_target,0,1.0,1.0,1.0,0.5,0.9
R08_resource_semantics,R08_resource_semantics:chain1@theoretical_ops:6db789a412b819c4:shortest_hop_count__automatic__conservative_min:16:r08_resource_semantics-chain1,chain1@theoretical_ops,6db789a412b819c4,16,r08_resource_semantics-chain1,shortest_hop_count,automatic,False,a -> r1 -> b,2,4,20,0.6,conservative_min,0.7461333333333331,0.740913017548431,-0.005220315784902119,-0.006996491848957453,0.3,0.0003,5000.0,2.0,True,True,,SATISFIED,51,31,2.55,12.75,0.740913017548431,0.7202267393307643,170.0,177.37257226182504,0.011076100010000001,0.13031500001,0.000498,26.848644,9899,52,0,0,0,0,,,,c68f9e134eb5a57162815f4876faa6846004a3ae,1f2680a5b9065e708a7497adc53a95b108029b98,3.13.14,2026-10-02T12:47:39.098270+00:00,bell_diagonal,siv_2024_theoretical_ops,until_target,0,1.0,1.0,1.0,0.5,0.9
R08_resource_semantics,R08_resource_semantics:chain1@theoretical_ops:6db789a412b819c4:shortest_hop_count__automatic__conservative_min:18:r08_resource_semantics-chain1,chain1@theoretical_ops,6db789a412b819c4,18,r08_resource_semantics-chain1,shortest_hop_count,automatic,False,a -> r1 -> b,2,4,20,0.6,conservative_min,0.7461333333333331,0.7363309371031795,-0.009802396230153554,-0.013137593231978498,0.3,0.0003,5000.0,2.0,True,True,,SATISFIED,37,17,1.85,9.25,0.7363309371031795,0.6915570352476795,123.33333333333334,138.30200738355168,0.019576975009999997,0.15061587500999998,0.00045,22.873143,8725,40,0,0,0,0,,,,c68f9e134eb5a57162815f4876faa6846004a3ae,1f2680a5b9065e708a7497adc53a95b108029b98,3.13.14,2026-10-02T12:47:52.524199+00:00,bell_diagonal,siv_2024_theoretical_ops,until_target,0,1.0,1.0,1.0,0.5,0.9
R08_resource_semantics,R08_resource_semantics:chain1@theoretical_ops:6db789a412b819c4:shortest_hop_count__automatic__conservative_min:19:r08_resource_semantics-chain1,chain1@theoretical_ops,6db789a412b819c4,19,r08_resource_semantics-chain1,shortest_hop_count,automatic,False,a -> r1 -> b,2,4,20,0.6,conservative_min,0.7461333333333331,0.7395775688607026,-0.00655576447263051,-0.008786317645591287,0.3,0.0003,5000.0,2.0,True,True,,SATISFIED,47,27,2.35,11.75,0.7395775688607026,0.6821759282106363,156.66666666666669,165.95787353586314,0.008200825010000001,0.14998996251,0.000445,24.367951,7557,51,0,0,0,0,,,,c68f9e134eb5a57162815f4876faa6846004a3ae,1f2680a5b9065e708a7497adc53a95b108029b98,3.13.14,2026-10-02T12:47:54.073504+00:00,bell_diagonal,siv_2024_theoretical_ops,until_target,0,1.0,1.0,1.0,0.5,0.9
