campaign,trial_id,scenario,parameter_hash,seed,intent_id,routing_strategy,purification_policy,reconciliation_enabled,route,hop_count,reserved_memory_slots,min_delivered_pairs,requested_fidelity,fidelity_estimator,estimated_fidelity,observed_fidelity,absolute_fidelity_error,relative_fidelity_error,duration_s,attenuation_db_per_m,distance_m,coherence_time_s,accepted,satisfied,recovered,final_status,delivered_pairs,excess_delivery_pairs,delivery_ratio,deliveries_per_reserved_slot,average_fidelity,minimum_fidelity,throughput_active_window,throughput_delivery_interval,first_pair_latency_s,completion_time_s,planning_time_s,simulation_wall_time_s,eg_attempts,eg_success,ep_attempts,ep_success,es_attempts,es_success,violations,error_type,error_message,project_git_commit,sequence_git_commit,python_version,timestamp,source_campaign,category
F02_routing,F02_routing:diamond_heterogeneous:80436b1f968c95fe:shortest_hop_count__automatic__conservative_min:0:intent-diamond-demo,diamond_heterogeneous,80436b1f968c95fe,0,intent-diamond-demo,shortest_hop_count,automatic,False,r1 -> bad -> r3,2.0,10,,0.6,conservative_min,0.6863749999999998,0.7695,0.0831250000000001,0.1211072664359863,0.1,0.02,1000.0,-1.0,True,False,,VIOLATED,4.0,,,0.4,0.7695,0.7695,40.0,104.6406492952289,0.04596140001,,0.00059,1.713984,2056.0,6.0,0.0,0.0,0.0,0.0,delivered_pairs >= 10.0 (observed=4.0) -> FAIL,,,f4343c314e5de5e01ee6970aaa14b5974c1b49ea,1f2680a5b9065e708a7497adc53a95b108029b98,3.13.14,2026-07-13T16:15:58.560578+00:00,F02_routing,FEASIBLE_BUT_VIOLATED
F02_routing,F02_routing:diamond_heterogeneous:80436b1f968c95fe:shortest_hop_count__automatic__conservative_min:1:intent-diamond-demo,diamond_heterogeneous,80436b1f968c95fe,1,intent-diamond-demo,shortest_hop_count,automatic,False,r1 -> bad -> r3,2.0,10,,0.6,conservative_min,0.6863749999999998,0.7695,0.0831250000000001,0.1211072664359863,0.1,0.02,1000.0,-1.0,True,False,,VIOLATED,8.0,,,0.8,0.7695,0.7695,80.0,86.46499876584724,0.00740286251,,0.000409,1.989416,1987.0,8.0,0.0,0.0,0.0,0.0,delivered_pairs >= 10.0 (observed=8.0) -> FAIL,,,f4343c314e5de5e01ee6970aaa14b5974c1b49ea,1f2680a5b9065e708a7497adc53a95b108029b98,3.13.14,2026-07-13T16:16:00.563015+00:00,F02_routing,FEASIBLE_BUT_VIOLATED
F02_routing,F02_routing:diamond_heterogeneous:80436b1f968c95fe:shortest_hop_count__automatic__conservative_min:2:intent-diamond-demo,diamond_heterogeneous,80436b1f968c95fe,2,intent-diamond-demo,shortest_hop_count,automatic,False,r1 -> bad -> r3,2.0,10,,0.6,conservative_min,0.6863749999999998,0.7695,0.0831250000000001,0.1211072664359863,0.1,0.02,1000.0,-1.0,True,False,,VIOLATED,7.0,,,0.7,0.7695,0.7695,70.0,104.40061648564034,0.02444077501,,0.000392,1.97598,2102.0,7.0,0.0,0.0,0.0,0.0,delivered_pairs >= 10.0 (observed=7.0) -> FAIL,,,f4343c314e5de5e01ee6970aaa14b5974c1b49ea,1f2680a5b9065e708a7497adc53a95b108029b98,3.13.14,2026-07-13T16:16:02.551950+00:00,F02_routing,FEASIBLE_BUT_VIOLATED
F02_routing,F02_routing:diamond_heterogeneous:80436b1f968c95fe:shortest_hop_count__automatic__conservative_min:3:intent-diamond-demo,diamond_heterogeneous,80436b1f968c95fe,3,intent-diamond-demo,shortest_hop_count,automatic,False,r1 -> bad -> r3,2.0,10,,0.6,conservative_min,0.6863749999999998,0.7695,0.0831250000000001,0.1211072664359863,0.1,0.02,1000.0,-1.0,True,True,,SATISFIED,14.0,,,1.4,0.7695,0.7695,140.0,211.20299908258696,0.0323334375099999,,0.000432,1.90313,2088.0,14.0,0.0,0.0,0.0,0.0,,,,f4343c314e5de5e01ee6970aaa14b5974c1b49ea,1f2680a5b9065e708a7497adc53a95b108029b98,3.13.14,2026-07-13T16:16:04.467711+00:00,F02_routing,FEASIBLE_AND_SATISFIED
F02_routing,F02_routing:diamond_heterogeneous:80436b1f968c95fe:shortest_hop_count__automatic__conservative_min:4:intent-diamond-demo,diamond_heterogeneous,80436b1f968c95fe,4,intent-diamond-demo,shortest_hop_count,automatic,False,r1 -> bad -> r3,2.0,10,,0.6,conservative_min,0.6863749999999998,0.7695,0.0831250000000001,0.1211072664359863,0.1,0.02,1000.0,-1.0,True,True,,SATISFIED,11.0,,,1.1,0.7695,0.7695,110.0,132.16418095378984,0.01307546251,,0.000365,2.011949,1969.0,11.0,0.0,0.0,0.0,0.0,,,,f4343c314e5de5e01ee6970aaa14b5974c1b49ea,1f2680a5b9065e708a7497adc53a95b108029b98,3.13.14,2026-07-13T16:16:06.491869+00:00,F02_routing,FEASIBLE_AND_SATISFIED
F02_routing,F02_routing:diamond_heterogeneous:80436b1f968c95fe:shortest_hop_count__automatic__conservative_min:5:intent-diamond-demo,diamond_heterogeneous,80436b1f968c95fe,5,intent-diamond-demo,shortest_hop_count,automatic,False,r1 -> bad -> r3,2.0,10,,0.6,conservative_min,0.6863749999999998,0.7695,0.0831250000000001,0.1211072664359863,0.1,0.02,1000.0,-1.0,True,False,,VIOLATED,3.0,,,0.3,0.7695,0.7695,30.0,47.69118052959865,0.02296588751,,0.000338,1.866572,1815.0,5.0,0.0,0.0,0.0,0.0,delivered_pairs >= 10.0 (observed=3.0) -> FAIL,,,f4343c314e5de5e01ee6970aaa14b5974c1b49ea,1f2680a5b9065e708a7497adc53a95b108029b98,3.13.14,2026-07-13T16:16:08.369719+00:00,F02_routing,FEASIBLE_BUT_VIOLATED
F02_routing,F02_routing:diamond_heterogeneous:80436b1f968c95fe:shortest_hop_count__automatic__conservative_min:6:intent-diamond-demo,diamond_heterogeneous,80436b1f968c95fe,6,intent-diamond-demo,shortest_hop_count,automatic,False,r1 -> bad -> r3,2.0,10,,0.6,conservative_min,0.6863749999999998,0.7695,0.0831250000000001,0.1211072664359863,0.1,0.02,1000.0,-1.0,True,False,,VIOLATED,7.0,,,0.7,0.7695,0.7695,70.0,153.93365074818627,0.03122846251,,0.000432,2.049881,2046.0,7.0,0.0,0.0,0.0,0.0,delivered_pairs >= 10.0 (observed=7.0) -> FAIL,,,f4343c314e5de5e01ee6970aaa14b5974c1b49ea,1f2680a5b9065e708a7497adc53a95b108029b98,3.13.14,2026-07-13T16:16:10.433545+00:00,F02_routing,FEASIBLE_BUT_VIOLATED
F02_routing,F02_routing:diamond_heterogeneous:80436b1f968c95fe:shortest_hop_count__automatic__conservative_min:7:intent-diamond-demo,diamond_heterogeneous,80436b1f968c95fe,7,intent-diamond-demo,shortest_hop_count,automatic,False,r1 -> bad -> r3,2.0,10,,0.6,conservative_min,0.6863749999999998,0.7695,0.0831250000000001,0.1211072664359863,0.1,0.02,1000.0,-1.0,True,False,,VIOLATED,6.0,,,0.6,0.7695,0.7695,60.0,105.77057832707963,0.0194106125099999,,0.000336,1.760256,2037.0,9.0,0.0,0.0,0.0,0.0,delivered_pairs >= 10.0 (observed=6.0) -> FAIL,,,f4343c314e5de5e01ee6970aaa14b5974c1b49ea,1f2680a5b9065e708a7497adc53a95b108029b98,3.13.14,2026-07-13T16:16:12.204787+00:00,F02_routing,FEASIBLE_BUT_VIOLATED
F02_routing,F02_routing:diamond_heterogeneous:80436b1f968c95fe:shortest_hop_count__automatic__conservative_min:8:intent-diamond-demo,diamond_heterogeneous,80436b1f968c95fe,8,intent-diamond-demo,shortest_hop_count,automatic,False,r1 -> bad -> r3,2.0,10,,0.6,conservative_min,0.6863749999999998,0.7695,0.0831250000000001,0.1211072664359863,0.1,0.02,1000.0,-1.0,True,False,,VIOLATED,3.0,,,0.3,0.7695,0.7695,30.0,41.291310020145,0.0066978125099999,,0.000451,1.677694,2104.0,3.0,0.0,0.0,0.0,0.0,delivered_pairs >= 10.0 (observed=3.0) -> FAIL,,,f4343c314e5de5e01ee6970aaa14b5974c1b49ea,1f2680a5b9065e708a7497adc53a95b108029b98,3.13.14,2026-07-13T16:16:13.894774+00:00,F02_routing,FEASIBLE_BUT_VIOLATED
F02_routing,F02_routing:diamond_heterogeneous:80436b1f968c95fe:shortest_hop_count__automatic__conservative_min:9:intent-diamond-demo,diamond_heterogeneous,80436b1f968c95fe,9,intent-diamond-demo,shortest_hop_count,automatic,False,r1 -> bad -> r3,2.0,10,,0.6,conservative_min,0.6863749999999998,0.7695,0.0831250000000001,0.1211072664359863,0.1,0.02,1000.0,-1.0,True,False,,VIOLATED,8.0,,,0.8,0.7695,0.7695,80.0,113.87162824329528,0.01720053751,,0.000417,1.886362,2098.0,8.0,0.0,0.0,0.0,0.0,delivered_pairs >= 10.0 (observed=8.0) -> FAIL,,,f4343c314e5de5e01ee6970aaa14b5974c1b49ea,1f2680a5b9065e708a7497adc53a95b108029b98,3.13.14,2026-07-13T16:16:15.793077+00:00,F02_routing,FEASIBLE_BUT_VIOLATED
F02_routing,F02_routing:diamond_heterogeneous:80436b1f968c95fe:shortest_hop_count__automatic__conservative_min:10:intent-diamond-demo,diamond_heterogeneous,80436b1f968c95fe,10,intent-diamond-demo,shortest_hop_count,automatic,False,r1 -> bad -> r3,2.0,10,,0.6,conservative_min,0.6863749999999998,0.7695,0.0831250000000001,0.1211072664359863,0.1,0.02,1000.0,-1.0,True,False,,VIOLATED,9.0,,,0.9,0.7695,0.7695,90.0,102.03801085967876,0.0105604000099999,,0.000393,1.584405,2108.0,9.0,0.0,0.0,0.0,0.0,delivered_pairs >= 10.0 (observed=9.0) -> FAIL,,,f4343c314e5de5e01ee6970aaa14b5974c1b49ea,1f2680a5b9065e708a7497adc53a95b108029b98,3.13.14,2026-07-13T16:16:17.390475+00:00,F02_routing,FEASIBLE_BUT_VIOLATED
F02_routing,F02_routing:diamond_heterogeneous:80436b1f968c95fe:shortest_hop_count__automatic__conservative_min:11:intent-diamond-demo,diamond_heterogeneous,80436b1f968c95fe,11,intent-diamond-demo,shortest_hop_count,automatic,False,r1 -> bad -> r3,2.0,10,,0.6,conservative_min,0.6863749999999998,0.7695,0.0831250000000001,0.1211072664359863,0.1,0.02,1000.0,-1.0,True,False,,VIOLATED,8.0,,,0.8,0.7695,0.7695,80.0,115.85809483310912,0.01470551251,,0.000354,1.785199,1447.0,14.0,0.0,0.0,0.0,0.0,delivered_pairs >= 10.0 (observed=8.0) -> FAIL,,,f4343c314e5de5e01ee6970aaa14b5974c1b49ea,1f2680a5b9065e708a7497adc53a95b108029b98,3.13.14,2026-07-13T16:16:19.186515+00:00,F02_routing,FEASIBLE_BUT_VIOLATED
F02_routing,F02_routing:diamond_heterogeneous:80436b1f968c95fe:shortest_hop_count__automatic__conservative_min:12:intent-diamond-demo,diamond_heterogeneous,80436b1f968c95fe,12,intent-diamond-demo,shortest_hop_count,automatic,False,r1 -> bad -> r3,2.0,10,,0.6,conservative_min,0.6863749999999998,0.7695,0.0831250000000001,0.1211072664359863,0.1,0.02,1000.0,-1.0,True,True,,SATISFIED,11.0,,,1.1,0.7695,0.7695,110.0,160.34497492514348,0.01850552501,,0.000343,1.964811,2032.0,11.0,0.0,0.0,0.0,0.0,,,,f4343c314e5de5e01ee6970aaa14b5974c1b49ea,1f2680a5b9065e708a7497adc53a95b108029b98,3.13.14,2026-07-13T16:16:21.163083+00:00,F02_routing,FEASIBLE_AND_SATISFIED
F02_routing,F02_routing:diamond_heterogeneous:80436b1f968c95fe:shortest_hop_count__automatic__conservative_min:13:intent-diamond-demo,diamond_heterogeneous,80436b1f968c95fe,13,intent-diamond-demo,shortest_hop_count,automatic,False,r1 -> bad -> r3,2.0,10,,0.6,conservative_min,0.6863749999999998,0.7695,0.0831250000000001,0.1211072664359863,0.1,0.02,1000.0,-1.0,True,False,,VIOLATED,9.0,,,0.9,0.7695,0.7695,90.0,135.5231107372514,0.01586311251,,0.00028,1.913579,2021.0,9.0,0.0,0.0,0.0,0.0,delivered_pairs >= 10.0 (observed=9.0) -> FAIL,,,f4343c314e5de5e01ee6970aaa14b5974c1b49ea,1f2680a5b9065e708a7497adc53a95b108029b98,3.13.14,2026-07-13T16:16:23.087258+00:00,F02_routing,FEASIBLE_BUT_VIOLATED
F02_routing,F02_routing:diamond_heterogeneous:80436b1f968c95fe:shortest_hop_count__automatic__conservative_min:14:intent-diamond-demo,diamond_heterogeneous,80436b1f968c95fe,14,intent-diamond-demo,shortest_hop_count,automatic,False,r1 -> bad -> r3,2.0,10,,0.6,conservative_min,0.6863749999999998,0.7695,0.0831250000000001,0.1211072664359863,0.1,0.02,1000.0,-1.0,True,True,,SATISFIED,12.0,,,1.2,0.7695,0.7695,120.0,130.5374744534083,0.0071402500099999,,0.000261,1.853637,2093.0,12.0,0.0,0.0,0.0,0.0,,,,f4343c314e5de5e01ee6970aaa14b5974c1b49ea,1f2680a5b9065e708a7497adc53a95b108029b98,3.13.14,2026-07-13T16:16:24.951009+00:00,F02_routing,FEASIBLE_AND_SATISFIED
F02_routing,F02_routing:diamond_heterogeneous:80436b1f968c95fe:shortest_hop_count__automatic__conservative_min:15:intent-diamond-demo,diamond_heterogeneous,80436b1f968c95fe,15,intent-diamond-demo,shortest_hop_count,automatic,False,r1 -> bad -> r3,2.0,10,,0.6,conservative_min,0.6863749999999998,0.7695,0.0831250000000001,0.1211072664359863,0.1,0.02,1000.0,-1.0,True,False,,VIOLATED,8.0,,,0.8,0.7695,0.7695,80.0,100.29444254389958,0.00940277501,,0.000288,1.902571,2062.0,9.0,0.0,0.0,0.0,0.0,delivered_pairs >= 10.0 (observed=8.0) -> FAIL,,,f4343c314e5de5e01ee6970aaa14b5974c1b49ea,1f2680a5b9065e708a7497adc53a95b108029b98,3.13.14,2026-07-13T16:16:26.864656+00:00,F02_routing,FEASIBLE_BUT_VIOLATED
F02_routing,F02_routing:diamond_heterogeneous:80436b1f968c95fe:shortest_hop_count__automatic__conservative_min:16:intent-diamond-demo,diamond_heterogeneous,80436b1f968c95fe,16,intent-diamond-demo,shortest_hop_count,automatic,False,r1 -> bad -> r3,2.0,10,,0.6,conservative_min,0.6863749999999998,0.7695,0.0831250000000001,0.1211072664359863,0.1,0.02,1000.0,-1.0,True,True,,SATISFIED,11.0,,,1.1,0.7695,0.7695,110.0,138.77963497171103,0.01672061251,,0.000456,1.977246,2013.0,12.0,0.0,0.0,0.0,0.0,,,,f4343c314e5de5e01ee6970aaa14b5974c1b49ea,1f2680a5b9065e708a7497adc53a95b108029b98,3.13.14,2026-07-13T16:16:28.856020+00:00,F02_routing,FEASIBLE_AND_SATISFIED
F02_routing,F02_routing:diamond_heterogeneous:80436b1f968c95fe:shortest_hop_count__automatic__conservative_min:17:intent-diamond-demo,diamond_heterogeneous,80436b1f968c95fe,17,intent-diamond-demo,shortest_hop_count,automatic,False,r1 -> bad -> r3,2.0,10,,0.6,conservative_min,0.6863749999999998,0.7695,0.0831250000000001,0.1211072664359863,0.1,0.02,1000.0,-1.0,True,False,,VIOLATED,4.0,,,0.4,0.7695,0.7695,40.0,92.03005356436712,0.03283627501,,0.000394,1.993479,2004.0,6.0,0.0,0.0,0.0,0.0,delivered_pairs >= 10.0 (observed=4.0) -> FAIL,,,f4343c314e5de5e01ee6970aaa14b5974c1b49ea,1f2680a5b9065e708a7497adc53a95b108029b98,3.13.14,2026-07-13T16:16:30.861921+00:00,F02_routing,FEASIBLE_BUT_VIOLATED
F02_routing,F02_routing:diamond_heterogeneous:80436b1f968c95fe:shortest_hop_count__automatic__conservative_min:18:intent-diamond-demo,diamond_heterogeneous,80436b1f968c95fe,18,intent-diamond-demo,shortest_hop_count,automatic,False,r1 -> bad -> r3,2.0,10,,0.6,conservative_min,0.6863749999999998,0.7695,0.0831250000000001,0.1211072664359863,0.1,0.02,1000.0,-1.0,True,False,,VIOLATED,6.0,,,0.6,0.7695,0.7695,60.0,83.55151011521578,0.0227782125099999,,0.000345,1.926408,2096.0,6.0,0.0,0.0,0.0,0.0,delivered_pairs >= 10.0 (observed=6.0) -> FAIL,,,f4343c314e5de5e01ee6970aaa14b5974c1b49ea,1f2680a5b9065e708a7497adc53a95b108029b98,3.13.14,2026-07-13T16:16:32.800869+00:00,F02_routing,FEASIBLE_BUT_VIOLATED
F02_routing,F02_routing:diamond_heterogeneous:80436b1f968c95fe:shortest_hop_count__automatic__conservative_min:19:intent-diamond-demo,diamond_heterogeneous,80436b1f968c95fe,19,intent-diamond-demo,shortest_hop_count,automatic,False,r1 -> bad -> r3,2.0,10,,0.6,conservative_min,0.6863749999999998,0.7695,0.0831250000000001,0.1211072664359863,0.1,0.02,1000.0,-1.0,True,False,,VIOLATED,8.0,,,0.8,0.7695,0.7695,80.0,91.10848130276018,0.00960286251,,0.000362,1.721465,2109.0,8.0,0.0,0.0,0.0,0.0,delivered_pairs >= 10.0 (observed=8.0) -> FAIL,,,f4343c314e5de5e01ee6970aaa14b5974c1b49ea,1f2680a5b9065e708a7497adc53a95b108029b98,3.13.14,2026-07-13T16:16:34.533663+00:00,F02_routing,FEASIBLE_BUT_VIOLATED
F02_routing,F02_routing:diamond_heterogeneous:a686beca965dc03b:least_loss__automatic__conservative_min:0:intent-diamond-demo,diamond_heterogeneous,a686beca965dc03b,0,intent-diamond-demo,least_loss,automatic,False,r1 -> good1 -> good2 -> r3,3.0,10,,0.6,conservative_min,0.6047315938998278,0.6579225,0.0531909061001721,0.087957875256941,0.1,0.02,1000.0,-1.0,True,True,,SATISFIED,444.0,,,44.4,0.6579225,0.6579225,4440.0,4502.752611773988,0.00130256251,,0.00037,4.693586,1173.0,446.0,0.0,0.0,0.0,0.0,,,,f4343c314e5de5e01ee6970aaa14b5974c1b49ea,1f2680a5b9065e708a7497adc53a95b108029b98,3.13.14,2026-07-13T16:16:39.240708+00:00,F02_routing,FEASIBLE_AND_SATISFIED
F02_routing,F02_routing:diamond_heterogeneous:a686beca965dc03b:least_loss__automatic__conservative_min:1:intent-diamond-demo,diamond_heterogeneous,a686beca965dc03b,1,intent-diamond-demo,least_loss,automatic,False,r1 -> good1 -> good2 -> r3,3.0,10,,0.6,conservative_min,0.6047315938998278,0.6579225,0.0531909061001721,0.087957875256941,0.1,0.02,1000.0,-1.0,True,True,,SATISFIED,438.0,,,43.8,0.6579225,0.6579225,4380.0,4444.100595971138,0.0013025125099999,,0.000362,4.799134,1183.0,441.0,0.0,0.0,0.0,0.0,,,,f4343c314e5de5e01ee6970aaa14b5974c1b49ea,1f2680a5b9065e708a7497adc53a95b108029b98,3.13.14,2026-07-13T16:16:44.051867+00:00,F02_routing,FEASIBLE_AND_SATISFIED
F02_routing,F02_routing:diamond_heterogeneous:a686beca965dc03b:least_loss__automatic__conservative_min:2:intent-diamond-demo,diamond_heterogeneous,a686beca965dc03b,2,intent-diamond-demo,least_loss,automatic,False,r1 -> good1 -> good2 -> r3,3.0,10,,0.6,conservative_min,0.6047315938998278,0.6579224999999999,0.053190906100172,0.0879578752569408,0.1,0.02,1000.0,-1.0,True,True,,SATISFIED,461.0,,,46.1,0.6579224999999999,0.6579225,4610.0,4685.017079097646,0.0013025125099999,,0.000327,4.839717,1173.0,468.0,0.0,0.0,0.0,0.0,,,,f4343c314e5de5e01ee6970aaa14b5974c1b49ea,1f2680a5b9065e708a7497adc53a95b108029b98,3.13.14,2026-07-13T16:16:48.902831+00:00,F02_routing,FEASIBLE_AND_SATISFIED
F02_routing,F02_routing:diamond_heterogeneous:a686beca965dc03b:least_loss__automatic__conservative_min:3:intent-diamond-demo,diamond_heterogeneous,a686beca965dc03b,3,intent-diamond-demo,least_loss,automatic,False,r1 -> good1 -> good2 -> r3,3.0,10,,0.6,conservative_min,0.6047315938998278,0.6579225,0.0531909061001721,0.087957875256941,0.1,0.02,1000.0,-1.0,True,True,,SATISFIED,444.0,,,44.4,0.6579225,0.6579225,4440.0,4498.765689160368,0.0013025125099999,,0.000427,4.777566,1176.0,448.0,0.0,0.0,0.0,0.0,,,,f4343c314e5de5e01ee6970aaa14b5974c1b49ea,1f2680a5b9065e708a7497adc53a95b108029b98,3.13.14,2026-07-13T16:16:53.693373+00:00,F02_routing,FEASIBLE_AND_SATISFIED
F02_routing,F02_routing:diamond_heterogeneous:a686beca965dc03b:least_loss__automatic__conservative_min:4:intent-diamond-demo,diamond_heterogeneous,a686beca965dc03b,4,intent-diamond-demo,least_loss,automatic,False,r1 -> good1 -> good2 -> r3,3.0,10,,0.6,conservative_min,0.6047315938998278,0.6579225,0.0531909061001721,0.087957875256941,0.1,0.02,1000.0,-1.0,True,True,,SATISFIED,445.0,,,44.5,0.6579225,0.6579225,4450.0,4513.817479986418,0.0013025250099999,,0.00054,4.921494,1207.0,446.0,0.0,0.0,0.0,0.0,,,,f4343c314e5de5e01ee6970aaa14b5974c1b49ea,1f2680a5b9065e708a7497adc53a95b108029b98,3.13.14,2026-07-13T16:16:58.630486+00:00,F02_routing,FEASIBLE_AND_SATISFIED
F02_routing,F02_routing:diamond_heterogeneous:a686beca965dc03b:least_loss__automatic__conservative_min:5:intent-diamond-demo,diamond_heterogeneous,a686beca965dc03b,5,intent-diamond-demo,least_loss,automatic,False,r1 -> good1 -> good2 -> r3,3.0,10,,0.6,conservative_min,0.6047315938998278,0.6579225,0.0531909061001721,0.087957875256941,0.1,0.02,1000.0,-1.0,True,True,,SATISFIED,432.0,,,43.2,0.6579225,0.6579225,4320.0,4390.071021085298,0.00155377501,,0.000424,4.682185,1206.0,438.0,0.0,0.0,0.0,0.0,,,,f4343c314e5de5e01ee6970aaa14b5974c1b49ea,1f2680a5b9065e708a7497adc53a95b108029b98,3.13.14,2026-07-13T16:17:03.326432+00:00,F02_routing,FEASIBLE_AND_SATISFIED
F02_routing,F02_routing:diamond_heterogeneous:a686beca965dc03b:least_loss__automatic__conservative_min:6:intent-diamond-demo,diamond_heterogeneous,a686beca965dc03b,6,intent-diamond-demo,least_loss,automatic,False,r1 -> good1 -> good2 -> r3,3.0,10,,0.6,conservative_min,0.6047315938998278,0.6579225,0.0531909061001721,0.087957875256941,0.1,0.02,1000.0,-1.0,True,True,,SATISFIED,452.0,,,45.2,0.6579225,0.6579225,4520.0,4625.989515276639,0.00175377501,,0.000391,4.978199,1179.0,456.0,0.0,0.0,0.0,0.0,,,,f4343c314e5de5e01ee6970aaa14b5974c1b49ea,1f2680a5b9065e708a7497adc53a95b108029b98,3.13.14,2026-07-13T16:17:08.317720+00:00,F02_routing,FEASIBLE_AND_SATISFIED
F02_routing,F02_routing:diamond_heterogeneous:a686beca965dc03b:least_loss__automatic__conservative_min:7:intent-diamond-demo,diamond_heterogeneous,a686beca965dc03b,7,intent-diamond-demo,least_loss,automatic,False,r1 -> good1 -> good2 -> r3,3.0,10,,0.6,conservative_min,0.6047315938998278,0.6579225,0.0531909061001721,0.087957875256941,0.1,0.02,1000.0,-1.0,True,True,,SATISFIED,436.0,,,43.6,0.6579225,0.6579225,4360.0,4430.947782017186,0.0013025125099999,,0.000418,4.766571,1226.0,439.0,0.0,0.0,0.0,0.0,,,,f4343c314e5de5e01ee6970aaa14b5974c1b49ea,1f2680a5b9065e708a7497adc53a95b108029b98,3.13.14,2026-07-13T16:17:13.096203+00:00,F02_routing,FEASIBLE_AND_SATISFIED
F02_routing,F02_routing:diamond_heterogeneous:a686beca965dc03b:least_loss__automatic__conservative_min:8:intent-diamond-demo,diamond_heterogeneous,a686beca965dc03b,8,intent-diamond-demo,least_loss,automatic,False,r1 -> good1 -> good2 -> r3,3.0,10,,0.6,conservative_min,0.6047315938998278,0.6579225,0.0531909061001721,0.087957875256941,0.1,0.02,1000.0,-1.0,True,True,,SATISFIED,450.0,,,45.0,0.6579225,0.6579225,4500.0,4563.367491406608,0.0013025875099999,,0.000323,4.807041,1160.0,451.0,0.0,0.0,0.0,0.0,,,,f4343c314e5de5e01ee6970aaa14b5974c1b49ea,1f2680a5b9065e708a7497adc53a95b108029b98,3.13.14,2026-07-13T16:17:17.914569+00:00,F02_routing,FEASIBLE_AND_SATISFIED
F02_routing,F02_routing:diamond_heterogeneous:a686beca965dc03b:least_loss__automatic__conservative_min:9:intent-diamond-demo,diamond_heterogeneous,a686beca965dc03b,9,intent-diamond-demo,least_loss,automatic,False,r1 -> good1 -> good2 -> r3,3.0,10,,0.6,conservative_min,0.6047315938998278,0.6579225,0.0531909061001721,0.087957875256941,0.1,0.02,1000.0,-1.0,True,True,,SATISFIED,430.0,,,43.0,0.6579225,0.6579225,4300.0,4369.861522391157,0.0013025125099999,,0.000478,4.951369,1230.0,435.0,0.0,0.0,0.0,0.0,,,,f4343c314e5de5e01ee6970aaa14b5974c1b49ea,1f2680a5b9065e708a7497adc53a95b108029b98,3.13.14,2026-07-13T16:17:22.879488+00:00,F02_routing,FEASIBLE_AND_SATISFIED
F02_routing,F02_routing:diamond_heterogeneous:a686beca965dc03b:least_loss__automatic__conservative_min:10:intent-diamond-demo,diamond_heterogeneous,a686beca965dc03b,10,intent-diamond-demo,least_loss,automatic,False,r1 -> good1 -> good2 -> r3,3.0,10,,0.6,conservative_min,0.6047315938998278,0.6579225,0.0531909061001721,0.087957875256941,0.1,0.02,1000.0,-1.0,True,True,,SATISFIED,431.0,,,43.1,0.6579225,0.6579225,4310.0,4380.136386369696,0.0013025125099999,,0.000413,4.693964,1214.0,435.0,0.0,0.0,0.0,0.0,,,,f4343c314e5de5e01ee6970aaa14b5974c1b49ea,1f2680a5b9065e708a7497adc53a95b108029b98,3.13.14,2026-07-13T16:17:27.585517+00:00,F02_routing,FEASIBLE_AND_SATISFIED
F02_routing,F02_routing:diamond_heterogeneous:a686beca965dc03b:least_loss__automatic__conservative_min:11:intent-diamond-demo,diamond_heterogeneous,a686beca965dc03b,11,intent-diamond-demo,least_loss,automatic,False,r1 -> good1 -> good2 -> r3,3.0,10,,0.6,conservative_min,0.6047315938998278,0.6579224999999999,0.053190906100172,0.0879578752569408,0.1,0.02,1000.0,-1.0,True,True,,SATISFIED,447.0,,,44.7,0.6579224999999999,0.6579225,4470.0,4547.013333201094,0.0013026250099999,,0.00043,4.78021,1184.0,449.0,0.0,0.0,0.0,0.0,,,,f4343c314e5de5e01ee6970aaa14b5974c1b49ea,1f2680a5b9065e708a7497adc53a95b108029b98,3.13.14,2026-07-13T16:17:32.379231+00:00,F02_routing,FEASIBLE_AND_SATISFIED
F02_routing,F02_routing:diamond_heterogeneous:a686beca965dc03b:least_loss__automatic__conservative_min:12:intent-diamond-demo,diamond_heterogeneous,a686beca965dc03b,12,intent-diamond-demo,least_loss,automatic,False,r1 -> good1 -> good2 -> r3,3.0,10,,0.6,conservative_min,0.6047315938998278,0.6579225,0.0531909061001721,0.087957875256941,0.1,0.02,1000.0,-1.0,True,True,,SATISFIED,448.0,,,44.8,0.6579225,0.6579225,4480.0,4541.186815860196,0.0013025125099999,,0.000407,4.77739,1171.0,450.0,0.0,0.0,0.0,0.0,,,,f4343c314e5de5e01ee6970aaa14b5974c1b49ea,1f2680a5b9065e708a7497adc53a95b108029b98,3.13.14,2026-07-13T16:17:37.169347+00:00,F02_routing,FEASIBLE_AND_SATISFIED
F02_routing,F02_routing:diamond_heterogeneous:a686beca965dc03b:least_loss__automatic__conservative_min:13:intent-diamond-demo,diamond_heterogeneous,a686beca965dc03b,13,intent-diamond-demo,least_loss,automatic,False,r1 -> good1 -> good2 -> r3,3.0,10,,0.6,conservative_min,0.6047315938998278,0.6579224999999999,0.053190906100172,0.0879578752569408,0.1,0.02,1000.0,-1.0,True,True,,SATISFIED,440.0,,,44.0,0.6579224999999999,0.6579225,4400.0,4480.3603024294125,0.0013025250099999,,0.000314,4.844653,1198.0,443.0,0.0,0.0,0.0,0.0,,,,f4343c314e5de5e01ee6970aaa14b5974c1b49ea,1f2680a5b9065e708a7497adc53a95b108029b98,3.13.14,2026-07-13T16:17:42.024872+00:00,F02_routing,FEASIBLE_AND_SATISFIED
F02_routing,F02_routing:diamond_heterogeneous:a686beca965dc03b:least_loss__automatic__conservative_min:14:intent-diamond-demo,diamond_heterogeneous,a686beca965dc03b,14,intent-diamond-demo,least_loss,automatic,False,r1 -> good1 -> good2 -> r3,3.0,10,,0.6,conservative_min,0.6047315938998278,0.6579225,0.0531909061001721,0.087957875256941,0.1,0.02,1000.0,-1.0,True,True,,SATISFIED,438.0,,,43.8,0.6579225,0.6579225,4380.0,4451.044229711482,0.0013025250099999,,0.000352,4.651156,1207.0,442.0,0.0,0.0,0.0,0.0,,,,f4343c314e5de5e01ee6970aaa14b5974c1b49ea,1f2680a5b9065e708a7497adc53a95b108029b98,3.13.14,2026-07-13T16:17:46.688520+00:00,F02_routing,FEASIBLE_AND_SATISFIED
F02_routing,F02_routing:diamond_heterogeneous:a686beca965dc03b:least_loss__automatic__conservative_min:15:intent-diamond-demo,diamond_heterogeneous,a686beca965dc03b,15,intent-diamond-demo,least_loss,automatic,False,r1 -> good1 -> good2 -> r3,3.0,10,,0.6,conservative_min,0.6047315938998278,0.6579225,0.0531909061001721,0.087957875256941,0.1,0.02,1000.0,-1.0,True,True,,SATISFIED,450.0,,,45.0,0.6579225,0.6579225,4500.0,4560.997642217608,0.0013026000099999,,0.000453,4.800414,1176.0,453.0,0.0,0.0,0.0,0.0,,,,f4343c314e5de5e01ee6970aaa14b5974c1b49ea,1f2680a5b9065e708a7497adc53a95b108029b98,3.13.14,2026-07-13T16:17:51.502207+00:00,F02_routing,FEASIBLE_AND_SATISFIED
F02_routing,F02_routing:diamond_heterogeneous:a686beca965dc03b:least_loss__automatic__conservative_min:16:intent-diamond-demo,diamond_heterogeneous,a686beca965dc03b,16,intent-diamond-demo,least_loss,automatic,False,r1 -> good1 -> good2 -> r3,3.0,10,,0.6,conservative_min,0.6047315938998278,0.6579225,0.0531909061001721,0.087957875256941,0.1,0.02,1000.0,-1.0,True,True,,SATISFIED,453.0,,,45.3,0.6579225,0.6579225,4530.0,4598.4537318659895,0.0013026250099999,,0.000391,5.001776,1172.0,456.0,0.0,0.0,0.0,0.0,,,,f4343c314e5de5e01ee6970aaa14b5974c1b49ea,1f2680a5b9065e708a7497adc53a95b108029b98,3.13.14,2026-07-13T16:17:56.518563+00:00,F02_routing,FEASIBLE_AND_SATISFIED
F02_routing,F02_routing:diamond_heterogeneous:a686beca965dc03b:least_loss__automatic__conservative_min:17:intent-diamond-demo,diamond_heterogeneous,a686beca965dc03b,17,intent-diamond-demo,least_loss,automatic,False,r1 -> good1 -> good2 -> r3,3.0,10,,0.6,conservative_min,0.6047315938998278,0.6579225,0.0531909061001721,0.087957875256941,0.1,0.02,1000.0,-1.0,True,True,,SATISFIED,458.0,,,45.8,0.6579225,0.6579225,4580.0,4648.972740702658,0.00130257501,,0.000385,4.833689,1163.0,460.0,0.0,0.0,0.0,0.0,,,,f4343c314e5de5e01ee6970aaa14b5974c1b49ea,1f2680a5b9065e708a7497adc53a95b108029b98,3.13.14,2026-07-13T16:18:01.364855+00:00,F02_routing,FEASIBLE_AND_SATISFIED
F02_routing,F02_routing:diamond_heterogeneous:a686beca965dc03b:least_loss__automatic__conservative_min:18:intent-diamond-demo,diamond_heterogeneous,a686beca965dc03b,18,intent-diamond-demo,least_loss,automatic,False,r1 -> good1 -> good2 -> r3,3.0,10,,0.6,conservative_min,0.6047315938998278,0.6579225,0.0531909061001721,0.087957875256941,0.1,0.02,1000.0,-1.0,True,True,,SATISFIED,469.0,,,46.9,0.6579225,0.6579225,4690.0,4753.695358318023,0.00130256251,,0.000445,4.951552,1152.0,474.0,0.0,0.0,0.0,0.0,,,,f4343c314e5de5e01ee6970aaa14b5974c1b49ea,1f2680a5b9065e708a7497adc53a95b108029b98,3.13.14,2026-07-13T16:18:06.331071+00:00,F02_routing,FEASIBLE_AND_SATISFIED
F02_routing,F02_routing:diamond_heterogeneous:a686beca965dc03b:least_loss__automatic__conservative_min:19:intent-diamond-demo,diamond_heterogeneous,a686beca965dc03b,19,intent-diamond-demo,least_loss,automatic,False,r1 -> good1 -> good2 -> r3,3.0,10,,0.6,conservative_min,0.6047315938998278,0.6579225,0.0531909061001721,0.087957875256941,0.1,0.02,1000.0,-1.0,True,True,,SATISFIED,456.0,,,45.6,0.6579225,0.6579225,4560.0,4622.1664048325965,0.0013025250099999,,0.000413,4.883568,1150.0,460.0,0.0,0.0,0.0,0.0,,,,f4343c314e5de5e01ee6970aaa14b5974c1b49ea,1f2680a5b9065e708a7497adc53a95b108029b98,3.13.14,2026-07-13T16:18:11.227371+00:00,F02_routing,FEASIBLE_AND_SATISFIED
F02_routing,F02_routing:diamond_heterogeneous:c8a11b361b27778d:highest_fidelity__automatic__conservative_min:0:intent-diamond-demo,diamond_heterogeneous,c8a11b361b27778d,0,intent-diamond-demo,highest_fidelity,automatic,False,r1 -> bad -> r3,2.0,10,,0.6,conservative_min,0.6863749999999998,0.7695,0.0831250000000001,0.1211072664359863,0.1,0.02,1000.0,-1.0,True,False,,VIOLATED,4.0,,,0.4,0.7695,0.7695,40.0,104.6406492952289,0.04596140001,,0.000918,1.764582,2056.0,6.0,0.0,0.0,0.0,0.0,delivered_pairs >= 10.0 (observed=4.0) -> FAIL,,,f4343c314e5de5e01ee6970aaa14b5974c1b49ea,1f2680a5b9065e708a7497adc53a95b108029b98,3.13.14,2026-07-13T16:18:13.004261+00:00,F02_routing,FEASIBLE_BUT_VIOLATED
F02_routing,F02_routing:diamond_heterogeneous:c8a11b361b27778d:highest_fidelity__automatic__conservative_min:1:intent-diamond-demo,diamond_heterogeneous,c8a11b361b27778d,1,intent-diamond-demo,highest_fidelity,automatic,False,r1 -> bad -> r3,2.0,10,,0.6,conservative_min,0.6863749999999998,0.7695,0.0831250000000001,0.1211072664359863,0.1,0.02,1000.0,-1.0,True,False,,VIOLATED,8.0,,,0.8,0.7695,0.7695,80.0,86.46499876584724,0.00740286251,,0.000329,1.943104,1987.0,8.0,0.0,0.0,0.0,0.0,delivered_pairs >= 10.0 (observed=8.0) -> FAIL,,,f4343c314e5de5e01ee6970aaa14b5974c1b49ea,1f2680a5b9065e708a7497adc53a95b108029b98,3.13.14,2026-07-13T16:18:14.958943+00:00,F02_routing,FEASIBLE_BUT_VIOLATED
F02_routing,F02_routing:diamond_heterogeneous:c8a11b361b27778d:highest_fidelity__automatic__conservative_min:2:intent-diamond-demo,diamond_heterogeneous,c8a11b361b27778d,2,intent-diamond-demo,highest_fidelity,automatic,False,r1 -> bad -> r3,2.0,10,,0.6,conservative_min,0.6863749999999998,0.7695,0.0831250000000001,0.1211072664359863,0.1,0.02,1000.0,-1.0,True,False,,VIOLATED,7.0,,,0.7,0.7695,0.7695,70.0,104.40061648564034,0.02444077501,,0.000325,1.988391,2102.0,7.0,0.0,0.0,0.0,0.0,delivered_pairs >= 10.0 (observed=7.0) -> FAIL,,,f4343c314e5de5e01ee6970aaa14b5974c1b49ea,1f2680a5b9065e708a7497adc53a95b108029b98,3.13.14,2026-07-13T16:18:16.958184+00:00,F02_routing,FEASIBLE_BUT_VIOLATED
F02_routing,F02_routing:diamond_heterogeneous:c8a11b361b27778d:highest_fidelity__automatic__conservative_min:3:intent-diamond-demo,diamond_heterogeneous,c8a11b361b27778d,3,intent-diamond-demo,highest_fidelity,automatic,False,r1 -> bad -> r3,2.0,10,,0.6,conservative_min,0.6863749999999998,0.7695,0.0831250000000001,0.1211072664359863,0.1,0.02,1000.0,-1.0,True,True,,SATISFIED,14.0,,,1.4,0.7695,0.7695,140.0,211.20299908258696,0.0323334375099999,,0.000282,1.970605,2088.0,14.0,0.0,0.0,0.0,0.0,,,,f4343c314e5de5e01ee6970aaa14b5974c1b49ea,1f2680a5b9065e708a7497adc53a95b108029b98,3.13.14,2026-07-13T16:18:18.940552+00:00,F02_routing,FEASIBLE_AND_SATISFIED
F02_routing,F02_routing:diamond_heterogeneous:c8a11b361b27778d:highest_fidelity__automatic__conservative_min:4:intent-diamond-demo,diamond_heterogeneous,c8a11b361b27778d,4,intent-diamond-demo,highest_fidelity,automatic,False,r1 -> bad -> r3,2.0,10,,0.6,conservative_min,0.6863749999999998,0.7695,0.0831250000000001,0.1211072664359863,0.1,0.02,1000.0,-1.0,True,True,,SATISFIED,11.0,,,1.1,0.7695,0.7695,110.0,132.16418095378984,0.01307546251,,0.000398,1.96094,1969.0,11.0,0.0,0.0,0.0,0.0,,,,f4343c314e5de5e01ee6970aaa14b5974c1b49ea,1f2680a5b9065e708a7497adc53a95b108029b98,3.13.14,2026-07-13T16:18:20.913450+00:00,F02_routing,FEASIBLE_AND_SATISFIED
F02_routing,F02_routing:diamond_heterogeneous:c8a11b361b27778d:highest_fidelity__automatic__conservative_min:5:intent-diamond-demo,diamond_heterogeneous,c8a11b361b27778d,5,intent-diamond-demo,highest_fidelity,automatic,False,r1 -> bad -> r3,2.0,10,,0.6,conservative_min,0.6863749999999998,0.7695,0.0831250000000001,0.1211072664359863,0.1,0.02,1000.0,-1.0,True,False,,VIOLATED,3.0,,,0.3,0.7695,0.7695,30.0,47.69118052959865,0.02296588751,,0.000384,1.830074,1815.0,5.0,0.0,0.0,0.0,0.0,delivered_pairs >= 10.0 (observed=3.0) -> FAIL,,,f4343c314e5de5e01ee6970aaa14b5974c1b49ea,1f2680a5b9065e708a7497adc53a95b108029b98,3.13.14,2026-07-13T16:18:22.756892+00:00,F02_routing,FEASIBLE_BUT_VIOLATED
F02_routing,F02_routing:diamond_heterogeneous:c8a11b361b27778d:highest_fidelity__automatic__conservative_min:6:intent-diamond-demo,diamond_heterogeneous,c8a11b361b27778d,6,intent-diamond-demo,highest_fidelity,automatic,False,r1 -> bad -> r3,2.0,10,,0.6,conservative_min,0.6863749999999998,0.7695,0.0831250000000001,0.1211072664359863,0.1,0.02,1000.0,-1.0,True,False,,VIOLATED,7.0,,,0.7,0.7695,0.7695,70.0,153.93365074818627,0.03122846251,,0.000354,1.973739,2046.0,7.0,0.0,0.0,0.0,0.0,delivered_pairs >= 10.0 (observed=7.0) -> FAIL,,,f4343c314e5de5e01ee6970aaa14b5974c1b49ea,1f2680a5b9065e708a7497adc53a95b108029b98,3.13.14,2026-07-13T16:18:24.742429+00:00,F02_routing,FEASIBLE_BUT_VIOLATED
F02_routing,F02_routing:diamond_heterogeneous:c8a11b361b27778d:highest_fidelity__automatic__conservative_min:7:intent-diamond-demo,diamond_heterogeneous,c8a11b361b27778d,7,intent-diamond-demo,highest_fidelity,automatic,False,r1 -> bad -> r3,2.0,10,,0.6,conservative_min,0.6863749999999998,0.7695,0.0831250000000001,0.1211072664359863,0.1,0.02,1000.0,-1.0,True,False,,VIOLATED,6.0,,,0.6,0.7695,0.7695,60.0,105.77057832707963,0.0194106125099999,,0.000353,1.835026,2037.0,9.0,0.0,0.0,0.0,0.0,delivered_pairs >= 10.0 (observed=6.0) -> FAIL,,,f4343c314e5de5e01ee6970aaa14b5974c1b49ea,1f2680a5b9065e708a7497adc53a95b108029b98,3.13.14,2026-07-13T16:18:26.588676+00:00,F02_routing,FEASIBLE_BUT_VIOLATED
F02_routing,F02_routing:diamond_heterogeneous:c8a11b361b27778d:highest_fidelity__automatic__conservative_min:8:intent-diamond-demo,diamond_heterogeneous,c8a11b361b27778d,8,intent-diamond-demo,highest_fidelity,automatic,False,r1 -> bad -> r3,2.0,10,,0.6,conservative_min,0.6863749999999998,0.7695,0.0831250000000001,0.1211072664359863,0.1,0.02,1000.0,-1.0,True,False,,VIOLATED,3.0,,,0.3,0.7695,0.7695,30.0,41.291310020145,0.0066978125099999,,0.00039,1.930419,2104.0,3.0,0.0,0.0,0.0,0.0,delivered_pairs >= 10.0 (observed=3.0) -> FAIL,,,f4343c314e5de5e01ee6970aaa14b5974c1b49ea,1f2680a5b9065e708a7497adc53a95b108029b98,3.13.14,2026-07-13T16:18:28.532141+00:00,F02_routing,FEASIBLE_BUT_VIOLATED
F02_routing,F02_routing:diamond_heterogeneous:c8a11b361b27778d:highest_fidelity__automatic__conservative_min:9:intent-diamond-demo,diamond_heterogeneous,c8a11b361b27778d,9,intent-diamond-demo,highest_fidelity,automatic,False,r1 -> bad -> r3,2.0,10,,0.6,conservative_min,0.6863749999999998,0.7695,0.0831250000000001,0.1211072664359863,0.1,0.02,1000.0,-1.0,True,False,,VIOLATED,8.0,,,0.8,0.7695,0.7695,80.0,113.87162824329528,0.01720053751,,0.000349,1.934252,2098.0,8.0,0.0,0.0,0.0,0.0,delivered_pairs >= 10.0 (observed=8.0) -> FAIL,,,f4343c314e5de5e01ee6970aaa14b5974c1b49ea,1f2680a5b9065e708a7497adc53a95b108029b98,3.13.14,2026-07-13T16:18:30.479530+00:00,F02_routing,FEASIBLE_BUT_VIOLATED
F02_routing,F02_routing:diamond_heterogeneous:c8a11b361b27778d:highest_fidelity__automatic__conservative_min:10:intent-diamond-demo,diamond_heterogeneous,c8a11b361b27778d,10,intent-diamond-demo,highest_fidelity,automatic,False,r1 -> bad -> r3,2.0,10,,0.6,conservative_min,0.6863749999999998,0.7695,0.0831250000000001,0.1211072664359863,0.1,0.02,1000.0,-1.0,True,False,,VIOLATED,9.0,,,0.9,0.7695,0.7695,90.0,102.03801085967876,0.0105604000099999,,0.000397,1.626232,2108.0,9.0,0.0,0.0,0.0,0.0,delivered_pairs >= 10.0 (observed=9.0) -> FAIL,,,f4343c314e5de5e01ee6970aaa14b5974c1b49ea,1f2680a5b9065e708a7497adc53a95b108029b98,3.13.14,2026-07-13T16:18:32.117532+00:00,F02_routing,FEASIBLE_BUT_VIOLATED
F02_routing,F02_routing:diamond_heterogeneous:c8a11b361b27778d:highest_fidelity__automatic__conservative_min:11:intent-diamond-demo,diamond_heterogeneous,c8a11b361b27778d,11,intent-diamond-demo,highest_fidelity,automatic,False,r1 -> bad -> r3,2.0,10,,0.6,conservative_min,0.6863749999999998,0.7695,0.0831250000000001,0.1211072664359863,0.1,0.02,1000.0,-1.0,True,False,,VIOLATED,8.0,,,0.8,0.7695,0.7695,80.0,115.85809483310912,0.01470551251,,0.000326,1.868272,1447.0,14.0,0.0,0.0,0.0,0.0,delivered_pairs >= 10.0 (observed=8.0) -> FAIL,,,f4343c314e5de5e01ee6970aaa14b5974c1b49ea,1f2680a5b9065e708a7497adc53a95b108029b98,3.13.14,2026-07-13T16:18:33.996160+00:00,F02_routing,FEASIBLE_BUT_VIOLATED
F02_routing,F02_routing:diamond_heterogeneous:c8a11b361b27778d:highest_fidelity__automatic__conservative_min:12:intent-diamond-demo,diamond_heterogeneous,c8a11b361b27778d,12,intent-diamond-demo,highest_fidelity,automatic,False,r1 -> bad -> r3,2.0,10,,0.6,conservative_min,0.6863749999999998,0.7695,0.0831250000000001,0.1211072664359863,0.1,0.02,1000.0,-1.0,True,True,,SATISFIED,11.0,,,1.1,0.7695,0.7695,110.0,160.34497492514348,0.01850552501,,0.000319,2.066525,2032.0,11.0,0.0,0.0,0.0,0.0,,,,f4343c314e5de5e01ee6970aaa14b5974c1b49ea,1f2680a5b9065e708a7497adc53a95b108029b98,3.13.14,2026-07-13T16:18:36.073113+00:00,F02_routing,FEASIBLE_AND_SATISFIED
F02_routing,F02_routing:diamond_heterogeneous:c8a11b361b27778d:highest_fidelity__automatic__conservative_min:13:intent-diamond-demo,diamond_heterogeneous,c8a11b361b27778d,13,intent-diamond-demo,highest_fidelity,automatic,False,r1 -> bad -> r3,2.0,10,,0.6,conservative_min,0.6863749999999998,0.7695,0.0831250000000001,0.1211072664359863,0.1,0.02,1000.0,-1.0,True,False,,VIOLATED,9.0,,,0.9,0.7695,0.7695,90.0,135.5231107372514,0.01586311251,,0.000305,2.046252,2021.0,9.0,0.0,0.0,0.0,0.0,delivered_pairs >= 10.0 (observed=9.0) -> FAIL,,,f4343c314e5de5e01ee6970aaa14b5974c1b49ea,1f2680a5b9065e708a7497adc53a95b108029b98,3.13.14,2026-07-13T16:18:38.130157+00:00,F02_routing,FEASIBLE_BUT_VIOLATED
F02_routing,F02_routing:diamond_heterogeneous:c8a11b361b27778d:highest_fidelity__automatic__conservative_min:14:intent-diamond-demo,diamond_heterogeneous,c8a11b361b27778d,14,intent-diamond-demo,highest_fidelity,automatic,False,r1 -> bad -> r3,2.0,10,,0.6,conservative_min,0.6863749999999998,0.7695,0.0831250000000001,0.1211072664359863,0.1,0.02,1000.0,-1.0,True,True,,SATISFIED,12.0,,,1.2,0.7695,0.7695,120.0,130.5374744534083,0.0071402500099999,,0.000293,1.90307,2093.0,12.0,0.0,0.0,0.0,0.0,,,,f4343c314e5de5e01ee6970aaa14b5974c1b49ea,1f2680a5b9065e708a7497adc53a95b108029b98,3.13.14,2026-07-13T16:18:40.043969+00:00,F02_routing,FEASIBLE_AND_SATISFIED
F02_routing,F02_routing:diamond_heterogeneous:c8a11b361b27778d:highest_fidelity__automatic__conservative_min:15:intent-diamond-demo,diamond_heterogeneous,c8a11b361b27778d,15,intent-diamond-demo,highest_fidelity,automatic,False,r1 -> bad -> r3,2.0,10,,0.6,conservative_min,0.6863749999999998,0.7695,0.0831250000000001,0.1211072664359863,0.1,0.02,1000.0,-1.0,True,False,,VIOLATED,8.0,,,0.8,0.7695,0.7695,80.0,100.29444254389958,0.00940277501,,0.000282,1.959997,2062.0,9.0,0.0,0.0,0.0,0.0,delivered_pairs >= 10.0 (observed=8.0) -> FAIL,,,f4343c314e5de5e01ee6970aaa14b5974c1b49ea,1f2680a5b9065e708a7497adc53a95b108029b98,3.13.14,2026-07-13T16:18:42.014809+00:00,F02_routing,FEASIBLE_BUT_VIOLATED
F02_routing,F02_routing:diamond_heterogeneous:c8a11b361b27778d:highest_fidelity__automatic__conservative_min:16:intent-diamond-demo,diamond_heterogeneous,c8a11b361b27778d,16,intent-diamond-demo,highest_fidelity,automatic,False,r1 -> bad -> r3,2.0,10,,0.6,conservative_min,0.6863749999999998,0.7695,0.0831250000000001,0.1211072664359863,0.1,0.02,1000.0,-1.0,True,True,,SATISFIED,11.0,,,1.1,0.7695,0.7695,110.0,138.77963497171103,0.01672061251,,0.000294,1.863903,2013.0,12.0,0.0,0.0,0.0,0.0,,,,f4343c314e5de5e01ee6970aaa14b5974c1b49ea,1f2680a5b9065e708a7497adc53a95b108029b98,3.13.14,2026-07-13T16:18:43.889752+00:00,F02_routing,FEASIBLE_AND_SATISFIED
F02_routing,F02_routing:diamond_heterogeneous:c8a11b361b27778d:highest_fidelity__automatic__conservative_min:17:intent-diamond-demo,diamond_heterogeneous,c8a11b361b27778d,17,intent-diamond-demo,highest_fidelity,automatic,False,r1 -> bad -> r3,2.0,10,,0.6,conservative_min,0.6863749999999998,0.7695,0.0831250000000001,0.1211072664359863,0.1,0.02,1000.0,-1.0,True,False,,VIOLATED,4.0,,,0.4,0.7695,0.7695,40.0,92.03005356436712,0.03283627501,,0.000383,1.99427,2004.0,6.0,0.0,0.0,0.0,0.0,delivered_pairs >= 10.0 (observed=4.0) -> FAIL,,,f4343c314e5de5e01ee6970aaa14b5974c1b49ea,1f2680a5b9065e708a7497adc53a95b108029b98,3.13.14,2026-07-13T16:18:45.896268+00:00,F02_routing,FEASIBLE_BUT_VIOLATED
F02_routing,F02_routing:diamond_heterogeneous:c8a11b361b27778d:highest_fidelity__automatic__conservative_min:18:intent-diamond-demo,diamond_heterogeneous,c8a11b361b27778d,18,intent-diamond-demo,highest_fidelity,automatic,False,r1 -> bad -> r3,2.0,10,,0.6,conservative_min,0.6863749999999998,0.7695,0.0831250000000001,0.1211072664359863,0.1,0.02,1000.0,-1.0,True,False,,VIOLATED,6.0,,,0.6,0.7695,0.7695,60.0,83.55151011521578,0.0227782125099999,,0.000356,1.84545,2096.0,6.0,0.0,0.0,0.0,0.0,delivered_pairs >= 10.0 (observed=6.0) -> FAIL,,,f4343c314e5de5e01ee6970aaa14b5974c1b49ea,1f2680a5b9065e708a7497adc53a95b108029b98,3.13.14,2026-07-13T16:18:47.753176+00:00,F02_routing,FEASIBLE_BUT_VIOLATED
F02_routing,F02_routing:diamond_heterogeneous:c8a11b361b27778d:highest_fidelity__automatic__conservative_min:19:intent-diamond-demo,diamond_heterogeneous,c8a11b361b27778d,19,intent-diamond-demo,highest_fidelity,automatic,False,r1 -> bad -> r3,2.0,10,,0.6,conservative_min,0.6863749999999998,0.7695,0.0831250000000001,0.1211072664359863,0.1,0.02,1000.0,-1.0,True,False,,VIOLATED,8.0,,,0.8,0.7695,0.7695,80.0,91.10848130276018,0.00960286251,,0.000421,1.764679,2109.0,8.0,0.0,0.0,0.0,0.0,delivered_pairs >= 10.0 (observed=8.0) -> FAIL,,,f4343c314e5de5e01ee6970aaa14b5974c1b49ea,1f2680a5b9065e708a7497adc53a95b108029b98,3.13.14,2026-07-13T16:18:49.530206+00:00,F02_routing,FEASIBLE_BUT_VIOLATED
F02_routing,F02_routing:small_mesh:80436b1f968c95fe:shortest_hop_count__automatic__conservative_min:0:f02-mesh,small_mesh,80436b1f968c95fe,0,f02-mesh,shortest_hop_count,automatic,False,a0 -> a1 -> a2 -> a3 -> b3,4.0,10,10.0,0.3,conservative_min,0.4475551085937498,0.4475551085937497,-1.1102230246251563e-16,-2.4806398213474907e-16,0.15,1e-05,500.0,-1.0,True,True,,SATISFIED,691.0,681.0,69.1,69.1,0.4475551085937497,0.4475551085937498,4606.666666666667,4651.882577664686,0.00120251251,0.0036101875099999,0.000549,10.43565,1890.0,693.0,0.0,0.0,0.0,0.0,,,,f4343c314e5de5e01ee6970aaa14b5974c1b49ea,1f2680a5b9065e708a7497adc53a95b108029b98,3.13.14,2026-07-13T16:19:00.059534+00:00,F02_routing,FEASIBLE_AND_SATISFIED
F02_routing,F02_routing:small_mesh:80436b1f968c95fe:shortest_hop_count__automatic__conservative_min:1:f02-mesh,small_mesh,80436b1f968c95fe,1,f02-mesh,shortest_hop_count,automatic,False,a0 -> a1 -> a2 -> a3 -> b3,4.0,10,10.0,0.3,conservative_min,0.4475551085937498,0.4475551085937498,-5.551115123125783e-17,-1.2403199106737454e-16,0.15,1e-05,500.0,-1.0,True,True,,SATISFIED,701.0,691.0,70.1,70.1,0.4475551085937498,0.4475551085937498,4673.333333333334,4711.796909454437,0.0012026250099999,0.00331020001,0.000402,10.426991,1870.0,706.0,0.0,0.0,0.0,0.0,,,,f4343c314e5de5e01ee6970aaa14b5974c1b49ea,1f2680a5b9065e708a7497adc53a95b108029b98,3.13.14,2026-07-13T16:19:10.506842+00:00,F02_routing,FEASIBLE_AND_SATISFIED
F02_routing,F02_routing:small_mesh:80436b1f968c95fe:shortest_hop_count__automatic__conservative_min:2:f02-mesh,small_mesh,80436b1f968c95fe,2,f02-mesh,shortest_hop_count,automatic,False,a0 -> a1 -> a2 -> a3 -> b3,4.0,10,10.0,0.3,conservative_min,0.4475551085937498,0.4475551085937498,-5.551115123125783e-17,-1.2403199106737454e-16,0.15,1e-05,500.0,-1.0,True,True,,SATISFIED,706.0,696.0,70.6,70.6,0.4475551085937498,0.4475551085937498,4706.666666666667,4750.473554421561,0.00120252501,0.00335883751,0.000457,10.567527,1838.0,711.0,0.0,0.0,0.0,0.0,,,,f4343c314e5de5e01ee6970aaa14b5974c1b49ea,1f2680a5b9065e708a7497adc53a95b108029b98,3.13.14,2026-07-13T16:19:21.095634+00:00,F02_routing,FEASIBLE_AND_SATISFIED
F02_routing,F02_routing:small_mesh:80436b1f968c95fe:shortest_hop_count__automatic__conservative_min:3:f02-mesh,small_mesh,80436b1f968c95fe,3,f02-mesh,shortest_hop_count,automatic,False,a0 -> a1 -> a2 -> a3 -> b3,4.0,10,10.0,0.3,conservative_min,0.4475551085937498,0.4475551085937497,-1.1102230246251563e-16,-2.4806398213474907e-16,0.15,1e-05,500.0,-1.0,True,True,,SATISFIED,692.0,682.0,69.2,69.2,0.4475551085937497,0.4475551085937498,4613.333333333334,4674.987062716437,0.0015537750099999,0.0037100875099999,0.000372,10.056013,1927.0,697.0,0.0,0.0,0.0,0.0,,,,f4343c314e5de5e01ee6970aaa14b5974c1b49ea,1f2680a5b9065e708a7497adc53a95b108029b98,3.13.14,2026-07-13T16:19:31.169838+00:00,F02_routing,FEASIBLE_AND_SATISFIED
F02_routing,F02_routing:small_mesh:80436b1f968c95fe:shortest_hop_count__automatic__conservative_min:4:f02-mesh,small_mesh,80436b1f968c95fe,4,f02-mesh,shortest_hop_count,automatic,False,a0 -> a1 -> a2 -> a3 -> b3,4.0,10,10.0,0.3,conservative_min,0.4475551085937498,0.4475551085937498,-5.551115123125783e-17,-1.2403199106737454e-16,0.15,1e-05,500.0,-1.0,True,True,,SATISFIED,698.0,688.0,69.8,69.8,0.4475551085937498,0.4475551085937498,4653.333333333334,4704.520476332697,0.0015537750099999,0.00361021251,0.000433,10.234263,1755.0,701.0,0.0,0.0,0.0,0.0,,,,f4343c314e5de5e01ee6970aaa14b5974c1b49ea,1f2680a5b9065e708a7497adc53a95b108029b98,3.13.14,2026-07-13T16:19:41.427826+00:00,F02_routing,FEASIBLE_AND_SATISFIED
F02_routing,F02_routing:small_mesh:80436b1f968c95fe:shortest_hop_count__automatic__conservative_min:5:f02-mesh,small_mesh,80436b1f968c95fe,5,f02-mesh,shortest_hop_count,automatic,False,a0 -> a1 -> a2 -> a3 -> b3,4.0,10,10.0,0.3,conservative_min,0.4475551085937498,0.4475551085937498,-5.551115123125783e-17,-1.2403199106737454e-16,0.15,1e-05,500.0,-1.0,True,True,,SATISFIED,706.0,696.0,70.6,70.6,0.4475551085937498,0.4475551085937498,4706.666666666667,4756.715639446007,0.0015537750099999,0.00381020001,0.000498,10.665779,1797.0,708.0,0.0,0.0,0.0,0.0,,,,f4343c314e5de5e01ee6970aaa14b5974c1b49ea,1f2680a5b9065e708a7497adc53a95b108029b98,3.13.14,2026-07-13T16:19:52.116726+00:00,F02_routing,FEASIBLE_AND_SATISFIED
F02_routing,F02_routing:small_mesh:80436b1f968c95fe:shortest_hop_count__automatic__conservative_min:6:f02-mesh,small_mesh,80436b1f968c95fe,6,f02-mesh,shortest_hop_count,automatic,False,a0 -> a1 -> a2 -> a3 -> b3,4.0,10,10.0,0.3,conservative_min,0.4475551085937498,0.4475551085937498,-5.551115123125783e-17,-1.2403199106737454e-16,0.15,1e-05,500.0,-1.0,True,True,,SATISFIED,703.0,693.0,70.3,70.3,0.4475551085937498,0.4475551085937498,4686.666666666667,4728.580409366928,0.0012026250099999,0.00371016251,0.000428,10.248126,1857.0,705.0,0.0,0.0,0.0,0.0,,,,f4343c314e5de5e01ee6970aaa14b5974c1b49ea,1f2680a5b9065e708a7497adc53a95b108029b98,3.13.14,2026-07-13T16:20:02.391193+00:00,F02_routing,FEASIBLE_AND_SATISFIED
F02_routing,F02_routing:small_mesh:80436b1f968c95fe:shortest_hop_count__automatic__conservative_min:7:f02-mesh,small_mesh,80436b1f968c95fe,7,f02-mesh,shortest_hop_count,automatic,False,a0 -> a1 -> a2 -> a3 -> b3,4.0,10,10.0,0.3,conservative_min,0.4475551085937498,0.4475551085937498,-5.551115123125783e-17,-1.2403199106737454e-16,0.15,1e-05,500.0,-1.0,True,True,,SATISFIED,702.0,692.0,70.2,70.2,0.4475551085937498,0.4475551085937498,4680.0,4721.773927417019,0.00120258751,0.00361008751,0.000438,10.531356,1897.0,708.0,0.0,0.0,0.0,0.0,,,,f4343c314e5de5e01ee6970aaa14b5974c1b49ea,1f2680a5b9065e708a7497adc53a95b108029b98,3.13.14,2026-07-13T16:20:12.943377+00:00,F02_routing,FEASIBLE_AND_SATISFIED
F02_routing,F02_routing:small_mesh:80436b1f968c95fe:shortest_hop_count__automatic__conservative_min:8:f02-mesh,small_mesh,80436b1f968c95fe,8,f02-mesh,shortest_hop_count,automatic,False,a0 -> a1 -> a2 -> a3 -> b3,4.0,10,10.0,0.3,conservative_min,0.4475551085937498,0.4475551085937498,-5.551115123125783e-17,-1.2403199106737454e-16,0.15,1e-05,500.0,-1.0,True,True,,SATISFIED,702.0,692.0,70.2,70.2,0.4475551085937498,0.4475551085937498,4680.0,4718.520427933507,0.0012026250099999,0.0034614125099999,0.000382,10.26517,1774.0,706.0,0.0,0.0,0.0,0.0,,,,f4343c314e5de5e01ee6970aaa14b5974c1b49ea,1f2680a5b9065e708a7497adc53a95b108029b98,3.13.14,2026-07-13T16:20:23.229985+00:00,F02_routing,FEASIBLE_AND_SATISFIED
F02_routing,F02_routing:small_mesh:80436b1f968c95fe:shortest_hop_count__automatic__conservative_min:9:f02-mesh,small_mesh,80436b1f968c95fe,9,f02-mesh,shortest_hop_count,automatic,False,a0 -> a1 -> a2 -> a3 -> b3,4.0,10,10.0,0.3,conservative_min,0.4475551085937498,0.4475551085937498,-5.551115123125783e-17,-1.2403199106737454e-16,0.15,1e-05,500.0,-1.0,True,True,,SATISFIED,700.0,690.0,70.0,70.0,0.4475551085937498,0.4475551085937498,4666.666666666667,4706.117658824118,0.0012026250099999,0.0038101500099999,0.000568,10.297888,1927.0,703.0,0.0,0.0,0.0,0.0,,,,f4343c314e5de5e01ee6970aaa14b5974c1b49ea,1f2680a5b9065e708a7497adc53a95b108029b98,3.13.14,2026-07-13T16:20:33.554501+00:00,F02_routing,FEASIBLE_AND_SATISFIED
F02_routing,F02_routing:small_mesh:80436b1f968c95fe:shortest_hop_count__automatic__conservative_min:10:f02-mesh,small_mesh,80436b1f968c95fe,10,f02-mesh,shortest_hop_count,automatic,False,a0 -> a1 -> a2 -> a3 -> b3,4.0,10,10.0,0.3,conservative_min,0.4475551085937498,0.4475551085937498,-5.551115123125783e-17,-1.2403199106737454e-16,0.15,1e-05,500.0,-1.0,True,True,,SATISFIED,688.0,678.0,68.8,68.8,0.4475551085937498,0.4475551085937498,4586.666666666667,4635.439603312823,0.0012026250099999,0.0038126375099999,0.000539,10.163829,1886.0,691.0,0.0,0.0,0.0,0.0,,,,f4343c314e5de5e01ee6970aaa14b5974c1b49ea,1f2680a5b9065e708a7497adc53a95b108029b98,3.13.14,2026-07-13T16:20:43.744617+00:00,F02_routing,FEASIBLE_AND_SATISFIED
F02_routing,F02_routing:small_mesh:80436b1f968c95fe:shortest_hop_count__automatic__conservative_min:11:f02-mesh,small_mesh,80436b1f968c95fe,11,f02-mesh,shortest_hop_count,automatic,False,a0 -> a1 -> a2 -> a3 -> b3,4.0,10,10.0,0.3,conservative_min,0.4475551085937498,0.4475551085937498,-5.551115123125783e-17,-1.2403199106737454e-16,0.15,1e-05,500.0,-1.0,True,True,,SATISFIED,696.0,686.0,69.6,69.6,0.4475551085937498,0.4475551085937498,4640.0,4681.573149832706,0.00120257501,0.00361020001,0.000522,10.173881,1820.0,700.0,0.0,0.0,0.0,0.0,,,,f4343c314e5de5e01ee6970aaa14b5974c1b49ea,1f2680a5b9065e708a7497adc53a95b108029b98,3.13.14,2026-07-13T16:20:53.940411+00:00,F02_routing,FEASIBLE_AND_SATISFIED
F02_routing,F02_routing:small_mesh:80436b1f968c95fe:shortest_hop_count__automatic__conservative_min:12:f02-mesh,small_mesh,80436b1f968c95fe,12,f02-mesh,shortest_hop_count,automatic,False,a0 -> a1 -> a2 -> a3 -> b3,4.0,10,10.0,0.3,conservative_min,0.4475551085937498,0.4475551085937498,-5.551115123125783e-17,-1.2403199106737454e-16,0.15,1e-05,500.0,-1.0,True,True,,SATISFIED,688.0,678.0,68.8,68.8,0.4475551085937498,0.4475551085937498,4586.666666666667,4642.826685152495,0.0012026000099999,0.00381265001,0.000444,9.928806,1809.0,695.0,0.0,0.0,0.0,0.0,,,,f4343c314e5de5e01ee6970aaa14b5974c1b49ea,1f2680a5b9065e708a7497adc53a95b108029b98,3.13.14,2026-07-13T16:21:03.893161+00:00,F02_routing,FEASIBLE_AND_SATISFIED
F02_routing,F02_routing:small_mesh:80436b1f968c95fe:shortest_hop_count__automatic__conservative_min:13:f02-mesh,small_mesh,80436b1f968c95fe,13,f02-mesh,shortest_hop_count,automatic,False,a0 -> a1 -> a2 -> a3 -> b3,4.0,10,10.0,0.3,conservative_min,0.4475551085937498,0.4475551085937498,-5.551115123125783e-17,-1.2403199106737454e-16,0.15,1e-05,500.0,-1.0,True,True,,SATISFIED,701.0,691.0,70.1,70.1,0.4475551085937498,0.4475551085937498,4673.333333333334,4717.899000449832,0.0012026250099999,0.0037101500099999,0.000447,10.232252,1824.0,705.0,0.0,0.0,0.0,0.0,,,,f4343c314e5de5e01ee6970aaa14b5974c1b49ea,1f2680a5b9065e708a7497adc53a95b108029b98,3.13.14,2026-07-13T16:21:14.145454+00:00,F02_routing,FEASIBLE_AND_SATISFIED
F02_routing,F02_routing:small_mesh:80436b1f968c95fe:shortest_hop_count__automatic__conservative_min:14:f02-mesh,small_mesh,80436b1f968c95fe,14,f02-mesh,shortest_hop_count,automatic,False,a0 -> a1 -> a2 -> a3 -> b3,4.0,10,10.0,0.3,conservative_min,0.4475551085937498,0.4475551085937498,-5.551115123125783e-17,-1.2403199106737454e-16,0.15,1e-05,500.0,-1.0,True,True,,SATISFIED,703.0,693.0,70.3,70.3,0.4475551085937498,0.4475551085937498,4686.666666666667,4738.141041248618,0.0012026250099999,0.0031101375099999,0.000387,10.199951,1819.0,706.0,0.0,0.0,0.0,0.0,,,,f4343c314e5de5e01ee6970aaa14b5974c1b49ea,1f2680a5b9065e708a7497adc53a95b108029b98,3.13.14,2026-07-13T16:21:24.364425+00:00,F02_routing,FEASIBLE_AND_SATISFIED
F02_routing,F02_routing:small_mesh:80436b1f968c95fe:shortest_hop_count__automatic__conservative_min:15:f02-mesh,small_mesh,80436b1f968c95fe,15,f02-mesh,shortest_hop_count,automatic,False,a0 -> a1 -> a2 -> a3 -> b3,4.0,10,10.0,0.3,conservative_min,0.4475551085937498,0.4475551085937498,-5.551115123125783e-17,-1.2403199106737454e-16,0.15,1e-05,500.0,-1.0,True,True,,SATISFIED,703.0,693.0,70.3,70.3,0.4475551085937498,0.4475551085937498,4686.666666666667,4731.841956142119,0.0012026250099999,0.0033589250099999,0.000506,10.200508,1807.0,708.0,0.0,0.0,0.0,0.0,,,,f4343c314e5de5e01ee6970aaa14b5974c1b49ea,1f2680a5b9065e708a7497adc53a95b108029b98,3.13.14,2026-07-13T16:21:34.588541+00:00,F02_routing,FEASIBLE_AND_SATISFIED
F02_routing,F02_routing:small_mesh:80436b1f968c95fe:shortest_hop_count__automatic__conservative_min:16:f02-mesh,small_mesh,80436b1f968c95fe,16,f02-mesh,shortest_hop_count,automatic,False,a0 -> a1 -> a2 -> a3 -> b3,4.0,10,10.0,0.3,conservative_min,0.4475551085937498,0.4475551085937498,-5.551115123125783e-17,-1.2403199106737454e-16,0.15,1e-05,500.0,-1.0,True,True,,SATISFIED,689.0,679.0,68.9,68.9,0.4475551085937498,0.4475551085937498,4593.333333333334,4630.980892498903,0.00120257501,0.0033101250099999,0.000531,10.044671,1825.0,694.0,0.0,0.0,0.0,0.0,,,,f4343c314e5de5e01ee6970aaa14b5974c1b49ea,1f2680a5b9065e708a7497adc53a95b108029b98,3.13.14,2026-07-13T16:21:44.658834+00:00,F02_routing,FEASIBLE_AND_SATISFIED
F02_routing,F02_routing:small_mesh:80436b1f968c95fe:shortest_hop_count__automatic__conservative_min:17:f02-mesh,small_mesh,80436b1f968c95fe,17,f02-mesh,shortest_hop_count,automatic,False,a0 -> a1 -> a2 -> a3 -> b3,4.0,10,10.0,0.3,conservative_min,0.4475551085937498,0.4475551085937498,-5.551115123125783e-17,-1.2403199106737454e-16,0.15,1e-05,500.0,-1.0,True,True,,SATISFIED,699.0,689.0,69.9,69.9,0.4475551085937498,0.4475551085937498,4660.0,4698.592279234852,0.0012025625099999,0.00351012501,0.000484,10.021377,1819.0,703.0,0.0,0.0,0.0,0.0,,,,f4343c314e5de5e01ee6970aaa14b5974c1b49ea,1f2680a5b9065e708a7497adc53a95b108029b98,3.13.14,2026-07-13T16:21:54.704636+00:00,F02_routing,FEASIBLE_AND_SATISFIED
F02_routing,F02_routing:small_mesh:80436b1f968c95fe:shortest_hop_count__automatic__conservative_min:18:f02-mesh,small_mesh,80436b1f968c95fe,18,f02-mesh,shortest_hop_count,automatic,False,a0 -> a1 -> a2 -> a3 -> b3,4.0,10,10.0,0.3,conservative_min,0.4475551085937498,0.4475551085937498,0.0,0.0,0.15,1e-05,500.0,-1.0,True,True,,SATISFIED,693.0,683.0,69.3,69.3,0.4475551085937498,0.4475551085937498,4620.0,4662.846115817225,0.00120258751,0.0047664375099999,0.000512,10.465581,1963.0,698.0,0.0,0.0,0.0,0.0,,,,f4343c314e5de5e01ee6970aaa14b5974c1b49ea,1f2680a5b9065e708a7497adc53a95b108029b98,3.13.14,2026-07-13T16:22:05.194759+00:00,F02_routing,FEASIBLE_AND_SATISFIED
F02_routing,F02_routing:small_mesh:80436b1f968c95fe:shortest_hop_count__automatic__conservative_min:19:f02-mesh,small_mesh,80436b1f968c95fe,19,f02-mesh,shortest_hop_count,automatic,False,a0 -> a1 -> a2 -> a3 -> b3,4.0,10,10.0,0.3,conservative_min,0.4475551085937498,0.4475551085937498,-5.551115123125783e-17,-1.2403199106737454e-16,0.15,1e-05,500.0,-1.0,True,True,,SATISFIED,683.0,673.0,68.3,68.3,0.4475551085937498,0.4475551085937498,4553.333333333334,4595.16889978924,0.00120257501,0.00360762501,0.00044,10.175333,1829.0,684.0,0.0,0.0,0.0,0.0,,,,f4343c314e5de5e01ee6970aaa14b5974c1b49ea,1f2680a5b9065e708a7497adc53a95b108029b98,3.13.14,2026-07-13T16:22:15.401560+00:00,F02_routing,FEASIBLE_AND_SATISFIED
F02_routing,F02_routing:small_mesh:a686beca965dc03b:least_loss__automatic__conservative_min:0:f02-mesh,small_mesh,a686beca965dc03b,0,f02-mesh,least_loss,automatic,False,a0 -> a1 -> b1 -> b2 -> b3,4.0,10,10.0,0.3,conservative_min,0.4475551085937498,0.4475551085937498,-5.551115123125783e-17,-1.2403199106737454e-16,0.15,1e-05,500.0,-1.0,True,True,,SATISFIED,703.0,693.0,70.3,70.3,0.4475551085937498,0.4475551085937498,4686.666666666667,4736.743519151131,0.0015537750099999,0.00396143751,0.00062,10.173946,1826.0,709.0,0.0,0.0,0.0,0.0,,,,f4343c314e5de5e01ee6970aaa14b5974c1b49ea,1f2680a5b9065e708a7497adc53a95b108029b98,3.13.14,2026-07-13T16:22:25.599355+00:00,F02_routing,FEASIBLE_AND_SATISFIED
F02_routing,F02_routing:small_mesh:a686beca965dc03b:least_loss__automatic__conservative_min:1:f02-mesh,small_mesh,a686beca965dc03b,1,f02-mesh,least_loss,automatic,False,a0 -> a1 -> b1 -> b2 -> b3,4.0,10,10.0,0.3,conservative_min,0.4475551085937498,0.4475551085937498,-5.551115123125783e-17,-1.2403199106737454e-16,0.15,1e-05,500.0,-1.0,True,True,,SATISFIED,678.0,668.0,67.8,67.8,0.4475551085937498,0.4475551085937498,4520.0,4578.663361204876,0.0015537750099999,0.00416393751,0.000666,10.144167,1931.0,683.0,0.0,0.0,0.0,0.0,,,,f4343c314e5de5e01ee6970aaa14b5974c1b49ea,1f2680a5b9065e708a7497adc53a95b108029b98,3.13.14,2026-07-13T16:22:35.900746+00:00,F02_routing,FEASIBLE_AND_SATISFIED
F02_routing,F02_routing:small_mesh:a686beca965dc03b:least_loss__automatic__conservative_min:2:f02-mesh,small_mesh,a686beca965dc03b,2,f02-mesh,least_loss,automatic,False,a0 -> a1 -> b1 -> b2 -> b3,4.0,10,10.0,0.3,conservative_min,0.4475551085937498,0.4475551085937498,-5.551115123125783e-17,-1.2403199106737454e-16,0.15,1e-05,500.0,-1.0,True,True,,SATISFIED,715.0,705.0,71.5,71.5,0.4475551085937498,0.4475551085937498,4766.666666666667,4809.296673152211,0.00120258751,0.00401271251,0.000581,10.594841,1783.0,717.0,0.0,0.0,0.0,0.0,,,,f4343c314e5de5e01ee6970aaa14b5974c1b49ea,1f2680a5b9065e708a7497adc53a95b108029b98,3.13.14,2026-07-13T16:22:46.518967+00:00,F02_routing,FEASIBLE_AND_SATISFIED
F02_routing,F02_routing:small_mesh:a686beca965dc03b:least_loss__automatic__conservative_min:3:f02-mesh,small_mesh,a686beca965dc03b,3,f02-mesh,least_loss,automatic,False,a0 -> a1 -> b1 -> b2 -> b3,4.0,10,10.0,0.3,conservative_min,0.4475551085937498,0.4475551085937497,-1.1102230246251563e-16,-2.4806398213474907e-16,0.15,1e-05,500.0,-1.0,True,True,,SATISFIED,692.0,682.0,69.2,69.2,0.4475551085937497,0.4475551085937498,4613.333333333334,4652.51252904984,0.0012026250099999,0.00375883751,0.000612,10.251566,1800.0,696.0,0.0,0.0,0.0,0.0,,,,f4343c314e5de5e01ee6970aaa14b5974c1b49ea,1f2680a5b9065e708a7497adc53a95b108029b98,3.13.14,2026-07-13T16:22:56.792393+00:00,F02_routing,FEASIBLE_AND_SATISFIED
F02_routing,F02_routing:small_mesh:a686beca965dc03b:least_loss__automatic__conservative_min:4:f02-mesh,small_mesh,a686beca965dc03b,4,f02-mesh,least_loss,automatic,False,a0 -> a1 -> b1 -> b2 -> b3,4.0,10,10.0,0.3,conservative_min,0.4475551085937498,0.4475551085937498,-5.551115123125783e-17,-1.2403199106737454e-16,0.15,1e-05,500.0,-1.0,True,True,,SATISFIED,705.0,695.0,70.5,70.5,0.4475551085937498,0.4475551085937498,4700.0,4738.116568420756,0.00120251251,0.00371017501,0.000814,10.423893,1876.0,708.0,0.0,0.0,0.0,0.0,,,,f4343c314e5de5e01ee6970aaa14b5974c1b49ea,1f2680a5b9065e708a7497adc53a95b108029b98,3.13.14,2026-07-13T16:23:07.246948+00:00,F02_routing,FEASIBLE_AND_SATISFIED
F02_routing,F02_routing:small_mesh:a686beca965dc03b:least_loss__automatic__conservative_min:5:f02-mesh,small_mesh,a686beca965dc03b,5,f02-mesh,least_loss,automatic,False,a0 -> a1 -> b1 -> b2 -> b3,4.0,10,10.0,0.3,conservative_min,0.4475551085937498,0.4475551085937498,-5.551115123125783e-17,-1.2403199106737454e-16,0.15,1e-05,500.0,-1.0,True,True,,SATISFIED,702.0,692.0,70.2,70.2,0.4475551085937498,0.4475551085937498,4680.0,4739.584876166951,0.0015537750099999,0.00391266251,0.000859,10.199346,1814.0,703.0,0.0,0.0,0.0,0.0,,,,f4343c314e5de5e01ee6970aaa14b5974c1b49ea,1f2680a5b9065e708a7497adc53a95b108029b98,3.13.14,2026-07-13T16:23:17.472875+00:00,F02_routing,FEASIBLE_AND_SATISFIED
F02_routing,F02_routing:small_mesh:a686beca965dc03b:least_loss__automatic__conservative_min:6:f02-mesh,small_mesh,a686beca965dc03b,6,f02-mesh,least_loss,automatic,False,a0 -> a1 -> b1 -> b2 -> b3,4.0,10,10.0,0.3,conservative_min,0.4475551085937498,0.4475551085937497,-1.1102230246251563e-16,-2.4806398213474907e-16,0.15,1e-05,500.0,-1.0,True,True,,SATISFIED,692.0,682.0,69.2,69.2,0.4475551085937497,0.4475551085937498,4613.333333333334,4661.259235477706,0.0012026250099999,0.00371016251,0.000687,10.123538,1871.0,695.0,0.0,0.0,0.0,0.0,,,,f4343c314e5de5e01ee6970aaa14b5974c1b49ea,1f2680a5b9065e708a7497adc53a95b108029b98,3.13.14,2026-07-13T16:23:27.619906+00:00,F02_routing,FEASIBLE_AND_SATISFIED
F02_routing,F02_routing:small_mesh:a686beca965dc03b:least_loss__automatic__conservative_min:7:f02-mesh,small_mesh,a686beca965dc03b,7,f02-mesh,least_loss,automatic,False,a0 -> a1 -> b1 -> b2 -> b3,4.0,10,10.0,0.3,conservative_min,0.4475551085937498,0.4475551085937498,0.0,0.0,0.15,1e-05,500.0,-1.0,True,True,,SATISFIED,694.0,684.0,69.4,69.4,0.4475551085937498,0.4475551085937498,4626.666666666667,4673.776385222886,0.0012026000099999,0.00346138751,0.000635,10.304989,1816.0,699.0,0.0,0.0,0.0,0.0,,,,f4343c314e5de5e01ee6970aaa14b5974c1b49ea,1f2680a5b9065e708a7497adc53a95b108029b98,3.13.14,2026-07-13T16:23:37.947846+00:00,F02_routing,FEASIBLE_AND_SATISFIED
F02_routing,F02_routing:small_mesh:a686beca965dc03b:least_loss__automatic__conservative_min:8:f02-mesh,small_mesh,a686beca965dc03b,8,f02-mesh,least_loss,automatic,False,a0 -> a1 -> b1 -> b2 -> b3,4.0,10,10.0,0.3,conservative_min,0.4475551085937498,0.4475551085937498,-5.551115123125783e-17,-1.2403199106737454e-16,0.15,1e-05,500.0,-1.0,True,True,,SATISFIED,685.0,675.0,68.5,68.5,0.4475551085937498,0.4475551085937498,4566.666666666667,4605.369423742225,0.0012026250099999,0.00361008751,0.000483,9.960897,1856.0,690.0,0.0,0.0,0.0,0.0,,,,f4343c314e5de5e01ee6970aaa14b5974c1b49ea,1f2680a5b9065e708a7497adc53a95b108029b98,3.13.14,2026-07-13T16:23:47.931383+00:00,F02_routing,FEASIBLE_AND_SATISFIED
F02_routing,F02_routing:small_mesh:a686beca965dc03b:least_loss__automatic__conservative_min:9:f02-mesh,small_mesh,a686beca965dc03b,9,f02-mesh,least_loss,automatic,False,a0 -> a1 -> b1 -> b2 -> b3,4.0,10,10.0,0.3,conservative_min,0.4475551085937498,0.4475551085937498,0.0,0.0,0.15,1e-05,500.0,-1.0,True,True,,SATISFIED,695.0,685.0,69.5,69.5,0.4475551085937498,0.4475551085937498,4633.333333333334,4679.290202172268,0.0012026000099999,0.00331013751,0.000676,10.237454,1860.0,701.0,0.0,0.0,0.0,0.0,,,,f4343c314e5de5e01ee6970aaa14b5974c1b49ea,1f2680a5b9065e708a7497adc53a95b108029b98,3.13.14,2026-07-13T16:23:58.193546+00:00,F02_routing,FEASIBLE_AND_SATISFIED
F02_routing,F02_routing:small_mesh:a686beca965dc03b:least_loss__automatic__conservative_min:10:f02-mesh,small_mesh,a686beca965dc03b,10,f02-mesh,least_loss,automatic,False,a0 -> a1 -> b1 -> b2 -> b3,4.0,10,10.0,0.3,conservative_min,0.4475551085937498,0.4475551085937498,-5.551115123125783e-17,-1.2403199106737454e-16,0.15,1e-05,500.0,-1.0,True,True,,SATISFIED,697.0,687.0,69.7,69.7,0.4475551085937498,0.4475551085937498,4646.666666666667,4691.14181853425,0.0012026250099999,0.0033614000099999,0.000693,10.170909,1891.0,701.0,0.0,0.0,0.0,0.0,,,,f4343c314e5de5e01ee6970aaa14b5974c1b49ea,1f2680a5b9065e708a7497adc53a95b108029b98,3.13.14,2026-07-13T16:24:08.386978+00:00,F02_routing,FEASIBLE_AND_SATISFIED
F02_routing,F02_routing:small_mesh:a686beca965dc03b:least_loss__automatic__conservative_min:11:f02-mesh,small_mesh,a686beca965dc03b,11,f02-mesh,least_loss,automatic,False,a0 -> a1 -> b1 -> b2 -> b3,4.0,10,10.0,0.3,conservative_min,0.4475551085937498,0.4475551085937498,-5.551115123125783e-17,-1.2403199106737454e-16,0.15,1e-05,500.0,-1.0,True,True,,SATISFIED,702.0,692.0,70.2,70.2,0.4475551085937498,0.4475551085937498,4680.0,4718.356701213339,0.0012026250099999,0.0038127000099999,0.000613,10.405631,1810.0,706.0,0.0,0.0,0.0,0.0,,,,f4343c314e5de5e01ee6970aaa14b5974c1b49ea,1f2680a5b9065e708a7497adc53a95b108029b98,3.13.14,2026-07-13T16:24:18.816400+00:00,F02_routing,FEASIBLE_AND_SATISFIED
F02_routing,F02_routing:small_mesh:a686beca965dc03b:least_loss__automatic__conservative_min:12:f02-mesh,small_mesh,a686beca965dc03b,12,f02-mesh,least_loss,automatic,False,a0 -> a1 -> b1 -> b2 -> b3,4.0,10,10.0,0.3,conservative_min,0.4475551085937498,0.4475551085937497,-1.1102230246251563e-16,-2.4806398213474907e-16,0.15,1e-05,500.0,-1.0,True,True,,SATISFIED,691.0,681.0,69.1,69.1,0.4475551085937497,0.4475551085937498,4606.666666666667,4645.549919492822,0.00120257501,0.00381265001,0.000557,10.451096,1866.0,695.0,0.0,0.0,0.0,0.0,,,,f4343c314e5de5e01ee6970aaa14b5974c1b49ea,1f2680a5b9065e708a7497adc53a95b108029b98,3.13.14,2026-07-13T16:24:29.293290+00:00,F02_routing,FEASIBLE_AND_SATISFIED
F02_routing,F02_routing:small_mesh:a686beca965dc03b:least_loss__automatic__conservative_min:13:f02-mesh,small_mesh,a686beca965dc03b,13,f02-mesh,least_loss,automatic,False,a0 -> a1 -> b1 -> b2 -> b3,4.0,10,10.0,0.3,conservative_min,0.4475551085937498,0.4475551085937498,-5.551115123125783e-17,-1.2403199106737454e-16,0.15,1e-05,500.0,-1.0,True,True,,SATISFIED,700.0,690.0,70.0,70.0,0.4475551085937498,0.4475551085937498,4666.666666666667,4705.0722106756575,0.00120257501,0.0038101000099999,0.000566,10.671028,1888.0,704.0,0.0,0.0,0.0,0.0,,,,f4343c314e5de5e01ee6970aaa14b5974c1b49ea,1f2680a5b9065e708a7497adc53a95b108029b98,3.13.14,2026-07-13T16:24:39.990863+00:00,F02_routing,FEASIBLE_AND_SATISFIED
F02_routing,F02_routing:small_mesh:a686beca965dc03b:least_loss__automatic__conservative_min:14:f02-mesh,small_mesh,a686beca965dc03b,14,f02-mesh,least_loss,automatic,False,a0 -> a1 -> b1 -> b2 -> b3,4.0,10,10.0,0.3,conservative_min,0.4475551085937498,0.4475551085937498,-5.551115123125783e-17,-1.2403199106737454e-16,0.15,1e-05,500.0,-1.0,True,True,,SATISFIED,700.0,690.0,70.0,70.0,0.4475551085937498,0.4475551085937498,4666.666666666667,4704.8377998767,0.0012026000099999,0.00346143751,0.00051,10.498689,1853.0,706.0,0.0,0.0,0.0,0.0,,,,f4343c314e5de5e01ee6970aaa14b5974c1b49ea,1f2680a5b9065e708a7497adc53a95b108029b98,3.13.14,2026-07-13T16:24:50.511901+00:00,F02_routing,FEASIBLE_AND_SATISFIED
F02_routing,F02_routing:small_mesh:a686beca965dc03b:least_loss__automatic__conservative_min:15:f02-mesh,small_mesh,a686beca965dc03b,15,f02-mesh,least_loss,automatic,False,a0 -> a1 -> b1 -> b2 -> b3,4.0,10,10.0,0.3,conservative_min,0.4475551085937498,0.4475551085937497,-1.1102230246251563e-16,-2.4806398213474907e-16,0.15,1e-05,500.0,-1.0,True,True,,SATISFIED,692.0,682.0,69.2,69.2,0.4475551085937497,0.4475551085937498,4613.333333333334,4651.224533999561,0.0012026250099999,0.00391267501,0.000602,10.925123,1877.0,694.0,0.0,0.0,0.0,0.0,,,,f4343c314e5de5e01ee6970aaa14b5974c1b49ea,1f2680a5b9065e708a7497adc53a95b108029b98,3.13.14,2026-07-13T16:25:01.463877+00:00,F02_routing,FEASIBLE_AND_SATISFIED
F02_routing,F02_routing:small_mesh:a686beca965dc03b:least_loss__automatic__conservative_min:16:f02-mesh,small_mesh,a686beca965dc03b,16,f02-mesh,least_loss,automatic,False,a0 -> a1 -> b1 -> b2 -> b3,4.0,10,10.0,0.3,conservative_min,0.4475551085937498,0.4475551085937498,-5.551115123125783e-17,-1.2403199106737454e-16,0.15,1e-05,500.0,-1.0,True,True,,SATISFIED,698.0,688.0,69.8,69.8,0.4475551085937498,0.4475551085937498,4653.333333333334,4693.327129355543,0.00120257501,0.0032588500099999,0.000761,10.480629,1862.0,701.0,0.0,0.0,0.0,0.0,,,,f4343c314e5de5e01ee6970aaa14b5974c1b49ea,1f2680a5b9065e708a7497adc53a95b108029b98,3.13.14,2026-07-13T16:25:11.967650+00:00,F02_routing,FEASIBLE_AND_SATISFIED
F02_routing,F02_routing:small_mesh:a686beca965dc03b:least_loss__automatic__conservative_min:17:f02-mesh,small_mesh,a686beca965dc03b,17,f02-mesh,least_loss,automatic,False,a0 -> a1 -> b1 -> b2 -> b3,4.0,10,10.0,0.3,conservative_min,0.4475551085937498,0.4475551085937498,0.0,0.0,0.15,1e-05,500.0,-1.0,True,True,,SATISFIED,694.0,684.0,69.4,69.4,0.4475551085937498,0.4475551085937498,4626.666666666667,4664.743412226198,0.0012025625099999,0.0032101625099999,0.000516,10.287393,1853.0,700.0,0.0,0.0,0.0,0.0,,,,f4343c314e5de5e01ee6970aaa14b5974c1b49ea,1f2680a5b9065e708a7497adc53a95b108029b98,3.13.14,2026-07-13T16:25:22.276375+00:00,F02_routing,FEASIBLE_AND_SATISFIED
F02_routing,F02_routing:small_mesh:a686beca965dc03b:least_loss__automatic__conservative_min:18:f02-mesh,small_mesh,a686beca965dc03b,18,f02-mesh,least_loss,automatic,False,a0 -> a1 -> b1 -> b2 -> b3,4.0,10,10.0,0.3,conservative_min,0.4475551085937498,0.4475551085937498,-5.551115123125783e-17,-1.2403199106737454e-16,0.15,1e-05,500.0,-1.0,True,True,,SATISFIED,688.0,678.0,68.8,68.8,0.4475551085937498,0.4475551085937498,4586.666666666667,4637.27518293604,0.00120252501,0.00371270001,0.000752,10.305821,1848.0,694.0,0.0,0.0,0.0,0.0,,,,f4343c314e5de5e01ee6970aaa14b5974c1b49ea,1f2680a5b9065e708a7497adc53a95b108029b98,3.13.14,2026-07-13T16:25:32.605455+00:00,F02_routing,FEASIBLE_AND_SATISFIED
F02_routing,F02_routing:small_mesh:a686beca965dc03b:least_loss__automatic__conservative_min:19:f02-mesh,small_mesh,a686beca965dc03b,19,f02-mesh,least_loss,automatic,False,a0 -> a1 -> b1 -> b2 -> b3,4.0,10,10.0,0.3,conservative_min,0.4475551085937498,0.4475551085937498,-5.551115123125783e-17,-1.2403199106737454e-16,0.15,1e-05,500.0,-1.0,True,True,,SATISFIED,697.0,687.0,69.7,69.7,0.4475551085937498,0.4475551085937498,4646.666666666667,4684.990277552905,0.00120252501,0.00395890001,0.00066,10.23418,1850.0,701.0,0.0,0.0,0.0,0.0,,,,f4343c314e5de5e01ee6970aaa14b5974c1b49ea,1f2680a5b9065e708a7497adc53a95b108029b98,3.13.14,2026-07-13T16:25:42.862583+00:00,F02_routing,FEASIBLE_AND_SATISFIED
F02_routing,F02_routing:small_mesh:c8a11b361b27778d:highest_fidelity__automatic__conservative_min:0:f02-mesh,small_mesh,c8a11b361b27778d,0,f02-mesh,highest_fidelity,automatic,False,a0 -> a1 -> a2 -> a3 -> b3,4.0,10,10.0,0.3,conservative_min,0.4475551085937498,0.4475551085937497,-1.1102230246251563e-16,-2.4806398213474907e-16,0.15,1e-05,500.0,-1.0,True,True,,SATISFIED,691.0,681.0,69.1,69.1,0.4475551085937497,0.4475551085937498,4606.666666666667,4651.882577664686,0.00120251251,0.0036101875099999,0.000652,10.243003,1890.0,693.0,0.0,0.0,0.0,0.0,,,,f4343c314e5de5e01ee6970aaa14b5974c1b49ea,1f2680a5b9065e708a7497adc53a95b108029b98,3.13.14,2026-07-13T16:25:53.132325+00:00,F02_routing,FEASIBLE_AND_SATISFIED
F02_routing,F02_routing:small_mesh:c8a11b361b27778d:highest_fidelity__automatic__conservative_min:1:f02-mesh,small_mesh,c8a11b361b27778d,1,f02-mesh,highest_fidelity,automatic,False,a0 -> a1 -> a2 -> a3 -> b3,4.0,10,10.0,0.3,conservative_min,0.4475551085937498,0.4475551085937498,-5.551115123125783e-17,-1.2403199106737454e-16,0.15,1e-05,500.0,-1.0,True,True,,SATISFIED,701.0,691.0,70.1,70.1,0.4475551085937498,0.4475551085937498,4673.333333333334,4711.796909454437,0.0012026250099999,0.00331020001,0.000492,10.101691,1870.0,706.0,0.0,0.0,0.0,0.0,,,,f4343c314e5de5e01ee6970aaa14b5974c1b49ea,1f2680a5b9065e708a7497adc53a95b108029b98,3.13.14,2026-07-13T16:26:03.256835+00:00,F02_routing,FEASIBLE_AND_SATISFIED
F02_routing,F02_routing:small_mesh:c8a11b361b27778d:highest_fidelity__automatic__conservative_min:2:f02-mesh,small_mesh,c8a11b361b27778d,2,f02-mesh,highest_fidelity,automatic,False,a0 -> a1 -> a2 -> a3 -> b3,4.0,10,10.0,0.3,conservative_min,0.4475551085937498,0.4475551085937498,-5.551115123125783e-17,-1.2403199106737454e-16,0.15,1e-05,500.0,-1.0,True,True,,SATISFIED,706.0,696.0,70.6,70.6,0.4475551085937498,0.4475551085937498,4706.666666666667,4750.473554421561,0.00120252501,0.00335883751,0.000487,10.193612,1838.0,711.0,0.0,0.0,0.0,0.0,,,,f4343c314e5de5e01ee6970aaa14b5974c1b49ea,1f2680a5b9065e708a7497adc53a95b108029b98,3.13.14,2026-07-13T16:26:13.471115+00:00,F02_routing,FEASIBLE_AND_SATISFIED
F02_routing,F02_routing:small_mesh:c8a11b361b27778d:highest_fidelity__automatic__conservative_min:3:f02-mesh,small_mesh,c8a11b361b27778d,3,f02-mesh,highest_fidelity,automatic,False,a0 -> a1 -> a2 -> a3 -> b3,4.0,10,10.0,0.3,conservative_min,0.4475551085937498,0.4475551085937497,-1.1102230246251563e-16,-2.4806398213474907e-16,0.15,1e-05,500.0,-1.0,True,True,,SATISFIED,692.0,682.0,69.2,69.2,0.4475551085937497,0.4475551085937498,4613.333333333334,4674.987062716437,0.0015537750099999,0.0037100875099999,0.000586,10.041939,1927.0,697.0,0.0,0.0,0.0,0.0,,,,f4343c314e5de5e01ee6970aaa14b5974c1b49ea,1f2680a5b9065e708a7497adc53a95b108029b98,3.13.14,2026-07-13T16:26:23.539122+00:00,F02_routing,FEASIBLE_AND_SATISFIED
F02_routing,F02_routing:small_mesh:c8a11b361b27778d:highest_fidelity__automatic__conservative_min:4:f02-mesh,small_mesh,c8a11b361b27778d,4,f02-mesh,highest_fidelity,automatic,False,a0 -> a1 -> a2 -> a3 -> b3,4.0,10,10.0,0.3,conservative_min,0.4475551085937498,0.4475551085937498,-5.551115123125783e-17,-1.2403199106737454e-16,0.15,1e-05,500.0,-1.0,True,True,,SATISFIED,698.0,688.0,69.8,69.8,0.4475551085937498,0.4475551085937498,4653.333333333334,4704.520476332697,0.0015537750099999,0.00361021251,0.000486,10.278434,1755.0,701.0,0.0,0.0,0.0,0.0,,,,f4343c314e5de5e01ee6970aaa14b5974c1b49ea,1f2680a5b9065e708a7497adc53a95b108029b98,3.13.14,2026-07-13T16:26:33.842323+00:00,F02_routing,FEASIBLE_AND_SATISFIED
F02_routing,F02_routing:small_mesh:c8a11b361b27778d:highest_fidelity__automatic__conservative_min:5:f02-mesh,small_mesh,c8a11b361b27778d,5,f02-mesh,highest_fidelity,automatic,False,a0 -> a1 -> a2 -> a3 -> b3,4.0,10,10.0,0.3,conservative_min,0.4475551085937498,0.4475551085937498,-5.551115123125783e-17,-1.2403199106737454e-16,0.15,1e-05,500.0,-1.0,True,True,,SATISFIED,706.0,696.0,70.6,70.6,0.4475551085937498,0.4475551085937498,4706.666666666667,4756.715639446007,0.0015537750099999,0.00381020001,0.000545,10.594916,1797.0,708.0,0.0,0.0,0.0,0.0,,,,f4343c314e5de5e01ee6970aaa14b5974c1b49ea,1f2680a5b9065e708a7497adc53a95b108029b98,3.13.14,2026-07-13T16:26:44.464784+00:00,F02_routing,FEASIBLE_AND_SATISFIED
F02_routing,F02_routing:small_mesh:c8a11b361b27778d:highest_fidelity__automatic__conservative_min:6:f02-mesh,small_mesh,c8a11b361b27778d,6,f02-mesh,highest_fidelity,automatic,False,a0 -> a1 -> a2 -> a3 -> b3,4.0,10,10.0,0.3,conservative_min,0.4475551085937498,0.4475551085937498,-5.551115123125783e-17,-1.2403199106737454e-16,0.15,1e-05,500.0,-1.0,True,True,,SATISFIED,703.0,693.0,70.3,70.3,0.4475551085937498,0.4475551085937498,4686.666666666667,4728.580409366928,0.0012026250099999,0.00371016251,0.000613,10.431196,1857.0,705.0,0.0,0.0,0.0,0.0,,,,f4343c314e5de5e01ee6970aaa14b5974c1b49ea,1f2680a5b9065e708a7497adc53a95b108029b98,3.13.14,2026-07-13T16:26:54.920166+00:00,F02_routing,FEASIBLE_AND_SATISFIED
F02_routing,F02_routing:small_mesh:c8a11b361b27778d:highest_fidelity__automatic__conservative_min:7:f02-mesh,small_mesh,c8a11b361b27778d,7,f02-mesh,highest_fidelity,automatic,False,a0 -> a1 -> a2 -> a3 -> b3,4.0,10,10.0,0.3,conservative_min,0.4475551085937498,0.4475551085937498,-5.551115123125783e-17,-1.2403199106737454e-16,0.15,1e-05,500.0,-1.0,True,True,,SATISFIED,702.0,692.0,70.2,70.2,0.4475551085937498,0.4475551085937498,4680.0,4721.773927417019,0.00120258751,0.00361008751,0.000575,10.190032,1897.0,708.0,0.0,0.0,0.0,0.0,,,,f4343c314e5de5e01ee6970aaa14b5974c1b49ea,1f2680a5b9065e708a7497adc53a95b108029b98,3.13.14,2026-07-13T16:27:05.132396+00:00,F02_routing,FEASIBLE_AND_SATISFIED
F02_routing,F02_routing:small_mesh:c8a11b361b27778d:highest_fidelity__automatic__conservative_min:8:f02-mesh,small_mesh,c8a11b361b27778d,8,f02-mesh,highest_fidelity,automatic,False,a0 -> a1 -> a2 -> a3 -> b3,4.0,10,10.0,0.3,conservative_min,0.4475551085937498,0.4475551085937498,-5.551115123125783e-17,-1.2403199106737454e-16,0.15,1e-05,500.0,-1.0,True,True,,SATISFIED,702.0,692.0,70.2,70.2,0.4475551085937498,0.4475551085937498,4680.0,4718.520427933507,0.0012026250099999,0.0034614125099999,0.000433,10.583367,1774.0,706.0,0.0,0.0,0.0,0.0,,,,f4343c314e5de5e01ee6970aaa14b5974c1b49ea,1f2680a5b9065e708a7497adc53a95b108029b98,3.13.14,2026-07-13T16:27:15.737739+00:00,F02_routing,FEASIBLE_AND_SATISFIED
F02_routing,F02_routing:small_mesh:c8a11b361b27778d:highest_fidelity__automatic__conservative_min:9:f02-mesh,small_mesh,c8a11b361b27778d,9,f02-mesh,highest_fidelity,automatic,False,a0 -> a1 -> a2 -> a3 -> b3,4.0,10,10.0,0.3,conservative_min,0.4475551085937498,0.4475551085937498,-5.551115123125783e-17,-1.2403199106737454e-16,0.15,1e-05,500.0,-1.0,True,True,,SATISFIED,700.0,690.0,70.0,70.0,0.4475551085937498,0.4475551085937498,4666.666666666667,4706.117658824118,0.0012026250099999,0.0038101500099999,0.000537,10.395062,1927.0,703.0,0.0,0.0,0.0,0.0,,,,f4343c314e5de5e01ee6970aaa14b5974c1b49ea,1f2680a5b9065e708a7497adc53a95b108029b98,3.13.14,2026-07-13T16:27:26.154106+00:00,F02_routing,FEASIBLE_AND_SATISFIED
F02_routing,F02_routing:small_mesh:c8a11b361b27778d:highest_fidelity__automatic__conservative_min:10:f02-mesh,small_mesh,c8a11b361b27778d,10,f02-mesh,highest_fidelity,automatic,False,a0 -> a1 -> a2 -> a3 -> b3,4.0,10,10.0,0.3,conservative_min,0.4475551085937498,0.4475551085937498,-5.551115123125783e-17,-1.2403199106737454e-16,0.15,1e-05,500.0,-1.0,True,True,,SATISFIED,688.0,678.0,68.8,68.8,0.4475551085937498,0.4475551085937498,4586.666666666667,4635.439603312823,0.0012026250099999,0.0038126375099999,0.000434,10.311013,1886.0,691.0,0.0,0.0,0.0,0.0,,,,f4343c314e5de5e01ee6970aaa14b5974c1b49ea,1f2680a5b9065e708a7497adc53a95b108029b98,3.13.14,2026-07-13T16:27:36.487411+00:00,F02_routing,FEASIBLE_AND_SATISFIED
F02_routing,F02_routing:small_mesh:c8a11b361b27778d:highest_fidelity__automatic__conservative_min:11:f02-mesh,small_mesh,c8a11b361b27778d,11,f02-mesh,highest_fidelity,automatic,False,a0 -> a1 -> a2 -> a3 -> b3,4.0,10,10.0,0.3,conservative_min,0.4475551085937498,0.4475551085937498,-5.551115123125783e-17,-1.2403199106737454e-16,0.15,1e-05,500.0,-1.0,True,True,,SATISFIED,696.0,686.0,69.6,69.6,0.4475551085937498,0.4475551085937498,4640.0,4681.573149832706,0.00120257501,0.00361020001,0.000546,10.322409,1820.0,700.0,0.0,0.0,0.0,0.0,,,,f4343c314e5de5e01ee6970aaa14b5974c1b49ea,1f2680a5b9065e708a7497adc53a95b108029b98,3.13.14,2026-07-13T16:27:46.832825+00:00,F02_routing,FEASIBLE_AND_SATISFIED
F02_routing,F02_routing:small_mesh:c8a11b361b27778d:highest_fidelity__automatic__conservative_min:12:f02-mesh,small_mesh,c8a11b361b27778d,12,f02-mesh,highest_fidelity,automatic,False,a0 -> a1 -> a2 -> a3 -> b3,4.0,10,10.0,0.3,conservative_min,0.4475551085937498,0.4475551085937498,-5.551115123125783e-17,-1.2403199106737454e-16,0.15,1e-05,500.0,-1.0,True,True,,SATISFIED,688.0,678.0,68.8,68.8,0.4475551085937498,0.4475551085937498,4586.666666666667,4642.826685152495,0.0012026000099999,0.00381265001,0.000569,10.33377,1809.0,695.0,0.0,0.0,0.0,0.0,,,,f4343c314e5de5e01ee6970aaa14b5974c1b49ea,1f2680a5b9065e708a7497adc53a95b108029b98,3.13.14,2026-07-13T16:27:57.190102+00:00,F02_routing,FEASIBLE_AND_SATISFIED
F02_routing,F02_routing:small_mesh:c8a11b361b27778d:highest_fidelity__automatic__conservative_min:13:f02-mesh,small_mesh,c8a11b361b27778d,13,f02-mesh,highest_fidelity,automatic,False,a0 -> a1 -> a2 -> a3 -> b3,4.0,10,10.0,0.3,conservative_min,0.4475551085937498,0.4475551085937498,-5.551115123125783e-17,-1.2403199106737454e-16,0.15,1e-05,500.0,-1.0,True,True,,SATISFIED,701.0,691.0,70.1,70.1,0.4475551085937498,0.4475551085937498,4673.333333333334,4717.899000449832,0.0012026250099999,0.0037101500099999,0.000566,10.479457,1824.0,705.0,0.0,0.0,0.0,0.0,,,,f4343c314e5de5e01ee6970aaa14b5974c1b49ea,1f2680a5b9065e708a7497adc53a95b108029b98,3.13.14,2026-07-13T16:28:07.695180+00:00,F02_routing,FEASIBLE_AND_SATISFIED
F02_routing,F02_routing:small_mesh:c8a11b361b27778d:highest_fidelity__automatic__conservative_min:14:f02-mesh,small_mesh,c8a11b361b27778d,14,f02-mesh,highest_fidelity,automatic,False,a0 -> a1 -> a2 -> a3 -> b3,4.0,10,10.0,0.3,conservative_min,0.4475551085937498,0.4475551085937498,-5.551115123125783e-17,-1.2403199106737454e-16,0.15,1e-05,500.0,-1.0,True,True,,SATISFIED,703.0,693.0,70.3,70.3,0.4475551085937498,0.4475551085937498,4686.666666666667,4738.141041248618,0.0012026250099999,0.0031101375099999,0.000603,10.44672,1819.0,706.0,0.0,0.0,0.0,0.0,,,,f4343c314e5de5e01ee6970aaa14b5974c1b49ea,1f2680a5b9065e708a7497adc53a95b108029b98,3.13.14,2026-07-13T16:28:18.164836+00:00,F02_routing,FEASIBLE_AND_SATISFIED
F02_routing,F02_routing:small_mesh:c8a11b361b27778d:highest_fidelity__automatic__conservative_min:15:f02-mesh,small_mesh,c8a11b361b27778d,15,f02-mesh,highest_fidelity,automatic,False,a0 -> a1 -> a2 -> a3 -> b3,4.0,10,10.0,0.3,conservative_min,0.4475551085937498,0.4475551085937498,-5.551115123125783e-17,-1.2403199106737454e-16,0.15,1e-05,500.0,-1.0,True,True,,SATISFIED,703.0,693.0,70.3,70.3,0.4475551085937498,0.4475551085937498,4686.666666666667,4731.841956142119,0.0012026250099999,0.0033589250099999,0.000429,10.22496,1807.0,708.0,0.0,0.0,0.0,0.0,,,,f4343c314e5de5e01ee6970aaa14b5974c1b49ea,1f2680a5b9065e708a7497adc53a95b108029b98,3.13.14,2026-07-13T16:28:28.412080+00:00,F02_routing,FEASIBLE_AND_SATISFIED
F02_routing,F02_routing:small_mesh:c8a11b361b27778d:highest_fidelity__automatic__conservative_min:16:f02-mesh,small_mesh,c8a11b361b27778d,16,f02-mesh,highest_fidelity,automatic,False,a0 -> a1 -> a2 -> a3 -> b3,4.0,10,10.0,0.3,conservative_min,0.4475551085937498,0.4475551085937498,-5.551115123125783e-17,-1.2403199106737454e-16,0.15,1e-05,500.0,-1.0,True,True,,SATISFIED,689.0,679.0,68.9,68.9,0.4475551085937498,0.4475551085937498,4593.333333333334,4630.980892498903,0.00120257501,0.0033101250099999,0.000648,10.090822,1825.0,694.0,0.0,0.0,0.0,0.0,,,,f4343c314e5de5e01ee6970aaa14b5974c1b49ea,1f2680a5b9065e708a7497adc53a95b108029b98,3.13.14,2026-07-13T16:28:38.524546+00:00,F02_routing,FEASIBLE_AND_SATISFIED
F02_routing,F02_routing:small_mesh:c8a11b361b27778d:highest_fidelity__automatic__conservative_min:17:f02-mesh,small_mesh,c8a11b361b27778d,17,f02-mesh,highest_fidelity,automatic,False,a0 -> a1 -> a2 -> a3 -> b3,4.0,10,10.0,0.3,conservative_min,0.4475551085937498,0.4475551085937498,-5.551115123125783e-17,-1.2403199106737454e-16,0.15,1e-05,500.0,-1.0,True,True,,SATISFIED,699.0,689.0,69.9,69.9,0.4475551085937498,0.4475551085937498,4660.0,4698.592279234852,0.0012025625099999,0.00351012501,0.00063,10.239745,1819.0,703.0,0.0,0.0,0.0,0.0,,,,f4343c314e5de5e01ee6970aaa14b5974c1b49ea,1f2680a5b9065e708a7497adc53a95b108029b98,3.13.14,2026-07-13T16:28:48.788347+00:00,F02_routing,FEASIBLE_AND_SATISFIED
F02_routing,F02_routing:small_mesh:c8a11b361b27778d:highest_fidelity__automatic__conservative_min:18:f02-mesh,small_mesh,c8a11b361b27778d,18,f02-mesh,highest_fidelity,automatic,False,a0 -> a1 -> a2 -> a3 -> b3,4.0,10,10.0,0.3,conservative_min,0.4475551085937498,0.4475551085937498,0.0,0.0,0.15,1e-05,500.0,-1.0,True,True,,SATISFIED,693.0,683.0,69.3,69.3,0.4475551085937498,0.4475551085937498,4620.0,4662.846115817225,0.00120258751,0.0047664375099999,0.00056,10.104943,1963.0,698.0,0.0,0.0,0.0,0.0,,,,f4343c314e5de5e01ee6970aaa14b5974c1b49ea,1f2680a5b9065e708a7497adc53a95b108029b98,3.13.14,2026-07-13T16:28:58.916854+00:00,F02_routing,FEASIBLE_AND_SATISFIED
F02_routing,F02_routing:small_mesh:c8a11b361b27778d:highest_fidelity__automatic__conservative_min:19:f02-mesh,small_mesh,c8a11b361b27778d,19,f02-mesh,highest_fidelity,automatic,False,a0 -> a1 -> a2 -> a3 -> b3,4.0,10,10.0,0.3,conservative_min,0.4475551085937498,0.4475551085937498,-5.551115123125783e-17,-1.2403199106737454e-16,0.15,1e-05,500.0,-1.0,True,True,,SATISFIED,683.0,673.0,68.3,68.3,0.4475551085937498,0.4475551085937498,4553.333333333334,4595.16889978924,0.00120257501,0.00360762501,0.000524,10.128199,1829.0,684.0,0.0,0.0,0.0,0.0,,,,f4343c314e5de5e01ee6970aaa14b5974c1b49ea,1f2680a5b9065e708a7497adc53a95b108029b98,3.13.14,2026-07-13T16:29:09.065723+00:00,F02_routing,FEASIBLE_AND_SATISFIED
F03_purification,F03_purification:three_node_1_repeater:a90da3348b334c33:shortest_hop_count__disabled__conservative_min:0:f03-1rep,three_node_1_repeater,a90da3348b334c33,0,f03-1rep,shortest_hop_count,disabled,False,a -> r -> b,2.0,10,10.0,0.65,conservative_min,0.6863749999999998,0.6863749999999998,0.0,0.0,0.1,1e-05,1000.0,-1.0,True,True,,SATISFIED,504.0,494.0,50.4,50.4,0.6863749999999998,0.6863749999999998,5040.0,5098.088899442473,0.00100507501,0.0037201375099999,0.000636,3.448838,1456.0,504.0,0.0,0.0,0.0,0.0,,,,f4343c314e5de5e01ee6970aaa14b5974c1b49ea,1f2680a5b9065e708a7497adc53a95b108029b98,3.13.14,2026-07-13T16:29:46.712167+00:00,F03_purification,FEASIBLE_AND_SATISFIED
F03_purification,F03_purification:three_node_1_repeater:a90da3348b334c33:shortest_hop_count__disabled__conservative_min:1:f03-1rep,three_node_1_repeater,a90da3348b334c33,1,f03-1rep,shortest_hop_count,disabled,False,a -> r -> b,2.0,10,10.0,0.65,conservative_min,0.6863749999999998,0.6863749999999998,0.0,0.0,0.1,1e-05,1000.0,-1.0,True,True,,SATISFIED,509.0,499.0,50.9,50.9,0.6863749999999998,0.6863749999999998,5090.0,5143.201923597937,0.0010050625099999,0.0031676250099999,0.000381,3.607325,1433.0,511.0,0.0,0.0,0.0,0.0,,,,f4343c314e5de5e01ee6970aaa14b5974c1b49ea,1f2680a5b9065e708a7497adc53a95b108029b98,3.13.14,2026-07-13T16:29:50.331849+00:00,F03_purification,FEASIBLE_AND_SATISFIED
F03_purification,F03_purification:three_node_1_repeater:a90da3348b334c33:shortest_hop_count__disabled__conservative_min:2:f03-1rep,three_node_1_repeater,a90da3348b334c33,2,f03-1rep,shortest_hop_count,disabled,False,a -> r -> b,2.0,10,10.0,0.65,conservative_min,0.6863749999999998,0.6863749999999998,0.0,0.0,0.1,1e-05,1000.0,-1.0,True,True,,SATISFIED,505.0,495.0,50.5,50.5,0.6863749999999998,0.6863749999999998,5050.0,5105.7548428842965,0.00100507501,0.0046776375099999,0.000451,3.437795,1334.0,506.0,0.0,0.0,0.0,0.0,,,,f4343c314e5de5e01ee6970aaa14b5974c1b49ea,1f2680a5b9065e708a7497adc53a95b108029b98,3.13.14,2026-07-13T16:29:53.782088+00:00,F03_purification,FEASIBLE_AND_SATISFIED
F03_purification,F03_purification:three_node_1_repeater:a90da3348b334c33:shortest_hop_count__disabled__conservative_min:3:f03-1rep,three_node_1_repeater,a90da3348b334c33,3,f03-1rep,shortest_hop_count,disabled,False,a -> r -> b,2.0,10,10.0,0.65,conservative_min,0.6863749999999998,0.6863749999999998,0.0,0.0,0.1,1e-05,1000.0,-1.0,True,True,,SATISFIED,493.0,483.0,49.3,49.3,0.6863749999999998,0.6863749999999998,4930.0,4981.276009927187,0.0010050625099999,0.00317261251,0.000278,3.420744,1391.0,493.0,0.0,0.0,0.0,0.0,,,,f4343c314e5de5e01ee6970aaa14b5974c1b49ea,1f2680a5b9065e708a7497adc53a95b108029b98,3.13.14,2026-07-13T16:29:57.214542+00:00,F03_purification,FEASIBLE_AND_SATISFIED
F03_purification,F03_purification:three_node_1_repeater:a90da3348b334c33:shortest_hop_count__disabled__conservative_min:4:f03-1rep,three_node_1_repeater,a90da3348b334c33,4,f03-1rep,shortest_hop_count,disabled,False,a -> r -> b,2.0,10,10.0,0.65,conservative_min,0.6863749999999998,0.6863749999999998,0.0,0.0,0.1,1e-05,1000.0,-1.0,True,True,,SATISFIED,485.0,475.0,48.5,48.5,0.6863749999999998,0.6863749999999998,4850.0,4918.208793427752,0.00100501251,0.00377267501,0.000293,3.428517,1378.0,489.0,0.0,0.0,0.0,0.0,,,,f4343c314e5de5e01ee6970aaa14b5974c1b49ea,1f2680a5b9065e708a7497adc53a95b108029b98,3.13.14,2026-07-13T16:30:00.655242+00:00,F03_purification,FEASIBLE_AND_SATISFIED
F03_purification,F03_purification:three_node_1_repeater:a90da3348b334c33:shortest_hop_count__disabled__conservative_min:5:f03-1rep,three_node_1_repeater,a90da3348b334c33,5,f03-1rep,shortest_hop_count,disabled,False,a -> r -> b,2.0,10,10.0,0.65,conservative_min,0.6863749999999998,0.6863749999999998,0.0,0.0,0.1,1e-05,1000.0,-1.0,True,True,,SATISFIED,465.0,455.0,46.5,46.5,0.6863749999999998,0.6863749999999998,4650.0,4703.831827390615,0.00100501251,0.0035201750099999,0.000325,3.401839,1443.0,468.0,0.0,0.0,0.0,0.0,,,,f4343c314e5de5e01ee6970aaa14b5974c1b49ea,1f2680a5b9065e708a7497adc53a95b108029b98,3.13.14,2026-07-13T16:30:04.069976+00:00,F03_purification,FEASIBLE_AND_SATISFIED
F03_purification,F03_purification:three_node_1_repeater:a90da3348b334c33:shortest_hop_count__disabled__conservative_min:6:f03-1rep,three_node_1_repeater,a90da3348b334c33,6,f03-1rep,shortest_hop_count,disabled,False,a -> r -> b,2.0,10,10.0,0.65,conservative_min,0.6863749999999998,0.6863749999999998,0.0,0.0,0.1,1e-05,1000.0,-1.0,True,True,,SATISFIED,487.0,477.0,48.7,48.7,0.6863749999999998,0.6863749999999998,4870.0,4926.378086620546,0.00100501251,0.00276762501,0.00028,3.39843,1383.0,491.0,0.0,0.0,0.0,0.0,,,,f4343c314e5de5e01ee6970aaa14b5974c1b49ea,1f2680a5b9065e708a7497adc53a95b108029b98,3.13.14,2026-07-13T16:30:07.479875+00:00,F03_purification,FEASIBLE_AND_SATISFIED
F03_purification,F03_purification:three_node_1_repeater:a90da3348b334c33:shortest_hop_count__disabled__conservative_min:7:f03-1rep,three_node_1_repeater,a90da3348b334c33,7,f03-1rep,shortest_hop_count,disabled,False,a -> r -> b,2.0,10,10.0,0.65,conservative_min,0.6863749999999998,0.6863749999999998,0.0,0.0,0.1,1e-05,1000.0,-1.0,True,True,,SATISFIED,503.0,493.0,50.3,50.3,0.6863749999999998,0.6863749999999998,5030.0,5088.74639668321,0.00100502501,0.00286763751,0.000363,3.474221,1320.0,508.0,0.0,0.0,0.0,0.0,,,,f4343c314e5de5e01ee6970aaa14b5974c1b49ea,1f2680a5b9065e708a7497adc53a95b108029b98,3.13.14,2026-07-13T16:30:10.965652+00:00,F03_purification,FEASIBLE_AND_SATISFIED
F03_purification,F03_purification:three_node_1_repeater:a90da3348b334c33:shortest_hop_count__disabled__conservative_min:8:f03-1rep,three_node_1_repeater,a90da3348b334c33,8,f03-1rep,shortest_hop_count,disabled,False,a -> r -> b,2.0,10,10.0,0.65,conservative_min,0.6863749999999998,0.6863749999999998,0.0,0.0,0.1,1e-05,1000.0,-1.0,True,True,,SATISFIED,500.0,490.0,50.0,50.0,0.6863749999999998,0.6863749999999998,5000.0,5053.537172808736,0.00100501251,0.00352008751,0.000289,3.378723,1316.0,504.0,0.0,0.0,0.0,0.0,,,,f4343c314e5de5e01ee6970aaa14b5974c1b49ea,1f2680a5b9065e708a7497adc53a95b108029b98,3.13.14,2026-07-13T16:30:14.354984+00:00,F03_purification,FEASIBLE_AND_SATISFIED
F03_purification,F03_purification:three_node_1_repeater:a90da3348b334c33:shortest_hop_count__disabled__conservative_min:9:f03-1rep,three_node_1_repeater,a90da3348b334c33,9,f03-1rep,shortest_hop_count,disabled,False,a -> r -> b,2.0,10,10.0,0.65,conservative_min,0.6863749999999998,0.6863749999999998,0.0,0.0,0.1,1e-05,1000.0,-1.0,True,True,,SATISFIED,482.0,472.0,48.2,48.2,0.6863749999999998,0.6863749999999998,4820.0,4895.609009444107,0.00145752501,0.00352008751,0.000357,3.4265,1386.0,486.0,0.0,0.0,0.0,0.0,,,,f4343c314e5de5e01ee6970aaa14b5974c1b49ea,1f2680a5b9065e708a7497adc53a95b108029b98,3.13.14,2026-07-13T16:30:17.794246+00:00,F03_purification,FEASIBLE_AND_SATISFIED
F03_purification,F03_purification:three_node_1_repeater:a90da3348b334c33:shortest_hop_count__disabled__conservative_min:10:f03-1rep,three_node_1_repeater,a90da3348b334c33,10,f03-1rep,shortest_hop_count,disabled,False,a -> r -> b,2.0,10,10.0,0.65,conservative_min,0.6863749999999998,0.6863749999999998,0.0,0.0,0.1,1e-05,1000.0,-1.0,True,True,,SATISFIED,488.0,478.0,48.8,48.8,0.6863749999999998,0.6863749999999998,4880.0,4943.8711067964805,0.0012575250099999,0.0037726500099999,0.00036,3.425285,1375.0,492.0,0.0,0.0,0.0,0.0,,,,f4343c314e5de5e01ee6970aaa14b5974c1b49ea,1f2680a5b9065e708a7497adc53a95b108029b98,3.13.14,2026-07-13T16:30:21.233453+00:00,F03_purification,FEASIBLE_AND_SATISFIED
F03_purification,F03_purification:three_node_1_repeater:a90da3348b334c33:shortest_hop_count__disabled__conservative_min:11:f03-1rep,three_node_1_repeater,a90da3348b334c33,11,f03-1rep,shortest_hop_count,disabled,False,a -> r -> b,2.0,10,10.0,0.65,conservative_min,0.6863749999999998,0.6863749999999998,0.0,0.0,0.1,1e-05,1000.0,-1.0,True,True,,SATISFIED,498.0,488.0,49.8,49.8,0.6863749999999998,0.6863749999999998,4980.0,5037.655972606482,0.00100508751,0.0035726625099999,0.000307,3.388869,1380.0,501.0,0.0,0.0,0.0,0.0,,,,f4343c314e5de5e01ee6970aaa14b5974c1b49ea,1f2680a5b9065e708a7497adc53a95b108029b98,3.13.14,2026-07-13T16:30:24.634934+00:00,F03_purification,FEASIBLE_AND_SATISFIED
F03_purification,F03_purification:three_node_1_repeater:a90da3348b334c33:shortest_hop_count__disabled__conservative_min:12:f03-1rep,three_node_1_repeater,a90da3348b334c33,12,f03-1rep,shortest_hop_count,disabled,False,a -> r -> b,2.0,10,10.0,0.65,conservative_min,0.6863749999999998,0.6863749999999998,0.0,0.0,0.1,1e-05,1000.0,-1.0,True,True,,SATISFIED,492.0,482.0,49.2,49.2,0.6863749999999998,0.6863749999999998,4920.0,4978.839300498377,0.00100501251,0.0030676125099999,0.000352,3.493301,1413.0,495.0,0.0,0.0,0.0,0.0,,,,f4343c314e5de5e01ee6970aaa14b5974c1b49ea,1f2680a5b9065e708a7497adc53a95b108029b98,3.13.14,2026-07-13T16:30:28.140044+00:00,F03_purification,FEASIBLE_AND_SATISFIED
F03_purification,F03_purification:three_node_1_repeater:a90da3348b334c33:shortest_hop_count__disabled__conservative_min:13:f03-1rep,three_node_1_repeater,a90da3348b334c33,13,f03-1rep,shortest_hop_count,disabled,False,a -> r -> b,2.0,10,10.0,0.65,conservative_min,0.6863749999999998,0.6863749999999998,0.0,0.0,0.1,1e-05,1000.0,-1.0,True,True,,SATISFIED,493.0,483.0,49.3,49.3,0.6863749999999998,0.6863749999999998,4930.0,4982.28220106212,0.00100501251,0.0035201000099999,0.000274,3.482278,1379.0,499.0,0.0,0.0,0.0,0.0,,,,f4343c314e5de5e01ee6970aaa14b5974c1b49ea,1f2680a5b9065e708a7497adc53a95b108029b98,3.13.14,2026-07-13T16:30:31.633194+00:00,F03_purification,FEASIBLE_AND_SATISFIED
F03_purification,F03_purification:three_node_1_repeater:a90da3348b334c33:shortest_hop_count__disabled__conservative_min:14:f03-1rep,three_node_1_repeater,a90da3348b334c33,14,f03-1rep,shortest_hop_count,disabled,False,a -> r -> b,2.0,10,10.0,0.65,conservative_min,0.6863749999999998,0.6863749999999998,0.0,0.0,0.1,1e-05,1000.0,-1.0,True,True,,SATISFIED,503.0,493.0,50.3,50.3,0.6863749999999998,0.6863749999999998,5030.0,5091.4564247752505,0.00100512501,0.0035201250099999,0.000414,3.586637,1350.0,505.0,0.0,0.0,0.0,0.0,,,,f4343c314e5de5e01ee6970aaa14b5974c1b49ea,1f2680a5b9065e708a7497adc53a95b108029b98,3.13.14,2026-07-13T16:30:35.232265+00:00,F03_purification,FEASIBLE_AND_SATISFIED
F03_purification,F03_purification:three_node_1_repeater:a90da3348b334c33:shortest_hop_count__disabled__conservative_min:15:f03-1rep,three_node_1_repeater,a90da3348b334c33,15,f03-1rep,shortest_hop_count,disabled,False,a -> r -> b,2.0,10,10.0,0.65,conservative_min,0.6863749999999998,0.6863749999999998,0.0,0.0,0.1,1e-05,1000.0,-1.0,True,True,,SATISFIED,515.0,505.0,51.5,51.5,0.6863749999999998,0.6863749999999998,5150.0,5223.491257308291,0.00100501251,0.00397260001,0.00028,3.499394,1387.0,517.0,0.0,0.0,0.0,0.0,,,,f4343c314e5de5e01ee6970aaa14b5974c1b49ea,1f2680a5b9065e708a7497adc53a95b108029b98,3.13.14,2026-07-13T16:30:38.742481+00:00,F03_purification,FEASIBLE_AND_SATISFIED
F03_purification,F03_purification:three_node_1_repeater:a90da3348b334c33:shortest_hop_count__disabled__conservative_min:16:f03-1rep,three_node_1_repeater,a90da3348b334c33,16,f03-1rep,shortest_hop_count,disabled,False,a -> r -> b,2.0,10,10.0,0.65,conservative_min,0.6863749999999998,0.6863749999999998,0.0,0.0,0.1,1e-05,1000.0,-1.0,True,True,,SATISFIED,506.0,496.0,50.6,50.6,0.6863749999999998,0.6863749999999998,5060.0,5119.097420167119,0.00100502501,0.0039726250099999,0.000316,3.473374,1330.0,507.0,0.0,0.0,0.0,0.0,,,,f4343c314e5de5e01ee6970aaa14b5974c1b49ea,1f2680a5b9065e708a7497adc53a95b108029b98,3.13.14,2026-07-13T16:30:42.227381+00:00,F03_purification,FEASIBLE_AND_SATISFIED
F03_purification,F03_purification:three_node_1_repeater:a90da3348b334c33:shortest_hop_count__disabled__conservative_min:17:f03-1rep,three_node_1_repeater,a90da3348b334c33,17,f03-1rep,shortest_hop_count,disabled,False,a -> r -> b,2.0,10,10.0,0.65,conservative_min,0.6863749999999998,0.6863749999999998,0.0,0.0,0.1,1e-05,1000.0,-1.0,True,True,,SATISFIED,477.0,467.0,47.7,47.7,0.6863749999999998,0.6863749999999998,4770.0,4837.081860512047,0.00100502501,0.00317267501,0.000483,3.42572,1371.0,478.0,0.0,0.0,0.0,0.0,,,,f4343c314e5de5e01ee6970aaa14b5974c1b49ea,1f2680a5b9065e708a7497adc53a95b108029b98,3.13.14,2026-07-13T16:30:45.665723+00:00,F03_purification,FEASIBLE_AND_SATISFIED
F03_purification,F03_purification:three_node_1_repeater:a90da3348b334c33:shortest_hop_count__disabled__conservative_min:18:f03-1rep,three_node_1_repeater,a90da3348b334c33,18,f03-1rep,shortest_hop_count,disabled,False,a -> r -> b,2.0,10,10.0,0.65,conservative_min,0.6863749999999998,0.6863749999999998,0.0,0.0,0.1,1e-05,1000.0,-1.0,True,True,,SATISFIED,504.0,494.0,50.4,50.4,0.6863749999999998,0.6863749999999998,5040.0,5092.423958440163,0.0010051000099999,0.0037726500099999,0.000369,3.679051,1396.0,507.0,0.0,0.0,0.0,0.0,,,,f4343c314e5de5e01ee6970aaa14b5974c1b49ea,1f2680a5b9065e708a7497adc53a95b108029b98,3.13.14,2026-07-13T16:30:49.357555+00:00,F03_purification,FEASIBLE_AND_SATISFIED
F03_purification,F03_purification:three_node_1_repeater:a90da3348b334c33:shortest_hop_count__disabled__conservative_min:19:f03-1rep,three_node_1_repeater,a90da3348b334c33,19,f03-1rep,shortest_hop_count,disabled,False,a -> r -> b,2.0,10,10.0,0.65,conservative_min,0.6863749999999998,0.6863749999999998,0.0,0.0,0.1,1e-05,1000.0,-1.0,True,True,,SATISFIED,521.0,511.0,52.1,52.1,0.6863749999999998,0.6863749999999998,5210.0,5283.546973876359,0.00100512501,0.00292018751,0.000313,3.640327,1417.0,525.0,0.0,0.0,0.0,0.0,,,,f4343c314e5de5e01ee6970aaa14b5974c1b49ea,1f2680a5b9065e708a7497adc53a95b108029b98,3.13.14,2026-07-13T16:30:53.009402+00:00,F03_purification,FEASIBLE_AND_SATISFIED
F03_purification,F03_purification:three_node_1_repeater:f2d6ab906f0361f5:shortest_hop_count__automatic__conservative_min:0:f03-1rep,three_node_1_repeater,f2d6ab906f0361f5,0,f03-1rep,shortest_hop_count,automatic,False,a -> r -> b,2.0,10,10.0,0.65,conservative_min,0.6863749999999998,0.6863749999999998,0.0,0.0,0.1,1e-05,1000.0,-1.0,True,True,,SATISFIED,504.0,494.0,50.4,50.4,0.6863749999999998,0.6863749999999998,5040.0,5098.088899442473,0.00100507501,0.0037201375099999,0.000265,3.530613,1456.0,504.0,0.0,0.0,0.0,0.0,,,,f4343c314e5de5e01ee6970aaa14b5974c1b49ea,1f2680a5b9065e708a7497adc53a95b108029b98,3.13.14,2026-07-13T16:30:56.551375+00:00,F03_purification,FEASIBLE_AND_SATISFIED
F03_purification,F03_purification:three_node_1_repeater:f2d6ab906f0361f5:shortest_hop_count__automatic__conservative_min:1:f03-1rep,three_node_1_repeater,f2d6ab906f0361f5,1,f03-1rep,shortest_hop_count,automatic,False,a -> r -> b,2.0,10,10.0,0.65,conservative_min,0.6863749999999998,0.6863749999999998,0.0,0.0,0.1,1e-05,1000.0,-1.0,True,True,,SATISFIED,509.0,499.0,50.9,50.9,0.6863749999999998,0.6863749999999998,5090.0,5143.201923597937,0.0010050625099999,0.0031676250099999,0.000273,3.491152,1433.0,511.0,0.0,0.0,0.0,0.0,,,,f4343c314e5de5e01ee6970aaa14b5974c1b49ea,1f2680a5b9065e708a7497adc53a95b108029b98,3.13.14,2026-07-13T16:31:00.052579+00:00,F03_purification,FEASIBLE_AND_SATISFIED
F03_purification,F03_purification:three_node_1_repeater:f2d6ab906f0361f5:shortest_hop_count__automatic__conservative_min:2:f03-1rep,three_node_1_repeater,f2d6ab906f0361f5,2,f03-1rep,shortest_hop_count,automatic,False,a -> r -> b,2.0,10,10.0,0.65,conservative_min,0.6863749999999998,0.6863749999999998,0.0,0.0,0.1,1e-05,1000.0,-1.0,True,True,,SATISFIED,505.0,495.0,50.5,50.5,0.6863749999999998,0.6863749999999998,5050.0,5105.7548428842965,0.00100507501,0.0046776375099999,0.000262,3.473647,1334.0,506.0,0.0,0.0,0.0,0.0,,,,f4343c314e5de5e01ee6970aaa14b5974c1b49ea,1f2680a5b9065e708a7497adc53a95b108029b98,3.13.14,2026-07-13T16:31:03.537034+00:00,F03_purification,FEASIBLE_AND_SATISFIED
F03_purification,F03_purification:three_node_1_repeater:f2d6ab906f0361f5:shortest_hop_count__automatic__conservative_min:3:f03-1rep,three_node_1_repeater,f2d6ab906f0361f5,3,f03-1rep,shortest_hop_count,automatic,False,a -> r -> b,2.0,10,10.0,0.65,conservative_min,0.6863749999999998,0.6863749999999998,0.0,0.0,0.1,1e-05,1000.0,-1.0,True,True,,SATISFIED,493.0,483.0,49.3,49.3,0.6863749999999998,0.6863749999999998,4930.0,4981.276009927187,0.0010050625099999,0.00317261251,0.000282,3.434443,1391.0,493.0,0.0,0.0,0.0,0.0,,,,f4343c314e5de5e01ee6970aaa14b5974c1b49ea,1f2680a5b9065e708a7497adc53a95b108029b98,3.13.14,2026-07-13T16:31:06.982990+00:00,F03_purification,FEASIBLE_AND_SATISFIED
F03_purification,F03_purification:three_node_1_repeater:f2d6ab906f0361f5:shortest_hop_count__automatic__conservative_min:4:f03-1rep,three_node_1_repeater,f2d6ab906f0361f5,4,f03-1rep,shortest_hop_count,automatic,False,a -> r -> b,2.0,10,10.0,0.65,conservative_min,0.6863749999999998,0.6863749999999998,0.0,0.0,0.1,1e-05,1000.0,-1.0,True,True,,SATISFIED,485.0,475.0,48.5,48.5,0.6863749999999998,0.6863749999999998,4850.0,4918.208793427752,0.00100501251,0.00377267501,0.000261,3.62248,1378.0,489.0,0.0,0.0,0.0,0.0,,,,f4343c314e5de5e01ee6970aaa14b5974c1b49ea,1f2680a5b9065e708a7497adc53a95b108029b98,3.13.14,2026-07-13T16:31:10.616210+00:00,F03_purification,FEASIBLE_AND_SATISFIED
F03_purification,F03_purification:three_node_1_repeater:f2d6ab906f0361f5:shortest_hop_count__automatic__conservative_min:5:f03-1rep,three_node_1_repeater,f2d6ab906f0361f5,5,f03-1rep,shortest_hop_count,automatic,False,a -> r -> b,2.0,10,10.0,0.65,conservative_min,0.6863749999999998,0.6863749999999998,0.0,0.0,0.1,1e-05,1000.0,-1.0,True,True,,SATISFIED,465.0,455.0,46.5,46.5,0.6863749999999998,0.6863749999999998,4650.0,4703.831827390615,0.00100501251,0.0035201750099999,0.000557,3.254392,1443.0,468.0,0.0,0.0,0.0,0.0,,,,f4343c314e5de5e01ee6970aaa14b5974c1b49ea,1f2680a5b9065e708a7497adc53a95b108029b98,3.13.14,2026-07-13T16:31:13.883276+00:00,F03_purification,FEASIBLE_AND_SATISFIED
F03_purification,F03_purification:three_node_1_repeater:f2d6ab906f0361f5:shortest_hop_count__automatic__conservative_min:6:f03-1rep,three_node_1_repeater,f2d6ab906f0361f5,6,f03-1rep,shortest_hop_count,automatic,False,a -> r -> b,2.0,10,10.0,0.65,conservative_min,0.6863749999999998,0.6863749999999998,0.0,0.0,0.1,1e-05,1000.0,-1.0,True,True,,SATISFIED,487.0,477.0,48.7,48.7,0.6863749999999998,0.6863749999999998,4870.0,4926.378086620546,0.00100501251,0.00276762501,0.000337,3.375355,1383.0,491.0,0.0,0.0,0.0,0.0,,,,f4343c314e5de5e01ee6970aaa14b5974c1b49ea,1f2680a5b9065e708a7497adc53a95b108029b98,3.13.14,2026-07-13T16:31:17.269780+00:00,F03_purification,FEASIBLE_AND_SATISFIED
F03_purification,F03_purification:three_node_1_repeater:f2d6ab906f0361f5:shortest_hop_count__automatic__conservative_min:7:f03-1rep,three_node_1_repeater,f2d6ab906f0361f5,7,f03-1rep,shortest_hop_count,automatic,False,a -> r -> b,2.0,10,10.0,0.65,conservative_min,0.6863749999999998,0.6863749999999998,0.0,0.0,0.1,1e-05,1000.0,-1.0,True,True,,SATISFIED,503.0,493.0,50.3,50.3,0.6863749999999998,0.6863749999999998,5030.0,5088.74639668321,0.00100502501,0.00286763751,0.000376,3.457074,1320.0,508.0,0.0,0.0,0.0,0.0,,,,f4343c314e5de5e01ee6970aaa14b5974c1b49ea,1f2680a5b9065e708a7497adc53a95b108029b98,3.13.14,2026-07-13T16:31:20.738433+00:00,F03_purification,FEASIBLE_AND_SATISFIED
F03_purification,F03_purification:three_node_1_repeater:f2d6ab906f0361f5:shortest_hop_count__automatic__conservative_min:8:f03-1rep,three_node_1_repeater,f2d6ab906f0361f5,8,f03-1rep,shortest_hop_count,automatic,False,a -> r -> b,2.0,10,10.0,0.65,conservative_min,0.6863749999999998,0.6863749999999998,0.0,0.0,0.1,1e-05,1000.0,-1.0,True,True,,SATISFIED,500.0,490.0,50.0,50.0,0.6863749999999998,0.6863749999999998,5000.0,5053.537172808736,0.00100501251,0.00352008751,0.000355,3.436613,1316.0,504.0,0.0,0.0,0.0,0.0,,,,f4343c314e5de5e01ee6970aaa14b5974c1b49ea,1f2680a5b9065e708a7497adc53a95b108029b98,3.13.14,2026-07-13T16:31:24.187202+00:00,F03_purification,FEASIBLE_AND_SATISFIED
F03_purification,F03_purification:three_node_1_repeater:f2d6ab906f0361f5:shortest_hop_count__automatic__conservative_min:9:f03-1rep,three_node_1_repeater,f2d6ab906f0361f5,9,f03-1rep,shortest_hop_count,automatic,False,a -> r -> b,2.0,10,10.0,0.65,conservative_min,0.6863749999999998,0.6863749999999998,0.0,0.0,0.1,1e-05,1000.0,-1.0,True,True,,SATISFIED,482.0,472.0,48.2,48.2,0.6863749999999998,0.6863749999999998,4820.0,4895.609009444107,0.00145752501,0.00352008751,0.000312,3.561722,1386.0,486.0,0.0,0.0,0.0,0.0,,,,f4343c314e5de5e01ee6970aaa14b5974c1b49ea,1f2680a5b9065e708a7497adc53a95b108029b98,3.13.14,2026-07-13T16:31:27.761081+00:00,F03_purification,FEASIBLE_AND_SATISFIED
F03_purification,F03_purification:three_node_1_repeater:f2d6ab906f0361f5:shortest_hop_count__automatic__conservative_min:10:f03-1rep,three_node_1_repeater,f2d6ab906f0361f5,10,f03-1rep,shortest_hop_count,automatic,False,a -> r -> b,2.0,10,10.0,0.65,conservative_min,0.6863749999999998,0.6863749999999998,0.0,0.0,0.1,1e-05,1000.0,-1.0,True,True,,SATISFIED,488.0,478.0,48.8,48.8,0.6863749999999998,0.6863749999999998,4880.0,4943.8711067964805,0.0012575250099999,0.0037726500099999,0.0003,3.418775,1375.0,492.0,0.0,0.0,0.0,0.0,,,,f4343c314e5de5e01ee6970aaa14b5974c1b49ea,1f2680a5b9065e708a7497adc53a95b108029b98,3.13.14,2026-07-13T16:31:31.191154+00:00,F03_purification,FEASIBLE_AND_SATISFIED
F03_purification,F03_purification:three_node_1_repeater:f2d6ab906f0361f5:shortest_hop_count__automatic__conservative_min:11:f03-1rep,three_node_1_repeater,f2d6ab906f0361f5,11,f03-1rep,shortest_hop_count,automatic,False,a -> r -> b,2.0,10,10.0,0.65,conservative_min,0.6863749999999998,0.6863749999999998,0.0,0.0,0.1,1e-05,1000.0,-1.0,True,True,,SATISFIED,498.0,488.0,49.8,49.8,0.6863749999999998,0.6863749999999998,4980.0,5037.655972606482,0.00100508751,0.0035726625099999,0.000321,3.413625,1380.0,501.0,0.0,0.0,0.0,0.0,,,,f4343c314e5de5e01ee6970aaa14b5974c1b49ea,1f2680a5b9065e708a7497adc53a95b108029b98,3.13.14,2026-07-13T16:31:34.617247+00:00,F03_purification,FEASIBLE_AND_SATISFIED
F03_purification,F03_purification:three_node_1_repeater:f2d6ab906f0361f5:shortest_hop_count__automatic__conservative_min:12:f03-1rep,three_node_1_repeater,f2d6ab906f0361f5,12,f03-1rep,shortest_hop_count,automatic,False,a -> r -> b,2.0,10,10.0,0.65,conservative_min,0.6863749999999998,0.6863749999999998,0.0,0.0,0.1,1e-05,1000.0,-1.0,True,True,,SATISFIED,492.0,482.0,49.2,49.2,0.6863749999999998,0.6863749999999998,4920.0,4978.839300498377,0.00100501251,0.0030676125099999,0.000285,3.462463,1413.0,495.0,0.0,0.0,0.0,0.0,,,,f4343c314e5de5e01ee6970aaa14b5974c1b49ea,1f2680a5b9065e708a7497adc53a95b108029b98,3.13.14,2026-07-13T16:31:38.090278+00:00,F03_purification,FEASIBLE_AND_SATISFIED
F03_purification,F03_purification:three_node_1_repeater:f2d6ab906f0361f5:shortest_hop_count__automatic__conservative_min:13:f03-1rep,three_node_1_repeater,f2d6ab906f0361f5,13,f03-1rep,shortest_hop_count,automatic,False,a -> r -> b,2.0,10,10.0,0.65,conservative_min,0.6863749999999998,0.6863749999999998,0.0,0.0,0.1,1e-05,1000.0,-1.0,True,True,,SATISFIED,493.0,483.0,49.3,49.3,0.6863749999999998,0.6863749999999998,4930.0,4982.28220106212,0.00100501251,0.0035201000099999,0.000261,3.577653,1379.0,499.0,0.0,0.0,0.0,0.0,,,,f4343c314e5de5e01ee6970aaa14b5974c1b49ea,1f2680a5b9065e708a7497adc53a95b108029b98,3.13.14,2026-07-13T16:31:41.680333+00:00,F03_purification,FEASIBLE_AND_SATISFIED
F03_purification,F03_purification:three_node_1_repeater:f2d6ab906f0361f5:shortest_hop_count__automatic__conservative_min:14:f03-1rep,three_node_1_repeater,f2d6ab906f0361f5,14,f03-1rep,shortest_hop_count,automatic,False,a -> r -> b,2.0,10,10.0,0.65,conservative_min,0.6863749999999998,0.6863749999999998,0.0,0.0,0.1,1e-05,1000.0,-1.0,True,True,,SATISFIED,503.0,493.0,50.3,50.3,0.6863749999999998,0.6863749999999998,5030.0,5091.4564247752505,0.00100512501,0.0035201250099999,0.000388,3.397628,1350.0,505.0,0.0,0.0,0.0,0.0,,,,f4343c314e5de5e01ee6970aaa14b5974c1b49ea,1f2680a5b9065e708a7497adc53a95b108029b98,3.13.14,2026-07-13T16:31:45.089390+00:00,F03_purification,FEASIBLE_AND_SATISFIED
F03_purification,F03_purification:three_node_1_repeater:f2d6ab906f0361f5:shortest_hop_count__automatic__conservative_min:15:f03-1rep,three_node_1_repeater,f2d6ab906f0361f5,15,f03-1rep,shortest_hop_count,automatic,False,a -> r -> b,2.0,10,10.0,0.65,conservative_min,0.6863749999999998,0.6863749999999998,0.0,0.0,0.1,1e-05,1000.0,-1.0,True,True,,SATISFIED,515.0,505.0,51.5,51.5,0.6863749999999998,0.6863749999999998,5150.0,5223.491257308291,0.00100501251,0.00397260001,0.000253,3.467589,1387.0,517.0,0.0,0.0,0.0,0.0,,,,f4343c314e5de5e01ee6970aaa14b5974c1b49ea,1f2680a5b9065e708a7497adc53a95b108029b98,3.13.14,2026-07-13T16:31:48.567291+00:00,F03_purification,FEASIBLE_AND_SATISFIED
F03_purification,F03_purification:three_node_1_repeater:f2d6ab906f0361f5:shortest_hop_count__automatic__conservative_min:16:f03-1rep,three_node_1_repeater,f2d6ab906f0361f5,16,f03-1rep,shortest_hop_count,automatic,False,a -> r -> b,2.0,10,10.0,0.65,conservative_min,0.6863749999999998,0.6863749999999998,0.0,0.0,0.1,1e-05,1000.0,-1.0,True,True,,SATISFIED,506.0,496.0,50.6,50.6,0.6863749999999998,0.6863749999999998,5060.0,5119.097420167119,0.00100502501,0.0039726250099999,0.000339,3.444551,1330.0,507.0,0.0,0.0,0.0,0.0,,,,f4343c314e5de5e01ee6970aaa14b5974c1b49ea,1f2680a5b9065e708a7497adc53a95b108029b98,3.13.14,2026-07-13T16:31:52.023979+00:00,F03_purification,FEASIBLE_AND_SATISFIED
F03_purification,F03_purification:three_node_1_repeater:f2d6ab906f0361f5:shortest_hop_count__automatic__conservative_min:17:f03-1rep,three_node_1_repeater,f2d6ab906f0361f5,17,f03-1rep,shortest_hop_count,automatic,False,a -> r -> b,2.0,10,10.0,0.65,conservative_min,0.6863749999999998,0.6863749999999998,0.0,0.0,0.1,1e-05,1000.0,-1.0,True,True,,SATISFIED,477.0,467.0,47.7,47.7,0.6863749999999998,0.6863749999999998,4770.0,4837.081860512047,0.00100502501,0.00317267501,0.000226,3.471566,1371.0,478.0,0.0,0.0,0.0,0.0,,,,f4343c314e5de5e01ee6970aaa14b5974c1b49ea,1f2680a5b9065e708a7497adc53a95b108029b98,3.13.14,2026-07-13T16:31:55.506680+00:00,F03_purification,FEASIBLE_AND_SATISFIED
F03_purification,F03_purification:three_node_1_repeater:f2d6ab906f0361f5:shortest_hop_count__automatic__conservative_min:18:f03-1rep,three_node_1_repeater,f2d6ab906f0361f5,18,f03-1rep,shortest_hop_count,automatic,False,a -> r -> b,2.0,10,10.0,0.65,conservative_min,0.6863749999999998,0.6863749999999998,0.0,0.0,0.1,1e-05,1000.0,-1.0,True,True,,SATISFIED,504.0,494.0,50.4,50.4,0.6863749999999998,0.6863749999999998,5040.0,5092.423958440163,0.0010051000099999,0.0037726500099999,0.000345,3.535793,1396.0,507.0,0.0,0.0,0.0,0.0,,,,f4343c314e5de5e01ee6970aaa14b5974c1b49ea,1f2680a5b9065e708a7497adc53a95b108029b98,3.13.14,2026-07-13T16:31:59.053918+00:00,F03_purification,FEASIBLE_AND_SATISFIED
F03_purification,F03_purification:three_node_1_repeater:f2d6ab906f0361f5:shortest_hop_count__automatic__conservative_min:19:f03-1rep,three_node_1_repeater,f2d6ab906f0361f5,19,f03-1rep,shortest_hop_count,automatic,False,a -> r -> b,2.0,10,10.0,0.65,conservative_min,0.6863749999999998,0.6863749999999998,0.0,0.0,0.1,1e-05,1000.0,-1.0,True,True,,SATISFIED,521.0,511.0,52.1,52.1,0.6863749999999998,0.6863749999999998,5210.0,5283.546973876359,0.00100512501,0.00292018751,0.000273,3.52384,1417.0,525.0,0.0,0.0,0.0,0.0,,,,f4343c314e5de5e01ee6970aaa14b5974c1b49ea,1f2680a5b9065e708a7497adc53a95b108029b98,3.13.14,2026-07-13T16:32:02.588533+00:00,F03_purification,FEASIBLE_AND_SATISFIED
F03_purification,F03_purification:three_node_1_repeater:f8b8bd58f62cc8e6:shortest_hop_count__disabled__conservative_min:0:f03-1rep,three_node_1_repeater,f8b8bd58f62cc8e6,0,f03-1rep,shortest_hop_count,disabled,False,,,10,10.0,0.7,conservative_min,,,,,0.1,1e-05,1000.0,-1.0,False,False,,REJECTED,,,,,,,,,,,0.000361,,,,,,,,no candidate route is feasible: a->r->b (min_fidelity 0.700 exceeds the achievable estimate 0.686 (never-purify baseline strategy)),,,f4343c314e5de5e01ee6970aaa14b5974c1b49ea,1f2680a5b9065e708a7497adc53a95b108029b98,3.13.14,2026-07-13T16:32:02.592298+00:00,F03_purification,INFEASIBLE_BUT_POTENTIALLY_SATISFIABLE
F03_purification,F03_purification:three_node_1_repeater:f8b8bd58f62cc8e6:shortest_hop_count__disabled__conservative_min:1:f03-1rep,three_node_1_repeater,f8b8bd58f62cc8e6,1,f03-1rep,shortest_hop_count,disabled,False,,,10,10.0,0.7,conservative_min,,,,,0.1,1e-05,1000.0,-1.0,False,False,,REJECTED,,,,,,,,,,,0.00023,,,,,,,,no candidate route is feasible: a->r->b (min_fidelity 0.700 exceeds the achievable estimate 0.686 (never-purify baseline strategy)),,,f4343c314e5de5e01ee6970aaa14b5974c1b49ea,1f2680a5b9065e708a7497adc53a95b108029b98,3.13.14,2026-07-13T16:32:02.594880+00:00,F03_purification,INFEASIBLE_BUT_POTENTIALLY_SATISFIABLE
F03_purification,F03_purification:three_node_1_repeater:f8b8bd58f62cc8e6:shortest_hop_count__disabled__conservative_min:2:f03-1rep,three_node_1_repeater,f8b8bd58f62cc8e6,2,f03-1rep,shortest_hop_count,disabled,False,,,10,10.0,0.7,conservative_min,,,,,0.1,1e-05,1000.0,-1.0,False,False,,REJECTED,,,,,,,,,,,0.00028,,,,,,,,no candidate route is feasible: a->r->b (min_fidelity 0.700 exceeds the achievable estimate 0.686 (never-purify baseline strategy)),,,f4343c314e5de5e01ee6970aaa14b5974c1b49ea,1f2680a5b9065e708a7497adc53a95b108029b98,3.13.14,2026-07-13T16:32:02.597549+00:00,F03_purification,INFEASIBLE_BUT_POTENTIALLY_SATISFIABLE
F03_purification,F03_purification:three_node_1_repeater:f8b8bd58f62cc8e6:shortest_hop_count__disabled__conservative_min:3:f03-1rep,three_node_1_repeater,f8b8bd58f62cc8e6,3,f03-1rep,shortest_hop_count,disabled,False,,,10,10.0,0.7,conservative_min,,,,,0.1,1e-05,1000.0,-1.0,False,False,,REJECTED,,,,,,,,,,,0.000256,,,,,,,,no candidate route is feasible: a->r->b (min_fidelity 0.700 exceeds the achievable estimate 0.686 (never-purify baseline strategy)),,,f4343c314e5de5e01ee6970aaa14b5974c1b49ea,1f2680a5b9065e708a7497adc53a95b108029b98,3.13.14,2026-07-13T16:32:02.600672+00:00,F03_purification,INFEASIBLE_BUT_POTENTIALLY_SATISFIABLE
F03_purification,F03_purification:three_node_1_repeater:f8b8bd58f62cc8e6:shortest_hop_count__disabled__conservative_min:4:f03-1rep,three_node_1_repeater,f8b8bd58f62cc8e6,4,f03-1rep,shortest_hop_count,disabled,False,,,10,10.0,0.7,conservative_min,,,,,0.1,1e-05,1000.0,-1.0,False,False,,REJECTED,,,,,,,,,,,0.000257,,,,,,,,no candidate route is feasible: a->r->b (min_fidelity 0.700 exceeds the achievable estimate 0.686 (never-purify baseline strategy)),,,f4343c314e5de5e01ee6970aaa14b5974c1b49ea,1f2680a5b9065e708a7497adc53a95b108029b98,3.13.14,2026-07-13T16:32:02.602904+00:00,F03_purification,INFEASIBLE_BUT_POTENTIALLY_SATISFIABLE
F03_purification,F03_purification:three_node_1_repeater:f8b8bd58f62cc8e6:shortest_hop_count__disabled__conservative_min:5:f03-1rep,three_node_1_repeater,f8b8bd58f62cc8e6,5,f03-1rep,shortest_hop_count,disabled,False,,,10,10.0,0.7,conservative_min,,,,,0.1,1e-05,1000.0,-1.0,False,False,,REJECTED,,,,,,,,,,,0.000183,,,,,,,,no candidate route is feasible: a->r->b (min_fidelity 0.700 exceeds the achievable estimate 0.686 (never-purify baseline strategy)),,,f4343c314e5de5e01ee6970aaa14b5974c1b49ea,1f2680a5b9065e708a7497adc53a95b108029b98,3.13.14,2026-07-13T16:32:02.604935+00:00,F03_purification,INFEASIBLE_BUT_POTENTIALLY_SATISFIABLE
F03_purification,F03_purification:three_node_1_repeater:f8b8bd58f62cc8e6:shortest_hop_count__disabled__conservative_min:6:f03-1rep,three_node_1_repeater,f8b8bd58f62cc8e6,6,f03-1rep,shortest_hop_count,disabled,False,,,10,10.0,0.7,conservative_min,,,,,0.1,1e-05,1000.0,-1.0,False,False,,REJECTED,,,,,,,,,,,0.000162,,,,,,,,no candidate route is feasible: a->r->b (min_fidelity 0.700 exceeds the achievable estimate 0.686 (never-purify baseline strategy)),,,f4343c314e5de5e01ee6970aaa14b5974c1b49ea,1f2680a5b9065e708a7497adc53a95b108029b98,3.13.14,2026-07-13T16:32:02.607072+00:00,F03_purification,INFEASIBLE_BUT_POTENTIALLY_SATISFIABLE
F03_purification,F03_purification:three_node_1_repeater:f8b8bd58f62cc8e6:shortest_hop_count__disabled__conservative_min:7:f03-1rep,three_node_1_repeater,f8b8bd58f62cc8e6,7,f03-1rep,shortest_hop_count,disabled,False,,,10,10.0,0.7,conservative_min,,,,,0.1,1e-05,1000.0,-1.0,False,False,,REJECTED,,,,,,,,,,,0.000157,,,,,,,,no candidate route is feasible: a->r->b (min_fidelity 0.700 exceeds the achievable estimate 0.686 (never-purify baseline strategy)),,,f4343c314e5de5e01ee6970aaa14b5974c1b49ea,1f2680a5b9065e708a7497adc53a95b108029b98,3.13.14,2026-07-13T16:32:02.608924+00:00,F03_purification,INFEASIBLE_BUT_POTENTIALLY_SATISFIABLE
F03_purification,F03_purification:three_node_1_repeater:f8b8bd58f62cc8e6:shortest_hop_count__disabled__conservative_min:8:f03-1rep,three_node_1_repeater,f8b8bd58f62cc8e6,8,f03-1rep,shortest_hop_count,disabled,False,,,10,10.0,0.7,conservative_min,,,,,0.1,1e-05,1000.0,-1.0,False,False,,REJECTED,,,,,,,,,,,0.000193,,,,,,,,no candidate route is feasible: a->r->b (min_fidelity 0.700 exceeds the achievable estimate 0.686 (never-purify baseline strategy)),,,f4343c314e5de5e01ee6970aaa14b5974c1b49ea,1f2680a5b9065e708a7497adc53a95b108029b98,3.13.14,2026-07-13T16:32:02.610761+00:00,F03_purification,INFEASIBLE_BUT_POTENTIALLY_SATISFIABLE
F03_purification,F03_purification:three_node_1_repeater:f8b8bd58f62cc8e6:shortest_hop_count__disabled__conservative_min:9:f03-1rep,three_node_1_repeater,f8b8bd58f62cc8e6,9,f03-1rep,shortest_hop_count,disabled,False,,,10,10.0,0.7,conservative_min,,,,,0.1,1e-05,1000.0,-1.0,False,False,,REJECTED,,,,,,,,,,,0.000264,,,,,,,,no candidate route is feasible: a->r->b (min_fidelity 0.700 exceeds the achievable estimate 0.686 (never-purify baseline strategy)),,,f4343c314e5de5e01ee6970aaa14b5974c1b49ea,1f2680a5b9065e708a7497adc53a95b108029b98,3.13.14,2026-07-13T16:32:02.613049+00:00,F03_purification,INFEASIBLE_BUT_POTENTIALLY_SATISFIABLE
F03_purification,F03_purification:three_node_1_repeater:f8b8bd58f62cc8e6:shortest_hop_count__disabled__conservative_min:10:f03-1rep,three_node_1_repeater,f8b8bd58f62cc8e6,10,f03-1rep,shortest_hop_count,disabled,False,,,10,10.0,0.7,conservative_min,,,,,0.1,1e-05,1000.0,-1.0,False,False,,REJECTED,,,,,,,,,,,0.000295,,,,,,,,no candidate route is feasible: a->r->b (min_fidelity 0.700 exceeds the achievable estimate 0.686 (never-purify baseline strategy)),,,f4343c314e5de5e01ee6970aaa14b5974c1b49ea,1f2680a5b9065e708a7497adc53a95b108029b98,3.13.14,2026-07-13T16:32:02.616012+00:00,F03_purification,INFEASIBLE_BUT_POTENTIALLY_SATISFIABLE
F03_purification,F03_purification:three_node_1_repeater:f8b8bd58f62cc8e6:shortest_hop_count__disabled__conservative_min:11:f03-1rep,three_node_1_repeater,f8b8bd58f62cc8e6,11,f03-1rep,shortest_hop_count,disabled,False,,,10,10.0,0.7,conservative_min,,,,,0.1,1e-05,1000.0,-1.0,False,False,,REJECTED,,,,,,,,,,,0.000225,,,,,,,,no candidate route is feasible: a->r->b (min_fidelity 0.700 exceeds the achievable estimate 0.686 (never-purify baseline strategy)),,,f4343c314e5de5e01ee6970aaa14b5974c1b49ea,1f2680a5b9065e708a7497adc53a95b108029b98,3.13.14,2026-07-13T16:32:02.618417+00:00,F03_purification,INFEASIBLE_BUT_POTENTIALLY_SATISFIABLE
F03_purification,F03_purification:three_node_1_repeater:f8b8bd58f62cc8e6:shortest_hop_count__disabled__conservative_min:12:f03-1rep,three_node_1_repeater,f8b8bd58f62cc8e6,12,f03-1rep,shortest_hop_count,disabled,False,,,10,10.0,0.7,conservative_min,,,,,0.1,1e-05,1000.0,-1.0,False,False,,REJECTED,,,,,,,,,,,0.000188,,,,,,,,no candidate route is feasible: a->r->b (min_fidelity 0.700 exceeds the achievable estimate 0.686 (never-purify baseline strategy)),,,f4343c314e5de5e01ee6970aaa14b5974c1b49ea,1f2680a5b9065e708a7497adc53a95b108029b98,3.13.14,2026-07-13T16:32:02.620496+00:00,F03_purification,INFEASIBLE_BUT_POTENTIALLY_SATISFIABLE
F03_purification,F03_purification:three_node_1_repeater:f8b8bd58f62cc8e6:shortest_hop_count__disabled__conservative_min:13:f03-1rep,three_node_1_repeater,f8b8bd58f62cc8e6,13,f03-1rep,shortest_hop_count,disabled,False,,,10,10.0,0.7,conservative_min,,,,,0.1,1e-05,1000.0,-1.0,False,False,,REJECTED,,,,,,,,,,,0.000176,,,,,,,,no candidate route is feasible: a->r->b (min_fidelity 0.700 exceeds the achievable estimate 0.686 (never-purify baseline strategy)),,,f4343c314e5de5e01ee6970aaa14b5974c1b49ea,1f2680a5b9065e708a7497adc53a95b108029b98,3.13.14,2026-07-13T16:32:02.622332+00:00,F03_purification,INFEASIBLE_BUT_POTENTIALLY_SATISFIABLE
F03_purification,F03_purification:three_node_1_repeater:f8b8bd58f62cc8e6:shortest_hop_count__disabled__conservative_min:14:f03-1rep,three_node_1_repeater,f8b8bd58f62cc8e6,14,f03-1rep,shortest_hop_count,disabled,False,,,10,10.0,0.7,conservative_min,,,,,0.1,1e-05,1000.0,-1.0,False,False,,REJECTED,,,,,,,,,,,0.000187,,,,,,,,no candidate route is feasible: a->r->b (min_fidelity 0.700 exceeds the achievable estimate 0.686 (never-purify baseline strategy)),,,f4343c314e5de5e01ee6970aaa14b5974c1b49ea,1f2680a5b9065e708a7497adc53a95b108029b98,3.13.14,2026-07-13T16:32:02.624357+00:00,F03_purification,INFEASIBLE_BUT_POTENTIALLY_SATISFIABLE
F03_purification,F03_purification:three_node_1_repeater:f8b8bd58f62cc8e6:shortest_hop_count__disabled__conservative_min:15:f03-1rep,three_node_1_repeater,f8b8bd58f62cc8e6,15,f03-1rep,shortest_hop_count,disabled,False,,,10,10.0,0.7,conservative_min,,,,,0.1,1e-05,1000.0,-1.0,False,False,,REJECTED,,,,,,,,,,,0.000354,,,,,,,,no candidate route is feasible: a->r->b (min_fidelity 0.700 exceeds the achievable estimate 0.686 (never-purify baseline strategy)),,,f4343c314e5de5e01ee6970aaa14b5974c1b49ea,1f2680a5b9065e708a7497adc53a95b108029b98,3.13.14,2026-07-13T16:32:02.626793+00:00,F03_purification,INFEASIBLE_BUT_POTENTIALLY_SATISFIABLE
F03_purification,F03_purification:three_node_1_repeater:f8b8bd58f62cc8e6:shortest_hop_count__disabled__conservative_min:16:f03-1rep,three_node_1_repeater,f8b8bd58f62cc8e6,16,f03-1rep,shortest_hop_count,disabled,False,,,10,10.0,0.7,conservative_min,,,,,0.1,1e-05,1000.0,-1.0,False,False,,REJECTED,,,,,,,,,,,0.000292,,,,,,,,no candidate route is feasible: a->r->b (min_fidelity 0.700 exceeds the achievable estimate 0.686 (never-purify baseline strategy)),,,f4343c314e5de5e01ee6970aaa14b5974c1b49ea,1f2680a5b9065e708a7497adc53a95b108029b98,3.13.14,2026-07-13T16:32:02.629541+00:00,F03_purification,INFEASIBLE_BUT_POTENTIALLY_SATISFIABLE
F03_purification,F03_purification:three_node_1_repeater:f8b8bd58f62cc8e6:shortest_hop_count__disabled__conservative_min:17:f03-1rep,three_node_1_repeater,f8b8bd58f62cc8e6,17,f03-1rep,shortest_hop_count,disabled,False,,,10,10.0,0.7,conservative_min,,,,,0.1,1e-05,1000.0,-1.0,False,False,,REJECTED,,,,,,,,,,,0.000252,,,,,,,,no candidate route is feasible: a->r->b (min_fidelity 0.700 exceeds the achievable estimate 0.686 (never-purify baseline strategy)),,,f4343c314e5de5e01ee6970aaa14b5974c1b49ea,1f2680a5b9065e708a7497adc53a95b108029b98,3.13.14,2026-07-13T16:32:02.631995+00:00,F03_purification,INFEASIBLE_BUT_POTENTIALLY_SATISFIABLE
F03_purification,F03_purification:three_node_1_repeater:f8b8bd58f62cc8e6:shortest_hop_count__disabled__conservative_min:18:f03-1rep,three_node_1_repeater,f8b8bd58f62cc8e6,18,f03-1rep,shortest_hop_count,disabled,False,,,10,10.0,0.7,conservative_min,,,,,0.1,1e-05,1000.0,-1.0,False,False,,REJECTED,,,,,,,,,,,0.000249,,,,,,,,no candidate route is feasible: a->r->b (min_fidelity 0.700 exceeds the achievable estimate 0.686 (never-purify baseline strategy)),,,f4343c314e5de5e01ee6970aaa14b5974c1b49ea,1f2680a5b9065e708a7497adc53a95b108029b98,3.13.14,2026-07-13T16:32:02.634845+00:00,F03_purification,INFEASIBLE_BUT_POTENTIALLY_SATISFIABLE
F03_purification,F03_purification:three_node_1_repeater:f8b8bd58f62cc8e6:shortest_hop_count__disabled__conservative_min:19:f03-1rep,three_node_1_repeater,f8b8bd58f62cc8e6,19,f03-1rep,shortest_hop_count,disabled,False,,,10,10.0,0.7,conservative_min,,,,,0.1,1e-05,1000.0,-1.0,False,False,,REJECTED,,,,,,,,,,,0.000203,,,,,,,,no candidate route is feasible: a->r->b (min_fidelity 0.700 exceeds the achievable estimate 0.686 (never-purify baseline strategy)),,,f4343c314e5de5e01ee6970aaa14b5974c1b49ea,1f2680a5b9065e708a7497adc53a95b108029b98,3.13.14,2026-07-13T16:32:02.636797+00:00,F03_purification,INFEASIBLE_BUT_POTENTIALLY_SATISFIABLE
F03_purification,F03_purification:three_node_1_repeater:0f5413b6b0f6d3cc:shortest_hop_count__automatic__conservative_min:0:f03-1rep,three_node_1_repeater,0f5413b6b0f6d3cc,0,f03-1rep,shortest_hop_count,automatic,False,a -> r -> b,2.0,10,10.0,0.7,conservative_min,0.7202522030749277,0.7202522030749277,0.0,0.0,0.1,1e-05,1000.0,-1.0,True,True,,SATISFIED,128.0,118.0,12.8,12.8,0.7202522030749277,0.7202522030749277,1280.0,1314.2290968268553,0.00221008751,0.00784027501,0.000212,3.133533,1262.0,393.0,196.0,128.0,0.0,0.0,,,,f4343c314e5de5e01ee6970aaa14b5974c1b49ea,1f2680a5b9065e708a7497adc53a95b108029b98,3.13.14,2026-07-13T16:32:05.778317+00:00,F03_purification,FEASIBLE_AND_SATISFIED
F03_purification,F03_purification:three_node_1_repeater:0f5413b6b0f6d3cc:shortest_hop_count__automatic__conservative_min:1:f03-1rep,three_node_1_repeater,0f5413b6b0f6d3cc,1,f03-1rep,shortest_hop_count,automatic,False,a -> r -> b,2.0,10,10.0,0.7,conservative_min,0.7202522030749277,0.7202522030749277,0.0,0.0,0.1,1e-05,1000.0,-1.0,True,True,,SATISFIED,139.0,129.0,13.9,13.9,0.7202522030749277,0.7202522030749277,1390.0,1426.4756968051563,0.00221008751,0.00900278751,0.000368,3.22447,1261.0,416.0,206.0,139.0,0.0,0.0,,,,f4343c314e5de5e01ee6970aaa14b5974c1b49ea,1f2680a5b9065e708a7497adc53a95b108029b98,3.13.14,2026-07-13T16:32:09.012813+00:00,F03_purification,FEASIBLE_AND_SATISFIED
F03_purification,F03_purification:three_node_1_repeater:0f5413b6b0f6d3cc:shortest_hop_count__automatic__conservative_min:2:f03-1rep,three_node_1_repeater,0f5413b6b0f6d3cc,2,f03-1rep,shortest_hop_count,automatic,False,a -> r -> b,2.0,10,10.0,0.7,conservative_min,0.7202522030749277,0.7202522030749277,0.0,0.0,0.1,1e-05,1000.0,-1.0,True,True,,SATISFIED,141.0,131.0,14.1,14.1,0.7202522030749277,0.7202522030749277,1410.0,1445.038572793818,0.00241013751,0.00959780001,0.000258,3.487528,1256.0,408.0,202.0,141.0,0.0,0.0,,,,f4343c314e5de5e01ee6970aaa14b5974c1b49ea,1f2680a5b9065e708a7497adc53a95b108029b98,3.13.14,2026-07-13T16:32:12.509444+00:00,F03_purification,FEASIBLE_AND_SATISFIED
F03_purification,F03_purification:three_node_1_repeater:0f5413b6b0f6d3cc:shortest_hop_count__automatic__conservative_min:3:f03-1rep,three_node_1_repeater,0f5413b6b0f6d3cc,3,f03-1rep,shortest_hop_count,automatic,False,a -> r -> b,2.0,10,10.0,0.7,conservative_min,0.7202522030749277,0.7202522030749277,0.0,0.0,0.1,1e-05,1000.0,-1.0,True,True,,SATISFIED,142.0,132.0,14.2,14.2,0.7202522030749277,0.7202522030749277,1420.0,1458.6865554811943,0.00201012501,0.01055037501,0.000319,3.326064,1257.0,411.0,202.0,142.0,0.0,0.0,,,,f4343c314e5de5e01ee6970aaa14b5974c1b49ea,1f2680a5b9065e708a7497adc53a95b108029b98,3.13.14,2026-07-13T16:32:15.845773+00:00,F03_purification,FEASIBLE_AND_SATISFIED
F03_purification,F03_purification:three_node_1_repeater:0f5413b6b0f6d3cc:shortest_hop_count__automatic__conservative_min:4:f03-1rep,three_node_1_repeater,0f5413b6b0f6d3cc,4,f03-1rep,shortest_hop_count,automatic,False,a -> r -> b,2.0,10,10.0,0.7,conservative_min,0.7202522030749277,0.7202522030749277,0.0,0.0,0.1,1e-05,1000.0,-1.0,True,True,,SATISFIED,146.0,136.0,14.6,14.6,0.7202522030749277,0.7202522030749277,1460.0,1487.85695987767,0.00181012501,0.00829275001,0.00031,3.389856,1242.0,418.0,207.0,146.0,0.0,0.0,,,,f4343c314e5de5e01ee6970aaa14b5974c1b49ea,1f2680a5b9065e708a7497adc53a95b108029b98,3.13.14,2026-07-13T16:32:19.245600+00:00,F03_purification,FEASIBLE_AND_SATISFIED
F03_purification,F03_purification:three_node_1_repeater:0f5413b6b0f6d3cc:shortest_hop_count__automatic__conservative_min:5:f03-1rep,three_node_1_repeater,0f5413b6b0f6d3cc,5,f03-1rep,shortest_hop_count,automatic,False,a -> r -> b,2.0,10,10.0,0.7,conservative_min,0.7202522030749277,0.7202522030749277,0.0,0.0,0.1,1e-05,1000.0,-1.0,True,True,,SATISFIED,155.0,145.0,15.5,15.5,0.7202522030749277,0.7202522030749277,1550.0,1586.8912544375366,0.00130507501,0.0074877000099999,0.0004,3.240609,1328.0,421.0,207.0,155.0,0.0,0.0,,,,f4343c314e5de5e01ee6970aaa14b5974c1b49ea,1f2680a5b9065e708a7497adc53a95b108029b98,3.13.14,2026-07-13T16:32:22.497244+00:00,F03_purification,FEASIBLE_AND_SATISFIED
F03_purification,F03_purification:three_node_1_repeater:0f5413b6b0f6d3cc:shortest_hop_count__automatic__conservative_min:6:f03-1rep,three_node_1_repeater,0f5413b6b0f6d3cc,6,f03-1rep,shortest_hop_count,automatic,False,a -> r -> b,2.0,10,10.0,0.7,conservative_min,0.7202522030749277,0.7202522030749277,0.0,0.0,0.1,1e-05,1000.0,-1.0,True,True,,SATISFIED,145.0,135.0,14.5,14.5,0.7202522030749277,0.7202522030749277,1450.0,1475.3721594475394,0.00130508751,0.00718771251,0.000317,3.207402,1204.0,405.0,200.0,145.0,0.0,0.0,,,,f4343c314e5de5e01ee6970aaa14b5974c1b49ea,1f2680a5b9065e708a7497adc53a95b108029b98,3.13.14,2026-07-13T16:32:25.716510+00:00,F03_purification,FEASIBLE_AND_SATISFIED
F03_purification,F03_purification:three_node_1_repeater:0f5413b6b0f6d3cc:shortest_hop_count__automatic__conservative_min:7:f03-1rep,three_node_1_repeater,0f5413b6b0f6d3cc,7,f03-1rep,shortest_hop_count,automatic,False,a -> r -> b,2.0,10,10.0,0.7,conservative_min,0.7202522030749277,0.7202522030749277,0.0,0.0,0.1,1e-05,1000.0,-1.0,True,True,,SATISFIED,140.0,130.0,14.0,14.0,0.7202522030749277,0.7202522030749277,1400.0,1457.4169444759275,0.0020100750099999,0.00939781251,0.000386,3.31391,1248.0,398.0,198.0,140.0,0.0,0.0,,,,f4343c314e5de5e01ee6970aaa14b5974c1b49ea,1f2680a5b9065e708a7497adc53a95b108029b98,3.13.14,2026-07-13T16:32:29.040403+00:00,F03_purification,FEASIBLE_AND_SATISFIED
F03_purification,F03_purification:three_node_1_repeater:0f5413b6b0f6d3cc:shortest_hop_count__automatic__conservative_min:8:f03-1rep,three_node_1_repeater,0f5413b6b0f6d3cc,8,f03-1rep,shortest_hop_count,automatic,False,a -> r -> b,2.0,10,10.0,0.7,conservative_min,0.7202522030749277,0.7202522030749277,0.0,0.0,0.1,1e-05,1000.0,-1.0,True,True,,SATISFIED,154.0,144.0,15.4,15.4,0.7202522030749277,0.7202522030749277,1540.0,1575.8040405815586,0.00221003751,0.00849278751,0.000419,3.06072,1203.0,406.0,203.0,154.0,0.0,0.0,,,,f4343c314e5de5e01ee6970aaa14b5974c1b49ea,1f2680a5b9065e708a7497adc53a95b108029b98,3.13.14,2026-07-13T16:32:32.109969+00:00,F03_purification,FEASIBLE_AND_SATISFIED
F03_purification,F03_purification:three_node_1_repeater:0f5413b6b0f6d3cc:shortest_hop_count__automatic__conservative_min:9:f03-1rep,three_node_1_repeater,0f5413b6b0f6d3cc,9,f03-1rep,shortest_hop_count,automatic,False,a -> r -> b,2.0,10,10.0,0.7,conservative_min,0.7202522030749277,0.7202522030749277,0.0,0.0,0.1,1e-05,1000.0,-1.0,True,True,,SATISFIED,154.0,144.0,15.4,15.4,0.7202522030749277,0.7202522030749277,1540.0,1578.18740053064,0.0017575625099999,0.00944531251,0.000223,3.276922,1274.0,418.0,206.0,154.0,0.0,0.0,,,,f4343c314e5de5e01ee6970aaa14b5974c1b49ea,1f2680a5b9065e708a7497adc53a95b108029b98,3.13.14,2026-07-13T16:32:35.396545+00:00,F03_purification,FEASIBLE_AND_SATISFIED
F03_purification,F03_purification:three_node_1_repeater:0f5413b6b0f6d3cc:shortest_hop_count__automatic__conservative_min:10:f03-1rep,three_node_1_repeater,0f5413b6b0f6d3cc,10,f03-1rep,shortest_hop_count,automatic,False,a -> r -> b,2.0,10,10.0,0.7,conservative_min,0.7202522030749277,0.7202522030749277,0.0,0.0,0.1,1e-05,1000.0,-1.0,True,True,,SATISFIED,145.0,135.0,14.5,14.5,0.7202522030749277,0.7202522030749277,1450.0,1486.2629583551682,0.0020101500099999,0.00648268751,0.000316,3.167298,1219.0,412.0,204.0,145.0,0.0,0.0,,,,f4343c314e5de5e01ee6970aaa14b5974c1b49ea,1f2680a5b9065e708a7497adc53a95b108029b98,3.13.14,2026-07-13T16:32:38.574003+00:00,F03_purification,FEASIBLE_AND_SATISFIED
F03_purification,F03_purification:three_node_1_repeater:0f5413b6b0f6d3cc:shortest_hop_count__automatic__conservative_min:11:f03-1rep,three_node_1_repeater,0f5413b6b0f6d3cc,11,f03-1rep,shortest_hop_count,automatic,False,a -> r -> b,2.0,10,10.0,0.7,conservative_min,0.7202522030749277,0.7202522030749277,0.0,0.0,0.1,1e-05,1000.0,-1.0,True,True,,SATISFIED,141.0,131.0,14.1,14.1,0.7202522030749277,0.7202522030749277,1410.0,1443.8884222421282,0.0018101500099999,0.00734022501,0.000336,3.210428,1344.0,412.0,203.0,141.0,0.0,0.0,,,,f4343c314e5de5e01ee6970aaa14b5974c1b49ea,1f2680a5b9065e708a7497adc53a95b108029b98,3.13.14,2026-07-13T16:32:41.795515+00:00,F03_purification,FEASIBLE_AND_SATISFIED
F03_purification,F03_purification:three_node_1_repeater:0f5413b6b0f6d3cc:shortest_hop_count__automatic__conservative_min:12:f03-1rep,three_node_1_repeater,0f5413b6b0f6d3cc,12,f03-1rep,shortest_hop_count,automatic,False,a -> r -> b,2.0,10,10.0,0.7,conservative_min,0.7202522030749277,0.7202522030749277,0.0,0.0,0.1,1e-05,1000.0,-1.0,True,True,,SATISFIED,145.0,135.0,14.5,14.5,0.7202522030749277,0.7202522030749277,1450.0,1483.0677768366545,0.00155753751,0.00960777501,0.000468,3.215033,1205.0,401.0,198.0,145.0,0.0,0.0,,,,f4343c314e5de5e01ee6970aaa14b5974c1b49ea,1f2680a5b9065e708a7497adc53a95b108029b98,3.13.14,2026-07-13T16:32:45.020842+00:00,F03_purification,FEASIBLE_AND_SATISFIED
F03_purification,F03_purification:three_node_1_repeater:0f5413b6b0f6d3cc:shortest_hop_count__automatic__conservative_min:13:f03-1rep,three_node_1_repeater,0f5413b6b0f6d3cc,13,f03-1rep,shortest_hop_count,automatic,False,a -> r -> b,2.0,10,10.0,0.7,conservative_min,0.7202522030749277,0.7202522030749277,0.0,0.0,0.1,1e-05,1000.0,-1.0,True,True,,SATISFIED,151.0,141.0,15.1,15.1,0.7202522030749277,0.7202522030749277,1510.0,1544.1972123916714,0.00130508751,0.0080877000099999,0.000271,3.170353,1291.0,412.0,204.0,151.0,0.0,0.0,,,,f4343c314e5de5e01ee6970aaa14b5974c1b49ea,1f2680a5b9065e708a7497adc53a95b108029b98,3.13.14,2026-07-13T16:32:48.200564+00:00,F03_purification,FEASIBLE_AND_SATISFIED
F03_purification,F03_purification:three_node_1_repeater:0f5413b6b0f6d3cc:shortest_hop_count__automatic__conservative_min:14:f03-1rep,three_node_1_repeater,0f5413b6b0f6d3cc,14,f03-1rep,shortest_hop_count,automatic,False,a -> r -> b,2.0,10,10.0,0.7,conservative_min,0.7202522030749277,0.7202522030749277,0.0,0.0,0.1,1e-05,1000.0,-1.0,True,True,,SATISFIED,140.0,130.0,14.0,14.0,0.7202522030749277,0.7202522030749277,1400.0,1437.7355254692282,0.00175752501,0.00733523751,0.000357,3.209579,1212.0,399.0,196.0,140.0,0.0,0.0,,,,f4343c314e5de5e01ee6970aaa14b5974c1b49ea,1f2680a5b9065e708a7497adc53a95b108029b98,3.13.14,2026-07-13T16:32:51.420233+00:00,F03_purification,FEASIBLE_AND_SATISFIED
F03_purification,F03_purification:three_node_1_repeater:0f5413b6b0f6d3cc:shortest_hop_count__automatic__conservative_min:15:f03-1rep,three_node_1_repeater,0f5413b6b0f6d3cc,15,f03-1rep,shortest_hop_count,automatic,False,a -> r -> b,2.0,10,10.0,0.7,conservative_min,0.7202522030749277,0.7202522030749277,0.0,0.0,0.1,1e-05,1000.0,-1.0,True,True,,SATISFIED,142.0,132.0,14.2,14.2,0.7202522030749277,0.7202522030749277,1420.0,1449.3432216986073,0.0015575250099999,0.0078402250099999,0.000348,3.123206,1276.0,410.0,203.0,142.0,0.0,0.0,,,,f4343c314e5de5e01ee6970aaa14b5974c1b49ea,1f2680a5b9065e708a7497adc53a95b108029b98,3.13.14,2026-07-13T16:32:54.553914+00:00,F03_purification,FEASIBLE_AND_SATISFIED
F03_purification,F03_purification:three_node_1_repeater:0f5413b6b0f6d3cc:shortest_hop_count__automatic__conservative_min:16:f03-1rep,three_node_1_repeater,0f5413b6b0f6d3cc,16,f03-1rep,shortest_hop_count,automatic,False,a -> r -> b,2.0,10,10.0,0.7,conservative_min,0.7202522030749277,0.7202522030749277,0.0,0.0,0.1,1e-05,1000.0,-1.0,True,True,,SATISFIED,133.0,123.0,13.3,13.3,0.7202522030749277,0.7202522030749277,1330.0,1367.9902872689604,0.00201006251,0.00931285001,0.000309,3.26489,1290.0,427.0,212.0,133.0,0.0,0.0,,,,f4343c314e5de5e01ee6970aaa14b5974c1b49ea,1f2680a5b9065e708a7497adc53a95b108029b98,3.13.14,2026-07-13T16:32:57.829706+00:00,F03_purification,FEASIBLE_AND_SATISFIED
F03_purification,F03_purification:three_node_1_repeater:0f5413b6b0f6d3cc:shortest_hop_count__automatic__conservative_min:17:f03-1rep,three_node_1_repeater,0f5413b6b0f6d3cc,17,f03-1rep,shortest_hop_count,automatic,False,a -> r -> b,2.0,10,10.0,0.7,conservative_min,0.7202522030749277,0.7202522030749277,0.0,0.0,0.1,1e-05,1000.0,-1.0,True,True,,SATISFIED,147.0,137.0,14.7,14.7,0.7202522030749277,0.7202522030749277,1470.0,1501.447824688092,0.00181006251,0.0062402750099999,0.000328,3.541529,1307.0,411.0,203.0,147.0,0.0,0.0,,,,f4343c314e5de5e01ee6970aaa14b5974c1b49ea,1f2680a5b9065e708a7497adc53a95b108029b98,3.13.14,2026-07-13T16:33:01.382654+00:00,F03_purification,FEASIBLE_AND_SATISFIED
F03_purification,F03_purification:three_node_1_repeater:0f5413b6b0f6d3cc:shortest_hop_count__automatic__conservative_min:18:f03-1rep,three_node_1_repeater,0f5413b6b0f6d3cc,18,f03-1rep,shortest_hop_count,automatic,False,a -> r -> b,2.0,10,10.0,0.7,conservative_min,0.7202522030749277,0.7202522030749277,0.0,0.0,0.1,1e-05,1000.0,-1.0,True,True,,SATISFIED,142.0,132.0,14.2,14.2,0.7202522030749277,0.7202522030749277,1420.0,1460.7122412314834,0.00175752501,0.00934522501,0.000377,3.54424,1222.0,414.0,204.0,142.0,0.0,0.0,,,,f4343c314e5de5e01ee6970aaa14b5974c1b49ea,1f2680a5b9065e708a7497adc53a95b108029b98,3.13.14,2026-07-13T16:33:04.938485+00:00,F03_purification,FEASIBLE_AND_SATISFIED
F03_purification,F03_purification:three_node_1_repeater:0f5413b6b0f6d3cc:shortest_hop_count__automatic__conservative_min:19:f03-1rep,three_node_1_repeater,0f5413b6b0f6d3cc,19,f03-1rep,shortest_hop_count,automatic,False,a -> r -> b,2.0,10,10.0,0.7,conservative_min,0.7202522030749277,0.7202522030749277,0.0,0.0,0.1,1e-05,1000.0,-1.0,True,True,,SATISFIED,147.0,137.0,14.7,14.7,0.7202522030749277,0.7202522030749277,1470.0,1504.9074571491678,0.00201010001,0.0063876875099999,0.000324,3.49612,1339.0,412.0,204.0,147.0,0.0,0.0,,,,f4343c314e5de5e01ee6970aaa14b5974c1b49ea,1f2680a5b9065e708a7497adc53a95b108029b98,3.13.14,2026-07-13T16:33:08.444071+00:00,F03_purification,FEASIBLE_AND_SATISFIED
F03_purification,F03_purification:three_node_1_repeater:2513568c9dc92590:shortest_hop_count__disabled__conservative_min:0:f03-1rep,three_node_1_repeater,2513568c9dc92590,0,f03-1rep,shortest_hop_count,disabled,False,,,10,10.0,0.72,conservative_min,,,,,0.1,1e-05,1000.0,-1.0,False,False,,REJECTED,,,,,,,,,,,0.000259,,,,,,,,no candidate route is feasible: a->r->b (min_fidelity 0.720 exceeds the achievable estimate 0.686 (never-purify baseline strategy)),,,f4343c314e5de5e01ee6970aaa14b5974c1b49ea,1f2680a5b9065e708a7497adc53a95b108029b98,3.13.14,2026-07-13T16:33:08.448273+00:00,F03_purification,INFEASIBLE_BUT_POTENTIALLY_SATISFIABLE
F03_purification,F03_purification:three_node_1_repeater:2513568c9dc92590:shortest_hop_count__disabled__conservative_min:1:f03-1rep,three_node_1_repeater,2513568c9dc92590,1,f03-1rep,shortest_hop_count,disabled,False,,,10,10.0,0.72,conservative_min,,,,,0.1,1e-05,1000.0,-1.0,False,False,,REJECTED,,,,,,,,,,,0.000259,,,,,,,,no candidate route is feasible: a->r->b (min_fidelity 0.720 exceeds the achievable estimate 0.686 (never-purify baseline strategy)),,,f4343c314e5de5e01ee6970aaa14b5974c1b49ea,1f2680a5b9065e708a7497adc53a95b108029b98,3.13.14,2026-07-13T16:33:08.451009+00:00,F03_purification,INFEASIBLE_BUT_POTENTIALLY_SATISFIABLE
F03_purification,F03_purification:three_node_1_repeater:2513568c9dc92590:shortest_hop_count__disabled__conservative_min:2:f03-1rep,three_node_1_repeater,2513568c9dc92590,2,f03-1rep,shortest_hop_count,disabled,False,,,10,10.0,0.72,conservative_min,,,,,0.1,1e-05,1000.0,-1.0,False,False,,REJECTED,,,,,,,,,,,0.000259,,,,,,,,no candidate route is feasible: a->r->b (min_fidelity 0.720 exceeds the achievable estimate 0.686 (never-purify baseline strategy)),,,f4343c314e5de5e01ee6970aaa14b5974c1b49ea,1f2680a5b9065e708a7497adc53a95b108029b98,3.13.14,2026-07-13T16:33:08.453494+00:00,F03_purification,INFEASIBLE_BUT_POTENTIALLY_SATISFIABLE
F03_purification,F03_purification:three_node_1_repeater:2513568c9dc92590:shortest_hop_count__disabled__conservative_min:3:f03-1rep,three_node_1_repeater,2513568c9dc92590,3,f03-1rep,shortest_hop_count,disabled,False,,,10,10.0,0.72,conservative_min,,,,,0.1,1e-05,1000.0,-1.0,False,False,,REJECTED,,,,,,,,,,,0.000288,,,,,,,,no candidate route is feasible: a->r->b (min_fidelity 0.720 exceeds the achievable estimate 0.686 (never-purify baseline strategy)),,,f4343c314e5de5e01ee6970aaa14b5974c1b49ea,1f2680a5b9065e708a7497adc53a95b108029b98,3.13.14,2026-07-13T16:33:08.456023+00:00,F03_purification,INFEASIBLE_BUT_POTENTIALLY_SATISFIABLE
F03_purification,F03_purification:three_node_1_repeater:2513568c9dc92590:shortest_hop_count__disabled__conservative_min:4:f03-1rep,three_node_1_repeater,2513568c9dc92590,4,f03-1rep,shortest_hop_count,disabled,False,,,10,10.0,0.72,conservative_min,,,,,0.1,1e-05,1000.0,-1.0,False,False,,REJECTED,,,,,,,,,,,0.000223,,,,,,,,no candidate route is feasible: a->r->b (min_fidelity 0.720 exceeds the achievable estimate 0.686 (never-purify baseline strategy)),,,f4343c314e5de5e01ee6970aaa14b5974c1b49ea,1f2680a5b9065e708a7497adc53a95b108029b98,3.13.14,2026-07-13T16:33:08.458376+00:00,F03_purification,INFEASIBLE_BUT_POTENTIALLY_SATISFIABLE
F03_purification,F03_purification:three_node_1_repeater:2513568c9dc92590:shortest_hop_count__disabled__conservative_min:5:f03-1rep,three_node_1_repeater,2513568c9dc92590,5,f03-1rep,shortest_hop_count,disabled,False,,,10,10.0,0.72,conservative_min,,,,,0.1,1e-05,1000.0,-1.0,False,False,,REJECTED,,,,,,,,,,,0.000181,,,,,,,,no candidate route is feasible: a->r->b (min_fidelity 0.720 exceeds the achievable estimate 0.686 (never-purify baseline strategy)),,,f4343c314e5de5e01ee6970aaa14b5974c1b49ea,1f2680a5b9065e708a7497adc53a95b108029b98,3.13.14,2026-07-13T16:33:08.460285+00:00,F03_purification,INFEASIBLE_BUT_POTENTIALLY_SATISFIABLE
F03_purification,F03_purification:three_node_1_repeater:2513568c9dc92590:shortest_hop_count__disabled__conservative_min:6:f03-1rep,three_node_1_repeater,2513568c9dc92590,6,f03-1rep,shortest_hop_count,disabled,False,,,10,10.0,0.72,conservative_min,,,,,0.1,1e-05,1000.0,-1.0,False,False,,REJECTED,,,,,,,,,,,0.000159,,,,,,,,no candidate route is feasible: a->r->b (min_fidelity 0.720 exceeds the achievable estimate 0.686 (never-purify baseline strategy)),,,f4343c314e5de5e01ee6970aaa14b5974c1b49ea,1f2680a5b9065e708a7497adc53a95b108029b98,3.13.14,2026-07-13T16:33:08.462116+00:00,F03_purification,INFEASIBLE_BUT_POTENTIALLY_SATISFIABLE
F03_purification,F03_purification:three_node_1_repeater:2513568c9dc92590:shortest_hop_count__disabled__conservative_min:7:f03-1rep,three_node_1_repeater,2513568c9dc92590,7,f03-1rep,shortest_hop_count,disabled,False,,,10,10.0,0.72,conservative_min,,,,,0.1,1e-05,1000.0,-1.0,False,False,,REJECTED,,,,,,,,,,,0.000155,,,,,,,,no candidate route is feasible: a->r->b (min_fidelity 0.720 exceeds the achievable estimate 0.686 (never-purify baseline strategy)),,,f4343c314e5de5e01ee6970aaa14b5974c1b49ea,1f2680a5b9065e708a7497adc53a95b108029b98,3.13.14,2026-07-13T16:33:08.463895+00:00,F03_purification,INFEASIBLE_BUT_POTENTIALLY_SATISFIABLE
F03_purification,F03_purification:three_node_1_repeater:2513568c9dc92590:shortest_hop_count__disabled__conservative_min:8:f03-1rep,three_node_1_repeater,2513568c9dc92590,8,f03-1rep,shortest_hop_count,disabled,False,,,10,10.0,0.72,conservative_min,,,,,0.1,1e-05,1000.0,-1.0,False,False,,REJECTED,,,,,,,,,,,0.000212,,,,,,,,no candidate route is feasible: a->r->b (min_fidelity 0.720 exceeds the achievable estimate 0.686 (never-purify baseline strategy)),,,f4343c314e5de5e01ee6970aaa14b5974c1b49ea,1f2680a5b9065e708a7497adc53a95b108029b98,3.13.14,2026-07-13T16:33:08.465781+00:00,F03_purification,INFEASIBLE_BUT_POTENTIALLY_SATISFIABLE
F03_purification,F03_purification:three_node_1_repeater:2513568c9dc92590:shortest_hop_count__disabled__conservative_min:9:f03-1rep,three_node_1_repeater,2513568c9dc92590,9,f03-1rep,shortest_hop_count,disabled,False,,,10,10.0,0.72,conservative_min,,,,,0.1,1e-05,1000.0,-1.0,False,False,,REJECTED,,,,,,,,,,,0.000255,,,,,,,,no candidate route is feasible: a->r->b (min_fidelity 0.720 exceeds the achievable estimate 0.686 (never-purify baseline strategy)),,,f4343c314e5de5e01ee6970aaa14b5974c1b49ea,1f2680a5b9065e708a7497adc53a95b108029b98,3.13.14,2026-07-13T16:33:08.467885+00:00,F03_purification,INFEASIBLE_BUT_POTENTIALLY_SATISFIABLE
F03_purification,F03_purification:three_node_1_repeater:2513568c9dc92590:shortest_hop_count__disabled__conservative_min:10:f03-1rep,three_node_1_repeater,2513568c9dc92590,10,f03-1rep,shortest_hop_count,disabled,False,,,10,10.0,0.72,conservative_min,,,,,0.1,1e-05,1000.0,-1.0,False,False,,REJECTED,,,,,,,,,,,0.000262,,,,,,,,no candidate route is feasible: a->r->b (min_fidelity 0.720 exceeds the achievable estimate 0.686 (never-purify baseline strategy)),,,f4343c314e5de5e01ee6970aaa14b5974c1b49ea,1f2680a5b9065e708a7497adc53a95b108029b98,3.13.14,2026-07-13T16:33:08.470264+00:00,F03_purification,INFEASIBLE_BUT_POTENTIALLY_SATISFIABLE
F03_purification,F03_purification:three_node_1_repeater:2513568c9dc92590:shortest_hop_count__disabled__conservative_min:11:f03-1rep,three_node_1_repeater,2513568c9dc92590,11,f03-1rep,shortest_hop_count,disabled,False,,,10,10.0,0.72,conservative_min,,,,,0.1,1e-05,1000.0,-1.0,False,False,,REJECTED,,,,,,,,,,,0.000299,,,,,,,,no candidate route is feasible: a->r->b (min_fidelity 0.720 exceeds the achievable estimate 0.686 (never-purify baseline strategy)),,,f4343c314e5de5e01ee6970aaa14b5974c1b49ea,1f2680a5b9065e708a7497adc53a95b108029b98,3.13.14,2026-07-13T16:33:08.472833+00:00,F03_purification,INFEASIBLE_BUT_POTENTIALLY_SATISFIABLE
F03_purification,F03_purification:three_node_1_repeater:2513568c9dc92590:shortest_hop_count__disabled__conservative_min:12:f03-1rep,three_node_1_repeater,2513568c9dc92590,12,f03-1rep,shortest_hop_count,disabled,False,,,10,10.0,0.72,conservative_min,,,,,0.1,1e-05,1000.0,-1.0,False,False,,REJECTED,,,,,,,,,,,0.000223,,,,,,,,no candidate route is feasible: a->r->b (min_fidelity 0.720 exceeds the achievable estimate 0.686 (never-purify baseline strategy)),,,f4343c314e5de5e01ee6970aaa14b5974c1b49ea,1f2680a5b9065e708a7497adc53a95b108029b98,3.13.14,2026-07-13T16:33:08.475209+00:00,F03_purification,INFEASIBLE_BUT_POTENTIALLY_SATISFIABLE
F03_purification,F03_purification:three_node_1_repeater:2513568c9dc92590:shortest_hop_count__disabled__conservative_min:13:f03-1rep,three_node_1_repeater,2513568c9dc92590,13,f03-1rep,shortest_hop_count,disabled,False,,,10,10.0,0.72,conservative_min,,,,,0.1,1e-05,1000.0,-1.0,False,False,,REJECTED,,,,,,,,,,,0.000173,,,,,,,,no candidate route is feasible: a->r->b (min_fidelity 0.720 exceeds the achievable estimate 0.686 (never-purify baseline strategy)),,,f4343c314e5de5e01ee6970aaa14b5974c1b49ea,1f2680a5b9065e708a7497adc53a95b108029b98,3.13.14,2026-07-13T16:33:08.477209+00:00,F03_purification,INFEASIBLE_BUT_POTENTIALLY_SATISFIABLE
F03_purification,F03_purification:three_node_1_repeater:2513568c9dc92590:shortest_hop_count__disabled__conservative_min:14:f03-1rep,three_node_1_repeater,2513568c9dc92590,14,f03-1rep,shortest_hop_count,disabled,False,,,10,10.0,0.72,conservative_min,,,,,0.1,1e-05,1000.0,-1.0,False,False,,REJECTED,,,,,,,,,,,0.000167,,,,,,,,no candidate route is feasible: a->r->b (min_fidelity 0.720 exceeds the achievable estimate 0.686 (never-purify baseline strategy)),,,f4343c314e5de5e01ee6970aaa14b5974c1b49ea,1f2680a5b9065e708a7497adc53a95b108029b98,3.13.14,2026-07-13T16:33:08.478939+00:00,F03_purification,INFEASIBLE_BUT_POTENTIALLY_SATISFIABLE
F03_purification,F03_purification:three_node_1_repeater:2513568c9dc92590:shortest_hop_count__disabled__conservative_min:15:f03-1rep,three_node_1_repeater,2513568c9dc92590,15,f03-1rep,shortest_hop_count,disabled,False,,,10,10.0,0.72,conservative_min,,,,,0.1,1e-05,1000.0,-1.0,False,False,,REJECTED,,,,,,,,,,,0.000168,,,,,,,,no candidate route is feasible: a->r->b (min_fidelity 0.720 exceeds the achievable estimate 0.686 (never-purify baseline strategy)),,,f4343c314e5de5e01ee6970aaa14b5974c1b49ea,1f2680a5b9065e708a7497adc53a95b108029b98,3.13.14,2026-07-13T16:33:08.480788+00:00,F03_purification,INFEASIBLE_BUT_POTENTIALLY_SATISFIABLE
F03_purification,F03_purification:three_node_1_repeater:2513568c9dc92590:shortest_hop_count__disabled__conservative_min:16:f03-1rep,three_node_1_repeater,2513568c9dc92590,16,f03-1rep,shortest_hop_count,disabled,False,,,10,10.0,0.72,conservative_min,,,,,0.1,1e-05,1000.0,-1.0,False,False,,REJECTED,,,,,,,,,,,0.000195,,,,,,,,no candidate route is feasible: a->r->b (min_fidelity 0.720 exceeds the achievable estimate 0.686 (never-purify baseline strategy)),,,f4343c314e5de5e01ee6970aaa14b5974c1b49ea,1f2680a5b9065e708a7497adc53a95b108029b98,3.13.14,2026-07-13T16:33:08.482713+00:00,F03_purification,INFEASIBLE_BUT_POTENTIALLY_SATISFIABLE
F03_purification,F03_purification:three_node_1_repeater:2513568c9dc92590:shortest_hop_count__disabled__conservative_min:17:f03-1rep,three_node_1_repeater,2513568c9dc92590,17,f03-1rep,shortest_hop_count,disabled,False,,,10,10.0,0.72,conservative_min,,,,,0.1,1e-05,1000.0,-1.0,False,False,,REJECTED,,,,,,,,,,,0.000214,,,,,,,,no candidate route is feasible: a->r->b (min_fidelity 0.720 exceeds the achievable estimate 0.686 (never-purify baseline strategy)),,,f4343c314e5de5e01ee6970aaa14b5974c1b49ea,1f2680a5b9065e708a7497adc53a95b108029b98,3.13.14,2026-07-13T16:33:08.484771+00:00,F03_purification,INFEASIBLE_BUT_POTENTIALLY_SATISFIABLE
F03_purification,F03_purification:three_node_1_repeater:2513568c9dc92590:shortest_hop_count__disabled__conservative_min:18:f03-1rep,three_node_1_repeater,2513568c9dc92590,18,f03-1rep,shortest_hop_count,disabled,False,,,10,10.0,0.72,conservative_min,,,,,0.1,1e-05,1000.0,-1.0,False,False,,REJECTED,,,,,,,,,,,0.000244,,,,,,,,no candidate route is feasible: a->r->b (min_fidelity 0.720 exceeds the achievable estimate 0.686 (never-purify baseline strategy)),,,f4343c314e5de5e01ee6970aaa14b5974c1b49ea,1f2680a5b9065e708a7497adc53a95b108029b98,3.13.14,2026-07-13T16:33:08.487016+00:00,F03_purification,INFEASIBLE_BUT_POTENTIALLY_SATISFIABLE
F03_purification,F03_purification:three_node_1_repeater:2513568c9dc92590:shortest_hop_count__disabled__conservative_min:19:f03-1rep,three_node_1_repeater,2513568c9dc92590,19,f03-1rep,shortest_hop_count,disabled,False,,,10,10.0,0.72,conservative_min,,,,,0.1,1e-05,1000.0,-1.0,False,False,,REJECTED,,,,,,,,,,,0.000289,,,,,,,,no candidate route is feasible: a->r->b (min_fidelity 0.720 exceeds the achievable estimate 0.686 (never-purify baseline strategy)),,,f4343c314e5de5e01ee6970aaa14b5974c1b49ea,1f2680a5b9065e708a7497adc53a95b108029b98,3.13.14,2026-07-13T16:33:08.489312+00:00,F03_purification,INFEASIBLE_BUT_POTENTIALLY_SATISFIABLE
F03_purification,F03_purification:three_node_1_repeater:7f0986b0c26a7277:shortest_hop_count__automatic__conservative_min:0:f03-1rep,three_node_1_repeater,7f0986b0c26a7277,0,f03-1rep,shortest_hop_count,automatic,False,a -> r -> b,2.0,10,10.0,0.72,conservative_min,0.7202522030749277,0.7202522030749277,0.0,0.0,0.1,1e-05,1000.0,-1.0,True,True,,SATISFIED,128.0,118.0,12.8,12.8,0.7202522030749277,0.7202522030749277,1280.0,1314.2290968268553,0.00221008751,0.00784027501,0.000265,3.1998,1262.0,393.0,196.0,128.0,0.0,0.0,,,,f4343c314e5de5e01ee6970aaa14b5974c1b49ea,1f2680a5b9065e708a7497adc53a95b108029b98,3.13.14,2026-07-13T16:33:11.698039+00:00,F03_purification,FEASIBLE_AND_SATISFIED
F03_purification,F03_purification:three_node_1_repeater:7f0986b0c26a7277:shortest_hop_count__automatic__conservative_min:1:f03-1rep,three_node_1_repeater,7f0986b0c26a7277,1,f03-1rep,shortest_hop_count,automatic,False,a -> r -> b,2.0,10,10.0,0.72,conservative_min,0.7202522030749277,0.7202522030749277,0.0,0.0,0.1,1e-05,1000.0,-1.0,True,True,,SATISFIED,139.0,129.0,13.9,13.9,0.7202522030749277,0.7202522030749277,1390.0,1426.4756968051563,0.00221008751,0.00900278751,0.000298,3.260329,1261.0,416.0,206.0,139.0,0.0,0.0,,,,f4343c314e5de5e01ee6970aaa14b5974c1b49ea,1f2680a5b9065e708a7497adc53a95b108029b98,3.13.14,2026-07-13T16:33:14.967080+00:00,F03_purification,FEASIBLE_AND_SATISFIED
F03_purification,F03_purification:three_node_1_repeater:7f0986b0c26a7277:shortest_hop_count__automatic__conservative_min:2:f03-1rep,three_node_1_repeater,7f0986b0c26a7277,2,f03-1rep,shortest_hop_count,automatic,False,a -> r -> b,2.0,10,10.0,0.72,conservative_min,0.7202522030749277,0.7202522030749277,0.0,0.0,0.1,1e-05,1000.0,-1.0,True,True,,SATISFIED,141.0,131.0,14.1,14.1,0.7202522030749277,0.7202522030749277,1410.0,1445.038572793818,0.00241013751,0.00959780001,0.00025,3.42474,1256.0,408.0,202.0,141.0,0.0,0.0,,,,f4343c314e5de5e01ee6970aaa14b5974c1b49ea,1f2680a5b9065e708a7497adc53a95b108029b98,3.13.14,2026-07-13T16:33:18.401026+00:00,F03_purification,FEASIBLE_AND_SATISFIED
F03_purification,F03_purification:three_node_1_repeater:7f0986b0c26a7277:shortest_hop_count__automatic__conservative_min:3:f03-1rep,three_node_1_repeater,7f0986b0c26a7277,3,f03-1rep,shortest_hop_count,automatic,False,a -> r -> b,2.0,10,10.0,0.72,conservative_min,0.7202522030749277,0.7202522030749277,0.0,0.0,0.1,1e-05,1000.0,-1.0,True,True,,SATISFIED,142.0,132.0,14.2,14.2,0.7202522030749277,0.7202522030749277,1420.0,1458.6865554811943,0.00201012501,0.01055037501,0.000276,3.189776,1257.0,411.0,202.0,142.0,0.0,0.0,,,,f4343c314e5de5e01ee6970aaa14b5974c1b49ea,1f2680a5b9065e708a7497adc53a95b108029b98,3.13.14,2026-07-13T16:33:21.601278+00:00,F03_purification,FEASIBLE_AND_SATISFIED
F03_purification,F03_purification:three_node_1_repeater:7f0986b0c26a7277:shortest_hop_count__automatic__conservative_min:4:f03-1rep,three_node_1_repeater,7f0986b0c26a7277,4,f03-1rep,shortest_hop_count,automatic,False,a -> r -> b,2.0,10,10.0,0.72,conservative_min,0.7202522030749277,0.7202522030749277,0.0,0.0,0.1,1e-05,1000.0,-1.0,True,True,,SATISFIED,146.0,136.0,14.6,14.6,0.7202522030749277,0.7202522030749277,1460.0,1487.85695987767,0.00181012501,0.00829275001,0.000291,3.21999,1242.0,418.0,207.0,146.0,0.0,0.0,,,,f4343c314e5de5e01ee6970aaa14b5974c1b49ea,1f2680a5b9065e708a7497adc53a95b108029b98,3.13.14,2026-07-13T16:33:24.831071+00:00,F03_purification,FEASIBLE_AND_SATISFIED
F03_purification,F03_purification:three_node_1_repeater:7f0986b0c26a7277:shortest_hop_count__automatic__conservative_min:5:f03-1rep,three_node_1_repeater,7f0986b0c26a7277,5,f03-1rep,shortest_hop_count,automatic,False,a -> r -> b,2.0,10,10.0,0.72,conservative_min,0.7202522030749277,0.7202522030749277,0.0,0.0,0.1,1e-05,1000.0,-1.0,True,True,,SATISFIED,155.0,145.0,15.5,15.5,0.7202522030749277,0.7202522030749277,1550.0,1586.8912544375366,0.00130507501,0.0074877000099999,0.000331,3.231387,1328.0,421.0,207.0,155.0,0.0,0.0,,,,f4343c314e5de5e01ee6970aaa14b5974c1b49ea,1f2680a5b9065e708a7497adc53a95b108029b98,3.13.14,2026-07-13T16:33:28.073280+00:00,F03_purification,FEASIBLE_AND_SATISFIED
F03_purification,F03_purification:three_node_1_repeater:7f0986b0c26a7277:shortest_hop_count__automatic__conservative_min:6:f03-1rep,three_node_1_repeater,7f0986b0c26a7277,6,f03-1rep,shortest_hop_count,automatic,False,a -> r -> b,2.0,10,10.0,0.72,conservative_min,0.7202522030749277,0.7202522030749277,0.0,0.0,0.1,1e-05,1000.0,-1.0,True,True,,SATISFIED,145.0,135.0,14.5,14.5,0.7202522030749277,0.7202522030749277,1450.0,1475.3721594475394,0.00130508751,0.00718771251,0.000249,3.165345,1204.0,405.0,200.0,145.0,0.0,0.0,,,,f4343c314e5de5e01ee6970aaa14b5974c1b49ea,1f2680a5b9065e708a7497adc53a95b108029b98,3.13.14,2026-07-13T16:33:31.247867+00:00,F03_purification,FEASIBLE_AND_SATISFIED
F03_purification,F03_purification:three_node_1_repeater:7f0986b0c26a7277:shortest_hop_count__automatic__conservative_min:7:f03-1rep,three_node_1_repeater,7f0986b0c26a7277,7,f03-1rep,shortest_hop_count,automatic,False,a -> r -> b,2.0,10,10.0,0.72,conservative_min,0.7202522030749277,0.7202522030749277,0.0,0.0,0.1,1e-05,1000.0,-1.0,True,True,,SATISFIED,140.0,130.0,14.0,14.0,0.7202522030749277,0.7202522030749277,1400.0,1457.4169444759275,0.0020100750099999,0.00939781251,0.000324,3.138537,1248.0,398.0,198.0,140.0,0.0,0.0,,,,f4343c314e5de5e01ee6970aaa14b5974c1b49ea,1f2680a5b9065e708a7497adc53a95b108029b98,3.13.14,2026-07-13T16:33:34.396788+00:00,F03_purification,FEASIBLE_AND_SATISFIED
F03_purification,F03_purification:three_node_1_repeater:7f0986b0c26a7277:shortest_hop_count__automatic__conservative_min:8:f03-1rep,three_node_1_repeater,7f0986b0c26a7277,8,f03-1rep,shortest_hop_count,automatic,False,a -> r -> b,2.0,10,10.0,0.72,conservative_min,0.7202522030749277,0.7202522030749277,0.0,0.0,0.1,1e-05,1000.0,-1.0,True,True,,SATISFIED,154.0,144.0,15.4,15.4,0.7202522030749277,0.7202522030749277,1540.0,1575.8040405815586,0.00221003751,0.00849278751,0.000277,3.272076,1203.0,406.0,203.0,154.0,0.0,0.0,,,,f4343c314e5de5e01ee6970aaa14b5974c1b49ea,1f2680a5b9065e708a7497adc53a95b108029b98,3.13.14,2026-07-13T16:33:37.679056+00:00,F03_purification,FEASIBLE_AND_SATISFIED
F03_purification,F03_purification:three_node_1_repeater:7f0986b0c26a7277:shortest_hop_count__automatic__conservative_min:9:f03-1rep,three_node_1_repeater,7f0986b0c26a7277,9,f03-1rep,shortest_hop_count,automatic,False,a -> r -> b,2.0,10,10.0,0.72,conservative_min,0.7202522030749277,0.7202522030749277,0.0,0.0,0.1,1e-05,1000.0,-1.0,True,True,,SATISFIED,154.0,144.0,15.4,15.4,0.7202522030749277,0.7202522030749277,1540.0,1578.18740053064,0.0017575625099999,0.00944531251,0.00035,3.164136,1274.0,418.0,206.0,154.0,0.0,0.0,,,,f4343c314e5de5e01ee6970aaa14b5974c1b49ea,1f2680a5b9065e708a7497adc53a95b108029b98,3.13.14,2026-07-13T16:33:40.853816+00:00,F03_purification,FEASIBLE_AND_SATISFIED
F03_purification,F03_purification:three_node_1_repeater:7f0986b0c26a7277:shortest_hop_count__automatic__conservative_min:10:f03-1rep,three_node_1_repeater,7f0986b0c26a7277,10,f03-1rep,shortest_hop_count,automatic,False,a -> r -> b,2.0,10,10.0,0.72,conservative_min,0.7202522030749277,0.7202522030749277,0.0,0.0,0.1,1e-05,1000.0,-1.0,True,True,,SATISFIED,145.0,135.0,14.5,14.5,0.7202522030749277,0.7202522030749277,1450.0,1486.2629583551682,0.0020101500099999,0.00648268751,0.000283,3.182218,1219.0,412.0,204.0,145.0,0.0,0.0,,,,f4343c314e5de5e01ee6970aaa14b5974c1b49ea,1f2680a5b9065e708a7497adc53a95b108029b98,3.13.14,2026-07-13T16:33:44.045247+00:00,F03_purification,FEASIBLE_AND_SATISFIED
F03_purification,F03_purification:three_node_1_repeater:7f0986b0c26a7277:shortest_hop_count__automatic__conservative_min:11:f03-1rep,three_node_1_repeater,7f0986b0c26a7277,11,f03-1rep,shortest_hop_count,automatic,False,a -> r -> b,2.0,10,10.0,0.72,conservative_min,0.7202522030749277,0.7202522030749277,0.0,0.0,0.1,1e-05,1000.0,-1.0,True,True,,SATISFIED,141.0,131.0,14.1,14.1,0.7202522030749277,0.7202522030749277,1410.0,1443.8884222421282,0.0018101500099999,0.00734022501,0.000238,3.203441,1344.0,412.0,203.0,141.0,0.0,0.0,,,,f4343c314e5de5e01ee6970aaa14b5974c1b49ea,1f2680a5b9065e708a7497adc53a95b108029b98,3.13.14,2026-07-13T16:33:47.258894+00:00,F03_purification,FEASIBLE_AND_SATISFIED
F03_purification,F03_purification:three_node_1_repeater:7f0986b0c26a7277:shortest_hop_count__automatic__conservative_min:12:f03-1rep,three_node_1_repeater,7f0986b0c26a7277,12,f03-1rep,shortest_hop_count,automatic,False,a -> r -> b,2.0,10,10.0,0.72,conservative_min,0.7202522030749277,0.7202522030749277,0.0,0.0,0.1,1e-05,1000.0,-1.0,True,True,,SATISFIED,145.0,135.0,14.5,14.5,0.7202522030749277,0.7202522030749277,1450.0,1483.0677768366545,0.00155753751,0.00960777501,0.000291,3.181557,1205.0,401.0,198.0,145.0,0.0,0.0,,,,f4343c314e5de5e01ee6970aaa14b5974c1b49ea,1f2680a5b9065e708a7497adc53a95b108029b98,3.13.14,2026-07-13T16:33:50.449932+00:00,F03_purification,FEASIBLE_AND_SATISFIED
F03_purification,F03_purification:three_node_1_repeater:7f0986b0c26a7277:shortest_hop_count__automatic__conservative_min:13:f03-1rep,three_node_1_repeater,7f0986b0c26a7277,13,f03-1rep,shortest_hop_count,automatic,False,a -> r -> b,2.0,10,10.0,0.72,conservative_min,0.7202522030749277,0.7202522030749277,0.0,0.0,0.1,1e-05,1000.0,-1.0,True,True,,SATISFIED,151.0,141.0,15.1,15.1,0.7202522030749277,0.7202522030749277,1510.0,1544.1972123916714,0.00130508751,0.0080877000099999,0.000328,3.27427,1291.0,412.0,204.0,151.0,0.0,0.0,,,,f4343c314e5de5e01ee6970aaa14b5974c1b49ea,1f2680a5b9065e708a7497adc53a95b108029b98,3.13.14,2026-07-13T16:33:53.733503+00:00,F03_purification,FEASIBLE_AND_SATISFIED
F03_purification,F03_purification:three_node_1_repeater:7f0986b0c26a7277:shortest_hop_count__automatic__conservative_min:14:f03-1rep,three_node_1_repeater,7f0986b0c26a7277,14,f03-1rep,shortest_hop_count,automatic,False,a -> r -> b,2.0,10,10.0,0.72,conservative_min,0.7202522030749277,0.7202522030749277,0.0,0.0,0.1,1e-05,1000.0,-1.0,True,True,,SATISFIED,140.0,130.0,14.0,14.0,0.7202522030749277,0.7202522030749277,1400.0,1437.7355254692282,0.00175752501,0.00733523751,0.000415,3.17707,1212.0,399.0,196.0,140.0,0.0,0.0,,,,f4343c314e5de5e01ee6970aaa14b5974c1b49ea,1f2680a5b9065e708a7497adc53a95b108029b98,3.13.14,2026-07-13T16:33:56.921360+00:00,F03_purification,FEASIBLE_AND_SATISFIED
F03_purification,F03_purification:three_node_1_repeater:7f0986b0c26a7277:shortest_hop_count__automatic__conservative_min:15:f03-1rep,three_node_1_repeater,7f0986b0c26a7277,15,f03-1rep,shortest_hop_count,automatic,False,a -> r -> b,2.0,10,10.0,0.72,conservative_min,0.7202522030749277,0.7202522030749277,0.0,0.0,0.1,1e-05,1000.0,-1.0,True,True,,SATISFIED,142.0,132.0,14.2,14.2,0.7202522030749277,0.7202522030749277,1420.0,1449.3432216986073,0.0015575250099999,0.0078402250099999,0.000347,3.179495,1276.0,410.0,203.0,142.0,0.0,0.0,,,,f4343c314e5de5e01ee6970aaa14b5974c1b49ea,1f2680a5b9065e708a7497adc53a95b108029b98,3.13.14,2026-07-13T16:34:00.110402+00:00,F03_purification,FEASIBLE_AND_SATISFIED
F03_purification,F03_purification:three_node_1_repeater:7f0986b0c26a7277:shortest_hop_count__automatic__conservative_min:16:f03-1rep,three_node_1_repeater,7f0986b0c26a7277,16,f03-1rep,shortest_hop_count,automatic,False,a -> r -> b,2.0,10,10.0,0.72,conservative_min,0.7202522030749277,0.7202522030749277,0.0,0.0,0.1,1e-05,1000.0,-1.0,True,True,,SATISFIED,133.0,123.0,13.3,13.3,0.7202522030749277,0.7202522030749277,1330.0,1367.9902872689604,0.00201006251,0.00931285001,0.000245,3.243988,1290.0,427.0,212.0,133.0,0.0,0.0,,,,f4343c314e5de5e01ee6970aaa14b5974c1b49ea,1f2680a5b9065e708a7497adc53a95b108029b98,3.13.14,2026-07-13T16:34:03.363654+00:00,F03_purification,FEASIBLE_AND_SATISFIED
F03_purification,F03_purification:three_node_1_repeater:7f0986b0c26a7277:shortest_hop_count__automatic__conservative_min:17:f03-1rep,three_node_1_repeater,7f0986b0c26a7277,17,f03-1rep,shortest_hop_count,automatic,False,a -> r -> b,2.0,10,10.0,0.72,conservative_min,0.7202522030749277,0.7202522030749277,0.0,0.0,0.1,1e-05,1000.0,-1.0,True,True,,SATISFIED,147.0,137.0,14.7,14.7,0.7202522030749277,0.7202522030749277,1470.0,1501.447824688092,0.00181006251,0.0062402750099999,0.000326,3.162684,1307.0,411.0,203.0,147.0,0.0,0.0,,,,f4343c314e5de5e01ee6970aaa14b5974c1b49ea,1f2680a5b9065e708a7497adc53a95b108029b98,3.13.14,2026-07-13T16:34:06.536911+00:00,F03_purification,FEASIBLE_AND_SATISFIED
F03_purification,F03_purification:three_node_1_repeater:7f0986b0c26a7277:shortest_hop_count__automatic__conservative_min:18:f03-1rep,three_node_1_repeater,7f0986b0c26a7277,18,f03-1rep,shortest_hop_count,automatic,False,a -> r -> b,2.0,10,10.0,0.72,conservative_min,0.7202522030749277,0.7202522030749277,0.0,0.0,0.1,1e-05,1000.0,-1.0,True,True,,SATISFIED,142.0,132.0,14.2,14.2,0.7202522030749277,0.7202522030749277,1420.0,1460.7122412314834,0.00175752501,0.00934522501,0.000302,3.225522,1222.0,414.0,204.0,142.0,0.0,0.0,,,,f4343c314e5de5e01ee6970aaa14b5974c1b49ea,1f2680a5b9065e708a7497adc53a95b108029b98,3.13.14,2026-07-13T16:34:09.772800+00:00,F03_purification,FEASIBLE_AND_SATISFIED
F03_purification,F03_purification:three_node_1_repeater:7f0986b0c26a7277:shortest_hop_count__automatic__conservative_min:19:f03-1rep,three_node_1_repeater,7f0986b0c26a7277,19,f03-1rep,shortest_hop_count,automatic,False,a -> r -> b,2.0,10,10.0,0.72,conservative_min,0.7202522030749277,0.7202522030749277,0.0,0.0,0.1,1e-05,1000.0,-1.0,True,True,,SATISFIED,147.0,137.0,14.7,14.7,0.7202522030749277,0.7202522030749277,1470.0,1504.9074571491678,0.00201010001,0.0063876875099999,0.000305,3.162159,1339.0,412.0,204.0,147.0,0.0,0.0,,,,f4343c314e5de5e01ee6970aaa14b5974c1b49ea,1f2680a5b9065e708a7497adc53a95b108029b98,3.13.14,2026-07-13T16:34:12.945599+00:00,F03_purification,FEASIBLE_AND_SATISFIED
F03_purification,F03_purification:three_node_1_repeater:c047dd6d20551e09:shortest_hop_count__disabled__conservative_min:0:f03-1rep,three_node_1_repeater,c047dd6d20551e09,0,f03-1rep,shortest_hop_count,disabled,False,,,10,10.0,0.75,conservative_min,,,,,0.1,1e-05,1000.0,-1.0,False,False,,REJECTED,,,,,,,,,,,0.00026,,,,,,,,no candidate route is feasible: a->r->b (min_fidelity 0.750 exceeds the achievable estimate 0.686 (never-purify baseline strategy)),,,f4343c314e5de5e01ee6970aaa14b5974c1b49ea,1f2680a5b9065e708a7497adc53a95b108029b98,3.13.14,2026-07-13T16:34:12.949263+00:00,F03_purification,INFEASIBLE_BUT_POTENTIALLY_SATISFIABLE
F03_purification,F03_purification:three_node_1_repeater:c047dd6d20551e09:shortest_hop_count__disabled__conservative_min:1:f03-1rep,three_node_1_repeater,c047dd6d20551e09,1,f03-1rep,shortest_hop_count,disabled,False,,,10,10.0,0.75,conservative_min,,,,,0.1,1e-05,1000.0,-1.0,False,False,,REJECTED,,,,,,,,,,,0.000216,,,,,,,,no candidate route is feasible: a->r->b (min_fidelity 0.750 exceeds the achievable estimate 0.686 (never-purify baseline strategy)),,,f4343c314e5de5e01ee6970aaa14b5974c1b49ea,1f2680a5b9065e708a7497adc53a95b108029b98,3.13.14,2026-07-13T16:34:12.951915+00:00,F03_purification,INFEASIBLE_BUT_POTENTIALLY_SATISFIABLE
F03_purification,F03_purification:three_node_1_repeater:c047dd6d20551e09:shortest_hop_count__disabled__conservative_min:2:f03-1rep,three_node_1_repeater,c047dd6d20551e09,2,f03-1rep,shortest_hop_count,disabled,False,,,10,10.0,0.75,conservative_min,,,,,0.1,1e-05,1000.0,-1.0,False,False,,REJECTED,,,,,,,,,,,0.000181,,,,,,,,no candidate route is feasible: a->r->b (min_fidelity 0.750 exceeds the achievable estimate 0.686 (never-purify baseline strategy)),,,f4343c314e5de5e01ee6970aaa14b5974c1b49ea,1f2680a5b9065e708a7497adc53a95b108029b98,3.13.14,2026-07-13T16:34:12.953881+00:00,F03_purification,INFEASIBLE_BUT_POTENTIALLY_SATISFIABLE
F03_purification,F03_purification:three_node_1_repeater:c047dd6d20551e09:shortest_hop_count__disabled__conservative_min:3:f03-1rep,three_node_1_repeater,c047dd6d20551e09,3,f03-1rep,shortest_hop_count,disabled,False,,,10,10.0,0.75,conservative_min,,,,,0.1,1e-05,1000.0,-1.0,False,False,,REJECTED,,,,,,,,,,,0.000168,,,,,,,,no candidate route is feasible: a->r->b (min_fidelity 0.750 exceeds the achievable estimate 0.686 (never-purify baseline strategy)),,,f4343c314e5de5e01ee6970aaa14b5974c1b49ea,1f2680a5b9065e708a7497adc53a95b108029b98,3.13.14,2026-07-13T16:34:12.955676+00:00,F03_purification,INFEASIBLE_BUT_POTENTIALLY_SATISFIABLE
F03_purification,F03_purification:three_node_1_repeater:c047dd6d20551e09:shortest_hop_count__disabled__conservative_min:4:f03-1rep,three_node_1_repeater,c047dd6d20551e09,4,f03-1rep,shortest_hop_count,disabled,False,,,10,10.0,0.75,conservative_min,,,,,0.1,1e-05,1000.0,-1.0,False,False,,REJECTED,,,,,,,,,,,0.000168,,,,,,,,no candidate route is feasible: a->r->b (min_fidelity 0.750 exceeds the achievable estimate 0.686 (never-purify baseline strategy)),,,f4343c314e5de5e01ee6970aaa14b5974c1b49ea,1f2680a5b9065e708a7497adc53a95b108029b98,3.13.14,2026-07-13T16:34:12.957681+00:00,F03_purification,INFEASIBLE_BUT_POTENTIALLY_SATISFIABLE
F03_purification,F03_purification:three_node_1_repeater:c047dd6d20551e09:shortest_hop_count__disabled__conservative_min:5:f03-1rep,three_node_1_repeater,c047dd6d20551e09,5,f03-1rep,shortest_hop_count,disabled,False,,,10,10.0,0.75,conservative_min,,,,,0.1,1e-05,1000.0,-1.0,False,False,,REJECTED,,,,,,,,,,,0.00017,,,,,,,,no candidate route is feasible: a->r->b (min_fidelity 0.750 exceeds the achievable estimate 0.686 (never-purify baseline strategy)),,,f4343c314e5de5e01ee6970aaa14b5974c1b49ea,1f2680a5b9065e708a7497adc53a95b108029b98,3.13.14,2026-07-13T16:34:12.959613+00:00,F03_purification,INFEASIBLE_BUT_POTENTIALLY_SATISFIABLE
F03_purification,F03_purification:three_node_1_repeater:c047dd6d20551e09:shortest_hop_count__disabled__conservative_min:6:f03-1rep,three_node_1_repeater,c047dd6d20551e09,6,f03-1rep,shortest_hop_count,disabled,False,,,10,10.0,0.75,conservative_min,,,,,0.1,1e-05,1000.0,-1.0,False,False,,REJECTED,,,,,,,,,,,0.000169,,,,,,,,no candidate route is feasible: a->r->b (min_fidelity 0.750 exceeds the achievable estimate 0.686 (never-purify baseline strategy)),,,f4343c314e5de5e01ee6970aaa14b5974c1b49ea,1f2680a5b9065e708a7497adc53a95b108029b98,3.13.14,2026-07-13T16:34:12.961476+00:00,F03_purification,INFEASIBLE_BUT_POTENTIALLY_SATISFIABLE
F03_purification,F03_purification:three_node_1_repeater:c047dd6d20551e09:shortest_hop_count__disabled__conservative_min:7:f03-1rep,three_node_1_repeater,c047dd6d20551e09,7,f03-1rep,shortest_hop_count,disabled,False,,,10,10.0,0.75,conservative_min,,,,,0.1,1e-05,1000.0,-1.0,False,False,,REJECTED,,,,,,,,,,,0.000168,,,,,,,,no candidate route is feasible: a->r->b (min_fidelity 0.750 exceeds the achievable estimate 0.686 (never-purify baseline strategy)),,,f4343c314e5de5e01ee6970aaa14b5974c1b49ea,1f2680a5b9065e708a7497adc53a95b108029b98,3.13.14,2026-07-13T16:34:12.963325+00:00,F03_purification,INFEASIBLE_BUT_POTENTIALLY_SATISFIABLE
F03_purification,F03_purification:three_node_1_repeater:c047dd6d20551e09:shortest_hop_count__disabled__conservative_min:8:f03-1rep,three_node_1_repeater,c047dd6d20551e09,8,f03-1rep,shortest_hop_count,disabled,False,,,10,10.0,0.75,conservative_min,,,,,0.1,1e-05,1000.0,-1.0,False,False,,REJECTED,,,,,,,,,,,0.00015,,,,,,,,no candidate route is feasible: a->r->b (min_fidelity 0.750 exceeds the achievable estimate 0.686 (never-purify baseline strategy)),,,f4343c314e5de5e01ee6970aaa14b5974c1b49ea,1f2680a5b9065e708a7497adc53a95b108029b98,3.13.14,2026-07-13T16:34:12.965058+00:00,F03_purification,INFEASIBLE_BUT_POTENTIALLY_SATISFIABLE
F03_purification,F03_purification:three_node_1_repeater:c047dd6d20551e09:shortest_hop_count__disabled__conservative_min:9:f03-1rep,three_node_1_repeater,c047dd6d20551e09,9,f03-1rep,shortest_hop_count,disabled,False,,,10,10.0,0.75,conservative_min,,,,,0.1,1e-05,1000.0,-1.0,False,False,,REJECTED,,,,,,,,,,,0.000155,,,,,,,,no candidate route is feasible: a->r->b (min_fidelity 0.750 exceeds the achievable estimate 0.686 (never-purify baseline strategy)),,,f4343c314e5de5e01ee6970aaa14b5974c1b49ea,1f2680a5b9065e708a7497adc53a95b108029b98,3.13.14,2026-07-13T16:34:12.966809+00:00,F03_purification,INFEASIBLE_BUT_POTENTIALLY_SATISFIABLE
F03_purification,F03_purification:three_node_1_repeater:c047dd6d20551e09:shortest_hop_count__disabled__conservative_min:10:f03-1rep,three_node_1_repeater,c047dd6d20551e09,10,f03-1rep,shortest_hop_count,disabled,False,,,10,10.0,0.75,conservative_min,,,,,0.1,1e-05,1000.0,-1.0,False,False,,REJECTED,,,,,,,,,,,0.000159,,,,,,,,no candidate route is feasible: a->r->b (min_fidelity 0.750 exceeds the achievable estimate 0.686 (never-purify baseline strategy)),,,f4343c314e5de5e01ee6970aaa14b5974c1b49ea,1f2680a5b9065e708a7497adc53a95b108029b98,3.13.14,2026-07-13T16:34:12.968519+00:00,F03_purification,INFEASIBLE_BUT_POTENTIALLY_SATISFIABLE
F03_purification,F03_purification:three_node_1_repeater:c047dd6d20551e09:shortest_hop_count__disabled__conservative_min:11:f03-1rep,three_node_1_repeater,c047dd6d20551e09,11,f03-1rep,shortest_hop_count,disabled,False,,,10,10.0,0.75,conservative_min,,,,,0.1,1e-05,1000.0,-1.0,False,False,,REJECTED,,,,,,,,,,,0.000162,,,,,,,,no candidate route is feasible: a->r->b (min_fidelity 0.750 exceeds the achievable estimate 0.686 (never-purify baseline strategy)),,,f4343c314e5de5e01ee6970aaa14b5974c1b49ea,1f2680a5b9065e708a7497adc53a95b108029b98,3.13.14,2026-07-13T16:34:12.970305+00:00,F03_purification,INFEASIBLE_BUT_POTENTIALLY_SATISFIABLE
F03_purification,F03_purification:three_node_1_repeater:c047dd6d20551e09:shortest_hop_count__disabled__conservative_min:12:f03-1rep,three_node_1_repeater,c047dd6d20551e09,12,f03-1rep,shortest_hop_count,disabled,False,,,10,10.0,0.75,conservative_min,,,,,0.1,1e-05,1000.0,-1.0,False,False,,REJECTED,,,,,,,,,,,0.000147,,,,,,,,no candidate route is feasible: a->r->b (min_fidelity 0.750 exceeds the achievable estimate 0.686 (never-purify baseline strategy)),,,f4343c314e5de5e01ee6970aaa14b5974c1b49ea,1f2680a5b9065e708a7497adc53a95b108029b98,3.13.14,2026-07-13T16:34:12.971913+00:00,F03_purification,INFEASIBLE_BUT_POTENTIALLY_SATISFIABLE
F03_purification,F03_purification:three_node_1_repeater:c047dd6d20551e09:shortest_hop_count__disabled__conservative_min:13:f03-1rep,three_node_1_repeater,c047dd6d20551e09,13,f03-1rep,shortest_hop_count,disabled,False,,,10,10.0,0.75,conservative_min,,,,,0.1,1e-05,1000.0,-1.0,False,False,,REJECTED,,,,,,,,,,,0.000149,,,,,,,,no candidate route is feasible: a->r->b (min_fidelity 0.750 exceeds the achievable estimate 0.686 (never-purify baseline strategy)),,,f4343c314e5de5e01ee6970aaa14b5974c1b49ea,1f2680a5b9065e708a7497adc53a95b108029b98,3.13.14,2026-07-13T16:34:12.973609+00:00,F03_purification,INFEASIBLE_BUT_POTENTIALLY_SATISFIABLE
F03_purification,F03_purification:three_node_1_repeater:c047dd6d20551e09:shortest_hop_count__disabled__conservative_min:14:f03-1rep,three_node_1_repeater,c047dd6d20551e09,14,f03-1rep,shortest_hop_count,disabled,False,,,10,10.0,0.75,conservative_min,,,,,0.1,1e-05,1000.0,-1.0,False,False,,REJECTED,,,,,,,,,,,0.000152,,,,,,,,no candidate route is feasible: a->r->b (min_fidelity 0.750 exceeds the achievable estimate 0.686 (never-purify baseline strategy)),,,f4343c314e5de5e01ee6970aaa14b5974c1b49ea,1f2680a5b9065e708a7497adc53a95b108029b98,3.13.14,2026-07-13T16:34:12.975315+00:00,F03_purification,INFEASIBLE_BUT_POTENTIALLY_SATISFIABLE
F03_purification,F03_purification:three_node_1_repeater:c047dd6d20551e09:shortest_hop_count__disabled__conservative_min:15:f03-1rep,three_node_1_repeater,c047dd6d20551e09,15,f03-1rep,shortest_hop_count,disabled,False,,,10,10.0,0.75,conservative_min,,,,,0.1,1e-05,1000.0,-1.0,False,False,,REJECTED,,,,,,,,,,,0.000151,,,,,,,,no candidate route is feasible: a->r->b (min_fidelity 0.750 exceeds the achievable estimate 0.686 (never-purify baseline strategy)),,,f4343c314e5de5e01ee6970aaa14b5974c1b49ea,1f2680a5b9065e708a7497adc53a95b108029b98,3.13.14,2026-07-13T16:34:12.977037+00:00,F03_purification,INFEASIBLE_BUT_POTENTIALLY_SATISFIABLE
F03_purification,F03_purification:three_node_1_repeater:c047dd6d20551e09:shortest_hop_count__disabled__conservative_min:16:f03-1rep,three_node_1_repeater,c047dd6d20551e09,16,f03-1rep,shortest_hop_count,disabled,False,,,10,10.0,0.75,conservative_min,,,,,0.1,1e-05,1000.0,-1.0,False,False,,REJECTED,,,,,,,,,,,0.000147,,,,,,,,no candidate route is feasible: a->r->b (min_fidelity 0.750 exceeds the achievable estimate 0.686 (never-purify baseline strategy)),,,f4343c314e5de5e01ee6970aaa14b5974c1b49ea,1f2680a5b9065e708a7497adc53a95b108029b98,3.13.14,2026-07-13T16:34:12.978742+00:00,F03_purification,INFEASIBLE_BUT_POTENTIALLY_SATISFIABLE
F03_purification,F03_purification:three_node_1_repeater:c047dd6d20551e09:shortest_hop_count__disabled__conservative_min:17:f03-1rep,three_node_1_repeater,c047dd6d20551e09,17,f03-1rep,shortest_hop_count,disabled,False,,,10,10.0,0.75,conservative_min,,,,,0.1,1e-05,1000.0,-1.0,False,False,,REJECTED,,,,,,,,,,,0.000148,,,,,,,,no candidate route is feasible: a->r->b (min_fidelity 0.750 exceeds the achievable estimate 0.686 (never-purify baseline strategy)),,,f4343c314e5de5e01ee6970aaa14b5974c1b49ea,1f2680a5b9065e708a7497adc53a95b108029b98,3.13.14,2026-07-13T16:34:12.980425+00:00,F03_purification,INFEASIBLE_BUT_POTENTIALLY_SATISFIABLE
F03_purification,F03_purification:three_node_1_repeater:c047dd6d20551e09:shortest_hop_count__disabled__conservative_min:18:f03-1rep,three_node_1_repeater,c047dd6d20551e09,18,f03-1rep,shortest_hop_count,disabled,False,,,10,10.0,0.75,conservative_min,,,,,0.1,1e-05,1000.0,-1.0,False,False,,REJECTED,,,,,,,,,,,0.000152,,,,,,,,no candidate route is feasible: a->r->b (min_fidelity 0.750 exceeds the achievable estimate 0.686 (never-purify baseline strategy)),,,f4343c314e5de5e01ee6970aaa14b5974c1b49ea,1f2680a5b9065e708a7497adc53a95b108029b98,3.13.14,2026-07-13T16:34:12.982132+00:00,F03_purification,INFEASIBLE_BUT_POTENTIALLY_SATISFIABLE
F03_purification,F03_purification:three_node_1_repeater:c047dd6d20551e09:shortest_hop_count__disabled__conservative_min:19:f03-1rep,three_node_1_repeater,c047dd6d20551e09,19,f03-1rep,shortest_hop_count,disabled,False,,,10,10.0,0.75,conservative_min,,,,,0.1,1e-05,1000.0,-1.0,False,False,,REJECTED,,,,,,,,,,,0.000153,,,,,,,,no candidate route is feasible: a->r->b (min_fidelity 0.750 exceeds the achievable estimate 0.686 (never-purify baseline strategy)),,,f4343c314e5de5e01ee6970aaa14b5974c1b49ea,1f2680a5b9065e708a7497adc53a95b108029b98,3.13.14,2026-07-13T16:34:12.983869+00:00,F03_purification,INFEASIBLE_BUT_POTENTIALLY_SATISFIABLE
F03_purification,F03_purification:three_node_1_repeater:78536bbf96b8f6da:shortest_hop_count__automatic__conservative_min:0:f03-1rep,three_node_1_repeater,78536bbf96b8f6da,0,f03-1rep,shortest_hop_count,automatic,False,,,10,10.0,0.75,conservative_min,,,,,0.1,1e-05,1000.0,-1.0,False,False,,REJECTED,,,,,,,,,,,0.000149,,,,,,,,no candidate route is feasible: a->r->b (min_fidelity 0.750 exceeds the achievable estimate 0.720 (one-round static estimate (BBPSSWCircuit.improved_fidelity); SeQUeNCe's 'until_target' mode may run a different number of rounds at execution time)),,,f4343c314e5de5e01ee6970aaa14b5974c1b49ea,1f2680a5b9065e708a7497adc53a95b108029b98,3.13.14,2026-07-13T16:34:12.985724+00:00,F03_purification,INFEASIBLE_BUT_POTENTIALLY_SATISFIABLE
F03_purification,F03_purification:three_node_1_repeater:78536bbf96b8f6da:shortest_hop_count__automatic__conservative_min:1:f03-1rep,three_node_1_repeater,78536bbf96b8f6da,1,f03-1rep,shortest_hop_count,automatic,False,,,10,10.0,0.75,conservative_min,,,,,0.1,1e-05,1000.0,-1.0,False,False,,REJECTED,,,,,,,,,,,0.000149,,,,,,,,no candidate route is feasible: a->r->b (min_fidelity 0.750 exceeds the achievable estimate 0.720 (one-round static estimate (BBPSSWCircuit.improved_fidelity); SeQUeNCe's 'until_target' mode may run a different number of rounds at execution time)),,,f4343c314e5de5e01ee6970aaa14b5974c1b49ea,1f2680a5b9065e708a7497adc53a95b108029b98,3.13.14,2026-07-13T16:34:12.987457+00:00,F03_purification,INFEASIBLE_BUT_POTENTIALLY_SATISFIABLE
F03_purification,F03_purification:three_node_1_repeater:78536bbf96b8f6da:shortest_hop_count__automatic__conservative_min:2:f03-1rep,three_node_1_repeater,78536bbf96b8f6da,2,f03-1rep,shortest_hop_count,automatic,False,,,10,10.0,0.75,conservative_min,,,,,0.1,1e-05,1000.0,-1.0,False,False,,REJECTED,,,,,,,,,,,0.000155,,,,,,,,no candidate route is feasible: a->r->b (min_fidelity 0.750 exceeds the achievable estimate 0.720 (one-round static estimate (BBPSSWCircuit.improved_fidelity); SeQUeNCe's 'until_target' mode may run a different number of rounds at execution time)),,,f4343c314e5de5e01ee6970aaa14b5974c1b49ea,1f2680a5b9065e708a7497adc53a95b108029b98,3.13.14,2026-07-13T16:34:12.989184+00:00,F03_purification,INFEASIBLE_BUT_POTENTIALLY_SATISFIABLE
F03_purification,F03_purification:three_node_1_repeater:78536bbf96b8f6da:shortest_hop_count__automatic__conservative_min:3:f03-1rep,three_node_1_repeater,78536bbf96b8f6da,3,f03-1rep,shortest_hop_count,automatic,False,,,10,10.0,0.75,conservative_min,,,,,0.1,1e-05,1000.0,-1.0,False,False,,REJECTED,,,,,,,,,,,0.000163,,,,,,,,no candidate route is feasible: a->r->b (min_fidelity 0.750 exceeds the achievable estimate 0.720 (one-round static estimate (BBPSSWCircuit.improved_fidelity); SeQUeNCe's 'until_target' mode may run a different number of rounds at execution time)),,,f4343c314e5de5e01ee6970aaa14b5974c1b49ea,1f2680a5b9065e708a7497adc53a95b108029b98,3.13.14,2026-07-13T16:34:12.990879+00:00,F03_purification,INFEASIBLE_BUT_POTENTIALLY_SATISFIABLE
F03_purification,F03_purification:three_node_1_repeater:78536bbf96b8f6da:shortest_hop_count__automatic__conservative_min:4:f03-1rep,three_node_1_repeater,78536bbf96b8f6da,4,f03-1rep,shortest_hop_count,automatic,False,,,10,10.0,0.75,conservative_min,,,,,0.1,1e-05,1000.0,-1.0,False,False,,REJECTED,,,,,,,,,,,0.000153,,,,,,,,no candidate route is feasible: a->r->b (min_fidelity 0.750 exceeds the achievable estimate 0.720 (one-round static estimate (BBPSSWCircuit.improved_fidelity); SeQUeNCe's 'until_target' mode may run a different number of rounds at execution time)),,,f4343c314e5de5e01ee6970aaa14b5974c1b49ea,1f2680a5b9065e708a7497adc53a95b108029b98,3.13.14,2026-07-13T16:34:12.992728+00:00,F03_purification,INFEASIBLE_BUT_POTENTIALLY_SATISFIABLE
F03_purification,F03_purification:three_node_1_repeater:78536bbf96b8f6da:shortest_hop_count__automatic__conservative_min:5:f03-1rep,three_node_1_repeater,78536bbf96b8f6da,5,f03-1rep,shortest_hop_count,automatic,False,,,10,10.0,0.75,conservative_min,,,,,0.1,1e-05,1000.0,-1.0,False,False,,REJECTED,,,,,,,,,,,0.000154,,,,,,,,no candidate route is feasible: a->r->b (min_fidelity 0.750 exceeds the achievable estimate 0.720 (one-round static estimate (BBPSSWCircuit.improved_fidelity); SeQUeNCe's 'until_target' mode may run a different number of rounds at execution time)),,,f4343c314e5de5e01ee6970aaa14b5974c1b49ea,1f2680a5b9065e708a7497adc53a95b108029b98,3.13.14,2026-07-13T16:34:12.994460+00:00,F03_purification,INFEASIBLE_BUT_POTENTIALLY_SATISFIABLE
F03_purification,F03_purification:three_node_1_repeater:78536bbf96b8f6da:shortest_hop_count__automatic__conservative_min:6:f03-1rep,three_node_1_repeater,78536bbf96b8f6da,6,f03-1rep,shortest_hop_count,automatic,False,,,10,10.0,0.75,conservative_min,,,,,0.1,1e-05,1000.0,-1.0,False,False,,REJECTED,,,,,,,,,,,0.000162,,,,,,,,no candidate route is feasible: a->r->b (min_fidelity 0.750 exceeds the achievable estimate 0.720 (one-round static estimate (BBPSSWCircuit.improved_fidelity); SeQUeNCe's 'until_target' mode may run a different number of rounds at execution time)),,,f4343c314e5de5e01ee6970aaa14b5974c1b49ea,1f2680a5b9065e708a7497adc53a95b108029b98,3.13.14,2026-07-13T16:34:12.996172+00:00,F03_purification,INFEASIBLE_BUT_POTENTIALLY_SATISFIABLE
F03_purification,F03_purification:three_node_1_repeater:78536bbf96b8f6da:shortest_hop_count__automatic__conservative_min:7:f03-1rep,three_node_1_repeater,78536bbf96b8f6da,7,f03-1rep,shortest_hop_count,automatic,False,,,10,10.0,0.75,conservative_min,,,,,0.1,1e-05,1000.0,-1.0,False,False,,REJECTED,,,,,,,,,,,0.000154,,,,,,,,no candidate route is feasible: a->r->b (min_fidelity 0.750 exceeds the achievable estimate 0.720 (one-round static estimate (BBPSSWCircuit.improved_fidelity); SeQUeNCe's 'until_target' mode may run a different number of rounds at execution time)),,,f4343c314e5de5e01ee6970aaa14b5974c1b49ea,1f2680a5b9065e708a7497adc53a95b108029b98,3.13.14,2026-07-13T16:34:12.997834+00:00,F03_purification,INFEASIBLE_BUT_POTENTIALLY_SATISFIABLE
F03_purification,F03_purification:three_node_1_repeater:78536bbf96b8f6da:shortest_hop_count__automatic__conservative_min:8:f03-1rep,three_node_1_repeater,78536bbf96b8f6da,8,f03-1rep,shortest_hop_count,automatic,False,,,10,10.0,0.75,conservative_min,,,,,0.1,1e-05,1000.0,-1.0,False,False,,REJECTED,,,,,,,,,,,0.000157,,,,,,,,no candidate route is feasible: a->r->b (min_fidelity 0.750 exceeds the achievable estimate 0.720 (one-round static estimate (BBPSSWCircuit.improved_fidelity); SeQUeNCe's 'until_target' mode may run a different number of rounds at execution time)),,,f4343c314e5de5e01ee6970aaa14b5974c1b49ea,1f2680a5b9065e708a7497adc53a95b108029b98,3.13.14,2026-07-13T16:34:12.999571+00:00,F03_purification,INFEASIBLE_BUT_POTENTIALLY_SATISFIABLE
F03_purification,F03_purification:three_node_1_repeater:78536bbf96b8f6da:shortest_hop_count__automatic__conservative_min:9:f03-1rep,three_node_1_repeater,78536bbf96b8f6da,9,f03-1rep,shortest_hop_count,automatic,False,,,10,10.0,0.75,conservative_min,,,,,0.1,1e-05,1000.0,-1.0,False,False,,REJECTED,,,,,,,,,,,0.000184,,,,,,,,no candidate route is feasible: a->r->b (min_fidelity 0.750 exceeds the achievable estimate 0.720 (one-round static estimate (BBPSSWCircuit.improved_fidelity); SeQUeNCe's 'until_target' mode may run a different number of rounds at execution time)),,,f4343c314e5de5e01ee6970aaa14b5974c1b49ea,1f2680a5b9065e708a7497adc53a95b108029b98,3.13.14,2026-07-13T16:34:13.001342+00:00,F03_purification,INFEASIBLE_BUT_POTENTIALLY_SATISFIABLE
F03_purification,F03_purification:three_node_1_repeater:78536bbf96b8f6da:shortest_hop_count__automatic__conservative_min:10:f03-1rep,three_node_1_repeater,78536bbf96b8f6da,10,f03-1rep,shortest_hop_count,automatic,False,,,10,10.0,0.75,conservative_min,,,,,0.1,1e-05,1000.0,-1.0,False,False,,REJECTED,,,,,,,,,,,0.000171,,,,,,,,no candidate route is feasible: a->r->b (min_fidelity 0.750 exceeds the achievable estimate 0.720 (one-round static estimate (BBPSSWCircuit.improved_fidelity); SeQUeNCe's 'until_target' mode may run a different number of rounds at execution time)),,,f4343c314e5de5e01ee6970aaa14b5974c1b49ea,1f2680a5b9065e708a7497adc53a95b108029b98,3.13.14,2026-07-13T16:34:13.003137+00:00,F03_purification,INFEASIBLE_BUT_POTENTIALLY_SATISFIABLE
F03_purification,F03_purification:three_node_1_repeater:78536bbf96b8f6da:shortest_hop_count__automatic__conservative_min:11:f03-1rep,three_node_1_repeater,78536bbf96b8f6da,11,f03-1rep,shortest_hop_count,automatic,False,,,10,10.0,0.75,conservative_min,,,,,0.1,1e-05,1000.0,-1.0,False,False,,REJECTED,,,,,,,,,,,0.000158,,,,,,,,no candidate route is feasible: a->r->b (min_fidelity 0.750 exceeds the achievable estimate 0.720 (one-round static estimate (BBPSSWCircuit.improved_fidelity); SeQUeNCe's 'until_target' mode may run a different number of rounds at execution time)),,,f4343c314e5de5e01ee6970aaa14b5974c1b49ea,1f2680a5b9065e708a7497adc53a95b108029b98,3.13.14,2026-07-13T16:34:13.005115+00:00,F03_purification,INFEASIBLE_BUT_POTENTIALLY_SATISFIABLE
F03_purification,F03_purification:three_node_1_repeater:78536bbf96b8f6da:shortest_hop_count__automatic__conservative_min:12:f03-1rep,three_node_1_repeater,78536bbf96b8f6da,12,f03-1rep,shortest_hop_count,automatic,False,,,10,10.0,0.75,conservative_min,,,,,0.1,1e-05,1000.0,-1.0,False,False,,REJECTED,,,,,,,,,,,0.000159,,,,,,,,no candidate route is feasible: a->r->b (min_fidelity 0.750 exceeds the achievable estimate 0.720 (one-round static estimate (BBPSSWCircuit.improved_fidelity); SeQUeNCe's 'until_target' mode may run a different number of rounds at execution time)),,,f4343c314e5de5e01ee6970aaa14b5974c1b49ea,1f2680a5b9065e708a7497adc53a95b108029b98,3.13.14,2026-07-13T16:34:13.007067+00:00,F03_purification,INFEASIBLE_BUT_POTENTIALLY_SATISFIABLE
F03_purification,F03_purification:three_node_1_repeater:78536bbf96b8f6da:shortest_hop_count__automatic__conservative_min:13:f03-1rep,three_node_1_repeater,78536bbf96b8f6da,13,f03-1rep,shortest_hop_count,automatic,False,,,10,10.0,0.75,conservative_min,,,,,0.1,1e-05,1000.0,-1.0,False,False,,REJECTED,,,,,,,,,,,0.000156,,,,,,,,no candidate route is feasible: a->r->b (min_fidelity 0.750 exceeds the achievable estimate 0.720 (one-round static estimate (BBPSSWCircuit.improved_fidelity); SeQUeNCe's 'until_target' mode may run a different number of rounds at execution time)),,,f4343c314e5de5e01ee6970aaa14b5974c1b49ea,1f2680a5b9065e708a7497adc53a95b108029b98,3.13.14,2026-07-13T16:34:13.008820+00:00,F03_purification,INFEASIBLE_BUT_POTENTIALLY_SATISFIABLE
F03_purification,F03_purification:three_node_1_repeater:78536bbf96b8f6da:shortest_hop_count__automatic__conservative_min:14:f03-1rep,three_node_1_repeater,78536bbf96b8f6da,14,f03-1rep,shortest_hop_count,automatic,False,,,10,10.0,0.75,conservative_min,,,,,0.1,1e-05,1000.0,-1.0,False,False,,REJECTED,,,,,,,,,,,0.000156,,,,,,,,no candidate route is feasible: a->r->b (min_fidelity 0.750 exceeds the achievable estimate 0.720 (one-round static estimate (BBPSSWCircuit.improved_fidelity); SeQUeNCe's 'until_target' mode may run a different number of rounds at execution time)),,,f4343c314e5de5e01ee6970aaa14b5974c1b49ea,1f2680a5b9065e708a7497adc53a95b108029b98,3.13.14,2026-07-13T16:34:13.010540+00:00,F03_purification,INFEASIBLE_BUT_POTENTIALLY_SATISFIABLE
F03_purification,F03_purification:three_node_1_repeater:78536bbf96b8f6da:shortest_hop_count__automatic__conservative_min:15:f03-1rep,three_node_1_repeater,78536bbf96b8f6da,15,f03-1rep,shortest_hop_count,automatic,False,,,10,10.0,0.75,conservative_min,,,,,0.1,1e-05,1000.0,-1.0,False,False,,REJECTED,,,,,,,,,,,0.000153,,,,,,,,no candidate route is feasible: a->r->b (min_fidelity 0.750 exceeds the achievable estimate 0.720 (one-round static estimate (BBPSSWCircuit.improved_fidelity); SeQUeNCe's 'until_target' mode may run a different number of rounds at execution time)),,,f4343c314e5de5e01ee6970aaa14b5974c1b49ea,1f2680a5b9065e708a7497adc53a95b108029b98,3.13.14,2026-07-13T16:34:13.012295+00:00,F03_purification,INFEASIBLE_BUT_POTENTIALLY_SATISFIABLE
F03_purification,F03_purification:three_node_1_repeater:78536bbf96b8f6da:shortest_hop_count__automatic__conservative_min:16:f03-1rep,three_node_1_repeater,78536bbf96b8f6da,16,f03-1rep,shortest_hop_count,automatic,False,,,10,10.0,0.75,conservative_min,,,,,0.1,1e-05,1000.0,-1.0,False,False,,REJECTED,,,,,,,,,,,0.000151,,,,,,,,no candidate route is feasible: a->r->b (min_fidelity 0.750 exceeds the achievable estimate 0.720 (one-round static estimate (BBPSSWCircuit.improved_fidelity); SeQUeNCe's 'until_target' mode may run a different number of rounds at execution time)),,,f4343c314e5de5e01ee6970aaa14b5974c1b49ea,1f2680a5b9065e708a7497adc53a95b108029b98,3.13.14,2026-07-13T16:34:13.014019+00:00,F03_purification,INFEASIBLE_BUT_POTENTIALLY_SATISFIABLE
F03_purification,F03_purification:three_node_1_repeater:78536bbf96b8f6da:shortest_hop_count__automatic__conservative_min:17:f03-1rep,three_node_1_repeater,78536bbf96b8f6da,17,f03-1rep,shortest_hop_count,automatic,False,,,10,10.0,0.75,conservative_min,,,,,0.1,1e-05,1000.0,-1.0,False,False,,REJECTED,,,,,,,,,,,0.000151,,,,,,,,no candidate route is feasible: a->r->b (min_fidelity 0.750 exceeds the achievable estimate 0.720 (one-round static estimate (BBPSSWCircuit.improved_fidelity); SeQUeNCe's 'until_target' mode may run a different number of rounds at execution time)),,,f4343c314e5de5e01ee6970aaa14b5974c1b49ea,1f2680a5b9065e708a7497adc53a95b108029b98,3.13.14,2026-07-13T16:34:13.015746+00:00,F03_purification,INFEASIBLE_BUT_POTENTIALLY_SATISFIABLE
F03_purification,F03_purification:three_node_1_repeater:78536bbf96b8f6da:shortest_hop_count__automatic__conservative_min:18:f03-1rep,three_node_1_repeater,78536bbf96b8f6da,18,f03-1rep,shortest_hop_count,automatic,False,,,10,10.0,0.75,conservative_min,,,,,0.1,1e-05,1000.0,-1.0,False,False,,REJECTED,,,,,,,,,,,0.000161,,,,,,,,no candidate route is feasible: a->r->b (min_fidelity 0.750 exceeds the achievable estimate 0.720 (one-round static estimate (BBPSSWCircuit.improved_fidelity); SeQUeNCe's 'until_target' mode may run a different number of rounds at execution time)),,,f4343c314e5de5e01ee6970aaa14b5974c1b49ea,1f2680a5b9065e708a7497adc53a95b108029b98,3.13.14,2026-07-13T16:34:13.017430+00:00,F03_purification,INFEASIBLE_BUT_POTENTIALLY_SATISFIABLE
F03_purification,F03_purification:three_node_1_repeater:78536bbf96b8f6da:shortest_hop_count__automatic__conservative_min:19:f03-1rep,three_node_1_repeater,78536bbf96b8f6da,19,f03-1rep,shortest_hop_count,automatic,False,,,10,10.0,0.75,conservative_min,,,,,0.1,1e-05,1000.0,-1.0,False,False,,REJECTED,,,,,,,,,,,0.000166,,,,,,,,no candidate route is feasible: a->r->b (min_fidelity 0.750 exceeds the achievable estimate 0.720 (one-round static estimate (BBPSSWCircuit.improved_fidelity); SeQUeNCe's 'until_target' mode may run a different number of rounds at execution time)),,,f4343c314e5de5e01ee6970aaa14b5974c1b49ea,1f2680a5b9065e708a7497adc53a95b108029b98,3.13.14,2026-07-13T16:34:13.019263+00:00,F03_purification,INFEASIBLE_BUT_POTENTIALLY_SATISFIABLE
F03_purification,F03_purification:linear_chain_2_repeaters:a90da3348b334c33:shortest_hop_count__disabled__conservative_min:0:f03-2rep,linear_chain_2_repeaters,a90da3348b334c33,0,f03-2rep,shortest_hop_count,disabled,False,,,10,10.0,0.65,conservative_min,,,,,0.1,1e-05,1000.0,-1.0,False,False,,REJECTED,,,,,,,,,,,0.000221,,,,,,,,no candidate route is feasible: a->r1->r2->b (min_fidelity 0.650 exceeds the achievable estimate 0.554 (never-purify baseline strategy)),,,f4343c314e5de5e01ee6970aaa14b5974c1b49ea,1f2680a5b9065e708a7497adc53a95b108029b98,3.13.14,2026-07-13T16:34:13.071588+00:00,F03_purification,INFEASIBLE_AND_REJECTED
F03_purification,F03_purification:linear_chain_2_repeaters:a90da3348b334c33:shortest_hop_count__disabled__conservative_min:1:f03-2rep,linear_chain_2_repeaters,a90da3348b334c33,1,f03-2rep,shortest_hop_count,disabled,False,,,10,10.0,0.65,conservative_min,,,,,0.1,1e-05,1000.0,-1.0,False,False,,REJECTED,,,,,,,,,,,0.000189,,,,,,,,no candidate route is feasible: a->r1->r2->b (min_fidelity 0.650 exceeds the achievable estimate 0.554 (never-purify baseline strategy)),,,f4343c314e5de5e01ee6970aaa14b5974c1b49ea,1f2680a5b9065e708a7497adc53a95b108029b98,3.13.14,2026-07-13T16:34:13.073649+00:00,F03_purification,INFEASIBLE_AND_REJECTED
F03_purification,F03_purification:linear_chain_2_repeaters:a90da3348b334c33:shortest_hop_count__disabled__conservative_min:2:f03-2rep,linear_chain_2_repeaters,a90da3348b334c33,2,f03-2rep,shortest_hop_count,disabled,False,,,10,10.0,0.65,conservative_min,,,,,0.1,1e-05,1000.0,-1.0,False,False,,REJECTED,,,,,,,,,,,0.00017,,,,,,,,no candidate route is feasible: a->r1->r2->b (min_fidelity 0.650 exceeds the achievable estimate 0.554 (never-purify baseline strategy)),,,f4343c314e5de5e01ee6970aaa14b5974c1b49ea,1f2680a5b9065e708a7497adc53a95b108029b98,3.13.14,2026-07-13T16:34:13.075412+00:00,F03_purification,INFEASIBLE_AND_REJECTED
F03_purification,F03_purification:linear_chain_2_repeaters:a90da3348b334c33:shortest_hop_count__disabled__conservative_min:3:f03-2rep,linear_chain_2_repeaters,a90da3348b334c33,3,f03-2rep,shortest_hop_count,disabled,False,,,10,10.0,0.65,conservative_min,,,,,0.1,1e-05,1000.0,-1.0,False,False,,REJECTED,,,,,,,,,,,0.000164,,,,,,,,no candidate route is feasible: a->r1->r2->b (min_fidelity 0.650 exceeds the achievable estimate 0.554 (never-purify baseline strategy)),,,f4343c314e5de5e01ee6970aaa14b5974c1b49ea,1f2680a5b9065e708a7497adc53a95b108029b98,3.13.14,2026-07-13T16:34:13.077080+00:00,F03_purification,INFEASIBLE_AND_REJECTED
F03_purification,F03_purification:linear_chain_2_repeaters:a90da3348b334c33:shortest_hop_count__disabled__conservative_min:4:f03-2rep,linear_chain_2_repeaters,a90da3348b334c33,4,f03-2rep,shortest_hop_count,disabled,False,,,10,10.0,0.65,conservative_min,,,,,0.1,1e-05,1000.0,-1.0,False,False,,REJECTED,,,,,,,,,,,0.000161,,,,,,,,no candidate route is feasible: a->r1->r2->b (min_fidelity 0.650 exceeds the achievable estimate 0.554 (never-purify baseline strategy)),,,f4343c314e5de5e01ee6970aaa14b5974c1b49ea,1f2680a5b9065e708a7497adc53a95b108029b98,3.13.14,2026-07-13T16:34:13.078727+00:00,F03_purification,INFEASIBLE_AND_REJECTED
F03_purification,F03_purification:linear_chain_2_repeaters:a90da3348b334c33:shortest_hop_count__disabled__conservative_min:5:f03-2rep,linear_chain_2_repeaters,a90da3348b334c33,5,f03-2rep,shortest_hop_count,disabled,False,,,10,10.0,0.65,conservative_min,,,,,0.1,1e-05,1000.0,-1.0,False,False,,REJECTED,,,,,,,,,,,0.000159,,,,,,,,no candidate route is feasible: a->r1->r2->b (min_fidelity 0.650 exceeds the achievable estimate 0.554 (never-purify baseline strategy)),,,f4343c314e5de5e01ee6970aaa14b5974c1b49ea,1f2680a5b9065e708a7497adc53a95b108029b98,3.13.14,2026-07-13T16:34:13.080476+00:00,F03_purification,INFEASIBLE_AND_REJECTED
F03_purification,F03_purification:linear_chain_2_repeaters:a90da3348b334c33:shortest_hop_count__disabled__conservative_min:6:f03-2rep,linear_chain_2_repeaters,a90da3348b334c33,6,f03-2rep,shortest_hop_count,disabled,False,,,10,10.0,0.65,conservative_min,,,,,0.1,1e-05,1000.0,-1.0,False,False,,REJECTED,,,,,,,,,,,0.000158,,,,,,,,no candidate route is feasible: a->r1->r2->b (min_fidelity 0.650 exceeds the achievable estimate 0.554 (never-purify baseline strategy)),,,f4343c314e5de5e01ee6970aaa14b5974c1b49ea,1f2680a5b9065e708a7497adc53a95b108029b98,3.13.14,2026-07-13T16:34:13.082265+00:00,F03_purification,INFEASIBLE_AND_REJECTED
F03_purification,F03_purification:linear_chain_2_repeaters:a90da3348b334c33:shortest_hop_count__disabled__conservative_min:7:f03-2rep,linear_chain_2_repeaters,a90da3348b334c33,7,f03-2rep,shortest_hop_count,disabled,False,,,10,10.0,0.65,conservative_min,,,,,0.1,1e-05,1000.0,-1.0,False,False,,REJECTED,,,,,,,,,,,0.000172,,,,,,,,no candidate route is feasible: a->r1->r2->b (min_fidelity 0.650 exceeds the achievable estimate 0.554 (never-purify baseline strategy)),,,f4343c314e5de5e01ee6970aaa14b5974c1b49ea,1f2680a5b9065e708a7497adc53a95b108029b98,3.13.14,2026-07-13T16:34:13.084169+00:00,F03_purification,INFEASIBLE_AND_REJECTED
F03_purification,F03_purification:linear_chain_2_repeaters:a90da3348b334c33:shortest_hop_count__disabled__conservative_min:8:f03-2rep,linear_chain_2_repeaters,a90da3348b334c33,8,f03-2rep,shortest_hop_count,disabled,False,,,10,10.0,0.65,conservative_min,,,,,0.1,1e-05,1000.0,-1.0,False,False,,REJECTED,,,,,,,,,,,0.000164,,,,,,,,no candidate route is feasible: a->r1->r2->b (min_fidelity 0.650 exceeds the achievable estimate 0.554 (never-purify baseline strategy)),,,f4343c314e5de5e01ee6970aaa14b5974c1b49ea,1f2680a5b9065e708a7497adc53a95b108029b98,3.13.14,2026-07-13T16:34:13.085925+00:00,F03_purification,INFEASIBLE_AND_REJECTED
F03_purification,F03_purification:linear_chain_2_repeaters:a90da3348b334c33:shortest_hop_count__disabled__conservative_min:9:f03-2rep,linear_chain_2_repeaters,a90da3348b334c33,9,f03-2rep,shortest_hop_count,disabled,False,,,10,10.0,0.65,conservative_min,,,,,0.1,1e-05,1000.0,-1.0,False,False,,REJECTED,,,,,,,,,,,0.000159,,,,,,,,no candidate route is feasible: a->r1->r2->b (min_fidelity 0.650 exceeds the achievable estimate 0.554 (never-purify baseline strategy)),,,f4343c314e5de5e01ee6970aaa14b5974c1b49ea,1f2680a5b9065e708a7497adc53a95b108029b98,3.13.14,2026-07-13T16:34:13.087642+00:00,F03_purification,INFEASIBLE_AND_REJECTED
F03_purification,F03_purification:linear_chain_2_repeaters:a90da3348b334c33:shortest_hop_count__disabled__conservative_min:10:f03-2rep,linear_chain_2_repeaters,a90da3348b334c33,10,f03-2rep,shortest_hop_count,disabled,False,,,10,10.0,0.65,conservative_min,,,,,0.1,1e-05,1000.0,-1.0,False,False,,REJECTED,,,,,,,,,,,0.000162,,,,,,,,no candidate route is feasible: a->r1->r2->b (min_fidelity 0.650 exceeds the achievable estimate 0.554 (never-purify baseline strategy)),,,f4343c314e5de5e01ee6970aaa14b5974c1b49ea,1f2680a5b9065e708a7497adc53a95b108029b98,3.13.14,2026-07-13T16:34:13.089492+00:00,F03_purification,INFEASIBLE_AND_REJECTED
F03_purification,F03_purification:linear_chain_2_repeaters:a90da3348b334c33:shortest_hop_count__disabled__conservative_min:11:f03-2rep,linear_chain_2_repeaters,a90da3348b334c33,11,f03-2rep,shortest_hop_count,disabled,False,,,10,10.0,0.65,conservative_min,,,,,0.1,1e-05,1000.0,-1.0,False,False,,REJECTED,,,,,,,,,,,0.00016,,,,,,,,no candidate route is feasible: a->r1->r2->b (min_fidelity 0.650 exceeds the achievable estimate 0.554 (never-purify baseline strategy)),,,f4343c314e5de5e01ee6970aaa14b5974c1b49ea,1f2680a5b9065e708a7497adc53a95b108029b98,3.13.14,2026-07-13T16:34:13.091224+00:00,F03_purification,INFEASIBLE_AND_REJECTED
F03_purification,F03_purification:linear_chain_2_repeaters:a90da3348b334c33:shortest_hop_count__disabled__conservative_min:12:f03-2rep,linear_chain_2_repeaters,a90da3348b334c33,12,f03-2rep,shortest_hop_count,disabled,False,,,10,10.0,0.65,conservative_min,,,,,0.1,1e-05,1000.0,-1.0,False,False,,REJECTED,,,,,,,,,,,0.000157,,,,,,,,no candidate route is feasible: a->r1->r2->b (min_fidelity 0.650 exceeds the achievable estimate 0.554 (never-purify baseline strategy)),,,f4343c314e5de5e01ee6970aaa14b5974c1b49ea,1f2680a5b9065e708a7497adc53a95b108029b98,3.13.14,2026-07-13T16:34:13.092992+00:00,F03_purification,INFEASIBLE_AND_REJECTED
F03_purification,F03_purification:linear_chain_2_repeaters:a90da3348b334c33:shortest_hop_count__disabled__conservative_min:13:f03-2rep,linear_chain_2_repeaters,a90da3348b334c33,13,f03-2rep,shortest_hop_count,disabled,False,,,10,10.0,0.65,conservative_min,,,,,0.1,1e-05,1000.0,-1.0,False,False,,REJECTED,,,,,,,,,,,0.000153,,,,,,,,no candidate route is feasible: a->r1->r2->b (min_fidelity 0.650 exceeds the achievable estimate 0.554 (never-purify baseline strategy)),,,f4343c314e5de5e01ee6970aaa14b5974c1b49ea,1f2680a5b9065e708a7497adc53a95b108029b98,3.13.14,2026-07-13T16:34:13.094655+00:00,F03_purification,INFEASIBLE_AND_REJECTED
F03_purification,F03_purification:linear_chain_2_repeaters:a90da3348b334c33:shortest_hop_count__disabled__conservative_min:14:f03-2rep,linear_chain_2_repeaters,a90da3348b334c33,14,f03-2rep,shortest_hop_count,disabled,False,,,10,10.0,0.65,conservative_min,,,,,0.1,1e-05,1000.0,-1.0,False,False,,REJECTED,,,,,,,,,,,0.000155,,,,,,,,no candidate route is feasible: a->r1->r2->b (min_fidelity 0.650 exceeds the achievable estimate 0.554 (never-purify baseline strategy)),,,f4343c314e5de5e01ee6970aaa14b5974c1b49ea,1f2680a5b9065e708a7497adc53a95b108029b98,3.13.14,2026-07-13T16:34:13.096270+00:00,F03_purification,INFEASIBLE_AND_REJECTED
F03_purification,F03_purification:linear_chain_2_repeaters:a90da3348b334c33:shortest_hop_count__disabled__conservative_min:15:f03-2rep,linear_chain_2_repeaters,a90da3348b334c33,15,f03-2rep,shortest_hop_count,disabled,False,,,10,10.0,0.65,conservative_min,,,,,0.1,1e-05,1000.0,-1.0,False,False,,REJECTED,,,,,,,,,,,0.000156,,,,,,,,no candidate route is feasible: a->r1->r2->b (min_fidelity 0.650 exceeds the achievable estimate 0.554 (never-purify baseline strategy)),,,f4343c314e5de5e01ee6970aaa14b5974c1b49ea,1f2680a5b9065e708a7497adc53a95b108029b98,3.13.14,2026-07-13T16:34:13.097953+00:00,F03_purification,INFEASIBLE_AND_REJECTED
F03_purification,F03_purification:linear_chain_2_repeaters:a90da3348b334c33:shortest_hop_count__disabled__conservative_min:16:f03-2rep,linear_chain_2_repeaters,a90da3348b334c33,16,f03-2rep,shortest_hop_count,disabled,False,,,10,10.0,0.65,conservative_min,,,,,0.1,1e-05,1000.0,-1.0,False,False,,REJECTED,,,,,,,,,,,0.000158,,,,,,,,no candidate route is feasible: a->r1->r2->b (min_fidelity 0.650 exceeds the achievable estimate 0.554 (never-purify baseline strategy)),,,f4343c314e5de5e01ee6970aaa14b5974c1b49ea,1f2680a5b9065e708a7497adc53a95b108029b98,3.13.14,2026-07-13T16:34:13.099571+00:00,F03_purification,INFEASIBLE_AND_REJECTED
F03_purification,F03_purification:linear_chain_2_repeaters:a90da3348b334c33:shortest_hop_count__disabled__conservative_min:17:f03-2rep,linear_chain_2_repeaters,a90da3348b334c33,17,f03-2rep,shortest_hop_count,disabled,False,,,10,10.0,0.65,conservative_min,,,,,0.1,1e-05,1000.0,-1.0,False,False,,REJECTED,,,,,,,,,,,0.000215,,,,,,,,no candidate route is feasible: a->r1->r2->b (min_fidelity 0.650 exceeds the achievable estimate 0.554 (never-purify baseline strategy)),,,f4343c314e5de5e01ee6970aaa14b5974c1b49ea,1f2680a5b9065e708a7497adc53a95b108029b98,3.13.14,2026-07-13T16:34:13.101330+00:00,F03_purification,INFEASIBLE_AND_REJECTED
F03_purification,F03_purification:linear_chain_2_repeaters:a90da3348b334c33:shortest_hop_count__disabled__conservative_min:18:f03-2rep,linear_chain_2_repeaters,a90da3348b334c33,18,f03-2rep,shortest_hop_count,disabled,False,,,10,10.0,0.65,conservative_min,,,,,0.1,1e-05,1000.0,-1.0,False,False,,REJECTED,,,,,,,,,,,0.000168,,,,,,,,no candidate route is feasible: a->r1->r2->b (min_fidelity 0.650 exceeds the achievable estimate 0.554 (never-purify baseline strategy)),,,f4343c314e5de5e01ee6970aaa14b5974c1b49ea,1f2680a5b9065e708a7497adc53a95b108029b98,3.13.14,2026-07-13T16:34:13.103213+00:00,F03_purification,INFEASIBLE_AND_REJECTED
F03_purification,F03_purification:linear_chain_2_repeaters:a90da3348b334c33:shortest_hop_count__disabled__conservative_min:19:f03-2rep,linear_chain_2_repeaters,a90da3348b334c33,19,f03-2rep,shortest_hop_count,disabled,False,,,10,10.0,0.65,conservative_min,,,,,0.1,1e-05,1000.0,-1.0,False,False,,REJECTED,,,,,,,,,,,0.000158,,,,,,,,no candidate route is feasible: a->r1->r2->b (min_fidelity 0.650 exceeds the achievable estimate 0.554 (never-purify baseline strategy)),,,f4343c314e5de5e01ee6970aaa14b5974c1b49ea,1f2680a5b9065e708a7497adc53a95b108029b98,3.13.14,2026-07-13T16:34:13.104935+00:00,F03_purification,INFEASIBLE_AND_REJECTED
F03_purification,F03_purification:linear_chain_2_repeaters:f2d6ab906f0361f5:shortest_hop_count__automatic__conservative_min:0:f03-2rep,linear_chain_2_repeaters,f2d6ab906f0361f5,0,f03-2rep,shortest_hop_count,automatic,False,,,10,10.0,0.65,conservative_min,,,,,0.1,1e-05,1000.0,-1.0,False,False,,REJECTED,,,,,,,,,,,0.000163,,,,,,,,no candidate route is feasible: a->r1->r2->b (min_fidelity 0.650 exceeds the achievable estimate 0.565 (one-round static estimate (BBPSSWCircuit.improved_fidelity); SeQUeNCe's 'until_target' mode may run a different number of rounds at execution time)),,,f4343c314e5de5e01ee6970aaa14b5974c1b49ea,1f2680a5b9065e708a7497adc53a95b108029b98,3.13.14,2026-07-13T16:34:13.106849+00:00,F03_purification,INFEASIBLE_AND_REJECTED
F03_purification,F03_purification:linear_chain_2_repeaters:f2d6ab906f0361f5:shortest_hop_count__automatic__conservative_min:1:f03-2rep,linear_chain_2_repeaters,f2d6ab906f0361f5,1,f03-2rep,shortest_hop_count,automatic,False,,,10,10.0,0.65,conservative_min,,,,,0.1,1e-05,1000.0,-1.0,False,False,,REJECTED,,,,,,,,,,,0.000159,,,,,,,,no candidate route is feasible: a->r1->r2->b (min_fidelity 0.650 exceeds the achievable estimate 0.565 (one-round static estimate (BBPSSWCircuit.improved_fidelity); SeQUeNCe's 'until_target' mode may run a different number of rounds at execution time)),,,f4343c314e5de5e01ee6970aaa14b5974c1b49ea,1f2680a5b9065e708a7497adc53a95b108029b98,3.13.14,2026-07-13T16:34:13.108534+00:00,F03_purification,INFEASIBLE_AND_REJECTED
F03_purification,F03_purification:linear_chain_2_repeaters:f2d6ab906f0361f5:shortest_hop_count__automatic__conservative_min:2:f03-2rep,linear_chain_2_repeaters,f2d6ab906f0361f5,2,f03-2rep,shortest_hop_count,automatic,False,,,10,10.0,0.65,conservative_min,,,,,0.1,1e-05,1000.0,-1.0,False,False,,REJECTED,,,,,,,,,,,0.000159,,,,,,,,no candidate route is feasible: a->r1->r2->b (min_fidelity 0.650 exceeds the achievable estimate 0.565 (one-round static estimate (BBPSSWCircuit.improved_fidelity); SeQUeNCe's 'until_target' mode may run a different number of rounds at execution time)),,,f4343c314e5de5e01ee6970aaa14b5974c1b49ea,1f2680a5b9065e708a7497adc53a95b108029b98,3.13.14,2026-07-13T16:34:13.110154+00:00,F03_purification,INFEASIBLE_AND_REJECTED
F03_purification,F03_purification:linear_chain_2_repeaters:f2d6ab906f0361f5:shortest_hop_count__automatic__conservative_min:3:f03-2rep,linear_chain_2_repeaters,f2d6ab906f0361f5,3,f03-2rep,shortest_hop_count,automatic,False,,,10,10.0,0.65,conservative_min,,,,,0.1,1e-05,1000.0,-1.0,False,False,,REJECTED,,,,,,,,,,,0.000163,,,,,,,,no candidate route is feasible: a->r1->r2->b (min_fidelity 0.650 exceeds the achievable estimate 0.565 (one-round static estimate (BBPSSWCircuit.improved_fidelity); SeQUeNCe's 'until_target' mode may run a different number of rounds at execution time)),,,f4343c314e5de5e01ee6970aaa14b5974c1b49ea,1f2680a5b9065e708a7497adc53a95b108029b98,3.13.14,2026-07-13T16:34:13.111839+00:00,F03_purification,INFEASIBLE_AND_REJECTED
F03_purification,F03_purification:linear_chain_2_repeaters:f2d6ab906f0361f5:shortest_hop_count__automatic__conservative_min:4:f03-2rep,linear_chain_2_repeaters,f2d6ab906f0361f5,4,f03-2rep,shortest_hop_count,automatic,False,,,10,10.0,0.65,conservative_min,,,,,0.1,1e-05,1000.0,-1.0,False,False,,REJECTED,,,,,,,,,,,0.000159,,,,,,,,no candidate route is feasible: a->r1->r2->b (min_fidelity 0.650 exceeds the achievable estimate 0.565 (one-round static estimate (BBPSSWCircuit.improved_fidelity); SeQUeNCe's 'until_target' mode may run a different number of rounds at execution time)),,,f4343c314e5de5e01ee6970aaa14b5974c1b49ea,1f2680a5b9065e708a7497adc53a95b108029b98,3.13.14,2026-07-13T16:34:13.113603+00:00,F03_purification,INFEASIBLE_AND_REJECTED
F03_purification,F03_purification:linear_chain_2_repeaters:f2d6ab906f0361f5:shortest_hop_count__automatic__conservative_min:5:f03-2rep,linear_chain_2_repeaters,f2d6ab906f0361f5,5,f03-2rep,shortest_hop_count,automatic,False,,,10,10.0,0.65,conservative_min,,,,,0.1,1e-05,1000.0,-1.0,False,False,,REJECTED,,,,,,,,,,,0.000162,,,,,,,,no candidate route is feasible: a->r1->r2->b (min_fidelity 0.650 exceeds the achievable estimate 0.565 (one-round static estimate (BBPSSWCircuit.improved_fidelity); SeQUeNCe's 'until_target' mode may run a different number of rounds at execution time)),,,f4343c314e5de5e01ee6970aaa14b5974c1b49ea,1f2680a5b9065e708a7497adc53a95b108029b98,3.13.14,2026-07-13T16:34:13.115308+00:00,F03_purification,INFEASIBLE_AND_REJECTED
F03_purification,F03_purification:linear_chain_2_repeaters:f2d6ab906f0361f5:shortest_hop_count__automatic__conservative_min:6:f03-2rep,linear_chain_2_repeaters,f2d6ab906f0361f5,6,f03-2rep,shortest_hop_count,automatic,False,,,10,10.0,0.65,conservative_min,,,,,0.1,1e-05,1000.0,-1.0,False,False,,REJECTED,,,,,,,,,,,0.000212,,,,,,,,no candidate route is feasible: a->r1->r2->b (min_fidelity 0.650 exceeds the achievable estimate 0.565 (one-round static estimate (BBPSSWCircuit.improved_fidelity); SeQUeNCe's 'until_target' mode may run a different number of rounds at execution time)),,,f4343c314e5de5e01ee6970aaa14b5974c1b49ea,1f2680a5b9065e708a7497adc53a95b108029b98,3.13.14,2026-07-13T16:34:13.117029+00:00,F03_purification,INFEASIBLE_AND_REJECTED
F03_purification,F03_purification:linear_chain_2_repeaters:f2d6ab906f0361f5:shortest_hop_count__automatic__conservative_min:7:f03-2rep,linear_chain_2_repeaters,f2d6ab906f0361f5,7,f03-2rep,shortest_hop_count,automatic,False,,,10,10.0,0.65,conservative_min,,,,,0.1,1e-05,1000.0,-1.0,False,False,,REJECTED,,,,,,,,,,,0.000201,,,,,,,,no candidate route is feasible: a->r1->r2->b (min_fidelity 0.650 exceeds the achievable estimate 0.565 (one-round static estimate (BBPSSWCircuit.improved_fidelity); SeQUeNCe's 'until_target' mode may run a different number of rounds at execution time)),,,f4343c314e5de5e01ee6970aaa14b5974c1b49ea,1f2680a5b9065e708a7497adc53a95b108029b98,3.13.14,2026-07-13T16:34:13.119073+00:00,F03_purification,INFEASIBLE_AND_REJECTED
F03_purification,F03_purification:linear_chain_2_repeaters:f2d6ab906f0361f5:shortest_hop_count__automatic__conservative_min:8:f03-2rep,linear_chain_2_repeaters,f2d6ab906f0361f5,8,f03-2rep,shortest_hop_count,automatic,False,,,10,10.0,0.65,conservative_min,,,,,0.1,1e-05,1000.0,-1.0,False,False,,REJECTED,,,,,,,,,,,0.00018,,,,,,,,no candidate route is feasible: a->r1->r2->b (min_fidelity 0.650 exceeds the achievable estimate 0.565 (one-round static estimate (BBPSSWCircuit.improved_fidelity); SeQUeNCe's 'until_target' mode may run a different number of rounds at execution time)),,,f4343c314e5de5e01ee6970aaa14b5974c1b49ea,1f2680a5b9065e708a7497adc53a95b108029b98,3.13.14,2026-07-13T16:34:13.120842+00:00,F03_purification,INFEASIBLE_AND_REJECTED
F03_purification,F03_purification:linear_chain_2_repeaters:f2d6ab906f0361f5:shortest_hop_count__automatic__conservative_min:9:f03-2rep,linear_chain_2_repeaters,f2d6ab906f0361f5,9,f03-2rep,shortest_hop_count,automatic,False,,,10,10.0,0.65,conservative_min,,,,,0.1,1e-05,1000.0,-1.0,False,False,,REJECTED,,,,,,,,,,,0.000169,,,,,,,,no candidate route is feasible: a->r1->r2->b (min_fidelity 0.650 exceeds the achievable estimate 0.565 (one-round static estimate (BBPSSWCircuit.improved_fidelity); SeQUeNCe's 'until_target' mode may run a different number of rounds at execution time)),,,f4343c314e5de5e01ee6970aaa14b5974c1b49ea,1f2680a5b9065e708a7497adc53a95b108029b98,3.13.14,2026-07-13T16:34:13.122524+00:00,F03_purification,INFEASIBLE_AND_REJECTED
F03_purification,F03_purification:linear_chain_2_repeaters:f2d6ab906f0361f5:shortest_hop_count__automatic__conservative_min:10:f03-2rep,linear_chain_2_repeaters,f2d6ab906f0361f5,10,f03-2rep,shortest_hop_count,automatic,False,,,10,10.0,0.65,conservative_min,,,,,0.1,1e-05,1000.0,-1.0,False,False,,REJECTED,,,,,,,,,,,0.000163,,,,,,,,no candidate route is feasible: a->r1->r2->b (min_fidelity 0.650 exceeds the achievable estimate 0.565 (one-round static estimate (BBPSSWCircuit.improved_fidelity); SeQUeNCe's 'until_target' mode may run a different number of rounds at execution time)),,,f4343c314e5de5e01ee6970aaa14b5974c1b49ea,1f2680a5b9065e708a7497adc53a95b108029b98,3.13.14,2026-07-13T16:34:13.124175+00:00,F03_purification,INFEASIBLE_AND_REJECTED
F03_purification,F03_purification:linear_chain_2_repeaters:f2d6ab906f0361f5:shortest_hop_count__automatic__conservative_min:11:f03-2rep,linear_chain_2_repeaters,f2d6ab906f0361f5,11,f03-2rep,shortest_hop_count,automatic,False,,,10,10.0,0.65,conservative_min,,,,,0.1,1e-05,1000.0,-1.0,False,False,,REJECTED,,,,,,,,,,,0.000161,,,,,,,,no candidate route is feasible: a->r1->r2->b (min_fidelity 0.650 exceeds the achievable estimate 0.565 (one-round static estimate (BBPSSWCircuit.improved_fidelity); SeQUeNCe's 'until_target' mode may run a different number of rounds at execution time)),,,f4343c314e5de5e01ee6970aaa14b5974c1b49ea,1f2680a5b9065e708a7497adc53a95b108029b98,3.13.14,2026-07-13T16:34:13.125769+00:00,F03_purification,INFEASIBLE_AND_REJECTED
F03_purification,F03_purification:linear_chain_2_repeaters:f2d6ab906f0361f5:shortest_hop_count__automatic__conservative_min:12:f03-2rep,linear_chain_2_repeaters,f2d6ab906f0361f5,12,f03-2rep,shortest_hop_count,automatic,False,,,10,10.0,0.65,conservative_min,,,,,0.1,1e-05,1000.0,-1.0,False,False,,REJECTED,,,,,,,,,,,0.000158,,,,,,,,no candidate route is feasible: a->r1->r2->b (min_fidelity 0.650 exceeds the achievable estimate 0.565 (one-round static estimate (BBPSSWCircuit.improved_fidelity); SeQUeNCe's 'until_target' mode may run a different number of rounds at execution time)),,,f4343c314e5de5e01ee6970aaa14b5974c1b49ea,1f2680a5b9065e708a7497adc53a95b108029b98,3.13.14,2026-07-13T16:34:13.127376+00:00,F03_purification,INFEASIBLE_AND_REJECTED
F03_purification,F03_purification:linear_chain_2_repeaters:f2d6ab906f0361f5:shortest_hop_count__automatic__conservative_min:13:f03-2rep,linear_chain_2_repeaters,f2d6ab906f0361f5,13,f03-2rep,shortest_hop_count,automatic,False,,,10,10.0,0.65,conservative_min,,,,,0.1,1e-05,1000.0,-1.0,False,False,,REJECTED,,,,,,,,,,,0.000158,,,,,,,,no candidate route is feasible: a->r1->r2->b (min_fidelity 0.650 exceeds the achievable estimate 0.565 (one-round static estimate (BBPSSWCircuit.improved_fidelity); SeQUeNCe's 'until_target' mode may run a different number of rounds at execution time)),,,f4343c314e5de5e01ee6970aaa14b5974c1b49ea,1f2680a5b9065e708a7497adc53a95b108029b98,3.13.14,2026-07-13T16:34:13.129085+00:00,F03_purification,INFEASIBLE_AND_REJECTED
F03_purification,F03_purification:linear_chain_2_repeaters:f2d6ab906f0361f5:shortest_hop_count__automatic__conservative_min:14:f03-2rep,linear_chain_2_repeaters,f2d6ab906f0361f5,14,f03-2rep,shortest_hop_count,automatic,False,,,10,10.0,0.65,conservative_min,,,,,0.1,1e-05,1000.0,-1.0,False,False,,REJECTED,,,,,,,,,,,0.000163,,,,,,,,no candidate route is feasible: a->r1->r2->b (min_fidelity 0.650 exceeds the achievable estimate 0.565 (one-round static estimate (BBPSSWCircuit.improved_fidelity); SeQUeNCe's 'until_target' mode may run a different number of rounds at execution time)),,,f4343c314e5de5e01ee6970aaa14b5974c1b49ea,1f2680a5b9065e708a7497adc53a95b108029b98,3.13.14,2026-07-13T16:34:13.130737+00:00,F03_purification,INFEASIBLE_AND_REJECTED
F03_purification,F03_purification:linear_chain_2_repeaters:f2d6ab906f0361f5:shortest_hop_count__automatic__conservative_min:15:f03-2rep,linear_chain_2_repeaters,f2d6ab906f0361f5,15,f03-2rep,shortest_hop_count,automatic,False,,,10,10.0,0.65,conservative_min,,,,,0.1,1e-05,1000.0,-1.0,False,False,,REJECTED,,,,,,,,,,,0.000162,,,,,,,,no candidate route is feasible: a->r1->r2->b (min_fidelity 0.650 exceeds the achievable estimate 0.565 (one-round static estimate (BBPSSWCircuit.improved_fidelity); SeQUeNCe's 'until_target' mode may run a different number of rounds at execution time)),,,f4343c314e5de5e01ee6970aaa14b5974c1b49ea,1f2680a5b9065e708a7497adc53a95b108029b98,3.13.14,2026-07-13T16:34:13.132399+00:00,F03_purification,INFEASIBLE_AND_REJECTED
F03_purification,F03_purification:linear_chain_2_repeaters:f2d6ab906f0361f5:shortest_hop_count__automatic__conservative_min:16:f03-2rep,linear_chain_2_repeaters,f2d6ab906f0361f5,16,f03-2rep,shortest_hop_count,automatic,False,,,10,10.0,0.65,conservative_min,,,,,0.1,1e-05,1000.0,-1.0,False,False,,REJECTED,,,,,,,,,,,0.000173,,,,,,,,no candidate route is feasible: a->r1->r2->b (min_fidelity 0.650 exceeds the achievable estimate 0.565 (one-round static estimate (BBPSSWCircuit.improved_fidelity); SeQUeNCe's 'until_target' mode may run a different number of rounds at execution time)),,,f4343c314e5de5e01ee6970aaa14b5974c1b49ea,1f2680a5b9065e708a7497adc53a95b108029b98,3.13.14,2026-07-13T16:34:13.134157+00:00,F03_purification,INFEASIBLE_AND_REJECTED
F03_purification,F03_purification:linear_chain_2_repeaters:f2d6ab906f0361f5:shortest_hop_count__automatic__conservative_min:17:f03-2rep,linear_chain_2_repeaters,f2d6ab906f0361f5,17,f03-2rep,shortest_hop_count,automatic,False,,,10,10.0,0.65,conservative_min,,,,,0.1,1e-05,1000.0,-1.0,False,False,,REJECTED,,,,,,,,,,,0.000169,,,,,,,,no candidate route is feasible: a->r1->r2->b (min_fidelity 0.650 exceeds the achievable estimate 0.565 (one-round static estimate (BBPSSWCircuit.improved_fidelity); SeQUeNCe's 'until_target' mode may run a different number of rounds at execution time)),,,f4343c314e5de5e01ee6970aaa14b5974c1b49ea,1f2680a5b9065e708a7497adc53a95b108029b98,3.13.14,2026-07-13T16:34:13.136088+00:00,F03_purification,INFEASIBLE_AND_REJECTED
F03_purification,F03_purification:linear_chain_2_repeaters:f2d6ab906f0361f5:shortest_hop_count__automatic__conservative_min:18:f03-2rep,linear_chain_2_repeaters,f2d6ab906f0361f5,18,f03-2rep,shortest_hop_count,automatic,False,,,10,10.0,0.65,conservative_min,,,,,0.1,1e-05,1000.0,-1.0,False,False,,REJECTED,,,,,,,,,,,0.000161,,,,,,,,no candidate route is feasible: a->r1->r2->b (min_fidelity 0.650 exceeds the achievable estimate 0.565 (one-round static estimate (BBPSSWCircuit.improved_fidelity); SeQUeNCe's 'until_target' mode may run a different number of rounds at execution time)),,,f4343c314e5de5e01ee6970aaa14b5974c1b49ea,1f2680a5b9065e708a7497adc53a95b108029b98,3.13.14,2026-07-13T16:34:13.137828+00:00,F03_purification,INFEASIBLE_AND_REJECTED
F03_purification,F03_purification:linear_chain_2_repeaters:f2d6ab906f0361f5:shortest_hop_count__automatic__conservative_min:19:f03-2rep,linear_chain_2_repeaters,f2d6ab906f0361f5,19,f03-2rep,shortest_hop_count,automatic,False,,,10,10.0,0.65,conservative_min,,,,,0.1,1e-05,1000.0,-1.0,False,False,,REJECTED,,,,,,,,,,,0.000159,,,,,,,,no candidate route is feasible: a->r1->r2->b (min_fidelity 0.650 exceeds the achievable estimate 0.565 (one-round static estimate (BBPSSWCircuit.improved_fidelity); SeQUeNCe's 'until_target' mode may run a different number of rounds at execution time)),,,f4343c314e5de5e01ee6970aaa14b5974c1b49ea,1f2680a5b9065e708a7497adc53a95b108029b98,3.13.14,2026-07-13T16:34:13.139439+00:00,F03_purification,INFEASIBLE_AND_REJECTED
F03_purification,F03_purification:linear_chain_2_repeaters:f8b8bd58f62cc8e6:shortest_hop_count__disabled__conservative_min:0:f03-2rep,linear_chain_2_repeaters,f8b8bd58f62cc8e6,0,f03-2rep,shortest_hop_count,disabled,False,,,10,10.0,0.7,conservative_min,,,,,0.1,1e-05,1000.0,-1.0,False,False,,REJECTED,,,,,,,,,,,0.000157,,,,,,,,no candidate route is feasible: a->r1->r2->b (min_fidelity 0.700 exceeds the achievable estimate 0.554 (never-purify baseline strategy)),,,f4343c314e5de5e01ee6970aaa14b5974c1b49ea,1f2680a5b9065e708a7497adc53a95b108029b98,3.13.14,2026-07-13T16:34:13.141115+00:00,F03_purification,INFEASIBLE_AND_REJECTED
F03_purification,F03_purification:linear_chain_2_repeaters:f8b8bd58f62cc8e6:shortest_hop_count__disabled__conservative_min:1:f03-2rep,linear_chain_2_repeaters,f8b8bd58f62cc8e6,1,f03-2rep,shortest_hop_count,disabled,False,,,10,10.0,0.7,conservative_min,,,,,0.1,1e-05,1000.0,-1.0,False,False,,REJECTED,,,,,,,,,,,0.000158,,,,,,,,no candidate route is feasible: a->r1->r2->b (min_fidelity 0.700 exceeds the achievable estimate 0.554 (never-purify baseline strategy)),,,f4343c314e5de5e01ee6970aaa14b5974c1b49ea,1f2680a5b9065e708a7497adc53a95b108029b98,3.13.14,2026-07-13T16:34:13.142770+00:00,F03_purification,INFEASIBLE_AND_REJECTED
F03_purification,F03_purification:linear_chain_2_repeaters:f8b8bd58f62cc8e6:shortest_hop_count__disabled__conservative_min:2:f03-2rep,linear_chain_2_repeaters,f8b8bd58f62cc8e6,2,f03-2rep,shortest_hop_count,disabled,False,,,10,10.0,0.7,conservative_min,,,,,0.1,1e-05,1000.0,-1.0,False,False,,REJECTED,,,,,,,,,,,0.000155,,,,,,,,no candidate route is feasible: a->r1->r2->b (min_fidelity 0.700 exceeds the achievable estimate 0.554 (never-purify baseline strategy)),,,f4343c314e5de5e01ee6970aaa14b5974c1b49ea,1f2680a5b9065e708a7497adc53a95b108029b98,3.13.14,2026-07-13T16:34:13.144384+00:00,F03_purification,INFEASIBLE_AND_REJECTED
F03_purification,F03_purification:linear_chain_2_repeaters:f8b8bd58f62cc8e6:shortest_hop_count__disabled__conservative_min:3:f03-2rep,linear_chain_2_repeaters,f8b8bd58f62cc8e6,3,f03-2rep,shortest_hop_count,disabled,False,,,10,10.0,0.7,conservative_min,,,,,0.1,1e-05,1000.0,-1.0,False,False,,REJECTED,,,,,,,,,,,0.000154,,,,,,,,no candidate route is feasible: a->r1->r2->b (min_fidelity 0.700 exceeds the achievable estimate 0.554 (never-purify baseline strategy)),,,f4343c314e5de5e01ee6970aaa14b5974c1b49ea,1f2680a5b9065e708a7497adc53a95b108029b98,3.13.14,2026-07-13T16:34:13.145966+00:00,F03_purification,INFEASIBLE_AND_REJECTED
F03_purification,F03_purification:linear_chain_2_repeaters:f8b8bd58f62cc8e6:shortest_hop_count__disabled__conservative_min:4:f03-2rep,linear_chain_2_repeaters,f8b8bd58f62cc8e6,4,f03-2rep,shortest_hop_count,disabled,False,,,10,10.0,0.7,conservative_min,,,,,0.1,1e-05,1000.0,-1.0,False,False,,REJECTED,,,,,,,,,,,0.000151,,,,,,,,no candidate route is feasible: a->r1->r2->b (min_fidelity 0.700 exceeds the achievable estimate 0.554 (never-purify baseline strategy)),,,f4343c314e5de5e01ee6970aaa14b5974c1b49ea,1f2680a5b9065e708a7497adc53a95b108029b98,3.13.14,2026-07-13T16:34:13.147734+00:00,F03_purification,INFEASIBLE_AND_REJECTED
F03_purification,F03_purification:linear_chain_2_repeaters:f8b8bd58f62cc8e6:shortest_hop_count__disabled__conservative_min:5:f03-2rep,linear_chain_2_repeaters,f8b8bd58f62cc8e6,5,f03-2rep,shortest_hop_count,disabled,False,,,10,10.0,0.7,conservative_min,,,,,0.1,1e-05,1000.0,-1.0,False,False,,REJECTED,,,,,,,,,,,0.000167,,,,,,,,no candidate route is feasible: a->r1->r2->b (min_fidelity 0.700 exceeds the achievable estimate 0.554 (never-purify baseline strategy)),,,f4343c314e5de5e01ee6970aaa14b5974c1b49ea,1f2680a5b9065e708a7497adc53a95b108029b98,3.13.14,2026-07-13T16:34:13.149461+00:00,F03_purification,INFEASIBLE_AND_REJECTED
F03_purification,F03_purification:linear_chain_2_repeaters:f8b8bd58f62cc8e6:shortest_hop_count__disabled__conservative_min:6:f03-2rep,linear_chain_2_repeaters,f8b8bd58f62cc8e6,6,f03-2rep,shortest_hop_count,disabled,False,,,10,10.0,0.7,conservative_min,,,,,0.1,1e-05,1000.0,-1.0,False,False,,REJECTED,,,,,,,,,,,0.000198,,,,,,,,no candidate route is feasible: a->r1->r2->b (min_fidelity 0.700 exceeds the achievable estimate 0.554 (never-purify baseline strategy)),,,f4343c314e5de5e01ee6970aaa14b5974c1b49ea,1f2680a5b9065e708a7497adc53a95b108029b98,3.13.14,2026-07-13T16:34:13.151370+00:00,F03_purification,INFEASIBLE_AND_REJECTED
F03_purification,F03_purification:linear_chain_2_repeaters:f8b8bd58f62cc8e6:shortest_hop_count__disabled__conservative_min:7:f03-2rep,linear_chain_2_repeaters,f8b8bd58f62cc8e6,7,f03-2rep,shortest_hop_count,disabled,False,,,10,10.0,0.7,conservative_min,,,,,0.1,1e-05,1000.0,-1.0,False,False,,REJECTED,,,,,,,,,,,0.000184,,,,,,,,no candidate route is feasible: a->r1->r2->b (min_fidelity 0.700 exceeds the achievable estimate 0.554 (never-purify baseline strategy)),,,f4343c314e5de5e01ee6970aaa14b5974c1b49ea,1f2680a5b9065e708a7497adc53a95b108029b98,3.13.14,2026-07-13T16:34:13.153268+00:00,F03_purification,INFEASIBLE_AND_REJECTED
F03_purification,F03_purification:linear_chain_2_repeaters:f8b8bd58f62cc8e6:shortest_hop_count__disabled__conservative_min:8:f03-2rep,linear_chain_2_repeaters,f8b8bd58f62cc8e6,8,f03-2rep,shortest_hop_count,disabled,False,,,10,10.0,0.7,conservative_min,,,,,0.1,1e-05,1000.0,-1.0,False,False,,REJECTED,,,,,,,,,,,0.000166,,,,,,,,no candidate route is feasible: a->r1->r2->b (min_fidelity 0.700 exceeds the achievable estimate 0.554 (never-purify baseline strategy)),,,f4343c314e5de5e01ee6970aaa14b5974c1b49ea,1f2680a5b9065e708a7497adc53a95b108029b98,3.13.14,2026-07-13T16:34:13.154990+00:00,F03_purification,INFEASIBLE_AND_REJECTED
F03_purification,F03_purification:linear_chain_2_repeaters:f8b8bd58f62cc8e6:shortest_hop_count__disabled__conservative_min:9:f03-2rep,linear_chain_2_repeaters,f8b8bd58f62cc8e6,9,f03-2rep,shortest_hop_count,disabled,False,,,10,10.0,0.7,conservative_min,,,,,0.1,1e-05,1000.0,-1.0,False,False,,REJECTED,,,,,,,,,,,0.000171,,,,,,,,no candidate route is feasible: a->r1->r2->b (min_fidelity 0.700 exceeds the achievable estimate 0.554 (never-purify baseline strategy)),,,f4343c314e5de5e01ee6970aaa14b5974c1b49ea,1f2680a5b9065e708a7497adc53a95b108029b98,3.13.14,2026-07-13T16:34:13.156846+00:00,F03_purification,INFEASIBLE_AND_REJECTED
F03_purification,F03_purification:linear_chain_2_repeaters:f8b8bd58f62cc8e6:shortest_hop_count__disabled__conservative_min:10:f03-2rep,linear_chain_2_repeaters,f8b8bd58f62cc8e6,10,f03-2rep,shortest_hop_count,disabled,False,,,10,10.0,0.7,conservative_min,,,,,0.1,1e-05,1000.0,-1.0,False,False,,REJECTED,,,,,,,,,,,0.000169,,,,,,,,no candidate route is feasible: a->r1->r2->b (min_fidelity 0.700 exceeds the achievable estimate 0.554 (never-purify baseline strategy)),,,f4343c314e5de5e01ee6970aaa14b5974c1b49ea,1f2680a5b9065e708a7497adc53a95b108029b98,3.13.14,2026-07-13T16:34:13.158588+00:00,F03_purification,INFEASIBLE_AND_REJECTED
F03_purification,F03_purification:linear_chain_2_repeaters:f8b8bd58f62cc8e6:shortest_hop_count__disabled__conservative_min:11:f03-2rep,linear_chain_2_repeaters,f8b8bd58f62cc8e6,11,f03-2rep,shortest_hop_count,disabled,False,,,10,10.0,0.7,conservative_min,,,,,0.1,1e-05,1000.0,-1.0,False,False,,REJECTED,,,,,,,,,,,0.000163,,,,,,,,no candidate route is feasible: a->r1->r2->b (min_fidelity 0.700 exceeds the achievable estimate 0.554 (never-purify baseline strategy)),,,f4343c314e5de5e01ee6970aaa14b5974c1b49ea,1f2680a5b9065e708a7497adc53a95b108029b98,3.13.14,2026-07-13T16:34:13.160304+00:00,F03_purification,INFEASIBLE_AND_REJECTED
F03_purification,F03_purification:linear_chain_2_repeaters:f8b8bd58f62cc8e6:shortest_hop_count__disabled__conservative_min:12:f03-2rep,linear_chain_2_repeaters,f8b8bd58f62cc8e6,12,f03-2rep,shortest_hop_count,disabled,False,,,10,10.0,0.7,conservative_min,,,,,0.1,1e-05,1000.0,-1.0,False,False,,REJECTED,,,,,,,,,,,0.000164,,,,,,,,no candidate route is feasible: a->r1->r2->b (min_fidelity 0.700 exceeds the achievable estimate 0.554 (never-purify baseline strategy)),,,f4343c314e5de5e01ee6970aaa14b5974c1b49ea,1f2680a5b9065e708a7497adc53a95b108029b98,3.13.14,2026-07-13T16:34:13.162034+00:00,F03_purification,INFEASIBLE_AND_REJECTED
F03_purification,F03_purification:linear_chain_2_repeaters:f8b8bd58f62cc8e6:shortest_hop_count__disabled__conservative_min:13:f03-2rep,linear_chain_2_repeaters,f8b8bd58f62cc8e6,13,f03-2rep,shortest_hop_count,disabled,False,,,10,10.0,0.7,conservative_min,,,,,0.1,1e-05,1000.0,-1.0,False,False,,REJECTED,,,,,,,,,,,0.000164,,,,,,,,no candidate route is feasible: a->r1->r2->b (min_fidelity 0.700 exceeds the achievable estimate 0.554 (never-purify baseline strategy)),,,f4343c314e5de5e01ee6970aaa14b5974c1b49ea,1f2680a5b9065e708a7497adc53a95b108029b98,3.13.14,2026-07-13T16:34:13.163734+00:00,F03_purification,INFEASIBLE_AND_REJECTED
F03_purification,F03_purification:linear_chain_2_repeaters:f8b8bd58f62cc8e6:shortest_hop_count__disabled__conservative_min:14:f03-2rep,linear_chain_2_repeaters,f8b8bd58f62cc8e6,14,f03-2rep,shortest_hop_count,disabled,False,,,10,10.0,0.7,conservative_min,,,,,0.1,1e-05,1000.0,-1.0,False,False,,REJECTED,,,,,,,,,,,0.000176,,,,,,,,no candidate route is feasible: a->r1->r2->b (min_fidelity 0.700 exceeds the achievable estimate 0.554 (never-purify baseline strategy)),,,f4343c314e5de5e01ee6970aaa14b5974c1b49ea,1f2680a5b9065e708a7497adc53a95b108029b98,3.13.14,2026-07-13T16:34:13.166144+00:00,F03_purification,INFEASIBLE_AND_REJECTED
F03_purification,F03_purification:linear_chain_2_repeaters:f8b8bd58f62cc8e6:shortest_hop_count__disabled__conservative_min:15:f03-2rep,linear_chain_2_repeaters,f8b8bd58f62cc8e6,15,f03-2rep,shortest_hop_count,disabled,False,,,10,10.0,0.7,conservative_min,,,,,0.1,1e-05,1000.0,-1.0,False,False,,REJECTED,,,,,,,,,,,0.000195,,,,,,,,no candidate route is feasible: a->r1->r2->b (min_fidelity 0.700 exceeds the achievable estimate 0.554 (never-purify baseline strategy)),,,f4343c314e5de5e01ee6970aaa14b5974c1b49ea,1f2680a5b9065e708a7497adc53a95b108029b98,3.13.14,2026-07-13T16:34:13.167968+00:00,F03_purification,INFEASIBLE_AND_REJECTED
F03_purification,F03_purification:linear_chain_2_repeaters:f8b8bd58f62cc8e6:shortest_hop_count__disabled__conservative_min:16:f03-2rep,linear_chain_2_repeaters,f8b8bd58f62cc8e6,16,f03-2rep,shortest_hop_count,disabled,False,,,10,10.0,0.7,conservative_min,,,,,0.1,1e-05,1000.0,-1.0,False,False,,REJECTED,,,,,,,,,,,0.000177,,,,,,,,no candidate route is feasible: a->r1->r2->b (min_fidelity 0.700 exceeds the achievable estimate 0.554 (never-purify baseline strategy)),,,f4343c314e5de5e01ee6970aaa14b5974c1b49ea,1f2680a5b9065e708a7497adc53a95b108029b98,3.13.14,2026-07-13T16:34:13.169824+00:00,F03_purification,INFEASIBLE_AND_REJECTED
F03_purification,F03_purification:linear_chain_2_repeaters:f8b8bd58f62cc8e6:shortest_hop_count__disabled__conservative_min:17:f03-2rep,linear_chain_2_repeaters,f8b8bd58f62cc8e6,17,f03-2rep,shortest_hop_count,disabled,False,,,10,10.0,0.7,conservative_min,,,,,0.1,1e-05,1000.0,-1.0,False,False,,REJECTED,,,,,,,,,,,0.000165,,,,,,,,no candidate route is feasible: a->r1->r2->b (min_fidelity 0.700 exceeds the achievable estimate 0.554 (never-purify baseline strategy)),,,f4343c314e5de5e01ee6970aaa14b5974c1b49ea,1f2680a5b9065e708a7497adc53a95b108029b98,3.13.14,2026-07-13T16:34:13.171574+00:00,F03_purification,INFEASIBLE_AND_REJECTED
F03_purification,F03_purification:linear_chain_2_repeaters:f8b8bd58f62cc8e6:shortest_hop_count__disabled__conservative_min:18:f03-2rep,linear_chain_2_repeaters,f8b8bd58f62cc8e6,18,f03-2rep,shortest_hop_count,disabled,False,,,10,10.0,0.7,conservative_min,,,,,0.1,1e-05,1000.0,-1.0,False,False,,REJECTED,,,,,,,,,,,0.000168,,,,,,,,no candidate route is feasible: a->r1->r2->b (min_fidelity 0.700 exceeds the achievable estimate 0.554 (never-purify baseline strategy)),,,f4343c314e5de5e01ee6970aaa14b5974c1b49ea,1f2680a5b9065e708a7497adc53a95b108029b98,3.13.14,2026-07-13T16:34:13.173285+00:00,F03_purification,INFEASIBLE_AND_REJECTED
F03_purification,F03_purification:linear_chain_2_repeaters:f8b8bd58f62cc8e6:shortest_hop_count__disabled__conservative_min:19:f03-2rep,linear_chain_2_repeaters,f8b8bd58f62cc8e6,19,f03-2rep,shortest_hop_count,disabled,False,,,10,10.0,0.7,conservative_min,,,,,0.1,1e-05,1000.0,-1.0,False,False,,REJECTED,,,,,,,,,,,0.000168,,,,,,,,no candidate route is feasible: a->r1->r2->b (min_fidelity 0.700 exceeds the achievable estimate 0.554 (never-purify baseline strategy)),,,f4343c314e5de5e01ee6970aaa14b5974c1b49ea,1f2680a5b9065e708a7497adc53a95b108029b98,3.13.14,2026-07-13T16:34:13.175165+00:00,F03_purification,INFEASIBLE_AND_REJECTED
F03_purification,F03_purification:linear_chain_2_repeaters:0f5413b6b0f6d3cc:shortest_hop_count__automatic__conservative_min:0:f03-2rep,linear_chain_2_repeaters,0f5413b6b0f6d3cc,0,f03-2rep,shortest_hop_count,automatic,False,,,10,10.0,0.7,conservative_min,,,,,0.1,1e-05,1000.0,-1.0,False,False,,REJECTED,,,,,,,,,,,0.000176,,,,,,,,no candidate route is feasible: a->r1->r2->b (min_fidelity 0.700 exceeds the achievable estimate 0.565 (one-round static estimate (BBPSSWCircuit.improved_fidelity); SeQUeNCe's 'until_target' mode may run a different number of rounds at execution time)),,,f4343c314e5de5e01ee6970aaa14b5974c1b49ea,1f2680a5b9065e708a7497adc53a95b108029b98,3.13.14,2026-07-13T16:34:13.177099+00:00,F03_purification,INFEASIBLE_AND_REJECTED
F03_purification,F03_purification:linear_chain_2_repeaters:0f5413b6b0f6d3cc:shortest_hop_count__automatic__conservative_min:1:f03-2rep,linear_chain_2_repeaters,0f5413b6b0f6d3cc,1,f03-2rep,shortest_hop_count,automatic,False,,,10,10.0,0.7,conservative_min,,,,,0.1,1e-05,1000.0,-1.0,False,False,,REJECTED,,,,,,,,,,,0.000172,,,,,,,,no candidate route is feasible: a->r1->r2->b (min_fidelity 0.700 exceeds the achievable estimate 0.565 (one-round static estimate (BBPSSWCircuit.improved_fidelity); SeQUeNCe's 'until_target' mode may run a different number of rounds at execution time)),,,f4343c314e5de5e01ee6970aaa14b5974c1b49ea,1f2680a5b9065e708a7497adc53a95b108029b98,3.13.14,2026-07-13T16:34:13.178812+00:00,F03_purification,INFEASIBLE_AND_REJECTED
F03_purification,F03_purification:linear_chain_2_repeaters:0f5413b6b0f6d3cc:shortest_hop_count__automatic__conservative_min:2:f03-2rep,linear_chain_2_repeaters,0f5413b6b0f6d3cc,2,f03-2rep,shortest_hop_count,automatic,False,,,10,10.0,0.7,conservative_min,,,,,0.1,1e-05,1000.0,-1.0,False,False,,REJECTED,,,,,,,,,,,0.000169,,,,,,,,no candidate route is feasible: a->r1->r2->b (min_fidelity 0.700 exceeds the achievable estimate 0.565 (one-round static estimate (BBPSSWCircuit.improved_fidelity); SeQUeNCe's 'until_target' mode may run a different number of rounds at execution time)),,,f4343c314e5de5e01ee6970aaa14b5974c1b49ea,1f2680a5b9065e708a7497adc53a95b108029b98,3.13.14,2026-07-13T16:34:13.180491+00:00,F03_purification,INFEASIBLE_AND_REJECTED
F03_purification,F03_purification:linear_chain_2_repeaters:0f5413b6b0f6d3cc:shortest_hop_count__automatic__conservative_min:3:f03-2rep,linear_chain_2_repeaters,0f5413b6b0f6d3cc,3,f03-2rep,shortest_hop_count,automatic,False,,,10,10.0,0.7,conservative_min,,,,,0.1,1e-05,1000.0,-1.0,False,False,,REJECTED,,,,,,,,,,,0.000169,,,,,,,,no candidate route is feasible: a->r1->r2->b (min_fidelity 0.700 exceeds the achievable estimate 0.565 (one-round static estimate (BBPSSWCircuit.improved_fidelity); SeQUeNCe's 'until_target' mode may run a different number of rounds at execution time)),,,f4343c314e5de5e01ee6970aaa14b5974c1b49ea,1f2680a5b9065e708a7497adc53a95b108029b98,3.13.14,2026-07-13T16:34:13.182264+00:00,F03_purification,INFEASIBLE_AND_REJECTED
F03_purification,F03_purification:linear_chain_2_repeaters:0f5413b6b0f6d3cc:shortest_hop_count__automatic__conservative_min:4:f03-2rep,linear_chain_2_repeaters,0f5413b6b0f6d3cc,4,f03-2rep,shortest_hop_count,automatic,False,,,10,10.0,0.7,conservative_min,,,,,0.1,1e-05,1000.0,-1.0,False,False,,REJECTED,,,,,,,,,,,0.000174,,,,,,,,no candidate route is feasible: a->r1->r2->b (min_fidelity 0.700 exceeds the achievable estimate 0.565 (one-round static estimate (BBPSSWCircuit.improved_fidelity); SeQUeNCe's 'until_target' mode may run a different number of rounds at execution time)),,,f4343c314e5de5e01ee6970aaa14b5974c1b49ea,1f2680a5b9065e708a7497adc53a95b108029b98,3.13.14,2026-07-13T16:34:13.183947+00:00,F03_purification,INFEASIBLE_AND_REJECTED
F03_purification,F03_purification:linear_chain_2_repeaters:0f5413b6b0f6d3cc:shortest_hop_count__automatic__conservative_min:5:f03-2rep,linear_chain_2_repeaters,0f5413b6b0f6d3cc,5,f03-2rep,shortest_hop_count,automatic,False,,,10,10.0,0.7,conservative_min,,,,,0.1,1e-05,1000.0,-1.0,False,False,,REJECTED,,,,,,,,,,,0.000199,,,,,,,,no candidate route is feasible: a->r1->r2->b (min_fidelity 0.700 exceeds the achievable estimate 0.565 (one-round static estimate (BBPSSWCircuit.improved_fidelity); SeQUeNCe's 'until_target' mode may run a different number of rounds at execution time)),,,f4343c314e5de5e01ee6970aaa14b5974c1b49ea,1f2680a5b9065e708a7497adc53a95b108029b98,3.13.14,2026-07-13T16:34:13.185749+00:00,F03_purification,INFEASIBLE_AND_REJECTED
F03_purification,F03_purification:linear_chain_2_repeaters:0f5413b6b0f6d3cc:shortest_hop_count__automatic__conservative_min:6:f03-2rep,linear_chain_2_repeaters,0f5413b6b0f6d3cc,6,f03-2rep,shortest_hop_count,automatic,False,,,10,10.0,0.7,conservative_min,,,,,0.1,1e-05,1000.0,-1.0,False,False,,REJECTED,,,,,,,,,,,0.000226,,,,,,,,no candidate route is feasible: a->r1->r2->b (min_fidelity 0.700 exceeds the achievable estimate 0.565 (one-round static estimate (BBPSSWCircuit.improved_fidelity); SeQUeNCe's 'until_target' mode may run a different number of rounds at execution time)),,,f4343c314e5de5e01ee6970aaa14b5974c1b49ea,1f2680a5b9065e708a7497adc53a95b108029b98,3.13.14,2026-07-13T16:34:13.187726+00:00,F03_purification,INFEASIBLE_AND_REJECTED
F03_purification,F03_purification:linear_chain_2_repeaters:0f5413b6b0f6d3cc:shortest_hop_count__automatic__conservative_min:7:f03-2rep,linear_chain_2_repeaters,0f5413b6b0f6d3cc,7,f03-2rep,shortest_hop_count,automatic,False,,,10,10.0,0.7,conservative_min,,,,,0.1,1e-05,1000.0,-1.0,False,False,,REJECTED,,,,,,,,,,,0.000238,,,,,,,,no candidate route is feasible: a->r1->r2->b (min_fidelity 0.700 exceeds the achievable estimate 0.565 (one-round static estimate (BBPSSWCircuit.improved_fidelity); SeQUeNCe's 'until_target' mode may run a different number of rounds at execution time)),,,f4343c314e5de5e01ee6970aaa14b5974c1b49ea,1f2680a5b9065e708a7497adc53a95b108029b98,3.13.14,2026-07-13T16:34:13.189968+00:00,F03_purification,INFEASIBLE_AND_REJECTED
F03_purification,F03_purification:linear_chain_2_repeaters:0f5413b6b0f6d3cc:shortest_hop_count__automatic__conservative_min:8:f03-2rep,linear_chain_2_repeaters,0f5413b6b0f6d3cc,8,f03-2rep,shortest_hop_count,automatic,False,,,10,10.0,0.7,conservative_min,,,,,0.1,1e-05,1000.0,-1.0,False,False,,REJECTED,,,,,,,,,,,0.000269,,,,,,,,no candidate route is feasible: a->r1->r2->b (min_fidelity 0.700 exceeds the achievable estimate 0.565 (one-round static estimate (BBPSSWCircuit.improved_fidelity); SeQUeNCe's 'until_target' mode may run a different number of rounds at execution time)),,,f4343c314e5de5e01ee6970aaa14b5974c1b49ea,1f2680a5b9065e708a7497adc53a95b108029b98,3.13.14,2026-07-13T16:34:13.192185+00:00,F03_purification,INFEASIBLE_AND_REJECTED
F03_purification,F03_purification:linear_chain_2_repeaters:0f5413b6b0f6d3cc:shortest_hop_count__automatic__conservative_min:9:f03-2rep,linear_chain_2_repeaters,0f5413b6b0f6d3cc,9,f03-2rep,shortest_hop_count,automatic,False,,,10,10.0,0.7,conservative_min,,,,,0.1,1e-05,1000.0,-1.0,False,False,,REJECTED,,,,,,,,,,,0.000284,,,,,,,,no candidate route is feasible: a->r1->r2->b (min_fidelity 0.700 exceeds the achievable estimate 0.565 (one-round static estimate (BBPSSWCircuit.improved_fidelity); SeQUeNCe's 'until_target' mode may run a different number of rounds at execution time)),,,f4343c314e5de5e01ee6970aaa14b5974c1b49ea,1f2680a5b9065e708a7497adc53a95b108029b98,3.13.14,2026-07-13T16:34:13.194817+00:00,F03_purification,INFEASIBLE_AND_REJECTED
F03_purification,F03_purification:linear_chain_2_repeaters:0f5413b6b0f6d3cc:shortest_hop_count__automatic__conservative_min:10:f03-2rep,linear_chain_2_repeaters,0f5413b6b0f6d3cc,10,f03-2rep,shortest_hop_count,automatic,False,,,10,10.0,0.7,conservative_min,,,,,0.1,1e-05,1000.0,-1.0,False,False,,REJECTED,,,,,,,,,,,0.000221,,,,,,,,no candidate route is feasible: a->r1->r2->b (min_fidelity 0.700 exceeds the achievable estimate 0.565 (one-round static estimate (BBPSSWCircuit.improved_fidelity); SeQUeNCe's 'until_target' mode may run a different number of rounds at execution time)),,,f4343c314e5de5e01ee6970aaa14b5974c1b49ea,1f2680a5b9065e708a7497adc53a95b108029b98,3.13.14,2026-07-13T16:34:13.196799+00:00,F03_purification,INFEASIBLE_AND_REJECTED
F03_purification,F03_purification:linear_chain_2_repeaters:0f5413b6b0f6d3cc:shortest_hop_count__automatic__conservative_min:11:f03-2rep,linear_chain_2_repeaters,0f5413b6b0f6d3cc,11,f03-2rep,shortest_hop_count,automatic,False,,,10,10.0,0.7,conservative_min,,,,,0.1,1e-05,1000.0,-1.0,False,False,,REJECTED,,,,,,,,,,,0.000241,,,,,,,,no candidate route is feasible: a->r1->r2->b (min_fidelity 0.700 exceeds the achievable estimate 0.565 (one-round static estimate (BBPSSWCircuit.improved_fidelity); SeQUeNCe's 'until_target' mode may run a different number of rounds at execution time)),,,f4343c314e5de5e01ee6970aaa14b5974c1b49ea,1f2680a5b9065e708a7497adc53a95b108029b98,3.13.14,2026-07-13T16:34:13.198769+00:00,F03_purification,INFEASIBLE_AND_REJECTED
F03_purification,F03_purification:linear_chain_2_repeaters:0f5413b6b0f6d3cc:shortest_hop_count__automatic__conservative_min:12:f03-2rep,linear_chain_2_repeaters,0f5413b6b0f6d3cc,12,f03-2rep,shortest_hop_count,automatic,False,,,10,10.0,0.7,conservative_min,,,,,0.1,1e-05,1000.0,-1.0,False,False,,REJECTED,,,,,,,,,,,0.000253,,,,,,,,no candidate route is feasible: a->r1->r2->b (min_fidelity 0.700 exceeds the achievable estimate 0.565 (one-round static estimate (BBPSSWCircuit.improved_fidelity); SeQUeNCe's 'until_target' mode may run a different number of rounds at execution time)),,,f4343c314e5de5e01ee6970aaa14b5974c1b49ea,1f2680a5b9065e708a7497adc53a95b108029b98,3.13.14,2026-07-13T16:34:13.200814+00:00,F03_purification,INFEASIBLE_AND_REJECTED
F03_purification,F03_purification:linear_chain_2_repeaters:0f5413b6b0f6d3cc:shortest_hop_count__automatic__conservative_min:13:f03-2rep,linear_chain_2_repeaters,0f5413b6b0f6d3cc,13,f03-2rep,shortest_hop_count,automatic,False,,,10,10.0,0.7,conservative_min,,,,,0.1,1e-05,1000.0,-1.0,False,False,,REJECTED,,,,,,,,,,,0.000245,,,,,,,,no candidate route is feasible: a->r1->r2->b (min_fidelity 0.700 exceeds the achievable estimate 0.565 (one-round static estimate (BBPSSWCircuit.improved_fidelity); SeQUeNCe's 'until_target' mode may run a different number of rounds at execution time)),,,f4343c314e5de5e01ee6970aaa14b5974c1b49ea,1f2680a5b9065e708a7497adc53a95b108029b98,3.13.14,2026-07-13T16:34:13.202995+00:00,F03_purification,INFEASIBLE_AND_REJECTED
F03_purification,F03_purification:linear_chain_2_repeaters:0f5413b6b0f6d3cc:shortest_hop_count__automatic__conservative_min:14:f03-2rep,linear_chain_2_repeaters,0f5413b6b0f6d3cc,14,f03-2rep,shortest_hop_count,automatic,False,,,10,10.0,0.7,conservative_min,,,,,0.1,1e-05,1000.0,-1.0,False,False,,REJECTED,,,,,,,,,,,0.000243,,,,,,,,no candidate route is feasible: a->r1->r2->b (min_fidelity 0.700 exceeds the achievable estimate 0.565 (one-round static estimate (BBPSSWCircuit.improved_fidelity); SeQUeNCe's 'until_target' mode may run a different number of rounds at execution time)),,,f4343c314e5de5e01ee6970aaa14b5974c1b49ea,1f2680a5b9065e708a7497adc53a95b108029b98,3.13.14,2026-07-13T16:34:13.205239+00:00,F03_purification,INFEASIBLE_AND_REJECTED
F03_purification,F03_purification:linear_chain_2_repeaters:0f5413b6b0f6d3cc:shortest_hop_count__automatic__conservative_min:15:f03-2rep,linear_chain_2_repeaters,0f5413b6b0f6d3cc,15,f03-2rep,shortest_hop_count,automatic,False,,,10,10.0,0.7,conservative_min,,,,,0.1,1e-05,1000.0,-1.0,False,False,,REJECTED,,,,,,,,,,,0.00027,,,,,,,,no candidate route is feasible: a->r1->r2->b (min_fidelity 0.700 exceeds the achievable estimate 0.565 (one-round static estimate (BBPSSWCircuit.improved_fidelity); SeQUeNCe's 'until_target' mode may run a different number of rounds at execution time)),,,f4343c314e5de5e01ee6970aaa14b5974c1b49ea,1f2680a5b9065e708a7497adc53a95b108029b98,3.13.14,2026-07-13T16:34:13.207525+00:00,F03_purification,INFEASIBLE_AND_REJECTED
F03_purification,F03_purification:linear_chain_2_repeaters:0f5413b6b0f6d3cc:shortest_hop_count__automatic__conservative_min:16:f03-2rep,linear_chain_2_repeaters,0f5413b6b0f6d3cc,16,f03-2rep,shortest_hop_count,automatic,False,,,10,10.0,0.7,conservative_min,,,,,0.1,1e-05,1000.0,-1.0,False,False,,REJECTED,,,,,,,,,,,0.000321,,,,,,,,no candidate route is feasible: a->r1->r2->b (min_fidelity 0.700 exceeds the achievable estimate 0.565 (one-round static estimate (BBPSSWCircuit.improved_fidelity); SeQUeNCe's 'until_target' mode may run a different number of rounds at execution time)),,,f4343c314e5de5e01ee6970aaa14b5974c1b49ea,1f2680a5b9065e708a7497adc53a95b108029b98,3.13.14,2026-07-13T16:34:13.209885+00:00,F03_purification,INFEASIBLE_AND_REJECTED
F03_purification,F03_purification:linear_chain_2_repeaters:0f5413b6b0f6d3cc:shortest_hop_count__automatic__conservative_min:17:f03-2rep,linear_chain_2_repeaters,0f5413b6b0f6d3cc,17,f03-2rep,shortest_hop_count,automatic,False,,,10,10.0,0.7,conservative_min,,,,,0.1,1e-05,1000.0,-1.0,False,False,,REJECTED,,,,,,,,,,,0.00027,,,,,,,,no candidate route is feasible: a->r1->r2->b (min_fidelity 0.700 exceeds the achievable estimate 0.565 (one-round static estimate (BBPSSWCircuit.improved_fidelity); SeQUeNCe's 'until_target' mode may run a different number of rounds at execution time)),,,f4343c314e5de5e01ee6970aaa14b5974c1b49ea,1f2680a5b9065e708a7497adc53a95b108029b98,3.13.14,2026-07-13T16:34:13.212614+00:00,F03_purification,INFEASIBLE_AND_REJECTED
F03_purification,F03_purification:linear_chain_2_repeaters:0f5413b6b0f6d3cc:shortest_hop_count__automatic__conservative_min:18:f03-2rep,linear_chain_2_repeaters,0f5413b6b0f6d3cc,18,f03-2rep,shortest_hop_count,automatic,False,,,10,10.0,0.7,conservative_min,,,,,0.1,1e-05,1000.0,-1.0,False,False,,REJECTED,,,,,,,,,,,0.000213,,,,,,,,no candidate route is feasible: a->r1->r2->b (min_fidelity 0.700 exceeds the achievable estimate 0.565 (one-round static estimate (BBPSSWCircuit.improved_fidelity); SeQUeNCe's 'until_target' mode may run a different number of rounds at execution time)),,,f4343c314e5de5e01ee6970aaa14b5974c1b49ea,1f2680a5b9065e708a7497adc53a95b108029b98,3.13.14,2026-07-13T16:34:13.214589+00:00,F03_purification,INFEASIBLE_AND_REJECTED
F03_purification,F03_purification:linear_chain_2_repeaters:0f5413b6b0f6d3cc:shortest_hop_count__automatic__conservative_min:19:f03-2rep,linear_chain_2_repeaters,0f5413b6b0f6d3cc,19,f03-2rep,shortest_hop_count,automatic,False,,,10,10.0,0.7,conservative_min,,,,,0.1,1e-05,1000.0,-1.0,False,False,,REJECTED,,,,,,,,,,,0.000186,,,,,,,,no candidate route is feasible: a->r1->r2->b (min_fidelity 0.700 exceeds the achievable estimate 0.565 (one-round static estimate (BBPSSWCircuit.improved_fidelity); SeQUeNCe's 'until_target' mode may run a different number of rounds at execution time)),,,f4343c314e5de5e01ee6970aaa14b5974c1b49ea,1f2680a5b9065e708a7497adc53a95b108029b98,3.13.14,2026-07-13T16:34:13.216452+00:00,F03_purification,INFEASIBLE_AND_REJECTED
F03_purification,F03_purification:linear_chain_2_repeaters:2513568c9dc92590:shortest_hop_count__disabled__conservative_min:0:f03-2rep,linear_chain_2_repeaters,2513568c9dc92590,0,f03-2rep,shortest_hop_count,disabled,False,,,10,10.0,0.72,conservative_min,,,,,0.1,1e-05,1000.0,-1.0,False,False,,REJECTED,,,,,,,,,,,0.00021,,,,,,,,no candidate route is feasible: a->r1->r2->b (min_fidelity 0.720 exceeds the achievable estimate 0.554 (never-purify baseline strategy)),,,f4343c314e5de5e01ee6970aaa14b5974c1b49ea,1f2680a5b9065e708a7497adc53a95b108029b98,3.13.14,2026-07-13T16:34:13.218410+00:00,F03_purification,INFEASIBLE_AND_REJECTED
F03_purification,F03_purification:linear_chain_2_repeaters:2513568c9dc92590:shortest_hop_count__disabled__conservative_min:1:f03-2rep,linear_chain_2_repeaters,2513568c9dc92590,1,f03-2rep,shortest_hop_count,disabled,False,,,10,10.0,0.72,conservative_min,,,,,0.1,1e-05,1000.0,-1.0,False,False,,REJECTED,,,,,,,,,,,0.000239,,,,,,,,no candidate route is feasible: a->r1->r2->b (min_fidelity 0.720 exceeds the achievable estimate 0.554 (never-purify baseline strategy)),,,f4343c314e5de5e01ee6970aaa14b5974c1b49ea,1f2680a5b9065e708a7497adc53a95b108029b98,3.13.14,2026-07-13T16:34:13.220581+00:00,F03_purification,INFEASIBLE_AND_REJECTED
F03_purification,F03_purification:linear_chain_2_repeaters:2513568c9dc92590:shortest_hop_count__disabled__conservative_min:2:f03-2rep,linear_chain_2_repeaters,2513568c9dc92590,2,f03-2rep,shortest_hop_count,disabled,False,,,10,10.0,0.72,conservative_min,,,,,0.1,1e-05,1000.0,-1.0,False,False,,REJECTED,,,,,,,,,,,0.000243,,,,,,,,no candidate route is feasible: a->r1->r2->b (min_fidelity 0.720 exceeds the achievable estimate 0.554 (never-purify baseline strategy)),,,f4343c314e5de5e01ee6970aaa14b5974c1b49ea,1f2680a5b9065e708a7497adc53a95b108029b98,3.13.14,2026-07-13T16:34:13.222798+00:00,F03_purification,INFEASIBLE_AND_REJECTED
F03_purification,F03_purification:linear_chain_2_repeaters:2513568c9dc92590:shortest_hop_count__disabled__conservative_min:3:f03-2rep,linear_chain_2_repeaters,2513568c9dc92590,3,f03-2rep,shortest_hop_count,disabled,False,,,10,10.0,0.72,conservative_min,,,,,0.1,1e-05,1000.0,-1.0,False,False,,REJECTED,,,,,,,,,,,0.000297,,,,,,,,no candidate route is feasible: a->r1->r2->b (min_fidelity 0.720 exceeds the achievable estimate 0.554 (never-purify baseline strategy)),,,f4343c314e5de5e01ee6970aaa14b5974c1b49ea,1f2680a5b9065e708a7497adc53a95b108029b98,3.13.14,2026-07-13T16:34:13.225027+00:00,F03_purification,INFEASIBLE_AND_REJECTED
F03_purification,F03_purification:linear_chain_2_repeaters:2513568c9dc92590:shortest_hop_count__disabled__conservative_min:4:f03-2rep,linear_chain_2_repeaters,2513568c9dc92590,4,f03-2rep,shortest_hop_count,disabled,False,,,10,10.0,0.72,conservative_min,,,,,0.1,1e-05,1000.0,-1.0,False,False,,REJECTED,,,,,,,,,,,0.00027,,,,,,,,no candidate route is feasible: a->r1->r2->b (min_fidelity 0.720 exceeds the achievable estimate 0.554 (never-purify baseline strategy)),,,f4343c314e5de5e01ee6970aaa14b5974c1b49ea,1f2680a5b9065e708a7497adc53a95b108029b98,3.13.14,2026-07-13T16:34:13.227521+00:00,F03_purification,INFEASIBLE_AND_REJECTED
F03_purification,F03_purification:linear_chain_2_repeaters:2513568c9dc92590:shortest_hop_count__disabled__conservative_min:5:f03-2rep,linear_chain_2_repeaters,2513568c9dc92590,5,f03-2rep,shortest_hop_count,disabled,False,,,10,10.0,0.72,conservative_min,,,,,0.1,1e-05,1000.0,-1.0,False,False,,REJECTED,,,,,,,,,,,0.000262,,,,,,,,no candidate route is feasible: a->r1->r2->b (min_fidelity 0.720 exceeds the achievable estimate 0.554 (never-purify baseline strategy)),,,f4343c314e5de5e01ee6970aaa14b5974c1b49ea,1f2680a5b9065e708a7497adc53a95b108029b98,3.13.14,2026-07-13T16:34:13.229932+00:00,F03_purification,INFEASIBLE_AND_REJECTED
F03_purification,F03_purification:linear_chain_2_repeaters:2513568c9dc92590:shortest_hop_count__disabled__conservative_min:6:f03-2rep,linear_chain_2_repeaters,2513568c9dc92590,6,f03-2rep,shortest_hop_count,disabled,False,,,10,10.0,0.72,conservative_min,,,,,0.1,1e-05,1000.0,-1.0,False,False,,REJECTED,,,,,,,,,,,0.000222,,,,,,,,no candidate route is feasible: a->r1->r2->b (min_fidelity 0.720 exceeds the achievable estimate 0.554 (never-purify baseline strategy)),,,f4343c314e5de5e01ee6970aaa14b5974c1b49ea,1f2680a5b9065e708a7497adc53a95b108029b98,3.13.14,2026-07-13T16:34:13.232018+00:00,F03_purification,INFEASIBLE_AND_REJECTED
F03_purification,F03_purification:linear_chain_2_repeaters:2513568c9dc92590:shortest_hop_count__disabled__conservative_min:7:f03-2rep,linear_chain_2_repeaters,2513568c9dc92590,7,f03-2rep,shortest_hop_count,disabled,False,,,10,10.0,0.72,conservative_min,,,,,0.1,1e-05,1000.0,-1.0,False,False,,REJECTED,,,,,,,,,,,0.00024,,,,,,,,no candidate route is feasible: a->r1->r2->b (min_fidelity 0.720 exceeds the achievable estimate 0.554 (never-purify baseline strategy)),,,f4343c314e5de5e01ee6970aaa14b5974c1b49ea,1f2680a5b9065e708a7497adc53a95b108029b98,3.13.14,2026-07-13T16:34:13.234247+00:00,F03_purification,INFEASIBLE_AND_REJECTED
F03_purification,F03_purification:linear_chain_2_repeaters:2513568c9dc92590:shortest_hop_count__disabled__conservative_min:8:f03-2rep,linear_chain_2_repeaters,2513568c9dc92590,8,f03-2rep,shortest_hop_count,disabled,False,,,10,10.0,0.72,conservative_min,,,,,0.1,1e-05,1000.0,-1.0,False,False,,REJECTED,,,,,,,,,,,0.000293,,,,,,,,no candidate route is feasible: a->r1->r2->b (min_fidelity 0.720 exceeds the achievable estimate 0.554 (never-purify baseline strategy)),,,f4343c314e5de5e01ee6970aaa14b5974c1b49ea,1f2680a5b9065e708a7497adc53a95b108029b98,3.13.14,2026-07-13T16:34:13.236549+00:00,F03_purification,INFEASIBLE_AND_REJECTED
F03_purification,F03_purification:linear_chain_2_repeaters:2513568c9dc92590:shortest_hop_count__disabled__conservative_min:9:f03-2rep,linear_chain_2_repeaters,2513568c9dc92590,9,f03-2rep,shortest_hop_count,disabled,False,,,10,10.0,0.72,conservative_min,,,,,0.1,1e-05,1000.0,-1.0,False,False,,REJECTED,,,,,,,,,,,0.000277,,,,,,,,no candidate route is feasible: a->r1->r2->b (min_fidelity 0.720 exceeds the achievable estimate 0.554 (never-purify baseline strategy)),,,f4343c314e5de5e01ee6970aaa14b5974c1b49ea,1f2680a5b9065e708a7497adc53a95b108029b98,3.13.14,2026-07-13T16:34:13.238963+00:00,F03_purification,INFEASIBLE_AND_REJECTED
F03_purification,F03_purification:linear_chain_2_repeaters:2513568c9dc92590:shortest_hop_count__disabled__conservative_min:10:f03-2rep,linear_chain_2_repeaters,2513568c9dc92590,10,f03-2rep,shortest_hop_count,disabled,False,,,10,10.0,0.72,conservative_min,,,,,0.1,1e-05,1000.0,-1.0,False,False,,REJECTED,,,,,,,,,,,0.000269,,,,,,,,no candidate route is feasible: a->r1->r2->b (min_fidelity 0.720 exceeds the achievable estimate 0.554 (never-purify baseline strategy)),,,f4343c314e5de5e01ee6970aaa14b5974c1b49ea,1f2680a5b9065e708a7497adc53a95b108029b98,3.13.14,2026-07-13T16:34:13.241238+00:00,F03_purification,INFEASIBLE_AND_REJECTED
F03_purification,F03_purification:linear_chain_2_repeaters:2513568c9dc92590:shortest_hop_count__disabled__conservative_min:11:f03-2rep,linear_chain_2_repeaters,2513568c9dc92590,11,f03-2rep,shortest_hop_count,disabled,False,,,10,10.0,0.72,conservative_min,,,,,0.1,1e-05,1000.0,-1.0,False,False,,REJECTED,,,,,,,,,,,0.000301,,,,,,,,no candidate route is feasible: a->r1->r2->b (min_fidelity 0.720 exceeds the achievable estimate 0.554 (never-purify baseline strategy)),,,f4343c314e5de5e01ee6970aaa14b5974c1b49ea,1f2680a5b9065e708a7497adc53a95b108029b98,3.13.14,2026-07-13T16:34:13.244072+00:00,F03_purification,INFEASIBLE_AND_REJECTED
F03_purification,F03_purification:linear_chain_2_repeaters:2513568c9dc92590:shortest_hop_count__disabled__conservative_min:12:f03-2rep,linear_chain_2_repeaters,2513568c9dc92590,12,f03-2rep,shortest_hop_count,disabled,False,,,10,10.0,0.72,conservative_min,,,,,0.1,1e-05,1000.0,-1.0,False,False,,REJECTED,,,,,,,,,,,0.000245,,,,,,,,no candidate route is feasible: a->r1->r2->b (min_fidelity 0.720 exceeds the achievable estimate 0.554 (never-purify baseline strategy)),,,f4343c314e5de5e01ee6970aaa14b5974c1b49ea,1f2680a5b9065e708a7497adc53a95b108029b98,3.13.14,2026-07-13T16:34:13.246500+00:00,F03_purification,INFEASIBLE_AND_REJECTED
F03_purification,F03_purification:linear_chain_2_repeaters:2513568c9dc92590:shortest_hop_count__disabled__conservative_min:13:f03-2rep,linear_chain_2_repeaters,2513568c9dc92590,13,f03-2rep,shortest_hop_count,disabled,False,,,10,10.0,0.72,conservative_min,,,,,0.1,1e-05,1000.0,-1.0,False,False,,REJECTED,,,,,,,,,,,0.000219,,,,,,,,no candidate route is feasible: a->r1->r2->b (min_fidelity 0.720 exceeds the achievable estimate 0.554 (never-purify baseline strategy)),,,f4343c314e5de5e01ee6970aaa14b5974c1b49ea,1f2680a5b9065e708a7497adc53a95b108029b98,3.13.14,2026-07-13T16:34:13.248402+00:00,F03_purification,INFEASIBLE_AND_REJECTED
F03_purification,F03_purification:linear_chain_2_repeaters:2513568c9dc92590:shortest_hop_count__disabled__conservative_min:14:f03-2rep,linear_chain_2_repeaters,2513568c9dc92590,14,f03-2rep,shortest_hop_count,disabled,False,,,10,10.0,0.72,conservative_min,,,,,0.1,1e-05,1000.0,-1.0,False,False,,REJECTED,,,,,,,,,,,0.000199,,,,,,,,no candidate route is feasible: a->r1->r2->b (min_fidelity 0.720 exceeds the achievable estimate 0.554 (never-purify baseline strategy)),,,f4343c314e5de5e01ee6970aaa14b5974c1b49ea,1f2680a5b9065e708a7497adc53a95b108029b98,3.13.14,2026-07-13T16:34:13.250311+00:00,F03_purification,INFEASIBLE_AND_REJECTED
F03_purification,F03_purification:linear_chain_2_repeaters:2513568c9dc92590:shortest_hop_count__disabled__conservative_min:15:f03-2rep,linear_chain_2_repeaters,2513568c9dc92590,15,f03-2rep,shortest_hop_count,disabled,False,,,10,10.0,0.72,conservative_min,,,,,0.1,1e-05,1000.0,-1.0,False,False,,REJECTED,,,,,,,,,,,0.000269,,,,,,,,no candidate route is feasible: a->r1->r2->b (min_fidelity 0.720 exceeds the achievable estimate 0.554 (never-purify baseline strategy)),,,f4343c314e5de5e01ee6970aaa14b5974c1b49ea,1f2680a5b9065e708a7497adc53a95b108029b98,3.13.14,2026-07-13T16:34:13.252419+00:00,F03_purification,INFEASIBLE_AND_REJECTED
F03_purification,F03_purification:linear_chain_2_repeaters:2513568c9dc92590:shortest_hop_count__disabled__conservative_min:16:f03-2rep,linear_chain_2_repeaters,2513568c9dc92590,16,f03-2rep,shortest_hop_count,disabled,False,,,10,10.0,0.72,conservative_min,,,,,0.1,1e-05,1000.0,-1.0,False,False,,REJECTED,,,,,,,,,,,0.000264,,,,,,,,no candidate route is feasible: a->r1->r2->b (min_fidelity 0.720 exceeds the achievable estimate 0.554 (never-purify baseline strategy)),,,f4343c314e5de5e01ee6970aaa14b5974c1b49ea,1f2680a5b9065e708a7497adc53a95b108029b98,3.13.14,2026-07-13T16:34:13.254772+00:00,F03_purification,INFEASIBLE_AND_REJECTED
F03_purification,F03_purification:linear_chain_2_repeaters:2513568c9dc92590:shortest_hop_count__disabled__conservative_min:17:f03-2rep,linear_chain_2_repeaters,2513568c9dc92590,17,f03-2rep,shortest_hop_count,disabled,False,,,10,10.0,0.72,conservative_min,,,,,0.1,1e-05,1000.0,-1.0,False,False,,REJECTED,,,,,,,,,,,0.000274,,,,,,,,no candidate route is feasible: a->r1->r2->b (min_fidelity 0.720 exceeds the achievable estimate 0.554 (never-purify baseline strategy)),,,f4343c314e5de5e01ee6970aaa14b5974c1b49ea,1f2680a5b9065e708a7497adc53a95b108029b98,3.13.14,2026-07-13T16:34:13.257121+00:00,F03_purification,INFEASIBLE_AND_REJECTED
F03_purification,F03_purification:linear_chain_2_repeaters:2513568c9dc92590:shortest_hop_count__disabled__conservative_min:18:f03-2rep,linear_chain_2_repeaters,2513568c9dc92590,18,f03-2rep,shortest_hop_count,disabled,False,,,10,10.0,0.72,conservative_min,,,,,0.1,1e-05,1000.0,-1.0,False,False,,REJECTED,,,,,,,,,,,0.000316,,,,,,,,no candidate route is feasible: a->r1->r2->b (min_fidelity 0.720 exceeds the achievable estimate 0.554 (never-purify baseline strategy)),,,f4343c314e5de5e01ee6970aaa14b5974c1b49ea,1f2680a5b9065e708a7497adc53a95b108029b98,3.13.14,2026-07-13T16:34:13.259874+00:00,F03_purification,INFEASIBLE_AND_REJECTED
F03_purification,F03_purification:linear_chain_2_repeaters:2513568c9dc92590:shortest_hop_count__disabled__conservative_min:19:f03-2rep,linear_chain_2_repeaters,2513568c9dc92590,19,f03-2rep,shortest_hop_count,disabled,False,,,10,10.0,0.72,conservative_min,,,,,0.1,1e-05,1000.0,-1.0,False,False,,REJECTED,,,,,,,,,,,0.000247,,,,,,,,no candidate route is feasible: a->r1->r2->b (min_fidelity 0.720 exceeds the achievable estimate 0.554 (never-purify baseline strategy)),,,f4343c314e5de5e01ee6970aaa14b5974c1b49ea,1f2680a5b9065e708a7497adc53a95b108029b98,3.13.14,2026-07-13T16:34:13.262235+00:00,F03_purification,INFEASIBLE_AND_REJECTED
F03_purification,F03_purification:linear_chain_2_repeaters:7f0986b0c26a7277:shortest_hop_count__automatic__conservative_min:0:f03-2rep,linear_chain_2_repeaters,7f0986b0c26a7277,0,f03-2rep,shortest_hop_count,automatic,False,,,10,10.0,0.72,conservative_min,,,,,0.1,1e-05,1000.0,-1.0,False,False,,REJECTED,,,,,,,,,,,0.00022,,,,,,,,no candidate route is feasible: a->r1->r2->b (min_fidelity 0.720 exceeds the achievable estimate 0.565 (one-round static estimate (BBPSSWCircuit.improved_fidelity); SeQUeNCe's 'until_target' mode may run a different number of rounds at execution time)),,,f4343c314e5de5e01ee6970aaa14b5974c1b49ea,1f2680a5b9065e708a7497adc53a95b108029b98,3.13.14,2026-07-13T16:34:13.264354+00:00,F03_purification,INFEASIBLE_AND_REJECTED
F03_purification,F03_purification:linear_chain_2_repeaters:7f0986b0c26a7277:shortest_hop_count__automatic__conservative_min:1:f03-2rep,linear_chain_2_repeaters,7f0986b0c26a7277,1,f03-2rep,shortest_hop_count,automatic,False,,,10,10.0,0.72,conservative_min,,,,,0.1,1e-05,1000.0,-1.0,False,False,,REJECTED,,,,,,,,,,,0.000212,,,,,,,,no candidate route is feasible: a->r1->r2->b (min_fidelity 0.720 exceeds the achievable estimate 0.565 (one-round static estimate (BBPSSWCircuit.improved_fidelity); SeQUeNCe's 'until_target' mode may run a different number of rounds at execution time)),,,f4343c314e5de5e01ee6970aaa14b5974c1b49ea,1f2680a5b9065e708a7497adc53a95b108029b98,3.13.14,2026-07-13T16:34:13.266408+00:00,F03_purification,INFEASIBLE_AND_REJECTED
F03_purification,F03_purification:linear_chain_2_repeaters:7f0986b0c26a7277:shortest_hop_count__automatic__conservative_min:2:f03-2rep,linear_chain_2_repeaters,7f0986b0c26a7277,2,f03-2rep,shortest_hop_count,automatic,False,,,10,10.0,0.72,conservative_min,,,,,0.1,1e-05,1000.0,-1.0,False,False,,REJECTED,,,,,,,,,,,0.000269,,,,,,,,no candidate route is feasible: a->r1->r2->b (min_fidelity 0.720 exceeds the achievable estimate 0.565 (one-round static estimate (BBPSSWCircuit.improved_fidelity); SeQUeNCe's 'until_target' mode may run a different number of rounds at execution time)),,,f4343c314e5de5e01ee6970aaa14b5974c1b49ea,1f2680a5b9065e708a7497adc53a95b108029b98,3.13.14,2026-07-13T16:34:13.268497+00:00,F03_purification,INFEASIBLE_AND_REJECTED
F03_purification,F03_purification:linear_chain_2_repeaters:7f0986b0c26a7277:shortest_hop_count__automatic__conservative_min:3:f03-2rep,linear_chain_2_repeaters,7f0986b0c26a7277,3,f03-2rep,shortest_hop_count,automatic,False,,,10,10.0,0.72,conservative_min,,,,,0.1,1e-05,1000.0,-1.0,False,False,,REJECTED,,,,,,,,,,,0.000281,,,,,,,,no candidate route is feasible: a->r1->r2->b (min_fidelity 0.720 exceeds the achievable estimate 0.565 (one-round static estimate (BBPSSWCircuit.improved_fidelity); SeQUeNCe's 'until_target' mode may run a different number of rounds at execution time)),,,f4343c314e5de5e01ee6970aaa14b5974c1b49ea,1f2680a5b9065e708a7497adc53a95b108029b98,3.13.14,2026-07-13T16:34:13.270802+00:00,F03_purification,INFEASIBLE_AND_REJECTED
F03_purification,F03_purification:linear_chain_2_repeaters:7f0986b0c26a7277:shortest_hop_count__automatic__conservative_min:4:f03-2rep,linear_chain_2_repeaters,7f0986b0c26a7277,4,f03-2rep,shortest_hop_count,automatic,False,,,10,10.0,0.72,conservative_min,,,,,0.1,1e-05,1000.0,-1.0,False,False,,REJECTED,,,,,,,,,,,0.000273,,,,,,,,no candidate route is feasible: a->r1->r2->b (min_fidelity 0.720 exceeds the achievable estimate 0.565 (one-round static estimate (BBPSSWCircuit.improved_fidelity); SeQUeNCe's 'until_target' mode may run a different number of rounds at execution time)),,,f4343c314e5de5e01ee6970aaa14b5974c1b49ea,1f2680a5b9065e708a7497adc53a95b108029b98,3.13.14,2026-07-13T16:34:13.273360+00:00,F03_purification,INFEASIBLE_AND_REJECTED
F03_purification,F03_purification:linear_chain_2_repeaters:7f0986b0c26a7277:shortest_hop_count__automatic__conservative_min:5:f03-2rep,linear_chain_2_repeaters,7f0986b0c26a7277,5,f03-2rep,shortest_hop_count,automatic,False,,,10,10.0,0.72,conservative_min,,,,,0.1,1e-05,1000.0,-1.0,False,False,,REJECTED,,,,,,,,,,,0.00033,,,,,,,,no candidate route is feasible: a->r1->r2->b (min_fidelity 0.720 exceeds the achievable estimate 0.565 (one-round static estimate (BBPSSWCircuit.improved_fidelity); SeQUeNCe's 'until_target' mode may run a different number of rounds at execution time)),,,f4343c314e5de5e01ee6970aaa14b5974c1b49ea,1f2680a5b9065e708a7497adc53a95b108029b98,3.13.14,2026-07-13T16:34:13.276060+00:00,F03_purification,INFEASIBLE_AND_REJECTED
F03_purification,F03_purification:linear_chain_2_repeaters:7f0986b0c26a7277:shortest_hop_count__automatic__conservative_min:6:f03-2rep,linear_chain_2_repeaters,7f0986b0c26a7277,6,f03-2rep,shortest_hop_count,automatic,False,,,10,10.0,0.72,conservative_min,,,,,0.1,1e-05,1000.0,-1.0,False,False,,REJECTED,,,,,,,,,,,0.000277,,,,,,,,no candidate route is feasible: a->r1->r2->b (min_fidelity 0.720 exceeds the achievable estimate 0.565 (one-round static estimate (BBPSSWCircuit.improved_fidelity); SeQUeNCe's 'until_target' mode may run a different number of rounds at execution time)),,,f4343c314e5de5e01ee6970aaa14b5974c1b49ea,1f2680a5b9065e708a7497adc53a95b108029b98,3.13.14,2026-07-13T16:34:13.279046+00:00,F03_purification,INFEASIBLE_AND_REJECTED
F03_purification,F03_purification:linear_chain_2_repeaters:7f0986b0c26a7277:shortest_hop_count__automatic__conservative_min:7:f03-2rep,linear_chain_2_repeaters,7f0986b0c26a7277,7,f03-2rep,shortest_hop_count,automatic,False,,,10,10.0,0.72,conservative_min,,,,,0.1,1e-05,1000.0,-1.0,False,False,,REJECTED,,,,,,,,,,,0.000248,,,,,,,,no candidate route is feasible: a->r1->r2->b (min_fidelity 0.720 exceeds the achievable estimate 0.565 (one-round static estimate (BBPSSWCircuit.improved_fidelity); SeQUeNCe's 'until_target' mode may run a different number of rounds at execution time)),,,f4343c314e5de5e01ee6970aaa14b5974c1b49ea,1f2680a5b9065e708a7497adc53a95b108029b98,3.13.14,2026-07-13T16:34:13.281192+00:00,F03_purification,INFEASIBLE_AND_REJECTED
F03_purification,F03_purification:linear_chain_2_repeaters:7f0986b0c26a7277:shortest_hop_count__automatic__conservative_min:8:f03-2rep,linear_chain_2_repeaters,7f0986b0c26a7277,8,f03-2rep,shortest_hop_count,automatic,False,,,10,10.0,0.72,conservative_min,,,,,0.1,1e-05,1000.0,-1.0,False,False,,REJECTED,,,,,,,,,,,0.000216,,,,,,,,no candidate route is feasible: a->r1->r2->b (min_fidelity 0.720 exceeds the achievable estimate 0.565 (one-round static estimate (BBPSSWCircuit.improved_fidelity); SeQUeNCe's 'until_target' mode may run a different number of rounds at execution time)),,,f4343c314e5de5e01ee6970aaa14b5974c1b49ea,1f2680a5b9065e708a7497adc53a95b108029b98,3.13.14,2026-07-13T16:34:13.283094+00:00,F03_purification,INFEASIBLE_AND_REJECTED
F03_purification,F03_purification:linear_chain_2_repeaters:7f0986b0c26a7277:shortest_hop_count__automatic__conservative_min:9:f03-2rep,linear_chain_2_repeaters,7f0986b0c26a7277,9,f03-2rep,shortest_hop_count,automatic,False,,,10,10.0,0.72,conservative_min,,,,,0.1,1e-05,1000.0,-1.0,False,False,,REJECTED,,,,,,,,,,,0.000259,,,,,,,,no candidate route is feasible: a->r1->r2->b (min_fidelity 0.720 exceeds the achievable estimate 0.565 (one-round static estimate (BBPSSWCircuit.improved_fidelity); SeQUeNCe's 'until_target' mode may run a different number of rounds at execution time)),,,f4343c314e5de5e01ee6970aaa14b5974c1b49ea,1f2680a5b9065e708a7497adc53a95b108029b98,3.13.14,2026-07-13T16:34:13.285273+00:00,F03_purification,INFEASIBLE_AND_REJECTED
F03_purification,F03_purification:linear_chain_2_repeaters:7f0986b0c26a7277:shortest_hop_count__automatic__conservative_min:10:f03-2rep,linear_chain_2_repeaters,7f0986b0c26a7277,10,f03-2rep,shortest_hop_count,automatic,False,,,10,10.0,0.72,conservative_min,,,,,0.1,1e-05,1000.0,-1.0,False,False,,REJECTED,,,,,,,,,,,0.00031,,,,,,,,no candidate route is feasible: a->r1->r2->b (min_fidelity 0.720 exceeds the achievable estimate 0.565 (one-round static estimate (BBPSSWCircuit.improved_fidelity); SeQUeNCe's 'until_target' mode may run a different number of rounds at execution time)),,,f4343c314e5de5e01ee6970aaa14b5974c1b49ea,1f2680a5b9065e708a7497adc53a95b108029b98,3.13.14,2026-07-13T16:34:13.287523+00:00,F03_purification,INFEASIBLE_AND_REJECTED
F03_purification,F03_purification:linear_chain_2_repeaters:7f0986b0c26a7277:shortest_hop_count__automatic__conservative_min:11:f03-2rep,linear_chain_2_repeaters,7f0986b0c26a7277,11,f03-2rep,shortest_hop_count,automatic,False,,,10,10.0,0.72,conservative_min,,,,,0.1,1e-05,1000.0,-1.0,False,False,,REJECTED,,,,,,,,,,,0.000288,,,,,,,,no candidate route is feasible: a->r1->r2->b (min_fidelity 0.720 exceeds the achievable estimate 0.565 (one-round static estimate (BBPSSWCircuit.improved_fidelity); SeQUeNCe's 'until_target' mode may run a different number of rounds at execution time)),,,f4343c314e5de5e01ee6970aaa14b5974c1b49ea,1f2680a5b9065e708a7497adc53a95b108029b98,3.13.14,2026-07-13T16:34:13.290002+00:00,F03_purification,INFEASIBLE_AND_REJECTED
F03_purification,F03_purification:linear_chain_2_repeaters:7f0986b0c26a7277:shortest_hop_count__automatic__conservative_min:12:f03-2rep,linear_chain_2_repeaters,7f0986b0c26a7277,12,f03-2rep,shortest_hop_count,automatic,False,,,10,10.0,0.72,conservative_min,,,,,0.1,1e-05,1000.0,-1.0,False,False,,REJECTED,,,,,,,,,,,0.000277,,,,,,,,no candidate route is feasible: a->r1->r2->b (min_fidelity 0.720 exceeds the achievable estimate 0.565 (one-round static estimate (BBPSSWCircuit.improved_fidelity); SeQUeNCe's 'until_target' mode may run a different number of rounds at execution time)),,,f4343c314e5de5e01ee6970aaa14b5974c1b49ea,1f2680a5b9065e708a7497adc53a95b108029b98,3.13.14,2026-07-13T16:34:13.292481+00:00,F03_purification,INFEASIBLE_AND_REJECTED
F03_purification,F03_purification:linear_chain_2_repeaters:7f0986b0c26a7277:shortest_hop_count__automatic__conservative_min:13:f03-2rep,linear_chain_2_repeaters,7f0986b0c26a7277,13,f03-2rep,shortest_hop_count,automatic,False,,,10,10.0,0.72,conservative_min,,,,,0.1,1e-05,1000.0,-1.0,False,False,,REJECTED,,,,,,,,,,,0.000294,,,,,,,,no candidate route is feasible: a->r1->r2->b (min_fidelity 0.720 exceeds the achievable estimate 0.565 (one-round static estimate (BBPSSWCircuit.improved_fidelity); SeQUeNCe's 'until_target' mode may run a different number of rounds at execution time)),,,f4343c314e5de5e01ee6970aaa14b5974c1b49ea,1f2680a5b9065e708a7497adc53a95b108029b98,3.13.14,2026-07-13T16:34:13.295306+00:00,F03_purification,INFEASIBLE_AND_REJECTED
F03_purification,F03_purification:linear_chain_2_repeaters:7f0986b0c26a7277:shortest_hop_count__automatic__conservative_min:14:f03-2rep,linear_chain_2_repeaters,7f0986b0c26a7277,14,f03-2rep,shortest_hop_count,automatic,False,,,10,10.0,0.72,conservative_min,,,,,0.1,1e-05,1000.0,-1.0,False,False,,REJECTED,,,,,,,,,,,0.000215,,,,,,,,no candidate route is feasible: a->r1->r2->b (min_fidelity 0.720 exceeds the achievable estimate 0.565 (one-round static estimate (BBPSSWCircuit.improved_fidelity); SeQUeNCe's 'until_target' mode may run a different number of rounds at execution time)),,,f4343c314e5de5e01ee6970aaa14b5974c1b49ea,1f2680a5b9065e708a7497adc53a95b108029b98,3.13.14,2026-07-13T16:34:13.297482+00:00,F03_purification,INFEASIBLE_AND_REJECTED
F03_purification,F03_purification:linear_chain_2_repeaters:7f0986b0c26a7277:shortest_hop_count__automatic__conservative_min:15:f03-2rep,linear_chain_2_repeaters,7f0986b0c26a7277,15,f03-2rep,shortest_hop_count,automatic,False,,,10,10.0,0.72,conservative_min,,,,,0.1,1e-05,1000.0,-1.0,False,False,,REJECTED,,,,,,,,,,,0.000197,,,,,,,,no candidate route is feasible: a->r1->r2->b (min_fidelity 0.720 exceeds the achievable estimate 0.565 (one-round static estimate (BBPSSWCircuit.improved_fidelity); SeQUeNCe's 'until_target' mode may run a different number of rounds at execution time)),,,f4343c314e5de5e01ee6970aaa14b5974c1b49ea,1f2680a5b9065e708a7497adc53a95b108029b98,3.13.14,2026-07-13T16:34:13.299461+00:00,F03_purification,INFEASIBLE_AND_REJECTED
F03_purification,F03_purification:linear_chain_2_repeaters:7f0986b0c26a7277:shortest_hop_count__automatic__conservative_min:16:f03-2rep,linear_chain_2_repeaters,7f0986b0c26a7277,16,f03-2rep,shortest_hop_count,automatic,False,,,10,10.0,0.72,conservative_min,,,,,0.1,1e-05,1000.0,-1.0,False,False,,REJECTED,,,,,,,,,,,0.000226,,,,,,,,no candidate route is feasible: a->r1->r2->b (min_fidelity 0.720 exceeds the achievable estimate 0.565 (one-round static estimate (BBPSSWCircuit.improved_fidelity); SeQUeNCe's 'until_target' mode may run a different number of rounds at execution time)),,,f4343c314e5de5e01ee6970aaa14b5974c1b49ea,1f2680a5b9065e708a7497adc53a95b108029b98,3.13.14,2026-07-13T16:34:13.301468+00:00,F03_purification,INFEASIBLE_AND_REJECTED
F03_purification,F03_purification:linear_chain_2_repeaters:7f0986b0c26a7277:shortest_hop_count__automatic__conservative_min:17:f03-2rep,linear_chain_2_repeaters,7f0986b0c26a7277,17,f03-2rep,shortest_hop_count,automatic,False,,,10,10.0,0.72,conservative_min,,,,,0.1,1e-05,1000.0,-1.0,False,False,,REJECTED,,,,,,,,,,,0.000254,,,,,,,,no candidate route is feasible: a->r1->r2->b (min_fidelity 0.720 exceeds the achievable estimate 0.565 (one-round static estimate (BBPSSWCircuit.improved_fidelity); SeQUeNCe's 'until_target' mode may run a different number of rounds at execution time)),,,f4343c314e5de5e01ee6970aaa14b5974c1b49ea,1f2680a5b9065e708a7497adc53a95b108029b98,3.13.14,2026-07-13T16:34:13.303709+00:00,F03_purification,INFEASIBLE_AND_REJECTED
F03_purification,F03_purification:linear_chain_2_repeaters:7f0986b0c26a7277:shortest_hop_count__automatic__conservative_min:18:f03-2rep,linear_chain_2_repeaters,7f0986b0c26a7277,18,f03-2rep,shortest_hop_count,automatic,False,,,10,10.0,0.72,conservative_min,,,,,0.1,1e-05,1000.0,-1.0,False,False,,REJECTED,,,,,,,,,,,0.000265,,,,,,,,no candidate route is feasible: a->r1->r2->b (min_fidelity 0.720 exceeds the achievable estimate 0.565 (one-round static estimate (BBPSSWCircuit.improved_fidelity); SeQUeNCe's 'until_target' mode may run a different number of rounds at execution time)),,,f4343c314e5de5e01ee6970aaa14b5974c1b49ea,1f2680a5b9065e708a7497adc53a95b108029b98,3.13.14,2026-07-13T16:34:13.306304+00:00,F03_purification,INFEASIBLE_AND_REJECTED
F03_purification,F03_purification:linear_chain_2_repeaters:7f0986b0c26a7277:shortest_hop_count__automatic__conservative_min:19:f03-2rep,linear_chain_2_repeaters,7f0986b0c26a7277,19,f03-2rep,shortest_hop_count,automatic,False,,,10,10.0,0.72,conservative_min,,,,,0.1,1e-05,1000.0,-1.0,False,False,,REJECTED,,,,,,,,,,,0.000261,,,,,,,,no candidate route is feasible: a->r1->r2->b (min_fidelity 0.720 exceeds the achievable estimate 0.565 (one-round static estimate (BBPSSWCircuit.improved_fidelity); SeQUeNCe's 'until_target' mode may run a different number of rounds at execution time)),,,f4343c314e5de5e01ee6970aaa14b5974c1b49ea,1f2680a5b9065e708a7497adc53a95b108029b98,3.13.14,2026-07-13T16:34:13.308542+00:00,F03_purification,INFEASIBLE_AND_REJECTED
F03_purification,F03_purification:linear_chain_2_repeaters:c047dd6d20551e09:shortest_hop_count__disabled__conservative_min:0:f03-2rep,linear_chain_2_repeaters,c047dd6d20551e09,0,f03-2rep,shortest_hop_count,disabled,False,,,10,10.0,0.75,conservative_min,,,,,0.1,1e-05,1000.0,-1.0,False,False,,REJECTED,,,,,,,,,,,0.000324,,,,,,,,no candidate route is feasible: a->r1->r2->b (min_fidelity 0.750 exceeds the achievable estimate 0.554 (never-purify baseline strategy)),,,f4343c314e5de5e01ee6970aaa14b5974c1b49ea,1f2680a5b9065e708a7497adc53a95b108029b98,3.13.14,2026-07-13T16:34:13.311415+00:00,F03_purification,INFEASIBLE_AND_REJECTED
F03_purification,F03_purification:linear_chain_2_repeaters:c047dd6d20551e09:shortest_hop_count__disabled__conservative_min:1:f03-2rep,linear_chain_2_repeaters,c047dd6d20551e09,1,f03-2rep,shortest_hop_count,disabled,False,,,10,10.0,0.75,conservative_min,,,,,0.1,1e-05,1000.0,-1.0,False,False,,REJECTED,,,,,,,,,,,0.000238,,,,,,,,no candidate route is feasible: a->r1->r2->b (min_fidelity 0.750 exceeds the achievable estimate 0.554 (never-purify baseline strategy)),,,f4343c314e5de5e01ee6970aaa14b5974c1b49ea,1f2680a5b9065e708a7497adc53a95b108029b98,3.13.14,2026-07-13T16:34:13.313706+00:00,F03_purification,INFEASIBLE_AND_REJECTED
F03_purification,F03_purification:linear_chain_2_repeaters:c047dd6d20551e09:shortest_hop_count__disabled__conservative_min:2:f03-2rep,linear_chain_2_repeaters,c047dd6d20551e09,2,f03-2rep,shortest_hop_count,disabled,False,,,10,10.0,0.75,conservative_min,,,,,0.1,1e-05,1000.0,-1.0,False,False,,REJECTED,,,,,,,,,,,0.000205,,,,,,,,no candidate route is feasible: a->r1->r2->b (min_fidelity 0.750 exceeds the achievable estimate 0.554 (never-purify baseline strategy)),,,f4343c314e5de5e01ee6970aaa14b5974c1b49ea,1f2680a5b9065e708a7497adc53a95b108029b98,3.13.14,2026-07-13T16:34:13.315577+00:00,F03_purification,INFEASIBLE_AND_REJECTED
F03_purification,F03_purification:linear_chain_2_repeaters:c047dd6d20551e09:shortest_hop_count__disabled__conservative_min:3:f03-2rep,linear_chain_2_repeaters,c047dd6d20551e09,3,f03-2rep,shortest_hop_count,disabled,False,,,10,10.0,0.75,conservative_min,,,,,0.1,1e-05,1000.0,-1.0,False,False,,REJECTED,,,,,,,,,,,0.000195,,,,,,,,no candidate route is feasible: a->r1->r2->b (min_fidelity 0.750 exceeds the achievable estimate 0.554 (never-purify baseline strategy)),,,f4343c314e5de5e01ee6970aaa14b5974c1b49ea,1f2680a5b9065e708a7497adc53a95b108029b98,3.13.14,2026-07-13T16:34:13.317444+00:00,F03_purification,INFEASIBLE_AND_REJECTED
F03_purification,F03_purification:linear_chain_2_repeaters:c047dd6d20551e09:shortest_hop_count__disabled__conservative_min:4:f03-2rep,linear_chain_2_repeaters,c047dd6d20551e09,4,f03-2rep,shortest_hop_count,disabled,False,,,10,10.0,0.75,conservative_min,,,,,0.1,1e-05,1000.0,-1.0,False,False,,REJECTED,,,,,,,,,,,0.000238,,,,,,,,no candidate route is feasible: a->r1->r2->b (min_fidelity 0.750 exceeds the achievable estimate 0.554 (never-purify baseline strategy)),,,f4343c314e5de5e01ee6970aaa14b5974c1b49ea,1f2680a5b9065e708a7497adc53a95b108029b98,3.13.14,2026-07-13T16:34:13.319527+00:00,F03_purification,INFEASIBLE_AND_REJECTED
F03_purification,F03_purification:linear_chain_2_repeaters:c047dd6d20551e09:shortest_hop_count__disabled__conservative_min:5:f03-2rep,linear_chain_2_repeaters,c047dd6d20551e09,5,f03-2rep,shortest_hop_count,disabled,False,,,10,10.0,0.75,conservative_min,,,,,0.1,1e-05,1000.0,-1.0,False,False,,REJECTED,,,,,,,,,,,0.000311,,,,,,,,no candidate route is feasible: a->r1->r2->b (min_fidelity 0.750 exceeds the achievable estimate 0.554 (never-purify baseline strategy)),,,f4343c314e5de5e01ee6970aaa14b5974c1b49ea,1f2680a5b9065e708a7497adc53a95b108029b98,3.13.14,2026-07-13T16:34:13.321882+00:00,F03_purification,INFEASIBLE_AND_REJECTED
F03_purification,F03_purification:linear_chain_2_repeaters:c047dd6d20551e09:shortest_hop_count__disabled__conservative_min:6:f03-2rep,linear_chain_2_repeaters,c047dd6d20551e09,6,f03-2rep,shortest_hop_count,disabled,False,,,10,10.0,0.75,conservative_min,,,,,0.1,1e-05,1000.0,-1.0,False,False,,REJECTED,,,,,,,,,,,0.000255,,,,,,,,no candidate route is feasible: a->r1->r2->b (min_fidelity 0.750 exceeds the achievable estimate 0.554 (never-purify baseline strategy)),,,f4343c314e5de5e01ee6970aaa14b5974c1b49ea,1f2680a5b9065e708a7497adc53a95b108029b98,3.13.14,2026-07-13T16:34:13.324415+00:00,F03_purification,INFEASIBLE_AND_REJECTED
F03_purification,F03_purification:linear_chain_2_repeaters:c047dd6d20551e09:shortest_hop_count__disabled__conservative_min:7:f03-2rep,linear_chain_2_repeaters,c047dd6d20551e09,7,f03-2rep,shortest_hop_count,disabled,False,,,10,10.0,0.75,conservative_min,,,,,0.1,1e-05,1000.0,-1.0,False,False,,REJECTED,,,,,,,,,,,0.000278,,,,,,,,no candidate route is feasible: a->r1->r2->b (min_fidelity 0.750 exceeds the achievable estimate 0.554 (never-purify baseline strategy)),,,f4343c314e5de5e01ee6970aaa14b5974c1b49ea,1f2680a5b9065e708a7497adc53a95b108029b98,3.13.14,2026-07-13T16:34:13.326705+00:00,F03_purification,INFEASIBLE_AND_REJECTED
F03_purification,F03_purification:linear_chain_2_repeaters:c047dd6d20551e09:shortest_hop_count__disabled__conservative_min:8:f03-2rep,linear_chain_2_repeaters,c047dd6d20551e09,8,f03-2rep,shortest_hop_count,disabled,False,,,10,10.0,0.75,conservative_min,,,,,0.1,1e-05,1000.0,-1.0,False,False,,REJECTED,,,,,,,,,,,0.000249,,,,,,,,no candidate route is feasible: a->r1->r2->b (min_fidelity 0.750 exceeds the achievable estimate 0.554 (never-purify baseline strategy)),,,f4343c314e5de5e01ee6970aaa14b5974c1b49ea,1f2680a5b9065e708a7497adc53a95b108029b98,3.13.14,2026-07-13T16:34:13.329472+00:00,F03_purification,INFEASIBLE_AND_REJECTED
F03_purification,F03_purification:linear_chain_2_repeaters:c047dd6d20551e09:shortest_hop_count__disabled__conservative_min:9:f03-2rep,linear_chain_2_repeaters,c047dd6d20551e09,9,f03-2rep,shortest_hop_count,disabled,False,,,10,10.0,0.75,conservative_min,,,,,0.1,1e-05,1000.0,-1.0,False,False,,REJECTED,,,,,,,,,,,0.000201,,,,,,,,no candidate route is feasible: a->r1->r2->b (min_fidelity 0.750 exceeds the achievable estimate 0.554 (never-purify baseline strategy)),,,f4343c314e5de5e01ee6970aaa14b5974c1b49ea,1f2680a5b9065e708a7497adc53a95b108029b98,3.13.14,2026-07-13T16:34:13.331412+00:00,F03_purification,INFEASIBLE_AND_REJECTED
F03_purification,F03_purification:linear_chain_2_repeaters:c047dd6d20551e09:shortest_hop_count__disabled__conservative_min:10:f03-2rep,linear_chain_2_repeaters,c047dd6d20551e09,10,f03-2rep,shortest_hop_count,disabled,False,,,10,10.0,0.75,conservative_min,,,,,0.1,1e-05,1000.0,-1.0,False,False,,REJECTED,,,,,,,,,,,0.000172,,,,,,,,no candidate route is feasible: a->r1->r2->b (min_fidelity 0.750 exceeds the achievable estimate 0.554 (never-purify baseline strategy)),,,f4343c314e5de5e01ee6970aaa14b5974c1b49ea,1f2680a5b9065e708a7497adc53a95b108029b98,3.13.14,2026-07-13T16:34:13.333388+00:00,F03_purification,INFEASIBLE_AND_REJECTED
F03_purification,F03_purification:linear_chain_2_repeaters:c047dd6d20551e09:shortest_hop_count__disabled__conservative_min:11:f03-2rep,linear_chain_2_repeaters,c047dd6d20551e09,11,f03-2rep,shortest_hop_count,disabled,False,,,10,10.0,0.75,conservative_min,,,,,0.1,1e-05,1000.0,-1.0,False,False,,REJECTED,,,,,,,,,,,0.000213,,,,,,,,no candidate route is feasible: a->r1->r2->b (min_fidelity 0.750 exceeds the achievable estimate 0.554 (never-purify baseline strategy)),,,f4343c314e5de5e01ee6970aaa14b5974c1b49ea,1f2680a5b9065e708a7497adc53a95b108029b98,3.13.14,2026-07-13T16:34:13.335254+00:00,F03_purification,INFEASIBLE_AND_REJECTED
F03_purification,F03_purification:linear_chain_2_repeaters:c047dd6d20551e09:shortest_hop_count__disabled__conservative_min:12:f03-2rep,linear_chain_2_repeaters,c047dd6d20551e09,12,f03-2rep,shortest_hop_count,disabled,False,,,10,10.0,0.75,conservative_min,,,,,0.1,1e-05,1000.0,-1.0,False,False,,REJECTED,,,,,,,,,,,0.000286,,,,,,,,no candidate route is feasible: a->r1->r2->b (min_fidelity 0.750 exceeds the achievable estimate 0.554 (never-purify baseline strategy)),,,f4343c314e5de5e01ee6970aaa14b5974c1b49ea,1f2680a5b9065e708a7497adc53a95b108029b98,3.13.14,2026-07-13T16:34:13.337437+00:00,F03_purification,INFEASIBLE_AND_REJECTED
F03_purification,F03_purification:linear_chain_2_repeaters:c047dd6d20551e09:shortest_hop_count__disabled__conservative_min:13:f03-2rep,linear_chain_2_repeaters,c047dd6d20551e09,13,f03-2rep,shortest_hop_count,disabled,False,,,10,10.0,0.75,conservative_min,,,,,0.1,1e-05,1000.0,-1.0,False,False,,REJECTED,,,,,,,,,,,0.000251,,,,,,,,no candidate route is feasible: a->r1->r2->b (min_fidelity 0.750 exceeds the achievable estimate 0.554 (never-purify baseline strategy)),,,f4343c314e5de5e01ee6970aaa14b5974c1b49ea,1f2680a5b9065e708a7497adc53a95b108029b98,3.13.14,2026-07-13T16:34:13.339602+00:00,F03_purification,INFEASIBLE_AND_REJECTED
F03_purification,F03_purification:linear_chain_2_repeaters:c047dd6d20551e09:shortest_hop_count__disabled__conservative_min:14:f03-2rep,linear_chain_2_repeaters,c047dd6d20551e09,14,f03-2rep,shortest_hop_count,disabled,False,,,10,10.0,0.75,conservative_min,,,,,0.1,1e-05,1000.0,-1.0,False,False,,REJECTED,,,,,,,,,,,0.000259,,,,,,,,no candidate route is feasible: a->r1->r2->b (min_fidelity 0.750 exceeds the achievable estimate 0.554 (never-purify baseline strategy)),,,f4343c314e5de5e01ee6970aaa14b5974c1b49ea,1f2680a5b9065e708a7497adc53a95b108029b98,3.13.14,2026-07-13T16:34:13.341784+00:00,F03_purification,INFEASIBLE_AND_REJECTED
F03_purification,F03_purification:linear_chain_2_repeaters:c047dd6d20551e09:shortest_hop_count__disabled__conservative_min:15:f03-2rep,linear_chain_2_repeaters,c047dd6d20551e09,15,f03-2rep,shortest_hop_count,disabled,False,,,10,10.0,0.75,conservative_min,,,,,0.1,1e-05,1000.0,-1.0,False,False,,REJECTED,,,,,,,,,,,0.000274,,,,,,,,no candidate route is feasible: a->r1->r2->b (min_fidelity 0.750 exceeds the achievable estimate 0.554 (never-purify baseline strategy)),,,f4343c314e5de5e01ee6970aaa14b5974c1b49ea,1f2680a5b9065e708a7497adc53a95b108029b98,3.13.14,2026-07-13T16:34:13.344172+00:00,F03_purification,INFEASIBLE_AND_REJECTED
F03_purification,F03_purification:linear_chain_2_repeaters:c047dd6d20551e09:shortest_hop_count__disabled__conservative_min:16:f03-2rep,linear_chain_2_repeaters,c047dd6d20551e09,16,f03-2rep,shortest_hop_count,disabled,False,,,10,10.0,0.75,conservative_min,,,,,0.1,1e-05,1000.0,-1.0,False,False,,REJECTED,,,,,,,,,,,0.000214,,,,,,,,no candidate route is feasible: a->r1->r2->b (min_fidelity 0.750 exceeds the achievable estimate 0.554 (never-purify baseline strategy)),,,f4343c314e5de5e01ee6970aaa14b5974c1b49ea,1f2680a5b9065e708a7497adc53a95b108029b98,3.13.14,2026-07-13T16:34:13.346363+00:00,F03_purification,INFEASIBLE_AND_REJECTED
F03_purification,F03_purification:linear_chain_2_repeaters:c047dd6d20551e09:shortest_hop_count__disabled__conservative_min:17:f03-2rep,linear_chain_2_repeaters,c047dd6d20551e09,17,f03-2rep,shortest_hop_count,disabled,False,,,10,10.0,0.75,conservative_min,,,,,0.1,1e-05,1000.0,-1.0,False,False,,REJECTED,,,,,,,,,,,0.000185,,,,,,,,no candidate route is feasible: a->r1->r2->b (min_fidelity 0.750 exceeds the achievable estimate 0.554 (never-purify baseline strategy)),,,f4343c314e5de5e01ee6970aaa14b5974c1b49ea,1f2680a5b9065e708a7497adc53a95b108029b98,3.13.14,2026-07-13T16:34:13.348305+00:00,F03_purification,INFEASIBLE_AND_REJECTED
F03_purification,F03_purification:linear_chain_2_repeaters:c047dd6d20551e09:shortest_hop_count__disabled__conservative_min:18:f03-2rep,linear_chain_2_repeaters,c047dd6d20551e09,18,f03-2rep,shortest_hop_count,disabled,False,,,10,10.0,0.75,conservative_min,,,,,0.1,1e-05,1000.0,-1.0,False,False,,REJECTED,,,,,,,,,,,0.000177,,,,,,,,no candidate route is feasible: a->r1->r2->b (min_fidelity 0.750 exceeds the achievable estimate 0.554 (never-purify baseline strategy)),,,f4343c314e5de5e01ee6970aaa14b5974c1b49ea,1f2680a5b9065e708a7497adc53a95b108029b98,3.13.14,2026-07-13T16:34:13.349990+00:00,F03_purification,INFEASIBLE_AND_REJECTED
F03_purification,F03_purification:linear_chain_2_repeaters:c047dd6d20551e09:shortest_hop_count__disabled__conservative_min:19:f03-2rep,linear_chain_2_repeaters,c047dd6d20551e09,19,f03-2rep,shortest_hop_count,disabled,False,,,10,10.0,0.75,conservative_min,,,,,0.1,1e-05,1000.0,-1.0,False,False,,REJECTED,,,,,,,,,,,0.000174,,,,,,,,no candidate route is feasible: a->r1->r2->b (min_fidelity 0.750 exceeds the achievable estimate 0.554 (never-purify baseline strategy)),,,f4343c314e5de5e01ee6970aaa14b5974c1b49ea,1f2680a5b9065e708a7497adc53a95b108029b98,3.13.14,2026-07-13T16:34:13.351868+00:00,F03_purification,INFEASIBLE_AND_REJECTED
F03_purification,F03_purification:linear_chain_2_repeaters:78536bbf96b8f6da:shortest_hop_count__automatic__conservative_min:0:f03-2rep,linear_chain_2_repeaters,78536bbf96b8f6da,0,f03-2rep,shortest_hop_count,automatic,False,,,10,10.0,0.75,conservative_min,,,,,0.1,1e-05,1000.0,-1.0,False,False,,REJECTED,,,,,,,,,,,0.000258,,,,,,,,no candidate route is feasible: a->r1->r2->b (min_fidelity 0.750 exceeds the achievable estimate 0.565 (one-round static estimate (BBPSSWCircuit.improved_fidelity); SeQUeNCe's 'until_target' mode may run a different number of rounds at execution time)),,,f4343c314e5de5e01ee6970aaa14b5974c1b49ea,1f2680a5b9065e708a7497adc53a95b108029b98,3.13.14,2026-07-13T16:34:13.353962+00:00,F03_purification,INFEASIBLE_AND_REJECTED
F03_purification,F03_purification:linear_chain_2_repeaters:78536bbf96b8f6da:shortest_hop_count__automatic__conservative_min:1:f03-2rep,linear_chain_2_repeaters,78536bbf96b8f6da,1,f03-2rep,shortest_hop_count,automatic,False,,,10,10.0,0.75,conservative_min,,,,,0.1,1e-05,1000.0,-1.0,False,False,,REJECTED,,,,,,,,,,,0.000252,,,,,,,,no candidate route is feasible: a->r1->r2->b (min_fidelity 0.750 exceeds the achievable estimate 0.565 (one-round static estimate (BBPSSWCircuit.improved_fidelity); SeQUeNCe's 'until_target' mode may run a different number of rounds at execution time)),,,f4343c314e5de5e01ee6970aaa14b5974c1b49ea,1f2680a5b9065e708a7497adc53a95b108029b98,3.13.14,2026-07-13T16:34:13.356401+00:00,F03_purification,INFEASIBLE_AND_REJECTED
F03_purification,F03_purification:linear_chain_2_repeaters:78536bbf96b8f6da:shortest_hop_count__automatic__conservative_min:2:f03-2rep,linear_chain_2_repeaters,78536bbf96b8f6da,2,f03-2rep,shortest_hop_count,automatic,False,,,10,10.0,0.75,conservative_min,,,,,0.1,1e-05,1000.0,-1.0,False,False,,REJECTED,,,,,,,,,,,0.000301,,,,,,,,no candidate route is feasible: a->r1->r2->b (min_fidelity 0.750 exceeds the achievable estimate 0.565 (one-round static estimate (BBPSSWCircuit.improved_fidelity); SeQUeNCe's 'until_target' mode may run a different number of rounds at execution time)),,,f4343c314e5de5e01ee6970aaa14b5974c1b49ea,1f2680a5b9065e708a7497adc53a95b108029b98,3.13.14,2026-07-13T16:34:13.358770+00:00,F03_purification,INFEASIBLE_AND_REJECTED
F03_purification,F03_purification:linear_chain_2_repeaters:78536bbf96b8f6da:shortest_hop_count__automatic__conservative_min:3:f03-2rep,linear_chain_2_repeaters,78536bbf96b8f6da,3,f03-2rep,shortest_hop_count,automatic,False,,,10,10.0,0.75,conservative_min,,,,,0.1,1e-05,1000.0,-1.0,False,False,,REJECTED,,,,,,,,,,,0.00026,,,,,,,,no candidate route is feasible: a->r1->r2->b (min_fidelity 0.750 exceeds the achievable estimate 0.565 (one-round static estimate (BBPSSWCircuit.improved_fidelity); SeQUeNCe's 'until_target' mode may run a different number of rounds at execution time)),,,f4343c314e5de5e01ee6970aaa14b5974c1b49ea,1f2680a5b9065e708a7497adc53a95b108029b98,3.13.14,2026-07-13T16:34:13.361187+00:00,F03_purification,INFEASIBLE_AND_REJECTED
F03_purification,F03_purification:linear_chain_2_repeaters:78536bbf96b8f6da:shortest_hop_count__automatic__conservative_min:4:f03-2rep,linear_chain_2_repeaters,78536bbf96b8f6da,4,f03-2rep,shortest_hop_count,automatic,False,,,10,10.0,0.75,conservative_min,,,,,0.1,1e-05,1000.0,-1.0,False,False,,REJECTED,,,,,,,,,,,0.000217,,,,,,,,no candidate route is feasible: a->r1->r2->b (min_fidelity 0.750 exceeds the achievable estimate 0.565 (one-round static estimate (BBPSSWCircuit.improved_fidelity); SeQUeNCe's 'until_target' mode may run a different number of rounds at execution time)),,,f4343c314e5de5e01ee6970aaa14b5974c1b49ea,1f2680a5b9065e708a7497adc53a95b108029b98,3.13.14,2026-07-13T16:34:13.363270+00:00,F03_purification,INFEASIBLE_AND_REJECTED
F03_purification,F03_purification:linear_chain_2_repeaters:78536bbf96b8f6da:shortest_hop_count__automatic__conservative_min:5:f03-2rep,linear_chain_2_repeaters,78536bbf96b8f6da,5,f03-2rep,shortest_hop_count,automatic,False,,,10,10.0,0.75,conservative_min,,,,,0.1,1e-05,1000.0,-1.0,False,False,,REJECTED,,,,,,,,,,,0.000173,,,,,,,,no candidate route is feasible: a->r1->r2->b (min_fidelity 0.750 exceeds the achievable estimate 0.565 (one-round static estimate (BBPSSWCircuit.improved_fidelity); SeQUeNCe's 'until_target' mode may run a different number of rounds at execution time)),,,f4343c314e5de5e01ee6970aaa14b5974c1b49ea,1f2680a5b9065e708a7497adc53a95b108029b98,3.13.14,2026-07-13T16:34:13.365201+00:00,F03_purification,INFEASIBLE_AND_REJECTED
F03_purification,F03_purification:linear_chain_2_repeaters:78536bbf96b8f6da:shortest_hop_count__automatic__conservative_min:6:f03-2rep,linear_chain_2_repeaters,78536bbf96b8f6da,6,f03-2rep,shortest_hop_count,automatic,False,,,10,10.0,0.75,conservative_min,,,,,0.1,1e-05,1000.0,-1.0,False,False,,REJECTED,,,,,,,,,,,0.000164,,,,,,,,no candidate route is feasible: a->r1->r2->b (min_fidelity 0.750 exceeds the achievable estimate 0.565 (one-round static estimate (BBPSSWCircuit.improved_fidelity); SeQUeNCe's 'until_target' mode may run a different number of rounds at execution time)),,,f4343c314e5de5e01ee6970aaa14b5974c1b49ea,1f2680a5b9065e708a7497adc53a95b108029b98,3.13.14,2026-07-13T16:34:13.367034+00:00,F03_purification,INFEASIBLE_AND_REJECTED
F03_purification,F03_purification:linear_chain_2_repeaters:78536bbf96b8f6da:shortest_hop_count__automatic__conservative_min:7:f03-2rep,linear_chain_2_repeaters,78536bbf96b8f6da,7,f03-2rep,shortest_hop_count,automatic,False,,,10,10.0,0.75,conservative_min,,,,,0.1,1e-05,1000.0,-1.0,False,False,,REJECTED,,,,,,,,,,,0.000243,,,,,,,,no candidate route is feasible: a->r1->r2->b (min_fidelity 0.750 exceeds the achievable estimate 0.565 (one-round static estimate (BBPSSWCircuit.improved_fidelity); SeQUeNCe's 'until_target' mode may run a different number of rounds at execution time)),,,f4343c314e5de5e01ee6970aaa14b5974c1b49ea,1f2680a5b9065e708a7497adc53a95b108029b98,3.13.14,2026-07-13T16:34:13.369097+00:00,F03_purification,INFEASIBLE_AND_REJECTED
F03_purification,F03_purification:linear_chain_2_repeaters:78536bbf96b8f6da:shortest_hop_count__automatic__conservative_min:8:f03-2rep,linear_chain_2_repeaters,78536bbf96b8f6da,8,f03-2rep,shortest_hop_count,automatic,False,,,10,10.0,0.75,conservative_min,,,,,0.1,1e-05,1000.0,-1.0,False,False,,REJECTED,,,,,,,,,,,0.00026,,,,,,,,no candidate route is feasible: a->r1->r2->b (min_fidelity 0.750 exceeds the achievable estimate 0.565 (one-round static estimate (BBPSSWCircuit.improved_fidelity); SeQUeNCe's 'until_target' mode may run a different number of rounds at execution time)),,,f4343c314e5de5e01ee6970aaa14b5974c1b49ea,1f2680a5b9065e708a7497adc53a95b108029b98,3.13.14,2026-07-13T16:34:13.371317+00:00,F03_purification,INFEASIBLE_AND_REJECTED
F03_purification,F03_purification:linear_chain_2_repeaters:78536bbf96b8f6da:shortest_hop_count__automatic__conservative_min:9:f03-2rep,linear_chain_2_repeaters,78536bbf96b8f6da,9,f03-2rep,shortest_hop_count,automatic,False,,,10,10.0,0.75,conservative_min,,,,,0.1,1e-05,1000.0,-1.0,False,False,,REJECTED,,,,,,,,,,,0.000261,,,,,,,,no candidate route is feasible: a->r1->r2->b (min_fidelity 0.750 exceeds the achievable estimate 0.565 (one-round static estimate (BBPSSWCircuit.improved_fidelity); SeQUeNCe's 'until_target' mode may run a different number of rounds at execution time)),,,f4343c314e5de5e01ee6970aaa14b5974c1b49ea,1f2680a5b9065e708a7497adc53a95b108029b98,3.13.14,2026-07-13T16:34:13.373605+00:00,F03_purification,INFEASIBLE_AND_REJECTED
F03_purification,F03_purification:linear_chain_2_repeaters:78536bbf96b8f6da:shortest_hop_count__automatic__conservative_min:10:f03-2rep,linear_chain_2_repeaters,78536bbf96b8f6da,10,f03-2rep,shortest_hop_count,automatic,False,,,10,10.0,0.75,conservative_min,,,,,0.1,1e-05,1000.0,-1.0,False,False,,REJECTED,,,,,,,,,,,0.00027,,,,,,,,no candidate route is feasible: a->r1->r2->b (min_fidelity 0.750 exceeds the achievable estimate 0.565 (one-round static estimate (BBPSSWCircuit.improved_fidelity); SeQUeNCe's 'until_target' mode may run a different number of rounds at execution time)),,,f4343c314e5de5e01ee6970aaa14b5974c1b49ea,1f2680a5b9065e708a7497adc53a95b108029b98,3.13.14,2026-07-13T16:34:13.375712+00:00,F03_purification,INFEASIBLE_AND_REJECTED
F03_purification,F03_purification:linear_chain_2_repeaters:78536bbf96b8f6da:shortest_hop_count__automatic__conservative_min:11:f03-2rep,linear_chain_2_repeaters,78536bbf96b8f6da,11,f03-2rep,shortest_hop_count,automatic,False,,,10,10.0,0.75,conservative_min,,,,,0.1,1e-05,1000.0,-1.0,False,False,,REJECTED,,,,,,,,,,,0.000276,,,,,,,,no candidate route is feasible: a->r1->r2->b (min_fidelity 0.750 exceeds the achievable estimate 0.565 (one-round static estimate (BBPSSWCircuit.improved_fidelity); SeQUeNCe's 'until_target' mode may run a different number of rounds at execution time)),,,f4343c314e5de5e01ee6970aaa14b5974c1b49ea,1f2680a5b9065e708a7497adc53a95b108029b98,3.13.14,2026-07-13T16:34:13.378422+00:00,F03_purification,INFEASIBLE_AND_REJECTED
F03_purification,F03_purification:linear_chain_2_repeaters:78536bbf96b8f6da:shortest_hop_count__automatic__conservative_min:12:f03-2rep,linear_chain_2_repeaters,78536bbf96b8f6da,12,f03-2rep,shortest_hop_count,automatic,False,,,10,10.0,0.75,conservative_min,,,,,0.1,1e-05,1000.0,-1.0,False,False,,REJECTED,,,,,,,,,,,0.000218,,,,,,,,no candidate route is feasible: a->r1->r2->b (min_fidelity 0.750 exceeds the achievable estimate 0.565 (one-round static estimate (BBPSSWCircuit.improved_fidelity); SeQUeNCe's 'until_target' mode may run a different number of rounds at execution time)),,,f4343c314e5de5e01ee6970aaa14b5974c1b49ea,1f2680a5b9065e708a7497adc53a95b108029b98,3.13.14,2026-07-13T16:34:13.380454+00:00,F03_purification,INFEASIBLE_AND_REJECTED
F03_purification,F03_purification:linear_chain_2_repeaters:78536bbf96b8f6da:shortest_hop_count__automatic__conservative_min:13:f03-2rep,linear_chain_2_repeaters,78536bbf96b8f6da,13,f03-2rep,shortest_hop_count,automatic,False,,,10,10.0,0.75,conservative_min,,,,,0.1,1e-05,1000.0,-1.0,False,False,,REJECTED,,,,,,,,,,,0.000189,,,,,,,,no candidate route is feasible: a->r1->r2->b (min_fidelity 0.750 exceeds the achievable estimate 0.565 (one-round static estimate (BBPSSWCircuit.improved_fidelity); SeQUeNCe's 'until_target' mode may run a different number of rounds at execution time)),,,f4343c314e5de5e01ee6970aaa14b5974c1b49ea,1f2680a5b9065e708a7497adc53a95b108029b98,3.13.14,2026-07-13T16:34:13.382444+00:00,F03_purification,INFEASIBLE_AND_REJECTED
F03_purification,F03_purification:linear_chain_2_repeaters:78536bbf96b8f6da:shortest_hop_count__automatic__conservative_min:14:f03-2rep,linear_chain_2_repeaters,78536bbf96b8f6da,14,f03-2rep,shortest_hop_count,automatic,False,,,10,10.0,0.75,conservative_min,,,,,0.1,1e-05,1000.0,-1.0,False,False,,REJECTED,,,,,,,,,,,0.000259,,,,,,,,no candidate route is feasible: a->r1->r2->b (min_fidelity 0.750 exceeds the achievable estimate 0.565 (one-round static estimate (BBPSSWCircuit.improved_fidelity); SeQUeNCe's 'until_target' mode may run a different number of rounds at execution time)),,,f4343c314e5de5e01ee6970aaa14b5974c1b49ea,1f2680a5b9065e708a7497adc53a95b108029b98,3.13.14,2026-07-13T16:34:13.384411+00:00,F03_purification,INFEASIBLE_AND_REJECTED
F03_purification,F03_purification:linear_chain_2_repeaters:78536bbf96b8f6da:shortest_hop_count__automatic__conservative_min:15:f03-2rep,linear_chain_2_repeaters,78536bbf96b8f6da,15,f03-2rep,shortest_hop_count,automatic,False,,,10,10.0,0.75,conservative_min,,,,,0.1,1e-05,1000.0,-1.0,False,False,,REJECTED,,,,,,,,,,,0.000246,,,,,,,,no candidate route is feasible: a->r1->r2->b (min_fidelity 0.750 exceeds the achievable estimate 0.565 (one-round static estimate (BBPSSWCircuit.improved_fidelity); SeQUeNCe's 'until_target' mode may run a different number of rounds at execution time)),,,f4343c314e5de5e01ee6970aaa14b5974c1b49ea,1f2680a5b9065e708a7497adc53a95b108029b98,3.13.14,2026-07-13T16:34:13.386783+00:00,F03_purification,INFEASIBLE_AND_REJECTED
F03_purification,F03_purification:linear_chain_2_repeaters:78536bbf96b8f6da:shortest_hop_count__automatic__conservative_min:16:f03-2rep,linear_chain_2_repeaters,78536bbf96b8f6da,16,f03-2rep,shortest_hop_count,automatic,False,,,10,10.0,0.75,conservative_min,,,,,0.1,1e-05,1000.0,-1.0,False,False,,REJECTED,,,,,,,,,,,0.000283,,,,,,,,no candidate route is feasible: a->r1->r2->b (min_fidelity 0.750 exceeds the achievable estimate 0.565 (one-round static estimate (BBPSSWCircuit.improved_fidelity); SeQUeNCe's 'until_target' mode may run a different number of rounds at execution time)),,,f4343c314e5de5e01ee6970aaa14b5974c1b49ea,1f2680a5b9065e708a7497adc53a95b108029b98,3.13.14,2026-07-13T16:34:13.389141+00:00,F03_purification,INFEASIBLE_AND_REJECTED
F03_purification,F03_purification:linear_chain_2_repeaters:78536bbf96b8f6da:shortest_hop_count__automatic__conservative_min:17:f03-2rep,linear_chain_2_repeaters,78536bbf96b8f6da,17,f03-2rep,shortest_hop_count,automatic,False,,,10,10.0,0.75,conservative_min,,,,,0.1,1e-05,1000.0,-1.0,False,False,,REJECTED,,,,,,,,,,,0.000266,,,,,,,,no candidate route is feasible: a->r1->r2->b (min_fidelity 0.750 exceeds the achievable estimate 0.565 (one-round static estimate (BBPSSWCircuit.improved_fidelity); SeQUeNCe's 'until_target' mode may run a different number of rounds at execution time)),,,f4343c314e5de5e01ee6970aaa14b5974c1b49ea,1f2680a5b9065e708a7497adc53a95b108029b98,3.13.14,2026-07-13T16:34:13.391485+00:00,F03_purification,INFEASIBLE_AND_REJECTED
F03_purification,F03_purification:linear_chain_2_repeaters:78536bbf96b8f6da:shortest_hop_count__automatic__conservative_min:18:f03-2rep,linear_chain_2_repeaters,78536bbf96b8f6da,18,f03-2rep,shortest_hop_count,automatic,False,,,10,10.0,0.75,conservative_min,,,,,0.1,1e-05,1000.0,-1.0,False,False,,REJECTED,,,,,,,,,,,0.000309,,,,,,,,no candidate route is feasible: a->r1->r2->b (min_fidelity 0.750 exceeds the achievable estimate 0.565 (one-round static estimate (BBPSSWCircuit.improved_fidelity); SeQUeNCe's 'until_target' mode may run a different number of rounds at execution time)),,,f4343c314e5de5e01ee6970aaa14b5974c1b49ea,1f2680a5b9065e708a7497adc53a95b108029b98,3.13.14,2026-07-13T16:34:13.394192+00:00,F03_purification,INFEASIBLE_AND_REJECTED
F03_purification,F03_purification:linear_chain_2_repeaters:78536bbf96b8f6da:shortest_hop_count__automatic__conservative_min:19:f03-2rep,linear_chain_2_repeaters,78536bbf96b8f6da,19,f03-2rep,shortest_hop_count,automatic,False,,,10,10.0,0.75,conservative_min,,,,,0.1,1e-05,1000.0,-1.0,False,False,,REJECTED,,,,,,,,,,,0.000297,,,,,,,,no candidate route is feasible: a->r1->r2->b (min_fidelity 0.750 exceeds the achievable estimate 0.565 (one-round static estimate (BBPSSWCircuit.improved_fidelity); SeQUeNCe's 'until_target' mode may run a different number of rounds at execution time)),,,f4343c314e5de5e01ee6970aaa14b5974c1b49ea,1f2680a5b9065e708a7497adc53a95b108029b98,3.13.14,2026-07-13T16:34:13.396522+00:00,F03_purification,INFEASIBLE_AND_REJECTED
F03_purification,F03_purification:three_node_1_repeater:52237c70ad6298d3:shortest_hop_count__disabled__conservative_min:0:f03-1rep,three_node_1_repeater,52237c70ad6298d3,0,f03-1rep,shortest_hop_count,disabled,False,,,10,10.0,0.73,conservative_min,,,,,0.1,1e-05,1000.0,-1.0,False,False,,REJECTED,,,,,,,,,,,0.000451,,,,,,,,no candidate route is feasible: a->r->b (min_fidelity 0.730 exceeds the achievable estimate 0.686 (never-purify baseline strategy)),,,346d13d73b314be70c16e143c68a04cb832af4fc,1f2680a5b9065e708a7497adc53a95b108029b98,3.13.14,2026-07-13T23:26:09.100380+00:00,F03_purification,INFEASIBLE_BUT_POTENTIALLY_SATISFIABLE
F03_purification,F03_purification:three_node_1_repeater:52237c70ad6298d3:shortest_hop_count__disabled__conservative_min:1:f03-1rep,three_node_1_repeater,52237c70ad6298d3,1,f03-1rep,shortest_hop_count,disabled,False,,,10,10.0,0.73,conservative_min,,,,,0.1,1e-05,1000.0,-1.0,False,False,,REJECTED,,,,,,,,,,,0.00024,,,,,,,,no candidate route is feasible: a->r->b (min_fidelity 0.730 exceeds the achievable estimate 0.686 (never-purify baseline strategy)),,,346d13d73b314be70c16e143c68a04cb832af4fc,1f2680a5b9065e708a7497adc53a95b108029b98,3.13.14,2026-07-13T23:26:09.102771+00:00,F03_purification,INFEASIBLE_BUT_POTENTIALLY_SATISFIABLE
F03_purification,F03_purification:three_node_1_repeater:52237c70ad6298d3:shortest_hop_count__disabled__conservative_min:2:f03-1rep,three_node_1_repeater,52237c70ad6298d3,2,f03-1rep,shortest_hop_count,disabled,False,,,10,10.0,0.73,conservative_min,,,,,0.1,1e-05,1000.0,-1.0,False,False,,REJECTED,,,,,,,,,,,0.000158,,,,,,,,no candidate route is feasible: a->r->b (min_fidelity 0.730 exceeds the achievable estimate 0.686 (never-purify baseline strategy)),,,346d13d73b314be70c16e143c68a04cb832af4fc,1f2680a5b9065e708a7497adc53a95b108029b98,3.13.14,2026-07-13T23:26:09.104802+00:00,F03_purification,INFEASIBLE_BUT_POTENTIALLY_SATISFIABLE
F03_purification,F03_purification:three_node_1_repeater:52237c70ad6298d3:shortest_hop_count__disabled__conservative_min:3:f03-1rep,three_node_1_repeater,52237c70ad6298d3,3,f03-1rep,shortest_hop_count,disabled,False,,,10,10.0,0.73,conservative_min,,,,,0.1,1e-05,1000.0,-1.0,False,False,,REJECTED,,,,,,,,,,,0.000139,,,,,,,,no candidate route is feasible: a->r->b (min_fidelity 0.730 exceeds the achievable estimate 0.686 (never-purify baseline strategy)),,,346d13d73b314be70c16e143c68a04cb832af4fc,1f2680a5b9065e708a7497adc53a95b108029b98,3.13.14,2026-07-13T23:26:09.107146+00:00,F03_purification,INFEASIBLE_BUT_POTENTIALLY_SATISFIABLE
F03_purification,F03_purification:three_node_1_repeater:52237c70ad6298d3:shortest_hop_count__disabled__conservative_min:4:f03-1rep,three_node_1_repeater,52237c70ad6298d3,4,f03-1rep,shortest_hop_count,disabled,False,,,10,10.0,0.73,conservative_min,,,,,0.1,1e-05,1000.0,-1.0,False,False,,REJECTED,,,,,,,,,,,0.000147,,,,,,,,no candidate route is feasible: a->r->b (min_fidelity 0.730 exceeds the achievable estimate 0.686 (never-purify baseline strategy)),,,346d13d73b314be70c16e143c68a04cb832af4fc,1f2680a5b9065e708a7497adc53a95b108029b98,3.13.14,2026-07-13T23:26:09.109006+00:00,F03_purification,INFEASIBLE_BUT_POTENTIALLY_SATISFIABLE
F03_purification,F03_purification:three_node_1_repeater:52237c70ad6298d3:shortest_hop_count__disabled__conservative_min:5:f03-1rep,three_node_1_repeater,52237c70ad6298d3,5,f03-1rep,shortest_hop_count,disabled,False,,,10,10.0,0.73,conservative_min,,,,,0.1,1e-05,1000.0,-1.0,False,False,,REJECTED,,,,,,,,,,,0.000143,,,,,,,,no candidate route is feasible: a->r->b (min_fidelity 0.730 exceeds the achievable estimate 0.686 (never-purify baseline strategy)),,,346d13d73b314be70c16e143c68a04cb832af4fc,1f2680a5b9065e708a7497adc53a95b108029b98,3.13.14,2026-07-13T23:26:09.111044+00:00,F03_purification,INFEASIBLE_BUT_POTENTIALLY_SATISFIABLE
F03_purification,F03_purification:three_node_1_repeater:52237c70ad6298d3:shortest_hop_count__disabled__conservative_min:6:f03-1rep,three_node_1_repeater,52237c70ad6298d3,6,f03-1rep,shortest_hop_count,disabled,False,,,10,10.0,0.73,conservative_min,,,,,0.1,1e-05,1000.0,-1.0,False,False,,REJECTED,,,,,,,,,,,0.000157,,,,,,,,no candidate route is feasible: a->r->b (min_fidelity 0.730 exceeds the achievable estimate 0.686 (never-purify baseline strategy)),,,346d13d73b314be70c16e143c68a04cb832af4fc,1f2680a5b9065e708a7497adc53a95b108029b98,3.13.14,2026-07-13T23:26:09.112946+00:00,F03_purification,INFEASIBLE_BUT_POTENTIALLY_SATISFIABLE
F03_purification,F03_purification:three_node_1_repeater:52237c70ad6298d3:shortest_hop_count__disabled__conservative_min:7:f03-1rep,three_node_1_repeater,52237c70ad6298d3,7,f03-1rep,shortest_hop_count,disabled,False,,,10,10.0,0.73,conservative_min,,,,,0.1,1e-05,1000.0,-1.0,False,False,,REJECTED,,,,,,,,,,,0.000148,,,,,,,,no candidate route is feasible: a->r->b (min_fidelity 0.730 exceeds the achievable estimate 0.686 (never-purify baseline strategy)),,,346d13d73b314be70c16e143c68a04cb832af4fc,1f2680a5b9065e708a7497adc53a95b108029b98,3.13.14,2026-07-13T23:26:09.114706+00:00,F03_purification,INFEASIBLE_BUT_POTENTIALLY_SATISFIABLE
F03_purification,F03_purification:three_node_1_repeater:52237c70ad6298d3:shortest_hop_count__disabled__conservative_min:8:f03-1rep,three_node_1_repeater,52237c70ad6298d3,8,f03-1rep,shortest_hop_count,disabled,False,,,10,10.0,0.73,conservative_min,,,,,0.1,1e-05,1000.0,-1.0,False,False,,REJECTED,,,,,,,,,,,0.000134,,,,,,,,no candidate route is feasible: a->r->b (min_fidelity 0.730 exceeds the achievable estimate 0.686 (never-purify baseline strategy)),,,346d13d73b314be70c16e143c68a04cb832af4fc,1f2680a5b9065e708a7497adc53a95b108029b98,3.13.14,2026-07-13T23:26:09.116432+00:00,F03_purification,INFEASIBLE_BUT_POTENTIALLY_SATISFIABLE
F03_purification,F03_purification:three_node_1_repeater:52237c70ad6298d3:shortest_hop_count__disabled__conservative_min:9:f03-1rep,three_node_1_repeater,52237c70ad6298d3,9,f03-1rep,shortest_hop_count,disabled,False,,,10,10.0,0.73,conservative_min,,,,,0.1,1e-05,1000.0,-1.0,False,False,,REJECTED,,,,,,,,,,,0.000136,,,,,,,,no candidate route is feasible: a->r->b (min_fidelity 0.730 exceeds the achievable estimate 0.686 (never-purify baseline strategy)),,,346d13d73b314be70c16e143c68a04cb832af4fc,1f2680a5b9065e708a7497adc53a95b108029b98,3.13.14,2026-07-13T23:26:09.118508+00:00,F03_purification,INFEASIBLE_BUT_POTENTIALLY_SATISFIABLE
F03_purification,F03_purification:three_node_1_repeater:52237c70ad6298d3:shortest_hop_count__disabled__conservative_min:10:f03-1rep,three_node_1_repeater,52237c70ad6298d3,10,f03-1rep,shortest_hop_count,disabled,False,,,10,10.0,0.73,conservative_min,,,,,0.1,1e-05,1000.0,-1.0,False,False,,REJECTED,,,,,,,,,,,0.000138,,,,,,,,no candidate route is feasible: a->r->b (min_fidelity 0.730 exceeds the achievable estimate 0.686 (never-purify baseline strategy)),,,346d13d73b314be70c16e143c68a04cb832af4fc,1f2680a5b9065e708a7497adc53a95b108029b98,3.13.14,2026-07-13T23:26:09.120263+00:00,F03_purification,INFEASIBLE_BUT_POTENTIALLY_SATISFIABLE
F03_purification,F03_purification:three_node_1_repeater:52237c70ad6298d3:shortest_hop_count__disabled__conservative_min:11:f03-1rep,three_node_1_repeater,52237c70ad6298d3,11,f03-1rep,shortest_hop_count,disabled,False,,,10,10.0,0.73,conservative_min,,,,,0.1,1e-05,1000.0,-1.0,False,False,,REJECTED,,,,,,,,,,,0.000133,,,,,,,,no candidate route is feasible: a->r->b (min_fidelity 0.730 exceeds the achievable estimate 0.686 (never-purify baseline strategy)),,,346d13d73b314be70c16e143c68a04cb832af4fc,1f2680a5b9065e708a7497adc53a95b108029b98,3.13.14,2026-07-13T23:26:09.122164+00:00,F03_purification,INFEASIBLE_BUT_POTENTIALLY_SATISFIABLE
F03_purification,F03_purification:three_node_1_repeater:52237c70ad6298d3:shortest_hop_count__disabled__conservative_min:12:f03-1rep,three_node_1_repeater,52237c70ad6298d3,12,f03-1rep,shortest_hop_count,disabled,False,,,10,10.0,0.73,conservative_min,,,,,0.1,1e-05,1000.0,-1.0,False,False,,REJECTED,,,,,,,,,,,0.000129,,,,,,,,no candidate route is feasible: a->r->b (min_fidelity 0.730 exceeds the achievable estimate 0.686 (never-purify baseline strategy)),,,346d13d73b314be70c16e143c68a04cb832af4fc,1f2680a5b9065e708a7497adc53a95b108029b98,3.13.14,2026-07-13T23:26:09.123855+00:00,F03_purification,INFEASIBLE_BUT_POTENTIALLY_SATISFIABLE
F03_purification,F03_purification:three_node_1_repeater:52237c70ad6298d3:shortest_hop_count__disabled__conservative_min:13:f03-1rep,three_node_1_repeater,52237c70ad6298d3,13,f03-1rep,shortest_hop_count,disabled,False,,,10,10.0,0.73,conservative_min,,,,,0.1,1e-05,1000.0,-1.0,False,False,,REJECTED,,,,,,,,,,,0.000136,,,,,,,,no candidate route is feasible: a->r->b (min_fidelity 0.730 exceeds the achievable estimate 0.686 (never-purify baseline strategy)),,,346d13d73b314be70c16e143c68a04cb832af4fc,1f2680a5b9065e708a7497adc53a95b108029b98,3.13.14,2026-07-13T23:26:09.125701+00:00,F03_purification,INFEASIBLE_BUT_POTENTIALLY_SATISFIABLE
F03_purification,F03_purification:three_node_1_repeater:52237c70ad6298d3:shortest_hop_count__disabled__conservative_min:14:f03-1rep,three_node_1_repeater,52237c70ad6298d3,14,f03-1rep,shortest_hop_count,disabled,False,,,10,10.0,0.73,conservative_min,,,,,0.1,1e-05,1000.0,-1.0,False,False,,REJECTED,,,,,,,,,,,0.000132,,,,,,,,no candidate route is feasible: a->r->b (min_fidelity 0.730 exceeds the achievable estimate 0.686 (never-purify baseline strategy)),,,346d13d73b314be70c16e143c68a04cb832af4fc,1f2680a5b9065e708a7497adc53a95b108029b98,3.13.14,2026-07-13T23:26:09.127457+00:00,F03_purification,INFEASIBLE_BUT_POTENTIALLY_SATISFIABLE
F03_purification,F03_purification:three_node_1_repeater:52237c70ad6298d3:shortest_hop_count__disabled__conservative_min:15:f03-1rep,three_node_1_repeater,52237c70ad6298d3,15,f03-1rep,shortest_hop_count,disabled,False,,,10,10.0,0.73,conservative_min,,,,,0.1,1e-05,1000.0,-1.0,False,False,,REJECTED,,,,,,,,,,,0.000148,,,,,,,,no candidate route is feasible: a->r->b (min_fidelity 0.730 exceeds the achievable estimate 0.686 (never-purify baseline strategy)),,,346d13d73b314be70c16e143c68a04cb832af4fc,1f2680a5b9065e708a7497adc53a95b108029b98,3.13.14,2026-07-13T23:26:09.129174+00:00,F03_purification,INFEASIBLE_BUT_POTENTIALLY_SATISFIABLE
F03_purification,F03_purification:three_node_1_repeater:52237c70ad6298d3:shortest_hop_count__disabled__conservative_min:16:f03-1rep,three_node_1_repeater,52237c70ad6298d3,16,f03-1rep,shortest_hop_count,disabled,False,,,10,10.0,0.73,conservative_min,,,,,0.1,1e-05,1000.0,-1.0,False,False,,REJECTED,,,,,,,,,,,0.000144,,,,,,,,no candidate route is feasible: a->r->b (min_fidelity 0.730 exceeds the achievable estimate 0.686 (never-purify baseline strategy)),,,346d13d73b314be70c16e143c68a04cb832af4fc,1f2680a5b9065e708a7497adc53a95b108029b98,3.13.14,2026-07-13T23:26:09.131028+00:00,F03_purification,INFEASIBLE_BUT_POTENTIALLY_SATISFIABLE
F03_purification,F03_purification:three_node_1_repeater:52237c70ad6298d3:shortest_hop_count__disabled__conservative_min:17:f03-1rep,three_node_1_repeater,52237c70ad6298d3,17,f03-1rep,shortest_hop_count,disabled,False,,,10,10.0,0.73,conservative_min,,,,,0.1,1e-05,1000.0,-1.0,False,False,,REJECTED,,,,,,,,,,,0.000137,,,,,,,,no candidate route is feasible: a->r->b (min_fidelity 0.730 exceeds the achievable estimate 0.686 (never-purify baseline strategy)),,,346d13d73b314be70c16e143c68a04cb832af4fc,1f2680a5b9065e708a7497adc53a95b108029b98,3.13.14,2026-07-13T23:26:09.132872+00:00,F03_purification,INFEASIBLE_BUT_POTENTIALLY_SATISFIABLE
F03_purification,F03_purification:three_node_1_repeater:52237c70ad6298d3:shortest_hop_count__disabled__conservative_min:18:f03-1rep,three_node_1_repeater,52237c70ad6298d3,18,f03-1rep,shortest_hop_count,disabled,False,,,10,10.0,0.73,conservative_min,,,,,0.1,1e-05,1000.0,-1.0,False,False,,REJECTED,,,,,,,,,,,0.000136,,,,,,,,no candidate route is feasible: a->r->b (min_fidelity 0.730 exceeds the achievable estimate 0.686 (never-purify baseline strategy)),,,346d13d73b314be70c16e143c68a04cb832af4fc,1f2680a5b9065e708a7497adc53a95b108029b98,3.13.14,2026-07-13T23:26:09.134637+00:00,F03_purification,INFEASIBLE_BUT_POTENTIALLY_SATISFIABLE
F03_purification,F03_purification:three_node_1_repeater:52237c70ad6298d3:shortest_hop_count__disabled__conservative_min:19:f03-1rep,three_node_1_repeater,52237c70ad6298d3,19,f03-1rep,shortest_hop_count,disabled,False,,,10,10.0,0.73,conservative_min,,,,,0.1,1e-05,1000.0,-1.0,False,False,,REJECTED,,,,,,,,,,,0.000133,,,,,,,,no candidate route is feasible: a->r->b (min_fidelity 0.730 exceeds the achievable estimate 0.686 (never-purify baseline strategy)),,,346d13d73b314be70c16e143c68a04cb832af4fc,1f2680a5b9065e708a7497adc53a95b108029b98,3.13.14,2026-07-13T23:26:09.136435+00:00,F03_purification,INFEASIBLE_BUT_POTENTIALLY_SATISFIABLE
F03_purification,F03_purification:three_node_1_repeater:7b142d992c86d22b:shortest_hop_count__automatic__conservative_min:0:f03-1rep,three_node_1_repeater,7b142d992c86d22b,0,f03-1rep,shortest_hop_count,automatic,False,,,10,10.0,0.73,conservative_min,,,,,0.1,1e-05,1000.0,-1.0,False,False,,REJECTED,,,,,,,,,,,0.000144,,,,,,,,no candidate route is feasible: a->r->b (min_fidelity 0.730 exceeds the achievable estimate 0.720 (one-round static estimate (BBPSSWCircuit.improved_fidelity); SeQUeNCe's 'until_target' mode may run a different number of rounds at execution time)),,,346d13d73b314be70c16e143c68a04cb832af4fc,1f2680a5b9065e708a7497adc53a95b108029b98,3.13.14,2026-07-13T23:26:09.138403+00:00,F03_purification,INFEASIBLE_BUT_POTENTIALLY_SATISFIABLE
F03_purification,F03_purification:three_node_1_repeater:7b142d992c86d22b:shortest_hop_count__automatic__conservative_min:1:f03-1rep,three_node_1_repeater,7b142d992c86d22b,1,f03-1rep,shortest_hop_count,automatic,False,,,10,10.0,0.73,conservative_min,,,,,0.1,1e-05,1000.0,-1.0,False,False,,REJECTED,,,,,,,,,,,0.000137,,,,,,,,no candidate route is feasible: a->r->b (min_fidelity 0.730 exceeds the achievable estimate 0.720 (one-round static estimate (BBPSSWCircuit.improved_fidelity); SeQUeNCe's 'until_target' mode may run a different number of rounds at execution time)),,,346d13d73b314be70c16e143c68a04cb832af4fc,1f2680a5b9065e708a7497adc53a95b108029b98,3.13.14,2026-07-13T23:26:09.140149+00:00,F03_purification,INFEASIBLE_BUT_POTENTIALLY_SATISFIABLE
F03_purification,F03_purification:three_node_1_repeater:7b142d992c86d22b:shortest_hop_count__automatic__conservative_min:2:f03-1rep,three_node_1_repeater,7b142d992c86d22b,2,f03-1rep,shortest_hop_count,automatic,False,,,10,10.0,0.73,conservative_min,,,,,0.1,1e-05,1000.0,-1.0,False,False,,REJECTED,,,,,,,,,,,0.000146,,,,,,,,no candidate route is feasible: a->r->b (min_fidelity 0.730 exceeds the achievable estimate 0.720 (one-round static estimate (BBPSSWCircuit.improved_fidelity); SeQUeNCe's 'until_target' mode may run a different number of rounds at execution time)),,,346d13d73b314be70c16e143c68a04cb832af4fc,1f2680a5b9065e708a7497adc53a95b108029b98,3.13.14,2026-07-13T23:26:09.141920+00:00,F03_purification,INFEASIBLE_BUT_POTENTIALLY_SATISFIABLE
F03_purification,F03_purification:three_node_1_repeater:7b142d992c86d22b:shortest_hop_count__automatic__conservative_min:3:f03-1rep,three_node_1_repeater,7b142d992c86d22b,3,f03-1rep,shortest_hop_count,automatic,False,,,10,10.0,0.73,conservative_min,,,,,0.1,1e-05,1000.0,-1.0,False,False,,REJECTED,,,,,,,,,,,0.000154,,,,,,,,no candidate route is feasible: a->r->b (min_fidelity 0.730 exceeds the achievable estimate 0.720 (one-round static estimate (BBPSSWCircuit.improved_fidelity); SeQUeNCe's 'until_target' mode may run a different number of rounds at execution time)),,,346d13d73b314be70c16e143c68a04cb832af4fc,1f2680a5b9065e708a7497adc53a95b108029b98,3.13.14,2026-07-13T23:26:09.143725+00:00,F03_purification,INFEASIBLE_BUT_POTENTIALLY_SATISFIABLE
F03_purification,F03_purification:three_node_1_repeater:7b142d992c86d22b:shortest_hop_count__automatic__conservative_min:4:f03-1rep,three_node_1_repeater,7b142d992c86d22b,4,f03-1rep,shortest_hop_count,automatic,False,,,10,10.0,0.73,conservative_min,,,,,0.1,1e-05,1000.0,-1.0,False,False,,REJECTED,,,,,,,,,,,0.000192,,,,,,,,no candidate route is feasible: a->r->b (min_fidelity 0.730 exceeds the achievable estimate 0.720 (one-round static estimate (BBPSSWCircuit.improved_fidelity); SeQUeNCe's 'until_target' mode may run a different number of rounds at execution time)),,,346d13d73b314be70c16e143c68a04cb832af4fc,1f2680a5b9065e708a7497adc53a95b108029b98,3.13.14,2026-07-13T23:26:09.145725+00:00,F03_purification,INFEASIBLE_BUT_POTENTIALLY_SATISFIABLE
F03_purification,F03_purification:three_node_1_repeater:7b142d992c86d22b:shortest_hop_count__automatic__conservative_min:5:f03-1rep,three_node_1_repeater,7b142d992c86d22b,5,f03-1rep,shortest_hop_count,automatic,False,,,10,10.0,0.73,conservative_min,,,,,0.1,1e-05,1000.0,-1.0,False,False,,REJECTED,,,,,,,,,,,0.000166,,,,,,,,no candidate route is feasible: a->r->b (min_fidelity 0.730 exceeds the achievable estimate 0.720 (one-round static estimate (BBPSSWCircuit.improved_fidelity); SeQUeNCe's 'until_target' mode may run a different number of rounds at execution time)),,,346d13d73b314be70c16e143c68a04cb832af4fc,1f2680a5b9065e708a7497adc53a95b108029b98,3.13.14,2026-07-13T23:26:09.147637+00:00,F03_purification,INFEASIBLE_BUT_POTENTIALLY_SATISFIABLE
F03_purification,F03_purification:three_node_1_repeater:7b142d992c86d22b:shortest_hop_count__automatic__conservative_min:6:f03-1rep,three_node_1_repeater,7b142d992c86d22b,6,f03-1rep,shortest_hop_count,automatic,False,,,10,10.0,0.73,conservative_min,,,,,0.1,1e-05,1000.0,-1.0,False,False,,REJECTED,,,,,,,,,,,0.000145,,,,,,,,no candidate route is feasible: a->r->b (min_fidelity 0.730 exceeds the achievable estimate 0.720 (one-round static estimate (BBPSSWCircuit.improved_fidelity); SeQUeNCe's 'until_target' mode may run a different number of rounds at execution time)),,,346d13d73b314be70c16e143c68a04cb832af4fc,1f2680a5b9065e708a7497adc53a95b108029b98,3.13.14,2026-07-13T23:26:09.149368+00:00,F03_purification,INFEASIBLE_BUT_POTENTIALLY_SATISFIABLE
F03_purification,F03_purification:three_node_1_repeater:7b142d992c86d22b:shortest_hop_count__automatic__conservative_min:7:f03-1rep,three_node_1_repeater,7b142d992c86d22b,7,f03-1rep,shortest_hop_count,automatic,False,,,10,10.0,0.73,conservative_min,,,,,0.1,1e-05,1000.0,-1.0,False,False,,REJECTED,,,,,,,,,,,0.000143,,,,,,,,no candidate route is feasible: a->r->b (min_fidelity 0.730 exceeds the achievable estimate 0.720 (one-round static estimate (BBPSSWCircuit.improved_fidelity); SeQUeNCe's 'until_target' mode may run a different number of rounds at execution time)),,,346d13d73b314be70c16e143c68a04cb832af4fc,1f2680a5b9065e708a7497adc53a95b108029b98,3.13.14,2026-07-13T23:26:09.151147+00:00,F03_purification,INFEASIBLE_BUT_POTENTIALLY_SATISFIABLE
F03_purification,F03_purification:three_node_1_repeater:7b142d992c86d22b:shortest_hop_count__automatic__conservative_min:8:f03-1rep,three_node_1_repeater,7b142d992c86d22b,8,f03-1rep,shortest_hop_count,automatic,False,,,10,10.0,0.73,conservative_min,,,,,0.1,1e-05,1000.0,-1.0,False,False,,REJECTED,,,,,,,,,,,0.000157,,,,,,,,no candidate route is feasible: a->r->b (min_fidelity 0.730 exceeds the achievable estimate 0.720 (one-round static estimate (BBPSSWCircuit.improved_fidelity); SeQUeNCe's 'until_target' mode may run a different number of rounds at execution time)),,,346d13d73b314be70c16e143c68a04cb832af4fc,1f2680a5b9065e708a7497adc53a95b108029b98,3.13.14,2026-07-13T23:26:09.152938+00:00,F03_purification,INFEASIBLE_BUT_POTENTIALLY_SATISFIABLE
F03_purification,F03_purification:three_node_1_repeater:7b142d992c86d22b:shortest_hop_count__automatic__conservative_min:9:f03-1rep,three_node_1_repeater,7b142d992c86d22b,9,f03-1rep,shortest_hop_count,automatic,False,,,10,10.0,0.73,conservative_min,,,,,0.1,1e-05,1000.0,-1.0,False,False,,REJECTED,,,,,,,,,,,0.000148,,,,,,,,no candidate route is feasible: a->r->b (min_fidelity 0.730 exceeds the achievable estimate 0.720 (one-round static estimate (BBPSSWCircuit.improved_fidelity); SeQUeNCe's 'until_target' mode may run a different number of rounds at execution time)),,,346d13d73b314be70c16e143c68a04cb832af4fc,1f2680a5b9065e708a7497adc53a95b108029b98,3.13.14,2026-07-13T23:26:09.154726+00:00,F03_purification,INFEASIBLE_BUT_POTENTIALLY_SATISFIABLE
F03_purification,F03_purification:three_node_1_repeater:7b142d992c86d22b:shortest_hop_count__automatic__conservative_min:10:f03-1rep,three_node_1_repeater,7b142d992c86d22b,10,f03-1rep,shortest_hop_count,automatic,False,,,10,10.0,0.73,conservative_min,,,,,0.1,1e-05,1000.0,-1.0,False,False,,REJECTED,,,,,,,,,,,0.000134,,,,,,,,no candidate route is feasible: a->r->b (min_fidelity 0.730 exceeds the achievable estimate 0.720 (one-round static estimate (BBPSSWCircuit.improved_fidelity); SeQUeNCe's 'until_target' mode may run a different number of rounds at execution time)),,,346d13d73b314be70c16e143c68a04cb832af4fc,1f2680a5b9065e708a7497adc53a95b108029b98,3.13.14,2026-07-13T23:26:09.156474+00:00,F03_purification,INFEASIBLE_BUT_POTENTIALLY_SATISFIABLE
F03_purification,F03_purification:three_node_1_repeater:7b142d992c86d22b:shortest_hop_count__automatic__conservative_min:11:f03-1rep,three_node_1_repeater,7b142d992c86d22b,11,f03-1rep,shortest_hop_count,automatic,False,,,10,10.0,0.73,conservative_min,,,,,0.1,1e-05,1000.0,-1.0,False,False,,REJECTED,,,,,,,,,,,0.000133,,,,,,,,no candidate route is feasible: a->r->b (min_fidelity 0.730 exceeds the achievable estimate 0.720 (one-round static estimate (BBPSSWCircuit.improved_fidelity); SeQUeNCe's 'until_target' mode may run a different number of rounds at execution time)),,,346d13d73b314be70c16e143c68a04cb832af4fc,1f2680a5b9065e708a7497adc53a95b108029b98,3.13.14,2026-07-13T23:26:09.158251+00:00,F03_purification,INFEASIBLE_BUT_POTENTIALLY_SATISFIABLE
F03_purification,F03_purification:three_node_1_repeater:7b142d992c86d22b:shortest_hop_count__automatic__conservative_min:12:f03-1rep,three_node_1_repeater,7b142d992c86d22b,12,f03-1rep,shortest_hop_count,automatic,False,,,10,10.0,0.73,conservative_min,,,,,0.1,1e-05,1000.0,-1.0,False,False,,REJECTED,,,,,,,,,,,0.000131,,,,,,,,no candidate route is feasible: a->r->b (min_fidelity 0.730 exceeds the achievable estimate 0.720 (one-round static estimate (BBPSSWCircuit.improved_fidelity); SeQUeNCe's 'until_target' mode may run a different number of rounds at execution time)),,,346d13d73b314be70c16e143c68a04cb832af4fc,1f2680a5b9065e708a7497adc53a95b108029b98,3.13.14,2026-07-13T23:26:09.159988+00:00,F03_purification,INFEASIBLE_BUT_POTENTIALLY_SATISFIABLE
F03_purification,F03_purification:three_node_1_repeater:7b142d992c86d22b:shortest_hop_count__automatic__conservative_min:13:f03-1rep,three_node_1_repeater,7b142d992c86d22b,13,f03-1rep,shortest_hop_count,automatic,False,,,10,10.0,0.73,conservative_min,,,,,0.1,1e-05,1000.0,-1.0,False,False,,REJECTED,,,,,,,,,,,0.000172,,,,,,,,no candidate route is feasible: a->r->b (min_fidelity 0.730 exceeds the achievable estimate 0.720 (one-round static estimate (BBPSSWCircuit.improved_fidelity); SeQUeNCe's 'until_target' mode may run a different number of rounds at execution time)),,,346d13d73b314be70c16e143c68a04cb832af4fc,1f2680a5b9065e708a7497adc53a95b108029b98,3.13.14,2026-07-13T23:26:09.161752+00:00,F03_purification,INFEASIBLE_BUT_POTENTIALLY_SATISFIABLE
F03_purification,F03_purification:three_node_1_repeater:7b142d992c86d22b:shortest_hop_count__automatic__conservative_min:14:f03-1rep,three_node_1_repeater,7b142d992c86d22b,14,f03-1rep,shortest_hop_count,automatic,False,,,10,10.0,0.73,conservative_min,,,,,0.1,1e-05,1000.0,-1.0,False,False,,REJECTED,,,,,,,,,,,0.000161,,,,,,,,no candidate route is feasible: a->r->b (min_fidelity 0.730 exceeds the achievable estimate 0.720 (one-round static estimate (BBPSSWCircuit.improved_fidelity); SeQUeNCe's 'until_target' mode may run a different number of rounds at execution time)),,,346d13d73b314be70c16e143c68a04cb832af4fc,1f2680a5b9065e708a7497adc53a95b108029b98,3.13.14,2026-07-13T23:26:09.163691+00:00,F03_purification,INFEASIBLE_BUT_POTENTIALLY_SATISFIABLE
F03_purification,F03_purification:three_node_1_repeater:7b142d992c86d22b:shortest_hop_count__automatic__conservative_min:15:f03-1rep,three_node_1_repeater,7b142d992c86d22b,15,f03-1rep,shortest_hop_count,automatic,False,,,10,10.0,0.73,conservative_min,,,,,0.1,1e-05,1000.0,-1.0,False,False,,REJECTED,,,,,,,,,,,0.000144,,,,,,,,no candidate route is feasible: a->r->b (min_fidelity 0.730 exceeds the achievable estimate 0.720 (one-round static estimate (BBPSSWCircuit.improved_fidelity); SeQUeNCe's 'until_target' mode may run a different number of rounds at execution time)),,,346d13d73b314be70c16e143c68a04cb832af4fc,1f2680a5b9065e708a7497adc53a95b108029b98,3.13.14,2026-07-13T23:26:09.165485+00:00,F03_purification,INFEASIBLE_BUT_POTENTIALLY_SATISFIABLE
F03_purification,F03_purification:three_node_1_repeater:7b142d992c86d22b:shortest_hop_count__automatic__conservative_min:16:f03-1rep,three_node_1_repeater,7b142d992c86d22b,16,f03-1rep,shortest_hop_count,automatic,False,,,10,10.0,0.73,conservative_min,,,,,0.1,1e-05,1000.0,-1.0,False,False,,REJECTED,,,,,,,,,,,0.000143,,,,,,,,no candidate route is feasible: a->r->b (min_fidelity 0.730 exceeds the achievable estimate 0.720 (one-round static estimate (BBPSSWCircuit.improved_fidelity); SeQUeNCe's 'until_target' mode may run a different number of rounds at execution time)),,,346d13d73b314be70c16e143c68a04cb832af4fc,1f2680a5b9065e708a7497adc53a95b108029b98,3.13.14,2026-07-13T23:26:09.167212+00:00,F03_purification,INFEASIBLE_BUT_POTENTIALLY_SATISFIABLE
F03_purification,F03_purification:three_node_1_repeater:7b142d992c86d22b:shortest_hop_count__automatic__conservative_min:17:f03-1rep,three_node_1_repeater,7b142d992c86d22b,17,f03-1rep,shortest_hop_count,automatic,False,,,10,10.0,0.73,conservative_min,,,,,0.1,1e-05,1000.0,-1.0,False,False,,REJECTED,,,,,,,,,,,0.00015,,,,,,,,no candidate route is feasible: a->r->b (min_fidelity 0.730 exceeds the achievable estimate 0.720 (one-round static estimate (BBPSSWCircuit.improved_fidelity); SeQUeNCe's 'until_target' mode may run a different number of rounds at execution time)),,,346d13d73b314be70c16e143c68a04cb832af4fc,1f2680a5b9065e708a7497adc53a95b108029b98,3.13.14,2026-07-13T23:26:09.169081+00:00,F03_purification,INFEASIBLE_BUT_POTENTIALLY_SATISFIABLE
F03_purification,F03_purification:three_node_1_repeater:7b142d992c86d22b:shortest_hop_count__automatic__conservative_min:18:f03-1rep,three_node_1_repeater,7b142d992c86d22b,18,f03-1rep,shortest_hop_count,automatic,False,,,10,10.0,0.73,conservative_min,,,,,0.1,1e-05,1000.0,-1.0,False,False,,REJECTED,,,,,,,,,,,0.00014,,,,,,,,no candidate route is feasible: a->r->b (min_fidelity 0.730 exceeds the achievable estimate 0.720 (one-round static estimate (BBPSSWCircuit.improved_fidelity); SeQUeNCe's 'until_target' mode may run a different number of rounds at execution time)),,,346d13d73b314be70c16e143c68a04cb832af4fc,1f2680a5b9065e708a7497adc53a95b108029b98,3.13.14,2026-07-13T23:26:09.170917+00:00,F03_purification,INFEASIBLE_BUT_POTENTIALLY_SATISFIABLE
F03_purification,F03_purification:three_node_1_repeater:7b142d992c86d22b:shortest_hop_count__automatic__conservative_min:19:f03-1rep,three_node_1_repeater,7b142d992c86d22b,19,f03-1rep,shortest_hop_count,automatic,False,,,10,10.0,0.73,conservative_min,,,,,0.1,1e-05,1000.0,-1.0,False,False,,REJECTED,,,,,,,,,,,0.000135,,,,,,,,no candidate route is feasible: a->r->b (min_fidelity 0.730 exceeds the achievable estimate 0.720 (one-round static estimate (BBPSSWCircuit.improved_fidelity); SeQUeNCe's 'until_target' mode may run a different number of rounds at execution time)),,,346d13d73b314be70c16e143c68a04cb832af4fc,1f2680a5b9065e708a7497adc53a95b108029b98,3.13.14,2026-07-13T23:26:09.172756+00:00,F03_purification,INFEASIBLE_BUT_POTENTIALLY_SATISFIABLE
F03_purification,F03_purification:three_node_1_repeater:507bd3bd6f622265:shortest_hop_count__disabled__conservative_min:0:f03-1rep,three_node_1_repeater,507bd3bd6f622265,0,f03-1rep,shortest_hop_count,disabled,False,,,10,10.0,0.735,conservative_min,,,,,0.1,1e-05,1000.0,-1.0,False,False,,REJECTED,,,,,,,,,,,0.000129,,,,,,,,no candidate route is feasible: a->r->b (min_fidelity 0.735 exceeds the achievable estimate 0.686 (never-purify baseline strategy)),,,346d13d73b314be70c16e143c68a04cb832af4fc,1f2680a5b9065e708a7497adc53a95b108029b98,3.13.14,2026-07-13T23:26:09.174557+00:00,F03_purification,INFEASIBLE_BUT_POTENTIALLY_SATISFIABLE
F03_purification,F03_purification:three_node_1_repeater:507bd3bd6f622265:shortest_hop_count__disabled__conservative_min:1:f03-1rep,three_node_1_repeater,507bd3bd6f622265,1,f03-1rep,shortest_hop_count,disabled,False,,,10,10.0,0.735,conservative_min,,,,,0.1,1e-05,1000.0,-1.0,False,False,,REJECTED,,,,,,,,,,,0.000136,,,,,,,,no candidate route is feasible: a->r->b (min_fidelity 0.735 exceeds the achievable estimate 0.686 (never-purify baseline strategy)),,,346d13d73b314be70c16e143c68a04cb832af4fc,1f2680a5b9065e708a7497adc53a95b108029b98,3.13.14,2026-07-13T23:26:09.176288+00:00,F03_purification,INFEASIBLE_BUT_POTENTIALLY_SATISFIABLE
F03_purification,F03_purification:three_node_1_repeater:507bd3bd6f622265:shortest_hop_count__disabled__conservative_min:2:f03-1rep,three_node_1_repeater,507bd3bd6f622265,2,f03-1rep,shortest_hop_count,disabled,False,,,10,10.0,0.735,conservative_min,,,,,0.1,1e-05,1000.0,-1.0,False,False,,REJECTED,,,,,,,,,,,0.00013,,,,,,,,no candidate route is feasible: a->r->b (min_fidelity 0.735 exceeds the achievable estimate 0.686 (never-purify baseline strategy)),,,346d13d73b314be70c16e143c68a04cb832af4fc,1f2680a5b9065e708a7497adc53a95b108029b98,3.13.14,2026-07-13T23:26:09.177983+00:00,F03_purification,INFEASIBLE_BUT_POTENTIALLY_SATISFIABLE
F03_purification,F03_purification:three_node_1_repeater:507bd3bd6f622265:shortest_hop_count__disabled__conservative_min:3:f03-1rep,three_node_1_repeater,507bd3bd6f622265,3,f03-1rep,shortest_hop_count,disabled,False,,,10,10.0,0.735,conservative_min,,,,,0.1,1e-05,1000.0,-1.0,False,False,,REJECTED,,,,,,,,,,,0.000173,,,,,,,,no candidate route is feasible: a->r->b (min_fidelity 0.735 exceeds the achievable estimate 0.686 (never-purify baseline strategy)),,,346d13d73b314be70c16e143c68a04cb832af4fc,1f2680a5b9065e708a7497adc53a95b108029b98,3.13.14,2026-07-13T23:26:09.179887+00:00,F03_purification,INFEASIBLE_BUT_POTENTIALLY_SATISFIABLE
F03_purification,F03_purification:three_node_1_repeater:507bd3bd6f622265:shortest_hop_count__disabled__conservative_min:4:f03-1rep,three_node_1_repeater,507bd3bd6f622265,4,f03-1rep,shortest_hop_count,disabled,False,,,10,10.0,0.735,conservative_min,,,,,0.1,1e-05,1000.0,-1.0,False,False,,REJECTED,,,,,,,,,,,0.00016,,,,,,,,no candidate route is feasible: a->r->b (min_fidelity 0.735 exceeds the achievable estimate 0.686 (never-purify baseline strategy)),,,346d13d73b314be70c16e143c68a04cb832af4fc,1f2680a5b9065e708a7497adc53a95b108029b98,3.13.14,2026-07-13T23:26:09.181776+00:00,F03_purification,INFEASIBLE_BUT_POTENTIALLY_SATISFIABLE
F03_purification,F03_purification:three_node_1_repeater:507bd3bd6f622265:shortest_hop_count__disabled__conservative_min:5:f03-1rep,three_node_1_repeater,507bd3bd6f622265,5,f03-1rep,shortest_hop_count,disabled,False,,,10,10.0,0.735,conservative_min,,,,,0.1,1e-05,1000.0,-1.0,False,False,,REJECTED,,,,,,,,,,,0.000146,,,,,,,,no candidate route is feasible: a->r->b (min_fidelity 0.735 exceeds the achievable estimate 0.686 (never-purify baseline strategy)),,,346d13d73b314be70c16e143c68a04cb832af4fc,1f2680a5b9065e708a7497adc53a95b108029b98,3.13.14,2026-07-13T23:26:09.183660+00:00,F03_purification,INFEASIBLE_BUT_POTENTIALLY_SATISFIABLE
F03_purification,F03_purification:three_node_1_repeater:507bd3bd6f622265:shortest_hop_count__disabled__conservative_min:6:f03-1rep,three_node_1_repeater,507bd3bd6f622265,6,f03-1rep,shortest_hop_count,disabled,False,,,10,10.0,0.735,conservative_min,,,,,0.1,1e-05,1000.0,-1.0,False,False,,REJECTED,,,,,,,,,,,0.000191,,,,,,,,no candidate route is feasible: a->r->b (min_fidelity 0.735 exceeds the achievable estimate 0.686 (never-purify baseline strategy)),,,346d13d73b314be70c16e143c68a04cb832af4fc,1f2680a5b9065e708a7497adc53a95b108029b98,3.13.14,2026-07-13T23:26:09.185692+00:00,F03_purification,INFEASIBLE_BUT_POTENTIALLY_SATISFIABLE
F03_purification,F03_purification:three_node_1_repeater:507bd3bd6f622265:shortest_hop_count__disabled__conservative_min:7:f03-1rep,three_node_1_repeater,507bd3bd6f622265,7,f03-1rep,shortest_hop_count,disabled,False,,,10,10.0,0.735,conservative_min,,,,,0.1,1e-05,1000.0,-1.0,False,False,,REJECTED,,,,,,,,,,,0.00016,,,,,,,,no candidate route is feasible: a->r->b (min_fidelity 0.735 exceeds the achievable estimate 0.686 (never-purify baseline strategy)),,,346d13d73b314be70c16e143c68a04cb832af4fc,1f2680a5b9065e708a7497adc53a95b108029b98,3.13.14,2026-07-13T23:26:09.187582+00:00,F03_purification,INFEASIBLE_BUT_POTENTIALLY_SATISFIABLE
F03_purification,F03_purification:three_node_1_repeater:507bd3bd6f622265:shortest_hop_count__disabled__conservative_min:8:f03-1rep,three_node_1_repeater,507bd3bd6f622265,8,f03-1rep,shortest_hop_count,disabled,False,,,10,10.0,0.735,conservative_min,,,,,0.1,1e-05,1000.0,-1.0,False,False,,REJECTED,,,,,,,,,,,0.000151,,,,,,,,no candidate route is feasible: a->r->b (min_fidelity 0.735 exceeds the achievable estimate 0.686 (never-purify baseline strategy)),,,346d13d73b314be70c16e143c68a04cb832af4fc,1f2680a5b9065e708a7497adc53a95b108029b98,3.13.14,2026-07-13T23:26:09.189423+00:00,F03_purification,INFEASIBLE_BUT_POTENTIALLY_SATISFIABLE
F03_purification,F03_purification:three_node_1_repeater:507bd3bd6f622265:shortest_hop_count__disabled__conservative_min:9:f03-1rep,three_node_1_repeater,507bd3bd6f622265,9,f03-1rep,shortest_hop_count,disabled,False,,,10,10.0,0.735,conservative_min,,,,,0.1,1e-05,1000.0,-1.0,False,False,,REJECTED,,,,,,,,,,,0.000153,,,,,,,,no candidate route is feasible: a->r->b (min_fidelity 0.735 exceeds the achievable estimate 0.686 (never-purify baseline strategy)),,,346d13d73b314be70c16e143c68a04cb832af4fc,1f2680a5b9065e708a7497adc53a95b108029b98,3.13.14,2026-07-13T23:26:09.191162+00:00,F03_purification,INFEASIBLE_BUT_POTENTIALLY_SATISFIABLE
F03_purification,F03_purification:three_node_1_repeater:507bd3bd6f622265:shortest_hop_count__disabled__conservative_min:10:f03-1rep,three_node_1_repeater,507bd3bd6f622265,10,f03-1rep,shortest_hop_count,disabled,False,,,10,10.0,0.735,conservative_min,,,,,0.1,1e-05,1000.0,-1.0,False,False,,REJECTED,,,,,,,,,,,0.000143,,,,,,,,no candidate route is feasible: a->r->b (min_fidelity 0.735 exceeds the achievable estimate 0.686 (never-purify baseline strategy)),,,346d13d73b314be70c16e143c68a04cb832af4fc,1f2680a5b9065e708a7497adc53a95b108029b98,3.13.14,2026-07-13T23:26:09.192878+00:00,F03_purification,INFEASIBLE_BUT_POTENTIALLY_SATISFIABLE
F03_purification,F03_purification:three_node_1_repeater:507bd3bd6f622265:shortest_hop_count__disabled__conservative_min:11:f03-1rep,three_node_1_repeater,507bd3bd6f622265,11,f03-1rep,shortest_hop_count,disabled,False,,,10,10.0,0.735,conservative_min,,,,,0.1,1e-05,1000.0,-1.0,False,False,,REJECTED,,,,,,,,,,,0.000139,,,,,,,,no candidate route is feasible: a->r->b (min_fidelity 0.735 exceeds the achievable estimate 0.686 (never-purify baseline strategy)),,,346d13d73b314be70c16e143c68a04cb832af4fc,1f2680a5b9065e708a7497adc53a95b108029b98,3.13.14,2026-07-13T23:26:09.194661+00:00,F03_purification,INFEASIBLE_BUT_POTENTIALLY_SATISFIABLE
F03_purification,F03_purification:three_node_1_repeater:507bd3bd6f622265:shortest_hop_count__disabled__conservative_min:12:f03-1rep,three_node_1_repeater,507bd3bd6f622265,12,f03-1rep,shortest_hop_count,disabled,False,,,10,10.0,0.735,conservative_min,,,,,0.1,1e-05,1000.0,-1.0,False,False,,REJECTED,,,,,,,,,,,0.000173,,,,,,,,no candidate route is feasible: a->r->b (min_fidelity 0.735 exceeds the achievable estimate 0.686 (never-purify baseline strategy)),,,346d13d73b314be70c16e143c68a04cb832af4fc,1f2680a5b9065e708a7497adc53a95b108029b98,3.13.14,2026-07-13T23:26:09.196706+00:00,F03_purification,INFEASIBLE_BUT_POTENTIALLY_SATISFIABLE
F03_purification,F03_purification:three_node_1_repeater:507bd3bd6f622265:shortest_hop_count__disabled__conservative_min:13:f03-1rep,three_node_1_repeater,507bd3bd6f622265,13,f03-1rep,shortest_hop_count,disabled,False,,,10,10.0,0.735,conservative_min,,,,,0.1,1e-05,1000.0,-1.0,False,False,,REJECTED,,,,,,,,,,,0.000165,,,,,,,,no candidate route is feasible: a->r->b (min_fidelity 0.735 exceeds the achievable estimate 0.686 (never-purify baseline strategy)),,,346d13d73b314be70c16e143c68a04cb832af4fc,1f2680a5b9065e708a7497adc53a95b108029b98,3.13.14,2026-07-13T23:26:09.198502+00:00,F03_purification,INFEASIBLE_BUT_POTENTIALLY_SATISFIABLE
F03_purification,F03_purification:three_node_1_repeater:507bd3bd6f622265:shortest_hop_count__disabled__conservative_min:14:f03-1rep,three_node_1_repeater,507bd3bd6f622265,14,f03-1rep,shortest_hop_count,disabled,False,,,10,10.0,0.735,conservative_min,,,,,0.1,1e-05,1000.0,-1.0,False,False,,REJECTED,,,,,,,,,,,0.000165,,,,,,,,no candidate route is feasible: a->r->b (min_fidelity 0.735 exceeds the achievable estimate 0.686 (never-purify baseline strategy)),,,346d13d73b314be70c16e143c68a04cb832af4fc,1f2680a5b9065e708a7497adc53a95b108029b98,3.13.14,2026-07-13T23:26:09.200537+00:00,F03_purification,INFEASIBLE_BUT_POTENTIALLY_SATISFIABLE
F03_purification,F03_purification:three_node_1_repeater:507bd3bd6f622265:shortest_hop_count__disabled__conservative_min:15:f03-1rep,three_node_1_repeater,507bd3bd6f622265,15,f03-1rep,shortest_hop_count,disabled,False,,,10,10.0,0.735,conservative_min,,,,,0.1,1e-05,1000.0,-1.0,False,False,,REJECTED,,,,,,,,,,,0.000147,,,,,,,,no candidate route is feasible: a->r->b (min_fidelity 0.735 exceeds the achievable estimate 0.686 (never-purify baseline strategy)),,,346d13d73b314be70c16e143c68a04cb832af4fc,1f2680a5b9065e708a7497adc53a95b108029b98,3.13.14,2026-07-13T23:26:09.202485+00:00,F03_purification,INFEASIBLE_BUT_POTENTIALLY_SATISFIABLE
F03_purification,F03_purification:three_node_1_repeater:507bd3bd6f622265:shortest_hop_count__disabled__conservative_min:16:f03-1rep,three_node_1_repeater,507bd3bd6f622265,16,f03-1rep,shortest_hop_count,disabled,False,,,10,10.0,0.735,conservative_min,,,,,0.1,1e-05,1000.0,-1.0,False,False,,REJECTED,,,,,,,,,,,0.000144,,,,,,,,no candidate route is feasible: a->r->b (min_fidelity 0.735 exceeds the achievable estimate 0.686 (never-purify baseline strategy)),,,346d13d73b314be70c16e143c68a04cb832af4fc,1f2680a5b9065e708a7497adc53a95b108029b98,3.13.14,2026-07-13T23:26:09.204303+00:00,F03_purification,INFEASIBLE_BUT_POTENTIALLY_SATISFIABLE
F03_purification,F03_purification:three_node_1_repeater:507bd3bd6f622265:shortest_hop_count__disabled__conservative_min:17:f03-1rep,three_node_1_repeater,507bd3bd6f622265,17,f03-1rep,shortest_hop_count,disabled,False,,,10,10.0,0.735,conservative_min,,,,,0.1,1e-05,1000.0,-1.0,False,False,,REJECTED,,,,,,,,,,,0.000131,,,,,,,,no candidate route is feasible: a->r->b (min_fidelity 0.735 exceeds the achievable estimate 0.686 (never-purify baseline strategy)),,,346d13d73b314be70c16e143c68a04cb832af4fc,1f2680a5b9065e708a7497adc53a95b108029b98,3.13.14,2026-07-13T23:26:09.206022+00:00,F03_purification,INFEASIBLE_BUT_POTENTIALLY_SATISFIABLE
F03_purification,F03_purification:three_node_1_repeater:507bd3bd6f622265:shortest_hop_count__disabled__conservative_min:18:f03-1rep,three_node_1_repeater,507bd3bd6f622265,18,f03-1rep,shortest_hop_count,disabled,False,,,10,10.0,0.735,conservative_min,,,,,0.1,1e-05,1000.0,-1.0,False,False,,REJECTED,,,,,,,,,,,0.000132,,,,,,,,no candidate route is feasible: a->r->b (min_fidelity 0.735 exceeds the achievable estimate 0.686 (never-purify baseline strategy)),,,346d13d73b314be70c16e143c68a04cb832af4fc,1f2680a5b9065e708a7497adc53a95b108029b98,3.13.14,2026-07-13T23:26:09.207722+00:00,F03_purification,INFEASIBLE_BUT_POTENTIALLY_SATISFIABLE
F03_purification,F03_purification:three_node_1_repeater:507bd3bd6f622265:shortest_hop_count__disabled__conservative_min:19:f03-1rep,three_node_1_repeater,507bd3bd6f622265,19,f03-1rep,shortest_hop_count,disabled,False,,,10,10.0,0.735,conservative_min,,,,,0.1,1e-05,1000.0,-1.0,False,False,,REJECTED,,,,,,,,,,,0.000133,,,,,,,,no candidate route is feasible: a->r->b (min_fidelity 0.735 exceeds the achievable estimate 0.686 (never-purify baseline strategy)),,,346d13d73b314be70c16e143c68a04cb832af4fc,1f2680a5b9065e708a7497adc53a95b108029b98,3.13.14,2026-07-13T23:26:09.209572+00:00,F03_purification,INFEASIBLE_BUT_POTENTIALLY_SATISFIABLE
F03_purification,F03_purification:three_node_1_repeater:4d4a266b04db831c:shortest_hop_count__automatic__conservative_min:0:f03-1rep,three_node_1_repeater,4d4a266b04db831c,0,f03-1rep,shortest_hop_count,automatic,False,,,10,10.0,0.735,conservative_min,,,,,0.1,1e-05,1000.0,-1.0,False,False,,REJECTED,,,,,,,,,,,0.00013,,,,,,,,no candidate route is feasible: a->r->b (min_fidelity 0.735 exceeds the achievable estimate 0.720 (one-round static estimate (BBPSSWCircuit.improved_fidelity); SeQUeNCe's 'until_target' mode may run a different number of rounds at execution time)),,,346d13d73b314be70c16e143c68a04cb832af4fc,1f2680a5b9065e708a7497adc53a95b108029b98,3.13.14,2026-07-13T23:26:09.211419+00:00,F03_purification,INFEASIBLE_BUT_POTENTIALLY_SATISFIABLE
F03_purification,F03_purification:three_node_1_repeater:4d4a266b04db831c:shortest_hop_count__automatic__conservative_min:1:f03-1rep,three_node_1_repeater,4d4a266b04db831c,1,f03-1rep,shortest_hop_count,automatic,False,,,10,10.0,0.735,conservative_min,,,,,0.1,1e-05,1000.0,-1.0,False,False,,REJECTED,,,,,,,,,,,0.000201,,,,,,,,no candidate route is feasible: a->r->b (min_fidelity 0.735 exceeds the achievable estimate 0.720 (one-round static estimate (BBPSSWCircuit.improved_fidelity); SeQUeNCe's 'until_target' mode may run a different number of rounds at execution time)),,,346d13d73b314be70c16e143c68a04cb832af4fc,1f2680a5b9065e708a7497adc53a95b108029b98,3.13.14,2026-07-13T23:26:09.213339+00:00,F03_purification,INFEASIBLE_BUT_POTENTIALLY_SATISFIABLE
F03_purification,F03_purification:three_node_1_repeater:4d4a266b04db831c:shortest_hop_count__automatic__conservative_min:2:f03-1rep,three_node_1_repeater,4d4a266b04db831c,2,f03-1rep,shortest_hop_count,automatic,False,,,10,10.0,0.735,conservative_min,,,,,0.1,1e-05,1000.0,-1.0,False,False,,REJECTED,,,,,,,,,,,0.000208,,,,,,,,no candidate route is feasible: a->r->b (min_fidelity 0.735 exceeds the achievable estimate 0.720 (one-round static estimate (BBPSSWCircuit.improved_fidelity); SeQUeNCe's 'until_target' mode may run a different number of rounds at execution time)),,,346d13d73b314be70c16e143c68a04cb832af4fc,1f2680a5b9065e708a7497adc53a95b108029b98,3.13.14,2026-07-13T23:26:09.215604+00:00,F03_purification,INFEASIBLE_BUT_POTENTIALLY_SATISFIABLE
F03_purification,F03_purification:three_node_1_repeater:4d4a266b04db831c:shortest_hop_count__automatic__conservative_min:3:f03-1rep,three_node_1_repeater,4d4a266b04db831c,3,f03-1rep,shortest_hop_count,automatic,False,,,10,10.0,0.735,conservative_min,,,,,0.1,1e-05,1000.0,-1.0,False,False,,REJECTED,,,,,,,,,,,0.000168,,,,,,,,no candidate route is feasible: a->r->b (min_fidelity 0.735 exceeds the achievable estimate 0.720 (one-round static estimate (BBPSSWCircuit.improved_fidelity); SeQUeNCe's 'until_target' mode may run a different number of rounds at execution time)),,,346d13d73b314be70c16e143c68a04cb832af4fc,1f2680a5b9065e708a7497adc53a95b108029b98,3.13.14,2026-07-13T23:26:09.217563+00:00,F03_purification,INFEASIBLE_BUT_POTENTIALLY_SATISFIABLE
F03_purification,F03_purification:three_node_1_repeater:4d4a266b04db831c:shortest_hop_count__automatic__conservative_min:4:f03-1rep,three_node_1_repeater,4d4a266b04db831c,4,f03-1rep,shortest_hop_count,automatic,False,,,10,10.0,0.735,conservative_min,,,,,0.1,1e-05,1000.0,-1.0,False,False,,REJECTED,,,,,,,,,,,0.000142,,,,,,,,no candidate route is feasible: a->r->b (min_fidelity 0.735 exceeds the achievable estimate 0.720 (one-round static estimate (BBPSSWCircuit.improved_fidelity); SeQUeNCe's 'until_target' mode may run a different number of rounds at execution time)),,,346d13d73b314be70c16e143c68a04cb832af4fc,1f2680a5b9065e708a7497adc53a95b108029b98,3.13.14,2026-07-13T23:26:09.219355+00:00,F03_purification,INFEASIBLE_BUT_POTENTIALLY_SATISFIABLE
F03_purification,F03_purification:three_node_1_repeater:4d4a266b04db831c:shortest_hop_count__automatic__conservative_min:5:f03-1rep,three_node_1_repeater,4d4a266b04db831c,5,f03-1rep,shortest_hop_count,automatic,False,,,10,10.0,0.735,conservative_min,,,,,0.1,1e-05,1000.0,-1.0,False,False,,REJECTED,,,,,,,,,,,0.000137,,,,,,,,no candidate route is feasible: a->r->b (min_fidelity 0.735 exceeds the achievable estimate 0.720 (one-round static estimate (BBPSSWCircuit.improved_fidelity); SeQUeNCe's 'until_target' mode may run a different number of rounds at execution time)),,,346d13d73b314be70c16e143c68a04cb832af4fc,1f2680a5b9065e708a7497adc53a95b108029b98,3.13.14,2026-07-13T23:26:09.221073+00:00,F03_purification,INFEASIBLE_BUT_POTENTIALLY_SATISFIABLE
F03_purification,F03_purification:three_node_1_repeater:4d4a266b04db831c:shortest_hop_count__automatic__conservative_min:6:f03-1rep,three_node_1_repeater,4d4a266b04db831c,6,f03-1rep,shortest_hop_count,automatic,False,,,10,10.0,0.735,conservative_min,,,,,0.1,1e-05,1000.0,-1.0,False,False,,REJECTED,,,,,,,,,,,0.000162,,,,,,,,no candidate route is feasible: a->r->b (min_fidelity 0.735 exceeds the achievable estimate 0.720 (one-round static estimate (BBPSSWCircuit.improved_fidelity); SeQUeNCe's 'until_target' mode may run a different number of rounds at execution time)),,,346d13d73b314be70c16e143c68a04cb832af4fc,1f2680a5b9065e708a7497adc53a95b108029b98,3.13.14,2026-07-13T23:26:09.222889+00:00,F03_purification,INFEASIBLE_BUT_POTENTIALLY_SATISFIABLE
F03_purification,F03_purification:three_node_1_repeater:4d4a266b04db831c:shortest_hop_count__automatic__conservative_min:7:f03-1rep,three_node_1_repeater,4d4a266b04db831c,7,f03-1rep,shortest_hop_count,automatic,False,,,10,10.0,0.735,conservative_min,,,,,0.1,1e-05,1000.0,-1.0,False,False,,REJECTED,,,,,,,,,,,0.000149,,,,,,,,no candidate route is feasible: a->r->b (min_fidelity 0.735 exceeds the achievable estimate 0.720 (one-round static estimate (BBPSSWCircuit.improved_fidelity); SeQUeNCe's 'until_target' mode may run a different number of rounds at execution time)),,,346d13d73b314be70c16e143c68a04cb832af4fc,1f2680a5b9065e708a7497adc53a95b108029b98,3.13.14,2026-07-13T23:26:09.224601+00:00,F03_purification,INFEASIBLE_BUT_POTENTIALLY_SATISFIABLE
F03_purification,F03_purification:three_node_1_repeater:4d4a266b04db831c:shortest_hop_count__automatic__conservative_min:8:f03-1rep,three_node_1_repeater,4d4a266b04db831c,8,f03-1rep,shortest_hop_count,automatic,False,,,10,10.0,0.735,conservative_min,,,,,0.1,1e-05,1000.0,-1.0,False,False,,REJECTED,,,,,,,,,,,0.000135,,,,,,,,no candidate route is feasible: a->r->b (min_fidelity 0.735 exceeds the achievable estimate 0.720 (one-round static estimate (BBPSSWCircuit.improved_fidelity); SeQUeNCe's 'until_target' mode may run a different number of rounds at execution time)),,,346d13d73b314be70c16e143c68a04cb832af4fc,1f2680a5b9065e708a7497adc53a95b108029b98,3.13.14,2026-07-13T23:26:09.226477+00:00,F03_purification,INFEASIBLE_BUT_POTENTIALLY_SATISFIABLE
F03_purification,F03_purification:three_node_1_repeater:4d4a266b04db831c:shortest_hop_count__automatic__conservative_min:9:f03-1rep,three_node_1_repeater,4d4a266b04db831c,9,f03-1rep,shortest_hop_count,automatic,False,,,10,10.0,0.735,conservative_min,,,,,0.1,1e-05,1000.0,-1.0,False,False,,REJECTED,,,,,,,,,,,0.000156,,,,,,,,no candidate route is feasible: a->r->b (min_fidelity 0.735 exceeds the achievable estimate 0.720 (one-round static estimate (BBPSSWCircuit.improved_fidelity); SeQUeNCe's 'until_target' mode may run a different number of rounds at execution time)),,,346d13d73b314be70c16e143c68a04cb832af4fc,1f2680a5b9065e708a7497adc53a95b108029b98,3.13.14,2026-07-13T23:26:09.228282+00:00,F03_purification,INFEASIBLE_BUT_POTENTIALLY_SATISFIABLE
F03_purification,F03_purification:three_node_1_repeater:4d4a266b04db831c:shortest_hop_count__automatic__conservative_min:10:f03-1rep,three_node_1_repeater,4d4a266b04db831c,10,f03-1rep,shortest_hop_count,automatic,False,,,10,10.0,0.735,conservative_min,,,,,0.1,1e-05,1000.0,-1.0,False,False,,REJECTED,,,,,,,,,,,0.000178,,,,,,,,no candidate route is feasible: a->r->b (min_fidelity 0.735 exceeds the achievable estimate 0.720 (one-round static estimate (BBPSSWCircuit.improved_fidelity); SeQUeNCe's 'until_target' mode may run a different number of rounds at execution time)),,,346d13d73b314be70c16e143c68a04cb832af4fc,1f2680a5b9065e708a7497adc53a95b108029b98,3.13.14,2026-07-13T23:26:09.230276+00:00,F03_purification,INFEASIBLE_BUT_POTENTIALLY_SATISFIABLE
F03_purification,F03_purification:three_node_1_repeater:4d4a266b04db831c:shortest_hop_count__automatic__conservative_min:11:f03-1rep,three_node_1_repeater,4d4a266b04db831c,11,f03-1rep,shortest_hop_count,automatic,False,,,10,10.0,0.735,conservative_min,,,,,0.1,1e-05,1000.0,-1.0,False,False,,REJECTED,,,,,,,,,,,0.00017,,,,,,,,no candidate route is feasible: a->r->b (min_fidelity 0.735 exceeds the achievable estimate 0.720 (one-round static estimate (BBPSSWCircuit.improved_fidelity); SeQUeNCe's 'until_target' mode may run a different number of rounds at execution time)),,,346d13d73b314be70c16e143c68a04cb832af4fc,1f2680a5b9065e708a7497adc53a95b108029b98,3.13.14,2026-07-13T23:26:09.232302+00:00,F03_purification,INFEASIBLE_BUT_POTENTIALLY_SATISFIABLE
F03_purification,F03_purification:three_node_1_repeater:4d4a266b04db831c:shortest_hop_count__automatic__conservative_min:12:f03-1rep,three_node_1_repeater,4d4a266b04db831c,12,f03-1rep,shortest_hop_count,automatic,False,,,10,10.0,0.735,conservative_min,,,,,0.1,1e-05,1000.0,-1.0,False,False,,REJECTED,,,,,,,,,,,0.000146,,,,,,,,no candidate route is feasible: a->r->b (min_fidelity 0.735 exceeds the achievable estimate 0.720 (one-round static estimate (BBPSSWCircuit.improved_fidelity); SeQUeNCe's 'until_target' mode may run a different number of rounds at execution time)),,,346d13d73b314be70c16e143c68a04cb832af4fc,1f2680a5b9065e708a7497adc53a95b108029b98,3.13.14,2026-07-13T23:26:09.234165+00:00,F03_purification,INFEASIBLE_BUT_POTENTIALLY_SATISFIABLE
F03_purification,F03_purification:three_node_1_repeater:4d4a266b04db831c:shortest_hop_count__automatic__conservative_min:13:f03-1rep,three_node_1_repeater,4d4a266b04db831c,13,f03-1rep,shortest_hop_count,automatic,False,,,10,10.0,0.735,conservative_min,,,,,0.1,1e-05,1000.0,-1.0,False,False,,REJECTED,,,,,,,,,,,0.000141,,,,,,,,no candidate route is feasible: a->r->b (min_fidelity 0.735 exceeds the achievable estimate 0.720 (one-round static estimate (BBPSSWCircuit.improved_fidelity); SeQUeNCe's 'until_target' mode may run a different number of rounds at execution time)),,,346d13d73b314be70c16e143c68a04cb832af4fc,1f2680a5b9065e708a7497adc53a95b108029b98,3.13.14,2026-07-13T23:26:09.235917+00:00,F03_purification,INFEASIBLE_BUT_POTENTIALLY_SATISFIABLE
F03_purification,F03_purification:three_node_1_repeater:4d4a266b04db831c:shortest_hop_count__automatic__conservative_min:14:f03-1rep,three_node_1_repeater,4d4a266b04db831c,14,f03-1rep,shortest_hop_count,automatic,False,,,10,10.0,0.735,conservative_min,,,,,0.1,1e-05,1000.0,-1.0,False,False,,REJECTED,,,,,,,,,,,0.000133,,,,,,,,no candidate route is feasible: a->r->b (min_fidelity 0.735 exceeds the achievable estimate 0.720 (one-round static estimate (BBPSSWCircuit.improved_fidelity); SeQUeNCe's 'until_target' mode may run a different number of rounds at execution time)),,,346d13d73b314be70c16e143c68a04cb832af4fc,1f2680a5b9065e708a7497adc53a95b108029b98,3.13.14,2026-07-13T23:26:09.237689+00:00,F03_purification,INFEASIBLE_BUT_POTENTIALLY_SATISFIABLE
F03_purification,F03_purification:three_node_1_repeater:4d4a266b04db831c:shortest_hop_count__automatic__conservative_min:15:f03-1rep,three_node_1_repeater,4d4a266b04db831c,15,f03-1rep,shortest_hop_count,automatic,False,,,10,10.0,0.735,conservative_min,,,,,0.1,1e-05,1000.0,-1.0,False,False,,REJECTED,,,,,,,,,,,0.000135,,,,,,,,no candidate route is feasible: a->r->b (min_fidelity 0.735 exceeds the achievable estimate 0.720 (one-round static estimate (BBPSSWCircuit.improved_fidelity); SeQUeNCe's 'until_target' mode may run a different number of rounds at execution time)),,,346d13d73b314be70c16e143c68a04cb832af4fc,1f2680a5b9065e708a7497adc53a95b108029b98,3.13.14,2026-07-13T23:26:09.239389+00:00,F03_purification,INFEASIBLE_BUT_POTENTIALLY_SATISFIABLE
F03_purification,F03_purification:three_node_1_repeater:4d4a266b04db831c:shortest_hop_count__automatic__conservative_min:16:f03-1rep,three_node_1_repeater,4d4a266b04db831c,16,f03-1rep,shortest_hop_count,automatic,False,,,10,10.0,0.735,conservative_min,,,,,0.1,1e-05,1000.0,-1.0,False,False,,REJECTED,,,,,,,,,,,0.000138,,,,,,,,no candidate route is feasible: a->r->b (min_fidelity 0.735 exceeds the achievable estimate 0.720 (one-round static estimate (BBPSSWCircuit.improved_fidelity); SeQUeNCe's 'until_target' mode may run a different number of rounds at execution time)),,,346d13d73b314be70c16e143c68a04cb832af4fc,1f2680a5b9065e708a7497adc53a95b108029b98,3.13.14,2026-07-13T23:26:09.241153+00:00,F03_purification,INFEASIBLE_BUT_POTENTIALLY_SATISFIABLE
F03_purification,F03_purification:three_node_1_repeater:4d4a266b04db831c:shortest_hop_count__automatic__conservative_min:17:f03-1rep,three_node_1_repeater,4d4a266b04db831c,17,f03-1rep,shortest_hop_count,automatic,False,,,10,10.0,0.735,conservative_min,,,,,0.1,1e-05,1000.0,-1.0,False,False,,REJECTED,,,,,,,,,,,0.000136,,,,,,,,no candidate route is feasible: a->r->b (min_fidelity 0.735 exceeds the achievable estimate 0.720 (one-round static estimate (BBPSSWCircuit.improved_fidelity); SeQUeNCe's 'until_target' mode may run a different number of rounds at execution time)),,,346d13d73b314be70c16e143c68a04cb832af4fc,1f2680a5b9065e708a7497adc53a95b108029b98,3.13.14,2026-07-13T23:26:09.242861+00:00,F03_purification,INFEASIBLE_BUT_POTENTIALLY_SATISFIABLE
F03_purification,F03_purification:three_node_1_repeater:4d4a266b04db831c:shortest_hop_count__automatic__conservative_min:18:f03-1rep,three_node_1_repeater,4d4a266b04db831c,18,f03-1rep,shortest_hop_count,automatic,False,,,10,10.0,0.735,conservative_min,,,,,0.1,1e-05,1000.0,-1.0,False,False,,REJECTED,,,,,,,,,,,0.000136,,,,,,,,no candidate route is feasible: a->r->b (min_fidelity 0.735 exceeds the achievable estimate 0.720 (one-round static estimate (BBPSSWCircuit.improved_fidelity); SeQUeNCe's 'until_target' mode may run a different number of rounds at execution time)),,,346d13d73b314be70c16e143c68a04cb832af4fc,1f2680a5b9065e708a7497adc53a95b108029b98,3.13.14,2026-07-13T23:26:09.244669+00:00,F03_purification,INFEASIBLE_BUT_POTENTIALLY_SATISFIABLE
F03_purification,F03_purification:three_node_1_repeater:4d4a266b04db831c:shortest_hop_count__automatic__conservative_min:19:f03-1rep,three_node_1_repeater,4d4a266b04db831c,19,f03-1rep,shortest_hop_count,automatic,False,,,10,10.0,0.735,conservative_min,,,,,0.1,1e-05,1000.0,-1.0,False,False,,REJECTED,,,,,,,,,,,0.000227,,,,,,,,no candidate route is feasible: a->r->b (min_fidelity 0.735 exceeds the achievable estimate 0.720 (one-round static estimate (BBPSSWCircuit.improved_fidelity); SeQUeNCe's 'until_target' mode may run a different number of rounds at execution time)),,,346d13d73b314be70c16e143c68a04cb832af4fc,1f2680a5b9065e708a7497adc53a95b108029b98,3.13.14,2026-07-13T23:26:09.246587+00:00,F03_purification,INFEASIBLE_BUT_POTENTIALLY_SATISFIABLE
F03_purification,F03_purification:three_node_1_repeater:0c2fb27c4501fe21:shortest_hop_count__disabled__conservative_min:0:f03-1rep,three_node_1_repeater,0c2fb27c4501fe21,0,f03-1rep,shortest_hop_count,disabled,False,,,10,10.0,0.74,conservative_min,,,,,0.1,1e-05,1000.0,-1.0,False,False,,REJECTED,,,,,,,,,,,0.000163,,,,,,,,no candidate route is feasible: a->r->b (min_fidelity 0.740 exceeds the achievable estimate 0.686 (never-purify baseline strategy)),,,346d13d73b314be70c16e143c68a04cb832af4fc,1f2680a5b9065e708a7497adc53a95b108029b98,3.13.14,2026-07-13T23:26:09.248594+00:00,F03_purification,INFEASIBLE_BUT_POTENTIALLY_SATISFIABLE
F03_purification,F03_purification:three_node_1_repeater:0c2fb27c4501fe21:shortest_hop_count__disabled__conservative_min:1:f03-1rep,three_node_1_repeater,0c2fb27c4501fe21,1,f03-1rep,shortest_hop_count,disabled,False,,,10,10.0,0.74,conservative_min,,,,,0.1,1e-05,1000.0,-1.0,False,False,,REJECTED,,,,,,,,,,,0.000147,,,,,,,,no candidate route is feasible: a->r->b (min_fidelity 0.740 exceeds the achievable estimate 0.686 (never-purify baseline strategy)),,,346d13d73b314be70c16e143c68a04cb832af4fc,1f2680a5b9065e708a7497adc53a95b108029b98,3.13.14,2026-07-13T23:26:09.250489+00:00,F03_purification,INFEASIBLE_BUT_POTENTIALLY_SATISFIABLE
F03_purification,F03_purification:three_node_1_repeater:0c2fb27c4501fe21:shortest_hop_count__disabled__conservative_min:2:f03-1rep,three_node_1_repeater,0c2fb27c4501fe21,2,f03-1rep,shortest_hop_count,disabled,False,,,10,10.0,0.74,conservative_min,,,,,0.1,1e-05,1000.0,-1.0,False,False,,REJECTED,,,,,,,,,,,0.000137,,,,,,,,no candidate route is feasible: a->r->b (min_fidelity 0.740 exceeds the achievable estimate 0.686 (never-purify baseline strategy)),,,346d13d73b314be70c16e143c68a04cb832af4fc,1f2680a5b9065e708a7497adc53a95b108029b98,3.13.14,2026-07-13T23:26:09.252228+00:00,F03_purification,INFEASIBLE_BUT_POTENTIALLY_SATISFIABLE
F03_purification,F03_purification:three_node_1_repeater:0c2fb27c4501fe21:shortest_hop_count__disabled__conservative_min:3:f03-1rep,three_node_1_repeater,0c2fb27c4501fe21,3,f03-1rep,shortest_hop_count,disabled,False,,,10,10.0,0.74,conservative_min,,,,,0.1,1e-05,1000.0,-1.0,False,False,,REJECTED,,,,,,,,,,,0.000136,,,,,,,,no candidate route is feasible: a->r->b (min_fidelity 0.740 exceeds the achievable estimate 0.686 (never-purify baseline strategy)),,,346d13d73b314be70c16e143c68a04cb832af4fc,1f2680a5b9065e708a7497adc53a95b108029b98,3.13.14,2026-07-13T23:26:09.254031+00:00,F03_purification,INFEASIBLE_BUT_POTENTIALLY_SATISFIABLE
F03_purification,F03_purification:three_node_1_repeater:0c2fb27c4501fe21:shortest_hop_count__disabled__conservative_min:4:f03-1rep,three_node_1_repeater,0c2fb27c4501fe21,4,f03-1rep,shortest_hop_count,disabled,False,,,10,10.0,0.74,conservative_min,,,,,0.1,1e-05,1000.0,-1.0,False,False,,REJECTED,,,,,,,,,,,0.000137,,,,,,,,no candidate route is feasible: a->r->b (min_fidelity 0.740 exceeds the achievable estimate 0.686 (never-purify baseline strategy)),,,346d13d73b314be70c16e143c68a04cb832af4fc,1f2680a5b9065e708a7497adc53a95b108029b98,3.13.14,2026-07-13T23:26:09.255739+00:00,F03_purification,INFEASIBLE_BUT_POTENTIALLY_SATISFIABLE
F03_purification,F03_purification:three_node_1_repeater:0c2fb27c4501fe21:shortest_hop_count__disabled__conservative_min:5:f03-1rep,three_node_1_repeater,0c2fb27c4501fe21,5,f03-1rep,shortest_hop_count,disabled,False,,,10,10.0,0.74,conservative_min,,,,,0.1,1e-05,1000.0,-1.0,False,False,,REJECTED,,,,,,,,,,,0.000135,,,,,,,,no candidate route is feasible: a->r->b (min_fidelity 0.740 exceeds the achievable estimate 0.686 (never-purify baseline strategy)),,,346d13d73b314be70c16e143c68a04cb832af4fc,1f2680a5b9065e708a7497adc53a95b108029b98,3.13.14,2026-07-13T23:26:09.257457+00:00,F03_purification,INFEASIBLE_BUT_POTENTIALLY_SATISFIABLE
F03_purification,F03_purification:three_node_1_repeater:0c2fb27c4501fe21:shortest_hop_count__disabled__conservative_min:6:f03-1rep,three_node_1_repeater,0c2fb27c4501fe21,6,f03-1rep,shortest_hop_count,disabled,False,,,10,10.0,0.74,conservative_min,,,,,0.1,1e-05,1000.0,-1.0,False,False,,REJECTED,,,,,,,,,,,0.000132,,,,,,,,no candidate route is feasible: a->r->b (min_fidelity 0.740 exceeds the achievable estimate 0.686 (never-purify baseline strategy)),,,346d13d73b314be70c16e143c68a04cb832af4fc,1f2680a5b9065e708a7497adc53a95b108029b98,3.13.14,2026-07-13T23:26:09.259124+00:00,F03_purification,INFEASIBLE_BUT_POTENTIALLY_SATISFIABLE
F03_purification,F03_purification:three_node_1_repeater:0c2fb27c4501fe21:shortest_hop_count__disabled__conservative_min:7:f03-1rep,three_node_1_repeater,0c2fb27c4501fe21,7,f03-1rep,shortest_hop_count,disabled,False,,,10,10.0,0.74,conservative_min,,,,,0.1,1e-05,1000.0,-1.0,False,False,,REJECTED,,,,,,,,,,,0.000132,,,,,,,,no candidate route is feasible: a->r->b (min_fidelity 0.740 exceeds the achievable estimate 0.686 (never-purify baseline strategy)),,,346d13d73b314be70c16e143c68a04cb832af4fc,1f2680a5b9065e708a7497adc53a95b108029b98,3.13.14,2026-07-13T23:26:09.260846+00:00,F03_purification,INFEASIBLE_BUT_POTENTIALLY_SATISFIABLE
F03_purification,F03_purification:three_node_1_repeater:0c2fb27c4501fe21:shortest_hop_count__disabled__conservative_min:8:f03-1rep,three_node_1_repeater,0c2fb27c4501fe21,8,f03-1rep,shortest_hop_count,disabled,False,,,10,10.0,0.74,conservative_min,,,,,0.1,1e-05,1000.0,-1.0,False,False,,REJECTED,,,,,,,,,,,0.000202,,,,,,,,no candidate route is feasible: a->r->b (min_fidelity 0.740 exceeds the achievable estimate 0.686 (never-purify baseline strategy)),,,346d13d73b314be70c16e143c68a04cb832af4fc,1f2680a5b9065e708a7497adc53a95b108029b98,3.13.14,2026-07-13T23:26:09.262733+00:00,F03_purification,INFEASIBLE_BUT_POTENTIALLY_SATISFIABLE
F03_purification,F03_purification:three_node_1_repeater:0c2fb27c4501fe21:shortest_hop_count__disabled__conservative_min:9:f03-1rep,three_node_1_repeater,0c2fb27c4501fe21,9,f03-1rep,shortest_hop_count,disabled,False,,,10,10.0,0.74,conservative_min,,,,,0.1,1e-05,1000.0,-1.0,False,False,,REJECTED,,,,,,,,,,,0.000204,,,,,,,,no candidate route is feasible: a->r->b (min_fidelity 0.740 exceeds the achievable estimate 0.686 (never-purify baseline strategy)),,,346d13d73b314be70c16e143c68a04cb832af4fc,1f2680a5b9065e708a7497adc53a95b108029b98,3.13.14,2026-07-13T23:26:09.264822+00:00,F03_purification,INFEASIBLE_BUT_POTENTIALLY_SATISFIABLE
F03_purification,F03_purification:three_node_1_repeater:0c2fb27c4501fe21:shortest_hop_count__disabled__conservative_min:10:f03-1rep,three_node_1_repeater,0c2fb27c4501fe21,10,f03-1rep,shortest_hop_count,disabled,False,,,10,10.0,0.74,conservative_min,,,,,0.1,1e-05,1000.0,-1.0,False,False,,REJECTED,,,,,,,,,,,0.000181,,,,,,,,no candidate route is feasible: a->r->b (min_fidelity 0.740 exceeds the achievable estimate 0.686 (never-purify baseline strategy)),,,346d13d73b314be70c16e143c68a04cb832af4fc,1f2680a5b9065e708a7497adc53a95b108029b98,3.13.14,2026-07-13T23:26:09.266755+00:00,F03_purification,INFEASIBLE_BUT_POTENTIALLY_SATISFIABLE
F03_purification,F03_purification:three_node_1_repeater:0c2fb27c4501fe21:shortest_hop_count__disabled__conservative_min:11:f03-1rep,three_node_1_repeater,0c2fb27c4501fe21,11,f03-1rep,shortest_hop_count,disabled,False,,,10,10.0,0.74,conservative_min,,,,,0.1,1e-05,1000.0,-1.0,False,False,,REJECTED,,,,,,,,,,,0.000154,,,,,,,,no candidate route is feasible: a->r->b (min_fidelity 0.740 exceeds the achievable estimate 0.686 (never-purify baseline strategy)),,,346d13d73b314be70c16e143c68a04cb832af4fc,1f2680a5b9065e708a7497adc53a95b108029b98,3.13.14,2026-07-13T23:26:09.268610+00:00,F03_purification,INFEASIBLE_BUT_POTENTIALLY_SATISFIABLE
F03_purification,F03_purification:three_node_1_repeater:0c2fb27c4501fe21:shortest_hop_count__disabled__conservative_min:12:f03-1rep,three_node_1_repeater,0c2fb27c4501fe21,12,f03-1rep,shortest_hop_count,disabled,False,,,10,10.0,0.74,conservative_min,,,,,0.1,1e-05,1000.0,-1.0,False,False,,REJECTED,,,,,,,,,,,0.000149,,,,,,,,no candidate route is feasible: a->r->b (min_fidelity 0.740 exceeds the achievable estimate 0.686 (never-purify baseline strategy)),,,346d13d73b314be70c16e143c68a04cb832af4fc,1f2680a5b9065e708a7497adc53a95b108029b98,3.13.14,2026-07-13T23:26:09.270346+00:00,F03_purification,INFEASIBLE_BUT_POTENTIALLY_SATISFIABLE
F03_purification,F03_purification:three_node_1_repeater:0c2fb27c4501fe21:shortest_hop_count__disabled__conservative_min:13:f03-1rep,three_node_1_repeater,0c2fb27c4501fe21,13,f03-1rep,shortest_hop_count,disabled,False,,,10,10.0,0.74,conservative_min,,,,,0.1,1e-05,1000.0,-1.0,False,False,,REJECTED,,,,,,,,,,,0.000136,,,,,,,,no candidate route is feasible: a->r->b (min_fidelity 0.740 exceeds the achievable estimate 0.686 (never-purify baseline strategy)),,,346d13d73b314be70c16e143c68a04cb832af4fc,1f2680a5b9065e708a7497adc53a95b108029b98,3.13.14,2026-07-13T23:26:09.272188+00:00,F03_purification,INFEASIBLE_BUT_POTENTIALLY_SATISFIABLE
F03_purification,F03_purification:three_node_1_repeater:0c2fb27c4501fe21:shortest_hop_count__disabled__conservative_min:14:f03-1rep,three_node_1_repeater,0c2fb27c4501fe21,14,f03-1rep,shortest_hop_count,disabled,False,,,10,10.0,0.74,conservative_min,,,,,0.1,1e-05,1000.0,-1.0,False,False,,REJECTED,,,,,,,,,,,0.000134,,,,,,,,no candidate route is feasible: a->r->b (min_fidelity 0.740 exceeds the achievable estimate 0.686 (never-purify baseline strategy)),,,346d13d73b314be70c16e143c68a04cb832af4fc,1f2680a5b9065e708a7497adc53a95b108029b98,3.13.14,2026-07-13T23:26:09.274113+00:00,F03_purification,INFEASIBLE_BUT_POTENTIALLY_SATISFIABLE
F03_purification,F03_purification:three_node_1_repeater:0c2fb27c4501fe21:shortest_hop_count__disabled__conservative_min:15:f03-1rep,three_node_1_repeater,0c2fb27c4501fe21,15,f03-1rep,shortest_hop_count,disabled,False,,,10,10.0,0.74,conservative_min,,,,,0.1,1e-05,1000.0,-1.0,False,False,,REJECTED,,,,,,,,,,,0.000133,,,,,,,,no candidate route is feasible: a->r->b (min_fidelity 0.740 exceeds the achievable estimate 0.686 (never-purify baseline strategy)),,,346d13d73b314be70c16e143c68a04cb832af4fc,1f2680a5b9065e708a7497adc53a95b108029b98,3.13.14,2026-07-13T23:26:09.275910+00:00,F03_purification,INFEASIBLE_BUT_POTENTIALLY_SATISFIABLE
F03_purification,F03_purification:three_node_1_repeater:0c2fb27c4501fe21:shortest_hop_count__disabled__conservative_min:16:f03-1rep,three_node_1_repeater,0c2fb27c4501fe21,16,f03-1rep,shortest_hop_count,disabled,False,,,10,10.0,0.74,conservative_min,,,,,0.1,1e-05,1000.0,-1.0,False,False,,REJECTED,,,,,,,,,,,0.000134,,,,,,,,no candidate route is feasible: a->r->b (min_fidelity 0.740 exceeds the achievable estimate 0.686 (never-purify baseline strategy)),,,346d13d73b314be70c16e143c68a04cb832af4fc,1f2680a5b9065e708a7497adc53a95b108029b98,3.13.14,2026-07-13T23:26:09.277616+00:00,F03_purification,INFEASIBLE_BUT_POTENTIALLY_SATISFIABLE
F03_purification,F03_purification:three_node_1_repeater:0c2fb27c4501fe21:shortest_hop_count__disabled__conservative_min:17:f03-1rep,three_node_1_repeater,0c2fb27c4501fe21,17,f03-1rep,shortest_hop_count,disabled,False,,,10,10.0,0.74,conservative_min,,,,,0.1,1e-05,1000.0,-1.0,False,False,,REJECTED,,,,,,,,,,,0.000183,,,,,,,,no candidate route is feasible: a->r->b (min_fidelity 0.740 exceeds the achievable estimate 0.686 (never-purify baseline strategy)),,,346d13d73b314be70c16e143c68a04cb832af4fc,1f2680a5b9065e708a7497adc53a95b108029b98,3.13.14,2026-07-13T23:26:09.279481+00:00,F03_purification,INFEASIBLE_BUT_POTENTIALLY_SATISFIABLE
F03_purification,F03_purification:three_node_1_repeater:0c2fb27c4501fe21:shortest_hop_count__disabled__conservative_min:18:f03-1rep,three_node_1_repeater,0c2fb27c4501fe21,18,f03-1rep,shortest_hop_count,disabled,False,,,10,10.0,0.74,conservative_min,,,,,0.1,1e-05,1000.0,-1.0,False,False,,REJECTED,,,,,,,,,,,0.000154,,,,,,,,no candidate route is feasible: a->r->b (min_fidelity 0.740 exceeds the achievable estimate 0.686 (never-purify baseline strategy)),,,346d13d73b314be70c16e143c68a04cb832af4fc,1f2680a5b9065e708a7497adc53a95b108029b98,3.13.14,2026-07-13T23:26:09.281361+00:00,F03_purification,INFEASIBLE_BUT_POTENTIALLY_SATISFIABLE
F03_purification,F03_purification:three_node_1_repeater:0c2fb27c4501fe21:shortest_hop_count__disabled__conservative_min:19:f03-1rep,three_node_1_repeater,0c2fb27c4501fe21,19,f03-1rep,shortest_hop_count,disabled,False,,,10,10.0,0.74,conservative_min,,,,,0.1,1e-05,1000.0,-1.0,False,False,,REJECTED,,,,,,,,,,,0.000145,,,,,,,,no candidate route is feasible: a->r->b (min_fidelity 0.740 exceeds the achievable estimate 0.686 (never-purify baseline strategy)),,,346d13d73b314be70c16e143c68a04cb832af4fc,1f2680a5b9065e708a7497adc53a95b108029b98,3.13.14,2026-07-13T23:26:09.283152+00:00,F03_purification,INFEASIBLE_BUT_POTENTIALLY_SATISFIABLE
F03_purification,F03_purification:three_node_1_repeater:2230aaf2f0a26fc7:shortest_hop_count__automatic__conservative_min:0:f03-1rep,three_node_1_repeater,2230aaf2f0a26fc7,0,f03-1rep,shortest_hop_count,automatic,False,,,10,10.0,0.74,conservative_min,,,,,0.1,1e-05,1000.0,-1.0,False,False,,REJECTED,,,,,,,,,,,0.000139,,,,,,,,no candidate route is feasible: a->r->b (min_fidelity 0.740 exceeds the achievable estimate 0.720 (one-round static estimate (BBPSSWCircuit.improved_fidelity); SeQUeNCe's 'until_target' mode may run a different number of rounds at execution time)),,,346d13d73b314be70c16e143c68a04cb832af4fc,1f2680a5b9065e708a7497adc53a95b108029b98,3.13.14,2026-07-13T23:26:09.284939+00:00,F03_purification,INFEASIBLE_BUT_POTENTIALLY_SATISFIABLE
F03_purification,F03_purification:three_node_1_repeater:2230aaf2f0a26fc7:shortest_hop_count__automatic__conservative_min:1:f03-1rep,three_node_1_repeater,2230aaf2f0a26fc7,1,f03-1rep,shortest_hop_count,automatic,False,,,10,10.0,0.74,conservative_min,,,,,0.1,1e-05,1000.0,-1.0,False,False,,REJECTED,,,,,,,,,,,0.000144,,,,,,,,no candidate route is feasible: a->r->b (min_fidelity 0.740 exceeds the achievable estimate 0.720 (one-round static estimate (BBPSSWCircuit.improved_fidelity); SeQUeNCe's 'until_target' mode may run a different number of rounds at execution time)),,,346d13d73b314be70c16e143c68a04cb832af4fc,1f2680a5b9065e708a7497adc53a95b108029b98,3.13.14,2026-07-13T23:26:09.286650+00:00,F03_purification,INFEASIBLE_BUT_POTENTIALLY_SATISFIABLE
F03_purification,F03_purification:three_node_1_repeater:2230aaf2f0a26fc7:shortest_hop_count__automatic__conservative_min:2:f03-1rep,three_node_1_repeater,2230aaf2f0a26fc7,2,f03-1rep,shortest_hop_count,automatic,False,,,10,10.0,0.74,conservative_min,,,,,0.1,1e-05,1000.0,-1.0,False,False,,REJECTED,,,,,,,,,,,0.000137,,,,,,,,no candidate route is feasible: a->r->b (min_fidelity 0.740 exceeds the achievable estimate 0.720 (one-round static estimate (BBPSSWCircuit.improved_fidelity); SeQUeNCe's 'until_target' mode may run a different number of rounds at execution time)),,,346d13d73b314be70c16e143c68a04cb832af4fc,1f2680a5b9065e708a7497adc53a95b108029b98,3.13.14,2026-07-13T23:26:09.288309+00:00,F03_purification,INFEASIBLE_BUT_POTENTIALLY_SATISFIABLE
F03_purification,F03_purification:three_node_1_repeater:2230aaf2f0a26fc7:shortest_hop_count__automatic__conservative_min:3:f03-1rep,three_node_1_repeater,2230aaf2f0a26fc7,3,f03-1rep,shortest_hop_count,automatic,False,,,10,10.0,0.74,conservative_min,,,,,0.1,1e-05,1000.0,-1.0,False,False,,REJECTED,,,,,,,,,,,0.000134,,,,,,,,no candidate route is feasible: a->r->b (min_fidelity 0.740 exceeds the achievable estimate 0.720 (one-round static estimate (BBPSSWCircuit.improved_fidelity); SeQUeNCe's 'until_target' mode may run a different number of rounds at execution time)),,,346d13d73b314be70c16e143c68a04cb832af4fc,1f2680a5b9065e708a7497adc53a95b108029b98,3.13.14,2026-07-13T23:26:09.289992+00:00,F03_purification,INFEASIBLE_BUT_POTENTIALLY_SATISFIABLE
F03_purification,F03_purification:three_node_1_repeater:2230aaf2f0a26fc7:shortest_hop_count__automatic__conservative_min:4:f03-1rep,three_node_1_repeater,2230aaf2f0a26fc7,4,f03-1rep,shortest_hop_count,automatic,False,,,10,10.0,0.74,conservative_min,,,,,0.1,1e-05,1000.0,-1.0,False,False,,REJECTED,,,,,,,,,,,0.000137,,,,,,,,no candidate route is feasible: a->r->b (min_fidelity 0.740 exceeds the achievable estimate 0.720 (one-round static estimate (BBPSSWCircuit.improved_fidelity); SeQUeNCe's 'until_target' mode may run a different number of rounds at execution time)),,,346d13d73b314be70c16e143c68a04cb832af4fc,1f2680a5b9065e708a7497adc53a95b108029b98,3.13.14,2026-07-13T23:26:09.291710+00:00,F03_purification,INFEASIBLE_BUT_POTENTIALLY_SATISFIABLE
F03_purification,F03_purification:three_node_1_repeater:2230aaf2f0a26fc7:shortest_hop_count__automatic__conservative_min:5:f03-1rep,three_node_1_repeater,2230aaf2f0a26fc7,5,f03-1rep,shortest_hop_count,automatic,False,,,10,10.0,0.74,conservative_min,,,,,0.1,1e-05,1000.0,-1.0,False,False,,REJECTED,,,,,,,,,,,0.000137,,,,,,,,no candidate route is feasible: a->r->b (min_fidelity 0.740 exceeds the achievable estimate 0.720 (one-round static estimate (BBPSSWCircuit.improved_fidelity); SeQUeNCe's 'until_target' mode may run a different number of rounds at execution time)),,,346d13d73b314be70c16e143c68a04cb832af4fc,1f2680a5b9065e708a7497adc53a95b108029b98,3.13.14,2026-07-13T23:26:09.293448+00:00,F03_purification,INFEASIBLE_BUT_POTENTIALLY_SATISFIABLE
F03_purification,F03_purification:three_node_1_repeater:2230aaf2f0a26fc7:shortest_hop_count__automatic__conservative_min:6:f03-1rep,three_node_1_repeater,2230aaf2f0a26fc7,6,f03-1rep,shortest_hop_count,automatic,False,,,10,10.0,0.74,conservative_min,,,,,0.1,1e-05,1000.0,-1.0,False,False,,REJECTED,,,,,,,,,,,0.00019,,,,,,,,no candidate route is feasible: a->r->b (min_fidelity 0.740 exceeds the achievable estimate 0.720 (one-round static estimate (BBPSSWCircuit.improved_fidelity); SeQUeNCe's 'until_target' mode may run a different number of rounds at execution time)),,,346d13d73b314be70c16e143c68a04cb832af4fc,1f2680a5b9065e708a7497adc53a95b108029b98,3.13.14,2026-07-13T23:26:09.295430+00:00,F03_purification,INFEASIBLE_BUT_POTENTIALLY_SATISFIABLE
F03_purification,F03_purification:three_node_1_repeater:2230aaf2f0a26fc7:shortest_hop_count__automatic__conservative_min:7:f03-1rep,three_node_1_repeater,2230aaf2f0a26fc7,7,f03-1rep,shortest_hop_count,automatic,False,,,10,10.0,0.74,conservative_min,,,,,0.1,1e-05,1000.0,-1.0,False,False,,REJECTED,,,,,,,,,,,0.00018,,,,,,,,no candidate route is feasible: a->r->b (min_fidelity 0.740 exceeds the achievable estimate 0.720 (one-round static estimate (BBPSSWCircuit.improved_fidelity); SeQUeNCe's 'until_target' mode may run a different number of rounds at execution time)),,,346d13d73b314be70c16e143c68a04cb832af4fc,1f2680a5b9065e708a7497adc53a95b108029b98,3.13.14,2026-07-13T23:26:09.297632+00:00,F03_purification,INFEASIBLE_BUT_POTENTIALLY_SATISFIABLE
F03_purification,F03_purification:three_node_1_repeater:2230aaf2f0a26fc7:shortest_hop_count__automatic__conservative_min:8:f03-1rep,three_node_1_repeater,2230aaf2f0a26fc7,8,f03-1rep,shortest_hop_count,automatic,False,,,10,10.0,0.74,conservative_min,,,,,0.1,1e-05,1000.0,-1.0,False,False,,REJECTED,,,,,,,,,,,0.000157,,,,,,,,no candidate route is feasible: a->r->b (min_fidelity 0.740 exceeds the achievable estimate 0.720 (one-round static estimate (BBPSSWCircuit.improved_fidelity); SeQUeNCe's 'until_target' mode may run a different number of rounds at execution time)),,,346d13d73b314be70c16e143c68a04cb832af4fc,1f2680a5b9065e708a7497adc53a95b108029b98,3.13.14,2026-07-13T23:26:09.299444+00:00,F03_purification,INFEASIBLE_BUT_POTENTIALLY_SATISFIABLE
F03_purification,F03_purification:three_node_1_repeater:2230aaf2f0a26fc7:shortest_hop_count__automatic__conservative_min:9:f03-1rep,three_node_1_repeater,2230aaf2f0a26fc7,9,f03-1rep,shortest_hop_count,automatic,False,,,10,10.0,0.74,conservative_min,,,,,0.1,1e-05,1000.0,-1.0,False,False,,REJECTED,,,,,,,,,,,0.00014,,,,,,,,no candidate route is feasible: a->r->b (min_fidelity 0.740 exceeds the achievable estimate 0.720 (one-round static estimate (BBPSSWCircuit.improved_fidelity); SeQUeNCe's 'until_target' mode may run a different number of rounds at execution time)),,,346d13d73b314be70c16e143c68a04cb832af4fc,1f2680a5b9065e708a7497adc53a95b108029b98,3.13.14,2026-07-13T23:26:09.301305+00:00,F03_purification,INFEASIBLE_BUT_POTENTIALLY_SATISFIABLE
F03_purification,F03_purification:three_node_1_repeater:2230aaf2f0a26fc7:shortest_hop_count__automatic__conservative_min:10:f03-1rep,three_node_1_repeater,2230aaf2f0a26fc7,10,f03-1rep,shortest_hop_count,automatic,False,,,10,10.0,0.74,conservative_min,,,,,0.1,1e-05,1000.0,-1.0,False,False,,REJECTED,,,,,,,,,,,0.00014,,,,,,,,no candidate route is feasible: a->r->b (min_fidelity 0.740 exceeds the achievable estimate 0.720 (one-round static estimate (BBPSSWCircuit.improved_fidelity); SeQUeNCe's 'until_target' mode may run a different number of rounds at execution time)),,,346d13d73b314be70c16e143c68a04cb832af4fc,1f2680a5b9065e708a7497adc53a95b108029b98,3.13.14,2026-07-13T23:26:09.303121+00:00,F03_purification,INFEASIBLE_BUT_POTENTIALLY_SATISFIABLE
F03_purification,F03_purification:three_node_1_repeater:2230aaf2f0a26fc7:shortest_hop_count__automatic__conservative_min:11:f03-1rep,three_node_1_repeater,2230aaf2f0a26fc7,11,f03-1rep,shortest_hop_count,automatic,False,,,10,10.0,0.74,conservative_min,,,,,0.1,1e-05,1000.0,-1.0,False,False,,REJECTED,,,,,,,,,,,0.000136,,,,,,,,no candidate route is feasible: a->r->b (min_fidelity 0.740 exceeds the achievable estimate 0.720 (one-round static estimate (BBPSSWCircuit.improved_fidelity); SeQUeNCe's 'until_target' mode may run a different number of rounds at execution time)),,,346d13d73b314be70c16e143c68a04cb832af4fc,1f2680a5b9065e708a7497adc53a95b108029b98,3.13.14,2026-07-13T23:26:09.304875+00:00,F03_purification,INFEASIBLE_BUT_POTENTIALLY_SATISFIABLE
F03_purification,F03_purification:three_node_1_repeater:2230aaf2f0a26fc7:shortest_hop_count__automatic__conservative_min:12:f03-1rep,three_node_1_repeater,2230aaf2f0a26fc7,12,f03-1rep,shortest_hop_count,automatic,False,,,10,10.0,0.74,conservative_min,,,,,0.1,1e-05,1000.0,-1.0,False,False,,REJECTED,,,,,,,,,,,0.000134,,,,,,,,no candidate route is feasible: a->r->b (min_fidelity 0.740 exceeds the achievable estimate 0.720 (one-round static estimate (BBPSSWCircuit.improved_fidelity); SeQUeNCe's 'until_target' mode may run a different number of rounds at execution time)),,,346d13d73b314be70c16e143c68a04cb832af4fc,1f2680a5b9065e708a7497adc53a95b108029b98,3.13.14,2026-07-13T23:26:09.306634+00:00,F03_purification,INFEASIBLE_BUT_POTENTIALLY_SATISFIABLE
F03_purification,F03_purification:three_node_1_repeater:2230aaf2f0a26fc7:shortest_hop_count__automatic__conservative_min:13:f03-1rep,three_node_1_repeater,2230aaf2f0a26fc7,13,f03-1rep,shortest_hop_count,automatic,False,,,10,10.0,0.74,conservative_min,,,,,0.1,1e-05,1000.0,-1.0,False,False,,REJECTED,,,,,,,,,,,0.000135,,,,,,,,no candidate route is feasible: a->r->b (min_fidelity 0.740 exceeds the achievable estimate 0.720 (one-round static estimate (BBPSSWCircuit.improved_fidelity); SeQUeNCe's 'until_target' mode may run a different number of rounds at execution time)),,,346d13d73b314be70c16e143c68a04cb832af4fc,1f2680a5b9065e708a7497adc53a95b108029b98,3.13.14,2026-07-13T23:26:09.308386+00:00,F03_purification,INFEASIBLE_BUT_POTENTIALLY_SATISFIABLE
F03_purification,F03_purification:three_node_1_repeater:2230aaf2f0a26fc7:shortest_hop_count__automatic__conservative_min:14:f03-1rep,three_node_1_repeater,2230aaf2f0a26fc7,14,f03-1rep,shortest_hop_count,automatic,False,,,10,10.0,0.74,conservative_min,,,,,0.1,1e-05,1000.0,-1.0,False,False,,REJECTED,,,,,,,,,,,0.000135,,,,,,,,no candidate route is feasible: a->r->b (min_fidelity 0.740 exceeds the achievable estimate 0.720 (one-round static estimate (BBPSSWCircuit.improved_fidelity); SeQUeNCe's 'until_target' mode may run a different number of rounds at execution time)),,,346d13d73b314be70c16e143c68a04cb832af4fc,1f2680a5b9065e708a7497adc53a95b108029b98,3.13.14,2026-07-13T23:26:09.310123+00:00,F03_purification,INFEASIBLE_BUT_POTENTIALLY_SATISFIABLE
F03_purification,F03_purification:three_node_1_repeater:2230aaf2f0a26fc7:shortest_hop_count__automatic__conservative_min:15:f03-1rep,three_node_1_repeater,2230aaf2f0a26fc7,15,f03-1rep,shortest_hop_count,automatic,False,,,10,10.0,0.74,conservative_min,,,,,0.1,1e-05,1000.0,-1.0,False,False,,REJECTED,,,,,,,,,,,0.000159,,,,,,,,no candidate route is feasible: a->r->b (min_fidelity 0.740 exceeds the achievable estimate 0.720 (one-round static estimate (BBPSSWCircuit.improved_fidelity); SeQUeNCe's 'until_target' mode may run a different number of rounds at execution time)),,,346d13d73b314be70c16e143c68a04cb832af4fc,1f2680a5b9065e708a7497adc53a95b108029b98,3.13.14,2026-07-13T23:26:09.311898+00:00,F03_purification,INFEASIBLE_BUT_POTENTIALLY_SATISFIABLE
F03_purification,F03_purification:three_node_1_repeater:2230aaf2f0a26fc7:shortest_hop_count__automatic__conservative_min:16:f03-1rep,three_node_1_repeater,2230aaf2f0a26fc7,16,f03-1rep,shortest_hop_count,automatic,False,,,10,10.0,0.74,conservative_min,,,,,0.1,1e-05,1000.0,-1.0,False,False,,REJECTED,,,,,,,,,,,0.000187,,,,,,,,no candidate route is feasible: a->r->b (min_fidelity 0.740 exceeds the achievable estimate 0.720 (one-round static estimate (BBPSSWCircuit.improved_fidelity); SeQUeNCe's 'until_target' mode may run a different number of rounds at execution time)),,,346d13d73b314be70c16e143c68a04cb832af4fc,1f2680a5b9065e708a7497adc53a95b108029b98,3.13.14,2026-07-13T23:26:09.313989+00:00,F03_purification,INFEASIBLE_BUT_POTENTIALLY_SATISFIABLE
F03_purification,F03_purification:three_node_1_repeater:2230aaf2f0a26fc7:shortest_hop_count__automatic__conservative_min:17:f03-1rep,three_node_1_repeater,2230aaf2f0a26fc7,17,f03-1rep,shortest_hop_count,automatic,False,,,10,10.0,0.74,conservative_min,,,,,0.1,1e-05,1000.0,-1.0,False,False,,REJECTED,,,,,,,,,,,0.000185,,,,,,,,no candidate route is feasible: a->r->b (min_fidelity 0.740 exceeds the achievable estimate 0.720 (one-round static estimate (BBPSSWCircuit.improved_fidelity); SeQUeNCe's 'until_target' mode may run a different number of rounds at execution time)),,,346d13d73b314be70c16e143c68a04cb832af4fc,1f2680a5b9065e708a7497adc53a95b108029b98,3.13.14,2026-07-13T23:26:09.316019+00:00,F03_purification,INFEASIBLE_BUT_POTENTIALLY_SATISFIABLE
F03_purification,F03_purification:three_node_1_repeater:2230aaf2f0a26fc7:shortest_hop_count__automatic__conservative_min:18:f03-1rep,three_node_1_repeater,2230aaf2f0a26fc7,18,f03-1rep,shortest_hop_count,automatic,False,,,10,10.0,0.74,conservative_min,,,,,0.1,1e-05,1000.0,-1.0,False,False,,REJECTED,,,,,,,,,,,0.000163,,,,,,,,no candidate route is feasible: a->r->b (min_fidelity 0.740 exceeds the achievable estimate 0.720 (one-round static estimate (BBPSSWCircuit.improved_fidelity); SeQUeNCe's 'until_target' mode may run a different number of rounds at execution time)),,,346d13d73b314be70c16e143c68a04cb832af4fc,1f2680a5b9065e708a7497adc53a95b108029b98,3.13.14,2026-07-13T23:26:09.317825+00:00,F03_purification,INFEASIBLE_BUT_POTENTIALLY_SATISFIABLE
F03_purification,F03_purification:three_node_1_repeater:2230aaf2f0a26fc7:shortest_hop_count__automatic__conservative_min:19:f03-1rep,three_node_1_repeater,2230aaf2f0a26fc7,19,f03-1rep,shortest_hop_count,automatic,False,,,10,10.0,0.74,conservative_min,,,,,0.1,1e-05,1000.0,-1.0,False,False,,REJECTED,,,,,,,,,,,0.000141,,,,,,,,no candidate route is feasible: a->r->b (min_fidelity 0.740 exceeds the achievable estimate 0.720 (one-round static estimate (BBPSSWCircuit.improved_fidelity); SeQUeNCe's 'until_target' mode may run a different number of rounds at execution time)),,,346d13d73b314be70c16e143c68a04cb832af4fc,1f2680a5b9065e708a7497adc53a95b108029b98,3.13.14,2026-07-13T23:26:09.319667+00:00,F03_purification,INFEASIBLE_BUT_POTENTIALLY_SATISFIABLE
F03_purification,F03_purification:three_node_1_repeater:17e9e163db27b3d0:shortest_hop_count__disabled__conservative_min:0:f03-1rep,three_node_1_repeater,17e9e163db27b3d0,0,f03-1rep,shortest_hop_count,disabled,False,,,10,10.0,0.745,conservative_min,,,,,0.1,1e-05,1000.0,-1.0,False,False,,REJECTED,,,,,,,,,,,0.000133,,,,,,,,no candidate route is feasible: a->r->b (min_fidelity 0.745 exceeds the achievable estimate 0.686 (never-purify baseline strategy)),,,346d13d73b314be70c16e143c68a04cb832af4fc,1f2680a5b9065e708a7497adc53a95b108029b98,3.13.14,2026-07-13T23:26:09.321440+00:00,F03_purification,INFEASIBLE_BUT_POTENTIALLY_SATISFIABLE
F03_purification,F03_purification:three_node_1_repeater:17e9e163db27b3d0:shortest_hop_count__disabled__conservative_min:1:f03-1rep,three_node_1_repeater,17e9e163db27b3d0,1,f03-1rep,shortest_hop_count,disabled,False,,,10,10.0,0.745,conservative_min,,,,,0.1,1e-05,1000.0,-1.0,False,False,,REJECTED,,,,,,,,,,,0.000134,,,,,,,,no candidate route is feasible: a->r->b (min_fidelity 0.745 exceeds the achievable estimate 0.686 (never-purify baseline strategy)),,,346d13d73b314be70c16e143c68a04cb832af4fc,1f2680a5b9065e708a7497adc53a95b108029b98,3.13.14,2026-07-13T23:26:09.323155+00:00,F03_purification,INFEASIBLE_BUT_POTENTIALLY_SATISFIABLE
F03_purification,F03_purification:three_node_1_repeater:17e9e163db27b3d0:shortest_hop_count__disabled__conservative_min:2:f03-1rep,three_node_1_repeater,17e9e163db27b3d0,2,f03-1rep,shortest_hop_count,disabled,False,,,10,10.0,0.745,conservative_min,,,,,0.1,1e-05,1000.0,-1.0,False,False,,REJECTED,,,,,,,,,,,0.000134,,,,,,,,no candidate route is feasible: a->r->b (min_fidelity 0.745 exceeds the achievable estimate 0.686 (never-purify baseline strategy)),,,346d13d73b314be70c16e143c68a04cb832af4fc,1f2680a5b9065e708a7497adc53a95b108029b98,3.13.14,2026-07-13T23:26:09.324944+00:00,F03_purification,INFEASIBLE_BUT_POTENTIALLY_SATISFIABLE
F03_purification,F03_purification:three_node_1_repeater:17e9e163db27b3d0:shortest_hop_count__disabled__conservative_min:3:f03-1rep,three_node_1_repeater,17e9e163db27b3d0,3,f03-1rep,shortest_hop_count,disabled,False,,,10,10.0,0.745,conservative_min,,,,,0.1,1e-05,1000.0,-1.0,False,False,,REJECTED,,,,,,,,,,,0.00014,,,,,,,,no candidate route is feasible: a->r->b (min_fidelity 0.745 exceeds the achievable estimate 0.686 (never-purify baseline strategy)),,,346d13d73b314be70c16e143c68a04cb832af4fc,1f2680a5b9065e708a7497adc53a95b108029b98,3.13.14,2026-07-13T23:26:09.326673+00:00,F03_purification,INFEASIBLE_BUT_POTENTIALLY_SATISFIABLE
F03_purification,F03_purification:three_node_1_repeater:17e9e163db27b3d0:shortest_hop_count__disabled__conservative_min:4:f03-1rep,three_node_1_repeater,17e9e163db27b3d0,4,f03-1rep,shortest_hop_count,disabled,False,,,10,10.0,0.745,conservative_min,,,,,0.1,1e-05,1000.0,-1.0,False,False,,REJECTED,,,,,,,,,,,0.00016,,,,,,,,no candidate route is feasible: a->r->b (min_fidelity 0.745 exceeds the achievable estimate 0.686 (never-purify baseline strategy)),,,346d13d73b314be70c16e143c68a04cb832af4fc,1f2680a5b9065e708a7497adc53a95b108029b98,3.13.14,2026-07-13T23:26:09.328453+00:00,F03_purification,INFEASIBLE_BUT_POTENTIALLY_SATISFIABLE
F03_purification,F03_purification:three_node_1_repeater:17e9e163db27b3d0:shortest_hop_count__disabled__conservative_min:5:f03-1rep,three_node_1_repeater,17e9e163db27b3d0,5,f03-1rep,shortest_hop_count,disabled,False,,,10,10.0,0.745,conservative_min,,,,,0.1,1e-05,1000.0,-1.0,False,False,,REJECTED,,,,,,,,,,,0.000189,,,,,,,,no candidate route is feasible: a->r->b (min_fidelity 0.745 exceeds the achievable estimate 0.686 (never-purify baseline strategy)),,,346d13d73b314be70c16e143c68a04cb832af4fc,1f2680a5b9065e708a7497adc53a95b108029b98,3.13.14,2026-07-13T23:26:09.330432+00:00,F03_purification,INFEASIBLE_BUT_POTENTIALLY_SATISFIABLE
F03_purification,F03_purification:three_node_1_repeater:17e9e163db27b3d0:shortest_hop_count__disabled__conservative_min:6:f03-1rep,three_node_1_repeater,17e9e163db27b3d0,6,f03-1rep,shortest_hop_count,disabled,False,,,10,10.0,0.745,conservative_min,,,,,0.1,1e-05,1000.0,-1.0,False,False,,REJECTED,,,,,,,,,,,0.000154,,,,,,,,no candidate route is feasible: a->r->b (min_fidelity 0.745 exceeds the achievable estimate 0.686 (never-purify baseline strategy)),,,346d13d73b314be70c16e143c68a04cb832af4fc,1f2680a5b9065e708a7497adc53a95b108029b98,3.13.14,2026-07-13T23:26:09.332344+00:00,F03_purification,INFEASIBLE_BUT_POTENTIALLY_SATISFIABLE
F03_purification,F03_purification:three_node_1_repeater:17e9e163db27b3d0:shortest_hop_count__disabled__conservative_min:7:f03-1rep,three_node_1_repeater,17e9e163db27b3d0,7,f03-1rep,shortest_hop_count,disabled,False,,,10,10.0,0.745,conservative_min,,,,,0.1,1e-05,1000.0,-1.0,False,False,,REJECTED,,,,,,,,,,,0.000137,,,,,,,,no candidate route is feasible: a->r->b (min_fidelity 0.745 exceeds the achievable estimate 0.686 (never-purify baseline strategy)),,,346d13d73b314be70c16e143c68a04cb832af4fc,1f2680a5b9065e708a7497adc53a95b108029b98,3.13.14,2026-07-13T23:26:09.334058+00:00,F03_purification,INFEASIBLE_BUT_POTENTIALLY_SATISFIABLE
F03_purification,F03_purification:three_node_1_repeater:17e9e163db27b3d0:shortest_hop_count__disabled__conservative_min:8:f03-1rep,three_node_1_repeater,17e9e163db27b3d0,8,f03-1rep,shortest_hop_count,disabled,False,,,10,10.0,0.745,conservative_min,,,,,0.1,1e-05,1000.0,-1.0,False,False,,REJECTED,,,,,,,,,,,0.000137,,,,,,,,no candidate route is feasible: a->r->b (min_fidelity 0.745 exceeds the achievable estimate 0.686 (never-purify baseline strategy)),,,346d13d73b314be70c16e143c68a04cb832af4fc,1f2680a5b9065e708a7497adc53a95b108029b98,3.13.14,2026-07-13T23:26:09.335698+00:00,F03_purification,INFEASIBLE_BUT_POTENTIALLY_SATISFIABLE
F03_purification,F03_purification:three_node_1_repeater:17e9e163db27b3d0:shortest_hop_count__disabled__conservative_min:9:f03-1rep,three_node_1_repeater,17e9e163db27b3d0,9,f03-1rep,shortest_hop_count,disabled,False,,,10,10.0,0.745,conservative_min,,,,,0.1,1e-05,1000.0,-1.0,False,False,,REJECTED,,,,,,,,,,,0.000138,,,,,,,,no candidate route is feasible: a->r->b (min_fidelity 0.745 exceeds the achievable estimate 0.686 (never-purify baseline strategy)),,,346d13d73b314be70c16e143c68a04cb832af4fc,1f2680a5b9065e708a7497adc53a95b108029b98,3.13.14,2026-07-13T23:26:09.337425+00:00,F03_purification,INFEASIBLE_BUT_POTENTIALLY_SATISFIABLE
F03_purification,F03_purification:three_node_1_repeater:17e9e163db27b3d0:shortest_hop_count__disabled__conservative_min:10:f03-1rep,three_node_1_repeater,17e9e163db27b3d0,10,f03-1rep,shortest_hop_count,disabled,False,,,10,10.0,0.745,conservative_min,,,,,0.1,1e-05,1000.0,-1.0,False,False,,REJECTED,,,,,,,,,,,0.00013,,,,,,,,no candidate route is feasible: a->r->b (min_fidelity 0.745 exceeds the achievable estimate 0.686 (never-purify baseline strategy)),,,346d13d73b314be70c16e143c68a04cb832af4fc,1f2680a5b9065e708a7497adc53a95b108029b98,3.13.14,2026-07-13T23:26:09.339142+00:00,F03_purification,INFEASIBLE_BUT_POTENTIALLY_SATISFIABLE
F03_purification,F03_purification:three_node_1_repeater:17e9e163db27b3d0:shortest_hop_count__disabled__conservative_min:11:f03-1rep,three_node_1_repeater,17e9e163db27b3d0,11,f03-1rep,shortest_hop_count,disabled,False,,,10,10.0,0.745,conservative_min,,,,,0.1,1e-05,1000.0,-1.0,False,False,,REJECTED,,,,,,,,,,,0.000135,,,,,,,,no candidate route is feasible: a->r->b (min_fidelity 0.745 exceeds the achievable estimate 0.686 (never-purify baseline strategy)),,,346d13d73b314be70c16e143c68a04cb832af4fc,1f2680a5b9065e708a7497adc53a95b108029b98,3.13.14,2026-07-13T23:26:09.340886+00:00,F03_purification,INFEASIBLE_BUT_POTENTIALLY_SATISFIABLE
F03_purification,F03_purification:three_node_1_repeater:17e9e163db27b3d0:shortest_hop_count__disabled__conservative_min:12:f03-1rep,three_node_1_repeater,17e9e163db27b3d0,12,f03-1rep,shortest_hop_count,disabled,False,,,10,10.0,0.745,conservative_min,,,,,0.1,1e-05,1000.0,-1.0,False,False,,REJECTED,,,,,,,,,,,0.000235,,,,,,,,no candidate route is feasible: a->r->b (min_fidelity 0.745 exceeds the achievable estimate 0.686 (never-purify baseline strategy)),,,346d13d73b314be70c16e143c68a04cb832af4fc,1f2680a5b9065e708a7497adc53a95b108029b98,3.13.14,2026-07-13T23:26:09.342798+00:00,F03_purification,INFEASIBLE_BUT_POTENTIALLY_SATISFIABLE
F03_purification,F03_purification:three_node_1_repeater:17e9e163db27b3d0:shortest_hop_count__disabled__conservative_min:13:f03-1rep,three_node_1_repeater,17e9e163db27b3d0,13,f03-1rep,shortest_hop_count,disabled,False,,,10,10.0,0.745,conservative_min,,,,,0.1,1e-05,1000.0,-1.0,False,False,,REJECTED,,,,,,,,,,,0.000133,,,,,,,,no candidate route is feasible: a->r->b (min_fidelity 0.745 exceeds the achievable estimate 0.686 (never-purify baseline strategy)),,,346d13d73b314be70c16e143c68a04cb832af4fc,1f2680a5b9065e708a7497adc53a95b108029b98,3.13.14,2026-07-13T23:26:09.344677+00:00,F03_purification,INFEASIBLE_BUT_POTENTIALLY_SATISFIABLE
F03_purification,F03_purification:three_node_1_repeater:17e9e163db27b3d0:shortest_hop_count__disabled__conservative_min:14:f03-1rep,three_node_1_repeater,17e9e163db27b3d0,14,f03-1rep,shortest_hop_count,disabled,False,,,10,10.0,0.745,conservative_min,,,,,0.1,1e-05,1000.0,-1.0,False,False,,REJECTED,,,,,,,,,,,0.000191,,,,,,,,no candidate route is feasible: a->r->b (min_fidelity 0.745 exceeds the achievable estimate 0.686 (never-purify baseline strategy)),,,346d13d73b314be70c16e143c68a04cb832af4fc,1f2680a5b9065e708a7497adc53a95b108029b98,3.13.14,2026-07-13T23:26:09.346479+00:00,F03_purification,INFEASIBLE_BUT_POTENTIALLY_SATISFIABLE
F03_purification,F03_purification:three_node_1_repeater:17e9e163db27b3d0:shortest_hop_count__disabled__conservative_min:15:f03-1rep,three_node_1_repeater,17e9e163db27b3d0,15,f03-1rep,shortest_hop_count,disabled,False,,,10,10.0,0.745,conservative_min,,,,,0.1,1e-05,1000.0,-1.0,False,False,,REJECTED,,,,,,,,,,,0.000162,,,,,,,,no candidate route is feasible: a->r->b (min_fidelity 0.745 exceeds the achievable estimate 0.686 (never-purify baseline strategy)),,,346d13d73b314be70c16e143c68a04cb832af4fc,1f2680a5b9065e708a7497adc53a95b108029b98,3.13.14,2026-07-13T23:26:09.348344+00:00,F03_purification,INFEASIBLE_BUT_POTENTIALLY_SATISFIABLE
F03_purification,F03_purification:three_node_1_repeater:17e9e163db27b3d0:shortest_hop_count__disabled__conservative_min:16:f03-1rep,three_node_1_repeater,17e9e163db27b3d0,16,f03-1rep,shortest_hop_count,disabled,False,,,10,10.0,0.745,conservative_min,,,,,0.1,1e-05,1000.0,-1.0,False,False,,REJECTED,,,,,,,,,,,0.000141,,,,,,,,no candidate route is feasible: a->r->b (min_fidelity 0.745 exceeds the achievable estimate 0.686 (never-purify baseline strategy)),,,346d13d73b314be70c16e143c68a04cb832af4fc,1f2680a5b9065e708a7497adc53a95b108029b98,3.13.14,2026-07-13T23:26:09.350159+00:00,F03_purification,INFEASIBLE_BUT_POTENTIALLY_SATISFIABLE
F03_purification,F03_purification:three_node_1_repeater:17e9e163db27b3d0:shortest_hop_count__disabled__conservative_min:17:f03-1rep,three_node_1_repeater,17e9e163db27b3d0,17,f03-1rep,shortest_hop_count,disabled,False,,,10,10.0,0.745,conservative_min,,,,,0.1,1e-05,1000.0,-1.0,False,False,,REJECTED,,,,,,,,,,,0.000142,,,,,,,,no candidate route is feasible: a->r->b (min_fidelity 0.745 exceeds the achievable estimate 0.686 (never-purify baseline strategy)),,,346d13d73b314be70c16e143c68a04cb832af4fc,1f2680a5b9065e708a7497adc53a95b108029b98,3.13.14,2026-07-13T23:26:09.351974+00:00,F03_purification,INFEASIBLE_BUT_POTENTIALLY_SATISFIABLE
F03_purification,F03_purification:three_node_1_repeater:17e9e163db27b3d0:shortest_hop_count__disabled__conservative_min:18:f03-1rep,three_node_1_repeater,17e9e163db27b3d0,18,f03-1rep,shortest_hop_count,disabled,False,,,10,10.0,0.745,conservative_min,,,,,0.1,1e-05,1000.0,-1.0,False,False,,REJECTED,,,,,,,,,,,0.000144,,,,,,,,no candidate route is feasible: a->r->b (min_fidelity 0.745 exceeds the achievable estimate 0.686 (never-purify baseline strategy)),,,346d13d73b314be70c16e143c68a04cb832af4fc,1f2680a5b9065e708a7497adc53a95b108029b98,3.13.14,2026-07-13T23:26:09.353764+00:00,F03_purification,INFEASIBLE_BUT_POTENTIALLY_SATISFIABLE
F03_purification,F03_purification:three_node_1_repeater:17e9e163db27b3d0:shortest_hop_count__disabled__conservative_min:19:f03-1rep,three_node_1_repeater,17e9e163db27b3d0,19,f03-1rep,shortest_hop_count,disabled,False,,,10,10.0,0.745,conservative_min,,,,,0.1,1e-05,1000.0,-1.0,False,False,,REJECTED,,,,,,,,,,,0.000131,,,,,,,,no candidate route is feasible: a->r->b (min_fidelity 0.745 exceeds the achievable estimate 0.686 (never-purify baseline strategy)),,,346d13d73b314be70c16e143c68a04cb832af4fc,1f2680a5b9065e708a7497adc53a95b108029b98,3.13.14,2026-07-13T23:26:09.355495+00:00,F03_purification,INFEASIBLE_BUT_POTENTIALLY_SATISFIABLE
F03_purification,F03_purification:three_node_1_repeater:d515ee3f79a910b8:shortest_hop_count__automatic__conservative_min:0:f03-1rep,three_node_1_repeater,d515ee3f79a910b8,0,f03-1rep,shortest_hop_count,automatic,False,,,10,10.0,0.745,conservative_min,,,,,0.1,1e-05,1000.0,-1.0,False,False,,REJECTED,,,,,,,,,,,0.000135,,,,,,,,no candidate route is feasible: a->r->b (min_fidelity 0.745 exceeds the achievable estimate 0.720 (one-round static estimate (BBPSSWCircuit.improved_fidelity); SeQUeNCe's 'until_target' mode may run a different number of rounds at execution time)),,,346d13d73b314be70c16e143c68a04cb832af4fc,1f2680a5b9065e708a7497adc53a95b108029b98,3.13.14,2026-07-13T23:26:09.357288+00:00,F03_purification,INFEASIBLE_BUT_POTENTIALLY_SATISFIABLE
F03_purification,F03_purification:three_node_1_repeater:d515ee3f79a910b8:shortest_hop_count__automatic__conservative_min:1:f03-1rep,three_node_1_repeater,d515ee3f79a910b8,1,f03-1rep,shortest_hop_count,automatic,False,,,10,10.0,0.745,conservative_min,,,,,0.1,1e-05,1000.0,-1.0,False,False,,REJECTED,,,,,,,,,,,0.000151,,,,,,,,no candidate route is feasible: a->r->b (min_fidelity 0.745 exceeds the achievable estimate 0.720 (one-round static estimate (BBPSSWCircuit.improved_fidelity); SeQUeNCe's 'until_target' mode may run a different number of rounds at execution time)),,,346d13d73b314be70c16e143c68a04cb832af4fc,1f2680a5b9065e708a7497adc53a95b108029b98,3.13.14,2026-07-13T23:26:09.359162+00:00,F03_purification,INFEASIBLE_BUT_POTENTIALLY_SATISFIABLE
F03_purification,F03_purification:three_node_1_repeater:d515ee3f79a910b8:shortest_hop_count__automatic__conservative_min:2:f03-1rep,three_node_1_repeater,d515ee3f79a910b8,2,f03-1rep,shortest_hop_count,automatic,False,,,10,10.0,0.745,conservative_min,,,,,0.1,1e-05,1000.0,-1.0,False,False,,REJECTED,,,,,,,,,,,0.000151,,,,,,,,no candidate route is feasible: a->r->b (min_fidelity 0.745 exceeds the achievable estimate 0.720 (one-round static estimate (BBPSSWCircuit.improved_fidelity); SeQUeNCe's 'until_target' mode may run a different number of rounds at execution time)),,,346d13d73b314be70c16e143c68a04cb832af4fc,1f2680a5b9065e708a7497adc53a95b108029b98,3.13.14,2026-07-13T23:26:09.360922+00:00,F03_purification,INFEASIBLE_BUT_POTENTIALLY_SATISFIABLE
F03_purification,F03_purification:three_node_1_repeater:d515ee3f79a910b8:shortest_hop_count__automatic__conservative_min:3:f03-1rep,three_node_1_repeater,d515ee3f79a910b8,3,f03-1rep,shortest_hop_count,automatic,False,,,10,10.0,0.745,conservative_min,,,,,0.1,1e-05,1000.0,-1.0,False,False,,REJECTED,,,,,,,,,,,0.000243,,,,,,,,no candidate route is feasible: a->r->b (min_fidelity 0.745 exceeds the achievable estimate 0.720 (one-round static estimate (BBPSSWCircuit.improved_fidelity); SeQUeNCe's 'until_target' mode may run a different number of rounds at execution time)),,,346d13d73b314be70c16e143c68a04cb832af4fc,1f2680a5b9065e708a7497adc53a95b108029b98,3.13.14,2026-07-13T23:26:09.363285+00:00,F03_purification,INFEASIBLE_BUT_POTENTIALLY_SATISFIABLE
F03_purification,F03_purification:three_node_1_repeater:d515ee3f79a910b8:shortest_hop_count__automatic__conservative_min:4:f03-1rep,three_node_1_repeater,d515ee3f79a910b8,4,f03-1rep,shortest_hop_count,automatic,False,,,10,10.0,0.745,conservative_min,,,,,0.1,1e-05,1000.0,-1.0,False,False,,REJECTED,,,,,,,,,,,0.000208,,,,,,,,no candidate route is feasible: a->r->b (min_fidelity 0.745 exceeds the achievable estimate 0.720 (one-round static estimate (BBPSSWCircuit.improved_fidelity); SeQUeNCe's 'until_target' mode may run a different number of rounds at execution time)),,,346d13d73b314be70c16e143c68a04cb832af4fc,1f2680a5b9065e708a7497adc53a95b108029b98,3.13.14,2026-07-13T23:26:09.365450+00:00,F03_purification,INFEASIBLE_BUT_POTENTIALLY_SATISFIABLE
F03_purification,F03_purification:three_node_1_repeater:d515ee3f79a910b8:shortest_hop_count__automatic__conservative_min:5:f03-1rep,three_node_1_repeater,d515ee3f79a910b8,5,f03-1rep,shortest_hop_count,automatic,False,,,10,10.0,0.745,conservative_min,,,,,0.1,1e-05,1000.0,-1.0,False,False,,REJECTED,,,,,,,,,,,0.000186,,,,,,,,no candidate route is feasible: a->r->b (min_fidelity 0.745 exceeds the achievable estimate 0.720 (one-round static estimate (BBPSSWCircuit.improved_fidelity); SeQUeNCe's 'until_target' mode may run a different number of rounds at execution time)),,,346d13d73b314be70c16e143c68a04cb832af4fc,1f2680a5b9065e708a7497adc53a95b108029b98,3.13.14,2026-07-13T23:26:09.367572+00:00,F03_purification,INFEASIBLE_BUT_POTENTIALLY_SATISFIABLE
F03_purification,F03_purification:three_node_1_repeater:d515ee3f79a910b8:shortest_hop_count__automatic__conservative_min:6:f03-1rep,three_node_1_repeater,d515ee3f79a910b8,6,f03-1rep,shortest_hop_count,automatic,False,,,10,10.0,0.745,conservative_min,,,,,0.1,1e-05,1000.0,-1.0,False,False,,REJECTED,,,,,,,,,,,0.000155,,,,,,,,no candidate route is feasible: a->r->b (min_fidelity 0.745 exceeds the achievable estimate 0.720 (one-round static estimate (BBPSSWCircuit.improved_fidelity); SeQUeNCe's 'until_target' mode may run a different number of rounds at execution time)),,,346d13d73b314be70c16e143c68a04cb832af4fc,1f2680a5b9065e708a7497adc53a95b108029b98,3.13.14,2026-07-13T23:26:09.369453+00:00,F03_purification,INFEASIBLE_BUT_POTENTIALLY_SATISFIABLE
F03_purification,F03_purification:three_node_1_repeater:d515ee3f79a910b8:shortest_hop_count__automatic__conservative_min:7:f03-1rep,three_node_1_repeater,d515ee3f79a910b8,7,f03-1rep,shortest_hop_count,automatic,False,,,10,10.0,0.745,conservative_min,,,,,0.1,1e-05,1000.0,-1.0,False,False,,REJECTED,,,,,,,,,,,0.000142,,,,,,,,no candidate route is feasible: a->r->b (min_fidelity 0.745 exceeds the achievable estimate 0.720 (one-round static estimate (BBPSSWCircuit.improved_fidelity); SeQUeNCe's 'until_target' mode may run a different number of rounds at execution time)),,,346d13d73b314be70c16e143c68a04cb832af4fc,1f2680a5b9065e708a7497adc53a95b108029b98,3.13.14,2026-07-13T23:26:09.371277+00:00,F03_purification,INFEASIBLE_BUT_POTENTIALLY_SATISFIABLE
F03_purification,F03_purification:three_node_1_repeater:d515ee3f79a910b8:shortest_hop_count__automatic__conservative_min:8:f03-1rep,three_node_1_repeater,d515ee3f79a910b8,8,f03-1rep,shortest_hop_count,automatic,False,,,10,10.0,0.745,conservative_min,,,,,0.1,1e-05,1000.0,-1.0,False,False,,REJECTED,,,,,,,,,,,0.000135,,,,,,,,no candidate route is feasible: a->r->b (min_fidelity 0.745 exceeds the achievable estimate 0.720 (one-round static estimate (BBPSSWCircuit.improved_fidelity); SeQUeNCe's 'until_target' mode may run a different number of rounds at execution time)),,,346d13d73b314be70c16e143c68a04cb832af4fc,1f2680a5b9065e708a7497adc53a95b108029b98,3.13.14,2026-07-13T23:26:09.372983+00:00,F03_purification,INFEASIBLE_BUT_POTENTIALLY_SATISFIABLE
F03_purification,F03_purification:three_node_1_repeater:d515ee3f79a910b8:shortest_hop_count__automatic__conservative_min:9:f03-1rep,three_node_1_repeater,d515ee3f79a910b8,9,f03-1rep,shortest_hop_count,automatic,False,,,10,10.0,0.745,conservative_min,,,,,0.1,1e-05,1000.0,-1.0,False,False,,REJECTED,,,,,,,,,,,0.000143,,,,,,,,no candidate route is feasible: a->r->b (min_fidelity 0.745 exceeds the achievable estimate 0.720 (one-round static estimate (BBPSSWCircuit.improved_fidelity); SeQUeNCe's 'until_target' mode may run a different number of rounds at execution time)),,,346d13d73b314be70c16e143c68a04cb832af4fc,1f2680a5b9065e708a7497adc53a95b108029b98,3.13.14,2026-07-13T23:26:09.374797+00:00,F03_purification,INFEASIBLE_BUT_POTENTIALLY_SATISFIABLE
F03_purification,F03_purification:three_node_1_repeater:d515ee3f79a910b8:shortest_hop_count__automatic__conservative_min:10:f03-1rep,three_node_1_repeater,d515ee3f79a910b8,10,f03-1rep,shortest_hop_count,automatic,False,,,10,10.0,0.745,conservative_min,,,,,0.1,1e-05,1000.0,-1.0,False,False,,REJECTED,,,,,,,,,,,0.000143,,,,,,,,no candidate route is feasible: a->r->b (min_fidelity 0.745 exceeds the achievable estimate 0.720 (one-round static estimate (BBPSSWCircuit.improved_fidelity); SeQUeNCe's 'until_target' mode may run a different number of rounds at execution time)),,,346d13d73b314be70c16e143c68a04cb832af4fc,1f2680a5b9065e708a7497adc53a95b108029b98,3.13.14,2026-07-13T23:26:09.376476+00:00,F03_purification,INFEASIBLE_BUT_POTENTIALLY_SATISFIABLE
F03_purification,F03_purification:three_node_1_repeater:d515ee3f79a910b8:shortest_hop_count__automatic__conservative_min:11:f03-1rep,three_node_1_repeater,d515ee3f79a910b8,11,f03-1rep,shortest_hop_count,automatic,False,,,10,10.0,0.745,conservative_min,,,,,0.1,1e-05,1000.0,-1.0,False,False,,REJECTED,,,,,,,,,,,0.000145,,,,,,,,no candidate route is feasible: a->r->b (min_fidelity 0.745 exceeds the achievable estimate 0.720 (one-round static estimate (BBPSSWCircuit.improved_fidelity); SeQUeNCe's 'until_target' mode may run a different number of rounds at execution time)),,,346d13d73b314be70c16e143c68a04cb832af4fc,1f2680a5b9065e708a7497adc53a95b108029b98,3.13.14,2026-07-13T23:26:09.378316+00:00,F03_purification,INFEASIBLE_BUT_POTENTIALLY_SATISFIABLE
F03_purification,F03_purification:three_node_1_repeater:d515ee3f79a910b8:shortest_hop_count__automatic__conservative_min:12:f03-1rep,three_node_1_repeater,d515ee3f79a910b8,12,f03-1rep,shortest_hop_count,automatic,False,,,10,10.0,0.745,conservative_min,,,,,0.1,1e-05,1000.0,-1.0,False,False,,REJECTED,,,,,,,,,,,0.000193,,,,,,,,no candidate route is feasible: a->r->b (min_fidelity 0.745 exceeds the achievable estimate 0.720 (one-round static estimate (BBPSSWCircuit.improved_fidelity); SeQUeNCe's 'until_target' mode may run a different number of rounds at execution time)),,,346d13d73b314be70c16e143c68a04cb832af4fc,1f2680a5b9065e708a7497adc53a95b108029b98,3.13.14,2026-07-13T23:26:09.380254+00:00,F03_purification,INFEASIBLE_BUT_POTENTIALLY_SATISFIABLE
F03_purification,F03_purification:three_node_1_repeater:d515ee3f79a910b8:shortest_hop_count__automatic__conservative_min:13:f03-1rep,three_node_1_repeater,d515ee3f79a910b8,13,f03-1rep,shortest_hop_count,automatic,False,,,10,10.0,0.745,conservative_min,,,,,0.1,1e-05,1000.0,-1.0,False,False,,REJECTED,,,,,,,,,,,0.00017,,,,,,,,no candidate route is feasible: a->r->b (min_fidelity 0.745 exceeds the achievable estimate 0.720 (one-round static estimate (BBPSSWCircuit.improved_fidelity); SeQUeNCe's 'until_target' mode may run a different number of rounds at execution time)),,,346d13d73b314be70c16e143c68a04cb832af4fc,1f2680a5b9065e708a7497adc53a95b108029b98,3.13.14,2026-07-13T23:26:09.382193+00:00,F03_purification,INFEASIBLE_BUT_POTENTIALLY_SATISFIABLE
F03_purification,F03_purification:three_node_1_repeater:d515ee3f79a910b8:shortest_hop_count__automatic__conservative_min:14:f03-1rep,three_node_1_repeater,d515ee3f79a910b8,14,f03-1rep,shortest_hop_count,automatic,False,,,10,10.0,0.745,conservative_min,,,,,0.1,1e-05,1000.0,-1.0,False,False,,REJECTED,,,,,,,,,,,0.000144,,,,,,,,no candidate route is feasible: a->r->b (min_fidelity 0.745 exceeds the achievable estimate 0.720 (one-round static estimate (BBPSSWCircuit.improved_fidelity); SeQUeNCe's 'until_target' mode may run a different number of rounds at execution time)),,,346d13d73b314be70c16e143c68a04cb832af4fc,1f2680a5b9065e708a7497adc53a95b108029b98,3.13.14,2026-07-13T23:26:09.384026+00:00,F03_purification,INFEASIBLE_BUT_POTENTIALLY_SATISFIABLE
F03_purification,F03_purification:three_node_1_repeater:d515ee3f79a910b8:shortest_hop_count__automatic__conservative_min:15:f03-1rep,three_node_1_repeater,d515ee3f79a910b8,15,f03-1rep,shortest_hop_count,automatic,False,,,10,10.0,0.745,conservative_min,,,,,0.1,1e-05,1000.0,-1.0,False,False,,REJECTED,,,,,,,,,,,0.000137,,,,,,,,no candidate route is feasible: a->r->b (min_fidelity 0.745 exceeds the achievable estimate 0.720 (one-round static estimate (BBPSSWCircuit.improved_fidelity); SeQUeNCe's 'until_target' mode may run a different number of rounds at execution time)),,,346d13d73b314be70c16e143c68a04cb832af4fc,1f2680a5b9065e708a7497adc53a95b108029b98,3.13.14,2026-07-13T23:26:09.385827+00:00,F03_purification,INFEASIBLE_BUT_POTENTIALLY_SATISFIABLE
F03_purification,F03_purification:three_node_1_repeater:d515ee3f79a910b8:shortest_hop_count__automatic__conservative_min:16:f03-1rep,three_node_1_repeater,d515ee3f79a910b8,16,f03-1rep,shortest_hop_count,automatic,False,,,10,10.0,0.745,conservative_min,,,,,0.1,1e-05,1000.0,-1.0,False,False,,REJECTED,,,,,,,,,,,0.000158,,,,,,,,no candidate route is feasible: a->r->b (min_fidelity 0.745 exceeds the achievable estimate 0.720 (one-round static estimate (BBPSSWCircuit.improved_fidelity); SeQUeNCe's 'until_target' mode may run a different number of rounds at execution time)),,,346d13d73b314be70c16e143c68a04cb832af4fc,1f2680a5b9065e708a7497adc53a95b108029b98,3.13.14,2026-07-13T23:26:09.387557+00:00,F03_purification,INFEASIBLE_BUT_POTENTIALLY_SATISFIABLE
F03_purification,F03_purification:three_node_1_repeater:d515ee3f79a910b8:shortest_hop_count__automatic__conservative_min:17:f03-1rep,three_node_1_repeater,d515ee3f79a910b8,17,f03-1rep,shortest_hop_count,automatic,False,,,10,10.0,0.745,conservative_min,,,,,0.1,1e-05,1000.0,-1.0,False,False,,REJECTED,,,,,,,,,,,0.000151,,,,,,,,no candidate route is feasible: a->r->b (min_fidelity 0.745 exceeds the achievable estimate 0.720 (one-round static estimate (BBPSSWCircuit.improved_fidelity); SeQUeNCe's 'until_target' mode may run a different number of rounds at execution time)),,,346d13d73b314be70c16e143c68a04cb832af4fc,1f2680a5b9065e708a7497adc53a95b108029b98,3.13.14,2026-07-13T23:26:09.389448+00:00,F03_purification,INFEASIBLE_BUT_POTENTIALLY_SATISFIABLE
F03_purification,F03_purification:three_node_1_repeater:d515ee3f79a910b8:shortest_hop_count__automatic__conservative_min:18:f03-1rep,three_node_1_repeater,d515ee3f79a910b8,18,f03-1rep,shortest_hop_count,automatic,False,,,10,10.0,0.745,conservative_min,,,,,0.1,1e-05,1000.0,-1.0,False,False,,REJECTED,,,,,,,,,,,0.000146,,,,,,,,no candidate route is feasible: a->r->b (min_fidelity 0.745 exceeds the achievable estimate 0.720 (one-round static estimate (BBPSSWCircuit.improved_fidelity); SeQUeNCe's 'until_target' mode may run a different number of rounds at execution time)),,,346d13d73b314be70c16e143c68a04cb832af4fc,1f2680a5b9065e708a7497adc53a95b108029b98,3.13.14,2026-07-13T23:26:09.391406+00:00,F03_purification,INFEASIBLE_BUT_POTENTIALLY_SATISFIABLE
F03_purification,F03_purification:three_node_1_repeater:d515ee3f79a910b8:shortest_hop_count__automatic__conservative_min:19:f03-1rep,three_node_1_repeater,d515ee3f79a910b8,19,f03-1rep,shortest_hop_count,automatic,False,,,10,10.0,0.745,conservative_min,,,,,0.1,1e-05,1000.0,-1.0,False,False,,REJECTED,,,,,,,,,,,0.000143,,,,,,,,no candidate route is feasible: a->r->b (min_fidelity 0.745 exceeds the achievable estimate 0.720 (one-round static estimate (BBPSSWCircuit.improved_fidelity); SeQUeNCe's 'until_target' mode may run a different number of rounds at execution time)),,,346d13d73b314be70c16e143c68a04cb832af4fc,1f2680a5b9065e708a7497adc53a95b108029b98,3.13.14,2026-07-13T23:26:09.393242+00:00,F03_purification,INFEASIBLE_BUT_POTENTIALLY_SATISFIABLE
