trial_id,planner_level,planner_name,rejection_reason,topology,hardware,requested_fidelity,reserved_memory_slots,duration_s,min_delivered_pairs,allow_purification,regime,seed,oracle_tested,oracle_satisfiable,oracle_route,oracle_delivered_pairs,oracle_average_fidelity,oracle_notes
R04_planner_evolution:chain1@literature:c2af88cc92855437:L2-R:0:R04_planner_evolution-intent,L2-R,iterative_resource_aware,DELIVERY_TARGET_EXCEEDS_WINDOW,chain1,literature,0.6,4,0.3,10,True,generous,0,True,True,a -> r1 -> b,53,0.7036413171913063,best of 1 candidate route(s) evaluated in hindsight - not an online-implementable strategy
R04_planner_evolution:chain1@literature:c2af88cc92855437:L2-R:4:R04_planner_evolution-intent,L2-R,iterative_resource_aware,DELIVERY_TARGET_EXCEEDS_WINDOW,chain1,literature,0.6,4,0.3,10,True,generous,4,True,True,a -> r1 -> b,46,0.702199898163266,best of 1 candidate route(s) evaluated in hindsight - not an online-implementable strategy
R04_planner_evolution:chain1@literature:c2af88cc92855437:L2-R:1:R04_planner_evolution-intent,L2-R,iterative_resource_aware,DELIVERY_TARGET_EXCEEDS_WINDOW,chain1,literature,0.6,4,0.3,10,True,generous,1,True,True,a -> r1 -> b,37,0.701470446689261,best of 1 candidate route(s) evaluated in hindsight - not an online-implementable strategy
R04_planner_evolution:chain1@literature:c2af88cc92855437:L2-R:3:R04_planner_evolution-intent,L2-R,iterative_resource_aware,DELIVERY_TARGET_EXCEEDS_WINDOW,chain1,literature,0.6,4,0.3,10,True,generous,3,True,True,a -> r1 -> b,53,0.7038017759607754,best of 1 candidate route(s) evaluated in hindsight - not an online-implementable strategy
R04_planner_evolution:chain1@literature:c2af88cc92855437:L2-R:2:R04_planner_evolution-intent,L2-R,iterative_resource_aware,DELIVERY_TARGET_EXCEEDS_WINDOW,chain1,literature,0.6,4,0.3,10,True,generous,2,True,True,a -> r1 -> b,50,0.7034733358788101,best of 1 candidate route(s) evaluated in hindsight - not an online-implementable strategy
R04_planner_evolution:chain1@literature:c2af88cc92855437:L2-R:5:R04_planner_evolution-intent,L2-R,iterative_resource_aware,DELIVERY_TARGET_EXCEEDS_WINDOW,chain1,literature,0.6,4,0.3,10,True,generous,5,True,True,a -> r1 -> b,47,0.7033483183698461,best of 1 candidate route(s) evaluated in hindsight - not an online-implementable strategy
R04_planner_evolution:chain1@literature:c2af88cc92855437:L2-R:6:R04_planner_evolution-intent,L2-R,iterative_resource_aware,DELIVERY_TARGET_EXCEEDS_WINDOW,chain1,literature,0.6,4,0.3,10,True,generous,6,True,True,a -> r1 -> b,45,0.7015000704077241,best of 1 candidate route(s) evaluated in hindsight - not an online-implementable strategy
R04_planner_evolution:chain1@literature:c2af88cc92855437:L2-R:7:R04_planner_evolution-intent,L2-R,iterative_resource_aware,DELIVERY_TARGET_EXCEEDS_WINDOW,chain1,literature,0.6,4,0.3,10,True,generous,7,True,True,a -> r1 -> b,40,0.7019829088937761,best of 1 candidate route(s) evaluated in hindsight - not an online-implementable strategy
R04_planner_evolution:chain1@literature:c2af88cc92855437:L2-R:8:R04_planner_evolution-intent,L2-R,iterative_resource_aware,DELIVERY_TARGET_EXCEEDS_WINDOW,chain1,literature,0.6,4,0.3,10,True,generous,8,True,True,a -> r1 -> b,47,0.7026895011951749,best of 1 candidate route(s) evaluated in hindsight - not an online-implementable strategy
R04_planner_evolution:chain1@literature:c2af88cc92855437:L2-R:9:R04_planner_evolution-intent,L2-R,iterative_resource_aware,DELIVERY_TARGET_EXCEEDS_WINDOW,chain1,literature,0.6,4,0.3,10,True,generous,9,True,True,a -> r1 -> b,44,0.7025322581557188,best of 1 candidate route(s) evaluated in hindsight - not an online-implementable strategy
R04_planner_evolution:chain1@literature:005bcadfbb47bfba:L2-R:0:R04_planner_evolution-intent,L2-R,iterative_resource_aware,DELIVERY_TARGET_EXCEEDS_WINDOW,chain1,literature,0.66,4,0.3,10,True,generous,0,True,True,a -> r1 -> b,53,0.7036413171913063,best of 1 candidate route(s) evaluated in hindsight - not an online-implementable strategy
R04_planner_evolution:chain1@literature:005bcadfbb47bfba:L2-R:1:R04_planner_evolution-intent,L2-R,iterative_resource_aware,DELIVERY_TARGET_EXCEEDS_WINDOW,chain1,literature,0.66,4,0.3,10,True,generous,1,True,True,a -> r1 -> b,37,0.701470446689261,best of 1 candidate route(s) evaluated in hindsight - not an online-implementable strategy
R04_planner_evolution:chain1@literature:005bcadfbb47bfba:L2-R:4:R04_planner_evolution-intent,L2-R,iterative_resource_aware,DELIVERY_TARGET_EXCEEDS_WINDOW,chain1,literature,0.66,4,0.3,10,True,generous,4,True,True,a -> r1 -> b,46,0.702199898163266,best of 1 candidate route(s) evaluated in hindsight - not an online-implementable strategy
R04_planner_evolution:chain1@literature:005bcadfbb47bfba:L2-R:3:R04_planner_evolution-intent,L2-R,iterative_resource_aware,DELIVERY_TARGET_EXCEEDS_WINDOW,chain1,literature,0.66,4,0.3,10,True,generous,3,True,True,a -> r1 -> b,53,0.7038017759607754,best of 1 candidate route(s) evaluated in hindsight - not an online-implementable strategy
R04_planner_evolution:chain1@literature:005bcadfbb47bfba:L2-R:2:R04_planner_evolution-intent,L2-R,iterative_resource_aware,DELIVERY_TARGET_EXCEEDS_WINDOW,chain1,literature,0.66,4,0.3,10,True,generous,2,True,True,a -> r1 -> b,50,0.7034733358788101,best of 1 candidate route(s) evaluated in hindsight - not an online-implementable strategy
R04_planner_evolution:chain1@literature:005bcadfbb47bfba:L2-R:5:R04_planner_evolution-intent,L2-R,iterative_resource_aware,DELIVERY_TARGET_EXCEEDS_WINDOW,chain1,literature,0.66,4,0.3,10,True,generous,5,True,True,a -> r1 -> b,47,0.7033483183698461,best of 1 candidate route(s) evaluated in hindsight - not an online-implementable strategy
R04_planner_evolution:chain1@literature:005bcadfbb47bfba:L2-R:7:R04_planner_evolution-intent,L2-R,iterative_resource_aware,DELIVERY_TARGET_EXCEEDS_WINDOW,chain1,literature,0.66,4,0.3,10,True,generous,7,True,True,a -> r1 -> b,40,0.7019829088937761,best of 1 candidate route(s) evaluated in hindsight - not an online-implementable strategy
R04_planner_evolution:chain1@literature:005bcadfbb47bfba:L2-R:6:R04_planner_evolution-intent,L2-R,iterative_resource_aware,DELIVERY_TARGET_EXCEEDS_WINDOW,chain1,literature,0.66,4,0.3,10,True,generous,6,True,True,a -> r1 -> b,38,0.7023602924734882,best of 1 candidate route(s) evaluated in hindsight - not an online-implementable strategy
R04_planner_evolution:chain1@literature:005bcadfbb47bfba:L2-R:9:R04_planner_evolution-intent,L2-R,iterative_resource_aware,DELIVERY_TARGET_EXCEEDS_WINDOW,chain1,literature,0.66,4,0.3,10,True,generous,9,True,True,a -> r1 -> b,44,0.7025322581557188,best of 1 candidate route(s) evaluated in hindsight - not an online-implementable strategy
R04_planner_evolution:chain1@literature:005bcadfbb47bfba:L2-R:8:R04_planner_evolution-intent,L2-R,iterative_resource_aware,DELIVERY_TARGET_EXCEEDS_WINDOW,chain1,literature,0.66,4,0.3,10,True,generous,8,True,True,a -> r1 -> b,47,0.7026895011951749,best of 1 candidate route(s) evaluated in hindsight - not an online-implementable strategy
R04_planner_evolution:chain1@literature:daee0840955915ba:L2-R:0:R04_planner_evolution-intent,L2-R,iterative_resource_aware,DELIVERY_TARGET_EXCEEDS_WINDOW,chain1,literature,0.66,4,0.3,10,False,generous_no_purification,0,True,True,a -> r1 -> b,53,0.7036413171913063,best of 1 candidate route(s) evaluated in hindsight - not an online-implementable strategy
R04_planner_evolution:chain1@literature:daee0840955915ba:L2-R:4:R04_planner_evolution-intent,L2-R,iterative_resource_aware,DELIVERY_TARGET_EXCEEDS_WINDOW,chain1,literature,0.66,4,0.3,10,False,generous_no_purification,4,True,True,a -> r1 -> b,46,0.702199898163266,best of 1 candidate route(s) evaluated in hindsight - not an online-implementable strategy
R04_planner_evolution:chain1@literature:daee0840955915ba:L2-R:1:R04_planner_evolution-intent,L2-R,iterative_resource_aware,DELIVERY_TARGET_EXCEEDS_WINDOW,chain1,literature,0.66,4,0.3,10,False,generous_no_purification,1,True,True,a -> r1 -> b,37,0.701470446689261,best of 1 candidate route(s) evaluated in hindsight - not an online-implementable strategy
R04_planner_evolution:chain1@literature:daee0840955915ba:L2-R:2:R04_planner_evolution-intent,L2-R,iterative_resource_aware,DELIVERY_TARGET_EXCEEDS_WINDOW,chain1,literature,0.66,4,0.3,10,False,generous_no_purification,2,True,True,a -> r1 -> b,50,0.7034733358788101,best of 1 candidate route(s) evaluated in hindsight - not an online-implementable strategy
R04_planner_evolution:chain1@literature:daee0840955915ba:L2-R:3:R04_planner_evolution-intent,L2-R,iterative_resource_aware,DELIVERY_TARGET_EXCEEDS_WINDOW,chain1,literature,0.66,4,0.3,10,False,generous_no_purification,3,True,True,a -> r1 -> b,53,0.7038017759607754,best of 1 candidate route(s) evaluated in hindsight - not an online-implementable strategy
R04_planner_evolution:chain1@literature:daee0840955915ba:L2-R:5:R04_planner_evolution-intent,L2-R,iterative_resource_aware,DELIVERY_TARGET_EXCEEDS_WINDOW,chain1,literature,0.66,4,0.3,10,False,generous_no_purification,5,True,True,a -> r1 -> b,47,0.7033483183698461,best of 1 candidate route(s) evaluated in hindsight - not an online-implementable strategy
R04_planner_evolution:chain1@literature:ff3f5f2625dd694a:L2-R:0:R04_planner_evolution-intent,L2-R,iterative_resource_aware,DELIVERY_TARGET_EXCEEDS_WINDOW,chain1,literature,0.6,2,0.1,10,True,marginal_resources,0,True,False,a -> r1 -> b,9,0.7006904289443262,best of 1 candidate route(s) evaluated in hindsight - not an online-implementable strategy
R04_planner_evolution:chain1@literature:ff3f5f2625dd694a:L2-RB:0:R04_planner_evolution-intent,L2-RB,iterative_resource_aware_buffered,DELIVERY_TARGET_EXCEEDS_WINDOW,chain1,literature,0.6,2,0.1,10,True,marginal_resources,0,True,False,a -> r1 -> b,9,0.7006904289443262,best of 1 candidate route(s) evaluated in hindsight - not an online-implementable strategy
R04_planner_evolution:chain1@literature:ff3f5f2625dd694a:L2-R:1:R04_planner_evolution-intent,L2-R,iterative_resource_aware,DELIVERY_TARGET_EXCEEDS_WINDOW,chain1,literature,0.6,2,0.1,10,True,marginal_resources,1,True,False,a -> r1 -> b,6,0.7045937380715098,best of 1 candidate route(s) evaluated in hindsight - not an online-implementable strategy
R04_planner_evolution:chain1@literature:ff3f5f2625dd694a:L2-RB:1:R04_planner_evolution-intent,L2-RB,iterative_resource_aware_buffered,DELIVERY_TARGET_EXCEEDS_WINDOW,chain1,literature,0.6,2,0.1,10,True,marginal_resources,1,True,False,a -> r1 -> b,6,0.7045937380715098,best of 1 candidate route(s) evaluated in hindsight - not an online-implementable strategy
R04_planner_evolution:chain1@literature:daee0840955915ba:L2-R:6:R04_planner_evolution-intent,L2-R,iterative_resource_aware,DELIVERY_TARGET_EXCEEDS_WINDOW,chain1,literature,0.66,4,0.3,10,False,generous_no_purification,6,True,True,a -> r1 -> b,44,0.7027534302995494,best of 1 candidate route(s) evaluated in hindsight - not an online-implementable strategy
R04_planner_evolution:chain1@literature:daee0840955915ba:L2-R:7:R04_planner_evolution-intent,L2-R,iterative_resource_aware,DELIVERY_TARGET_EXCEEDS_WINDOW,chain1,literature,0.66,4,0.3,10,False,generous_no_purification,7,True,True,a -> r1 -> b,40,0.7019829088937761,best of 1 candidate route(s) evaluated in hindsight - not an online-implementable strategy
R04_planner_evolution:chain1@literature:ff3f5f2625dd694a:L2-R:2:R04_planner_evolution-intent,L2-R,iterative_resource_aware,DELIVERY_TARGET_EXCEEDS_WINDOW,chain1,literature,0.6,2,0.1,10,True,marginal_resources,2,True,False,a -> r1 -> b,8,0.7021152763912145,best of 1 candidate route(s) evaluated in hindsight - not an online-implementable strategy
R04_planner_evolution:chain1@literature:ff3f5f2625dd694a:L2-RB:2:R04_planner_evolution-intent,L2-RB,iterative_resource_aware_buffered,DELIVERY_TARGET_EXCEEDS_WINDOW,chain1,literature,0.6,2,0.1,10,True,marginal_resources,2,True,False,a -> r1 -> b,8,0.7021152763912145,best of 1 candidate route(s) evaluated in hindsight - not an online-implementable strategy
R04_planner_evolution:chain1@literature:daee0840955915ba:L2-R:8:R04_planner_evolution-intent,L2-R,iterative_resource_aware,DELIVERY_TARGET_EXCEEDS_WINDOW,chain1,literature,0.66,4,0.3,10,False,generous_no_purification,8,True,True,a -> r1 -> b,47,0.7026895011951749,best of 1 candidate route(s) evaluated in hindsight - not an online-implementable strategy
R04_planner_evolution:chain1@literature:daee0840955915ba:L2-R:9:R04_planner_evolution-intent,L2-R,iterative_resource_aware,DELIVERY_TARGET_EXCEEDS_WINDOW,chain1,literature,0.66,4,0.3,10,False,generous_no_purification,9,True,True,a -> r1 -> b,44,0.7025322581557188,best of 1 candidate route(s) evaluated in hindsight - not an online-implementable strategy
R04_planner_evolution:chain1@literature:ff3f5f2625dd694a:L2-R:4:R04_planner_evolution-intent,L2-R,iterative_resource_aware,DELIVERY_TARGET_EXCEEDS_WINDOW,chain1,literature,0.6,2,0.1,10,True,marginal_resources,4,True,False,a -> r1 -> b,9,0.6996855004628054,best of 1 candidate route(s) evaluated in hindsight - not an online-implementable strategy
R04_planner_evolution:chain1@literature:ff3f5f2625dd694a:L2-RB:4:R04_planner_evolution-intent,L2-RB,iterative_resource_aware_buffered,DELIVERY_TARGET_EXCEEDS_WINDOW,chain1,literature,0.6,2,0.1,10,True,marginal_resources,4,True,False,a -> r1 -> b,9,0.6996855004628054,best of 1 candidate route(s) evaluated in hindsight - not an online-implementable strategy
R04_planner_evolution:chain1@literature:ff3f5f2625dd694a:L2-R:3:R04_planner_evolution-intent,L2-R,iterative_resource_aware,DELIVERY_TARGET_EXCEEDS_WINDOW,chain1,literature,0.6,2,0.1,10,True,marginal_resources,3,True,True,a -> r1 -> b,10,0.7028399586016226,best of 1 candidate route(s) evaluated in hindsight - not an online-implementable strategy
R04_planner_evolution:chain1@literature:ff3f5f2625dd694a:L2-RB:3:R04_planner_evolution-intent,L2-RB,iterative_resource_aware_buffered,DELIVERY_TARGET_EXCEEDS_WINDOW,chain1,literature,0.6,2,0.1,10,True,marginal_resources,3,True,True,a -> r1 -> b,10,0.7028399586016226,best of 1 candidate route(s) evaluated in hindsight - not an online-implementable strategy
R04_planner_evolution:chain1@literature:ff3f5f2625dd694a:L2-R:5:R04_planner_evolution-intent,L2-R,iterative_resource_aware,DELIVERY_TARGET_EXCEEDS_WINDOW,chain1,literature,0.6,2,0.1,10,True,marginal_resources,5,True,False,a -> r1 -> b,7,0.7011276457438705,best of 1 candidate route(s) evaluated in hindsight - not an online-implementable strategy
R04_planner_evolution:chain1@literature:ff3f5f2625dd694a:L2-RB:5:R04_planner_evolution-intent,L2-RB,iterative_resource_aware_buffered,DELIVERY_TARGET_EXCEEDS_WINDOW,chain1,literature,0.6,2,0.1,10,True,marginal_resources,5,True,False,a -> r1 -> b,7,0.7011276457438705,best of 1 candidate route(s) evaluated in hindsight - not an online-implementable strategy
R04_planner_evolution:chain1@literature:ff3f5f2625dd694a:L2-R:6:R04_planner_evolution-intent,L2-R,iterative_resource_aware,DELIVERY_TARGET_EXCEEDS_WINDOW,chain1,literature,0.6,2,0.1,10,True,marginal_resources,6,True,False,a -> r1 -> b,7,0.6994961239626043,best of 1 candidate route(s) evaluated in hindsight - not an online-implementable strategy
R04_planner_evolution:chain1@literature:ff3f5f2625dd694a:L2-RB:6:R04_planner_evolution-intent,L2-RB,iterative_resource_aware_buffered,DELIVERY_TARGET_EXCEEDS_WINDOW,chain1,literature,0.6,2,0.1,10,True,marginal_resources,6,True,False,a -> r1 -> b,7,0.6994961239626043,best of 1 candidate route(s) evaluated in hindsight - not an online-implementable strategy
R04_planner_evolution:chain1@literature:ff3f5f2625dd694a:L2-R:7:R04_planner_evolution-intent,L2-R,iterative_resource_aware,DELIVERY_TARGET_EXCEEDS_WINDOW,chain1,literature,0.6,2,0.1,10,True,marginal_resources,7,True,False,a -> r1 -> b,4,0.6986114983003219,best of 1 candidate route(s) evaluated in hindsight - not an online-implementable strategy
R04_planner_evolution:chain1@literature:ff3f5f2625dd694a:L2-RB:7:R04_planner_evolution-intent,L2-RB,iterative_resource_aware_buffered,DELIVERY_TARGET_EXCEEDS_WINDOW,chain1,literature,0.6,2,0.1,10,True,marginal_resources,7,True,False,a -> r1 -> b,4,0.6986114983003219,best of 1 candidate route(s) evaluated in hindsight - not an online-implementable strategy
R04_planner_evolution:chain1@literature:ff3f5f2625dd694a:L2-R:8:R04_planner_evolution-intent,L2-R,iterative_resource_aware,DELIVERY_TARGET_EXCEEDS_WINDOW,chain1,literature,0.6,2,0.1,10,True,marginal_resources,8,True,True,a -> r1 -> b,11,0.7037521683449189,best of 1 candidate route(s) evaluated in hindsight - not an online-implementable strategy
R04_planner_evolution:chain1@literature:ff3f5f2625dd694a:L2-RB:8:R04_planner_evolution-intent,L2-RB,iterative_resource_aware_buffered,DELIVERY_TARGET_EXCEEDS_WINDOW,chain1,literature,0.6,2,0.1,10,True,marginal_resources,8,True,True,a -> r1 -> b,11,0.7037521683449189,best of 1 candidate route(s) evaluated in hindsight - not an online-implementable strategy
R04_planner_evolution:chain1@literature:ff3f5f2625dd694a:L2-R:9:R04_planner_evolution-intent,L2-R,iterative_resource_aware,DELIVERY_TARGET_EXCEEDS_WINDOW,chain1,literature,0.6,2,0.1,10,True,marginal_resources,9,True,False,a -> r1 -> b,9,0.7049875683132352,best of 1 candidate route(s) evaluated in hindsight - not an online-implementable strategy
R04_planner_evolution:chain1@literature:ff3f5f2625dd694a:L2-RB:9:R04_planner_evolution-intent,L2-RB,iterative_resource_aware_buffered,DELIVERY_TARGET_EXCEEDS_WINDOW,chain1,literature,0.6,2,0.1,10,True,marginal_resources,9,True,False,a -> r1 -> b,9,0.7049875683132352,best of 1 candidate route(s) evaluated in hindsight - not an online-implementable strategy
R04_planner_evolution:chain1@literature:7d2b6eae15e458fa:L2-R:0:R04_planner_evolution-intent,L2-R,iterative_resource_aware,DELIVERY_TARGET_EXCEEDS_WINDOW,chain1,literature,0.7,4,0.3,10,True,marginal_fidelity,0,True,True,a -> r1 -> b,31,0.7055193437411335,best of 1 candidate route(s) evaluated in hindsight - not an online-implementable strategy
R04_planner_evolution:chain1@literature:7d2b6eae15e458fa:L2-R:1:R04_planner_evolution-intent,L2-R,iterative_resource_aware,DELIVERY_TARGET_EXCEEDS_WINDOW,chain1,literature,0.7,4,0.3,10,True,marginal_fidelity,1,True,True,a -> r1 -> b,25,0.7053689969501026,best of 1 candidate route(s) evaluated in hindsight - not an online-implementable strategy
R04_planner_evolution:chain1@literature:7d2b6eae15e458fa:L2-R:4:R04_planner_evolution-intent,L2-R,iterative_resource_aware,DELIVERY_TARGET_EXCEEDS_WINDOW,chain1,literature,0.7,4,0.3,10,True,marginal_fidelity,4,True,True,a -> r1 -> b,27,0.7046371644875333,best of 1 candidate route(s) evaluated in hindsight - not an online-implementable strategy
R04_planner_evolution:chain1@literature:7d2b6eae15e458fa:L2-R:3:R04_planner_evolution-intent,L2-R,iterative_resource_aware,DELIVERY_TARGET_EXCEEDS_WINDOW,chain1,literature,0.7,4,0.3,10,True,marginal_fidelity,3,True,True,a -> r1 -> b,42,0.7054016867870901,best of 1 candidate route(s) evaluated in hindsight - not an online-implementable strategy
R04_planner_evolution:chain1@literature:7d2b6eae15e458fa:L2-R:2:R04_planner_evolution-intent,L2-R,iterative_resource_aware,DELIVERY_TARGET_EXCEEDS_WINDOW,chain1,literature,0.7,4,0.3,10,True,marginal_fidelity,2,True,True,a -> r1 -> b,36,0.705628366871696,best of 1 candidate route(s) evaluated in hindsight - not an online-implementable strategy
R04_planner_evolution:chain1@literature:7d2b6eae15e458fa:L2-R:5:R04_planner_evolution-intent,L2-R,iterative_resource_aware,DELIVERY_TARGET_EXCEEDS_WINDOW,chain1,literature,0.7,4,0.3,10,True,marginal_fidelity,5,True,True,a -> r1 -> b,29,0.7057852632352218,best of 1 candidate route(s) evaluated in hindsight - not an online-implementable strategy
R04_planner_evolution:chain1@literature:7d2b6eae15e458fa:L2-R:6:R04_planner_evolution-intent,L2-R,iterative_resource_aware,DELIVERY_TARGET_EXCEEDS_WINDOW,chain1,literature,0.7,4,0.3,10,True,marginal_fidelity,6,True,True,a -> r1 -> b,25,0.7052765735570354,best of 1 candidate route(s) evaluated in hindsight - not an online-implementable strategy
R04_planner_evolution:chain1@literature:7d2b6eae15e458fa:L2-R:7:R04_planner_evolution-intent,L2-R,iterative_resource_aware,DELIVERY_TARGET_EXCEEDS_WINDOW,chain1,literature,0.7,4,0.3,10,True,marginal_fidelity,7,True,True,a -> r1 -> b,23,0.7052977436792159,best of 1 candidate route(s) evaluated in hindsight - not an online-implementable strategy
R04_planner_evolution:chain1@literature:7d2b6eae15e458fa:L2-R:9:R04_planner_evolution-intent,L2-R,iterative_resource_aware,DELIVERY_TARGET_EXCEEDS_WINDOW,chain1,literature,0.7,4,0.3,10,True,marginal_fidelity,9,True,True,a -> r1 -> b,33,0.7055682528650947,best of 1 candidate route(s) evaluated in hindsight - not an online-implementable strategy
R04_planner_evolution:chain1@literature:7d2b6eae15e458fa:L2-R:8:R04_planner_evolution-intent,L2-R,iterative_resource_aware,DELIVERY_TARGET_EXCEEDS_WINDOW,chain1,literature,0.7,4,0.3,10,True,marginal_fidelity,8,True,True,a -> r1 -> b,35,0.7057629139200188,best of 1 candidate route(s) evaluated in hindsight - not an online-implementable strategy
R04_planner_evolution:chain1@literature:b1ed1768ad39c6dd:L1:0:R04_planner_evolution-intent,L1,conservative_one_round,no candidate route is feasible: a->r1->b (min_fidelity 0.760 exceeds the achievable estimate 0.697 (one-round static estimate; SeQUeNCe's 'until_target' mode may run a different number of rounds at execution time)),chain1,literature,0.76,4,0.3,10,True,purification_1_round,0,True,False,a -> r1 -> b,0,,best of 1 candidate route(s) evaluated in hindsight - not an online-implementable strategy
R04_planner_evolution:chain1@literature:b1ed1768ad39c6dd:L2:0:R04_planner_evolution-intent,L2,iterative_analytical,no candidate route is feasible: a->r1->b (min_fidelity 0.760 exceeds the achievable estimate 0.697 (no further gain after round 1 (fixed point reached))),chain1,literature,0.76,4,0.3,10,True,purification_1_round,0,True,False,a -> r1 -> b,0,,best of 1 candidate route(s) evaluated in hindsight - not an online-implementable strategy
R04_planner_evolution:chain1@literature:b1ed1768ad39c6dd:L2-R:0:R04_planner_evolution-intent,L2-R,iterative_resource_aware,TARGET_FIDELITY_UNREACHABLE,chain1,literature,0.76,4,0.3,10,True,purification_1_round,0,True,False,a -> r1 -> b,0,,best of 1 candidate route(s) evaluated in hindsight - not an online-implementable strategy
R04_planner_evolution:chain1@literature:b1ed1768ad39c6dd:L2-RB:0:R04_planner_evolution-intent,L2-RB,iterative_resource_aware_buffered,TARGET_FIDELITY_UNREACHABLE,chain1,literature,0.76,4,0.3,10,True,purification_1_round,0,True,False,a -> r1 -> b,0,,best of 1 candidate route(s) evaluated in hindsight - not an online-implementable strategy
R04_planner_evolution:chain1@literature:b1ed1768ad39c6dd:L1:1:R04_planner_evolution-intent,L1,conservative_one_round,no candidate route is feasible: a->r1->b (min_fidelity 0.760 exceeds the achievable estimate 0.697 (one-round static estimate; SeQUeNCe's 'until_target' mode may run a different number of rounds at execution time)),chain1,literature,0.76,4,0.3,10,True,purification_1_round,1,True,False,a -> r1 -> b,0,,best of 1 candidate route(s) evaluated in hindsight - not an online-implementable strategy
R04_planner_evolution:chain1@literature:b1ed1768ad39c6dd:L2:1:R04_planner_evolution-intent,L2,iterative_analytical,no candidate route is feasible: a->r1->b (min_fidelity 0.760 exceeds the achievable estimate 0.697 (no further gain after round 1 (fixed point reached))),chain1,literature,0.76,4,0.3,10,True,purification_1_round,1,True,False,a -> r1 -> b,0,,best of 1 candidate route(s) evaluated in hindsight - not an online-implementable strategy
R04_planner_evolution:chain1@literature:b1ed1768ad39c6dd:L2-R:1:R04_planner_evolution-intent,L2-R,iterative_resource_aware,TARGET_FIDELITY_UNREACHABLE,chain1,literature,0.76,4,0.3,10,True,purification_1_round,1,True,False,a -> r1 -> b,0,,best of 1 candidate route(s) evaluated in hindsight - not an online-implementable strategy
R04_planner_evolution:chain1@literature:b1ed1768ad39c6dd:L2-RB:1:R04_planner_evolution-intent,L2-RB,iterative_resource_aware_buffered,TARGET_FIDELITY_UNREACHABLE,chain1,literature,0.76,4,0.3,10,True,purification_1_round,1,True,False,a -> r1 -> b,0,,best of 1 candidate route(s) evaluated in hindsight - not an online-implementable strategy
R04_planner_evolution:chain1@literature:b1ed1768ad39c6dd:L1:4:R04_planner_evolution-intent,L1,conservative_one_round,no candidate route is feasible: a->r1->b (min_fidelity 0.760 exceeds the achievable estimate 0.697 (one-round static estimate; SeQUeNCe's 'until_target' mode may run a different number of rounds at execution time)),chain1,literature,0.76,4,0.3,10,True,purification_1_round,4,True,False,a -> r1 -> b,0,,best of 1 candidate route(s) evaluated in hindsight - not an online-implementable strategy
R04_planner_evolution:chain1@literature:b1ed1768ad39c6dd:L2:4:R04_planner_evolution-intent,L2,iterative_analytical,no candidate route is feasible: a->r1->b (min_fidelity 0.760 exceeds the achievable estimate 0.697 (no further gain after round 1 (fixed point reached))),chain1,literature,0.76,4,0.3,10,True,purification_1_round,4,True,False,a -> r1 -> b,0,,best of 1 candidate route(s) evaluated in hindsight - not an online-implementable strategy
R04_planner_evolution:chain1@literature:b1ed1768ad39c6dd:L2-R:4:R04_planner_evolution-intent,L2-R,iterative_resource_aware,TARGET_FIDELITY_UNREACHABLE,chain1,literature,0.76,4,0.3,10,True,purification_1_round,4,True,False,a -> r1 -> b,0,,best of 1 candidate route(s) evaluated in hindsight - not an online-implementable strategy
R04_planner_evolution:chain1@literature:b1ed1768ad39c6dd:L2-RB:4:R04_planner_evolution-intent,L2-RB,iterative_resource_aware_buffered,TARGET_FIDELITY_UNREACHABLE,chain1,literature,0.76,4,0.3,10,True,purification_1_round,4,True,False,a -> r1 -> b,0,,best of 1 candidate route(s) evaluated in hindsight - not an online-implementable strategy
R04_planner_evolution:chain1@literature:b1ed1768ad39c6dd:L1:2:R04_planner_evolution-intent,L1,conservative_one_round,no candidate route is feasible: a->r1->b (min_fidelity 0.760 exceeds the achievable estimate 0.697 (one-round static estimate; SeQUeNCe's 'until_target' mode may run a different number of rounds at execution time)),chain1,literature,0.76,4,0.3,10,True,purification_1_round,2,True,False,a -> r1 -> b,0,,best of 1 candidate route(s) evaluated in hindsight - not an online-implementable strategy
R04_planner_evolution:chain1@literature:b1ed1768ad39c6dd:L2:2:R04_planner_evolution-intent,L2,iterative_analytical,no candidate route is feasible: a->r1->b (min_fidelity 0.760 exceeds the achievable estimate 0.697 (no further gain after round 1 (fixed point reached))),chain1,literature,0.76,4,0.3,10,True,purification_1_round,2,True,False,a -> r1 -> b,0,,best of 1 candidate route(s) evaluated in hindsight - not an online-implementable strategy
R04_planner_evolution:chain1@literature:b1ed1768ad39c6dd:L2-R:2:R04_planner_evolution-intent,L2-R,iterative_resource_aware,TARGET_FIDELITY_UNREACHABLE,chain1,literature,0.76,4,0.3,10,True,purification_1_round,2,True,False,a -> r1 -> b,0,,best of 1 candidate route(s) evaluated in hindsight - not an online-implementable strategy
R04_planner_evolution:chain1@literature:b1ed1768ad39c6dd:L2-RB:2:R04_planner_evolution-intent,L2-RB,iterative_resource_aware_buffered,TARGET_FIDELITY_UNREACHABLE,chain1,literature,0.76,4,0.3,10,True,purification_1_round,2,True,False,a -> r1 -> b,0,,best of 1 candidate route(s) evaluated in hindsight - not an online-implementable strategy
R04_planner_evolution:chain1@literature:b1ed1768ad39c6dd:L1:3:R04_planner_evolution-intent,L1,conservative_one_round,no candidate route is feasible: a->r1->b (min_fidelity 0.760 exceeds the achievable estimate 0.697 (one-round static estimate; SeQUeNCe's 'until_target' mode may run a different number of rounds at execution time)),chain1,literature,0.76,4,0.3,10,True,purification_1_round,3,True,False,a -> r1 -> b,0,,best of 1 candidate route(s) evaluated in hindsight - not an online-implementable strategy
R04_planner_evolution:chain1@literature:b1ed1768ad39c6dd:L2:3:R04_planner_evolution-intent,L2,iterative_analytical,no candidate route is feasible: a->r1->b (min_fidelity 0.760 exceeds the achievable estimate 0.697 (no further gain after round 1 (fixed point reached))),chain1,literature,0.76,4,0.3,10,True,purification_1_round,3,True,False,a -> r1 -> b,0,,best of 1 candidate route(s) evaluated in hindsight - not an online-implementable strategy
R04_planner_evolution:chain1@literature:b1ed1768ad39c6dd:L2-R:3:R04_planner_evolution-intent,L2-R,iterative_resource_aware,TARGET_FIDELITY_UNREACHABLE,chain1,literature,0.76,4,0.3,10,True,purification_1_round,3,True,False,a -> r1 -> b,0,,best of 1 candidate route(s) evaluated in hindsight - not an online-implementable strategy
R04_planner_evolution:chain1@literature:b1ed1768ad39c6dd:L2-RB:3:R04_planner_evolution-intent,L2-RB,iterative_resource_aware_buffered,TARGET_FIDELITY_UNREACHABLE,chain1,literature,0.76,4,0.3,10,True,purification_1_round,3,True,False,a -> r1 -> b,0,,best of 1 candidate route(s) evaluated in hindsight - not an online-implementable strategy
R04_planner_evolution:chain1@literature:b1ed1768ad39c6dd:L1:5:R04_planner_evolution-intent,L1,conservative_one_round,no candidate route is feasible: a->r1->b (min_fidelity 0.760 exceeds the achievable estimate 0.697 (one-round static estimate; SeQUeNCe's 'until_target' mode may run a different number of rounds at execution time)),chain1,literature,0.76,4,0.3,10,True,purification_1_round,5,True,False,a -> r1 -> b,0,,best of 1 candidate route(s) evaluated in hindsight - not an online-implementable strategy
R04_planner_evolution:chain1@literature:b1ed1768ad39c6dd:L2:5:R04_planner_evolution-intent,L2,iterative_analytical,no candidate route is feasible: a->r1->b (min_fidelity 0.760 exceeds the achievable estimate 0.697 (no further gain after round 1 (fixed point reached))),chain1,literature,0.76,4,0.3,10,True,purification_1_round,5,True,False,a -> r1 -> b,0,,best of 1 candidate route(s) evaluated in hindsight - not an online-implementable strategy
R04_planner_evolution:chain1@literature:b1ed1768ad39c6dd:L2-R:5:R04_planner_evolution-intent,L2-R,iterative_resource_aware,TARGET_FIDELITY_UNREACHABLE,chain1,literature,0.76,4,0.3,10,True,purification_1_round,5,True,False,a -> r1 -> b,0,,best of 1 candidate route(s) evaluated in hindsight - not an online-implementable strategy
R04_planner_evolution:chain1@literature:b1ed1768ad39c6dd:L2-RB:5:R04_planner_evolution-intent,L2-RB,iterative_resource_aware_buffered,TARGET_FIDELITY_UNREACHABLE,chain1,literature,0.76,4,0.3,10,True,purification_1_round,5,True,False,a -> r1 -> b,0,,best of 1 candidate route(s) evaluated in hindsight - not an online-implementable strategy
R04_planner_evolution:chain1@literature:b1ed1768ad39c6dd:L1:6:R04_planner_evolution-intent,L1,conservative_one_round,no candidate route is feasible: a->r1->b (min_fidelity 0.760 exceeds the achievable estimate 0.697 (one-round static estimate; SeQUeNCe's 'until_target' mode may run a different number of rounds at execution time)),chain1,literature,0.76,4,0.3,10,True,purification_1_round,6,True,False,a -> r1 -> b,0,,best of 1 candidate route(s) evaluated in hindsight - not an online-implementable strategy
R04_planner_evolution:chain1@literature:b1ed1768ad39c6dd:L2:6:R04_planner_evolution-intent,L2,iterative_analytical,no candidate route is feasible: a->r1->b (min_fidelity 0.760 exceeds the achievable estimate 0.697 (no further gain after round 1 (fixed point reached))),chain1,literature,0.76,4,0.3,10,True,purification_1_round,6,True,False,a -> r1 -> b,0,,best of 1 candidate route(s) evaluated in hindsight - not an online-implementable strategy
R04_planner_evolution:chain1@literature:b1ed1768ad39c6dd:L2-R:6:R04_planner_evolution-intent,L2-R,iterative_resource_aware,TARGET_FIDELITY_UNREACHABLE,chain1,literature,0.76,4,0.3,10,True,purification_1_round,6,True,False,a -> r1 -> b,0,,best of 1 candidate route(s) evaluated in hindsight - not an online-implementable strategy
R04_planner_evolution:chain1@literature:b1ed1768ad39c6dd:L2-RB:6:R04_planner_evolution-intent,L2-RB,iterative_resource_aware_buffered,TARGET_FIDELITY_UNREACHABLE,chain1,literature,0.76,4,0.3,10,True,purification_1_round,6,True,False,a -> r1 -> b,0,,best of 1 candidate route(s) evaluated in hindsight - not an online-implementable strategy
R04_planner_evolution:chain1@literature:b1ed1768ad39c6dd:L1:8:R04_planner_evolution-intent,L1,conservative_one_round,no candidate route is feasible: a->r1->b (min_fidelity 0.760 exceeds the achievable estimate 0.697 (one-round static estimate; SeQUeNCe's 'until_target' mode may run a different number of rounds at execution time)),chain1,literature,0.76,4,0.3,10,True,purification_1_round,8,True,False,a -> r1 -> b,0,,best of 1 candidate route(s) evaluated in hindsight - not an online-implementable strategy
R04_planner_evolution:chain1@literature:b1ed1768ad39c6dd:L2:8:R04_planner_evolution-intent,L2,iterative_analytical,no candidate route is feasible: a->r1->b (min_fidelity 0.760 exceeds the achievable estimate 0.697 (no further gain after round 1 (fixed point reached))),chain1,literature,0.76,4,0.3,10,True,purification_1_round,8,True,False,a -> r1 -> b,0,,best of 1 candidate route(s) evaluated in hindsight - not an online-implementable strategy
R04_planner_evolution:chain1@literature:b1ed1768ad39c6dd:L2-R:8:R04_planner_evolution-intent,L2-R,iterative_resource_aware,TARGET_FIDELITY_UNREACHABLE,chain1,literature,0.76,4,0.3,10,True,purification_1_round,8,True,False,a -> r1 -> b,0,,best of 1 candidate route(s) evaluated in hindsight - not an online-implementable strategy
R04_planner_evolution:chain1@literature:b1ed1768ad39c6dd:L2-RB:8:R04_planner_evolution-intent,L2-RB,iterative_resource_aware_buffered,TARGET_FIDELITY_UNREACHABLE,chain1,literature,0.76,4,0.3,10,True,purification_1_round,8,True,False,a -> r1 -> b,0,,best of 1 candidate route(s) evaluated in hindsight - not an online-implementable strategy
R04_planner_evolution:chain1@literature:b1ed1768ad39c6dd:L1:7:R04_planner_evolution-intent,L1,conservative_one_round,no candidate route is feasible: a->r1->b (min_fidelity 0.760 exceeds the achievable estimate 0.697 (one-round static estimate; SeQUeNCe's 'until_target' mode may run a different number of rounds at execution time)),chain1,literature,0.76,4,0.3,10,True,purification_1_round,7,True,False,a -> r1 -> b,0,,best of 1 candidate route(s) evaluated in hindsight - not an online-implementable strategy
R04_planner_evolution:chain1@literature:b1ed1768ad39c6dd:L2:7:R04_planner_evolution-intent,L2,iterative_analytical,no candidate route is feasible: a->r1->b (min_fidelity 0.760 exceeds the achievable estimate 0.697 (no further gain after round 1 (fixed point reached))),chain1,literature,0.76,4,0.3,10,True,purification_1_round,7,True,False,a -> r1 -> b,0,,best of 1 candidate route(s) evaluated in hindsight - not an online-implementable strategy
R04_planner_evolution:chain1@literature:b1ed1768ad39c6dd:L2-R:7:R04_planner_evolution-intent,L2-R,iterative_resource_aware,TARGET_FIDELITY_UNREACHABLE,chain1,literature,0.76,4,0.3,10,True,purification_1_round,7,True,False,a -> r1 -> b,0,,best of 1 candidate route(s) evaluated in hindsight - not an online-implementable strategy
R04_planner_evolution:chain1@literature:b1ed1768ad39c6dd:L2-RB:7:R04_planner_evolution-intent,L2-RB,iterative_resource_aware_buffered,TARGET_FIDELITY_UNREACHABLE,chain1,literature,0.76,4,0.3,10,True,purification_1_round,7,True,False,a -> r1 -> b,0,,best of 1 candidate route(s) evaluated in hindsight - not an online-implementable strategy
R04_planner_evolution:chain1@literature:b1ed1768ad39c6dd:L1:9:R04_planner_evolution-intent,L1,conservative_one_round,no candidate route is feasible: a->r1->b (min_fidelity 0.760 exceeds the achievable estimate 0.697 (one-round static estimate; SeQUeNCe's 'until_target' mode may run a different number of rounds at execution time)),chain1,literature,0.76,4,0.3,10,True,purification_1_round,9,True,False,a -> r1 -> b,0,,best of 1 candidate route(s) evaluated in hindsight - not an online-implementable strategy
R04_planner_evolution:chain1@literature:b1ed1768ad39c6dd:L2:9:R04_planner_evolution-intent,L2,iterative_analytical,no candidate route is feasible: a->r1->b (min_fidelity 0.760 exceeds the achievable estimate 0.697 (no further gain after round 1 (fixed point reached))),chain1,literature,0.76,4,0.3,10,True,purification_1_round,9,True,False,a -> r1 -> b,0,,best of 1 candidate route(s) evaluated in hindsight - not an online-implementable strategy
R04_planner_evolution:chain1@literature:b1ed1768ad39c6dd:L2-R:9:R04_planner_evolution-intent,L2-R,iterative_resource_aware,TARGET_FIDELITY_UNREACHABLE,chain1,literature,0.76,4,0.3,10,True,purification_1_round,9,True,False,a -> r1 -> b,0,,best of 1 candidate route(s) evaluated in hindsight - not an online-implementable strategy
R04_planner_evolution:chain1@literature:b1ed1768ad39c6dd:L2-RB:9:R04_planner_evolution-intent,L2-RB,iterative_resource_aware_buffered,TARGET_FIDELITY_UNREACHABLE,chain1,literature,0.76,4,0.3,10,True,purification_1_round,9,True,False,a -> r1 -> b,0,,best of 1 candidate route(s) evaluated in hindsight - not an online-implementable strategy
R04_planner_evolution:chain1@literature:63a1bb86ddc0128e:L1:0:R04_planner_evolution-intent,L1,conservative_one_round,no candidate route is feasible: a->r1->b (min_fidelity 0.800 exceeds the achievable estimate 0.697 (one-round static estimate; SeQUeNCe's 'until_target' mode may run a different number of rounds at execution time)),chain1,literature,0.8,4,0.3,10,True,purification_2_rounds,0,True,False,a -> r1 -> b,0,,best of 1 candidate route(s) evaluated in hindsight - not an online-implementable strategy
R04_planner_evolution:chain1@literature:63a1bb86ddc0128e:L2:0:R04_planner_evolution-intent,L2,iterative_analytical,no candidate route is feasible: a->r1->b (min_fidelity 0.800 exceeds the achievable estimate 0.697 (no further gain after round 1 (fixed point reached))),chain1,literature,0.8,4,0.3,10,True,purification_2_rounds,0,True,False,a -> r1 -> b,0,,best of 1 candidate route(s) evaluated in hindsight - not an online-implementable strategy
R04_planner_evolution:chain1@literature:63a1bb86ddc0128e:L2-R:0:R04_planner_evolution-intent,L2-R,iterative_resource_aware,TARGET_FIDELITY_UNREACHABLE,chain1,literature,0.8,4,0.3,10,True,purification_2_rounds,0,True,False,a -> r1 -> b,0,,best of 1 candidate route(s) evaluated in hindsight - not an online-implementable strategy
R04_planner_evolution:chain1@literature:63a1bb86ddc0128e:L2-RB:0:R04_planner_evolution-intent,L2-RB,iterative_resource_aware_buffered,TARGET_FIDELITY_UNREACHABLE,chain1,literature,0.8,4,0.3,10,True,purification_2_rounds,0,True,False,a -> r1 -> b,0,,best of 1 candidate route(s) evaluated in hindsight - not an online-implementable strategy
R04_planner_evolution:chain1@literature:63a1bb86ddc0128e:L1:1:R04_planner_evolution-intent,L1,conservative_one_round,no candidate route is feasible: a->r1->b (min_fidelity 0.800 exceeds the achievable estimate 0.697 (one-round static estimate; SeQUeNCe's 'until_target' mode may run a different number of rounds at execution time)),chain1,literature,0.8,4,0.3,10,True,purification_2_rounds,1,True,False,a -> r1 -> b,0,,best of 1 candidate route(s) evaluated in hindsight - not an online-implementable strategy
R04_planner_evolution:chain1@literature:63a1bb86ddc0128e:L2:1:R04_planner_evolution-intent,L2,iterative_analytical,no candidate route is feasible: a->r1->b (min_fidelity 0.800 exceeds the achievable estimate 0.697 (no further gain after round 1 (fixed point reached))),chain1,literature,0.8,4,0.3,10,True,purification_2_rounds,1,True,False,a -> r1 -> b,0,,best of 1 candidate route(s) evaluated in hindsight - not an online-implementable strategy
R04_planner_evolution:chain1@literature:63a1bb86ddc0128e:L2-R:1:R04_planner_evolution-intent,L2-R,iterative_resource_aware,TARGET_FIDELITY_UNREACHABLE,chain1,literature,0.8,4,0.3,10,True,purification_2_rounds,1,True,False,a -> r1 -> b,0,,best of 1 candidate route(s) evaluated in hindsight - not an online-implementable strategy
R04_planner_evolution:chain1@literature:63a1bb86ddc0128e:L2-RB:1:R04_planner_evolution-intent,L2-RB,iterative_resource_aware_buffered,TARGET_FIDELITY_UNREACHABLE,chain1,literature,0.8,4,0.3,10,True,purification_2_rounds,1,True,False,a -> r1 -> b,0,,best of 1 candidate route(s) evaluated in hindsight - not an online-implementable strategy
R04_planner_evolution:chain1@literature:63a1bb86ddc0128e:L1:2:R04_planner_evolution-intent,L1,conservative_one_round,no candidate route is feasible: a->r1->b (min_fidelity 0.800 exceeds the achievable estimate 0.697 (one-round static estimate; SeQUeNCe's 'until_target' mode may run a different number of rounds at execution time)),chain1,literature,0.8,4,0.3,10,True,purification_2_rounds,2,True,False,a -> r1 -> b,0,,best of 1 candidate route(s) evaluated in hindsight - not an online-implementable strategy
R04_planner_evolution:chain1@literature:63a1bb86ddc0128e:L2:2:R04_planner_evolution-intent,L2,iterative_analytical,no candidate route is feasible: a->r1->b (min_fidelity 0.800 exceeds the achievable estimate 0.697 (no further gain after round 1 (fixed point reached))),chain1,literature,0.8,4,0.3,10,True,purification_2_rounds,2,True,False,a -> r1 -> b,0,,best of 1 candidate route(s) evaluated in hindsight - not an online-implementable strategy
R04_planner_evolution:chain1@literature:63a1bb86ddc0128e:L2-R:2:R04_planner_evolution-intent,L2-R,iterative_resource_aware,TARGET_FIDELITY_UNREACHABLE,chain1,literature,0.8,4,0.3,10,True,purification_2_rounds,2,True,False,a -> r1 -> b,0,,best of 1 candidate route(s) evaluated in hindsight - not an online-implementable strategy
R04_planner_evolution:chain1@literature:63a1bb86ddc0128e:L2-RB:2:R04_planner_evolution-intent,L2-RB,iterative_resource_aware_buffered,TARGET_FIDELITY_UNREACHABLE,chain1,literature,0.8,4,0.3,10,True,purification_2_rounds,2,True,False,a -> r1 -> b,0,,best of 1 candidate route(s) evaluated in hindsight - not an online-implementable strategy
R04_planner_evolution:chain1@literature:63a1bb86ddc0128e:L1:4:R04_planner_evolution-intent,L1,conservative_one_round,no candidate route is feasible: a->r1->b (min_fidelity 0.800 exceeds the achievable estimate 0.697 (one-round static estimate; SeQUeNCe's 'until_target' mode may run a different number of rounds at execution time)),chain1,literature,0.8,4,0.3,10,True,purification_2_rounds,4,True,False,a -> r1 -> b,0,,best of 1 candidate route(s) evaluated in hindsight - not an online-implementable strategy
R04_planner_evolution:chain1@literature:63a1bb86ddc0128e:L2:4:R04_planner_evolution-intent,L2,iterative_analytical,no candidate route is feasible: a->r1->b (min_fidelity 0.800 exceeds the achievable estimate 0.697 (no further gain after round 1 (fixed point reached))),chain1,literature,0.8,4,0.3,10,True,purification_2_rounds,4,True,False,a -> r1 -> b,0,,best of 1 candidate route(s) evaluated in hindsight - not an online-implementable strategy
R04_planner_evolution:chain1@literature:63a1bb86ddc0128e:L2-R:4:R04_planner_evolution-intent,L2-R,iterative_resource_aware,TARGET_FIDELITY_UNREACHABLE,chain1,literature,0.8,4,0.3,10,True,purification_2_rounds,4,True,False,a -> r1 -> b,0,,best of 1 candidate route(s) evaluated in hindsight - not an online-implementable strategy
R04_planner_evolution:chain1@literature:63a1bb86ddc0128e:L2-RB:4:R04_planner_evolution-intent,L2-RB,iterative_resource_aware_buffered,TARGET_FIDELITY_UNREACHABLE,chain1,literature,0.8,4,0.3,10,True,purification_2_rounds,4,True,False,a -> r1 -> b,0,,best of 1 candidate route(s) evaluated in hindsight - not an online-implementable strategy
R04_planner_evolution:chain1@literature:63a1bb86ddc0128e:L1:3:R04_planner_evolution-intent,L1,conservative_one_round,no candidate route is feasible: a->r1->b (min_fidelity 0.800 exceeds the achievable estimate 0.697 (one-round static estimate; SeQUeNCe's 'until_target' mode may run a different number of rounds at execution time)),chain1,literature,0.8,4,0.3,10,True,purification_2_rounds,3,True,False,a -> r1 -> b,0,,best of 1 candidate route(s) evaluated in hindsight - not an online-implementable strategy
R04_planner_evolution:chain1@literature:63a1bb86ddc0128e:L2:3:R04_planner_evolution-intent,L2,iterative_analytical,no candidate route is feasible: a->r1->b (min_fidelity 0.800 exceeds the achievable estimate 0.697 (no further gain after round 1 (fixed point reached))),chain1,literature,0.8,4,0.3,10,True,purification_2_rounds,3,True,False,a -> r1 -> b,0,,best of 1 candidate route(s) evaluated in hindsight - not an online-implementable strategy
R04_planner_evolution:chain1@literature:63a1bb86ddc0128e:L2-R:3:R04_planner_evolution-intent,L2-R,iterative_resource_aware,TARGET_FIDELITY_UNREACHABLE,chain1,literature,0.8,4,0.3,10,True,purification_2_rounds,3,True,False,a -> r1 -> b,0,,best of 1 candidate route(s) evaluated in hindsight - not an online-implementable strategy
R04_planner_evolution:chain1@literature:63a1bb86ddc0128e:L2-RB:3:R04_planner_evolution-intent,L2-RB,iterative_resource_aware_buffered,TARGET_FIDELITY_UNREACHABLE,chain1,literature,0.8,4,0.3,10,True,purification_2_rounds,3,True,False,a -> r1 -> b,0,,best of 1 candidate route(s) evaluated in hindsight - not an online-implementable strategy
R04_planner_evolution:chain1@literature:63a1bb86ddc0128e:L1:5:R04_planner_evolution-intent,L1,conservative_one_round,no candidate route is feasible: a->r1->b (min_fidelity 0.800 exceeds the achievable estimate 0.697 (one-round static estimate; SeQUeNCe's 'until_target' mode may run a different number of rounds at execution time)),chain1,literature,0.8,4,0.3,10,True,purification_2_rounds,5,True,False,a -> r1 -> b,0,,best of 1 candidate route(s) evaluated in hindsight - not an online-implementable strategy
R04_planner_evolution:chain1@literature:63a1bb86ddc0128e:L2:5:R04_planner_evolution-intent,L2,iterative_analytical,no candidate route is feasible: a->r1->b (min_fidelity 0.800 exceeds the achievable estimate 0.697 (no further gain after round 1 (fixed point reached))),chain1,literature,0.8,4,0.3,10,True,purification_2_rounds,5,True,False,a -> r1 -> b,0,,best of 1 candidate route(s) evaluated in hindsight - not an online-implementable strategy
R04_planner_evolution:chain1@literature:63a1bb86ddc0128e:L2-R:5:R04_planner_evolution-intent,L2-R,iterative_resource_aware,TARGET_FIDELITY_UNREACHABLE,chain1,literature,0.8,4,0.3,10,True,purification_2_rounds,5,True,False,a -> r1 -> b,0,,best of 1 candidate route(s) evaluated in hindsight - not an online-implementable strategy
R04_planner_evolution:chain1@literature:63a1bb86ddc0128e:L2-RB:5:R04_planner_evolution-intent,L2-RB,iterative_resource_aware_buffered,TARGET_FIDELITY_UNREACHABLE,chain1,literature,0.8,4,0.3,10,True,purification_2_rounds,5,True,False,a -> r1 -> b,0,,best of 1 candidate route(s) evaluated in hindsight - not an online-implementable strategy
R04_planner_evolution:chain1@literature:63a1bb86ddc0128e:L1:6:R04_planner_evolution-intent,L1,conservative_one_round,no candidate route is feasible: a->r1->b (min_fidelity 0.800 exceeds the achievable estimate 0.697 (one-round static estimate; SeQUeNCe's 'until_target' mode may run a different number of rounds at execution time)),chain1,literature,0.8,4,0.3,10,True,purification_2_rounds,6,True,False,a -> r1 -> b,0,,best of 1 candidate route(s) evaluated in hindsight - not an online-implementable strategy
R04_planner_evolution:chain1@literature:63a1bb86ddc0128e:L2:6:R04_planner_evolution-intent,L2,iterative_analytical,no candidate route is feasible: a->r1->b (min_fidelity 0.800 exceeds the achievable estimate 0.697 (no further gain after round 1 (fixed point reached))),chain1,literature,0.8,4,0.3,10,True,purification_2_rounds,6,True,False,a -> r1 -> b,0,,best of 1 candidate route(s) evaluated in hindsight - not an online-implementable strategy
R04_planner_evolution:chain1@literature:63a1bb86ddc0128e:L2-R:6:R04_planner_evolution-intent,L2-R,iterative_resource_aware,TARGET_FIDELITY_UNREACHABLE,chain1,literature,0.8,4,0.3,10,True,purification_2_rounds,6,True,False,a -> r1 -> b,0,,best of 1 candidate route(s) evaluated in hindsight - not an online-implementable strategy
R04_planner_evolution:chain1@literature:63a1bb86ddc0128e:L2-RB:6:R04_planner_evolution-intent,L2-RB,iterative_resource_aware_buffered,TARGET_FIDELITY_UNREACHABLE,chain1,literature,0.8,4,0.3,10,True,purification_2_rounds,6,True,False,a -> r1 -> b,0,,best of 1 candidate route(s) evaluated in hindsight - not an online-implementable strategy
R04_planner_evolution:chain1@literature:63a1bb86ddc0128e:L1:7:R04_planner_evolution-intent,L1,conservative_one_round,no candidate route is feasible: a->r1->b (min_fidelity 0.800 exceeds the achievable estimate 0.697 (one-round static estimate; SeQUeNCe's 'until_target' mode may run a different number of rounds at execution time)),chain1,literature,0.8,4,0.3,10,True,purification_2_rounds,7,True,False,a -> r1 -> b,0,,best of 1 candidate route(s) evaluated in hindsight - not an online-implementable strategy
R04_planner_evolution:chain1@literature:63a1bb86ddc0128e:L2:7:R04_planner_evolution-intent,L2,iterative_analytical,no candidate route is feasible: a->r1->b (min_fidelity 0.800 exceeds the achievable estimate 0.697 (no further gain after round 1 (fixed point reached))),chain1,literature,0.8,4,0.3,10,True,purification_2_rounds,7,True,False,a -> r1 -> b,0,,best of 1 candidate route(s) evaluated in hindsight - not an online-implementable strategy
R04_planner_evolution:chain1@literature:63a1bb86ddc0128e:L2-R:7:R04_planner_evolution-intent,L2-R,iterative_resource_aware,TARGET_FIDELITY_UNREACHABLE,chain1,literature,0.8,4,0.3,10,True,purification_2_rounds,7,True,False,a -> r1 -> b,0,,best of 1 candidate route(s) evaluated in hindsight - not an online-implementable strategy
R04_planner_evolution:chain1@literature:63a1bb86ddc0128e:L2-RB:7:R04_planner_evolution-intent,L2-RB,iterative_resource_aware_buffered,TARGET_FIDELITY_UNREACHABLE,chain1,literature,0.8,4,0.3,10,True,purification_2_rounds,7,True,False,a -> r1 -> b,0,,best of 1 candidate route(s) evaluated in hindsight - not an online-implementable strategy
R04_planner_evolution:chain1@literature:63a1bb86ddc0128e:L1:8:R04_planner_evolution-intent,L1,conservative_one_round,no candidate route is feasible: a->r1->b (min_fidelity 0.800 exceeds the achievable estimate 0.697 (one-round static estimate; SeQUeNCe's 'until_target' mode may run a different number of rounds at execution time)),chain1,literature,0.8,4,0.3,10,True,purification_2_rounds,8,True,False,a -> r1 -> b,0,,best of 1 candidate route(s) evaluated in hindsight - not an online-implementable strategy
R04_planner_evolution:chain1@literature:63a1bb86ddc0128e:L2:8:R04_planner_evolution-intent,L2,iterative_analytical,no candidate route is feasible: a->r1->b (min_fidelity 0.800 exceeds the achievable estimate 0.697 (no further gain after round 1 (fixed point reached))),chain1,literature,0.8,4,0.3,10,True,purification_2_rounds,8,True,False,a -> r1 -> b,0,,best of 1 candidate route(s) evaluated in hindsight - not an online-implementable strategy
R04_planner_evolution:chain1@literature:63a1bb86ddc0128e:L2-R:8:R04_planner_evolution-intent,L2-R,iterative_resource_aware,TARGET_FIDELITY_UNREACHABLE,chain1,literature,0.8,4,0.3,10,True,purification_2_rounds,8,True,False,a -> r1 -> b,0,,best of 1 candidate route(s) evaluated in hindsight - not an online-implementable strategy
R04_planner_evolution:chain1@literature:63a1bb86ddc0128e:L2-RB:8:R04_planner_evolution-intent,L2-RB,iterative_resource_aware_buffered,TARGET_FIDELITY_UNREACHABLE,chain1,literature,0.8,4,0.3,10,True,purification_2_rounds,8,True,False,a -> r1 -> b,0,,best of 1 candidate route(s) evaluated in hindsight - not an online-implementable strategy
R04_planner_evolution:chain1@literature:63a1bb86ddc0128e:L1:9:R04_planner_evolution-intent,L1,conservative_one_round,no candidate route is feasible: a->r1->b (min_fidelity 0.800 exceeds the achievable estimate 0.697 (one-round static estimate; SeQUeNCe's 'until_target' mode may run a different number of rounds at execution time)),chain1,literature,0.8,4,0.3,10,True,purification_2_rounds,9,True,False,a -> r1 -> b,0,,best of 1 candidate route(s) evaluated in hindsight - not an online-implementable strategy
R04_planner_evolution:chain1@literature:63a1bb86ddc0128e:L2:9:R04_planner_evolution-intent,L2,iterative_analytical,no candidate route is feasible: a->r1->b (min_fidelity 0.800 exceeds the achievable estimate 0.697 (no further gain after round 1 (fixed point reached))),chain1,literature,0.8,4,0.3,10,True,purification_2_rounds,9,True,False,a -> r1 -> b,0,,best of 1 candidate route(s) evaluated in hindsight - not an online-implementable strategy
R04_planner_evolution:chain1@literature:63a1bb86ddc0128e:L2-R:9:R04_planner_evolution-intent,L2-R,iterative_resource_aware,TARGET_FIDELITY_UNREACHABLE,chain1,literature,0.8,4,0.3,10,True,purification_2_rounds,9,True,False,a -> r1 -> b,0,,best of 1 candidate route(s) evaluated in hindsight - not an online-implementable strategy
R04_planner_evolution:chain1@literature:63a1bb86ddc0128e:L2-RB:9:R04_planner_evolution-intent,L2-RB,iterative_resource_aware_buffered,TARGET_FIDELITY_UNREACHABLE,chain1,literature,0.8,4,0.3,10,True,purification_2_rounds,9,True,False,a -> r1 -> b,0,,best of 1 candidate route(s) evaluated in hindsight - not an online-implementable strategy
R04_planner_evolution:chain1@literature:50fba1d0a97e463f:L1:0:R04_planner_evolution-intent,L1,conservative_one_round,no candidate route is feasible: a->r1->b (min_fidelity 0.800 exceeds the achievable estimate 0.697 (one-round static estimate; SeQUeNCe's 'until_target' mode may run a different number of rounds at execution time)),chain1,literature,0.8,4,0.3,3,True,purification_2_rounds_small_goal,0,True,False,a -> r1 -> b,0,,best of 1 candidate route(s) evaluated in hindsight - not an online-implementable strategy
R04_planner_evolution:chain1@literature:50fba1d0a97e463f:L2:0:R04_planner_evolution-intent,L2,iterative_analytical,no candidate route is feasible: a->r1->b (min_fidelity 0.800 exceeds the achievable estimate 0.697 (no further gain after round 1 (fixed point reached))),chain1,literature,0.8,4,0.3,3,True,purification_2_rounds_small_goal,0,True,False,a -> r1 -> b,0,,best of 1 candidate route(s) evaluated in hindsight - not an online-implementable strategy
R04_planner_evolution:chain1@literature:50fba1d0a97e463f:L2-R:0:R04_planner_evolution-intent,L2-R,iterative_resource_aware,TARGET_FIDELITY_UNREACHABLE,chain1,literature,0.8,4,0.3,3,True,purification_2_rounds_small_goal,0,True,False,a -> r1 -> b,0,,best of 1 candidate route(s) evaluated in hindsight - not an online-implementable strategy
R04_planner_evolution:chain1@literature:50fba1d0a97e463f:L2-RB:0:R04_planner_evolution-intent,L2-RB,iterative_resource_aware_buffered,TARGET_FIDELITY_UNREACHABLE,chain1,literature,0.8,4,0.3,3,True,purification_2_rounds_small_goal,0,True,False,a -> r1 -> b,0,,best of 1 candidate route(s) evaluated in hindsight - not an online-implementable strategy
R04_planner_evolution:chain1@literature:50fba1d0a97e463f:L1:1:R04_planner_evolution-intent,L1,conservative_one_round,no candidate route is feasible: a->r1->b (min_fidelity 0.800 exceeds the achievable estimate 0.697 (one-round static estimate; SeQUeNCe's 'until_target' mode may run a different number of rounds at execution time)),chain1,literature,0.8,4,0.3,3,True,purification_2_rounds_small_goal,1,True,False,a -> r1 -> b,0,,best of 1 candidate route(s) evaluated in hindsight - not an online-implementable strategy
R04_planner_evolution:chain1@literature:50fba1d0a97e463f:L2:1:R04_planner_evolution-intent,L2,iterative_analytical,no candidate route is feasible: a->r1->b (min_fidelity 0.800 exceeds the achievable estimate 0.697 (no further gain after round 1 (fixed point reached))),chain1,literature,0.8,4,0.3,3,True,purification_2_rounds_small_goal,1,True,False,a -> r1 -> b,0,,best of 1 candidate route(s) evaluated in hindsight - not an online-implementable strategy
R04_planner_evolution:chain1@literature:50fba1d0a97e463f:L2-R:1:R04_planner_evolution-intent,L2-R,iterative_resource_aware,TARGET_FIDELITY_UNREACHABLE,chain1,literature,0.8,4,0.3,3,True,purification_2_rounds_small_goal,1,True,False,a -> r1 -> b,0,,best of 1 candidate route(s) evaluated in hindsight - not an online-implementable strategy
R04_planner_evolution:chain1@literature:50fba1d0a97e463f:L2-RB:1:R04_planner_evolution-intent,L2-RB,iterative_resource_aware_buffered,TARGET_FIDELITY_UNREACHABLE,chain1,literature,0.8,4,0.3,3,True,purification_2_rounds_small_goal,1,True,False,a -> r1 -> b,0,,best of 1 candidate route(s) evaluated in hindsight - not an online-implementable strategy
R04_planner_evolution:chain1@literature:50fba1d0a97e463f:L1:4:R04_planner_evolution-intent,L1,conservative_one_round,no candidate route is feasible: a->r1->b (min_fidelity 0.800 exceeds the achievable estimate 0.697 (one-round static estimate; SeQUeNCe's 'until_target' mode may run a different number of rounds at execution time)),chain1,literature,0.8,4,0.3,3,True,purification_2_rounds_small_goal,4,True,False,a -> r1 -> b,0,,best of 1 candidate route(s) evaluated in hindsight - not an online-implementable strategy
R04_planner_evolution:chain1@literature:50fba1d0a97e463f:L2:4:R04_planner_evolution-intent,L2,iterative_analytical,no candidate route is feasible: a->r1->b (min_fidelity 0.800 exceeds the achievable estimate 0.697 (no further gain after round 1 (fixed point reached))),chain1,literature,0.8,4,0.3,3,True,purification_2_rounds_small_goal,4,True,False,a -> r1 -> b,0,,best of 1 candidate route(s) evaluated in hindsight - not an online-implementable strategy
R04_planner_evolution:chain1@literature:50fba1d0a97e463f:L2-R:4:R04_planner_evolution-intent,L2-R,iterative_resource_aware,TARGET_FIDELITY_UNREACHABLE,chain1,literature,0.8,4,0.3,3,True,purification_2_rounds_small_goal,4,True,False,a -> r1 -> b,0,,best of 1 candidate route(s) evaluated in hindsight - not an online-implementable strategy
R04_planner_evolution:chain1@literature:50fba1d0a97e463f:L2-RB:4:R04_planner_evolution-intent,L2-RB,iterative_resource_aware_buffered,TARGET_FIDELITY_UNREACHABLE,chain1,literature,0.8,4,0.3,3,True,purification_2_rounds_small_goal,4,True,False,a -> r1 -> b,0,,best of 1 candidate route(s) evaluated in hindsight - not an online-implementable strategy
R04_planner_evolution:chain1@literature:50fba1d0a97e463f:L1:2:R04_planner_evolution-intent,L1,conservative_one_round,no candidate route is feasible: a->r1->b (min_fidelity 0.800 exceeds the achievable estimate 0.697 (one-round static estimate; SeQUeNCe's 'until_target' mode may run a different number of rounds at execution time)),chain1,literature,0.8,4,0.3,3,True,purification_2_rounds_small_goal,2,True,False,a -> r1 -> b,0,,best of 1 candidate route(s) evaluated in hindsight - not an online-implementable strategy
R04_planner_evolution:chain1@literature:50fba1d0a97e463f:L2:2:R04_planner_evolution-intent,L2,iterative_analytical,no candidate route is feasible: a->r1->b (min_fidelity 0.800 exceeds the achievable estimate 0.697 (no further gain after round 1 (fixed point reached))),chain1,literature,0.8,4,0.3,3,True,purification_2_rounds_small_goal,2,True,False,a -> r1 -> b,0,,best of 1 candidate route(s) evaluated in hindsight - not an online-implementable strategy
R04_planner_evolution:chain1@literature:50fba1d0a97e463f:L2-R:2:R04_planner_evolution-intent,L2-R,iterative_resource_aware,TARGET_FIDELITY_UNREACHABLE,chain1,literature,0.8,4,0.3,3,True,purification_2_rounds_small_goal,2,True,False,a -> r1 -> b,0,,best of 1 candidate route(s) evaluated in hindsight - not an online-implementable strategy
R04_planner_evolution:chain1@literature:50fba1d0a97e463f:L2-RB:2:R04_planner_evolution-intent,L2-RB,iterative_resource_aware_buffered,TARGET_FIDELITY_UNREACHABLE,chain1,literature,0.8,4,0.3,3,True,purification_2_rounds_small_goal,2,True,False,a -> r1 -> b,0,,best of 1 candidate route(s) evaluated in hindsight - not an online-implementable strategy
R04_planner_evolution:chain1@literature:50fba1d0a97e463f:L1:3:R04_planner_evolution-intent,L1,conservative_one_round,no candidate route is feasible: a->r1->b (min_fidelity 0.800 exceeds the achievable estimate 0.697 (one-round static estimate; SeQUeNCe's 'until_target' mode may run a different number of rounds at execution time)),chain1,literature,0.8,4,0.3,3,True,purification_2_rounds_small_goal,3,True,False,a -> r1 -> b,0,,best of 1 candidate route(s) evaluated in hindsight - not an online-implementable strategy
R04_planner_evolution:chain1@literature:50fba1d0a97e463f:L2:3:R04_planner_evolution-intent,L2,iterative_analytical,no candidate route is feasible: a->r1->b (min_fidelity 0.800 exceeds the achievable estimate 0.697 (no further gain after round 1 (fixed point reached))),chain1,literature,0.8,4,0.3,3,True,purification_2_rounds_small_goal,3,True,False,a -> r1 -> b,0,,best of 1 candidate route(s) evaluated in hindsight - not an online-implementable strategy
R04_planner_evolution:chain1@literature:50fba1d0a97e463f:L2-R:3:R04_planner_evolution-intent,L2-R,iterative_resource_aware,TARGET_FIDELITY_UNREACHABLE,chain1,literature,0.8,4,0.3,3,True,purification_2_rounds_small_goal,3,True,False,a -> r1 -> b,0,,best of 1 candidate route(s) evaluated in hindsight - not an online-implementable strategy
R04_planner_evolution:chain1@literature:50fba1d0a97e463f:L2-RB:3:R04_planner_evolution-intent,L2-RB,iterative_resource_aware_buffered,TARGET_FIDELITY_UNREACHABLE,chain1,literature,0.8,4,0.3,3,True,purification_2_rounds_small_goal,3,True,False,a -> r1 -> b,0,,best of 1 candidate route(s) evaluated in hindsight - not an online-implementable strategy
R04_planner_evolution:chain1@literature:50fba1d0a97e463f:L1:5:R04_planner_evolution-intent,L1,conservative_one_round,no candidate route is feasible: a->r1->b (min_fidelity 0.800 exceeds the achievable estimate 0.697 (one-round static estimate; SeQUeNCe's 'until_target' mode may run a different number of rounds at execution time)),chain1,literature,0.8,4,0.3,3,True,purification_2_rounds_small_goal,5,True,False,a -> r1 -> b,0,,best of 1 candidate route(s) evaluated in hindsight - not an online-implementable strategy
R04_planner_evolution:chain1@literature:50fba1d0a97e463f:L2:5:R04_planner_evolution-intent,L2,iterative_analytical,no candidate route is feasible: a->r1->b (min_fidelity 0.800 exceeds the achievable estimate 0.697 (no further gain after round 1 (fixed point reached))),chain1,literature,0.8,4,0.3,3,True,purification_2_rounds_small_goal,5,True,False,a -> r1 -> b,0,,best of 1 candidate route(s) evaluated in hindsight - not an online-implementable strategy
R04_planner_evolution:chain1@literature:50fba1d0a97e463f:L2-R:5:R04_planner_evolution-intent,L2-R,iterative_resource_aware,TARGET_FIDELITY_UNREACHABLE,chain1,literature,0.8,4,0.3,3,True,purification_2_rounds_small_goal,5,True,False,a -> r1 -> b,0,,best of 1 candidate route(s) evaluated in hindsight - not an online-implementable strategy
R04_planner_evolution:chain1@literature:50fba1d0a97e463f:L2-RB:5:R04_planner_evolution-intent,L2-RB,iterative_resource_aware_buffered,TARGET_FIDELITY_UNREACHABLE,chain1,literature,0.8,4,0.3,3,True,purification_2_rounds_small_goal,5,True,False,a -> r1 -> b,0,,best of 1 candidate route(s) evaluated in hindsight - not an online-implementable strategy
R04_planner_evolution:chain1@literature:50fba1d0a97e463f:L1:6:R04_planner_evolution-intent,L1,conservative_one_round,no candidate route is feasible: a->r1->b (min_fidelity 0.800 exceeds the achievable estimate 0.697 (one-round static estimate; SeQUeNCe's 'until_target' mode may run a different number of rounds at execution time)),chain1,literature,0.8,4,0.3,3,True,purification_2_rounds_small_goal,6,True,False,a -> r1 -> b,0,,best of 1 candidate route(s) evaluated in hindsight - not an online-implementable strategy
R04_planner_evolution:chain1@literature:50fba1d0a97e463f:L2:6:R04_planner_evolution-intent,L2,iterative_analytical,no candidate route is feasible: a->r1->b (min_fidelity 0.800 exceeds the achievable estimate 0.697 (no further gain after round 1 (fixed point reached))),chain1,literature,0.8,4,0.3,3,True,purification_2_rounds_small_goal,6,True,False,a -> r1 -> b,0,,best of 1 candidate route(s) evaluated in hindsight - not an online-implementable strategy
R04_planner_evolution:chain1@literature:50fba1d0a97e463f:L2-R:6:R04_planner_evolution-intent,L2-R,iterative_resource_aware,TARGET_FIDELITY_UNREACHABLE,chain1,literature,0.8,4,0.3,3,True,purification_2_rounds_small_goal,6,True,False,a -> r1 -> b,0,,best of 1 candidate route(s) evaluated in hindsight - not an online-implementable strategy
R04_planner_evolution:chain1@literature:50fba1d0a97e463f:L2-RB:6:R04_planner_evolution-intent,L2-RB,iterative_resource_aware_buffered,TARGET_FIDELITY_UNREACHABLE,chain1,literature,0.8,4,0.3,3,True,purification_2_rounds_small_goal,6,True,False,a -> r1 -> b,0,,best of 1 candidate route(s) evaluated in hindsight - not an online-implementable strategy
R04_planner_evolution:chain1@literature:50fba1d0a97e463f:L1:7:R04_planner_evolution-intent,L1,conservative_one_round,no candidate route is feasible: a->r1->b (min_fidelity 0.800 exceeds the achievable estimate 0.697 (one-round static estimate; SeQUeNCe's 'until_target' mode may run a different number of rounds at execution time)),chain1,literature,0.8,4,0.3,3,True,purification_2_rounds_small_goal,7,True,False,a -> r1 -> b,0,,best of 1 candidate route(s) evaluated in hindsight - not an online-implementable strategy
R04_planner_evolution:chain1@literature:50fba1d0a97e463f:L2:7:R04_planner_evolution-intent,L2,iterative_analytical,no candidate route is feasible: a->r1->b (min_fidelity 0.800 exceeds the achievable estimate 0.697 (no further gain after round 1 (fixed point reached))),chain1,literature,0.8,4,0.3,3,True,purification_2_rounds_small_goal,7,True,False,a -> r1 -> b,0,,best of 1 candidate route(s) evaluated in hindsight - not an online-implementable strategy
R04_planner_evolution:chain1@literature:50fba1d0a97e463f:L2-R:7:R04_planner_evolution-intent,L2-R,iterative_resource_aware,TARGET_FIDELITY_UNREACHABLE,chain1,literature,0.8,4,0.3,3,True,purification_2_rounds_small_goal,7,True,False,a -> r1 -> b,0,,best of 1 candidate route(s) evaluated in hindsight - not an online-implementable strategy
R04_planner_evolution:chain1@literature:50fba1d0a97e463f:L2-RB:7:R04_planner_evolution-intent,L2-RB,iterative_resource_aware_buffered,TARGET_FIDELITY_UNREACHABLE,chain1,literature,0.8,4,0.3,3,True,purification_2_rounds_small_goal,7,True,False,a -> r1 -> b,0,,best of 1 candidate route(s) evaluated in hindsight - not an online-implementable strategy
R04_planner_evolution:chain1@literature:50fba1d0a97e463f:L1:8:R04_planner_evolution-intent,L1,conservative_one_round,no candidate route is feasible: a->r1->b (min_fidelity 0.800 exceeds the achievable estimate 0.697 (one-round static estimate; SeQUeNCe's 'until_target' mode may run a different number of rounds at execution time)),chain1,literature,0.8,4,0.3,3,True,purification_2_rounds_small_goal,8,True,False,a -> r1 -> b,0,,best of 1 candidate route(s) evaluated in hindsight - not an online-implementable strategy
R04_planner_evolution:chain1@literature:50fba1d0a97e463f:L2:8:R04_planner_evolution-intent,L2,iterative_analytical,no candidate route is feasible: a->r1->b (min_fidelity 0.800 exceeds the achievable estimate 0.697 (no further gain after round 1 (fixed point reached))),chain1,literature,0.8,4,0.3,3,True,purification_2_rounds_small_goal,8,True,False,a -> r1 -> b,0,,best of 1 candidate route(s) evaluated in hindsight - not an online-implementable strategy
R04_planner_evolution:chain1@literature:50fba1d0a97e463f:L2-R:8:R04_planner_evolution-intent,L2-R,iterative_resource_aware,TARGET_FIDELITY_UNREACHABLE,chain1,literature,0.8,4,0.3,3,True,purification_2_rounds_small_goal,8,True,False,a -> r1 -> b,0,,best of 1 candidate route(s) evaluated in hindsight - not an online-implementable strategy
R04_planner_evolution:chain1@literature:50fba1d0a97e463f:L2-RB:8:R04_planner_evolution-intent,L2-RB,iterative_resource_aware_buffered,TARGET_FIDELITY_UNREACHABLE,chain1,literature,0.8,4,0.3,3,True,purification_2_rounds_small_goal,8,True,False,a -> r1 -> b,0,,best of 1 candidate route(s) evaluated in hindsight - not an online-implementable strategy
R04_planner_evolution:chain1@literature:50fba1d0a97e463f:L1:9:R04_planner_evolution-intent,L1,conservative_one_round,no candidate route is feasible: a->r1->b (min_fidelity 0.800 exceeds the achievable estimate 0.697 (one-round static estimate; SeQUeNCe's 'until_target' mode may run a different number of rounds at execution time)),chain1,literature,0.8,4,0.3,3,True,purification_2_rounds_small_goal,9,True,False,a -> r1 -> b,0,,best of 1 candidate route(s) evaluated in hindsight - not an online-implementable strategy
R04_planner_evolution:chain1@literature:50fba1d0a97e463f:L2:9:R04_planner_evolution-intent,L2,iterative_analytical,no candidate route is feasible: a->r1->b (min_fidelity 0.800 exceeds the achievable estimate 0.697 (no further gain after round 1 (fixed point reached))),chain1,literature,0.8,4,0.3,3,True,purification_2_rounds_small_goal,9,True,False,a -> r1 -> b,0,,best of 1 candidate route(s) evaluated in hindsight - not an online-implementable strategy
R04_planner_evolution:chain1@literature:50fba1d0a97e463f:L2-R:9:R04_planner_evolution-intent,L2-R,iterative_resource_aware,TARGET_FIDELITY_UNREACHABLE,chain1,literature,0.8,4,0.3,3,True,purification_2_rounds_small_goal,9,True,False,a -> r1 -> b,0,,best of 1 candidate route(s) evaluated in hindsight - not an online-implementable strategy
R04_planner_evolution:chain1@literature:50fba1d0a97e463f:L2-RB:9:R04_planner_evolution-intent,L2-RB,iterative_resource_aware_buffered,TARGET_FIDELITY_UNREACHABLE,chain1,literature,0.8,4,0.3,3,True,purification_2_rounds_small_goal,9,True,False,a -> r1 -> b,0,,best of 1 candidate route(s) evaluated in hindsight - not an online-implementable strategy
R04_planner_evolution:chain2@literature:35114816c173e43b:L2-R:0:R04_planner_evolution-intent,L2-R,iterative_resource_aware,DELIVERY_TARGET_EXCEEDS_WINDOW,chain2,literature,0.5,4,0.3,10,True,generous,0,True,True,a -> r1 -> r2 -> b,49,0.5873268936679121,best of 1 candidate route(s) evaluated in hindsight - not an online-implementable strategy
R04_planner_evolution:chain2@literature:35114816c173e43b:L2-R:1:R04_planner_evolution-intent,L2-R,iterative_resource_aware,DELIVERY_TARGET_EXCEEDS_WINDOW,chain2,literature,0.5,4,0.3,10,True,generous,1,True,True,a -> r1 -> r2 -> b,38,0.5844461759614497,best of 1 candidate route(s) evaluated in hindsight - not an online-implementable strategy
R04_planner_evolution:chain2@literature:35114816c173e43b:L2-R:2:R04_planner_evolution-intent,L2-R,iterative_resource_aware,DELIVERY_TARGET_EXCEEDS_WINDOW,chain2,literature,0.5,4,0.3,10,True,generous,2,True,True,a -> r1 -> r2 -> b,40,0.5854184099782638,best of 1 candidate route(s) evaluated in hindsight - not an online-implementable strategy
R04_planner_evolution:chain2@literature:35114816c173e43b:L2-R:3:R04_planner_evolution-intent,L2-R,iterative_resource_aware,DELIVERY_TARGET_EXCEEDS_WINDOW,chain2,literature,0.5,4,0.3,10,True,generous,3,True,True,a -> r1 -> r2 -> b,51,0.5885629941715032,best of 1 candidate route(s) evaluated in hindsight - not an online-implementable strategy
R04_planner_evolution:chain2@literature:35114816c173e43b:L2-R:4:R04_planner_evolution-intent,L2-R,iterative_resource_aware,DELIVERY_TARGET_EXCEEDS_WINDOW,chain2,literature,0.5,4,0.3,10,True,generous,4,True,True,a -> r1 -> r2 -> b,47,0.5888311197843676,best of 1 candidate route(s) evaluated in hindsight - not an online-implementable strategy
R04_planner_evolution:chain2@literature:35114816c173e43b:L2-R:5:R04_planner_evolution-intent,L2-R,iterative_resource_aware,DELIVERY_TARGET_EXCEEDS_WINDOW,chain2,literature,0.5,4,0.3,10,True,generous,5,True,True,a -> r1 -> r2 -> b,44,0.5884263119728389,best of 1 candidate route(s) evaluated in hindsight - not an online-implementable strategy
R04_planner_evolution:chain2@literature:35114816c173e43b:L2-R:6:R04_planner_evolution-intent,L2-R,iterative_resource_aware,DELIVERY_TARGET_EXCEEDS_WINDOW,chain2,literature,0.5,4,0.3,10,True,generous,6,True,True,a -> r1 -> r2 -> b,44,0.585736119501881,best of 1 candidate route(s) evaluated in hindsight - not an online-implementable strategy
R04_planner_evolution:chain2@literature:35114816c173e43b:L2-R:7:R04_planner_evolution-intent,L2-R,iterative_resource_aware,DELIVERY_TARGET_EXCEEDS_WINDOW,chain2,literature,0.5,4,0.3,10,True,generous,7,True,True,a -> r1 -> r2 -> b,38,0.5855242978606353,best of 1 candidate route(s) evaluated in hindsight - not an online-implementable strategy
R04_planner_evolution:chain2@literature:35114816c173e43b:L2-R:8:R04_planner_evolution-intent,L2-R,iterative_resource_aware,DELIVERY_TARGET_EXCEEDS_WINDOW,chain2,literature,0.5,4,0.3,10,True,generous,8,True,True,a -> r1 -> r2 -> b,44,0.5852074699347587,best of 1 candidate route(s) evaluated in hindsight - not an online-implementable strategy
R04_planner_evolution:chain2@literature:35114816c173e43b:L2-R:9:R04_planner_evolution-intent,L2-R,iterative_resource_aware,DELIVERY_TARGET_EXCEEDS_WINDOW,chain2,literature,0.5,4,0.3,10,True,generous,9,True,True,a -> r1 -> r2 -> b,47,0.588269039077024,best of 1 candidate route(s) evaluated in hindsight - not an online-implementable strategy
R04_planner_evolution:chain2@literature:9541194eafa0a798:L2-R:0:R04_planner_evolution-intent,L2-R,iterative_resource_aware,DELIVERY_TARGET_EXCEEDS_WINDOW,chain2,literature,0.56,4,0.3,10,True,generous,0,True,True,a -> r1 -> r2 -> b,49,0.5873268936679121,best of 1 candidate route(s) evaluated in hindsight - not an online-implementable strategy
R04_planner_evolution:chain2@literature:9541194eafa0a798:L2-R:2:R04_planner_evolution-intent,L2-R,iterative_resource_aware,DELIVERY_TARGET_EXCEEDS_WINDOW,chain2,literature,0.56,4,0.3,10,True,generous,2,True,True,a -> r1 -> r2 -> b,36,0.5862488453839529,best of 1 candidate route(s) evaluated in hindsight - not an online-implementable strategy
R04_planner_evolution:chain2@literature:9541194eafa0a798:L2-R:1:R04_planner_evolution-intent,L2-R,iterative_resource_aware,DELIVERY_TARGET_EXCEEDS_WINDOW,chain2,literature,0.56,4,0.3,10,True,generous,1,True,True,a -> r1 -> r2 -> b,38,0.5844461759614497,best of 1 candidate route(s) evaluated in hindsight - not an online-implementable strategy
R04_planner_evolution:chain2@literature:9541194eafa0a798:L2-R:3:R04_planner_evolution-intent,L2-R,iterative_resource_aware,DELIVERY_TARGET_EXCEEDS_WINDOW,chain2,literature,0.56,4,0.3,10,True,generous,3,True,True,a -> r1 -> r2 -> b,51,0.5885629941715032,best of 1 candidate route(s) evaluated in hindsight - not an online-implementable strategy
R04_planner_evolution:chain2@literature:9541194eafa0a798:L2-R:4:R04_planner_evolution-intent,L2-R,iterative_resource_aware,DELIVERY_TARGET_EXCEEDS_WINDOW,chain2,literature,0.56,4,0.3,10,True,generous,4,True,True,a -> r1 -> r2 -> b,47,0.5888311197843676,best of 1 candidate route(s) evaluated in hindsight - not an online-implementable strategy
R04_planner_evolution:chain2@literature:9541194eafa0a798:L2-R:5:R04_planner_evolution-intent,L2-R,iterative_resource_aware,DELIVERY_TARGET_EXCEEDS_WINDOW,chain2,literature,0.56,4,0.3,10,True,generous,5,True,True,a -> r1 -> r2 -> b,44,0.5884263119728389,best of 1 candidate route(s) evaluated in hindsight - not an online-implementable strategy
R04_planner_evolution:chain2@literature:9541194eafa0a798:L2-R:8:R04_planner_evolution-intent,L2-R,iterative_resource_aware,DELIVERY_TARGET_EXCEEDS_WINDOW,chain2,literature,0.56,4,0.3,10,True,generous,8,True,True,a -> r1 -> r2 -> b,38,0.5869068500695054,best of 1 candidate route(s) evaluated in hindsight - not an online-implementable strategy
R04_planner_evolution:chain2@literature:9541194eafa0a798:L2-R:6:R04_planner_evolution-intent,L2-R,iterative_resource_aware,DELIVERY_TARGET_EXCEEDS_WINDOW,chain2,literature,0.56,4,0.3,10,True,generous,6,True,True,a -> r1 -> r2 -> b,31,0.5856182196242404,best of 1 candidate route(s) evaluated in hindsight - not an online-implementable strategy
R04_planner_evolution:chain2@literature:9541194eafa0a798:L2-R:7:R04_planner_evolution-intent,L2-R,iterative_resource_aware,DELIVERY_TARGET_EXCEEDS_WINDOW,chain2,literature,0.56,4,0.3,10,True,generous,7,True,True,a -> r1 -> r2 -> b,38,0.5855242978606353,best of 1 candidate route(s) evaluated in hindsight - not an online-implementable strategy
R04_planner_evolution:chain2@literature:9541194eafa0a798:L2-R:9:R04_planner_evolution-intent,L2-R,iterative_resource_aware,DELIVERY_TARGET_EXCEEDS_WINDOW,chain2,literature,0.56,4,0.3,10,True,generous,9,True,True,a -> r1 -> r2 -> b,47,0.588269039077024,best of 1 candidate route(s) evaluated in hindsight - not an online-implementable strategy
R04_planner_evolution:chain2@literature:adcdd30708e704ad:L2-R:0:R04_planner_evolution-intent,L2-R,iterative_resource_aware,DELIVERY_TARGET_EXCEEDS_WINDOW,chain2,literature,0.56,4,0.3,10,False,generous_no_purification,0,True,True,a -> r1 -> r2 -> b,49,0.5873268936679121,best of 1 candidate route(s) evaluated in hindsight - not an online-implementable strategy
R04_planner_evolution:chain2@literature:adcdd30708e704ad:L2-R:1:R04_planner_evolution-intent,L2-R,iterative_resource_aware,DELIVERY_TARGET_EXCEEDS_WINDOW,chain2,literature,0.56,4,0.3,10,False,generous_no_purification,1,True,True,a -> r1 -> r2 -> b,38,0.5844461759614497,best of 1 candidate route(s) evaluated in hindsight - not an online-implementable strategy
R04_planner_evolution:chain2@literature:adcdd30708e704ad:L2-R:2:R04_planner_evolution-intent,L2-R,iterative_resource_aware,DELIVERY_TARGET_EXCEEDS_WINDOW,chain2,literature,0.56,4,0.3,10,False,generous_no_purification,2,True,True,a -> r1 -> r2 -> b,39,0.5861201701714892,best of 1 candidate route(s) evaluated in hindsight - not an online-implementable strategy
R04_planner_evolution:chain2@literature:adcdd30708e704ad:L2-R:3:R04_planner_evolution-intent,L2-R,iterative_resource_aware,DELIVERY_TARGET_EXCEEDS_WINDOW,chain2,literature,0.56,4,0.3,10,False,generous_no_purification,3,True,True,a -> r1 -> r2 -> b,51,0.5885629941715032,best of 1 candidate route(s) evaluated in hindsight - not an online-implementable strategy
R04_planner_evolution:chain2@literature:adcdd30708e704ad:L2-R:4:R04_planner_evolution-intent,L2-R,iterative_resource_aware,DELIVERY_TARGET_EXCEEDS_WINDOW,chain2,literature,0.56,4,0.3,10,False,generous_no_purification,4,True,True,a -> r1 -> r2 -> b,47,0.5888311197843676,best of 1 candidate route(s) evaluated in hindsight - not an online-implementable strategy
R04_planner_evolution:chain2@literature:adcdd30708e704ad:L2-R:5:R04_planner_evolution-intent,L2-R,iterative_resource_aware,DELIVERY_TARGET_EXCEEDS_WINDOW,chain2,literature,0.56,4,0.3,10,False,generous_no_purification,5,True,True,a -> r1 -> r2 -> b,44,0.5884263119728389,best of 1 candidate route(s) evaluated in hindsight - not an online-implementable strategy
R04_planner_evolution:chain2@literature:1fff15cec592be12:L2-R:0:R04_planner_evolution-intent,L2-R,iterative_resource_aware,DELIVERY_TARGET_EXCEEDS_WINDOW,chain2,literature,0.5,2,0.1,10,True,marginal_resources,0,True,False,a -> r1 -> r2 -> b,6,0.5851220073278717,best of 1 candidate route(s) evaluated in hindsight - not an online-implementable strategy
R04_planner_evolution:chain2@literature:1fff15cec592be12:L2-RB:0:R04_planner_evolution-intent,L2-RB,iterative_resource_aware_buffered,DELIVERY_TARGET_EXCEEDS_WINDOW,chain2,literature,0.5,2,0.1,10,True,marginal_resources,0,True,False,a -> r1 -> r2 -> b,6,0.5851220073278717,best of 1 candidate route(s) evaluated in hindsight - not an online-implementable strategy
R04_planner_evolution:chain2@literature:adcdd30708e704ad:L2-R:6:R04_planner_evolution-intent,L2-R,iterative_resource_aware,DELIVERY_TARGET_EXCEEDS_WINDOW,chain2,literature,0.56,4,0.3,10,False,generous_no_purification,6,True,True,a -> r1 -> r2 -> b,43,0.5865399629693162,best of 1 candidate route(s) evaluated in hindsight - not an online-implementable strategy
R04_planner_evolution:chain2@literature:adcdd30708e704ad:L2-R:7:R04_planner_evolution-intent,L2-R,iterative_resource_aware,DELIVERY_TARGET_EXCEEDS_WINDOW,chain2,literature,0.56,4,0.3,10,False,generous_no_purification,7,True,True,a -> r1 -> r2 -> b,38,0.5855242978606353,best of 1 candidate route(s) evaluated in hindsight - not an online-implementable strategy
R04_planner_evolution:chain2@literature:1fff15cec592be12:L2-R:1:R04_planner_evolution-intent,L2-R,iterative_resource_aware,DELIVERY_TARGET_EXCEEDS_WINDOW,chain2,literature,0.5,2,0.1,10,True,marginal_resources,1,True,False,a -> r1 -> r2 -> b,9,0.5841386427521686,best of 1 candidate route(s) evaluated in hindsight - not an online-implementable strategy
R04_planner_evolution:chain2@literature:1fff15cec592be12:L2-RB:1:R04_planner_evolution-intent,L2-RB,iterative_resource_aware_buffered,DELIVERY_TARGET_EXCEEDS_WINDOW,chain2,literature,0.5,2,0.1,10,True,marginal_resources,1,True,False,a -> r1 -> r2 -> b,9,0.5841386427521686,best of 1 candidate route(s) evaluated in hindsight - not an online-implementable strategy
R04_planner_evolution:chain2@literature:adcdd30708e704ad:L2-R:8:R04_planner_evolution-intent,L2-R,iterative_resource_aware,DELIVERY_TARGET_EXCEEDS_WINDOW,chain2,literature,0.56,4,0.3,10,False,generous_no_purification,8,True,True,a -> r1 -> r2 -> b,43,0.5862549255427498,best of 1 candidate route(s) evaluated in hindsight - not an online-implementable strategy
R04_planner_evolution:chain2@literature:1fff15cec592be12:L2-R:2:R04_planner_evolution-intent,L2-R,iterative_resource_aware,DELIVERY_TARGET_EXCEEDS_WINDOW,chain2,literature,0.5,2,0.1,10,True,marginal_resources,2,True,False,a -> r1 -> r2 -> b,4,0.5843073840382197,best of 1 candidate route(s) evaluated in hindsight - not an online-implementable strategy
R04_planner_evolution:chain2@literature:1fff15cec592be12:L2-RB:2:R04_planner_evolution-intent,L2-RB,iterative_resource_aware_buffered,DELIVERY_TARGET_EXCEEDS_WINDOW,chain2,literature,0.5,2,0.1,10,True,marginal_resources,2,True,False,a -> r1 -> r2 -> b,4,0.5843073840382197,best of 1 candidate route(s) evaluated in hindsight - not an online-implementable strategy
R04_planner_evolution:chain2@literature:1fff15cec592be12:L2-R:3:R04_planner_evolution-intent,L2-R,iterative_resource_aware,DELIVERY_TARGET_EXCEEDS_WINDOW,chain2,literature,0.5,2,0.1,10,True,marginal_resources,3,True,True,a -> r1 -> r2 -> b,10,0.5885762759245806,best of 1 candidate route(s) evaluated in hindsight - not an online-implementable strategy
R04_planner_evolution:chain2@literature:1fff15cec592be12:L2-RB:3:R04_planner_evolution-intent,L2-RB,iterative_resource_aware_buffered,DELIVERY_TARGET_EXCEEDS_WINDOW,chain2,literature,0.5,2,0.1,10,True,marginal_resources,3,True,True,a -> r1 -> r2 -> b,10,0.5885762759245806,best of 1 candidate route(s) evaluated in hindsight - not an online-implementable strategy
R04_planner_evolution:chain2@literature:1fff15cec592be12:L2-R:4:R04_planner_evolution-intent,L2-R,iterative_resource_aware,DELIVERY_TARGET_EXCEEDS_WINDOW,chain2,literature,0.5,2,0.1,10,True,marginal_resources,4,True,False,a -> r1 -> r2 -> b,4,0.5818969834967351,best of 1 candidate route(s) evaluated in hindsight - not an online-implementable strategy
R04_planner_evolution:chain2@literature:1fff15cec592be12:L2-RB:4:R04_planner_evolution-intent,L2-RB,iterative_resource_aware_buffered,DELIVERY_TARGET_EXCEEDS_WINDOW,chain2,literature,0.5,2,0.1,10,True,marginal_resources,4,True,False,a -> r1 -> r2 -> b,4,0.5818969834967351,best of 1 candidate route(s) evaluated in hindsight - not an online-implementable strategy
R04_planner_evolution:chain2@literature:1fff15cec592be12:L2-R:5:R04_planner_evolution-intent,L2-R,iterative_resource_aware,DELIVERY_TARGET_EXCEEDS_WINDOW,chain2,literature,0.5,2,0.1,10,True,marginal_resources,5,True,False,a -> r1 -> r2 -> b,5,0.5809923644780606,best of 1 candidate route(s) evaluated in hindsight - not an online-implementable strategy
R04_planner_evolution:chain2@literature:1fff15cec592be12:L2-RB:5:R04_planner_evolution-intent,L2-RB,iterative_resource_aware_buffered,DELIVERY_TARGET_EXCEEDS_WINDOW,chain2,literature,0.5,2,0.1,10,True,marginal_resources,5,True,False,a -> r1 -> r2 -> b,5,0.5809923644780606,best of 1 candidate route(s) evaluated in hindsight - not an online-implementable strategy
R04_planner_evolution:chain2@literature:1fff15cec592be12:L2-R:6:R04_planner_evolution-intent,L2-R,iterative_resource_aware,DELIVERY_TARGET_EXCEEDS_WINDOW,chain2,literature,0.5,2,0.1,10,True,marginal_resources,6,True,False,a -> r1 -> r2 -> b,4,0.5799679093759926,best of 1 candidate route(s) evaluated in hindsight - not an online-implementable strategy
R04_planner_evolution:chain2@literature:1fff15cec592be12:L2-RB:6:R04_planner_evolution-intent,L2-RB,iterative_resource_aware_buffered,DELIVERY_TARGET_EXCEEDS_WINDOW,chain2,literature,0.5,2,0.1,10,True,marginal_resources,6,True,False,a -> r1 -> r2 -> b,4,0.5799679093759926,best of 1 candidate route(s) evaluated in hindsight - not an online-implementable strategy
R04_planner_evolution:chain2@literature:1fff15cec592be12:L2-R:7:R04_planner_evolution-intent,L2-R,iterative_resource_aware,DELIVERY_TARGET_EXCEEDS_WINDOW,chain2,literature,0.5,2,0.1,10,True,marginal_resources,7,True,False,a -> r1 -> r2 -> b,4,0.5839894865583979,best of 1 candidate route(s) evaluated in hindsight - not an online-implementable strategy
R04_planner_evolution:chain2@literature:1fff15cec592be12:L2-RB:7:R04_planner_evolution-intent,L2-RB,iterative_resource_aware_buffered,DELIVERY_TARGET_EXCEEDS_WINDOW,chain2,literature,0.5,2,0.1,10,True,marginal_resources,7,True,False,a -> r1 -> r2 -> b,4,0.5839894865583979,best of 1 candidate route(s) evaluated in hindsight - not an online-implementable strategy
R04_planner_evolution:chain2@literature:1fff15cec592be12:L2-R:8:R04_planner_evolution-intent,L2-R,iterative_resource_aware,DELIVERY_TARGET_EXCEEDS_WINDOW,chain2,literature,0.5,2,0.1,10,True,marginal_resources,8,True,True,a -> r1 -> r2 -> b,10,0.5876788335940197,best of 1 candidate route(s) evaluated in hindsight - not an online-implementable strategy
R04_planner_evolution:chain2@literature:1fff15cec592be12:L2-RB:8:R04_planner_evolution-intent,L2-RB,iterative_resource_aware_buffered,DELIVERY_TARGET_EXCEEDS_WINDOW,chain2,literature,0.5,2,0.1,10,True,marginal_resources,8,True,True,a -> r1 -> r2 -> b,10,0.5876788335940197,best of 1 candidate route(s) evaluated in hindsight - not an online-implementable strategy
R04_planner_evolution:chain2@literature:1fff15cec592be12:L2-R:9:R04_planner_evolution-intent,L2-R,iterative_resource_aware,DELIVERY_TARGET_EXCEEDS_WINDOW,chain2,literature,0.5,2,0.1,10,True,marginal_resources,9,True,False,a -> r1 -> r2 -> b,9,0.5876470501958531,best of 1 candidate route(s) evaluated in hindsight - not an online-implementable strategy
R04_planner_evolution:chain2@literature:1fff15cec592be12:L2-RB:9:R04_planner_evolution-intent,L2-RB,iterative_resource_aware_buffered,DELIVERY_TARGET_EXCEEDS_WINDOW,chain2,literature,0.5,2,0.1,10,True,marginal_resources,9,True,False,a -> r1 -> r2 -> b,9,0.5876470501958531,best of 1 candidate route(s) evaluated in hindsight - not an online-implementable strategy
R04_planner_evolution:chain2@literature:adcdd30708e704ad:L2-R:9:R04_planner_evolution-intent,L2-R,iterative_resource_aware,DELIVERY_TARGET_EXCEEDS_WINDOW,chain2,literature,0.56,4,0.3,10,False,generous_no_purification,9,True,True,a -> r1 -> r2 -> b,47,0.588269039077024,best of 1 candidate route(s) evaluated in hindsight - not an online-implementable strategy
R04_planner_evolution:chain2@literature:8b22cc784106b890:L2-R:1:R04_planner_evolution-intent,L2-R,iterative_resource_aware,DELIVERY_TARGET_EXCEEDS_WINDOW,chain2,literature,0.58,4,0.3,10,True,marginal_fidelity,1,True,True,a -> r1 -> r2 -> b,19,0.5889948920975165,best of 1 candidate route(s) evaluated in hindsight - not an online-implementable strategy
R04_planner_evolution:chain2@literature:8b22cc784106b890:L2-R:2:R04_planner_evolution-intent,L2-R,iterative_resource_aware,DELIVERY_TARGET_EXCEEDS_WINDOW,chain2,literature,0.58,4,0.3,10,True,marginal_fidelity,2,True,True,a -> r1 -> r2 -> b,33,0.5887390329902672,best of 1 candidate route(s) evaluated in hindsight - not an online-implementable strategy
R04_planner_evolution:chain2@literature:8b22cc784106b890:L2-R:0:R04_planner_evolution-intent,L2-R,iterative_resource_aware,DELIVERY_TARGET_EXCEEDS_WINDOW,chain2,literature,0.58,4,0.3,10,True,marginal_fidelity,0,True,True,a -> r1 -> r2 -> b,40,0.5881462072220555,best of 1 candidate route(s) evaluated in hindsight - not an online-implementable strategy
R04_planner_evolution:chain2@literature:8b22cc784106b890:L2-R:3:R04_planner_evolution-intent,L2-R,iterative_resource_aware,DELIVERY_TARGET_EXCEEDS_WINDOW,chain2,literature,0.58,4,0.3,10,True,marginal_fidelity,3,True,True,a -> r1 -> r2 -> b,37,0.5894718178403924,best of 1 candidate route(s) evaluated in hindsight - not an online-implementable strategy
R04_planner_evolution:chain2@literature:8b22cc784106b890:L2-R:4:R04_planner_evolution-intent,L2-R,iterative_resource_aware,DELIVERY_TARGET_EXCEEDS_WINDOW,chain2,literature,0.58,4,0.3,10,True,marginal_fidelity,4,True,True,a -> r1 -> r2 -> b,47,0.5888311197843676,best of 1 candidate route(s) evaluated in hindsight - not an online-implementable strategy
R04_planner_evolution:chain2@literature:8b22cc784106b890:L2-R:6:R04_planner_evolution-intent,L2-R,iterative_resource_aware,DELIVERY_TARGET_EXCEEDS_WINDOW,chain2,literature,0.58,4,0.3,10,True,marginal_fidelity,6,True,True,a -> r1 -> r2 -> b,25,0.5882935226452006,best of 1 candidate route(s) evaluated in hindsight - not an online-implementable strategy
R04_planner_evolution:chain2@literature:8b22cc784106b890:L2-R:7:R04_planner_evolution-intent,L2-R,iterative_resource_aware,DELIVERY_TARGET_EXCEEDS_WINDOW,chain2,literature,0.58,4,0.3,10,True,marginal_fidelity,7,True,True,a -> r1 -> r2 -> b,21,0.5887649807565088,best of 1 candidate route(s) evaluated in hindsight - not an online-implementable strategy
R04_planner_evolution:chain2@literature:8b22cc784106b890:L2-R:5:R04_planner_evolution-intent,L2-R,iterative_resource_aware,DELIVERY_TARGET_EXCEEDS_WINDOW,chain2,literature,0.58,4,0.3,10,True,marginal_fidelity,5,True,True,a -> r1 -> r2 -> b,32,0.5886024733989487,best of 1 candidate route(s) evaluated in hindsight - not an online-implementable strategy
R04_planner_evolution:chain2@literature:8b22cc784106b890:L2-R:8:R04_planner_evolution-intent,L2-R,iterative_resource_aware,DELIVERY_TARGET_EXCEEDS_WINDOW,chain2,literature,0.58,4,0.3,10,True,marginal_fidelity,8,True,True,a -> r1 -> r2 -> b,33,0.5887409165215562,best of 1 candidate route(s) evaluated in hindsight - not an online-implementable strategy
R04_planner_evolution:chain2@literature:8b22cc784106b890:L2-R:9:R04_planner_evolution-intent,L2-R,iterative_resource_aware,DELIVERY_TARGET_EXCEEDS_WINDOW,chain2,literature,0.58,4,0.3,10,True,marginal_fidelity,9,True,True,a -> r1 -> r2 -> b,40,0.5887501507194325,best of 1 candidate route(s) evaluated in hindsight - not an online-implementable strategy
R04_planner_evolution:chain2@literature:d52747e037eb3bf5:L1:0:R04_planner_evolution-intent,L1,conservative_one_round,no candidate route is feasible: a->r1->r2->b (min_fidelity 0.670 exceeds the achievable estimate 0.575 (one-round static estimate; SeQUeNCe's 'until_target' mode may run a different number of rounds at execution time)),chain2,literature,0.67,4,0.3,10,True,purification_1_round,0,True,False,a -> r1 -> r2 -> b,0,,best of 1 candidate route(s) evaluated in hindsight - not an online-implementable strategy
R04_planner_evolution:chain2@literature:d52747e037eb3bf5:L2:0:R04_planner_evolution-intent,L2,iterative_analytical,no candidate route is feasible: a->r1->r2->b (min_fidelity 0.670 exceeds the achievable estimate 0.575 (no further gain after round 1 (fixed point reached))),chain2,literature,0.67,4,0.3,10,True,purification_1_round,0,True,False,a -> r1 -> r2 -> b,0,,best of 1 candidate route(s) evaluated in hindsight - not an online-implementable strategy
R04_planner_evolution:chain2@literature:d52747e037eb3bf5:L2-R:0:R04_planner_evolution-intent,L2-R,iterative_resource_aware,TARGET_FIDELITY_UNREACHABLE,chain2,literature,0.67,4,0.3,10,True,purification_1_round,0,True,False,a -> r1 -> r2 -> b,0,,best of 1 candidate route(s) evaluated in hindsight - not an online-implementable strategy
R04_planner_evolution:chain2@literature:d52747e037eb3bf5:L2-RB:0:R04_planner_evolution-intent,L2-RB,iterative_resource_aware_buffered,TARGET_FIDELITY_UNREACHABLE,chain2,literature,0.67,4,0.3,10,True,purification_1_round,0,True,False,a -> r1 -> r2 -> b,0,,best of 1 candidate route(s) evaluated in hindsight - not an online-implementable strategy
R04_planner_evolution:chain2@literature:d52747e037eb3bf5:L1:1:R04_planner_evolution-intent,L1,conservative_one_round,no candidate route is feasible: a->r1->r2->b (min_fidelity 0.670 exceeds the achievable estimate 0.575 (one-round static estimate; SeQUeNCe's 'until_target' mode may run a different number of rounds at execution time)),chain2,literature,0.67,4,0.3,10,True,purification_1_round,1,True,False,a -> r1 -> r2 -> b,0,,best of 1 candidate route(s) evaluated in hindsight - not an online-implementable strategy
R04_planner_evolution:chain2@literature:d52747e037eb3bf5:L2:1:R04_planner_evolution-intent,L2,iterative_analytical,no candidate route is feasible: a->r1->r2->b (min_fidelity 0.670 exceeds the achievable estimate 0.575 (no further gain after round 1 (fixed point reached))),chain2,literature,0.67,4,0.3,10,True,purification_1_round,1,True,False,a -> r1 -> r2 -> b,0,,best of 1 candidate route(s) evaluated in hindsight - not an online-implementable strategy
R04_planner_evolution:chain2@literature:d52747e037eb3bf5:L2-R:1:R04_planner_evolution-intent,L2-R,iterative_resource_aware,TARGET_FIDELITY_UNREACHABLE,chain2,literature,0.67,4,0.3,10,True,purification_1_round,1,True,False,a -> r1 -> r2 -> b,0,,best of 1 candidate route(s) evaluated in hindsight - not an online-implementable strategy
R04_planner_evolution:chain2@literature:d52747e037eb3bf5:L2-RB:1:R04_planner_evolution-intent,L2-RB,iterative_resource_aware_buffered,TARGET_FIDELITY_UNREACHABLE,chain2,literature,0.67,4,0.3,10,True,purification_1_round,1,True,False,a -> r1 -> r2 -> b,0,,best of 1 candidate route(s) evaluated in hindsight - not an online-implementable strategy
R04_planner_evolution:chain2@literature:d52747e037eb3bf5:L1:2:R04_planner_evolution-intent,L1,conservative_one_round,no candidate route is feasible: a->r1->r2->b (min_fidelity 0.670 exceeds the achievable estimate 0.575 (one-round static estimate; SeQUeNCe's 'until_target' mode may run a different number of rounds at execution time)),chain2,literature,0.67,4,0.3,10,True,purification_1_round,2,True,False,a -> r1 -> r2 -> b,0,,best of 1 candidate route(s) evaluated in hindsight - not an online-implementable strategy
R04_planner_evolution:chain2@literature:d52747e037eb3bf5:L2:2:R04_planner_evolution-intent,L2,iterative_analytical,no candidate route is feasible: a->r1->r2->b (min_fidelity 0.670 exceeds the achievable estimate 0.575 (no further gain after round 1 (fixed point reached))),chain2,literature,0.67,4,0.3,10,True,purification_1_round,2,True,False,a -> r1 -> r2 -> b,0,,best of 1 candidate route(s) evaluated in hindsight - not an online-implementable strategy
R04_planner_evolution:chain2@literature:d52747e037eb3bf5:L2-R:2:R04_planner_evolution-intent,L2-R,iterative_resource_aware,TARGET_FIDELITY_UNREACHABLE,chain2,literature,0.67,4,0.3,10,True,purification_1_round,2,True,False,a -> r1 -> r2 -> b,0,,best of 1 candidate route(s) evaluated in hindsight - not an online-implementable strategy
R04_planner_evolution:chain2@literature:d52747e037eb3bf5:L2-RB:2:R04_planner_evolution-intent,L2-RB,iterative_resource_aware_buffered,TARGET_FIDELITY_UNREACHABLE,chain2,literature,0.67,4,0.3,10,True,purification_1_round,2,True,False,a -> r1 -> r2 -> b,0,,best of 1 candidate route(s) evaluated in hindsight - not an online-implementable strategy
R04_planner_evolution:chain2@literature:d52747e037eb3bf5:L1:3:R04_planner_evolution-intent,L1,conservative_one_round,no candidate route is feasible: a->r1->r2->b (min_fidelity 0.670 exceeds the achievable estimate 0.575 (one-round static estimate; SeQUeNCe's 'until_target' mode may run a different number of rounds at execution time)),chain2,literature,0.67,4,0.3,10,True,purification_1_round,3,True,False,a -> r1 -> r2 -> b,0,,best of 1 candidate route(s) evaluated in hindsight - not an online-implementable strategy
R04_planner_evolution:chain2@literature:d52747e037eb3bf5:L2:3:R04_planner_evolution-intent,L2,iterative_analytical,no candidate route is feasible: a->r1->r2->b (min_fidelity 0.670 exceeds the achievable estimate 0.575 (no further gain after round 1 (fixed point reached))),chain2,literature,0.67,4,0.3,10,True,purification_1_round,3,True,False,a -> r1 -> r2 -> b,0,,best of 1 candidate route(s) evaluated in hindsight - not an online-implementable strategy
R04_planner_evolution:chain2@literature:d52747e037eb3bf5:L2-R:3:R04_planner_evolution-intent,L2-R,iterative_resource_aware,TARGET_FIDELITY_UNREACHABLE,chain2,literature,0.67,4,0.3,10,True,purification_1_round,3,True,False,a -> r1 -> r2 -> b,0,,best of 1 candidate route(s) evaluated in hindsight - not an online-implementable strategy
R04_planner_evolution:chain2@literature:d52747e037eb3bf5:L2-RB:3:R04_planner_evolution-intent,L2-RB,iterative_resource_aware_buffered,TARGET_FIDELITY_UNREACHABLE,chain2,literature,0.67,4,0.3,10,True,purification_1_round,3,True,False,a -> r1 -> r2 -> b,0,,best of 1 candidate route(s) evaluated in hindsight - not an online-implementable strategy
R04_planner_evolution:chain2@literature:d52747e037eb3bf5:L1:4:R04_planner_evolution-intent,L1,conservative_one_round,no candidate route is feasible: a->r1->r2->b (min_fidelity 0.670 exceeds the achievable estimate 0.575 (one-round static estimate; SeQUeNCe's 'until_target' mode may run a different number of rounds at execution time)),chain2,literature,0.67,4,0.3,10,True,purification_1_round,4,True,False,a -> r1 -> r2 -> b,0,,best of 1 candidate route(s) evaluated in hindsight - not an online-implementable strategy
R04_planner_evolution:chain2@literature:d52747e037eb3bf5:L2:4:R04_planner_evolution-intent,L2,iterative_analytical,no candidate route is feasible: a->r1->r2->b (min_fidelity 0.670 exceeds the achievable estimate 0.575 (no further gain after round 1 (fixed point reached))),chain2,literature,0.67,4,0.3,10,True,purification_1_round,4,True,False,a -> r1 -> r2 -> b,0,,best of 1 candidate route(s) evaluated in hindsight - not an online-implementable strategy
R04_planner_evolution:chain2@literature:d52747e037eb3bf5:L2-R:4:R04_planner_evolution-intent,L2-R,iterative_resource_aware,TARGET_FIDELITY_UNREACHABLE,chain2,literature,0.67,4,0.3,10,True,purification_1_round,4,True,False,a -> r1 -> r2 -> b,0,,best of 1 candidate route(s) evaluated in hindsight - not an online-implementable strategy
R04_planner_evolution:chain2@literature:d52747e037eb3bf5:L2-RB:4:R04_planner_evolution-intent,L2-RB,iterative_resource_aware_buffered,TARGET_FIDELITY_UNREACHABLE,chain2,literature,0.67,4,0.3,10,True,purification_1_round,4,True,False,a -> r1 -> r2 -> b,0,,best of 1 candidate route(s) evaluated in hindsight - not an online-implementable strategy
R04_planner_evolution:chain2@literature:d52747e037eb3bf5:L1:5:R04_planner_evolution-intent,L1,conservative_one_round,no candidate route is feasible: a->r1->r2->b (min_fidelity 0.670 exceeds the achievable estimate 0.575 (one-round static estimate; SeQUeNCe's 'until_target' mode may run a different number of rounds at execution time)),chain2,literature,0.67,4,0.3,10,True,purification_1_round,5,True,False,a -> r1 -> r2 -> b,0,,best of 1 candidate route(s) evaluated in hindsight - not an online-implementable strategy
R04_planner_evolution:chain2@literature:d52747e037eb3bf5:L2:5:R04_planner_evolution-intent,L2,iterative_analytical,no candidate route is feasible: a->r1->r2->b (min_fidelity 0.670 exceeds the achievable estimate 0.575 (no further gain after round 1 (fixed point reached))),chain2,literature,0.67,4,0.3,10,True,purification_1_round,5,True,False,a -> r1 -> r2 -> b,0,,best of 1 candidate route(s) evaluated in hindsight - not an online-implementable strategy
R04_planner_evolution:chain2@literature:d52747e037eb3bf5:L2-R:5:R04_planner_evolution-intent,L2-R,iterative_resource_aware,TARGET_FIDELITY_UNREACHABLE,chain2,literature,0.67,4,0.3,10,True,purification_1_round,5,True,False,a -> r1 -> r2 -> b,0,,best of 1 candidate route(s) evaluated in hindsight - not an online-implementable strategy
R04_planner_evolution:chain2@literature:d52747e037eb3bf5:L2-RB:5:R04_planner_evolution-intent,L2-RB,iterative_resource_aware_buffered,TARGET_FIDELITY_UNREACHABLE,chain2,literature,0.67,4,0.3,10,True,purification_1_round,5,True,False,a -> r1 -> r2 -> b,0,,best of 1 candidate route(s) evaluated in hindsight - not an online-implementable strategy
R04_planner_evolution:chain2@literature:d52747e037eb3bf5:L1:8:R04_planner_evolution-intent,L1,conservative_one_round,no candidate route is feasible: a->r1->r2->b (min_fidelity 0.670 exceeds the achievable estimate 0.575 (one-round static estimate; SeQUeNCe's 'until_target' mode may run a different number of rounds at execution time)),chain2,literature,0.67,4,0.3,10,True,purification_1_round,8,True,False,a -> r1 -> r2 -> b,0,,best of 1 candidate route(s) evaluated in hindsight - not an online-implementable strategy
R04_planner_evolution:chain2@literature:d52747e037eb3bf5:L2:8:R04_planner_evolution-intent,L2,iterative_analytical,no candidate route is feasible: a->r1->r2->b (min_fidelity 0.670 exceeds the achievable estimate 0.575 (no further gain after round 1 (fixed point reached))),chain2,literature,0.67,4,0.3,10,True,purification_1_round,8,True,False,a -> r1 -> r2 -> b,0,,best of 1 candidate route(s) evaluated in hindsight - not an online-implementable strategy
R04_planner_evolution:chain2@literature:d52747e037eb3bf5:L2-R:8:R04_planner_evolution-intent,L2-R,iterative_resource_aware,TARGET_FIDELITY_UNREACHABLE,chain2,literature,0.67,4,0.3,10,True,purification_1_round,8,True,False,a -> r1 -> r2 -> b,0,,best of 1 candidate route(s) evaluated in hindsight - not an online-implementable strategy
R04_planner_evolution:chain2@literature:d52747e037eb3bf5:L2-RB:8:R04_planner_evolution-intent,L2-RB,iterative_resource_aware_buffered,TARGET_FIDELITY_UNREACHABLE,chain2,literature,0.67,4,0.3,10,True,purification_1_round,8,True,False,a -> r1 -> r2 -> b,0,,best of 1 candidate route(s) evaluated in hindsight - not an online-implementable strategy
R04_planner_evolution:chain2@literature:d52747e037eb3bf5:L1:6:R04_planner_evolution-intent,L1,conservative_one_round,no candidate route is feasible: a->r1->r2->b (min_fidelity 0.670 exceeds the achievable estimate 0.575 (one-round static estimate; SeQUeNCe's 'until_target' mode may run a different number of rounds at execution time)),chain2,literature,0.67,4,0.3,10,True,purification_1_round,6,True,False,a -> r1 -> r2 -> b,0,,best of 1 candidate route(s) evaluated in hindsight - not an online-implementable strategy
R04_planner_evolution:chain2@literature:d52747e037eb3bf5:L2:6:R04_planner_evolution-intent,L2,iterative_analytical,no candidate route is feasible: a->r1->r2->b (min_fidelity 0.670 exceeds the achievable estimate 0.575 (no further gain after round 1 (fixed point reached))),chain2,literature,0.67,4,0.3,10,True,purification_1_round,6,True,False,a -> r1 -> r2 -> b,0,,best of 1 candidate route(s) evaluated in hindsight - not an online-implementable strategy
R04_planner_evolution:chain2@literature:d52747e037eb3bf5:L2-R:6:R04_planner_evolution-intent,L2-R,iterative_resource_aware,TARGET_FIDELITY_UNREACHABLE,chain2,literature,0.67,4,0.3,10,True,purification_1_round,6,True,False,a -> r1 -> r2 -> b,0,,best of 1 candidate route(s) evaluated in hindsight - not an online-implementable strategy
R04_planner_evolution:chain2@literature:d52747e037eb3bf5:L2-RB:6:R04_planner_evolution-intent,L2-RB,iterative_resource_aware_buffered,TARGET_FIDELITY_UNREACHABLE,chain2,literature,0.67,4,0.3,10,True,purification_1_round,6,True,False,a -> r1 -> r2 -> b,0,,best of 1 candidate route(s) evaluated in hindsight - not an online-implementable strategy
R04_planner_evolution:chain2@literature:d52747e037eb3bf5:L1:7:R04_planner_evolution-intent,L1,conservative_one_round,no candidate route is feasible: a->r1->r2->b (min_fidelity 0.670 exceeds the achievable estimate 0.575 (one-round static estimate; SeQUeNCe's 'until_target' mode may run a different number of rounds at execution time)),chain2,literature,0.67,4,0.3,10,True,purification_1_round,7,True,False,a -> r1 -> r2 -> b,0,,best of 1 candidate route(s) evaluated in hindsight - not an online-implementable strategy
R04_planner_evolution:chain2@literature:d52747e037eb3bf5:L2:7:R04_planner_evolution-intent,L2,iterative_analytical,no candidate route is feasible: a->r1->r2->b (min_fidelity 0.670 exceeds the achievable estimate 0.575 (no further gain after round 1 (fixed point reached))),chain2,literature,0.67,4,0.3,10,True,purification_1_round,7,True,False,a -> r1 -> r2 -> b,0,,best of 1 candidate route(s) evaluated in hindsight - not an online-implementable strategy
R04_planner_evolution:chain2@literature:d52747e037eb3bf5:L2-R:7:R04_planner_evolution-intent,L2-R,iterative_resource_aware,TARGET_FIDELITY_UNREACHABLE,chain2,literature,0.67,4,0.3,10,True,purification_1_round,7,True,False,a -> r1 -> r2 -> b,0,,best of 1 candidate route(s) evaluated in hindsight - not an online-implementable strategy
R04_planner_evolution:chain2@literature:d52747e037eb3bf5:L2-RB:7:R04_planner_evolution-intent,L2-RB,iterative_resource_aware_buffered,TARGET_FIDELITY_UNREACHABLE,chain2,literature,0.67,4,0.3,10,True,purification_1_round,7,True,False,a -> r1 -> r2 -> b,0,,best of 1 candidate route(s) evaluated in hindsight - not an online-implementable strategy
R04_planner_evolution:chain2@literature:d52747e037eb3bf5:L1:9:R04_planner_evolution-intent,L1,conservative_one_round,no candidate route is feasible: a->r1->r2->b (min_fidelity 0.670 exceeds the achievable estimate 0.575 (one-round static estimate; SeQUeNCe's 'until_target' mode may run a different number of rounds at execution time)),chain2,literature,0.67,4,0.3,10,True,purification_1_round,9,True,False,a -> r1 -> r2 -> b,0,,best of 1 candidate route(s) evaluated in hindsight - not an online-implementable strategy
R04_planner_evolution:chain2@literature:d52747e037eb3bf5:L2:9:R04_planner_evolution-intent,L2,iterative_analytical,no candidate route is feasible: a->r1->r2->b (min_fidelity 0.670 exceeds the achievable estimate 0.575 (no further gain after round 1 (fixed point reached))),chain2,literature,0.67,4,0.3,10,True,purification_1_round,9,True,False,a -> r1 -> r2 -> b,0,,best of 1 candidate route(s) evaluated in hindsight - not an online-implementable strategy
R04_planner_evolution:chain2@literature:d52747e037eb3bf5:L2-R:9:R04_planner_evolution-intent,L2-R,iterative_resource_aware,TARGET_FIDELITY_UNREACHABLE,chain2,literature,0.67,4,0.3,10,True,purification_1_round,9,True,False,a -> r1 -> r2 -> b,0,,best of 1 candidate route(s) evaluated in hindsight - not an online-implementable strategy
R04_planner_evolution:chain2@literature:d52747e037eb3bf5:L2-RB:9:R04_planner_evolution-intent,L2-RB,iterative_resource_aware_buffered,TARGET_FIDELITY_UNREACHABLE,chain2,literature,0.67,4,0.3,10,True,purification_1_round,9,True,False,a -> r1 -> r2 -> b,0,,best of 1 candidate route(s) evaluated in hindsight - not an online-implementable strategy
R04_planner_evolution:chain2@literature:7d2b6eae15e458fa:L1:0:R04_planner_evolution-intent,L1,conservative_one_round,no candidate route is feasible: a->r1->r2->b (min_fidelity 0.700 exceeds the achievable estimate 0.575 (one-round static estimate; SeQUeNCe's 'until_target' mode may run a different number of rounds at execution time)),chain2,literature,0.7,4,0.3,10,True,purification_2_rounds,0,True,False,a -> r1 -> r2 -> b,0,,best of 1 candidate route(s) evaluated in hindsight - not an online-implementable strategy
R04_planner_evolution:chain2@literature:7d2b6eae15e458fa:L2:0:R04_planner_evolution-intent,L2,iterative_analytical,no candidate route is feasible: a->r1->r2->b (min_fidelity 0.700 exceeds the achievable estimate 0.575 (no further gain after round 1 (fixed point reached))),chain2,literature,0.7,4,0.3,10,True,purification_2_rounds,0,True,False,a -> r1 -> r2 -> b,0,,best of 1 candidate route(s) evaluated in hindsight - not an online-implementable strategy
R04_planner_evolution:chain2@literature:7d2b6eae15e458fa:L2-R:0:R04_planner_evolution-intent,L2-R,iterative_resource_aware,TARGET_FIDELITY_UNREACHABLE,chain2,literature,0.7,4,0.3,10,True,purification_2_rounds,0,True,False,a -> r1 -> r2 -> b,0,,best of 1 candidate route(s) evaluated in hindsight - not an online-implementable strategy
R04_planner_evolution:chain2@literature:7d2b6eae15e458fa:L2-RB:0:R04_planner_evolution-intent,L2-RB,iterative_resource_aware_buffered,TARGET_FIDELITY_UNREACHABLE,chain2,literature,0.7,4,0.3,10,True,purification_2_rounds,0,True,False,a -> r1 -> r2 -> b,0,,best of 1 candidate route(s) evaluated in hindsight - not an online-implementable strategy
R04_planner_evolution:chain2@literature:7d2b6eae15e458fa:L1:1:R04_planner_evolution-intent,L1,conservative_one_round,no candidate route is feasible: a->r1->r2->b (min_fidelity 0.700 exceeds the achievable estimate 0.575 (one-round static estimate; SeQUeNCe's 'until_target' mode may run a different number of rounds at execution time)),chain2,literature,0.7,4,0.3,10,True,purification_2_rounds,1,True,False,a -> r1 -> r2 -> b,0,,best of 1 candidate route(s) evaluated in hindsight - not an online-implementable strategy
R04_planner_evolution:chain2@literature:7d2b6eae15e458fa:L2:1:R04_planner_evolution-intent,L2,iterative_analytical,no candidate route is feasible: a->r1->r2->b (min_fidelity 0.700 exceeds the achievable estimate 0.575 (no further gain after round 1 (fixed point reached))),chain2,literature,0.7,4,0.3,10,True,purification_2_rounds,1,True,False,a -> r1 -> r2 -> b,0,,best of 1 candidate route(s) evaluated in hindsight - not an online-implementable strategy
R04_planner_evolution:chain2@literature:7d2b6eae15e458fa:L2-R:1:R04_planner_evolution-intent,L2-R,iterative_resource_aware,TARGET_FIDELITY_UNREACHABLE,chain2,literature,0.7,4,0.3,10,True,purification_2_rounds,1,True,False,a -> r1 -> r2 -> b,0,,best of 1 candidate route(s) evaluated in hindsight - not an online-implementable strategy
R04_planner_evolution:chain2@literature:7d2b6eae15e458fa:L2-RB:1:R04_planner_evolution-intent,L2-RB,iterative_resource_aware_buffered,TARGET_FIDELITY_UNREACHABLE,chain2,literature,0.7,4,0.3,10,True,purification_2_rounds,1,True,False,a -> r1 -> r2 -> b,0,,best of 1 candidate route(s) evaluated in hindsight - not an online-implementable strategy
R04_planner_evolution:chain2@literature:7d2b6eae15e458fa:L1:3:R04_planner_evolution-intent,L1,conservative_one_round,no candidate route is feasible: a->r1->r2->b (min_fidelity 0.700 exceeds the achievable estimate 0.575 (one-round static estimate; SeQUeNCe's 'until_target' mode may run a different number of rounds at execution time)),chain2,literature,0.7,4,0.3,10,True,purification_2_rounds,3,True,False,a -> r1 -> r2 -> b,0,,best of 1 candidate route(s) evaluated in hindsight - not an online-implementable strategy
R04_planner_evolution:chain2@literature:7d2b6eae15e458fa:L2:3:R04_planner_evolution-intent,L2,iterative_analytical,no candidate route is feasible: a->r1->r2->b (min_fidelity 0.700 exceeds the achievable estimate 0.575 (no further gain after round 1 (fixed point reached))),chain2,literature,0.7,4,0.3,10,True,purification_2_rounds,3,True,False,a -> r1 -> r2 -> b,0,,best of 1 candidate route(s) evaluated in hindsight - not an online-implementable strategy
R04_planner_evolution:chain2@literature:7d2b6eae15e458fa:L2-R:3:R04_planner_evolution-intent,L2-R,iterative_resource_aware,TARGET_FIDELITY_UNREACHABLE,chain2,literature,0.7,4,0.3,10,True,purification_2_rounds,3,True,False,a -> r1 -> r2 -> b,0,,best of 1 candidate route(s) evaluated in hindsight - not an online-implementable strategy
R04_planner_evolution:chain2@literature:7d2b6eae15e458fa:L2-RB:3:R04_planner_evolution-intent,L2-RB,iterative_resource_aware_buffered,TARGET_FIDELITY_UNREACHABLE,chain2,literature,0.7,4,0.3,10,True,purification_2_rounds,3,True,False,a -> r1 -> r2 -> b,0,,best of 1 candidate route(s) evaluated in hindsight - not an online-implementable strategy
R04_planner_evolution:chain2@literature:7d2b6eae15e458fa:L1:2:R04_planner_evolution-intent,L1,conservative_one_round,no candidate route is feasible: a->r1->r2->b (min_fidelity 0.700 exceeds the achievable estimate 0.575 (one-round static estimate; SeQUeNCe's 'until_target' mode may run a different number of rounds at execution time)),chain2,literature,0.7,4,0.3,10,True,purification_2_rounds,2,True,False,a -> r1 -> r2 -> b,0,,best of 1 candidate route(s) evaluated in hindsight - not an online-implementable strategy
R04_planner_evolution:chain2@literature:7d2b6eae15e458fa:L2:2:R04_planner_evolution-intent,L2,iterative_analytical,no candidate route is feasible: a->r1->r2->b (min_fidelity 0.700 exceeds the achievable estimate 0.575 (no further gain after round 1 (fixed point reached))),chain2,literature,0.7,4,0.3,10,True,purification_2_rounds,2,True,False,a -> r1 -> r2 -> b,0,,best of 1 candidate route(s) evaluated in hindsight - not an online-implementable strategy
R04_planner_evolution:chain2@literature:7d2b6eae15e458fa:L2-R:2:R04_planner_evolution-intent,L2-R,iterative_resource_aware,TARGET_FIDELITY_UNREACHABLE,chain2,literature,0.7,4,0.3,10,True,purification_2_rounds,2,True,False,a -> r1 -> r2 -> b,0,,best of 1 candidate route(s) evaluated in hindsight - not an online-implementable strategy
R04_planner_evolution:chain2@literature:7d2b6eae15e458fa:L2-RB:2:R04_planner_evolution-intent,L2-RB,iterative_resource_aware_buffered,TARGET_FIDELITY_UNREACHABLE,chain2,literature,0.7,4,0.3,10,True,purification_2_rounds,2,True,False,a -> r1 -> r2 -> b,0,,best of 1 candidate route(s) evaluated in hindsight - not an online-implementable strategy
R04_planner_evolution:chain2@literature:7d2b6eae15e458fa:L1:4:R04_planner_evolution-intent,L1,conservative_one_round,no candidate route is feasible: a->r1->r2->b (min_fidelity 0.700 exceeds the achievable estimate 0.575 (one-round static estimate; SeQUeNCe's 'until_target' mode may run a different number of rounds at execution time)),chain2,literature,0.7,4,0.3,10,True,purification_2_rounds,4,True,False,a -> r1 -> r2 -> b,0,,best of 1 candidate route(s) evaluated in hindsight - not an online-implementable strategy
R04_planner_evolution:chain2@literature:7d2b6eae15e458fa:L2:4:R04_planner_evolution-intent,L2,iterative_analytical,no candidate route is feasible: a->r1->r2->b (min_fidelity 0.700 exceeds the achievable estimate 0.575 (no further gain after round 1 (fixed point reached))),chain2,literature,0.7,4,0.3,10,True,purification_2_rounds,4,True,False,a -> r1 -> r2 -> b,0,,best of 1 candidate route(s) evaluated in hindsight - not an online-implementable strategy
R04_planner_evolution:chain2@literature:7d2b6eae15e458fa:L2-R:4:R04_planner_evolution-intent,L2-R,iterative_resource_aware,TARGET_FIDELITY_UNREACHABLE,chain2,literature,0.7,4,0.3,10,True,purification_2_rounds,4,True,False,a -> r1 -> r2 -> b,0,,best of 1 candidate route(s) evaluated in hindsight - not an online-implementable strategy
R04_planner_evolution:chain2@literature:7d2b6eae15e458fa:L2-RB:4:R04_planner_evolution-intent,L2-RB,iterative_resource_aware_buffered,TARGET_FIDELITY_UNREACHABLE,chain2,literature,0.7,4,0.3,10,True,purification_2_rounds,4,True,False,a -> r1 -> r2 -> b,0,,best of 1 candidate route(s) evaluated in hindsight - not an online-implementable strategy
R04_planner_evolution:chain2@literature:7d2b6eae15e458fa:L1:5:R04_planner_evolution-intent,L1,conservative_one_round,no candidate route is feasible: a->r1->r2->b (min_fidelity 0.700 exceeds the achievable estimate 0.575 (one-round static estimate; SeQUeNCe's 'until_target' mode may run a different number of rounds at execution time)),chain2,literature,0.7,4,0.3,10,True,purification_2_rounds,5,True,False,a -> r1 -> r2 -> b,0,,best of 1 candidate route(s) evaluated in hindsight - not an online-implementable strategy
R04_planner_evolution:chain2@literature:7d2b6eae15e458fa:L2:5:R04_planner_evolution-intent,L2,iterative_analytical,no candidate route is feasible: a->r1->r2->b (min_fidelity 0.700 exceeds the achievable estimate 0.575 (no further gain after round 1 (fixed point reached))),chain2,literature,0.7,4,0.3,10,True,purification_2_rounds,5,True,False,a -> r1 -> r2 -> b,0,,best of 1 candidate route(s) evaluated in hindsight - not an online-implementable strategy
R04_planner_evolution:chain2@literature:7d2b6eae15e458fa:L2-R:5:R04_planner_evolution-intent,L2-R,iterative_resource_aware,TARGET_FIDELITY_UNREACHABLE,chain2,literature,0.7,4,0.3,10,True,purification_2_rounds,5,True,False,a -> r1 -> r2 -> b,0,,best of 1 candidate route(s) evaluated in hindsight - not an online-implementable strategy
R04_planner_evolution:chain2@literature:7d2b6eae15e458fa:L2-RB:5:R04_planner_evolution-intent,L2-RB,iterative_resource_aware_buffered,TARGET_FIDELITY_UNREACHABLE,chain2,literature,0.7,4,0.3,10,True,purification_2_rounds,5,True,False,a -> r1 -> r2 -> b,0,,best of 1 candidate route(s) evaluated in hindsight - not an online-implementable strategy
R04_planner_evolution:chain2@literature:7d2b6eae15e458fa:L1:8:R04_planner_evolution-intent,L1,conservative_one_round,no candidate route is feasible: a->r1->r2->b (min_fidelity 0.700 exceeds the achievable estimate 0.575 (one-round static estimate; SeQUeNCe's 'until_target' mode may run a different number of rounds at execution time)),chain2,literature,0.7,4,0.3,10,True,purification_2_rounds,8,True,False,a -> r1 -> r2 -> b,0,,best of 1 candidate route(s) evaluated in hindsight - not an online-implementable strategy
R04_planner_evolution:chain2@literature:7d2b6eae15e458fa:L2:8:R04_planner_evolution-intent,L2,iterative_analytical,no candidate route is feasible: a->r1->r2->b (min_fidelity 0.700 exceeds the achievable estimate 0.575 (no further gain after round 1 (fixed point reached))),chain2,literature,0.7,4,0.3,10,True,purification_2_rounds,8,True,False,a -> r1 -> r2 -> b,0,,best of 1 candidate route(s) evaluated in hindsight - not an online-implementable strategy
R04_planner_evolution:chain2@literature:7d2b6eae15e458fa:L2-R:8:R04_planner_evolution-intent,L2-R,iterative_resource_aware,TARGET_FIDELITY_UNREACHABLE,chain2,literature,0.7,4,0.3,10,True,purification_2_rounds,8,True,False,a -> r1 -> r2 -> b,0,,best of 1 candidate route(s) evaluated in hindsight - not an online-implementable strategy
R04_planner_evolution:chain2@literature:7d2b6eae15e458fa:L2-RB:8:R04_planner_evolution-intent,L2-RB,iterative_resource_aware_buffered,TARGET_FIDELITY_UNREACHABLE,chain2,literature,0.7,4,0.3,10,True,purification_2_rounds,8,True,False,a -> r1 -> r2 -> b,0,,best of 1 candidate route(s) evaluated in hindsight - not an online-implementable strategy
R04_planner_evolution:chain2@literature:7d2b6eae15e458fa:L1:7:R04_planner_evolution-intent,L1,conservative_one_round,no candidate route is feasible: a->r1->r2->b (min_fidelity 0.700 exceeds the achievable estimate 0.575 (one-round static estimate; SeQUeNCe's 'until_target' mode may run a different number of rounds at execution time)),chain2,literature,0.7,4,0.3,10,True,purification_2_rounds,7,True,False,a -> r1 -> r2 -> b,0,,best of 1 candidate route(s) evaluated in hindsight - not an online-implementable strategy
R04_planner_evolution:chain2@literature:7d2b6eae15e458fa:L2:7:R04_planner_evolution-intent,L2,iterative_analytical,no candidate route is feasible: a->r1->r2->b (min_fidelity 0.700 exceeds the achievable estimate 0.575 (no further gain after round 1 (fixed point reached))),chain2,literature,0.7,4,0.3,10,True,purification_2_rounds,7,True,False,a -> r1 -> r2 -> b,0,,best of 1 candidate route(s) evaluated in hindsight - not an online-implementable strategy
R04_planner_evolution:chain2@literature:7d2b6eae15e458fa:L2-R:7:R04_planner_evolution-intent,L2-R,iterative_resource_aware,TARGET_FIDELITY_UNREACHABLE,chain2,literature,0.7,4,0.3,10,True,purification_2_rounds,7,True,False,a -> r1 -> r2 -> b,0,,best of 1 candidate route(s) evaluated in hindsight - not an online-implementable strategy
R04_planner_evolution:chain2@literature:7d2b6eae15e458fa:L2-RB:7:R04_planner_evolution-intent,L2-RB,iterative_resource_aware_buffered,TARGET_FIDELITY_UNREACHABLE,chain2,literature,0.7,4,0.3,10,True,purification_2_rounds,7,True,False,a -> r1 -> r2 -> b,0,,best of 1 candidate route(s) evaluated in hindsight - not an online-implementable strategy
R04_planner_evolution:chain2@literature:7d2b6eae15e458fa:L1:6:R04_planner_evolution-intent,L1,conservative_one_round,no candidate route is feasible: a->r1->r2->b (min_fidelity 0.700 exceeds the achievable estimate 0.575 (one-round static estimate; SeQUeNCe's 'until_target' mode may run a different number of rounds at execution time)),chain2,literature,0.7,4,0.3,10,True,purification_2_rounds,6,True,False,a -> r1 -> r2 -> b,0,,best of 1 candidate route(s) evaluated in hindsight - not an online-implementable strategy
R04_planner_evolution:chain2@literature:7d2b6eae15e458fa:L2:6:R04_planner_evolution-intent,L2,iterative_analytical,no candidate route is feasible: a->r1->r2->b (min_fidelity 0.700 exceeds the achievable estimate 0.575 (no further gain after round 1 (fixed point reached))),chain2,literature,0.7,4,0.3,10,True,purification_2_rounds,6,True,False,a -> r1 -> r2 -> b,0,,best of 1 candidate route(s) evaluated in hindsight - not an online-implementable strategy
R04_planner_evolution:chain2@literature:7d2b6eae15e458fa:L2-R:6:R04_planner_evolution-intent,L2-R,iterative_resource_aware,TARGET_FIDELITY_UNREACHABLE,chain2,literature,0.7,4,0.3,10,True,purification_2_rounds,6,True,False,a -> r1 -> r2 -> b,0,,best of 1 candidate route(s) evaluated in hindsight - not an online-implementable strategy
R04_planner_evolution:chain2@literature:7d2b6eae15e458fa:L2-RB:6:R04_planner_evolution-intent,L2-RB,iterative_resource_aware_buffered,TARGET_FIDELITY_UNREACHABLE,chain2,literature,0.7,4,0.3,10,True,purification_2_rounds,6,True,False,a -> r1 -> r2 -> b,0,,best of 1 candidate route(s) evaluated in hindsight - not an online-implementable strategy
R04_planner_evolution:chain2@literature:7d2b6eae15e458fa:L1:9:R04_planner_evolution-intent,L1,conservative_one_round,no candidate route is feasible: a->r1->r2->b (min_fidelity 0.700 exceeds the achievable estimate 0.575 (one-round static estimate; SeQUeNCe's 'until_target' mode may run a different number of rounds at execution time)),chain2,literature,0.7,4,0.3,10,True,purification_2_rounds,9,True,False,a -> r1 -> r2 -> b,0,,best of 1 candidate route(s) evaluated in hindsight - not an online-implementable strategy
R04_planner_evolution:chain2@literature:7d2b6eae15e458fa:L2:9:R04_planner_evolution-intent,L2,iterative_analytical,no candidate route is feasible: a->r1->r2->b (min_fidelity 0.700 exceeds the achievable estimate 0.575 (no further gain after round 1 (fixed point reached))),chain2,literature,0.7,4,0.3,10,True,purification_2_rounds,9,True,False,a -> r1 -> r2 -> b,0,,best of 1 candidate route(s) evaluated in hindsight - not an online-implementable strategy
R04_planner_evolution:chain2@literature:7d2b6eae15e458fa:L2-R:9:R04_planner_evolution-intent,L2-R,iterative_resource_aware,TARGET_FIDELITY_UNREACHABLE,chain2,literature,0.7,4,0.3,10,True,purification_2_rounds,9,True,False,a -> r1 -> r2 -> b,0,,best of 1 candidate route(s) evaluated in hindsight - not an online-implementable strategy
R04_planner_evolution:chain2@literature:7d2b6eae15e458fa:L2-RB:9:R04_planner_evolution-intent,L2-RB,iterative_resource_aware_buffered,TARGET_FIDELITY_UNREACHABLE,chain2,literature,0.7,4,0.3,10,True,purification_2_rounds,9,True,False,a -> r1 -> r2 -> b,0,,best of 1 candidate route(s) evaluated in hindsight - not an online-implementable strategy
R04_planner_evolution:diamond@literature:90a41d4bf318a75f:L2-R:0:R04_planner_evolution-intent,L2-R,iterative_resource_aware,DELIVERY_TARGET_EXCEEDS_WINDOW,diamond,literature,0.55,4,0.3,10,True,generous,0,True,True,r1 -> good1 -> good2 -> r3,43,0.5868707417510777,best of 2 candidate route(s) evaluated in hindsight - not an online-implementable strategy
R04_planner_evolution:diamond@literature:90a41d4bf318a75f:L2-R:1:R04_planner_evolution-intent,L2-R,iterative_resource_aware,DELIVERY_TARGET_EXCEEDS_WINDOW,diamond,literature,0.55,4,0.3,10,True,generous,1,True,True,r1 -> good1 -> good2 -> r3,41,0.5843364388183838,best of 2 candidate route(s) evaluated in hindsight - not an online-implementable strategy
R04_planner_evolution:diamond@literature:90a41d4bf318a75f:L2-R:2:R04_planner_evolution-intent,L2-R,iterative_resource_aware,DELIVERY_TARGET_EXCEEDS_WINDOW,diamond,literature,0.55,4,0.3,10,True,generous,2,True,True,r1 -> good1 -> good2 -> r3,33,0.5858151000938079,best of 2 candidate route(s) evaluated in hindsight - not an online-implementable strategy
R04_planner_evolution:diamond@literature:90a41d4bf318a75f:L2-R:3:R04_planner_evolution-intent,L2-R,iterative_resource_aware,DELIVERY_TARGET_EXCEEDS_WINDOW,diamond,literature,0.55,4,0.3,10,True,generous,3,True,True,r1 -> good1 -> good2 -> r3,44,0.5879471067409711,best of 2 candidate route(s) evaluated in hindsight - not an online-implementable strategy
R04_planner_evolution:diamond@literature:90a41d4bf318a75f:L2-R:4:R04_planner_evolution-intent,L2-R,iterative_resource_aware,DELIVERY_TARGET_EXCEEDS_WINDOW,diamond,literature,0.55,4,0.3,10,True,generous,4,True,True,r1 -> good1 -> good2 -> r3,55,0.5883819259773462,best of 2 candidate route(s) evaluated in hindsight - not an online-implementable strategy
R04_planner_evolution:diamond@literature:90a41d4bf318a75f:L2-R:5:R04_planner_evolution-intent,L2-R,iterative_resource_aware,DELIVERY_TARGET_EXCEEDS_WINDOW,diamond,literature,0.55,4,0.3,10,True,generous,5,True,True,r1 -> good1 -> good2 -> r3,34,0.5855281412576526,best of 2 candidate route(s) evaluated in hindsight - not an online-implementable strategy
R04_planner_evolution:diamond@literature:90a41d4bf318a75f:L2-R:6:R04_planner_evolution-intent,L2-R,iterative_resource_aware,DELIVERY_TARGET_EXCEEDS_WINDOW,diamond,literature,0.55,4,0.3,10,True,generous,6,True,True,r1 -> good1 -> good2 -> r3,40,0.5839221097025682,best of 2 candidate route(s) evaluated in hindsight - not an online-implementable strategy
R04_planner_evolution:diamond@literature:e6af1a36fa71fcc0:L2-R:0:R04_planner_evolution-intent,L2-R,iterative_resource_aware,DELIVERY_TARGET_EXCEEDS_WINDOW,diamond,literature,0.65,4,0.3,10,True,marginal_fidelity,0,True,False,r1 -> bad -> r3,2,0.6795880388616964,best of 2 candidate route(s) evaluated in hindsight - not an online-implementable strategy
R04_planner_evolution:diamond@literature:e6af1a36fa71fcc0:L2-RB:0:R04_planner_evolution-intent,L2-RB,iterative_resource_aware_buffered,DELIVERY_TARGET_EXCEEDS_WINDOW,diamond,literature,0.65,4,0.3,10,True,marginal_fidelity,0,True,False,r1 -> bad -> r3,2,0.6795880388616964,best of 2 candidate route(s) evaluated in hindsight - not an online-implementable strategy
R04_planner_evolution:diamond@literature:90a41d4bf318a75f:L2-R:8:R04_planner_evolution-intent,L2-R,iterative_resource_aware,DELIVERY_TARGET_EXCEEDS_WINDOW,diamond,literature,0.55,4,0.3,10,True,generous,8,True,True,r1 -> good1 -> good2 -> r3,41,0.588239785588657,best of 2 candidate route(s) evaluated in hindsight - not an online-implementable strategy
R04_planner_evolution:diamond@literature:90a41d4bf318a75f:L2-R:7:R04_planner_evolution-intent,L2-R,iterative_resource_aware,DELIVERY_TARGET_EXCEEDS_WINDOW,diamond,literature,0.55,4,0.3,10,True,generous,7,True,True,r1 -> good1 -> good2 -> r3,46,0.5873483896133799,best of 2 candidate route(s) evaluated in hindsight - not an online-implementable strategy
R04_planner_evolution:diamond@literature:90a41d4bf318a75f:L2-R:9:R04_planner_evolution-intent,L2-R,iterative_resource_aware,DELIVERY_TARGET_EXCEEDS_WINDOW,diamond,literature,0.55,4,0.3,10,True,generous,9,True,True,r1 -> good1 -> good2 -> r3,41,0.5856118803524302,best of 2 candidate route(s) evaluated in hindsight - not an online-implementable strategy
R04_planner_evolution:diamond@literature:e6af1a36fa71fcc0:L2-R:1:R04_planner_evolution-intent,L2-R,iterative_resource_aware,DELIVERY_TARGET_EXCEEDS_WINDOW,diamond,literature,0.65,4,0.3,10,True,marginal_fidelity,1,True,False,r1 -> bad -> r3,2,0.6855529539993485,best of 2 candidate route(s) evaluated in hindsight - not an online-implementable strategy
R04_planner_evolution:diamond@literature:e6af1a36fa71fcc0:L2-RB:1:R04_planner_evolution-intent,L2-RB,iterative_resource_aware_buffered,DELIVERY_TARGET_EXCEEDS_WINDOW,diamond,literature,0.65,4,0.3,10,True,marginal_fidelity,1,True,False,r1 -> bad -> r3,2,0.6855529539993485,best of 2 candidate route(s) evaluated in hindsight - not an online-implementable strategy
R04_planner_evolution:diamond@literature:e6af1a36fa71fcc0:L2-R:5:R04_planner_evolution-intent,L2-R,iterative_resource_aware,DELIVERY_TARGET_EXCEEDS_WINDOW,diamond,literature,0.65,4,0.3,10,True,marginal_fidelity,5,True,False,r1 -> bad -> r3,1,0.6784810904595349,best of 2 candidate route(s) evaluated in hindsight - not an online-implementable strategy
R04_planner_evolution:diamond@literature:e6af1a36fa71fcc0:L2-RB:5:R04_planner_evolution-intent,L2-RB,iterative_resource_aware_buffered,DELIVERY_TARGET_EXCEEDS_WINDOW,diamond,literature,0.65,4,0.3,10,True,marginal_fidelity,5,True,False,r1 -> bad -> r3,1,0.6784810904595349,best of 2 candidate route(s) evaluated in hindsight - not an online-implementable strategy
R04_planner_evolution:diamond@literature:e6af1a36fa71fcc0:L2-R:3:R04_planner_evolution-intent,L2-R,iterative_resource_aware,DELIVERY_TARGET_EXCEEDS_WINDOW,diamond,literature,0.65,4,0.3,10,True,marginal_fidelity,3,True,False,r1 -> bad -> r3,2,0.678126300001887,best of 2 candidate route(s) evaluated in hindsight - not an online-implementable strategy
R04_planner_evolution:diamond@literature:e6af1a36fa71fcc0:L2-RB:3:R04_planner_evolution-intent,L2-RB,iterative_resource_aware_buffered,DELIVERY_TARGET_EXCEEDS_WINDOW,diamond,literature,0.65,4,0.3,10,True,marginal_fidelity,3,True,False,r1 -> bad -> r3,2,0.678126300001887,best of 2 candidate route(s) evaluated in hindsight - not an online-implementable strategy
R04_planner_evolution:diamond@literature:e6af1a36fa71fcc0:L2-R:2:R04_planner_evolution-intent,L2-R,iterative_resource_aware,DELIVERY_TARGET_EXCEEDS_WINDOW,diamond,literature,0.65,4,0.3,10,True,marginal_fidelity,2,True,False,r1 -> bad -> r3,0,,best of 2 candidate route(s) evaluated in hindsight - not an online-implementable strategy
R04_planner_evolution:diamond@literature:e6af1a36fa71fcc0:L2-RB:2:R04_planner_evolution-intent,L2-RB,iterative_resource_aware_buffered,DELIVERY_TARGET_EXCEEDS_WINDOW,diamond,literature,0.65,4,0.3,10,True,marginal_fidelity,2,True,False,r1 -> bad -> r3,0,,best of 2 candidate route(s) evaluated in hindsight - not an online-implementable strategy
R04_planner_evolution:diamond@literature:e6af1a36fa71fcc0:L2-R:4:R04_planner_evolution-intent,L2-R,iterative_resource_aware,DELIVERY_TARGET_EXCEEDS_WINDOW,diamond,literature,0.65,4,0.3,10,True,marginal_fidelity,4,True,False,r1 -> bad -> r3,1,0.6845552010173922,best of 2 candidate route(s) evaluated in hindsight - not an online-implementable strategy
R04_planner_evolution:diamond@literature:e6af1a36fa71fcc0:L2-RB:4:R04_planner_evolution-intent,L2-RB,iterative_resource_aware_buffered,DELIVERY_TARGET_EXCEEDS_WINDOW,diamond,literature,0.65,4,0.3,10,True,marginal_fidelity,4,True,False,r1 -> bad -> r3,1,0.6845552010173922,best of 2 candidate route(s) evaluated in hindsight - not an online-implementable strategy
R04_planner_evolution:diamond@literature:e6af1a36fa71fcc0:L2-R:6:R04_planner_evolution-intent,L2-R,iterative_resource_aware,DELIVERY_TARGET_EXCEEDS_WINDOW,diamond,literature,0.65,4,0.3,10,True,marginal_fidelity,6,True,False,r1 -> bad -> r3,3,0.6984197220406595,best of 2 candidate route(s) evaluated in hindsight - not an online-implementable strategy
R04_planner_evolution:diamond@literature:e6af1a36fa71fcc0:L2-RB:6:R04_planner_evolution-intent,L2-RB,iterative_resource_aware_buffered,DELIVERY_TARGET_EXCEEDS_WINDOW,diamond,literature,0.65,4,0.3,10,True,marginal_fidelity,6,True,False,r1 -> bad -> r3,3,0.6984197220406595,best of 2 candidate route(s) evaluated in hindsight - not an online-implementable strategy
R04_planner_evolution:diamond@literature:e6af1a36fa71fcc0:L2-R:8:R04_planner_evolution-intent,L2-R,iterative_resource_aware,DELIVERY_TARGET_EXCEEDS_WINDOW,diamond,literature,0.65,4,0.3,10,True,marginal_fidelity,8,True,False,r1 -> bad -> r3,3,0.6641905103722823,best of 2 candidate route(s) evaluated in hindsight - not an online-implementable strategy
R04_planner_evolution:diamond@literature:e6af1a36fa71fcc0:L2-RB:8:R04_planner_evolution-intent,L2-RB,iterative_resource_aware_buffered,DELIVERY_TARGET_EXCEEDS_WINDOW,diamond,literature,0.65,4,0.3,10,True,marginal_fidelity,8,True,False,r1 -> bad -> r3,3,0.6641905103722823,best of 2 candidate route(s) evaluated in hindsight - not an online-implementable strategy
R04_planner_evolution:diamond@literature:e6af1a36fa71fcc0:L2-R:7:R04_planner_evolution-intent,L2-R,iterative_resource_aware,DELIVERY_TARGET_EXCEEDS_WINDOW,diamond,literature,0.65,4,0.3,10,True,marginal_fidelity,7,True,False,r1 -> bad -> r3,0,,best of 2 candidate route(s) evaluated in hindsight - not an online-implementable strategy
R04_planner_evolution:diamond@literature:e6af1a36fa71fcc0:L2-RB:7:R04_planner_evolution-intent,L2-RB,iterative_resource_aware_buffered,DELIVERY_TARGET_EXCEEDS_WINDOW,diamond,literature,0.65,4,0.3,10,True,marginal_fidelity,7,True,False,r1 -> bad -> r3,0,,best of 2 candidate route(s) evaluated in hindsight - not an online-implementable strategy
R04_planner_evolution:diamond@literature:b97e7403a1035c37:L2-R:0:R04_planner_evolution-intent,L2-R,iterative_resource_aware,DELIVERY_TARGET_EXCEEDS_WINDOW,diamond,literature,0.65,4,0.3,1,True,generous_small_goal,0,True,True,r1 -> bad -> r3,2,0.6795880388616964,best of 2 candidate route(s) evaluated in hindsight - not an online-implementable strategy
R04_planner_evolution:diamond@literature:e6af1a36fa71fcc0:L2-R:9:R04_planner_evolution-intent,L2-R,iterative_resource_aware,DELIVERY_TARGET_EXCEEDS_WINDOW,diamond,literature,0.65,4,0.3,10,True,marginal_fidelity,9,True,False,r1 -> bad -> r3,0,,best of 2 candidate route(s) evaluated in hindsight - not an online-implementable strategy
R04_planner_evolution:diamond@literature:e6af1a36fa71fcc0:L2-RB:9:R04_planner_evolution-intent,L2-RB,iterative_resource_aware_buffered,DELIVERY_TARGET_EXCEEDS_WINDOW,diamond,literature,0.65,4,0.3,10,True,marginal_fidelity,9,True,False,r1 -> bad -> r3,0,,best of 2 candidate route(s) evaluated in hindsight - not an online-implementable strategy
R04_planner_evolution:diamond@literature:b97e7403a1035c37:L2-R:1:R04_planner_evolution-intent,L2-R,iterative_resource_aware,DELIVERY_TARGET_EXCEEDS_WINDOW,diamond,literature,0.65,4,0.3,1,True,generous_small_goal,1,True,True,r1 -> bad -> r3,2,0.6855529539993485,best of 2 candidate route(s) evaluated in hindsight - not an online-implementable strategy
R04_planner_evolution:diamond@literature:b97e7403a1035c37:L2-R:3:R04_planner_evolution-intent,L2-R,iterative_resource_aware,DELIVERY_TARGET_EXCEEDS_WINDOW,diamond,literature,0.65,4,0.3,1,True,generous_small_goal,3,True,True,r1 -> bad -> r3,2,0.678126300001887,best of 2 candidate route(s) evaluated in hindsight - not an online-implementable strategy
R04_planner_evolution:diamond@literature:b97e7403a1035c37:L2-R:5:R04_planner_evolution-intent,L2-R,iterative_resource_aware,DELIVERY_TARGET_EXCEEDS_WINDOW,diamond,literature,0.65,4,0.3,1,True,generous_small_goal,5,True,True,r1 -> bad -> r3,1,0.6784810904595349,best of 2 candidate route(s) evaluated in hindsight - not an online-implementable strategy
R04_planner_evolution:diamond@literature:b97e7403a1035c37:L2-R:2:R04_planner_evolution-intent,L2-R,iterative_resource_aware,DELIVERY_TARGET_EXCEEDS_WINDOW,diamond,literature,0.65,4,0.3,1,True,generous_small_goal,2,True,False,r1 -> bad -> r3,0,,best of 2 candidate route(s) evaluated in hindsight - not an online-implementable strategy
R04_planner_evolution:diamond@literature:b97e7403a1035c37:L2-R:4:R04_planner_evolution-intent,L2-R,iterative_resource_aware,DELIVERY_TARGET_EXCEEDS_WINDOW,diamond,literature,0.65,4,0.3,1,True,generous_small_goal,4,True,True,r1 -> bad -> r3,1,0.6845552010173922,best of 2 candidate route(s) evaluated in hindsight - not an online-implementable strategy
R04_planner_evolution:diamond@literature:b97e7403a1035c37:L2-R:6:R04_planner_evolution-intent,L2-R,iterative_resource_aware,DELIVERY_TARGET_EXCEEDS_WINDOW,diamond,literature,0.65,4,0.3,1,True,generous_small_goal,6,True,True,r1 -> bad -> r3,3,0.6984197220406595,best of 2 candidate route(s) evaluated in hindsight - not an online-implementable strategy
R04_planner_evolution:diamond@literature:b97e7403a1035c37:L2-R:8:R04_planner_evolution-intent,L2-R,iterative_resource_aware,DELIVERY_TARGET_EXCEEDS_WINDOW,diamond,literature,0.65,4,0.3,1,True,generous_small_goal,8,True,True,r1 -> bad -> r3,3,0.6641905103722823,best of 2 candidate route(s) evaluated in hindsight - not an online-implementable strategy
R04_planner_evolution:diamond@literature:b97e7403a1035c37:L2-R:7:R04_planner_evolution-intent,L2-R,iterative_resource_aware,DELIVERY_TARGET_EXCEEDS_WINDOW,diamond,literature,0.65,4,0.3,1,True,generous_small_goal,7,True,False,r1 -> bad -> r3,0,,best of 2 candidate route(s) evaluated in hindsight - not an online-implementable strategy
R04_planner_evolution:diamond@literature:b97e7403a1035c37:L2-R:9:R04_planner_evolution-intent,L2-R,iterative_resource_aware,DELIVERY_TARGET_EXCEEDS_WINDOW,diamond,literature,0.65,4,0.3,1,True,generous_small_goal,9,True,False,r1 -> bad -> r3,0,,best of 2 candidate route(s) evaluated in hindsight - not an online-implementable strategy
R04_planner_evolution:mesh@literature:35114816c173e43b:L2-R:2:R04_planner_evolution-intent,L2-R,iterative_resource_aware,DELIVERY_TARGET_EXCEEDS_WINDOW,mesh,literature,0.5,4,0.3,10,True,generous,2,True,True,a0 -> a1 -> b1 -> b2,53,0.5888537750675751,best of 6 candidate route(s) evaluated in hindsight - not an online-implementable strategy
R04_planner_evolution:mesh@literature:35114816c173e43b:L2-R:1:R04_planner_evolution-intent,L2-R,iterative_resource_aware,DELIVERY_TARGET_EXCEEDS_WINDOW,mesh,literature,0.5,4,0.3,10,True,generous,1,True,True,a0 -> a1 -> a2 -> b2,47,0.5875307698398458,best of 6 candidate route(s) evaluated in hindsight - not an online-implementable strategy
R04_planner_evolution:mesh@literature:35114816c173e43b:L2-R:0:R04_planner_evolution-intent,L2-R,iterative_resource_aware,DELIVERY_TARGET_EXCEEDS_WINDOW,mesh,literature,0.5,4,0.3,10,True,generous,0,True,True,a0 -> a1 -> a2 -> b2,45,0.5846035764197289,best of 6 candidate route(s) evaluated in hindsight - not an online-implementable strategy
R04_planner_evolution:mesh@literature:35114816c173e43b:L2-R:3:R04_planner_evolution-intent,L2-R,iterative_resource_aware,DELIVERY_TARGET_EXCEEDS_WINDOW,mesh,literature,0.5,4,0.3,10,True,generous,3,True,True,a0 -> b0 -> b1 -> b2,51,0.5886261876220771,best of 6 candidate route(s) evaluated in hindsight - not an online-implementable strategy
R04_planner_evolution:mesh@literature:35114816c173e43b:L2-R:4:R04_planner_evolution-intent,L2-R,iterative_resource_aware,DELIVERY_TARGET_EXCEEDS_WINDOW,mesh,literature,0.5,4,0.3,10,True,generous,4,True,True,a0 -> a1 -> a2 -> b2,57,0.589546380496404,best of 6 candidate route(s) evaluated in hindsight - not an online-implementable strategy
R04_planner_evolution:mesh@literature:35114816c173e43b:L2-R:5:R04_planner_evolution-intent,L2-R,iterative_resource_aware,DELIVERY_TARGET_EXCEEDS_WINDOW,mesh,literature,0.5,4,0.3,10,True,generous,5,True,True,a0 -> b0 -> b1 -> b2,52,0.5894378359628433,best of 6 candidate route(s) evaluated in hindsight - not an online-implementable strategy
R04_planner_evolution:mesh@literature:35114816c173e43b:L2-R:8:R04_planner_evolution-intent,L2-R,iterative_resource_aware,DELIVERY_TARGET_EXCEEDS_WINDOW,mesh,literature,0.5,4,0.3,10,True,generous,8,True,True,a0 -> a1 -> a2 -> b2,53,0.5882359624948972,best of 6 candidate route(s) evaluated in hindsight - not an online-implementable strategy
R04_planner_evolution:mesh@literature:35114816c173e43b:L2-R:6:R04_planner_evolution-intent,L2-R,iterative_resource_aware,DELIVERY_TARGET_EXCEEDS_WINDOW,mesh,literature,0.5,4,0.3,10,True,generous,6,True,True,a0 -> b0 -> b1 -> b2,50,0.5887811858097642,best of 6 candidate route(s) evaluated in hindsight - not an online-implementable strategy
R04_planner_evolution:mesh@literature:35114816c173e43b:L2-R:7:R04_planner_evolution-intent,L2-R,iterative_resource_aware,DELIVERY_TARGET_EXCEEDS_WINDOW,mesh,literature,0.5,4,0.3,10,True,generous,7,True,True,a0 -> a1 -> b1 -> b2,56,0.5896964824626637,best of 6 candidate route(s) evaluated in hindsight - not an online-implementable strategy
R04_planner_evolution:mesh@literature:1fff15cec592be12:L2-R:0:R04_planner_evolution-intent,L2-R,iterative_resource_aware,DELIVERY_TARGET_EXCEEDS_WINDOW,mesh,literature,0.5,2,0.1,10,True,marginal_resources,0,True,False,a0 -> a1 -> b1 -> b2,9,0.5840824963103628,best of 6 candidate route(s) evaluated in hindsight - not an online-implementable strategy
R04_planner_evolution:mesh@literature:1fff15cec592be12:L2-RB:0:R04_planner_evolution-intent,L2-RB,iterative_resource_aware_buffered,DELIVERY_TARGET_EXCEEDS_WINDOW,mesh,literature,0.5,2,0.1,10,True,marginal_resources,0,True,False,a0 -> a1 -> b1 -> b2,9,0.5840824963103628,best of 6 candidate route(s) evaluated in hindsight - not an online-implementable strategy
R04_planner_evolution:mesh@literature:35114816c173e43b:L2-R:9:R04_planner_evolution-intent,L2-R,iterative_resource_aware,DELIVERY_TARGET_EXCEEDS_WINDOW,mesh,literature,0.5,4,0.3,10,True,generous,9,True,True,a0 -> b0 -> b1 -> b2,50,0.5885536875092849,best of 6 candidate route(s) evaluated in hindsight - not an online-implementable strategy
R04_planner_evolution:mesh@literature:1fff15cec592be12:L2-R:1:R04_planner_evolution-intent,L2-R,iterative_resource_aware,DELIVERY_TARGET_EXCEEDS_WINDOW,mesh,literature,0.5,2,0.1,10,True,marginal_resources,1,True,False,a0 -> a1 -> a2 -> b2,9,0.5884736278577085,best of 6 candidate route(s) evaluated in hindsight - not an online-implementable strategy
R04_planner_evolution:mesh@literature:1fff15cec592be12:L2-RB:1:R04_planner_evolution-intent,L2-RB,iterative_resource_aware_buffered,DELIVERY_TARGET_EXCEEDS_WINDOW,mesh,literature,0.5,2,0.1,10,True,marginal_resources,1,True,False,a0 -> a1 -> a2 -> b2,9,0.5884736278577085,best of 6 candidate route(s) evaluated in hindsight - not an online-implementable strategy
R04_planner_evolution:mesh@literature:1fff15cec592be12:L2-R:2:R04_planner_evolution-intent,L2-R,iterative_resource_aware,DELIVERY_TARGET_EXCEEDS_WINDOW,mesh,literature,0.5,2,0.1,10,True,marginal_resources,2,True,False,a0 -> a1 -> b1 -> b2,8,0.5850200616197511,best of 6 candidate route(s) evaluated in hindsight - not an online-implementable strategy
R04_planner_evolution:mesh@literature:1fff15cec592be12:L2-RB:2:R04_planner_evolution-intent,L2-RB,iterative_resource_aware_buffered,DELIVERY_TARGET_EXCEEDS_WINDOW,mesh,literature,0.5,2,0.1,10,True,marginal_resources,2,True,False,a0 -> a1 -> b1 -> b2,8,0.5850200616197511,best of 6 candidate route(s) evaluated in hindsight - not an online-implementable strategy
R04_planner_evolution:mesh@literature:1fff15cec592be12:L2-R:3:R04_planner_evolution-intent,L2-R,iterative_resource_aware,DELIVERY_TARGET_EXCEEDS_WINDOW,mesh,literature,0.5,2,0.1,10,True,marginal_resources,3,True,False,a0 -> a1 -> a2 -> b2,6,0.5856944827598787,best of 6 candidate route(s) evaluated in hindsight - not an online-implementable strategy
R04_planner_evolution:mesh@literature:1fff15cec592be12:L2-RB:3:R04_planner_evolution-intent,L2-RB,iterative_resource_aware_buffered,DELIVERY_TARGET_EXCEEDS_WINDOW,mesh,literature,0.5,2,0.1,10,True,marginal_resources,3,True,False,a0 -> a1 -> a2 -> b2,6,0.5856944827598787,best of 6 candidate route(s) evaluated in hindsight - not an online-implementable strategy
R04_planner_evolution:mesh@literature:1fff15cec592be12:L2-R:5:R04_planner_evolution-intent,L2-R,iterative_resource_aware,DELIVERY_TARGET_EXCEEDS_WINDOW,mesh,literature,0.5,2,0.1,10,True,marginal_resources,5,True,False,a0 -> a1 -> a2 -> b2,6,0.586843686916149,best of 6 candidate route(s) evaluated in hindsight - not an online-implementable strategy
R04_planner_evolution:mesh@literature:1fff15cec592be12:L2-RB:5:R04_planner_evolution-intent,L2-RB,iterative_resource_aware_buffered,DELIVERY_TARGET_EXCEEDS_WINDOW,mesh,literature,0.5,2,0.1,10,True,marginal_resources,5,True,False,a0 -> a1 -> a2 -> b2,6,0.586843686916149,best of 6 candidate route(s) evaluated in hindsight - not an online-implementable strategy
R04_planner_evolution:mesh@literature:1fff15cec592be12:L2-R:4:R04_planner_evolution-intent,L2-R,iterative_resource_aware,DELIVERY_TARGET_EXCEEDS_WINDOW,mesh,literature,0.5,2,0.1,10,True,marginal_resources,4,True,False,a0 -> a1 -> b1 -> b2,9,0.5866970730514746,best of 6 candidate route(s) evaluated in hindsight - not an online-implementable strategy
R04_planner_evolution:mesh@literature:1fff15cec592be12:L2-RB:4:R04_planner_evolution-intent,L2-RB,iterative_resource_aware_buffered,DELIVERY_TARGET_EXCEEDS_WINDOW,mesh,literature,0.5,2,0.1,10,True,marginal_resources,4,True,False,a0 -> a1 -> b1 -> b2,9,0.5866970730514746,best of 6 candidate route(s) evaluated in hindsight - not an online-implementable strategy
R04_planner_evolution:mesh@literature:1fff15cec592be12:L2-R:6:R04_planner_evolution-intent,L2-R,iterative_resource_aware,DELIVERY_TARGET_EXCEEDS_WINDOW,mesh,literature,0.5,2,0.1,10,True,marginal_resources,6,True,True,a0 -> b0 -> b1 -> b2,10,0.5867264892757331,best of 6 candidate route(s) evaluated in hindsight - not an online-implementable strategy
R04_planner_evolution:mesh@literature:1fff15cec592be12:L2-RB:6:R04_planner_evolution-intent,L2-RB,iterative_resource_aware_buffered,DELIVERY_TARGET_EXCEEDS_WINDOW,mesh,literature,0.5,2,0.1,10,True,marginal_resources,6,True,True,a0 -> b0 -> b1 -> b2,10,0.5867264892757331,best of 6 candidate route(s) evaluated in hindsight - not an online-implementable strategy
R04_planner_evolution:mesh@literature:1fff15cec592be12:L2-R:7:R04_planner_evolution-intent,L2-R,iterative_resource_aware,DELIVERY_TARGET_EXCEEDS_WINDOW,mesh,literature,0.5,2,0.1,10,True,marginal_resources,7,True,False,a0 -> a1 -> a2 -> b2,9,0.5875111932795547,best of 6 candidate route(s) evaluated in hindsight - not an online-implementable strategy
R04_planner_evolution:mesh@literature:1fff15cec592be12:L2-RB:7:R04_planner_evolution-intent,L2-RB,iterative_resource_aware_buffered,DELIVERY_TARGET_EXCEEDS_WINDOW,mesh,literature,0.5,2,0.1,10,True,marginal_resources,7,True,False,a0 -> a1 -> a2 -> b2,9,0.5875111932795547,best of 6 candidate route(s) evaluated in hindsight - not an online-implementable strategy
R04_planner_evolution:mesh@literature:1fff15cec592be12:L2-R:8:R04_planner_evolution-intent,L2-R,iterative_resource_aware,DELIVERY_TARGET_EXCEEDS_WINDOW,mesh,literature,0.5,2,0.1,10,True,marginal_resources,8,True,False,a0 -> a1 -> b1 -> b2,7,0.58566279558263,best of 6 candidate route(s) evaluated in hindsight - not an online-implementable strategy
R04_planner_evolution:mesh@literature:1fff15cec592be12:L2-RB:8:R04_planner_evolution-intent,L2-RB,iterative_resource_aware_buffered,DELIVERY_TARGET_EXCEEDS_WINDOW,mesh,literature,0.5,2,0.1,10,True,marginal_resources,8,True,False,a0 -> a1 -> b1 -> b2,7,0.58566279558263,best of 6 candidate route(s) evaluated in hindsight - not an online-implementable strategy
R04_planner_evolution:mesh@literature:1fff15cec592be12:L2-R:9:R04_planner_evolution-intent,L2-R,iterative_resource_aware,DELIVERY_TARGET_EXCEEDS_WINDOW,mesh,literature,0.5,2,0.1,10,True,marginal_resources,9,True,False,a0 -> a1 -> a2 -> b2,8,0.5867753271783487,best of 6 candidate route(s) evaluated in hindsight - not an online-implementable strategy
R04_planner_evolution:mesh@literature:1fff15cec592be12:L2-RB:9:R04_planner_evolution-intent,L2-RB,iterative_resource_aware_buffered,DELIVERY_TARGET_EXCEEDS_WINDOW,mesh,literature,0.5,2,0.1,10,True,marginal_resources,9,True,False,a0 -> a1 -> a2 -> b2,8,0.5867753271783487,best of 6 candidate route(s) evaluated in hindsight - not an online-implementable strategy
R04_planner_evolution:mesh@literature:8b22cc784106b890:L2-R:2:R04_planner_evolution-intent,L2-R,iterative_resource_aware,DELIVERY_TARGET_EXCEEDS_WINDOW,mesh,literature,0.58,4,0.3,10,True,marginal_fidelity,2,True,True,a0 -> a1 -> a2 -> b2,42,0.5894127365132983,best of 6 candidate route(s) evaluated in hindsight - not an online-implementable strategy
R04_planner_evolution:mesh@literature:8b22cc784106b890:L2-R:0:R04_planner_evolution-intent,L2-R,iterative_resource_aware,DELIVERY_TARGET_EXCEEDS_WINDOW,mesh,literature,0.58,4,0.3,10,True,marginal_fidelity,0,True,True,a0 -> a1 -> b1 -> b2,38,0.5892403889079614,best of 6 candidate route(s) evaluated in hindsight - not an online-implementable strategy
R04_planner_evolution:mesh@literature:8b22cc784106b890:L2-R:3:R04_planner_evolution-intent,L2-R,iterative_resource_aware,DELIVERY_TARGET_EXCEEDS_WINDOW,mesh,literature,0.58,4,0.3,10,True,marginal_fidelity,3,True,True,a0 -> b0 -> b1 -> b2,36,0.5891541140552241,best of 6 candidate route(s) evaluated in hindsight - not an online-implementable strategy
R04_planner_evolution:mesh@literature:8b22cc784106b890:L2-R:4:R04_planner_evolution-intent,L2-R,iterative_resource_aware,DELIVERY_TARGET_EXCEEDS_WINDOW,mesh,literature,0.58,4,0.3,10,True,marginal_fidelity,4,True,True,a0 -> b0 -> b1 -> b2,45,0.5896833106124664,best of 6 candidate route(s) evaluated in hindsight - not an online-implementable strategy
R04_planner_evolution:mesh@literature:8b22cc784106b890:L2-R:1:R04_planner_evolution-intent,L2-R,iterative_resource_aware,DELIVERY_TARGET_EXCEEDS_WINDOW,mesh,literature,0.58,4,0.3,10,True,marginal_fidelity,1,True,True,a0 -> a1 -> a2 -> b2,29,0.5896964165326707,best of 6 candidate route(s) evaluated in hindsight - not an online-implementable strategy
R04_planner_evolution:mesh@literature:8b22cc784106b890:L2-R:5:R04_planner_evolution-intent,L2-R,iterative_resource_aware,DELIVERY_TARGET_EXCEEDS_WINDOW,mesh,literature,0.58,4,0.3,10,True,marginal_fidelity,5,True,True,a0 -> b0 -> b1 -> b2,39,0.5895415671825093,best of 6 candidate route(s) evaluated in hindsight - not an online-implementable strategy
R04_planner_evolution:mesh@literature:8b22cc784106b890:L2-R:6:R04_planner_evolution-intent,L2-R,iterative_resource_aware,DELIVERY_TARGET_EXCEEDS_WINDOW,mesh,literature,0.58,4,0.3,10,True,marginal_fidelity,6,True,True,a0 -> b0 -> b1 -> b2,44,0.5891613794869812,best of 6 candidate route(s) evaluated in hindsight - not an online-implementable strategy
R04_planner_evolution:mesh@literature:8b22cc784106b890:L2-R:7:R04_planner_evolution-intent,L2-R,iterative_resource_aware,DELIVERY_TARGET_EXCEEDS_WINDOW,mesh,literature,0.58,4,0.3,10,True,marginal_fidelity,7,True,True,a0 -> a1 -> b1 -> b2,56,0.5896964824626637,best of 6 candidate route(s) evaluated in hindsight - not an online-implementable strategy
R04_planner_evolution:mesh@literature:8b22cc784106b890:L2-R:8:R04_planner_evolution-intent,L2-R,iterative_resource_aware,DELIVERY_TARGET_EXCEEDS_WINDOW,mesh,literature,0.58,4,0.3,10,True,marginal_fidelity,8,True,True,a0 -> b0 -> b1 -> b2,47,0.5885742718559573,best of 6 candidate route(s) evaluated in hindsight - not an online-implementable strategy
R04_planner_evolution:mesh@literature:8b22cc784106b890:L2-R:9:R04_planner_evolution-intent,L2-R,iterative_resource_aware,DELIVERY_TARGET_EXCEEDS_WINDOW,mesh,literature,0.58,4,0.3,10,True,marginal_fidelity,9,True,True,a0 -> b0 -> b1 -> b2,45,0.5891629939436522,best of 6 candidate route(s) evaluated in hindsight - not an online-implementable strategy
R04_planner_evolution:mesh@literature:d52747e037eb3bf5:L1:2:R04_planner_evolution-intent,L1,conservative_one_round,no candidate route is feasible: a0->a1->a2->b2 (min_fidelity 0.670 exceeds the achievable estimate 0.575 (one-round static estimate; SeQUeNCe's 'until_target' mode may run a different number of rounds at execution time)); a0->b0->b1->b2 (min_fidelity 0.670 exceeds the achievable estimate 0.575 (one-round static estimate; SeQUeNCe's 'until_target' mode may run a different number of rounds at execution time)); a0->a1->b1->b2 (min_fidelity 0.670 exceeds the achievable estimate 0.575 (one-round static estimate; SeQUeNCe's 'until_target' mode may run a different number of rounds at execution time)),mesh,literature,0.67,4,0.3,10,True,purification_1_round,2,True,False,a0 -> a1 -> a2 -> a3 -> b3 -> b2,0,,best of 6 candidate route(s) evaluated in hindsight - not an online-implementable strategy
R04_planner_evolution:mesh@literature:d52747e037eb3bf5:L2:2:R04_planner_evolution-intent,L2,iterative_analytical,no candidate route is feasible: a0->a1->a2->b2 (min_fidelity 0.670 exceeds the achievable estimate 0.575 (no further gain after round 1 (fixed point reached))); a0->b0->b1->b2 (min_fidelity 0.670 exceeds the achievable estimate 0.575 (no further gain after round 1 (fixed point reached))); a0->a1->b1->b2 (min_fidelity 0.670 exceeds the achievable estimate 0.575 (no further gain after round 1 (fixed point reached))),mesh,literature,0.67,4,0.3,10,True,purification_1_round,2,True,False,a0 -> a1 -> a2 -> a3 -> b3 -> b2,0,,best of 6 candidate route(s) evaluated in hindsight - not an online-implementable strategy
R04_planner_evolution:mesh@literature:d52747e037eb3bf5:L2-R:2:R04_planner_evolution-intent,L2-R,iterative_resource_aware,TARGET_FIDELITY_UNREACHABLE,mesh,literature,0.67,4,0.3,10,True,purification_1_round,2,True,False,a0 -> a1 -> a2 -> a3 -> b3 -> b2,0,,best of 6 candidate route(s) evaluated in hindsight - not an online-implementable strategy
R04_planner_evolution:mesh@literature:d52747e037eb3bf5:L2-RB:2:R04_planner_evolution-intent,L2-RB,iterative_resource_aware_buffered,TARGET_FIDELITY_UNREACHABLE,mesh,literature,0.67,4,0.3,10,True,purification_1_round,2,True,False,a0 -> a1 -> a2 -> a3 -> b3 -> b2,0,,best of 6 candidate route(s) evaluated in hindsight - not an online-implementable strategy
R04_planner_evolution:mesh@literature:d52747e037eb3bf5:L1:0:R04_planner_evolution-intent,L1,conservative_one_round,no candidate route is feasible: a0->a1->a2->b2 (min_fidelity 0.670 exceeds the achievable estimate 0.575 (one-round static estimate; SeQUeNCe's 'until_target' mode may run a different number of rounds at execution time)); a0->b0->b1->b2 (min_fidelity 0.670 exceeds the achievable estimate 0.575 (one-round static estimate; SeQUeNCe's 'until_target' mode may run a different number of rounds at execution time)); a0->a1->b1->b2 (min_fidelity 0.670 exceeds the achievable estimate 0.575 (one-round static estimate; SeQUeNCe's 'until_target' mode may run a different number of rounds at execution time)),mesh,literature,0.67,4,0.3,10,True,purification_1_round,0,True,False,a0 -> a1 -> a2 -> a3 -> b3 -> b2,0,,best of 6 candidate route(s) evaluated in hindsight - not an online-implementable strategy
R04_planner_evolution:mesh@literature:d52747e037eb3bf5:L2:0:R04_planner_evolution-intent,L2,iterative_analytical,no candidate route is feasible: a0->a1->a2->b2 (min_fidelity 0.670 exceeds the achievable estimate 0.575 (no further gain after round 1 (fixed point reached))); a0->b0->b1->b2 (min_fidelity 0.670 exceeds the achievable estimate 0.575 (no further gain after round 1 (fixed point reached))); a0->a1->b1->b2 (min_fidelity 0.670 exceeds the achievable estimate 0.575 (no further gain after round 1 (fixed point reached))),mesh,literature,0.67,4,0.3,10,True,purification_1_round,0,True,False,a0 -> a1 -> a2 -> a3 -> b3 -> b2,0,,best of 6 candidate route(s) evaluated in hindsight - not an online-implementable strategy
R04_planner_evolution:mesh@literature:d52747e037eb3bf5:L2-R:0:R04_planner_evolution-intent,L2-R,iterative_resource_aware,TARGET_FIDELITY_UNREACHABLE,mesh,literature,0.67,4,0.3,10,True,purification_1_round,0,True,False,a0 -> a1 -> a2 -> a3 -> b3 -> b2,0,,best of 6 candidate route(s) evaluated in hindsight - not an online-implementable strategy
R04_planner_evolution:mesh@literature:d52747e037eb3bf5:L2-RB:0:R04_planner_evolution-intent,L2-RB,iterative_resource_aware_buffered,TARGET_FIDELITY_UNREACHABLE,mesh,literature,0.67,4,0.3,10,True,purification_1_round,0,True,False,a0 -> a1 -> a2 -> a3 -> b3 -> b2,0,,best of 6 candidate route(s) evaluated in hindsight - not an online-implementable strategy
R04_planner_evolution:mesh@literature:d52747e037eb3bf5:L1:1:R04_planner_evolution-intent,L1,conservative_one_round,no candidate route is feasible: a0->a1->a2->b2 (min_fidelity 0.670 exceeds the achievable estimate 0.575 (one-round static estimate; SeQUeNCe's 'until_target' mode may run a different number of rounds at execution time)); a0->b0->b1->b2 (min_fidelity 0.670 exceeds the achievable estimate 0.575 (one-round static estimate; SeQUeNCe's 'until_target' mode may run a different number of rounds at execution time)); a0->a1->b1->b2 (min_fidelity 0.670 exceeds the achievable estimate 0.575 (one-round static estimate; SeQUeNCe's 'until_target' mode may run a different number of rounds at execution time)),mesh,literature,0.67,4,0.3,10,True,purification_1_round,1,True,False,a0 -> a1 -> a2 -> a3 -> b3 -> b2,0,,best of 6 candidate route(s) evaluated in hindsight - not an online-implementable strategy
R04_planner_evolution:mesh@literature:d52747e037eb3bf5:L2:1:R04_planner_evolution-intent,L2,iterative_analytical,no candidate route is feasible: a0->a1->a2->b2 (min_fidelity 0.670 exceeds the achievable estimate 0.575 (no further gain after round 1 (fixed point reached))); a0->b0->b1->b2 (min_fidelity 0.670 exceeds the achievable estimate 0.575 (no further gain after round 1 (fixed point reached))); a0->a1->b1->b2 (min_fidelity 0.670 exceeds the achievable estimate 0.575 (no further gain after round 1 (fixed point reached))),mesh,literature,0.67,4,0.3,10,True,purification_1_round,1,True,False,a0 -> a1 -> a2 -> a3 -> b3 -> b2,0,,best of 6 candidate route(s) evaluated in hindsight - not an online-implementable strategy
R04_planner_evolution:mesh@literature:d52747e037eb3bf5:L2-R:1:R04_planner_evolution-intent,L2-R,iterative_resource_aware,TARGET_FIDELITY_UNREACHABLE,mesh,literature,0.67,4,0.3,10,True,purification_1_round,1,True,False,a0 -> a1 -> a2 -> a3 -> b3 -> b2,0,,best of 6 candidate route(s) evaluated in hindsight - not an online-implementable strategy
R04_planner_evolution:mesh@literature:d52747e037eb3bf5:L2-RB:1:R04_planner_evolution-intent,L2-RB,iterative_resource_aware_buffered,TARGET_FIDELITY_UNREACHABLE,mesh,literature,0.67,4,0.3,10,True,purification_1_round,1,True,False,a0 -> a1 -> a2 -> a3 -> b3 -> b2,0,,best of 6 candidate route(s) evaluated in hindsight - not an online-implementable strategy
R04_planner_evolution:mesh@literature:d52747e037eb3bf5:L1:3:R04_planner_evolution-intent,L1,conservative_one_round,no candidate route is feasible: a0->a1->a2->b2 (min_fidelity 0.670 exceeds the achievable estimate 0.575 (one-round static estimate; SeQUeNCe's 'until_target' mode may run a different number of rounds at execution time)); a0->b0->b1->b2 (min_fidelity 0.670 exceeds the achievable estimate 0.575 (one-round static estimate; SeQUeNCe's 'until_target' mode may run a different number of rounds at execution time)); a0->a1->b1->b2 (min_fidelity 0.670 exceeds the achievable estimate 0.575 (one-round static estimate; SeQUeNCe's 'until_target' mode may run a different number of rounds at execution time)),mesh,literature,0.67,4,0.3,10,True,purification_1_round,3,True,False,a0 -> a1 -> a2 -> a3 -> b3 -> b2,0,,best of 6 candidate route(s) evaluated in hindsight - not an online-implementable strategy
R04_planner_evolution:mesh@literature:d52747e037eb3bf5:L2:3:R04_planner_evolution-intent,L2,iterative_analytical,no candidate route is feasible: a0->a1->a2->b2 (min_fidelity 0.670 exceeds the achievable estimate 0.575 (no further gain after round 1 (fixed point reached))); a0->b0->b1->b2 (min_fidelity 0.670 exceeds the achievable estimate 0.575 (no further gain after round 1 (fixed point reached))); a0->a1->b1->b2 (min_fidelity 0.670 exceeds the achievable estimate 0.575 (no further gain after round 1 (fixed point reached))),mesh,literature,0.67,4,0.3,10,True,purification_1_round,3,True,False,a0 -> a1 -> a2 -> a3 -> b3 -> b2,0,,best of 6 candidate route(s) evaluated in hindsight - not an online-implementable strategy
R04_planner_evolution:mesh@literature:d52747e037eb3bf5:L2-R:3:R04_planner_evolution-intent,L2-R,iterative_resource_aware,TARGET_FIDELITY_UNREACHABLE,mesh,literature,0.67,4,0.3,10,True,purification_1_round,3,True,False,a0 -> a1 -> a2 -> a3 -> b3 -> b2,0,,best of 6 candidate route(s) evaluated in hindsight - not an online-implementable strategy
R04_planner_evolution:mesh@literature:d52747e037eb3bf5:L2-RB:3:R04_planner_evolution-intent,L2-RB,iterative_resource_aware_buffered,TARGET_FIDELITY_UNREACHABLE,mesh,literature,0.67,4,0.3,10,True,purification_1_round,3,True,False,a0 -> a1 -> a2 -> a3 -> b3 -> b2,0,,best of 6 candidate route(s) evaluated in hindsight - not an online-implementable strategy
R04_planner_evolution:mesh@literature:d52747e037eb3bf5:L1:4:R04_planner_evolution-intent,L1,conservative_one_round,no candidate route is feasible: a0->a1->a2->b2 (min_fidelity 0.670 exceeds the achievable estimate 0.575 (one-round static estimate; SeQUeNCe's 'until_target' mode may run a different number of rounds at execution time)); a0->b0->b1->b2 (min_fidelity 0.670 exceeds the achievable estimate 0.575 (one-round static estimate; SeQUeNCe's 'until_target' mode may run a different number of rounds at execution time)); a0->a1->b1->b2 (min_fidelity 0.670 exceeds the achievable estimate 0.575 (one-round static estimate; SeQUeNCe's 'until_target' mode may run a different number of rounds at execution time)),mesh,literature,0.67,4,0.3,10,True,purification_1_round,4,True,False,a0 -> a1 -> a2 -> a3 -> b3 -> b2,0,,best of 6 candidate route(s) evaluated in hindsight - not an online-implementable strategy
R04_planner_evolution:mesh@literature:d52747e037eb3bf5:L2:4:R04_planner_evolution-intent,L2,iterative_analytical,no candidate route is feasible: a0->a1->a2->b2 (min_fidelity 0.670 exceeds the achievable estimate 0.575 (no further gain after round 1 (fixed point reached))); a0->b0->b1->b2 (min_fidelity 0.670 exceeds the achievable estimate 0.575 (no further gain after round 1 (fixed point reached))); a0->a1->b1->b2 (min_fidelity 0.670 exceeds the achievable estimate 0.575 (no further gain after round 1 (fixed point reached))),mesh,literature,0.67,4,0.3,10,True,purification_1_round,4,True,False,a0 -> a1 -> a2 -> a3 -> b3 -> b2,0,,best of 6 candidate route(s) evaluated in hindsight - not an online-implementable strategy
R04_planner_evolution:mesh@literature:d52747e037eb3bf5:L2-R:4:R04_planner_evolution-intent,L2-R,iterative_resource_aware,TARGET_FIDELITY_UNREACHABLE,mesh,literature,0.67,4,0.3,10,True,purification_1_round,4,True,False,a0 -> a1 -> a2 -> a3 -> b3 -> b2,0,,best of 6 candidate route(s) evaluated in hindsight - not an online-implementable strategy
R04_planner_evolution:mesh@literature:d52747e037eb3bf5:L2-RB:4:R04_planner_evolution-intent,L2-RB,iterative_resource_aware_buffered,TARGET_FIDELITY_UNREACHABLE,mesh,literature,0.67,4,0.3,10,True,purification_1_round,4,True,False,a0 -> a1 -> a2 -> a3 -> b3 -> b2,0,,best of 6 candidate route(s) evaluated in hindsight - not an online-implementable strategy
R04_planner_evolution:mesh@literature:d52747e037eb3bf5:L1:5:R04_planner_evolution-intent,L1,conservative_one_round,no candidate route is feasible: a0->a1->a2->b2 (min_fidelity 0.670 exceeds the achievable estimate 0.575 (one-round static estimate; SeQUeNCe's 'until_target' mode may run a different number of rounds at execution time)); a0->b0->b1->b2 (min_fidelity 0.670 exceeds the achievable estimate 0.575 (one-round static estimate; SeQUeNCe's 'until_target' mode may run a different number of rounds at execution time)); a0->a1->b1->b2 (min_fidelity 0.670 exceeds the achievable estimate 0.575 (one-round static estimate; SeQUeNCe's 'until_target' mode may run a different number of rounds at execution time)),mesh,literature,0.67,4,0.3,10,True,purification_1_round,5,True,False,a0 -> a1 -> a2 -> a3 -> b3 -> b2,0,,best of 6 candidate route(s) evaluated in hindsight - not an online-implementable strategy
R04_planner_evolution:mesh@literature:d52747e037eb3bf5:L2:5:R04_planner_evolution-intent,L2,iterative_analytical,no candidate route is feasible: a0->a1->a2->b2 (min_fidelity 0.670 exceeds the achievable estimate 0.575 (no further gain after round 1 (fixed point reached))); a0->b0->b1->b2 (min_fidelity 0.670 exceeds the achievable estimate 0.575 (no further gain after round 1 (fixed point reached))); a0->a1->b1->b2 (min_fidelity 0.670 exceeds the achievable estimate 0.575 (no further gain after round 1 (fixed point reached))),mesh,literature,0.67,4,0.3,10,True,purification_1_round,5,True,False,a0 -> a1 -> a2 -> a3 -> b3 -> b2,0,,best of 6 candidate route(s) evaluated in hindsight - not an online-implementable strategy
R04_planner_evolution:mesh@literature:d52747e037eb3bf5:L2-R:5:R04_planner_evolution-intent,L2-R,iterative_resource_aware,TARGET_FIDELITY_UNREACHABLE,mesh,literature,0.67,4,0.3,10,True,purification_1_round,5,True,False,a0 -> a1 -> a2 -> a3 -> b3 -> b2,0,,best of 6 candidate route(s) evaluated in hindsight - not an online-implementable strategy
R04_planner_evolution:mesh@literature:d52747e037eb3bf5:L2-RB:5:R04_planner_evolution-intent,L2-RB,iterative_resource_aware_buffered,TARGET_FIDELITY_UNREACHABLE,mesh,literature,0.67,4,0.3,10,True,purification_1_round,5,True,False,a0 -> a1 -> a2 -> a3 -> b3 -> b2,0,,best of 6 candidate route(s) evaluated in hindsight - not an online-implementable strategy
R04_planner_evolution:mesh@literature:d52747e037eb3bf5:L1:6:R04_planner_evolution-intent,L1,conservative_one_round,no candidate route is feasible: a0->a1->a2->b2 (min_fidelity 0.670 exceeds the achievable estimate 0.575 (one-round static estimate; SeQUeNCe's 'until_target' mode may run a different number of rounds at execution time)); a0->b0->b1->b2 (min_fidelity 0.670 exceeds the achievable estimate 0.575 (one-round static estimate; SeQUeNCe's 'until_target' mode may run a different number of rounds at execution time)); a0->a1->b1->b2 (min_fidelity 0.670 exceeds the achievable estimate 0.575 (one-round static estimate; SeQUeNCe's 'until_target' mode may run a different number of rounds at execution time)),mesh,literature,0.67,4,0.3,10,True,purification_1_round,6,True,False,a0 -> a1 -> a2 -> a3 -> b3 -> b2,0,,best of 6 candidate route(s) evaluated in hindsight - not an online-implementable strategy
R04_planner_evolution:mesh@literature:d52747e037eb3bf5:L2:6:R04_planner_evolution-intent,L2,iterative_analytical,no candidate route is feasible: a0->a1->a2->b2 (min_fidelity 0.670 exceeds the achievable estimate 0.575 (no further gain after round 1 (fixed point reached))); a0->b0->b1->b2 (min_fidelity 0.670 exceeds the achievable estimate 0.575 (no further gain after round 1 (fixed point reached))); a0->a1->b1->b2 (min_fidelity 0.670 exceeds the achievable estimate 0.575 (no further gain after round 1 (fixed point reached))),mesh,literature,0.67,4,0.3,10,True,purification_1_round,6,True,False,a0 -> a1 -> a2 -> a3 -> b3 -> b2,0,,best of 6 candidate route(s) evaluated in hindsight - not an online-implementable strategy
R04_planner_evolution:mesh@literature:d52747e037eb3bf5:L2-R:6:R04_planner_evolution-intent,L2-R,iterative_resource_aware,TARGET_FIDELITY_UNREACHABLE,mesh,literature,0.67,4,0.3,10,True,purification_1_round,6,True,False,a0 -> a1 -> a2 -> a3 -> b3 -> b2,0,,best of 6 candidate route(s) evaluated in hindsight - not an online-implementable strategy
R04_planner_evolution:mesh@literature:d52747e037eb3bf5:L2-RB:6:R04_planner_evolution-intent,L2-RB,iterative_resource_aware_buffered,TARGET_FIDELITY_UNREACHABLE,mesh,literature,0.67,4,0.3,10,True,purification_1_round,6,True,False,a0 -> a1 -> a2 -> a3 -> b3 -> b2,0,,best of 6 candidate route(s) evaluated in hindsight - not an online-implementable strategy
R04_planner_evolution:mesh@literature:d52747e037eb3bf5:L1:8:R04_planner_evolution-intent,L1,conservative_one_round,no candidate route is feasible: a0->a1->a2->b2 (min_fidelity 0.670 exceeds the achievable estimate 0.575 (one-round static estimate; SeQUeNCe's 'until_target' mode may run a different number of rounds at execution time)); a0->b0->b1->b2 (min_fidelity 0.670 exceeds the achievable estimate 0.575 (one-round static estimate; SeQUeNCe's 'until_target' mode may run a different number of rounds at execution time)); a0->a1->b1->b2 (min_fidelity 0.670 exceeds the achievable estimate 0.575 (one-round static estimate; SeQUeNCe's 'until_target' mode may run a different number of rounds at execution time)),mesh,literature,0.67,4,0.3,10,True,purification_1_round,8,True,False,a0 -> a1 -> a2 -> a3 -> b3 -> b2,0,,best of 6 candidate route(s) evaluated in hindsight - not an online-implementable strategy
R04_planner_evolution:mesh@literature:d52747e037eb3bf5:L2:8:R04_planner_evolution-intent,L2,iterative_analytical,no candidate route is feasible: a0->a1->a2->b2 (min_fidelity 0.670 exceeds the achievable estimate 0.575 (no further gain after round 1 (fixed point reached))); a0->b0->b1->b2 (min_fidelity 0.670 exceeds the achievable estimate 0.575 (no further gain after round 1 (fixed point reached))); a0->a1->b1->b2 (min_fidelity 0.670 exceeds the achievable estimate 0.575 (no further gain after round 1 (fixed point reached))),mesh,literature,0.67,4,0.3,10,True,purification_1_round,8,True,False,a0 -> a1 -> a2 -> a3 -> b3 -> b2,0,,best of 6 candidate route(s) evaluated in hindsight - not an online-implementable strategy
R04_planner_evolution:mesh@literature:d52747e037eb3bf5:L2-R:8:R04_planner_evolution-intent,L2-R,iterative_resource_aware,TARGET_FIDELITY_UNREACHABLE,mesh,literature,0.67,4,0.3,10,True,purification_1_round,8,True,False,a0 -> a1 -> a2 -> a3 -> b3 -> b2,0,,best of 6 candidate route(s) evaluated in hindsight - not an online-implementable strategy
R04_planner_evolution:mesh@literature:d52747e037eb3bf5:L2-RB:8:R04_planner_evolution-intent,L2-RB,iterative_resource_aware_buffered,TARGET_FIDELITY_UNREACHABLE,mesh,literature,0.67,4,0.3,10,True,purification_1_round,8,True,False,a0 -> a1 -> a2 -> a3 -> b3 -> b2,0,,best of 6 candidate route(s) evaluated in hindsight - not an online-implementable strategy
R04_planner_evolution:mesh@literature:d52747e037eb3bf5:L1:9:R04_planner_evolution-intent,L1,conservative_one_round,no candidate route is feasible: a0->a1->a2->b2 (min_fidelity 0.670 exceeds the achievable estimate 0.575 (one-round static estimate; SeQUeNCe's 'until_target' mode may run a different number of rounds at execution time)); a0->b0->b1->b2 (min_fidelity 0.670 exceeds the achievable estimate 0.575 (one-round static estimate; SeQUeNCe's 'until_target' mode may run a different number of rounds at execution time)); a0->a1->b1->b2 (min_fidelity 0.670 exceeds the achievable estimate 0.575 (one-round static estimate; SeQUeNCe's 'until_target' mode may run a different number of rounds at execution time)),mesh,literature,0.67,4,0.3,10,True,purification_1_round,9,True,False,a0 -> a1 -> a2 -> a3 -> b3 -> b2,0,,best of 6 candidate route(s) evaluated in hindsight - not an online-implementable strategy
R04_planner_evolution:mesh@literature:d52747e037eb3bf5:L2:9:R04_planner_evolution-intent,L2,iterative_analytical,no candidate route is feasible: a0->a1->a2->b2 (min_fidelity 0.670 exceeds the achievable estimate 0.575 (no further gain after round 1 (fixed point reached))); a0->b0->b1->b2 (min_fidelity 0.670 exceeds the achievable estimate 0.575 (no further gain after round 1 (fixed point reached))); a0->a1->b1->b2 (min_fidelity 0.670 exceeds the achievable estimate 0.575 (no further gain after round 1 (fixed point reached))),mesh,literature,0.67,4,0.3,10,True,purification_1_round,9,True,False,a0 -> a1 -> a2 -> a3 -> b3 -> b2,0,,best of 6 candidate route(s) evaluated in hindsight - not an online-implementable strategy
R04_planner_evolution:mesh@literature:d52747e037eb3bf5:L2-R:9:R04_planner_evolution-intent,L2-R,iterative_resource_aware,TARGET_FIDELITY_UNREACHABLE,mesh,literature,0.67,4,0.3,10,True,purification_1_round,9,True,False,a0 -> a1 -> a2 -> a3 -> b3 -> b2,0,,best of 6 candidate route(s) evaluated in hindsight - not an online-implementable strategy
R04_planner_evolution:mesh@literature:d52747e037eb3bf5:L2-RB:9:R04_planner_evolution-intent,L2-RB,iterative_resource_aware_buffered,TARGET_FIDELITY_UNREACHABLE,mesh,literature,0.67,4,0.3,10,True,purification_1_round,9,True,False,a0 -> a1 -> a2 -> a3 -> b3 -> b2,0,,best of 6 candidate route(s) evaluated in hindsight - not an online-implementable strategy
R04_planner_evolution:mesh@literature:d52747e037eb3bf5:L1:7:R04_planner_evolution-intent,L1,conservative_one_round,no candidate route is feasible: a0->a1->a2->b2 (min_fidelity 0.670 exceeds the achievable estimate 0.575 (one-round static estimate; SeQUeNCe's 'until_target' mode may run a different number of rounds at execution time)); a0->b0->b1->b2 (min_fidelity 0.670 exceeds the achievable estimate 0.575 (one-round static estimate; SeQUeNCe's 'until_target' mode may run a different number of rounds at execution time)); a0->a1->b1->b2 (min_fidelity 0.670 exceeds the achievable estimate 0.575 (one-round static estimate; SeQUeNCe's 'until_target' mode may run a different number of rounds at execution time)),mesh,literature,0.67,4,0.3,10,True,purification_1_round,7,True,False,a0 -> a1 -> a2 -> a3 -> b3 -> b2,0,,best of 6 candidate route(s) evaluated in hindsight - not an online-implementable strategy
R04_planner_evolution:mesh@literature:d52747e037eb3bf5:L2:7:R04_planner_evolution-intent,L2,iterative_analytical,no candidate route is feasible: a0->a1->a2->b2 (min_fidelity 0.670 exceeds the achievable estimate 0.575 (no further gain after round 1 (fixed point reached))); a0->b0->b1->b2 (min_fidelity 0.670 exceeds the achievable estimate 0.575 (no further gain after round 1 (fixed point reached))); a0->a1->b1->b2 (min_fidelity 0.670 exceeds the achievable estimate 0.575 (no further gain after round 1 (fixed point reached))),mesh,literature,0.67,4,0.3,10,True,purification_1_round,7,True,False,a0 -> a1 -> a2 -> a3 -> b3 -> b2,0,,best of 6 candidate route(s) evaluated in hindsight - not an online-implementable strategy
R04_planner_evolution:mesh@literature:d52747e037eb3bf5:L2-R:7:R04_planner_evolution-intent,L2-R,iterative_resource_aware,TARGET_FIDELITY_UNREACHABLE,mesh,literature,0.67,4,0.3,10,True,purification_1_round,7,True,False,a0 -> a1 -> a2 -> a3 -> b3 -> b2,0,,best of 6 candidate route(s) evaluated in hindsight - not an online-implementable strategy
R04_planner_evolution:mesh@literature:d52747e037eb3bf5:L2-RB:7:R04_planner_evolution-intent,L2-RB,iterative_resource_aware_buffered,TARGET_FIDELITY_UNREACHABLE,mesh,literature,0.67,4,0.3,10,True,purification_1_round,7,True,False,a0 -> a1 -> a2 -> a3 -> b3 -> b2,0,,best of 6 candidate route(s) evaluated in hindsight - not an online-implementable strategy
R04_planner_evolution:chain1@theoretical_ops:c2af88cc92855437:L2-R:0:R04_planner_evolution-intent,L2-R,iterative_resource_aware,DELIVERY_TARGET_EXCEEDS_WINDOW,chain1,theoretical_ops,0.6,4,0.3,10,True,generous,0,True,True,a -> r1 -> b,53,0.7406681675151514,best of 1 candidate route(s) evaluated in hindsight - not an online-implementable strategy
R04_planner_evolution:chain1@theoretical_ops:c2af88cc92855437:L2-R:4:R04_planner_evolution-intent,L2-R,iterative_resource_aware,DELIVERY_TARGET_EXCEEDS_WINDOW,chain1,theoretical_ops,0.6,4,0.3,10,True,generous,4,True,True,a -> r1 -> b,46,0.7391090978133681,best of 1 candidate route(s) evaluated in hindsight - not an online-implementable strategy
R04_planner_evolution:chain1@theoretical_ops:c2af88cc92855437:L2-R:1:R04_planner_evolution-intent,L2-R,iterative_resource_aware,DELIVERY_TARGET_EXCEEDS_WINDOW,chain1,theoretical_ops,0.6,4,0.3,10,True,generous,1,True,True,a -> r1 -> b,37,0.7383201074712685,best of 1 candidate route(s) evaluated in hindsight - not an online-implementable strategy
R04_planner_evolution:chain1@theoretical_ops:c2af88cc92855437:L2-R:2:R04_planner_evolution-intent,L2-R,iterative_resource_aware,DELIVERY_TARGET_EXCEEDS_WINDOW,chain1,theoretical_ops,0.6,4,0.3,10,True,generous,2,True,True,a -> r1 -> b,50,0.740486475328713,best of 1 candidate route(s) evaluated in hindsight - not an online-implementable strategy
R04_planner_evolution:chain1@theoretical_ops:c2af88cc92855437:L2-R:3:R04_planner_evolution-intent,L2-R,iterative_resource_aware,DELIVERY_TARGET_EXCEEDS_WINDOW,chain1,theoretical_ops,0.6,4,0.3,10,True,generous,3,True,True,a -> r1 -> b,53,0.7408417231578882,best of 1 candidate route(s) evaluated in hindsight - not an online-implementable strategy
R04_planner_evolution:chain1@theoretical_ops:c2af88cc92855437:L2-R:5:R04_planner_evolution-intent,L2-R,iterative_resource_aware,DELIVERY_TARGET_EXCEEDS_WINDOW,chain1,theoretical_ops,0.6,4,0.3,10,True,generous,5,True,True,a -> r1 -> b,47,0.7403512537126342,best of 1 candidate route(s) evaluated in hindsight - not an online-implementable strategy
R04_planner_evolution:chain1@theoretical_ops:c2af88cc92855437:L2-R:7:R04_planner_evolution-intent,L2-R,iterative_resource_aware,DELIVERY_TARGET_EXCEEDS_WINDOW,chain1,theoretical_ops,0.6,4,0.3,10,True,generous,7,True,True,a -> r1 -> b,40,0.7388743975706956,best of 1 candidate route(s) evaluated in hindsight - not an online-implementable strategy
R04_planner_evolution:chain1@theoretical_ops:c2af88cc92855437:L2-R:6:R04_planner_evolution-intent,L2-R,iterative_resource_aware,DELIVERY_TARGET_EXCEEDS_WINDOW,chain1,theoretical_ops,0.6,4,0.3,10,True,generous,6,True,True,a -> r1 -> b,45,0.7383521491198187,best of 1 candidate route(s) evaluated in hindsight - not an online-implementable strategy
R04_planner_evolution:chain1@theoretical_ops:c2af88cc92855437:L2-R:9:R04_planner_evolution-intent,L2-R,iterative_resource_aware,DELIVERY_TARGET_EXCEEDS_WINDOW,chain1,theoretical_ops,0.6,4,0.3,10,True,generous,9,True,True,a -> r1 -> b,44,0.7394685855017072,best of 1 candidate route(s) evaluated in hindsight - not an online-implementable strategy
R04_planner_evolution:chain1@theoretical_ops:c2af88cc92855437:L2-R:8:R04_planner_evolution-intent,L2-R,iterative_resource_aware,DELIVERY_TARGET_EXCEEDS_WINDOW,chain1,theoretical_ops,0.6,4,0.3,10,True,generous,8,True,True,a -> r1 -> b,47,0.739638662941968,best of 1 candidate route(s) evaluated in hindsight - not an online-implementable strategy
R04_planner_evolution:chain1@theoretical_ops:005bcadfbb47bfba:L2-R:0:R04_planner_evolution-intent,L2-R,iterative_resource_aware,DELIVERY_TARGET_EXCEEDS_WINDOW,chain1,theoretical_ops,0.66,4,0.3,10,True,generous,0,True,True,a -> r1 -> b,53,0.7406681675151514,best of 1 candidate route(s) evaluated in hindsight - not an online-implementable strategy
R04_planner_evolution:chain1@theoretical_ops:005bcadfbb47bfba:L2-R:1:R04_planner_evolution-intent,L2-R,iterative_resource_aware,DELIVERY_TARGET_EXCEEDS_WINDOW,chain1,theoretical_ops,0.66,4,0.3,10,True,generous,1,True,True,a -> r1 -> b,37,0.7383201074712685,best of 1 candidate route(s) evaluated in hindsight - not an online-implementable strategy
R04_planner_evolution:chain1@theoretical_ops:005bcadfbb47bfba:L2-R:2:R04_planner_evolution-intent,L2-R,iterative_resource_aware,DELIVERY_TARGET_EXCEEDS_WINDOW,chain1,theoretical_ops,0.66,4,0.3,10,True,generous,2,True,True,a -> r1 -> b,50,0.740486475328713,best of 1 candidate route(s) evaluated in hindsight - not an online-implementable strategy
R04_planner_evolution:chain1@theoretical_ops:005bcadfbb47bfba:L2-R:4:R04_planner_evolution-intent,L2-R,iterative_resource_aware,DELIVERY_TARGET_EXCEEDS_WINDOW,chain1,theoretical_ops,0.66,4,0.3,10,True,generous,4,True,True,a -> r1 -> b,46,0.7391090978133681,best of 1 candidate route(s) evaluated in hindsight - not an online-implementable strategy
R04_planner_evolution:chain1@theoretical_ops:005bcadfbb47bfba:L2-R:3:R04_planner_evolution-intent,L2-R,iterative_resource_aware,DELIVERY_TARGET_EXCEEDS_WINDOW,chain1,theoretical_ops,0.66,4,0.3,10,True,generous,3,True,True,a -> r1 -> b,53,0.7408417231578882,best of 1 candidate route(s) evaluated in hindsight - not an online-implementable strategy
R04_planner_evolution:chain1@theoretical_ops:005bcadfbb47bfba:L2-R:5:R04_planner_evolution-intent,L2-R,iterative_resource_aware,DELIVERY_TARGET_EXCEEDS_WINDOW,chain1,theoretical_ops,0.66,4,0.3,10,True,generous,5,True,True,a -> r1 -> b,47,0.7403512537126342,best of 1 candidate route(s) evaluated in hindsight - not an online-implementable strategy
R04_planner_evolution:chain1@theoretical_ops:005bcadfbb47bfba:L2-R:6:R04_planner_evolution-intent,L2-R,iterative_resource_aware,DELIVERY_TARGET_EXCEEDS_WINDOW,chain1,theoretical_ops,0.66,4,0.3,10,True,generous,6,True,True,a -> r1 -> b,45,0.7383521491198187,best of 1 candidate route(s) evaluated in hindsight - not an online-implementable strategy
R04_planner_evolution:chain1@theoretical_ops:005bcadfbb47bfba:L2-R:7:R04_planner_evolution-intent,L2-R,iterative_resource_aware,DELIVERY_TARGET_EXCEEDS_WINDOW,chain1,theoretical_ops,0.66,4,0.3,10,True,generous,7,True,True,a -> r1 -> b,40,0.7388743975706956,best of 1 candidate route(s) evaluated in hindsight - not an online-implementable strategy
R04_planner_evolution:chain1@theoretical_ops:005bcadfbb47bfba:L2-R:8:R04_planner_evolution-intent,L2-R,iterative_resource_aware,DELIVERY_TARGET_EXCEEDS_WINDOW,chain1,theoretical_ops,0.66,4,0.3,10,True,generous,8,True,True,a -> r1 -> b,47,0.739638662941968,best of 1 candidate route(s) evaluated in hindsight - not an online-implementable strategy
R04_planner_evolution:chain1@theoretical_ops:005bcadfbb47bfba:L2-R:9:R04_planner_evolution-intent,L2-R,iterative_resource_aware,DELIVERY_TARGET_EXCEEDS_WINDOW,chain1,theoretical_ops,0.66,4,0.3,10,True,generous,9,True,True,a -> r1 -> b,44,0.7394685855017072,best of 1 candidate route(s) evaluated in hindsight - not an online-implementable strategy
R04_planner_evolution:chain1@theoretical_ops:daee0840955915ba:L2-R:0:R04_planner_evolution-intent,L2-R,iterative_resource_aware,DELIVERY_TARGET_EXCEEDS_WINDOW,chain1,theoretical_ops,0.66,4,0.3,10,False,generous_no_purification,0,True,True,a -> r1 -> b,53,0.7406681675151514,best of 1 candidate route(s) evaluated in hindsight - not an online-implementable strategy
R04_planner_evolution:chain1@theoretical_ops:daee0840955915ba:L2-R:1:R04_planner_evolution-intent,L2-R,iterative_resource_aware,DELIVERY_TARGET_EXCEEDS_WINDOW,chain1,theoretical_ops,0.66,4,0.3,10,False,generous_no_purification,1,True,True,a -> r1 -> b,37,0.7383201074712685,best of 1 candidate route(s) evaluated in hindsight - not an online-implementable strategy
R04_planner_evolution:chain1@theoretical_ops:daee0840955915ba:L2-R:4:R04_planner_evolution-intent,L2-R,iterative_resource_aware,DELIVERY_TARGET_EXCEEDS_WINDOW,chain1,theoretical_ops,0.66,4,0.3,10,False,generous_no_purification,4,True,True,a -> r1 -> b,46,0.7391090978133681,best of 1 candidate route(s) evaluated in hindsight - not an online-implementable strategy
R04_planner_evolution:chain1@theoretical_ops:daee0840955915ba:L2-R:2:R04_planner_evolution-intent,L2-R,iterative_resource_aware,DELIVERY_TARGET_EXCEEDS_WINDOW,chain1,theoretical_ops,0.66,4,0.3,10,False,generous_no_purification,2,True,True,a -> r1 -> b,50,0.740486475328713,best of 1 candidate route(s) evaluated in hindsight - not an online-implementable strategy
R04_planner_evolution:chain1@theoretical_ops:daee0840955915ba:L2-R:3:R04_planner_evolution-intent,L2-R,iterative_resource_aware,DELIVERY_TARGET_EXCEEDS_WINDOW,chain1,theoretical_ops,0.66,4,0.3,10,False,generous_no_purification,3,True,True,a -> r1 -> b,53,0.7408417231578882,best of 1 candidate route(s) evaluated in hindsight - not an online-implementable strategy
R04_planner_evolution:chain1@theoretical_ops:daee0840955915ba:L2-R:5:R04_planner_evolution-intent,L2-R,iterative_resource_aware,DELIVERY_TARGET_EXCEEDS_WINDOW,chain1,theoretical_ops,0.66,4,0.3,10,False,generous_no_purification,5,True,True,a -> r1 -> b,47,0.7403512537126342,best of 1 candidate route(s) evaluated in hindsight - not an online-implementable strategy
R04_planner_evolution:chain1@theoretical_ops:ff3f5f2625dd694a:L2-R:0:R04_planner_evolution-intent,L2-R,iterative_resource_aware,DELIVERY_TARGET_EXCEEDS_WINDOW,chain1,theoretical_ops,0.6,2,0.1,10,True,marginal_resources,0,True,False,a -> r1 -> b,9,0.7374764235671962,best of 1 candidate route(s) evaluated in hindsight - not an online-implementable strategy
R04_planner_evolution:chain1@theoretical_ops:ff3f5f2625dd694a:L2-RB:0:R04_planner_evolution-intent,L2-RB,iterative_resource_aware_buffered,DELIVERY_TARGET_EXCEEDS_WINDOW,chain1,theoretical_ops,0.6,2,0.1,10,True,marginal_resources,0,True,False,a -> r1 -> b,9,0.7374764235671962,best of 1 candidate route(s) evaluated in hindsight - not an online-implementable strategy
R04_planner_evolution:chain1@theoretical_ops:ff3f5f2625dd694a:L2-R:1:R04_planner_evolution-intent,L2-R,iterative_resource_aware,DELIVERY_TARGET_EXCEEDS_WINDOW,chain1,theoretical_ops,0.6,2,0.1,10,True,marginal_resources,1,True,False,a -> r1 -> b,6,0.7416983263439064,best of 1 candidate route(s) evaluated in hindsight - not an online-implementable strategy
R04_planner_evolution:chain1@theoretical_ops:ff3f5f2625dd694a:L2-RB:1:R04_planner_evolution-intent,L2-RB,iterative_resource_aware_buffered,DELIVERY_TARGET_EXCEEDS_WINDOW,chain1,theoretical_ops,0.6,2,0.1,10,True,marginal_resources,1,True,False,a -> r1 -> b,6,0.7416983263439064,best of 1 candidate route(s) evaluated in hindsight - not an online-implementable strategy
R04_planner_evolution:chain1@theoretical_ops:daee0840955915ba:L2-R:6:R04_planner_evolution-intent,L2-R,iterative_resource_aware,DELIVERY_TARGET_EXCEEDS_WINDOW,chain1,theoretical_ops,0.66,4,0.3,10,False,generous_no_purification,6,True,True,a -> r1 -> b,45,0.7383521491198187,best of 1 candidate route(s) evaluated in hindsight - not an online-implementable strategy
R04_planner_evolution:chain1@theoretical_ops:ff3f5f2625dd694a:L2-R:2:R04_planner_evolution-intent,L2-R,iterative_resource_aware,DELIVERY_TARGET_EXCEEDS_WINDOW,chain1,theoretical_ops,0.6,2,0.1,10,True,marginal_resources,2,True,False,a -> r1 -> b,8,0.7390175690917749,best of 1 candidate route(s) evaluated in hindsight - not an online-implementable strategy
R04_planner_evolution:chain1@theoretical_ops:ff3f5f2625dd694a:L2-RB:2:R04_planner_evolution-intent,L2-RB,iterative_resource_aware_buffered,DELIVERY_TARGET_EXCEEDS_WINDOW,chain1,theoretical_ops,0.6,2,0.1,10,True,marginal_resources,2,True,False,a -> r1 -> b,8,0.7390175690917749,best of 1 candidate route(s) evaluated in hindsight - not an online-implementable strategy
R04_planner_evolution:chain1@theoretical_ops:daee0840955915ba:L2-R:7:R04_planner_evolution-intent,L2-R,iterative_resource_aware,DELIVERY_TARGET_EXCEEDS_WINDOW,chain1,theoretical_ops,0.66,4,0.3,10,False,generous_no_purification,7,True,True,a -> r1 -> b,40,0.7388743975706956,best of 1 candidate route(s) evaluated in hindsight - not an online-implementable strategy
R04_planner_evolution:chain1@theoretical_ops:daee0840955915ba:L2-R:8:R04_planner_evolution-intent,L2-R,iterative_resource_aware,DELIVERY_TARGET_EXCEEDS_WINDOW,chain1,theoretical_ops,0.66,4,0.3,10,False,generous_no_purification,8,True,True,a -> r1 -> b,47,0.739638662941968,best of 1 candidate route(s) evaluated in hindsight - not an online-implementable strategy
R04_planner_evolution:chain1@theoretical_ops:daee0840955915ba:L2-R:9:R04_planner_evolution-intent,L2-R,iterative_resource_aware,DELIVERY_TARGET_EXCEEDS_WINDOW,chain1,theoretical_ops,0.66,4,0.3,10,False,generous_no_purification,9,True,True,a -> r1 -> b,44,0.7394685855017072,best of 1 candidate route(s) evaluated in hindsight - not an online-implementable strategy
R04_planner_evolution:chain1@theoretical_ops:ff3f5f2625dd694a:L2-R:3:R04_planner_evolution-intent,L2-R,iterative_resource_aware,DELIVERY_TARGET_EXCEEDS_WINDOW,chain1,theoretical_ops,0.6,2,0.1,10,True,marginal_resources,3,True,True,a -> r1 -> b,10,0.7398014008961911,best of 1 candidate route(s) evaluated in hindsight - not an online-implementable strategy
R04_planner_evolution:chain1@theoretical_ops:ff3f5f2625dd694a:L2-RB:3:R04_planner_evolution-intent,L2-RB,iterative_resource_aware_buffered,DELIVERY_TARGET_EXCEEDS_WINDOW,chain1,theoretical_ops,0.6,2,0.1,10,True,marginal_resources,3,True,True,a -> r1 -> b,10,0.7398014008961911,best of 1 candidate route(s) evaluated in hindsight - not an online-implementable strategy
R04_planner_evolution:chain1@theoretical_ops:ff3f5f2625dd694a:L2-R:4:R04_planner_evolution-intent,L2-R,iterative_resource_aware,DELIVERY_TARGET_EXCEEDS_WINDOW,chain1,theoretical_ops,0.6,2,0.1,10,True,marginal_resources,4,True,False,a -> r1 -> b,9,0.7363894713919303,best of 1 candidate route(s) evaluated in hindsight - not an online-implementable strategy
R04_planner_evolution:chain1@theoretical_ops:ff3f5f2625dd694a:L2-RB:4:R04_planner_evolution-intent,L2-RB,iterative_resource_aware_buffered,DELIVERY_TARGET_EXCEEDS_WINDOW,chain1,theoretical_ops,0.6,2,0.1,10,True,marginal_resources,4,True,False,a -> r1 -> b,9,0.7363894713919303,best of 1 candidate route(s) evaluated in hindsight - not an online-implementable strategy
R04_planner_evolution:chain1@theoretical_ops:ff3f5f2625dd694a:L2-R:5:R04_planner_evolution-intent,L2-R,iterative_resource_aware,DELIVERY_TARGET_EXCEEDS_WINDOW,chain1,theoretical_ops,0.6,2,0.1,10,True,marginal_resources,5,True,False,a -> r1 -> b,7,0.7379493266245446,best of 1 candidate route(s) evaluated in hindsight - not an online-implementable strategy
R04_planner_evolution:chain1@theoretical_ops:ff3f5f2625dd694a:L2-RB:5:R04_planner_evolution-intent,L2-RB,iterative_resource_aware_buffered,DELIVERY_TARGET_EXCEEDS_WINDOW,chain1,theoretical_ops,0.6,2,0.1,10,True,marginal_resources,5,True,False,a -> r1 -> b,7,0.7379493266245446,best of 1 candidate route(s) evaluated in hindsight - not an online-implementable strategy
R04_planner_evolution:chain1@theoretical_ops:ff3f5f2625dd694a:L2-R:6:R04_planner_evolution-intent,L2-R,iterative_resource_aware,DELIVERY_TARGET_EXCEEDS_WINDOW,chain1,theoretical_ops,0.6,2,0.1,10,True,marginal_resources,6,True,False,a -> r1 -> b,7,0.7361846377120982,best of 1 candidate route(s) evaluated in hindsight - not an online-implementable strategy
R04_planner_evolution:chain1@theoretical_ops:ff3f5f2625dd694a:L2-RB:6:R04_planner_evolution-intent,L2-RB,iterative_resource_aware_buffered,DELIVERY_TARGET_EXCEEDS_WINDOW,chain1,theoretical_ops,0.6,2,0.1,10,True,marginal_resources,6,True,False,a -> r1 -> b,7,0.7361846377120982,best of 1 candidate route(s) evaluated in hindsight - not an online-implementable strategy
R04_planner_evolution:chain1@theoretical_ops:ff3f5f2625dd694a:L2-R:7:R04_planner_evolution-intent,L2-R,iterative_resource_aware,DELIVERY_TARGET_EXCEEDS_WINDOW,chain1,theoretical_ops,0.6,2,0.1,10,True,marginal_resources,7,True,False,a -> r1 -> b,4,0.7352278076434959,best of 1 candidate route(s) evaluated in hindsight - not an online-implementable strategy
R04_planner_evolution:chain1@theoretical_ops:ff3f5f2625dd694a:L2-RB:7:R04_planner_evolution-intent,L2-RB,iterative_resource_aware_buffered,DELIVERY_TARGET_EXCEEDS_WINDOW,chain1,theoretical_ops,0.6,2,0.1,10,True,marginal_resources,7,True,False,a -> r1 -> b,4,0.7352278076434959,best of 1 candidate route(s) evaluated in hindsight - not an online-implementable strategy
R04_planner_evolution:chain1@theoretical_ops:ff3f5f2625dd694a:L2-R:8:R04_planner_evolution-intent,L2-R,iterative_resource_aware,DELIVERY_TARGET_EXCEEDS_WINDOW,chain1,theoretical_ops,0.6,2,0.1,10,True,marginal_resources,8,True,True,a -> r1 -> b,11,0.7407880664977811,best of 1 candidate route(s) evaluated in hindsight - not an online-implementable strategy
R04_planner_evolution:chain1@theoretical_ops:ff3f5f2625dd694a:L2-RB:8:R04_planner_evolution-intent,L2-RB,iterative_resource_aware_buffered,DELIVERY_TARGET_EXCEEDS_WINDOW,chain1,theoretical_ops,0.6,2,0.1,10,True,marginal_resources,8,True,True,a -> r1 -> b,11,0.7407880664977811,best of 1 candidate route(s) evaluated in hindsight - not an online-implementable strategy
R04_planner_evolution:chain1@theoretical_ops:ff3f5f2625dd694a:L2-R:9:R04_planner_evolution-intent,L2-R,iterative_resource_aware,DELIVERY_TARGET_EXCEEDS_WINDOW,chain1,theoretical_ops,0.6,2,0.1,10,True,marginal_resources,9,True,False,a -> r1 -> b,9,0.7421243015708011,best of 1 candidate route(s) evaluated in hindsight - not an online-implementable strategy
R04_planner_evolution:chain1@theoretical_ops:ff3f5f2625dd694a:L2-RB:9:R04_planner_evolution-intent,L2-RB,iterative_resource_aware_buffered,DELIVERY_TARGET_EXCEEDS_WINDOW,chain1,theoretical_ops,0.6,2,0.1,10,True,marginal_resources,9,True,False,a -> r1 -> b,9,0.7421243015708011,best of 1 candidate route(s) evaluated in hindsight - not an online-implementable strategy
R04_planner_evolution:chain1@theoretical_ops:7d2b6eae15e458fa:L2-R:0:R04_planner_evolution-intent,L2-R,iterative_resource_aware,DELIVERY_TARGET_EXCEEDS_WINDOW,chain1,theoretical_ops,0.7,4,0.3,10,True,marginal_fidelity,0,True,True,a -> r1 -> b,53,0.7406681675151514,best of 1 candidate route(s) evaluated in hindsight - not an online-implementable strategy
R04_planner_evolution:chain1@theoretical_ops:7d2b6eae15e458fa:L2-R:1:R04_planner_evolution-intent,L2-R,iterative_resource_aware,DELIVERY_TARGET_EXCEEDS_WINDOW,chain1,theoretical_ops,0.7,4,0.3,10,True,marginal_fidelity,1,True,True,a -> r1 -> b,37,0.7383201074712685,best of 1 candidate route(s) evaluated in hindsight - not an online-implementable strategy
R04_planner_evolution:chain1@theoretical_ops:7d2b6eae15e458fa:L2-R:4:R04_planner_evolution-intent,L2-R,iterative_resource_aware,DELIVERY_TARGET_EXCEEDS_WINDOW,chain1,theoretical_ops,0.7,4,0.3,10,True,marginal_fidelity,4,True,True,a -> r1 -> b,46,0.7391090978133681,best of 1 candidate route(s) evaluated in hindsight - not an online-implementable strategy
R04_planner_evolution:chain1@theoretical_ops:7d2b6eae15e458fa:L2-R:2:R04_planner_evolution-intent,L2-R,iterative_resource_aware,DELIVERY_TARGET_EXCEEDS_WINDOW,chain1,theoretical_ops,0.7,4,0.3,10,True,marginal_fidelity,2,True,True,a -> r1 -> b,50,0.740486475328713,best of 1 candidate route(s) evaluated in hindsight - not an online-implementable strategy
R04_planner_evolution:chain1@theoretical_ops:7d2b6eae15e458fa:L2-R:3:R04_planner_evolution-intent,L2-R,iterative_resource_aware,DELIVERY_TARGET_EXCEEDS_WINDOW,chain1,theoretical_ops,0.7,4,0.3,10,True,marginal_fidelity,3,True,True,a -> r1 -> b,53,0.7408417231578882,best of 1 candidate route(s) evaluated in hindsight - not an online-implementable strategy
R04_planner_evolution:chain1@theoretical_ops:7d2b6eae15e458fa:L2-R:5:R04_planner_evolution-intent,L2-R,iterative_resource_aware,DELIVERY_TARGET_EXCEEDS_WINDOW,chain1,theoretical_ops,0.7,4,0.3,10,True,marginal_fidelity,5,True,True,a -> r1 -> b,47,0.7403512537126342,best of 1 candidate route(s) evaluated in hindsight - not an online-implementable strategy
R04_planner_evolution:chain1@theoretical_ops:7d2b6eae15e458fa:L2-R:8:R04_planner_evolution-intent,L2-R,iterative_resource_aware,DELIVERY_TARGET_EXCEEDS_WINDOW,chain1,theoretical_ops,0.7,4,0.3,10,True,marginal_fidelity,8,True,True,a -> r1 -> b,47,0.739638662941968,best of 1 candidate route(s) evaluated in hindsight - not an online-implementable strategy
R04_planner_evolution:chain1@theoretical_ops:7d2b6eae15e458fa:L2-R:6:R04_planner_evolution-intent,L2-R,iterative_resource_aware,DELIVERY_TARGET_EXCEEDS_WINDOW,chain1,theoretical_ops,0.7,4,0.3,10,True,marginal_fidelity,6,True,True,a -> r1 -> b,38,0.7392825837356025,best of 1 candidate route(s) evaluated in hindsight - not an online-implementable strategy
R04_planner_evolution:chain1@theoretical_ops:7d2b6eae15e458fa:L2-R:7:R04_planner_evolution-intent,L2-R,iterative_resource_aware,DELIVERY_TARGET_EXCEEDS_WINDOW,chain1,theoretical_ops,0.7,4,0.3,10,True,marginal_fidelity,7,True,True,a -> r1 -> b,40,0.7388743975706956,best of 1 candidate route(s) evaluated in hindsight - not an online-implementable strategy
R04_planner_evolution:chain1@theoretical_ops:7d2b6eae15e458fa:L2-R:9:R04_planner_evolution-intent,L2-R,iterative_resource_aware,DELIVERY_TARGET_EXCEEDS_WINDOW,chain1,theoretical_ops,0.7,4,0.3,10,True,marginal_fidelity,9,True,True,a -> r1 -> b,44,0.7394685855017072,best of 1 candidate route(s) evaluated in hindsight - not an online-implementable strategy
R04_planner_evolution:chain1@theoretical_ops:b1ed1768ad39c6dd:L2-R:0:R04_planner_evolution-intent,L2-R,iterative_resource_aware,DELIVERY_TARGET_EXCEEDS_WINDOW,chain1,theoretical_ops,0.76,4,0.3,10,True,purification_1_round,0,True,True,a -> r1 -> b,14,0.7751454719143517,best of 1 candidate route(s) evaluated in hindsight - not an online-implementable strategy
R04_planner_evolution:chain1@theoretical_ops:b1ed1768ad39c6dd:L2-R:1:R04_planner_evolution-intent,L2-R,iterative_resource_aware,DELIVERY_TARGET_EXCEEDS_WINDOW,chain1,theoretical_ops,0.76,4,0.3,10,True,purification_1_round,1,True,True,a -> r1 -> b,11,0.7747775993494471,best of 1 candidate route(s) evaluated in hindsight - not an online-implementable strategy
R04_planner_evolution:chain1@theoretical_ops:b1ed1768ad39c6dd:L2-R:4:R04_planner_evolution-intent,L2-R,iterative_resource_aware,DELIVERY_TARGET_EXCEEDS_WINDOW,chain1,theoretical_ops,0.76,4,0.3,10,True,purification_1_round,4,True,True,a -> r1 -> b,13,0.7759333848882174,best of 1 candidate route(s) evaluated in hindsight - not an online-implementable strategy
R04_planner_evolution:chain1@theoretical_ops:b1ed1768ad39c6dd:L2-R:2:R04_planner_evolution-intent,L2-R,iterative_resource_aware,DELIVERY_TARGET_EXCEEDS_WINDOW,chain1,theoretical_ops,0.76,4,0.3,10,True,purification_1_round,2,True,True,a -> r1 -> b,12,0.7769516074620682,best of 1 candidate route(s) evaluated in hindsight - not an online-implementable strategy
R04_planner_evolution:chain1@theoretical_ops:b1ed1768ad39c6dd:L2-R:3:R04_planner_evolution-intent,L2-R,iterative_resource_aware,DELIVERY_TARGET_EXCEEDS_WINDOW,chain1,theoretical_ops,0.76,4,0.3,10,True,purification_1_round,3,True,True,a -> r1 -> b,18,0.7760528615197574,best of 1 candidate route(s) evaluated in hindsight - not an online-implementable strategy
R04_planner_evolution:chain1@theoretical_ops:b1ed1768ad39c6dd:L2-R:5:R04_planner_evolution-intent,L2-R,iterative_resource_aware,DELIVERY_TARGET_EXCEEDS_WINDOW,chain1,theoretical_ops,0.76,4,0.3,10,True,purification_1_round,5,True,True,a -> r1 -> b,10,0.7748956000943636,best of 1 candidate route(s) evaluated in hindsight - not an online-implementable strategy
R04_planner_evolution:chain1@theoretical_ops:b1ed1768ad39c6dd:L2-R:6:R04_planner_evolution-intent,L2-R,iterative_resource_aware,DELIVERY_TARGET_EXCEEDS_WINDOW,chain1,theoretical_ops,0.76,4,0.3,10,True,purification_1_round,6,True,True,a -> r1 -> b,14,0.7738749504744583,best of 1 candidate route(s) evaluated in hindsight - not an online-implementable strategy
R04_planner_evolution:chain1@theoretical_ops:b1ed1768ad39c6dd:L2-R:7:R04_planner_evolution-intent,L2-R,iterative_resource_aware,DELIVERY_TARGET_EXCEEDS_WINDOW,chain1,theoretical_ops,0.76,4,0.3,10,True,purification_1_round,7,True,True,a -> r1 -> b,15,0.7762017737485405,best of 1 candidate route(s) evaluated in hindsight - not an online-implementable strategy
R04_planner_evolution:chain1@theoretical_ops:b1ed1768ad39c6dd:L2-R:9:R04_planner_evolution-intent,L2-R,iterative_resource_aware,DELIVERY_TARGET_EXCEEDS_WINDOW,chain1,theoretical_ops,0.76,4,0.3,10,True,purification_1_round,9,True,True,a -> r1 -> b,12,0.7766332335392313,best of 1 candidate route(s) evaluated in hindsight - not an online-implementable strategy
R04_planner_evolution:chain1@theoretical_ops:b1ed1768ad39c6dd:L2-R:8:R04_planner_evolution-intent,L2-R,iterative_resource_aware,DELIVERY_TARGET_EXCEEDS_WINDOW,chain1,theoretical_ops,0.76,4,0.3,10,True,purification_1_round,8,True,True,a -> r1 -> b,13,0.7743484648940574,best of 1 candidate route(s) evaluated in hindsight - not an online-implementable strategy
R04_planner_evolution:chain1@theoretical_ops:63a1bb86ddc0128e:L1:0:R04_planner_evolution-intent,L1,conservative_one_round,no candidate route is feasible: a->r1->b (min_fidelity 0.800 exceeds the achievable estimate 0.784 (one-round static estimate; SeQUeNCe's 'until_target' mode may run a different number of rounds at execution time)),chain1,theoretical_ops,0.8,4,0.3,10,True,purification_2_rounds,0,True,False,a -> r1 -> b,5,0.8033747694349185,best of 1 candidate route(s) evaluated in hindsight - not an online-implementable strategy
R04_planner_evolution:chain1@theoretical_ops:63a1bb86ddc0128e:L2-R:0:R04_planner_evolution-intent,L2-R,iterative_resource_aware,DELIVERY_TARGET_EXCEEDS_WINDOW,chain1,theoretical_ops,0.8,4,0.3,10,True,purification_2_rounds,0,True,False,a -> r1 -> b,5,0.8033747694349185,best of 1 candidate route(s) evaluated in hindsight - not an online-implementable strategy
R04_planner_evolution:chain1@theoretical_ops:63a1bb86ddc0128e:L2-RB:0:R04_planner_evolution-intent,L2-RB,iterative_resource_aware_buffered,DELIVERY_TARGET_EXCEEDS_WINDOW,chain1,theoretical_ops,0.8,4,0.3,10,True,purification_2_rounds,0,True,False,a -> r1 -> b,5,0.8033747694349185,best of 1 candidate route(s) evaluated in hindsight - not an online-implementable strategy
R04_planner_evolution:chain1@theoretical_ops:63a1bb86ddc0128e:L1:1:R04_planner_evolution-intent,L1,conservative_one_round,no candidate route is feasible: a->r1->b (min_fidelity 0.800 exceeds the achievable estimate 0.784 (one-round static estimate; SeQUeNCe's 'until_target' mode may run a different number of rounds at execution time)),chain1,theoretical_ops,0.8,4,0.3,10,True,purification_2_rounds,1,True,False,a -> r1 -> b,4,0.8042833640472946,best of 1 candidate route(s) evaluated in hindsight - not an online-implementable strategy
R04_planner_evolution:chain1@theoretical_ops:63a1bb86ddc0128e:L2-R:1:R04_planner_evolution-intent,L2-R,iterative_resource_aware,DELIVERY_TARGET_EXCEEDS_WINDOW,chain1,theoretical_ops,0.8,4,0.3,10,True,purification_2_rounds,1,True,False,a -> r1 -> b,4,0.8042833640472946,best of 1 candidate route(s) evaluated in hindsight - not an online-implementable strategy
R04_planner_evolution:chain1@theoretical_ops:63a1bb86ddc0128e:L2-RB:1:R04_planner_evolution-intent,L2-RB,iterative_resource_aware_buffered,DELIVERY_TARGET_EXCEEDS_WINDOW,chain1,theoretical_ops,0.8,4,0.3,10,True,purification_2_rounds,1,True,False,a -> r1 -> b,4,0.8042833640472946,best of 1 candidate route(s) evaluated in hindsight - not an online-implementable strategy
R04_planner_evolution:chain1@theoretical_ops:63a1bb86ddc0128e:L1:4:R04_planner_evolution-intent,L1,conservative_one_round,no candidate route is feasible: a->r1->b (min_fidelity 0.800 exceeds the achievable estimate 0.784 (one-round static estimate; SeQUeNCe's 'until_target' mode may run a different number of rounds at execution time)),chain1,theoretical_ops,0.8,4,0.3,10,True,purification_2_rounds,4,True,False,a -> r1 -> b,6,0.8037791974929474,best of 1 candidate route(s) evaluated in hindsight - not an online-implementable strategy
R04_planner_evolution:chain1@theoretical_ops:63a1bb86ddc0128e:L2-R:4:R04_planner_evolution-intent,L2-R,iterative_resource_aware,DELIVERY_TARGET_EXCEEDS_WINDOW,chain1,theoretical_ops,0.8,4,0.3,10,True,purification_2_rounds,4,True,False,a -> r1 -> b,6,0.8037791974929474,best of 1 candidate route(s) evaluated in hindsight - not an online-implementable strategy
R04_planner_evolution:chain1@theoretical_ops:63a1bb86ddc0128e:L2-RB:4:R04_planner_evolution-intent,L2-RB,iterative_resource_aware_buffered,DELIVERY_TARGET_EXCEEDS_WINDOW,chain1,theoretical_ops,0.8,4,0.3,10,True,purification_2_rounds,4,True,False,a -> r1 -> b,6,0.8037791974929474,best of 1 candidate route(s) evaluated in hindsight - not an online-implementable strategy
R04_planner_evolution:chain1@theoretical_ops:63a1bb86ddc0128e:L1:2:R04_planner_evolution-intent,L1,conservative_one_round,no candidate route is feasible: a->r1->b (min_fidelity 0.800 exceeds the achievable estimate 0.784 (one-round static estimate; SeQUeNCe's 'until_target' mode may run a different number of rounds at execution time)),chain1,theoretical_ops,0.8,4,0.3,10,True,purification_2_rounds,2,True,False,a -> r1 -> b,5,0.8028395638752481,best of 1 candidate route(s) evaluated in hindsight - not an online-implementable strategy
R04_planner_evolution:chain1@theoretical_ops:63a1bb86ddc0128e:L2-R:2:R04_planner_evolution-intent,L2-R,iterative_resource_aware,DELIVERY_TARGET_EXCEEDS_WINDOW,chain1,theoretical_ops,0.8,4,0.3,10,True,purification_2_rounds,2,True,False,a -> r1 -> b,5,0.8028395638752481,best of 1 candidate route(s) evaluated in hindsight - not an online-implementable strategy
R04_planner_evolution:chain1@theoretical_ops:63a1bb86ddc0128e:L2-RB:2:R04_planner_evolution-intent,L2-RB,iterative_resource_aware_buffered,DELIVERY_TARGET_EXCEEDS_WINDOW,chain1,theoretical_ops,0.8,4,0.3,10,True,purification_2_rounds,2,True,False,a -> r1 -> b,5,0.8028395638752481,best of 1 candidate route(s) evaluated in hindsight - not an online-implementable strategy
R04_planner_evolution:chain1@theoretical_ops:63a1bb86ddc0128e:L1:3:R04_planner_evolution-intent,L1,conservative_one_round,no candidate route is feasible: a->r1->b (min_fidelity 0.800 exceeds the achievable estimate 0.784 (one-round static estimate; SeQUeNCe's 'until_target' mode may run a different number of rounds at execution time)),chain1,theoretical_ops,0.8,4,0.3,10,True,purification_2_rounds,3,True,False,a -> r1 -> b,4,0.804788845519843,best of 1 candidate route(s) evaluated in hindsight - not an online-implementable strategy
R04_planner_evolution:chain1@theoretical_ops:63a1bb86ddc0128e:L2-R:3:R04_planner_evolution-intent,L2-R,iterative_resource_aware,DELIVERY_TARGET_EXCEEDS_WINDOW,chain1,theoretical_ops,0.8,4,0.3,10,True,purification_2_rounds,3,True,False,a -> r1 -> b,4,0.804788845519843,best of 1 candidate route(s) evaluated in hindsight - not an online-implementable strategy
R04_planner_evolution:chain1@theoretical_ops:63a1bb86ddc0128e:L2-RB:3:R04_planner_evolution-intent,L2-RB,iterative_resource_aware_buffered,DELIVERY_TARGET_EXCEEDS_WINDOW,chain1,theoretical_ops,0.8,4,0.3,10,True,purification_2_rounds,3,True,False,a -> r1 -> b,4,0.804788845519843,best of 1 candidate route(s) evaluated in hindsight - not an online-implementable strategy
R04_planner_evolution:chain1@theoretical_ops:63a1bb86ddc0128e:L1:5:R04_planner_evolution-intent,L1,conservative_one_round,no candidate route is feasible: a->r1->b (min_fidelity 0.800 exceeds the achievable estimate 0.784 (one-round static estimate; SeQUeNCe's 'until_target' mode may run a different number of rounds at execution time)),chain1,theoretical_ops,0.8,4,0.3,10,True,purification_2_rounds,5,True,False,a -> r1 -> b,3,0.8032443307978676,best of 1 candidate route(s) evaluated in hindsight - not an online-implementable strategy
R04_planner_evolution:chain1@theoretical_ops:63a1bb86ddc0128e:L2-R:5:R04_planner_evolution-intent,L2-R,iterative_resource_aware,DELIVERY_TARGET_EXCEEDS_WINDOW,chain1,theoretical_ops,0.8,4,0.3,10,True,purification_2_rounds,5,True,False,a -> r1 -> b,3,0.8032443307978676,best of 1 candidate route(s) evaluated in hindsight - not an online-implementable strategy
R04_planner_evolution:chain1@theoretical_ops:63a1bb86ddc0128e:L2-RB:5:R04_planner_evolution-intent,L2-RB,iterative_resource_aware_buffered,DELIVERY_TARGET_EXCEEDS_WINDOW,chain1,theoretical_ops,0.8,4,0.3,10,True,purification_2_rounds,5,True,False,a -> r1 -> b,3,0.8032443307978676,best of 1 candidate route(s) evaluated in hindsight - not an online-implementable strategy
R04_planner_evolution:chain1@theoretical_ops:63a1bb86ddc0128e:L1:6:R04_planner_evolution-intent,L1,conservative_one_round,no candidate route is feasible: a->r1->b (min_fidelity 0.800 exceeds the achievable estimate 0.784 (one-round static estimate; SeQUeNCe's 'until_target' mode may run a different number of rounds at execution time)),chain1,theoretical_ops,0.8,4,0.3,10,True,purification_2_rounds,6,True,False,a -> r1 -> b,2,0.8051076825401138,best of 1 candidate route(s) evaluated in hindsight - not an online-implementable strategy
R04_planner_evolution:chain1@theoretical_ops:63a1bb86ddc0128e:L2-R:6:R04_planner_evolution-intent,L2-R,iterative_resource_aware,DELIVERY_TARGET_EXCEEDS_WINDOW,chain1,theoretical_ops,0.8,4,0.3,10,True,purification_2_rounds,6,True,False,a -> r1 -> b,2,0.8051076825401138,best of 1 candidate route(s) evaluated in hindsight - not an online-implementable strategy
R04_planner_evolution:chain1@theoretical_ops:63a1bb86ddc0128e:L2-RB:6:R04_planner_evolution-intent,L2-RB,iterative_resource_aware_buffered,DELIVERY_TARGET_EXCEEDS_WINDOW,chain1,theoretical_ops,0.8,4,0.3,10,True,purification_2_rounds,6,True,False,a -> r1 -> b,2,0.8051076825401138,best of 1 candidate route(s) evaluated in hindsight - not an online-implementable strategy
R04_planner_evolution:chain1@theoretical_ops:63a1bb86ddc0128e:L1:7:R04_planner_evolution-intent,L1,conservative_one_round,no candidate route is feasible: a->r1->b (min_fidelity 0.800 exceeds the achievable estimate 0.784 (one-round static estimate; SeQUeNCe's 'until_target' mode may run a different number of rounds at execution time)),chain1,theoretical_ops,0.8,4,0.3,10,True,purification_2_rounds,7,True,False,a -> r1 -> b,0,,best of 1 candidate route(s) evaluated in hindsight - not an online-implementable strategy
R04_planner_evolution:chain1@theoretical_ops:63a1bb86ddc0128e:L2-R:7:R04_planner_evolution-intent,L2-R,iterative_resource_aware,DELIVERY_TARGET_EXCEEDS_WINDOW,chain1,theoretical_ops,0.8,4,0.3,10,True,purification_2_rounds,7,True,False,a -> r1 -> b,0,,best of 1 candidate route(s) evaluated in hindsight - not an online-implementable strategy
R04_planner_evolution:chain1@theoretical_ops:63a1bb86ddc0128e:L2-RB:7:R04_planner_evolution-intent,L2-RB,iterative_resource_aware_buffered,DELIVERY_TARGET_EXCEEDS_WINDOW,chain1,theoretical_ops,0.8,4,0.3,10,True,purification_2_rounds,7,True,False,a -> r1 -> b,0,,best of 1 candidate route(s) evaluated in hindsight - not an online-implementable strategy
R04_planner_evolution:chain1@theoretical_ops:63a1bb86ddc0128e:L1:9:R04_planner_evolution-intent,L1,conservative_one_round,no candidate route is feasible: a->r1->b (min_fidelity 0.800 exceeds the achievable estimate 0.784 (one-round static estimate; SeQUeNCe's 'until_target' mode may run a different number of rounds at execution time)),chain1,theoretical_ops,0.8,4,0.3,10,True,purification_2_rounds,9,True,False,a -> r1 -> b,6,0.8047463105042955,best of 1 candidate route(s) evaluated in hindsight - not an online-implementable strategy
R04_planner_evolution:chain1@theoretical_ops:63a1bb86ddc0128e:L2-R:9:R04_planner_evolution-intent,L2-R,iterative_resource_aware,DELIVERY_TARGET_EXCEEDS_WINDOW,chain1,theoretical_ops,0.8,4,0.3,10,True,purification_2_rounds,9,True,False,a -> r1 -> b,6,0.8047463105042955,best of 1 candidate route(s) evaluated in hindsight - not an online-implementable strategy
R04_planner_evolution:chain1@theoretical_ops:63a1bb86ddc0128e:L2-RB:9:R04_planner_evolution-intent,L2-RB,iterative_resource_aware_buffered,DELIVERY_TARGET_EXCEEDS_WINDOW,chain1,theoretical_ops,0.8,4,0.3,10,True,purification_2_rounds,9,True,False,a -> r1 -> b,6,0.8047463105042955,best of 1 candidate route(s) evaluated in hindsight - not an online-implementable strategy
R04_planner_evolution:chain1@theoretical_ops:63a1bb86ddc0128e:L1:8:R04_planner_evolution-intent,L1,conservative_one_round,no candidate route is feasible: a->r1->b (min_fidelity 0.800 exceeds the achievable estimate 0.784 (one-round static estimate; SeQUeNCe's 'until_target' mode may run a different number of rounds at execution time)),chain1,theoretical_ops,0.8,4,0.3,10,True,purification_2_rounds,8,True,False,a -> r1 -> b,5,0.8032739885093513,best of 1 candidate route(s) evaluated in hindsight - not an online-implementable strategy
R04_planner_evolution:chain1@theoretical_ops:63a1bb86ddc0128e:L2-R:8:R04_planner_evolution-intent,L2-R,iterative_resource_aware,DELIVERY_TARGET_EXCEEDS_WINDOW,chain1,theoretical_ops,0.8,4,0.3,10,True,purification_2_rounds,8,True,False,a -> r1 -> b,5,0.8032739885093513,best of 1 candidate route(s) evaluated in hindsight - not an online-implementable strategy
R04_planner_evolution:chain1@theoretical_ops:63a1bb86ddc0128e:L2-RB:8:R04_planner_evolution-intent,L2-RB,iterative_resource_aware_buffered,DELIVERY_TARGET_EXCEEDS_WINDOW,chain1,theoretical_ops,0.8,4,0.3,10,True,purification_2_rounds,8,True,False,a -> r1 -> b,5,0.8032739885093513,best of 1 candidate route(s) evaluated in hindsight - not an online-implementable strategy
R04_planner_evolution:chain1@theoretical_ops:50fba1d0a97e463f:L1:0:R04_planner_evolution-intent,L1,conservative_one_round,no candidate route is feasible: a->r1->b (min_fidelity 0.800 exceeds the achievable estimate 0.784 (one-round static estimate; SeQUeNCe's 'until_target' mode may run a different number of rounds at execution time)),chain1,theoretical_ops,0.8,4,0.3,3,True,purification_2_rounds_small_goal,0,True,True,a -> r1 -> b,5,0.8033747694349185,best of 1 candidate route(s) evaluated in hindsight - not an online-implementable strategy
R04_planner_evolution:chain1@theoretical_ops:50fba1d0a97e463f:L2-R:0:R04_planner_evolution-intent,L2-R,iterative_resource_aware,DELIVERY_TARGET_EXCEEDS_WINDOW,chain1,theoretical_ops,0.8,4,0.3,3,True,purification_2_rounds_small_goal,0,True,True,a -> r1 -> b,5,0.8033747694349185,best of 1 candidate route(s) evaluated in hindsight - not an online-implementable strategy
R04_planner_evolution:chain1@theoretical_ops:50fba1d0a97e463f:L1:1:R04_planner_evolution-intent,L1,conservative_one_round,no candidate route is feasible: a->r1->b (min_fidelity 0.800 exceeds the achievable estimate 0.784 (one-round static estimate; SeQUeNCe's 'until_target' mode may run a different number of rounds at execution time)),chain1,theoretical_ops,0.8,4,0.3,3,True,purification_2_rounds_small_goal,1,True,True,a -> r1 -> b,4,0.8042833640472946,best of 1 candidate route(s) evaluated in hindsight - not an online-implementable strategy
R04_planner_evolution:chain1@theoretical_ops:50fba1d0a97e463f:L2-R:1:R04_planner_evolution-intent,L2-R,iterative_resource_aware,DELIVERY_TARGET_EXCEEDS_WINDOW,chain1,theoretical_ops,0.8,4,0.3,3,True,purification_2_rounds_small_goal,1,True,True,a -> r1 -> b,4,0.8042833640472946,best of 1 candidate route(s) evaluated in hindsight - not an online-implementable strategy
R04_planner_evolution:chain1@theoretical_ops:50fba1d0a97e463f:L1:4:R04_planner_evolution-intent,L1,conservative_one_round,no candidate route is feasible: a->r1->b (min_fidelity 0.800 exceeds the achievable estimate 0.784 (one-round static estimate; SeQUeNCe's 'until_target' mode may run a different number of rounds at execution time)),chain1,theoretical_ops,0.8,4,0.3,3,True,purification_2_rounds_small_goal,4,True,True,a -> r1 -> b,6,0.8037791974929474,best of 1 candidate route(s) evaluated in hindsight - not an online-implementable strategy
R04_planner_evolution:chain1@theoretical_ops:50fba1d0a97e463f:L2-R:4:R04_planner_evolution-intent,L2-R,iterative_resource_aware,DELIVERY_TARGET_EXCEEDS_WINDOW,chain1,theoretical_ops,0.8,4,0.3,3,True,purification_2_rounds_small_goal,4,True,True,a -> r1 -> b,6,0.8037791974929474,best of 1 candidate route(s) evaluated in hindsight - not an online-implementable strategy
R04_planner_evolution:chain1@theoretical_ops:50fba1d0a97e463f:L1:2:R04_planner_evolution-intent,L1,conservative_one_round,no candidate route is feasible: a->r1->b (min_fidelity 0.800 exceeds the achievable estimate 0.784 (one-round static estimate; SeQUeNCe's 'until_target' mode may run a different number of rounds at execution time)),chain1,theoretical_ops,0.8,4,0.3,3,True,purification_2_rounds_small_goal,2,True,True,a -> r1 -> b,5,0.8028395638752481,best of 1 candidate route(s) evaluated in hindsight - not an online-implementable strategy
R04_planner_evolution:chain1@theoretical_ops:50fba1d0a97e463f:L2-R:2:R04_planner_evolution-intent,L2-R,iterative_resource_aware,DELIVERY_TARGET_EXCEEDS_WINDOW,chain1,theoretical_ops,0.8,4,0.3,3,True,purification_2_rounds_small_goal,2,True,True,a -> r1 -> b,5,0.8028395638752481,best of 1 candidate route(s) evaluated in hindsight - not an online-implementable strategy
R04_planner_evolution:chain1@theoretical_ops:50fba1d0a97e463f:L1:3:R04_planner_evolution-intent,L1,conservative_one_round,no candidate route is feasible: a->r1->b (min_fidelity 0.800 exceeds the achievable estimate 0.784 (one-round static estimate; SeQUeNCe's 'until_target' mode may run a different number of rounds at execution time)),chain1,theoretical_ops,0.8,4,0.3,3,True,purification_2_rounds_small_goal,3,True,True,a -> r1 -> b,4,0.804788845519843,best of 1 candidate route(s) evaluated in hindsight - not an online-implementable strategy
R04_planner_evolution:chain1@theoretical_ops:50fba1d0a97e463f:L2-R:3:R04_planner_evolution-intent,L2-R,iterative_resource_aware,DELIVERY_TARGET_EXCEEDS_WINDOW,chain1,theoretical_ops,0.8,4,0.3,3,True,purification_2_rounds_small_goal,3,True,True,a -> r1 -> b,4,0.804788845519843,best of 1 candidate route(s) evaluated in hindsight - not an online-implementable strategy
R04_planner_evolution:chain1@theoretical_ops:50fba1d0a97e463f:L1:5:R04_planner_evolution-intent,L1,conservative_one_round,no candidate route is feasible: a->r1->b (min_fidelity 0.800 exceeds the achievable estimate 0.784 (one-round static estimate; SeQUeNCe's 'until_target' mode may run a different number of rounds at execution time)),chain1,theoretical_ops,0.8,4,0.3,3,True,purification_2_rounds_small_goal,5,True,True,a -> r1 -> b,3,0.8032443307978676,best of 1 candidate route(s) evaluated in hindsight - not an online-implementable strategy
R04_planner_evolution:chain1@theoretical_ops:50fba1d0a97e463f:L2-R:5:R04_planner_evolution-intent,L2-R,iterative_resource_aware,DELIVERY_TARGET_EXCEEDS_WINDOW,chain1,theoretical_ops,0.8,4,0.3,3,True,purification_2_rounds_small_goal,5,True,True,a -> r1 -> b,3,0.8032443307978676,best of 1 candidate route(s) evaluated in hindsight - not an online-implementable strategy
R04_planner_evolution:chain1@theoretical_ops:50fba1d0a97e463f:L1:6:R04_planner_evolution-intent,L1,conservative_one_round,no candidate route is feasible: a->r1->b (min_fidelity 0.800 exceeds the achievable estimate 0.784 (one-round static estimate; SeQUeNCe's 'until_target' mode may run a different number of rounds at execution time)),chain1,theoretical_ops,0.8,4,0.3,3,True,purification_2_rounds_small_goal,6,True,False,a -> r1 -> b,2,0.8051076825401138,best of 1 candidate route(s) evaluated in hindsight - not an online-implementable strategy
R04_planner_evolution:chain1@theoretical_ops:50fba1d0a97e463f:L2-R:6:R04_planner_evolution-intent,L2-R,iterative_resource_aware,DELIVERY_TARGET_EXCEEDS_WINDOW,chain1,theoretical_ops,0.8,4,0.3,3,True,purification_2_rounds_small_goal,6,True,False,a -> r1 -> b,2,0.8051076825401138,best of 1 candidate route(s) evaluated in hindsight - not an online-implementable strategy
R04_planner_evolution:chain1@theoretical_ops:50fba1d0a97e463f:L1:7:R04_planner_evolution-intent,L1,conservative_one_round,no candidate route is feasible: a->r1->b (min_fidelity 0.800 exceeds the achievable estimate 0.784 (one-round static estimate; SeQUeNCe's 'until_target' mode may run a different number of rounds at execution time)),chain1,theoretical_ops,0.8,4,0.3,3,True,purification_2_rounds_small_goal,7,True,False,a -> r1 -> b,0,,best of 1 candidate route(s) evaluated in hindsight - not an online-implementable strategy
R04_planner_evolution:chain1@theoretical_ops:50fba1d0a97e463f:L2-R:7:R04_planner_evolution-intent,L2-R,iterative_resource_aware,DELIVERY_TARGET_EXCEEDS_WINDOW,chain1,theoretical_ops,0.8,4,0.3,3,True,purification_2_rounds_small_goal,7,True,False,a -> r1 -> b,0,,best of 1 candidate route(s) evaluated in hindsight - not an online-implementable strategy
R04_planner_evolution:chain1@theoretical_ops:50fba1d0a97e463f:L1:8:R04_planner_evolution-intent,L1,conservative_one_round,no candidate route is feasible: a->r1->b (min_fidelity 0.800 exceeds the achievable estimate 0.784 (one-round static estimate; SeQUeNCe's 'until_target' mode may run a different number of rounds at execution time)),chain1,theoretical_ops,0.8,4,0.3,3,True,purification_2_rounds_small_goal,8,True,True,a -> r1 -> b,5,0.8032739885093513,best of 1 candidate route(s) evaluated in hindsight - not an online-implementable strategy
R04_planner_evolution:chain1@theoretical_ops:50fba1d0a97e463f:L2-R:8:R04_planner_evolution-intent,L2-R,iterative_resource_aware,DELIVERY_TARGET_EXCEEDS_WINDOW,chain1,theoretical_ops,0.8,4,0.3,3,True,purification_2_rounds_small_goal,8,True,True,a -> r1 -> b,5,0.8032739885093513,best of 1 candidate route(s) evaluated in hindsight - not an online-implementable strategy
R04_planner_evolution:chain1@theoretical_ops:50fba1d0a97e463f:L1:9:R04_planner_evolution-intent,L1,conservative_one_round,no candidate route is feasible: a->r1->b (min_fidelity 0.800 exceeds the achievable estimate 0.784 (one-round static estimate; SeQUeNCe's 'until_target' mode may run a different number of rounds at execution time)),chain1,theoretical_ops,0.8,4,0.3,3,True,purification_2_rounds_small_goal,9,True,True,a -> r1 -> b,6,0.8047463105042955,best of 1 candidate route(s) evaluated in hindsight - not an online-implementable strategy
R04_planner_evolution:chain1@theoretical_ops:50fba1d0a97e463f:L2-R:9:R04_planner_evolution-intent,L2-R,iterative_resource_aware,DELIVERY_TARGET_EXCEEDS_WINDOW,chain1,theoretical_ops,0.8,4,0.3,3,True,purification_2_rounds_small_goal,9,True,True,a -> r1 -> b,6,0.8047463105042955,best of 1 candidate route(s) evaluated in hindsight - not an online-implementable strategy
R04_planner_evolution:chain2@theoretical_ops:35114816c173e43b:L2-R:0:R04_planner_evolution-intent,L2-R,iterative_resource_aware,DELIVERY_TARGET_EXCEEDS_WINDOW,chain2,theoretical_ops,0.5,4,0.3,10,True,generous,0,True,True,a -> r1 -> r2 -> b,49,0.6446403874892379,best of 1 candidate route(s) evaluated in hindsight - not an online-implementable strategy
R04_planner_evolution:chain2@theoretical_ops:35114816c173e43b:L2-R:1:R04_planner_evolution-intent,L2-R,iterative_resource_aware,DELIVERY_TARGET_EXCEEDS_WINDOW,chain2,theoretical_ops,0.5,4,0.3,10,True,generous,1,True,True,a -> r1 -> r2 -> b,38,0.6412702217145378,best of 1 candidate route(s) evaluated in hindsight - not an online-implementable strategy
R04_planner_evolution:chain2@theoretical_ops:35114816c173e43b:L2-R:2:R04_planner_evolution-intent,L2-R,iterative_resource_aware,DELIVERY_TARGET_EXCEEDS_WINDOW,chain2,theoretical_ops,0.5,4,0.3,10,True,generous,2,True,True,a -> r1 -> r2 -> b,40,0.642407643059613,best of 1 candidate route(s) evaluated in hindsight - not an online-implementable strategy
R04_planner_evolution:chain2@theoretical_ops:35114816c173e43b:L2-R:3:R04_planner_evolution-intent,L2-R,iterative_resource_aware,DELIVERY_TARGET_EXCEEDS_WINDOW,chain2,theoretical_ops,0.5,4,0.3,10,True,generous,3,True,True,a -> r1 -> r2 -> b,51,0.6460865075314574,best of 1 candidate route(s) evaluated in hindsight - not an online-implementable strategy
R04_planner_evolution:chain2@theoretical_ops:35114816c173e43b:L2-R:4:R04_planner_evolution-intent,L2-R,iterative_resource_aware,DELIVERY_TARGET_EXCEEDS_WINDOW,chain2,theoretical_ops,0.5,4,0.3,10,True,generous,4,True,True,a -> r1 -> r2 -> b,47,0.6464001890011027,best of 1 candidate route(s) evaluated in hindsight - not an online-implementable strategy
R04_planner_evolution:chain2@theoretical_ops:35114816c173e43b:L2-R:5:R04_planner_evolution-intent,L2-R,iterative_resource_aware,DELIVERY_TARGET_EXCEEDS_WINDOW,chain2,theoretical_ops,0.5,4,0.3,10,True,generous,5,True,True,a -> r1 -> r2 -> b,44,0.6459266023568144,best of 1 candidate route(s) evaluated in hindsight - not an online-implementable strategy
R04_planner_evolution:chain2@theoretical_ops:35114816c173e43b:L2-R:7:R04_planner_evolution-intent,L2-R,iterative_resource_aware,DELIVERY_TARGET_EXCEEDS_WINDOW,chain2,theoretical_ops,0.5,4,0.3,10,True,generous,7,True,True,a -> r1 -> r2 -> b,38,0.6425315218125792,best of 1 candidate route(s) evaluated in hindsight - not an online-implementable strategy
R04_planner_evolution:chain2@theoretical_ops:35114816c173e43b:L2-R:6:R04_planner_evolution-intent,L2-R,iterative_resource_aware,DELIVERY_TARGET_EXCEEDS_WINDOW,chain2,theoretical_ops,0.5,4,0.3,10,True,generous,6,True,True,a -> r1 -> r2 -> b,44,0.6427793329896567,best of 1 candidate route(s) evaluated in hindsight - not an online-implementable strategy
R04_planner_evolution:chain2@theoretical_ops:35114816c173e43b:L2-R:8:R04_planner_evolution-intent,L2-R,iterative_resource_aware,DELIVERY_TARGET_EXCEEDS_WINDOW,chain2,theoretical_ops,0.5,4,0.3,10,True,generous,8,True,True,a -> r1 -> r2 -> b,44,0.6421608632680562,best of 1 candidate route(s) evaluated in hindsight - not an online-implementable strategy
R04_planner_evolution:chain2@theoretical_ops:35114816c173e43b:L2-R:9:R04_planner_evolution-intent,L2-R,iterative_resource_aware,DELIVERY_TARGET_EXCEEDS_WINDOW,chain2,theoretical_ops,0.5,4,0.3,10,True,generous,9,True,True,a -> r1 -> r2 -> b,47,0.6457426080245774,best of 1 candidate route(s) evaluated in hindsight - not an online-implementable strategy
R04_planner_evolution:chain2@theoretical_ops:9541194eafa0a798:L2-R:0:R04_planner_evolution-intent,L2-R,iterative_resource_aware,DELIVERY_TARGET_EXCEEDS_WINDOW,chain2,theoretical_ops,0.56,4,0.3,10,True,generous,0,True,True,a -> r1 -> r2 -> b,49,0.6446403874892379,best of 1 candidate route(s) evaluated in hindsight - not an online-implementable strategy
R04_planner_evolution:chain2@theoretical_ops:9541194eafa0a798:L2-R:2:R04_planner_evolution-intent,L2-R,iterative_resource_aware,DELIVERY_TARGET_EXCEEDS_WINDOW,chain2,theoretical_ops,0.56,4,0.3,10,True,generous,2,True,True,a -> r1 -> r2 -> b,40,0.642407643059613,best of 1 candidate route(s) evaluated in hindsight - not an online-implementable strategy
R04_planner_evolution:chain2@theoretical_ops:9541194eafa0a798:L2-R:1:R04_planner_evolution-intent,L2-R,iterative_resource_aware,DELIVERY_TARGET_EXCEEDS_WINDOW,chain2,theoretical_ops,0.56,4,0.3,10,True,generous,1,True,True,a -> r1 -> r2 -> b,38,0.6412702217145378,best of 1 candidate route(s) evaluated in hindsight - not an online-implementable strategy
R04_planner_evolution:chain2@theoretical_ops:9541194eafa0a798:L2-R:3:R04_planner_evolution-intent,L2-R,iterative_resource_aware,DELIVERY_TARGET_EXCEEDS_WINDOW,chain2,theoretical_ops,0.56,4,0.3,10,True,generous,3,True,True,a -> r1 -> r2 -> b,51,0.6460865075314574,best of 1 candidate route(s) evaluated in hindsight - not an online-implementable strategy
R04_planner_evolution:chain2@theoretical_ops:9541194eafa0a798:L2-R:4:R04_planner_evolution-intent,L2-R,iterative_resource_aware,DELIVERY_TARGET_EXCEEDS_WINDOW,chain2,theoretical_ops,0.56,4,0.3,10,True,generous,4,True,True,a -> r1 -> r2 -> b,47,0.6464001890011027,best of 1 candidate route(s) evaluated in hindsight - not an online-implementable strategy
R04_planner_evolution:chain2@theoretical_ops:9541194eafa0a798:L2-R:5:R04_planner_evolution-intent,L2-R,iterative_resource_aware,DELIVERY_TARGET_EXCEEDS_WINDOW,chain2,theoretical_ops,0.56,4,0.3,10,True,generous,5,True,True,a -> r1 -> r2 -> b,44,0.6459266023568144,best of 1 candidate route(s) evaluated in hindsight - not an online-implementable strategy
R04_planner_evolution:chain2@theoretical_ops:9541194eafa0a798:L2-R:7:R04_planner_evolution-intent,L2-R,iterative_resource_aware,DELIVERY_TARGET_EXCEEDS_WINDOW,chain2,theoretical_ops,0.56,4,0.3,10,True,generous,7,True,True,a -> r1 -> r2 -> b,38,0.6425315218125792,best of 1 candidate route(s) evaluated in hindsight - not an online-implementable strategy
R04_planner_evolution:chain2@theoretical_ops:9541194eafa0a798:L2-R:8:R04_planner_evolution-intent,L2-R,iterative_resource_aware,DELIVERY_TARGET_EXCEEDS_WINDOW,chain2,theoretical_ops,0.56,4,0.3,10,True,generous,8,True,True,a -> r1 -> r2 -> b,44,0.6421608632680562,best of 1 candidate route(s) evaluated in hindsight - not an online-implementable strategy
R04_planner_evolution:chain2@theoretical_ops:9541194eafa0a798:L2-R:6:R04_planner_evolution-intent,L2-R,iterative_resource_aware,DELIVERY_TARGET_EXCEEDS_WINDOW,chain2,theoretical_ops,0.56,4,0.3,10,True,generous,6,True,True,a -> r1 -> r2 -> b,44,0.6427793329896567,best of 1 candidate route(s) evaluated in hindsight - not an online-implementable strategy
R04_planner_evolution:chain2@theoretical_ops:9541194eafa0a798:L2-R:9:R04_planner_evolution-intent,L2-R,iterative_resource_aware,DELIVERY_TARGET_EXCEEDS_WINDOW,chain2,theoretical_ops,0.56,4,0.3,10,True,generous,9,True,True,a -> r1 -> r2 -> b,47,0.6457426080245774,best of 1 candidate route(s) evaluated in hindsight - not an online-implementable strategy
R04_planner_evolution:chain2@theoretical_ops:adcdd30708e704ad:L2-R:0:R04_planner_evolution-intent,L2-R,iterative_resource_aware,DELIVERY_TARGET_EXCEEDS_WINDOW,chain2,theoretical_ops,0.56,4,0.3,10,False,generous_no_purification,0,True,True,a -> r1 -> r2 -> b,49,0.6446403874892379,best of 1 candidate route(s) evaluated in hindsight - not an online-implementable strategy
R04_planner_evolution:chain2@theoretical_ops:adcdd30708e704ad:L2-R:2:R04_planner_evolution-intent,L2-R,iterative_resource_aware,DELIVERY_TARGET_EXCEEDS_WINDOW,chain2,theoretical_ops,0.56,4,0.3,10,False,generous_no_purification,2,True,True,a -> r1 -> r2 -> b,40,0.642407643059613,best of 1 candidate route(s) evaluated in hindsight - not an online-implementable strategy
R04_planner_evolution:chain2@theoretical_ops:adcdd30708e704ad:L2-R:1:R04_planner_evolution-intent,L2-R,iterative_resource_aware,DELIVERY_TARGET_EXCEEDS_WINDOW,chain2,theoretical_ops,0.56,4,0.3,10,False,generous_no_purification,1,True,True,a -> r1 -> r2 -> b,38,0.6412702217145378,best of 1 candidate route(s) evaluated in hindsight - not an online-implementable strategy
R04_planner_evolution:chain2@theoretical_ops:adcdd30708e704ad:L2-R:3:R04_planner_evolution-intent,L2-R,iterative_resource_aware,DELIVERY_TARGET_EXCEEDS_WINDOW,chain2,theoretical_ops,0.56,4,0.3,10,False,generous_no_purification,3,True,True,a -> r1 -> r2 -> b,51,0.6460865075314574,best of 1 candidate route(s) evaluated in hindsight - not an online-implementable strategy
R04_planner_evolution:chain2@theoretical_ops:adcdd30708e704ad:L2-R:4:R04_planner_evolution-intent,L2-R,iterative_resource_aware,DELIVERY_TARGET_EXCEEDS_WINDOW,chain2,theoretical_ops,0.56,4,0.3,10,False,generous_no_purification,4,True,True,a -> r1 -> r2 -> b,47,0.6464001890011027,best of 1 candidate route(s) evaluated in hindsight - not an online-implementable strategy
R04_planner_evolution:chain2@theoretical_ops:adcdd30708e704ad:L2-R:5:R04_planner_evolution-intent,L2-R,iterative_resource_aware,DELIVERY_TARGET_EXCEEDS_WINDOW,chain2,theoretical_ops,0.56,4,0.3,10,False,generous_no_purification,5,True,True,a -> r1 -> r2 -> b,44,0.6459266023568144,best of 1 candidate route(s) evaluated in hindsight - not an online-implementable strategy
R04_planner_evolution:chain2@theoretical_ops:1fff15cec592be12:L2-R:0:R04_planner_evolution-intent,L2-R,iterative_resource_aware,DELIVERY_TARGET_EXCEEDS_WINDOW,chain2,theoretical_ops,0.5,2,0.1,10,True,marginal_resources,0,True,False,a -> r1 -> r2 -> b,6,0.6420608801450655,best of 1 candidate route(s) evaluated in hindsight - not an online-implementable strategy
R04_planner_evolution:chain2@theoretical_ops:1fff15cec592be12:L2-RB:0:R04_planner_evolution-intent,L2-RB,iterative_resource_aware_buffered,DELIVERY_TARGET_EXCEEDS_WINDOW,chain2,theoretical_ops,0.5,2,0.1,10,True,marginal_resources,0,True,False,a -> r1 -> r2 -> b,6,0.6420608801450655,best of 1 candidate route(s) evaluated in hindsight - not an online-implementable strategy
R04_planner_evolution:chain2@theoretical_ops:1fff15cec592be12:L2-R:1:R04_planner_evolution-intent,L2-R,iterative_resource_aware,DELIVERY_TARGET_EXCEEDS_WINDOW,chain2,theoretical_ops,0.5,2,0.1,10,True,marginal_resources,1,True,False,a -> r1 -> r2 -> b,9,0.640910437104551,best of 1 candidate route(s) evaluated in hindsight - not an online-implementable strategy
R04_planner_evolution:chain2@theoretical_ops:1fff15cec592be12:L2-RB:1:R04_planner_evolution-intent,L2-RB,iterative_resource_aware_buffered,DELIVERY_TARGET_EXCEEDS_WINDOW,chain2,theoretical_ops,0.5,2,0.1,10,True,marginal_resources,1,True,False,a -> r1 -> r2 -> b,9,0.640910437104551,best of 1 candidate route(s) evaluated in hindsight - not an online-implementable strategy
R04_planner_evolution:chain2@theoretical_ops:adcdd30708e704ad:L2-R:7:R04_planner_evolution-intent,L2-R,iterative_resource_aware,DELIVERY_TARGET_EXCEEDS_WINDOW,chain2,theoretical_ops,0.56,4,0.3,10,False,generous_no_purification,7,True,True,a -> r1 -> r2 -> b,38,0.6425315218125792,best of 1 candidate route(s) evaluated in hindsight - not an online-implementable strategy
R04_planner_evolution:chain2@theoretical_ops:adcdd30708e704ad:L2-R:6:R04_planner_evolution-intent,L2-R,iterative_resource_aware,DELIVERY_TARGET_EXCEEDS_WINDOW,chain2,theoretical_ops,0.56,4,0.3,10,False,generous_no_purification,6,True,True,a -> r1 -> r2 -> b,44,0.6427793329896567,best of 1 candidate route(s) evaluated in hindsight - not an online-implementable strategy
R04_planner_evolution:chain2@theoretical_ops:1fff15cec592be12:L2-R:2:R04_planner_evolution-intent,L2-R,iterative_resource_aware,DELIVERY_TARGET_EXCEEDS_WINDOW,chain2,theoretical_ops,0.5,2,0.1,10,True,marginal_resources,2,True,False,a -> r1 -> r2 -> b,4,0.6411078483627773,best of 1 candidate route(s) evaluated in hindsight - not an online-implementable strategy
R04_planner_evolution:chain2@theoretical_ops:1fff15cec592be12:L2-RB:2:R04_planner_evolution-intent,L2-RB,iterative_resource_aware_buffered,DELIVERY_TARGET_EXCEEDS_WINDOW,chain2,theoretical_ops,0.5,2,0.1,10,True,marginal_resources,2,True,False,a -> r1 -> r2 -> b,4,0.6411078483627773,best of 1 candidate route(s) evaluated in hindsight - not an online-implementable strategy
R04_planner_evolution:chain2@theoretical_ops:adcdd30708e704ad:L2-R:8:R04_planner_evolution-intent,L2-R,iterative_resource_aware,DELIVERY_TARGET_EXCEEDS_WINDOW,chain2,theoretical_ops,0.56,4,0.3,10,False,generous_no_purification,8,True,True,a -> r1 -> r2 -> b,44,0.6421608632680562,best of 1 candidate route(s) evaluated in hindsight - not an online-implementable strategy
R04_planner_evolution:chain2@theoretical_ops:1fff15cec592be12:L2-R:3:R04_planner_evolution-intent,L2-R,iterative_resource_aware,DELIVERY_TARGET_EXCEEDS_WINDOW,chain2,theoretical_ops,0.5,2,0.1,10,True,marginal_resources,3,True,True,a -> r1 -> r2 -> b,10,0.6461020459195297,best of 1 candidate route(s) evaluated in hindsight - not an online-implementable strategy
R04_planner_evolution:chain2@theoretical_ops:1fff15cec592be12:L2-RB:3:R04_planner_evolution-intent,L2-RB,iterative_resource_aware_buffered,DELIVERY_TARGET_EXCEEDS_WINDOW,chain2,theoretical_ops,0.5,2,0.1,10,True,marginal_resources,3,True,True,a -> r1 -> r2 -> b,10,0.6461020459195297,best of 1 candidate route(s) evaluated in hindsight - not an online-implementable strategy
R04_planner_evolution:chain2@theoretical_ops:1fff15cec592be12:L2-R:4:R04_planner_evolution-intent,L2-R,iterative_resource_aware,DELIVERY_TARGET_EXCEEDS_WINDOW,chain2,theoretical_ops,0.5,2,0.1,10,True,marginal_resources,4,True,False,a -> r1 -> r2 -> b,4,0.6382879089462891,best of 1 candidate route(s) evaluated in hindsight - not an online-implementable strategy
R04_planner_evolution:chain2@theoretical_ops:1fff15cec592be12:L2-RB:4:R04_planner_evolution-intent,L2-RB,iterative_resource_aware_buffered,DELIVERY_TARGET_EXCEEDS_WINDOW,chain2,theoretical_ops,0.5,2,0.1,10,True,marginal_resources,4,True,False,a -> r1 -> r2 -> b,4,0.6382879089462891,best of 1 candidate route(s) evaluated in hindsight - not an online-implementable strategy
R04_planner_evolution:chain2@theoretical_ops:1fff15cec592be12:L2-R:6:R04_planner_evolution-intent,L2-R,iterative_resource_aware,DELIVERY_TARGET_EXCEEDS_WINDOW,chain2,theoretical_ops,0.5,2,0.1,10,True,marginal_resources,6,True,False,a -> r1 -> r2 -> b,4,0.6360310756703309,best of 1 candidate route(s) evaluated in hindsight - not an online-implementable strategy
R04_planner_evolution:chain2@theoretical_ops:1fff15cec592be12:L2-RB:6:R04_planner_evolution-intent,L2-RB,iterative_resource_aware_buffered,DELIVERY_TARGET_EXCEEDS_WINDOW,chain2,theoretical_ops,0.5,2,0.1,10,True,marginal_resources,6,True,False,a -> r1 -> r2 -> b,4,0.6360310756703309,best of 1 candidate route(s) evaluated in hindsight - not an online-implementable strategy
R04_planner_evolution:chain2@theoretical_ops:1fff15cec592be12:L2-R:5:R04_planner_evolution-intent,L2-R,iterative_resource_aware,DELIVERY_TARGET_EXCEEDS_WINDOW,chain2,theoretical_ops,0.5,2,0.1,10,True,marginal_resources,5,True,False,a -> r1 -> r2 -> b,5,0.6372295907191887,best of 1 candidate route(s) evaluated in hindsight - not an online-implementable strategy
R04_planner_evolution:chain2@theoretical_ops:1fff15cec592be12:L2-RB:5:R04_planner_evolution-intent,L2-RB,iterative_resource_aware_buffered,DELIVERY_TARGET_EXCEEDS_WINDOW,chain2,theoretical_ops,0.5,2,0.1,10,True,marginal_resources,5,True,False,a -> r1 -> r2 -> b,5,0.6372295907191887,best of 1 candidate route(s) evaluated in hindsight - not an online-implementable strategy
R04_planner_evolution:chain2@theoretical_ops:1fff15cec592be12:L2-R:8:R04_planner_evolution-intent,L2-R,iterative_resource_aware,DELIVERY_TARGET_EXCEEDS_WINDOW,chain2,theoretical_ops,0.5,2,0.1,10,True,marginal_resources,8,True,True,a -> r1 -> r2 -> b,10,0.645052123735055,best of 1 candidate route(s) evaluated in hindsight - not an online-implementable strategy
R04_planner_evolution:chain2@theoretical_ops:1fff15cec592be12:L2-RB:8:R04_planner_evolution-intent,L2-RB,iterative_resource_aware_buffered,DELIVERY_TARGET_EXCEEDS_WINDOW,chain2,theoretical_ops,0.5,2,0.1,10,True,marginal_resources,8,True,True,a -> r1 -> r2 -> b,10,0.645052123735055,best of 1 candidate route(s) evaluated in hindsight - not an online-implementable strategy
R04_planner_evolution:chain2@theoretical_ops:1fff15cec592be12:L2-R:7:R04_planner_evolution-intent,L2-R,iterative_resource_aware,DELIVERY_TARGET_EXCEEDS_WINDOW,chain2,theoretical_ops,0.5,2,0.1,10,True,marginal_resources,7,True,False,a -> r1 -> r2 -> b,4,0.6407359385418477,best of 1 candidate route(s) evaluated in hindsight - not an online-implementable strategy
R04_planner_evolution:chain2@theoretical_ops:1fff15cec592be12:L2-RB:7:R04_planner_evolution-intent,L2-RB,iterative_resource_aware_buffered,DELIVERY_TARGET_EXCEEDS_WINDOW,chain2,theoretical_ops,0.5,2,0.1,10,True,marginal_resources,7,True,False,a -> r1 -> r2 -> b,4,0.6407359385418477,best of 1 candidate route(s) evaluated in hindsight - not an online-implementable strategy
R04_planner_evolution:chain2@theoretical_ops:1fff15cec592be12:L2-R:9:R04_planner_evolution-intent,L2-R,iterative_resource_aware,DELIVERY_TARGET_EXCEEDS_WINDOW,chain2,theoretical_ops,0.5,2,0.1,10,True,marginal_resources,9,True,False,a -> r1 -> r2 -> b,9,0.6450149401816427,best of 1 candidate route(s) evaluated in hindsight - not an online-implementable strategy
R04_planner_evolution:chain2@theoretical_ops:1fff15cec592be12:L2-RB:9:R04_planner_evolution-intent,L2-RB,iterative_resource_aware_buffered,DELIVERY_TARGET_EXCEEDS_WINDOW,chain2,theoretical_ops,0.5,2,0.1,10,True,marginal_resources,9,True,False,a -> r1 -> r2 -> b,9,0.6450149401816427,best of 1 candidate route(s) evaluated in hindsight - not an online-implementable strategy
R04_planner_evolution:chain2@theoretical_ops:adcdd30708e704ad:L2-R:9:R04_planner_evolution-intent,L2-R,iterative_resource_aware,DELIVERY_TARGET_EXCEEDS_WINDOW,chain2,theoretical_ops,0.56,4,0.3,10,False,generous_no_purification,9,True,True,a -> r1 -> r2 -> b,47,0.6457426080245774,best of 1 candidate route(s) evaluated in hindsight - not an online-implementable strategy
R04_planner_evolution:chain2@theoretical_ops:8b22cc784106b890:L2-R:0:R04_planner_evolution-intent,L2-R,iterative_resource_aware,DELIVERY_TARGET_EXCEEDS_WINDOW,chain2,theoretical_ops,0.58,4,0.3,10,True,marginal_fidelity,0,True,True,a -> r1 -> r2 -> b,49,0.6446403874892379,best of 1 candidate route(s) evaluated in hindsight - not an online-implementable strategy
R04_planner_evolution:chain2@theoretical_ops:8b22cc784106b890:L2-R:2:R04_planner_evolution-intent,L2-R,iterative_resource_aware,DELIVERY_TARGET_EXCEEDS_WINDOW,chain2,theoretical_ops,0.58,4,0.3,10,True,marginal_fidelity,2,True,True,a -> r1 -> r2 -> b,40,0.642407643059613,best of 1 candidate route(s) evaluated in hindsight - not an online-implementable strategy
R04_planner_evolution:chain2@theoretical_ops:8b22cc784106b890:L2-R:1:R04_planner_evolution-intent,L2-R,iterative_resource_aware,DELIVERY_TARGET_EXCEEDS_WINDOW,chain2,theoretical_ops,0.58,4,0.3,10,True,marginal_fidelity,1,True,True,a -> r1 -> r2 -> b,38,0.6412702217145378,best of 1 candidate route(s) evaluated in hindsight - not an online-implementable strategy
R04_planner_evolution:chain2@theoretical_ops:8b22cc784106b890:L2-R:3:R04_planner_evolution-intent,L2-R,iterative_resource_aware,DELIVERY_TARGET_EXCEEDS_WINDOW,chain2,theoretical_ops,0.58,4,0.3,10,True,marginal_fidelity,3,True,True,a -> r1 -> r2 -> b,51,0.6460865075314574,best of 1 candidate route(s) evaluated in hindsight - not an online-implementable strategy
R04_planner_evolution:chain2@theoretical_ops:8b22cc784106b890:L2-R:4:R04_planner_evolution-intent,L2-R,iterative_resource_aware,DELIVERY_TARGET_EXCEEDS_WINDOW,chain2,theoretical_ops,0.58,4,0.3,10,True,marginal_fidelity,4,True,True,a -> r1 -> r2 -> b,47,0.6464001890011027,best of 1 candidate route(s) evaluated in hindsight - not an online-implementable strategy
R04_planner_evolution:chain2@theoretical_ops:8b22cc784106b890:L2-R:5:R04_planner_evolution-intent,L2-R,iterative_resource_aware,DELIVERY_TARGET_EXCEEDS_WINDOW,chain2,theoretical_ops,0.58,4,0.3,10,True,marginal_fidelity,5,True,True,a -> r1 -> r2 -> b,44,0.6459266023568144,best of 1 candidate route(s) evaluated in hindsight - not an online-implementable strategy
R04_planner_evolution:chain2@theoretical_ops:8b22cc784106b890:L2-R:6:R04_planner_evolution-intent,L2-R,iterative_resource_aware,DELIVERY_TARGET_EXCEEDS_WINDOW,chain2,theoretical_ops,0.58,4,0.3,10,True,marginal_fidelity,6,True,True,a -> r1 -> r2 -> b,44,0.6427793329896567,best of 1 candidate route(s) evaluated in hindsight - not an online-implementable strategy
R04_planner_evolution:chain2@theoretical_ops:8b22cc784106b890:L2-R:7:R04_planner_evolution-intent,L2-R,iterative_resource_aware,DELIVERY_TARGET_EXCEEDS_WINDOW,chain2,theoretical_ops,0.58,4,0.3,10,True,marginal_fidelity,7,True,True,a -> r1 -> r2 -> b,38,0.6425315218125792,best of 1 candidate route(s) evaluated in hindsight - not an online-implementable strategy
R04_planner_evolution:chain2@theoretical_ops:8b22cc784106b890:L2-R:8:R04_planner_evolution-intent,L2-R,iterative_resource_aware,DELIVERY_TARGET_EXCEEDS_WINDOW,chain2,theoretical_ops,0.58,4,0.3,10,True,marginal_fidelity,8,True,True,a -> r1 -> r2 -> b,44,0.6421608632680562,best of 1 candidate route(s) evaluated in hindsight - not an online-implementable strategy
R04_planner_evolution:chain2@theoretical_ops:8b22cc784106b890:L2-R:9:R04_planner_evolution-intent,L2-R,iterative_resource_aware,DELIVERY_TARGET_EXCEEDS_WINDOW,chain2,theoretical_ops,0.58,4,0.3,10,True,marginal_fidelity,9,True,True,a -> r1 -> r2 -> b,47,0.6457426080245774,best of 1 candidate route(s) evaluated in hindsight - not an online-implementable strategy
R04_planner_evolution:chain2@theoretical_ops:d52747e037eb3bf5:L2-R:0:R04_planner_evolution-intent,L2-R,iterative_resource_aware,DELIVERY_TARGET_EXCEEDS_WINDOW,chain2,theoretical_ops,0.67,4,0.3,10,True,purification_1_round,0,True,False,a -> r1 -> r2 -> b,7,0.6780463305595422,best of 1 candidate route(s) evaluated in hindsight - not an online-implementable strategy
R04_planner_evolution:chain2@theoretical_ops:d52747e037eb3bf5:L2-R:2:R04_planner_evolution-intent,L2-R,iterative_resource_aware,DELIVERY_TARGET_EXCEEDS_WINDOW,chain2,theoretical_ops,0.67,4,0.3,10,True,purification_1_round,2,True,False,a -> r1 -> r2 -> b,7,0.6753653571964993,best of 1 candidate route(s) evaluated in hindsight - not an online-implementable strategy
R04_planner_evolution:chain2@theoretical_ops:d52747e037eb3bf5:L2-R:1:R04_planner_evolution-intent,L2-R,iterative_resource_aware,DELIVERY_TARGET_EXCEEDS_WINDOW,chain2,theoretical_ops,0.67,4,0.3,10,True,purification_1_round,1,True,False,a -> r1 -> r2 -> b,5,0.6731148516734999,best of 1 candidate route(s) evaluated in hindsight - not an online-implementable strategy
R04_planner_evolution:chain2@theoretical_ops:d52747e037eb3bf5:L2-R:3:R04_planner_evolution-intent,L2-R,iterative_resource_aware,DELIVERY_TARGET_EXCEEDS_WINDOW,chain2,theoretical_ops,0.67,4,0.3,10,True,purification_1_round,3,True,True,a -> r1 -> r2 -> b,11,0.6792667970043598,best of 1 candidate route(s) evaluated in hindsight - not an online-implementable strategy
R04_planner_evolution:chain2@theoretical_ops:d52747e037eb3bf5:L2-R:4:R04_planner_evolution-intent,L2-R,iterative_resource_aware,DELIVERY_TARGET_EXCEEDS_WINDOW,chain2,theoretical_ops,0.67,4,0.3,10,True,purification_1_round,4,True,True,a -> r1 -> r2 -> b,12,0.6761100818111215,best of 1 candidate route(s) evaluated in hindsight - not an online-implementable strategy
R04_planner_evolution:chain2@theoretical_ops:d52747e037eb3bf5:L2-R:5:R04_planner_evolution-intent,L2-R,iterative_resource_aware,DELIVERY_TARGET_EXCEEDS_WINDOW,chain2,theoretical_ops,0.67,4,0.3,10,True,purification_1_round,5,True,True,a -> r1 -> r2 -> b,11,0.6756259557800773,best of 1 candidate route(s) evaluated in hindsight - not an online-implementable strategy
R04_planner_evolution:chain2@theoretical_ops:d52747e037eb3bf5:L2-R:6:R04_planner_evolution-intent,L2-R,iterative_resource_aware,DELIVERY_TARGET_EXCEEDS_WINDOW,chain2,theoretical_ops,0.67,4,0.3,10,True,purification_1_round,6,True,True,a -> r1 -> r2 -> b,10,0.6756415683733084,best of 1 candidate route(s) evaluated in hindsight - not an online-implementable strategy
R04_planner_evolution:chain2@theoretical_ops:d52747e037eb3bf5:L2-R:7:R04_planner_evolution-intent,L2-R,iterative_resource_aware,DELIVERY_TARGET_EXCEEDS_WINDOW,chain2,theoretical_ops,0.67,4,0.3,10,True,purification_1_round,7,True,False,a -> r1 -> r2 -> b,3,0.6764595312712048,best of 1 candidate route(s) evaluated in hindsight - not an online-implementable strategy
R04_planner_evolution:chain2@theoretical_ops:d52747e037eb3bf5:L2-R:8:R04_planner_evolution-intent,L2-R,iterative_resource_aware,DELIVERY_TARGET_EXCEEDS_WINDOW,chain2,theoretical_ops,0.67,4,0.3,10,True,purification_1_round,8,True,True,a -> r1 -> r2 -> b,10,0.678519059559981,best of 1 candidate route(s) evaluated in hindsight - not an online-implementable strategy
R04_planner_evolution:chain2@theoretical_ops:d52747e037eb3bf5:L2-R:9:R04_planner_evolution-intent,L2-R,iterative_resource_aware,DELIVERY_TARGET_EXCEEDS_WINDOW,chain2,theoretical_ops,0.67,4,0.3,10,True,purification_1_round,9,True,True,a -> r1 -> r2 -> b,12,0.6760852085433173,best of 1 candidate route(s) evaluated in hindsight - not an online-implementable strategy
R04_planner_evolution:chain2@theoretical_ops:7d2b6eae15e458fa:L1:0:R04_planner_evolution-intent,L1,conservative_one_round,no candidate route is feasible: a->r1->r2->b (min_fidelity 0.700 exceeds the achievable estimate 0.683 (one-round static estimate; SeQUeNCe's 'until_target' mode may run a different number of rounds at execution time)),chain2,theoretical_ops,0.7,4,0.3,10,True,purification_2_rounds,0,True,False,a -> r1 -> r2 -> b,1,0.7027270062777146,best of 1 candidate route(s) evaluated in hindsight - not an online-implementable strategy
R04_planner_evolution:chain2@theoretical_ops:7d2b6eae15e458fa:L2-R:0:R04_planner_evolution-intent,L2-R,iterative_resource_aware,DELIVERY_TARGET_EXCEEDS_WINDOW,chain2,theoretical_ops,0.7,4,0.3,10,True,purification_2_rounds,0,True,False,a -> r1 -> r2 -> b,1,0.7027270062777146,best of 1 candidate route(s) evaluated in hindsight - not an online-implementable strategy
R04_planner_evolution:chain2@theoretical_ops:7d2b6eae15e458fa:L2-RB:0:R04_planner_evolution-intent,L2-RB,iterative_resource_aware_buffered,DELIVERY_TARGET_EXCEEDS_WINDOW,chain2,theoretical_ops,0.7,4,0.3,10,True,purification_2_rounds,0,True,False,a -> r1 -> r2 -> b,1,0.7027270062777146,best of 1 candidate route(s) evaluated in hindsight - not an online-implementable strategy
R04_planner_evolution:chain2@theoretical_ops:7d2b6eae15e458fa:L1:2:R04_planner_evolution-intent,L1,conservative_one_round,no candidate route is feasible: a->r1->r2->b (min_fidelity 0.700 exceeds the achievable estimate 0.683 (one-round static estimate; SeQUeNCe's 'until_target' mode may run a different number of rounds at execution time)),chain2,theoretical_ops,0.7,4,0.3,10,True,purification_2_rounds,2,True,False,a -> r1 -> r2 -> b,0,,best of 1 candidate route(s) evaluated in hindsight - not an online-implementable strategy
R04_planner_evolution:chain2@theoretical_ops:7d2b6eae15e458fa:L2-R:2:R04_planner_evolution-intent,L2-R,iterative_resource_aware,DELIVERY_TARGET_EXCEEDS_WINDOW,chain2,theoretical_ops,0.7,4,0.3,10,True,purification_2_rounds,2,True,False,a -> r1 -> r2 -> b,0,,best of 1 candidate route(s) evaluated in hindsight - not an online-implementable strategy
R04_planner_evolution:chain2@theoretical_ops:7d2b6eae15e458fa:L2-RB:2:R04_planner_evolution-intent,L2-RB,iterative_resource_aware_buffered,DELIVERY_TARGET_EXCEEDS_WINDOW,chain2,theoretical_ops,0.7,4,0.3,10,True,purification_2_rounds,2,True,False,a -> r1 -> r2 -> b,0,,best of 1 candidate route(s) evaluated in hindsight - not an online-implementable strategy
R04_planner_evolution:chain2@theoretical_ops:7d2b6eae15e458fa:L1:1:R04_planner_evolution-intent,L1,conservative_one_round,no candidate route is feasible: a->r1->r2->b (min_fidelity 0.700 exceeds the achievable estimate 0.683 (one-round static estimate; SeQUeNCe's 'until_target' mode may run a different number of rounds at execution time)),chain2,theoretical_ops,0.7,4,0.3,10,True,purification_2_rounds,1,True,False,a -> r1 -> r2 -> b,0,,best of 1 candidate route(s) evaluated in hindsight - not an online-implementable strategy
R04_planner_evolution:chain2@theoretical_ops:7d2b6eae15e458fa:L2-R:1:R04_planner_evolution-intent,L2-R,iterative_resource_aware,DELIVERY_TARGET_EXCEEDS_WINDOW,chain2,theoretical_ops,0.7,4,0.3,10,True,purification_2_rounds,1,True,False,a -> r1 -> r2 -> b,0,,best of 1 candidate route(s) evaluated in hindsight - not an online-implementable strategy
R04_planner_evolution:chain2@theoretical_ops:7d2b6eae15e458fa:L2-RB:1:R04_planner_evolution-intent,L2-RB,iterative_resource_aware_buffered,DELIVERY_TARGET_EXCEEDS_WINDOW,chain2,theoretical_ops,0.7,4,0.3,10,True,purification_2_rounds,1,True,False,a -> r1 -> r2 -> b,0,,best of 1 candidate route(s) evaluated in hindsight - not an online-implementable strategy
R04_planner_evolution:chain2@theoretical_ops:7d2b6eae15e458fa:L1:3:R04_planner_evolution-intent,L1,conservative_one_round,no candidate route is feasible: a->r1->r2->b (min_fidelity 0.700 exceeds the achievable estimate 0.683 (one-round static estimate; SeQUeNCe's 'until_target' mode may run a different number of rounds at execution time)),chain2,theoretical_ops,0.7,4,0.3,10,True,purification_2_rounds,3,True,False,a -> r1 -> r2 -> b,2,0.7010227381994565,best of 1 candidate route(s) evaluated in hindsight - not an online-implementable strategy
R04_planner_evolution:chain2@theoretical_ops:7d2b6eae15e458fa:L2-R:3:R04_planner_evolution-intent,L2-R,iterative_resource_aware,DELIVERY_TARGET_EXCEEDS_WINDOW,chain2,theoretical_ops,0.7,4,0.3,10,True,purification_2_rounds,3,True,False,a -> r1 -> r2 -> b,2,0.7010227381994565,best of 1 candidate route(s) evaluated in hindsight - not an online-implementable strategy
R04_planner_evolution:chain2@theoretical_ops:7d2b6eae15e458fa:L2-RB:3:R04_planner_evolution-intent,L2-RB,iterative_resource_aware_buffered,DELIVERY_TARGET_EXCEEDS_WINDOW,chain2,theoretical_ops,0.7,4,0.3,10,True,purification_2_rounds,3,True,False,a -> r1 -> r2 -> b,2,0.7010227381994565,best of 1 candidate route(s) evaluated in hindsight - not an online-implementable strategy
R04_planner_evolution:chain2@theoretical_ops:7d2b6eae15e458fa:L1:4:R04_planner_evolution-intent,L1,conservative_one_round,no candidate route is feasible: a->r1->r2->b (min_fidelity 0.700 exceeds the achievable estimate 0.683 (one-round static estimate; SeQUeNCe's 'until_target' mode may run a different number of rounds at execution time)),chain2,theoretical_ops,0.7,4,0.3,10,True,purification_2_rounds,4,True,False,a -> r1 -> r2 -> b,0,,best of 1 candidate route(s) evaluated in hindsight - not an online-implementable strategy
R04_planner_evolution:chain2@theoretical_ops:7d2b6eae15e458fa:L2-R:4:R04_planner_evolution-intent,L2-R,iterative_resource_aware,DELIVERY_TARGET_EXCEEDS_WINDOW,chain2,theoretical_ops,0.7,4,0.3,10,True,purification_2_rounds,4,True,False,a -> r1 -> r2 -> b,0,,best of 1 candidate route(s) evaluated in hindsight - not an online-implementable strategy
R04_planner_evolution:chain2@theoretical_ops:7d2b6eae15e458fa:L2-RB:4:R04_planner_evolution-intent,L2-RB,iterative_resource_aware_buffered,DELIVERY_TARGET_EXCEEDS_WINDOW,chain2,theoretical_ops,0.7,4,0.3,10,True,purification_2_rounds,4,True,False,a -> r1 -> r2 -> b,0,,best of 1 candidate route(s) evaluated in hindsight - not an online-implementable strategy
R04_planner_evolution:chain2@theoretical_ops:7d2b6eae15e458fa:L1:5:R04_planner_evolution-intent,L1,conservative_one_round,no candidate route is feasible: a->r1->r2->b (min_fidelity 0.700 exceeds the achievable estimate 0.683 (one-round static estimate; SeQUeNCe's 'until_target' mode may run a different number of rounds at execution time)),chain2,theoretical_ops,0.7,4,0.3,10,True,purification_2_rounds,5,True,False,a -> r1 -> r2 -> b,1,0.7020499795227564,best of 1 candidate route(s) evaluated in hindsight - not an online-implementable strategy
R04_planner_evolution:chain2@theoretical_ops:7d2b6eae15e458fa:L2-R:5:R04_planner_evolution-intent,L2-R,iterative_resource_aware,DELIVERY_TARGET_EXCEEDS_WINDOW,chain2,theoretical_ops,0.7,4,0.3,10,True,purification_2_rounds,5,True,False,a -> r1 -> r2 -> b,1,0.7020499795227564,best of 1 candidate route(s) evaluated in hindsight - not an online-implementable strategy
R04_planner_evolution:chain2@theoretical_ops:7d2b6eae15e458fa:L2-RB:5:R04_planner_evolution-intent,L2-RB,iterative_resource_aware_buffered,DELIVERY_TARGET_EXCEEDS_WINDOW,chain2,theoretical_ops,0.7,4,0.3,10,True,purification_2_rounds,5,True,False,a -> r1 -> r2 -> b,1,0.7020499795227564,best of 1 candidate route(s) evaluated in hindsight - not an online-implementable strategy
R04_planner_evolution:chain2@theoretical_ops:7d2b6eae15e458fa:L1:8:R04_planner_evolution-intent,L1,conservative_one_round,no candidate route is feasible: a->r1->r2->b (min_fidelity 0.700 exceeds the achievable estimate 0.683 (one-round static estimate; SeQUeNCe's 'until_target' mode may run a different number of rounds at execution time)),chain2,theoretical_ops,0.7,4,0.3,10,True,purification_2_rounds,8,True,False,a -> r1 -> r2 -> b,1,0.7000074331086488,best of 1 candidate route(s) evaluated in hindsight - not an online-implementable strategy
R04_planner_evolution:chain2@theoretical_ops:7d2b6eae15e458fa:L2-R:8:R04_planner_evolution-intent,L2-R,iterative_resource_aware,DELIVERY_TARGET_EXCEEDS_WINDOW,chain2,theoretical_ops,0.7,4,0.3,10,True,purification_2_rounds,8,True,False,a -> r1 -> r2 -> b,1,0.7000074331086488,best of 1 candidate route(s) evaluated in hindsight - not an online-implementable strategy
R04_planner_evolution:chain2@theoretical_ops:7d2b6eae15e458fa:L2-RB:8:R04_planner_evolution-intent,L2-RB,iterative_resource_aware_buffered,DELIVERY_TARGET_EXCEEDS_WINDOW,chain2,theoretical_ops,0.7,4,0.3,10,True,purification_2_rounds,8,True,False,a -> r1 -> r2 -> b,1,0.7000074331086488,best of 1 candidate route(s) evaluated in hindsight - not an online-implementable strategy
R04_planner_evolution:chain2@theoretical_ops:7d2b6eae15e458fa:L1:6:R04_planner_evolution-intent,L1,conservative_one_round,no candidate route is feasible: a->r1->r2->b (min_fidelity 0.700 exceeds the achievable estimate 0.683 (one-round static estimate; SeQUeNCe's 'until_target' mode may run a different number of rounds at execution time)),chain2,theoretical_ops,0.7,4,0.3,10,True,purification_2_rounds,6,True,False,a -> r1 -> r2 -> b,0,,best of 1 candidate route(s) evaluated in hindsight - not an online-implementable strategy
R04_planner_evolution:chain2@theoretical_ops:7d2b6eae15e458fa:L2-R:6:R04_planner_evolution-intent,L2-R,iterative_resource_aware,DELIVERY_TARGET_EXCEEDS_WINDOW,chain2,theoretical_ops,0.7,4,0.3,10,True,purification_2_rounds,6,True,False,a -> r1 -> r2 -> b,0,,best of 1 candidate route(s) evaluated in hindsight - not an online-implementable strategy
R04_planner_evolution:chain2@theoretical_ops:7d2b6eae15e458fa:L2-RB:6:R04_planner_evolution-intent,L2-RB,iterative_resource_aware_buffered,DELIVERY_TARGET_EXCEEDS_WINDOW,chain2,theoretical_ops,0.7,4,0.3,10,True,purification_2_rounds,6,True,False,a -> r1 -> r2 -> b,0,,best of 1 candidate route(s) evaluated in hindsight - not an online-implementable strategy
R04_planner_evolution:chain2@theoretical_ops:7d2b6eae15e458fa:L1:7:R04_planner_evolution-intent,L1,conservative_one_round,no candidate route is feasible: a->r1->r2->b (min_fidelity 0.700 exceeds the achievable estimate 0.683 (one-round static estimate; SeQUeNCe's 'until_target' mode may run a different number of rounds at execution time)),chain2,theoretical_ops,0.7,4,0.3,10,True,purification_2_rounds,7,True,False,a -> r1 -> r2 -> b,0,,best of 1 candidate route(s) evaluated in hindsight - not an online-implementable strategy
R04_planner_evolution:chain2@theoretical_ops:7d2b6eae15e458fa:L2-R:7:R04_planner_evolution-intent,L2-R,iterative_resource_aware,DELIVERY_TARGET_EXCEEDS_WINDOW,chain2,theoretical_ops,0.7,4,0.3,10,True,purification_2_rounds,7,True,False,a -> r1 -> r2 -> b,0,,best of 1 candidate route(s) evaluated in hindsight - not an online-implementable strategy
R04_planner_evolution:chain2@theoretical_ops:7d2b6eae15e458fa:L2-RB:7:R04_planner_evolution-intent,L2-RB,iterative_resource_aware_buffered,DELIVERY_TARGET_EXCEEDS_WINDOW,chain2,theoretical_ops,0.7,4,0.3,10,True,purification_2_rounds,7,True,False,a -> r1 -> r2 -> b,0,,best of 1 candidate route(s) evaluated in hindsight - not an online-implementable strategy
R04_planner_evolution:chain2@theoretical_ops:7d2b6eae15e458fa:L1:9:R04_planner_evolution-intent,L1,conservative_one_round,no candidate route is feasible: a->r1->r2->b (min_fidelity 0.700 exceeds the achievable estimate 0.683 (one-round static estimate; SeQUeNCe's 'until_target' mode may run a different number of rounds at execution time)),chain2,theoretical_ops,0.7,4,0.3,10,True,purification_2_rounds,9,True,False,a -> r1 -> r2 -> b,1,0.7012977951079408,best of 1 candidate route(s) evaluated in hindsight - not an online-implementable strategy
R04_planner_evolution:chain2@theoretical_ops:7d2b6eae15e458fa:L2-R:9:R04_planner_evolution-intent,L2-R,iterative_resource_aware,DELIVERY_TARGET_EXCEEDS_WINDOW,chain2,theoretical_ops,0.7,4,0.3,10,True,purification_2_rounds,9,True,False,a -> r1 -> r2 -> b,1,0.7012977951079408,best of 1 candidate route(s) evaluated in hindsight - not an online-implementable strategy
R04_planner_evolution:chain2@theoretical_ops:7d2b6eae15e458fa:L2-RB:9:R04_planner_evolution-intent,L2-RB,iterative_resource_aware_buffered,DELIVERY_TARGET_EXCEEDS_WINDOW,chain2,theoretical_ops,0.7,4,0.3,10,True,purification_2_rounds,9,True,False,a -> r1 -> r2 -> b,1,0.7012977951079408,best of 1 candidate route(s) evaluated in hindsight - not an online-implementable strategy
R04_planner_evolution:diamond@theoretical_ops:90a41d4bf318a75f:L2-R:0:R04_planner_evolution-intent,L2-R,iterative_resource_aware,DELIVERY_TARGET_EXCEEDS_WINDOW,diamond,theoretical_ops,0.55,4,0.3,10,True,generous,0,True,True,r1 -> good1 -> good2 -> r3,43,0.6441067331243099,best of 2 candidate route(s) evaluated in hindsight - not an online-implementable strategy
R04_planner_evolution:diamond@theoretical_ops:90a41d4bf318a75f:L2-R:1:R04_planner_evolution-intent,L2-R,iterative_resource_aware,DELIVERY_TARGET_EXCEEDS_WINDOW,diamond,theoretical_ops,0.55,4,0.3,10,True,generous,1,True,True,r1 -> good1 -> good2 -> r3,41,0.6411418396926049,best of 2 candidate route(s) evaluated in hindsight - not an online-implementable strategy
R04_planner_evolution:diamond@theoretical_ops:90a41d4bf318a75f:L2-R:2:R04_planner_evolution-intent,L2-R,iterative_resource_aware,DELIVERY_TARGET_EXCEEDS_WINDOW,diamond,theoretical_ops,0.55,4,0.3,10,True,generous,2,True,True,r1 -> good1 -> good2 -> r3,42,0.6418062851774311,best of 2 candidate route(s) evaluated in hindsight - not an online-implementable strategy
R04_planner_evolution:diamond@theoretical_ops:90a41d4bf318a75f:L2-R:3:R04_planner_evolution-intent,L2-R,iterative_resource_aware,DELIVERY_TARGET_EXCEEDS_WINDOW,diamond,theoretical_ops,0.55,4,0.3,10,True,generous,3,True,True,r1 -> good1 -> good2 -> r3,47,0.6432913044231866,best of 2 candidate route(s) evaluated in hindsight - not an online-implementable strategy
R04_planner_evolution:diamond@theoretical_ops:90a41d4bf318a75f:L2-R:4:R04_planner_evolution-intent,L2-R,iterative_resource_aware,DELIVERY_TARGET_EXCEEDS_WINDOW,diamond,theoretical_ops,0.55,4,0.3,10,True,generous,4,True,True,r1 -> good1 -> good2 -> r3,55,0.6458746749629743,best of 2 candidate route(s) evaluated in hindsight - not an online-implementable strategy
R04_planner_evolution:diamond@theoretical_ops:90a41d4bf318a75f:L2-R:5:R04_planner_evolution-intent,L2-R,iterative_resource_aware,DELIVERY_TARGET_EXCEEDS_WINDOW,diamond,theoretical_ops,0.55,4,0.3,10,True,generous,5,True,True,r1 -> good1 -> good2 -> r3,43,0.6424135289999493,best of 2 candidate route(s) evaluated in hindsight - not an online-implementable strategy
R04_planner_evolution:diamond@theoretical_ops:90a41d4bf318a75f:L2-R:6:R04_planner_evolution-intent,L2-R,iterative_resource_aware,DELIVERY_TARGET_EXCEEDS_WINDOW,diamond,theoretical_ops,0.55,4,0.3,10,True,generous,6,True,True,r1 -> good1 -> good2 -> r3,40,0.6406571140277294,best of 2 candidate route(s) evaluated in hindsight - not an online-implementable strategy
R04_planner_evolution:diamond@theoretical_ops:90a41d4bf318a75f:L2-R:7:R04_planner_evolution-intent,L2-R,iterative_resource_aware,DELIVERY_TARGET_EXCEEDS_WINDOW,diamond,theoretical_ops,0.55,4,0.3,10,True,generous,7,True,True,r1 -> good1 -> good2 -> r3,46,0.644665535701278,best of 2 candidate route(s) evaluated in hindsight - not an online-implementable strategy
R04_planner_evolution:diamond@theoretical_ops:90a41d4bf318a75f:L2-R:8:R04_planner_evolution-intent,L2-R,iterative_resource_aware,DELIVERY_TARGET_EXCEEDS_WINDOW,diamond,theoretical_ops,0.55,4,0.3,10,True,generous,8,True,True,r1 -> good1 -> good2 -> r3,48,0.6452468069843712,best of 2 candidate route(s) evaluated in hindsight - not an online-implementable strategy
R04_planner_evolution:diamond@theoretical_ops:90a41d4bf318a75f:L2-R:9:R04_planner_evolution-intent,L2-R,iterative_resource_aware,DELIVERY_TARGET_EXCEEDS_WINDOW,diamond,theoretical_ops,0.55,4,0.3,10,True,generous,9,True,True,r1 -> good1 -> good2 -> r3,41,0.6426339849993217,best of 2 candidate route(s) evaluated in hindsight - not an online-implementable strategy
R04_planner_evolution:diamond@theoretical_ops:e6af1a36fa71fcc0:L2-R:0:R04_planner_evolution-intent,L2-R,iterative_resource_aware,DELIVERY_TARGET_EXCEEDS_WINDOW,diamond,theoretical_ops,0.65,4,0.3,10,True,marginal_fidelity,0,True,True,r1 -> good1 -> good2 -> r3,11,0.6607926784685728,best of 2 candidate route(s) evaluated in hindsight - not an online-implementable strategy
R04_planner_evolution:diamond@theoretical_ops:e6af1a36fa71fcc0:L2-R:1:R04_planner_evolution-intent,L2-R,iterative_resource_aware,DELIVERY_TARGET_EXCEEDS_WINDOW,diamond,theoretical_ops,0.65,4,0.3,10,True,marginal_fidelity,1,True,True,r1 -> good1 -> good2 -> r3,10,0.6595270795144408,best of 2 candidate route(s) evaluated in hindsight - not an online-implementable strategy
R04_planner_evolution:diamond@theoretical_ops:e6af1a36fa71fcc0:L2-R:3:R04_planner_evolution-intent,L2-R,iterative_resource_aware,DELIVERY_TARGET_EXCEEDS_WINDOW,diamond,theoretical_ops,0.65,4,0.3,10,True,marginal_fidelity,3,True,True,r1 -> good1 -> good2 -> r3,19,0.6597007318424501,best of 2 candidate route(s) evaluated in hindsight - not an online-implementable strategy
R04_planner_evolution:diamond@theoretical_ops:e6af1a36fa71fcc0:L2-R:2:R04_planner_evolution-intent,L2-R,iterative_resource_aware,DELIVERY_TARGET_EXCEEDS_WINDOW,diamond,theoretical_ops,0.65,4,0.3,10,True,marginal_fidelity,2,True,True,r1 -> good1 -> good2 -> r3,13,0.6630017388719256,best of 2 candidate route(s) evaluated in hindsight - not an online-implementable strategy
R04_planner_evolution:diamond@theoretical_ops:e6af1a36fa71fcc0:L2-R:4:R04_planner_evolution-intent,L2-R,iterative_resource_aware,DELIVERY_TARGET_EXCEEDS_WINDOW,diamond,theoretical_ops,0.65,4,0.3,10,True,marginal_fidelity,4,True,True,r1 -> good1 -> good2 -> r3,26,0.659491536605991,best of 2 candidate route(s) evaluated in hindsight - not an online-implementable strategy
R04_planner_evolution:diamond@theoretical_ops:e6af1a36fa71fcc0:L2-R:5:R04_planner_evolution-intent,L2-R,iterative_resource_aware,DELIVERY_TARGET_EXCEEDS_WINDOW,diamond,theoretical_ops,0.65,4,0.3,10,True,marginal_fidelity,5,True,True,r1 -> good1 -> good2 -> r3,17,0.6603705552494681,best of 2 candidate route(s) evaluated in hindsight - not an online-implementable strategy
R04_planner_evolution:diamond@theoretical_ops:e6af1a36fa71fcc0:L2-R:6:R04_planner_evolution-intent,L2-R,iterative_resource_aware,DELIVERY_TARGET_EXCEEDS_WINDOW,diamond,theoretical_ops,0.65,4,0.3,10,True,marginal_fidelity,6,True,True,r1 -> good1 -> good2 -> r3,14,0.6624514142069885,best of 2 candidate route(s) evaluated in hindsight - not an online-implementable strategy
R04_planner_evolution:diamond@theoretical_ops:e6af1a36fa71fcc0:L2-R:7:R04_planner_evolution-intent,L2-R,iterative_resource_aware,DELIVERY_TARGET_EXCEEDS_WINDOW,diamond,theoretical_ops,0.65,4,0.3,10,True,marginal_fidelity,7,True,True,r1 -> good1 -> good2 -> r3,18,0.6594045470437849,best of 2 candidate route(s) evaluated in hindsight - not an online-implementable strategy
R04_planner_evolution:diamond@theoretical_ops:e6af1a36fa71fcc0:L2-R:8:R04_planner_evolution-intent,L2-R,iterative_resource_aware,DELIVERY_TARGET_EXCEEDS_WINDOW,diamond,theoretical_ops,0.65,4,0.3,10,True,marginal_fidelity,8,True,True,r1 -> good1 -> good2 -> r3,19,0.6614952228522732,best of 2 candidate route(s) evaluated in hindsight - not an online-implementable strategy
R04_planner_evolution:diamond@theoretical_ops:e6af1a36fa71fcc0:L2-R:9:R04_planner_evolution-intent,L2-R,iterative_resource_aware,DELIVERY_TARGET_EXCEEDS_WINDOW,diamond,theoretical_ops,0.65,4,0.3,10,True,marginal_fidelity,9,True,True,r1 -> good1 -> good2 -> r3,14,0.6608393892478721,best of 2 candidate route(s) evaluated in hindsight - not an online-implementable strategy
R04_planner_evolution:diamond@theoretical_ops:b97e7403a1035c37:L2-R:0:R04_planner_evolution-intent,L2-R,iterative_resource_aware,DELIVERY_TARGET_EXCEEDS_WINDOW,diamond,theoretical_ops,0.65,4,0.3,1,True,generous_small_goal,0,True,True,r1 -> good1 -> good2 -> r3,11,0.6607926784685728,best of 2 candidate route(s) evaluated in hindsight - not an online-implementable strategy
R04_planner_evolution:diamond@theoretical_ops:b97e7403a1035c37:L2-R:1:R04_planner_evolution-intent,L2-R,iterative_resource_aware,DELIVERY_TARGET_EXCEEDS_WINDOW,diamond,theoretical_ops,0.65,4,0.3,1,True,generous_small_goal,1,True,True,r1 -> good1 -> good2 -> r3,10,0.6595270795144408,best of 2 candidate route(s) evaluated in hindsight - not an online-implementable strategy
R04_planner_evolution:diamond@theoretical_ops:b97e7403a1035c37:L2-R:2:R04_planner_evolution-intent,L2-R,iterative_resource_aware,DELIVERY_TARGET_EXCEEDS_WINDOW,diamond,theoretical_ops,0.65,4,0.3,1,True,generous_small_goal,2,True,True,r1 -> good1 -> good2 -> r3,13,0.6630017388719256,best of 2 candidate route(s) evaluated in hindsight - not an online-implementable strategy
R04_planner_evolution:diamond@theoretical_ops:b97e7403a1035c37:L2-R:4:R04_planner_evolution-intent,L2-R,iterative_resource_aware,DELIVERY_TARGET_EXCEEDS_WINDOW,diamond,theoretical_ops,0.65,4,0.3,1,True,generous_small_goal,4,True,True,r1 -> good1 -> good2 -> r3,26,0.659491536605991,best of 2 candidate route(s) evaluated in hindsight - not an online-implementable strategy
R04_planner_evolution:diamond@theoretical_ops:b97e7403a1035c37:L2-R:3:R04_planner_evolution-intent,L2-R,iterative_resource_aware,DELIVERY_TARGET_EXCEEDS_WINDOW,diamond,theoretical_ops,0.65,4,0.3,1,True,generous_small_goal,3,True,True,r1 -> good1 -> good2 -> r3,19,0.6597007318424501,best of 2 candidate route(s) evaluated in hindsight - not an online-implementable strategy
R04_planner_evolution:diamond@theoretical_ops:b97e7403a1035c37:L2-R:6:R04_planner_evolution-intent,L2-R,iterative_resource_aware,DELIVERY_TARGET_EXCEEDS_WINDOW,diamond,theoretical_ops,0.65,4,0.3,1,True,generous_small_goal,6,True,True,r1 -> good1 -> good2 -> r3,14,0.6624514142069885,best of 2 candidate route(s) evaluated in hindsight - not an online-implementable strategy
R04_planner_evolution:diamond@theoretical_ops:b97e7403a1035c37:L2-R:5:R04_planner_evolution-intent,L2-R,iterative_resource_aware,DELIVERY_TARGET_EXCEEDS_WINDOW,diamond,theoretical_ops,0.65,4,0.3,1,True,generous_small_goal,5,True,True,r1 -> good1 -> good2 -> r3,17,0.6603705552494681,best of 2 candidate route(s) evaluated in hindsight - not an online-implementable strategy
R04_planner_evolution:diamond@theoretical_ops:b97e7403a1035c37:L2-R:9:R04_planner_evolution-intent,L2-R,iterative_resource_aware,DELIVERY_TARGET_EXCEEDS_WINDOW,diamond,theoretical_ops,0.65,4,0.3,1,True,generous_small_goal,9,True,True,r1 -> good1 -> good2 -> r3,14,0.6608393892478721,best of 2 candidate route(s) evaluated in hindsight - not an online-implementable strategy
R04_planner_evolution:diamond@theoretical_ops:b97e7403a1035c37:L2-R:7:R04_planner_evolution-intent,L2-R,iterative_resource_aware,DELIVERY_TARGET_EXCEEDS_WINDOW,diamond,theoretical_ops,0.65,4,0.3,1,True,generous_small_goal,7,True,True,r1 -> good1 -> good2 -> r3,18,0.6594045470437849,best of 2 candidate route(s) evaluated in hindsight - not an online-implementable strategy
R04_planner_evolution:diamond@theoretical_ops:b97e7403a1035c37:L2-R:8:R04_planner_evolution-intent,L2-R,iterative_resource_aware,DELIVERY_TARGET_EXCEEDS_WINDOW,diamond,theoretical_ops,0.65,4,0.3,1,True,generous_small_goal,8,True,True,r1 -> good1 -> good2 -> r3,19,0.6614952228522732,best of 2 candidate route(s) evaluated in hindsight - not an online-implementable strategy
R04_planner_evolution:mesh@theoretical_ops:35114816c173e43b:L2-R:2:R04_planner_evolution-intent,L2-R,iterative_resource_aware,DELIVERY_TARGET_EXCEEDS_WINDOW,mesh,theoretical_ops,0.5,4,0.3,10,True,generous,2,True,True,a0 -> a1 -> b1 -> b2,53,0.6464266935280512,best of 6 candidate route(s) evaluated in hindsight - not an online-implementable strategy
R04_planner_evolution:mesh@theoretical_ops:35114816c173e43b:L2-R:3:R04_planner_evolution-intent,L2-R,iterative_resource_aware,DELIVERY_TARGET_EXCEEDS_WINDOW,mesh,theoretical_ops,0.5,4,0.3,10,True,generous,3,True,True,a0 -> b0 -> b1 -> b2,51,0.6461604378592474,best of 6 candidate route(s) evaluated in hindsight - not an online-implementable strategy
R04_planner_evolution:mesh@theoretical_ops:35114816c173e43b:L2-R:1:R04_planner_evolution-intent,L2-R,iterative_resource_aware,DELIVERY_TARGET_EXCEEDS_WINDOW,mesh,theoretical_ops,0.5,4,0.3,10,True,generous,1,True,True,a0 -> a1 -> a2 -> b2,47,0.6448789032227948,best of 6 candidate route(s) evaluated in hindsight - not an online-implementable strategy
R04_planner_evolution:mesh@theoretical_ops:35114816c173e43b:L2-R:4:R04_planner_evolution-intent,L2-R,iterative_resource_aware,DELIVERY_TARGET_EXCEEDS_WINDOW,mesh,theoretical_ops,0.5,4,0.3,10,True,generous,4,True,True,a0 -> a1 -> a2 -> b2,57,0.647236976016465,best of 6 candidate route(s) evaluated in hindsight - not an online-implementable strategy
R04_planner_evolution:mesh@theoretical_ops:35114816c173e43b:L2-R:0:R04_planner_evolution-intent,L2-R,iterative_resource_aware,DELIVERY_TARGET_EXCEEDS_WINDOW,mesh,theoretical_ops,0.5,4,0.3,10,True,generous,0,True,True,a0 -> a1 -> a2 -> b2,45,0.6414543652827275,best of 6 candidate route(s) evaluated in hindsight - not an online-implementable strategy
R04_planner_evolution:mesh@theoretical_ops:35114816c173e43b:L2-R:5:R04_planner_evolution-intent,L2-R,iterative_resource_aware,DELIVERY_TARGET_EXCEEDS_WINDOW,mesh,theoretical_ops,0.5,4,0.3,10,True,generous,5,True,True,a0 -> b0 -> b1 -> b2,52,0.647109989234242,best of 6 candidate route(s) evaluated in hindsight - not an online-implementable strategy
R04_planner_evolution:mesh@theoretical_ops:35114816c173e43b:L2-R:8:R04_planner_evolution-intent,L2-R,iterative_resource_aware,DELIVERY_TARGET_EXCEEDS_WINDOW,mesh,theoretical_ops,0.5,4,0.3,10,True,generous,8,True,True,a0 -> a1 -> a2 -> b2,53,0.6457039115689069,best of 6 candidate route(s) evaluated in hindsight - not an online-implementable strategy
R04_planner_evolution:mesh@theoretical_ops:35114816c173e43b:L2-R:6:R04_planner_evolution-intent,L2-R,iterative_resource_aware,DELIVERY_TARGET_EXCEEDS_WINDOW,mesh,theoretical_ops,0.5,4,0.3,10,True,generous,6,True,True,a0 -> b0 -> b1 -> b2,50,0.646341770999288,best of 6 candidate route(s) evaluated in hindsight - not an online-implementable strategy
R04_planner_evolution:mesh@theoretical_ops:1fff15cec592be12:L2-R:0:R04_planner_evolution-intent,L2-R,iterative_resource_aware,DELIVERY_TARGET_EXCEEDS_WINDOW,mesh,theoretical_ops,0.5,2,0.1,10,True,marginal_resources,0,True,False,a0 -> a1 -> b1 -> b2,9,0.6408447511068841,best of 6 candidate route(s) evaluated in hindsight - not an online-implementable strategy
R04_planner_evolution:mesh@theoretical_ops:1fff15cec592be12:L2-RB:0:R04_planner_evolution-intent,L2-RB,iterative_resource_aware_buffered,DELIVERY_TARGET_EXCEEDS_WINDOW,mesh,theoretical_ops,0.5,2,0.1,10,True,marginal_resources,0,True,False,a0 -> a1 -> b1 -> b2,9,0.6408447511068841,best of 6 candidate route(s) evaluated in hindsight - not an online-implementable strategy
R04_planner_evolution:mesh@theoretical_ops:35114816c173e43b:L2-R:9:R04_planner_evolution-intent,L2-R,iterative_resource_aware,DELIVERY_TARGET_EXCEEDS_WINDOW,mesh,theoretical_ops,0.5,4,0.3,10,True,generous,9,True,True,a0 -> b0 -> b1 -> b2,50,0.646075619621679,best of 6 candidate route(s) evaluated in hindsight - not an online-implementable strategy
R04_planner_evolution:mesh@theoretical_ops:35114816c173e43b:L2-R:7:R04_planner_evolution-intent,L2-R,iterative_resource_aware,DELIVERY_TARGET_EXCEEDS_WINDOW,mesh,theoretical_ops,0.5,4,0.3,10,True,generous,7,True,True,a0 -> a1 -> b1 -> b2,56,0.6474125810430419,best of 6 candidate route(s) evaluated in hindsight - not an online-implementable strategy
R04_planner_evolution:mesh@theoretical_ops:1fff15cec592be12:L2-R:3:R04_planner_evolution-intent,L2-R,iterative_resource_aware,DELIVERY_TARGET_EXCEEDS_WINDOW,mesh,theoretical_ops,0.5,2,0.1,10,True,marginal_resources,3,True,False,a0 -> a1 -> a2 -> b2,6,0.6427306219609602,best of 6 candidate route(s) evaluated in hindsight - not an online-implementable strategy
R04_planner_evolution:mesh@theoretical_ops:1fff15cec592be12:L2-RB:3:R04_planner_evolution-intent,L2-RB,iterative_resource_aware_buffered,DELIVERY_TARGET_EXCEEDS_WINDOW,mesh,theoretical_ops,0.5,2,0.1,10,True,marginal_resources,3,True,False,a0 -> a1 -> a2 -> b2,6,0.6427306219609602,best of 6 candidate route(s) evaluated in hindsight - not an online-implementable strategy
R04_planner_evolution:mesh@theoretical_ops:1fff15cec592be12:L2-R:2:R04_planner_evolution-intent,L2-R,iterative_resource_aware,DELIVERY_TARGET_EXCEEDS_WINDOW,mesh,theoretical_ops,0.5,2,0.1,10,True,marginal_resources,2,True,False,a0 -> a1 -> b1 -> b2,8,0.6419416133610916,best of 6 candidate route(s) evaluated in hindsight - not an online-implementable strategy
R04_planner_evolution:mesh@theoretical_ops:1fff15cec592be12:L2-RB:2:R04_planner_evolution-intent,L2-RB,iterative_resource_aware_buffered,DELIVERY_TARGET_EXCEEDS_WINDOW,mesh,theoretical_ops,0.5,2,0.1,10,True,marginal_resources,2,True,False,a0 -> a1 -> b1 -> b2,8,0.6419416133610916,best of 6 candidate route(s) evaluated in hindsight - not an online-implementable strategy
R04_planner_evolution:mesh@theoretical_ops:1fff15cec592be12:L2-R:1:R04_planner_evolution-intent,L2-R,iterative_resource_aware,DELIVERY_TARGET_EXCEEDS_WINDOW,mesh,theoretical_ops,0.5,2,0.1,10,True,marginal_resources,1,True,False,a0 -> a1 -> a2 -> b2,9,0.6459819574426076,best of 6 candidate route(s) evaluated in hindsight - not an online-implementable strategy
R04_planner_evolution:mesh@theoretical_ops:1fff15cec592be12:L2-RB:1:R04_planner_evolution-intent,L2-RB,iterative_resource_aware_buffered,DELIVERY_TARGET_EXCEEDS_WINDOW,mesh,theoretical_ops,0.5,2,0.1,10,True,marginal_resources,1,True,False,a0 -> a1 -> a2 -> b2,9,0.6459819574426076,best of 6 candidate route(s) evaluated in hindsight - not an online-implementable strategy
R04_planner_evolution:mesh@theoretical_ops:1fff15cec592be12:L2-R:4:R04_planner_evolution-intent,L2-R,iterative_resource_aware,DELIVERY_TARGET_EXCEEDS_WINDOW,mesh,theoretical_ops,0.5,2,0.1,10,True,marginal_resources,4,True,False,a0 -> a1 -> b1 -> b2,9,0.6439035572607998,best of 6 candidate route(s) evaluated in hindsight - not an online-implementable strategy
R04_planner_evolution:mesh@theoretical_ops:1fff15cec592be12:L2-RB:4:R04_planner_evolution-intent,L2-RB,iterative_resource_aware_buffered,DELIVERY_TARGET_EXCEEDS_WINDOW,mesh,theoretical_ops,0.5,2,0.1,10,True,marginal_resources,4,True,False,a0 -> a1 -> b1 -> b2,9,0.6439035572607998,best of 6 candidate route(s) evaluated in hindsight - not an online-implementable strategy
R04_planner_evolution:mesh@theoretical_ops:1fff15cec592be12:L2-R:5:R04_planner_evolution-intent,L2-R,iterative_resource_aware,DELIVERY_TARGET_EXCEEDS_WINDOW,mesh,theoretical_ops,0.5,2,0.1,10,True,marginal_resources,5,True,False,a0 -> a1 -> a2 -> b2,6,0.644075081540223,best of 6 candidate route(s) evaluated in hindsight - not an online-implementable strategy
R04_planner_evolution:mesh@theoretical_ops:1fff15cec592be12:L2-RB:5:R04_planner_evolution-intent,L2-RB,iterative_resource_aware_buffered,DELIVERY_TARGET_EXCEEDS_WINDOW,mesh,theoretical_ops,0.5,2,0.1,10,True,marginal_resources,5,True,False,a0 -> a1 -> a2 -> b2,6,0.644075081540223,best of 6 candidate route(s) evaluated in hindsight - not an online-implementable strategy
R04_planner_evolution:mesh@theoretical_ops:1fff15cec592be12:L2-R:7:R04_planner_evolution-intent,L2-R,iterative_resource_aware,DELIVERY_TARGET_EXCEEDS_WINDOW,mesh,theoretical_ops,0.5,2,0.1,10,True,marginal_resources,7,True,False,a0 -> a1 -> a2 -> b2,9,0.6448560005088875,best of 6 candidate route(s) evaluated in hindsight - not an online-implementable strategy
R04_planner_evolution:mesh@theoretical_ops:1fff15cec592be12:L2-RB:7:R04_planner_evolution-intent,L2-RB,iterative_resource_aware_buffered,DELIVERY_TARGET_EXCEEDS_WINDOW,mesh,theoretical_ops,0.5,2,0.1,10,True,marginal_resources,7,True,False,a0 -> a1 -> a2 -> b2,9,0.6448560005088875,best of 6 candidate route(s) evaluated in hindsight - not an online-implementable strategy
R04_planner_evolution:mesh@theoretical_ops:1fff15cec592be12:L2-R:8:R04_planner_evolution-intent,L2-R,iterative_resource_aware,DELIVERY_TARGET_EXCEEDS_WINDOW,mesh,theoretical_ops,0.5,2,0.1,10,True,marginal_resources,8,True,False,a0 -> a1 -> b1 -> b2,7,0.6426935509768714,best of 6 candidate route(s) evaluated in hindsight - not an online-implementable strategy
R04_planner_evolution:mesh@theoretical_ops:1fff15cec592be12:L2-RB:8:R04_planner_evolution-intent,L2-RB,iterative_resource_aware_buffered,DELIVERY_TARGET_EXCEEDS_WINDOW,mesh,theoretical_ops,0.5,2,0.1,10,True,marginal_resources,8,True,False,a0 -> a1 -> b1 -> b2,7,0.6426935509768714,best of 6 candidate route(s) evaluated in hindsight - not an online-implementable strategy
R04_planner_evolution:mesh@theoretical_ops:1fff15cec592be12:L2-R:6:R04_planner_evolution-intent,L2-R,iterative_resource_aware,DELIVERY_TARGET_EXCEEDS_WINDOW,mesh,theoretical_ops,0.5,2,0.1,10,True,marginal_resources,6,True,True,a0 -> b0 -> b1 -> b2,10,0.6439379714458463,best of 6 candidate route(s) evaluated in hindsight - not an online-implementable strategy
R04_planner_evolution:mesh@theoretical_ops:1fff15cec592be12:L2-RB:6:R04_planner_evolution-intent,L2-RB,iterative_resource_aware_buffered,DELIVERY_TARGET_EXCEEDS_WINDOW,mesh,theoretical_ops,0.5,2,0.1,10,True,marginal_resources,6,True,True,a0 -> b0 -> b1 -> b2,10,0.6439379714458463,best of 6 candidate route(s) evaluated in hindsight - not an online-implementable strategy
R04_planner_evolution:mesh@theoretical_ops:1fff15cec592be12:L2-R:9:R04_planner_evolution-intent,L2-R,iterative_resource_aware,DELIVERY_TARGET_EXCEEDS_WINDOW,mesh,theoretical_ops,0.5,2,0.1,10,True,marginal_resources,9,True,False,a0 -> a1 -> a2 -> b2,8,0.643995107147666,best of 6 candidate route(s) evaluated in hindsight - not an online-implementable strategy
R04_planner_evolution:mesh@theoretical_ops:1fff15cec592be12:L2-RB:9:R04_planner_evolution-intent,L2-RB,iterative_resource_aware_buffered,DELIVERY_TARGET_EXCEEDS_WINDOW,mesh,theoretical_ops,0.5,2,0.1,10,True,marginal_resources,9,True,False,a0 -> a1 -> a2 -> b2,8,0.643995107147666,best of 6 candidate route(s) evaluated in hindsight - not an online-implementable strategy
R04_planner_evolution:mesh@theoretical_ops:8b22cc784106b890:L2-R:2:R04_planner_evolution-intent,L2-R,iterative_resource_aware,DELIVERY_TARGET_EXCEEDS_WINDOW,mesh,theoretical_ops,0.58,4,0.3,10,True,marginal_fidelity,2,True,True,a0 -> a1 -> b1 -> b2,53,0.6464266935280512,best of 6 candidate route(s) evaluated in hindsight - not an online-implementable strategy
R04_planner_evolution:mesh@theoretical_ops:8b22cc784106b890:L2-R:3:R04_planner_evolution-intent,L2-R,iterative_resource_aware,DELIVERY_TARGET_EXCEEDS_WINDOW,mesh,theoretical_ops,0.58,4,0.3,10,True,marginal_fidelity,3,True,True,a0 -> b0 -> b1 -> b2,51,0.6461604378592474,best of 6 candidate route(s) evaluated in hindsight - not an online-implementable strategy
R04_planner_evolution:mesh@theoretical_ops:8b22cc784106b890:L2-R:0:R04_planner_evolution-intent,L2-R,iterative_resource_aware,DELIVERY_TARGET_EXCEEDS_WINDOW,mesh,theoretical_ops,0.58,4,0.3,10,True,marginal_fidelity,0,True,True,a0 -> a1 -> a2 -> b2,45,0.6414543652827275,best of 6 candidate route(s) evaluated in hindsight - not an online-implementable strategy
R04_planner_evolution:mesh@theoretical_ops:8b22cc784106b890:L2-R:1:R04_planner_evolution-intent,L2-R,iterative_resource_aware,DELIVERY_TARGET_EXCEEDS_WINDOW,mesh,theoretical_ops,0.58,4,0.3,10,True,marginal_fidelity,1,True,True,a0 -> a1 -> a2 -> b2,47,0.6448789032227948,best of 6 candidate route(s) evaluated in hindsight - not an online-implementable strategy
R04_planner_evolution:mesh@theoretical_ops:8b22cc784106b890:L2-R:4:R04_planner_evolution-intent,L2-R,iterative_resource_aware,DELIVERY_TARGET_EXCEEDS_WINDOW,mesh,theoretical_ops,0.58,4,0.3,10,True,marginal_fidelity,4,True,True,a0 -> a1 -> a2 -> b2,57,0.647236976016465,best of 6 candidate route(s) evaluated in hindsight - not an online-implementable strategy
R04_planner_evolution:mesh@theoretical_ops:8b22cc784106b890:L2-R:5:R04_planner_evolution-intent,L2-R,iterative_resource_aware,DELIVERY_TARGET_EXCEEDS_WINDOW,mesh,theoretical_ops,0.58,4,0.3,10,True,marginal_fidelity,5,True,True,a0 -> b0 -> b1 -> b2,52,0.647109989234242,best of 6 candidate route(s) evaluated in hindsight - not an online-implementable strategy
R04_planner_evolution:mesh@theoretical_ops:8b22cc784106b890:L2-R:8:R04_planner_evolution-intent,L2-R,iterative_resource_aware,DELIVERY_TARGET_EXCEEDS_WINDOW,mesh,theoretical_ops,0.58,4,0.3,10,True,marginal_fidelity,8,True,True,a0 -> a1 -> a2 -> b2,53,0.6457039115689069,best of 6 candidate route(s) evaluated in hindsight - not an online-implementable strategy
R04_planner_evolution:mesh@theoretical_ops:8b22cc784106b890:L2-R:6:R04_planner_evolution-intent,L2-R,iterative_resource_aware,DELIVERY_TARGET_EXCEEDS_WINDOW,mesh,theoretical_ops,0.58,4,0.3,10,True,marginal_fidelity,6,True,True,a0 -> b0 -> b1 -> b2,50,0.646341770999288,best of 6 candidate route(s) evaluated in hindsight - not an online-implementable strategy
R04_planner_evolution:mesh@theoretical_ops:8b22cc784106b890:L2-R:9:R04_planner_evolution-intent,L2-R,iterative_resource_aware,DELIVERY_TARGET_EXCEEDS_WINDOW,mesh,theoretical_ops,0.58,4,0.3,10,True,marginal_fidelity,9,True,True,a0 -> b0 -> b1 -> b2,50,0.646075619621679,best of 6 candidate route(s) evaluated in hindsight - not an online-implementable strategy
R04_planner_evolution:mesh@theoretical_ops:8b22cc784106b890:L2-R:7:R04_planner_evolution-intent,L2-R,iterative_resource_aware,DELIVERY_TARGET_EXCEEDS_WINDOW,mesh,theoretical_ops,0.58,4,0.3,10,True,marginal_fidelity,7,True,True,a0 -> a1 -> b1 -> b2,56,0.6474125810430419,best of 6 candidate route(s) evaluated in hindsight - not an online-implementable strategy
R04_planner_evolution:mesh@theoretical_ops:d52747e037eb3bf5:L2-R:0:R04_planner_evolution-intent,L2-R,iterative_resource_aware,DELIVERY_TARGET_EXCEEDS_WINDOW,mesh,theoretical_ops,0.67,4,0.3,10,True,purification_1_round,0,True,True,a0 -> a1 -> b1 -> b2,12,0.6768419587236201,best of 6 candidate route(s) evaluated in hindsight - not an online-implementable strategy
R04_planner_evolution:mesh@theoretical_ops:d52747e037eb3bf5:L2-R:2:R04_planner_evolution-intent,L2-R,iterative_resource_aware,DELIVERY_TARGET_EXCEEDS_WINDOW,mesh,theoretical_ops,0.67,4,0.3,10,True,purification_1_round,2,True,True,a0 -> a1 -> b1 -> b2,19,0.6763515728925386,best of 6 candidate route(s) evaluated in hindsight - not an online-implementable strategy
R04_planner_evolution:mesh@theoretical_ops:d52747e037eb3bf5:L2-R:1:R04_planner_evolution-intent,L2-R,iterative_resource_aware,DELIVERY_TARGET_EXCEEDS_WINDOW,mesh,theoretical_ops,0.67,4,0.3,10,True,purification_1_round,1,True,False,a0 -> a1 -> a2 -> b2,6,0.675022800468183,best of 6 candidate route(s) evaluated in hindsight - not an online-implementable strategy
R04_planner_evolution:mesh@theoretical_ops:d52747e037eb3bf5:L2-R:3:R04_planner_evolution-intent,L2-R,iterative_resource_aware,DELIVERY_TARGET_EXCEEDS_WINDOW,mesh,theoretical_ops,0.67,4,0.3,10,True,purification_1_round,3,True,True,a0 -> a1 -> b1 -> b2,10,0.6782139481681944,best of 6 candidate route(s) evaluated in hindsight - not an online-implementable strategy
R04_planner_evolution:mesh@theoretical_ops:d52747e037eb3bf5:L2-R:4:R04_planner_evolution-intent,L2-R,iterative_resource_aware,DELIVERY_TARGET_EXCEEDS_WINDOW,mesh,theoretical_ops,0.67,4,0.3,10,True,purification_1_round,4,True,True,a0 -> a1 -> a2 -> b2,17,0.6759982712852025,best of 6 candidate route(s) evaluated in hindsight - not an online-implementable strategy
R04_planner_evolution:mesh@theoretical_ops:d52747e037eb3bf5:L2-R:6:R04_planner_evolution-intent,L2-R,iterative_resource_aware,DELIVERY_TARGET_EXCEEDS_WINDOW,mesh,theoretical_ops,0.67,4,0.3,10,True,purification_1_round,6,True,True,a0 -> a1 -> b1 -> b2,12,0.6746133109682756,best of 6 candidate route(s) evaluated in hindsight - not an online-implementable strategy
R04_planner_evolution:mesh@theoretical_ops:d52747e037eb3bf5:L2-R:5:R04_planner_evolution-intent,L2-R,iterative_resource_aware,DELIVERY_TARGET_EXCEEDS_WINDOW,mesh,theoretical_ops,0.67,4,0.3,10,True,purification_1_round,5,True,True,a0 -> b0 -> b1 -> b2,12,0.6739276328908209,best of 6 candidate route(s) evaluated in hindsight - not an online-implementable strategy
R04_planner_evolution:mesh@theoretical_ops:d52747e037eb3bf5:L2-R:8:R04_planner_evolution-intent,L2-R,iterative_resource_aware,DELIVERY_TARGET_EXCEEDS_WINDOW,mesh,theoretical_ops,0.67,4,0.3,10,True,purification_1_round,8,True,True,a0 -> a1 -> a2 -> b2,13,0.6765106370251158,best of 6 candidate route(s) evaluated in hindsight - not an online-implementable strategy
R04_planner_evolution:mesh@theoretical_ops:d52747e037eb3bf5:L2-R:9:R04_planner_evolution-intent,L2-R,iterative_resource_aware,DELIVERY_TARGET_EXCEEDS_WINDOW,mesh,theoretical_ops,0.67,4,0.3,10,True,purification_1_round,9,True,True,a0 -> b0 -> b1 -> b2,13,0.6773941003902766,best of 6 candidate route(s) evaluated in hindsight - not an online-implementable strategy
R04_planner_evolution:mesh@theoretical_ops:d52747e037eb3bf5:L2-R:7:R04_planner_evolution-intent,L2-R,iterative_resource_aware,DELIVERY_TARGET_EXCEEDS_WINDOW,mesh,theoretical_ops,0.67,4,0.3,10,True,purification_1_round,7,True,True,a0 -> b0 -> b1 -> b2,10,0.6781226788031021,best of 6 candidate route(s) evaluated in hindsight - not an online-implementable strategy
