trial_id,planner_level,topology,hardware,scenario,seed,regime,oracle_seed,requested_fidelity,duration_s,reserved_memory_slots,min_delivered_pairs,allow_purification,oracle_tested,oracle_satisfiable,oracle_route,oracle_delivered_pairs,oracle_average_fidelity,oracle_notes,oracle_wall_time_s,job_key
chain1|literature|0.6|4|0.3|10|True|generous|1,any,chain1,literature,chain1@literature,1,generous,7000001,0.6,0.3,4,10,True,True,True,a -> r1 -> b,37,0.701470446689261,best of 1 candidate route(s) evaluated in hindsight - not an online-implementable strategy,35.912,chain1|literature|0.6|4|0.3|10|True|generous|1
chain1|literature|0.6|4|0.3|10|True|generous|4,any,chain1,literature,chain1@literature,4,generous,7000004,0.6,0.3,4,10,True,True,True,a -> r1 -> b,46,0.702199898163266,best of 1 candidate route(s) evaluated in hindsight - not an online-implementable strategy,37.328,chain1|literature|0.6|4|0.3|10|True|generous|4
chain1|literature|0.6|4|0.3|10|True|generous|3,any,chain1,literature,chain1@literature,3,generous,7000003,0.6,0.3,4,10,True,True,True,a -> r1 -> b,53,0.7038017759607754,best of 1 candidate route(s) evaluated in hindsight - not an online-implementable strategy,38.998,chain1|literature|0.6|4|0.3|10|True|generous|3
chain1|literature|0.6|4|0.3|10|True|generous|0,any,chain1,literature,chain1@literature,0,generous,7000000,0.6,0.3,4,10,True,True,True,a -> r1 -> b,53,0.7036413171913063,best of 1 candidate route(s) evaluated in hindsight - not an online-implementable strategy,40.596,chain1|literature|0.6|4|0.3|10|True|generous|0
chain1|literature|0.6|4|0.3|10|True|generous|2,any,chain1,literature,chain1@literature,2,generous,7000002,0.6,0.3,4,10,True,True,True,a -> r1 -> b,50,0.7034733358788101,best of 1 candidate route(s) evaluated in hindsight - not an online-implementable strategy,40.866,chain1|literature|0.6|4|0.3|10|True|generous|2
chain1|literature|0.6|4|0.3|10|True|generous|6,any,chain1,literature,chain1@literature,6,generous,7000006,0.6,0.3,4,10,True,True,True,a -> r1 -> b,45,0.7015000704077241,best of 1 candidate route(s) evaluated in hindsight - not an online-implementable strategy,37.437,chain1|literature|0.6|4|0.3|10|True|generous|6
chain1|literature|0.6|4|0.3|10|True|generous|5,any,chain1,literature,chain1@literature,5,generous,7000005,0.6,0.3,4,10,True,True,True,a -> r1 -> b,47,0.7033483183698461,best of 1 candidate route(s) evaluated in hindsight - not an online-implementable strategy,41.963,chain1|literature|0.6|4|0.3|10|True|generous|5
chain1|literature|0.6|4|0.3|10|True|generous|9,any,chain1,literature,chain1@literature,9,generous,7000009,0.6,0.3,4,10,True,True,True,a -> r1 -> b,44,0.7025322581557188,best of 1 candidate route(s) evaluated in hindsight - not an online-implementable strategy,37.449,chain1|literature|0.6|4|0.3|10|True|generous|9
chain1|literature|0.6|4|0.3|10|True|generous|7,any,chain1,literature,chain1@literature,7,generous,7000007,0.6,0.3,4,10,True,True,True,a -> r1 -> b,40,0.7019829088937761,best of 1 candidate route(s) evaluated in hindsight - not an online-implementable strategy,39.757,chain1|literature|0.6|4|0.3|10|True|generous|7
chain1|literature|0.6|4|0.3|10|True|generous|8,any,chain1,literature,chain1@literature,8,generous,7000008,0.6,0.3,4,10,True,True,True,a -> r1 -> b,47,0.7026895011951749,best of 1 candidate route(s) evaluated in hindsight - not an online-implementable strategy,40.163,chain1|literature|0.6|4|0.3|10|True|generous|8
chain1|literature|0.66|4|0.3|10|True|generous|1,any,chain1,literature,chain1@literature,1,generous,7000001,0.66,0.3,4,10,True,True,True,a -> r1 -> b,37,0.701470446689261,best of 1 candidate route(s) evaluated in hindsight - not an online-implementable strategy,40.838,chain1|literature|0.66|4|0.3|10|True|generous|1
chain1|literature|0.66|4|0.3|10|True|generous|0,any,chain1,literature,chain1@literature,0,generous,7000000,0.66,0.3,4,10,True,True,True,a -> r1 -> b,53,0.7036413171913063,best of 1 candidate route(s) evaluated in hindsight - not an online-implementable strategy,46.81,chain1|literature|0.66|4|0.3|10|True|generous|0
chain1|literature|0.66|4|0.3|10|True|generous|4,any,chain1,literature,chain1@literature,4,generous,7000004,0.66,0.3,4,10,True,True,True,a -> r1 -> b,46,0.702199898163266,best of 1 candidate route(s) evaluated in hindsight - not an online-implementable strategy,43.481,chain1|literature|0.66|4|0.3|10|True|generous|4
chain1|literature|0.66|4|0.3|10|True|generous|3,any,chain1,literature,chain1@literature,3,generous,7000003,0.66,0.3,4,10,True,True,True,a -> r1 -> b,53,0.7038017759607754,best of 1 candidate route(s) evaluated in hindsight - not an online-implementable strategy,45.738,chain1|literature|0.66|4|0.3|10|True|generous|3
chain1|literature|0.66|4|0.3|10|True|generous|2,any,chain1,literature,chain1@literature,2,generous,7000002,0.66,0.3,4,10,True,True,True,a -> r1 -> b,50,0.7034733358788101,best of 1 candidate route(s) evaluated in hindsight - not an online-implementable strategy,47.305,chain1|literature|0.66|4|0.3|10|True|generous|2
chain1|literature|0.66|4|0.3|10|True|generous|6,any,chain1,literature,chain1@literature,6,generous,7000006,0.66,0.3,4,10,True,True,True,a -> r1 -> b,38,0.7023602924734882,best of 1 candidate route(s) evaluated in hindsight - not an online-implementable strategy,36.299,chain1|literature|0.66|4|0.3|10|True|generous|6
chain1|literature|0.66|4|0.3|10|True|generous|5,any,chain1,literature,chain1@literature,5,generous,7000005,0.66,0.3,4,10,True,True,True,a -> r1 -> b,47,0.7033483183698461,best of 1 candidate route(s) evaluated in hindsight - not an online-implementable strategy,42.965,chain1|literature|0.66|4|0.3|10|True|generous|5
chain1|literature|0.66|4|0.3|10|True|generous|7,any,chain1,literature,chain1@literature,7,generous,7000007,0.66,0.3,4,10,True,True,True,a -> r1 -> b,40,0.7019829088937761,best of 1 candidate route(s) evaluated in hindsight - not an online-implementable strategy,40.685,chain1|literature|0.66|4|0.3|10|True|generous|7
chain1|literature|0.66|4|0.3|10|True|generous|9,any,chain1,literature,chain1@literature,9,generous,7000009,0.66,0.3,4,10,True,True,True,a -> r1 -> b,44,0.7025322581557188,best of 1 candidate route(s) evaluated in hindsight - not an online-implementable strategy,38.542,chain1|literature|0.66|4|0.3|10|True|generous|9
chain1|literature|0.66|4|0.3|10|True|generous|8,any,chain1,literature,chain1@literature,8,generous,7000008,0.66,0.3,4,10,True,True,True,a -> r1 -> b,47,0.7026895011951749,best of 1 candidate route(s) evaluated in hindsight - not an online-implementable strategy,41.917,chain1|literature|0.66|4|0.3|10|True|generous|8
chain1|literature|0.66|4|0.3|10|False|generous_no_purification|1,any,chain1,literature,chain1@literature,1,generous_no_purification,7000001,0.66,0.3,4,10,False,True,True,a -> r1 -> b,37,0.701470446689261,best of 1 candidate route(s) evaluated in hindsight - not an online-implementable strategy,38.236,chain1|literature|0.66|4|0.3|10|False|generous_no_purification|1
chain1|literature|0.66|4|0.3|10|False|generous_no_purification|4,any,chain1,literature,chain1@literature,4,generous_no_purification,7000004,0.66,0.3,4,10,False,True,True,a -> r1 -> b,46,0.702199898163266,best of 1 candidate route(s) evaluated in hindsight - not an online-implementable strategy,40.059,chain1|literature|0.66|4|0.3|10|False|generous_no_purification|4
chain1|literature|0.66|4|0.3|10|False|generous_no_purification|0,any,chain1,literature,chain1@literature,0,generous_no_purification,7000000,0.66,0.3,4,10,False,True,True,a -> r1 -> b,53,0.7036413171913063,best of 1 candidate route(s) evaluated in hindsight - not an online-implementable strategy,43.416,chain1|literature|0.66|4|0.3|10|False|generous_no_purification|0
chain1|literature|0.66|4|0.3|10|False|generous_no_purification|2,any,chain1,literature,chain1@literature,2,generous_no_purification,7000002,0.66,0.3,4,10,False,True,True,a -> r1 -> b,50,0.7034733358788101,best of 1 candidate route(s) evaluated in hindsight - not an online-implementable strategy,42.517,chain1|literature|0.66|4|0.3|10|False|generous_no_purification|2
chain1|literature|0.6|2|0.1|10|True|marginal_resources|0,any,chain1,literature,chain1@literature,0,marginal_resources,7000000,0.6,0.1,2,10,True,True,False,a -> r1 -> b,9,0.7006904289443262,best of 1 candidate route(s) evaluated in hindsight - not an online-implementable strategy,4.889,chain1|literature|0.6|2|0.1|10|True|marginal_resources|0
chain1|literature|0.6|2|0.1|10|True|marginal_resources|1,any,chain1,literature,chain1@literature,1,marginal_resources,7000001,0.6,0.1,2,10,True,True,False,a -> r1 -> b,6,0.7045937380715098,best of 1 candidate route(s) evaluated in hindsight - not an online-implementable strategy,6.334,chain1|literature|0.6|2|0.1|10|True|marginal_resources|1
chain1|literature|0.66|4|0.3|10|False|generous_no_purification|3,any,chain1,literature,chain1@literature,3,generous_no_purification,7000003,0.66,0.3,4,10,False,True,True,a -> r1 -> b,53,0.7038017759607754,best of 1 candidate route(s) evaluated in hindsight - not an online-implementable strategy,41.681,chain1|literature|0.66|4|0.3|10|False|generous_no_purification|3
chain1|literature|0.6|2|0.1|10|True|marginal_resources|2,any,chain1,literature,chain1@literature,2,marginal_resources,7000002,0.6,0.1,2,10,True,True,False,a -> r1 -> b,8,0.7021152763912145,best of 1 candidate route(s) evaluated in hindsight - not an online-implementable strategy,5.979,chain1|literature|0.6|2|0.1|10|True|marginal_resources|2
chain1|literature|0.66|4|0.3|10|False|generous_no_purification|5,any,chain1,literature,chain1@literature,5,generous_no_purification,7000005,0.66,0.3,4,10,False,True,True,a -> r1 -> b,47,0.7033483183698461,best of 1 candidate route(s) evaluated in hindsight - not an online-implementable strategy,41.132,chain1|literature|0.66|4|0.3|10|False|generous_no_purification|5
chain1|literature|0.66|4|0.3|10|False|generous_no_purification|6,any,chain1,literature,chain1@literature,6,generous_no_purification,7000006,0.66,0.3,4,10,False,True,True,a -> r1 -> b,44,0.7027534302995494,best of 1 candidate route(s) evaluated in hindsight - not an online-implementable strategy,37.118,chain1|literature|0.66|4|0.3|10|False|generous_no_purification|6
chain1|literature|0.66|4|0.3|10|False|generous_no_purification|7,any,chain1,literature,chain1@literature,7,generous_no_purification,7000007,0.66,0.3,4,10,False,True,True,a -> r1 -> b,40,0.7019829088937761,best of 1 candidate route(s) evaluated in hindsight - not an online-implementable strategy,39.679,chain1|literature|0.66|4|0.3|10|False|generous_no_purification|7
chain1|literature|0.6|2|0.1|10|True|marginal_resources|4,any,chain1,literature,chain1@literature,4,marginal_resources,7000004,0.6,0.1,2,10,True,True,False,a -> r1 -> b,9,0.6996855004628054,best of 1 candidate route(s) evaluated in hindsight - not an online-implementable strategy,5.212,chain1|literature|0.6|2|0.1|10|True|marginal_resources|4
chain1|literature|0.6|2|0.1|10|True|marginal_resources|3,any,chain1,literature,chain1@literature,3,marginal_resources,7000003,0.6,0.1,2,10,True,True,True,a -> r1 -> b,10,0.7028399586016226,best of 1 candidate route(s) evaluated in hindsight - not an online-implementable strategy,6.442,chain1|literature|0.6|2|0.1|10|True|marginal_resources|3
chain1|literature|0.66|4|0.3|10|False|generous_no_purification|8,any,chain1,literature,chain1@literature,8,generous_no_purification,7000008,0.66,0.3,4,10,False,True,True,a -> r1 -> b,47,0.7026895011951749,best of 1 candidate route(s) evaluated in hindsight - not an online-implementable strategy,39.388,chain1|literature|0.66|4|0.3|10|False|generous_no_purification|8
chain1|literature|0.6|2|0.1|10|True|marginal_resources|6,any,chain1,literature,chain1@literature,6,marginal_resources,7000006,0.6,0.1,2,10,True,True,False,a -> r1 -> b,7,0.6994961239626043,best of 1 candidate route(s) evaluated in hindsight - not an online-implementable strategy,5.219,chain1|literature|0.6|2|0.1|10|True|marginal_resources|6
chain1|literature|0.6|2|0.1|10|True|marginal_resources|5,any,chain1,literature,chain1@literature,5,marginal_resources,7000005,0.6,0.1,2,10,True,True,False,a -> r1 -> b,7,0.7011276457438705,best of 1 candidate route(s) evaluated in hindsight - not an online-implementable strategy,5.998,chain1|literature|0.6|2|0.1|10|True|marginal_resources|5
chain1|literature|0.66|4|0.3|10|False|generous_no_purification|9,any,chain1,literature,chain1@literature,9,generous_no_purification,7000009,0.66,0.3,4,10,False,True,True,a -> r1 -> b,44,0.7025322581557188,best of 1 candidate route(s) evaluated in hindsight - not an online-implementable strategy,38.086,chain1|literature|0.66|4|0.3|10|False|generous_no_purification|9
chain1|literature|0.6|2|0.1|10|True|marginal_resources|7,any,chain1,literature,chain1@literature,7,marginal_resources,7000007,0.6,0.1,2,10,True,True,False,a -> r1 -> b,4,0.6986114983003219,best of 1 candidate route(s) evaluated in hindsight - not an online-implementable strategy,6.243,chain1|literature|0.6|2|0.1|10|True|marginal_resources|7
chain1|literature|0.6|2|0.1|10|True|marginal_resources|8,any,chain1,literature,chain1@literature,8,marginal_resources,7000008,0.6,0.1,2,10,True,True,True,a -> r1 -> b,11,0.7037521683449189,best of 1 candidate route(s) evaluated in hindsight - not an online-implementable strategy,6.373,chain1|literature|0.6|2|0.1|10|True|marginal_resources|8
chain1|literature|0.6|2|0.1|10|True|marginal_resources|9,any,chain1,literature,chain1@literature,9,marginal_resources,7000009,0.6,0.1,2,10,True,True,False,a -> r1 -> b,9,0.7049875683132352,best of 1 candidate route(s) evaluated in hindsight - not an online-implementable strategy,7.108,chain1|literature|0.6|2|0.1|10|True|marginal_resources|9
chain1|literature|0.7|4|0.3|10|True|marginal_fidelity|0,any,chain1,literature,chain1@literature,0,marginal_fidelity,7000000,0.7,0.3,4,10,True,True,True,a -> r1 -> b,31,0.7055193437411335,best of 1 candidate route(s) evaluated in hindsight - not an online-implementable strategy,36.574,chain1|literature|0.7|4|0.3|10|True|marginal_fidelity|0
chain1|literature|0.7|4|0.3|10|True|marginal_fidelity|1,any,chain1,literature,chain1@literature,1,marginal_fidelity,7000001,0.7,0.3,4,10,True,True,True,a -> r1 -> b,25,0.7053689969501026,best of 1 candidate route(s) evaluated in hindsight - not an online-implementable strategy,37.059,chain1|literature|0.7|4|0.3|10|True|marginal_fidelity|1
chain1|literature|0.7|4|0.3|10|True|marginal_fidelity|4,any,chain1,literature,chain1@literature,4,marginal_fidelity,7000004,0.7,0.3,4,10,True,True,True,a -> r1 -> b,27,0.7046371644875333,best of 1 candidate route(s) evaluated in hindsight - not an online-implementable strategy,36.99,chain1|literature|0.7|4|0.3|10|True|marginal_fidelity|4
chain1|literature|0.7|4|0.3|10|True|marginal_fidelity|3,any,chain1,literature,chain1@literature,3,marginal_fidelity,7000003,0.7,0.3,4,10,True,True,True,a -> r1 -> b,42,0.7054016867870901,best of 1 candidate route(s) evaluated in hindsight - not an online-implementable strategy,39.882,chain1|literature|0.7|4|0.3|10|True|marginal_fidelity|3
chain1|literature|0.7|4|0.3|10|True|marginal_fidelity|2,any,chain1,literature,chain1@literature,2,marginal_fidelity,7000002,0.7,0.3,4,10,True,True,True,a -> r1 -> b,36,0.705628366871696,best of 1 candidate route(s) evaluated in hindsight - not an online-implementable strategy,38.547,chain1|literature|0.7|4|0.3|10|True|marginal_fidelity|2
chain1|literature|0.7|4|0.3|10|True|marginal_fidelity|5,any,chain1,literature,chain1@literature,5,marginal_fidelity,7000005,0.7,0.3,4,10,True,True,True,a -> r1 -> b,29,0.7057852632352218,best of 1 candidate route(s) evaluated in hindsight - not an online-implementable strategy,34.546,chain1|literature|0.7|4|0.3|10|True|marginal_fidelity|5
chain1|literature|0.7|4|0.3|10|True|marginal_fidelity|6,any,chain1,literature,chain1@literature,6,marginal_fidelity,7000006,0.7,0.3,4,10,True,True,True,a -> r1 -> b,25,0.7052765735570354,best of 1 candidate route(s) evaluated in hindsight - not an online-implementable strategy,34.44,chain1|literature|0.7|4|0.3|10|True|marginal_fidelity|6
chain1|literature|0.7|4|0.3|10|True|marginal_fidelity|7,any,chain1,literature,chain1@literature,7,marginal_fidelity,7000007,0.7,0.3,4,10,True,True,True,a -> r1 -> b,23,0.7052977436792159,best of 1 candidate route(s) evaluated in hindsight - not an online-implementable strategy,34.001,chain1|literature|0.7|4|0.3|10|True|marginal_fidelity|7
chain1|literature|0.7|4|0.3|10|True|marginal_fidelity|9,any,chain1,literature,chain1@literature,9,marginal_fidelity,7000009,0.7,0.3,4,10,True,True,True,a -> r1 -> b,33,0.7055682528650947,best of 1 candidate route(s) evaluated in hindsight - not an online-implementable strategy,36.915,chain1|literature|0.7|4|0.3|10|True|marginal_fidelity|9
chain1|literature|0.7|4|0.3|10|True|marginal_fidelity|8,any,chain1,literature,chain1@literature,8,marginal_fidelity,7000008,0.7,0.3,4,10,True,True,True,a -> r1 -> b,35,0.7057629139200188,best of 1 candidate route(s) evaluated in hindsight - not an online-implementable strategy,36.501,chain1|literature|0.7|4|0.3|10|True|marginal_fidelity|8
chain1|literature|0.76|4|0.3|10|True|purification_1_round|1,any,chain1,literature,chain1@literature,1,purification_1_round,7000001,0.76,0.3,4,10,True,True,False,a -> r1 -> b,0,,best of 1 candidate route(s) evaluated in hindsight - not an online-implementable strategy,31.379,chain1|literature|0.76|4|0.3|10|True|purification_1_round|1
chain1|literature|0.76|4|0.3|10|True|purification_1_round|0,any,chain1,literature,chain1@literature,0,purification_1_round,7000000,0.76,0.3,4,10,True,True,False,a -> r1 -> b,0,,best of 1 candidate route(s) evaluated in hindsight - not an online-implementable strategy,33.154,chain1|literature|0.76|4|0.3|10|True|purification_1_round|0
chain1|literature|0.76|4|0.3|10|True|purification_1_round|4,any,chain1,literature,chain1@literature,4,purification_1_round,7000004,0.76,0.3,4,10,True,True,False,a -> r1 -> b,0,,best of 1 candidate route(s) evaluated in hindsight - not an online-implementable strategy,30.561,chain1|literature|0.76|4|0.3|10|True|purification_1_round|4
chain1|literature|0.76|4|0.3|10|True|purification_1_round|3,any,chain1,literature,chain1@literature,3,purification_1_round,7000003,0.76,0.3,4,10,True,True,False,a -> r1 -> b,0,,best of 1 candidate route(s) evaluated in hindsight - not an online-implementable strategy,33.136,chain1|literature|0.76|4|0.3|10|True|purification_1_round|3
chain1|literature|0.76|4|0.3|10|True|purification_1_round|2,any,chain1,literature,chain1@literature,2,purification_1_round,7000002,0.76,0.3,4,10,True,True,False,a -> r1 -> b,0,,best of 1 candidate route(s) evaluated in hindsight - not an online-implementable strategy,35.67,chain1|literature|0.76|4|0.3|10|True|purification_1_round|2
chain1|literature|0.76|4|0.3|10|True|purification_1_round|6,any,chain1,literature,chain1@literature,6,purification_1_round,7000006,0.76,0.3,4,10,True,True,False,a -> r1 -> b,0,,best of 1 candidate route(s) evaluated in hindsight - not an online-implementable strategy,35.202,chain1|literature|0.76|4|0.3|10|True|purification_1_round|6
chain1|literature|0.76|4|0.3|10|True|purification_1_round|5,any,chain1,literature,chain1@literature,5,purification_1_round,7000005,0.76,0.3,4,10,True,True,False,a -> r1 -> b,0,,best of 1 candidate route(s) evaluated in hindsight - not an online-implementable strategy,37.764,chain1|literature|0.76|4|0.3|10|True|purification_1_round|5
chain1|literature|0.76|4|0.3|10|True|purification_1_round|8,any,chain1,literature,chain1@literature,8,purification_1_round,7000008,0.76,0.3,4,10,True,True,False,a -> r1 -> b,0,,best of 1 candidate route(s) evaluated in hindsight - not an online-implementable strategy,36.835,chain1|literature|0.76|4|0.3|10|True|purification_1_round|8
chain1|literature|0.76|4|0.3|10|True|purification_1_round|7,any,chain1,literature,chain1@literature,7,purification_1_round,7000007,0.76,0.3,4,10,True,True,False,a -> r1 -> b,0,,best of 1 candidate route(s) evaluated in hindsight - not an online-implementable strategy,37.881,chain1|literature|0.76|4|0.3|10|True|purification_1_round|7
chain1|literature|0.76|4|0.3|10|True|purification_1_round|9,any,chain1,literature,chain1@literature,9,purification_1_round,7000009,0.76,0.3,4,10,True,True,False,a -> r1 -> b,0,,best of 1 candidate route(s) evaluated in hindsight - not an online-implementable strategy,36.301,chain1|literature|0.76|4|0.3|10|True|purification_1_round|9
chain1|literature|0.8|4|0.3|10|True|purification_2_rounds|1,any,chain1,literature,chain1@literature,1,purification_2_rounds,7000001,0.8,0.3,4,10,True,True,False,a -> r1 -> b,0,,best of 1 candidate route(s) evaluated in hindsight - not an online-implementable strategy,34.977,chain1|literature|0.8|4|0.3|10|True|purification_2_rounds|1
chain1|literature|0.8|4|0.3|10|True|purification_2_rounds|0,any,chain1,literature,chain1@literature,0,purification_2_rounds,7000000,0.8,0.3,4,10,True,True,False,a -> r1 -> b,0,,best of 1 candidate route(s) evaluated in hindsight - not an online-implementable strategy,37.417,chain1|literature|0.8|4|0.3|10|True|purification_2_rounds|0
chain1|literature|0.8|4|0.3|10|True|purification_2_rounds|2,any,chain1,literature,chain1@literature,2,purification_2_rounds,7000002,0.8,0.3,4,10,True,True,False,a -> r1 -> b,0,,best of 1 candidate route(s) evaluated in hindsight - not an online-implementable strategy,39.379,chain1|literature|0.8|4|0.3|10|True|purification_2_rounds|2
chain1|literature|0.8|4|0.3|10|True|purification_2_rounds|4,any,chain1,literature,chain1@literature,4,purification_2_rounds,7000004,0.8,0.3,4,10,True,True,False,a -> r1 -> b,0,,best of 1 candidate route(s) evaluated in hindsight - not an online-implementable strategy,37.669,chain1|literature|0.8|4|0.3|10|True|purification_2_rounds|4
chain1|literature|0.8|4|0.3|10|True|purification_2_rounds|3,any,chain1,literature,chain1@literature,3,purification_2_rounds,7000003,0.8,0.3,4,10,True,True,False,a -> r1 -> b,0,,best of 1 candidate route(s) evaluated in hindsight - not an online-implementable strategy,38.631,chain1|literature|0.8|4|0.3|10|True|purification_2_rounds|3
chain1|literature|0.8|4|0.3|10|True|purification_2_rounds|6,any,chain1,literature,chain1@literature,6,purification_2_rounds,7000006,0.8,0.3,4,10,True,True,False,a -> r1 -> b,0,,best of 1 candidate route(s) evaluated in hindsight - not an online-implementable strategy,35.915,chain1|literature|0.8|4|0.3|10|True|purification_2_rounds|6
chain1|literature|0.8|4|0.3|10|True|purification_2_rounds|5,any,chain1,literature,chain1@literature,5,purification_2_rounds,7000005,0.8,0.3,4,10,True,True,False,a -> r1 -> b,0,,best of 1 candidate route(s) evaluated in hindsight - not an online-implementable strategy,39.497,chain1|literature|0.8|4|0.3|10|True|purification_2_rounds|5
chain1|literature|0.8|4|0.3|10|True|purification_2_rounds|7,any,chain1,literature,chain1@literature,7,purification_2_rounds,7000007,0.8,0.3,4,10,True,True,False,a -> r1 -> b,0,,best of 1 candidate route(s) evaluated in hindsight - not an online-implementable strategy,37.335,chain1|literature|0.8|4|0.3|10|True|purification_2_rounds|7
chain1|literature|0.8|4|0.3|10|True|purification_2_rounds|8,any,chain1,literature,chain1@literature,8,purification_2_rounds,7000008,0.8,0.3,4,10,True,True,False,a -> r1 -> b,0,,best of 1 candidate route(s) evaluated in hindsight - not an online-implementable strategy,35.456,chain1|literature|0.8|4|0.3|10|True|purification_2_rounds|8
chain1|literature|0.8|4|0.3|10|True|purification_2_rounds|9,any,chain1,literature,chain1@literature,9,purification_2_rounds,7000009,0.8,0.3,4,10,True,True,False,a -> r1 -> b,0,,best of 1 candidate route(s) evaluated in hindsight - not an online-implementable strategy,34.923,chain1|literature|0.8|4|0.3|10|True|purification_2_rounds|9
chain1|literature|0.8|4|0.3|3|True|purification_2_rounds_small_goal|0,any,chain1,literature,chain1@literature,0,purification_2_rounds_small_goal,7000000,0.8,0.3,4,3,True,True,False,a -> r1 -> b,0,,best of 1 candidate route(s) evaluated in hindsight - not an online-implementable strategy,37.558,chain1|literature|0.8|4|0.3|3|True|purification_2_rounds_small_goal|0
chain1|literature|0.8|4|0.3|3|True|purification_2_rounds_small_goal|1,any,chain1,literature,chain1@literature,1,purification_2_rounds_small_goal,7000001,0.8,0.3,4,3,True,True,False,a -> r1 -> b,0,,best of 1 candidate route(s) evaluated in hindsight - not an online-implementable strategy,35.25,chain1|literature|0.8|4|0.3|3|True|purification_2_rounds_small_goal|1
chain1|literature|0.8|4|0.3|3|True|purification_2_rounds_small_goal|4,any,chain1,literature,chain1@literature,4,purification_2_rounds_small_goal,7000004,0.8,0.3,4,3,True,True,False,a -> r1 -> b,0,,best of 1 candidate route(s) evaluated in hindsight - not an online-implementable strategy,35.854,chain1|literature|0.8|4|0.3|3|True|purification_2_rounds_small_goal|4
chain1|literature|0.8|4|0.3|3|True|purification_2_rounds_small_goal|3,any,chain1,literature,chain1@literature,3,purification_2_rounds_small_goal,7000003,0.8,0.3,4,3,True,True,False,a -> r1 -> b,0,,best of 1 candidate route(s) evaluated in hindsight - not an online-implementable strategy,36.736,chain1|literature|0.8|4|0.3|3|True|purification_2_rounds_small_goal|3
chain1|literature|0.8|4|0.3|3|True|purification_2_rounds_small_goal|2,any,chain1,literature,chain1@literature,2,purification_2_rounds_small_goal,7000002,0.8,0.3,4,3,True,True,False,a -> r1 -> b,0,,best of 1 candidate route(s) evaluated in hindsight - not an online-implementable strategy,39.625,chain1|literature|0.8|4|0.3|3|True|purification_2_rounds_small_goal|2
chain1|literature|0.8|4|0.3|3|True|purification_2_rounds_small_goal|6,any,chain1,literature,chain1@literature,6,purification_2_rounds_small_goal,7000006,0.8,0.3,4,3,True,True,False,a -> r1 -> b,0,,best of 1 candidate route(s) evaluated in hindsight - not an online-implementable strategy,33.833,chain1|literature|0.8|4|0.3|3|True|purification_2_rounds_small_goal|6
chain1|literature|0.8|4|0.3|3|True|purification_2_rounds_small_goal|5,any,chain1,literature,chain1@literature,5,purification_2_rounds_small_goal,7000005,0.8,0.3,4,3,True,True,False,a -> r1 -> b,0,,best of 1 candidate route(s) evaluated in hindsight - not an online-implementable strategy,37.798,chain1|literature|0.8|4|0.3|3|True|purification_2_rounds_small_goal|5
chain1|literature|0.8|4|0.3|3|True|purification_2_rounds_small_goal|7,any,chain1,literature,chain1@literature,7,purification_2_rounds_small_goal,7000007,0.8,0.3,4,3,True,True,False,a -> r1 -> b,0,,best of 1 candidate route(s) evaluated in hindsight - not an online-implementable strategy,36.567,chain1|literature|0.8|4|0.3|3|True|purification_2_rounds_small_goal|7
chain1|literature|0.8|4|0.3|3|True|purification_2_rounds_small_goal|8,any,chain1,literature,chain1@literature,8,purification_2_rounds_small_goal,7000008,0.8,0.3,4,3,True,True,False,a -> r1 -> b,0,,best of 1 candidate route(s) evaluated in hindsight - not an online-implementable strategy,36.926,chain1|literature|0.8|4|0.3|3|True|purification_2_rounds_small_goal|8
chain1|literature|0.8|4|0.3|3|True|purification_2_rounds_small_goal|9,any,chain1,literature,chain1@literature,9,purification_2_rounds_small_goal,7000009,0.8,0.3,4,3,True,True,False,a -> r1 -> b,0,,best of 1 candidate route(s) evaluated in hindsight - not an online-implementable strategy,35.811,chain1|literature|0.8|4|0.3|3|True|purification_2_rounds_small_goal|9
chain2|literature|0.5|4|0.3|10|True|generous|1,any,chain2,literature,chain2@literature,1,generous,7000001,0.5,0.3,4,10,True,True,True,a -> r1 -> r2 -> b,38,0.5844461759614497,best of 1 candidate route(s) evaluated in hindsight - not an online-implementable strategy,59.336,chain2|literature|0.5|4|0.3|10|True|generous|1
chain2|literature|0.5|4|0.3|10|True|generous|2,any,chain2,literature,chain2@literature,2,generous,7000002,0.5,0.3,4,10,True,True,True,a -> r1 -> r2 -> b,40,0.5854184099782638,best of 1 candidate route(s) evaluated in hindsight - not an online-implementable strategy,59.648,chain2|literature|0.5|4|0.3|10|True|generous|2
chain2|literature|0.5|4|0.3|10|True|generous|0,any,chain2,literature,chain2@literature,0,generous,7000000,0.5,0.3,4,10,True,True,True,a -> r1 -> r2 -> b,49,0.5873268936679121,best of 1 candidate route(s) evaluated in hindsight - not an online-implementable strategy,66.201,chain2|literature|0.5|4|0.3|10|True|generous|0
chain2|literature|0.5|4|0.3|10|True|generous|3,any,chain2,literature,chain2@literature,3,generous,7000003,0.5,0.3,4,10,True,True,True,a -> r1 -> r2 -> b,51,0.5885629941715032,best of 1 candidate route(s) evaluated in hindsight - not an online-implementable strategy,64.733,chain2|literature|0.5|4|0.3|10|True|generous|3
chain2|literature|0.5|4|0.3|10|True|generous|4,any,chain2,literature,chain2@literature,4,generous,7000004,0.5,0.3,4,10,True,True,True,a -> r1 -> r2 -> b,47,0.5888311197843676,best of 1 candidate route(s) evaluated in hindsight - not an online-implementable strategy,65.458,chain2|literature|0.5|4|0.3|10|True|generous|4
chain2|literature|0.5|4|0.3|10|True|generous|6,any,chain2,literature,chain2@literature,6,generous,7000006,0.5,0.3,4,10,True,True,True,a -> r1 -> r2 -> b,44,0.585736119501881,best of 1 candidate route(s) evaluated in hindsight - not an online-implementable strategy,56.374,chain2|literature|0.5|4|0.3|10|True|generous|6
chain2|literature|0.5|4|0.3|10|True|generous|7,any,chain2,literature,chain2@literature,7,generous,7000007,0.5,0.3,4,10,True,True,True,a -> r1 -> r2 -> b,38,0.5855242978606353,best of 1 candidate route(s) evaluated in hindsight - not an online-implementable strategy,59.01,chain2|literature|0.5|4|0.3|10|True|generous|7
chain2|literature|0.5|4|0.3|10|True|generous|5,any,chain2,literature,chain2@literature,5,generous,7000005,0.5,0.3,4,10,True,True,True,a -> r1 -> r2 -> b,44,0.5884263119728389,best of 1 candidate route(s) evaluated in hindsight - not an online-implementable strategy,64.675,chain2|literature|0.5|4|0.3|10|True|generous|5
chain2|literature|0.5|4|0.3|10|True|generous|8,any,chain2,literature,chain2@literature,8,generous,7000008,0.5,0.3,4,10,True,True,True,a -> r1 -> r2 -> b,44,0.5852074699347587,best of 1 candidate route(s) evaluated in hindsight - not an online-implementable strategy,56.621,chain2|literature|0.5|4|0.3|10|True|generous|8
chain2|literature|0.5|4|0.3|10|True|generous|9,any,chain2,literature,chain2@literature,9,generous,7000009,0.5,0.3,4,10,True,True,True,a -> r1 -> r2 -> b,47,0.588269039077024,best of 1 candidate route(s) evaluated in hindsight - not an online-implementable strategy,62.264,chain2|literature|0.5|4|0.3|10|True|generous|9
chain2|literature|0.56|4|0.3|10|True|generous|2,any,chain2,literature,chain2@literature,2,generous,7000002,0.56,0.3,4,10,True,True,True,a -> r1 -> r2 -> b,36,0.5862488453839529,best of 1 candidate route(s) evaluated in hindsight - not an online-implementable strategy,61.859,chain2|literature|0.56|4|0.3|10|True|generous|2
chain2|literature|0.56|4|0.3|10|True|generous|1,any,chain2,literature,chain2@literature,1,generous,7000001,0.56,0.3,4,10,True,True,True,a -> r1 -> r2 -> b,38,0.5844461759614497,best of 1 candidate route(s) evaluated in hindsight - not an online-implementable strategy,61.446,chain2|literature|0.56|4|0.3|10|True|generous|1
chain2|literature|0.56|4|0.3|10|True|generous|0,any,chain2,literature,chain2@literature,0,generous,7000000,0.56,0.3,4,10,True,True,True,a -> r1 -> r2 -> b,49,0.5873268936679121,best of 1 candidate route(s) evaluated in hindsight - not an online-implementable strategy,68.264,chain2|literature|0.56|4|0.3|10|True|generous|0
chain2|literature|0.56|4|0.3|10|True|generous|3,any,chain2,literature,chain2@literature,3,generous,7000003,0.56,0.3,4,10,True,True,True,a -> r1 -> r2 -> b,51,0.5885629941715032,best of 1 candidate route(s) evaluated in hindsight - not an online-implementable strategy,68.98,chain2|literature|0.56|4|0.3|10|True|generous|3
chain2|literature|0.56|4|0.3|10|True|generous|4,any,chain2,literature,chain2@literature,4,generous,7000004,0.56,0.3,4,10,True,True,True,a -> r1 -> r2 -> b,47,0.5888311197843676,best of 1 candidate route(s) evaluated in hindsight - not an online-implementable strategy,71.347,chain2|literature|0.56|4|0.3|10|True|generous|4
chain2|literature|0.56|4|0.3|10|True|generous|6,any,chain2,literature,chain2@literature,6,generous,7000006,0.56,0.3,4,10,True,True,True,a -> r1 -> r2 -> b,31,0.5856182196242404,best of 1 candidate route(s) evaluated in hindsight - not an online-implementable strategy,50.763,chain2|literature|0.56|4|0.3|10|True|generous|6
chain2|literature|0.56|4|0.3|10|True|generous|8,any,chain2,literature,chain2@literature,8,generous,7000008,0.56,0.3,4,10,True,True,True,a -> r1 -> r2 -> b,38,0.5869068500695054,best of 1 candidate route(s) evaluated in hindsight - not an online-implementable strategy,53.745,chain2|literature|0.56|4|0.3|10|True|generous|8
chain2|literature|0.56|4|0.3|10|True|generous|5,any,chain2,literature,chain2@literature,5,generous,7000005,0.56,0.3,4,10,True,True,True,a -> r1 -> r2 -> b,44,0.5884263119728389,best of 1 candidate route(s) evaluated in hindsight - not an online-implementable strategy,66.74,chain2|literature|0.56|4|0.3|10|True|generous|5
chain2|literature|0.56|4|0.3|10|True|generous|7,any,chain2,literature,chain2@literature,7,generous,7000007,0.56,0.3,4,10,True,True,True,a -> r1 -> r2 -> b,38,0.5855242978606353,best of 1 candidate route(s) evaluated in hindsight - not an online-implementable strategy,60.737,chain2|literature|0.56|4|0.3|10|True|generous|7
chain2|literature|0.56|4|0.3|10|True|generous|9,any,chain2,literature,chain2@literature,9,generous,7000009,0.56,0.3,4,10,True,True,True,a -> r1 -> r2 -> b,47,0.588269039077024,best of 1 candidate route(s) evaluated in hindsight - not an online-implementable strategy,64.664,chain2|literature|0.56|4|0.3|10|True|generous|9
chain2|literature|0.56|4|0.3|10|False|generous_no_purification|1,any,chain2,literature,chain2@literature,1,generous_no_purification,7000001,0.56,0.3,4,10,False,True,True,a -> r1 -> r2 -> b,38,0.5844461759614497,best of 1 candidate route(s) evaluated in hindsight - not an online-implementable strategy,56.912,chain2|literature|0.56|4|0.3|10|False|generous_no_purification|1
chain2|literature|0.56|4|0.3|10|False|generous_no_purification|0,any,chain2,literature,chain2@literature,0,generous_no_purification,7000000,0.56,0.3,4,10,False,True,True,a -> r1 -> r2 -> b,49,0.5873268936679121,best of 1 candidate route(s) evaluated in hindsight - not an online-implementable strategy,61.433,chain2|literature|0.56|4|0.3|10|False|generous_no_purification|0
chain2|literature|0.56|4|0.3|10|False|generous_no_purification|2,any,chain2,literature,chain2@literature,2,generous_no_purification,7000002,0.56,0.3,4,10,False,True,True,a -> r1 -> r2 -> b,39,0.5861201701714892,best of 1 candidate route(s) evaluated in hindsight - not an online-implementable strategy,58.0,chain2|literature|0.56|4|0.3|10|False|generous_no_purification|2
chain2|literature|0.5|2|0.1|10|True|marginal_resources|0,any,chain2,literature,chain2@literature,0,marginal_resources,7000000,0.5,0.1,2,10,True,True,False,a -> r1 -> r2 -> b,6,0.5851220073278717,best of 1 candidate route(s) evaluated in hindsight - not an online-implementable strategy,10.158,chain2|literature|0.5|2|0.1|10|True|marginal_resources|0
chain2|literature|0.56|4|0.3|10|False|generous_no_purification|3,any,chain2,literature,chain2@literature,3,generous_no_purification,7000003,0.56,0.3,4,10,False,True,True,a -> r1 -> r2 -> b,51,0.5885629941715032,best of 1 candidate route(s) evaluated in hindsight - not an online-implementable strategy,60.796,chain2|literature|0.56|4|0.3|10|False|generous_no_purification|3
chain2|literature|0.5|2|0.1|10|True|marginal_resources|1,any,chain2,literature,chain2@literature,1,marginal_resources,7000001,0.5,0.1,2,10,True,True,False,a -> r1 -> r2 -> b,9,0.5841386427521686,best of 1 candidate route(s) evaluated in hindsight - not an online-implementable strategy,8.455,chain2|literature|0.5|2|0.1|10|True|marginal_resources|1
chain2|literature|0.56|4|0.3|10|False|generous_no_purification|4,any,chain2,literature,chain2@literature,4,generous_no_purification,7000004,0.56,0.3,4,10,False,True,True,a -> r1 -> r2 -> b,47,0.5888311197843676,best of 1 candidate route(s) evaluated in hindsight - not an online-implementable strategy,63.759,chain2|literature|0.56|4|0.3|10|False|generous_no_purification|4
chain2|literature|0.5|2|0.1|10|True|marginal_resources|2,any,chain2,literature,chain2@literature,2,marginal_resources,7000002,0.5,0.1,2,10,True,True,False,a -> r1 -> r2 -> b,4,0.5843073840382197,best of 1 candidate route(s) evaluated in hindsight - not an online-implementable strategy,8.35,chain2|literature|0.5|2|0.1|10|True|marginal_resources|2
chain2|literature|0.5|2|0.1|10|True|marginal_resources|3,any,chain2,literature,chain2@literature,3,marginal_resources,7000003,0.5,0.1,2,10,True,True,True,a -> r1 -> r2 -> b,10,0.5885762759245806,best of 1 candidate route(s) evaluated in hindsight - not an online-implementable strategy,9.601,chain2|literature|0.5|2|0.1|10|True|marginal_resources|3
chain2|literature|0.56|4|0.3|10|False|generous_no_purification|5,any,chain2,literature,chain2@literature,5,generous_no_purification,7000005,0.56,0.3,4,10,False,True,True,a -> r1 -> r2 -> b,44,0.5884263119728389,best of 1 candidate route(s) evaluated in hindsight - not an online-implementable strategy,63.339,chain2|literature|0.56|4|0.3|10|False|generous_no_purification|5
chain2|literature|0.56|4|0.3|10|False|generous_no_purification|6,any,chain2,literature,chain2@literature,6,generous_no_purification,7000006,0.56,0.3,4,10,False,True,True,a -> r1 -> r2 -> b,43,0.5865399629693162,best of 1 candidate route(s) evaluated in hindsight - not an online-implementable strategy,57.149,chain2|literature|0.56|4|0.3|10|False|generous_no_purification|6
chain2|literature|0.56|4|0.3|10|False|generous_no_purification|7,any,chain2,literature,chain2@literature,7,generous_no_purification,7000007,0.56,0.3,4,10,False,True,True,a -> r1 -> r2 -> b,38,0.5855242978606353,best of 1 candidate route(s) evaluated in hindsight - not an online-implementable strategy,56.646,chain2|literature|0.56|4|0.3|10|False|generous_no_purification|7
chain2|literature|0.5|2|0.1|10|True|marginal_resources|5,any,chain2,literature,chain2@literature,5,marginal_resources,7000005,0.5,0.1,2,10,True,True,False,a -> r1 -> r2 -> b,5,0.5809923644780606,best of 1 candidate route(s) evaluated in hindsight - not an online-implementable strategy,7.846,chain2|literature|0.5|2|0.1|10|True|marginal_resources|5
chain2|literature|0.5|2|0.1|10|True|marginal_resources|4,any,chain2,literature,chain2@literature,4,marginal_resources,7000004,0.5,0.1,2,10,True,True,False,a -> r1 -> r2 -> b,4,0.5818969834967351,best of 1 candidate route(s) evaluated in hindsight - not an online-implementable strategy,8.834,chain2|literature|0.5|2|0.1|10|True|marginal_resources|4
chain2|literature|0.5|2|0.1|10|True|marginal_resources|6,any,chain2,literature,chain2@literature,6,marginal_resources,7000006,0.5,0.1,2,10,True,True,False,a -> r1 -> r2 -> b,4,0.5799679093759926,best of 1 candidate route(s) evaluated in hindsight - not an online-implementable strategy,7.5,chain2|literature|0.5|2|0.1|10|True|marginal_resources|6
chain2|literature|0.5|2|0.1|10|True|marginal_resources|7,any,chain2,literature,chain2@literature,7,marginal_resources,7000007,0.5,0.1,2,10,True,True,False,a -> r1 -> r2 -> b,4,0.5839894865583979,best of 1 candidate route(s) evaluated in hindsight - not an online-implementable strategy,9.585,chain2|literature|0.5|2|0.1|10|True|marginal_resources|7
chain2|literature|0.5|2|0.1|10|True|marginal_resources|9,any,chain2,literature,chain2@literature,9,marginal_resources,7000009,0.5,0.1,2,10,True,True,False,a -> r1 -> r2 -> b,9,0.5876470501958531,best of 1 candidate route(s) evaluated in hindsight - not an online-implementable strategy,10.344,chain2|literature|0.5|2|0.1|10|True|marginal_resources|9
chain2|literature|0.5|2|0.1|10|True|marginal_resources|8,any,chain2,literature,chain2@literature,8,marginal_resources,7000008,0.5,0.1,2,10,True,True,True,a -> r1 -> r2 -> b,10,0.5876788335940197,best of 1 candidate route(s) evaluated in hindsight - not an online-implementable strategy,11.29,chain2|literature|0.5|2|0.1|10|True|marginal_resources|8
chain2|literature|0.56|4|0.3|10|False|generous_no_purification|8,any,chain2,literature,chain2@literature,8,generous_no_purification,7000008,0.56,0.3,4,10,False,True,True,a -> r1 -> r2 -> b,43,0.5862549255427498,best of 1 candidate route(s) evaluated in hindsight - not an online-implementable strategy,55.999,chain2|literature|0.56|4|0.3|10|False|generous_no_purification|8
chain2|literature|0.58|4|0.3|10|True|marginal_fidelity|1,any,chain2,literature,chain2@literature,1,marginal_fidelity,7000001,0.58,0.3,4,10,True,True,True,a -> r1 -> r2 -> b,19,0.5889948920975165,best of 1 candidate route(s) evaluated in hindsight - not an online-implementable strategy,47.565,chain2|literature|0.58|4|0.3|10|True|marginal_fidelity|1
chain2|literature|0.58|4|0.3|10|True|marginal_fidelity|2,any,chain2,literature,chain2@literature,2,marginal_fidelity,7000002,0.58,0.3,4,10,True,True,True,a -> r1 -> r2 -> b,33,0.5887390329902672,best of 1 candidate route(s) evaluated in hindsight - not an online-implementable strategy,56.783,chain2|literature|0.58|4|0.3|10|True|marginal_fidelity|2
chain2|literature|0.58|4|0.3|10|True|marginal_fidelity|0,any,chain2,literature,chain2@literature,0,marginal_fidelity,7000000,0.58,0.3,4,10,True,True,True,a -> r1 -> r2 -> b,40,0.5881462072220555,best of 1 candidate route(s) evaluated in hindsight - not an online-implementable strategy,56.232,chain2|literature|0.58|4|0.3|10|True|marginal_fidelity|0
chain2|literature|0.56|4|0.3|10|False|generous_no_purification|9,any,chain2,literature,chain2@literature,9,generous_no_purification,7000009,0.56,0.3,4,10,False,True,True,a -> r1 -> r2 -> b,47,0.588269039077024,best of 1 candidate route(s) evaluated in hindsight - not an online-implementable strategy,62.118,chain2|literature|0.56|4|0.3|10|False|generous_no_purification|9
chain2|literature|0.58|4|0.3|10|True|marginal_fidelity|3,any,chain2,literature,chain2@literature,3,marginal_fidelity,7000003,0.58,0.3,4,10,True,True,True,a -> r1 -> r2 -> b,37,0.5894718178403924,best of 1 candidate route(s) evaluated in hindsight - not an online-implementable strategy,53.692,chain2|literature|0.58|4|0.3|10|True|marginal_fidelity|3
chain2|literature|0.58|4|0.3|10|True|marginal_fidelity|6,any,chain2,literature,chain2@literature,6,marginal_fidelity,7000006,0.58,0.3,4,10,True,True,True,a -> r1 -> r2 -> b,25,0.5882935226452006,best of 1 candidate route(s) evaluated in hindsight - not an online-implementable strategy,49.636,chain2|literature|0.58|4|0.3|10|True|marginal_fidelity|6
chain2|literature|0.58|4|0.3|10|True|marginal_fidelity|7,any,chain2,literature,chain2@literature,7,marginal_fidelity,7000007,0.58,0.3,4,10,True,True,True,a -> r1 -> r2 -> b,21,0.5887649807565088,best of 1 candidate route(s) evaluated in hindsight - not an online-implementable strategy,49.5,chain2|literature|0.58|4|0.3|10|True|marginal_fidelity|7
chain2|literature|0.58|4|0.3|10|True|marginal_fidelity|4,any,chain2,literature,chain2@literature,4,marginal_fidelity,7000004,0.58,0.3,4,10,True,True,True,a -> r1 -> r2 -> b,47,0.5888311197843676,best of 1 candidate route(s) evaluated in hindsight - not an online-implementable strategy,63.625,chain2|literature|0.58|4|0.3|10|True|marginal_fidelity|4
chain2|literature|0.58|4|0.3|10|True|marginal_fidelity|8,any,chain2,literature,chain2@literature,8,marginal_fidelity,7000008,0.58,0.3,4,10,True,True,True,a -> r1 -> r2 -> b,33,0.5887409165215562,best of 1 candidate route(s) evaluated in hindsight - not an online-implementable strategy,50.019,chain2|literature|0.58|4|0.3|10|True|marginal_fidelity|8
chain2|literature|0.58|4|0.3|10|True|marginal_fidelity|5,any,chain2,literature,chain2@literature,5,marginal_fidelity,7000005,0.58,0.3,4,10,True,True,True,a -> r1 -> r2 -> b,32,0.5886024733989487,best of 1 candidate route(s) evaluated in hindsight - not an online-implementable strategy,57.669,chain2|literature|0.58|4|0.3|10|True|marginal_fidelity|5
chain2|literature|0.67|4|0.3|10|True|purification_1_round|1,any,chain2,literature,chain2@literature,1,purification_1_round,7000001,0.67,0.3,4,10,True,True,False,a -> r1 -> r2 -> b,0,,best of 1 candidate route(s) evaluated in hindsight - not an online-implementable strategy,47.716,chain2|literature|0.67|4|0.3|10|True|purification_1_round|1
chain2|literature|0.67|4|0.3|10|True|purification_1_round|0,any,chain2,literature,chain2@literature,0,purification_1_round,7000000,0.67,0.3,4,10,True,True,False,a -> r1 -> r2 -> b,0,,best of 1 candidate route(s) evaluated in hindsight - not an online-implementable strategy,55.79,chain2|literature|0.67|4|0.3|10|True|purification_1_round|0
chain2|literature|0.58|4|0.3|10|True|marginal_fidelity|9,any,chain2,literature,chain2@literature,9,marginal_fidelity,7000009,0.58,0.3,4,10,True,True,True,a -> r1 -> r2 -> b,40,0.5887501507194325,best of 1 candidate route(s) evaluated in hindsight - not an online-implementable strategy,57.473,chain2|literature|0.58|4|0.3|10|True|marginal_fidelity|9
chain2|literature|0.67|4|0.3|10|True|purification_1_round|3,any,chain2,literature,chain2@literature,3,purification_1_round,7000003,0.67,0.3,4,10,True,True,False,a -> r1 -> r2 -> b,0,,best of 1 candidate route(s) evaluated in hindsight - not an online-implementable strategy,50.053,chain2|literature|0.67|4|0.3|10|True|purification_1_round|3
chain2|literature|0.67|4|0.3|10|True|purification_1_round|2,any,chain2,literature,chain2@literature,2,purification_1_round,7000002,0.67,0.3,4,10,True,True,False,a -> r1 -> r2 -> b,0,,best of 1 candidate route(s) evaluated in hindsight - not an online-implementable strategy,55.748,chain2|literature|0.67|4|0.3|10|True|purification_1_round|2
chain2|literature|0.67|4|0.3|10|True|purification_1_round|6,any,chain2,literature,chain2@literature,6,purification_1_round,7000006,0.67,0.3,4,10,True,True,False,a -> r1 -> r2 -> b,0,,best of 1 candidate route(s) evaluated in hindsight - not an online-implementable strategy,42.637,chain2|literature|0.67|4|0.3|10|True|purification_1_round|6
chain2|literature|0.67|4|0.3|10|True|purification_1_round|4,any,chain2,literature,chain2@literature,4,purification_1_round,7000004,0.67,0.3,4,10,True,True,False,a -> r1 -> r2 -> b,0,,best of 1 candidate route(s) evaluated in hindsight - not an online-implementable strategy,58.268,chain2|literature|0.67|4|0.3|10|True|purification_1_round|4
chain2|literature|0.67|4|0.3|10|True|purification_1_round|8,any,chain2,literature,chain2@literature,8,purification_1_round,7000008,0.67,0.3,4,10,True,True,False,a -> r1 -> r2 -> b,0,,best of 1 candidate route(s) evaluated in hindsight - not an online-implementable strategy,51.508,chain2|literature|0.67|4|0.3|10|True|purification_1_round|8
chain2|literature|0.67|4|0.3|10|True|purification_1_round|5,any,chain2,literature,chain2@literature,5,purification_1_round,7000005,0.67,0.3,4,10,True,True,False,a -> r1 -> r2 -> b,0,,best of 1 candidate route(s) evaluated in hindsight - not an online-implementable strategy,56.921,chain2|literature|0.67|4|0.3|10|True|purification_1_round|5
chain2|literature|0.67|4|0.3|10|True|purification_1_round|7,any,chain2,literature,chain2@literature,7,purification_1_round,7000007,0.67,0.3,4,10,True,True,False,a -> r1 -> r2 -> b,0,,best of 1 candidate route(s) evaluated in hindsight - not an online-implementable strategy,52.558,chain2|literature|0.67|4|0.3|10|True|purification_1_round|7
chain2|literature|0.67|4|0.3|10|True|purification_1_round|9,any,chain2,literature,chain2@literature,9,purification_1_round,7000009,0.67,0.3,4,10,True,True,False,a -> r1 -> r2 -> b,0,,best of 1 candidate route(s) evaluated in hindsight - not an online-implementable strategy,52.852,chain2|literature|0.67|4|0.3|10|True|purification_1_round|9
chain2|literature|0.7|4|0.3|10|True|purification_2_rounds|0,any,chain2,literature,chain2@literature,0,purification_2_rounds,7000000,0.7,0.3,4,10,True,True,False,a -> r1 -> r2 -> b,0,,best of 1 candidate route(s) evaluated in hindsight - not an online-implementable strategy,46.27,chain2|literature|0.7|4|0.3|10|True|purification_2_rounds|0
chain2|literature|0.7|4|0.3|10|True|purification_2_rounds|1,any,chain2,literature,chain2@literature,1,purification_2_rounds,7000001,0.7,0.3,4,10,True,True,False,a -> r1 -> r2 -> b,0,,best of 1 candidate route(s) evaluated in hindsight - not an online-implementable strategy,46.73,chain2|literature|0.7|4|0.3|10|True|purification_2_rounds|1
chain2|literature|0.7|4|0.3|10|True|purification_2_rounds|3,any,chain2,literature,chain2@literature,3,purification_2_rounds,7000003,0.7,0.3,4,10,True,True,False,a -> r1 -> r2 -> b,0,,best of 1 candidate route(s) evaluated in hindsight - not an online-implementable strategy,46.101,chain2|literature|0.7|4|0.3|10|True|purification_2_rounds|3
chain2|literature|0.7|4|0.3|10|True|purification_2_rounds|2,any,chain2,literature,chain2@literature,2,purification_2_rounds,7000002,0.7,0.3,4,10,True,True,False,a -> r1 -> r2 -> b,0,,best of 1 candidate route(s) evaluated in hindsight - not an online-implementable strategy,52.272,chain2|literature|0.7|4|0.3|10|True|purification_2_rounds|2
chain2|literature|0.7|4|0.3|10|True|purification_2_rounds|8,any,chain2,literature,chain2@literature,8,purification_2_rounds,7000008,0.7,0.3,4,10,True,True,False,a -> r1 -> r2 -> b,0,,best of 1 candidate route(s) evaluated in hindsight - not an online-implementable strategy,40.591,chain2|literature|0.7|4|0.3|10|True|purification_2_rounds|8
chain2|literature|0.7|4|0.3|10|True|purification_2_rounds|4,any,chain2,literature,chain2@literature,4,purification_2_rounds,7000004,0.7,0.3,4,10,True,True,False,a -> r1 -> r2 -> b,0,,best of 1 candidate route(s) evaluated in hindsight - not an online-implementable strategy,46.037,chain2|literature|0.7|4|0.3|10|True|purification_2_rounds|4
chain2|literature|0.7|4|0.3|10|True|purification_2_rounds|7,any,chain2,literature,chain2@literature,7,purification_2_rounds,7000007,0.7,0.3,4,10,True,True,False,a -> r1 -> r2 -> b,0,,best of 1 candidate route(s) evaluated in hindsight - not an online-implementable strategy,45.778,chain2|literature|0.7|4|0.3|10|True|purification_2_rounds|7
chain2|literature|0.7|4|0.3|10|True|purification_2_rounds|5,any,chain2,literature,chain2@literature,5,purification_2_rounds,7000005,0.7,0.3,4,10,True,True,False,a -> r1 -> r2 -> b,0,,best of 1 candidate route(s) evaluated in hindsight - not an online-implementable strategy,51.48,chain2|literature|0.7|4|0.3|10|True|purification_2_rounds|5
chain2|literature|0.7|4|0.3|10|True|purification_2_rounds|6,any,chain2,literature,chain2@literature,6,purification_2_rounds,7000006,0.7,0.3,4,10,True,True,False,a -> r1 -> r2 -> b,0,,best of 1 candidate route(s) evaluated in hindsight - not an online-implementable strategy,45.042,chain2|literature|0.7|4|0.3|10|True|purification_2_rounds|6
chain2|literature|0.7|4|0.3|10|True|purification_2_rounds|9,any,chain2,literature,chain2@literature,9,purification_2_rounds,7000009,0.7,0.3,4,10,True,True,False,a -> r1 -> r2 -> b,0,,best of 1 candidate route(s) evaluated in hindsight - not an online-implementable strategy,51.383,chain2|literature|0.7|4|0.3|10|True|purification_2_rounds|9
diamond|literature|0.55|4|0.3|10|True|generous|2,any,diamond,literature,diamond@literature,2,generous,7000002,0.55,0.3,4,10,True,True,True,r1 -> good1 -> good2 -> r3,33,0.5858151000938079,best of 2 candidate route(s) evaluated in hindsight - not an online-implementable strategy,75.681,diamond|literature|0.55|4|0.3|10|True|generous|2
diamond|literature|0.55|4|0.3|10|True|generous|1,any,diamond,literature,diamond@literature,1,generous,7000001,0.55,0.3,4,10,True,True,True,r1 -> good1 -> good2 -> r3,41,0.5843364388183838,best of 2 candidate route(s) evaluated in hindsight - not an online-implementable strategy,81.154,diamond|literature|0.55|4|0.3|10|True|generous|1
diamond|literature|0.55|4|0.3|10|True|generous|0,any,diamond,literature,diamond@literature,0,generous,7000000,0.55,0.3,4,10,True,True,True,r1 -> good1 -> good2 -> r3,43,0.5868707417510777,best of 2 candidate route(s) evaluated in hindsight - not an online-implementable strategy,85.824,diamond|literature|0.55|4|0.3|10|True|generous|0
diamond|literature|0.55|4|0.3|10|True|generous|3,any,diamond,literature,diamond@literature,3,generous,7000003,0.55,0.3,4,10,True,True,True,r1 -> good1 -> good2 -> r3,44,0.5879471067409711,best of 2 candidate route(s) evaluated in hindsight - not an online-implementable strategy,77.378,diamond|literature|0.55|4|0.3|10|True|generous|3
diamond|literature|0.55|4|0.3|10|True|generous|4,any,diamond,literature,diamond@literature,4,generous,7000004,0.55,0.3,4,10,True,True,True,r1 -> good1 -> good2 -> r3,55,0.5883819259773462,best of 2 candidate route(s) evaluated in hindsight - not an online-implementable strategy,62.918,diamond|literature|0.55|4|0.3|10|True|generous|4
diamond|literature|0.55|4|0.3|10|True|generous|5,any,diamond,literature,diamond@literature,5,generous,7000005,0.55,0.3,4,10,True,True,True,r1 -> good1 -> good2 -> r3,34,0.5855281412576526,best of 2 candidate route(s) evaluated in hindsight - not an online-implementable strategy,32.496,diamond|literature|0.55|4|0.3|10|True|generous|5
diamond|literature|0.65|4|0.3|10|True|marginal_fidelity|0,any,diamond,literature,diamond@literature,0,marginal_fidelity,7000000,0.65,0.3,4,10,True,True,False,r1 -> bad -> r3,2,0.6795880388616964,best of 2 candidate route(s) evaluated in hindsight - not an online-implementable strategy,33.29,diamond|literature|0.65|4|0.3|10|True|marginal_fidelity|0
diamond|literature|0.55|4|0.3|10|True|generous|6,any,diamond,literature,diamond@literature,6,generous,7000006,0.55,0.3,4,10,True,True,True,r1 -> good1 -> good2 -> r3,40,0.5839221097025682,best of 2 candidate route(s) evaluated in hindsight - not an online-implementable strategy,34.053,diamond|literature|0.55|4|0.3|10|True|generous|6
diamond|literature|0.55|4|0.3|10|True|generous|8,any,diamond,literature,diamond@literature,8,generous,7000008,0.55,0.3,4,10,True,True,True,r1 -> good1 -> good2 -> r3,41,0.588239785588657,best of 2 candidate route(s) evaluated in hindsight - not an online-implementable strategy,35.39,diamond|literature|0.55|4|0.3|10|True|generous|8
diamond|literature|0.55|4|0.3|10|True|generous|7,any,diamond,literature,diamond@literature,7,generous,7000007,0.55,0.3,4,10,True,True,True,r1 -> good1 -> good2 -> r3,46,0.5873483896133799,best of 2 candidate route(s) evaluated in hindsight - not an online-implementable strategy,35.908,diamond|literature|0.55|4|0.3|10|True|generous|7
diamond|literature|0.55|4|0.3|10|True|generous|9,any,diamond,literature,diamond@literature,9,generous,7000009,0.55,0.3,4,10,True,True,True,r1 -> good1 -> good2 -> r3,41,0.5856118803524302,best of 2 candidate route(s) evaluated in hindsight - not an online-implementable strategy,35.191,diamond|literature|0.55|4|0.3|10|True|generous|9
diamond|literature|0.65|4|0.3|10|True|marginal_fidelity|1,any,diamond,literature,diamond@literature,1,marginal_fidelity,7000001,0.65,0.3,4,10,True,True,False,r1 -> bad -> r3,2,0.6855529539993485,best of 2 candidate route(s) evaluated in hindsight - not an online-implementable strategy,31.189,diamond|literature|0.65|4|0.3|10|True|marginal_fidelity|1
diamond|literature|0.65|4|0.3|10|True|marginal_fidelity|5,any,diamond,literature,diamond@literature,5,marginal_fidelity,7000005,0.65,0.3,4,10,True,True,False,r1 -> bad -> r3,1,0.6784810904595349,best of 2 candidate route(s) evaluated in hindsight - not an online-implementable strategy,34.264,diamond|literature|0.65|4|0.3|10|True|marginal_fidelity|5
diamond|literature|0.65|4|0.3|10|True|marginal_fidelity|3,any,diamond,literature,diamond@literature,3,marginal_fidelity,7000003,0.65,0.3,4,10,True,True,False,r1 -> bad -> r3,2,0.678126300001887,best of 2 candidate route(s) evaluated in hindsight - not an online-implementable strategy,35.884,diamond|literature|0.65|4|0.3|10|True|marginal_fidelity|3
diamond|literature|0.65|4|0.3|10|True|marginal_fidelity|2,any,diamond,literature,diamond@literature,2,marginal_fidelity,7000002,0.65,0.3,4,10,True,True,False,r1 -> bad -> r3,0,,best of 2 candidate route(s) evaluated in hindsight - not an online-implementable strategy,30.143,diamond|literature|0.65|4|0.3|10|True|marginal_fidelity|2
diamond|literature|0.65|4|0.3|10|True|marginal_fidelity|6,any,diamond,literature,diamond@literature,6,marginal_fidelity,7000006,0.65,0.3,4,10,True,True,False,r1 -> bad -> r3,3,0.6984197220406595,best of 2 candidate route(s) evaluated in hindsight - not an online-implementable strategy,26.624,diamond|literature|0.65|4|0.3|10|True|marginal_fidelity|6
diamond|literature|0.65|4|0.3|10|True|marginal_fidelity|4,any,diamond,literature,diamond@literature,4,marginal_fidelity,7000004,0.65,0.3,4,10,True,True,False,r1 -> bad -> r3,1,0.6845552010173922,best of 2 candidate route(s) evaluated in hindsight - not an online-implementable strategy,30.954,diamond|literature|0.65|4|0.3|10|True|marginal_fidelity|4
diamond|literature|0.65|4|0.3|10|True|marginal_fidelity|8,any,diamond,literature,diamond@literature,8,marginal_fidelity,7000008,0.65,0.3,4,10,True,True,False,r1 -> bad -> r3,3,0.6641905103722823,best of 2 candidate route(s) evaluated in hindsight - not an online-implementable strategy,30.134,diamond|literature|0.65|4|0.3|10|True|marginal_fidelity|8
diamond|literature|0.65|4|0.3|10|True|marginal_fidelity|7,any,diamond,literature,diamond@literature,7,marginal_fidelity,7000007,0.65,0.3,4,10,True,True,False,r1 -> bad -> r3,0,,best of 2 candidate route(s) evaluated in hindsight - not an online-implementable strategy,32.875,diamond|literature|0.65|4|0.3|10|True|marginal_fidelity|7
diamond|literature|0.65|4|0.3|1|True|generous_small_goal|0,any,diamond,literature,diamond@literature,0,generous_small_goal,7000000,0.65,0.3,4,1,True,True,True,r1 -> bad -> r3,2,0.6795880388616964,best of 2 candidate route(s) evaluated in hindsight - not an online-implementable strategy,36.397,diamond|literature|0.65|4|0.3|1|True|generous_small_goal|0
diamond|literature|0.65|4|0.3|10|True|marginal_fidelity|9,any,diamond,literature,diamond@literature,9,marginal_fidelity,7000009,0.65,0.3,4,10,True,True,False,r1 -> bad -> r3,0,,best of 2 candidate route(s) evaluated in hindsight - not an online-implementable strategy,37.552,diamond|literature|0.65|4|0.3|10|True|marginal_fidelity|9
diamond|literature|0.65|4|0.3|1|True|generous_small_goal|1,any,diamond,literature,diamond@literature,1,generous_small_goal,7000001,0.65,0.3,4,1,True,True,True,r1 -> bad -> r3,2,0.6855529539993485,best of 2 candidate route(s) evaluated in hindsight - not an online-implementable strategy,35.289,diamond|literature|0.65|4|0.3|1|True|generous_small_goal|1
diamond|literature|0.65|4|0.3|1|True|generous_small_goal|3,any,diamond,literature,diamond@literature,3,generous_small_goal,7000003,0.65,0.3,4,1,True,True,True,r1 -> bad -> r3,2,0.678126300001887,best of 2 candidate route(s) evaluated in hindsight - not an online-implementable strategy,42.252,diamond|literature|0.65|4|0.3|1|True|generous_small_goal|3
diamond|literature|0.65|4|0.3|1|True|generous_small_goal|5,any,diamond,literature,diamond@literature,5,generous_small_goal,7000005,0.65,0.3,4,1,True,True,True,r1 -> bad -> r3,1,0.6784810904595349,best of 2 candidate route(s) evaluated in hindsight - not an online-implementable strategy,44.901,diamond|literature|0.65|4|0.3|1|True|generous_small_goal|5
diamond|literature|0.65|4|0.3|1|True|generous_small_goal|6,any,diamond,literature,diamond@literature,6,generous_small_goal,7000006,0.65,0.3,4,1,True,True,True,r1 -> bad -> r3,3,0.6984197220406595,best of 2 candidate route(s) evaluated in hindsight - not an online-implementable strategy,32.311,diamond|literature|0.65|4|0.3|1|True|generous_small_goal|6
diamond|literature|0.65|4|0.3|1|True|generous_small_goal|2,any,diamond,literature,diamond@literature,2,generous_small_goal,7000002,0.65,0.3,4,1,True,True,False,r1 -> bad -> r3,0,,best of 2 candidate route(s) evaluated in hindsight - not an online-implementable strategy,37.005,diamond|literature|0.65|4|0.3|1|True|generous_small_goal|2
diamond|literature|0.65|4|0.3|1|True|generous_small_goal|4,any,diamond,literature,diamond@literature,4,generous_small_goal,7000004,0.65,0.3,4,1,True,True,True,r1 -> bad -> r3,1,0.6845552010173922,best of 2 candidate route(s) evaluated in hindsight - not an online-implementable strategy,37.923,diamond|literature|0.65|4|0.3|1|True|generous_small_goal|4
diamond|literature|0.65|4|0.3|1|True|generous_small_goal|8,any,diamond,literature,diamond@literature,8,generous_small_goal,7000008,0.65,0.3,4,1,True,True,True,r1 -> bad -> r3,3,0.6641905103722823,best of 2 candidate route(s) evaluated in hindsight - not an online-implementable strategy,38.016,diamond|literature|0.65|4|0.3|1|True|generous_small_goal|8
diamond|literature|0.65|4|0.3|1|True|generous_small_goal|7,any,diamond,literature,diamond@literature,7,generous_small_goal,7000007,0.65,0.3,4,1,True,True,False,r1 -> bad -> r3,0,,best of 2 candidate route(s) evaluated in hindsight - not an online-implementable strategy,42.859,diamond|literature|0.65|4|0.3|1|True|generous_small_goal|7
diamond|literature|0.65|4|0.3|1|True|generous_small_goal|9,any,diamond,literature,diamond@literature,9,generous_small_goal,7000009,0.65,0.3,4,1,True,True,False,r1 -> bad -> r3,0,,best of 2 candidate route(s) evaluated in hindsight - not an online-implementable strategy,40.836,diamond|literature|0.65|4|0.3|1|True|generous_small_goal|9
mesh|literature|0.5|4|0.3|10|True|generous|1,any,mesh,literature,mesh@literature,1,generous,7000001,0.5,0.3,4,10,True,True,True,a0 -> a1 -> a2 -> b2,47,0.5875307698398458,best of 6 candidate route(s) evaluated in hindsight - not an online-implementable strategy,231.184,mesh|literature|0.5|4|0.3|10|True|generous|1
mesh|literature|0.5|4|0.3|10|True|generous|2,any,mesh,literature,mesh@literature,2,generous,7000002,0.5,0.3,4,10,True,True,True,a0 -> a1 -> b1 -> b2,53,0.5888537750675751,best of 6 candidate route(s) evaluated in hindsight - not an online-implementable strategy,246.166,mesh|literature|0.5|4|0.3|10|True|generous|2
mesh|literature|0.5|4|0.3|10|True|generous|0,any,mesh,literature,mesh@literature,0,generous,7000000,0.5,0.3,4,10,True,True,True,a0 -> a1 -> a2 -> b2,45,0.5846035764197289,best of 6 candidate route(s) evaluated in hindsight - not an online-implementable strategy,238.413,mesh|literature|0.5|4|0.3|10|True|generous|0
mesh|literature|0.5|4|0.3|10|True|generous|3,any,mesh,literature,mesh@literature,3,generous,7000003,0.5,0.3,4,10,True,True,True,a0 -> b0 -> b1 -> b2,51,0.5886261876220771,best of 6 candidate route(s) evaluated in hindsight - not an online-implementable strategy,256.582,mesh|literature|0.5|4|0.3|10|True|generous|3
mesh|literature|0.5|4|0.3|10|True|generous|4,any,mesh,literature,mesh@literature,4,generous,7000004,0.5,0.3,4,10,True,True,True,a0 -> a1 -> a2 -> b2,57,0.589546380496404,best of 6 candidate route(s) evaluated in hindsight - not an online-implementable strategy,266.021,mesh|literature|0.5|4|0.3|10|True|generous|4
mesh|literature|0.5|2|0.1|10|True|marginal_resources|0,any,mesh,literature,mesh@literature,0,marginal_resources,7000000,0.5,0.1,2,10,True,True,False,a0 -> a1 -> b1 -> b2,9,0.5840824963103628,best of 6 candidate route(s) evaluated in hindsight - not an online-implementable strategy,58.821,mesh|literature|0.5|2|0.1|10|True|marginal_resources|0
mesh|literature|0.5|4|0.3|10|True|generous|5,any,mesh,literature,mesh@literature,5,generous,7000005,0.5,0.3,4,10,True,True,True,a0 -> b0 -> b1 -> b2,52,0.5894378359628433,best of 6 candidate route(s) evaluated in hindsight - not an online-implementable strategy,322.087,mesh|literature|0.5|4|0.3|10|True|generous|5
mesh|literature|0.5|4|0.3|10|True|generous|6,any,mesh,literature,mesh@literature,6,generous,7000006,0.5,0.3,4,10,True,True,True,a0 -> b0 -> b1 -> b2,50,0.5887811858097642,best of 6 candidate route(s) evaluated in hindsight - not an online-implementable strategy,315.582,mesh|literature|0.5|4|0.3|10|True|generous|6
mesh|literature|0.5|4|0.3|10|True|generous|8,any,mesh,literature,mesh@literature,8,generous,7000008,0.5,0.3,4,10,True,True,True,a0 -> a1 -> a2 -> b2,53,0.5882359624948972,best of 6 candidate route(s) evaluated in hindsight - not an online-implementable strategy,328.123,mesh|literature|0.5|4|0.3|10|True|generous|8
mesh|literature|0.5|4|0.3|10|True|generous|7,any,mesh,literature,mesh@literature,7,generous,7000007,0.5,0.3,4,10,True,True,True,a0 -> a1 -> b1 -> b2,56,0.5896964824626637,best of 6 candidate route(s) evaluated in hindsight - not an online-implementable strategy,315.977,mesh|literature|0.5|4|0.3|10|True|generous|7
mesh|literature|0.5|2|0.1|10|True|marginal_resources|1,any,mesh,literature,mesh@literature,1,marginal_resources,7000001,0.5,0.1,2,10,True,True,False,a0 -> a1 -> a2 -> b2,9,0.5884736278577085,best of 6 candidate route(s) evaluated in hindsight - not an online-implementable strategy,53.102,mesh|literature|0.5|2|0.1|10|True|marginal_resources|1
mesh|literature|0.5|2|0.1|10|True|marginal_resources|2,any,mesh,literature,mesh@literature,2,marginal_resources,7000002,0.5,0.1,2,10,True,True,False,a0 -> a1 -> b1 -> b2,8,0.5850200616197511,best of 6 candidate route(s) evaluated in hindsight - not an online-implementable strategy,60.364,mesh|literature|0.5|2|0.1|10|True|marginal_resources|2
mesh|literature|0.5|2|0.1|10|True|marginal_resources|3,any,mesh,literature,mesh@literature,3,marginal_resources,7000003,0.5,0.1,2,10,True,True,False,a0 -> a1 -> a2 -> b2,6,0.5856944827598787,best of 6 candidate route(s) evaluated in hindsight - not an online-implementable strategy,59.042,mesh|literature|0.5|2|0.1|10|True|marginal_resources|3
mesh|literature|0.5|2|0.1|10|True|marginal_resources|5,any,mesh,literature,mesh@literature,5,marginal_resources,7000005,0.5,0.1,2,10,True,True,False,a0 -> a1 -> a2 -> b2,6,0.586843686916149,best of 6 candidate route(s) evaluated in hindsight - not an online-implementable strategy,63.634,mesh|literature|0.5|2|0.1|10|True|marginal_resources|5
mesh|literature|0.5|2|0.1|10|True|marginal_resources|4,any,mesh,literature,mesh@literature,4,marginal_resources,7000004,0.5,0.1,2,10,True,True,False,a0 -> a1 -> b1 -> b2,9,0.5866970730514746,best of 6 candidate route(s) evaluated in hindsight - not an online-implementable strategy,65.41,mesh|literature|0.5|2|0.1|10|True|marginal_resources|4
mesh|literature|0.5|4|0.3|10|True|generous|9,any,mesh,literature,mesh@literature,9,generous,7000009,0.5,0.3,4,10,True,True,True,a0 -> b0 -> b1 -> b2,50,0.5885536875092849,best of 6 candidate route(s) evaluated in hindsight - not an online-implementable strategy,314.266,mesh|literature|0.5|4|0.3|10|True|generous|9
mesh|literature|0.5|2|0.1|10|True|marginal_resources|6,any,mesh,literature,mesh@literature,6,marginal_resources,7000006,0.5,0.1,2,10,True,True,True,a0 -> b0 -> b1 -> b2,10,0.5867264892757331,best of 6 candidate route(s) evaluated in hindsight - not an online-implementable strategy,56.892,mesh|literature|0.5|2|0.1|10|True|marginal_resources|6
mesh|literature|0.5|2|0.1|10|True|marginal_resources|7,any,mesh,literature,mesh@literature,7,marginal_resources,7000007,0.5,0.1,2,10,True,True,False,a0 -> a1 -> a2 -> b2,9,0.5875111932795547,best of 6 candidate route(s) evaluated in hindsight - not an online-implementable strategy,59.448,mesh|literature|0.5|2|0.1|10|True|marginal_resources|7
mesh|literature|0.5|2|0.1|10|True|marginal_resources|8,any,mesh,literature,mesh@literature,8,marginal_resources,7000008,0.5,0.1,2,10,True,True,False,a0 -> a1 -> b1 -> b2,7,0.58566279558263,best of 6 candidate route(s) evaluated in hindsight - not an online-implementable strategy,61.341,mesh|literature|0.5|2|0.1|10|True|marginal_resources|8
mesh|literature|0.5|2|0.1|10|True|marginal_resources|9,any,mesh,literature,mesh@literature,9,marginal_resources,7000009,0.5,0.1,2,10,True,True,False,a0 -> a1 -> a2 -> b2,8,0.5867753271783487,best of 6 candidate route(s) evaluated in hindsight - not an online-implementable strategy,59.864,mesh|literature|0.5|2|0.1|10|True|marginal_resources|9
mesh|literature|0.58|4|0.3|10|True|marginal_fidelity|0,any,mesh,literature,mesh@literature,0,marginal_fidelity,7000000,0.58,0.3,4,10,True,True,True,a0 -> a1 -> b1 -> b2,38,0.5892403889079614,best of 6 candidate route(s) evaluated in hindsight - not an online-implementable strategy,254.135,mesh|literature|0.58|4|0.3|10|True|marginal_fidelity|0
mesh|literature|0.58|4|0.3|10|True|marginal_fidelity|2,any,mesh,literature,mesh@literature,2,marginal_fidelity,7000002,0.58,0.3,4,10,True,True,True,a0 -> a1 -> a2 -> b2,42,0.5894127365132983,best of 6 candidate route(s) evaluated in hindsight - not an online-implementable strategy,262.808,mesh|literature|0.58|4|0.3|10|True|marginal_fidelity|2
mesh|literature|0.58|4|0.3|10|True|marginal_fidelity|3,any,mesh,literature,mesh@literature,3,marginal_fidelity,7000003,0.58,0.3,4,10,True,True,True,a0 -> b0 -> b1 -> b2,36,0.5891541140552241,best of 6 candidate route(s) evaluated in hindsight - not an online-implementable strategy,270.684,mesh|literature|0.58|4|0.3|10|True|marginal_fidelity|3
mesh|literature|0.58|4|0.3|10|True|marginal_fidelity|1,any,mesh,literature,mesh@literature,1,marginal_fidelity,7000001,0.58,0.3,4,10,True,True,True,a0 -> a1 -> a2 -> b2,29,0.5896964165326707,best of 6 candidate route(s) evaluated in hindsight - not an online-implementable strategy,251.994,mesh|literature|0.58|4|0.3|10|True|marginal_fidelity|1
mesh|literature|0.58|4|0.3|10|True|marginal_fidelity|4,any,mesh,literature,mesh@literature,4,marginal_fidelity,7000004,0.58,0.3,4,10,True,True,True,a0 -> b0 -> b1 -> b2,45,0.5896833106124664,best of 6 candidate route(s) evaluated in hindsight - not an online-implementable strategy,262.527,mesh|literature|0.58|4|0.3|10|True|marginal_fidelity|4
mesh|literature|0.58|4|0.3|10|True|marginal_fidelity|5,any,mesh,literature,mesh@literature,5,marginal_fidelity,7000005,0.58,0.3,4,10,True,True,True,a0 -> b0 -> b1 -> b2,39,0.5895415671825093,best of 6 candidate route(s) evaluated in hindsight - not an online-implementable strategy,261.486,mesh|literature|0.58|4|0.3|10|True|marginal_fidelity|5
mesh|literature|0.58|4|0.3|10|True|marginal_fidelity|6,any,mesh,literature,mesh@literature,6,marginal_fidelity,7000006,0.58,0.3,4,10,True,True,True,a0 -> b0 -> b1 -> b2,44,0.5891613794869812,best of 6 candidate route(s) evaluated in hindsight - not an online-implementable strategy,285.029,mesh|literature|0.58|4|0.3|10|True|marginal_fidelity|6
mesh|literature|0.58|4|0.3|10|True|marginal_fidelity|7,any,mesh,literature,mesh@literature,7,marginal_fidelity,7000007,0.58,0.3,4,10,True,True,True,a0 -> a1 -> b1 -> b2,56,0.5896964824626637,best of 6 candidate route(s) evaluated in hindsight - not an online-implementable strategy,280.528,mesh|literature|0.58|4|0.3|10|True|marginal_fidelity|7
mesh|literature|0.58|4|0.3|10|True|marginal_fidelity|9,any,mesh,literature,mesh@literature,9,marginal_fidelity,7000009,0.58,0.3,4,10,True,True,True,a0 -> b0 -> b1 -> b2,45,0.5891629939436522,best of 6 candidate route(s) evaluated in hindsight - not an online-implementable strategy,285.863,mesh|literature|0.58|4|0.3|10|True|marginal_fidelity|9
mesh|literature|0.58|4|0.3|10|True|marginal_fidelity|8,any,mesh,literature,mesh@literature,8,marginal_fidelity,7000008,0.58,0.3,4,10,True,True,True,a0 -> b0 -> b1 -> b2,47,0.5885742718559573,best of 6 candidate route(s) evaluated in hindsight - not an online-implementable strategy,302.122,mesh|literature|0.58|4|0.3|10|True|marginal_fidelity|8
mesh|literature|0.67|4|0.3|10|True|purification_1_round|2,any,mesh,literature,mesh@literature,2,purification_1_round,7000002,0.67,0.3,4,10,True,True,False,a0 -> a1 -> a2 -> a3 -> b3 -> b2,0,,best of 6 candidate route(s) evaluated in hindsight - not an online-implementable strategy,368.497,mesh|literature|0.67|4|0.3|10|True|purification_1_round|2
mesh|literature|0.67|4|0.3|10|True|purification_1_round|0,any,mesh,literature,mesh@literature,0,purification_1_round,7000000,0.67,0.3,4,10,True,True,False,a0 -> a1 -> a2 -> a3 -> b3 -> b2,0,,best of 6 candidate route(s) evaluated in hindsight - not an online-implementable strategy,352.875,mesh|literature|0.67|4|0.3|10|True|purification_1_round|0
mesh|literature|0.67|4|0.3|10|True|purification_1_round|1,any,mesh,literature,mesh@literature,1,purification_1_round,7000001,0.67,0.3,4,10,True,True,False,a0 -> a1 -> a2 -> a3 -> b3 -> b2,0,,best of 6 candidate route(s) evaluated in hindsight - not an online-implementable strategy,355.622,mesh|literature|0.67|4|0.3|10|True|purification_1_round|1
mesh|literature|0.67|4|0.3|10|True|purification_1_round|3,any,mesh,literature,mesh@literature,3,purification_1_round,7000003,0.67,0.3,4,10,True,True,False,a0 -> a1 -> a2 -> a3 -> b3 -> b2,0,,best of 6 candidate route(s) evaluated in hindsight - not an online-implementable strategy,358.264,mesh|literature|0.67|4|0.3|10|True|purification_1_round|3
mesh|literature|0.67|4|0.3|10|True|purification_1_round|4,any,mesh,literature,mesh@literature,4,purification_1_round,7000004,0.67,0.3,4,10,True,True,False,a0 -> a1 -> a2 -> a3 -> b3 -> b2,0,,best of 6 candidate route(s) evaluated in hindsight - not an online-implementable strategy,372.349,mesh|literature|0.67|4|0.3|10|True|purification_1_round|4
mesh|literature|0.67|4|0.3|10|True|purification_1_round|5,any,mesh,literature,mesh@literature,5,purification_1_round,7000005,0.67,0.3,4,10,True,True,False,a0 -> a1 -> a2 -> a3 -> b3 -> b2,0,,best of 6 candidate route(s) evaluated in hindsight - not an online-implementable strategy,321.249,mesh|literature|0.67|4|0.3|10|True|purification_1_round|5
chain1|theoretical_ops|0.6|4|0.3|10|True|generous|0,any,chain1,theoretical_ops,chain1@theoretical_ops,0,generous,7000000,0.6,0.3,4,10,True,True,True,a -> r1 -> b,53,0.7406681675151514,best of 1 candidate route(s) evaluated in hindsight - not an online-implementable strategy,18.797,chain1|theoretical_ops|0.6|4|0.3|10|True|generous|0
mesh|literature|0.67|4|0.3|10|True|purification_1_round|6,any,mesh,literature,mesh@literature,6,purification_1_round,7000006,0.67,0.3,4,10,True,True,False,a0 -> a1 -> a2 -> a3 -> b3 -> b2,0,,best of 6 candidate route(s) evaluated in hindsight - not an online-implementable strategy,331.142,mesh|literature|0.67|4|0.3|10|True|purification_1_round|6
mesh|literature|0.67|4|0.3|10|True|purification_1_round|8,any,mesh,literature,mesh@literature,8,purification_1_round,7000008,0.67,0.3,4,10,True,True,False,a0 -> a1 -> a2 -> a3 -> b3 -> b2,0,,best of 6 candidate route(s) evaluated in hindsight - not an online-implementable strategy,314.652,mesh|literature|0.67|4|0.3|10|True|purification_1_round|8
mesh|literature|0.67|4|0.3|10|True|purification_1_round|9,any,mesh,literature,mesh@literature,9,purification_1_round,7000009,0.67,0.3,4,10,True,True,False,a0 -> a1 -> a2 -> a3 -> b3 -> b2,0,,best of 6 candidate route(s) evaluated in hindsight - not an online-implementable strategy,280.155,mesh|literature|0.67|4|0.3|10|True|purification_1_round|9
chain1|theoretical_ops|0.6|4|0.3|10|True|generous|1,any,chain1,theoretical_ops,chain1@theoretical_ops,1,generous,7000001,0.6,0.3,4,10,True,True,True,a -> r1 -> b,37,0.7383201074712685,best of 1 candidate route(s) evaluated in hindsight - not an online-implementable strategy,16.47,chain1|theoretical_ops|0.6|4|0.3|10|True|generous|1
chain1|theoretical_ops|0.6|4|0.3|10|True|generous|4,any,chain1,theoretical_ops,chain1@theoretical_ops,4,generous,7000004,0.6,0.3,4,10,True,True,True,a -> r1 -> b,46,0.7391090978133681,best of 1 candidate route(s) evaluated in hindsight - not an online-implementable strategy,17.36,chain1|theoretical_ops|0.6|4|0.3|10|True|generous|4
mesh|literature|0.67|4|0.3|10|True|purification_1_round|7,any,mesh,literature,mesh@literature,7,purification_1_round,7000007,0.67,0.3,4,10,True,True,False,a0 -> a1 -> a2 -> a3 -> b3 -> b2,0,,best of 6 candidate route(s) evaluated in hindsight - not an online-implementable strategy,273.068,mesh|literature|0.67|4|0.3|10|True|purification_1_round|7
chain1|theoretical_ops|0.6|4|0.3|10|True|generous|2,any,chain1,theoretical_ops,chain1@theoretical_ops,2,generous,7000002,0.6,0.3,4,10,True,True,True,a -> r1 -> b,50,0.740486475328713,best of 1 candidate route(s) evaluated in hindsight - not an online-implementable strategy,19.499,chain1|theoretical_ops|0.6|4|0.3|10|True|generous|2
chain1|theoretical_ops|0.6|4|0.3|10|True|generous|3,any,chain1,theoretical_ops,chain1@theoretical_ops,3,generous,7000003,0.6,0.3,4,10,True,True,True,a -> r1 -> b,53,0.7408417231578882,best of 1 candidate route(s) evaluated in hindsight - not an online-implementable strategy,18.746,chain1|theoretical_ops|0.6|4|0.3|10|True|generous|3
chain1|theoretical_ops|0.6|4|0.3|10|True|generous|7,any,chain1,theoretical_ops,chain1@theoretical_ops,7,generous,7000007,0.6,0.3,4,10,True,True,True,a -> r1 -> b,40,0.7388743975706956,best of 1 candidate route(s) evaluated in hindsight - not an online-implementable strategy,17.601,chain1|theoretical_ops|0.6|4|0.3|10|True|generous|7
chain1|theoretical_ops|0.6|4|0.3|10|True|generous|5,any,chain1,theoretical_ops,chain1@theoretical_ops,5,generous,7000005,0.6,0.3,4,10,True,True,True,a -> r1 -> b,47,0.7403512537126342,best of 1 candidate route(s) evaluated in hindsight - not an online-implementable strategy,18.204,chain1|theoretical_ops|0.6|4|0.3|10|True|generous|5
chain1|theoretical_ops|0.6|4|0.3|10|True|generous|6,any,chain1,theoretical_ops,chain1@theoretical_ops,6,generous,7000006,0.6,0.3,4,10,True,True,True,a -> r1 -> b,45,0.7383521491198187,best of 1 candidate route(s) evaluated in hindsight - not an online-implementable strategy,16.428,chain1|theoretical_ops|0.6|4|0.3|10|True|generous|6
chain1|theoretical_ops|0.6|4|0.3|10|True|generous|9,any,chain1,theoretical_ops,chain1@theoretical_ops,9,generous,7000009,0.6,0.3,4,10,True,True,True,a -> r1 -> b,44,0.7394685855017072,best of 1 candidate route(s) evaluated in hindsight - not an online-implementable strategy,16.463,chain1|theoretical_ops|0.6|4|0.3|10|True|generous|9
chain1|theoretical_ops|0.6|4|0.3|10|True|generous|8,any,chain1,theoretical_ops,chain1@theoretical_ops,8,generous,7000008,0.6,0.3,4,10,True,True,True,a -> r1 -> b,47,0.739638662941968,best of 1 candidate route(s) evaluated in hindsight - not an online-implementable strategy,17.855,chain1|theoretical_ops|0.6|4|0.3|10|True|generous|8
chain1|theoretical_ops|0.66|4|0.3|10|True|generous|1,any,chain1,theoretical_ops,chain1@theoretical_ops,1,generous,7000001,0.66,0.3,4,10,True,True,True,a -> r1 -> b,37,0.7383201074712685,best of 1 candidate route(s) evaluated in hindsight - not an online-implementable strategy,15.688,chain1|theoretical_ops|0.66|4|0.3|10|True|generous|1
chain1|theoretical_ops|0.66|4|0.3|10|True|generous|0,any,chain1,theoretical_ops,chain1@theoretical_ops,0,generous,7000000,0.66,0.3,4,10,True,True,True,a -> r1 -> b,53,0.7406681675151514,best of 1 candidate route(s) evaluated in hindsight - not an online-implementable strategy,17.829,chain1|theoretical_ops|0.66|4|0.3|10|True|generous|0
chain1|theoretical_ops|0.66|4|0.3|10|True|generous|4,any,chain1,theoretical_ops,chain1@theoretical_ops,4,generous,7000004,0.66,0.3,4,10,True,True,True,a -> r1 -> b,46,0.7391090978133681,best of 1 candidate route(s) evaluated in hindsight - not an online-implementable strategy,16.567,chain1|theoretical_ops|0.66|4|0.3|10|True|generous|4
chain1|theoretical_ops|0.66|4|0.3|10|True|generous|2,any,chain1,theoretical_ops,chain1@theoretical_ops,2,generous,7000002,0.66,0.3,4,10,True,True,True,a -> r1 -> b,50,0.740486475328713,best of 1 candidate route(s) evaluated in hindsight - not an online-implementable strategy,18.157,chain1|theoretical_ops|0.66|4|0.3|10|True|generous|2
chain1|theoretical_ops|0.66|4|0.3|10|True|generous|3,any,chain1,theoretical_ops,chain1@theoretical_ops,3,generous,7000003,0.66,0.3,4,10,True,True,True,a -> r1 -> b,53,0.7408417231578882,best of 1 candidate route(s) evaluated in hindsight - not an online-implementable strategy,17.628,chain1|theoretical_ops|0.66|4|0.3|10|True|generous|3
chain1|theoretical_ops|0.66|4|0.3|10|True|generous|5,any,chain1,theoretical_ops,chain1@theoretical_ops,5,generous,7000005,0.66,0.3,4,10,True,True,True,a -> r1 -> b,47,0.7403512537126342,best of 1 candidate route(s) evaluated in hindsight - not an online-implementable strategy,18.558,chain1|theoretical_ops|0.66|4|0.3|10|True|generous|5
chain1|theoretical_ops|0.66|4|0.3|10|True|generous|6,any,chain1,theoretical_ops,chain1@theoretical_ops,6,generous,7000006,0.66,0.3,4,10,True,True,True,a -> r1 -> b,45,0.7383521491198187,best of 1 candidate route(s) evaluated in hindsight - not an online-implementable strategy,17.2,chain1|theoretical_ops|0.66|4|0.3|10|True|generous|6
chain1|theoretical_ops|0.66|4|0.3|10|True|generous|7,any,chain1,theoretical_ops,chain1@theoretical_ops,7,generous,7000007,0.66,0.3,4,10,True,True,True,a -> r1 -> b,40,0.7388743975706956,best of 1 candidate route(s) evaluated in hindsight - not an online-implementable strategy,17.855,chain1|theoretical_ops|0.66|4|0.3|10|True|generous|7
chain1|theoretical_ops|0.66|4|0.3|10|True|generous|8,any,chain1,theoretical_ops,chain1@theoretical_ops,8,generous,7000008,0.66,0.3,4,10,True,True,True,a -> r1 -> b,47,0.739638662941968,best of 1 candidate route(s) evaluated in hindsight - not an online-implementable strategy,18.345,chain1|theoretical_ops|0.66|4|0.3|10|True|generous|8
chain1|theoretical_ops|0.66|4|0.3|10|True|generous|9,any,chain1,theoretical_ops,chain1@theoretical_ops,9,generous,7000009,0.66,0.3,4,10,True,True,True,a -> r1 -> b,44,0.7394685855017072,best of 1 candidate route(s) evaluated in hindsight - not an online-implementable strategy,17.192,chain1|theoretical_ops|0.66|4|0.3|10|True|generous|9
chain1|theoretical_ops|0.66|4|0.3|10|False|generous_no_purification|1,any,chain1,theoretical_ops,chain1@theoretical_ops,1,generous_no_purification,7000001,0.66,0.3,4,10,False,True,True,a -> r1 -> b,37,0.7383201074712685,best of 1 candidate route(s) evaluated in hindsight - not an online-implementable strategy,15.943,chain1|theoretical_ops|0.66|4|0.3|10|False|generous_no_purification|1
chain1|theoretical_ops|0.66|4|0.3|10|False|generous_no_purification|0,any,chain1,theoretical_ops,chain1@theoretical_ops,0,generous_no_purification,7000000,0.66,0.3,4,10,False,True,True,a -> r1 -> b,53,0.7406681675151514,best of 1 candidate route(s) evaluated in hindsight - not an online-implementable strategy,18.358,chain1|theoretical_ops|0.66|4|0.3|10|False|generous_no_purification|0
chain1|theoretical_ops|0.6|2|0.1|10|True|marginal_resources|0,any,chain1,theoretical_ops,chain1@theoretical_ops,0,marginal_resources,7000000,0.6,0.1,2,10,True,True,False,a -> r1 -> b,9,0.7374764235671962,best of 1 candidate route(s) evaluated in hindsight - not an online-implementable strategy,2.366,chain1|theoretical_ops|0.6|2|0.1|10|True|marginal_resources|0
chain1|theoretical_ops|0.66|4|0.3|10|False|generous_no_purification|4,any,chain1,theoretical_ops,chain1@theoretical_ops,4,generous_no_purification,7000004,0.66,0.3,4,10,False,True,True,a -> r1 -> b,46,0.7391090978133681,best of 1 candidate route(s) evaluated in hindsight - not an online-implementable strategy,16.916,chain1|theoretical_ops|0.66|4|0.3|10|False|generous_no_purification|4
chain1|theoretical_ops|0.6|2|0.1|10|True|marginal_resources|1,any,chain1,theoretical_ops,chain1@theoretical_ops,1,marginal_resources,7000001,0.6,0.1,2,10,True,True,False,a -> r1 -> b,6,0.7416983263439064,best of 1 candidate route(s) evaluated in hindsight - not an online-implementable strategy,2.822,chain1|theoretical_ops|0.6|2|0.1|10|True|marginal_resources|1
chain1|theoretical_ops|0.66|4|0.3|10|False|generous_no_purification|2,any,chain1,theoretical_ops,chain1@theoretical_ops,2,generous_no_purification,7000002,0.66,0.3,4,10,False,True,True,a -> r1 -> b,50,0.740486475328713,best of 1 candidate route(s) evaluated in hindsight - not an online-implementable strategy,18.411,chain1|theoretical_ops|0.66|4|0.3|10|False|generous_no_purification|2
chain1|theoretical_ops|0.6|2|0.1|10|True|marginal_resources|2,any,chain1,theoretical_ops,chain1@theoretical_ops,2,marginal_resources,7000002,0.6,0.1,2,10,True,True,False,a -> r1 -> b,8,0.7390175690917749,best of 1 candidate route(s) evaluated in hindsight - not an online-implementable strategy,2.815,chain1|theoretical_ops|0.6|2|0.1|10|True|marginal_resources|2
chain1|theoretical_ops|0.66|4|0.3|10|False|generous_no_purification|3,any,chain1,theoretical_ops,chain1@theoretical_ops,3,generous_no_purification,7000003,0.66,0.3,4,10,False,True,True,a -> r1 -> b,53,0.7408417231578882,best of 1 candidate route(s) evaluated in hindsight - not an online-implementable strategy,17.82,chain1|theoretical_ops|0.66|4|0.3|10|False|generous_no_purification|3
chain1|theoretical_ops|0.66|4|0.3|10|False|generous_no_purification|5,any,chain1,theoretical_ops,chain1@theoretical_ops,5,generous_no_purification,7000005,0.66,0.3,4,10,False,True,True,a -> r1 -> b,47,0.7403512537126342,best of 1 candidate route(s) evaluated in hindsight - not an online-implementable strategy,18.387,chain1|theoretical_ops|0.66|4|0.3|10|False|generous_no_purification|5
chain1|theoretical_ops|0.6|2|0.1|10|True|marginal_resources|3,any,chain1,theoretical_ops,chain1@theoretical_ops,3,marginal_resources,7000003,0.6,0.1,2,10,True,True,True,a -> r1 -> b,10,0.7398014008961911,best of 1 candidate route(s) evaluated in hindsight - not an online-implementable strategy,2.703,chain1|theoretical_ops|0.6|2|0.1|10|True|marginal_resources|3
chain1|theoretical_ops|0.66|4|0.3|10|False|generous_no_purification|6,any,chain1,theoretical_ops,chain1@theoretical_ops,6,generous_no_purification,7000006,0.66,0.3,4,10,False,True,True,a -> r1 -> b,45,0.7383521491198187,best of 1 candidate route(s) evaluated in hindsight - not an online-implementable strategy,16.575,chain1|theoretical_ops|0.66|4|0.3|10|False|generous_no_purification|6
chain1|theoretical_ops|0.6|2|0.1|10|True|marginal_resources|4,any,chain1,theoretical_ops,chain1@theoretical_ops,4,marginal_resources,7000004,0.6,0.1,2,10,True,True,False,a -> r1 -> b,9,0.7363894713919303,best of 1 candidate route(s) evaluated in hindsight - not an online-implementable strategy,2.412,chain1|theoretical_ops|0.6|2|0.1|10|True|marginal_resources|4
chain1|theoretical_ops|0.6|2|0.1|10|True|marginal_resources|5,any,chain1,theoretical_ops,chain1@theoretical_ops,5,marginal_resources,7000005,0.6,0.1,2,10,True,True,False,a -> r1 -> b,7,0.7379493266245446,best of 1 candidate route(s) evaluated in hindsight - not an online-implementable strategy,2.772,chain1|theoretical_ops|0.6|2|0.1|10|True|marginal_resources|5
chain1|theoretical_ops|0.6|2|0.1|10|True|marginal_resources|6,any,chain1,theoretical_ops,chain1@theoretical_ops,6,marginal_resources,7000006,0.6,0.1,2,10,True,True,False,a -> r1 -> b,7,0.7361846377120982,best of 1 candidate route(s) evaluated in hindsight - not an online-implementable strategy,1.939,chain1|theoretical_ops|0.6|2|0.1|10|True|marginal_resources|6
chain1|theoretical_ops|0.66|4|0.3|10|False|generous_no_purification|7,any,chain1,theoretical_ops,chain1@theoretical_ops,7,generous_no_purification,7000007,0.66,0.3,4,10,False,True,True,a -> r1 -> b,40,0.7388743975706956,best of 1 candidate route(s) evaluated in hindsight - not an online-implementable strategy,16.873,chain1|theoretical_ops|0.66|4|0.3|10|False|generous_no_purification|7
chain1|theoretical_ops|0.66|4|0.3|10|False|generous_no_purification|9,any,chain1,theoretical_ops,chain1@theoretical_ops,9,generous_no_purification,7000009,0.66,0.3,4,10,False,True,True,a -> r1 -> b,44,0.7394685855017072,best of 1 candidate route(s) evaluated in hindsight - not an online-implementable strategy,15.759,chain1|theoretical_ops|0.66|4|0.3|10|False|generous_no_purification|9
chain1|theoretical_ops|0.66|4|0.3|10|False|generous_no_purification|8,any,chain1,theoretical_ops,chain1@theoretical_ops,8,generous_no_purification,7000008,0.66,0.3,4,10,False,True,True,a -> r1 -> b,47,0.739638662941968,best of 1 candidate route(s) evaluated in hindsight - not an online-implementable strategy,16.88,chain1|theoretical_ops|0.66|4|0.3|10|False|generous_no_purification|8
chain1|theoretical_ops|0.6|2|0.1|10|True|marginal_resources|7,any,chain1,theoretical_ops,chain1@theoretical_ops,7,marginal_resources,7000007,0.6,0.1,2,10,True,True,False,a -> r1 -> b,4,0.7352278076434959,best of 1 candidate route(s) evaluated in hindsight - not an online-implementable strategy,1.903,chain1|theoretical_ops|0.6|2|0.1|10|True|marginal_resources|7
chain1|theoretical_ops|0.6|2|0.1|10|True|marginal_resources|8,any,chain1,theoretical_ops,chain1@theoretical_ops,8,marginal_resources,7000008,0.6,0.1,2,10,True,True,True,a -> r1 -> b,11,0.7407880664977811,best of 1 candidate route(s) evaluated in hindsight - not an online-implementable strategy,1.898,chain1|theoretical_ops|0.6|2|0.1|10|True|marginal_resources|8
chain1|theoretical_ops|0.6|2|0.1|10|True|marginal_resources|9,any,chain1,theoretical_ops,chain1@theoretical_ops,9,marginal_resources,7000009,0.6,0.1,2,10,True,True,False,a -> r1 -> b,9,0.7421243015708011,best of 1 candidate route(s) evaluated in hindsight - not an online-implementable strategy,1.968,chain1|theoretical_ops|0.6|2|0.1|10|True|marginal_resources|9
chain1|theoretical_ops|0.7|4|0.3|10|True|marginal_fidelity|1,any,chain1,theoretical_ops,chain1@theoretical_ops,1,marginal_fidelity,7000001,0.7,0.3,4,10,True,True,True,a -> r1 -> b,37,0.7383201074712685,best of 1 candidate route(s) evaluated in hindsight - not an online-implementable strategy,12.18,chain1|theoretical_ops|0.7|4|0.3|10|True|marginal_fidelity|1
chain1|theoretical_ops|0.7|4|0.3|10|True|marginal_fidelity|4,any,chain1,theoretical_ops,chain1@theoretical_ops,4,marginal_fidelity,7000004,0.7,0.3,4,10,True,True,True,a -> r1 -> b,46,0.7391090978133681,best of 1 candidate route(s) evaluated in hindsight - not an online-implementable strategy,12.512,chain1|theoretical_ops|0.7|4|0.3|10|True|marginal_fidelity|4
chain1|theoretical_ops|0.7|4|0.3|10|True|marginal_fidelity|0,any,chain1,theoretical_ops,chain1@theoretical_ops,0,marginal_fidelity,7000000,0.7,0.3,4,10,True,True,True,a -> r1 -> b,53,0.7406681675151514,best of 1 candidate route(s) evaluated in hindsight - not an online-implementable strategy,13.543,chain1|theoretical_ops|0.7|4|0.3|10|True|marginal_fidelity|0
chain1|theoretical_ops|0.7|4|0.3|10|True|marginal_fidelity|2,any,chain1,theoretical_ops,chain1@theoretical_ops,2,marginal_fidelity,7000002,0.7,0.3,4,10,True,True,True,a -> r1 -> b,50,0.740486475328713,best of 1 candidate route(s) evaluated in hindsight - not an online-implementable strategy,13.468,chain1|theoretical_ops|0.7|4|0.3|10|True|marginal_fidelity|2
chain1|theoretical_ops|0.7|4|0.3|10|True|marginal_fidelity|3,any,chain1,theoretical_ops,chain1@theoretical_ops,3,marginal_fidelity,7000003,0.7,0.3,4,10,True,True,True,a -> r1 -> b,53,0.7408417231578882,best of 1 candidate route(s) evaluated in hindsight - not an online-implementable strategy,13.588,chain1|theoretical_ops|0.7|4|0.3|10|True|marginal_fidelity|3
chain1|theoretical_ops|0.7|4|0.3|10|True|marginal_fidelity|6,any,chain1,theoretical_ops,chain1@theoretical_ops,6,marginal_fidelity,7000006,0.7,0.3,4,10,True,True,True,a -> r1 -> b,38,0.7392825837356025,best of 1 candidate route(s) evaluated in hindsight - not an online-implementable strategy,11.069,chain1|theoretical_ops|0.7|4|0.3|10|True|marginal_fidelity|6
chain1|theoretical_ops|0.7|4|0.3|10|True|marginal_fidelity|5,any,chain1,theoretical_ops,chain1@theoretical_ops,5,marginal_fidelity,7000005,0.7,0.3,4,10,True,True,True,a -> r1 -> b,47,0.7403512537126342,best of 1 candidate route(s) evaluated in hindsight - not an online-implementable strategy,13.08,chain1|theoretical_ops|0.7|4|0.3|10|True|marginal_fidelity|5
chain1|theoretical_ops|0.7|4|0.3|10|True|marginal_fidelity|8,any,chain1,theoretical_ops,chain1@theoretical_ops,8,marginal_fidelity,7000008,0.7,0.3,4,10,True,True,True,a -> r1 -> b,47,0.739638662941968,best of 1 candidate route(s) evaluated in hindsight - not an online-implementable strategy,12.678,chain1|theoretical_ops|0.7|4|0.3|10|True|marginal_fidelity|8
chain1|theoretical_ops|0.7|4|0.3|10|True|marginal_fidelity|9,any,chain1,theoretical_ops,chain1@theoretical_ops,9,marginal_fidelity,7000009,0.7,0.3,4,10,True,True,True,a -> r1 -> b,44,0.7394685855017072,best of 1 candidate route(s) evaluated in hindsight - not an online-implementable strategy,11.843,chain1|theoretical_ops|0.7|4|0.3|10|True|marginal_fidelity|9
chain1|theoretical_ops|0.7|4|0.3|10|True|marginal_fidelity|7,any,chain1,theoretical_ops,chain1@theoretical_ops,7,marginal_fidelity,7000007,0.7,0.3,4,10,True,True,True,a -> r1 -> b,40,0.7388743975706956,best of 1 candidate route(s) evaluated in hindsight - not an online-implementable strategy,12.867,chain1|theoretical_ops|0.7|4|0.3|10|True|marginal_fidelity|7
chain1|theoretical_ops|0.76|4|0.3|10|True|purification_1_round|0,any,chain1,theoretical_ops,chain1@theoretical_ops,0,purification_1_round,7000000,0.76,0.3,4,10,True,True,True,a -> r1 -> b,14,0.7751454719143517,best of 1 candidate route(s) evaluated in hindsight - not an online-implementable strategy,11.721,chain1|theoretical_ops|0.76|4|0.3|10|True|purification_1_round|0
chain1|theoretical_ops|0.76|4|0.3|10|True|purification_1_round|1,any,chain1,theoretical_ops,chain1@theoretical_ops,1,purification_1_round,7000001,0.76,0.3,4,10,True,True,True,a -> r1 -> b,11,0.7747775993494471,best of 1 candidate route(s) evaluated in hindsight - not an online-implementable strategy,11.03,chain1|theoretical_ops|0.76|4|0.3|10|True|purification_1_round|1
chain1|theoretical_ops|0.76|4|0.3|10|True|purification_1_round|4,any,chain1,theoretical_ops,chain1@theoretical_ops,4,purification_1_round,7000004,0.76,0.3,4,10,True,True,True,a -> r1 -> b,13,0.7759333848882174,best of 1 candidate route(s) evaluated in hindsight - not an online-implementable strategy,11.267,chain1|theoretical_ops|0.76|4|0.3|10|True|purification_1_round|4
chain1|theoretical_ops|0.76|4|0.3|10|True|purification_1_round|3,any,chain1,theoretical_ops,chain1@theoretical_ops,3,purification_1_round,7000003,0.76,0.3,4,10,True,True,True,a -> r1 -> b,18,0.7760528615197574,best of 1 candidate route(s) evaluated in hindsight - not an online-implementable strategy,11.372,chain1|theoretical_ops|0.76|4|0.3|10|True|purification_1_round|3
chain1|theoretical_ops|0.76|4|0.3|10|True|purification_1_round|2,any,chain1,theoretical_ops,chain1@theoretical_ops,2,purification_1_round,7000002,0.76,0.3,4,10,True,True,True,a -> r1 -> b,12,0.7769516074620682,best of 1 candidate route(s) evaluated in hindsight - not an online-implementable strategy,11.854,chain1|theoretical_ops|0.76|4|0.3|10|True|purification_1_round|2
chain1|theoretical_ops|0.76|4|0.3|10|True|purification_1_round|6,any,chain1,theoretical_ops,chain1@theoretical_ops,6,purification_1_round,7000006,0.76,0.3,4,10,True,True,True,a -> r1 -> b,14,0.7738749504744583,best of 1 candidate route(s) evaluated in hindsight - not an online-implementable strategy,10.551,chain1|theoretical_ops|0.76|4|0.3|10|True|purification_1_round|6
chain1|theoretical_ops|0.76|4|0.3|10|True|purification_1_round|5,any,chain1,theoretical_ops,chain1@theoretical_ops,5,purification_1_round,7000005,0.76,0.3,4,10,True,True,True,a -> r1 -> b,10,0.7748956000943636,best of 1 candidate route(s) evaluated in hindsight - not an online-implementable strategy,10.913,chain1|theoretical_ops|0.76|4|0.3|10|True|purification_1_round|5
chain1|theoretical_ops|0.76|4|0.3|10|True|purification_1_round|7,any,chain1,theoretical_ops,chain1@theoretical_ops,7,purification_1_round,7000007,0.76,0.3,4,10,True,True,True,a -> r1 -> b,15,0.7762017737485405,best of 1 candidate route(s) evaluated in hindsight - not an online-implementable strategy,11.54,chain1|theoretical_ops|0.76|4|0.3|10|True|purification_1_round|7
chain1|theoretical_ops|0.76|4|0.3|10|True|purification_1_round|9,any,chain1,theoretical_ops,chain1@theoretical_ops,9,purification_1_round,7000009,0.76,0.3,4,10,True,True,True,a -> r1 -> b,12,0.7766332335392313,best of 1 candidate route(s) evaluated in hindsight - not an online-implementable strategy,11.006,chain1|theoretical_ops|0.76|4|0.3|10|True|purification_1_round|9
chain1|theoretical_ops|0.76|4|0.3|10|True|purification_1_round|8,any,chain1,theoretical_ops,chain1@theoretical_ops,8,purification_1_round,7000008,0.76,0.3,4,10,True,True,True,a -> r1 -> b,13,0.7743484648940574,best of 1 candidate route(s) evaluated in hindsight - not an online-implementable strategy,11.001,chain1|theoretical_ops|0.76|4|0.3|10|True|purification_1_round|8
chain1|theoretical_ops|0.8|4|0.3|10|True|purification_2_rounds|1,any,chain1,theoretical_ops,chain1@theoretical_ops,1,purification_2_rounds,7000001,0.8,0.3,4,10,True,True,False,a -> r1 -> b,4,0.8042833640472946,best of 1 candidate route(s) evaluated in hindsight - not an online-implementable strategy,10.047,chain1|theoretical_ops|0.8|4|0.3|10|True|purification_2_rounds|1
chain1|theoretical_ops|0.8|4|0.3|10|True|purification_2_rounds|0,any,chain1,theoretical_ops,chain1@theoretical_ops,0,purification_2_rounds,7000000,0.8,0.3,4,10,True,True,False,a -> r1 -> b,5,0.8033747694349185,best of 1 candidate route(s) evaluated in hindsight - not an online-implementable strategy,10.631,chain1|theoretical_ops|0.8|4|0.3|10|True|purification_2_rounds|0
chain1|theoretical_ops|0.8|4|0.3|10|True|purification_2_rounds|4,any,chain1,theoretical_ops,chain1@theoretical_ops,4,purification_2_rounds,7000004,0.8,0.3,4,10,True,True,False,a -> r1 -> b,6,0.8037791974929474,best of 1 candidate route(s) evaluated in hindsight - not an online-implementable strategy,10.007,chain1|theoretical_ops|0.8|4|0.3|10|True|purification_2_rounds|4
chain1|theoretical_ops|0.8|4|0.3|10|True|purification_2_rounds|2,any,chain1,theoretical_ops,chain1@theoretical_ops,2,purification_2_rounds,7000002,0.8,0.3,4,10,True,True,False,a -> r1 -> b,5,0.8028395638752481,best of 1 candidate route(s) evaluated in hindsight - not an online-implementable strategy,10.902,chain1|theoretical_ops|0.8|4|0.3|10|True|purification_2_rounds|2
chain1|theoretical_ops|0.8|4|0.3|10|True|purification_2_rounds|3,any,chain1,theoretical_ops,chain1@theoretical_ops,3,purification_2_rounds,7000003,0.8,0.3,4,10,True,True,False,a -> r1 -> b,4,0.804788845519843,best of 1 candidate route(s) evaluated in hindsight - not an online-implementable strategy,10.821,chain1|theoretical_ops|0.8|4|0.3|10|True|purification_2_rounds|3
chain1|theoretical_ops|0.8|4|0.3|10|True|purification_2_rounds|6,any,chain1,theoretical_ops,chain1@theoretical_ops,6,purification_2_rounds,7000006,0.8,0.3,4,10,True,True,False,a -> r1 -> b,2,0.8051076825401138,best of 1 candidate route(s) evaluated in hindsight - not an online-implementable strategy,9.551,chain1|theoretical_ops|0.8|4|0.3|10|True|purification_2_rounds|6
chain1|theoretical_ops|0.8|4|0.3|10|True|purification_2_rounds|5,any,chain1,theoretical_ops,chain1@theoretical_ops,5,purification_2_rounds,7000005,0.8,0.3,4,10,True,True,False,a -> r1 -> b,3,0.8032443307978676,best of 1 candidate route(s) evaluated in hindsight - not an online-implementable strategy,10.167,chain1|theoretical_ops|0.8|4|0.3|10|True|purification_2_rounds|5
chain1|theoretical_ops|0.8|4|0.3|10|True|purification_2_rounds|7,any,chain1,theoretical_ops,chain1@theoretical_ops,7,purification_2_rounds,7000007,0.8,0.3,4,10,True,True,False,a -> r1 -> b,0,,best of 1 candidate route(s) evaluated in hindsight - not an online-implementable strategy,9.662,chain1|theoretical_ops|0.8|4|0.3|10|True|purification_2_rounds|7
chain1|theoretical_ops|0.8|4|0.3|10|True|purification_2_rounds|9,any,chain1,theoretical_ops,chain1@theoretical_ops,9,purification_2_rounds,7000009,0.8,0.3,4,10,True,True,False,a -> r1 -> b,6,0.8047463105042955,best of 1 candidate route(s) evaluated in hindsight - not an online-implementable strategy,10.31,chain1|theoretical_ops|0.8|4|0.3|10|True|purification_2_rounds|9
chain1|theoretical_ops|0.8|4|0.3|10|True|purification_2_rounds|8,any,chain1,theoretical_ops,chain1@theoretical_ops,8,purification_2_rounds,7000008,0.8,0.3,4,10,True,True,False,a -> r1 -> b,5,0.8032739885093513,best of 1 candidate route(s) evaluated in hindsight - not an online-implementable strategy,10.17,chain1|theoretical_ops|0.8|4|0.3|10|True|purification_2_rounds|8
chain1|theoretical_ops|0.8|4|0.3|3|True|purification_2_rounds_small_goal|1,any,chain1,theoretical_ops,chain1@theoretical_ops,1,purification_2_rounds_small_goal,7000001,0.8,0.3,4,3,True,True,True,a -> r1 -> b,4,0.8042833640472946,best of 1 candidate route(s) evaluated in hindsight - not an online-implementable strategy,11.401,chain1|theoretical_ops|0.8|4|0.3|3|True|purification_2_rounds_small_goal|1
chain1|theoretical_ops|0.8|4|0.3|3|True|purification_2_rounds_small_goal|0,any,chain1,theoretical_ops,chain1@theoretical_ops,0,purification_2_rounds_small_goal,7000000,0.8,0.3,4,3,True,True,True,a -> r1 -> b,5,0.8033747694349185,best of 1 candidate route(s) evaluated in hindsight - not an online-implementable strategy,12.093,chain1|theoretical_ops|0.8|4|0.3|3|True|purification_2_rounds_small_goal|0
chain1|theoretical_ops|0.8|4|0.3|3|True|purification_2_rounds_small_goal|4,any,chain1,theoretical_ops,chain1@theoretical_ops,4,purification_2_rounds_small_goal,7000004,0.8,0.3,4,3,True,True,True,a -> r1 -> b,6,0.8037791974929474,best of 1 candidate route(s) evaluated in hindsight - not an online-implementable strategy,11.526,chain1|theoretical_ops|0.8|4|0.3|3|True|purification_2_rounds_small_goal|4
chain1|theoretical_ops|0.8|4|0.3|3|True|purification_2_rounds_small_goal|2,any,chain1,theoretical_ops,chain1@theoretical_ops,2,purification_2_rounds_small_goal,7000002,0.8,0.3,4,3,True,True,True,a -> r1 -> b,5,0.8028395638752481,best of 1 candidate route(s) evaluated in hindsight - not an online-implementable strategy,12.388,chain1|theoretical_ops|0.8|4|0.3|3|True|purification_2_rounds_small_goal|2
chain1|theoretical_ops|0.8|4|0.3|3|True|purification_2_rounds_small_goal|3,any,chain1,theoretical_ops,chain1@theoretical_ops,3,purification_2_rounds_small_goal,7000003,0.8,0.3,4,3,True,True,True,a -> r1 -> b,4,0.804788845519843,best of 1 candidate route(s) evaluated in hindsight - not an online-implementable strategy,12.614,chain1|theoretical_ops|0.8|4|0.3|3|True|purification_2_rounds_small_goal|3
chain1|theoretical_ops|0.8|4|0.3|3|True|purification_2_rounds_small_goal|6,any,chain1,theoretical_ops,chain1@theoretical_ops,6,purification_2_rounds_small_goal,7000006,0.8,0.3,4,3,True,True,False,a -> r1 -> b,2,0.8051076825401138,best of 1 candidate route(s) evaluated in hindsight - not an online-implementable strategy,10.585,chain1|theoretical_ops|0.8|4|0.3|3|True|purification_2_rounds_small_goal|6
chain1|theoretical_ops|0.8|4|0.3|3|True|purification_2_rounds_small_goal|5,any,chain1,theoretical_ops,chain1@theoretical_ops,5,purification_2_rounds_small_goal,7000005,0.8,0.3,4,3,True,True,True,a -> r1 -> b,3,0.8032443307978676,best of 1 candidate route(s) evaluated in hindsight - not an online-implementable strategy,11.481,chain1|theoretical_ops|0.8|4|0.3|3|True|purification_2_rounds_small_goal|5
chain1|theoretical_ops|0.8|4|0.3|3|True|purification_2_rounds_small_goal|7,any,chain1,theoretical_ops,chain1@theoretical_ops,7,purification_2_rounds_small_goal,7000007,0.8,0.3,4,3,True,True,False,a -> r1 -> b,0,,best of 1 candidate route(s) evaluated in hindsight - not an online-implementable strategy,11.207,chain1|theoretical_ops|0.8|4|0.3|3|True|purification_2_rounds_small_goal|7
chain1|theoretical_ops|0.8|4|0.3|3|True|purification_2_rounds_small_goal|8,any,chain1,theoretical_ops,chain1@theoretical_ops,8,purification_2_rounds_small_goal,7000008,0.8,0.3,4,3,True,True,True,a -> r1 -> b,5,0.8032739885093513,best of 1 candidate route(s) evaluated in hindsight - not an online-implementable strategy,11.232,chain1|theoretical_ops|0.8|4|0.3|3|True|purification_2_rounds_small_goal|8
chain1|theoretical_ops|0.8|4|0.3|3|True|purification_2_rounds_small_goal|9,any,chain1,theoretical_ops,chain1@theoretical_ops,9,purification_2_rounds_small_goal,7000009,0.8,0.3,4,3,True,True,True,a -> r1 -> b,6,0.8047463105042955,best of 1 candidate route(s) evaluated in hindsight - not an online-implementable strategy,11.408,chain1|theoretical_ops|0.8|4|0.3|3|True|purification_2_rounds_small_goal|9
chain2|theoretical_ops|0.5|4|0.3|10|True|generous|1,any,chain2,theoretical_ops,chain2@theoretical_ops,1,generous,7000001,0.5,0.3,4,10,True,True,True,a -> r1 -> r2 -> b,38,0.6412702217145378,best of 1 candidate route(s) evaluated in hindsight - not an online-implementable strategy,19.283,chain2|theoretical_ops|0.5|4|0.3|10|True|generous|1
chain2|theoretical_ops|0.5|4|0.3|10|True|generous|2,any,chain2,theoretical_ops,chain2@theoretical_ops,2,generous,7000002,0.5,0.3,4,10,True,True,True,a -> r1 -> r2 -> b,40,0.642407643059613,best of 1 candidate route(s) evaluated in hindsight - not an online-implementable strategy,19.843,chain2|theoretical_ops|0.5|4|0.3|10|True|generous|2
chain2|theoretical_ops|0.5|4|0.3|10|True|generous|0,any,chain2,theoretical_ops,chain2@theoretical_ops,0,generous,7000000,0.5,0.3,4,10,True,True,True,a -> r1 -> r2 -> b,49,0.6446403874892379,best of 1 candidate route(s) evaluated in hindsight - not an online-implementable strategy,21.425,chain2|theoretical_ops|0.5|4|0.3|10|True|generous|0
chain2|theoretical_ops|0.5|4|0.3|10|True|generous|3,any,chain2,theoretical_ops,chain2@theoretical_ops,3,generous,7000003,0.5,0.3,4,10,True,True,True,a -> r1 -> r2 -> b,51,0.6460865075314574,best of 1 candidate route(s) evaluated in hindsight - not an online-implementable strategy,22.559,chain2|theoretical_ops|0.5|4|0.3|10|True|generous|3
chain2|theoretical_ops|0.5|4|0.3|10|True|generous|4,any,chain2,theoretical_ops,chain2@theoretical_ops,4,generous,7000004,0.5,0.3,4,10,True,True,True,a -> r1 -> r2 -> b,47,0.6464001890011027,best of 1 candidate route(s) evaluated in hindsight - not an online-implementable strategy,24.272,chain2|theoretical_ops|0.5|4|0.3|10|True|generous|4
chain2|theoretical_ops|0.5|4|0.3|10|True|generous|6,any,chain2,theoretical_ops,chain2@theoretical_ops,6,generous,7000006,0.5,0.3,4,10,True,True,True,a -> r1 -> r2 -> b,44,0.6427793329896567,best of 1 candidate route(s) evaluated in hindsight - not an online-implementable strategy,26.117,chain2|theoretical_ops|0.5|4|0.3|10|True|generous|6
chain2|theoretical_ops|0.5|4|0.3|10|True|generous|7,any,chain2,theoretical_ops,chain2@theoretical_ops,7,generous,7000007,0.5,0.3,4,10,True,True,True,a -> r1 -> r2 -> b,38,0.6425315218125792,best of 1 candidate route(s) evaluated in hindsight - not an online-implementable strategy,27.012,chain2|theoretical_ops|0.5|4|0.3|10|True|generous|7
chain2|theoretical_ops|0.5|4|0.3|10|True|generous|5,any,chain2,theoretical_ops,chain2@theoretical_ops,5,generous,7000005,0.5,0.3,4,10,True,True,True,a -> r1 -> r2 -> b,44,0.6459266023568144,best of 1 candidate route(s) evaluated in hindsight - not an online-implementable strategy,29.056,chain2|theoretical_ops|0.5|4|0.3|10|True|generous|5
chain2|theoretical_ops|0.5|4|0.3|10|True|generous|8,any,chain2,theoretical_ops,chain2@theoretical_ops,8,generous,7000008,0.5,0.3,4,10,True,True,True,a -> r1 -> r2 -> b,44,0.6421608632680562,best of 1 candidate route(s) evaluated in hindsight - not an online-implementable strategy,25.78,chain2|theoretical_ops|0.5|4|0.3|10|True|generous|8
chain2|theoretical_ops|0.5|4|0.3|10|True|generous|9,any,chain2,theoretical_ops,chain2@theoretical_ops,9,generous,7000009,0.5,0.3,4,10,True,True,True,a -> r1 -> r2 -> b,47,0.6457426080245774,best of 1 candidate route(s) evaluated in hindsight - not an online-implementable strategy,28.778,chain2|theoretical_ops|0.5|4|0.3|10|True|generous|9
chain2|theoretical_ops|0.56|4|0.3|10|True|generous|2,any,chain2,theoretical_ops,chain2@theoretical_ops,2,generous,7000002,0.56,0.3,4,10,True,True,True,a -> r1 -> r2 -> b,40,0.642407643059613,best of 1 candidate route(s) evaluated in hindsight - not an online-implementable strategy,26.252,chain2|theoretical_ops|0.56|4|0.3|10|True|generous|2
chain2|theoretical_ops|0.56|4|0.3|10|True|generous|1,any,chain2,theoretical_ops,chain2@theoretical_ops,1,generous,7000001,0.56,0.3,4,10,True,True,True,a -> r1 -> r2 -> b,38,0.6412702217145378,best of 1 candidate route(s) evaluated in hindsight - not an online-implementable strategy,26.186,chain2|theoretical_ops|0.56|4|0.3|10|True|generous|1
chain2|theoretical_ops|0.56|4|0.3|10|True|generous|0,any,chain2,theoretical_ops,chain2@theoretical_ops,0,generous,7000000,0.56,0.3,4,10,True,True,True,a -> r1 -> r2 -> b,49,0.6446403874892379,best of 1 candidate route(s) evaluated in hindsight - not an online-implementable strategy,28.197,chain2|theoretical_ops|0.56|4|0.3|10|True|generous|0
chain2|theoretical_ops|0.56|4|0.3|10|True|generous|3,any,chain2,theoretical_ops,chain2@theoretical_ops,3,generous,7000003,0.56,0.3,4,10,True,True,True,a -> r1 -> r2 -> b,51,0.6460865075314574,best of 1 candidate route(s) evaluated in hindsight - not an online-implementable strategy,28.367,chain2|theoretical_ops|0.56|4|0.3|10|True|generous|3
chain2|theoretical_ops|0.56|4|0.3|10|True|generous|4,any,chain2,theoretical_ops,chain2@theoretical_ops,4,generous,7000004,0.56,0.3,4,10,True,True,True,a -> r1 -> r2 -> b,47,0.6464001890011027,best of 1 candidate route(s) evaluated in hindsight - not an online-implementable strategy,29.687,chain2|theoretical_ops|0.56|4|0.3|10|True|generous|4
chain2|theoretical_ops|0.56|4|0.3|10|True|generous|8,any,chain2,theoretical_ops,chain2@theoretical_ops,8,generous,7000008,0.56,0.3,4,10,True,True,True,a -> r1 -> r2 -> b,44,0.6421608632680562,best of 1 candidate route(s) evaluated in hindsight - not an online-implementable strategy,25.098,chain2|theoretical_ops|0.56|4|0.3|10|True|generous|8
chain2|theoretical_ops|0.56|4|0.3|10|True|generous|7,any,chain2,theoretical_ops,chain2@theoretical_ops,7,generous,7000007,0.56,0.3,4,10,True,True,True,a -> r1 -> r2 -> b,38,0.6425315218125792,best of 1 candidate route(s) evaluated in hindsight - not an online-implementable strategy,27.251,chain2|theoretical_ops|0.56|4|0.3|10|True|generous|7
chain2|theoretical_ops|0.56|4|0.3|10|True|generous|5,any,chain2,theoretical_ops,chain2@theoretical_ops,5,generous,7000005,0.56,0.3,4,10,True,True,True,a -> r1 -> r2 -> b,44,0.6459266023568144,best of 1 candidate route(s) evaluated in hindsight - not an online-implementable strategy,29.421,chain2|theoretical_ops|0.56|4|0.3|10|True|generous|5
chain2|theoretical_ops|0.56|4|0.3|10|True|generous|6,any,chain2,theoretical_ops,chain2@theoretical_ops,6,generous,7000006,0.56,0.3,4,10,True,True,True,a -> r1 -> r2 -> b,44,0.6427793329896567,best of 1 candidate route(s) evaluated in hindsight - not an online-implementable strategy,26.588,chain2|theoretical_ops|0.56|4|0.3|10|True|generous|6
chain2|theoretical_ops|0.56|4|0.3|10|True|generous|9,any,chain2,theoretical_ops,chain2@theoretical_ops,9,generous,7000009,0.56,0.3,4,10,True,True,True,a -> r1 -> r2 -> b,47,0.6457426080245774,best of 1 candidate route(s) evaluated in hindsight - not an online-implementable strategy,28.925,chain2|theoretical_ops|0.56|4|0.3|10|True|generous|9
chain2|theoretical_ops|0.56|4|0.3|10|False|generous_no_purification|2,any,chain2,theoretical_ops,chain2@theoretical_ops,2,generous_no_purification,7000002,0.56,0.3,4,10,False,True,True,a -> r1 -> r2 -> b,40,0.642407643059613,best of 1 candidate route(s) evaluated in hindsight - not an online-implementable strategy,26.204,chain2|theoretical_ops|0.56|4|0.3|10|False|generous_no_purification|2
chain2|theoretical_ops|0.56|4|0.3|10|False|generous_no_purification|0,any,chain2,theoretical_ops,chain2@theoretical_ops,0,generous_no_purification,7000000,0.56,0.3,4,10,False,True,True,a -> r1 -> r2 -> b,49,0.6446403874892379,best of 1 candidate route(s) evaluated in hindsight - not an online-implementable strategy,28.358,chain2|theoretical_ops|0.56|4|0.3|10|False|generous_no_purification|0
chain2|theoretical_ops|0.56|4|0.3|10|False|generous_no_purification|1,any,chain2,theoretical_ops,chain2@theoretical_ops,1,generous_no_purification,7000001,0.56,0.3,4,10,False,True,True,a -> r1 -> r2 -> b,38,0.6412702217145378,best of 1 candidate route(s) evaluated in hindsight - not an online-implementable strategy,25.621,chain2|theoretical_ops|0.56|4|0.3|10|False|generous_no_purification|1
chain2|theoretical_ops|0.5|2|0.1|10|True|marginal_resources|1,any,chain2,theoretical_ops,chain2@theoretical_ops,1,marginal_resources,7000001,0.5,0.1,2,10,True,True,False,a -> r1 -> r2 -> b,9,0.640910437104551,best of 1 candidate route(s) evaluated in hindsight - not an online-implementable strategy,3.478,chain2|theoretical_ops|0.5|2|0.1|10|True|marginal_resources|1
chain2|theoretical_ops|0.5|2|0.1|10|True|marginal_resources|0,any,chain2,theoretical_ops,chain2@theoretical_ops,0,marginal_resources,7000000,0.5,0.1,2,10,True,True,False,a -> r1 -> r2 -> b,6,0.6420608801450655,best of 1 candidate route(s) evaluated in hindsight - not an online-implementable strategy,3.825,chain2|theoretical_ops|0.5|2|0.1|10|True|marginal_resources|0
chain2|theoretical_ops|0.56|4|0.3|10|False|generous_no_purification|3,any,chain2,theoretical_ops,chain2@theoretical_ops,3,generous_no_purification,7000003,0.56,0.3,4,10,False,True,True,a -> r1 -> r2 -> b,51,0.6460865075314574,best of 1 candidate route(s) evaluated in hindsight - not an online-implementable strategy,27.998,chain2|theoretical_ops|0.56|4|0.3|10|False|generous_no_purification|3
chain2|theoretical_ops|0.5|2|0.1|10|True|marginal_resources|2,any,chain2,theoretical_ops,chain2@theoretical_ops,2,marginal_resources,7000002,0.5,0.1,2,10,True,True,False,a -> r1 -> r2 -> b,4,0.6411078483627773,best of 1 candidate route(s) evaluated in hindsight - not an online-implementable strategy,3.802,chain2|theoretical_ops|0.5|2|0.1|10|True|marginal_resources|2
chain2|theoretical_ops|0.56|4|0.3|10|False|generous_no_purification|4,any,chain2,theoretical_ops,chain2@theoretical_ops,4,generous_no_purification,7000004,0.56,0.3,4,10,False,True,True,a -> r1 -> r2 -> b,47,0.6464001890011027,best of 1 candidate route(s) evaluated in hindsight - not an online-implementable strategy,29.086,chain2|theoretical_ops|0.56|4|0.3|10|False|generous_no_purification|4
chain2|theoretical_ops|0.5|2|0.1|10|True|marginal_resources|3,any,chain2,theoretical_ops,chain2@theoretical_ops,3,marginal_resources,7000003,0.5,0.1,2,10,True,True,True,a -> r1 -> r2 -> b,10,0.6461020459195297,best of 1 candidate route(s) evaluated in hindsight - not an online-implementable strategy,4.022,chain2|theoretical_ops|0.5|2|0.1|10|True|marginal_resources|3
chain2|theoretical_ops|0.5|2|0.1|10|True|marginal_resources|4,any,chain2,theoretical_ops,chain2@theoretical_ops,4,marginal_resources,7000004,0.5,0.1,2,10,True,True,False,a -> r1 -> r2 -> b,4,0.6382879089462891,best of 1 candidate route(s) evaluated in hindsight - not an online-implementable strategy,3.567,chain2|theoretical_ops|0.5|2|0.1|10|True|marginal_resources|4
chain2|theoretical_ops|0.56|4|0.3|10|False|generous_no_purification|5,any,chain2,theoretical_ops,chain2@theoretical_ops,5,generous_no_purification,7000005,0.56,0.3,4,10,False,True,True,a -> r1 -> r2 -> b,44,0.6459266023568144,best of 1 candidate route(s) evaluated in hindsight - not an online-implementable strategy,28.698,chain2|theoretical_ops|0.56|4|0.3|10|False|generous_no_purification|5
chain2|theoretical_ops|0.5|2|0.1|10|True|marginal_resources|6,any,chain2,theoretical_ops,chain2@theoretical_ops,6,marginal_resources,7000006,0.5,0.1,2,10,True,True,False,a -> r1 -> r2 -> b,4,0.6360310756703309,best of 1 candidate route(s) evaluated in hindsight - not an online-implementable strategy,3.946,chain2|theoretical_ops|0.5|2|0.1|10|True|marginal_resources|6
chain2|theoretical_ops|0.56|4|0.3|10|False|generous_no_purification|6,any,chain2,theoretical_ops,chain2@theoretical_ops,6,generous_no_purification,7000006,0.56,0.3,4,10,False,True,True,a -> r1 -> r2 -> b,44,0.6427793329896567,best of 1 candidate route(s) evaluated in hindsight - not an online-implementable strategy,25.696,chain2|theoretical_ops|0.56|4|0.3|10|False|generous_no_purification|6
chain2|theoretical_ops|0.56|4|0.3|10|False|generous_no_purification|7,any,chain2,theoretical_ops,chain2@theoretical_ops,7,generous_no_purification,7000007,0.56,0.3,4,10,False,True,True,a -> r1 -> r2 -> b,38,0.6425315218125792,best of 1 candidate route(s) evaluated in hindsight - not an online-implementable strategy,26.434,chain2|theoretical_ops|0.56|4|0.3|10|False|generous_no_purification|7
chain2|theoretical_ops|0.5|2|0.1|10|True|marginal_resources|5,any,chain2,theoretical_ops,chain2@theoretical_ops,5,marginal_resources,7000005,0.5,0.1,2,10,True,True,False,a -> r1 -> r2 -> b,5,0.6372295907191887,best of 1 candidate route(s) evaluated in hindsight - not an online-implementable strategy,3.973,chain2|theoretical_ops|0.5|2|0.1|10|True|marginal_resources|5
chain2|theoretical_ops|0.5|2|0.1|10|True|marginal_resources|8,any,chain2,theoretical_ops,chain2@theoretical_ops,8,marginal_resources,7000008,0.5,0.1,2,10,True,True,True,a -> r1 -> r2 -> b,10,0.645052123735055,best of 1 candidate route(s) evaluated in hindsight - not an online-implementable strategy,3.971,chain2|theoretical_ops|0.5|2|0.1|10|True|marginal_resources|8
chain2|theoretical_ops|0.5|2|0.1|10|True|marginal_resources|7,any,chain2,theoretical_ops,chain2@theoretical_ops,7,marginal_resources,7000007,0.5,0.1,2,10,True,True,False,a -> r1 -> r2 -> b,4,0.6407359385418477,best of 1 candidate route(s) evaluated in hindsight - not an online-implementable strategy,4.041,chain2|theoretical_ops|0.5|2|0.1|10|True|marginal_resources|7
chain2|theoretical_ops|0.5|2|0.1|10|True|marginal_resources|9,any,chain2,theoretical_ops,chain2@theoretical_ops,9,marginal_resources,7000009,0.5,0.1,2,10,True,True,False,a -> r1 -> r2 -> b,9,0.6450149401816427,best of 1 candidate route(s) evaluated in hindsight - not an online-implementable strategy,4.184,chain2|theoretical_ops|0.5|2|0.1|10|True|marginal_resources|9
chain2|theoretical_ops|0.56|4|0.3|10|False|generous_no_purification|8,any,chain2,theoretical_ops,chain2@theoretical_ops,8,generous_no_purification,7000008,0.56,0.3,4,10,False,True,True,a -> r1 -> r2 -> b,44,0.6421608632680562,best of 1 candidate route(s) evaluated in hindsight - not an online-implementable strategy,25.335,chain2|theoretical_ops|0.56|4|0.3|10|False|generous_no_purification|8
chain2|theoretical_ops|0.58|4|0.3|10|True|marginal_fidelity|1,any,chain2,theoretical_ops,chain2@theoretical_ops,1,marginal_fidelity,7000001,0.58,0.3,4,10,True,True,True,a -> r1 -> r2 -> b,38,0.6412702217145378,best of 1 candidate route(s) evaluated in hindsight - not an online-implementable strategy,25.691,chain2|theoretical_ops|0.58|4|0.3|10|True|marginal_fidelity|1
chain2|theoretical_ops|0.58|4|0.3|10|True|marginal_fidelity|2,any,chain2,theoretical_ops,chain2@theoretical_ops,2,marginal_fidelity,7000002,0.58,0.3,4,10,True,True,True,a -> r1 -> r2 -> b,40,0.642407643059613,best of 1 candidate route(s) evaluated in hindsight - not an online-implementable strategy,26.303,chain2|theoretical_ops|0.58|4|0.3|10|True|marginal_fidelity|2
chain2|theoretical_ops|0.58|4|0.3|10|True|marginal_fidelity|0,any,chain2,theoretical_ops,chain2@theoretical_ops,0,marginal_fidelity,7000000,0.58,0.3,4,10,True,True,True,a -> r1 -> r2 -> b,49,0.6446403874892379,best of 1 candidate route(s) evaluated in hindsight - not an online-implementable strategy,28.399,chain2|theoretical_ops|0.58|4|0.3|10|True|marginal_fidelity|0
chain2|theoretical_ops|0.56|4|0.3|10|False|generous_no_purification|9,any,chain2,theoretical_ops,chain2@theoretical_ops,9,generous_no_purification,7000009,0.56,0.3,4,10,False,True,True,a -> r1 -> r2 -> b,47,0.6457426080245774,best of 1 candidate route(s) evaluated in hindsight - not an online-implementable strategy,28.984,chain2|theoretical_ops|0.56|4|0.3|10|False|generous_no_purification|9
chain2|theoretical_ops|0.58|4|0.3|10|True|marginal_fidelity|3,any,chain2,theoretical_ops,chain2@theoretical_ops,3,marginal_fidelity,7000003,0.58,0.3,4,10,True,True,True,a -> r1 -> r2 -> b,51,0.6460865075314574,best of 1 candidate route(s) evaluated in hindsight - not an online-implementable strategy,27.894,chain2|theoretical_ops|0.58|4|0.3|10|True|marginal_fidelity|3
chain2|theoretical_ops|0.58|4|0.3|10|True|marginal_fidelity|6,any,chain2,theoretical_ops,chain2@theoretical_ops,6,marginal_fidelity,7000006,0.58,0.3,4,10,True,True,True,a -> r1 -> r2 -> b,44,0.6427793329896567,best of 1 candidate route(s) evaluated in hindsight - not an online-implementable strategy,25.954,chain2|theoretical_ops|0.58|4|0.3|10|True|marginal_fidelity|6
chain2|theoretical_ops|0.58|4|0.3|10|True|marginal_fidelity|7,any,chain2,theoretical_ops,chain2@theoretical_ops,7,marginal_fidelity,7000007,0.58,0.3,4,10,True,True,True,a -> r1 -> r2 -> b,38,0.6425315218125792,best of 1 candidate route(s) evaluated in hindsight - not an online-implementable strategy,26.35,chain2|theoretical_ops|0.58|4|0.3|10|True|marginal_fidelity|7
chain2|theoretical_ops|0.58|4|0.3|10|True|marginal_fidelity|5,any,chain2,theoretical_ops,chain2@theoretical_ops,5,marginal_fidelity,7000005,0.58,0.3,4,10,True,True,True,a -> r1 -> r2 -> b,44,0.6459266023568144,best of 1 candidate route(s) evaluated in hindsight - not an online-implementable strategy,28.322,chain2|theoretical_ops|0.58|4|0.3|10|True|marginal_fidelity|5
chain2|theoretical_ops|0.58|4|0.3|10|True|marginal_fidelity|4,any,chain2,theoretical_ops,chain2@theoretical_ops,4,marginal_fidelity,7000004,0.58,0.3,4,10,True,True,True,a -> r1 -> r2 -> b,47,0.6464001890011027,best of 1 candidate route(s) evaluated in hindsight - not an online-implementable strategy,28.514,chain2|theoretical_ops|0.58|4|0.3|10|True|marginal_fidelity|4
chain2|theoretical_ops|0.58|4|0.3|10|True|marginal_fidelity|8,any,chain2,theoretical_ops,chain2@theoretical_ops,8,marginal_fidelity,7000008,0.58,0.3,4,10,True,True,True,a -> r1 -> r2 -> b,44,0.6421608632680562,best of 1 candidate route(s) evaluated in hindsight - not an online-implementable strategy,24.745,chain2|theoretical_ops|0.58|4|0.3|10|True|marginal_fidelity|8
chain2|theoretical_ops|0.67|4|0.3|10|True|purification_1_round|1,any,chain2,theoretical_ops,chain2@theoretical_ops,1,purification_1_round,7000001,0.67,0.3,4,10,True,True,False,a -> r1 -> r2 -> b,5,0.6731148516734999,best of 1 candidate route(s) evaluated in hindsight - not an online-implementable strategy,22.228,chain2|theoretical_ops|0.67|4|0.3|10|True|purification_1_round|1
chain2|theoretical_ops|0.67|4|0.3|10|True|purification_1_round|0,any,chain2,theoretical_ops,chain2@theoretical_ops,0,purification_1_round,7000000,0.67,0.3,4,10,True,True,False,a -> r1 -> r2 -> b,7,0.6780463305595422,best of 1 candidate route(s) evaluated in hindsight - not an online-implementable strategy,25.181,chain2|theoretical_ops|0.67|4|0.3|10|True|purification_1_round|0
chain2|theoretical_ops|0.67|4|0.3|10|True|purification_1_round|3,any,chain2,theoretical_ops,chain2@theoretical_ops,3,purification_1_round,7000003,0.67,0.3,4,10,True,True,True,a -> r1 -> r2 -> b,11,0.6792667970043598,best of 1 candidate route(s) evaluated in hindsight - not an online-implementable strategy,24.275,chain2|theoretical_ops|0.67|4|0.3|10|True|purification_1_round|3
chain2|theoretical_ops|0.67|4|0.3|10|True|purification_1_round|2,any,chain2,theoretical_ops,chain2@theoretical_ops,2,purification_1_round,7000002,0.67,0.3,4,10,True,True,False,a -> r1 -> r2 -> b,7,0.6753653571964993,best of 1 candidate route(s) evaluated in hindsight - not an online-implementable strategy,24.796,chain2|theoretical_ops|0.67|4|0.3|10|True|purification_1_round|2
chain2|theoretical_ops|0.58|4|0.3|10|True|marginal_fidelity|9,any,chain2,theoretical_ops,chain2@theoretical_ops,9,marginal_fidelity,7000009,0.58,0.3,4,10,True,True,True,a -> r1 -> r2 -> b,47,0.6457426080245774,best of 1 candidate route(s) evaluated in hindsight - not an online-implementable strategy,28.348,chain2|theoretical_ops|0.58|4|0.3|10|True|marginal_fidelity|9
chain2|theoretical_ops|0.67|4|0.3|10|True|purification_1_round|6,any,chain2,theoretical_ops,chain2@theoretical_ops,6,purification_1_round,7000006,0.67,0.3,4,10,True,True,True,a -> r1 -> r2 -> b,10,0.6756415683733084,best of 1 candidate route(s) evaluated in hindsight - not an online-implementable strategy,21.772,chain2|theoretical_ops|0.67|4|0.3|10|True|purification_1_round|6
chain2|theoretical_ops|0.67|4|0.3|10|True|purification_1_round|7,any,chain2,theoretical_ops,chain2@theoretical_ops,7,purification_1_round,7000007,0.67,0.3,4,10,True,True,False,a -> r1 -> r2 -> b,3,0.6764595312712048,best of 1 candidate route(s) evaluated in hindsight - not an online-implementable strategy,21.961,chain2|theoretical_ops|0.67|4|0.3|10|True|purification_1_round|7
chain2|theoretical_ops|0.67|4|0.3|10|True|purification_1_round|4,any,chain2,theoretical_ops,chain2@theoretical_ops,4,purification_1_round,7000004,0.67,0.3,4,10,True,True,True,a -> r1 -> r2 -> b,12,0.6761100818111215,best of 1 candidate route(s) evaluated in hindsight - not an online-implementable strategy,25.955,chain2|theoretical_ops|0.67|4|0.3|10|True|purification_1_round|4
chain2|theoretical_ops|0.67|4|0.3|10|True|purification_1_round|8,any,chain2,theoretical_ops,chain2@theoretical_ops,8,purification_1_round,7000008,0.67,0.3,4,10,True,True,True,a -> r1 -> r2 -> b,10,0.678519059559981,best of 1 candidate route(s) evaluated in hindsight - not an online-implementable strategy,22.624,chain2|theoretical_ops|0.67|4|0.3|10|True|purification_1_round|8
chain2|theoretical_ops|0.67|4|0.3|10|True|purification_1_round|5,any,chain2,theoretical_ops,chain2@theoretical_ops,5,purification_1_round,7000005,0.67,0.3,4,10,True,True,True,a -> r1 -> r2 -> b,11,0.6756259557800773,best of 1 candidate route(s) evaluated in hindsight - not an online-implementable strategy,25.303,chain2|theoretical_ops|0.67|4|0.3|10|True|purification_1_round|5
chain2|theoretical_ops|0.7|4|0.3|10|True|purification_2_rounds|0,any,chain2,theoretical_ops,chain2@theoretical_ops,0,purification_2_rounds,7000000,0.7,0.3,4,10,True,True,False,a -> r1 -> r2 -> b,1,0.7027270062777146,best of 1 candidate route(s) evaluated in hindsight - not an online-implementable strategy,24.811,chain2|theoretical_ops|0.7|4|0.3|10|True|purification_2_rounds|0
chain2|theoretical_ops|0.7|4|0.3|10|True|purification_2_rounds|1,any,chain2,theoretical_ops,chain2@theoretical_ops,1,purification_2_rounds,7000001,0.7,0.3,4,10,True,True,False,a -> r1 -> r2 -> b,0,,best of 1 candidate route(s) evaluated in hindsight - not an online-implementable strategy,22.478,chain2|theoretical_ops|0.7|4|0.3|10|True|purification_2_rounds|1
chain2|theoretical_ops|0.67|4|0.3|10|True|purification_1_round|9,any,chain2,theoretical_ops,chain2@theoretical_ops,9,purification_1_round,7000009,0.67,0.3,4,10,True,True,True,a -> r1 -> r2 -> b,12,0.6760852085433173,best of 1 candidate route(s) evaluated in hindsight - not an online-implementable strategy,25.39,chain2|theoretical_ops|0.67|4|0.3|10|True|purification_1_round|9
chain2|theoretical_ops|0.7|4|0.3|10|True|purification_2_rounds|2,any,chain2,theoretical_ops,chain2@theoretical_ops,2,purification_2_rounds,7000002,0.7,0.3,4,10,True,True,False,a -> r1 -> r2 -> b,0,,best of 1 candidate route(s) evaluated in hindsight - not an online-implementable strategy,24.456,chain2|theoretical_ops|0.7|4|0.3|10|True|purification_2_rounds|2
chain2|theoretical_ops|0.7|4|0.3|10|True|purification_2_rounds|3,any,chain2,theoretical_ops,chain2@theoretical_ops,3,purification_2_rounds,7000003,0.7,0.3,4,10,True,True,False,a -> r1 -> r2 -> b,2,0.7010227381994565,best of 1 candidate route(s) evaluated in hindsight - not an online-implementable strategy,24.17,chain2|theoretical_ops|0.7|4|0.3|10|True|purification_2_rounds|3
chain2|theoretical_ops|0.7|4|0.3|10|True|purification_2_rounds|6,any,chain2,theoretical_ops,chain2@theoretical_ops,6,purification_2_rounds,7000006,0.7,0.3,4,10,True,True,False,a -> r1 -> r2 -> b,0,,best of 1 candidate route(s) evaluated in hindsight - not an online-implementable strategy,20.899,chain2|theoretical_ops|0.7|4|0.3|10|True|purification_2_rounds|6
chain2|theoretical_ops|0.7|4|0.3|10|True|purification_2_rounds|8,any,chain2,theoretical_ops,chain2@theoretical_ops,8,purification_2_rounds,7000008,0.7,0.3,4,10,True,True,False,a -> r1 -> r2 -> b,1,0.7000074331086488,best of 1 candidate route(s) evaluated in hindsight - not an online-implementable strategy,22.508,chain2|theoretical_ops|0.7|4|0.3|10|True|purification_2_rounds|8
chain2|theoretical_ops|0.7|4|0.3|10|True|purification_2_rounds|4,any,chain2,theoretical_ops,chain2@theoretical_ops,4,purification_2_rounds,7000004,0.7,0.3,4,10,True,True,False,a -> r1 -> r2 -> b,0,,best of 1 candidate route(s) evaluated in hindsight - not an online-implementable strategy,24.216,chain2|theoretical_ops|0.7|4|0.3|10|True|purification_2_rounds|4
chain2|theoretical_ops|0.7|4|0.3|10|True|purification_2_rounds|7,any,chain2,theoretical_ops,chain2@theoretical_ops,7,purification_2_rounds,7000007,0.7,0.3,4,10,True,True,False,a -> r1 -> r2 -> b,0,,best of 1 candidate route(s) evaluated in hindsight - not an online-implementable strategy,22.533,chain2|theoretical_ops|0.7|4|0.3|10|True|purification_2_rounds|7
chain2|theoretical_ops|0.7|4|0.3|10|True|purification_2_rounds|5,any,chain2,theoretical_ops,chain2@theoretical_ops,5,purification_2_rounds,7000005,0.7,0.3,4,10,True,True,False,a -> r1 -> r2 -> b,1,0.7020499795227564,best of 1 candidate route(s) evaluated in hindsight - not an online-implementable strategy,24.792,chain2|theoretical_ops|0.7|4|0.3|10|True|purification_2_rounds|5
chain2|theoretical_ops|0.7|4|0.3|10|True|purification_2_rounds|9,any,chain2,theoretical_ops,chain2@theoretical_ops,9,purification_2_rounds,7000009,0.7,0.3,4,10,True,True,False,a -> r1 -> r2 -> b,1,0.7012977951079408,best of 1 candidate route(s) evaluated in hindsight - not an online-implementable strategy,21.673,chain2|theoretical_ops|0.7|4|0.3|10|True|purification_2_rounds|9
diamond|theoretical_ops|0.55|4|0.3|10|True|generous|1,any,diamond,theoretical_ops,diamond@theoretical_ops,1,generous,7000001,0.55,0.3,4,10,True,True,True,r1 -> good1 -> good2 -> r3,41,0.6411418396926049,best of 2 candidate route(s) evaluated in hindsight - not an online-implementable strategy,30.139,diamond|theoretical_ops|0.55|4|0.3|10|True|generous|1
diamond|theoretical_ops|0.55|4|0.3|10|True|generous|0,any,diamond,theoretical_ops,diamond@theoretical_ops,0,generous,7000000,0.55,0.3,4,10,True,True,True,r1 -> good1 -> good2 -> r3,43,0.6441067331243099,best of 2 candidate route(s) evaluated in hindsight - not an online-implementable strategy,31.886,diamond|theoretical_ops|0.55|4|0.3|10|True|generous|0
diamond|theoretical_ops|0.55|4|0.3|10|True|generous|2,any,diamond,theoretical_ops,diamond@theoretical_ops,2,generous,7000002,0.55,0.3,4,10,True,True,True,r1 -> good1 -> good2 -> r3,42,0.6418062851774311,best of 2 candidate route(s) evaluated in hindsight - not an online-implementable strategy,30.183,diamond|theoretical_ops|0.55|4|0.3|10|True|generous|2
diamond|theoretical_ops|0.55|4|0.3|10|True|generous|3,any,diamond,theoretical_ops,diamond@theoretical_ops,3,generous,7000003,0.55,0.3,4,10,True,True,True,r1 -> good1 -> good2 -> r3,47,0.6432913044231866,best of 2 candidate route(s) evaluated in hindsight - not an online-implementable strategy,31.628,diamond|theoretical_ops|0.55|4|0.3|10|True|generous|3
diamond|theoretical_ops|0.55|4|0.3|10|True|generous|4,any,diamond,theoretical_ops,diamond@theoretical_ops,4,generous,7000004,0.55,0.3,4,10,True,True,True,r1 -> good1 -> good2 -> r3,55,0.6458746749629743,best of 2 candidate route(s) evaluated in hindsight - not an online-implementable strategy,32.063,diamond|theoretical_ops|0.55|4|0.3|10|True|generous|4
diamond|theoretical_ops|0.55|4|0.3|10|True|generous|6,any,diamond,theoretical_ops,diamond@theoretical_ops,6,generous,7000006,0.55,0.3,4,10,True,True,True,r1 -> good1 -> good2 -> r3,40,0.6406571140277294,best of 2 candidate route(s) evaluated in hindsight - not an online-implementable strategy,28.837,diamond|theoretical_ops|0.55|4|0.3|10|True|generous|6
diamond|theoretical_ops|0.55|4|0.3|10|True|generous|5,any,diamond,theoretical_ops,diamond@theoretical_ops,5,generous,7000005,0.55,0.3,4,10,True,True,True,r1 -> good1 -> good2 -> r3,43,0.6424135289999493,best of 2 candidate route(s) evaluated in hindsight - not an online-implementable strategy,30.733,diamond|theoretical_ops|0.55|4|0.3|10|True|generous|5
diamond|theoretical_ops|0.55|4|0.3|10|True|generous|7,any,diamond,theoretical_ops,diamond@theoretical_ops,7,generous,7000007,0.55,0.3,4,10,True,True,True,r1 -> good1 -> good2 -> r3,46,0.644665535701278,best of 2 candidate route(s) evaluated in hindsight - not an online-implementable strategy,30.617,diamond|theoretical_ops|0.55|4|0.3|10|True|generous|7
diamond|theoretical_ops|0.55|4|0.3|10|True|generous|8,any,diamond,theoretical_ops,diamond@theoretical_ops,8,generous,7000008,0.55,0.3,4,10,True,True,True,r1 -> good1 -> good2 -> r3,48,0.6452468069843712,best of 2 candidate route(s) evaluated in hindsight - not an online-implementable strategy,31.995,diamond|theoretical_ops|0.55|4|0.3|10|True|generous|8
diamond|theoretical_ops|0.55|4|0.3|10|True|generous|9,any,diamond,theoretical_ops,diamond@theoretical_ops,9,generous,7000009,0.55,0.3,4,10,True,True,True,r1 -> good1 -> good2 -> r3,41,0.6426339849993217,best of 2 candidate route(s) evaluated in hindsight - not an online-implementable strategy,30.221,diamond|theoretical_ops|0.55|4|0.3|10|True|generous|9
diamond|theoretical_ops|0.65|4|0.3|10|True|marginal_fidelity|1,any,diamond,theoretical_ops,diamond@theoretical_ops,1,marginal_fidelity,7000001,0.65,0.3,4,10,True,True,True,r1 -> good1 -> good2 -> r3,10,0.6595270795144408,best of 2 candidate route(s) evaluated in hindsight - not an online-implementable strategy,27.102,diamond|theoretical_ops|0.65|4|0.3|10|True|marginal_fidelity|1
diamond|theoretical_ops|0.65|4|0.3|10|True|marginal_fidelity|0,any,diamond,theoretical_ops,diamond@theoretical_ops,0,marginal_fidelity,7000000,0.65,0.3,4,10,True,True,True,r1 -> good1 -> good2 -> r3,11,0.6607926784685728,best of 2 candidate route(s) evaluated in hindsight - not an online-implementable strategy,29.528,diamond|theoretical_ops|0.65|4|0.3|10|True|marginal_fidelity|0
diamond|theoretical_ops|0.65|4|0.3|10|True|marginal_fidelity|2,any,diamond,theoretical_ops,diamond@theoretical_ops,2,marginal_fidelity,7000002,0.65,0.3,4,10,True,True,True,r1 -> good1 -> good2 -> r3,13,0.6630017388719256,best of 2 candidate route(s) evaluated in hindsight - not an online-implementable strategy,26.752,diamond|theoretical_ops|0.65|4|0.3|10|True|marginal_fidelity|2
diamond|theoretical_ops|0.65|4|0.3|10|True|marginal_fidelity|3,any,diamond,theoretical_ops,diamond@theoretical_ops,3,marginal_fidelity,7000003,0.65,0.3,4,10,True,True,True,r1 -> good1 -> good2 -> r3,19,0.6597007318424501,best of 2 candidate route(s) evaluated in hindsight - not an online-implementable strategy,30.724,diamond|theoretical_ops|0.65|4|0.3|10|True|marginal_fidelity|3
diamond|theoretical_ops|0.65|4|0.3|10|True|marginal_fidelity|4,any,diamond,theoretical_ops,diamond@theoretical_ops,4,marginal_fidelity,7000004,0.65,0.3,4,10,True,True,True,r1 -> good1 -> good2 -> r3,26,0.659491536605991,best of 2 candidate route(s) evaluated in hindsight - not an online-implementable strategy,30.308,diamond|theoretical_ops|0.65|4|0.3|10|True|marginal_fidelity|4
diamond|theoretical_ops|0.65|4|0.3|10|True|marginal_fidelity|6,any,diamond,theoretical_ops,diamond@theoretical_ops,6,marginal_fidelity,7000006,0.65,0.3,4,10,True,True,True,r1 -> good1 -> good2 -> r3,14,0.6624514142069885,best of 2 candidate route(s) evaluated in hindsight - not an online-implementable strategy,26.837,diamond|theoretical_ops|0.65|4|0.3|10|True|marginal_fidelity|6
diamond|theoretical_ops|0.65|4|0.3|10|True|marginal_fidelity|5,any,diamond,theoretical_ops,diamond@theoretical_ops,5,marginal_fidelity,7000005,0.65,0.3,4,10,True,True,True,r1 -> good1 -> good2 -> r3,17,0.6603705552494681,best of 2 candidate route(s) evaluated in hindsight - not an online-implementable strategy,29.183,diamond|theoretical_ops|0.65|4|0.3|10|True|marginal_fidelity|5
diamond|theoretical_ops|0.65|4|0.3|10|True|marginal_fidelity|7,any,diamond,theoretical_ops,diamond@theoretical_ops,7,marginal_fidelity,7000007,0.65,0.3,4,10,True,True,True,r1 -> good1 -> good2 -> r3,18,0.6594045470437849,best of 2 candidate route(s) evaluated in hindsight - not an online-implementable strategy,28.66,diamond|theoretical_ops|0.65|4|0.3|10|True|marginal_fidelity|7
diamond|theoretical_ops|0.65|4|0.3|10|True|marginal_fidelity|8,any,diamond,theoretical_ops,diamond@theoretical_ops,8,marginal_fidelity,7000008,0.65,0.3,4,10,True,True,True,r1 -> good1 -> good2 -> r3,19,0.6614952228522732,best of 2 candidate route(s) evaluated in hindsight - not an online-implementable strategy,31.324,diamond|theoretical_ops|0.65|4|0.3|10|True|marginal_fidelity|8
diamond|theoretical_ops|0.65|4|0.3|10|True|marginal_fidelity|9,any,diamond,theoretical_ops,diamond@theoretical_ops,9,marginal_fidelity,7000009,0.65,0.3,4,10,True,True,True,r1 -> good1 -> good2 -> r3,14,0.6608393892478721,best of 2 candidate route(s) evaluated in hindsight - not an online-implementable strategy,28.588,diamond|theoretical_ops|0.65|4|0.3|10|True|marginal_fidelity|9
diamond|theoretical_ops|0.65|4|0.3|1|True|generous_small_goal|1,any,diamond,theoretical_ops,diamond@theoretical_ops,1,generous_small_goal,7000001,0.65,0.3,4,1,True,True,True,r1 -> good1 -> good2 -> r3,10,0.6595270795144408,best of 2 candidate route(s) evaluated in hindsight - not an online-implementable strategy,26.737,diamond|theoretical_ops|0.65|4|0.3|1|True|generous_small_goal|1
diamond|theoretical_ops|0.65|4|0.3|1|True|generous_small_goal|0,any,diamond,theoretical_ops,diamond@theoretical_ops,0,generous_small_goal,7000000,0.65,0.3,4,1,True,True,True,r1 -> good1 -> good2 -> r3,11,0.6607926784685728,best of 2 candidate route(s) evaluated in hindsight - not an online-implementable strategy,29.274,diamond|theoretical_ops|0.65|4|0.3|1|True|generous_small_goal|0
diamond|theoretical_ops|0.65|4|0.3|1|True|generous_small_goal|2,any,diamond,theoretical_ops,diamond@theoretical_ops,2,generous_small_goal,7000002,0.65,0.3,4,1,True,True,True,r1 -> good1 -> good2 -> r3,13,0.6630017388719256,best of 2 candidate route(s) evaluated in hindsight - not an online-implementable strategy,26.504,diamond|theoretical_ops|0.65|4|0.3|1|True|generous_small_goal|2
diamond|theoretical_ops|0.65|4|0.3|1|True|generous_small_goal|4,any,diamond,theoretical_ops,diamond@theoretical_ops,4,generous_small_goal,7000004,0.65,0.3,4,1,True,True,True,r1 -> good1 -> good2 -> r3,26,0.659491536605991,best of 2 candidate route(s) evaluated in hindsight - not an online-implementable strategy,29.823,diamond|theoretical_ops|0.65|4|0.3|1|True|generous_small_goal|4
diamond|theoretical_ops|0.65|4|0.3|1|True|generous_small_goal|3,any,diamond,theoretical_ops,diamond@theoretical_ops,3,generous_small_goal,7000003,0.65,0.3,4,1,True,True,True,r1 -> good1 -> good2 -> r3,19,0.6597007318424501,best of 2 candidate route(s) evaluated in hindsight - not an online-implementable strategy,29.764,diamond|theoretical_ops|0.65|4|0.3|1|True|generous_small_goal|3
diamond|theoretical_ops|0.65|4|0.3|1|True|generous_small_goal|6,any,diamond,theoretical_ops,diamond@theoretical_ops,6,generous_small_goal,7000006,0.65,0.3,4,1,True,True,True,r1 -> good1 -> good2 -> r3,14,0.6624514142069885,best of 2 candidate route(s) evaluated in hindsight - not an online-implementable strategy,26.732,diamond|theoretical_ops|0.65|4|0.3|1|True|generous_small_goal|6
diamond|theoretical_ops|0.65|4|0.3|1|True|generous_small_goal|5,any,diamond,theoretical_ops,diamond@theoretical_ops,5,generous_small_goal,7000005,0.65,0.3,4,1,True,True,True,r1 -> good1 -> good2 -> r3,17,0.6603705552494681,best of 2 candidate route(s) evaluated in hindsight - not an online-implementable strategy,28.94,diamond|theoretical_ops|0.65|4|0.3|1|True|generous_small_goal|5
diamond|theoretical_ops|0.65|4|0.3|1|True|generous_small_goal|9,any,diamond,theoretical_ops,diamond@theoretical_ops,9,generous_small_goal,7000009,0.65,0.3,4,1,True,True,True,r1 -> good1 -> good2 -> r3,14,0.6608393892478721,best of 2 candidate route(s) evaluated in hindsight - not an online-implementable strategy,28.73,diamond|theoretical_ops|0.65|4|0.3|1|True|generous_small_goal|9
diamond|theoretical_ops|0.65|4|0.3|1|True|generous_small_goal|7,any,diamond,theoretical_ops,diamond@theoretical_ops,7,generous_small_goal,7000007,0.65,0.3,4,1,True,True,True,r1 -> good1 -> good2 -> r3,18,0.6594045470437849,best of 2 candidate route(s) evaluated in hindsight - not an online-implementable strategy,28.099,diamond|theoretical_ops|0.65|4|0.3|1|True|generous_small_goal|7
diamond|theoretical_ops|0.65|4|0.3|1|True|generous_small_goal|8,any,diamond,theoretical_ops,diamond@theoretical_ops,8,generous_small_goal,7000008,0.65,0.3,4,1,True,True,True,r1 -> good1 -> good2 -> r3,19,0.6614952228522732,best of 2 candidate route(s) evaluated in hindsight - not an online-implementable strategy,29.993,diamond|theoretical_ops|0.65|4|0.3|1|True|generous_small_goal|8
mesh|theoretical_ops|0.5|4|0.3|10|True|generous|1,any,mesh,theoretical_ops,mesh@theoretical_ops,1,generous,7000001,0.5,0.3,4,10,True,True,True,a0 -> a1 -> a2 -> b2,47,0.6448789032227948,best of 6 candidate route(s) evaluated in hindsight - not an online-implementable strategy,188.263,mesh|theoretical_ops|0.5|4|0.3|10|True|generous|1
mesh|theoretical_ops|0.5|4|0.3|10|True|generous|2,any,mesh,theoretical_ops,mesh@theoretical_ops,2,generous,7000002,0.5,0.3,4,10,True,True,True,a0 -> a1 -> b1 -> b2,53,0.6464266935280512,best of 6 candidate route(s) evaluated in hindsight - not an online-implementable strategy,193.15,mesh|theoretical_ops|0.5|4|0.3|10|True|generous|2
mesh|theoretical_ops|0.5|4|0.3|10|True|generous|3,any,mesh,theoretical_ops,mesh@theoretical_ops,3,generous,7000003,0.5,0.3,4,10,True,True,True,a0 -> b0 -> b1 -> b2,51,0.6461604378592474,best of 6 candidate route(s) evaluated in hindsight - not an online-implementable strategy,190.001,mesh|theoretical_ops|0.5|4|0.3|10|True|generous|3
mesh|theoretical_ops|0.5|4|0.3|10|True|generous|4,any,mesh,theoretical_ops,mesh@theoretical_ops,4,generous,7000004,0.5,0.3,4,10,True,True,True,a0 -> a1 -> a2 -> b2,57,0.647236976016465,best of 6 candidate route(s) evaluated in hindsight - not an online-implementable strategy,192.156,mesh|theoretical_ops|0.5|4|0.3|10|True|generous|4
mesh|theoretical_ops|0.5|4|0.3|10|True|generous|0,any,mesh,theoretical_ops,mesh@theoretical_ops,0,generous,7000000,0.5,0.3,4,10,True,True,True,a0 -> a1 -> a2 -> b2,45,0.6414543652827275,best of 6 candidate route(s) evaluated in hindsight - not an online-implementable strategy,192.234,mesh|theoretical_ops|0.5|4|0.3|10|True|generous|0
mesh|theoretical_ops|0.5|2|0.1|10|True|marginal_resources|0,any,mesh,theoretical_ops,mesh@theoretical_ops,0,marginal_resources,7000000,0.5,0.1,2,10,True,True,False,a0 -> a1 -> b1 -> b2,9,0.6408447511068841,best of 6 candidate route(s) evaluated in hindsight - not an online-implementable strategy,33.788,mesh|theoretical_ops|0.5|2|0.1|10|True|marginal_resources|0
mesh|theoretical_ops|0.5|4|0.3|10|True|generous|8,any,mesh,theoretical_ops,mesh@theoretical_ops,8,generous,7000008,0.5,0.3,4,10,True,True,True,a0 -> a1 -> a2 -> b2,53,0.6457039115689069,best of 6 candidate route(s) evaluated in hindsight - not an online-implementable strategy,175.88,mesh|theoretical_ops|0.5|4|0.3|10|True|generous|8
mesh|theoretical_ops|0.5|4|0.3|10|True|generous|5,any,mesh,theoretical_ops,mesh@theoretical_ops,5,generous,7000005,0.5,0.3,4,10,True,True,True,a0 -> b0 -> b1 -> b2,52,0.647109989234242,best of 6 candidate route(s) evaluated in hindsight - not an online-implementable strategy,178.189,mesh|theoretical_ops|0.5|4|0.3|10|True|generous|5
mesh|theoretical_ops|0.5|4|0.3|10|True|generous|6,any,mesh,theoretical_ops,mesh@theoretical_ops,6,generous,7000006,0.5,0.3,4,10,True,True,True,a0 -> b0 -> b1 -> b2,50,0.646341770999288,best of 6 candidate route(s) evaluated in hindsight - not an online-implementable strategy,181.14,mesh|theoretical_ops|0.5|4|0.3|10|True|generous|6
mesh|theoretical_ops|0.5|2|0.1|10|True|marginal_resources|3,any,mesh,theoretical_ops,mesh@theoretical_ops,3,marginal_resources,7000003,0.5,0.1,2,10,True,True,False,a0 -> a1 -> a2 -> b2,6,0.6427306219609602,best of 6 candidate route(s) evaluated in hindsight - not an online-implementable strategy,33.068,mesh|theoretical_ops|0.5|2|0.1|10|True|marginal_resources|3
mesh|theoretical_ops|0.5|2|0.1|10|True|marginal_resources|2,any,mesh,theoretical_ops,mesh@theoretical_ops,2,marginal_resources,7000002,0.5,0.1,2,10,True,True,False,a0 -> a1 -> b1 -> b2,8,0.6419416133610916,best of 6 candidate route(s) evaluated in hindsight - not an online-implementable strategy,32.713,mesh|theoretical_ops|0.5|2|0.1|10|True|marginal_resources|2
mesh|theoretical_ops|0.5|2|0.1|10|True|marginal_resources|1,any,mesh,theoretical_ops,mesh@theoretical_ops,1,marginal_resources,7000001,0.5,0.1,2,10,True,True,False,a0 -> a1 -> a2 -> b2,9,0.6459819574426076,best of 6 candidate route(s) evaluated in hindsight - not an online-implementable strategy,31.119,mesh|theoretical_ops|0.5|2|0.1|10|True|marginal_resources|1
mesh|theoretical_ops|0.5|4|0.3|10|True|generous|9,any,mesh,theoretical_ops,mesh@theoretical_ops,9,generous,7000009,0.5,0.3,4,10,True,True,True,a0 -> b0 -> b1 -> b2,50,0.646075619621679,best of 6 candidate route(s) evaluated in hindsight - not an online-implementable strategy,184.446,mesh|theoretical_ops|0.5|4|0.3|10|True|generous|9
mesh|theoretical_ops|0.5|4|0.3|10|True|generous|7,any,mesh,theoretical_ops,mesh@theoretical_ops,7,generous,7000007,0.5,0.3,4,10,True,True,True,a0 -> a1 -> b1 -> b2,56,0.6474125810430419,best of 6 candidate route(s) evaluated in hindsight - not an online-implementable strategy,174.13,mesh|theoretical_ops|0.5|4|0.3|10|True|generous|7
mesh|theoretical_ops|0.5|2|0.1|10|True|marginal_resources|4,any,mesh,theoretical_ops,mesh@theoretical_ops,4,marginal_resources,7000004,0.5,0.1,2,10,True,True,False,a0 -> a1 -> b1 -> b2,9,0.6439035572607998,best of 6 candidate route(s) evaluated in hindsight - not an online-implementable strategy,31.753,mesh|theoretical_ops|0.5|2|0.1|10|True|marginal_resources|4
mesh|theoretical_ops|0.5|2|0.1|10|True|marginal_resources|7,any,mesh,theoretical_ops,mesh@theoretical_ops,7,marginal_resources,7000007,0.5,0.1,2,10,True,True,False,a0 -> a1 -> a2 -> b2,9,0.6448560005088875,best of 6 candidate route(s) evaluated in hindsight - not an online-implementable strategy,31.245,mesh|theoretical_ops|0.5|2|0.1|10|True|marginal_resources|7
mesh|theoretical_ops|0.5|2|0.1|10|True|marginal_resources|5,any,mesh,theoretical_ops,mesh@theoretical_ops,5,marginal_resources,7000005,0.5,0.1,2,10,True,True,False,a0 -> a1 -> a2 -> b2,6,0.644075081540223,best of 6 candidate route(s) evaluated in hindsight - not an online-implementable strategy,33.651,mesh|theoretical_ops|0.5|2|0.1|10|True|marginal_resources|5
mesh|theoretical_ops|0.5|2|0.1|10|True|marginal_resources|8,any,mesh,theoretical_ops,mesh@theoretical_ops,8,marginal_resources,7000008,0.5,0.1,2,10,True,True,False,a0 -> a1 -> b1 -> b2,7,0.6426935509768714,best of 6 candidate route(s) evaluated in hindsight - not an online-implementable strategy,31.366,mesh|theoretical_ops|0.5|2|0.1|10|True|marginal_resources|8
mesh|theoretical_ops|0.5|2|0.1|10|True|marginal_resources|6,any,mesh,theoretical_ops,mesh@theoretical_ops,6,marginal_resources,7000006,0.5,0.1,2,10,True,True,True,a0 -> b0 -> b1 -> b2,10,0.6439379714458463,best of 6 candidate route(s) evaluated in hindsight - not an online-implementable strategy,30.765,mesh|theoretical_ops|0.5|2|0.1|10|True|marginal_resources|6
mesh|theoretical_ops|0.5|2|0.1|10|True|marginal_resources|9,any,mesh,theoretical_ops,mesh@theoretical_ops,9,marginal_resources,7000009,0.5,0.1,2,10,True,True,False,a0 -> a1 -> a2 -> b2,8,0.643995107147666,best of 6 candidate route(s) evaluated in hindsight - not an online-implementable strategy,29.721,mesh|theoretical_ops|0.5|2|0.1|10|True|marginal_resources|9
mesh|theoretical_ops|0.58|4|0.3|10|True|marginal_fidelity|1,any,mesh,theoretical_ops,mesh@theoretical_ops,1,marginal_fidelity,7000001,0.58,0.3,4,10,True,True,True,a0 -> a1 -> a2 -> b2,47,0.6448789032227948,best of 6 candidate route(s) evaluated in hindsight - not an online-implementable strategy,160.36,mesh|theoretical_ops|0.58|4|0.3|10|True|marginal_fidelity|1
mesh|theoretical_ops|0.58|4|0.3|10|True|marginal_fidelity|3,any,mesh,theoretical_ops,mesh@theoretical_ops,3,marginal_fidelity,7000003,0.58,0.3,4,10,True,True,True,a0 -> b0 -> b1 -> b2,51,0.6461604378592474,best of 6 candidate route(s) evaluated in hindsight - not an online-implementable strategy,170.953,mesh|theoretical_ops|0.58|4|0.3|10|True|marginal_fidelity|3
mesh|theoretical_ops|0.58|4|0.3|10|True|marginal_fidelity|2,any,mesh,theoretical_ops,mesh@theoretical_ops,2,marginal_fidelity,7000002,0.58,0.3,4,10,True,True,True,a0 -> a1 -> b1 -> b2,53,0.6464266935280512,best of 6 candidate route(s) evaluated in hindsight - not an online-implementable strategy,174.054,mesh|theoretical_ops|0.58|4|0.3|10|True|marginal_fidelity|2
mesh|theoretical_ops|0.58|4|0.3|10|True|marginal_fidelity|0,any,mesh,theoretical_ops,mesh@theoretical_ops,0,marginal_fidelity,7000000,0.58,0.3,4,10,True,True,True,a0 -> a1 -> a2 -> b2,45,0.6414543652827275,best of 6 candidate route(s) evaluated in hindsight - not an online-implementable strategy,175.328,mesh|theoretical_ops|0.58|4|0.3|10|True|marginal_fidelity|0
mesh|theoretical_ops|0.58|4|0.3|10|True|marginal_fidelity|4,any,mesh,theoretical_ops,mesh@theoretical_ops,4,marginal_fidelity,7000004,0.58,0.3,4,10,True,True,True,a0 -> a1 -> a2 -> b2,57,0.647236976016465,best of 6 candidate route(s) evaluated in hindsight - not an online-implementable strategy,173.479,mesh|theoretical_ops|0.58|4|0.3|10|True|marginal_fidelity|4
mesh|theoretical_ops|0.58|4|0.3|10|True|marginal_fidelity|5,any,mesh,theoretical_ops,mesh@theoretical_ops,5,marginal_fidelity,7000005,0.58,0.3,4,10,True,True,True,a0 -> b0 -> b1 -> b2,52,0.647109989234242,best of 6 candidate route(s) evaluated in hindsight - not an online-implementable strategy,170.667,mesh|theoretical_ops|0.58|4|0.3|10|True|marginal_fidelity|5
mesh|theoretical_ops|0.58|4|0.3|10|True|marginal_fidelity|8,any,mesh,theoretical_ops,mesh@theoretical_ops,8,marginal_fidelity,7000008,0.58,0.3,4,10,True,True,True,a0 -> a1 -> a2 -> b2,53,0.6457039115689069,best of 6 candidate route(s) evaluated in hindsight - not an online-implementable strategy,170.725,mesh|theoretical_ops|0.58|4|0.3|10|True|marginal_fidelity|8
mesh|theoretical_ops|0.58|4|0.3|10|True|marginal_fidelity|9,any,mesh,theoretical_ops,mesh@theoretical_ops,9,marginal_fidelity,7000009,0.58,0.3,4,10,True,True,True,a0 -> b0 -> b1 -> b2,50,0.646075619621679,best of 6 candidate route(s) evaluated in hindsight - not an online-implementable strategy,170.653,mesh|theoretical_ops|0.58|4|0.3|10|True|marginal_fidelity|9
mesh|theoretical_ops|0.58|4|0.3|10|True|marginal_fidelity|6,any,mesh,theoretical_ops,mesh@theoretical_ops,6,marginal_fidelity,7000006,0.58,0.3,4,10,True,True,True,a0 -> b0 -> b1 -> b2,50,0.646341770999288,best of 6 candidate route(s) evaluated in hindsight - not an online-implementable strategy,173.137,mesh|theoretical_ops|0.58|4|0.3|10|True|marginal_fidelity|6
mesh|theoretical_ops|0.58|4|0.3|10|True|marginal_fidelity|7,any,mesh,theoretical_ops,mesh@theoretical_ops,7,marginal_fidelity,7000007,0.58,0.3,4,10,True,True,True,a0 -> a1 -> b1 -> b2,56,0.6474125810430419,best of 6 candidate route(s) evaluated in hindsight - not an online-implementable strategy,177.63,mesh|theoretical_ops|0.58|4|0.3|10|True|marginal_fidelity|7
mesh|theoretical_ops|0.67|4|0.3|10|True|purification_1_round|1,any,mesh,theoretical_ops,mesh@theoretical_ops,1,purification_1_round,7000001,0.67,0.3,4,10,True,True,False,a0 -> a1 -> a2 -> b2,6,0.675022800468183,best of 6 candidate route(s) evaluated in hindsight - not an online-implementable strategy,169.863,mesh|theoretical_ops|0.67|4|0.3|10|True|purification_1_round|1
mesh|theoretical_ops|0.67|4|0.3|10|True|purification_1_round|0,any,mesh,theoretical_ops,mesh@theoretical_ops,0,purification_1_round,7000000,0.67,0.3,4,10,True,True,True,a0 -> a1 -> b1 -> b2,12,0.6768419587236201,best of 6 candidate route(s) evaluated in hindsight - not an online-implementable strategy,186.496,mesh|theoretical_ops|0.67|4|0.3|10|True|purification_1_round|0
mesh|theoretical_ops|0.67|4|0.3|10|True|purification_1_round|3,any,mesh,theoretical_ops,mesh@theoretical_ops,3,purification_1_round,7000003,0.67,0.3,4,10,True,True,True,a0 -> a1 -> b1 -> b2,10,0.6782139481681944,best of 6 candidate route(s) evaluated in hindsight - not an online-implementable strategy,181.548,mesh|theoretical_ops|0.67|4|0.3|10|True|purification_1_round|3
mesh|theoretical_ops|0.67|4|0.3|10|True|purification_1_round|2,any,mesh,theoretical_ops,mesh@theoretical_ops,2,purification_1_round,7000002,0.67,0.3,4,10,True,True,True,a0 -> a1 -> b1 -> b2,19,0.6763515728925386,best of 6 candidate route(s) evaluated in hindsight - not an online-implementable strategy,191.458,mesh|theoretical_ops|0.67|4|0.3|10|True|purification_1_round|2
mesh|theoretical_ops|0.67|4|0.3|10|True|purification_1_round|4,any,mesh,theoretical_ops,mesh@theoretical_ops,4,purification_1_round,7000004,0.67,0.3,4,10,True,True,True,a0 -> a1 -> a2 -> b2,17,0.6759982712852025,best of 6 candidate route(s) evaluated in hindsight - not an online-implementable strategy,193.113,mesh|theoretical_ops|0.67|4|0.3|10|True|purification_1_round|4
mesh|theoretical_ops|0.67|4|0.3|10|True|purification_1_round|6,any,mesh,theoretical_ops,mesh@theoretical_ops,6,purification_1_round,7000006,0.67,0.3,4,10,True,True,True,a0 -> a1 -> b1 -> b2,12,0.6746133109682756,best of 6 candidate route(s) evaluated in hindsight - not an online-implementable strategy,177.99,mesh|theoretical_ops|0.67|4|0.3|10|True|purification_1_round|6
mesh|theoretical_ops|0.67|4|0.3|10|True|purification_1_round|5,any,mesh,theoretical_ops,mesh@theoretical_ops,5,purification_1_round,7000005,0.67,0.3,4,10,True,True,True,a0 -> b0 -> b1 -> b2,12,0.6739276328908209,best of 6 candidate route(s) evaluated in hindsight - not an online-implementable strategy,173.011,mesh|theoretical_ops|0.67|4|0.3|10|True|purification_1_round|5
mesh|theoretical_ops|0.67|4|0.3|10|True|purification_1_round|9,any,mesh,theoretical_ops,mesh@theoretical_ops,9,purification_1_round,7000009,0.67,0.3,4,10,True,True,True,a0 -> b0 -> b1 -> b2,13,0.6773941003902766,best of 6 candidate route(s) evaluated in hindsight - not an online-implementable strategy,164.724,mesh|theoretical_ops|0.67|4|0.3|10|True|purification_1_round|9
mesh|theoretical_ops|0.67|4|0.3|10|True|purification_1_round|8,any,mesh,theoretical_ops,mesh@theoretical_ops,8,purification_1_round,7000008,0.67,0.3,4,10,True,True,True,a0 -> a1 -> a2 -> b2,13,0.6765106370251158,best of 6 candidate route(s) evaluated in hindsight - not an online-implementable strategy,176.642,mesh|theoretical_ops|0.67|4|0.3|10|True|purification_1_round|8
mesh|theoretical_ops|0.67|4|0.3|10|True|purification_1_round|7,any,mesh,theoretical_ops,mesh@theoretical_ops,7,purification_1_round,7000007,0.67,0.3,4,10,True,True,True,a0 -> b0 -> b1 -> b2,10,0.6781226788031021,best of 6 candidate route(s) evaluated in hindsight - not an online-implementable strategy,150.598,mesh|theoretical_ops|0.67|4|0.3|10|True|purification_1_round|7
