campaign,trial_id,scenario,parameter_hash,seed,intent_id,planner_level,planner_name,replay_index,reserved_memory_slots,min_delivered_pairs,requested_fidelity,duration_s,attenuation_db_per_m,distance_m,allow_purification,route,hop_count,feasible,rejection_reason,predicted_satisfaction_probability,predicted_delivered_pairs,predicted_average_fidelity,purification_rounds_estimate,planning_time_s,final_status,satisfied,delivered_pairs,average_fidelity,observed_fidelity,absolute_fidelity_error,simulation_wall_time_s,timed_out,timeout_s,eg_attempts,eg_success,ep_attempts,ep_success,es_attempts,es_success,timeline_end_time_s,trajectory_hash,determinism_enabled,master_seed,execution_seed_used,namespace_seeds_json,python_random_reseeded,python_hash_seed_env_value,project_git_commit,sequence_git_commit,python_version,numpy_version,dependency_versions_json,platform_system,platform_release,hostname,timestamp,termination_reason,heartbeat_final_sim_time_s,heartbeat_final_run_counter,heartbeat_n_samples
P15_balanced_factorial,P15_balanced_factorial:three_node:09c302446b7aa50d:L2-R:400:m10-intent:0,three_node,09c302446b7aa50d,400,m10-intent,L2-R,iterative_resource_aware,0,4,10,0.65,0.01,1e-05,,True,,0,False,DELIVERY_TARGET_EXCEEDS_WINDOW,,,,0,0.000586,REJECTED,,,,,,,False,,,,,,,,,,False,,,,False,,5e5edd3e823e308483272be3acffd8aaed4f46ca,1f2680a5b9065e708a7497adc53a95b108029b98,3.13.14,2.5.1,"{""pydantic"": ""2.13.4"", ""yaml"": ""6.0.3"", ""networkx"": ""3.6.1"", ""numpy"": ""2.5.1"", ""scipy"": ""1.18.0"", ""matplotlib"": ""3.11.0"", ""pandas"": ""3.0.3"", ""qutip"": ""5.3.0"", ""stim"": ""1.16.0"", ""gmpy2"": ""2.3.1"", ""nbformat"": ""5.10.4"", ""nbclient"": ""0.11.0""}",Windows,11,Gercom,2026-07-21T21:56:28.341764+00:00,,,,
P15_balanced_factorial,P15_balanced_factorial:three_node:09c302446b7aa50d:L2-R:401:m10-intent:0,three_node,09c302446b7aa50d,401,m10-intent,L2-R,iterative_resource_aware,0,4,10,0.65,0.01,1e-05,,True,,0,False,DELIVERY_TARGET_EXCEEDS_WINDOW,,,,0,0.00064,REJECTED,,,,,,,False,,,,,,,,,,False,,,,False,,5e5edd3e823e308483272be3acffd8aaed4f46ca,1f2680a5b9065e708a7497adc53a95b108029b98,3.13.14,2.5.1,"{""pydantic"": ""2.13.4"", ""yaml"": ""6.0.3"", ""networkx"": ""3.6.1"", ""numpy"": ""2.5.1"", ""scipy"": ""1.18.0"", ""matplotlib"": ""3.11.0"", ""pandas"": ""3.0.3"", ""qutip"": ""5.3.0"", ""stim"": ""1.16.0"", ""gmpy2"": ""2.3.1"", ""nbformat"": ""5.10.4"", ""nbclient"": ""0.11.0""}",Windows,11,Gercom,2026-07-21T21:56:37.159556+00:00,,,,
P15_balanced_factorial,P15_balanced_factorial:three_node:09c302446b7aa50d:L2-R:402:m10-intent:0,three_node,09c302446b7aa50d,402,m10-intent,L2-R,iterative_resource_aware,0,4,10,0.65,0.01,1e-05,,True,,0,False,DELIVERY_TARGET_EXCEEDS_WINDOW,,,,0,0.000805,REJECTED,,,,,,,False,,,,,,,,,,False,,,,False,,5e5edd3e823e308483272be3acffd8aaed4f46ca,1f2680a5b9065e708a7497adc53a95b108029b98,3.13.14,2.5.1,"{""pydantic"": ""2.13.4"", ""yaml"": ""6.0.3"", ""networkx"": ""3.6.1"", ""numpy"": ""2.5.1"", ""scipy"": ""1.18.0"", ""matplotlib"": ""3.11.0"", ""pandas"": ""3.0.3"", ""qutip"": ""5.3.0"", ""stim"": ""1.16.0"", ""gmpy2"": ""2.3.1"", ""nbformat"": ""5.10.4"", ""nbclient"": ""0.11.0""}",Windows,11,Gercom,2026-07-21T21:56:47.392384+00:00,,,,
P15_balanced_factorial,P15_balanced_factorial:three_node:09c302446b7aa50d:L2-R:403:m10-intent:0,three_node,09c302446b7aa50d,403,m10-intent,L2-R,iterative_resource_aware,0,4,10,0.65,0.01,1e-05,,True,,0,False,DELIVERY_TARGET_EXCEEDS_WINDOW,,,,0,0.000505,REJECTED,,,,,,,False,,,,,,,,,,False,,,,False,,5e5edd3e823e308483272be3acffd8aaed4f46ca,1f2680a5b9065e708a7497adc53a95b108029b98,3.13.14,2.5.1,"{""pydantic"": ""2.13.4"", ""yaml"": ""6.0.3"", ""networkx"": ""3.6.1"", ""numpy"": ""2.5.1"", ""scipy"": ""1.18.0"", ""matplotlib"": ""3.11.0"", ""pandas"": ""3.0.3"", ""qutip"": ""5.3.0"", ""stim"": ""1.16.0"", ""gmpy2"": ""2.3.1"", ""nbformat"": ""5.10.4"", ""nbclient"": ""0.11.0""}",Windows,11,Gercom,2026-07-21T21:56:56.311259+00:00,,,,
P15_balanced_factorial,P15_balanced_factorial:three_node:09c302446b7aa50d:L2-R:404:m10-intent:0,three_node,09c302446b7aa50d,404,m10-intent,L2-R,iterative_resource_aware,0,4,10,0.65,0.01,1e-05,,True,,0,False,DELIVERY_TARGET_EXCEEDS_WINDOW,,,,0,0.000336,REJECTED,,,,,,,False,,,,,,,,,,False,,,,False,,5e5edd3e823e308483272be3acffd8aaed4f46ca,1f2680a5b9065e708a7497adc53a95b108029b98,3.13.14,2.5.1,"{""pydantic"": ""2.13.4"", ""yaml"": ""6.0.3"", ""networkx"": ""3.6.1"", ""numpy"": ""2.5.1"", ""scipy"": ""1.18.0"", ""matplotlib"": ""3.11.0"", ""pandas"": ""3.0.3"", ""qutip"": ""5.3.0"", ""stim"": ""1.16.0"", ""gmpy2"": ""2.3.1"", ""nbformat"": ""5.10.4"", ""nbclient"": ""0.11.0""}",Windows,11,Gercom,2026-07-21T21:57:03.792208+00:00,,,,
P15_balanced_factorial,P15_balanced_factorial:three_node:09c302446b7aa50d:L3-R:400:m10-intent:0,three_node,09c302446b7aa50d,400,m10-intent,L3-R,probabilistic_resource_aware,0,4,10,0.65,0.01,1e-05,,True,,0,False,best candidate's predicted satisfaction probability 0.135 is below admission_threshold=0.5,0.13459224018777402,,,0,0.011936,REJECTED,,,,,,,False,,,,,,,,,,False,,,,False,,5e5edd3e823e308483272be3acffd8aaed4f46ca,1f2680a5b9065e708a7497adc53a95b108029b98,3.13.14,2.5.1,"{""pydantic"": ""2.13.4"", ""yaml"": ""6.0.3"", ""networkx"": ""3.6.1"", ""numpy"": ""2.5.1"", ""scipy"": ""1.18.0"", ""matplotlib"": ""3.11.0"", ""pandas"": ""3.0.3"", ""qutip"": ""5.3.0"", ""stim"": ""1.16.0"", ""gmpy2"": ""2.3.1"", ""nbformat"": ""5.10.4"", ""nbclient"": ""0.11.0""}",Windows,11,Gercom,2026-07-21T21:57:12.138671+00:00,,,,
P15_balanced_factorial,P15_balanced_factorial:three_node:09c302446b7aa50d:L3-R:401:m10-intent:0,three_node,09c302446b7aa50d,401,m10-intent,L3-R,probabilistic_resource_aware,0,4,10,0.65,0.01,1e-05,,True,,0,False,best candidate's predicted satisfaction probability 0.135 is below admission_threshold=0.5,0.13459224018777402,,,0,0.004772,REJECTED,,,,,,,False,,,,,,,,,,False,,,,False,,5e5edd3e823e308483272be3acffd8aaed4f46ca,1f2680a5b9065e708a7497adc53a95b108029b98,3.13.14,2.5.1,"{""pydantic"": ""2.13.4"", ""yaml"": ""6.0.3"", ""networkx"": ""3.6.1"", ""numpy"": ""2.5.1"", ""scipy"": ""1.18.0"", ""matplotlib"": ""3.11.0"", ""pandas"": ""3.0.3"", ""qutip"": ""5.3.0"", ""stim"": ""1.16.0"", ""gmpy2"": ""2.3.1"", ""nbformat"": ""5.10.4"", ""nbclient"": ""0.11.0""}",Windows,11,Gercom,2026-07-21T21:57:21.387180+00:00,,,,
P15_balanced_factorial,P15_balanced_factorial:three_node:09c302446b7aa50d:L3-R:402:m10-intent:0,three_node,09c302446b7aa50d,402,m10-intent,L3-R,probabilistic_resource_aware,0,4,10,0.65,0.01,1e-05,,True,,0,False,best candidate's predicted satisfaction probability 0.135 is below admission_threshold=0.5,0.13459224018777402,,,0,0.002728,REJECTED,,,,,,,False,,,,,,,,,,False,,,,False,,5e5edd3e823e308483272be3acffd8aaed4f46ca,1f2680a5b9065e708a7497adc53a95b108029b98,3.13.14,2.5.1,"{""pydantic"": ""2.13.4"", ""yaml"": ""6.0.3"", ""networkx"": ""3.6.1"", ""numpy"": ""2.5.1"", ""scipy"": ""1.18.0"", ""matplotlib"": ""3.11.0"", ""pandas"": ""3.0.3"", ""qutip"": ""5.3.0"", ""stim"": ""1.16.0"", ""gmpy2"": ""2.3.1"", ""nbformat"": ""5.10.4"", ""nbclient"": ""0.11.0""}",Windows,11,Gercom,2026-07-21T21:57:31.191896+00:00,,,,
P15_balanced_factorial,P15_balanced_factorial:three_node:09c302446b7aa50d:L3-R:403:m10-intent:0,three_node,09c302446b7aa50d,403,m10-intent,L3-R,probabilistic_resource_aware,0,4,10,0.65,0.01,1e-05,,True,,0,False,best candidate's predicted satisfaction probability 0.135 is below admission_threshold=0.5,0.13459224018777402,,,0,0.002706,REJECTED,,,,,,,False,,,,,,,,,,False,,,,False,,5e5edd3e823e308483272be3acffd8aaed4f46ca,1f2680a5b9065e708a7497adc53a95b108029b98,3.13.14,2.5.1,"{""pydantic"": ""2.13.4"", ""yaml"": ""6.0.3"", ""networkx"": ""3.6.1"", ""numpy"": ""2.5.1"", ""scipy"": ""1.18.0"", ""matplotlib"": ""3.11.0"", ""pandas"": ""3.0.3"", ""qutip"": ""5.3.0"", ""stim"": ""1.16.0"", ""gmpy2"": ""2.3.1"", ""nbformat"": ""5.10.4"", ""nbclient"": ""0.11.0""}",Windows,11,Gercom,2026-07-21T21:57:39.018430+00:00,,,,
P15_balanced_factorial,P15_balanced_factorial:three_node:09c302446b7aa50d:L3-R:404:m10-intent:0,three_node,09c302446b7aa50d,404,m10-intent,L3-R,probabilistic_resource_aware,0,4,10,0.65,0.01,1e-05,,True,,0,False,best candidate's predicted satisfaction probability 0.135 is below admission_threshold=0.5,0.13459224018777402,,,0,0.00158,REJECTED,,,,,,,False,,,,,,,,,,False,,,,False,,5e5edd3e823e308483272be3acffd8aaed4f46ca,1f2680a5b9065e708a7497adc53a95b108029b98,3.13.14,2.5.1,"{""pydantic"": ""2.13.4"", ""yaml"": ""6.0.3"", ""networkx"": ""3.6.1"", ""numpy"": ""2.5.1"", ""scipy"": ""1.18.0"", ""matplotlib"": ""3.11.0"", ""pandas"": ""3.0.3"", ""qutip"": ""5.3.0"", ""stim"": ""1.16.0"", ""gmpy2"": ""2.3.1"", ""nbformat"": ""5.10.4"", ""nbclient"": ""0.11.0""}",Windows,11,Gercom,2026-07-21T21:57:47.505674+00:00,,,,
P15_balanced_factorial,P15_balanced_factorial:three_node:bd569177ad1f48e1:L2-R:400:m10-intent:0,three_node,bd569177ad1f48e1,400,m10-intent,L2-R,iterative_resource_aware,0,10,10,0.65,0.01,1e-05,,True,a -> r -> b,2,True,,,16.0,0.6863749999999998,0,0.000585,SATISFIED,True,37,0.6863749999999998,0.6863749999999998,0.0,1.869694,False,,101,45,0,0,0,0,0.02016033751,bd1a1d33652e6ee1a88590bc43b0a6d142cf92bfe2baab0d7bc1274d916753a7,False,,,,False,,5e5edd3e823e308483272be3acffd8aaed4f46ca,1f2680a5b9065e708a7497adc53a95b108029b98,3.13.14,2.5.1,"{""pydantic"": ""2.13.4"", ""yaml"": ""6.0.3"", ""networkx"": ""3.6.1"", ""numpy"": ""2.5.1"", ""scipy"": ""1.18.0"", ""matplotlib"": ""3.11.0"", ""pandas"": ""3.0.3"", ""qutip"": ""5.3.0"", ""stim"": ""1.16.0"", ""gmpy2"": ""2.3.1"", ""nbformat"": ""5.10.4"", ""nbclient"": ""0.11.0""}",Windows,11,Gercom,2026-07-21T21:58:00.274500+00:00,,,,
P15_balanced_factorial,P15_balanced_factorial:three_node:bd569177ad1f48e1:L2-R:401:m10-intent:0,three_node,bd569177ad1f48e1,401,m10-intent,L2-R,iterative_resource_aware,0,10,10,0.65,0.01,1e-05,,True,a -> r -> b,2,True,,,16.0,0.6863749999999998,0,0.000655,SATISFIED,True,37,0.6863749999999998,0.6863749999999998,0.0,1.813283,False,,130,44,0,0,0,0,0.02016038751,b6d488e282c1777c108b73430d98104006b9925fe0a5b58492906c29690d8f65,False,,,,False,,5e5edd3e823e308483272be3acffd8aaed4f46ca,1f2680a5b9065e708a7497adc53a95b108029b98,3.13.14,2.5.1,"{""pydantic"": ""2.13.4"", ""yaml"": ""6.0.3"", ""networkx"": ""3.6.1"", ""numpy"": ""2.5.1"", ""scipy"": ""1.18.0"", ""matplotlib"": ""3.11.0"", ""pandas"": ""3.0.3"", ""qutip"": ""5.3.0"", ""stim"": ""1.16.0"", ""gmpy2"": ""2.3.1"", ""nbformat"": ""5.10.4"", ""nbclient"": ""0.11.0""}",Windows,11,Gercom,2026-07-21T21:58:10.506010+00:00,,,,
P15_balanced_factorial,P15_balanced_factorial:three_node:bd569177ad1f48e1:L2-R:402:m10-intent:0,three_node,bd569177ad1f48e1,402,m10-intent,L2-R,iterative_resource_aware,0,10,10,0.65,0.01,1e-05,,True,a -> r -> b,2,True,,,16.0,0.6863749999999998,0,0.000683,SATISFIED,True,38,0.6863749999999998,0.6863749999999998,0.0,1.723669,False,,101,40,0,0,0,0,0.02016035001,3f1a71956080b5b7f153c176db64f5d67346fe6d68886ed6006540aa03ef5f26,False,,,,False,,5e5edd3e823e308483272be3acffd8aaed4f46ca,1f2680a5b9065e708a7497adc53a95b108029b98,3.13.14,2.5.1,"{""pydantic"": ""2.13.4"", ""yaml"": ""6.0.3"", ""networkx"": ""3.6.1"", ""numpy"": ""2.5.1"", ""scipy"": ""1.18.0"", ""matplotlib"": ""3.11.0"", ""pandas"": ""3.0.3"", ""qutip"": ""5.3.0"", ""stim"": ""1.16.0"", ""gmpy2"": ""2.3.1"", ""nbformat"": ""5.10.4"", ""nbclient"": ""0.11.0""}",Windows,11,Gercom,2026-07-21T21:58:20.707703+00:00,,,,
P15_balanced_factorial,P15_balanced_factorial:three_node:bd569177ad1f48e1:L2-R:403:m10-intent:0,three_node,bd569177ad1f48e1,403,m10-intent,L2-R,iterative_resource_aware,0,10,10,0.65,0.01,1e-05,,True,a -> r -> b,2,True,,,16.0,0.6863749999999998,0,0.000622,SATISFIED,True,38,0.6863749999999998,0.6863749999999998,0.0,2.235833,False,,142,45,0,0,0,0,0.02016533751,07dd4a493f0d81cb2d8fd7562f3c250868992a7699afe36d0d8190f52bf7819f,False,,,,False,,5e5edd3e823e308483272be3acffd8aaed4f46ca,1f2680a5b9065e708a7497adc53a95b108029b98,3.13.14,2.5.1,"{""pydantic"": ""2.13.4"", ""yaml"": ""6.0.3"", ""networkx"": ""3.6.1"", ""numpy"": ""2.5.1"", ""scipy"": ""1.18.0"", ""matplotlib"": ""3.11.0"", ""pandas"": ""3.0.3"", ""qutip"": ""5.3.0"", ""stim"": ""1.16.0"", ""gmpy2"": ""2.3.1"", ""nbformat"": ""5.10.4"", ""nbclient"": ""0.11.0""}",Windows,11,Gercom,2026-07-21T21:58:32.354295+00:00,,,,
P15_balanced_factorial,P15_balanced_factorial:three_node:bd569177ad1f48e1:L2-R:404:m10-intent:0,three_node,bd569177ad1f48e1,404,m10-intent,L2-R,iterative_resource_aware,0,10,10,0.65,0.01,1e-05,,True,a -> r -> b,2,True,,,16.0,0.6863749999999998,0,0.00052,SATISFIED,True,38,0.6863749999999998,0.6863749999999998,0.0,1.860689,False,,131,40,0,0,0,0,0.02016040001,9c81b78e78284566176b551f48bea1aff25ca6504943130b0741bc5d557c59b0,False,,,,False,,5e5edd3e823e308483272be3acffd8aaed4f46ca,1f2680a5b9065e708a7497adc53a95b108029b98,3.13.14,2.5.1,"{""pydantic"": ""2.13.4"", ""yaml"": ""6.0.3"", ""networkx"": ""3.6.1"", ""numpy"": ""2.5.1"", ""scipy"": ""1.18.0"", ""matplotlib"": ""3.11.0"", ""pandas"": ""3.0.3"", ""qutip"": ""5.3.0"", ""stim"": ""1.16.0"", ""gmpy2"": ""2.3.1"", ""nbformat"": ""5.10.4"", ""nbclient"": ""0.11.0""}",Windows,11,Gercom,2026-07-21T21:58:43.855635+00:00,,,,
P15_balanced_factorial,P15_balanced_factorial:three_node:bd569177ad1f48e1:L3-R:400:m10-intent:0,three_node,bd569177ad1f48e1,400,m10-intent,L3-R,probabilistic_resource_aware,0,10,10,0.65,0.01,1e-05,,True,a -> r -> b,2,True,,0.9677642337329102,16.590090289192116,0.6863749999999998,0,0.006123,SATISFIED,True,37,0.6863749999999998,0.6863749999999998,0.0,1.854751,False,,101,45,0,0,0,0,0.02016033751,bd1a1d33652e6ee1a88590bc43b0a6d142cf92bfe2baab0d7bc1274d916753a7,False,,,,False,,5e5edd3e823e308483272be3acffd8aaed4f46ca,1f2680a5b9065e708a7497adc53a95b108029b98,3.13.14,2.5.1,"{""pydantic"": ""2.13.4"", ""yaml"": ""6.0.3"", ""networkx"": ""3.6.1"", ""numpy"": ""2.5.1"", ""scipy"": ""1.18.0"", ""matplotlib"": ""3.11.0"", ""pandas"": ""3.0.3"", ""qutip"": ""5.3.0"", ""stim"": ""1.16.0"", ""gmpy2"": ""2.3.1"", ""nbformat"": ""5.10.4"", ""nbclient"": ""0.11.0""}",Windows,11,Gercom,2026-07-21T21:58:54.506166+00:00,,,,
P15_balanced_factorial,P15_balanced_factorial:three_node:bd569177ad1f48e1:L3-R:401:m10-intent:0,three_node,bd569177ad1f48e1,401,m10-intent,L3-R,probabilistic_resource_aware,0,10,10,0.65,0.01,1e-05,,True,a -> r -> b,2,True,,0.9677642337329102,16.590090289192116,0.6863749999999998,0,0.003476,SATISFIED,True,37,0.6863749999999998,0.6863749999999998,0.0,2.332916,False,,130,44,0,0,0,0,0.02016038751,b6d488e282c1777c108b73430d98104006b9925fe0a5b58492906c29690d8f65,False,,,,False,,5e5edd3e823e308483272be3acffd8aaed4f46ca,1f2680a5b9065e708a7497adc53a95b108029b98,3.13.14,2.5.1,"{""pydantic"": ""2.13.4"", ""yaml"": ""6.0.3"", ""networkx"": ""3.6.1"", ""numpy"": ""2.5.1"", ""scipy"": ""1.18.0"", ""matplotlib"": ""3.11.0"", ""pandas"": ""3.0.3"", ""qutip"": ""5.3.0"", ""stim"": ""1.16.0"", ""gmpy2"": ""2.3.1"", ""nbformat"": ""5.10.4"", ""nbclient"": ""0.11.0""}",Windows,11,Gercom,2026-07-21T21:59:06.747357+00:00,,,,
P15_balanced_factorial,P15_balanced_factorial:three_node:bd569177ad1f48e1:L3-R:402:m10-intent:0,three_node,bd569177ad1f48e1,402,m10-intent,L3-R,probabilistic_resource_aware,0,10,10,0.65,0.01,1e-05,,True,a -> r -> b,2,True,,0.9677642337329102,16.590090289192116,0.6863749999999998,0,0.002338,SATISFIED,True,38,0.6863749999999998,0.6863749999999998,0.0,1.817551,False,,101,40,0,0,0,0,0.02016035001,3f1a71956080b5b7f153c176db64f5d67346fe6d68886ed6006540aa03ef5f26,False,,,,False,,5e5edd3e823e308483272be3acffd8aaed4f46ca,1f2680a5b9065e708a7497adc53a95b108029b98,3.13.14,2.5.1,"{""pydantic"": ""2.13.4"", ""yaml"": ""6.0.3"", ""networkx"": ""3.6.1"", ""numpy"": ""2.5.1"", ""scipy"": ""1.18.0"", ""matplotlib"": ""3.11.0"", ""pandas"": ""3.0.3"", ""qutip"": ""5.3.0"", ""stim"": ""1.16.0"", ""gmpy2"": ""2.3.1"", ""nbformat"": ""5.10.4"", ""nbclient"": ""0.11.0""}",Windows,11,Gercom,2026-07-21T21:59:17.584879+00:00,,,,
P15_balanced_factorial,P15_balanced_factorial:three_node:bd569177ad1f48e1:L3-R:403:m10-intent:0,three_node,bd569177ad1f48e1,403,m10-intent,L3-R,probabilistic_resource_aware,0,10,10,0.65,0.01,1e-05,,True,a -> r -> b,2,True,,0.9677642337329102,16.590090289192116,0.6863749999999998,0,0.002318,SATISFIED,True,38,0.6863749999999998,0.6863749999999998,0.0,1.910348,False,,142,45,0,0,0,0,0.02016533751,07dd4a493f0d81cb2d8fd7562f3c250868992a7699afe36d0d8190f52bf7819f,False,,,,False,,5e5edd3e823e308483272be3acffd8aaed4f46ca,1f2680a5b9065e708a7497adc53a95b108029b98,3.13.14,2.5.1,"{""pydantic"": ""2.13.4"", ""yaml"": ""6.0.3"", ""networkx"": ""3.6.1"", ""numpy"": ""2.5.1"", ""scipy"": ""1.18.0"", ""matplotlib"": ""3.11.0"", ""pandas"": ""3.0.3"", ""qutip"": ""5.3.0"", ""stim"": ""1.16.0"", ""gmpy2"": ""2.3.1"", ""nbformat"": ""5.10.4"", ""nbclient"": ""0.11.0""}",Windows,11,Gercom,2026-07-21T21:59:28.257204+00:00,,,,
P15_balanced_factorial,P15_balanced_factorial:three_node:bd569177ad1f48e1:L3-R:404:m10-intent:0,three_node,bd569177ad1f48e1,404,m10-intent,L3-R,probabilistic_resource_aware,0,10,10,0.65,0.01,1e-05,,True,a -> r -> b,2,True,,0.9677642337329102,16.590090289192116,0.6863749999999998,0,0.003979,SATISFIED,True,38,0.6863749999999998,0.6863749999999998,0.0,2.086217,False,,131,40,0,0,0,0,0.02016040001,9c81b78e78284566176b551f48bea1aff25ca6504943130b0741bc5d557c59b0,False,,,,False,,5e5edd3e823e308483272be3acffd8aaed4f46ca,1f2680a5b9065e708a7497adc53a95b108029b98,3.13.14,2.5.1,"{""pydantic"": ""2.13.4"", ""yaml"": ""6.0.3"", ""networkx"": ""3.6.1"", ""numpy"": ""2.5.1"", ""scipy"": ""1.18.0"", ""matplotlib"": ""3.11.0"", ""pandas"": ""3.0.3"", ""qutip"": ""5.3.0"", ""stim"": ""1.16.0"", ""gmpy2"": ""2.3.1"", ""nbformat"": ""5.10.4"", ""nbclient"": ""0.11.0""}",Windows,11,Gercom,2026-07-21T21:59:41.057848+00:00,,,,
P15_balanced_factorial,P15_balanced_factorial:three_node:3b1309f4c6558df2:L2-R:400:m10-intent:0,three_node,3b1309f4c6558df2,400,m10-intent,L2-R,iterative_resource_aware,0,4,10,0.65,0.05,1e-05,,True,a -> r -> b,2,True,,,33.0,0.6863749999999998,0,0.000627,SATISFIED,True,99,0.686375,0.686375,1.1102230246251565e-16,3.832122,False,,261,100,0,0,0,0,0.06019650001,c65af45a45afdb9185daafcdc7fbba4eae2732f5c4c09996a273f4204b715251,False,,,,False,,5e5edd3e823e308483272be3acffd8aaed4f46ca,1f2680a5b9065e708a7497adc53a95b108029b98,3.13.14,2.5.1,"{""pydantic"": ""2.13.4"", ""yaml"": ""6.0.3"", ""networkx"": ""3.6.1"", ""numpy"": ""2.5.1"", ""scipy"": ""1.18.0"", ""matplotlib"": ""3.11.0"", ""pandas"": ""3.0.3"", ""qutip"": ""5.3.0"", ""stim"": ""1.16.0"", ""gmpy2"": ""2.3.1"", ""nbformat"": ""5.10.4"", ""nbclient"": ""0.11.0""}",Windows,11,Gercom,2026-07-21T21:59:53.588376+00:00,,,,
P15_balanced_factorial,P15_balanced_factorial:three_node:3b1309f4c6558df2:L2-R:401:m10-intent:0,three_node,3b1309f4c6558df2,401,m10-intent,L2-R,iterative_resource_aware,0,4,10,0.65,0.05,1e-05,,True,a -> r -> b,2,True,,,33.0,0.6863749999999998,0,0.000594,SATISFIED,True,100,0.6863749999999998,0.6863749999999998,0.0,4.435569,False,,267,102,0,0,0,0,0.06016912501,594caac66c7fb09061ad4ef9a4f219ea29d36eadcb4c9f593556669067dc75cb,False,,,,False,,5e5edd3e823e308483272be3acffd8aaed4f46ca,1f2680a5b9065e708a7497adc53a95b108029b98,3.13.14,2.5.1,"{""pydantic"": ""2.13.4"", ""yaml"": ""6.0.3"", ""networkx"": ""3.6.1"", ""numpy"": ""2.5.1"", ""scipy"": ""1.18.0"", ""matplotlib"": ""3.11.0"", ""pandas"": ""3.0.3"", ""qutip"": ""5.3.0"", ""stim"": ""1.16.0"", ""gmpy2"": ""2.3.1"", ""nbformat"": ""5.10.4"", ""nbclient"": ""0.11.0""}",Windows,11,Gercom,2026-07-21T22:00:06.961769+00:00,,,,
P15_balanced_factorial,P15_balanced_factorial:three_node:3b1309f4c6558df2:L2-R:402:m10-intent:0,three_node,3b1309f4c6558df2,402,m10-intent,L2-R,iterative_resource_aware,0,4,10,0.65,0.05,1e-05,,True,a -> r -> b,2,True,,,33.0,0.6863749999999998,0,0.000591,SATISFIED,True,96,0.6863749999999998,0.6863749999999998,0.0,4.150118,False,,245,99,0,0,0,0,0.06015903751,c726292736b8d584eb7b61337ac6065bf89b210516f7ea91e2595ec3cf829b67,False,,,,False,,5e5edd3e823e308483272be3acffd8aaed4f46ca,1f2680a5b9065e708a7497adc53a95b108029b98,3.13.14,2.5.1,"{""pydantic"": ""2.13.4"", ""yaml"": ""6.0.3"", ""networkx"": ""3.6.1"", ""numpy"": ""2.5.1"", ""scipy"": ""1.18.0"", ""matplotlib"": ""3.11.0"", ""pandas"": ""3.0.3"", ""qutip"": ""5.3.0"", ""stim"": ""1.16.0"", ""gmpy2"": ""2.3.1"", ""nbformat"": ""5.10.4"", ""nbclient"": ""0.11.0""}",Windows,11,Gercom,2026-07-21T22:00:20.398659+00:00,,,,
P15_balanced_factorial,P15_balanced_factorial:three_node:3b1309f4c6558df2:L2-R:403:m10-intent:0,three_node,3b1309f4c6558df2,403,m10-intent,L2-R,iterative_resource_aware,0,4,10,0.65,0.05,1e-05,,True,a -> r -> b,2,True,,,33.0,0.6863749999999998,0,0.000645,SATISFIED,True,91,0.6863749999999998,0.6863749999999998,0.0,4.982606,False,,248,91,0,0,0,0,0.06014905001,17793bf34d1ca9844a435acdaa6927a7715ab0992d3c102aab476da6f8045fda,False,,,,False,,5e5edd3e823e308483272be3acffd8aaed4f46ca,1f2680a5b9065e708a7497adc53a95b108029b98,3.13.14,2.5.1,"{""pydantic"": ""2.13.4"", ""yaml"": ""6.0.3"", ""networkx"": ""3.6.1"", ""numpy"": ""2.5.1"", ""scipy"": ""1.18.0"", ""matplotlib"": ""3.11.0"", ""pandas"": ""3.0.3"", ""qutip"": ""5.3.0"", ""stim"": ""1.16.0"", ""gmpy2"": ""2.3.1"", ""nbformat"": ""5.10.4"", ""nbclient"": ""0.11.0""}",Windows,11,Gercom,2026-07-21T22:00:35.646743+00:00,,,,
P15_balanced_factorial,P15_balanced_factorial:three_node:3b1309f4c6558df2:L2-R:404:m10-intent:0,three_node,3b1309f4c6558df2,404,m10-intent,L2-R,iterative_resource_aware,0,4,10,0.65,0.05,1e-05,,True,a -> r -> b,2,True,,,33.0,0.6863749999999998,0,0.00177,SATISFIED,True,98,0.6863749999999997,0.6863749999999997,-1.1102230246251565e-16,3.647879,False,,265,101,0,0,0,0,0.06010653751,8ccff72765959ec2f919292b9e210d9962a32789eab69b4cc7b9c4280ca119e5,False,,,,False,,5e5edd3e823e308483272be3acffd8aaed4f46ca,1f2680a5b9065e708a7497adc53a95b108029b98,3.13.14,2.5.1,"{""pydantic"": ""2.13.4"", ""yaml"": ""6.0.3"", ""networkx"": ""3.6.1"", ""numpy"": ""2.5.1"", ""scipy"": ""1.18.0"", ""matplotlib"": ""3.11.0"", ""pandas"": ""3.0.3"", ""qutip"": ""5.3.0"", ""stim"": ""1.16.0"", ""gmpy2"": ""2.3.1"", ""nbformat"": ""5.10.4"", ""nbclient"": ""0.11.0""}",Windows,11,Gercom,2026-07-21T22:00:48.434863+00:00,,,,
P15_balanced_factorial,P15_balanced_factorial:three_node:3b1309f4c6558df2:L3-R:400:m10-intent:0,three_node,3b1309f4c6558df2,400,m10-intent,L3-R,probabilistic_resource_aware,0,4,10,0.65,0.05,1e-05,,True,a -> r -> b,2,True,,0.99999929272079,33.18018057838423,0.6863749999999998,0,0.004423,SATISFIED,True,99,0.686375,0.686375,1.1102230246251565e-16,3.931259,False,,261,100,0,0,0,0,0.06019650001,c65af45a45afdb9185daafcdc7fbba4eae2732f5c4c09996a273f4204b715251,False,,,,False,,5e5edd3e823e308483272be3acffd8aaed4f46ca,1f2680a5b9065e708a7497adc53a95b108029b98,3.13.14,2.5.1,"{""pydantic"": ""2.13.4"", ""yaml"": ""6.0.3"", ""networkx"": ""3.6.1"", ""numpy"": ""2.5.1"", ""scipy"": ""1.18.0"", ""matplotlib"": ""3.11.0"", ""pandas"": ""3.0.3"", ""qutip"": ""5.3.0"", ""stim"": ""1.16.0"", ""gmpy2"": ""2.3.1"", ""nbformat"": ""5.10.4"", ""nbclient"": ""0.11.0""}",Windows,11,Gercom,2026-07-21T22:01:01.204944+00:00,,,,
P15_balanced_factorial,P15_balanced_factorial:three_node:3b1309f4c6558df2:L3-R:401:m10-intent:0,three_node,3b1309f4c6558df2,401,m10-intent,L3-R,probabilistic_resource_aware,0,4,10,0.65,0.05,1e-05,,True,a -> r -> b,2,True,,0.99999929272079,33.18018057838423,0.6863749999999998,0,0.002581,SATISFIED,True,100,0.6863749999999998,0.6863749999999998,0.0,4.191863,False,,267,102,0,0,0,0,0.06016912501,594caac66c7fb09061ad4ef9a4f219ea29d36eadcb4c9f593556669067dc75cb,False,,,,False,,5e5edd3e823e308483272be3acffd8aaed4f46ca,1f2680a5b9065e708a7497adc53a95b108029b98,3.13.14,2.5.1,"{""pydantic"": ""2.13.4"", ""yaml"": ""6.0.3"", ""networkx"": ""3.6.1"", ""numpy"": ""2.5.1"", ""scipy"": ""1.18.0"", ""matplotlib"": ""3.11.0"", ""pandas"": ""3.0.3"", ""qutip"": ""5.3.0"", ""stim"": ""1.16.0"", ""gmpy2"": ""2.3.1"", ""nbformat"": ""5.10.4"", ""nbclient"": ""0.11.0""}",Windows,11,Gercom,2026-07-21T22:01:13.326241+00:00,,,,
P15_balanced_factorial,P15_balanced_factorial:three_node:3b1309f4c6558df2:L3-R:402:m10-intent:0,three_node,3b1309f4c6558df2,402,m10-intent,L3-R,probabilistic_resource_aware,0,4,10,0.65,0.05,1e-05,,True,a -> r -> b,2,True,,0.99999929272079,33.18018057838423,0.6863749999999998,0,0.003361,SATISFIED,True,96,0.6863749999999998,0.6863749999999998,0.0,3.648035,False,,245,99,0,0,0,0,0.06015903751,c726292736b8d584eb7b61337ac6065bf89b210516f7ea91e2595ec3cf829b67,False,,,,False,,5e5edd3e823e308483272be3acffd8aaed4f46ca,1f2680a5b9065e708a7497adc53a95b108029b98,3.13.14,2.5.1,"{""pydantic"": ""2.13.4"", ""yaml"": ""6.0.3"", ""networkx"": ""3.6.1"", ""numpy"": ""2.5.1"", ""scipy"": ""1.18.0"", ""matplotlib"": ""3.11.0"", ""pandas"": ""3.0.3"", ""qutip"": ""5.3.0"", ""stim"": ""1.16.0"", ""gmpy2"": ""2.3.1"", ""nbformat"": ""5.10.4"", ""nbclient"": ""0.11.0""}",Windows,11,Gercom,2026-07-21T22:01:25.100568+00:00,,,,
P15_balanced_factorial,P15_balanced_factorial:three_node:3b1309f4c6558df2:L3-R:403:m10-intent:0,three_node,3b1309f4c6558df2,403,m10-intent,L3-R,probabilistic_resource_aware,0,4,10,0.65,0.05,1e-05,,True,a -> r -> b,2,True,,0.99999929272079,33.18018057838423,0.6863749999999998,0,0.002481,SATISFIED,True,91,0.6863749999999998,0.6863749999999998,0.0,3.52708,False,,248,91,0,0,0,0,0.06014905001,17793bf34d1ca9844a435acdaa6927a7715ab0992d3c102aab476da6f8045fda,False,,,,False,,5e5edd3e823e308483272be3acffd8aaed4f46ca,1f2680a5b9065e708a7497adc53a95b108029b98,3.13.14,2.5.1,"{""pydantic"": ""2.13.4"", ""yaml"": ""6.0.3"", ""networkx"": ""3.6.1"", ""numpy"": ""2.5.1"", ""scipy"": ""1.18.0"", ""matplotlib"": ""3.11.0"", ""pandas"": ""3.0.3"", ""qutip"": ""5.3.0"", ""stim"": ""1.16.0"", ""gmpy2"": ""2.3.1"", ""nbformat"": ""5.10.4"", ""nbclient"": ""0.11.0""}",Windows,11,Gercom,2026-07-21T22:01:37.300545+00:00,,,,
P15_balanced_factorial,P15_balanced_factorial:three_node:3b1309f4c6558df2:L3-R:404:m10-intent:0,three_node,3b1309f4c6558df2,404,m10-intent,L3-R,probabilistic_resource_aware,0,4,10,0.65,0.05,1e-05,,True,a -> r -> b,2,True,,0.99999929272079,33.18018057838423,0.6863749999999998,0,0.00443,SATISFIED,True,98,0.6863749999999997,0.6863749999999997,-1.1102230246251565e-16,3.752431,False,,265,101,0,0,0,0,0.06010653751,8ccff72765959ec2f919292b9e210d9962a32789eab69b4cc7b9c4280ca119e5,False,,,,False,,5e5edd3e823e308483272be3acffd8aaed4f46ca,1f2680a5b9065e708a7497adc53a95b108029b98,3.13.14,2.5.1,"{""pydantic"": ""2.13.4"", ""yaml"": ""6.0.3"", ""networkx"": ""3.6.1"", ""numpy"": ""2.5.1"", ""scipy"": ""1.18.0"", ""matplotlib"": ""3.11.0"", ""pandas"": ""3.0.3"", ""qutip"": ""5.3.0"", ""stim"": ""1.16.0"", ""gmpy2"": ""2.3.1"", ""nbformat"": ""5.10.4"", ""nbclient"": ""0.11.0""}",Windows,11,Gercom,2026-07-21T22:01:49.617050+00:00,,,,
P15_balanced_factorial,P15_balanced_factorial:three_node:2cf8b3e97c53c26b:L2-R:400:m10-intent:0,three_node,2cf8b3e97c53c26b,400,m10-intent,L2-R,iterative_resource_aware,0,10,10,0.65,0.05,1e-05,,True,a -> r -> b,2,True,,,82.0,0.6863749999999998,0,0.000345,SATISFIED,True,235,0.6863749999999998,0.6863749999999998,0.0,9.663883,False,,631,239,0,0,0,0,0.06019656251,7eb5f2438f455225475f327fcb35a9720e86c9ecef6ef38ea8bac033b866d99d,False,,,,False,,5e5edd3e823e308483272be3acffd8aaed4f46ca,1f2680a5b9065e708a7497adc53a95b108029b98,3.13.14,2.5.1,"{""pydantic"": ""2.13.4"", ""yaml"": ""6.0.3"", ""networkx"": ""3.6.1"", ""numpy"": ""2.5.1"", ""scipy"": ""1.18.0"", ""matplotlib"": ""3.11.0"", ""pandas"": ""3.0.3"", ""qutip"": ""5.3.0"", ""stim"": ""1.16.0"", ""gmpy2"": ""2.3.1"", ""nbformat"": ""5.10.4"", ""nbclient"": ""0.11.0""}",Windows,11,Gercom,2026-07-21T22:02:07.251213+00:00,,,,
P15_balanced_factorial,P15_balanced_factorial:three_node:2cf8b3e97c53c26b:L2-R:401:m10-intent:0,three_node,2cf8b3e97c53c26b,401,m10-intent,L2-R,iterative_resource_aware,0,10,10,0.65,0.05,1e-05,,True,a -> r -> b,2,True,,,82.0,0.6863749999999998,0,0.000658,SATISFIED,True,246,0.6863749999999998,0.6863749999999998,0.0,10.878696,False,,678,248,0,0,0,0,0.06019650001,727d606e0b9a210cc2d2064903a773c751e42da2d75ed78c862f0e669f9b2998,False,,,,False,,5e5edd3e823e308483272be3acffd8aaed4f46ca,1f2680a5b9065e708a7497adc53a95b108029b98,3.13.14,2.5.1,"{""pydantic"": ""2.13.4"", ""yaml"": ""6.0.3"", ""networkx"": ""3.6.1"", ""numpy"": ""2.5.1"", ""scipy"": ""1.18.0"", ""matplotlib"": ""3.11.0"", ""pandas"": ""3.0.3"", ""qutip"": ""5.3.0"", ""stim"": ""1.16.0"", ""gmpy2"": ""2.3.1"", ""nbformat"": ""5.10.4"", ""nbclient"": ""0.11.0""}",Windows,11,Gercom,2026-07-21T22:02:27.503530+00:00,,,,
P15_balanced_factorial,P15_balanced_factorial:three_node:2cf8b3e97c53c26b:L2-R:402:m10-intent:0,three_node,2cf8b3e97c53c26b,402,m10-intent,L2-R,iterative_resource_aware,0,10,10,0.65,0.05,1e-05,,True,a -> r -> b,2,True,,,82.0,0.6863749999999998,0,0.000648,SATISFIED,True,244,0.6863749999999998,0.6863749999999998,0.0,10.018206,False,,690,249,0,0,0,0,0.06015913751,5329e7e6f25e24e4edd5ae6d28565fd1cdc734a4f648ed79ac5ea2094f2893ae,False,,,,False,,5e5edd3e823e308483272be3acffd8aaed4f46ca,1f2680a5b9065e708a7497adc53a95b108029b98,3.13.14,2.5.1,"{""pydantic"": ""2.13.4"", ""yaml"": ""6.0.3"", ""networkx"": ""3.6.1"", ""numpy"": ""2.5.1"", ""scipy"": ""1.18.0"", ""matplotlib"": ""3.11.0"", ""pandas"": ""3.0.3"", ""qutip"": ""5.3.0"", ""stim"": ""1.16.0"", ""gmpy2"": ""2.3.1"", ""nbformat"": ""5.10.4"", ""nbclient"": ""0.11.0""}",Windows,11,Gercom,2026-07-21T22:02:45.381768+00:00,,,,
P15_balanced_factorial,P15_balanced_factorial:three_node:2cf8b3e97c53c26b:L2-R:403:m10-intent:0,three_node,2cf8b3e97c53c26b,403,m10-intent,L2-R,iterative_resource_aware,0,10,10,0.65,0.05,1e-05,,True,a -> r -> b,2,True,,,82.0,0.6863749999999998,0,0.000532,SATISFIED,True,234,0.6863749999999998,0.6863749999999998,0.0,10.187938,False,,717,235,0,0,0,0,0.06016410001,d514393a8fbb594e3b46830ce143afe9333d5660e4018f9ac4083f60dbcc8c4f,False,,,,False,,5e5edd3e823e308483272be3acffd8aaed4f46ca,1f2680a5b9065e708a7497adc53a95b108029b98,3.13.14,2.5.1,"{""pydantic"": ""2.13.4"", ""yaml"": ""6.0.3"", ""networkx"": ""3.6.1"", ""numpy"": ""2.5.1"", ""scipy"": ""1.18.0"", ""matplotlib"": ""3.11.0"", ""pandas"": ""3.0.3"", ""qutip"": ""5.3.0"", ""stim"": ""1.16.0"", ""gmpy2"": ""2.3.1"", ""nbformat"": ""5.10.4"", ""nbclient"": ""0.11.0""}",Windows,11,Gercom,2026-07-21T22:03:04.272133+00:00,,,,
P15_balanced_factorial,P15_balanced_factorial:three_node:2cf8b3e97c53c26b:L2-R:404:m10-intent:0,three_node,2cf8b3e97c53c26b,404,m10-intent,L2-R,iterative_resource_aware,0,10,10,0.65,0.05,1e-05,,True,a -> r -> b,2,True,,,82.0,0.6863749999999998,0,0.000655,SATISFIED,True,242,0.6863749999999998,0.6863749999999998,0.0,10.758528,False,,663,247,0,0,0,0,0.06019657501,3f55ac8c5e9db0c50a21c442b7d83955b06792d2657f1d31845b7e19a22879ba,False,,,,False,,5e5edd3e823e308483272be3acffd8aaed4f46ca,1f2680a5b9065e708a7497adc53a95b108029b98,3.13.14,2.5.1,"{""pydantic"": ""2.13.4"", ""yaml"": ""6.0.3"", ""networkx"": ""3.6.1"", ""numpy"": ""2.5.1"", ""scipy"": ""1.18.0"", ""matplotlib"": ""3.11.0"", ""pandas"": ""3.0.3"", ""qutip"": ""5.3.0"", ""stim"": ""1.16.0"", ""gmpy2"": ""2.3.1"", ""nbformat"": ""5.10.4"", ""nbclient"": ""0.11.0""}",Windows,11,Gercom,2026-07-21T22:03:22.623399+00:00,,,,
P15_balanced_factorial,P15_balanced_factorial:three_node:2cf8b3e97c53c26b:L3-R:400:m10-intent:0,three_node,2cf8b3e97c53c26b,400,m10-intent,L3-R,probabilistic_resource_aware,0,10,10,0.65,0.05,1e-05,,True,a -> r -> b,2,True,,1.0,82.95045144596058,0.6863749999999998,0,0.002724,SATISFIED,True,235,0.6863749999999998,0.6863749999999998,0.0,10.8968,False,,631,239,0,0,0,0,0.06019656251,7eb5f2438f455225475f327fcb35a9720e86c9ecef6ef38ea8bac033b866d99d,False,,,,False,,5e5edd3e823e308483272be3acffd8aaed4f46ca,1f2680a5b9065e708a7497adc53a95b108029b98,3.13.14,2.5.1,"{""pydantic"": ""2.13.4"", ""yaml"": ""6.0.3"", ""networkx"": ""3.6.1"", ""numpy"": ""2.5.1"", ""scipy"": ""1.18.0"", ""matplotlib"": ""3.11.0"", ""pandas"": ""3.0.3"", ""qutip"": ""5.3.0"", ""stim"": ""1.16.0"", ""gmpy2"": ""2.3.1"", ""nbformat"": ""5.10.4"", ""nbclient"": ""0.11.0""}",Windows,11,Gercom,2026-07-21T22:03:41.670481+00:00,,,,
P15_balanced_factorial,P15_balanced_factorial:three_node:2cf8b3e97c53c26b:L3-R:401:m10-intent:0,three_node,2cf8b3e97c53c26b,401,m10-intent,L3-R,probabilistic_resource_aware,0,10,10,0.65,0.05,1e-05,,True,a -> r -> b,2,True,,1.0,82.95045144596058,0.6863749999999998,0,0.00277,SATISFIED,True,246,0.6863749999999998,0.6863749999999998,0.0,11.180162,False,,678,248,0,0,0,0,0.06019650001,727d606e0b9a210cc2d2064903a773c751e42da2d75ed78c862f0e669f9b2998,False,,,,False,,5e5edd3e823e308483272be3acffd8aaed4f46ca,1f2680a5b9065e708a7497adc53a95b108029b98,3.13.14,2.5.1,"{""pydantic"": ""2.13.4"", ""yaml"": ""6.0.3"", ""networkx"": ""3.6.1"", ""numpy"": ""2.5.1"", ""scipy"": ""1.18.0"", ""matplotlib"": ""3.11.0"", ""pandas"": ""3.0.3"", ""qutip"": ""5.3.0"", ""stim"": ""1.16.0"", ""gmpy2"": ""2.3.1"", ""nbformat"": ""5.10.4"", ""nbclient"": ""0.11.0""}",Windows,11,Gercom,2026-07-21T22:04:01.904028+00:00,,,,
P15_balanced_factorial,P15_balanced_factorial:three_node:2cf8b3e97c53c26b:L3-R:402:m10-intent:0,three_node,2cf8b3e97c53c26b,402,m10-intent,L3-R,probabilistic_resource_aware,0,10,10,0.65,0.05,1e-05,,True,a -> r -> b,2,True,,1.0,82.95045144596058,0.6863749999999998,0,0.003444,SATISFIED,True,244,0.6863749999999998,0.6863749999999998,0.0,12.34319,False,,690,249,0,0,0,0,0.06015913751,5329e7e6f25e24e4edd5ae6d28565fd1cdc734a4f648ed79ac5ea2094f2893ae,False,,,,False,,5e5edd3e823e308483272be3acffd8aaed4f46ca,1f2680a5b9065e708a7497adc53a95b108029b98,3.13.14,2.5.1,"{""pydantic"": ""2.13.4"", ""yaml"": ""6.0.3"", ""networkx"": ""3.6.1"", ""numpy"": ""2.5.1"", ""scipy"": ""1.18.0"", ""matplotlib"": ""3.11.0"", ""pandas"": ""3.0.3"", ""qutip"": ""5.3.0"", ""stim"": ""1.16.0"", ""gmpy2"": ""2.3.1"", ""nbformat"": ""5.10.4"", ""nbclient"": ""0.11.0""}",Windows,11,Gercom,2026-07-21T22:04:24.287466+00:00,,,,
P15_balanced_factorial,P15_balanced_factorial:three_node:2cf8b3e97c53c26b:L3-R:403:m10-intent:0,three_node,2cf8b3e97c53c26b,403,m10-intent,L3-R,probabilistic_resource_aware,0,10,10,0.65,0.05,1e-05,,True,a -> r -> b,2,True,,1.0,82.95045144596058,0.6863749999999998,0,0.002925,SATISFIED,True,234,0.6863749999999998,0.6863749999999998,0.0,10.641423,False,,717,235,0,0,0,0,0.06016410001,d514393a8fbb594e3b46830ce143afe9333d5660e4018f9ac4083f60dbcc8c4f,False,,,,False,,5e5edd3e823e308483272be3acffd8aaed4f46ca,1f2680a5b9065e708a7497adc53a95b108029b98,3.13.14,2.5.1,"{""pydantic"": ""2.13.4"", ""yaml"": ""6.0.3"", ""networkx"": ""3.6.1"", ""numpy"": ""2.5.1"", ""scipy"": ""1.18.0"", ""matplotlib"": ""3.11.0"", ""pandas"": ""3.0.3"", ""qutip"": ""5.3.0"", ""stim"": ""1.16.0"", ""gmpy2"": ""2.3.1"", ""nbformat"": ""5.10.4"", ""nbclient"": ""0.11.0""}",Windows,11,Gercom,2026-07-21T22:04:43.372461+00:00,,,,
P15_balanced_factorial,P15_balanced_factorial:three_node:2cf8b3e97c53c26b:L3-R:404:m10-intent:0,three_node,2cf8b3e97c53c26b,404,m10-intent,L3-R,probabilistic_resource_aware,0,10,10,0.65,0.05,1e-05,,True,a -> r -> b,2,True,,1.0,82.95045144596058,0.6863749999999998,0,0.002694,SATISFIED,True,242,0.6863749999999998,0.6863749999999998,0.0,10.192071,False,,663,247,0,0,0,0,0.06019657501,3f55ac8c5e9db0c50a21c442b7d83955b06792d2657f1d31845b7e19a22879ba,False,,,,False,,5e5edd3e823e308483272be3acffd8aaed4f46ca,1f2680a5b9065e708a7497adc53a95b108029b98,3.13.14,2.5.1,"{""pydantic"": ""2.13.4"", ""yaml"": ""6.0.3"", ""networkx"": ""3.6.1"", ""numpy"": ""2.5.1"", ""scipy"": ""1.18.0"", ""matplotlib"": ""3.11.0"", ""pandas"": ""3.0.3"", ""qutip"": ""5.3.0"", ""stim"": ""1.16.0"", ""gmpy2"": ""2.3.1"", ""nbformat"": ""5.10.4"", ""nbclient"": ""0.11.0""}",Windows,11,Gercom,2026-07-21T22:05:01.134716+00:00,,,,
P15_balanced_factorial,P15_balanced_factorial:three_node:59ee8d538bebd405:L2-R:400:m10-intent:0,three_node,59ee8d538bebd405,400,m10-intent,L2-R,iterative_resource_aware,0,4,10,0.72,0.01,1e-05,,True,,0,False,DELIVERY_TARGET_EXCEEDS_WINDOW,,,,0,0.000627,REJECTED,,,,,,,False,,,,,,,,,,False,,,,False,,5e5edd3e823e308483272be3acffd8aaed4f46ca,1f2680a5b9065e708a7497adc53a95b108029b98,3.13.14,2.5.1,"{""pydantic"": ""2.13.4"", ""yaml"": ""6.0.3"", ""networkx"": ""3.6.1"", ""numpy"": ""2.5.1"", ""scipy"": ""1.18.0"", ""matplotlib"": ""3.11.0"", ""pandas"": ""3.0.3"", ""qutip"": ""5.3.0"", ""stim"": ""1.16.0"", ""gmpy2"": ""2.3.1"", ""nbformat"": ""5.10.4"", ""nbclient"": ""0.11.0""}",Windows,11,Gercom,2026-07-21T22:05:09.763725+00:00,,,,
P15_balanced_factorial,P15_balanced_factorial:three_node:59ee8d538bebd405:L2-R:401:m10-intent:0,three_node,59ee8d538bebd405,401,m10-intent,L2-R,iterative_resource_aware,0,4,10,0.72,0.01,1e-05,,True,,0,False,DELIVERY_TARGET_EXCEEDS_WINDOW,,,,0,0.000468,REJECTED,,,,,,,False,,,,,,,,,,False,,,,False,,5e5edd3e823e308483272be3acffd8aaed4f46ca,1f2680a5b9065e708a7497adc53a95b108029b98,3.13.14,2.5.1,"{""pydantic"": ""2.13.4"", ""yaml"": ""6.0.3"", ""networkx"": ""3.6.1"", ""numpy"": ""2.5.1"", ""scipy"": ""1.18.0"", ""matplotlib"": ""3.11.0"", ""pandas"": ""3.0.3"", ""qutip"": ""5.3.0"", ""stim"": ""1.16.0"", ""gmpy2"": ""2.3.1"", ""nbformat"": ""5.10.4"", ""nbclient"": ""0.11.0""}",Windows,11,Gercom,2026-07-21T22:05:18.804460+00:00,,,,
P15_balanced_factorial,P15_balanced_factorial:three_node:59ee8d538bebd405:L2-R:402:m10-intent:0,three_node,59ee8d538bebd405,402,m10-intent,L2-R,iterative_resource_aware,0,4,10,0.72,0.01,1e-05,,True,,0,False,DELIVERY_TARGET_EXCEEDS_WINDOW,,,,0,0.000514,REJECTED,,,,,,,False,,,,,,,,,,False,,,,False,,5e5edd3e823e308483272be3acffd8aaed4f46ca,1f2680a5b9065e708a7497adc53a95b108029b98,3.13.14,2.5.1,"{""pydantic"": ""2.13.4"", ""yaml"": ""6.0.3"", ""networkx"": ""3.6.1"", ""numpy"": ""2.5.1"", ""scipy"": ""1.18.0"", ""matplotlib"": ""3.11.0"", ""pandas"": ""3.0.3"", ""qutip"": ""5.3.0"", ""stim"": ""1.16.0"", ""gmpy2"": ""2.3.1"", ""nbformat"": ""5.10.4"", ""nbclient"": ""0.11.0""}",Windows,11,Gercom,2026-07-21T22:05:30.854215+00:00,,,,
P15_balanced_factorial,P15_balanced_factorial:three_node:59ee8d538bebd405:L2-R:403:m10-intent:0,three_node,59ee8d538bebd405,403,m10-intent,L2-R,iterative_resource_aware,0,4,10,0.72,0.01,1e-05,,True,,0,False,DELIVERY_TARGET_EXCEEDS_WINDOW,,,,0,0.000619,REJECTED,,,,,,,False,,,,,,,,,,False,,,,False,,5e5edd3e823e308483272be3acffd8aaed4f46ca,1f2680a5b9065e708a7497adc53a95b108029b98,3.13.14,2.5.1,"{""pydantic"": ""2.13.4"", ""yaml"": ""6.0.3"", ""networkx"": ""3.6.1"", ""numpy"": ""2.5.1"", ""scipy"": ""1.18.0"", ""matplotlib"": ""3.11.0"", ""pandas"": ""3.0.3"", ""qutip"": ""5.3.0"", ""stim"": ""1.16.0"", ""gmpy2"": ""2.3.1"", ""nbformat"": ""5.10.4"", ""nbclient"": ""0.11.0""}",Windows,11,Gercom,2026-07-21T22:05:39.525098+00:00,,,,
P15_balanced_factorial,P15_balanced_factorial:three_node:59ee8d538bebd405:L2-R:404:m10-intent:0,three_node,59ee8d538bebd405,404,m10-intent,L2-R,iterative_resource_aware,0,4,10,0.72,0.01,1e-05,,True,,0,False,DELIVERY_TARGET_EXCEEDS_WINDOW,,,,0,0.000653,REJECTED,,,,,,,False,,,,,,,,,,False,,,,False,,5e5edd3e823e308483272be3acffd8aaed4f46ca,1f2680a5b9065e708a7497adc53a95b108029b98,3.13.14,2.5.1,"{""pydantic"": ""2.13.4"", ""yaml"": ""6.0.3"", ""networkx"": ""3.6.1"", ""numpy"": ""2.5.1"", ""scipy"": ""1.18.0"", ""matplotlib"": ""3.11.0"", ""pandas"": ""3.0.3"", ""qutip"": ""5.3.0"", ""stim"": ""1.16.0"", ""gmpy2"": ""2.3.1"", ""nbformat"": ""5.10.4"", ""nbclient"": ""0.11.0""}",Windows,11,Gercom,2026-07-21T22:05:49.177381+00:00,,,,
P15_balanced_factorial,P15_balanced_factorial:three_node:59ee8d538bebd405:L3-R:400:m10-intent:0,three_node,59ee8d538bebd405,400,m10-intent,L3-R,probabilistic_resource_aware,0,4,10,0.72,0.01,1e-05,,True,,0,False,best candidate's predicted satisfaction probability 0.000 is below admission_threshold=0.5,0.00010874113478753119,,,0,0.003677,REJECTED,,,,,,,False,,,,,,,,,,False,,,,False,,5e5edd3e823e308483272be3acffd8aaed4f46ca,1f2680a5b9065e708a7497adc53a95b108029b98,3.13.14,2.5.1,"{""pydantic"": ""2.13.4"", ""yaml"": ""6.0.3"", ""networkx"": ""3.6.1"", ""numpy"": ""2.5.1"", ""scipy"": ""1.18.0"", ""matplotlib"": ""3.11.0"", ""pandas"": ""3.0.3"", ""qutip"": ""5.3.0"", ""stim"": ""1.16.0"", ""gmpy2"": ""2.3.1"", ""nbformat"": ""5.10.4"", ""nbclient"": ""0.11.0""}",Windows,11,Gercom,2026-07-21T22:05:58.834457+00:00,,,,
P15_balanced_factorial,P15_balanced_factorial:three_node:59ee8d538bebd405:L3-R:401:m10-intent:0,three_node,59ee8d538bebd405,401,m10-intent,L3-R,probabilistic_resource_aware,0,4,10,0.72,0.01,1e-05,,True,,0,False,best candidate's predicted satisfaction probability 0.000 is below admission_threshold=0.5,0.00010874113478753119,,,0,0.003071,REJECTED,,,,,,,False,,,,,,,,,,False,,,,False,,5e5edd3e823e308483272be3acffd8aaed4f46ca,1f2680a5b9065e708a7497adc53a95b108029b98,3.13.14,2.5.1,"{""pydantic"": ""2.13.4"", ""yaml"": ""6.0.3"", ""networkx"": ""3.6.1"", ""numpy"": ""2.5.1"", ""scipy"": ""1.18.0"", ""matplotlib"": ""3.11.0"", ""pandas"": ""3.0.3"", ""qutip"": ""5.3.0"", ""stim"": ""1.16.0"", ""gmpy2"": ""2.3.1"", ""nbformat"": ""5.10.4"", ""nbclient"": ""0.11.0""}",Windows,11,Gercom,2026-07-21T22:06:07.774604+00:00,,,,
P15_balanced_factorial,P15_balanced_factorial:three_node:59ee8d538bebd405:L3-R:402:m10-intent:0,three_node,59ee8d538bebd405,402,m10-intent,L3-R,probabilistic_resource_aware,0,4,10,0.72,0.01,1e-05,,True,,0,False,best candidate's predicted satisfaction probability 0.000 is below admission_threshold=0.5,0.00010874113478753119,,,0,0.00246,REJECTED,,,,,,,False,,,,,,,,,,False,,,,False,,5e5edd3e823e308483272be3acffd8aaed4f46ca,1f2680a5b9065e708a7497adc53a95b108029b98,3.13.14,2.5.1,"{""pydantic"": ""2.13.4"", ""yaml"": ""6.0.3"", ""networkx"": ""3.6.1"", ""numpy"": ""2.5.1"", ""scipy"": ""1.18.0"", ""matplotlib"": ""3.11.0"", ""pandas"": ""3.0.3"", ""qutip"": ""5.3.0"", ""stim"": ""1.16.0"", ""gmpy2"": ""2.3.1"", ""nbformat"": ""5.10.4"", ""nbclient"": ""0.11.0""}",Windows,11,Gercom,2026-07-21T22:06:16.537214+00:00,,,,
P15_balanced_factorial,P15_balanced_factorial:three_node:59ee8d538bebd405:L3-R:403:m10-intent:0,three_node,59ee8d538bebd405,403,m10-intent,L3-R,probabilistic_resource_aware,0,4,10,0.72,0.01,1e-05,,True,,0,False,best candidate's predicted satisfaction probability 0.000 is below admission_threshold=0.5,0.00010874113478753119,,,0,0.002649,REJECTED,,,,,,,False,,,,,,,,,,False,,,,False,,5e5edd3e823e308483272be3acffd8aaed4f46ca,1f2680a5b9065e708a7497adc53a95b108029b98,3.13.14,2.5.1,"{""pydantic"": ""2.13.4"", ""yaml"": ""6.0.3"", ""networkx"": ""3.6.1"", ""numpy"": ""2.5.1"", ""scipy"": ""1.18.0"", ""matplotlib"": ""3.11.0"", ""pandas"": ""3.0.3"", ""qutip"": ""5.3.0"", ""stim"": ""1.16.0"", ""gmpy2"": ""2.3.1"", ""nbformat"": ""5.10.4"", ""nbclient"": ""0.11.0""}",Windows,11,Gercom,2026-07-21T22:06:25.539151+00:00,,,,
P15_balanced_factorial,P15_balanced_factorial:three_node:59ee8d538bebd405:L3-R:404:m10-intent:0,three_node,59ee8d538bebd405,404,m10-intent,L3-R,probabilistic_resource_aware,0,4,10,0.72,0.01,1e-05,,True,,0,False,best candidate's predicted satisfaction probability 0.000 is below admission_threshold=0.5,0.00010874113478753119,,,0,0.002768,REJECTED,,,,,,,False,,,,,,,,,,False,,,,False,,5e5edd3e823e308483272be3acffd8aaed4f46ca,1f2680a5b9065e708a7497adc53a95b108029b98,3.13.14,2.5.1,"{""pydantic"": ""2.13.4"", ""yaml"": ""6.0.3"", ""networkx"": ""3.6.1"", ""numpy"": ""2.5.1"", ""scipy"": ""1.18.0"", ""matplotlib"": ""3.11.0"", ""pandas"": ""3.0.3"", ""qutip"": ""5.3.0"", ""stim"": ""1.16.0"", ""gmpy2"": ""2.3.1"", ""nbformat"": ""5.10.4"", ""nbclient"": ""0.11.0""}",Windows,11,Gercom,2026-07-21T22:06:35.854877+00:00,,,,
P15_balanced_factorial,P15_balanced_factorial:three_node:e07a10bd13312934:L2-R:400:m10-intent:0,three_node,e07a10bd13312934,400,m10-intent,L2-R,iterative_resource_aware,0,10,10,0.72,0.01,1e-05,,True,,0,False,DELIVERY_TARGET_EXCEEDS_WINDOW,,,,0,0.00059,REJECTED,,,,,,,False,,,,,,,,,,False,,,,False,,5e5edd3e823e308483272be3acffd8aaed4f46ca,1f2680a5b9065e708a7497adc53a95b108029b98,3.13.14,2.5.1,"{""pydantic"": ""2.13.4"", ""yaml"": ""6.0.3"", ""networkx"": ""3.6.1"", ""numpy"": ""2.5.1"", ""scipy"": ""1.18.0"", ""matplotlib"": ""3.11.0"", ""pandas"": ""3.0.3"", ""qutip"": ""5.3.0"", ""stim"": ""1.16.0"", ""gmpy2"": ""2.3.1"", ""nbformat"": ""5.10.4"", ""nbclient"": ""0.11.0""}",Windows,11,Gercom,2026-07-21T22:06:43.476351+00:00,,,,
P15_balanced_factorial,P15_balanced_factorial:three_node:e07a10bd13312934:L2-R:401:m10-intent:0,three_node,e07a10bd13312934,401,m10-intent,L2-R,iterative_resource_aware,0,10,10,0.72,0.01,1e-05,,True,,0,False,DELIVERY_TARGET_EXCEEDS_WINDOW,,,,0,0.000596,REJECTED,,,,,,,False,,,,,,,,,,False,,,,False,,5e5edd3e823e308483272be3acffd8aaed4f46ca,1f2680a5b9065e708a7497adc53a95b108029b98,3.13.14,2.5.1,"{""pydantic"": ""2.13.4"", ""yaml"": ""6.0.3"", ""networkx"": ""3.6.1"", ""numpy"": ""2.5.1"", ""scipy"": ""1.18.0"", ""matplotlib"": ""3.11.0"", ""pandas"": ""3.0.3"", ""qutip"": ""5.3.0"", ""stim"": ""1.16.0"", ""gmpy2"": ""2.3.1"", ""nbformat"": ""5.10.4"", ""nbclient"": ""0.11.0""}",Windows,11,Gercom,2026-07-21T22:06:51.274941+00:00,,,,
P15_balanced_factorial,P15_balanced_factorial:three_node:e07a10bd13312934:L2-R:402:m10-intent:0,three_node,e07a10bd13312934,402,m10-intent,L2-R,iterative_resource_aware,0,10,10,0.72,0.01,1e-05,,True,,0,False,DELIVERY_TARGET_EXCEEDS_WINDOW,,,,0,0.000643,REJECTED,,,,,,,False,,,,,,,,,,False,,,,False,,5e5edd3e823e308483272be3acffd8aaed4f46ca,1f2680a5b9065e708a7497adc53a95b108029b98,3.13.14,2.5.1,"{""pydantic"": ""2.13.4"", ""yaml"": ""6.0.3"", ""networkx"": ""3.6.1"", ""numpy"": ""2.5.1"", ""scipy"": ""1.18.0"", ""matplotlib"": ""3.11.0"", ""pandas"": ""3.0.3"", ""qutip"": ""5.3.0"", ""stim"": ""1.16.0"", ""gmpy2"": ""2.3.1"", ""nbformat"": ""5.10.4"", ""nbclient"": ""0.11.0""}",Windows,11,Gercom,2026-07-21T22:06:58.712861+00:00,,,,
P15_balanced_factorial,P15_balanced_factorial:three_node:e07a10bd13312934:L2-R:403:m10-intent:0,three_node,e07a10bd13312934,403,m10-intent,L2-R,iterative_resource_aware,0,10,10,0.72,0.01,1e-05,,True,,0,False,DELIVERY_TARGET_EXCEEDS_WINDOW,,,,0,0.000607,REJECTED,,,,,,,False,,,,,,,,,,False,,,,False,,5e5edd3e823e308483272be3acffd8aaed4f46ca,1f2680a5b9065e708a7497adc53a95b108029b98,3.13.14,2.5.1,"{""pydantic"": ""2.13.4"", ""yaml"": ""6.0.3"", ""networkx"": ""3.6.1"", ""numpy"": ""2.5.1"", ""scipy"": ""1.18.0"", ""matplotlib"": ""3.11.0"", ""pandas"": ""3.0.3"", ""qutip"": ""5.3.0"", ""stim"": ""1.16.0"", ""gmpy2"": ""2.3.1"", ""nbformat"": ""5.10.4"", ""nbclient"": ""0.11.0""}",Windows,11,Gercom,2026-07-21T22:07:08.165106+00:00,,,,
P15_balanced_factorial,P15_balanced_factorial:three_node:e07a10bd13312934:L2-R:404:m10-intent:0,three_node,e07a10bd13312934,404,m10-intent,L2-R,iterative_resource_aware,0,10,10,0.72,0.01,1e-05,,True,,0,False,DELIVERY_TARGET_EXCEEDS_WINDOW,,,,0,0.000609,REJECTED,,,,,,,False,,,,,,,,,,False,,,,False,,5e5edd3e823e308483272be3acffd8aaed4f46ca,1f2680a5b9065e708a7497adc53a95b108029b98,3.13.14,2.5.1,"{""pydantic"": ""2.13.4"", ""yaml"": ""6.0.3"", ""networkx"": ""3.6.1"", ""numpy"": ""2.5.1"", ""scipy"": ""1.18.0"", ""matplotlib"": ""3.11.0"", ""pandas"": ""3.0.3"", ""qutip"": ""5.3.0"", ""stim"": ""1.16.0"", ""gmpy2"": ""2.3.1"", ""nbformat"": ""5.10.4"", ""nbclient"": ""0.11.0""}",Windows,11,Gercom,2026-07-21T22:07:15.758288+00:00,,,,
P15_balanced_factorial,P15_balanced_factorial:three_node:e07a10bd13312934:L3-R:400:m10-intent:0,three_node,e07a10bd13312934,400,m10-intent,L3-R,probabilistic_resource_aware,0,10,10,0.72,0.01,1e-05,,True,,0,False,best candidate's predicted satisfaction probability 0.056 is below admission_threshold=0.5,0.05649692782898391,,,0,0.007519,REJECTED,,,,,,,False,,,,,,,,,,False,,,,False,,5e5edd3e823e308483272be3acffd8aaed4f46ca,1f2680a5b9065e708a7497adc53a95b108029b98,3.13.14,2.5.1,"{""pydantic"": ""2.13.4"", ""yaml"": ""6.0.3"", ""networkx"": ""3.6.1"", ""numpy"": ""2.5.1"", ""scipy"": ""1.18.0"", ""matplotlib"": ""3.11.0"", ""pandas"": ""3.0.3"", ""qutip"": ""5.3.0"", ""stim"": ""1.16.0"", ""gmpy2"": ""2.3.1"", ""nbformat"": ""5.10.4"", ""nbclient"": ""0.11.0""}",Windows,11,Gercom,2026-07-21T22:07:25.090207+00:00,,,,
P15_balanced_factorial,P15_balanced_factorial:three_node:e07a10bd13312934:L3-R:401:m10-intent:0,three_node,e07a10bd13312934,401,m10-intent,L3-R,probabilistic_resource_aware,0,10,10,0.72,0.01,1e-05,,True,,0,False,best candidate's predicted satisfaction probability 0.056 is below admission_threshold=0.5,0.05649692782898391,,,0,0.002967,REJECTED,,,,,,,False,,,,,,,,,,False,,,,False,,5e5edd3e823e308483272be3acffd8aaed4f46ca,1f2680a5b9065e708a7497adc53a95b108029b98,3.13.14,2.5.1,"{""pydantic"": ""2.13.4"", ""yaml"": ""6.0.3"", ""networkx"": ""3.6.1"", ""numpy"": ""2.5.1"", ""scipy"": ""1.18.0"", ""matplotlib"": ""3.11.0"", ""pandas"": ""3.0.3"", ""qutip"": ""5.3.0"", ""stim"": ""1.16.0"", ""gmpy2"": ""2.3.1"", ""nbformat"": ""5.10.4"", ""nbclient"": ""0.11.0""}",Windows,11,Gercom,2026-07-21T22:07:33.015550+00:00,,,,
P15_balanced_factorial,P15_balanced_factorial:three_node:e07a10bd13312934:L3-R:402:m10-intent:0,three_node,e07a10bd13312934,402,m10-intent,L3-R,probabilistic_resource_aware,0,10,10,0.72,0.01,1e-05,,True,,0,False,best candidate's predicted satisfaction probability 0.056 is below admission_threshold=0.5,0.05649692782898391,,,0,0.002878,REJECTED,,,,,,,False,,,,,,,,,,False,,,,False,,5e5edd3e823e308483272be3acffd8aaed4f46ca,1f2680a5b9065e708a7497adc53a95b108029b98,3.13.14,2.5.1,"{""pydantic"": ""2.13.4"", ""yaml"": ""6.0.3"", ""networkx"": ""3.6.1"", ""numpy"": ""2.5.1"", ""scipy"": ""1.18.0"", ""matplotlib"": ""3.11.0"", ""pandas"": ""3.0.3"", ""qutip"": ""5.3.0"", ""stim"": ""1.16.0"", ""gmpy2"": ""2.3.1"", ""nbformat"": ""5.10.4"", ""nbclient"": ""0.11.0""}",Windows,11,Gercom,2026-07-21T22:07:41.713952+00:00,,,,
P15_balanced_factorial,P15_balanced_factorial:three_node:e07a10bd13312934:L3-R:403:m10-intent:0,three_node,e07a10bd13312934,403,m10-intent,L3-R,probabilistic_resource_aware,0,10,10,0.72,0.01,1e-05,,True,,0,False,best candidate's predicted satisfaction probability 0.056 is below admission_threshold=0.5,0.05649692782898391,,,0,0.003349,REJECTED,,,,,,,False,,,,,,,,,,False,,,,False,,5e5edd3e823e308483272be3acffd8aaed4f46ca,1f2680a5b9065e708a7497adc53a95b108029b98,3.13.14,2.5.1,"{""pydantic"": ""2.13.4"", ""yaml"": ""6.0.3"", ""networkx"": ""3.6.1"", ""numpy"": ""2.5.1"", ""scipy"": ""1.18.0"", ""matplotlib"": ""3.11.0"", ""pandas"": ""3.0.3"", ""qutip"": ""5.3.0"", ""stim"": ""1.16.0"", ""gmpy2"": ""2.3.1"", ""nbformat"": ""5.10.4"", ""nbclient"": ""0.11.0""}",Windows,11,Gercom,2026-07-21T22:07:50.097716+00:00,,,,
P15_balanced_factorial,P15_balanced_factorial:three_node:e07a10bd13312934:L3-R:404:m10-intent:0,three_node,e07a10bd13312934,404,m10-intent,L3-R,probabilistic_resource_aware,0,10,10,0.72,0.01,1e-05,,True,,0,False,best candidate's predicted satisfaction probability 0.056 is below admission_threshold=0.5,0.05649692782898391,,,0,0.003844,REJECTED,,,,,,,False,,,,,,,,,,False,,,,False,,5e5edd3e823e308483272be3acffd8aaed4f46ca,1f2680a5b9065e708a7497adc53a95b108029b98,3.13.14,2.5.1,"{""pydantic"": ""2.13.4"", ""yaml"": ""6.0.3"", ""networkx"": ""3.6.1"", ""numpy"": ""2.5.1"", ""scipy"": ""1.18.0"", ""matplotlib"": ""3.11.0"", ""pandas"": ""3.0.3"", ""qutip"": ""5.3.0"", ""stim"": ""1.16.0"", ""gmpy2"": ""2.3.1"", ""nbformat"": ""5.10.4"", ""nbclient"": ""0.11.0""}",Windows,11,Gercom,2026-07-21T22:07:59.254973+00:00,,,,
P15_balanced_factorial,P15_balanced_factorial:three_node:33a8f8b3dfcdd99c:L2-R:400:m10-intent:0,three_node,33a8f8b3dfcdd99c,400,m10-intent,L2-R,iterative_resource_aware,0,4,10,0.72,0.05,1e-05,,True,a -> r -> b,2,True,,,11.0,0.7202522030749277,1,0.000703,SATISFIED,True,22,0.7202522030749277,0.7202522030749277,0.0,3.581413,False,,190,67,33,22,0,0,0.06014625001,3db13baef0c51a21a0ca1aedac59b33154ffd2087fe6a5fecc10deb7681ca47e,False,,,,False,,5e5edd3e823e308483272be3acffd8aaed4f46ca,1f2680a5b9065e708a7497adc53a95b108029b98,3.13.14,2.5.1,"{""pydantic"": ""2.13.4"", ""yaml"": ""6.0.3"", ""networkx"": ""3.6.1"", ""numpy"": ""2.5.1"", ""scipy"": ""1.18.0"", ""matplotlib"": ""3.11.0"", ""pandas"": ""3.0.3"", ""qutip"": ""5.3.0"", ""stim"": ""1.16.0"", ""gmpy2"": ""2.3.1"", ""nbformat"": ""5.10.4"", ""nbclient"": ""0.11.0""}",Windows,11,Gercom,2026-07-21T22:08:11.715712+00:00,,,,
P15_balanced_factorial,P15_balanced_factorial:three_node:33a8f8b3dfcdd99c:L2-R:401:m10-intent:0,three_node,33a8f8b3dfcdd99c,401,m10-intent,L2-R,iterative_resource_aware,0,4,10,0.72,0.05,1e-05,,True,a -> r -> b,2,True,,,11.0,0.7202522030749277,1,0.000725,SATISFIED,True,23,0.7202522030749278,0.7202522030749278,1.1102230246251565e-16,3.316046,False,,238,75,36,23,0,0,0.06018150001,4d403d5d28252fcb746ee9bbe2aef2a91785de2d3aa47e8f7cf069065b884c2f,False,,,,False,,5e5edd3e823e308483272be3acffd8aaed4f46ca,1f2680a5b9065e708a7497adc53a95b108029b98,3.13.14,2.5.1,"{""pydantic"": ""2.13.4"", ""yaml"": ""6.0.3"", ""networkx"": ""3.6.1"", ""numpy"": ""2.5.1"", ""scipy"": ""1.18.0"", ""matplotlib"": ""3.11.0"", ""pandas"": ""3.0.3"", ""qutip"": ""5.3.0"", ""stim"": ""1.16.0"", ""gmpy2"": ""2.3.1"", ""nbformat"": ""5.10.4"", ""nbclient"": ""0.11.0""}",Windows,11,Gercom,2026-07-21T22:08:23.259313+00:00,,,,
P15_balanced_factorial,P15_balanced_factorial:three_node:33a8f8b3dfcdd99c:L2-R:402:m10-intent:0,three_node,33a8f8b3dfcdd99c,402,m10-intent,L2-R,iterative_resource_aware,0,4,10,0.72,0.05,1e-05,,True,a -> r -> b,2,True,,,11.0,0.7202522030749277,1,0.000633,SATISFIED,True,28,0.7202522030749277,0.7202522030749277,0.0,3.317618,False,,250,76,37,28,0,0,0.06019661251,d6e5b835166758dece26406adad481254ccb14ce1d79e5a0de646603f4663120,False,,,,False,,5e5edd3e823e308483272be3acffd8aaed4f46ca,1f2680a5b9065e708a7497adc53a95b108029b98,3.13.14,2.5.1,"{""pydantic"": ""2.13.4"", ""yaml"": ""6.0.3"", ""networkx"": ""3.6.1"", ""numpy"": ""2.5.1"", ""scipy"": ""1.18.0"", ""matplotlib"": ""3.11.0"", ""pandas"": ""3.0.3"", ""qutip"": ""5.3.0"", ""stim"": ""1.16.0"", ""gmpy2"": ""2.3.1"", ""nbformat"": ""5.10.4"", ""nbclient"": ""0.11.0""}",Windows,11,Gercom,2026-07-21T22:08:36.483659+00:00,,,,
P15_balanced_factorial,P15_balanced_factorial:three_node:33a8f8b3dfcdd99c:L2-R:403:m10-intent:0,three_node,33a8f8b3dfcdd99c,403,m10-intent,L2-R,iterative_resource_aware,0,4,10,0.72,0.05,1e-05,,True,a -> r -> b,2,True,,,11.0,0.7202522030749277,1,0.000562,SATISFIED,True,24,0.7202522030749275,0.7202522030749275,-1.1102230246251565e-16,3.463147,False,,201,76,37,24,0,0,0.06019378751,10a9d585f7265f5c136ac0407adcae8cbc8016dd54a93d899c8418552b0dd34a,False,,,,False,,5e5edd3e823e308483272be3acffd8aaed4f46ca,1f2680a5b9065e708a7497adc53a95b108029b98,3.13.14,2.5.1,"{""pydantic"": ""2.13.4"", ""yaml"": ""6.0.3"", ""networkx"": ""3.6.1"", ""numpy"": ""2.5.1"", ""scipy"": ""1.18.0"", ""matplotlib"": ""3.11.0"", ""pandas"": ""3.0.3"", ""qutip"": ""5.3.0"", ""stim"": ""1.16.0"", ""gmpy2"": ""2.3.1"", ""nbformat"": ""5.10.4"", ""nbclient"": ""0.11.0""}",Windows,11,Gercom,2026-07-21T22:08:48.965988+00:00,,,,
P15_balanced_factorial,P15_balanced_factorial:three_node:33a8f8b3dfcdd99c:L2-R:404:m10-intent:0,three_node,33a8f8b3dfcdd99c,404,m10-intent,L2-R,iterative_resource_aware,0,4,10,0.72,0.05,1e-05,,True,a -> r -> b,2,True,,,11.0,0.7202522030749277,1,0.000754,SATISFIED,True,23,0.7202522030749278,0.7202522030749278,1.1102230246251565e-16,3.650215,False,,224,62,31,23,0,0,0.06010385001,0094499c82ba3e95eba81a5df98312032edb8899020d5685469f726bb9aaced5,False,,,,False,,5e5edd3e823e308483272be3acffd8aaed4f46ca,1f2680a5b9065e708a7497adc53a95b108029b98,3.13.14,2.5.1,"{""pydantic"": ""2.13.4"", ""yaml"": ""6.0.3"", ""networkx"": ""3.6.1"", ""numpy"": ""2.5.1"", ""scipy"": ""1.18.0"", ""matplotlib"": ""3.11.0"", ""pandas"": ""3.0.3"", ""qutip"": ""5.3.0"", ""stim"": ""1.16.0"", ""gmpy2"": ""2.3.1"", ""nbformat"": ""5.10.4"", ""nbclient"": ""0.11.0""}",Windows,11,Gercom,2026-07-21T22:09:01.196188+00:00,,,,
P15_balanced_factorial,P15_balanced_factorial:three_node:33a8f8b3dfcdd99c:L3-R:400:m10-intent:0,three_node,33a8f8b3dfcdd99c,400,m10-intent,L3-R,probabilistic_resource_aware,0,4,10,0.72,0.05,1e-05,,True,a -> r -> b,2,True,,0.6705798057907496,11.10316700781408,0.7202522030749277,1,0.004256,SATISFIED,True,22,0.7202522030749277,0.7202522030749277,0.0,3.433395,False,,190,67,33,22,0,0,0.06014625001,3db13baef0c51a21a0ca1aedac59b33154ffd2087fe6a5fecc10deb7681ca47e,False,,,,False,,5e5edd3e823e308483272be3acffd8aaed4f46ca,1f2680a5b9065e708a7497adc53a95b108029b98,3.13.14,2.5.1,"{""pydantic"": ""2.13.4"", ""yaml"": ""6.0.3"", ""networkx"": ""3.6.1"", ""numpy"": ""2.5.1"", ""scipy"": ""1.18.0"", ""matplotlib"": ""3.11.0"", ""pandas"": ""3.0.3"", ""qutip"": ""5.3.0"", ""stim"": ""1.16.0"", ""gmpy2"": ""2.3.1"", ""nbformat"": ""5.10.4"", ""nbclient"": ""0.11.0""}",Windows,11,Gercom,2026-07-21T22:09:13.490945+00:00,,,,
P15_balanced_factorial,P15_balanced_factorial:three_node:33a8f8b3dfcdd99c:L3-R:401:m10-intent:0,three_node,33a8f8b3dfcdd99c,401,m10-intent,L3-R,probabilistic_resource_aware,0,4,10,0.72,0.05,1e-05,,True,a -> r -> b,2,True,,0.6705798057907496,11.10316700781408,0.7202522030749277,1,0.002782,SATISFIED,True,23,0.7202522030749278,0.7202522030749278,1.1102230246251565e-16,3.49269,False,,238,75,36,23,0,0,0.06018150001,4d403d5d28252fcb746ee9bbe2aef2a91785de2d3aa47e8f7cf069065b884c2f,False,,,,False,,5e5edd3e823e308483272be3acffd8aaed4f46ca,1f2680a5b9065e708a7497adc53a95b108029b98,3.13.14,2.5.1,"{""pydantic"": ""2.13.4"", ""yaml"": ""6.0.3"", ""networkx"": ""3.6.1"", ""numpy"": ""2.5.1"", ""scipy"": ""1.18.0"", ""matplotlib"": ""3.11.0"", ""pandas"": ""3.0.3"", ""qutip"": ""5.3.0"", ""stim"": ""1.16.0"", ""gmpy2"": ""2.3.1"", ""nbformat"": ""5.10.4"", ""nbclient"": ""0.11.0""}",Windows,11,Gercom,2026-07-21T22:09:24.946491+00:00,,,,
P15_balanced_factorial,P15_balanced_factorial:three_node:33a8f8b3dfcdd99c:L3-R:402:m10-intent:0,three_node,33a8f8b3dfcdd99c,402,m10-intent,L3-R,probabilistic_resource_aware,0,4,10,0.72,0.05,1e-05,,True,a -> r -> b,2,True,,0.6705798057907496,11.10316700781408,0.7202522030749277,1,0.002427,SATISFIED,True,28,0.7202522030749277,0.7202522030749277,0.0,3.612664,False,,250,76,37,28,0,0,0.06019661251,d6e5b835166758dece26406adad481254ccb14ce1d79e5a0de646603f4663120,False,,,,False,,5e5edd3e823e308483272be3acffd8aaed4f46ca,1f2680a5b9065e708a7497adc53a95b108029b98,3.13.14,2.5.1,"{""pydantic"": ""2.13.4"", ""yaml"": ""6.0.3"", ""networkx"": ""3.6.1"", ""numpy"": ""2.5.1"", ""scipy"": ""1.18.0"", ""matplotlib"": ""3.11.0"", ""pandas"": ""3.0.3"", ""qutip"": ""5.3.0"", ""stim"": ""1.16.0"", ""gmpy2"": ""2.3.1"", ""nbformat"": ""5.10.4"", ""nbclient"": ""0.11.0""}",Windows,11,Gercom,2026-07-21T22:09:38.806132+00:00,,,,
P15_balanced_factorial,P15_balanced_factorial:three_node:33a8f8b3dfcdd99c:L3-R:403:m10-intent:0,three_node,33a8f8b3dfcdd99c,403,m10-intent,L3-R,probabilistic_resource_aware,0,4,10,0.72,0.05,1e-05,,True,a -> r -> b,2,True,,0.6705798057907496,11.10316700781408,0.7202522030749277,1,0.002763,SATISFIED,True,24,0.7202522030749275,0.7202522030749275,-1.1102230246251565e-16,3.575403,False,,201,76,37,24,0,0,0.06019378751,10a9d585f7265f5c136ac0407adcae8cbc8016dd54a93d899c8418552b0dd34a,False,,,,False,,5e5edd3e823e308483272be3acffd8aaed4f46ca,1f2680a5b9065e708a7497adc53a95b108029b98,3.13.14,2.5.1,"{""pydantic"": ""2.13.4"", ""yaml"": ""6.0.3"", ""networkx"": ""3.6.1"", ""numpy"": ""2.5.1"", ""scipy"": ""1.18.0"", ""matplotlib"": ""3.11.0"", ""pandas"": ""3.0.3"", ""qutip"": ""5.3.0"", ""stim"": ""1.16.0"", ""gmpy2"": ""2.3.1"", ""nbformat"": ""5.10.4"", ""nbclient"": ""0.11.0""}",Windows,11,Gercom,2026-07-21T22:09:51.959123+00:00,,,,
P15_balanced_factorial,P15_balanced_factorial:three_node:33a8f8b3dfcdd99c:L3-R:404:m10-intent:0,three_node,33a8f8b3dfcdd99c,404,m10-intent,L3-R,probabilistic_resource_aware,0,4,10,0.72,0.05,1e-05,,True,a -> r -> b,2,True,,0.6705798057907496,11.10316700781408,0.7202522030749277,1,0.005535,SATISFIED,True,23,0.7202522030749278,0.7202522030749278,1.1102230246251565e-16,3.259322,False,,224,62,31,23,0,0,0.06010385001,0094499c82ba3e95eba81a5df98312032edb8899020d5685469f726bb9aaced5,False,,,,False,,5e5edd3e823e308483272be3acffd8aaed4f46ca,1f2680a5b9065e708a7497adc53a95b108029b98,3.13.14,2.5.1,"{""pydantic"": ""2.13.4"", ""yaml"": ""6.0.3"", ""networkx"": ""3.6.1"", ""numpy"": ""2.5.1"", ""scipy"": ""1.18.0"", ""matplotlib"": ""3.11.0"", ""pandas"": ""3.0.3"", ""qutip"": ""5.3.0"", ""stim"": ""1.16.0"", ""gmpy2"": ""2.3.1"", ""nbformat"": ""5.10.4"", ""nbclient"": ""0.11.0""}",Windows,11,Gercom,2026-07-21T22:10:03.693422+00:00,,,,
P15_balanced_factorial,P15_balanced_factorial:three_node:37e47c0d5bb58fe6:L2-R:400:m10-intent:0,three_node,37e47c0d5bb58fe6,400,m10-intent,L2-R,iterative_resource_aware,0,10,10,0.72,0.05,1e-05,,True,a -> r -> b,2,True,,,27.0,0.7202522030749277,1,0.000677,SATISFIED,True,68,0.7202522030749277,0.7202522030749277,0.0,9.039758,False,,609,200,99,68,0,0,0.06017647501,6b705d859587aaabdbf68a1c4fb319bb415f729a1f97fb28304cbbec2e28e8d7,False,,,,False,,5e5edd3e823e308483272be3acffd8aaed4f46ca,1f2680a5b9065e708a7497adc53a95b108029b98,3.13.14,2.5.1,"{""pydantic"": ""2.13.4"", ""yaml"": ""6.0.3"", ""networkx"": ""3.6.1"", ""numpy"": ""2.5.1"", ""scipy"": ""1.18.0"", ""matplotlib"": ""3.11.0"", ""pandas"": ""3.0.3"", ""qutip"": ""5.3.0"", ""stim"": ""1.16.0"", ""gmpy2"": ""2.3.1"", ""nbformat"": ""5.10.4"", ""nbclient"": ""0.11.0""}",Windows,11,Gercom,2026-07-21T22:10:21.574549+00:00,,,,
P15_balanced_factorial,P15_balanced_factorial:three_node:37e47c0d5bb58fe6:L2-R:401:m10-intent:0,three_node,37e47c0d5bb58fe6,401,m10-intent,L2-R,iterative_resource_aware,0,10,10,0.72,0.05,1e-05,,True,a -> r -> b,2,True,,,27.0,0.7202522030749277,1,0.000975,SATISFIED,True,66,0.7202522030749277,0.7202522030749277,0.0,9.652962,False,,570,189,92,66,0,0,0.06017146251,1ed11e695eaa0e63268c3a7312a25d4691794bb7d5de372b5e83f1192d03de75,False,,,,False,,5e5edd3e823e308483272be3acffd8aaed4f46ca,1f2680a5b9065e708a7497adc53a95b108029b98,3.13.14,2.5.1,"{""pydantic"": ""2.13.4"", ""yaml"": ""6.0.3"", ""networkx"": ""3.6.1"", ""numpy"": ""2.5.1"", ""scipy"": ""1.18.0"", ""matplotlib"": ""3.11.0"", ""pandas"": ""3.0.3"", ""qutip"": ""5.3.0"", ""stim"": ""1.16.0"", ""gmpy2"": ""2.3.1"", ""nbformat"": ""5.10.4"", ""nbclient"": ""0.11.0""}",Windows,11,Gercom,2026-07-21T22:10:39.722577+00:00,,,,
P15_balanced_factorial,P15_balanced_factorial:three_node:37e47c0d5bb58fe6:L2-R:402:m10-intent:0,three_node,37e47c0d5bb58fe6,402,m10-intent,L2-R,iterative_resource_aware,0,10,10,0.72,0.05,1e-05,,True,a -> r -> b,2,True,,,27.0,0.7202522030749277,1,0.000736,SATISFIED,True,73,0.7202522030749277,0.7202522030749277,0.0,8.616618,False,,561,180,89,73,0,0,0.06018151251,e7086b2fb3f830535a930b2f2a7be9883075235f7a5dd3d534d51f1195c0b467,False,,,,False,,5e5edd3e823e308483272be3acffd8aaed4f46ca,1f2680a5b9065e708a7497adc53a95b108029b98,3.13.14,2.5.1,"{""pydantic"": ""2.13.4"", ""yaml"": ""6.0.3"", ""networkx"": ""3.6.1"", ""numpy"": ""2.5.1"", ""scipy"": ""1.18.0"", ""matplotlib"": ""3.11.0"", ""pandas"": ""3.0.3"", ""qutip"": ""5.3.0"", ""stim"": ""1.16.0"", ""gmpy2"": ""2.3.1"", ""nbformat"": ""5.10.4"", ""nbclient"": ""0.11.0""}",Windows,11,Gercom,2026-07-21T22:10:56.296677+00:00,,,,
P15_balanced_factorial,P15_balanced_factorial:three_node:37e47c0d5bb58fe6:L2-R:403:m10-intent:0,three_node,37e47c0d5bb58fe6,403,m10-intent,L2-R,iterative_resource_aware,0,10,10,0.72,0.05,1e-05,,True,a -> r -> b,2,True,,,27.0,0.7202522030749277,1,0.000939,SATISFIED,True,67,0.7202522030749277,0.7202522030749277,0.0,9.530835,False,,570,202,98,67,0,0,0.06017652501,a7cd98576e595f494f092223bb9d93afb3f914a97ea598aa7ea4ec4162376b5e,False,,,,False,,5e5edd3e823e308483272be3acffd8aaed4f46ca,1f2680a5b9065e708a7497adc53a95b108029b98,3.13.14,2.5.1,"{""pydantic"": ""2.13.4"", ""yaml"": ""6.0.3"", ""networkx"": ""3.6.1"", ""numpy"": ""2.5.1"", ""scipy"": ""1.18.0"", ""matplotlib"": ""3.11.0"", ""pandas"": ""3.0.3"", ""qutip"": ""5.3.0"", ""stim"": ""1.16.0"", ""gmpy2"": ""2.3.1"", ""nbformat"": ""5.10.4"", ""nbclient"": ""0.11.0""}",Windows,11,Gercom,2026-07-21T22:11:14.475423+00:00,,,,
P15_balanced_factorial,P15_balanced_factorial:three_node:37e47c0d5bb58fe6:L2-R:404:m10-intent:0,three_node,37e47c0d5bb58fe6,404,m10-intent,L2-R,iterative_resource_aware,0,10,10,0.72,0.05,1e-05,,True,a -> r -> b,2,True,,,27.0,0.7202522030749277,1,0.00046,SATISFIED,True,58,0.7202522030749277,0.7202522030749277,0.0,8.479195,False,,571,185,89,58,0,0,0.06016633751,703a3bb7a70564bbf099c28ff9ef50f4264369ae32a1c35b1f3c76ab86c3b5a9,False,,,,False,,5e5edd3e823e308483272be3acffd8aaed4f46ca,1f2680a5b9065e708a7497adc53a95b108029b98,3.13.14,2.5.1,"{""pydantic"": ""2.13.4"", ""yaml"": ""6.0.3"", ""networkx"": ""3.6.1"", ""numpy"": ""2.5.1"", ""scipy"": ""1.18.0"", ""matplotlib"": ""3.11.0"", ""pandas"": ""3.0.3"", ""qutip"": ""5.3.0"", ""stim"": ""1.16.0"", ""gmpy2"": ""2.3.1"", ""nbformat"": ""5.10.4"", ""nbclient"": ""0.11.0""}",Windows,11,Gercom,2026-07-21T22:11:30.834877+00:00,,,,
P15_balanced_factorial,P15_balanced_factorial:three_node:37e47c0d5bb58fe6:L3-R:400:m10-intent:0,three_node,37e47c0d5bb58fe6,400,m10-intent,L3-R,probabilistic_resource_aware,0,10,10,0.72,0.05,1e-05,,True,a -> r -> b,2,True,,0.9999656285815093,27.757917519535198,0.7202522030749277,1,0.003127,SATISFIED,True,68,0.7202522030749277,0.7202522030749277,0.0,9.892484,False,,609,200,99,68,0,0,0.06017647501,6b705d859587aaabdbf68a1c4fb319bb415f729a1f97fb28304cbbec2e28e8d7,False,,,,False,,5e5edd3e823e308483272be3acffd8aaed4f46ca,1f2680a5b9065e708a7497adc53a95b108029b98,3.13.14,2.5.1,"{""pydantic"": ""2.13.4"", ""yaml"": ""6.0.3"", ""networkx"": ""3.6.1"", ""numpy"": ""2.5.1"", ""scipy"": ""1.18.0"", ""matplotlib"": ""3.11.0"", ""pandas"": ""3.0.3"", ""qutip"": ""5.3.0"", ""stim"": ""1.16.0"", ""gmpy2"": ""2.3.1"", ""nbformat"": ""5.10.4"", ""nbclient"": ""0.11.0""}",Windows,11,Gercom,2026-07-21T22:11:49.052310+00:00,,,,
P15_balanced_factorial,P15_balanced_factorial:three_node:37e47c0d5bb58fe6:L3-R:401:m10-intent:0,three_node,37e47c0d5bb58fe6,401,m10-intent,L3-R,probabilistic_resource_aware,0,10,10,0.72,0.05,1e-05,,True,a -> r -> b,2,True,,0.9999656285815093,27.757917519535198,0.7202522030749277,1,0.002832,SATISFIED,True,66,0.7202522030749277,0.7202522030749277,0.0,10.338039,False,,570,189,92,66,0,0,0.06017146251,1ed11e695eaa0e63268c3a7312a25d4691794bb7d5de372b5e83f1192d03de75,False,,,,False,,5e5edd3e823e308483272be3acffd8aaed4f46ca,1f2680a5b9065e708a7497adc53a95b108029b98,3.13.14,2.5.1,"{""pydantic"": ""2.13.4"", ""yaml"": ""6.0.3"", ""networkx"": ""3.6.1"", ""numpy"": ""2.5.1"", ""scipy"": ""1.18.0"", ""matplotlib"": ""3.11.0"", ""pandas"": ""3.0.3"", ""qutip"": ""5.3.0"", ""stim"": ""1.16.0"", ""gmpy2"": ""2.3.1"", ""nbformat"": ""5.10.4"", ""nbclient"": ""0.11.0""}",Windows,11,Gercom,2026-07-21T22:12:08.506230+00:00,,,,
P15_balanced_factorial,P15_balanced_factorial:three_node:37e47c0d5bb58fe6:L3-R:402:m10-intent:0,three_node,37e47c0d5bb58fe6,402,m10-intent,L3-R,probabilistic_resource_aware,0,10,10,0.72,0.05,1e-05,,True,a -> r -> b,2,True,,0.9999656285815093,27.757917519535198,0.7202522030749277,1,0.00197,SATISFIED,True,73,0.7202522030749277,0.7202522030749277,0.0,8.582807,False,,561,180,89,73,0,0,0.06018151251,e7086b2fb3f830535a930b2f2a7be9883075235f7a5dd3d534d51f1195c0b467,False,,,,False,,5e5edd3e823e308483272be3acffd8aaed4f46ca,1f2680a5b9065e708a7497adc53a95b108029b98,3.13.14,2.5.1,"{""pydantic"": ""2.13.4"", ""yaml"": ""6.0.3"", ""networkx"": ""3.6.1"", ""numpy"": ""2.5.1"", ""scipy"": ""1.18.0"", ""matplotlib"": ""3.11.0"", ""pandas"": ""3.0.3"", ""qutip"": ""5.3.0"", ""stim"": ""1.16.0"", ""gmpy2"": ""2.3.1"", ""nbformat"": ""5.10.4"", ""nbclient"": ""0.11.0""}",Windows,11,Gercom,2026-07-21T22:12:26.269518+00:00,,,,
P15_balanced_factorial,P15_balanced_factorial:three_node:37e47c0d5bb58fe6:L3-R:403:m10-intent:0,three_node,37e47c0d5bb58fe6,403,m10-intent,L3-R,probabilistic_resource_aware,0,10,10,0.72,0.05,1e-05,,True,a -> r -> b,2,True,,0.9999656285815093,27.757917519535198,0.7202522030749277,1,0.002859,SATISFIED,True,67,0.7202522030749277,0.7202522030749277,0.0,9.540915,False,,570,202,98,67,0,0,0.06017652501,a7cd98576e595f494f092223bb9d93afb3f914a97ea598aa7ea4ec4162376b5e,False,,,,False,,5e5edd3e823e308483272be3acffd8aaed4f46ca,1f2680a5b9065e708a7497adc53a95b108029b98,3.13.14,2.5.1,"{""pydantic"": ""2.13.4"", ""yaml"": ""6.0.3"", ""networkx"": ""3.6.1"", ""numpy"": ""2.5.1"", ""scipy"": ""1.18.0"", ""matplotlib"": ""3.11.0"", ""pandas"": ""3.0.3"", ""qutip"": ""5.3.0"", ""stim"": ""1.16.0"", ""gmpy2"": ""2.3.1"", ""nbformat"": ""5.10.4"", ""nbclient"": ""0.11.0""}",Windows,11,Gercom,2026-07-21T22:12:43.492318+00:00,,,,
P15_balanced_factorial,P15_balanced_factorial:three_node:37e47c0d5bb58fe6:L3-R:404:m10-intent:0,three_node,37e47c0d5bb58fe6,404,m10-intent,L3-R,probabilistic_resource_aware,0,10,10,0.72,0.05,1e-05,,True,a -> r -> b,2,True,,0.9999656285815093,27.757917519535198,0.7202522030749277,1,0.000713,SATISFIED,True,58,0.7202522030749277,0.7202522030749277,0.0,6.128902,False,,571,185,89,58,0,0,0.06016633751,703a3bb7a70564bbf099c28ff9ef50f4264369ae32a1c35b1f3c76ab86c3b5a9,False,,,,False,,5e5edd3e823e308483272be3acffd8aaed4f46ca,1f2680a5b9065e708a7497adc53a95b108029b98,3.13.14,2.5.1,"{""pydantic"": ""2.13.4"", ""yaml"": ""6.0.3"", ""networkx"": ""3.6.1"", ""numpy"": ""2.5.1"", ""scipy"": ""1.18.0"", ""matplotlib"": ""3.11.0"", ""pandas"": ""3.0.3"", ""qutip"": ""5.3.0"", ""stim"": ""1.16.0"", ""gmpy2"": ""2.3.1"", ""nbformat"": ""5.10.4"", ""nbclient"": ""0.11.0""}",Windows,11,Gercom,2026-07-21T22:12:53.382481+00:00,,,,
P15_balanced_factorial,P15_balanced_factorial:three_node:0d0221115d3583f4:L2-R:400:m10-intent:0,three_node,0d0221115d3583f4,400,m10-intent,L2-R,iterative_resource_aware,0,4,10,0.78,0.01,1e-05,,True,,0,False,DELIVERY_TARGET_EXCEEDS_WINDOW,,,,0,0.00064,REJECTED,,,,,,,False,,,,,,,,,,False,,,,False,,5e5edd3e823e308483272be3acffd8aaed4f46ca,1f2680a5b9065e708a7497adc53a95b108029b98,3.13.14,2.5.1,"{""pydantic"": ""2.13.4"", ""yaml"": ""6.0.3"", ""networkx"": ""3.6.1"", ""numpy"": ""2.5.1"", ""scipy"": ""1.18.0"", ""matplotlib"": ""3.11.0"", ""pandas"": ""3.0.3"", ""qutip"": ""5.3.0"", ""stim"": ""1.16.0"", ""gmpy2"": ""2.3.1"", ""nbformat"": ""5.10.4"", ""nbclient"": ""0.11.0""}",Windows,11,Gercom,2026-07-21T22:13:00.588232+00:00,,,,
P15_balanced_factorial,P15_balanced_factorial:three_node:0d0221115d3583f4:L2-R:401:m10-intent:0,three_node,0d0221115d3583f4,401,m10-intent,L2-R,iterative_resource_aware,0,4,10,0.78,0.01,1e-05,,True,,0,False,DELIVERY_TARGET_EXCEEDS_WINDOW,,,,0,0.001071,REJECTED,,,,,,,False,,,,,,,,,,False,,,,False,,5e5edd3e823e308483272be3acffd8aaed4f46ca,1f2680a5b9065e708a7497adc53a95b108029b98,3.13.14,2.5.1,"{""pydantic"": ""2.13.4"", ""yaml"": ""6.0.3"", ""networkx"": ""3.6.1"", ""numpy"": ""2.5.1"", ""scipy"": ""1.18.0"", ""matplotlib"": ""3.11.0"", ""pandas"": ""3.0.3"", ""qutip"": ""5.3.0"", ""stim"": ""1.16.0"", ""gmpy2"": ""2.3.1"", ""nbformat"": ""5.10.4"", ""nbclient"": ""0.11.0""}",Windows,11,Gercom,2026-07-21T22:13:07.484175+00:00,,,,
P15_balanced_factorial,P15_balanced_factorial:three_node:0d0221115d3583f4:L2-R:402:m10-intent:0,three_node,0d0221115d3583f4,402,m10-intent,L2-R,iterative_resource_aware,0,4,10,0.78,0.01,1e-05,,True,,0,False,DELIVERY_TARGET_EXCEEDS_WINDOW,,,,0,0.000321,REJECTED,,,,,,,False,,,,,,,,,,False,,,,False,,5e5edd3e823e308483272be3acffd8aaed4f46ca,1f2680a5b9065e708a7497adc53a95b108029b98,3.13.14,2.5.1,"{""pydantic"": ""2.13.4"", ""yaml"": ""6.0.3"", ""networkx"": ""3.6.1"", ""numpy"": ""2.5.1"", ""scipy"": ""1.18.0"", ""matplotlib"": ""3.11.0"", ""pandas"": ""3.0.3"", ""qutip"": ""5.3.0"", ""stim"": ""1.16.0"", ""gmpy2"": ""2.3.1"", ""nbformat"": ""5.10.4"", ""nbclient"": ""0.11.0""}",Windows,11,Gercom,2026-07-21T22:13:11.767694+00:00,,,,
P15_balanced_factorial,P15_balanced_factorial:three_node:0d0221115d3583f4:L2-R:403:m10-intent:0,three_node,0d0221115d3583f4,403,m10-intent,L2-R,iterative_resource_aware,0,4,10,0.78,0.01,1e-05,,True,,0,False,DELIVERY_TARGET_EXCEEDS_WINDOW,,,,0,0.000456,REJECTED,,,,,,,False,,,,,,,,,,False,,,,False,,5e5edd3e823e308483272be3acffd8aaed4f46ca,1f2680a5b9065e708a7497adc53a95b108029b98,3.13.14,2.5.1,"{""pydantic"": ""2.13.4"", ""yaml"": ""6.0.3"", ""networkx"": ""3.6.1"", ""numpy"": ""2.5.1"", ""scipy"": ""1.18.0"", ""matplotlib"": ""3.11.0"", ""pandas"": ""3.0.3"", ""qutip"": ""5.3.0"", ""stim"": ""1.16.0"", ""gmpy2"": ""2.3.1"", ""nbformat"": ""5.10.4"", ""nbclient"": ""0.11.0""}",Windows,11,Gercom,2026-07-21T22:13:19.919220+00:00,,,,
P15_balanced_factorial,P15_balanced_factorial:three_node:0d0221115d3583f4:L2-R:404:m10-intent:0,three_node,0d0221115d3583f4,404,m10-intent,L2-R,iterative_resource_aware,0,4,10,0.78,0.01,1e-05,,True,,0,False,DELIVERY_TARGET_EXCEEDS_WINDOW,,,,0,0.000179,REJECTED,,,,,,,False,,,,,,,,,,False,,,,False,,5e5edd3e823e308483272be3acffd8aaed4f46ca,1f2680a5b9065e708a7497adc53a95b108029b98,3.13.14,2.5.1,"{""pydantic"": ""2.13.4"", ""yaml"": ""6.0.3"", ""networkx"": ""3.6.1"", ""numpy"": ""2.5.1"", ""scipy"": ""1.18.0"", ""matplotlib"": ""3.11.0"", ""pandas"": ""3.0.3"", ""qutip"": ""5.3.0"", ""stim"": ""1.16.0"", ""gmpy2"": ""2.3.1"", ""nbformat"": ""5.10.4"", ""nbclient"": ""0.11.0""}",Windows,11,Gercom,2026-07-21T22:13:23.182602+00:00,,,,
P15_balanced_factorial,P15_balanced_factorial:three_node:0d0221115d3583f4:L3-R:400:m10-intent:0,three_node,0d0221115d3583f4,400,m10-intent,L3-R,probabilistic_resource_aware,0,4,10,0.78,0.01,1e-05,,True,,0,False,best candidate's predicted satisfaction probability 0.000 is below admission_threshold=0.5,6.735027189707177e-13,,,0,0.004075,REJECTED,,,,,,,False,,,,,,,,,,False,,,,False,,5e5edd3e823e308483272be3acffd8aaed4f46ca,1f2680a5b9065e708a7497adc53a95b108029b98,3.13.14,2.5.1,"{""pydantic"": ""2.13.4"", ""yaml"": ""6.0.3"", ""networkx"": ""3.6.1"", ""numpy"": ""2.5.1"", ""scipy"": ""1.18.0"", ""matplotlib"": ""3.11.0"", ""pandas"": ""3.0.3"", ""qutip"": ""5.3.0"", ""stim"": ""1.16.0"", ""gmpy2"": ""2.3.1"", ""nbformat"": ""5.10.4"", ""nbclient"": ""0.11.0""}",Windows,11,Gercom,2026-07-21T22:13:32.153405+00:00,,,,
P15_balanced_factorial,P15_balanced_factorial:three_node:0d0221115d3583f4:L3-R:401:m10-intent:0,three_node,0d0221115d3583f4,401,m10-intent,L3-R,probabilistic_resource_aware,0,4,10,0.78,0.01,1e-05,,True,,0,False,best candidate's predicted satisfaction probability 0.000 is below admission_threshold=0.5,6.735027189707177e-13,,,0,0.002514,REJECTED,,,,,,,False,,,,,,,,,,False,,,,False,,5e5edd3e823e308483272be3acffd8aaed4f46ca,1f2680a5b9065e708a7497adc53a95b108029b98,3.13.14,2.5.1,"{""pydantic"": ""2.13.4"", ""yaml"": ""6.0.3"", ""networkx"": ""3.6.1"", ""numpy"": ""2.5.1"", ""scipy"": ""1.18.0"", ""matplotlib"": ""3.11.0"", ""pandas"": ""3.0.3"", ""qutip"": ""5.3.0"", ""stim"": ""1.16.0"", ""gmpy2"": ""2.3.1"", ""nbformat"": ""5.10.4"", ""nbclient"": ""0.11.0""}",Windows,11,Gercom,2026-07-21T22:13:39.007045+00:00,,,,
P15_balanced_factorial,P15_balanced_factorial:three_node:0d0221115d3583f4:L3-R:402:m10-intent:0,three_node,0d0221115d3583f4,402,m10-intent,L3-R,probabilistic_resource_aware,0,4,10,0.78,0.01,1e-05,,True,,0,False,best candidate's predicted satisfaction probability 0.000 is below admission_threshold=0.5,6.735027189707177e-13,,,0,0.00271,REJECTED,,,,,,,False,,,,,,,,,,False,,,,False,,5e5edd3e823e308483272be3acffd8aaed4f46ca,1f2680a5b9065e708a7497adc53a95b108029b98,3.13.14,2.5.1,"{""pydantic"": ""2.13.4"", ""yaml"": ""6.0.3"", ""networkx"": ""3.6.1"", ""numpy"": ""2.5.1"", ""scipy"": ""1.18.0"", ""matplotlib"": ""3.11.0"", ""pandas"": ""3.0.3"", ""qutip"": ""5.3.0"", ""stim"": ""1.16.0"", ""gmpy2"": ""2.3.1"", ""nbformat"": ""5.10.4"", ""nbclient"": ""0.11.0""}",Windows,11,Gercom,2026-07-21T22:13:47.110411+00:00,,,,
P15_balanced_factorial,P15_balanced_factorial:three_node:0d0221115d3583f4:L3-R:403:m10-intent:0,three_node,0d0221115d3583f4,403,m10-intent,L3-R,probabilistic_resource_aware,0,4,10,0.78,0.01,1e-05,,True,,0,False,best candidate's predicted satisfaction probability 0.000 is below admission_threshold=0.5,6.735027189707177e-13,,,0,0.003581,REJECTED,,,,,,,False,,,,,,,,,,False,,,,False,,5e5edd3e823e308483272be3acffd8aaed4f46ca,1f2680a5b9065e708a7497adc53a95b108029b98,3.13.14,2.5.1,"{""pydantic"": ""2.13.4"", ""yaml"": ""6.0.3"", ""networkx"": ""3.6.1"", ""numpy"": ""2.5.1"", ""scipy"": ""1.18.0"", ""matplotlib"": ""3.11.0"", ""pandas"": ""3.0.3"", ""qutip"": ""5.3.0"", ""stim"": ""1.16.0"", ""gmpy2"": ""2.3.1"", ""nbformat"": ""5.10.4"", ""nbclient"": ""0.11.0""}",Windows,11,Gercom,2026-07-21T22:13:54.154629+00:00,,,,
P15_balanced_factorial,P15_balanced_factorial:three_node:0d0221115d3583f4:L3-R:404:m10-intent:0,three_node,0d0221115d3583f4,404,m10-intent,L3-R,probabilistic_resource_aware,0,4,10,0.78,0.01,1e-05,,True,,0,False,best candidate's predicted satisfaction probability 0.000 is below admission_threshold=0.5,6.735027189707177e-13,,,0,0.002778,REJECTED,,,,,,,False,,,,,,,,,,False,,,,False,,5e5edd3e823e308483272be3acffd8aaed4f46ca,1f2680a5b9065e708a7497adc53a95b108029b98,3.13.14,2.5.1,"{""pydantic"": ""2.13.4"", ""yaml"": ""6.0.3"", ""networkx"": ""3.6.1"", ""numpy"": ""2.5.1"", ""scipy"": ""1.18.0"", ""matplotlib"": ""3.11.0"", ""pandas"": ""3.0.3"", ""qutip"": ""5.3.0"", ""stim"": ""1.16.0"", ""gmpy2"": ""2.3.1"", ""nbformat"": ""5.10.4"", ""nbclient"": ""0.11.0""}",Windows,11,Gercom,2026-07-21T22:14:00.932049+00:00,,,,
P15_balanced_factorial,P15_balanced_factorial:three_node:2850bd79d050d075:L2-R:400:m10-intent:0,three_node,2850bd79d050d075,400,m10-intent,L2-R,iterative_resource_aware,0,10,10,0.78,0.01,1e-05,,True,,0,False,DELIVERY_TARGET_EXCEEDS_WINDOW,,,,0,0.0007,REJECTED,,,,,,,False,,,,,,,,,,False,,,,False,,5e5edd3e823e308483272be3acffd8aaed4f46ca,1f2680a5b9065e708a7497adc53a95b108029b98,3.13.14,2.5.1,"{""pydantic"": ""2.13.4"", ""yaml"": ""6.0.3"", ""networkx"": ""3.6.1"", ""numpy"": ""2.5.1"", ""scipy"": ""1.18.0"", ""matplotlib"": ""3.11.0"", ""pandas"": ""3.0.3"", ""qutip"": ""5.3.0"", ""stim"": ""1.16.0"", ""gmpy2"": ""2.3.1"", ""nbformat"": ""5.10.4"", ""nbclient"": ""0.11.0""}",Windows,11,Gercom,2026-07-21T22:14:08.140375+00:00,,,,
P15_balanced_factorial,P15_balanced_factorial:three_node:2850bd79d050d075:L2-R:401:m10-intent:0,three_node,2850bd79d050d075,401,m10-intent,L2-R,iterative_resource_aware,0,10,10,0.78,0.01,1e-05,,True,,0,False,DELIVERY_TARGET_EXCEEDS_WINDOW,,,,0,0.000718,REJECTED,,,,,,,False,,,,,,,,,,False,,,,False,,5e5edd3e823e308483272be3acffd8aaed4f46ca,1f2680a5b9065e708a7497adc53a95b108029b98,3.13.14,2.5.1,"{""pydantic"": ""2.13.4"", ""yaml"": ""6.0.3"", ""networkx"": ""3.6.1"", ""numpy"": ""2.5.1"", ""scipy"": ""1.18.0"", ""matplotlib"": ""3.11.0"", ""pandas"": ""3.0.3"", ""qutip"": ""5.3.0"", ""stim"": ""1.16.0"", ""gmpy2"": ""2.3.1"", ""nbformat"": ""5.10.4"", ""nbclient"": ""0.11.0""}",Windows,11,Gercom,2026-07-21T22:14:14.754072+00:00,,,,
P15_balanced_factorial,P15_balanced_factorial:three_node:2850bd79d050d075:L2-R:402:m10-intent:0,three_node,2850bd79d050d075,402,m10-intent,L2-R,iterative_resource_aware,0,10,10,0.78,0.01,1e-05,,True,,0,False,DELIVERY_TARGET_EXCEEDS_WINDOW,,,,0,0.000551,REJECTED,,,,,,,False,,,,,,,,,,False,,,,False,,5e5edd3e823e308483272be3acffd8aaed4f46ca,1f2680a5b9065e708a7497adc53a95b108029b98,3.13.14,2.5.1,"{""pydantic"": ""2.13.4"", ""yaml"": ""6.0.3"", ""networkx"": ""3.6.1"", ""numpy"": ""2.5.1"", ""scipy"": ""1.18.0"", ""matplotlib"": ""3.11.0"", ""pandas"": ""3.0.3"", ""qutip"": ""5.3.0"", ""stim"": ""1.16.0"", ""gmpy2"": ""2.3.1"", ""nbformat"": ""5.10.4"", ""nbclient"": ""0.11.0""}",Windows,11,Gercom,2026-07-21T22:14:22.779949+00:00,,,,
P15_balanced_factorial,P15_balanced_factorial:three_node:2850bd79d050d075:L2-R:403:m10-intent:0,three_node,2850bd79d050d075,403,m10-intent,L2-R,iterative_resource_aware,0,10,10,0.78,0.01,1e-05,,True,,0,False,DELIVERY_TARGET_EXCEEDS_WINDOW,,,,0,0.000747,REJECTED,,,,,,,False,,,,,,,,,,False,,,,False,,5e5edd3e823e308483272be3acffd8aaed4f46ca,1f2680a5b9065e708a7497adc53a95b108029b98,3.13.14,2.5.1,"{""pydantic"": ""2.13.4"", ""yaml"": ""6.0.3"", ""networkx"": ""3.6.1"", ""numpy"": ""2.5.1"", ""scipy"": ""1.18.0"", ""matplotlib"": ""3.11.0"", ""pandas"": ""3.0.3"", ""qutip"": ""5.3.0"", ""stim"": ""1.16.0"", ""gmpy2"": ""2.3.1"", ""nbformat"": ""5.10.4"", ""nbclient"": ""0.11.0""}",Windows,11,Gercom,2026-07-21T22:14:30.653595+00:00,,,,
P15_balanced_factorial,P15_balanced_factorial:three_node:2850bd79d050d075:L2-R:404:m10-intent:0,three_node,2850bd79d050d075,404,m10-intent,L2-R,iterative_resource_aware,0,10,10,0.78,0.01,1e-05,,True,,0,False,DELIVERY_TARGET_EXCEEDS_WINDOW,,,,0,0.000668,REJECTED,,,,,,,False,,,,,,,,,,False,,,,False,,5e5edd3e823e308483272be3acffd8aaed4f46ca,1f2680a5b9065e708a7497adc53a95b108029b98,3.13.14,2.5.1,"{""pydantic"": ""2.13.4"", ""yaml"": ""6.0.3"", ""networkx"": ""3.6.1"", ""numpy"": ""2.5.1"", ""scipy"": ""1.18.0"", ""matplotlib"": ""3.11.0"", ""pandas"": ""3.0.3"", ""qutip"": ""5.3.0"", ""stim"": ""1.16.0"", ""gmpy2"": ""2.3.1"", ""nbformat"": ""5.10.4"", ""nbclient"": ""0.11.0""}",Windows,11,Gercom,2026-07-21T22:14:37.787985+00:00,,,,
P15_balanced_factorial,P15_balanced_factorial:three_node:2850bd79d050d075:L3-R:400:m10-intent:0,three_node,2850bd79d050d075,400,m10-intent,L3-R,probabilistic_resource_aware,0,10,10,0.78,0.01,1e-05,,True,,0,False,best candidate's predicted satisfaction probability 0.000 is below admission_threshold=0.5,4.380292877340306e-09,,,0,0.002736,REJECTED,,,,,,,False,,,,,,,,,,False,,,,False,,5e5edd3e823e308483272be3acffd8aaed4f46ca,1f2680a5b9065e708a7497adc53a95b108029b98,3.13.14,2.5.1,"{""pydantic"": ""2.13.4"", ""yaml"": ""6.0.3"", ""networkx"": ""3.6.1"", ""numpy"": ""2.5.1"", ""scipy"": ""1.18.0"", ""matplotlib"": ""3.11.0"", ""pandas"": ""3.0.3"", ""qutip"": ""5.3.0"", ""stim"": ""1.16.0"", ""gmpy2"": ""2.3.1"", ""nbformat"": ""5.10.4"", ""nbclient"": ""0.11.0""}",Windows,11,Gercom,2026-07-21T22:14:44.983088+00:00,,,,
P15_balanced_factorial,P15_balanced_factorial:three_node:2850bd79d050d075:L3-R:401:m10-intent:0,three_node,2850bd79d050d075,401,m10-intent,L3-R,probabilistic_resource_aware,0,10,10,0.78,0.01,1e-05,,True,,0,False,best candidate's predicted satisfaction probability 0.000 is below admission_threshold=0.5,4.380292877340306e-09,,,0,0.002365,REJECTED,,,,,,,False,,,,,,,,,,False,,,,False,,5e5edd3e823e308483272be3acffd8aaed4f46ca,1f2680a5b9065e708a7497adc53a95b108029b98,3.13.14,2.5.1,"{""pydantic"": ""2.13.4"", ""yaml"": ""6.0.3"", ""networkx"": ""3.6.1"", ""numpy"": ""2.5.1"", ""scipy"": ""1.18.0"", ""matplotlib"": ""3.11.0"", ""pandas"": ""3.0.3"", ""qutip"": ""5.3.0"", ""stim"": ""1.16.0"", ""gmpy2"": ""2.3.1"", ""nbformat"": ""5.10.4"", ""nbclient"": ""0.11.0""}",Windows,11,Gercom,2026-07-21T22:14:52.190524+00:00,,,,
P15_balanced_factorial,P15_balanced_factorial:three_node:2850bd79d050d075:L3-R:402:m10-intent:0,three_node,2850bd79d050d075,402,m10-intent,L3-R,probabilistic_resource_aware,0,10,10,0.78,0.01,1e-05,,True,,0,False,best candidate's predicted satisfaction probability 0.000 is below admission_threshold=0.5,4.380292877340306e-09,,,0,0.004042,REJECTED,,,,,,,False,,,,,,,,,,False,,,,False,,5e5edd3e823e308483272be3acffd8aaed4f46ca,1f2680a5b9065e708a7497adc53a95b108029b98,3.13.14,2.5.1,"{""pydantic"": ""2.13.4"", ""yaml"": ""6.0.3"", ""networkx"": ""3.6.1"", ""numpy"": ""2.5.1"", ""scipy"": ""1.18.0"", ""matplotlib"": ""3.11.0"", ""pandas"": ""3.0.3"", ""qutip"": ""5.3.0"", ""stim"": ""1.16.0"", ""gmpy2"": ""2.3.1"", ""nbformat"": ""5.10.4"", ""nbclient"": ""0.11.0""}",Windows,11,Gercom,2026-07-21T22:14:59.936987+00:00,,,,
P15_balanced_factorial,P15_balanced_factorial:three_node:2850bd79d050d075:L3-R:403:m10-intent:0,three_node,2850bd79d050d075,403,m10-intent,L3-R,probabilistic_resource_aware,0,10,10,0.78,0.01,1e-05,,True,,0,False,best candidate's predicted satisfaction probability 0.000 is below admission_threshold=0.5,4.380292877340306e-09,,,0,0.003381,REJECTED,,,,,,,False,,,,,,,,,,False,,,,False,,5e5edd3e823e308483272be3acffd8aaed4f46ca,1f2680a5b9065e708a7497adc53a95b108029b98,3.13.14,2.5.1,"{""pydantic"": ""2.13.4"", ""yaml"": ""6.0.3"", ""networkx"": ""3.6.1"", ""numpy"": ""2.5.1"", ""scipy"": ""1.18.0"", ""matplotlib"": ""3.11.0"", ""pandas"": ""3.0.3"", ""qutip"": ""5.3.0"", ""stim"": ""1.16.0"", ""gmpy2"": ""2.3.1"", ""nbformat"": ""5.10.4"", ""nbclient"": ""0.11.0""}",Windows,11,Gercom,2026-07-21T22:15:09.846544+00:00,,,,
P15_balanced_factorial,P15_balanced_factorial:three_node:2850bd79d050d075:L3-R:404:m10-intent:0,three_node,2850bd79d050d075,404,m10-intent,L3-R,probabilistic_resource_aware,0,10,10,0.78,0.01,1e-05,,True,,0,False,best candidate's predicted satisfaction probability 0.000 is below admission_threshold=0.5,4.380292877340306e-09,,,0,0.002545,REJECTED,,,,,,,False,,,,,,,,,,False,,,,False,,5e5edd3e823e308483272be3acffd8aaed4f46ca,1f2680a5b9065e708a7497adc53a95b108029b98,3.13.14,2.5.1,"{""pydantic"": ""2.13.4"", ""yaml"": ""6.0.3"", ""networkx"": ""3.6.1"", ""numpy"": ""2.5.1"", ""scipy"": ""1.18.0"", ""matplotlib"": ""3.11.0"", ""pandas"": ""3.0.3"", ""qutip"": ""5.3.0"", ""stim"": ""1.16.0"", ""gmpy2"": ""2.3.1"", ""nbformat"": ""5.10.4"", ""nbclient"": ""0.11.0""}",Windows,11,Gercom,2026-07-21T22:15:18.230913+00:00,,,,
P15_balanced_factorial,P15_balanced_factorial:three_node:4febdcbc88a91f50:L2-R:400:m10-intent:0,three_node,4febdcbc88a91f50,400,m10-intent,L2-R,iterative_resource_aware,0,4,10,0.78,0.05,1e-05,,True,,0,False,DELIVERY_TARGET_EXCEEDS_WINDOW,,,,0,0.00045,REJECTED,,,,,,,False,,,,,,,,,,False,,,,False,,5e5edd3e823e308483272be3acffd8aaed4f46ca,1f2680a5b9065e708a7497adc53a95b108029b98,3.13.14,2.5.1,"{""pydantic"": ""2.13.4"", ""yaml"": ""6.0.3"", ""networkx"": ""3.6.1"", ""numpy"": ""2.5.1"", ""scipy"": ""1.18.0"", ""matplotlib"": ""3.11.0"", ""pandas"": ""3.0.3"", ""qutip"": ""5.3.0"", ""stim"": ""1.16.0"", ""gmpy2"": ""2.3.1"", ""nbformat"": ""5.10.4"", ""nbclient"": ""0.11.0""}",Windows,11,Gercom,2026-07-21T22:15:28.492784+00:00,,,,
P15_balanced_factorial,P15_balanced_factorial:three_node:4febdcbc88a91f50:L2-R:401:m10-intent:0,three_node,4febdcbc88a91f50,401,m10-intent,L2-R,iterative_resource_aware,0,4,10,0.78,0.05,1e-05,,True,,0,False,DELIVERY_TARGET_EXCEEDS_WINDOW,,,,0,0.000869,REJECTED,,,,,,,False,,,,,,,,,,False,,,,False,,5e5edd3e823e308483272be3acffd8aaed4f46ca,1f2680a5b9065e708a7497adc53a95b108029b98,3.13.14,2.5.1,"{""pydantic"": ""2.13.4"", ""yaml"": ""6.0.3"", ""networkx"": ""3.6.1"", ""numpy"": ""2.5.1"", ""scipy"": ""1.18.0"", ""matplotlib"": ""3.11.0"", ""pandas"": ""3.0.3"", ""qutip"": ""5.3.0"", ""stim"": ""1.16.0"", ""gmpy2"": ""2.3.1"", ""nbformat"": ""5.10.4"", ""nbclient"": ""0.11.0""}",Windows,11,Gercom,2026-07-21T22:15:36.110708+00:00,,,,
P15_balanced_factorial,P15_balanced_factorial:three_node:4febdcbc88a91f50:L2-R:402:m10-intent:0,three_node,4febdcbc88a91f50,402,m10-intent,L2-R,iterative_resource_aware,0,4,10,0.78,0.05,1e-05,,True,,0,False,DELIVERY_TARGET_EXCEEDS_WINDOW,,,,0,0.000692,REJECTED,,,,,,,False,,,,,,,,,,False,,,,False,,5e5edd3e823e308483272be3acffd8aaed4f46ca,1f2680a5b9065e708a7497adc53a95b108029b98,3.13.14,2.5.1,"{""pydantic"": ""2.13.4"", ""yaml"": ""6.0.3"", ""networkx"": ""3.6.1"", ""numpy"": ""2.5.1"", ""scipy"": ""1.18.0"", ""matplotlib"": ""3.11.0"", ""pandas"": ""3.0.3"", ""qutip"": ""5.3.0"", ""stim"": ""1.16.0"", ""gmpy2"": ""2.3.1"", ""nbformat"": ""5.10.4"", ""nbclient"": ""0.11.0""}",Windows,11,Gercom,2026-07-21T22:15:44.467749+00:00,,,,
P15_balanced_factorial,P15_balanced_factorial:three_node:4febdcbc88a91f50:L2-R:403:m10-intent:0,three_node,4febdcbc88a91f50,403,m10-intent,L2-R,iterative_resource_aware,0,4,10,0.78,0.05,1e-05,,True,,0,False,DELIVERY_TARGET_EXCEEDS_WINDOW,,,,0,0.000654,REJECTED,,,,,,,False,,,,,,,,,,False,,,,False,,5e5edd3e823e308483272be3acffd8aaed4f46ca,1f2680a5b9065e708a7497adc53a95b108029b98,3.13.14,2.5.1,"{""pydantic"": ""2.13.4"", ""yaml"": ""6.0.3"", ""networkx"": ""3.6.1"", ""numpy"": ""2.5.1"", ""scipy"": ""1.18.0"", ""matplotlib"": ""3.11.0"", ""pandas"": ""3.0.3"", ""qutip"": ""5.3.0"", ""stim"": ""1.16.0"", ""gmpy2"": ""2.3.1"", ""nbformat"": ""5.10.4"", ""nbclient"": ""0.11.0""}",Windows,11,Gercom,2026-07-21T22:15:52.195263+00:00,,,,
P15_balanced_factorial,P15_balanced_factorial:three_node:4febdcbc88a91f50:L2-R:404:m10-intent:0,three_node,4febdcbc88a91f50,404,m10-intent,L2-R,iterative_resource_aware,0,4,10,0.78,0.05,1e-05,,True,,0,False,DELIVERY_TARGET_EXCEEDS_WINDOW,,,,0,0.000705,REJECTED,,,,,,,False,,,,,,,,,,False,,,,False,,5e5edd3e823e308483272be3acffd8aaed4f46ca,1f2680a5b9065e708a7497adc53a95b108029b98,3.13.14,2.5.1,"{""pydantic"": ""2.13.4"", ""yaml"": ""6.0.3"", ""networkx"": ""3.6.1"", ""numpy"": ""2.5.1"", ""scipy"": ""1.18.0"", ""matplotlib"": ""3.11.0"", ""pandas"": ""3.0.3"", ""qutip"": ""5.3.0"", ""stim"": ""1.16.0"", ""gmpy2"": ""2.3.1"", ""nbformat"": ""5.10.4"", ""nbclient"": ""0.11.0""}",Windows,11,Gercom,2026-07-21T22:15:59.548476+00:00,,,,
P15_balanced_factorial,P15_balanced_factorial:three_node:4febdcbc88a91f50:L3-R:400:m10-intent:0,three_node,4febdcbc88a91f50,400,m10-intent,L3-R,probabilistic_resource_aware,0,4,10,0.78,0.05,1e-05,,True,,0,False,best candidate's predicted satisfaction probability 0.000 is below admission_threshold=0.5,2.377155951189691e-06,,,0,0.020867,REJECTED,,,,,,,False,,,,,,,,,,False,,,,False,,5e5edd3e823e308483272be3acffd8aaed4f46ca,1f2680a5b9065e708a7497adc53a95b108029b98,3.13.14,2.5.1,"{""pydantic"": ""2.13.4"", ""yaml"": ""6.0.3"", ""networkx"": ""3.6.1"", ""numpy"": ""2.5.1"", ""scipy"": ""1.18.0"", ""matplotlib"": ""3.11.0"", ""pandas"": ""3.0.3"", ""qutip"": ""5.3.0"", ""stim"": ""1.16.0"", ""gmpy2"": ""2.3.1"", ""nbformat"": ""5.10.4"", ""nbclient"": ""0.11.0""}",Windows,11,Gercom,2026-07-21T22:16:06.785521+00:00,,,,
P15_balanced_factorial,P15_balanced_factorial:three_node:4febdcbc88a91f50:L3-R:401:m10-intent:0,three_node,4febdcbc88a91f50,401,m10-intent,L3-R,probabilistic_resource_aware,0,4,10,0.78,0.05,1e-05,,True,,0,False,best candidate's predicted satisfaction probability 0.000 is below admission_threshold=0.5,2.377155951189691e-06,,,0,0.002516,REJECTED,,,,,,,False,,,,,,,,,,False,,,,False,,5e5edd3e823e308483272be3acffd8aaed4f46ca,1f2680a5b9065e708a7497adc53a95b108029b98,3.13.14,2.5.1,"{""pydantic"": ""2.13.4"", ""yaml"": ""6.0.3"", ""networkx"": ""3.6.1"", ""numpy"": ""2.5.1"", ""scipy"": ""1.18.0"", ""matplotlib"": ""3.11.0"", ""pandas"": ""3.0.3"", ""qutip"": ""5.3.0"", ""stim"": ""1.16.0"", ""gmpy2"": ""2.3.1"", ""nbformat"": ""5.10.4"", ""nbclient"": ""0.11.0""}",Windows,11,Gercom,2026-07-21T22:16:13.949685+00:00,,,,
P15_balanced_factorial,P15_balanced_factorial:three_node:4febdcbc88a91f50:L3-R:402:m10-intent:0,three_node,4febdcbc88a91f50,402,m10-intent,L3-R,probabilistic_resource_aware,0,4,10,0.78,0.05,1e-05,,True,,0,False,best candidate's predicted satisfaction probability 0.000 is below admission_threshold=0.5,2.377155951189691e-06,,,0,0.002472,REJECTED,,,,,,,False,,,,,,,,,,False,,,,False,,5e5edd3e823e308483272be3acffd8aaed4f46ca,1f2680a5b9065e708a7497adc53a95b108029b98,3.13.14,2.5.1,"{""pydantic"": ""2.13.4"", ""yaml"": ""6.0.3"", ""networkx"": ""3.6.1"", ""numpy"": ""2.5.1"", ""scipy"": ""1.18.0"", ""matplotlib"": ""3.11.0"", ""pandas"": ""3.0.3"", ""qutip"": ""5.3.0"", ""stim"": ""1.16.0"", ""gmpy2"": ""2.3.1"", ""nbformat"": ""5.10.4"", ""nbclient"": ""0.11.0""}",Windows,11,Gercom,2026-07-21T22:16:21.055225+00:00,,,,
P15_balanced_factorial,P15_balanced_factorial:three_node:4febdcbc88a91f50:L3-R:403:m10-intent:0,three_node,4febdcbc88a91f50,403,m10-intent,L3-R,probabilistic_resource_aware,0,4,10,0.78,0.05,1e-05,,True,,0,False,best candidate's predicted satisfaction probability 0.000 is below admission_threshold=0.5,2.377155951189691e-06,,,0,0.002648,REJECTED,,,,,,,False,,,,,,,,,,False,,,,False,,5e5edd3e823e308483272be3acffd8aaed4f46ca,1f2680a5b9065e708a7497adc53a95b108029b98,3.13.14,2.5.1,"{""pydantic"": ""2.13.4"", ""yaml"": ""6.0.3"", ""networkx"": ""3.6.1"", ""numpy"": ""2.5.1"", ""scipy"": ""1.18.0"", ""matplotlib"": ""3.11.0"", ""pandas"": ""3.0.3"", ""qutip"": ""5.3.0"", ""stim"": ""1.16.0"", ""gmpy2"": ""2.3.1"", ""nbformat"": ""5.10.4"", ""nbclient"": ""0.11.0""}",Windows,11,Gercom,2026-07-21T22:16:28.267939+00:00,,,,
P15_balanced_factorial,P15_balanced_factorial:three_node:4febdcbc88a91f50:L3-R:404:m10-intent:0,three_node,4febdcbc88a91f50,404,m10-intent,L3-R,L3-R,0,4,10,0.78,0.05,,,True,,,True,,,,,,,TIMEOUT,,,,,,90,True,90,,,,,,,,,,,,,,,,,3.13.14,,,,,,2026-07-22T11:58:41.265950+00:00,,,,
P15_balanced_factorial,P15_balanced_factorial:three_node:01844bf55ab5fb49:L2-R:400:m10-intent:0,three_node,01844bf55ab5fb49,400,m10-intent,L2-R,iterative_resource_aware,0,10,10,0.78,0.05,1e-05,,True,,0,False,DELIVERY_TARGET_EXCEEDS_WINDOW,,,,0,0.000542,REJECTED,,,,,,,False,,,,,,,,,,False,,,,False,,5e5edd3e823e308483272be3acffd8aaed4f46ca,1f2680a5b9065e708a7497adc53a95b108029b98,3.13.14,2.5.1,"{""pydantic"": ""2.13.4"", ""yaml"": ""6.0.3"", ""networkx"": ""3.6.1"", ""numpy"": ""2.5.1"", ""scipy"": ""1.18.0"", ""matplotlib"": ""3.11.0"", ""pandas"": ""3.0.3"", ""qutip"": ""5.3.0"", ""stim"": ""1.16.0"", ""gmpy2"": ""2.3.1"", ""nbformat"": ""5.10.4"", ""nbclient"": ""0.11.0""}",Windows,11,Gercom,2026-07-22T11:58:56.651457+00:00,,,,
P15_balanced_factorial,P15_balanced_factorial:three_node:01844bf55ab5fb49:L2-R:401:m10-intent:0,three_node,01844bf55ab5fb49,401,m10-intent,L2-R,iterative_resource_aware,0,10,10,0.78,0.05,1e-05,,True,,0,False,DELIVERY_TARGET_EXCEEDS_WINDOW,,,,0,0.000401,REJECTED,,,,,,,False,,,,,,,,,,False,,,,False,,5e5edd3e823e308483272be3acffd8aaed4f46ca,1f2680a5b9065e708a7497adc53a95b108029b98,3.13.14,2.5.1,"{""pydantic"": ""2.13.4"", ""yaml"": ""6.0.3"", ""networkx"": ""3.6.1"", ""numpy"": ""2.5.1"", ""scipy"": ""1.18.0"", ""matplotlib"": ""3.11.0"", ""pandas"": ""3.0.3"", ""qutip"": ""5.3.0"", ""stim"": ""1.16.0"", ""gmpy2"": ""2.3.1"", ""nbformat"": ""5.10.4"", ""nbclient"": ""0.11.0""}",Windows,11,Gercom,2026-07-22T11:59:07.981628+00:00,,,,
P15_balanced_factorial,P15_balanced_factorial:three_node:01844bf55ab5fb49:L2-R:402:m10-intent:0,three_node,01844bf55ab5fb49,402,m10-intent,L2-R,iterative_resource_aware,0,10,10,0.78,0.05,1e-05,,True,,0,False,DELIVERY_TARGET_EXCEEDS_WINDOW,,,,0,0.004617,REJECTED,,,,,,,False,,,,,,,,,,False,,,,False,,5e5edd3e823e308483272be3acffd8aaed4f46ca,1f2680a5b9065e708a7497adc53a95b108029b98,3.13.14,2.5.1,"{""pydantic"": ""2.13.4"", ""yaml"": ""6.0.3"", ""networkx"": ""3.6.1"", ""numpy"": ""2.5.1"", ""scipy"": ""1.18.0"", ""matplotlib"": ""3.11.0"", ""pandas"": ""3.0.3"", ""qutip"": ""5.3.0"", ""stim"": ""1.16.0"", ""gmpy2"": ""2.3.1"", ""nbformat"": ""5.10.4"", ""nbclient"": ""0.11.0""}",Windows,11,Gercom,2026-07-22T11:59:14.472308+00:00,,,,
P15_balanced_factorial,P15_balanced_factorial:three_node:01844bf55ab5fb49:L2-R:403:m10-intent:0,three_node,01844bf55ab5fb49,403,m10-intent,L2-R,iterative_resource_aware,0,10,10,0.78,0.05,1e-05,,True,,0,False,DELIVERY_TARGET_EXCEEDS_WINDOW,,,,0,0.000387,REJECTED,,,,,,,False,,,,,,,,,,False,,,,False,,5e5edd3e823e308483272be3acffd8aaed4f46ca,1f2680a5b9065e708a7497adc53a95b108029b98,3.13.14,2.5.1,"{""pydantic"": ""2.13.4"", ""yaml"": ""6.0.3"", ""networkx"": ""3.6.1"", ""numpy"": ""2.5.1"", ""scipy"": ""1.18.0"", ""matplotlib"": ""3.11.0"", ""pandas"": ""3.0.3"", ""qutip"": ""5.3.0"", ""stim"": ""1.16.0"", ""gmpy2"": ""2.3.1"", ""nbformat"": ""5.10.4"", ""nbclient"": ""0.11.0""}",Windows,11,Gercom,2026-07-22T11:59:22.401072+00:00,,,,
P15_balanced_factorial,P15_balanced_factorial:three_node:01844bf55ab5fb49:L2-R:404:m10-intent:0,three_node,01844bf55ab5fb49,404,m10-intent,L2-R,iterative_resource_aware,0,10,10,0.78,0.05,1e-05,,True,,0,False,DELIVERY_TARGET_EXCEEDS_WINDOW,,,,0,0.00039,REJECTED,,,,,,,False,,,,,,,,,,False,,,,False,,5e5edd3e823e308483272be3acffd8aaed4f46ca,1f2680a5b9065e708a7497adc53a95b108029b98,3.13.14,2.5.1,"{""pydantic"": ""2.13.4"", ""yaml"": ""6.0.3"", ""networkx"": ""3.6.1"", ""numpy"": ""2.5.1"", ""scipy"": ""1.18.0"", ""matplotlib"": ""3.11.0"", ""pandas"": ""3.0.3"", ""qutip"": ""5.3.0"", ""stim"": ""1.16.0"", ""gmpy2"": ""2.3.1"", ""nbformat"": ""5.10.4"", ""nbclient"": ""0.11.0""}",Windows,11,Gercom,2026-07-22T11:59:28.001235+00:00,,,,
P15_balanced_factorial,P15_balanced_factorial:three_node:01844bf55ab5fb49:L3-R:400:m10-intent:0,three_node,01844bf55ab5fb49,400,m10-intent,L3-R,probabilistic_resource_aware,0,10,10,0.78,0.05,1e-05,,True,,0,False,best candidate's predicted satisfaction probability 0.003 is below admission_threshold=0.5,0.0034641884452018905,,,0,0.00745,REJECTED,,,,,,,False,,,,,,,,,,False,,,,False,,5e5edd3e823e308483272be3acffd8aaed4f46ca,1f2680a5b9065e708a7497adc53a95b108029b98,3.13.14,2.5.1,"{""pydantic"": ""2.13.4"", ""yaml"": ""6.0.3"", ""networkx"": ""3.6.1"", ""numpy"": ""2.5.1"", ""scipy"": ""1.18.0"", ""matplotlib"": ""3.11.0"", ""pandas"": ""3.0.3"", ""qutip"": ""5.3.0"", ""stim"": ""1.16.0"", ""gmpy2"": ""2.3.1"", ""nbformat"": ""5.10.4"", ""nbclient"": ""0.11.0""}",Windows,11,Gercom,2026-07-22T11:59:34.820753+00:00,,,,
P15_balanced_factorial,P15_balanced_factorial:three_node:01844bf55ab5fb49:L3-R:401:m10-intent:0,three_node,01844bf55ab5fb49,401,m10-intent,L3-R,probabilistic_resource_aware,0,10,10,0.78,0.05,1e-05,,True,,0,False,best candidate's predicted satisfaction probability 0.003 is below admission_threshold=0.5,0.0034641884452018905,,,0,0.001362,REJECTED,,,,,,,False,,,,,,,,,,False,,,,False,,5e5edd3e823e308483272be3acffd8aaed4f46ca,1f2680a5b9065e708a7497adc53a95b108029b98,3.13.14,2.5.1,"{""pydantic"": ""2.13.4"", ""yaml"": ""6.0.3"", ""networkx"": ""3.6.1"", ""numpy"": ""2.5.1"", ""scipy"": ""1.18.0"", ""matplotlib"": ""3.11.0"", ""pandas"": ""3.0.3"", ""qutip"": ""5.3.0"", ""stim"": ""1.16.0"", ""gmpy2"": ""2.3.1"", ""nbformat"": ""5.10.4"", ""nbclient"": ""0.11.0""}",Windows,11,Gercom,2026-07-22T11:59:39.320952+00:00,,,,
P15_balanced_factorial,P15_balanced_factorial:three_node:01844bf55ab5fb49:L3-R:402:m10-intent:0,three_node,01844bf55ab5fb49,402,m10-intent,L3-R,probabilistic_resource_aware,0,10,10,0.78,0.05,1e-05,,True,,0,False,best candidate's predicted satisfaction probability 0.003 is below admission_threshold=0.5,0.0034641884452018905,,,0,0.000815,REJECTED,,,,,,,False,,,,,,,,,,False,,,,False,,5e5edd3e823e308483272be3acffd8aaed4f46ca,1f2680a5b9065e708a7497adc53a95b108029b98,3.13.14,2.5.1,"{""pydantic"": ""2.13.4"", ""yaml"": ""6.0.3"", ""networkx"": ""3.6.1"", ""numpy"": ""2.5.1"", ""scipy"": ""1.18.0"", ""matplotlib"": ""3.11.0"", ""pandas"": ""3.0.3"", ""qutip"": ""5.3.0"", ""stim"": ""1.16.0"", ""gmpy2"": ""2.3.1"", ""nbformat"": ""5.10.4"", ""nbclient"": ""0.11.0""}",Windows,11,Gercom,2026-07-22T11:59:42.879379+00:00,,,,
P15_balanced_factorial,P15_balanced_factorial:three_node:01844bf55ab5fb49:L3-R:403:m10-intent:0,three_node,01844bf55ab5fb49,403,m10-intent,L3-R,probabilistic_resource_aware,0,10,10,0.78,0.05,1e-05,,True,,0,False,best candidate's predicted satisfaction probability 0.003 is below admission_threshold=0.5,0.0034641884452018905,,,0,0.000705,REJECTED,,,,,,,False,,,,,,,,,,False,,,,False,,5e5edd3e823e308483272be3acffd8aaed4f46ca,1f2680a5b9065e708a7497adc53a95b108029b98,3.13.14,2.5.1,"{""pydantic"": ""2.13.4"", ""yaml"": ""6.0.3"", ""networkx"": ""3.6.1"", ""numpy"": ""2.5.1"", ""scipy"": ""1.18.0"", ""matplotlib"": ""3.11.0"", ""pandas"": ""3.0.3"", ""qutip"": ""5.3.0"", ""stim"": ""1.16.0"", ""gmpy2"": ""2.3.1"", ""nbformat"": ""5.10.4"", ""nbclient"": ""0.11.0""}",Windows,11,Gercom,2026-07-22T11:59:46.962634+00:00,,,,
P15_balanced_factorial,P15_balanced_factorial:three_node:01844bf55ab5fb49:L3-R:404:m10-intent:0,three_node,01844bf55ab5fb49,404,m10-intent,L3-R,probabilistic_resource_aware,0,10,10,0.78,0.05,1e-05,,True,,0,False,best candidate's predicted satisfaction probability 0.003 is below admission_threshold=0.5,0.0034641884452018905,,,0,0.001253,REJECTED,,,,,,,False,,,,,,,,,,False,,,,False,,5e5edd3e823e308483272be3acffd8aaed4f46ca,1f2680a5b9065e708a7497adc53a95b108029b98,3.13.14,2.5.1,"{""pydantic"": ""2.13.4"", ""yaml"": ""6.0.3"", ""networkx"": ""3.6.1"", ""numpy"": ""2.5.1"", ""scipy"": ""1.18.0"", ""matplotlib"": ""3.11.0"", ""pandas"": ""3.0.3"", ""qutip"": ""5.3.0"", ""stim"": ""1.16.0"", ""gmpy2"": ""2.3.1"", ""nbformat"": ""5.10.4"", ""nbclient"": ""0.11.0""}",Windows,11,Gercom,2026-07-22T11:59:52.212013+00:00,,,,
P15_balanced_factorial,P15_balanced_factorial:four_node:8027fba39fa71234:L2-R:400:m10-intent:0,four_node,8027fba39fa71234,400,m10-intent,L2-R,iterative_resource_aware,0,4,10,0.53,0.01,1e-05,,True,,0,False,DELIVERY_TARGET_EXCEEDS_WINDOW,,,,0,0.000648,REJECTED,,,,,,,False,,,,,,,,,,False,,,,False,,5e5edd3e823e308483272be3acffd8aaed4f46ca,1f2680a5b9065e708a7497adc53a95b108029b98,3.13.14,2.5.1,"{""pydantic"": ""2.13.4"", ""yaml"": ""6.0.3"", ""networkx"": ""3.6.1"", ""numpy"": ""2.5.1"", ""scipy"": ""1.18.0"", ""matplotlib"": ""3.11.0"", ""pandas"": ""3.0.3"", ""qutip"": ""5.3.0"", ""stim"": ""1.16.0"", ""gmpy2"": ""2.3.1"", ""nbformat"": ""5.10.4"", ""nbclient"": ""0.11.0""}",Windows,11,Gercom,2026-07-22T11:59:57.185699+00:00,,,,
P15_balanced_factorial,P15_balanced_factorial:four_node:8027fba39fa71234:L2-R:401:m10-intent:0,four_node,8027fba39fa71234,401,m10-intent,L2-R,iterative_resource_aware,0,4,10,0.53,0.01,1e-05,,True,,0,False,DELIVERY_TARGET_EXCEEDS_WINDOW,,,,0,0.000337,REJECTED,,,,,,,False,,,,,,,,,,False,,,,False,,5e5edd3e823e308483272be3acffd8aaed4f46ca,1f2680a5b9065e708a7497adc53a95b108029b98,3.13.14,2.5.1,"{""pydantic"": ""2.13.4"", ""yaml"": ""6.0.3"", ""networkx"": ""3.6.1"", ""numpy"": ""2.5.1"", ""scipy"": ""1.18.0"", ""matplotlib"": ""3.11.0"", ""pandas"": ""3.0.3"", ""qutip"": ""5.3.0"", ""stim"": ""1.16.0"", ""gmpy2"": ""2.3.1"", ""nbformat"": ""5.10.4"", ""nbclient"": ""0.11.0""}",Windows,11,Gercom,2026-07-22T12:00:02.417944+00:00,,,,
P15_balanced_factorial,P15_balanced_factorial:four_node:8027fba39fa71234:L2-R:402:m10-intent:0,four_node,8027fba39fa71234,402,m10-intent,L2-R,iterative_resource_aware,0,4,10,0.53,0.01,1e-05,,True,,0,False,DELIVERY_TARGET_EXCEEDS_WINDOW,,,,0,0.000316,REJECTED,,,,,,,False,,,,,,,,,,False,,,,False,,5e5edd3e823e308483272be3acffd8aaed4f46ca,1f2680a5b9065e708a7497adc53a95b108029b98,3.13.14,2.5.1,"{""pydantic"": ""2.13.4"", ""yaml"": ""6.0.3"", ""networkx"": ""3.6.1"", ""numpy"": ""2.5.1"", ""scipy"": ""1.18.0"", ""matplotlib"": ""3.11.0"", ""pandas"": ""3.0.3"", ""qutip"": ""5.3.0"", ""stim"": ""1.16.0"", ""gmpy2"": ""2.3.1"", ""nbformat"": ""5.10.4"", ""nbclient"": ""0.11.0""}",Windows,11,Gercom,2026-07-22T12:00:07.917648+00:00,,,,
P15_balanced_factorial,P15_balanced_factorial:four_node:8027fba39fa71234:L2-R:403:m10-intent:0,four_node,8027fba39fa71234,403,m10-intent,L2-R,iterative_resource_aware,0,4,10,0.53,0.01,1e-05,,True,,0,False,DELIVERY_TARGET_EXCEEDS_WINDOW,,,,0,0.000407,REJECTED,,,,,,,False,,,,,,,,,,False,,,,False,,5e5edd3e823e308483272be3acffd8aaed4f46ca,1f2680a5b9065e708a7497adc53a95b108029b98,3.13.14,2.5.1,"{""pydantic"": ""2.13.4"", ""yaml"": ""6.0.3"", ""networkx"": ""3.6.1"", ""numpy"": ""2.5.1"", ""scipy"": ""1.18.0"", ""matplotlib"": ""3.11.0"", ""pandas"": ""3.0.3"", ""qutip"": ""5.3.0"", ""stim"": ""1.16.0"", ""gmpy2"": ""2.3.1"", ""nbformat"": ""5.10.4"", ""nbclient"": ""0.11.0""}",Windows,11,Gercom,2026-07-22T12:00:12.953768+00:00,,,,
P15_balanced_factorial,P15_balanced_factorial:four_node:8027fba39fa71234:L2-R:404:m10-intent:0,four_node,8027fba39fa71234,404,m10-intent,L2-R,iterative_resource_aware,0,4,10,0.53,0.01,1e-05,,True,,0,False,DELIVERY_TARGET_EXCEEDS_WINDOW,,,,0,0.000166,REJECTED,,,,,,,False,,,,,,,,,,False,,,,False,,5e5edd3e823e308483272be3acffd8aaed4f46ca,1f2680a5b9065e708a7497adc53a95b108029b98,3.13.14,2.5.1,"{""pydantic"": ""2.13.4"", ""yaml"": ""6.0.3"", ""networkx"": ""3.6.1"", ""numpy"": ""2.5.1"", ""scipy"": ""1.18.0"", ""matplotlib"": ""3.11.0"", ""pandas"": ""3.0.3"", ""qutip"": ""5.3.0"", ""stim"": ""1.16.0"", ""gmpy2"": ""2.3.1"", ""nbformat"": ""5.10.4"", ""nbclient"": ""0.11.0""}",Windows,11,Gercom,2026-07-22T12:00:17.062293+00:00,,,,
P15_balanced_factorial,P15_balanced_factorial:four_node:8027fba39fa71234:L3-R:400:m10-intent:0,four_node,8027fba39fa71234,400,m10-intent,L3-R,probabilistic_resource_aware,0,4,10,0.53,0.01,1e-05,,True,,0,False,best candidate's predicted satisfaction probability 0.002 is below admission_threshold=0.5,0.0022439822064825457,,,0,0.000746,REJECTED,,,,,,,False,,,,,,,,,,False,,,,False,,5e5edd3e823e308483272be3acffd8aaed4f46ca,1f2680a5b9065e708a7497adc53a95b108029b98,3.13.14,2.5.1,"{""pydantic"": ""2.13.4"", ""yaml"": ""6.0.3"", ""networkx"": ""3.6.1"", ""numpy"": ""2.5.1"", ""scipy"": ""1.18.0"", ""matplotlib"": ""3.11.0"", ""pandas"": ""3.0.3"", ""qutip"": ""5.3.0"", ""stim"": ""1.16.0"", ""gmpy2"": ""2.3.1"", ""nbformat"": ""5.10.4"", ""nbclient"": ""0.11.0""}",Windows,11,Gercom,2026-07-22T12:00:21.948508+00:00,,,,
P15_balanced_factorial,P15_balanced_factorial:four_node:8027fba39fa71234:L3-R:401:m10-intent:0,four_node,8027fba39fa71234,401,m10-intent,L3-R,probabilistic_resource_aware,0,4,10,0.53,0.01,1e-05,,True,,0,False,best candidate's predicted satisfaction probability 0.002 is below admission_threshold=0.5,0.0022439822064825457,,,0,0.001395,REJECTED,,,,,,,False,,,,,,,,,,False,,,,False,,5e5edd3e823e308483272be3acffd8aaed4f46ca,1f2680a5b9065e708a7497adc53a95b108029b98,3.13.14,2.5.1,"{""pydantic"": ""2.13.4"", ""yaml"": ""6.0.3"", ""networkx"": ""3.6.1"", ""numpy"": ""2.5.1"", ""scipy"": ""1.18.0"", ""matplotlib"": ""3.11.0"", ""pandas"": ""3.0.3"", ""qutip"": ""5.3.0"", ""stim"": ""1.16.0"", ""gmpy2"": ""2.3.1"", ""nbformat"": ""5.10.4"", ""nbclient"": ""0.11.0""}",Windows,11,Gercom,2026-07-22T12:00:26.616991+00:00,,,,
P15_balanced_factorial,P15_balanced_factorial:four_node:8027fba39fa71234:L3-R:402:m10-intent:0,four_node,8027fba39fa71234,402,m10-intent,L3-R,probabilistic_resource_aware,0,4,10,0.53,0.01,1e-05,,True,,0,False,best candidate's predicted satisfaction probability 0.002 is below admission_threshold=0.5,0.0022439822064825457,,,0,0.001734,REJECTED,,,,,,,False,,,,,,,,,,False,,,,False,,5e5edd3e823e308483272be3acffd8aaed4f46ca,1f2680a5b9065e708a7497adc53a95b108029b98,3.13.14,2.5.1,"{""pydantic"": ""2.13.4"", ""yaml"": ""6.0.3"", ""networkx"": ""3.6.1"", ""numpy"": ""2.5.1"", ""scipy"": ""1.18.0"", ""matplotlib"": ""3.11.0"", ""pandas"": ""3.0.3"", ""qutip"": ""5.3.0"", ""stim"": ""1.16.0"", ""gmpy2"": ""2.3.1"", ""nbformat"": ""5.10.4"", ""nbclient"": ""0.11.0""}",Windows,11,Gercom,2026-07-22T12:00:31.729458+00:00,,,,
P15_balanced_factorial,P15_balanced_factorial:four_node:8027fba39fa71234:L3-R:403:m10-intent:0,four_node,8027fba39fa71234,403,m10-intent,L3-R,probabilistic_resource_aware,0,4,10,0.53,0.01,1e-05,,True,,0,False,best candidate's predicted satisfaction probability 0.002 is below admission_threshold=0.5,0.0022439822064825457,,,0,0.001585,REJECTED,,,,,,,False,,,,,,,,,,False,,,,False,,5e5edd3e823e308483272be3acffd8aaed4f46ca,1f2680a5b9065e708a7497adc53a95b108029b98,3.13.14,2.5.1,"{""pydantic"": ""2.13.4"", ""yaml"": ""6.0.3"", ""networkx"": ""3.6.1"", ""numpy"": ""2.5.1"", ""scipy"": ""1.18.0"", ""matplotlib"": ""3.11.0"", ""pandas"": ""3.0.3"", ""qutip"": ""5.3.0"", ""stim"": ""1.16.0"", ""gmpy2"": ""2.3.1"", ""nbformat"": ""5.10.4"", ""nbclient"": ""0.11.0""}",Windows,11,Gercom,2026-07-22T12:00:37.022023+00:00,,,,
P15_balanced_factorial,P15_balanced_factorial:four_node:8027fba39fa71234:L3-R:404:m10-intent:0,four_node,8027fba39fa71234,404,m10-intent,L3-R,probabilistic_resource_aware,0,4,10,0.53,0.01,1e-05,,True,,0,False,best candidate's predicted satisfaction probability 0.002 is below admission_threshold=0.5,0.0022439822064825457,,,0,0.00097,REJECTED,,,,,,,False,,,,,,,,,,False,,,,False,,5e5edd3e823e308483272be3acffd8aaed4f46ca,1f2680a5b9065e708a7497adc53a95b108029b98,3.13.14,2.5.1,"{""pydantic"": ""2.13.4"", ""yaml"": ""6.0.3"", ""networkx"": ""3.6.1"", ""numpy"": ""2.5.1"", ""scipy"": ""1.18.0"", ""matplotlib"": ""3.11.0"", ""pandas"": ""3.0.3"", ""qutip"": ""5.3.0"", ""stim"": ""1.16.0"", ""gmpy2"": ""2.3.1"", ""nbformat"": ""5.10.4"", ""nbclient"": ""0.11.0""}",Windows,11,Gercom,2026-07-22T12:00:40.708898+00:00,,,,
P15_balanced_factorial,P15_balanced_factorial:four_node:5791cbf2c7f0ac79:L2-R:400:m10-intent:0,four_node,5791cbf2c7f0ac79,400,m10-intent,L2-R,iterative_resource_aware,0,10,10,0.53,0.01,1e-05,,True,,0,False,DELIVERY_TARGET_EXCEEDS_WINDOW,,,,0,0.000177,REJECTED,,,,,,,False,,,,,,,,,,False,,,,False,,5e5edd3e823e308483272be3acffd8aaed4f46ca,1f2680a5b9065e708a7497adc53a95b108029b98,3.13.14,2.5.1,"{""pydantic"": ""2.13.4"", ""yaml"": ""6.0.3"", ""networkx"": ""3.6.1"", ""numpy"": ""2.5.1"", ""scipy"": ""1.18.0"", ""matplotlib"": ""3.11.0"", ""pandas"": ""3.0.3"", ""qutip"": ""5.3.0"", ""stim"": ""1.16.0"", ""gmpy2"": ""2.3.1"", ""nbformat"": ""5.10.4"", ""nbclient"": ""0.11.0""}",Windows,11,Gercom,2026-07-22T12:00:45.628484+00:00,,,,
P15_balanced_factorial,P15_balanced_factorial:four_node:5791cbf2c7f0ac79:L2-R:401:m10-intent:0,four_node,5791cbf2c7f0ac79,401,m10-intent,L2-R,iterative_resource_aware,0,10,10,0.53,0.01,1e-05,,True,,0,False,DELIVERY_TARGET_EXCEEDS_WINDOW,,,,0,0.000315,REJECTED,,,,,,,False,,,,,,,,,,False,,,,False,,5e5edd3e823e308483272be3acffd8aaed4f46ca,1f2680a5b9065e708a7497adc53a95b108029b98,3.13.14,2.5.1,"{""pydantic"": ""2.13.4"", ""yaml"": ""6.0.3"", ""networkx"": ""3.6.1"", ""numpy"": ""2.5.1"", ""scipy"": ""1.18.0"", ""matplotlib"": ""3.11.0"", ""pandas"": ""3.0.3"", ""qutip"": ""5.3.0"", ""stim"": ""1.16.0"", ""gmpy2"": ""2.3.1"", ""nbformat"": ""5.10.4"", ""nbclient"": ""0.11.0""}",Windows,11,Gercom,2026-07-22T12:00:50.576362+00:00,,,,
P15_balanced_factorial,P15_balanced_factorial:four_node:5791cbf2c7f0ac79:L2-R:402:m10-intent:0,four_node,5791cbf2c7f0ac79,402,m10-intent,L2-R,iterative_resource_aware,0,10,10,0.53,0.01,1e-05,,True,,0,False,DELIVERY_TARGET_EXCEEDS_WINDOW,,,,0,0.000355,REJECTED,,,,,,,False,,,,,,,,,,False,,,,False,,5e5edd3e823e308483272be3acffd8aaed4f46ca,1f2680a5b9065e708a7497adc53a95b108029b98,3.13.14,2.5.1,"{""pydantic"": ""2.13.4"", ""yaml"": ""6.0.3"", ""networkx"": ""3.6.1"", ""numpy"": ""2.5.1"", ""scipy"": ""1.18.0"", ""matplotlib"": ""3.11.0"", ""pandas"": ""3.0.3"", ""qutip"": ""5.3.0"", ""stim"": ""1.16.0"", ""gmpy2"": ""2.3.1"", ""nbformat"": ""5.10.4"", ""nbclient"": ""0.11.0""}",Windows,11,Gercom,2026-07-22T12:00:55.277252+00:00,,,,
P15_balanced_factorial,P15_balanced_factorial:four_node:5791cbf2c7f0ac79:L2-R:403:m10-intent:0,four_node,5791cbf2c7f0ac79,403,m10-intent,L2-R,iterative_resource_aware,0,10,10,0.53,0.01,1e-05,,True,,0,False,DELIVERY_TARGET_EXCEEDS_WINDOW,,,,0,0.000166,REJECTED,,,,,,,False,,,,,,,,,,False,,,,False,,5e5edd3e823e308483272be3acffd8aaed4f46ca,1f2680a5b9065e708a7497adc53a95b108029b98,3.13.14,2.5.1,"{""pydantic"": ""2.13.4"", ""yaml"": ""6.0.3"", ""networkx"": ""3.6.1"", ""numpy"": ""2.5.1"", ""scipy"": ""1.18.0"", ""matplotlib"": ""3.11.0"", ""pandas"": ""3.0.3"", ""qutip"": ""5.3.0"", ""stim"": ""1.16.0"", ""gmpy2"": ""2.3.1"", ""nbformat"": ""5.10.4"", ""nbclient"": ""0.11.0""}",Windows,11,Gercom,2026-07-22T12:00:58.961623+00:00,,,,
P15_balanced_factorial,P15_balanced_factorial:four_node:5791cbf2c7f0ac79:L2-R:404:m10-intent:0,four_node,5791cbf2c7f0ac79,404,m10-intent,L2-R,iterative_resource_aware,0,10,10,0.53,0.01,1e-05,,True,,0,False,DELIVERY_TARGET_EXCEEDS_WINDOW,,,,0,0.000341,REJECTED,,,,,,,False,,,,,,,,,,False,,,,False,,5e5edd3e823e308483272be3acffd8aaed4f46ca,1f2680a5b9065e708a7497adc53a95b108029b98,3.13.14,2.5.1,"{""pydantic"": ""2.13.4"", ""yaml"": ""6.0.3"", ""networkx"": ""3.6.1"", ""numpy"": ""2.5.1"", ""scipy"": ""1.18.0"", ""matplotlib"": ""3.11.0"", ""pandas"": ""3.0.3"", ""qutip"": ""5.3.0"", ""stim"": ""1.16.0"", ""gmpy2"": ""2.3.1"", ""nbformat"": ""5.10.4"", ""nbclient"": ""0.11.0""}",Windows,11,Gercom,2026-07-22T12:01:03.886352+00:00,,,,
P15_balanced_factorial,P15_balanced_factorial:four_node:5791cbf2c7f0ac79:L3-R:400:m10-intent:0,four_node,5791cbf2c7f0ac79,400,m10-intent,L3-R,probabilistic_resource_aware,0,10,10,0.53,0.01,1e-05,,True,,0,False,best candidate's predicted satisfaction probability 0.318 is below admission_threshold=0.5,0.31815276072685167,,,0,0.001512,REJECTED,,,,,,,False,,,,,,,,,,False,,,,False,,5e5edd3e823e308483272be3acffd8aaed4f46ca,1f2680a5b9065e708a7497adc53a95b108029b98,3.13.14,2.5.1,"{""pydantic"": ""2.13.4"", ""yaml"": ""6.0.3"", ""networkx"": ""3.6.1"", ""numpy"": ""2.5.1"", ""scipy"": ""1.18.0"", ""matplotlib"": ""3.11.0"", ""pandas"": ""3.0.3"", ""qutip"": ""5.3.0"", ""stim"": ""1.16.0"", ""gmpy2"": ""2.3.1"", ""nbformat"": ""5.10.4"", ""nbclient"": ""0.11.0""}",Windows,11,Gercom,2026-07-22T12:01:09.247735+00:00,,,,
P15_balanced_factorial,P15_balanced_factorial:four_node:5791cbf2c7f0ac79:L3-R:401:m10-intent:0,four_node,5791cbf2c7f0ac79,401,m10-intent,L3-R,probabilistic_resource_aware,0,10,10,0.53,0.01,1e-05,,True,,0,False,best candidate's predicted satisfaction probability 0.318 is below admission_threshold=0.5,0.31815276072685167,,,0,0.001201,REJECTED,,,,,,,False,,,,,,,,,,False,,,,False,,5e5edd3e823e308483272be3acffd8aaed4f46ca,1f2680a5b9065e708a7497adc53a95b108029b98,3.13.14,2.5.1,"{""pydantic"": ""2.13.4"", ""yaml"": ""6.0.3"", ""networkx"": ""3.6.1"", ""numpy"": ""2.5.1"", ""scipy"": ""1.18.0"", ""matplotlib"": ""3.11.0"", ""pandas"": ""3.0.3"", ""qutip"": ""5.3.0"", ""stim"": ""1.16.0"", ""gmpy2"": ""2.3.1"", ""nbformat"": ""5.10.4"", ""nbclient"": ""0.11.0""}",Windows,11,Gercom,2026-07-22T12:01:13.555049+00:00,,,,
P15_balanced_factorial,P15_balanced_factorial:four_node:5791cbf2c7f0ac79:L3-R:402:m10-intent:0,four_node,5791cbf2c7f0ac79,402,m10-intent,L3-R,probabilistic_resource_aware,0,10,10,0.53,0.01,1e-05,,True,,0,False,best candidate's predicted satisfaction probability 0.318 is below admission_threshold=0.5,0.31815276072685167,,,0,0.000602,REJECTED,,,,,,,False,,,,,,,,,,False,,,,False,,5e5edd3e823e308483272be3acffd8aaed4f46ca,1f2680a5b9065e708a7497adc53a95b108029b98,3.13.14,2.5.1,"{""pydantic"": ""2.13.4"", ""yaml"": ""6.0.3"", ""networkx"": ""3.6.1"", ""numpy"": ""2.5.1"", ""scipy"": ""1.18.0"", ""matplotlib"": ""3.11.0"", ""pandas"": ""3.0.3"", ""qutip"": ""5.3.0"", ""stim"": ""1.16.0"", ""gmpy2"": ""2.3.1"", ""nbformat"": ""5.10.4"", ""nbclient"": ""0.11.0""}",Windows,11,Gercom,2026-07-22T12:01:16.951230+00:00,,,,
P15_balanced_factorial,P15_balanced_factorial:four_node:5791cbf2c7f0ac79:L3-R:403:m10-intent:0,four_node,5791cbf2c7f0ac79,403,m10-intent,L3-R,probabilistic_resource_aware,0,10,10,0.53,0.01,1e-05,,True,,0,False,best candidate's predicted satisfaction probability 0.318 is below admission_threshold=0.5,0.31815276072685167,,,0,0.002055,REJECTED,,,,,,,False,,,,,,,,,,False,,,,False,,5e5edd3e823e308483272be3acffd8aaed4f46ca,1f2680a5b9065e708a7497adc53a95b108029b98,3.13.14,2.5.1,"{""pydantic"": ""2.13.4"", ""yaml"": ""6.0.3"", ""networkx"": ""3.6.1"", ""numpy"": ""2.5.1"", ""scipy"": ""1.18.0"", ""matplotlib"": ""3.11.0"", ""pandas"": ""3.0.3"", ""qutip"": ""5.3.0"", ""stim"": ""1.16.0"", ""gmpy2"": ""2.3.1"", ""nbformat"": ""5.10.4"", ""nbclient"": ""0.11.0""}",Windows,11,Gercom,2026-07-22T12:01:24.767881+00:00,,,,
P15_balanced_factorial,P15_balanced_factorial:four_node:5791cbf2c7f0ac79:L3-R:404:m10-intent:0,four_node,5791cbf2c7f0ac79,404,m10-intent,L3-R,probabilistic_resource_aware,0,10,10,0.53,0.01,1e-05,,True,,0,False,best candidate's predicted satisfaction probability 0.318 is below admission_threshold=0.5,0.31815276072685167,,,0,0.001742,REJECTED,,,,,,,False,,,,,,,,,,False,,,,False,,5e5edd3e823e308483272be3acffd8aaed4f46ca,1f2680a5b9065e708a7497adc53a95b108029b98,3.13.14,2.5.1,"{""pydantic"": ""2.13.4"", ""yaml"": ""6.0.3"", ""networkx"": ""3.6.1"", ""numpy"": ""2.5.1"", ""scipy"": ""1.18.0"", ""matplotlib"": ""3.11.0"", ""pandas"": ""3.0.3"", ""qutip"": ""5.3.0"", ""stim"": ""1.16.0"", ""gmpy2"": ""2.3.1"", ""nbformat"": ""5.10.4"", ""nbclient"": ""0.11.0""}",Windows,11,Gercom,2026-07-22T12:01:35.951021+00:00,,,,
P15_balanced_factorial,P15_balanced_factorial:four_node:d9e7caed7c331e0d:L2-R:400:m10-intent:0,four_node,d9e7caed7c331e0d,400,m10-intent,L2-R,iterative_resource_aware,0,4,10,0.53,0.05,1e-05,,True,a -> r1 -> r2 -> b,3,True,,,16.0,0.5542478124999999,0,0.000854,SATISFIED,True,89,0.5542478124999999,0.5542478124999999,0.0,3.060582,False,,232,90,0,0,0,0,0.06019652501,20b5ffb976f93cedf533318cd9190ebc5c266fbe8c353ed1cc914323e5bdf8ab,False,,,,False,,5e5edd3e823e308483272be3acffd8aaed4f46ca,1f2680a5b9065e708a7497adc53a95b108029b98,3.13.14,2.5.1,"{""pydantic"": ""2.13.4"", ""yaml"": ""6.0.3"", ""networkx"": ""3.6.1"", ""numpy"": ""2.5.1"", ""scipy"": ""1.18.0"", ""matplotlib"": ""3.11.0"", ""pandas"": ""3.0.3"", ""qutip"": ""5.3.0"", ""stim"": ""1.16.0"", ""gmpy2"": ""2.3.1"", ""nbformat"": ""5.10.4"", ""nbclient"": ""0.11.0""}",Windows,11,Gercom,2026-07-22T12:01:48.033749+00:00,,,,
P15_balanced_factorial,P15_balanced_factorial:four_node:d9e7caed7c331e0d:L2-R:401:m10-intent:0,four_node,d9e7caed7c331e0d,401,m10-intent,L2-R,iterative_resource_aware,0,4,10,0.53,0.05,1e-05,,True,a -> r1 -> r2 -> b,3,True,,,16.0,0.5542478124999999,0,0.000581,SATISFIED,True,90,0.5542478124999999,0.5542478124999999,0.0,2.285363,False,,213,91,0,0,0,0,0.06018643751,4c528eda9318f54e54891cdce0ccfad0ecdffd31b980d40ff5792088cb473b20,False,,,,False,,5e5edd3e823e308483272be3acffd8aaed4f46ca,1f2680a5b9065e708a7497adc53a95b108029b98,3.13.14,2.5.1,"{""pydantic"": ""2.13.4"", ""yaml"": ""6.0.3"", ""networkx"": ""3.6.1"", ""numpy"": ""2.5.1"", ""scipy"": ""1.18.0"", ""matplotlib"": ""3.11.0"", ""pandas"": ""3.0.3"", ""qutip"": ""5.3.0"", ""stim"": ""1.16.0"", ""gmpy2"": ""2.3.1"", ""nbformat"": ""5.10.4"", ""nbclient"": ""0.11.0""}",Windows,11,Gercom,2026-07-22T12:01:56.477857+00:00,,,,
P15_balanced_factorial,P15_balanced_factorial:four_node:d9e7caed7c331e0d:L2-R:402:m10-intent:0,four_node,d9e7caed7c331e0d,402,m10-intent,L2-R,iterative_resource_aware,0,4,10,0.53,0.05,1e-05,,True,a -> r1 -> r2 -> b,3,True,,,16.0,0.5542478124999999,0,0.000338,SATISFIED,True,88,0.5542478124999999,0.5542478124999999,0.0,2.967033,False,,210,89,0,0,0,0,0.06017638751,7d8348da4f65527d34ad7bf76f305519062af2c41ec5d491bf66c0904433ef1e,False,,,,False,,5e5edd3e823e308483272be3acffd8aaed4f46ca,1f2680a5b9065e708a7497adc53a95b108029b98,3.13.14,2.5.1,"{""pydantic"": ""2.13.4"", ""yaml"": ""6.0.3"", ""networkx"": ""3.6.1"", ""numpy"": ""2.5.1"", ""scipy"": ""1.18.0"", ""matplotlib"": ""3.11.0"", ""pandas"": ""3.0.3"", ""qutip"": ""5.3.0"", ""stim"": ""1.16.0"", ""gmpy2"": ""2.3.1"", ""nbformat"": ""5.10.4"", ""nbclient"": ""0.11.0""}",Windows,11,Gercom,2026-07-22T12:02:03.289752+00:00,,,,
P15_balanced_factorial,P15_balanced_factorial:four_node:d9e7caed7c331e0d:L2-R:403:m10-intent:0,four_node,d9e7caed7c331e0d,403,m10-intent,L2-R,iterative_resource_aware,0,4,10,0.53,0.05,1e-05,,True,a -> r1 -> r2 -> b,3,True,,,16.0,0.5542478124999999,0,0.000348,SATISFIED,True,89,0.5542478124999999,0.5542478124999999,0.0,2.82022,False,,244,91,0,0,0,0,0.06018141251,ce395cc0eac79adb1c0445ed7423dc89d1d3a7e686e2269678094f2caf35f258,False,,,,False,,5e5edd3e823e308483272be3acffd8aaed4f46ca,1f2680a5b9065e708a7497adc53a95b108029b98,3.13.14,2.5.1,"{""pydantic"": ""2.13.4"", ""yaml"": ""6.0.3"", ""networkx"": ""3.6.1"", ""numpy"": ""2.5.1"", ""scipy"": ""1.18.0"", ""matplotlib"": ""3.11.0"", ""pandas"": ""3.0.3"", ""qutip"": ""5.3.0"", ""stim"": ""1.16.0"", ""gmpy2"": ""2.3.1"", ""nbformat"": ""5.10.4"", ""nbclient"": ""0.11.0""}",Windows,11,Gercom,2026-07-22T12:02:12.676240+00:00,,,,
P15_balanced_factorial,P15_balanced_factorial:four_node:d9e7caed7c331e0d:L2-R:404:m10-intent:0,four_node,d9e7caed7c331e0d,404,m10-intent,L2-R,iterative_resource_aware,0,4,10,0.53,0.05,1e-05,,True,a -> r1 -> r2 -> b,3,True,,,16.0,0.5542478124999999,0,0.000401,SATISFIED,True,84,0.5542478124999999,0.5542478124999999,0.0,2.496156,False,,213,84,0,0,0,0,0.06018141251,e894284fd37192e92f9ce5b5f67210f98453e7ee7a5f5436c9a7883670d9c547,False,,,,False,,5e5edd3e823e308483272be3acffd8aaed4f46ca,1f2680a5b9065e708a7497adc53a95b108029b98,3.13.14,2.5.1,"{""pydantic"": ""2.13.4"", ""yaml"": ""6.0.3"", ""networkx"": ""3.6.1"", ""numpy"": ""2.5.1"", ""scipy"": ""1.18.0"", ""matplotlib"": ""3.11.0"", ""pandas"": ""3.0.3"", ""qutip"": ""5.3.0"", ""stim"": ""1.16.0"", ""gmpy2"": ""2.3.1"", ""nbformat"": ""5.10.4"", ""nbclient"": ""0.11.0""}",Windows,11,Gercom,2026-07-22T12:02:25.995573+00:00,,,,
P15_balanced_factorial,P15_balanced_factorial:four_node:d9e7caed7c331e0d:L3-R:400:m10-intent:0,four_node,d9e7caed7c331e0d,400,m10-intent,L3-R,probabilistic_resource_aware,0,4,10,0.53,0.05,1e-05,,True,a -> r1 -> r2 -> b,3,True,,0.967134367524223,16.551934140348894,0.5542478124999999,0,0.019613,SATISFIED,True,89,0.5542478124999999,0.5542478124999999,0.0,3.405774,False,,232,90,0,0,0,0,0.06019652501,20b5ffb976f93cedf533318cd9190ebc5c266fbe8c353ed1cc914323e5bdf8ab,False,,,,False,,5e5edd3e823e308483272be3acffd8aaed4f46ca,1f2680a5b9065e708a7497adc53a95b108029b98,3.13.14,2.5.1,"{""pydantic"": ""2.13.4"", ""yaml"": ""6.0.3"", ""networkx"": ""3.6.1"", ""numpy"": ""2.5.1"", ""scipy"": ""1.18.0"", ""matplotlib"": ""3.11.0"", ""pandas"": ""3.0.3"", ""qutip"": ""5.3.0"", ""stim"": ""1.16.0"", ""gmpy2"": ""2.3.1"", ""nbformat"": ""5.10.4"", ""nbclient"": ""0.11.0""}",Windows,11,Gercom,2026-07-22T12:02:34.315781+00:00,,,,
P15_balanced_factorial,P15_balanced_factorial:four_node:d9e7caed7c331e0d:L3-R:401:m10-intent:0,four_node,d9e7caed7c331e0d,401,m10-intent,L3-R,probabilistic_resource_aware,0,4,10,0.53,0.05,1e-05,,True,a -> r1 -> r2 -> b,3,True,,0.967134367524223,16.551934140348894,0.5542478124999999,0,0.002254,SATISFIED,True,90,0.5542478124999999,0.5542478124999999,0.0,2.656793,False,,213,91,0,0,0,0,0.06018643751,4c528eda9318f54e54891cdce0ccfad0ecdffd31b980d40ff5792088cb473b20,False,,,,False,,5e5edd3e823e308483272be3acffd8aaed4f46ca,1f2680a5b9065e708a7497adc53a95b108029b98,3.13.14,2.5.1,"{""pydantic"": ""2.13.4"", ""yaml"": ""6.0.3"", ""networkx"": ""3.6.1"", ""numpy"": ""2.5.1"", ""scipy"": ""1.18.0"", ""matplotlib"": ""3.11.0"", ""pandas"": ""3.0.3"", ""qutip"": ""5.3.0"", ""stim"": ""1.16.0"", ""gmpy2"": ""2.3.1"", ""nbformat"": ""5.10.4"", ""nbclient"": ""0.11.0""}",Windows,11,Gercom,2026-07-22T12:02:43.443491+00:00,,,,
P15_balanced_factorial,P15_balanced_factorial:four_node:d9e7caed7c331e0d:L3-R:402:m10-intent:0,four_node,d9e7caed7c331e0d,402,m10-intent,L3-R,probabilistic_resource_aware,0,4,10,0.53,0.05,1e-05,,True,a -> r1 -> r2 -> b,3,True,,0.967134367524223,16.551934140348894,0.5542478124999999,0,0.001472,SATISFIED,True,88,0.5542478124999999,0.5542478124999999,0.0,2.310273,False,,210,89,0,0,0,0,0.06017638751,7d8348da4f65527d34ad7bf76f305519062af2c41ec5d491bf66c0904433ef1e,False,,,,False,,5e5edd3e823e308483272be3acffd8aaed4f46ca,1f2680a5b9065e708a7497adc53a95b108029b98,3.13.14,2.5.1,"{""pydantic"": ""2.13.4"", ""yaml"": ""6.0.3"", ""networkx"": ""3.6.1"", ""numpy"": ""2.5.1"", ""scipy"": ""1.18.0"", ""matplotlib"": ""3.11.0"", ""pandas"": ""3.0.3"", ""qutip"": ""5.3.0"", ""stim"": ""1.16.0"", ""gmpy2"": ""2.3.1"", ""nbformat"": ""5.10.4"", ""nbclient"": ""0.11.0""}",Windows,11,Gercom,2026-07-22T12:02:50.601949+00:00,,,,
P15_balanced_factorial,P15_balanced_factorial:four_node:d9e7caed7c331e0d:L3-R:403:m10-intent:0,four_node,d9e7caed7c331e0d,403,m10-intent,L3-R,probabilistic_resource_aware,0,4,10,0.53,0.05,1e-05,,True,a -> r1 -> r2 -> b,3,True,,0.967134367524223,16.551934140348894,0.5542478124999999,0,0.000724,SATISFIED,True,89,0.5542478124999999,0.5542478124999999,0.0,2.0677,False,,244,91,0,0,0,0,0.06018141251,ce395cc0eac79adb1c0445ed7423dc89d1d3a7e686e2269678094f2caf35f258,False,,,,False,,5e5edd3e823e308483272be3acffd8aaed4f46ca,1f2680a5b9065e708a7497adc53a95b108029b98,3.13.14,2.5.1,"{""pydantic"": ""2.13.4"", ""yaml"": ""6.0.3"", ""networkx"": ""3.6.1"", ""numpy"": ""2.5.1"", ""scipy"": ""1.18.0"", ""matplotlib"": ""3.11.0"", ""pandas"": ""3.0.3"", ""qutip"": ""5.3.0"", ""stim"": ""1.16.0"", ""gmpy2"": ""2.3.1"", ""nbformat"": ""5.10.4"", ""nbclient"": ""0.11.0""}",Windows,11,Gercom,2026-07-22T12:02:56.139748+00:00,,,,
P15_balanced_factorial,P15_balanced_factorial:four_node:d9e7caed7c331e0d:L3-R:404:m10-intent:0,four_node,d9e7caed7c331e0d,404,m10-intent,L3-R,probabilistic_resource_aware,0,4,10,0.53,0.05,1e-05,,True,a -> r1 -> r2 -> b,3,True,,0.967134367524223,16.551934140348894,0.5542478124999999,0,0.001542,SATISFIED,True,84,0.5542478124999999,0.5542478124999999,0.0,2.416725,False,,213,84,0,0,0,0,0.06018141251,e894284fd37192e92f9ce5b5f67210f98453e7ee7a5f5436c9a7883670d9c547,False,,,,False,,5e5edd3e823e308483272be3acffd8aaed4f46ca,1f2680a5b9065e708a7497adc53a95b108029b98,3.13.14,2.5.1,"{""pydantic"": ""2.13.4"", ""yaml"": ""6.0.3"", ""networkx"": ""3.6.1"", ""numpy"": ""2.5.1"", ""scipy"": ""1.18.0"", ""matplotlib"": ""3.11.0"", ""pandas"": ""3.0.3"", ""qutip"": ""5.3.0"", ""stim"": ""1.16.0"", ""gmpy2"": ""2.3.1"", ""nbformat"": ""5.10.4"", ""nbclient"": ""0.11.0""}",Windows,11,Gercom,2026-07-22T12:03:02.381003+00:00,,,,
P15_balanced_factorial,P15_balanced_factorial:four_node:f1b9ac5f59c670ef:L2-R:400:m10-intent:0,four_node,f1b9ac5f59c670ef,400,m10-intent,L2-R,iterative_resource_aware,0,10,10,0.53,0.05,1e-05,,True,a -> r1 -> r2 -> b,3,True,,,41.0,0.5542478124999999,0,0.001084,SATISFIED,True,237,0.5542478124999999,0.5542478124999999,0.0,7.792947,False,,609,238,0,0,0,0,0.06018643751,ef05a2a60f15e64c8b09f9f823a78f6e5346f4e0412a8e329f17094bd73f8c11,False,,,,False,,5e5edd3e823e308483272be3acffd8aaed4f46ca,1f2680a5b9065e708a7497adc53a95b108029b98,3.13.14,2.5.1,"{""pydantic"": ""2.13.4"", ""yaml"": ""6.0.3"", ""networkx"": ""3.6.1"", ""numpy"": ""2.5.1"", ""scipy"": ""1.18.0"", ""matplotlib"": ""3.11.0"", ""pandas"": ""3.0.3"", ""qutip"": ""5.3.0"", ""stim"": ""1.16.0"", ""gmpy2"": ""2.3.1"", ""nbformat"": ""5.10.4"", ""nbclient"": ""0.11.0""}",Windows,11,Gercom,2026-07-22T12:03:15.109519+00:00,,,,
P15_balanced_factorial,P15_balanced_factorial:four_node:f1b9ac5f59c670ef:L2-R:401:m10-intent:0,four_node,f1b9ac5f59c670ef,401,m10-intent,L2-R,iterative_resource_aware,0,10,10,0.53,0.05,1e-05,,True,a -> r1 -> r2 -> b,3,True,,,41.0,0.5542478124999999,0,0.002004,SATISFIED,True,225,0.5542478124999999,0.5542478124999999,0.0,9.163335,False,,585,230,0,0,0,0,0.06019655001,b91e3ffbfb3df6f888863b526ba974f2109122a2232f8e53de1f930a11b9811d,False,,,,False,,5e5edd3e823e308483272be3acffd8aaed4f46ca,1f2680a5b9065e708a7497adc53a95b108029b98,3.13.14,2.5.1,"{""pydantic"": ""2.13.4"", ""yaml"": ""6.0.3"", ""networkx"": ""3.6.1"", ""numpy"": ""2.5.1"", ""scipy"": ""1.18.0"", ""matplotlib"": ""3.11.0"", ""pandas"": ""3.0.3"", ""qutip"": ""5.3.0"", ""stim"": ""1.16.0"", ""gmpy2"": ""2.3.1"", ""nbformat"": ""5.10.4"", ""nbclient"": ""0.11.0""}",Windows,11,Gercom,2026-07-22T12:03:30.304399+00:00,,,,
P15_balanced_factorial,P15_balanced_factorial:four_node:f1b9ac5f59c670ef:L2-R:402:m10-intent:0,four_node,f1b9ac5f59c670ef,402,m10-intent,L2-R,iterative_resource_aware,0,10,10,0.53,0.05,1e-05,,True,a -> r1 -> r2 -> b,3,True,,,41.0,0.5542478124999999,0,0.000329,SATISFIED,True,226,0.5542478124999999,0.5542478124999999,0.0,7.494168,False,,648,229,0,0,0,0,0.06019652501,707890bb14d931672ff434afa3765c787ff60570f8b4c0666f471542a6d1139d,False,,,,False,,5e5edd3e823e308483272be3acffd8aaed4f46ca,1f2680a5b9065e708a7497adc53a95b108029b98,3.13.14,2.5.1,"{""pydantic"": ""2.13.4"", ""yaml"": ""6.0.3"", ""networkx"": ""3.6.1"", ""numpy"": ""2.5.1"", ""scipy"": ""1.18.0"", ""matplotlib"": ""3.11.0"", ""pandas"": ""3.0.3"", ""qutip"": ""5.3.0"", ""stim"": ""1.16.0"", ""gmpy2"": ""2.3.1"", ""nbformat"": ""5.10.4"", ""nbclient"": ""0.11.0""}",Windows,11,Gercom,2026-07-22T12:03:43.495872+00:00,,,,
P15_balanced_factorial,P15_balanced_factorial:four_node:f1b9ac5f59c670ef:L2-R:403:m10-intent:0,four_node,f1b9ac5f59c670ef,403,m10-intent,L2-R,iterative_resource_aware,0,10,10,0.53,0.05,1e-05,,True,a -> r1 -> r2 -> b,3,True,,,41.0,0.5542478124999999,0,0.000445,SATISFIED,True,218,0.5542478124999999,0.5542478124999999,0.0,6.600117,False,,650,220,0,0,0,0,0.06019151251,4310dffaee54453d9e1f79050ca495af763c264de54d5fd8f0e229fdd36fc069,False,,,,False,,5e5edd3e823e308483272be3acffd8aaed4f46ca,1f2680a5b9065e708a7497adc53a95b108029b98,3.13.14,2.5.1,"{""pydantic"": ""2.13.4"", ""yaml"": ""6.0.3"", ""networkx"": ""3.6.1"", ""numpy"": ""2.5.1"", ""scipy"": ""1.18.0"", ""matplotlib"": ""3.11.0"", ""pandas"": ""3.0.3"", ""qutip"": ""5.3.0"", ""stim"": ""1.16.0"", ""gmpy2"": ""2.3.1"", ""nbformat"": ""5.10.4"", ""nbclient"": ""0.11.0""}",Windows,11,Gercom,2026-07-22T12:03:56.184341+00:00,,,,
P15_balanced_factorial,P15_balanced_factorial:four_node:f1b9ac5f59c670ef:L2-R:404:m10-intent:0,four_node,f1b9ac5f59c670ef,404,m10-intent,L2-R,iterative_resource_aware,0,10,10,0.53,0.05,1e-05,,True,a -> r1 -> r2 -> b,3,True,,,41.0,0.5542478124999999,0,0.000217,SATISFIED,True,229,0.5542478124999999,0.5542478124999999,0.0,5.872463,False,,652,233,0,0,0,0,0.06019153751,9b4bb2f57a39d7e1f90949d68b35f3a80361d7368944bfd14aaaedb412c0193d,False,,,,False,,5e5edd3e823e308483272be3acffd8aaed4f46ca,1f2680a5b9065e708a7497adc53a95b108029b98,3.13.14,2.5.1,"{""pydantic"": ""2.13.4"", ""yaml"": ""6.0.3"", ""networkx"": ""3.6.1"", ""numpy"": ""2.5.1"", ""scipy"": ""1.18.0"", ""matplotlib"": ""3.11.0"", ""pandas"": ""3.0.3"", ""qutip"": ""5.3.0"", ""stim"": ""1.16.0"", ""gmpy2"": ""2.3.1"", ""nbformat"": ""5.10.4"", ""nbclient"": ""0.11.0""}",Windows,11,Gercom,2026-07-22T12:04:05.560690+00:00,,,,
P15_balanced_factorial,P15_balanced_factorial:four_node:f1b9ac5f59c670ef:L3-R:400:m10-intent:0,four_node,f1b9ac5f59c670ef,400,m10-intent,L3-R,probabilistic_resource_aware,0,10,10,0.53,0.05,1e-05,,True,a -> r1 -> r2 -> b,3,True,,0.9999999986714984,41.37983535087224,0.5542478124999999,0,0.004696,SATISFIED,True,237,0.5542478124999999,0.5542478124999999,0.0,5.647375,False,,609,238,0,0,0,0,0.06018643751,ef05a2a60f15e64c8b09f9f823a78f6e5346f4e0412a8e329f17094bd73f8c11,False,,,,False,,5e5edd3e823e308483272be3acffd8aaed4f46ca,1f2680a5b9065e708a7497adc53a95b108029b98,3.13.14,2.5.1,"{""pydantic"": ""2.13.4"", ""yaml"": ""6.0.3"", ""networkx"": ""3.6.1"", ""numpy"": ""2.5.1"", ""scipy"": ""1.18.0"", ""matplotlib"": ""3.11.0"", ""pandas"": ""3.0.3"", ""qutip"": ""5.3.0"", ""stim"": ""1.16.0"", ""gmpy2"": ""2.3.1"", ""nbformat"": ""5.10.4"", ""nbclient"": ""0.11.0""}",Windows,11,Gercom,2026-07-22T12:04:14.713382+00:00,,,,
P15_balanced_factorial,P15_balanced_factorial:four_node:f1b9ac5f59c670ef:L3-R:401:m10-intent:0,four_node,f1b9ac5f59c670ef,401,m10-intent,L3-R,probabilistic_resource_aware,0,10,10,0.53,0.05,1e-05,,True,a -> r1 -> r2 -> b,3,True,,0.9999999986714984,41.37983535087224,0.5542478124999999,0,0.000752,SATISFIED,True,225,0.5542478124999999,0.5542478124999999,0.0,7.829977,False,,585,230,0,0,0,0,0.06019655001,b91e3ffbfb3df6f888863b526ba974f2109122a2232f8e53de1f930a11b9811d,False,,,,False,,5e5edd3e823e308483272be3acffd8aaed4f46ca,1f2680a5b9065e708a7497adc53a95b108029b98,3.13.14,2.5.1,"{""pydantic"": ""2.13.4"", ""yaml"": ""6.0.3"", ""networkx"": ""3.6.1"", ""numpy"": ""2.5.1"", ""scipy"": ""1.18.0"", ""matplotlib"": ""3.11.0"", ""pandas"": ""3.0.3"", ""qutip"": ""5.3.0"", ""stim"": ""1.16.0"", ""gmpy2"": ""2.3.1"", ""nbformat"": ""5.10.4"", ""nbclient"": ""0.11.0""}",Windows,11,Gercom,2026-07-22T12:04:26.326553+00:00,,,,
P15_balanced_factorial,P15_balanced_factorial:four_node:f1b9ac5f59c670ef:L3-R:402:m10-intent:0,four_node,f1b9ac5f59c670ef,402,m10-intent,L3-R,probabilistic_resource_aware,0,10,10,0.53,0.05,1e-05,,True,a -> r1 -> r2 -> b,3,True,,0.9999999986714984,41.37983535087224,0.5542478124999999,0,0.000759,SATISFIED,True,226,0.5542478124999999,0.5542478124999999,0.0,6.213958,False,,648,229,0,0,0,0,0.06019652501,707890bb14d931672ff434afa3765c787ff60570f8b4c0666f471542a6d1139d,False,,,,False,,5e5edd3e823e308483272be3acffd8aaed4f46ca,1f2680a5b9065e708a7497adc53a95b108029b98,3.13.14,2.5.1,"{""pydantic"": ""2.13.4"", ""yaml"": ""6.0.3"", ""networkx"": ""3.6.1"", ""numpy"": ""2.5.1"", ""scipy"": ""1.18.0"", ""matplotlib"": ""3.11.0"", ""pandas"": ""3.0.3"", ""qutip"": ""5.3.0"", ""stim"": ""1.16.0"", ""gmpy2"": ""2.3.1"", ""nbformat"": ""5.10.4"", ""nbclient"": ""0.11.0""}",Windows,11,Gercom,2026-07-22T12:04:36.227549+00:00,,,,
P15_balanced_factorial,P15_balanced_factorial:four_node:f1b9ac5f59c670ef:L3-R:403:m10-intent:0,four_node,f1b9ac5f59c670ef,403,m10-intent,L3-R,probabilistic_resource_aware,0,10,10,0.53,0.05,1e-05,,True,a -> r1 -> r2 -> b,3,True,,0.9999999986714984,41.37983535087224,0.5542478124999999,0,0.000757,SATISFIED,True,218,0.5542478124999999,0.5542478124999999,0.0,5.843744,False,,650,220,0,0,0,0,0.06019151251,4310dffaee54453d9e1f79050ca495af763c264de54d5fd8f0e229fdd36fc069,False,,,,False,,5e5edd3e823e308483272be3acffd8aaed4f46ca,1f2680a5b9065e708a7497adc53a95b108029b98,3.13.14,2.5.1,"{""pydantic"": ""2.13.4"", ""yaml"": ""6.0.3"", ""networkx"": ""3.6.1"", ""numpy"": ""2.5.1"", ""scipy"": ""1.18.0"", ""matplotlib"": ""3.11.0"", ""pandas"": ""3.0.3"", ""qutip"": ""5.3.0"", ""stim"": ""1.16.0"", ""gmpy2"": ""2.3.1"", ""nbformat"": ""5.10.4"", ""nbclient"": ""0.11.0""}",Windows,11,Gercom,2026-07-22T12:04:45.741448+00:00,,,,
P15_balanced_factorial,P15_balanced_factorial:four_node:f1b9ac5f59c670ef:L3-R:404:m10-intent:0,four_node,f1b9ac5f59c670ef,404,m10-intent,L3-R,probabilistic_resource_aware,0,10,10,0.53,0.05,1e-05,,True,a -> r1 -> r2 -> b,3,True,,0.9999999986714984,41.37983535087224,0.5542478124999999,0,0.000752,SATISFIED,True,229,0.5542478124999999,0.5542478124999999,0.0,5.480462,False,,652,233,0,0,0,0,0.06019153751,9b4bb2f57a39d7e1f90949d68b35f3a80361d7368944bfd14aaaedb412c0193d,False,,,,False,,5e5edd3e823e308483272be3acffd8aaed4f46ca,1f2680a5b9065e708a7497adc53a95b108029b98,3.13.14,2.5.1,"{""pydantic"": ""2.13.4"", ""yaml"": ""6.0.3"", ""networkx"": ""3.6.1"", ""numpy"": ""2.5.1"", ""scipy"": ""1.18.0"", ""matplotlib"": ""3.11.0"", ""pandas"": ""3.0.3"", ""qutip"": ""5.3.0"", ""stim"": ""1.16.0"", ""gmpy2"": ""2.3.1"", ""nbformat"": ""5.10.4"", ""nbclient"": ""0.11.0""}",Windows,11,Gercom,2026-07-22T12:04:54.633522+00:00,,,,
P15_balanced_factorial,P15_balanced_factorial:four_node:26f5cc33bd28925f:L2-R:400:m10-intent:0,four_node,26f5cc33bd28925f,400,m10-intent,L2-R,iterative_resource_aware,0,4,10,0.58,0.01,1e-05,,True,,0,False,DELIVERY_TARGET_EXCEEDS_WINDOW,,,,0,0.000209,REJECTED,,,,,,,False,,,,,,,,,,False,,,,False,,5e5edd3e823e308483272be3acffd8aaed4f46ca,1f2680a5b9065e708a7497adc53a95b108029b98,3.13.14,2.5.1,"{""pydantic"": ""2.13.4"", ""yaml"": ""6.0.3"", ""networkx"": ""3.6.1"", ""numpy"": ""2.5.1"", ""scipy"": ""1.18.0"", ""matplotlib"": ""3.11.0"", ""pandas"": ""3.0.3"", ""qutip"": ""5.3.0"", ""stim"": ""1.16.0"", ""gmpy2"": ""2.3.1"", ""nbformat"": ""5.10.4"", ""nbclient"": ""0.11.0""}",Windows,11,Gercom,2026-07-22T12:04:58.142580+00:00,,,,
P15_balanced_factorial,P15_balanced_factorial:four_node:26f5cc33bd28925f:L2-R:401:m10-intent:0,four_node,26f5cc33bd28925f,401,m10-intent,L2-R,iterative_resource_aware,0,4,10,0.58,0.01,1e-05,,True,,0,False,DELIVERY_TARGET_EXCEEDS_WINDOW,,,,0,0.000209,REJECTED,,,,,,,False,,,,,,,,,,False,,,,False,,5e5edd3e823e308483272be3acffd8aaed4f46ca,1f2680a5b9065e708a7497adc53a95b108029b98,3.13.14,2.5.1,"{""pydantic"": ""2.13.4"", ""yaml"": ""6.0.3"", ""networkx"": ""3.6.1"", ""numpy"": ""2.5.1"", ""scipy"": ""1.18.0"", ""matplotlib"": ""3.11.0"", ""pandas"": ""3.0.3"", ""qutip"": ""5.3.0"", ""stim"": ""1.16.0"", ""gmpy2"": ""2.3.1"", ""nbformat"": ""5.10.4"", ""nbclient"": ""0.11.0""}",Windows,11,Gercom,2026-07-22T12:05:01.528650+00:00,,,,
P15_balanced_factorial,P15_balanced_factorial:four_node:26f5cc33bd28925f:L2-R:402:m10-intent:0,four_node,26f5cc33bd28925f,402,m10-intent,L2-R,iterative_resource_aware,0,4,10,0.58,0.01,1e-05,,True,,0,False,DELIVERY_TARGET_EXCEEDS_WINDOW,,,,0,0.000202,REJECTED,,,,,,,False,,,,,,,,,,False,,,,False,,5e5edd3e823e308483272be3acffd8aaed4f46ca,1f2680a5b9065e708a7497adc53a95b108029b98,3.13.14,2.5.1,"{""pydantic"": ""2.13.4"", ""yaml"": ""6.0.3"", ""networkx"": ""3.6.1"", ""numpy"": ""2.5.1"", ""scipy"": ""1.18.0"", ""matplotlib"": ""3.11.0"", ""pandas"": ""3.0.3"", ""qutip"": ""5.3.0"", ""stim"": ""1.16.0"", ""gmpy2"": ""2.3.1"", ""nbformat"": ""5.10.4"", ""nbclient"": ""0.11.0""}",Windows,11,Gercom,2026-07-22T12:05:04.967896+00:00,,,,
P15_balanced_factorial,P15_balanced_factorial:four_node:26f5cc33bd28925f:L2-R:403:m10-intent:0,four_node,26f5cc33bd28925f,403,m10-intent,L2-R,iterative_resource_aware,0,4,10,0.58,0.01,1e-05,,True,,0,False,DELIVERY_TARGET_EXCEEDS_WINDOW,,,,0,0.000222,REJECTED,,,,,,,False,,,,,,,,,,False,,,,False,,5e5edd3e823e308483272be3acffd8aaed4f46ca,1f2680a5b9065e708a7497adc53a95b108029b98,3.13.14,2.5.1,"{""pydantic"": ""2.13.4"", ""yaml"": ""6.0.3"", ""networkx"": ""3.6.1"", ""numpy"": ""2.5.1"", ""scipy"": ""1.18.0"", ""matplotlib"": ""3.11.0"", ""pandas"": ""3.0.3"", ""qutip"": ""5.3.0"", ""stim"": ""1.16.0"", ""gmpy2"": ""2.3.1"", ""nbformat"": ""5.10.4"", ""nbclient"": ""0.11.0""}",Windows,11,Gercom,2026-07-22T12:05:08.345613+00:00,,,,
P15_balanced_factorial,P15_balanced_factorial:four_node:26f5cc33bd28925f:L2-R:404:m10-intent:0,four_node,26f5cc33bd28925f,404,m10-intent,L2-R,iterative_resource_aware,0,4,10,0.58,0.01,1e-05,,True,,0,False,DELIVERY_TARGET_EXCEEDS_WINDOW,,,,0,0.000203,REJECTED,,,,,,,False,,,,,,,,,,False,,,,False,,5e5edd3e823e308483272be3acffd8aaed4f46ca,1f2680a5b9065e708a7497adc53a95b108029b98,3.13.14,2.5.1,"{""pydantic"": ""2.13.4"", ""yaml"": ""6.0.3"", ""networkx"": ""3.6.1"", ""numpy"": ""2.5.1"", ""scipy"": ""1.18.0"", ""matplotlib"": ""3.11.0"", ""pandas"": ""3.0.3"", ""qutip"": ""5.3.0"", ""stim"": ""1.16.0"", ""gmpy2"": ""2.3.1"", ""nbformat"": ""5.10.4"", ""nbclient"": ""0.11.0""}",Windows,11,Gercom,2026-07-22T12:05:11.714319+00:00,,,,
P15_balanced_factorial,P15_balanced_factorial:four_node:26f5cc33bd28925f:L3-R:400:m10-intent:0,four_node,26f5cc33bd28925f,400,m10-intent,L3-R,probabilistic_resource_aware,0,4,10,0.58,0.01,1e-05,,True,,0,False,best candidate's predicted satisfaction probability 0.000 is below admission_threshold=0.5,4.758831543873258e-18,,,0,0.000725,REJECTED,,,,,,,False,,,,,,,,,,False,,,,False,,5e5edd3e823e308483272be3acffd8aaed4f46ca,1f2680a5b9065e708a7497adc53a95b108029b98,3.13.14,2.5.1,"{""pydantic"": ""2.13.4"", ""yaml"": ""6.0.3"", ""networkx"": ""3.6.1"", ""numpy"": ""2.5.1"", ""scipy"": ""1.18.0"", ""matplotlib"": ""3.11.0"", ""pandas"": ""3.0.3"", ""qutip"": ""5.3.0"", ""stim"": ""1.16.0"", ""gmpy2"": ""2.3.1"", ""nbformat"": ""5.10.4"", ""nbclient"": ""0.11.0""}",Windows,11,Gercom,2026-07-22T12:05:15.157379+00:00,,,,
P15_balanced_factorial,P15_balanced_factorial:four_node:26f5cc33bd28925f:L3-R:401:m10-intent:0,four_node,26f5cc33bd28925f,401,m10-intent,L3-R,probabilistic_resource_aware,0,4,10,0.58,0.01,1e-05,,True,,0,False,best candidate's predicted satisfaction probability 0.000 is below admission_threshold=0.5,4.758831543873258e-18,,,0,0.000721,REJECTED,,,,,,,False,,,,,,,,,,False,,,,False,,5e5edd3e823e308483272be3acffd8aaed4f46ca,1f2680a5b9065e708a7497adc53a95b108029b98,3.13.14,2.5.1,"{""pydantic"": ""2.13.4"", ""yaml"": ""6.0.3"", ""networkx"": ""3.6.1"", ""numpy"": ""2.5.1"", ""scipy"": ""1.18.0"", ""matplotlib"": ""3.11.0"", ""pandas"": ""3.0.3"", ""qutip"": ""5.3.0"", ""stim"": ""1.16.0"", ""gmpy2"": ""2.3.1"", ""nbformat"": ""5.10.4"", ""nbclient"": ""0.11.0""}",Windows,11,Gercom,2026-07-22T12:05:18.580901+00:00,,,,
P15_balanced_factorial,P15_balanced_factorial:four_node:26f5cc33bd28925f:L3-R:402:m10-intent:0,four_node,26f5cc33bd28925f,402,m10-intent,L3-R,probabilistic_resource_aware,0,4,10,0.58,0.01,1e-05,,True,,0,False,best candidate's predicted satisfaction probability 0.000 is below admission_threshold=0.5,4.758831543873258e-18,,,0,0.000733,REJECTED,,,,,,,False,,,,,,,,,,False,,,,False,,5e5edd3e823e308483272be3acffd8aaed4f46ca,1f2680a5b9065e708a7497adc53a95b108029b98,3.13.14,2.5.1,"{""pydantic"": ""2.13.4"", ""yaml"": ""6.0.3"", ""networkx"": ""3.6.1"", ""numpy"": ""2.5.1"", ""scipy"": ""1.18.0"", ""matplotlib"": ""3.11.0"", ""pandas"": ""3.0.3"", ""qutip"": ""5.3.0"", ""stim"": ""1.16.0"", ""gmpy2"": ""2.3.1"", ""nbformat"": ""5.10.4"", ""nbclient"": ""0.11.0""}",Windows,11,Gercom,2026-07-22T12:05:22.114562+00:00,,,,
P15_balanced_factorial,P15_balanced_factorial:four_node:26f5cc33bd28925f:L3-R:403:m10-intent:0,four_node,26f5cc33bd28925f,403,m10-intent,L3-R,probabilistic_resource_aware,0,4,10,0.58,0.01,1e-05,,True,,0,False,best candidate's predicted satisfaction probability 0.000 is below admission_threshold=0.5,4.758831543873258e-18,,,0,0.000746,REJECTED,,,,,,,False,,,,,,,,,,False,,,,False,,5e5edd3e823e308483272be3acffd8aaed4f46ca,1f2680a5b9065e708a7497adc53a95b108029b98,3.13.14,2.5.1,"{""pydantic"": ""2.13.4"", ""yaml"": ""6.0.3"", ""networkx"": ""3.6.1"", ""numpy"": ""2.5.1"", ""scipy"": ""1.18.0"", ""matplotlib"": ""3.11.0"", ""pandas"": ""3.0.3"", ""qutip"": ""5.3.0"", ""stim"": ""1.16.0"", ""gmpy2"": ""2.3.1"", ""nbformat"": ""5.10.4"", ""nbclient"": ""0.11.0""}",Windows,11,Gercom,2026-07-22T12:05:25.510049+00:00,,,,
P15_balanced_factorial,P15_balanced_factorial:four_node:26f5cc33bd28925f:L3-R:404:m10-intent:0,four_node,26f5cc33bd28925f,404,m10-intent,L3-R,probabilistic_resource_aware,0,4,10,0.58,0.01,1e-05,,True,,0,False,best candidate's predicted satisfaction probability 0.000 is below admission_threshold=0.5,4.758831543873258e-18,,,0,0.000798,REJECTED,,,,,,,False,,,,,,,,,,False,,,,False,,5e5edd3e823e308483272be3acffd8aaed4f46ca,1f2680a5b9065e708a7497adc53a95b108029b98,3.13.14,2.5.1,"{""pydantic"": ""2.13.4"", ""yaml"": ""6.0.3"", ""networkx"": ""3.6.1"", ""numpy"": ""2.5.1"", ""scipy"": ""1.18.0"", ""matplotlib"": ""3.11.0"", ""pandas"": ""3.0.3"", ""qutip"": ""5.3.0"", ""stim"": ""1.16.0"", ""gmpy2"": ""2.3.1"", ""nbformat"": ""5.10.4"", ""nbclient"": ""0.11.0""}",Windows,11,Gercom,2026-07-22T12:05:28.825209+00:00,,,,
P15_balanced_factorial,P15_balanced_factorial:four_node:26b2b1f296605d3d:L2-R:400:m10-intent:0,four_node,26b2b1f296605d3d,400,m10-intent,L2-R,iterative_resource_aware,0,10,10,0.58,0.01,1e-05,,True,,0,False,DELIVERY_TARGET_EXCEEDS_WINDOW,,,,0,0.000213,REJECTED,,,,,,,False,,,,,,,,,,False,,,,False,,5e5edd3e823e308483272be3acffd8aaed4f46ca,1f2680a5b9065e708a7497adc53a95b108029b98,3.13.14,2.5.1,"{""pydantic"": ""2.13.4"", ""yaml"": ""6.0.3"", ""networkx"": ""3.6.1"", ""numpy"": ""2.5.1"", ""scipy"": ""1.18.0"", ""matplotlib"": ""3.11.0"", ""pandas"": ""3.0.3"", ""qutip"": ""5.3.0"", ""stim"": ""1.16.0"", ""gmpy2"": ""2.3.1"", ""nbformat"": ""5.10.4"", ""nbclient"": ""0.11.0""}",Windows,11,Gercom,2026-07-22T12:05:32.162173+00:00,,,,
P15_balanced_factorial,P15_balanced_factorial:four_node:26b2b1f296605d3d:L2-R:401:m10-intent:0,four_node,26b2b1f296605d3d,401,m10-intent,L2-R,iterative_resource_aware,0,10,10,0.58,0.01,1e-05,,True,,0,False,DELIVERY_TARGET_EXCEEDS_WINDOW,,,,0,0.000205,REJECTED,,,,,,,False,,,,,,,,,,False,,,,False,,5e5edd3e823e308483272be3acffd8aaed4f46ca,1f2680a5b9065e708a7497adc53a95b108029b98,3.13.14,2.5.1,"{""pydantic"": ""2.13.4"", ""yaml"": ""6.0.3"", ""networkx"": ""3.6.1"", ""numpy"": ""2.5.1"", ""scipy"": ""1.18.0"", ""matplotlib"": ""3.11.0"", ""pandas"": ""3.0.3"", ""qutip"": ""5.3.0"", ""stim"": ""1.16.0"", ""gmpy2"": ""2.3.1"", ""nbformat"": ""5.10.4"", ""nbclient"": ""0.11.0""}",Windows,11,Gercom,2026-07-22T12:05:35.577075+00:00,,,,
P15_balanced_factorial,P15_balanced_factorial:four_node:26b2b1f296605d3d:L2-R:402:m10-intent:0,four_node,26b2b1f296605d3d,402,m10-intent,L2-R,iterative_resource_aware,0,10,10,0.58,0.01,1e-05,,True,,0,False,DELIVERY_TARGET_EXCEEDS_WINDOW,,,,0,0.000198,REJECTED,,,,,,,False,,,,,,,,,,False,,,,False,,5e5edd3e823e308483272be3acffd8aaed4f46ca,1f2680a5b9065e708a7497adc53a95b108029b98,3.13.14,2.5.1,"{""pydantic"": ""2.13.4"", ""yaml"": ""6.0.3"", ""networkx"": ""3.6.1"", ""numpy"": ""2.5.1"", ""scipy"": ""1.18.0"", ""matplotlib"": ""3.11.0"", ""pandas"": ""3.0.3"", ""qutip"": ""5.3.0"", ""stim"": ""1.16.0"", ""gmpy2"": ""2.3.1"", ""nbformat"": ""5.10.4"", ""nbclient"": ""0.11.0""}",Windows,11,Gercom,2026-07-22T12:05:38.911174+00:00,,,,
P15_balanced_factorial,P15_balanced_factorial:four_node:26b2b1f296605d3d:L2-R:403:m10-intent:0,four_node,26b2b1f296605d3d,403,m10-intent,L2-R,iterative_resource_aware,0,10,10,0.58,0.01,1e-05,,True,,0,False,DELIVERY_TARGET_EXCEEDS_WINDOW,,,,0,0.000214,REJECTED,,,,,,,False,,,,,,,,,,False,,,,False,,5e5edd3e823e308483272be3acffd8aaed4f46ca,1f2680a5b9065e708a7497adc53a95b108029b98,3.13.14,2.5.1,"{""pydantic"": ""2.13.4"", ""yaml"": ""6.0.3"", ""networkx"": ""3.6.1"", ""numpy"": ""2.5.1"", ""scipy"": ""1.18.0"", ""matplotlib"": ""3.11.0"", ""pandas"": ""3.0.3"", ""qutip"": ""5.3.0"", ""stim"": ""1.16.0"", ""gmpy2"": ""2.3.1"", ""nbformat"": ""5.10.4"", ""nbclient"": ""0.11.0""}",Windows,11,Gercom,2026-07-22T12:05:42.397065+00:00,,,,
P15_balanced_factorial,P15_balanced_factorial:four_node:26b2b1f296605d3d:L2-R:404:m10-intent:0,four_node,26b2b1f296605d3d,404,m10-intent,L2-R,iterative_resource_aware,0,10,10,0.58,0.01,1e-05,,True,,0,False,DELIVERY_TARGET_EXCEEDS_WINDOW,,,,0,0.000206,REJECTED,,,,,,,False,,,,,,,,,,False,,,,False,,5e5edd3e823e308483272be3acffd8aaed4f46ca,1f2680a5b9065e708a7497adc53a95b108029b98,3.13.14,2.5.1,"{""pydantic"": ""2.13.4"", ""yaml"": ""6.0.3"", ""networkx"": ""3.6.1"", ""numpy"": ""2.5.1"", ""scipy"": ""1.18.0"", ""matplotlib"": ""3.11.0"", ""pandas"": ""3.0.3"", ""qutip"": ""5.3.0"", ""stim"": ""1.16.0"", ""gmpy2"": ""2.3.1"", ""nbformat"": ""5.10.4"", ""nbclient"": ""0.11.0""}",Windows,11,Gercom,2026-07-22T12:05:45.714909+00:00,,,,
P15_balanced_factorial,P15_balanced_factorial:four_node:26b2b1f296605d3d:L3-R:400:m10-intent:0,four_node,26b2b1f296605d3d,400,m10-intent,L3-R,probabilistic_resource_aware,0,10,10,0.58,0.01,1e-05,,True,,0,False,best candidate's predicted satisfaction probability 0.000 is below admission_threshold=0.5,4.044741254836985e-14,,,0,0.000781,REJECTED,,,,,,,False,,,,,,,,,,False,,,,False,,5e5edd3e823e308483272be3acffd8aaed4f46ca,1f2680a5b9065e708a7497adc53a95b108029b98,3.13.14,2.5.1,"{""pydantic"": ""2.13.4"", ""yaml"": ""6.0.3"", ""networkx"": ""3.6.1"", ""numpy"": ""2.5.1"", ""scipy"": ""1.18.0"", ""matplotlib"": ""3.11.0"", ""pandas"": ""3.0.3"", ""qutip"": ""5.3.0"", ""stim"": ""1.16.0"", ""gmpy2"": ""2.3.1"", ""nbformat"": ""5.10.4"", ""nbclient"": ""0.11.0""}",Windows,11,Gercom,2026-07-22T12:05:49.185837+00:00,,,,
P15_balanced_factorial,P15_balanced_factorial:four_node:26b2b1f296605d3d:L3-R:401:m10-intent:0,four_node,26b2b1f296605d3d,401,m10-intent,L3-R,probabilistic_resource_aware,0,10,10,0.58,0.01,1e-05,,True,,0,False,best candidate's predicted satisfaction probability 0.000 is below admission_threshold=0.5,4.044741254836985e-14,,,0,0.000723,REJECTED,,,,,,,False,,,,,,,,,,False,,,,False,,5e5edd3e823e308483272be3acffd8aaed4f46ca,1f2680a5b9065e708a7497adc53a95b108029b98,3.13.14,2.5.1,"{""pydantic"": ""2.13.4"", ""yaml"": ""6.0.3"", ""networkx"": ""3.6.1"", ""numpy"": ""2.5.1"", ""scipy"": ""1.18.0"", ""matplotlib"": ""3.11.0"", ""pandas"": ""3.0.3"", ""qutip"": ""5.3.0"", ""stim"": ""1.16.0"", ""gmpy2"": ""2.3.1"", ""nbformat"": ""5.10.4"", ""nbclient"": ""0.11.0""}",Windows,11,Gercom,2026-07-22T12:05:52.502457+00:00,,,,
P15_balanced_factorial,P15_balanced_factorial:four_node:26b2b1f296605d3d:L3-R:402:m10-intent:0,four_node,26b2b1f296605d3d,402,m10-intent,L3-R,probabilistic_resource_aware,0,10,10,0.58,0.01,1e-05,,True,,0,False,best candidate's predicted satisfaction probability 0.000 is below admission_threshold=0.5,4.044741254836985e-14,,,0,0.000702,REJECTED,,,,,,,False,,,,,,,,,,False,,,,False,,5e5edd3e823e308483272be3acffd8aaed4f46ca,1f2680a5b9065e708a7497adc53a95b108029b98,3.13.14,2.5.1,"{""pydantic"": ""2.13.4"", ""yaml"": ""6.0.3"", ""networkx"": ""3.6.1"", ""numpy"": ""2.5.1"", ""scipy"": ""1.18.0"", ""matplotlib"": ""3.11.0"", ""pandas"": ""3.0.3"", ""qutip"": ""5.3.0"", ""stim"": ""1.16.0"", ""gmpy2"": ""2.3.1"", ""nbformat"": ""5.10.4"", ""nbclient"": ""0.11.0""}",Windows,11,Gercom,2026-07-22T12:05:55.828838+00:00,,,,
P15_balanced_factorial,P15_balanced_factorial:four_node:26b2b1f296605d3d:L3-R:403:m10-intent:0,four_node,26b2b1f296605d3d,403,m10-intent,L3-R,probabilistic_resource_aware,0,10,10,0.58,0.01,1e-05,,True,,0,False,best candidate's predicted satisfaction probability 0.000 is below admission_threshold=0.5,4.044741254836985e-14,,,0,0.000775,REJECTED,,,,,,,False,,,,,,,,,,False,,,,False,,5e5edd3e823e308483272be3acffd8aaed4f46ca,1f2680a5b9065e708a7497adc53a95b108029b98,3.13.14,2.5.1,"{""pydantic"": ""2.13.4"", ""yaml"": ""6.0.3"", ""networkx"": ""3.6.1"", ""numpy"": ""2.5.1"", ""scipy"": ""1.18.0"", ""matplotlib"": ""3.11.0"", ""pandas"": ""3.0.3"", ""qutip"": ""5.3.0"", ""stim"": ""1.16.0"", ""gmpy2"": ""2.3.1"", ""nbformat"": ""5.10.4"", ""nbclient"": ""0.11.0""}",Windows,11,Gercom,2026-07-22T12:05:59.297569+00:00,,,,
P15_balanced_factorial,P15_balanced_factorial:four_node:26b2b1f296605d3d:L3-R:404:m10-intent:0,four_node,26b2b1f296605d3d,404,m10-intent,L3-R,probabilistic_resource_aware,0,10,10,0.58,0.01,1e-05,,True,,0,False,best candidate's predicted satisfaction probability 0.000 is below admission_threshold=0.5,4.044741254836985e-14,,,0,0.000698,REJECTED,,,,,,,False,,,,,,,,,,False,,,,False,,5e5edd3e823e308483272be3acffd8aaed4f46ca,1f2680a5b9065e708a7497adc53a95b108029b98,3.13.14,2.5.1,"{""pydantic"": ""2.13.4"", ""yaml"": ""6.0.3"", ""networkx"": ""3.6.1"", ""numpy"": ""2.5.1"", ""scipy"": ""1.18.0"", ""matplotlib"": ""3.11.0"", ""pandas"": ""3.0.3"", ""qutip"": ""5.3.0"", ""stim"": ""1.16.0"", ""gmpy2"": ""2.3.1"", ""nbformat"": ""5.10.4"", ""nbclient"": ""0.11.0""}",Windows,11,Gercom,2026-07-22T12:06:02.770773+00:00,,,,
P15_balanced_factorial,P15_balanced_factorial:four_node:8e180334e9e0cf64:L2-R:400:m10-intent:0,four_node,8e180334e9e0cf64,400,m10-intent,L2-R,iterative_resource_aware,0,4,10,0.58,0.05,1e-05,,True,,0,False,DELIVERY_TARGET_EXCEEDS_WINDOW,,,,0,0.000205,REJECTED,,,,,,,False,,,,,,,,,,False,,,,False,,5e5edd3e823e308483272be3acffd8aaed4f46ca,1f2680a5b9065e708a7497adc53a95b108029b98,3.13.14,2.5.1,"{""pydantic"": ""2.13.4"", ""yaml"": ""6.0.3"", ""networkx"": ""3.6.1"", ""numpy"": ""2.5.1"", ""scipy"": ""1.18.0"", ""matplotlib"": ""3.11.0"", ""pandas"": ""3.0.3"", ""qutip"": ""5.3.0"", ""stim"": ""1.16.0"", ""gmpy2"": ""2.3.1"", ""nbformat"": ""5.10.4"", ""nbclient"": ""0.11.0""}",Windows,11,Gercom,2026-07-22T12:06:06.140525+00:00,,,,
P15_balanced_factorial,P15_balanced_factorial:four_node:8e180334e9e0cf64:L2-R:401:m10-intent:0,four_node,8e180334e9e0cf64,401,m10-intent,L2-R,iterative_resource_aware,0,4,10,0.58,0.05,1e-05,,True,,0,False,DELIVERY_TARGET_EXCEEDS_WINDOW,,,,0,0.000207,REJECTED,,,,,,,False,,,,,,,,,,False,,,,False,,5e5edd3e823e308483272be3acffd8aaed4f46ca,1f2680a5b9065e708a7497adc53a95b108029b98,3.13.14,2.5.1,"{""pydantic"": ""2.13.4"", ""yaml"": ""6.0.3"", ""networkx"": ""3.6.1"", ""numpy"": ""2.5.1"", ""scipy"": ""1.18.0"", ""matplotlib"": ""3.11.0"", ""pandas"": ""3.0.3"", ""qutip"": ""5.3.0"", ""stim"": ""1.16.0"", ""gmpy2"": ""2.3.1"", ""nbformat"": ""5.10.4"", ""nbclient"": ""0.11.0""}",Windows,11,Gercom,2026-07-22T12:06:09.528682+00:00,,,,
P15_balanced_factorial,P15_balanced_factorial:four_node:8e180334e9e0cf64:L2-R:402:m10-intent:0,four_node,8e180334e9e0cf64,402,m10-intent,L2-R,iterative_resource_aware,0,4,10,0.58,0.05,1e-05,,True,,0,False,DELIVERY_TARGET_EXCEEDS_WINDOW,,,,0,0.000212,REJECTED,,,,,,,False,,,,,,,,,,False,,,,False,,5e5edd3e823e308483272be3acffd8aaed4f46ca,1f2680a5b9065e708a7497adc53a95b108029b98,3.13.14,2.5.1,"{""pydantic"": ""2.13.4"", ""yaml"": ""6.0.3"", ""networkx"": ""3.6.1"", ""numpy"": ""2.5.1"", ""scipy"": ""1.18.0"", ""matplotlib"": ""3.11.0"", ""pandas"": ""3.0.3"", ""qutip"": ""5.3.0"", ""stim"": ""1.16.0"", ""gmpy2"": ""2.3.1"", ""nbformat"": ""5.10.4"", ""nbclient"": ""0.11.0""}",Windows,11,Gercom,2026-07-22T12:06:12.862200+00:00,,,,
P15_balanced_factorial,P15_balanced_factorial:four_node:8e180334e9e0cf64:L2-R:403:m10-intent:0,four_node,8e180334e9e0cf64,403,m10-intent,L2-R,iterative_resource_aware,0,4,10,0.58,0.05,1e-05,,True,,0,False,DELIVERY_TARGET_EXCEEDS_WINDOW,,,,0,0.000222,REJECTED,,,,,,,False,,,,,,,,,,False,,,,False,,5e5edd3e823e308483272be3acffd8aaed4f46ca,1f2680a5b9065e708a7497adc53a95b108029b98,3.13.14,2.5.1,"{""pydantic"": ""2.13.4"", ""yaml"": ""6.0.3"", ""networkx"": ""3.6.1"", ""numpy"": ""2.5.1"", ""scipy"": ""1.18.0"", ""matplotlib"": ""3.11.0"", ""pandas"": ""3.0.3"", ""qutip"": ""5.3.0"", ""stim"": ""1.16.0"", ""gmpy2"": ""2.3.1"", ""nbformat"": ""5.10.4"", ""nbclient"": ""0.11.0""}",Windows,11,Gercom,2026-07-22T12:06:16.406225+00:00,,,,
P15_balanced_factorial,P15_balanced_factorial:four_node:8e180334e9e0cf64:L2-R:404:m10-intent:0,four_node,8e180334e9e0cf64,404,m10-intent,L2-R,iterative_resource_aware,0,4,10,0.58,0.05,1e-05,,True,,0,False,DELIVERY_TARGET_EXCEEDS_WINDOW,,,,0,0.000221,REJECTED,,,,,,,False,,,,,,,,,,False,,,,False,,5e5edd3e823e308483272be3acffd8aaed4f46ca,1f2680a5b9065e708a7497adc53a95b108029b98,3.13.14,2.5.1,"{""pydantic"": ""2.13.4"", ""yaml"": ""6.0.3"", ""networkx"": ""3.6.1"", ""numpy"": ""2.5.1"", ""scipy"": ""1.18.0"", ""matplotlib"": ""3.11.0"", ""pandas"": ""3.0.3"", ""qutip"": ""5.3.0"", ""stim"": ""1.16.0"", ""gmpy2"": ""2.3.1"", ""nbformat"": ""5.10.4"", ""nbclient"": ""0.11.0""}",Windows,11,Gercom,2026-07-22T12:06:19.876064+00:00,,,,
P15_balanced_factorial,P15_balanced_factorial:four_node:8e180334e9e0cf64:L3-R:400:m10-intent:0,four_node,8e180334e9e0cf64,400,m10-intent,L3-R,probabilistic_resource_aware,0,4,10,0.58,0.05,1e-05,,True,,0,False,best candidate's predicted satisfaction probability 0.000 is below admission_threshold=0.5,3.4194118825956016e-11,,,0,0.00071,REJECTED,,,,,,,False,,,,,,,,,,False,,,,False,,5e5edd3e823e308483272be3acffd8aaed4f46ca,1f2680a5b9065e708a7497adc53a95b108029b98,3.13.14,2.5.1,"{""pydantic"": ""2.13.4"", ""yaml"": ""6.0.3"", ""networkx"": ""3.6.1"", ""numpy"": ""2.5.1"", ""scipy"": ""1.18.0"", ""matplotlib"": ""3.11.0"", ""pandas"": ""3.0.3"", ""qutip"": ""5.3.0"", ""stim"": ""1.16.0"", ""gmpy2"": ""2.3.1"", ""nbformat"": ""5.10.4"", ""nbclient"": ""0.11.0""}",Windows,11,Gercom,2026-07-22T12:06:23.327566+00:00,,,,
P15_balanced_factorial,P15_balanced_factorial:four_node:8e180334e9e0cf64:L3-R:401:m10-intent:0,four_node,8e180334e9e0cf64,401,m10-intent,L3-R,probabilistic_resource_aware,0,4,10,0.58,0.05,1e-05,,True,,0,False,best candidate's predicted satisfaction probability 0.000 is below admission_threshold=0.5,3.4194118825956016e-11,,,0,0.000893,REJECTED,,,,,,,False,,,,,,,,,,False,,,,False,,5e5edd3e823e308483272be3acffd8aaed4f46ca,1f2680a5b9065e708a7497adc53a95b108029b98,3.13.14,2.5.1,"{""pydantic"": ""2.13.4"", ""yaml"": ""6.0.3"", ""networkx"": ""3.6.1"", ""numpy"": ""2.5.1"", ""scipy"": ""1.18.0"", ""matplotlib"": ""3.11.0"", ""pandas"": ""3.0.3"", ""qutip"": ""5.3.0"", ""stim"": ""1.16.0"", ""gmpy2"": ""2.3.1"", ""nbformat"": ""5.10.4"", ""nbclient"": ""0.11.0""}",Windows,11,Gercom,2026-07-22T12:06:26.966515+00:00,,,,
P15_balanced_factorial,P15_balanced_factorial:four_node:8e180334e9e0cf64:L3-R:402:m10-intent:0,four_node,8e180334e9e0cf64,402,m10-intent,L3-R,probabilistic_resource_aware,0,4,10,0.58,0.05,1e-05,,True,,0,False,best candidate's predicted satisfaction probability 0.000 is below admission_threshold=0.5,3.4194118825956016e-11,,,0,0.001501,REJECTED,,,,,,,False,,,,,,,,,,False,,,,False,,5e5edd3e823e308483272be3acffd8aaed4f46ca,1f2680a5b9065e708a7497adc53a95b108029b98,3.13.14,2.5.1,"{""pydantic"": ""2.13.4"", ""yaml"": ""6.0.3"", ""networkx"": ""3.6.1"", ""numpy"": ""2.5.1"", ""scipy"": ""1.18.0"", ""matplotlib"": ""3.11.0"", ""pandas"": ""3.0.3"", ""qutip"": ""5.3.0"", ""stim"": ""1.16.0"", ""gmpy2"": ""2.3.1"", ""nbformat"": ""5.10.4"", ""nbclient"": ""0.11.0""}",Windows,11,Gercom,2026-07-22T12:06:32.202999+00:00,,,,
P15_balanced_factorial,P15_balanced_factorial:four_node:8e180334e9e0cf64:L3-R:403:m10-intent:0,four_node,8e180334e9e0cf64,403,m10-intent,L3-R,probabilistic_resource_aware,0,4,10,0.58,0.05,1e-05,,True,,0,False,best candidate's predicted satisfaction probability 0.000 is below admission_threshold=0.5,3.4194118825956016e-11,,,0,0.00175,REJECTED,,,,,,,False,,,,,,,,,,False,,,,False,,5e5edd3e823e308483272be3acffd8aaed4f46ca,1f2680a5b9065e708a7497adc53a95b108029b98,3.13.14,2.5.1,"{""pydantic"": ""2.13.4"", ""yaml"": ""6.0.3"", ""networkx"": ""3.6.1"", ""numpy"": ""2.5.1"", ""scipy"": ""1.18.0"", ""matplotlib"": ""3.11.0"", ""pandas"": ""3.0.3"", ""qutip"": ""5.3.0"", ""stim"": ""1.16.0"", ""gmpy2"": ""2.3.1"", ""nbformat"": ""5.10.4"", ""nbclient"": ""0.11.0""}",Windows,11,Gercom,2026-07-22T12:06:36.223195+00:00,,,,
P15_balanced_factorial,P15_balanced_factorial:four_node:8e180334e9e0cf64:L3-R:404:m10-intent:0,four_node,8e180334e9e0cf64,404,m10-intent,L3-R,probabilistic_resource_aware,0,4,10,0.58,0.05,1e-05,,True,,0,False,best candidate's predicted satisfaction probability 0.000 is below admission_threshold=0.5,3.4194118825956016e-11,,,0,0.001349,REJECTED,,,,,,,False,,,,,,,,,,False,,,,False,,5e5edd3e823e308483272be3acffd8aaed4f46ca,1f2680a5b9065e708a7497adc53a95b108029b98,3.13.14,2.5.1,"{""pydantic"": ""2.13.4"", ""yaml"": ""6.0.3"", ""networkx"": ""3.6.1"", ""numpy"": ""2.5.1"", ""scipy"": ""1.18.0"", ""matplotlib"": ""3.11.0"", ""pandas"": ""3.0.3"", ""qutip"": ""5.3.0"", ""stim"": ""1.16.0"", ""gmpy2"": ""2.3.1"", ""nbformat"": ""5.10.4"", ""nbclient"": ""0.11.0""}",Windows,11,Gercom,2026-07-22T12:06:41.708404+00:00,,,,
P15_balanced_factorial,P15_balanced_factorial:four_node:01a128daf8a696aa:L2-R:400:m10-intent:0,four_node,01a128daf8a696aa,400,m10-intent,L2-R,iterative_resource_aware,0,10,10,0.58,0.05,1e-05,,True,,0,False,DELIVERY_TARGET_EXCEEDS_WINDOW,,,,0,0.000445,REJECTED,,,,,,,False,,,,,,,,,,False,,,,False,,5e5edd3e823e308483272be3acffd8aaed4f46ca,1f2680a5b9065e708a7497adc53a95b108029b98,3.13.14,2.5.1,"{""pydantic"": ""2.13.4"", ""yaml"": ""6.0.3"", ""networkx"": ""3.6.1"", ""numpy"": ""2.5.1"", ""scipy"": ""1.18.0"", ""matplotlib"": ""3.11.0"", ""pandas"": ""3.0.3"", ""qutip"": ""5.3.0"", ""stim"": ""1.16.0"", ""gmpy2"": ""2.3.1"", ""nbformat"": ""5.10.4"", ""nbclient"": ""0.11.0""}",Windows,11,Gercom,2026-07-22T12:06:45.890340+00:00,,,,
P15_balanced_factorial,P15_balanced_factorial:four_node:01a128daf8a696aa:L2-R:401:m10-intent:0,four_node,01a128daf8a696aa,401,m10-intent,L2-R,iterative_resource_aware,0,10,10,0.58,0.05,1e-05,,True,,0,False,DELIVERY_TARGET_EXCEEDS_WINDOW,,,,0,0.000387,REJECTED,,,,,,,False,,,,,,,,,,False,,,,False,,5e5edd3e823e308483272be3acffd8aaed4f46ca,1f2680a5b9065e708a7497adc53a95b108029b98,3.13.14,2.5.1,"{""pydantic"": ""2.13.4"", ""yaml"": ""6.0.3"", ""networkx"": ""3.6.1"", ""numpy"": ""2.5.1"", ""scipy"": ""1.18.0"", ""matplotlib"": ""3.11.0"", ""pandas"": ""3.0.3"", ""qutip"": ""5.3.0"", ""stim"": ""1.16.0"", ""gmpy2"": ""2.3.1"", ""nbformat"": ""5.10.4"", ""nbclient"": ""0.11.0""}",Windows,11,Gercom,2026-07-22T12:06:50.006196+00:00,,,,
P15_balanced_factorial,P15_balanced_factorial:four_node:01a128daf8a696aa:L2-R:402:m10-intent:0,four_node,01a128daf8a696aa,402,m10-intent,L2-R,iterative_resource_aware,0,10,10,0.58,0.05,1e-05,,True,,0,False,DELIVERY_TARGET_EXCEEDS_WINDOW,,,,0,0.00042,REJECTED,,,,,,,False,,,,,,,,,,False,,,,False,,5e5edd3e823e308483272be3acffd8aaed4f46ca,1f2680a5b9065e708a7497adc53a95b108029b98,3.13.14,2.5.1,"{""pydantic"": ""2.13.4"", ""yaml"": ""6.0.3"", ""networkx"": ""3.6.1"", ""numpy"": ""2.5.1"", ""scipy"": ""1.18.0"", ""matplotlib"": ""3.11.0"", ""pandas"": ""3.0.3"", ""qutip"": ""5.3.0"", ""stim"": ""1.16.0"", ""gmpy2"": ""2.3.1"", ""nbformat"": ""5.10.4"", ""nbclient"": ""0.11.0""}",Windows,11,Gercom,2026-07-22T12:06:53.843462+00:00,,,,
P15_balanced_factorial,P15_balanced_factorial:four_node:01a128daf8a696aa:L2-R:403:m10-intent:0,four_node,01a128daf8a696aa,403,m10-intent,L2-R,iterative_resource_aware,0,10,10,0.58,0.05,1e-05,,True,,0,False,DELIVERY_TARGET_EXCEEDS_WINDOW,,,,0,0.000495,REJECTED,,,,,,,False,,,,,,,,,,False,,,,False,,5e5edd3e823e308483272be3acffd8aaed4f46ca,1f2680a5b9065e708a7497adc53a95b108029b98,3.13.14,2.5.1,"{""pydantic"": ""2.13.4"", ""yaml"": ""6.0.3"", ""networkx"": ""3.6.1"", ""numpy"": ""2.5.1"", ""scipy"": ""1.18.0"", ""matplotlib"": ""3.11.0"", ""pandas"": ""3.0.3"", ""qutip"": ""5.3.0"", ""stim"": ""1.16.0"", ""gmpy2"": ""2.3.1"", ""nbformat"": ""5.10.4"", ""nbclient"": ""0.11.0""}",Windows,11,Gercom,2026-07-22T12:06:58.530360+00:00,,,,
P15_balanced_factorial,P15_balanced_factorial:four_node:01a128daf8a696aa:L2-R:404:m10-intent:0,four_node,01a128daf8a696aa,404,m10-intent,L2-R,iterative_resource_aware,0,10,10,0.58,0.05,1e-05,,True,,0,False,DELIVERY_TARGET_EXCEEDS_WINDOW,,,,0,0.000371,REJECTED,,,,,,,False,,,,,,,,,,False,,,,False,,5e5edd3e823e308483272be3acffd8aaed4f46ca,1f2680a5b9065e708a7497adc53a95b108029b98,3.13.14,2.5.1,"{""pydantic"": ""2.13.4"", ""yaml"": ""6.0.3"", ""networkx"": ""3.6.1"", ""numpy"": ""2.5.1"", ""scipy"": ""1.18.0"", ""matplotlib"": ""3.11.0"", ""pandas"": ""3.0.3"", ""qutip"": ""5.3.0"", ""stim"": ""1.16.0"", ""gmpy2"": ""2.3.1"", ""nbformat"": ""5.10.4"", ""nbclient"": ""0.11.0""}",Windows,11,Gercom,2026-07-22T12:07:03.584545+00:00,,,,
P15_balanced_factorial,P15_balanced_factorial:four_node:01a128daf8a696aa:L3-R:400:m10-intent:0,four_node,01a128daf8a696aa,400,m10-intent,L3-R,probabilistic_resource_aware,0,10,10,0.58,0.05,1e-05,,True,,0,False,best candidate's predicted satisfaction probability 0.000 is below admission_threshold=0.5,1.8386324499581526e-07,,,0,0.004728,REJECTED,,,,,,,False,,,,,,,,,,False,,,,False,,5e5edd3e823e308483272be3acffd8aaed4f46ca,1f2680a5b9065e708a7497adc53a95b108029b98,3.13.14,2.5.1,"{""pydantic"": ""2.13.4"", ""yaml"": ""6.0.3"", ""networkx"": ""3.6.1"", ""numpy"": ""2.5.1"", ""scipy"": ""1.18.0"", ""matplotlib"": ""3.11.0"", ""pandas"": ""3.0.3"", ""qutip"": ""5.3.0"", ""stim"": ""1.16.0"", ""gmpy2"": ""2.3.1"", ""nbformat"": ""5.10.4"", ""nbclient"": ""0.11.0""}",Windows,11,Gercom,2026-07-22T12:07:07.200075+00:00,,,,
P15_balanced_factorial,P15_balanced_factorial:four_node:01a128daf8a696aa:L3-R:401:m10-intent:0,four_node,01a128daf8a696aa,401,m10-intent,L3-R,probabilistic_resource_aware,0,10,10,0.58,0.05,1e-05,,True,,0,False,best candidate's predicted satisfaction probability 0.000 is below admission_threshold=0.5,1.8386324499581526e-07,,,0,0.001428,REJECTED,,,,,,,False,,,,,,,,,,False,,,,False,,5e5edd3e823e308483272be3acffd8aaed4f46ca,1f2680a5b9065e708a7497adc53a95b108029b98,3.13.14,2.5.1,"{""pydantic"": ""2.13.4"", ""yaml"": ""6.0.3"", ""networkx"": ""3.6.1"", ""numpy"": ""2.5.1"", ""scipy"": ""1.18.0"", ""matplotlib"": ""3.11.0"", ""pandas"": ""3.0.3"", ""qutip"": ""5.3.0"", ""stim"": ""1.16.0"", ""gmpy2"": ""2.3.1"", ""nbformat"": ""5.10.4"", ""nbclient"": ""0.11.0""}",Windows,11,Gercom,2026-07-22T12:07:11.086114+00:00,,,,
P15_balanced_factorial,P15_balanced_factorial:four_node:01a128daf8a696aa:L3-R:402:m10-intent:0,four_node,01a128daf8a696aa,402,m10-intent,L3-R,probabilistic_resource_aware,0,10,10,0.58,0.05,1e-05,,True,,0,False,best candidate's predicted satisfaction probability 0.000 is below admission_threshold=0.5,1.8386324499581526e-07,,,0,0.00072,REJECTED,,,,,,,False,,,,,,,,,,False,,,,False,,5e5edd3e823e308483272be3acffd8aaed4f46ca,1f2680a5b9065e708a7497adc53a95b108029b98,3.13.14,2.5.1,"{""pydantic"": ""2.13.4"", ""yaml"": ""6.0.3"", ""networkx"": ""3.6.1"", ""numpy"": ""2.5.1"", ""scipy"": ""1.18.0"", ""matplotlib"": ""3.11.0"", ""pandas"": ""3.0.3"", ""qutip"": ""5.3.0"", ""stim"": ""1.16.0"", ""gmpy2"": ""2.3.1"", ""nbformat"": ""5.10.4"", ""nbclient"": ""0.11.0""}",Windows,11,Gercom,2026-07-22T12:07:14.514176+00:00,,,,
P15_balanced_factorial,P15_balanced_factorial:four_node:01a128daf8a696aa:L3-R:403:m10-intent:0,four_node,01a128daf8a696aa,403,m10-intent,L3-R,probabilistic_resource_aware,0,10,10,0.58,0.05,1e-05,,True,,0,False,best candidate's predicted satisfaction probability 0.000 is below admission_threshold=0.5,1.8386324499581526e-07,,,0,0.001446,REJECTED,,,,,,,False,,,,,,,,,,False,,,,False,,5e5edd3e823e308483272be3acffd8aaed4f46ca,1f2680a5b9065e708a7497adc53a95b108029b98,3.13.14,2.5.1,"{""pydantic"": ""2.13.4"", ""yaml"": ""6.0.3"", ""networkx"": ""3.6.1"", ""numpy"": ""2.5.1"", ""scipy"": ""1.18.0"", ""matplotlib"": ""3.11.0"", ""pandas"": ""3.0.3"", ""qutip"": ""5.3.0"", ""stim"": ""1.16.0"", ""gmpy2"": ""2.3.1"", ""nbformat"": ""5.10.4"", ""nbclient"": ""0.11.0""}",Windows,11,Gercom,2026-07-22T12:07:18.361213+00:00,,,,
P15_balanced_factorial,P15_balanced_factorial:four_node:01a128daf8a696aa:L3-R:404:m10-intent:0,four_node,01a128daf8a696aa,404,m10-intent,L3-R,probabilistic_resource_aware,0,10,10,0.58,0.05,1e-05,,True,,0,False,best candidate's predicted satisfaction probability 0.000 is below admission_threshold=0.5,1.8386324499581526e-07,,,0,0.001343,REJECTED,,,,,,,False,,,,,,,,,,False,,,,False,,5e5edd3e823e308483272be3acffd8aaed4f46ca,1f2680a5b9065e708a7497adc53a95b108029b98,3.13.14,2.5.1,"{""pydantic"": ""2.13.4"", ""yaml"": ""6.0.3"", ""networkx"": ""3.6.1"", ""numpy"": ""2.5.1"", ""scipy"": ""1.18.0"", ""matplotlib"": ""3.11.0"", ""pandas"": ""3.0.3"", ""qutip"": ""5.3.0"", ""stim"": ""1.16.0"", ""gmpy2"": ""2.3.1"", ""nbformat"": ""5.10.4"", ""nbclient"": ""0.11.0""}",Windows,11,Gercom,2026-07-22T12:07:22.999516+00:00,,,,
P15_balanced_factorial,P15_balanced_factorial:four_node:0c0e06b4a23d0e4c:L2-R:400:m10-intent:0,four_node,0c0e06b4a23d0e4c,400,m10-intent,L2-R,iterative_resource_aware,0,4,10,0.63,0.01,1e-05,,True,,0,False,DELIVERY_TARGET_EXCEEDS_WINDOW,,,,0,0.000207,REJECTED,,,,,,,False,,,,,,,,,,False,,,,False,,5e5edd3e823e308483272be3acffd8aaed4f46ca,1f2680a5b9065e708a7497adc53a95b108029b98,3.13.14,2.5.1,"{""pydantic"": ""2.13.4"", ""yaml"": ""6.0.3"", ""networkx"": ""3.6.1"", ""numpy"": ""2.5.1"", ""scipy"": ""1.18.0"", ""matplotlib"": ""3.11.0"", ""pandas"": ""3.0.3"", ""qutip"": ""5.3.0"", ""stim"": ""1.16.0"", ""gmpy2"": ""2.3.1"", ""nbformat"": ""5.10.4"", ""nbclient"": ""0.11.0""}",Windows,11,Gercom,2026-07-22T12:07:26.565412+00:00,,,,
P15_balanced_factorial,P15_balanced_factorial:four_node:0c0e06b4a23d0e4c:L2-R:401:m10-intent:0,four_node,0c0e06b4a23d0e4c,401,m10-intent,L2-R,iterative_resource_aware,0,4,10,0.63,0.01,1e-05,,True,,0,False,DELIVERY_TARGET_EXCEEDS_WINDOW,,,,0,0.000365,REJECTED,,,,,,,False,,,,,,,,,,False,,,,False,,5e5edd3e823e308483272be3acffd8aaed4f46ca,1f2680a5b9065e708a7497adc53a95b108029b98,3.13.14,2.5.1,"{""pydantic"": ""2.13.4"", ""yaml"": ""6.0.3"", ""networkx"": ""3.6.1"", ""numpy"": ""2.5.1"", ""scipy"": ""1.18.0"", ""matplotlib"": ""3.11.0"", ""pandas"": ""3.0.3"", ""qutip"": ""5.3.0"", ""stim"": ""1.16.0"", ""gmpy2"": ""2.3.1"", ""nbformat"": ""5.10.4"", ""nbclient"": ""0.11.0""}",Windows,11,Gercom,2026-07-22T12:07:30.433708+00:00,,,,
P15_balanced_factorial,P15_balanced_factorial:four_node:0c0e06b4a23d0e4c:L2-R:402:m10-intent:0,four_node,0c0e06b4a23d0e4c,402,m10-intent,L2-R,iterative_resource_aware,0,4,10,0.63,0.01,1e-05,,True,,0,False,DELIVERY_TARGET_EXCEEDS_WINDOW,,,,0,0.000211,REJECTED,,,,,,,False,,,,,,,,,,False,,,,False,,5e5edd3e823e308483272be3acffd8aaed4f46ca,1f2680a5b9065e708a7497adc53a95b108029b98,3.13.14,2.5.1,"{""pydantic"": ""2.13.4"", ""yaml"": ""6.0.3"", ""networkx"": ""3.6.1"", ""numpy"": ""2.5.1"", ""scipy"": ""1.18.0"", ""matplotlib"": ""3.11.0"", ""pandas"": ""3.0.3"", ""qutip"": ""5.3.0"", ""stim"": ""1.16.0"", ""gmpy2"": ""2.3.1"", ""nbformat"": ""5.10.4"", ""nbclient"": ""0.11.0""}",Windows,11,Gercom,2026-07-22T12:07:33.949997+00:00,,,,
P15_balanced_factorial,P15_balanced_factorial:four_node:0c0e06b4a23d0e4c:L2-R:403:m10-intent:0,four_node,0c0e06b4a23d0e4c,403,m10-intent,L2-R,iterative_resource_aware,0,4,10,0.63,0.01,1e-05,,True,,0,False,DELIVERY_TARGET_EXCEEDS_WINDOW,,,,0,0.000241,REJECTED,,,,,,,False,,,,,,,,,,False,,,,False,,5e5edd3e823e308483272be3acffd8aaed4f46ca,1f2680a5b9065e708a7497adc53a95b108029b98,3.13.14,2.5.1,"{""pydantic"": ""2.13.4"", ""yaml"": ""6.0.3"", ""networkx"": ""3.6.1"", ""numpy"": ""2.5.1"", ""scipy"": ""1.18.0"", ""matplotlib"": ""3.11.0"", ""pandas"": ""3.0.3"", ""qutip"": ""5.3.0"", ""stim"": ""1.16.0"", ""gmpy2"": ""2.3.1"", ""nbformat"": ""5.10.4"", ""nbclient"": ""0.11.0""}",Windows,11,Gercom,2026-07-22T12:07:37.317753+00:00,,,,
P15_balanced_factorial,P15_balanced_factorial:four_node:0c0e06b4a23d0e4c:L2-R:404:m10-intent:0,four_node,0c0e06b4a23d0e4c,404,m10-intent,L2-R,iterative_resource_aware,0,4,10,0.63,0.01,1e-05,,True,,0,False,DELIVERY_TARGET_EXCEEDS_WINDOW,,,,0,0.000378,REJECTED,,,,,,,False,,,,,,,,,,False,,,,False,,5e5edd3e823e308483272be3acffd8aaed4f46ca,1f2680a5b9065e708a7497adc53a95b108029b98,3.13.14,2.5.1,"{""pydantic"": ""2.13.4"", ""yaml"": ""6.0.3"", ""networkx"": ""3.6.1"", ""numpy"": ""2.5.1"", ""scipy"": ""1.18.0"", ""matplotlib"": ""3.11.0"", ""pandas"": ""3.0.3"", ""qutip"": ""5.3.0"", ""stim"": ""1.16.0"", ""gmpy2"": ""2.3.1"", ""nbformat"": ""5.10.4"", ""nbclient"": ""0.11.0""}",Windows,11,Gercom,2026-07-22T12:07:41.628651+00:00,,,,
P15_balanced_factorial,P15_balanced_factorial:four_node:0c0e06b4a23d0e4c:L3-R:400:m10-intent:0,four_node,0c0e06b4a23d0e4c,400,m10-intent,L3-R,probabilistic_resource_aware,0,4,10,0.63,0.01,1e-05,,True,,0,False,best candidate's predicted satisfaction probability 0.000 is below admission_threshold=0.5,2.6571944107723163e-28,,,0,0.00153,REJECTED,,,,,,,False,,,,,,,,,,False,,,,False,,5e5edd3e823e308483272be3acffd8aaed4f46ca,1f2680a5b9065e708a7497adc53a95b108029b98,3.13.14,2.5.1,"{""pydantic"": ""2.13.4"", ""yaml"": ""6.0.3"", ""networkx"": ""3.6.1"", ""numpy"": ""2.5.1"", ""scipy"": ""1.18.0"", ""matplotlib"": ""3.11.0"", ""pandas"": ""3.0.3"", ""qutip"": ""5.3.0"", ""stim"": ""1.16.0"", ""gmpy2"": ""2.3.1"", ""nbformat"": ""5.10.4"", ""nbclient"": ""0.11.0""}",Windows,11,Gercom,2026-07-22T12:07:45.072936+00:00,,,,
P15_balanced_factorial,P15_balanced_factorial:four_node:0c0e06b4a23d0e4c:L3-R:401:m10-intent:0,four_node,0c0e06b4a23d0e4c,401,m10-intent,L3-R,probabilistic_resource_aware,0,4,10,0.63,0.01,1e-05,,True,,0,False,best candidate's predicted satisfaction probability 0.000 is below admission_threshold=0.5,2.6571944107723163e-28,,,0,0.000709,REJECTED,,,,,,,False,,,,,,,,,,False,,,,False,,5e5edd3e823e308483272be3acffd8aaed4f46ca,1f2680a5b9065e708a7497adc53a95b108029b98,3.13.14,2.5.1,"{""pydantic"": ""2.13.4"", ""yaml"": ""6.0.3"", ""networkx"": ""3.6.1"", ""numpy"": ""2.5.1"", ""scipy"": ""1.18.0"", ""matplotlib"": ""3.11.0"", ""pandas"": ""3.0.3"", ""qutip"": ""5.3.0"", ""stim"": ""1.16.0"", ""gmpy2"": ""2.3.1"", ""nbformat"": ""5.10.4"", ""nbclient"": ""0.11.0""}",Windows,11,Gercom,2026-07-22T12:07:48.651420+00:00,,,,
P15_balanced_factorial,P15_balanced_factorial:four_node:0c0e06b4a23d0e4c:L3-R:402:m10-intent:0,four_node,0c0e06b4a23d0e4c,402,m10-intent,L3-R,probabilistic_resource_aware,0,4,10,0.63,0.01,1e-05,,True,,0,False,best candidate's predicted satisfaction probability 0.000 is below admission_threshold=0.5,2.6571944107723163e-28,,,0,0.000733,REJECTED,,,,,,,False,,,,,,,,,,False,,,,False,,5e5edd3e823e308483272be3acffd8aaed4f46ca,1f2680a5b9065e708a7497adc53a95b108029b98,3.13.14,2.5.1,"{""pydantic"": ""2.13.4"", ""yaml"": ""6.0.3"", ""networkx"": ""3.6.1"", ""numpy"": ""2.5.1"", ""scipy"": ""1.18.0"", ""matplotlib"": ""3.11.0"", ""pandas"": ""3.0.3"", ""qutip"": ""5.3.0"", ""stim"": ""1.16.0"", ""gmpy2"": ""2.3.1"", ""nbformat"": ""5.10.4"", ""nbclient"": ""0.11.0""}",Windows,11,Gercom,2026-07-22T12:07:52.174333+00:00,,,,
P15_balanced_factorial,P15_balanced_factorial:four_node:0c0e06b4a23d0e4c:L3-R:403:m10-intent:0,four_node,0c0e06b4a23d0e4c,403,m10-intent,L3-R,probabilistic_resource_aware,0,4,10,0.63,0.01,1e-05,,True,,0,False,best candidate's predicted satisfaction probability 0.000 is below admission_threshold=0.5,2.6571944107723163e-28,,,0,0.00112,REJECTED,,,,,,,False,,,,,,,,,,False,,,,False,,5e5edd3e823e308483272be3acffd8aaed4f46ca,1f2680a5b9065e708a7497adc53a95b108029b98,3.13.14,2.5.1,"{""pydantic"": ""2.13.4"", ""yaml"": ""6.0.3"", ""networkx"": ""3.6.1"", ""numpy"": ""2.5.1"", ""scipy"": ""1.18.0"", ""matplotlib"": ""3.11.0"", ""pandas"": ""3.0.3"", ""qutip"": ""5.3.0"", ""stim"": ""1.16.0"", ""gmpy2"": ""2.3.1"", ""nbformat"": ""5.10.4"", ""nbclient"": ""0.11.0""}",Windows,11,Gercom,2026-07-22T12:07:55.800856+00:00,,,,
P15_balanced_factorial,P15_balanced_factorial:four_node:0c0e06b4a23d0e4c:L3-R:404:m10-intent:0,four_node,0c0e06b4a23d0e4c,404,m10-intent,L3-R,probabilistic_resource_aware,0,4,10,0.63,0.01,1e-05,,True,,0,False,best candidate's predicted satisfaction probability 0.000 is below admission_threshold=0.5,2.6571944107723163e-28,,,0,0.002419,REJECTED,,,,,,,False,,,,,,,,,,False,,,,False,,5e5edd3e823e308483272be3acffd8aaed4f46ca,1f2680a5b9065e708a7497adc53a95b108029b98,3.13.14,2.5.1,"{""pydantic"": ""2.13.4"", ""yaml"": ""6.0.3"", ""networkx"": ""3.6.1"", ""numpy"": ""2.5.1"", ""scipy"": ""1.18.0"", ""matplotlib"": ""3.11.0"", ""pandas"": ""3.0.3"", ""qutip"": ""5.3.0"", ""stim"": ""1.16.0"", ""gmpy2"": ""2.3.1"", ""nbformat"": ""5.10.4"", ""nbclient"": ""0.11.0""}",Windows,11,Gercom,2026-07-22T12:08:00.240862+00:00,,,,
P15_balanced_factorial,P15_balanced_factorial:four_node:cdfccef90c0efc8f:L2-R:400:m10-intent:0,four_node,cdfccef90c0efc8f,400,m10-intent,L2-R,iterative_resource_aware,0,10,10,0.63,0.01,1e-05,,True,,0,False,DELIVERY_TARGET_EXCEEDS_WINDOW,,,,0,0.000217,REJECTED,,,,,,,False,,,,,,,,,,False,,,,False,,5e5edd3e823e308483272be3acffd8aaed4f46ca,1f2680a5b9065e708a7497adc53a95b108029b98,3.13.14,2.5.1,"{""pydantic"": ""2.13.4"", ""yaml"": ""6.0.3"", ""networkx"": ""3.6.1"", ""numpy"": ""2.5.1"", ""scipy"": ""1.18.0"", ""matplotlib"": ""3.11.0"", ""pandas"": ""3.0.3"", ""qutip"": ""5.3.0"", ""stim"": ""1.16.0"", ""gmpy2"": ""2.3.1"", ""nbformat"": ""5.10.4"", ""nbclient"": ""0.11.0""}",Windows,11,Gercom,2026-07-22T12:08:03.777363+00:00,,,,
P15_balanced_factorial,P15_balanced_factorial:four_node:cdfccef90c0efc8f:L2-R:401:m10-intent:0,four_node,cdfccef90c0efc8f,401,m10-intent,L2-R,iterative_resource_aware,0,10,10,0.63,0.01,1e-05,,True,,0,False,DELIVERY_TARGET_EXCEEDS_WINDOW,,,,0,0.000213,REJECTED,,,,,,,False,,,,,,,,,,False,,,,False,,5e5edd3e823e308483272be3acffd8aaed4f46ca,1f2680a5b9065e708a7497adc53a95b108029b98,3.13.14,2.5.1,"{""pydantic"": ""2.13.4"", ""yaml"": ""6.0.3"", ""networkx"": ""3.6.1"", ""numpy"": ""2.5.1"", ""scipy"": ""1.18.0"", ""matplotlib"": ""3.11.0"", ""pandas"": ""3.0.3"", ""qutip"": ""5.3.0"", ""stim"": ""1.16.0"", ""gmpy2"": ""2.3.1"", ""nbformat"": ""5.10.4"", ""nbclient"": ""0.11.0""}",Windows,11,Gercom,2026-07-22T12:08:07.158103+00:00,,,,
P15_balanced_factorial,P15_balanced_factorial:four_node:cdfccef90c0efc8f:L2-R:402:m10-intent:0,four_node,cdfccef90c0efc8f,402,m10-intent,L2-R,iterative_resource_aware,0,10,10,0.63,0.01,1e-05,,True,,0,False,DELIVERY_TARGET_EXCEEDS_WINDOW,,,,0,0.000216,REJECTED,,,,,,,False,,,,,,,,,,False,,,,False,,5e5edd3e823e308483272be3acffd8aaed4f46ca,1f2680a5b9065e708a7497adc53a95b108029b98,3.13.14,2.5.1,"{""pydantic"": ""2.13.4"", ""yaml"": ""6.0.3"", ""networkx"": ""3.6.1"", ""numpy"": ""2.5.1"", ""scipy"": ""1.18.0"", ""matplotlib"": ""3.11.0"", ""pandas"": ""3.0.3"", ""qutip"": ""5.3.0"", ""stim"": ""1.16.0"", ""gmpy2"": ""2.3.1"", ""nbformat"": ""5.10.4"", ""nbclient"": ""0.11.0""}",Windows,11,Gercom,2026-07-22T12:08:10.555039+00:00,,,,
P15_balanced_factorial,P15_balanced_factorial:four_node:cdfccef90c0efc8f:L2-R:403:m10-intent:0,four_node,cdfccef90c0efc8f,403,m10-intent,L2-R,iterative_resource_aware,0,10,10,0.63,0.01,1e-05,,True,,0,False,DELIVERY_TARGET_EXCEEDS_WINDOW,,,,0,0.000209,REJECTED,,,,,,,False,,,,,,,,,,False,,,,False,,5e5edd3e823e308483272be3acffd8aaed4f46ca,1f2680a5b9065e708a7497adc53a95b108029b98,3.13.14,2.5.1,"{""pydantic"": ""2.13.4"", ""yaml"": ""6.0.3"", ""networkx"": ""3.6.1"", ""numpy"": ""2.5.1"", ""scipy"": ""1.18.0"", ""matplotlib"": ""3.11.0"", ""pandas"": ""3.0.3"", ""qutip"": ""5.3.0"", ""stim"": ""1.16.0"", ""gmpy2"": ""2.3.1"", ""nbformat"": ""5.10.4"", ""nbclient"": ""0.11.0""}",Windows,11,Gercom,2026-07-22T12:08:13.998414+00:00,,,,
P15_balanced_factorial,P15_balanced_factorial:four_node:cdfccef90c0efc8f:L2-R:404:m10-intent:0,four_node,cdfccef90c0efc8f,404,m10-intent,L2-R,iterative_resource_aware,0,10,10,0.63,0.01,1e-05,,True,,0,False,DELIVERY_TARGET_EXCEEDS_WINDOW,,,,0,0.000359,REJECTED,,,,,,,False,,,,,,,,,,False,,,,False,,5e5edd3e823e308483272be3acffd8aaed4f46ca,1f2680a5b9065e708a7497adc53a95b108029b98,3.13.14,2.5.1,"{""pydantic"": ""2.13.4"", ""yaml"": ""6.0.3"", ""networkx"": ""3.6.1"", ""numpy"": ""2.5.1"", ""scipy"": ""1.18.0"", ""matplotlib"": ""3.11.0"", ""pandas"": ""3.0.3"", ""qutip"": ""5.3.0"", ""stim"": ""1.16.0"", ""gmpy2"": ""2.3.1"", ""nbformat"": ""5.10.4"", ""nbclient"": ""0.11.0""}",Windows,11,Gercom,2026-07-22T12:08:18.381915+00:00,,,,
P15_balanced_factorial,P15_balanced_factorial:four_node:cdfccef90c0efc8f:L3-R:400:m10-intent:0,four_node,cdfccef90c0efc8f,400,m10-intent,L3-R,probabilistic_resource_aware,0,10,10,0.63,0.01,1e-05,,True,,0,False,best candidate's predicted satisfaction probability 0.000 is below admission_threshold=0.5,2.5068795247893435e-24,,,0,0.000749,REJECTED,,,,,,,False,,,,,,,,,,False,,,,False,,5e5edd3e823e308483272be3acffd8aaed4f46ca,1f2680a5b9065e708a7497adc53a95b108029b98,3.13.14,2.5.1,"{""pydantic"": ""2.13.4"", ""yaml"": ""6.0.3"", ""networkx"": ""3.6.1"", ""numpy"": ""2.5.1"", ""scipy"": ""1.18.0"", ""matplotlib"": ""3.11.0"", ""pandas"": ""3.0.3"", ""qutip"": ""5.3.0"", ""stim"": ""1.16.0"", ""gmpy2"": ""2.3.1"", ""nbformat"": ""5.10.4"", ""nbclient"": ""0.11.0""}",Windows,11,Gercom,2026-07-22T12:08:21.917563+00:00,,,,
P15_balanced_factorial,P15_balanced_factorial:four_node:cdfccef90c0efc8f:L3-R:401:m10-intent:0,four_node,cdfccef90c0efc8f,401,m10-intent,L3-R,probabilistic_resource_aware,0,10,10,0.63,0.01,1e-05,,True,,0,False,best candidate's predicted satisfaction probability 0.000 is below admission_threshold=0.5,2.5068795247893435e-24,,,0,0.000765,REJECTED,,,,,,,False,,,,,,,,,,False,,,,False,,5e5edd3e823e308483272be3acffd8aaed4f46ca,1f2680a5b9065e708a7497adc53a95b108029b98,3.13.14,2.5.1,"{""pydantic"": ""2.13.4"", ""yaml"": ""6.0.3"", ""networkx"": ""3.6.1"", ""numpy"": ""2.5.1"", ""scipy"": ""1.18.0"", ""matplotlib"": ""3.11.0"", ""pandas"": ""3.0.3"", ""qutip"": ""5.3.0"", ""stim"": ""1.16.0"", ""gmpy2"": ""2.3.1"", ""nbformat"": ""5.10.4"", ""nbclient"": ""0.11.0""}",Windows,11,Gercom,2026-07-22T12:08:25.006168+00:00,,,,
P15_balanced_factorial,P15_balanced_factorial:four_node:cdfccef90c0efc8f:L3-R:402:m10-intent:0,four_node,cdfccef90c0efc8f,402,m10-intent,L3-R,probabilistic_resource_aware,0,10,10,0.63,0.01,1e-05,,True,,0,False,best candidate's predicted satisfaction probability 0.000 is below admission_threshold=0.5,2.5068795247893435e-24,,,0,0.001128,REJECTED,,,,,,,False,,,,,,,,,,False,,,,False,,5e5edd3e823e308483272be3acffd8aaed4f46ca,1f2680a5b9065e708a7497adc53a95b108029b98,3.13.14,2.5.1,"{""pydantic"": ""2.13.4"", ""yaml"": ""6.0.3"", ""networkx"": ""3.6.1"", ""numpy"": ""2.5.1"", ""scipy"": ""1.18.0"", ""matplotlib"": ""3.11.0"", ""pandas"": ""3.0.3"", ""qutip"": ""5.3.0"", ""stim"": ""1.16.0"", ""gmpy2"": ""2.3.1"", ""nbformat"": ""5.10.4"", ""nbclient"": ""0.11.0""}",Windows,11,Gercom,2026-07-22T12:08:30.849101+00:00,,,,
P15_balanced_factorial,P15_balanced_factorial:four_node:cdfccef90c0efc8f:L3-R:403:m10-intent:0,four_node,cdfccef90c0efc8f,403,m10-intent,L3-R,probabilistic_resource_aware,0,10,10,0.63,0.01,1e-05,,True,,0,False,best candidate's predicted satisfaction probability 0.000 is below admission_threshold=0.5,2.5068795247893435e-24,,,0,0.000724,REJECTED,,,,,,,False,,,,,,,,,,False,,,,False,,5e5edd3e823e308483272be3acffd8aaed4f46ca,1f2680a5b9065e708a7497adc53a95b108029b98,3.13.14,2.5.1,"{""pydantic"": ""2.13.4"", ""yaml"": ""6.0.3"", ""networkx"": ""3.6.1"", ""numpy"": ""2.5.1"", ""scipy"": ""1.18.0"", ""matplotlib"": ""3.11.0"", ""pandas"": ""3.0.3"", ""qutip"": ""5.3.0"", ""stim"": ""1.16.0"", ""gmpy2"": ""2.3.1"", ""nbformat"": ""5.10.4"", ""nbclient"": ""0.11.0""}",Windows,11,Gercom,2026-07-22T12:08:34.204254+00:00,,,,
P15_balanced_factorial,P15_balanced_factorial:four_node:cdfccef90c0efc8f:L3-R:404:m10-intent:0,four_node,cdfccef90c0efc8f,404,m10-intent,L3-R,probabilistic_resource_aware,0,10,10,0.63,0.01,1e-05,,True,,0,False,best candidate's predicted satisfaction probability 0.000 is below admission_threshold=0.5,2.5068795247893435e-24,,,0,0.001264,REJECTED,,,,,,,False,,,,,,,,,,False,,,,False,,5e5edd3e823e308483272be3acffd8aaed4f46ca,1f2680a5b9065e708a7497adc53a95b108029b98,3.13.14,2.5.1,"{""pydantic"": ""2.13.4"", ""yaml"": ""6.0.3"", ""networkx"": ""3.6.1"", ""numpy"": ""2.5.1"", ""scipy"": ""1.18.0"", ""matplotlib"": ""3.11.0"", ""pandas"": ""3.0.3"", ""qutip"": ""5.3.0"", ""stim"": ""1.16.0"", ""gmpy2"": ""2.3.1"", ""nbformat"": ""5.10.4"", ""nbclient"": ""0.11.0""}",Windows,11,Gercom,2026-07-22T12:08:51.735595+00:00,,,,
P15_balanced_factorial,P15_balanced_factorial:four_node:eb8c47e5741c4e61:L2-R:400:m10-intent:0,four_node,eb8c47e5741c4e61,400,m10-intent,L2-R,iterative_resource_aware,0,4,10,0.63,0.05,1e-05,,True,,0,False,DELIVERY_TARGET_EXCEEDS_WINDOW,,,,0,0.000439,REJECTED,,,,,,,False,,,,,,,,,,False,,,,False,,5e5edd3e823e308483272be3acffd8aaed4f46ca,1f2680a5b9065e708a7497adc53a95b108029b98,3.13.14,2.5.1,"{""pydantic"": ""2.13.4"", ""yaml"": ""6.0.3"", ""networkx"": ""3.6.1"", ""numpy"": ""2.5.1"", ""scipy"": ""1.18.0"", ""matplotlib"": ""3.11.0"", ""pandas"": ""3.0.3"", ""qutip"": ""5.3.0"", ""stim"": ""1.16.0"", ""gmpy2"": ""2.3.1"", ""nbformat"": ""5.10.4"", ""nbclient"": ""0.11.0""}",Windows,11,Gercom,2026-07-22T12:10:06.501321+00:00,,,,
P15_balanced_factorial,P15_balanced_factorial:four_node:eb8c47e5741c4e61:L2-R:401:m10-intent:0,four_node,eb8c47e5741c4e61,401,m10-intent,L2-R,iterative_resource_aware,0,4,10,0.63,0.05,1e-05,,True,,0,False,DELIVERY_TARGET_EXCEEDS_WINDOW,,,,0,0.00022,REJECTED,,,,,,,False,,,,,,,,,,False,,,,False,,5e5edd3e823e308483272be3acffd8aaed4f46ca,1f2680a5b9065e708a7497adc53a95b108029b98,3.13.14,2.5.1,"{""pydantic"": ""2.13.4"", ""yaml"": ""6.0.3"", ""networkx"": ""3.6.1"", ""numpy"": ""2.5.1"", ""scipy"": ""1.18.0"", ""matplotlib"": ""3.11.0"", ""pandas"": ""3.0.3"", ""qutip"": ""5.3.0"", ""stim"": ""1.16.0"", ""gmpy2"": ""2.3.1"", ""nbformat"": ""5.10.4"", ""nbclient"": ""0.11.0""}",Windows,11,Gercom,2026-07-22T12:10:09.791431+00:00,,,,
P15_balanced_factorial,P15_balanced_factorial:four_node:eb8c47e5741c4e61:L2-R:402:m10-intent:0,four_node,eb8c47e5741c4e61,402,m10-intent,L2-R,iterative_resource_aware,0,4,10,0.63,0.05,1e-05,,True,,0,False,DELIVERY_TARGET_EXCEEDS_WINDOW,,,,0,0.000209,REJECTED,,,,,,,False,,,,,,,,,,False,,,,False,,5e5edd3e823e308483272be3acffd8aaed4f46ca,1f2680a5b9065e708a7497adc53a95b108029b98,3.13.14,2.5.1,"{""pydantic"": ""2.13.4"", ""yaml"": ""6.0.3"", ""networkx"": ""3.6.1"", ""numpy"": ""2.5.1"", ""scipy"": ""1.18.0"", ""matplotlib"": ""3.11.0"", ""pandas"": ""3.0.3"", ""qutip"": ""5.3.0"", ""stim"": ""1.16.0"", ""gmpy2"": ""2.3.1"", ""nbformat"": ""5.10.4"", ""nbclient"": ""0.11.0""}",Windows,11,Gercom,2026-07-22T12:10:13.122451+00:00,,,,
P15_balanced_factorial,P15_balanced_factorial:four_node:eb8c47e5741c4e61:L2-R:403:m10-intent:0,four_node,eb8c47e5741c4e61,403,m10-intent,L2-R,iterative_resource_aware,0,4,10,0.63,0.05,1e-05,,True,,0,False,DELIVERY_TARGET_EXCEEDS_WINDOW,,,,0,0.000324,REJECTED,,,,,,,False,,,,,,,,,,False,,,,False,,5e5edd3e823e308483272be3acffd8aaed4f46ca,1f2680a5b9065e708a7497adc53a95b108029b98,3.13.14,2.5.1,"{""pydantic"": ""2.13.4"", ""yaml"": ""6.0.3"", ""networkx"": ""3.6.1"", ""numpy"": ""2.5.1"", ""scipy"": ""1.18.0"", ""matplotlib"": ""3.11.0"", ""pandas"": ""3.0.3"", ""qutip"": ""5.3.0"", ""stim"": ""1.16.0"", ""gmpy2"": ""2.3.1"", ""nbformat"": ""5.10.4"", ""nbclient"": ""0.11.0""}",Windows,11,Gercom,2026-07-22T12:10:16.556201+00:00,,,,
P15_balanced_factorial,P15_balanced_factorial:four_node:eb8c47e5741c4e61:L2-R:404:m10-intent:0,four_node,eb8c47e5741c4e61,404,m10-intent,L2-R,iterative_resource_aware,0,4,10,0.63,0.05,1e-05,,True,,0,False,DELIVERY_TARGET_EXCEEDS_WINDOW,,,,0,0.000214,REJECTED,,,,,,,False,,,,,,,,,,False,,,,False,,5e5edd3e823e308483272be3acffd8aaed4f46ca,1f2680a5b9065e708a7497adc53a95b108029b98,3.13.14,2.5.1,"{""pydantic"": ""2.13.4"", ""yaml"": ""6.0.3"", ""networkx"": ""3.6.1"", ""numpy"": ""2.5.1"", ""scipy"": ""1.18.0"", ""matplotlib"": ""3.11.0"", ""pandas"": ""3.0.3"", ""qutip"": ""5.3.0"", ""stim"": ""1.16.0"", ""gmpy2"": ""2.3.1"", ""nbformat"": ""5.10.4"", ""nbclient"": ""0.11.0""}",Windows,11,Gercom,2026-07-22T12:10:19.991959+00:00,,,,
P15_balanced_factorial,P15_balanced_factorial:four_node:eb8c47e5741c4e61:L3-R:400:m10-intent:0,four_node,eb8c47e5741c4e61,400,m10-intent,L3-R,probabilistic_resource_aware,0,4,10,0.63,0.05,1e-05,,True,,0,False,best candidate's predicted satisfaction probability 0.000 is below admission_threshold=0.5,2.5212607966316805e-21,,,0,0.001603,REJECTED,,,,,,,False,,,,,,,,,,False,,,,False,,5e5edd3e823e308483272be3acffd8aaed4f46ca,1f2680a5b9065e708a7497adc53a95b108029b98,3.13.14,2.5.1,"{""pydantic"": ""2.13.4"", ""yaml"": ""6.0.3"", ""networkx"": ""3.6.1"", ""numpy"": ""2.5.1"", ""scipy"": ""1.18.0"", ""matplotlib"": ""3.11.0"", ""pandas"": ""3.0.3"", ""qutip"": ""5.3.0"", ""stim"": ""1.16.0"", ""gmpy2"": ""2.3.1"", ""nbformat"": ""5.10.4"", ""nbclient"": ""0.11.0""}",Windows,11,Gercom,2026-07-22T12:10:23.904327+00:00,,,,
P15_balanced_factorial,P15_balanced_factorial:four_node:eb8c47e5741c4e61:L3-R:401:m10-intent:0,four_node,eb8c47e5741c4e61,401,m10-intent,L3-R,probabilistic_resource_aware,0,4,10,0.63,0.05,1e-05,,True,,0,False,best candidate's predicted satisfaction probability 0.000 is below admission_threshold=0.5,2.5212607966316805e-21,,,0,0.00079,REJECTED,,,,,,,False,,,,,,,,,,False,,,,False,,5e5edd3e823e308483272be3acffd8aaed4f46ca,1f2680a5b9065e708a7497adc53a95b108029b98,3.13.14,2.5.1,"{""pydantic"": ""2.13.4"", ""yaml"": ""6.0.3"", ""networkx"": ""3.6.1"", ""numpy"": ""2.5.1"", ""scipy"": ""1.18.0"", ""matplotlib"": ""3.11.0"", ""pandas"": ""3.0.3"", ""qutip"": ""5.3.0"", ""stim"": ""1.16.0"", ""gmpy2"": ""2.3.1"", ""nbformat"": ""5.10.4"", ""nbclient"": ""0.11.0""}",Windows,11,Gercom,2026-07-22T12:10:27.681661+00:00,,,,
P15_balanced_factorial,P15_balanced_factorial:four_node:eb8c47e5741c4e61:L3-R:402:m10-intent:0,four_node,eb8c47e5741c4e61,402,m10-intent,L3-R,probabilistic_resource_aware,0,4,10,0.63,0.05,1e-05,,True,,0,False,best candidate's predicted satisfaction probability 0.000 is below admission_threshold=0.5,2.5212607966316805e-21,,,0,0.000774,REJECTED,,,,,,,False,,,,,,,,,,False,,,,False,,5e5edd3e823e308483272be3acffd8aaed4f46ca,1f2680a5b9065e708a7497adc53a95b108029b98,3.13.14,2.5.1,"{""pydantic"": ""2.13.4"", ""yaml"": ""6.0.3"", ""networkx"": ""3.6.1"", ""numpy"": ""2.5.1"", ""scipy"": ""1.18.0"", ""matplotlib"": ""3.11.0"", ""pandas"": ""3.0.3"", ""qutip"": ""5.3.0"", ""stim"": ""1.16.0"", ""gmpy2"": ""2.3.1"", ""nbformat"": ""5.10.4"", ""nbclient"": ""0.11.0""}",Windows,11,Gercom,2026-07-22T12:10:31.183530+00:00,,,,
P15_balanced_factorial,P15_balanced_factorial:four_node:eb8c47e5741c4e61:L3-R:403:m10-intent:0,four_node,eb8c47e5741c4e61,403,m10-intent,L3-R,probabilistic_resource_aware,0,4,10,0.63,0.05,1e-05,,True,,0,False,best candidate's predicted satisfaction probability 0.000 is below admission_threshold=0.5,2.5212607966316805e-21,,,0,0.000743,REJECTED,,,,,,,False,,,,,,,,,,False,,,,False,,5e5edd3e823e308483272be3acffd8aaed4f46ca,1f2680a5b9065e708a7497adc53a95b108029b98,3.13.14,2.5.1,"{""pydantic"": ""2.13.4"", ""yaml"": ""6.0.3"", ""networkx"": ""3.6.1"", ""numpy"": ""2.5.1"", ""scipy"": ""1.18.0"", ""matplotlib"": ""3.11.0"", ""pandas"": ""3.0.3"", ""qutip"": ""5.3.0"", ""stim"": ""1.16.0"", ""gmpy2"": ""2.3.1"", ""nbformat"": ""5.10.4"", ""nbclient"": ""0.11.0""}",Windows,11,Gercom,2026-07-22T12:10:34.597596+00:00,,,,
P15_balanced_factorial,P15_balanced_factorial:four_node:eb8c47e5741c4e61:L3-R:404:m10-intent:0,four_node,eb8c47e5741c4e61,404,m10-intent,L3-R,probabilistic_resource_aware,0,4,10,0.63,0.05,1e-05,,True,,0,False,best candidate's predicted satisfaction probability 0.000 is below admission_threshold=0.5,2.5212607966316805e-21,,,0,0.000717,REJECTED,,,,,,,False,,,,,,,,,,False,,,,False,,5e5edd3e823e308483272be3acffd8aaed4f46ca,1f2680a5b9065e708a7497adc53a95b108029b98,3.13.14,2.5.1,"{""pydantic"": ""2.13.4"", ""yaml"": ""6.0.3"", ""networkx"": ""3.6.1"", ""numpy"": ""2.5.1"", ""scipy"": ""1.18.0"", ""matplotlib"": ""3.11.0"", ""pandas"": ""3.0.3"", ""qutip"": ""5.3.0"", ""stim"": ""1.16.0"", ""gmpy2"": ""2.3.1"", ""nbformat"": ""5.10.4"", ""nbclient"": ""0.11.0""}",Windows,11,Gercom,2026-07-22T12:10:38.057679+00:00,,,,
P15_balanced_factorial,P15_balanced_factorial:four_node:af354af60c92304b:L2-R:400:m10-intent:0,four_node,af354af60c92304b,400,m10-intent,L2-R,iterative_resource_aware,0,10,10,0.63,0.05,1e-05,,True,,0,False,DELIVERY_TARGET_EXCEEDS_WINDOW,,,,0,0.000224,REJECTED,,,,,,,False,,,,,,,,,,False,,,,False,,5e5edd3e823e308483272be3acffd8aaed4f46ca,1f2680a5b9065e708a7497adc53a95b108029b98,3.13.14,2.5.1,"{""pydantic"": ""2.13.4"", ""yaml"": ""6.0.3"", ""networkx"": ""3.6.1"", ""numpy"": ""2.5.1"", ""scipy"": ""1.18.0"", ""matplotlib"": ""3.11.0"", ""pandas"": ""3.0.3"", ""qutip"": ""5.3.0"", ""stim"": ""1.16.0"", ""gmpy2"": ""2.3.1"", ""nbformat"": ""5.10.4"", ""nbclient"": ""0.11.0""}",Windows,11,Gercom,2026-07-22T12:10:41.499976+00:00,,,,
P15_balanced_factorial,P15_balanced_factorial:four_node:af354af60c92304b:L2-R:401:m10-intent:0,four_node,af354af60c92304b,401,m10-intent,L2-R,iterative_resource_aware,0,10,10,0.63,0.05,1e-05,,True,,0,False,DELIVERY_TARGET_EXCEEDS_WINDOW,,,,0,0.000213,REJECTED,,,,,,,False,,,,,,,,,,False,,,,False,,5e5edd3e823e308483272be3acffd8aaed4f46ca,1f2680a5b9065e708a7497adc53a95b108029b98,3.13.14,2.5.1,"{""pydantic"": ""2.13.4"", ""yaml"": ""6.0.3"", ""networkx"": ""3.6.1"", ""numpy"": ""2.5.1"", ""scipy"": ""1.18.0"", ""matplotlib"": ""3.11.0"", ""pandas"": ""3.0.3"", ""qutip"": ""5.3.0"", ""stim"": ""1.16.0"", ""gmpy2"": ""2.3.1"", ""nbformat"": ""5.10.4"", ""nbclient"": ""0.11.0""}",Windows,11,Gercom,2026-07-22T12:10:44.849058+00:00,,,,
P15_balanced_factorial,P15_balanced_factorial:four_node:af354af60c92304b:L2-R:402:m10-intent:0,four_node,af354af60c92304b,402,m10-intent,L2-R,iterative_resource_aware,0,10,10,0.63,0.05,1e-05,,True,,0,False,DELIVERY_TARGET_EXCEEDS_WINDOW,,,,0,0.000213,REJECTED,,,,,,,False,,,,,,,,,,False,,,,False,,5e5edd3e823e308483272be3acffd8aaed4f46ca,1f2680a5b9065e708a7497adc53a95b108029b98,3.13.14,2.5.1,"{""pydantic"": ""2.13.4"", ""yaml"": ""6.0.3"", ""networkx"": ""3.6.1"", ""numpy"": ""2.5.1"", ""scipy"": ""1.18.0"", ""matplotlib"": ""3.11.0"", ""pandas"": ""3.0.3"", ""qutip"": ""5.3.0"", ""stim"": ""1.16.0"", ""gmpy2"": ""2.3.1"", ""nbformat"": ""5.10.4"", ""nbclient"": ""0.11.0""}",Windows,11,Gercom,2026-07-22T12:10:48.211729+00:00,,,,
P15_balanced_factorial,P15_balanced_factorial:four_node:af354af60c92304b:L2-R:403:m10-intent:0,four_node,af354af60c92304b,403,m10-intent,L2-R,iterative_resource_aware,0,10,10,0.63,0.05,1e-05,,True,,0,False,DELIVERY_TARGET_EXCEEDS_WINDOW,,,,0,0.000207,REJECTED,,,,,,,False,,,,,,,,,,False,,,,False,,5e5edd3e823e308483272be3acffd8aaed4f46ca,1f2680a5b9065e708a7497adc53a95b108029b98,3.13.14,2.5.1,"{""pydantic"": ""2.13.4"", ""yaml"": ""6.0.3"", ""networkx"": ""3.6.1"", ""numpy"": ""2.5.1"", ""scipy"": ""1.18.0"", ""matplotlib"": ""3.11.0"", ""pandas"": ""3.0.3"", ""qutip"": ""5.3.0"", ""stim"": ""1.16.0"", ""gmpy2"": ""2.3.1"", ""nbformat"": ""5.10.4"", ""nbclient"": ""0.11.0""}",Windows,11,Gercom,2026-07-22T12:10:51.581249+00:00,,,,
P15_balanced_factorial,P15_balanced_factorial:four_node:af354af60c92304b:L2-R:404:m10-intent:0,four_node,af354af60c92304b,404,m10-intent,L2-R,iterative_resource_aware,0,10,10,0.63,0.05,1e-05,,True,,0,False,DELIVERY_TARGET_EXCEEDS_WINDOW,,,,0,0.00021,REJECTED,,,,,,,False,,,,,,,,,,False,,,,False,,5e5edd3e823e308483272be3acffd8aaed4f46ca,1f2680a5b9065e708a7497adc53a95b108029b98,3.13.14,2.5.1,"{""pydantic"": ""2.13.4"", ""yaml"": ""6.0.3"", ""networkx"": ""3.6.1"", ""numpy"": ""2.5.1"", ""scipy"": ""1.18.0"", ""matplotlib"": ""3.11.0"", ""pandas"": ""3.0.3"", ""qutip"": ""5.3.0"", ""stim"": ""1.16.0"", ""gmpy2"": ""2.3.1"", ""nbformat"": ""5.10.4"", ""nbclient"": ""0.11.0""}",Windows,11,Gercom,2026-07-22T12:10:55.021561+00:00,,,,
P15_balanced_factorial,P15_balanced_factorial:four_node:af354af60c92304b:L3-R:400:m10-intent:0,four_node,af354af60c92304b,400,m10-intent,L3-R,probabilistic_resource_aware,0,10,10,0.63,0.05,1e-05,,True,,0,False,best candidate's predicted satisfaction probability 0.000 is below admission_threshold=0.5,2.2781273281323215e-17,,,0,0.000753,REJECTED,,,,,,,False,,,,,,,,,,False,,,,False,,5e5edd3e823e308483272be3acffd8aaed4f46ca,1f2680a5b9065e708a7497adc53a95b108029b98,3.13.14,2.5.1,"{""pydantic"": ""2.13.4"", ""yaml"": ""6.0.3"", ""networkx"": ""3.6.1"", ""numpy"": ""2.5.1"", ""scipy"": ""1.18.0"", ""matplotlib"": ""3.11.0"", ""pandas"": ""3.0.3"", ""qutip"": ""5.3.0"", ""stim"": ""1.16.0"", ""gmpy2"": ""2.3.1"", ""nbformat"": ""5.10.4"", ""nbclient"": ""0.11.0""}",Windows,11,Gercom,2026-07-22T12:10:58.521134+00:00,,,,
P15_balanced_factorial,P15_balanced_factorial:four_node:af354af60c92304b:L3-R:401:m10-intent:0,four_node,af354af60c92304b,401,m10-intent,L3-R,probabilistic_resource_aware,0,10,10,0.63,0.05,1e-05,,True,,0,False,best candidate's predicted satisfaction probability 0.000 is below admission_threshold=0.5,2.2781273281323215e-17,,,0,0.000791,REJECTED,,,,,,,False,,,,,,,,,,False,,,,False,,5e5edd3e823e308483272be3acffd8aaed4f46ca,1f2680a5b9065e708a7497adc53a95b108029b98,3.13.14,2.5.1,"{""pydantic"": ""2.13.4"", ""yaml"": ""6.0.3"", ""networkx"": ""3.6.1"", ""numpy"": ""2.5.1"", ""scipy"": ""1.18.0"", ""matplotlib"": ""3.11.0"", ""pandas"": ""3.0.3"", ""qutip"": ""5.3.0"", ""stim"": ""1.16.0"", ""gmpy2"": ""2.3.1"", ""nbformat"": ""5.10.4"", ""nbclient"": ""0.11.0""}",Windows,11,Gercom,2026-07-22T12:11:01.965584+00:00,,,,
P15_balanced_factorial,P15_balanced_factorial:four_node:af354af60c92304b:L3-R:402:m10-intent:0,four_node,af354af60c92304b,402,m10-intent,L3-R,probabilistic_resource_aware,0,10,10,0.63,0.05,1e-05,,True,,0,False,best candidate's predicted satisfaction probability 0.000 is below admission_threshold=0.5,2.2781273281323215e-17,,,0,0.000738,REJECTED,,,,,,,False,,,,,,,,,,False,,,,False,,5e5edd3e823e308483272be3acffd8aaed4f46ca,1f2680a5b9065e708a7497adc53a95b108029b98,3.13.14,2.5.1,"{""pydantic"": ""2.13.4"", ""yaml"": ""6.0.3"", ""networkx"": ""3.6.1"", ""numpy"": ""2.5.1"", ""scipy"": ""1.18.0"", ""matplotlib"": ""3.11.0"", ""pandas"": ""3.0.3"", ""qutip"": ""5.3.0"", ""stim"": ""1.16.0"", ""gmpy2"": ""2.3.1"", ""nbformat"": ""5.10.4"", ""nbclient"": ""0.11.0""}",Windows,11,Gercom,2026-07-22T12:11:05.474197+00:00,,,,
P15_balanced_factorial,P15_balanced_factorial:four_node:af354af60c92304b:L3-R:403:m10-intent:0,four_node,af354af60c92304b,403,m10-intent,L3-R,probabilistic_resource_aware,0,10,10,0.63,0.05,1e-05,,True,,0,False,best candidate's predicted satisfaction probability 0.000 is below admission_threshold=0.5,2.2781273281323215e-17,,,0,0.000736,REJECTED,,,,,,,False,,,,,,,,,,False,,,,False,,5e5edd3e823e308483272be3acffd8aaed4f46ca,1f2680a5b9065e708a7497adc53a95b108029b98,3.13.14,2.5.1,"{""pydantic"": ""2.13.4"", ""yaml"": ""6.0.3"", ""networkx"": ""3.6.1"", ""numpy"": ""2.5.1"", ""scipy"": ""1.18.0"", ""matplotlib"": ""3.11.0"", ""pandas"": ""3.0.3"", ""qutip"": ""5.3.0"", ""stim"": ""1.16.0"", ""gmpy2"": ""2.3.1"", ""nbformat"": ""5.10.4"", ""nbclient"": ""0.11.0""}",Windows,11,Gercom,2026-07-22T12:11:08.802793+00:00,,,,
P15_balanced_factorial,P15_balanced_factorial:four_node:af354af60c92304b:L3-R:404:m10-intent:0,four_node,af354af60c92304b,404,m10-intent,L3-R,probabilistic_resource_aware,0,10,10,0.63,0.05,1e-05,,True,,0,False,best candidate's predicted satisfaction probability 0.000 is below admission_threshold=0.5,2.2781273281323215e-17,,,0,0.000712,REJECTED,,,,,,,False,,,,,,,,,,False,,,,False,,5e5edd3e823e308483272be3acffd8aaed4f46ca,1f2680a5b9065e708a7497adc53a95b108029b98,3.13.14,2.5.1,"{""pydantic"": ""2.13.4"", ""yaml"": ""6.0.3"", ""networkx"": ""3.6.1"", ""numpy"": ""2.5.1"", ""scipy"": ""1.18.0"", ""matplotlib"": ""3.11.0"", ""pandas"": ""3.0.3"", ""qutip"": ""5.3.0"", ""stim"": ""1.16.0"", ""gmpy2"": ""2.3.1"", ""nbformat"": ""5.10.4"", ""nbclient"": ""0.11.0""}",Windows,11,Gercom,2026-07-22T12:11:12.104706+00:00,,,,
