group_id,scenario,topology,hardware,planner_level,seed,intents_submitted,admitted,rejected,satisfied,violated,failed,simulation_wall_time_s,orchestration_wall_time_s_total,intent_rows_json,job_key
C1_non_conflicting-literature-L1-seed2,C1_non_conflicting,mesh,literature,L1,2,2,2,0,2,0,0,27.095769799983827,0.004166899976553395,"[{""group_id"": ""C1_non_conflicting-literature-L1-seed2"", ""intent_id"": ""C1_non_conflicting-literature-L1-seed2-A"", ""group_role"": ""A"", ""scenario"": ""C1_non_conflicting"", ""topology"": ""mesh"", ""hardware"": ""literature"", ""platform"": ""siv_2024"", ""planner_level"": ""L1"", ""seed"": 2, ""source"": ""a0"", ""destination"": ""a3"", ""min_fidelity"": 0.5, ""reserved_memory_slots"": 3, ""min_delivered_pairs"": 5, ""duration_s"": 0.3, ""decision_feasible"": true, ""route"": ""a0 -> a1 -> a2 -> a3"", ""final_status"": ""SATISFIED"", ""satisfied"": true, ""delivered_pairs"": 27, ""average_fidelity"": 0.5819529291560878, ""failure_class"": ""none"", ""rejection_reason"": null, ""failed_reason"": null, ""planning_wall_time_s"": 0.002234499988844618, ""orchestration_wall_time_s"": 0.00043200000072829425, ""simulation_wall_time_s_shared"": 27.095769799983827, ""lifecycle_history_length"": 7}, {""group_id"": ""C1_non_conflicting-literature-L1-seed2"", ""intent_id"": ""C1_non_conflicting-literature-L1-seed2-B"", ""group_role"": ""B"", ""scenario"": ""C1_non_conflicting"", ""topology"": ""mesh"", ""hardware"": ""literature"", ""platform"": ""siv_2024"", ""planner_level"": ""L1"", ""seed"": 2, ""source"": ""b0"", ""destination"": ""b3"", ""min_fidelity"": 0.5, ""reserved_memory_slots"": 3, ""min_delivered_pairs"": 5, ""duration_s"": 0.3, ""decision_feasible"": true, ""route"": ""b0 -> b1 -> b2 -> b3"", ""final_status"": ""SATISFIED"", ""satisfied"": true, ""delivered_pairs"": 36, ""average_fidelity"": 0.584951793055206, ""failure_class"": ""none"", ""rejection_reason"": null, ""failed_reason"": null, ""planning_wall_time_s"": 0.001225999993039295, ""orchestration_wall_time_s"": 0.00027439999394118786, ""simulation_wall_time_s_shared"": 27.095769799983827, ""lifecycle_history_length"": 7}]",C1_non_conflicting|literature|L1|2
C1_non_conflicting-literature-L1-seed1,C1_non_conflicting,mesh,literature,L1,1,2,2,0,2,0,0,28.11239180000848,0.00397659998270683,"[{""group_id"": ""C1_non_conflicting-literature-L1-seed1"", ""intent_id"": ""C1_non_conflicting-literature-L1-seed1-A"", ""group_role"": ""A"", ""scenario"": ""C1_non_conflicting"", ""topology"": ""mesh"", ""hardware"": ""literature"", ""platform"": ""siv_2024"", ""planner_level"": ""L1"", ""seed"": 1, ""source"": ""a0"", ""destination"": ""a3"", ""min_fidelity"": 0.5, ""reserved_memory_slots"": 3, ""min_delivered_pairs"": 5, ""duration_s"": 0.3, ""decision_feasible"": true, ""route"": ""a0 -> a1 -> a2 -> a3"", ""final_status"": ""SATISFIED"", ""satisfied"": true, ""delivered_pairs"": 35, ""average_fidelity"": 0.584472895667437, ""failure_class"": ""none"", ""rejection_reason"": null, ""failed_reason"": null, ""planning_wall_time_s"": 0.0020179999992251396, ""orchestration_wall_time_s"": 0.0004186999867670238, ""simulation_wall_time_s_shared"": 28.11239180000848, ""lifecycle_history_length"": 7}, {""group_id"": ""C1_non_conflicting-literature-L1-seed1"", ""intent_id"": ""C1_non_conflicting-literature-L1-seed1-B"", ""group_role"": ""B"", ""scenario"": ""C1_non_conflicting"", ""topology"": ""mesh"", ""hardware"": ""literature"", ""platform"": ""siv_2024"", ""planner_level"": ""L1"", ""seed"": 1, ""source"": ""b0"", ""destination"": ""b3"", ""min_fidelity"": 0.5, ""reserved_memory_slots"": 3, ""min_delivered_pairs"": 5, ""duration_s"": 0.3, ""decision_feasible"": true, ""route"": ""b0 -> b1 -> b2 -> b3"", ""final_status"": ""SATISFIED"", ""satisfied"": true, ""delivered_pairs"": 35, ""average_fidelity"": 0.5867044753873369, ""failure_class"": ""none"", ""rejection_reason"": null, ""failed_reason"": null, ""planning_wall_time_s"": 0.001222599996253848, ""orchestration_wall_time_s"": 0.0003173000004608184, ""simulation_wall_time_s_shared"": 28.11239180000848, ""lifecycle_history_length"": 7}]",C1_non_conflicting|literature|L1|1
C1_non_conflicting-literature-L1-seed4,C1_non_conflicting,mesh,literature,L1,4,2,2,0,2,0,0,29.06104139998206,0.004749900021124631,"[{""group_id"": ""C1_non_conflicting-literature-L1-seed4"", ""intent_id"": ""C1_non_conflicting-literature-L1-seed4-A"", ""group_role"": ""A"", ""scenario"": ""C1_non_conflicting"", ""topology"": ""mesh"", ""hardware"": ""literature"", ""platform"": ""siv_2024"", ""planner_level"": ""L1"", ""seed"": 4, ""source"": ""a0"", ""destination"": ""a3"", ""min_fidelity"": 0.5, ""reserved_memory_slots"": 3, ""min_delivered_pairs"": 5, ""duration_s"": 0.3, ""decision_feasible"": true, ""route"": ""a0 -> a1 -> a2 -> a3"", ""final_status"": ""SATISFIED"", ""satisfied"": true, ""delivered_pairs"": 34, ""average_fidelity"": 0.5858053205668268, ""failure_class"": ""none"", ""rejection_reason"": null, ""failed_reason"": null, ""planning_wall_time_s"": 0.002624799992190674, ""orchestration_wall_time_s"": 0.00042910000775009394, ""simulation_wall_time_s_shared"": 29.06104139998206, ""lifecycle_history_length"": 7}, {""group_id"": ""C1_non_conflicting-literature-L1-seed4"", ""intent_id"": ""C1_non_conflicting-literature-L1-seed4-B"", ""group_role"": ""B"", ""scenario"": ""C1_non_conflicting"", ""topology"": ""mesh"", ""hardware"": ""literature"", ""platform"": ""siv_2024"", ""planner_level"": ""L1"", ""seed"": 4, ""source"": ""b0"", ""destination"": ""b3"", ""min_fidelity"": 0.5, ""reserved_memory_slots"": 3, ""min_delivered_pairs"": 5, ""duration_s"": 0.3, ""decision_feasible"": true, ""route"": ""b0 -> b1 -> b2 -> b3"", ""final_status"": ""SATISFIED"", ""satisfied"": true, ""delivered_pairs"": 50, ""average_fidelity"": 0.588200285668568, ""failure_class"": ""none"", ""rejection_reason"": null, ""failed_reason"": null, ""planning_wall_time_s"": 0.0013957000046502799, ""orchestration_wall_time_s"": 0.0003003000165335834, ""simulation_wall_time_s_shared"": 29.06104139998206, ""lifecycle_history_length"": 7}]",C1_non_conflicting|literature|L1|4
C1_non_conflicting-literature-L1-seed5,C1_non_conflicting,mesh,literature,L1,5,2,2,0,2,0,0,28.8413528999954,0.006354200042551383,"[{""group_id"": ""C1_non_conflicting-literature-L1-seed5"", ""intent_id"": ""C1_non_conflicting-literature-L1-seed5-A"", ""group_role"": ""A"", ""scenario"": ""C1_non_conflicting"", ""topology"": ""mesh"", ""hardware"": ""literature"", ""platform"": ""siv_2024"", ""planner_level"": ""L1"", ""seed"": 5, ""source"": ""a0"", ""destination"": ""a3"", ""min_fidelity"": 0.5, ""reserved_memory_slots"": 3, ""min_delivered_pairs"": 5, ""duration_s"": 0.3, ""decision_feasible"": true, ""route"": ""a0 -> a1 -> a2 -> a3"", ""final_status"": ""SATISFIED"", ""satisfied"": true, ""delivered_pairs"": 34, ""average_fidelity"": 0.5868027486955348, ""failure_class"": ""none"", ""rejection_reason"": null, ""failed_reason"": null, ""planning_wall_time_s"": 0.002417700015939772, ""orchestration_wall_time_s"": 0.0004115000192541629, ""simulation_wall_time_s_shared"": 28.8413528999954, ""lifecycle_history_length"": 7}, {""group_id"": ""C1_non_conflicting-literature-L1-seed5"", ""intent_id"": ""C1_non_conflicting-literature-L1-seed5-B"", ""group_role"": ""B"", ""scenario"": ""C1_non_conflicting"", ""topology"": ""mesh"", ""hardware"": ""literature"", ""platform"": ""siv_2024"", ""planner_level"": ""L1"", ""seed"": 5, ""source"": ""b0"", ""destination"": ""b3"", ""min_fidelity"": 0.5, ""reserved_memory_slots"": 3, ""min_delivered_pairs"": 5, ""duration_s"": 0.3, ""decision_feasible"": true, ""route"": ""b0 -> b1 -> b2 -> b3"", ""final_status"": ""SATISFIED"", ""satisfied"": true, ""delivered_pairs"": 38, ""average_fidelity"": 0.5860080142346554, ""failure_class"": ""none"", ""rejection_reason"": null, ""failed_reason"": null, ""planning_wall_time_s"": 0.0031447999936062843, ""orchestration_wall_time_s"": 0.0003802000137511641, ""simulation_wall_time_s_shared"": 28.8413528999954, ""lifecycle_history_length"": 7}]",C1_non_conflicting|literature|L1|5
C1_non_conflicting-literature-L1-seed0,C1_non_conflicting,mesh,literature,L1,0,2,2,0,2,0,0,29.551839299994754,0.004389100009575486,"[{""group_id"": ""C1_non_conflicting-literature-L1-seed0"", ""intent_id"": ""C1_non_conflicting-literature-L1-seed0-A"", ""group_role"": ""A"", ""scenario"": ""C1_non_conflicting"", ""topology"": ""mesh"", ""hardware"": ""literature"", ""platform"": ""siv_2024"", ""planner_level"": ""L1"", ""seed"": 0, ""source"": ""a0"", ""destination"": ""a3"", ""min_fidelity"": 0.5, ""reserved_memory_slots"": 3, ""min_delivered_pairs"": 5, ""duration_s"": 0.3, ""decision_feasible"": true, ""route"": ""a0 -> a1 -> a2 -> a3"", ""final_status"": ""SATISFIED"", ""satisfied"": true, ""delivered_pairs"": 33, ""average_fidelity"": 0.5855866748633534, ""failure_class"": ""none"", ""rejection_reason"": null, ""failed_reason"": null, ""planning_wall_time_s"": 0.002235899999504909, ""orchestration_wall_time_s"": 0.00046919999294914305, ""simulation_wall_time_s_shared"": 29.551839299994754, ""lifecycle_history_length"": 7}, {""group_id"": ""C1_non_conflicting-literature-L1-seed0"", ""intent_id"": ""C1_non_conflicting-literature-L1-seed0-B"", ""group_role"": ""B"", ""scenario"": ""C1_non_conflicting"", ""topology"": ""mesh"", ""hardware"": ""literature"", ""platform"": ""siv_2024"", ""planner_level"": ""L1"", ""seed"": 0, ""source"": ""b0"", ""destination"": ""b3"", ""min_fidelity"": 0.5, ""reserved_memory_slots"": 3, ""min_delivered_pairs"": 5, ""duration_s"": 0.3, ""decision_feasible"": true, ""route"": ""b0 -> b1 -> b2 -> b3"", ""final_status"": ""SATISFIED"", ""satisfied"": true, ""delivered_pairs"": 35, ""average_fidelity"": 0.5866740875467875, ""failure_class"": ""none"", ""rejection_reason"": null, ""failed_reason"": null, ""planning_wall_time_s"": 0.0013658000098075718, ""orchestration_wall_time_s"": 0.00031820000731386244, ""simulation_wall_time_s_shared"": 29.551839299994754, ""lifecycle_history_length"": 7}]",C1_non_conflicting|literature|L1|0
C1_non_conflicting-literature-L1-seed3,C1_non_conflicting,mesh,literature,L1,3,2,2,0,2,0,0,29.46891549997963,0.004560199973639101,"[{""group_id"": ""C1_non_conflicting-literature-L1-seed3"", ""intent_id"": ""C1_non_conflicting-literature-L1-seed3-A"", ""group_role"": ""A"", ""scenario"": ""C1_non_conflicting"", ""topology"": ""mesh"", ""hardware"": ""literature"", ""platform"": ""siv_2024"", ""planner_level"": ""L1"", ""seed"": 3, ""source"": ""a0"", ""destination"": ""a3"", ""min_fidelity"": 0.5, ""reserved_memory_slots"": 3, ""min_delivered_pairs"": 5, ""duration_s"": 0.3, ""decision_feasible"": true, ""route"": ""a0 -> a1 -> a2 -> a3"", ""final_status"": ""SATISFIED"", ""satisfied"": true, ""delivered_pairs"": 34, ""average_fidelity"": 0.5865784227134601, ""failure_class"": ""none"", ""rejection_reason"": null, ""failed_reason"": null, ""planning_wall_time_s"": 0.002371399983530864, ""orchestration_wall_time_s"": 0.00042749999556690454, ""simulation_wall_time_s_shared"": 29.46891549997963, ""lifecycle_history_length"": 7}, {""group_id"": ""C1_non_conflicting-literature-L1-seed3"", ""intent_id"": ""C1_non_conflicting-literature-L1-seed3-B"", ""group_role"": ""B"", ""scenario"": ""C1_non_conflicting"", ""topology"": ""mesh"", ""hardware"": ""literature"", ""platform"": ""siv_2024"", ""planner_level"": ""L1"", ""seed"": 3, ""source"": ""b0"", ""destination"": ""b3"", ""min_fidelity"": 0.5, ""reserved_memory_slots"": 3, ""min_delivered_pairs"": 5, ""duration_s"": 0.3, ""decision_feasible"": true, ""route"": ""b0 -> b1 -> b2 -> b3"", ""final_status"": ""SATISFIED"", ""satisfied"": true, ""delivered_pairs"": 33, ""average_fidelity"": 0.5858324009485446, ""failure_class"": ""none"", ""rejection_reason"": null, ""failed_reason"": null, ""planning_wall_time_s"": 0.0014399999927263707, ""orchestration_wall_time_s"": 0.00032130000181496143, ""simulation_wall_time_s_shared"": 29.46891549997963, ""lifecycle_history_length"": 7}]",C1_non_conflicting|literature|L1|3
C1_non_conflicting-literature-L1-seed6,C1_non_conflicting,mesh,literature,L1,6,2,2,0,2,0,0,31.70913269999437,0.0031404999899677932,"[{""group_id"": ""C1_non_conflicting-literature-L1-seed6"", ""intent_id"": ""C1_non_conflicting-literature-L1-seed6-A"", ""group_role"": ""A"", ""scenario"": ""C1_non_conflicting"", ""topology"": ""mesh"", ""hardware"": ""literature"", ""platform"": ""siv_2024"", ""planner_level"": ""L1"", ""seed"": 6, ""source"": ""a0"", ""destination"": ""a3"", ""min_fidelity"": 0.5, ""reserved_memory_slots"": 3, ""min_delivered_pairs"": 5, ""duration_s"": 0.3, ""decision_feasible"": true, ""route"": ""a0 -> a1 -> a2 -> a3"", ""final_status"": ""SATISFIED"", ""satisfied"": true, ""delivered_pairs"": 40, ""average_fidelity"": 0.5872286277667311, ""failure_class"": ""none"", ""rejection_reason"": null, ""failed_reason"": null, ""planning_wall_time_s"": 0.0013806000060867518, ""orchestration_wall_time_s"": 0.00028559999191202223, ""simulation_wall_time_s_shared"": 31.70913269999437, ""lifecycle_history_length"": 7}, {""group_id"": ""C1_non_conflicting-literature-L1-seed6"", ""intent_id"": ""C1_non_conflicting-literature-L1-seed6-B"", ""group_role"": ""B"", ""scenario"": ""C1_non_conflicting"", ""topology"": ""mesh"", ""hardware"": ""literature"", ""platform"": ""siv_2024"", ""planner_level"": ""L1"", ""seed"": 6, ""source"": ""b0"", ""destination"": ""b3"", ""min_fidelity"": 0.5, ""reserved_memory_slots"": 3, ""min_delivered_pairs"": 5, ""duration_s"": 0.3, ""decision_feasible"": true, ""route"": ""b0 -> b1 -> b2 -> b3"", ""final_status"": ""SATISFIED"", ""satisfied"": true, ""delivered_pairs"": 36, ""average_fidelity"": 0.5869773405620217, ""failure_class"": ""none"", ""rejection_reason"": null, ""failed_reason"": null, ""planning_wall_time_s"": 0.0012311000027693808, ""orchestration_wall_time_s"": 0.00024319998919963837, ""simulation_wall_time_s_shared"": 31.70913269999437, ""lifecycle_history_length"": 7}]",C1_non_conflicting|literature|L1|6
C1_non_conflicting-literature-L1-seed9,C1_non_conflicting,mesh,literature,L1,9,2,2,0,2,0,0,30.318765200005146,0.0033356999920215458,"[{""group_id"": ""C1_non_conflicting-literature-L1-seed9"", ""intent_id"": ""C1_non_conflicting-literature-L1-seed9-A"", ""group_role"": ""A"", ""scenario"": ""C1_non_conflicting"", ""topology"": ""mesh"", ""hardware"": ""literature"", ""platform"": ""siv_2024"", ""planner_level"": ""L1"", ""seed"": 9, ""source"": ""a0"", ""destination"": ""a3"", ""min_fidelity"": 0.5, ""reserved_memory_slots"": 3, ""min_delivered_pairs"": 5, ""duration_s"": 0.3, ""decision_feasible"": true, ""route"": ""a0 -> a1 -> a2 -> a3"", ""final_status"": ""SATISFIED"", ""satisfied"": true, ""delivered_pairs"": 38, ""average_fidelity"": 0.5864543208083228, ""failure_class"": ""none"", ""rejection_reason"": null, ""failed_reason"": null, ""planning_wall_time_s"": 0.0016704000008758157, ""orchestration_wall_time_s"": 0.0002796000044327229, ""simulation_wall_time_s_shared"": 30.318765200005146, ""lifecycle_history_length"": 7}, {""group_id"": ""C1_non_conflicting-literature-L1-seed9"", ""intent_id"": ""C1_non_conflicting-literature-L1-seed9-B"", ""group_role"": ""B"", ""scenario"": ""C1_non_conflicting"", ""topology"": ""mesh"", ""hardware"": ""literature"", ""platform"": ""siv_2024"", ""planner_level"": ""L1"", ""seed"": 9, ""source"": ""b0"", ""destination"": ""b3"", ""min_fidelity"": 0.5, ""reserved_memory_slots"": 3, ""min_delivered_pairs"": 5, ""duration_s"": 0.3, ""decision_feasible"": true, ""route"": ""b0 -> b1 -> b2 -> b3"", ""final_status"": ""SATISFIED"", ""satisfied"": true, ""delivered_pairs"": 33, ""average_fidelity"": 0.5851115588511328, ""failure_class"": ""none"", ""rejection_reason"": null, ""failed_reason"": null, ""planning_wall_time_s"": 0.0011687999940477312, ""orchestration_wall_time_s"": 0.00021689999266527593, ""simulation_wall_time_s_shared"": 30.318765200005146, ""lifecycle_history_length"": 7}]",C1_non_conflicting|literature|L1|9
C1_non_conflicting-literature-L1-seed7,C1_non_conflicting,mesh,literature,L1,7,2,2,0,2,0,0,31.66511229999014,0.003621200012275949,"[{""group_id"": ""C1_non_conflicting-literature-L1-seed7"", ""intent_id"": ""C1_non_conflicting-literature-L1-seed7-A"", ""group_role"": ""A"", ""scenario"": ""C1_non_conflicting"", ""topology"": ""mesh"", ""hardware"": ""literature"", ""platform"": ""siv_2024"", ""planner_level"": ""L1"", ""seed"": 7, ""source"": ""a0"", ""destination"": ""a3"", ""min_fidelity"": 0.5, ""reserved_memory_slots"": 3, ""min_delivered_pairs"": 5, ""duration_s"": 0.3, ""decision_feasible"": true, ""route"": ""a0 -> a1 -> a2 -> a3"", ""final_status"": ""SATISFIED"", ""satisfied"": true, ""delivered_pairs"": 39, ""average_fidelity"": 0.5858434672500866, ""failure_class"": ""none"", ""rejection_reason"": null, ""failed_reason"": null, ""planning_wall_time_s"": 0.001656600012211129, ""orchestration_wall_time_s"": 0.0002936999953817576, ""simulation_wall_time_s_shared"": 31.66511229999014, ""lifecycle_history_length"": 7}, {""group_id"": ""C1_non_conflicting-literature-L1-seed7"", ""intent_id"": ""C1_non_conflicting-literature-L1-seed7-B"", ""group_role"": ""B"", ""scenario"": ""C1_non_conflicting"", ""topology"": ""mesh"", ""hardware"": ""literature"", ""platform"": ""siv_2024"", ""planner_level"": ""L1"", ""seed"": 7, ""source"": ""b0"", ""destination"": ""b3"", ""min_fidelity"": 0.5, ""reserved_memory_slots"": 3, ""min_delivered_pairs"": 5, ""duration_s"": 0.3, ""decision_feasible"": true, ""route"": ""b0 -> b1 -> b2 -> b3"", ""final_status"": ""SATISFIED"", ""satisfied"": true, ""delivered_pairs"": 41, ""average_fidelity"": 0.5884209374400344, ""failure_class"": ""none"", ""rejection_reason"": null, ""failed_reason"": null, ""planning_wall_time_s"": 0.0014099999971222132, ""orchestration_wall_time_s"": 0.0002609000075608492, ""simulation_wall_time_s_shared"": 31.66511229999014, ""lifecycle_history_length"": 7}]",C1_non_conflicting|literature|L1|7
C1_non_conflicting-literature-L2-RB-seed1,C1_non_conflicting,mesh,literature,L2-RB,1,2,2,0,2,0,0,30.42277600002126,0.0036746000114362687,"[{""group_id"": ""C1_non_conflicting-literature-L2-RB-seed1"", ""intent_id"": ""C1_non_conflicting-literature-L2-RB-seed1-A"", ""group_role"": ""A"", ""scenario"": ""C1_non_conflicting"", ""topology"": ""mesh"", ""hardware"": ""literature"", ""platform"": ""siv_2024"", ""planner_level"": ""L2-RB"", ""seed"": 1, ""source"": ""a0"", ""destination"": ""a3"", ""min_fidelity"": 0.5, ""reserved_memory_slots"": 3, ""min_delivered_pairs"": 5, ""duration_s"": 0.3, ""decision_feasible"": true, ""route"": ""a0 -> a1 -> a2 -> a3"", ""final_status"": ""SATISFIED"", ""satisfied"": true, ""delivered_pairs"": 35, ""average_fidelity"": 0.584472895667437, ""failure_class"": ""none"", ""rejection_reason"": null, ""failed_reason"": null, ""planning_wall_time_s"": 0.001645500015001744, ""orchestration_wall_time_s"": 0.00032610000926069915, ""simulation_wall_time_s_shared"": 30.42277600002126, ""lifecycle_history_length"": 7}, {""group_id"": ""C1_non_conflicting-literature-L2-RB-seed1"", ""intent_id"": ""C1_non_conflicting-literature-L2-RB-seed1-B"", ""group_role"": ""B"", ""scenario"": ""C1_non_conflicting"", ""topology"": ""mesh"", ""hardware"": ""literature"", ""platform"": ""siv_2024"", ""planner_level"": ""L2-RB"", ""seed"": 1, ""source"": ""b0"", ""destination"": ""b3"", ""min_fidelity"": 0.5, ""reserved_memory_slots"": 3, ""min_delivered_pairs"": 5, ""duration_s"": 0.3, ""decision_feasible"": true, ""route"": ""b0 -> b1 -> b2 -> b3"", ""final_status"": ""SATISFIED"", ""satisfied"": true, ""delivered_pairs"": 35, ""average_fidelity"": 0.5867044753873369, ""failure_class"": ""none"", ""rejection_reason"": null, ""failed_reason"": null, ""planning_wall_time_s"": 0.0014150000060908496, ""orchestration_wall_time_s"": 0.00028799998108297586, ""simulation_wall_time_s_shared"": 30.42277600002126, ""lifecycle_history_length"": 7}]",C1_non_conflicting|literature|L2-RB|1
C1_non_conflicting-literature-L1-seed8,C1_non_conflicting,mesh,literature,L1,8,2,2,0,2,0,0,31.08328920000349,0.003208799986168742,"[{""group_id"": ""C1_non_conflicting-literature-L1-seed8"", ""intent_id"": ""C1_non_conflicting-literature-L1-seed8-A"", ""group_role"": ""A"", ""scenario"": ""C1_non_conflicting"", ""topology"": ""mesh"", ""hardware"": ""literature"", ""platform"": ""siv_2024"", ""planner_level"": ""L1"", ""seed"": 8, ""source"": ""a0"", ""destination"": ""a3"", ""min_fidelity"": 0.5, ""reserved_memory_slots"": 3, ""min_delivered_pairs"": 5, ""duration_s"": 0.3, ""decision_feasible"": true, ""route"": ""a0 -> a1 -> a2 -> a3"", ""final_status"": ""SATISFIED"", ""satisfied"": true, ""delivered_pairs"": 38, ""average_fidelity"": 0.5856253056844911, ""failure_class"": ""none"", ""rejection_reason"": null, ""failed_reason"": null, ""planning_wall_time_s"": 0.0014293999993242323, ""orchestration_wall_time_s"": 0.00028050001128576696, ""simulation_wall_time_s_shared"": 31.08328920000349, ""lifecycle_history_length"": 7}, {""group_id"": ""C1_non_conflicting-literature-L1-seed8"", ""intent_id"": ""C1_non_conflicting-literature-L1-seed8-B"", ""group_role"": ""B"", ""scenario"": ""C1_non_conflicting"", ""topology"": ""mesh"", ""hardware"": ""literature"", ""platform"": ""siv_2024"", ""planner_level"": ""L1"", ""seed"": 8, ""source"": ""b0"", ""destination"": ""b3"", ""min_fidelity"": 0.5, ""reserved_memory_slots"": 3, ""min_delivered_pairs"": 5, ""duration_s"": 0.3, ""decision_feasible"": true, ""route"": ""b0 -> b1 -> b2 -> b3"", ""final_status"": ""SATISFIED"", ""satisfied"": true, ""delivered_pairs"": 34, ""average_fidelity"": 0.5875999234374937, ""failure_class"": ""none"", ""rejection_reason"": null, ""failed_reason"": null, ""planning_wall_time_s"": 0.0012375999940559268, ""orchestration_wall_time_s"": 0.0002612999815028161, ""simulation_wall_time_s_shared"": 31.08328920000349, ""lifecycle_history_length"": 7}]",C1_non_conflicting|literature|L1|8
C1_non_conflicting-literature-L2-RB-seed0,C1_non_conflicting,mesh,literature,L2-RB,0,2,2,0,2,0,0,31.553284900001017,0.003319400013424456,"[{""group_id"": ""C1_non_conflicting-literature-L2-RB-seed0"", ""intent_id"": ""C1_non_conflicting-literature-L2-RB-seed0-A"", ""group_role"": ""A"", ""scenario"": ""C1_non_conflicting"", ""topology"": ""mesh"", ""hardware"": ""literature"", ""platform"": ""siv_2024"", ""planner_level"": ""L2-RB"", ""seed"": 0, ""source"": ""a0"", ""destination"": ""a3"", ""min_fidelity"": 0.5, ""reserved_memory_slots"": 3, ""min_delivered_pairs"": 5, ""duration_s"": 0.3, ""decision_feasible"": true, ""route"": ""a0 -> a1 -> a2 -> a3"", ""final_status"": ""SATISFIED"", ""satisfied"": true, ""delivered_pairs"": 33, ""average_fidelity"": 0.5855866748633534, ""failure_class"": ""none"", ""rejection_reason"": null, ""failed_reason"": null, ""planning_wall_time_s"": 0.0015663999947719276, ""orchestration_wall_time_s"": 0.00028959999326616526, ""simulation_wall_time_s_shared"": 31.553284900001017, ""lifecycle_history_length"": 7}, {""group_id"": ""C1_non_conflicting-literature-L2-RB-seed0"", ""intent_id"": ""C1_non_conflicting-literature-L2-RB-seed0-B"", ""group_role"": ""B"", ""scenario"": ""C1_non_conflicting"", ""topology"": ""mesh"", ""hardware"": ""literature"", ""platform"": ""siv_2024"", ""planner_level"": ""L2-RB"", ""seed"": 0, ""source"": ""b0"", ""destination"": ""b3"", ""min_fidelity"": 0.5, ""reserved_memory_slots"": 3, ""min_delivered_pairs"": 5, ""duration_s"": 0.3, ""decision_feasible"": true, ""route"": ""b0 -> b1 -> b2 -> b3"", ""final_status"": ""SATISFIED"", ""satisfied"": true, ""delivered_pairs"": 35, ""average_fidelity"": 0.5866740875467875, ""failure_class"": ""none"", ""rejection_reason"": null, ""failed_reason"": null, ""planning_wall_time_s"": 0.0012394000077620149, ""orchestration_wall_time_s"": 0.0002240000176243484, ""simulation_wall_time_s_shared"": 31.553284900001017, ""lifecycle_history_length"": 7}]",C1_non_conflicting|literature|L2-RB|0
C1_non_conflicting-literature-L2-RB-seed2,C1_non_conflicting,mesh,literature,L2-RB,2,2,2,0,2,0,0,27.885292899998603,0.003367299970705062,"[{""group_id"": ""C1_non_conflicting-literature-L2-RB-seed2"", ""intent_id"": ""C1_non_conflicting-literature-L2-RB-seed2-A"", ""group_role"": ""A"", ""scenario"": ""C1_non_conflicting"", ""topology"": ""mesh"", ""hardware"": ""literature"", ""platform"": ""siv_2024"", ""planner_level"": ""L2-RB"", ""seed"": 2, ""source"": ""a0"", ""destination"": ""a3"", ""min_fidelity"": 0.5, ""reserved_memory_slots"": 3, ""min_delivered_pairs"": 5, ""duration_s"": 0.3, ""decision_feasible"": true, ""route"": ""a0 -> a1 -> a2 -> a3"", ""final_status"": ""SATISFIED"", ""satisfied"": true, ""delivered_pairs"": 27, ""average_fidelity"": 0.5819529291560878, ""failure_class"": ""none"", ""rejection_reason"": null, ""failed_reason"": null, ""planning_wall_time_s"": 0.001464499975554645, ""orchestration_wall_time_s"": 0.00025340000865980983, ""simulation_wall_time_s_shared"": 27.885292899998603, ""lifecycle_history_length"": 7}, {""group_id"": ""C1_non_conflicting-literature-L2-RB-seed2"", ""intent_id"": ""C1_non_conflicting-literature-L2-RB-seed2-B"", ""group_role"": ""B"", ""scenario"": ""C1_non_conflicting"", ""topology"": ""mesh"", ""hardware"": ""literature"", ""platform"": ""siv_2024"", ""planner_level"": ""L2-RB"", ""seed"": 2, ""source"": ""b0"", ""destination"": ""b3"", ""min_fidelity"": 0.5, ""reserved_memory_slots"": 3, ""min_delivered_pairs"": 5, ""duration_s"": 0.3, ""decision_feasible"": true, ""route"": ""b0 -> b1 -> b2 -> b3"", ""final_status"": ""SATISFIED"", ""satisfied"": true, ""delivered_pairs"": 36, ""average_fidelity"": 0.584951793055206, ""failure_class"": ""none"", ""rejection_reason"": null, ""failed_reason"": null, ""planning_wall_time_s"": 0.0013340000004973263, ""orchestration_wall_time_s"": 0.000315399985993281, ""simulation_wall_time_s_shared"": 27.885292899998603, ""lifecycle_history_length"": 7}]",C1_non_conflicting|literature|L2-RB|2
C1_non_conflicting-literature-L2-RB-seed5,C1_non_conflicting,mesh,literature,L2-RB,5,2,2,0,2,0,0,28.92324869998265,0.0026993000064976513,"[{""group_id"": ""C1_non_conflicting-literature-L2-RB-seed5"", ""intent_id"": ""C1_non_conflicting-literature-L2-RB-seed5-A"", ""group_role"": ""A"", ""scenario"": ""C1_non_conflicting"", ""topology"": ""mesh"", ""hardware"": ""literature"", ""platform"": ""siv_2024"", ""planner_level"": ""L2-RB"", ""seed"": 5, ""source"": ""a0"", ""destination"": ""a3"", ""min_fidelity"": 0.5, ""reserved_memory_slots"": 3, ""min_delivered_pairs"": 5, ""duration_s"": 0.3, ""decision_feasible"": true, ""route"": ""a0 -> a1 -> a2 -> a3"", ""final_status"": ""SATISFIED"", ""satisfied"": true, ""delivered_pairs"": 34, ""average_fidelity"": 0.5868027486955348, ""failure_class"": ""none"", ""rejection_reason"": null, ""failed_reason"": null, ""planning_wall_time_s"": 0.0011671999818645418, ""orchestration_wall_time_s"": 0.00026210001669824123, ""simulation_wall_time_s_shared"": 28.92324869998265, ""lifecycle_history_length"": 7}, {""group_id"": ""C1_non_conflicting-literature-L2-RB-seed5"", ""intent_id"": ""C1_non_conflicting-literature-L2-RB-seed5-B"", ""group_role"": ""B"", ""scenario"": ""C1_non_conflicting"", ""topology"": ""mesh"", ""hardware"": ""literature"", ""platform"": ""siv_2024"", ""planner_level"": ""L2-RB"", ""seed"": 5, ""source"": ""b0"", ""destination"": ""b3"", ""min_fidelity"": 0.5, ""reserved_memory_slots"": 3, ""min_delivered_pairs"": 5, ""duration_s"": 0.3, ""decision_feasible"": true, ""route"": ""b0 -> b1 -> b2 -> b3"", ""final_status"": ""SATISFIED"", ""satisfied"": true, ""delivered_pairs"": 38, ""average_fidelity"": 0.5860080142346554, ""failure_class"": ""none"", ""rejection_reason"": null, ""failed_reason"": null, ""planning_wall_time_s"": 0.0010519000061322004, ""orchestration_wall_time_s"": 0.00021810000180266798, ""simulation_wall_time_s_shared"": 28.92324869998265, ""lifecycle_history_length"": 7}]",C1_non_conflicting|literature|L2-RB|5
C1_non_conflicting-literature-L2-RB-seed4,C1_non_conflicting,mesh,literature,L2-RB,4,2,2,0,2,0,0,29.25165640001069,0.0038443999947048724,"[{""group_id"": ""C1_non_conflicting-literature-L2-RB-seed4"", ""intent_id"": ""C1_non_conflicting-literature-L2-RB-seed4-A"", ""group_role"": ""A"", ""scenario"": ""C1_non_conflicting"", ""topology"": ""mesh"", ""hardware"": ""literature"", ""platform"": ""siv_2024"", ""planner_level"": ""L2-RB"", ""seed"": 4, ""source"": ""a0"", ""destination"": ""a3"", ""min_fidelity"": 0.5, ""reserved_memory_slots"": 3, ""min_delivered_pairs"": 5, ""duration_s"": 0.3, ""decision_feasible"": true, ""route"": ""a0 -> a1 -> a2 -> a3"", ""final_status"": ""SATISFIED"", ""satisfied"": true, ""delivered_pairs"": 34, ""average_fidelity"": 0.5858053205668268, ""failure_class"": ""none"", ""rejection_reason"": null, ""failed_reason"": null, ""planning_wall_time_s"": 0.0015961999888531864, ""orchestration_wall_time_s"": 0.0003871000080835074, ""simulation_wall_time_s_shared"": 29.25165640001069, ""lifecycle_history_length"": 7}, {""group_id"": ""C1_non_conflicting-literature-L2-RB-seed4"", ""intent_id"": ""C1_non_conflicting-literature-L2-RB-seed4-B"", ""group_role"": ""B"", ""scenario"": ""C1_non_conflicting"", ""topology"": ""mesh"", ""hardware"": ""literature"", ""platform"": ""siv_2024"", ""planner_level"": ""L2-RB"", ""seed"": 4, ""source"": ""b0"", ""destination"": ""b3"", ""min_fidelity"": 0.5, ""reserved_memory_slots"": 3, ""min_delivered_pairs"": 5, ""duration_s"": 0.3, ""decision_feasible"": true, ""route"": ""b0 -> b1 -> b2 -> b3"", ""final_status"": ""SATISFIED"", ""satisfied"": true, ""delivered_pairs"": 50, ""average_fidelity"": 0.588200285668568, ""failure_class"": ""none"", ""rejection_reason"": null, ""failed_reason"": null, ""planning_wall_time_s"": 0.0015582999913021922, ""orchestration_wall_time_s"": 0.00030280000646598637, ""simulation_wall_time_s_shared"": 29.25165640001069, ""lifecycle_history_length"": 7}]",C1_non_conflicting|literature|L2-RB|4
C1_non_conflicting-literature-L2-RB-seed3,C1_non_conflicting,mesh,literature,L2-RB,3,2,2,0,2,0,0,29.319317100016633,0.0036017000093124807,"[{""group_id"": ""C1_non_conflicting-literature-L2-RB-seed3"", ""intent_id"": ""C1_non_conflicting-literature-L2-RB-seed3-A"", ""group_role"": ""A"", ""scenario"": ""C1_non_conflicting"", ""topology"": ""mesh"", ""hardware"": ""literature"", ""platform"": ""siv_2024"", ""planner_level"": ""L2-RB"", ""seed"": 3, ""source"": ""a0"", ""destination"": ""a3"", ""min_fidelity"": 0.5, ""reserved_memory_slots"": 3, ""min_delivered_pairs"": 5, ""duration_s"": 0.3, ""decision_feasible"": true, ""route"": ""a0 -> a1 -> a2 -> a3"", ""final_status"": ""SATISFIED"", ""satisfied"": true, ""delivered_pairs"": 34, ""average_fidelity"": 0.5865784227134601, ""failure_class"": ""none"", ""rejection_reason"": null, ""failed_reason"": null, ""planning_wall_time_s"": 0.0016182000108528882, ""orchestration_wall_time_s"": 0.00023259999579750001, ""simulation_wall_time_s_shared"": 29.319317100016633, ""lifecycle_history_length"": 7}, {""group_id"": ""C1_non_conflicting-literature-L2-RB-seed3"", ""intent_id"": ""C1_non_conflicting-literature-L2-RB-seed3-B"", ""group_role"": ""B"", ""scenario"": ""C1_non_conflicting"", ""topology"": ""mesh"", ""hardware"": ""literature"", ""platform"": ""siv_2024"", ""planner_level"": ""L2-RB"", ""seed"": 3, ""source"": ""b0"", ""destination"": ""b3"", ""min_fidelity"": 0.5, ""reserved_memory_slots"": 3, ""min_delivered_pairs"": 5, ""duration_s"": 0.3, ""decision_feasible"": true, ""route"": ""b0 -> b1 -> b2 -> b3"", ""final_status"": ""SATISFIED"", ""satisfied"": true, ""delivered_pairs"": 33, ""average_fidelity"": 0.5858324009485446, ""failure_class"": ""none"", ""rejection_reason"": null, ""failed_reason"": null, ""planning_wall_time_s"": 0.0015482000017073005, ""orchestration_wall_time_s"": 0.0002027000009547919, ""simulation_wall_time_s_shared"": 29.319317100016633, ""lifecycle_history_length"": 7}]",C1_non_conflicting|literature|L2-RB|3
C1_non_conflicting-literature-L2-RB-seed6,C1_non_conflicting,mesh,literature,L2-RB,6,2,2,0,2,0,0,29.4100569000002,0.0028292999777477235,"[{""group_id"": ""C1_non_conflicting-literature-L2-RB-seed6"", ""intent_id"": ""C1_non_conflicting-literature-L2-RB-seed6-A"", ""group_role"": ""A"", ""scenario"": ""C1_non_conflicting"", ""topology"": ""mesh"", ""hardware"": ""literature"", ""platform"": ""siv_2024"", ""planner_level"": ""L2-RB"", ""seed"": 6, ""source"": ""a0"", ""destination"": ""a3"", ""min_fidelity"": 0.5, ""reserved_memory_slots"": 3, ""min_delivered_pairs"": 5, ""duration_s"": 0.3, ""decision_feasible"": true, ""route"": ""a0 -> a1 -> a2 -> a3"", ""final_status"": ""SATISFIED"", ""satisfied"": true, ""delivered_pairs"": 40, ""average_fidelity"": 0.5872286277667311, ""failure_class"": ""none"", ""rejection_reason"": null, ""failed_reason"": null, ""planning_wall_time_s"": 0.0012621999776456505, ""orchestration_wall_time_s"": 0.0002761000068858266, ""simulation_wall_time_s_shared"": 29.4100569000002, ""lifecycle_history_length"": 7}, {""group_id"": ""C1_non_conflicting-literature-L2-RB-seed6"", ""intent_id"": ""C1_non_conflicting-literature-L2-RB-seed6-B"", ""group_role"": ""B"", ""scenario"": ""C1_non_conflicting"", ""topology"": ""mesh"", ""hardware"": ""literature"", ""platform"": ""siv_2024"", ""planner_level"": ""L2-RB"", ""seed"": 6, ""source"": ""b0"", ""destination"": ""b3"", ""min_fidelity"": 0.5, ""reserved_memory_slots"": 3, ""min_delivered_pairs"": 5, ""duration_s"": 0.3, ""decision_feasible"": true, ""route"": ""b0 -> b1 -> b2 -> b3"", ""final_status"": ""SATISFIED"", ""satisfied"": true, ""delivered_pairs"": 36, ""average_fidelity"": 0.5869773405620217, ""failure_class"": ""none"", ""rejection_reason"": null, ""failed_reason"": null, ""planning_wall_time_s"": 0.0010863000061362982, ""orchestration_wall_time_s"": 0.0002046999870799482, ""simulation_wall_time_s_shared"": 29.4100569000002, ""lifecycle_history_length"": 7}]",C1_non_conflicting|literature|L2-RB|6
C1_non_conflicting-literature-L2-RB-seed7,C1_non_conflicting,mesh,literature,L2-RB,7,2,2,0,2,0,0,29.855149299983168,0.0025881999754346907,"[{""group_id"": ""C1_non_conflicting-literature-L2-RB-seed7"", ""intent_id"": ""C1_non_conflicting-literature-L2-RB-seed7-A"", ""group_role"": ""A"", ""scenario"": ""C1_non_conflicting"", ""topology"": ""mesh"", ""hardware"": ""literature"", ""platform"": ""siv_2024"", ""planner_level"": ""L2-RB"", ""seed"": 7, ""source"": ""a0"", ""destination"": ""a3"", ""min_fidelity"": 0.5, ""reserved_memory_slots"": 3, ""min_delivered_pairs"": 5, ""duration_s"": 0.3, ""decision_feasible"": true, ""route"": ""a0 -> a1 -> a2 -> a3"", ""final_status"": ""SATISFIED"", ""satisfied"": true, ""delivered_pairs"": 39, ""average_fidelity"": 0.5858434672500866, ""failure_class"": ""none"", ""rejection_reason"": null, ""failed_reason"": null, ""planning_wall_time_s"": 0.0011630000080913305, ""orchestration_wall_time_s"": 0.0002379999787081033, ""simulation_wall_time_s_shared"": 29.855149299983168, ""lifecycle_history_length"": 7}, {""group_id"": ""C1_non_conflicting-literature-L2-RB-seed7"", ""intent_id"": ""C1_non_conflicting-literature-L2-RB-seed7-B"", ""group_role"": ""B"", ""scenario"": ""C1_non_conflicting"", ""topology"": ""mesh"", ""hardware"": ""literature"", ""platform"": ""siv_2024"", ""planner_level"": ""L2-RB"", ""seed"": 7, ""source"": ""b0"", ""destination"": ""b3"", ""min_fidelity"": 0.5, ""reserved_memory_slots"": 3, ""min_delivered_pairs"": 5, ""duration_s"": 0.3, ""decision_feasible"": true, ""route"": ""b0 -> b1 -> b2 -> b3"", ""final_status"": ""SATISFIED"", ""satisfied"": true, ""delivered_pairs"": 41, ""average_fidelity"": 0.5884209374400344, ""failure_class"": ""none"", ""rejection_reason"": null, ""failed_reason"": null, ""planning_wall_time_s"": 0.0009781999979168177, ""orchestration_wall_time_s"": 0.00020899999071843922, ""simulation_wall_time_s_shared"": 29.855149299983168, ""lifecycle_history_length"": 7}]",C1_non_conflicting|literature|L2-RB|7
C2_resource_contention-literature-L1-seed1,C2_resource_contention,star,literature,L1,1,2,2,0,1,0,1,8.609946799988393,0.0029661000007763505,"[{""group_id"": ""C2_resource_contention-literature-L1-seed1"", ""intent_id"": ""C2_resource_contention-literature-L1-seed1-A"", ""group_role"": ""A"", ""scenario"": ""C2_resource_contention"", ""topology"": ""star"", ""hardware"": ""literature"", ""platform"": ""siv_2024"", ""planner_level"": ""L1"", ""seed"": 1, ""source"": ""leaf1"", ""destination"": ""leaf2"", ""min_fidelity"": 0.6, ""reserved_memory_slots"": 3, ""min_delivered_pairs"": 5, ""duration_s"": 0.3, ""decision_feasible"": true, ""route"": ""leaf1 -> center -> leaf2"", ""final_status"": ""SATISFIED"", ""satisfied"": true, ""delivered_pairs"": 28, ""average_fidelity"": 0.6986615181373956, ""failure_class"": ""none"", ""rejection_reason"": null, ""failed_reason"": null, ""planning_wall_time_s"": 0.000527900003362447, ""orchestration_wall_time_s"": 0.00023480001254938543, ""simulation_wall_time_s_shared"": 8.609946799988393, ""lifecycle_history_length"": 7}, {""group_id"": ""C2_resource_contention-literature-L1-seed1"", ""intent_id"": ""C2_resource_contention-literature-L1-seed1-B"", ""group_role"": ""B"", ""scenario"": ""C2_resource_contention"", ""topology"": ""star"", ""hardware"": ""literature"", ""platform"": ""siv_2024"", ""planner_level"": ""L1"", ""seed"": 1, ""source"": ""leaf3"", ""destination"": ""leaf4"", ""min_fidelity"": 0.6, ""reserved_memory_slots"": 3, ""min_delivered_pairs"": 5, ""duration_s"": 0.3, ""decision_feasible"": true, ""route"": ""leaf3 -> center -> leaf4"", ""final_status"": ""FAILED"", ""satisfied"": null, ""delivered_pairs"": null, ""average_fidelity"": null, ""failure_class"": ""C_resource_contention_reservation_rejected"", ""rejection_reason"": null, ""failed_reason"": ""reservation rejected by NetworkManager"", ""planning_wall_time_s"": 0.0019390999805182219, ""orchestration_wall_time_s"": 0.0002643000043462962, ""simulation_wall_time_s_shared"": 8.609946799988393, ""lifecycle_history_length"": 6}]",C2_resource_contention|literature|L1|1
C2_resource_contention-literature-L1-seed0,C2_resource_contention,star,literature,L1,0,2,2,0,1,0,1,9.505949599988526,0.0015749000012874603,"[{""group_id"": ""C2_resource_contention-literature-L1-seed0"", ""intent_id"": ""C2_resource_contention-literature-L1-seed0-A"", ""group_role"": ""A"", ""scenario"": ""C2_resource_contention"", ""topology"": ""star"", ""hardware"": ""literature"", ""platform"": ""siv_2024"", ""planner_level"": ""L1"", ""seed"": 0, ""source"": ""leaf1"", ""destination"": ""leaf2"", ""min_fidelity"": 0.6, ""reserved_memory_slots"": 3, ""min_delivered_pairs"": 5, ""duration_s"": 0.3, ""decision_feasible"": true, ""route"": ""leaf1 -> center -> leaf2"", ""final_status"": ""SATISFIED"", ""satisfied"": true, ""delivered_pairs"": 30, ""average_fidelity"": 0.7010970222917353, ""failure_class"": ""none"", ""rejection_reason"": null, ""failed_reason"": null, ""planning_wall_time_s"": 0.0005160000000614673, ""orchestration_wall_time_s"": 0.0002432999899610877, ""simulation_wall_time_s_shared"": 9.505949599988526, ""lifecycle_history_length"": 7}, {""group_id"": ""C2_resource_contention-literature-L1-seed0"", ""intent_id"": ""C2_resource_contention-literature-L1-seed0-B"", ""group_role"": ""B"", ""scenario"": ""C2_resource_contention"", ""topology"": ""star"", ""hardware"": ""literature"", ""platform"": ""siv_2024"", ""planner_level"": ""L1"", ""seed"": 0, ""source"": ""leaf3"", ""destination"": ""leaf4"", ""min_fidelity"": 0.6, ""reserved_memory_slots"": 3, ""min_delivered_pairs"": 5, ""duration_s"": 0.3, ""decision_feasible"": true, ""route"": ""leaf3 -> center -> leaf4"", ""final_status"": ""FAILED"", ""satisfied"": null, ""delivered_pairs"": null, ""average_fidelity"": null, ""failure_class"": ""C_resource_contention_reservation_rejected"", ""rejection_reason"": null, ""failed_reason"": ""reservation rejected by NetworkManager"", ""planning_wall_time_s"": 0.0005864000122528523, ""orchestration_wall_time_s"": 0.000229199999012053, ""simulation_wall_time_s_shared"": 9.505949599988526, ""lifecycle_history_length"": 6}]",C2_resource_contention|literature|L1|0
C2_resource_contention-literature-L1-seed2,C2_resource_contention,star,literature,L1,2,2,2,0,1,0,1,11.114423999999417,0.0016715000674594194,"[{""group_id"": ""C2_resource_contention-literature-L1-seed2"", ""intent_id"": ""C2_resource_contention-literature-L1-seed2-A"", ""group_role"": ""A"", ""scenario"": ""C2_resource_contention"", ""topology"": ""star"", ""hardware"": ""literature"", ""platform"": ""siv_2024"", ""planner_level"": ""L1"", ""seed"": 2, ""source"": ""leaf1"", ""destination"": ""leaf2"", ""min_fidelity"": 0.6, ""reserved_memory_slots"": 3, ""min_delivered_pairs"": 5, ""duration_s"": 0.3, ""decision_feasible"": true, ""route"": ""leaf1 -> center -> leaf2"", ""final_status"": ""SATISFIED"", ""satisfied"": true, ""delivered_pairs"": 29, ""average_fidelity"": 0.7020721777826362, ""failure_class"": ""none"", ""rejection_reason"": null, ""failed_reason"": null, ""planning_wall_time_s"": 0.0006402000144589692, ""orchestration_wall_time_s"": 0.0002822000242304057, ""simulation_wall_time_s_shared"": 11.114423999999417, ""lifecycle_history_length"": 7}, {""group_id"": ""C2_resource_contention-literature-L1-seed2"", ""intent_id"": ""C2_resource_contention-literature-L1-seed2-B"", ""group_role"": ""B"", ""scenario"": ""C2_resource_contention"", ""topology"": ""star"", ""hardware"": ""literature"", ""platform"": ""siv_2024"", ""planner_level"": ""L1"", ""seed"": 2, ""source"": ""leaf3"", ""destination"": ""leaf4"", ""min_fidelity"": 0.6, ""reserved_memory_slots"": 3, ""min_delivered_pairs"": 5, ""duration_s"": 0.3, ""decision_feasible"": true, ""route"": ""leaf3 -> center -> leaf4"", ""final_status"": ""FAILED"", ""satisfied"": null, ""delivered_pairs"": null, ""average_fidelity"": null, ""failure_class"": ""C_resource_contention_reservation_rejected"", ""rejection_reason"": null, ""failed_reason"": ""reservation rejected by NetworkManager"", ""planning_wall_time_s"": 0.0005087000026833266, ""orchestration_wall_time_s"": 0.00024040002608671784, ""simulation_wall_time_s_shared"": 11.114423999999417, ""lifecycle_history_length"": 6}]",C2_resource_contention|literature|L1|2
C2_resource_contention-literature-L1-seed3,C2_resource_contention,star,literature,L1,3,2,2,0,1,0,1,10.369425299984869,0.001673299993854016,"[{""group_id"": ""C2_resource_contention-literature-L1-seed3"", ""intent_id"": ""C2_resource_contention-literature-L1-seed3-A"", ""group_role"": ""A"", ""scenario"": ""C2_resource_contention"", ""topology"": ""star"", ""hardware"": ""literature"", ""platform"": ""siv_2024"", ""planner_level"": ""L1"", ""seed"": 3, ""source"": ""leaf1"", ""destination"": ""leaf2"", ""min_fidelity"": 0.6, ""reserved_memory_slots"": 3, ""min_delivered_pairs"": 5, ""duration_s"": 0.3, ""decision_feasible"": true, ""route"": ""leaf1 -> center -> leaf2"", ""final_status"": ""SATISFIED"", ""satisfied"": true, ""delivered_pairs"": 31, ""average_fidelity"": 0.7004694311771874, ""failure_class"": ""none"", ""rejection_reason"": null, ""failed_reason"": null, ""planning_wall_time_s"": 0.0006319000094663352, ""orchestration_wall_time_s"": 0.0003099000023212284, ""simulation_wall_time_s_shared"": 10.369425299984869, ""lifecycle_history_length"": 7}, {""group_id"": ""C2_resource_contention-literature-L1-seed3"", ""intent_id"": ""C2_resource_contention-literature-L1-seed3-B"", ""group_role"": ""B"", ""scenario"": ""C2_resource_contention"", ""topology"": ""star"", ""hardware"": ""literature"", ""platform"": ""siv_2024"", ""planner_level"": ""L1"", ""seed"": 3, ""source"": ""leaf3"", ""destination"": ""leaf4"", ""min_fidelity"": 0.6, ""reserved_memory_slots"": 3, ""min_delivered_pairs"": 5, ""duration_s"": 0.3, ""decision_feasible"": true, ""route"": ""leaf3 -> center -> leaf4"", ""final_status"": ""FAILED"", ""satisfied"": null, ""delivered_pairs"": null, ""average_fidelity"": null, ""failure_class"": ""C_resource_contention_reservation_rejected"", ""rejection_reason"": null, ""failed_reason"": ""reservation rejected by NetworkManager"", ""planning_wall_time_s"": 0.0005082999996375293, ""orchestration_wall_time_s"": 0.00022319998242892325, ""simulation_wall_time_s_shared"": 10.369425299984869, ""lifecycle_history_length"": 6}]",C2_resource_contention|literature|L1|3
C2_resource_contention-literature-L1-seed4,C2_resource_contention,star,literature,L1,4,2,2,0,1,0,1,10.059450200002175,0.00252909999107942,"[{""group_id"": ""C2_resource_contention-literature-L1-seed4"", ""intent_id"": ""C2_resource_contention-literature-L1-seed4-A"", ""group_role"": ""A"", ""scenario"": ""C2_resource_contention"", ""topology"": ""star"", ""hardware"": ""literature"", ""platform"": ""siv_2024"", ""planner_level"": ""L1"", ""seed"": 4, ""source"": ""leaf1"", ""destination"": ""leaf2"", ""min_fidelity"": 0.6, ""reserved_memory_slots"": 3, ""min_delivered_pairs"": 5, ""duration_s"": 0.3, ""decision_feasible"": true, ""route"": ""leaf1 -> center -> leaf2"", ""final_status"": ""SATISFIED"", ""satisfied"": true, ""delivered_pairs"": 37, ""average_fidelity"": 0.7019290026730965, ""failure_class"": ""none"", ""rejection_reason"": null, ""failed_reason"": null, ""planning_wall_time_s"": 0.0011153999948874116, ""orchestration_wall_time_s"": 0.0006739999807905406, ""simulation_wall_time_s_shared"": 10.059450200002175, ""lifecycle_history_length"": 7}, {""group_id"": ""C2_resource_contention-literature-L1-seed4"", ""intent_id"": ""C2_resource_contention-literature-L1-seed4-B"", ""group_role"": ""B"", ""scenario"": ""C2_resource_contention"", ""topology"": ""star"", ""hardware"": ""literature"", ""platform"": ""siv_2024"", ""planner_level"": ""L1"", ""seed"": 4, ""source"": ""leaf3"", ""destination"": ""leaf4"", ""min_fidelity"": 0.6, ""reserved_memory_slots"": 3, ""min_delivered_pairs"": 5, ""duration_s"": 0.3, ""decision_feasible"": true, ""route"": ""leaf3 -> center -> leaf4"", ""final_status"": ""FAILED"", ""satisfied"": null, ""delivered_pairs"": null, ""average_fidelity"": null, ""failure_class"": ""C_resource_contention_reservation_rejected"", ""rejection_reason"": null, ""failed_reason"": ""reservation rejected by NetworkManager"", ""planning_wall_time_s"": 0.0005197999998927116, ""orchestration_wall_time_s"": 0.00021990001550875604, ""simulation_wall_time_s_shared"": 10.059450200002175, ""lifecycle_history_length"": 6}]",C2_resource_contention|literature|L1|4
C2_resource_contention-literature-L1-seed5,C2_resource_contention,star,literature,L1,5,2,2,0,1,0,1,9.589634400006616,0.0014702000480610877,"[{""group_id"": ""C2_resource_contention-literature-L1-seed5"", ""intent_id"": ""C2_resource_contention-literature-L1-seed5-A"", ""group_role"": ""A"", ""scenario"": ""C2_resource_contention"", ""topology"": ""star"", ""hardware"": ""literature"", ""platform"": ""siv_2024"", ""planner_level"": ""L1"", ""seed"": 5, ""source"": ""leaf1"", ""destination"": ""leaf2"", ""min_fidelity"": 0.6, ""reserved_memory_slots"": 3, ""min_delivered_pairs"": 5, ""duration_s"": 0.3, ""decision_feasible"": true, ""route"": ""leaf1 -> center -> leaf2"", ""final_status"": ""SATISFIED"", ""satisfied"": true, ""delivered_pairs"": 32, ""average_fidelity"": 0.7014719980389225, ""failure_class"": ""none"", ""rejection_reason"": null, ""failed_reason"": null, ""planning_wall_time_s"": 0.0005557000113185495, ""orchestration_wall_time_s"": 0.0002591000229585916, ""simulation_wall_time_s_shared"": 9.589634400006616, ""lifecycle_history_length"": 7}, {""group_id"": ""C2_resource_contention-literature-L1-seed5"", ""intent_id"": ""C2_resource_contention-literature-L1-seed5-B"", ""group_role"": ""B"", ""scenario"": ""C2_resource_contention"", ""topology"": ""star"", ""hardware"": ""literature"", ""platform"": ""siv_2024"", ""planner_level"": ""L1"", ""seed"": 5, ""source"": ""leaf3"", ""destination"": ""leaf4"", ""min_fidelity"": 0.6, ""reserved_memory_slots"": 3, ""min_delivered_pairs"": 5, ""duration_s"": 0.3, ""decision_feasible"": true, ""route"": ""leaf3 -> center -> leaf4"", ""final_status"": ""FAILED"", ""satisfied"": null, ""delivered_pairs"": null, ""average_fidelity"": null, ""failure_class"": ""C_resource_contention_reservation_rejected"", ""rejection_reason"": null, ""failed_reason"": ""reservation rejected by NetworkManager"", ""planning_wall_time_s"": 0.0004400000034365803, ""orchestration_wall_time_s"": 0.00021540001034736633, ""simulation_wall_time_s_shared"": 9.589634400006616, ""lifecycle_history_length"": 6}]",C2_resource_contention|literature|L1|5
C2_resource_contention-literature-L1-seed6,C2_resource_contention,star,literature,L1,6,2,2,0,1,0,1,8.662604300014209,0.0012560999894049019,"[{""group_id"": ""C2_resource_contention-literature-L1-seed6"", ""intent_id"": ""C2_resource_contention-literature-L1-seed6-A"", ""group_role"": ""A"", ""scenario"": ""C2_resource_contention"", ""topology"": ""star"", ""hardware"": ""literature"", ""platform"": ""siv_2024"", ""planner_level"": ""L1"", ""seed"": 6, ""source"": ""leaf1"", ""destination"": ""leaf2"", ""min_fidelity"": 0.6, ""reserved_memory_slots"": 3, ""min_delivered_pairs"": 5, ""duration_s"": 0.3, ""decision_feasible"": true, ""route"": ""leaf1 -> center -> leaf2"", ""final_status"": ""SATISFIED"", ""satisfied"": true, ""delivered_pairs"": 34, ""average_fidelity"": 0.7020697910596941, ""failure_class"": ""none"", ""rejection_reason"": null, ""failed_reason"": null, ""planning_wall_time_s"": 0.0004876999882981181, ""orchestration_wall_time_s"": 0.0002683000057004392, ""simulation_wall_time_s_shared"": 8.662604300014209, ""lifecycle_history_length"": 7}, {""group_id"": ""C2_resource_contention-literature-L1-seed6"", ""intent_id"": ""C2_resource_contention-literature-L1-seed6-B"", ""group_role"": ""B"", ""scenario"": ""C2_resource_contention"", ""topology"": ""star"", ""hardware"": ""literature"", ""platform"": ""siv_2024"", ""planner_level"": ""L1"", ""seed"": 6, ""source"": ""leaf3"", ""destination"": ""leaf4"", ""min_fidelity"": 0.6, ""reserved_memory_slots"": 3, ""min_delivered_pairs"": 5, ""duration_s"": 0.3, ""decision_feasible"": true, ""route"": ""leaf3 -> center -> leaf4"", ""final_status"": ""FAILED"", ""satisfied"": null, ""delivered_pairs"": null, ""average_fidelity"": null, ""failure_class"": ""C_resource_contention_reservation_rejected"", ""rejection_reason"": null, ""failed_reason"": ""reservation rejected by NetworkManager"", ""planning_wall_time_s"": 0.0003381999849807471, ""orchestration_wall_time_s"": 0.00016190001042559743, ""simulation_wall_time_s_shared"": 8.662604300014209, ""lifecycle_history_length"": 6}]",C2_resource_contention|literature|L1|6
C2_resource_contention-literature-L1-seed7,C2_resource_contention,star,literature,L1,7,2,2,0,1,0,1,8.619564399996307,0.0011759999906644225,"[{""group_id"": ""C2_resource_contention-literature-L1-seed7"", ""intent_id"": ""C2_resource_contention-literature-L1-seed7-A"", ""group_role"": ""A"", ""scenario"": ""C2_resource_contention"", ""topology"": ""star"", ""hardware"": ""literature"", ""platform"": ""siv_2024"", ""planner_level"": ""L1"", ""seed"": 7, ""source"": ""leaf1"", ""destination"": ""leaf2"", ""min_fidelity"": 0.6, ""reserved_memory_slots"": 3, ""min_delivered_pairs"": 5, ""duration_s"": 0.3, ""decision_feasible"": true, ""route"": ""leaf1 -> center -> leaf2"", ""final_status"": ""SATISFIED"", ""satisfied"": true, ""delivered_pairs"": 32, ""average_fidelity"": 0.7017658160617825, ""failure_class"": ""none"", ""rejection_reason"": null, ""failed_reason"": null, ""planning_wall_time_s"": 0.0004540000227279961, ""orchestration_wall_time_s"": 0.00025309997727163136, ""simulation_wall_time_s_shared"": 8.619564399996307, ""lifecycle_history_length"": 7}, {""group_id"": ""C2_resource_contention-literature-L1-seed7"", ""intent_id"": ""C2_resource_contention-literature-L1-seed7-B"", ""group_role"": ""B"", ""scenario"": ""C2_resource_contention"", ""topology"": ""star"", ""hardware"": ""literature"", ""platform"": ""siv_2024"", ""planner_level"": ""L1"", ""seed"": 7, ""source"": ""leaf3"", ""destination"": ""leaf4"", ""min_fidelity"": 0.6, ""reserved_memory_slots"": 3, ""min_delivered_pairs"": 5, ""duration_s"": 0.3, ""decision_feasible"": true, ""route"": ""leaf3 -> center -> leaf4"", ""final_status"": ""FAILED"", ""satisfied"": null, ""delivered_pairs"": null, ""average_fidelity"": null, ""failure_class"": ""C_resource_contention_reservation_rejected"", ""rejection_reason"": null, ""failed_reason"": ""reservation rejected by NetworkManager"", ""planning_wall_time_s"": 0.00032690001535229385, ""orchestration_wall_time_s"": 0.0001419999753125012, ""simulation_wall_time_s_shared"": 8.619564399996307, ""lifecycle_history_length"": 6}]",C2_resource_contention|literature|L1|7
C2_resource_contention-literature-L1-seed8,C2_resource_contention,star,literature,L1,8,2,2,0,1,0,1,8.732187899993733,0.0012626000097952783,"[{""group_id"": ""C2_resource_contention-literature-L1-seed8"", ""intent_id"": ""C2_resource_contention-literature-L1-seed8-A"", ""group_role"": ""A"", ""scenario"": ""C2_resource_contention"", ""topology"": ""star"", ""hardware"": ""literature"", ""platform"": ""siv_2024"", ""planner_level"": ""L1"", ""seed"": 8, ""source"": ""leaf1"", ""destination"": ""leaf2"", ""min_fidelity"": 0.6, ""reserved_memory_slots"": 3, ""min_delivered_pairs"": 5, ""duration_s"": 0.3, ""decision_feasible"": true, ""route"": ""leaf1 -> center -> leaf2"", ""final_status"": ""SATISFIED"", ""satisfied"": true, ""delivered_pairs"": 38, ""average_fidelity"": 0.7022772347947894, ""failure_class"": ""none"", ""rejection_reason"": null, ""failed_reason"": null, ""planning_wall_time_s"": 0.000513700011651963, ""orchestration_wall_time_s"": 0.00024200000916607678, ""simulation_wall_time_s_shared"": 8.732187899993733, ""lifecycle_history_length"": 7}, {""group_id"": ""C2_resource_contention-literature-L1-seed8"", ""intent_id"": ""C2_resource_contention-literature-L1-seed8-B"", ""group_role"": ""B"", ""scenario"": ""C2_resource_contention"", ""topology"": ""star"", ""hardware"": ""literature"", ""platform"": ""siv_2024"", ""planner_level"": ""L1"", ""seed"": 8, ""source"": ""leaf3"", ""destination"": ""leaf4"", ""min_fidelity"": 0.6, ""reserved_memory_slots"": 3, ""min_delivered_pairs"": 5, ""duration_s"": 0.3, ""decision_feasible"": true, ""route"": ""leaf3 -> center -> leaf4"", ""final_status"": ""FAILED"", ""satisfied"": null, ""delivered_pairs"": null, ""average_fidelity"": null, ""failure_class"": ""C_resource_contention_reservation_rejected"", ""rejection_reason"": null, ""failed_reason"": ""reservation rejected by NetworkManager"", ""planning_wall_time_s"": 0.00034890000824816525, ""orchestration_wall_time_s"": 0.00015799998072907329, ""simulation_wall_time_s_shared"": 8.732187899993733, ""lifecycle_history_length"": 6}]",C2_resource_contention|literature|L1|8
C2_resource_contention-literature-L1-seed9,C2_resource_contention,star,literature,L1,9,2,2,0,1,0,1,8.726874299987685,0.007550499984063208,"[{""group_id"": ""C2_resource_contention-literature-L1-seed9"", ""intent_id"": ""C2_resource_contention-literature-L1-seed9-A"", ""group_role"": ""A"", ""scenario"": ""C2_resource_contention"", ""topology"": ""star"", ""hardware"": ""literature"", ""platform"": ""siv_2024"", ""planner_level"": ""L1"", ""seed"": 9, ""source"": ""leaf1"", ""destination"": ""leaf2"", ""min_fidelity"": 0.6, ""reserved_memory_slots"": 3, ""min_delivered_pairs"": 5, ""duration_s"": 0.3, ""decision_feasible"": true, ""route"": ""leaf1 -> center -> leaf2"", ""final_status"": ""SATISFIED"", ""satisfied"": true, ""delivered_pairs"": 33, ""average_fidelity"": 0.7037932425875173, ""failure_class"": ""none"", ""rejection_reason"": null, ""failed_reason"": null, ""planning_wall_time_s"": 0.0004302999877836555, ""orchestration_wall_time_s"": 0.00027210000553168356, ""simulation_wall_time_s_shared"": 8.726874299987685, ""lifecycle_history_length"": 7}, {""group_id"": ""C2_resource_contention-literature-L1-seed9"", ""intent_id"": ""C2_resource_contention-literature-L1-seed9-B"", ""group_role"": ""B"", ""scenario"": ""C2_resource_contention"", ""topology"": ""star"", ""hardware"": ""literature"", ""platform"": ""siv_2024"", ""planner_level"": ""L1"", ""seed"": 9, ""source"": ""leaf3"", ""destination"": ""leaf4"", ""min_fidelity"": 0.6, ""reserved_memory_slots"": 3, ""min_delivered_pairs"": 5, ""duration_s"": 0.3, ""decision_feasible"": true, ""route"": ""leaf3 -> center -> leaf4"", ""final_status"": ""FAILED"", ""satisfied"": null, ""delivered_pairs"": null, ""average_fidelity"": null, ""failure_class"": ""C_resource_contention_reservation_rejected"", ""rejection_reason"": null, ""failed_reason"": ""reservation rejected by NetworkManager"", ""planning_wall_time_s"": 0.00038809998659417033, ""orchestration_wall_time_s"": 0.006460000004153699, ""simulation_wall_time_s_shared"": 8.726874299987685, ""lifecycle_history_length"": 6}]",C2_resource_contention|literature|L1|9
C2_resource_contention-literature-L2-RB-seed1,C2_resource_contention,star,literature,L2-RB,1,2,2,0,1,0,1,8.058483699976932,0.0011674999841488898,"[{""group_id"": ""C2_resource_contention-literature-L2-RB-seed1"", ""intent_id"": ""C2_resource_contention-literature-L2-RB-seed1-A"", ""group_role"": ""A"", ""scenario"": ""C2_resource_contention"", ""topology"": ""star"", ""hardware"": ""literature"", ""platform"": ""siv_2024"", ""planner_level"": ""L2-RB"", ""seed"": 1, ""source"": ""leaf1"", ""destination"": ""leaf2"", ""min_fidelity"": 0.6, ""reserved_memory_slots"": 3, ""min_delivered_pairs"": 5, ""duration_s"": 0.3, ""decision_feasible"": true, ""route"": ""leaf1 -> center -> leaf2"", ""final_status"": ""SATISFIED"", ""satisfied"": true, ""delivered_pairs"": 28, ""average_fidelity"": 0.6986615181373956, ""failure_class"": ""none"", ""rejection_reason"": null, ""failed_reason"": null, ""planning_wall_time_s"": 0.00048099999548867345, ""orchestration_wall_time_s"": 0.00021959998412057757, ""simulation_wall_time_s_shared"": 8.058483699976932, ""lifecycle_history_length"": 7}, {""group_id"": ""C2_resource_contention-literature-L2-RB-seed1"", ""intent_id"": ""C2_resource_contention-literature-L2-RB-seed1-B"", ""group_role"": ""B"", ""scenario"": ""C2_resource_contention"", ""topology"": ""star"", ""hardware"": ""literature"", ""platform"": ""siv_2024"", ""planner_level"": ""L2-RB"", ""seed"": 1, ""source"": ""leaf3"", ""destination"": ""leaf4"", ""min_fidelity"": 0.6, ""reserved_memory_slots"": 3, ""min_delivered_pairs"": 5, ""duration_s"": 0.3, ""decision_feasible"": true, ""route"": ""leaf3 -> center -> leaf4"", ""final_status"": ""FAILED"", ""satisfied"": null, ""delivered_pairs"": null, ""average_fidelity"": null, ""failure_class"": ""C_resource_contention_reservation_rejected"", ""rejection_reason"": null, ""failed_reason"": ""reservation rejected by NetworkManager"", ""planning_wall_time_s"": 0.0003209999995306134, ""orchestration_wall_time_s"": 0.00014590000500902534, ""simulation_wall_time_s_shared"": 8.058483699976932, ""lifecycle_history_length"": 6}]",C2_resource_contention|literature|L2-RB|1
C1_non_conflicting-literature-L2-RB-seed8,C1_non_conflicting,mesh,literature,L2-RB,8,2,2,0,2,0,0,31.080999900004826,0.0030098000133875757,"[{""group_id"": ""C1_non_conflicting-literature-L2-RB-seed8"", ""intent_id"": ""C1_non_conflicting-literature-L2-RB-seed8-A"", ""group_role"": ""A"", ""scenario"": ""C1_non_conflicting"", ""topology"": ""mesh"", ""hardware"": ""literature"", ""platform"": ""siv_2024"", ""planner_level"": ""L2-RB"", ""seed"": 8, ""source"": ""a0"", ""destination"": ""a3"", ""min_fidelity"": 0.5, ""reserved_memory_slots"": 3, ""min_delivered_pairs"": 5, ""duration_s"": 0.3, ""decision_feasible"": true, ""route"": ""a0 -> a1 -> a2 -> a3"", ""final_status"": ""SATISFIED"", ""satisfied"": true, ""delivered_pairs"": 38, ""average_fidelity"": 0.5856253056844911, ""failure_class"": ""none"", ""rejection_reason"": null, ""failed_reason"": null, ""planning_wall_time_s"": 0.0012506000057328492, ""orchestration_wall_time_s"": 0.00026709999656304717, ""simulation_wall_time_s_shared"": 31.080999900004826, ""lifecycle_history_length"": 7}, {""group_id"": ""C1_non_conflicting-literature-L2-RB-seed8"", ""intent_id"": ""C1_non_conflicting-literature-L2-RB-seed8-B"", ""group_role"": ""B"", ""scenario"": ""C1_non_conflicting"", ""topology"": ""mesh"", ""hardware"": ""literature"", ""platform"": ""siv_2024"", ""planner_level"": ""L2-RB"", ""seed"": 8, ""source"": ""b0"", ""destination"": ""b3"", ""min_fidelity"": 0.5, ""reserved_memory_slots"": 3, ""min_delivered_pairs"": 5, ""duration_s"": 0.3, ""decision_feasible"": true, ""route"": ""b0 -> b1 -> b2 -> b3"", ""final_status"": ""SATISFIED"", ""satisfied"": true, ""delivered_pairs"": 34, ""average_fidelity"": 0.5875999234374937, ""failure_class"": ""none"", ""rejection_reason"": null, ""failed_reason"": null, ""planning_wall_time_s"": 0.0013108999992255121, ""orchestration_wall_time_s"": 0.0001812000118661672, ""simulation_wall_time_s_shared"": 31.080999900004826, ""lifecycle_history_length"": 7}]",C1_non_conflicting|literature|L2-RB|8
C2_resource_contention-literature-L2-RB-seed0,C2_resource_contention,star,literature,L2-RB,0,2,2,0,1,0,1,8.573871000000509,0.0012902000162284821,"[{""group_id"": ""C2_resource_contention-literature-L2-RB-seed0"", ""intent_id"": ""C2_resource_contention-literature-L2-RB-seed0-A"", ""group_role"": ""A"", ""scenario"": ""C2_resource_contention"", ""topology"": ""star"", ""hardware"": ""literature"", ""platform"": ""siv_2024"", ""planner_level"": ""L2-RB"", ""seed"": 0, ""source"": ""leaf1"", ""destination"": ""leaf2"", ""min_fidelity"": 0.6, ""reserved_memory_slots"": 3, ""min_delivered_pairs"": 5, ""duration_s"": 0.3, ""decision_feasible"": true, ""route"": ""leaf1 -> center -> leaf2"", ""final_status"": ""SATISFIED"", ""satisfied"": true, ""delivered_pairs"": 30, ""average_fidelity"": 0.7010970222917353, ""failure_class"": ""none"", ""rejection_reason"": null, ""failed_reason"": null, ""planning_wall_time_s"": 0.00046770001063123345, ""orchestration_wall_time_s"": 0.00024059999850578606, ""simulation_wall_time_s_shared"": 8.573871000000509, ""lifecycle_history_length"": 7}, {""group_id"": ""C2_resource_contention-literature-L2-RB-seed0"", ""intent_id"": ""C2_resource_contention-literature-L2-RB-seed0-B"", ""group_role"": ""B"", ""scenario"": ""C2_resource_contention"", ""topology"": ""star"", ""hardware"": ""literature"", ""platform"": ""siv_2024"", ""planner_level"": ""L2-RB"", ""seed"": 0, ""source"": ""leaf3"", ""destination"": ""leaf4"", ""min_fidelity"": 0.6, ""reserved_memory_slots"": 3, ""min_delivered_pairs"": 5, ""duration_s"": 0.3, ""decision_feasible"": true, ""route"": ""leaf3 -> center -> leaf4"", ""final_status"": ""FAILED"", ""satisfied"": null, ""delivered_pairs"": null, ""average_fidelity"": null, ""failure_class"": ""C_resource_contention_reservation_rejected"", ""rejection_reason"": null, ""failed_reason"": ""reservation rejected by NetworkManager"", ""planning_wall_time_s"": 0.0003983000060543418, ""orchestration_wall_time_s"": 0.00018360000103712082, ""simulation_wall_time_s_shared"": 8.573871000000509, ""lifecycle_history_length"": 6}]",C2_resource_contention|literature|L2-RB|0
C1_non_conflicting-literature-L2-RB-seed9,C1_non_conflicting,mesh,literature,L2-RB,9,2,2,0,2,0,0,30.75624489999609,0.0017290000105276704,"[{""group_id"": ""C1_non_conflicting-literature-L2-RB-seed9"", ""intent_id"": ""C1_non_conflicting-literature-L2-RB-seed9-A"", ""group_role"": ""A"", ""scenario"": ""C1_non_conflicting"", ""topology"": ""mesh"", ""hardware"": ""literature"", ""platform"": ""siv_2024"", ""planner_level"": ""L2-RB"", ""seed"": 9, ""source"": ""a0"", ""destination"": ""a3"", ""min_fidelity"": 0.5, ""reserved_memory_slots"": 3, ""min_delivered_pairs"": 5, ""duration_s"": 0.3, ""decision_feasible"": true, ""route"": ""a0 -> a1 -> a2 -> a3"", ""final_status"": ""SATISFIED"", ""satisfied"": true, ""delivered_pairs"": 38, ""average_fidelity"": 0.5864543208083228, ""failure_class"": ""none"", ""rejection_reason"": null, ""failed_reason"": null, ""planning_wall_time_s"": 0.0008465000137221068, ""orchestration_wall_time_s"": 0.00018339999951422215, ""simulation_wall_time_s_shared"": 30.75624489999609, ""lifecycle_history_length"": 7}, {""group_id"": ""C1_non_conflicting-literature-L2-RB-seed9"", ""intent_id"": ""C1_non_conflicting-literature-L2-RB-seed9-B"", ""group_role"": ""B"", ""scenario"": ""C1_non_conflicting"", ""topology"": ""mesh"", ""hardware"": ""literature"", ""platform"": ""siv_2024"", ""planner_level"": ""L2-RB"", ""seed"": 9, ""source"": ""b0"", ""destination"": ""b3"", ""min_fidelity"": 0.5, ""reserved_memory_slots"": 3, ""min_delivered_pairs"": 5, ""duration_s"": 0.3, ""decision_feasible"": true, ""route"": ""b0 -> b1 -> b2 -> b3"", ""final_status"": ""SATISFIED"", ""satisfied"": true, ""delivered_pairs"": 33, ""average_fidelity"": 0.5851115588511328, ""failure_class"": ""none"", ""rejection_reason"": null, ""failed_reason"": null, ""planning_wall_time_s"": 0.000588800001423806, ""orchestration_wall_time_s"": 0.00011029999586753547, ""simulation_wall_time_s_shared"": 30.75624489999609, ""lifecycle_history_length"": 7}]",C1_non_conflicting|literature|L2-RB|9
C2_resource_contention-literature-L2-RB-seed3,C2_resource_contention,star,literature,L2-RB,3,2,2,0,1,0,1,7.9734992000157945,0.0012617000902537256,"[{""group_id"": ""C2_resource_contention-literature-L2-RB-seed3"", ""intent_id"": ""C2_resource_contention-literature-L2-RB-seed3-A"", ""group_role"": ""A"", ""scenario"": ""C2_resource_contention"", ""topology"": ""star"", ""hardware"": ""literature"", ""platform"": ""siv_2024"", ""planner_level"": ""L2-RB"", ""seed"": 3, ""source"": ""leaf1"", ""destination"": ""leaf2"", ""min_fidelity"": 0.6, ""reserved_memory_slots"": 3, ""min_delivered_pairs"": 5, ""duration_s"": 0.3, ""decision_feasible"": true, ""route"": ""leaf1 -> center -> leaf2"", ""final_status"": ""SATISFIED"", ""satisfied"": true, ""delivered_pairs"": 31, ""average_fidelity"": 0.7004694311771874, ""failure_class"": ""none"", ""rejection_reason"": null, ""failed_reason"": null, ""planning_wall_time_s"": 0.0005039000243414193, ""orchestration_wall_time_s"": 0.00022780001745559275, ""simulation_wall_time_s_shared"": 7.9734992000157945, ""lifecycle_history_length"": 7}, {""group_id"": ""C2_resource_contention-literature-L2-RB-seed3"", ""intent_id"": ""C2_resource_contention-literature-L2-RB-seed3-B"", ""group_role"": ""B"", ""scenario"": ""C2_resource_contention"", ""topology"": ""star"", ""hardware"": ""literature"", ""platform"": ""siv_2024"", ""planner_level"": ""L2-RB"", ""seed"": 3, ""source"": ""leaf3"", ""destination"": ""leaf4"", ""min_fidelity"": 0.6, ""reserved_memory_slots"": 3, ""min_delivered_pairs"": 5, ""duration_s"": 0.3, ""decision_feasible"": true, ""route"": ""leaf3 -> center -> leaf4"", ""final_status"": ""FAILED"", ""satisfied"": null, ""delivered_pairs"": null, ""average_fidelity"": null, ""failure_class"": ""C_resource_contention_reservation_rejected"", ""rejection_reason"": null, ""failed_reason"": ""reservation rejected by NetworkManager"", ""planning_wall_time_s"": 0.00036630002432502806, ""orchestration_wall_time_s"": 0.0001637000241316855, ""simulation_wall_time_s_shared"": 7.9734992000157945, ""lifecycle_history_length"": 6}]",C2_resource_contention|literature|L2-RB|3
C2_resource_contention-literature-L2-RB-seed2,C2_resource_contention,star,literature,L2-RB,2,2,2,0,1,0,1,8.542716800002381,0.0012719999940600246,"[{""group_id"": ""C2_resource_contention-literature-L2-RB-seed2"", ""intent_id"": ""C2_resource_contention-literature-L2-RB-seed2-A"", ""group_role"": ""A"", ""scenario"": ""C2_resource_contention"", ""topology"": ""star"", ""hardware"": ""literature"", ""platform"": ""siv_2024"", ""planner_level"": ""L2-RB"", ""seed"": 2, ""source"": ""leaf1"", ""destination"": ""leaf2"", ""min_fidelity"": 0.6, ""reserved_memory_slots"": 3, ""min_delivered_pairs"": 5, ""duration_s"": 0.3, ""decision_feasible"": true, ""route"": ""leaf1 -> center -> leaf2"", ""final_status"": ""SATISFIED"", ""satisfied"": true, ""delivered_pairs"": 29, ""average_fidelity"": 0.7020721777826362, ""failure_class"": ""none"", ""rejection_reason"": null, ""failed_reason"": null, ""planning_wall_time_s"": 0.0005226000212132931, ""orchestration_wall_time_s"": 0.00023059998056851327, ""simulation_wall_time_s_shared"": 8.542716800002381, ""lifecycle_history_length"": 7}, {""group_id"": ""C2_resource_contention-literature-L2-RB-seed2"", ""intent_id"": ""C2_resource_contention-literature-L2-RB-seed2-B"", ""group_role"": ""B"", ""scenario"": ""C2_resource_contention"", ""topology"": ""star"", ""hardware"": ""literature"", ""platform"": ""siv_2024"", ""planner_level"": ""L2-RB"", ""seed"": 2, ""source"": ""leaf3"", ""destination"": ""leaf4"", ""min_fidelity"": 0.6, ""reserved_memory_slots"": 3, ""min_delivered_pairs"": 5, ""duration_s"": 0.3, ""decision_feasible"": true, ""route"": ""leaf3 -> center -> leaf4"", ""final_status"": ""FAILED"", ""satisfied"": null, ""delivered_pairs"": null, ""average_fidelity"": null, ""failure_class"": ""C_resource_contention_reservation_rejected"", ""rejection_reason"": null, ""failed_reason"": ""reservation rejected by NetworkManager"", ""planning_wall_time_s"": 0.0003454999823588878, ""orchestration_wall_time_s"": 0.00017330000991933048, ""simulation_wall_time_s_shared"": 8.542716800002381, ""lifecycle_history_length"": 6}]",C2_resource_contention|literature|L2-RB|2
C2_resource_contention-literature-L2-RB-seed5,C2_resource_contention,star,literature,L2-RB,5,2,2,0,1,0,1,7.998394800000824,0.0012904000177513808,"[{""group_id"": ""C2_resource_contention-literature-L2-RB-seed5"", ""intent_id"": ""C2_resource_contention-literature-L2-RB-seed5-A"", ""group_role"": ""A"", ""scenario"": ""C2_resource_contention"", ""topology"": ""star"", ""hardware"": ""literature"", ""platform"": ""siv_2024"", ""planner_level"": ""L2-RB"", ""seed"": 5, ""source"": ""leaf1"", ""destination"": ""leaf2"", ""min_fidelity"": 0.6, ""reserved_memory_slots"": 3, ""min_delivered_pairs"": 5, ""duration_s"": 0.3, ""decision_feasible"": true, ""route"": ""leaf1 -> center -> leaf2"", ""final_status"": ""SATISFIED"", ""satisfied"": true, ""delivered_pairs"": 32, ""average_fidelity"": 0.7014719980389225, ""failure_class"": ""none"", ""rejection_reason"": null, ""failed_reason"": null, ""planning_wall_time_s"": 0.0004900000058114529, ""orchestration_wall_time_s"": 0.0002316000172868371, ""simulation_wall_time_s_shared"": 7.998394800000824, ""lifecycle_history_length"": 7}, {""group_id"": ""C2_resource_contention-literature-L2-RB-seed5"", ""intent_id"": ""C2_resource_contention-literature-L2-RB-seed5-B"", ""group_role"": ""B"", ""scenario"": ""C2_resource_contention"", ""topology"": ""star"", ""hardware"": ""literature"", ""platform"": ""siv_2024"", ""planner_level"": ""L2-RB"", ""seed"": 5, ""source"": ""leaf3"", ""destination"": ""leaf4"", ""min_fidelity"": 0.6, ""reserved_memory_slots"": 3, ""min_delivered_pairs"": 5, ""duration_s"": 0.3, ""decision_feasible"": true, ""route"": ""leaf3 -> center -> leaf4"", ""final_status"": ""FAILED"", ""satisfied"": null, ""delivered_pairs"": null, ""average_fidelity"": null, ""failure_class"": ""C_resource_contention_reservation_rejected"", ""rejection_reason"": null, ""failed_reason"": ""reservation rejected by NetworkManager"", ""planning_wall_time_s"": 0.00039339999784715474, ""orchestration_wall_time_s"": 0.0001753999968059361, ""simulation_wall_time_s_shared"": 7.998394800000824, ""lifecycle_history_length"": 6}]",C2_resource_contention|literature|L2-RB|5
C2_resource_contention-literature-L2-RB-seed4,C2_resource_contention,star,literature,L2-RB,4,2,2,0,1,0,1,8.389064800023334,0.0013349999790079892,"[{""group_id"": ""C2_resource_contention-literature-L2-RB-seed4"", ""intent_id"": ""C2_resource_contention-literature-L2-RB-seed4-A"", ""group_role"": ""A"", ""scenario"": ""C2_resource_contention"", ""topology"": ""star"", ""hardware"": ""literature"", ""platform"": ""siv_2024"", ""planner_level"": ""L2-RB"", ""seed"": 4, ""source"": ""leaf1"", ""destination"": ""leaf2"", ""min_fidelity"": 0.6, ""reserved_memory_slots"": 3, ""min_delivered_pairs"": 5, ""duration_s"": 0.3, ""decision_feasible"": true, ""route"": ""leaf1 -> center -> leaf2"", ""final_status"": ""SATISFIED"", ""satisfied"": true, ""delivered_pairs"": 37, ""average_fidelity"": 0.7019290026730965, ""failure_class"": ""none"", ""rejection_reason"": null, ""failed_reason"": null, ""planning_wall_time_s"": 0.0005042999982833862, ""orchestration_wall_time_s"": 0.00023609999334439635, ""simulation_wall_time_s_shared"": 8.389064800023334, ""lifecycle_history_length"": 7}, {""group_id"": ""C2_resource_contention-literature-L2-RB-seed4"", ""intent_id"": ""C2_resource_contention-literature-L2-RB-seed4-B"", ""group_role"": ""B"", ""scenario"": ""C2_resource_contention"", ""topology"": ""star"", ""hardware"": ""literature"", ""platform"": ""siv_2024"", ""planner_level"": ""L2-RB"", ""seed"": 4, ""source"": ""leaf3"", ""destination"": ""leaf4"", ""min_fidelity"": 0.6, ""reserved_memory_slots"": 3, ""min_delivered_pairs"": 5, ""duration_s"": 0.3, ""decision_feasible"": true, ""route"": ""leaf3 -> center -> leaf4"", ""final_status"": ""FAILED"", ""satisfied"": null, ""delivered_pairs"": null, ""average_fidelity"": null, ""failure_class"": ""C_resource_contention_reservation_rejected"", ""rejection_reason"": null, ""failed_reason"": ""reservation rejected by NetworkManager"", ""planning_wall_time_s"": 0.0004152999899815768, ""orchestration_wall_time_s"": 0.00017929999739862978, ""simulation_wall_time_s_shared"": 8.389064800023334, ""lifecycle_history_length"": 6}]",C2_resource_contention|literature|L2-RB|4
C2_resource_contention-literature-L2-RB-seed6,C2_resource_contention,star,literature,L2-RB,6,2,2,0,1,0,1,9.03688540001167,0.0016362000023946166,"[{""group_id"": ""C2_resource_contention-literature-L2-RB-seed6"", ""intent_id"": ""C2_resource_contention-literature-L2-RB-seed6-A"", ""group_role"": ""A"", ""scenario"": ""C2_resource_contention"", ""topology"": ""star"", ""hardware"": ""literature"", ""platform"": ""siv_2024"", ""planner_level"": ""L2-RB"", ""seed"": 6, ""source"": ""leaf1"", ""destination"": ""leaf2"", ""min_fidelity"": 0.6, ""reserved_memory_slots"": 3, ""min_delivered_pairs"": 5, ""duration_s"": 0.3, ""decision_feasible"": true, ""route"": ""leaf1 -> center -> leaf2"", ""final_status"": ""SATISFIED"", ""satisfied"": true, ""delivered_pairs"": 34, ""average_fidelity"": 0.7020697910596941, ""failure_class"": ""none"", ""rejection_reason"": null, ""failed_reason"": null, ""planning_wall_time_s"": 0.0006391000060830265, ""orchestration_wall_time_s"": 0.00030089999199844897, ""simulation_wall_time_s_shared"": 9.03688540001167, ""lifecycle_history_length"": 7}, {""group_id"": ""C2_resource_contention-literature-L2-RB-seed6"", ""intent_id"": ""C2_resource_contention-literature-L2-RB-seed6-B"", ""group_role"": ""B"", ""scenario"": ""C2_resource_contention"", ""topology"": ""star"", ""hardware"": ""literature"", ""platform"": ""siv_2024"", ""planner_level"": ""L2-RB"", ""seed"": 6, ""source"": ""leaf3"", ""destination"": ""leaf4"", ""min_fidelity"": 0.6, ""reserved_memory_slots"": 3, ""min_delivered_pairs"": 5, ""duration_s"": 0.3, ""decision_feasible"": true, ""route"": ""leaf3 -> center -> leaf4"", ""final_status"": ""FAILED"", ""satisfied"": null, ""delivered_pairs"": null, ""average_fidelity"": null, ""failure_class"": ""C_resource_contention_reservation_rejected"", ""rejection_reason"": null, ""failed_reason"": ""reservation rejected by NetworkManager"", ""planning_wall_time_s"": 0.0004778000002261251, ""orchestration_wall_time_s"": 0.00021840000408701599, ""simulation_wall_time_s_shared"": 9.03688540001167, ""lifecycle_history_length"": 6}]",C2_resource_contention|literature|L2-RB|6
C2_resource_contention-literature-L2-RB-seed7,C2_resource_contention,star,literature,L2-RB,7,2,2,0,1,0,1,8.528037099982612,0.0017109000182244927,"[{""group_id"": ""C2_resource_contention-literature-L2-RB-seed7"", ""intent_id"": ""C2_resource_contention-literature-L2-RB-seed7-A"", ""group_role"": ""A"", ""scenario"": ""C2_resource_contention"", ""topology"": ""star"", ""hardware"": ""literature"", ""platform"": ""siv_2024"", ""planner_level"": ""L2-RB"", ""seed"": 7, ""source"": ""leaf1"", ""destination"": ""leaf2"", ""min_fidelity"": 0.6, ""reserved_memory_slots"": 3, ""min_delivered_pairs"": 5, ""duration_s"": 0.3, ""decision_feasible"": true, ""route"": ""leaf1 -> center -> leaf2"", ""final_status"": ""SATISFIED"", ""satisfied"": true, ""delivered_pairs"": 32, ""average_fidelity"": 0.7017658160617825, ""failure_class"": ""none"", ""rejection_reason"": null, ""failed_reason"": null, ""planning_wall_time_s"": 0.0006569999968633056, ""orchestration_wall_time_s"": 0.000301499996567145, ""simulation_wall_time_s_shared"": 8.528037099982612, ""lifecycle_history_length"": 7}, {""group_id"": ""C2_resource_contention-literature-L2-RB-seed7"", ""intent_id"": ""C2_resource_contention-literature-L2-RB-seed7-B"", ""group_role"": ""B"", ""scenario"": ""C2_resource_contention"", ""topology"": ""star"", ""hardware"": ""literature"", ""platform"": ""siv_2024"", ""planner_level"": ""L2-RB"", ""seed"": 7, ""source"": ""leaf3"", ""destination"": ""leaf4"", ""min_fidelity"": 0.6, ""reserved_memory_slots"": 3, ""min_delivered_pairs"": 5, ""duration_s"": 0.3, ""decision_feasible"": true, ""route"": ""leaf3 -> center -> leaf4"", ""final_status"": ""FAILED"", ""satisfied"": null, ""delivered_pairs"": null, ""average_fidelity"": null, ""failure_class"": ""C_resource_contention_reservation_rejected"", ""rejection_reason"": null, ""failed_reason"": ""reservation rejected by NetworkManager"", ""planning_wall_time_s"": 0.000500400026794523, ""orchestration_wall_time_s"": 0.0002519999979995191, ""simulation_wall_time_s_shared"": 8.528037099982612, ""lifecycle_history_length"": 6}]",C2_resource_contention|literature|L2-RB|7
C2_resource_contention-literature-L2-RB-seed8,C2_resource_contention,star,literature,L2-RB,8,2,2,0,1,0,1,9.17424469999969,0.0015162000199779868,"[{""group_id"": ""C2_resource_contention-literature-L2-RB-seed8"", ""intent_id"": ""C2_resource_contention-literature-L2-RB-seed8-A"", ""group_role"": ""A"", ""scenario"": ""C2_resource_contention"", ""topology"": ""star"", ""hardware"": ""literature"", ""platform"": ""siv_2024"", ""planner_level"": ""L2-RB"", ""seed"": 8, ""source"": ""leaf1"", ""destination"": ""leaf2"", ""min_fidelity"": 0.6, ""reserved_memory_slots"": 3, ""min_delivered_pairs"": 5, ""duration_s"": 0.3, ""decision_feasible"": true, ""route"": ""leaf1 -> center -> leaf2"", ""final_status"": ""SATISFIED"", ""satisfied"": true, ""delivered_pairs"": 38, ""average_fidelity"": 0.7022772347947894, ""failure_class"": ""none"", ""rejection_reason"": null, ""failed_reason"": null, ""planning_wall_time_s"": 0.0005234999989625067, ""orchestration_wall_time_s"": 0.0002536999818403274, ""simulation_wall_time_s_shared"": 9.17424469999969, ""lifecycle_history_length"": 7}, {""group_id"": ""C2_resource_contention-literature-L2-RB-seed8"", ""intent_id"": ""C2_resource_contention-literature-L2-RB-seed8-B"", ""group_role"": ""B"", ""scenario"": ""C2_resource_contention"", ""topology"": ""star"", ""hardware"": ""literature"", ""platform"": ""siv_2024"", ""planner_level"": ""L2-RB"", ""seed"": 8, ""source"": ""leaf3"", ""destination"": ""leaf4"", ""min_fidelity"": 0.6, ""reserved_memory_slots"": 3, ""min_delivered_pairs"": 5, ""duration_s"": 0.3, ""decision_feasible"": true, ""route"": ""leaf3 -> center -> leaf4"", ""final_status"": ""FAILED"", ""satisfied"": null, ""delivered_pairs"": null, ""average_fidelity"": null, ""failure_class"": ""C_resource_contention_reservation_rejected"", ""rejection_reason"": null, ""failed_reason"": ""reservation rejected by NetworkManager"", ""planning_wall_time_s"": 0.000522000016644597, ""orchestration_wall_time_s"": 0.00021700002253055573, ""simulation_wall_time_s_shared"": 9.17424469999969, ""lifecycle_history_length"": 6}]",C2_resource_contention|literature|L2-RB|8
C2_resource_contention-literature-L2-RB-seed9,C2_resource_contention,star,literature,L2-RB,9,2,2,0,1,0,1,9.234520600002725,0.0013155000051483512,"[{""group_id"": ""C2_resource_contention-literature-L2-RB-seed9"", ""intent_id"": ""C2_resource_contention-literature-L2-RB-seed9-A"", ""group_role"": ""A"", ""scenario"": ""C2_resource_contention"", ""topology"": ""star"", ""hardware"": ""literature"", ""platform"": ""siv_2024"", ""planner_level"": ""L2-RB"", ""seed"": 9, ""source"": ""leaf1"", ""destination"": ""leaf2"", ""min_fidelity"": 0.6, ""reserved_memory_slots"": 3, ""min_delivered_pairs"": 5, ""duration_s"": 0.3, ""decision_feasible"": true, ""route"": ""leaf1 -> center -> leaf2"", ""final_status"": ""SATISFIED"", ""satisfied"": true, ""delivered_pairs"": 33, ""average_fidelity"": 0.7037932425875173, ""failure_class"": ""none"", ""rejection_reason"": null, ""failed_reason"": null, ""planning_wall_time_s"": 0.0005281000048853457, ""orchestration_wall_time_s"": 0.00024580000899732113, ""simulation_wall_time_s_shared"": 9.234520600002725, ""lifecycle_history_length"": 7}, {""group_id"": ""C2_resource_contention-literature-L2-RB-seed9"", ""intent_id"": ""C2_resource_contention-literature-L2-RB-seed9-B"", ""group_role"": ""B"", ""scenario"": ""C2_resource_contention"", ""topology"": ""star"", ""hardware"": ""literature"", ""platform"": ""siv_2024"", ""planner_level"": ""L2-RB"", ""seed"": 9, ""source"": ""leaf3"", ""destination"": ""leaf4"", ""min_fidelity"": 0.6, ""reserved_memory_slots"": 3, ""min_delivered_pairs"": 5, ""duration_s"": 0.3, ""decision_feasible"": true, ""route"": ""leaf3 -> center -> leaf4"", ""final_status"": ""FAILED"", ""satisfied"": null, ""delivered_pairs"": null, ""average_fidelity"": null, ""failure_class"": ""C_resource_contention_reservation_rejected"", ""rejection_reason"": null, ""failed_reason"": ""reservation rejected by NetworkManager"", ""planning_wall_time_s"": 0.00034550001146271825, ""orchestration_wall_time_s"": 0.00019609997980296612, ""simulation_wall_time_s_shared"": 9.234520600002725, ""lifecycle_history_length"": 6}]",C2_resource_contention|literature|L2-RB|9
C3_sequential_admission-literature-L1-seed0,C3_sequential_admission,star,literature,L1,0,2,2,0,2,0,0,18.59669770000619,0.0019512000144459307,"[{""group_id"": ""C3_sequential_admission-literature-L1-seed0"", ""intent_id"": ""C3_sequential_admission-literature-L1-seed0-A"", ""group_role"": ""A"", ""scenario"": ""C3_sequential_admission"", ""topology"": ""star"", ""hardware"": ""literature"", ""platform"": ""siv_2024"", ""planner_level"": ""L1"", ""seed"": 0, ""source"": ""leaf1"", ""destination"": ""leaf2"", ""min_fidelity"": 0.6, ""reserved_memory_slots"": 3, ""min_delivered_pairs"": 5, ""duration_s"": 0.3, ""decision_feasible"": true, ""route"": ""leaf1 -> center -> leaf2"", ""final_status"": ""SATISFIED"", ""satisfied"": true, ""delivered_pairs"": 30, ""average_fidelity"": 0.7010970222917353, ""failure_class"": ""none"", ""rejection_reason"": null, ""failed_reason"": null, ""planning_wall_time_s"": 0.0006503000040538609, ""orchestration_wall_time_s"": 0.0002906000008806586, ""simulation_wall_time_s_shared"": 10.000932900002226, ""lifecycle_history_length"": 7}, {""group_id"": ""C3_sequential_admission-literature-L1-seed0"", ""intent_id"": ""C3_sequential_admission-literature-L1-seed0-B"", ""group_role"": ""B"", ""scenario"": ""C3_sequential_admission"", ""topology"": ""star"", ""hardware"": ""literature"", ""platform"": ""siv_2024"", ""planner_level"": ""L1"", ""seed"": 0, ""source"": ""leaf3"", ""destination"": ""leaf4"", ""min_fidelity"": 0.6, ""reserved_memory_slots"": 3, ""min_delivered_pairs"": 5, ""duration_s"": 0.3, ""decision_feasible"": true, ""route"": ""leaf3 -> center -> leaf4"", ""final_status"": ""SATISFIED"", ""satisfied"": true, ""delivered_pairs"": 31, ""average_fidelity"": 0.7005213726281022, ""failure_class"": ""none"", ""rejection_reason"": null, ""failed_reason"": null, ""planning_wall_time_s"": 0.0007072000007610768, ""orchestration_wall_time_s"": 0.0003031000087503344, ""simulation_wall_time_s_shared"": 8.595764800003963, ""lifecycle_history_length"": 7}]",C3_sequential_admission|literature|L1|0
C3_sequential_admission-literature-L1-seed1,C3_sequential_admission,star,literature,L1,1,2,2,0,2,0,0,18.42998610000359,0.007839700003387406,"[{""group_id"": ""C3_sequential_admission-literature-L1-seed1"", ""intent_id"": ""C3_sequential_admission-literature-L1-seed1-A"", ""group_role"": ""A"", ""scenario"": ""C3_sequential_admission"", ""topology"": ""star"", ""hardware"": ""literature"", ""platform"": ""siv_2024"", ""planner_level"": ""L1"", ""seed"": 1, ""source"": ""leaf1"", ""destination"": ""leaf2"", ""min_fidelity"": 0.6, ""reserved_memory_slots"": 3, ""min_delivered_pairs"": 5, ""duration_s"": 0.3, ""decision_feasible"": true, ""route"": ""leaf1 -> center -> leaf2"", ""final_status"": ""SATISFIED"", ""satisfied"": true, ""delivered_pairs"": 28, ""average_fidelity"": 0.6986615181373956, ""failure_class"": ""none"", ""rejection_reason"": null, ""failed_reason"": null, ""planning_wall_time_s"": 0.0006633999873884022, ""orchestration_wall_time_s"": 0.0002764000091701746, ""simulation_wall_time_s_shared"": 8.317633400001796, ""lifecycle_history_length"": 7}, {""group_id"": ""C3_sequential_admission-literature-L1-seed1"", ""intent_id"": ""C3_sequential_admission-literature-L1-seed1-B"", ""group_role"": ""B"", ""scenario"": ""C3_sequential_admission"", ""topology"": ""star"", ""hardware"": ""literature"", ""platform"": ""siv_2024"", ""planner_level"": ""L1"", ""seed"": 1, ""source"": ""leaf3"", ""destination"": ""leaf4"", ""min_fidelity"": 0.6, ""reserved_memory_slots"": 3, ""min_delivered_pairs"": 5, ""duration_s"": 0.3, ""decision_feasible"": true, ""route"": ""leaf3 -> center -> leaf4"", ""final_status"": ""SATISFIED"", ""satisfied"": true, ""delivered_pairs"": 40, ""average_fidelity"": 0.7038863710053644, ""failure_class"": ""none"", ""rejection_reason"": null, ""failed_reason"": null, ""planning_wall_time_s"": 0.006631299998844042, ""orchestration_wall_time_s"": 0.0002686000079847872, ""simulation_wall_time_s_shared"": 10.112352700001793, ""lifecycle_history_length"": 7}]",C3_sequential_admission|literature|L1|1
C3_sequential_admission-literature-L1-seed3,C3_sequential_admission,star,literature,L1,3,2,2,0,2,0,0,17.99078299998655,0.0019421999750193208,"[{""group_id"": ""C3_sequential_admission-literature-L1-seed3"", ""intent_id"": ""C3_sequential_admission-literature-L1-seed3-A"", ""group_role"": ""A"", ""scenario"": ""C3_sequential_admission"", ""topology"": ""star"", ""hardware"": ""literature"", ""platform"": ""siv_2024"", ""planner_level"": ""L1"", ""seed"": 3, ""source"": ""leaf1"", ""destination"": ""leaf2"", ""min_fidelity"": 0.6, ""reserved_memory_slots"": 3, ""min_delivered_pairs"": 5, ""duration_s"": 0.3, ""decision_feasible"": true, ""route"": ""leaf1 -> center -> leaf2"", ""final_status"": ""SATISFIED"", ""satisfied"": true, ""delivered_pairs"": 31, ""average_fidelity"": 0.7004694311771874, ""failure_class"": ""none"", ""rejection_reason"": null, ""failed_reason"": null, ""planning_wall_time_s"": 0.0006563999922946095, ""orchestration_wall_time_s"": 0.00026429997524246573, ""simulation_wall_time_s_shared"": 9.405118800001219, ""lifecycle_history_length"": 7}, {""group_id"": ""C3_sequential_admission-literature-L1-seed3"", ""intent_id"": ""C3_sequential_admission-literature-L1-seed3-B"", ""group_role"": ""B"", ""scenario"": ""C3_sequential_admission"", ""topology"": ""star"", ""hardware"": ""literature"", ""platform"": ""siv_2024"", ""planner_level"": ""L1"", ""seed"": 3, ""source"": ""leaf3"", ""destination"": ""leaf4"", ""min_fidelity"": 0.6, ""reserved_memory_slots"": 3, ""min_delivered_pairs"": 5, ""duration_s"": 0.3, ""decision_feasible"": true, ""route"": ""leaf3 -> center -> leaf4"", ""final_status"": ""SATISFIED"", ""satisfied"": true, ""delivered_pairs"": 34, ""average_fidelity"": 0.7020359327386833, ""failure_class"": ""none"", ""rejection_reason"": null, ""failed_reason"": null, ""planning_wall_time_s"": 0.0007917000039014965, ""orchestration_wall_time_s"": 0.00022980000358074903, ""simulation_wall_time_s_shared"": 8.585664199985331, ""lifecycle_history_length"": 7}]",C3_sequential_admission|literature|L1|3
C3_sequential_admission-literature-L1-seed2,C3_sequential_admission,star,literature,L1,2,2,2,0,2,0,0,19.175541400007205,0.0021373999770730734,"[{""group_id"": ""C3_sequential_admission-literature-L1-seed2"", ""intent_id"": ""C3_sequential_admission-literature-L1-seed2-A"", ""group_role"": ""A"", ""scenario"": ""C3_sequential_admission"", ""topology"": ""star"", ""hardware"": ""literature"", ""platform"": ""siv_2024"", ""planner_level"": ""L1"", ""seed"": 2, ""source"": ""leaf1"", ""destination"": ""leaf2"", ""min_fidelity"": 0.6, ""reserved_memory_slots"": 3, ""min_delivered_pairs"": 5, ""duration_s"": 0.3, ""decision_feasible"": true, ""route"": ""leaf1 -> center -> leaf2"", ""final_status"": ""SATISFIED"", ""satisfied"": true, ""delivered_pairs"": 29, ""average_fidelity"": 0.7020721777826362, ""failure_class"": ""none"", ""rejection_reason"": null, ""failed_reason"": null, ""planning_wall_time_s"": 0.001055299973813817, ""orchestration_wall_time_s"": 0.00042180001037195325, ""simulation_wall_time_s_shared"": 9.545944200013764, ""lifecycle_history_length"": 7}, {""group_id"": ""C3_sequential_admission-literature-L1-seed2"", ""intent_id"": ""C3_sequential_admission-literature-L1-seed2-B"", ""group_role"": ""B"", ""scenario"": ""C3_sequential_admission"", ""topology"": ""star"", ""hardware"": ""literature"", ""platform"": ""siv_2024"", ""planner_level"": ""L1"", ""seed"": 2, ""source"": ""leaf3"", ""destination"": ""leaf4"", ""min_fidelity"": 0.6, ""reserved_memory_slots"": 3, ""min_delivered_pairs"": 5, ""duration_s"": 0.3, ""decision_feasible"": true, ""route"": ""leaf3 -> center -> leaf4"", ""final_status"": ""SATISFIED"", ""satisfied"": true, ""delivered_pairs"": 40, ""average_fidelity"": 0.7048918250442101, ""failure_class"": ""none"", ""rejection_reason"": null, ""failed_reason"": null, ""planning_wall_time_s"": 0.00044249999336898327, ""orchestration_wall_time_s"": 0.00021779999951831996, ""simulation_wall_time_s_shared"": 9.62959719999344, ""lifecycle_history_length"": 7}]",C3_sequential_admission|literature|L1|2
C3_sequential_admission-literature-L1-seed4,C3_sequential_admission,star,literature,L1,4,2,2,0,2,0,0,17.691254799981834,0.001828900072723627,"[{""group_id"": ""C3_sequential_admission-literature-L1-seed4"", ""intent_id"": ""C3_sequential_admission-literature-L1-seed4-A"", ""group_role"": ""A"", ""scenario"": ""C3_sequential_admission"", ""topology"": ""star"", ""hardware"": ""literature"", ""platform"": ""siv_2024"", ""planner_level"": ""L1"", ""seed"": 4, ""source"": ""leaf1"", ""destination"": ""leaf2"", ""min_fidelity"": 0.6, ""reserved_memory_slots"": 3, ""min_delivered_pairs"": 5, ""duration_s"": 0.3, ""decision_feasible"": true, ""route"": ""leaf1 -> center -> leaf2"", ""final_status"": ""SATISFIED"", ""satisfied"": true, ""delivered_pairs"": 37, ""average_fidelity"": 0.7019290026730965, ""failure_class"": ""none"", ""rejection_reason"": null, ""failed_reason"": null, ""planning_wall_time_s"": 0.0008214000263251364, ""orchestration_wall_time_s"": 0.0003491000097710639, ""simulation_wall_time_s_shared"": 9.584162099985406, ""lifecycle_history_length"": 7}, {""group_id"": ""C3_sequential_admission-literature-L1-seed4"", ""intent_id"": ""C3_sequential_admission-literature-L1-seed4-B"", ""group_role"": ""B"", ""scenario"": ""C3_sequential_admission"", ""topology"": ""star"", ""hardware"": ""literature"", ""platform"": ""siv_2024"", ""planner_level"": ""L1"", ""seed"": 4, ""source"": ""leaf3"", ""destination"": ""leaf4"", ""min_fidelity"": 0.6, ""reserved_memory_slots"": 3, ""min_delivered_pairs"": 5, ""duration_s"": 0.3, ""decision_feasible"": true, ""route"": ""leaf3 -> center -> leaf4"", ""final_status"": ""SATISFIED"", ""satisfied"": true, ""delivered_pairs"": 31, ""average_fidelity"": 0.7006944816296914, ""failure_class"": ""none"", ""rejection_reason"": null, ""failed_reason"": null, ""planning_wall_time_s"": 0.00044960001832805574, ""orchestration_wall_time_s"": 0.000208800018299371, ""simulation_wall_time_s_shared"": 8.107092699996429, ""lifecycle_history_length"": 7}]",C3_sequential_admission|literature|L1|4
C3_sequential_admission-literature-L1-seed5,C3_sequential_admission,star,literature,L1,5,2,2,0,2,0,0,18.281241300021065,0.0018075999978464097,"[{""group_id"": ""C3_sequential_admission-literature-L1-seed5"", ""intent_id"": ""C3_sequential_admission-literature-L1-seed5-A"", ""group_role"": ""A"", ""scenario"": ""C3_sequential_admission"", ""topology"": ""star"", ""hardware"": ""literature"", ""platform"": ""siv_2024"", ""planner_level"": ""L1"", ""seed"": 5, ""source"": ""leaf1"", ""destination"": ""leaf2"", ""min_fidelity"": 0.6, ""reserved_memory_slots"": 3, ""min_delivered_pairs"": 5, ""duration_s"": 0.3, ""decision_feasible"": true, ""route"": ""leaf1 -> center -> leaf2"", ""final_status"": ""SATISFIED"", ""satisfied"": true, ""delivered_pairs"": 32, ""average_fidelity"": 0.7014719980389225, ""failure_class"": ""none"", ""rejection_reason"": null, ""failed_reason"": null, ""planning_wall_time_s"": 0.0006675999902654439, ""orchestration_wall_time_s"": 0.00027039999258704484, ""simulation_wall_time_s_shared"": 9.098380600014934, ""lifecycle_history_length"": 7}, {""group_id"": ""C3_sequential_admission-literature-L1-seed5"", ""intent_id"": ""C3_sequential_admission-literature-L1-seed5-B"", ""group_role"": ""B"", ""scenario"": ""C3_sequential_admission"", ""topology"": ""star"", ""hardware"": ""literature"", ""platform"": ""siv_2024"", ""planner_level"": ""L1"", ""seed"": 5, ""source"": ""leaf3"", ""destination"": ""leaf4"", ""min_fidelity"": 0.6, ""reserved_memory_slots"": 3, ""min_delivered_pairs"": 5, ""duration_s"": 0.3, ""decision_feasible"": true, ""route"": ""leaf3 -> center -> leaf4"", ""final_status"": ""SATISFIED"", ""satisfied"": true, ""delivered_pairs"": 31, ""average_fidelity"": 0.7019392232070554, ""failure_class"": ""none"", ""rejection_reason"": null, ""failed_reason"": null, ""planning_wall_time_s"": 0.0005812000017613173, ""orchestration_wall_time_s"": 0.00028840001323260367, ""simulation_wall_time_s_shared"": 9.182860700006131, ""lifecycle_history_length"": 7}]",C3_sequential_admission|literature|L1|5
C3_sequential_admission-literature-L1-seed7,C3_sequential_admission,star,literature,L1,7,2,2,0,2,0,0,18.5434016000072,0.0021766000136267394,"[{""group_id"": ""C3_sequential_admission-literature-L1-seed7"", ""intent_id"": ""C3_sequential_admission-literature-L1-seed7-A"", ""group_role"": ""A"", ""scenario"": ""C3_sequential_admission"", ""topology"": ""star"", ""hardware"": ""literature"", ""platform"": ""siv_2024"", ""planner_level"": ""L1"", ""seed"": 7, ""source"": ""leaf1"", ""destination"": ""leaf2"", ""min_fidelity"": 0.6, ""reserved_memory_slots"": 3, ""min_delivered_pairs"": 5, ""duration_s"": 0.3, ""decision_feasible"": true, ""route"": ""leaf1 -> center -> leaf2"", ""final_status"": ""SATISFIED"", ""satisfied"": true, ""delivered_pairs"": 32, ""average_fidelity"": 0.7017658160617825, ""failure_class"": ""none"", ""rejection_reason"": null, ""failed_reason"": null, ""planning_wall_time_s"": 0.000460899987956509, ""orchestration_wall_time_s"": 0.0001998000079765916, ""simulation_wall_time_s_shared"": 9.3053990000044, ""lifecycle_history_length"": 7}, {""group_id"": ""C3_sequential_admission-literature-L1-seed7"", ""intent_id"": ""C3_sequential_admission-literature-L1-seed7-B"", ""group_role"": ""B"", ""scenario"": ""C3_sequential_admission"", ""topology"": ""star"", ""hardware"": ""literature"", ""platform"": ""siv_2024"", ""planner_level"": ""L1"", ""seed"": 7, ""source"": ""leaf3"", ""destination"": ""leaf4"", ""min_fidelity"": 0.6, ""reserved_memory_slots"": 3, ""min_delivered_pairs"": 5, ""duration_s"": 0.3, ""decision_feasible"": true, ""route"": ""leaf3 -> center -> leaf4"", ""final_status"": ""SATISFIED"", ""satisfied"": true, ""delivered_pairs"": 39, ""average_fidelity"": 0.7027940495653484, ""failure_class"": ""none"", ""rejection_reason"": null, ""failed_reason"": null, ""planning_wall_time_s"": 0.001268000021809712, ""orchestration_wall_time_s"": 0.00024789999588392675, ""simulation_wall_time_s_shared"": 9.238002600002801, ""lifecycle_history_length"": 7}]",C3_sequential_admission|literature|L1|7
C3_sequential_admission-literature-L1-seed6,C3_sequential_admission,star,literature,L1,6,2,2,0,2,0,0,18.788825299969176,0.0014158000121824443,"[{""group_id"": ""C3_sequential_admission-literature-L1-seed6"", ""intent_id"": ""C3_sequential_admission-literature-L1-seed6-A"", ""group_role"": ""A"", ""scenario"": ""C3_sequential_admission"", ""topology"": ""star"", ""hardware"": ""literature"", ""platform"": ""siv_2024"", ""planner_level"": ""L1"", ""seed"": 6, ""source"": ""leaf1"", ""destination"": ""leaf2"", ""min_fidelity"": 0.6, ""reserved_memory_slots"": 3, ""min_delivered_pairs"": 5, ""duration_s"": 0.3, ""decision_feasible"": true, ""route"": ""leaf1 -> center -> leaf2"", ""final_status"": ""SATISFIED"", ""satisfied"": true, ""delivered_pairs"": 34, ""average_fidelity"": 0.7020697910596941, ""failure_class"": ""none"", ""rejection_reason"": null, ""failed_reason"": null, ""planning_wall_time_s"": 0.0004859000036958605, ""orchestration_wall_time_s"": 0.0002473000204190612, ""simulation_wall_time_s_shared"": 9.39571199999773, ""lifecycle_history_length"": 7}, {""group_id"": ""C3_sequential_admission-literature-L1-seed6"", ""intent_id"": ""C3_sequential_admission-literature-L1-seed6-B"", ""group_role"": ""B"", ""scenario"": ""C3_sequential_admission"", ""topology"": ""star"", ""hardware"": ""literature"", ""platform"": ""siv_2024"", ""planner_level"": ""L1"", ""seed"": 6, ""source"": ""leaf3"", ""destination"": ""leaf4"", ""min_fidelity"": 0.6, ""reserved_memory_slots"": 3, ""min_delivered_pairs"": 5, ""duration_s"": 0.3, ""decision_feasible"": true, ""route"": ""leaf3 -> center -> leaf4"", ""final_status"": ""SATISFIED"", ""satisfied"": true, ""delivered_pairs"": 32, ""average_fidelity"": 0.7013534612655081, ""failure_class"": ""none"", ""rejection_reason"": null, ""failed_reason"": null, ""planning_wall_time_s"": 0.00045900000259280205, ""orchestration_wall_time_s"": 0.0002235999854747206, ""simulation_wall_time_s_shared"": 9.393113299971446, ""lifecycle_history_length"": 7}]",C3_sequential_admission|literature|L1|6
C3_sequential_admission-literature-L1-seed8,C3_sequential_admission,star,literature,L1,8,2,2,0,2,0,0,19.680959699995583,0.0018592999840620905,"[{""group_id"": ""C3_sequential_admission-literature-L1-seed8"", ""intent_id"": ""C3_sequential_admission-literature-L1-seed8-A"", ""group_role"": ""A"", ""scenario"": ""C3_sequential_admission"", ""topology"": ""star"", ""hardware"": ""literature"", ""platform"": ""siv_2024"", ""planner_level"": ""L1"", ""seed"": 8, ""source"": ""leaf1"", ""destination"": ""leaf2"", ""min_fidelity"": 0.6, ""reserved_memory_slots"": 3, ""min_delivered_pairs"": 5, ""duration_s"": 0.3, ""decision_feasible"": true, ""route"": ""leaf1 -> center -> leaf2"", ""final_status"": ""SATISFIED"", ""satisfied"": true, ""delivered_pairs"": 38, ""average_fidelity"": 0.7022772347947894, ""failure_class"": ""none"", ""rejection_reason"": null, ""failed_reason"": null, ""planning_wall_time_s"": 0.0005955999949947, ""orchestration_wall_time_s"": 0.0002909999748226255, ""simulation_wall_time_s_shared"": 10.098450000019511, ""lifecycle_history_length"": 7}, {""group_id"": ""C3_sequential_admission-literature-L1-seed8"", ""intent_id"": ""C3_sequential_admission-literature-L1-seed8-B"", ""group_role"": ""B"", ""scenario"": ""C3_sequential_admission"", ""topology"": ""star"", ""hardware"": ""literature"", ""platform"": ""siv_2024"", ""planner_level"": ""L1"", ""seed"": 8, ""source"": ""leaf3"", ""destination"": ""leaf4"", ""min_fidelity"": 0.6, ""reserved_memory_slots"": 3, ""min_delivered_pairs"": 5, ""duration_s"": 0.3, ""decision_feasible"": true, ""route"": ""leaf3 -> center -> leaf4"", ""final_status"": ""SATISFIED"", ""satisfied"": true, ""delivered_pairs"": 35, ""average_fidelity"": 0.7023180115962886, ""failure_class"": ""none"", ""rejection_reason"": null, ""failed_reason"": null, ""planning_wall_time_s"": 0.0006926000060047954, ""orchestration_wall_time_s"": 0.0002801000082399696, ""simulation_wall_time_s_shared"": 9.582509699976072, ""lifecycle_history_length"": 7}]",C3_sequential_admission|literature|L1|8
C3_sequential_admission-literature-L1-seed9,C3_sequential_admission,star,literature,L1,9,2,2,0,2,0,0,19.580242500000168,0.0024229000555351377,"[{""group_id"": ""C3_sequential_admission-literature-L1-seed9"", ""intent_id"": ""C3_sequential_admission-literature-L1-seed9-A"", ""group_role"": ""A"", ""scenario"": ""C3_sequential_admission"", ""topology"": ""star"", ""hardware"": ""literature"", ""platform"": ""siv_2024"", ""planner_level"": ""L1"", ""seed"": 9, ""source"": ""leaf1"", ""destination"": ""leaf2"", ""min_fidelity"": 0.6, ""reserved_memory_slots"": 3, ""min_delivered_pairs"": 5, ""duration_s"": 0.3, ""decision_feasible"": true, ""route"": ""leaf1 -> center -> leaf2"", ""final_status"": ""SATISFIED"", ""satisfied"": true, ""delivered_pairs"": 33, ""average_fidelity"": 0.7037932425875173, ""failure_class"": ""none"", ""rejection_reason"": null, ""failed_reason"": null, ""planning_wall_time_s"": 0.001020000025164336, ""orchestration_wall_time_s"": 0.00037460000021383166, ""simulation_wall_time_s_shared"": 10.239097000012407, ""lifecycle_history_length"": 7}, {""group_id"": ""C3_sequential_admission-literature-L1-seed9"", ""intent_id"": ""C3_sequential_admission-literature-L1-seed9-B"", ""group_role"": ""B"", ""scenario"": ""C3_sequential_admission"", ""topology"": ""star"", ""hardware"": ""literature"", ""platform"": ""siv_2024"", ""planner_level"": ""L1"", ""seed"": 9, ""source"": ""leaf3"", ""destination"": ""leaf4"", ""min_fidelity"": 0.6, ""reserved_memory_slots"": 3, ""min_delivered_pairs"": 5, ""duration_s"": 0.3, ""decision_feasible"": true, ""route"": ""leaf3 -> center -> leaf4"", ""final_status"": ""SATISFIED"", ""satisfied"": true, ""delivered_pairs"": 31, ""average_fidelity"": 0.7014237400993766, ""failure_class"": ""none"", ""rejection_reason"": null, ""failed_reason"": null, ""planning_wall_time_s"": 0.000724700017599389, ""orchestration_wall_time_s"": 0.00030360001255758107, ""simulation_wall_time_s_shared"": 9.34114549998776, ""lifecycle_history_length"": 7}]",C3_sequential_admission|literature|L1|9
C3_sequential_admission-literature-L2-RB-seed0,C3_sequential_admission,star,literature,L2-RB,0,2,2,0,2,0,0,17.89524519999395,0.0013362999889068305,"[{""group_id"": ""C3_sequential_admission-literature-L2-RB-seed0"", ""intent_id"": ""C3_sequential_admission-literature-L2-RB-seed0-A"", ""group_role"": ""A"", ""scenario"": ""C3_sequential_admission"", ""topology"": ""star"", ""hardware"": ""literature"", ""platform"": ""siv_2024"", ""planner_level"": ""L2-RB"", ""seed"": 0, ""source"": ""leaf1"", ""destination"": ""leaf2"", ""min_fidelity"": 0.6, ""reserved_memory_slots"": 3, ""min_delivered_pairs"": 5, ""duration_s"": 0.3, ""decision_feasible"": true, ""route"": ""leaf1 -> center -> leaf2"", ""final_status"": ""SATISFIED"", ""satisfied"": true, ""delivered_pairs"": 30, ""average_fidelity"": 0.7010970222917353, ""failure_class"": ""none"", ""rejection_reason"": null, ""failed_reason"": null, ""planning_wall_time_s"": 0.0004241999995429069, ""orchestration_wall_time_s"": 0.00022529999841935933, ""simulation_wall_time_s_shared"": 9.480185199994594, ""lifecycle_history_length"": 7}, {""group_id"": ""C3_sequential_admission-literature-L2-RB-seed0"", ""intent_id"": ""C3_sequential_admission-literature-L2-RB-seed0-B"", ""group_role"": ""B"", ""scenario"": ""C3_sequential_admission"", ""topology"": ""star"", ""hardware"": ""literature"", ""platform"": ""siv_2024"", ""planner_level"": ""L2-RB"", ""seed"": 0, ""source"": ""leaf3"", ""destination"": ""leaf4"", ""min_fidelity"": 0.6, ""reserved_memory_slots"": 3, ""min_delivered_pairs"": 5, ""duration_s"": 0.3, ""decision_feasible"": true, ""route"": ""leaf3 -> center -> leaf4"", ""final_status"": ""SATISFIED"", ""satisfied"": true, ""delivered_pairs"": 31, ""average_fidelity"": 0.7005213726281022, ""failure_class"": ""none"", ""rejection_reason"": null, ""failed_reason"": null, ""planning_wall_time_s"": 0.0004805999924428761, ""orchestration_wall_time_s"": 0.00020619999850168824, ""simulation_wall_time_s_shared"": 8.415059999999357, ""lifecycle_history_length"": 7}]",C3_sequential_admission|literature|L2-RB|0
C3_sequential_admission-literature-L2-RB-seed1,C3_sequential_admission,star,literature,L2-RB,1,2,2,0,2,0,0,18.05981370000518,0.0014420999796129763,"[{""group_id"": ""C3_sequential_admission-literature-L2-RB-seed1"", ""intent_id"": ""C3_sequential_admission-literature-L2-RB-seed1-A"", ""group_role"": ""A"", ""scenario"": ""C3_sequential_admission"", ""topology"": ""star"", ""hardware"": ""literature"", ""platform"": ""siv_2024"", ""planner_level"": ""L2-RB"", ""seed"": 1, ""source"": ""leaf1"", ""destination"": ""leaf2"", ""min_fidelity"": 0.6, ""reserved_memory_slots"": 3, ""min_delivered_pairs"": 5, ""duration_s"": 0.3, ""decision_feasible"": true, ""route"": ""leaf1 -> center -> leaf2"", ""final_status"": ""SATISFIED"", ""satisfied"": true, ""delivered_pairs"": 28, ""average_fidelity"": 0.6986615181373956, ""failure_class"": ""none"", ""rejection_reason"": null, ""failed_reason"": null, ""planning_wall_time_s"": 0.0004845999937970191, ""orchestration_wall_time_s"": 0.00023979999241419137, ""simulation_wall_time_s_shared"": 8.647884700010763, ""lifecycle_history_length"": 7}, {""group_id"": ""C3_sequential_admission-literature-L2-RB-seed1"", ""intent_id"": ""C3_sequential_admission-literature-L2-RB-seed1-B"", ""group_role"": ""B"", ""scenario"": ""C3_sequential_admission"", ""topology"": ""star"", ""hardware"": ""literature"", ""platform"": ""siv_2024"", ""planner_level"": ""L2-RB"", ""seed"": 1, ""source"": ""leaf3"", ""destination"": ""leaf4"", ""min_fidelity"": 0.6, ""reserved_memory_slots"": 3, ""min_delivered_pairs"": 5, ""duration_s"": 0.3, ""decision_feasible"": true, ""route"": ""leaf3 -> center -> leaf4"", ""final_status"": ""SATISFIED"", ""satisfied"": true, ""delivered_pairs"": 40, ""average_fidelity"": 0.7038863710053644, ""failure_class"": ""none"", ""rejection_reason"": null, ""failed_reason"": null, ""planning_wall_time_s"": 0.0005071999912615865, ""orchestration_wall_time_s"": 0.00021050000214017928, ""simulation_wall_time_s_shared"": 9.411928999994416, ""lifecycle_history_length"": 7}]",C3_sequential_admission|literature|L2-RB|1
C3_sequential_admission-literature-L2-RB-seed3,C3_sequential_admission,star,literature,L2-RB,3,2,2,0,2,0,0,17.968995000002906,0.001816300005884841,"[{""group_id"": ""C3_sequential_admission-literature-L2-RB-seed3"", ""intent_id"": ""C3_sequential_admission-literature-L2-RB-seed3-A"", ""group_role"": ""A"", ""scenario"": ""C3_sequential_admission"", ""topology"": ""star"", ""hardware"": ""literature"", ""platform"": ""siv_2024"", ""planner_level"": ""L2-RB"", ""seed"": 3, ""source"": ""leaf1"", ""destination"": ""leaf2"", ""min_fidelity"": 0.6, ""reserved_memory_slots"": 3, ""min_delivered_pairs"": 5, ""duration_s"": 0.3, ""decision_feasible"": true, ""route"": ""leaf1 -> center -> leaf2"", ""final_status"": ""SATISFIED"", ""satisfied"": true, ""delivered_pairs"": 31, ""average_fidelity"": 0.7004694311771874, ""failure_class"": ""none"", ""rejection_reason"": null, ""failed_reason"": null, ""planning_wall_time_s"": 0.0006476000125985593, ""orchestration_wall_time_s"": 0.0002647999790497124, ""simulation_wall_time_s_shared"": 8.835268800001359, ""lifecycle_history_length"": 7}, {""group_id"": ""C3_sequential_admission-literature-L2-RB-seed3"", ""intent_id"": ""C3_sequential_admission-literature-L2-RB-seed3-B"", ""group_role"": ""B"", ""scenario"": ""C3_sequential_admission"", ""topology"": ""star"", ""hardware"": ""literature"", ""platform"": ""siv_2024"", ""planner_level"": ""L2-RB"", ""seed"": 3, ""source"": ""leaf3"", ""destination"": ""leaf4"", ""min_fidelity"": 0.6, ""reserved_memory_slots"": 3, ""min_delivered_pairs"": 5, ""duration_s"": 0.3, ""decision_feasible"": true, ""route"": ""leaf3 -> center -> leaf4"", ""final_status"": ""SATISFIED"", ""satisfied"": true, ""delivered_pairs"": 34, ""average_fidelity"": 0.7020359327386833, ""failure_class"": ""none"", ""rejection_reason"": null, ""failed_reason"": null, ""planning_wall_time_s"": 0.0006229999999050051, ""orchestration_wall_time_s"": 0.0002809000143315643, ""simulation_wall_time_s_shared"": 9.133726200001547, ""lifecycle_history_length"": 7}]",C3_sequential_admission|literature|L2-RB|3
C3_sequential_admission-literature-L2-RB-seed2,C3_sequential_admission,star,literature,L2-RB,2,2,2,0,2,0,0,19.770716800005175,0.0018430999771226197,"[{""group_id"": ""C3_sequential_admission-literature-L2-RB-seed2"", ""intent_id"": ""C3_sequential_admission-literature-L2-RB-seed2-A"", ""group_role"": ""A"", ""scenario"": ""C3_sequential_admission"", ""topology"": ""star"", ""hardware"": ""literature"", ""platform"": ""siv_2024"", ""planner_level"": ""L2-RB"", ""seed"": 2, ""source"": ""leaf1"", ""destination"": ""leaf2"", ""min_fidelity"": 0.6, ""reserved_memory_slots"": 3, ""min_delivered_pairs"": 5, ""duration_s"": 0.3, ""decision_feasible"": true, ""route"": ""leaf1 -> center -> leaf2"", ""final_status"": ""SATISFIED"", ""satisfied"": true, ""delivered_pairs"": 29, ""average_fidelity"": 0.7020721777826362, ""failure_class"": ""none"", ""rejection_reason"": null, ""failed_reason"": null, ""planning_wall_time_s"": 0.0006836999964434654, ""orchestration_wall_time_s"": 0.0002862999972421676, ""simulation_wall_time_s_shared"": 9.6913676999975, ""lifecycle_history_length"": 7}, {""group_id"": ""C3_sequential_admission-literature-L2-RB-seed2"", ""intent_id"": ""C3_sequential_admission-literature-L2-RB-seed2-B"", ""group_role"": ""B"", ""scenario"": ""C3_sequential_admission"", ""topology"": ""star"", ""hardware"": ""literature"", ""platform"": ""siv_2024"", ""planner_level"": ""L2-RB"", ""seed"": 2, ""source"": ""leaf3"", ""destination"": ""leaf4"", ""min_fidelity"": 0.6, ""reserved_memory_slots"": 3, ""min_delivered_pairs"": 5, ""duration_s"": 0.3, ""decision_feasible"": true, ""route"": ""leaf3 -> center -> leaf4"", ""final_status"": ""SATISFIED"", ""satisfied"": true, ""delivered_pairs"": 40, ""average_fidelity"": 0.7048918250442101, ""failure_class"": ""none"", ""rejection_reason"": null, ""failed_reason"": null, ""planning_wall_time_s"": 0.0005885999999009073, ""orchestration_wall_time_s"": 0.0002844999835360795, ""simulation_wall_time_s_shared"": 10.079349100007676, ""lifecycle_history_length"": 7}]",C3_sequential_admission|literature|L2-RB|2
C3_sequential_admission-literature-L2-RB-seed4,C3_sequential_admission,star,literature,L2-RB,4,2,2,0,2,0,0,17.19621319998987,0.0016923000221140683,"[{""group_id"": ""C3_sequential_admission-literature-L2-RB-seed4"", ""intent_id"": ""C3_sequential_admission-literature-L2-RB-seed4-A"", ""group_role"": ""A"", ""scenario"": ""C3_sequential_admission"", ""topology"": ""star"", ""hardware"": ""literature"", ""platform"": ""siv_2024"", ""planner_level"": ""L2-RB"", ""seed"": 4, ""source"": ""leaf1"", ""destination"": ""leaf2"", ""min_fidelity"": 0.6, ""reserved_memory_slots"": 3, ""min_delivered_pairs"": 5, ""duration_s"": 0.3, ""decision_feasible"": true, ""route"": ""leaf1 -> center -> leaf2"", ""final_status"": ""SATISFIED"", ""satisfied"": true, ""delivered_pairs"": 37, ""average_fidelity"": 0.7019290026730965, ""failure_class"": ""none"", ""rejection_reason"": null, ""failed_reason"": null, ""planning_wall_time_s"": 0.0006593000143766403, ""orchestration_wall_time_s"": 0.0002852999896276742, ""simulation_wall_time_s_shared"": 8.75153649999993, ""lifecycle_history_length"": 7}, {""group_id"": ""C3_sequential_admission-literature-L2-RB-seed4"", ""intent_id"": ""C3_sequential_admission-literature-L2-RB-seed4-B"", ""group_role"": ""B"", ""scenario"": ""C3_sequential_admission"", ""topology"": ""star"", ""hardware"": ""literature"", ""platform"": ""siv_2024"", ""planner_level"": ""L2-RB"", ""seed"": 4, ""source"": ""leaf3"", ""destination"": ""leaf4"", ""min_fidelity"": 0.6, ""reserved_memory_slots"": 3, ""min_delivered_pairs"": 5, ""duration_s"": 0.3, ""decision_feasible"": true, ""route"": ""leaf3 -> center -> leaf4"", ""final_status"": ""SATISFIED"", ""satisfied"": true, ""delivered_pairs"": 31, ""average_fidelity"": 0.7006944816296914, ""failure_class"": ""none"", ""rejection_reason"": null, ""failed_reason"": null, ""planning_wall_time_s"": 0.0005200000014156103, ""orchestration_wall_time_s"": 0.00022770001669414341, ""simulation_wall_time_s_shared"": 8.444676699989941, ""lifecycle_history_length"": 7}]",C3_sequential_admission|literature|L2-RB|4
C3_sequential_admission-literature-L2-RB-seed5,C3_sequential_admission,star,literature,L2-RB,5,2,2,0,2,0,0,18.13692349998746,0.001677299995208159,"[{""group_id"": ""C3_sequential_admission-literature-L2-RB-seed5"", ""intent_id"": ""C3_sequential_admission-literature-L2-RB-seed5-A"", ""group_role"": ""A"", ""scenario"": ""C3_sequential_admission"", ""topology"": ""star"", ""hardware"": ""literature"", ""platform"": ""siv_2024"", ""planner_level"": ""L2-RB"", ""seed"": 5, ""source"": ""leaf1"", ""destination"": ""leaf2"", ""min_fidelity"": 0.6, ""reserved_memory_slots"": 3, ""min_delivered_pairs"": 5, ""duration_s"": 0.3, ""decision_feasible"": true, ""route"": ""leaf1 -> center -> leaf2"", ""final_status"": ""SATISFIED"", ""satisfied"": true, ""delivered_pairs"": 32, ""average_fidelity"": 0.7014719980389225, ""failure_class"": ""none"", ""rejection_reason"": null, ""failed_reason"": null, ""planning_wall_time_s"": 0.0006305999995674938, ""orchestration_wall_time_s"": 0.00031430000672116876, ""simulation_wall_time_s_shared"": 8.77859050000552, ""lifecycle_history_length"": 7}, {""group_id"": ""C3_sequential_admission-literature-L2-RB-seed5"", ""intent_id"": ""C3_sequential_admission-literature-L2-RB-seed5-B"", ""group_role"": ""B"", ""scenario"": ""C3_sequential_admission"", ""topology"": ""star"", ""hardware"": ""literature"", ""platform"": ""siv_2024"", ""planner_level"": ""L2-RB"", ""seed"": 5, ""source"": ""leaf3"", ""destination"": ""leaf4"", ""min_fidelity"": 0.6, ""reserved_memory_slots"": 3, ""min_delivered_pairs"": 5, ""duration_s"": 0.3, ""decision_feasible"": true, ""route"": ""leaf3 -> center -> leaf4"", ""final_status"": ""SATISFIED"", ""satisfied"": true, ""delivered_pairs"": 31, ""average_fidelity"": 0.7019392232070554, ""failure_class"": ""none"", ""rejection_reason"": null, ""failed_reason"": null, ""planning_wall_time_s"": 0.0005052000051364303, ""orchestration_wall_time_s"": 0.00022719998378306627, ""simulation_wall_time_s_shared"": 9.35833299998194, ""lifecycle_history_length"": 7}]",C3_sequential_admission|literature|L2-RB|5
C3_sequential_admission-literature-L2-RB-seed6,C3_sequential_admission,star,literature,L2-RB,6,2,2,0,2,0,0,18.93907470002887,0.0017816999752540141,"[{""group_id"": ""C3_sequential_admission-literature-L2-RB-seed6"", ""intent_id"": ""C3_sequential_admission-literature-L2-RB-seed6-A"", ""group_role"": ""A"", ""scenario"": ""C3_sequential_admission"", ""topology"": ""star"", ""hardware"": ""literature"", ""platform"": ""siv_2024"", ""planner_level"": ""L2-RB"", ""seed"": 6, ""source"": ""leaf1"", ""destination"": ""leaf2"", ""min_fidelity"": 0.6, ""reserved_memory_slots"": 3, ""min_delivered_pairs"": 5, ""duration_s"": 0.3, ""decision_feasible"": true, ""route"": ""leaf1 -> center -> leaf2"", ""final_status"": ""SATISFIED"", ""satisfied"": true, ""delivered_pairs"": 34, ""average_fidelity"": 0.7020697910596941, ""failure_class"": ""none"", ""rejection_reason"": null, ""failed_reason"": null, ""planning_wall_time_s"": 0.0005805999971926212, ""orchestration_wall_time_s"": 0.00028199999360367656, ""simulation_wall_time_s_shared"": 10.001758400001563, ""lifecycle_history_length"": 7}, {""group_id"": ""C3_sequential_admission-literature-L2-RB-seed6"", ""intent_id"": ""C3_sequential_admission-literature-L2-RB-seed6-B"", ""group_role"": ""B"", ""scenario"": ""C3_sequential_admission"", ""topology"": ""star"", ""hardware"": ""literature"", ""platform"": ""siv_2024"", ""planner_level"": ""L2-RB"", ""seed"": 6, ""source"": ""leaf3"", ""destination"": ""leaf4"", ""min_fidelity"": 0.6, ""reserved_memory_slots"": 3, ""min_delivered_pairs"": 5, ""duration_s"": 0.3, ""decision_feasible"": true, ""route"": ""leaf3 -> center -> leaf4"", ""final_status"": ""SATISFIED"", ""satisfied"": true, ""delivered_pairs"": 32, ""average_fidelity"": 0.7013534612655081, ""failure_class"": ""none"", ""rejection_reason"": null, ""failed_reason"": null, ""planning_wall_time_s"": 0.0006314000056590885, ""orchestration_wall_time_s"": 0.00028769997879862785, ""simulation_wall_time_s_shared"": 8.937316300027305, ""lifecycle_history_length"": 7}]",C3_sequential_admission|literature|L2-RB|6
C3_sequential_admission-literature-L2-RB-seed7,C3_sequential_admission,star,literature,L2-RB,7,2,2,0,2,0,0,18.704478600004222,0.0015402999997604638,"[{""group_id"": ""C3_sequential_admission-literature-L2-RB-seed7"", ""intent_id"": ""C3_sequential_admission-literature-L2-RB-seed7-A"", ""group_role"": ""A"", ""scenario"": ""C3_sequential_admission"", ""topology"": ""star"", ""hardware"": ""literature"", ""platform"": ""siv_2024"", ""planner_level"": ""L2-RB"", ""seed"": 7, ""source"": ""leaf1"", ""destination"": ""leaf2"", ""min_fidelity"": 0.6, ""reserved_memory_slots"": 3, ""min_delivered_pairs"": 5, ""duration_s"": 0.3, ""decision_feasible"": true, ""route"": ""leaf1 -> center -> leaf2"", ""final_status"": ""SATISFIED"", ""satisfied"": true, ""delivered_pairs"": 32, ""average_fidelity"": 0.7017658160617825, ""failure_class"": ""none"", ""rejection_reason"": null, ""failed_reason"": null, ""planning_wall_time_s"": 0.000592500000493601, ""orchestration_wall_time_s"": 0.0002686000079847872, ""simulation_wall_time_s_shared"": 9.924153100000694, ""lifecycle_history_length"": 7}, {""group_id"": ""C3_sequential_admission-literature-L2-RB-seed7"", ""intent_id"": ""C3_sequential_admission-literature-L2-RB-seed7-B"", ""group_role"": ""B"", ""scenario"": ""C3_sequential_admission"", ""topology"": ""star"", ""hardware"": ""literature"", ""platform"": ""siv_2024"", ""planner_level"": ""L2-RB"", ""seed"": 7, ""source"": ""leaf3"", ""destination"": ""leaf4"", ""min_fidelity"": 0.6, ""reserved_memory_slots"": 3, ""min_delivered_pairs"": 5, ""duration_s"": 0.3, ""decision_feasible"": true, ""route"": ""leaf3 -> center -> leaf4"", ""final_status"": ""SATISFIED"", ""satisfied"": true, ""delivered_pairs"": 39, ""average_fidelity"": 0.7027940495653484, ""failure_class"": ""none"", ""rejection_reason"": null, ""failed_reason"": null, ""planning_wall_time_s"": 0.00046640000073239207, ""orchestration_wall_time_s"": 0.00021279999054968357, ""simulation_wall_time_s_shared"": 8.780325500003528, ""lifecycle_history_length"": 7}]",C3_sequential_admission|literature|L2-RB|7
C3_sequential_admission-literature-L2-RB-seed8,C3_sequential_admission,star,literature,L2-RB,8,2,2,0,2,0,0,19.03784130004351,0.001636900007724762,"[{""group_id"": ""C3_sequential_admission-literature-L2-RB-seed8"", ""intent_id"": ""C3_sequential_admission-literature-L2-RB-seed8-A"", ""group_role"": ""A"", ""scenario"": ""C3_sequential_admission"", ""topology"": ""star"", ""hardware"": ""literature"", ""platform"": ""siv_2024"", ""planner_level"": ""L2-RB"", ""seed"": 8, ""source"": ""leaf1"", ""destination"": ""leaf2"", ""min_fidelity"": 0.6, ""reserved_memory_slots"": 3, ""min_delivered_pairs"": 5, ""duration_s"": 0.3, ""decision_feasible"": true, ""route"": ""leaf1 -> center -> leaf2"", ""final_status"": ""SATISFIED"", ""satisfied"": true, ""delivered_pairs"": 38, ""average_fidelity"": 0.7022772347947894, ""failure_class"": ""none"", ""rejection_reason"": null, ""failed_reason"": null, ""planning_wall_time_s"": 0.0004531000158749521, ""orchestration_wall_time_s"": 0.00023169998894445598, ""simulation_wall_time_s_shared"": 9.268689800024731, ""lifecycle_history_length"": 7}, {""group_id"": ""C3_sequential_admission-literature-L2-RB-seed8"", ""intent_id"": ""C3_sequential_admission-literature-L2-RB-seed8-B"", ""group_role"": ""B"", ""scenario"": ""C3_sequential_admission"", ""topology"": ""star"", ""hardware"": ""literature"", ""platform"": ""siv_2024"", ""planner_level"": ""L2-RB"", ""seed"": 8, ""source"": ""leaf3"", ""destination"": ""leaf4"", ""min_fidelity"": 0.6, ""reserved_memory_slots"": 3, ""min_delivered_pairs"": 5, ""duration_s"": 0.3, ""decision_feasible"": true, ""route"": ""leaf3 -> center -> leaf4"", ""final_status"": ""SATISFIED"", ""satisfied"": true, ""delivered_pairs"": 35, ""average_fidelity"": 0.7023180115962886, ""failure_class"": ""none"", ""rejection_reason"": null, ""failed_reason"": null, ""planning_wall_time_s"": 0.0006478000141214579, ""orchestration_wall_time_s"": 0.00030429998878389597, ""simulation_wall_time_s_shared"": 9.76915150001878, ""lifecycle_history_length"": 7}]",C3_sequential_admission|literature|L2-RB|8
C3_sequential_admission-literature-L2-RB-seed9,C3_sequential_admission,star,literature,L2-RB,9,2,2,0,2,0,0,19.205839100002777,0.0017514000064693391,"[{""group_id"": ""C3_sequential_admission-literature-L2-RB-seed9"", ""intent_id"": ""C3_sequential_admission-literature-L2-RB-seed9-A"", ""group_role"": ""A"", ""scenario"": ""C3_sequential_admission"", ""topology"": ""star"", ""hardware"": ""literature"", ""platform"": ""siv_2024"", ""planner_level"": ""L2-RB"", ""seed"": 9, ""source"": ""leaf1"", ""destination"": ""leaf2"", ""min_fidelity"": 0.6, ""reserved_memory_slots"": 3, ""min_delivered_pairs"": 5, ""duration_s"": 0.3, ""decision_feasible"": true, ""route"": ""leaf1 -> center -> leaf2"", ""final_status"": ""SATISFIED"", ""satisfied"": true, ""delivered_pairs"": 33, ""average_fidelity"": 0.7037932425875173, ""failure_class"": ""none"", ""rejection_reason"": null, ""failed_reason"": null, ""planning_wall_time_s"": 0.0004980000085197389, ""orchestration_wall_time_s"": 0.00025049998657777905, ""simulation_wall_time_s_shared"": 9.628217099991161, ""lifecycle_history_length"": 7}, {""group_id"": ""C3_sequential_admission-literature-L2-RB-seed9"", ""intent_id"": ""C3_sequential_admission-literature-L2-RB-seed9-B"", ""group_role"": ""B"", ""scenario"": ""C3_sequential_admission"", ""topology"": ""star"", ""hardware"": ""literature"", ""platform"": ""siv_2024"", ""planner_level"": ""L2-RB"", ""seed"": 9, ""source"": ""leaf3"", ""destination"": ""leaf4"", ""min_fidelity"": 0.6, ""reserved_memory_slots"": 3, ""min_delivered_pairs"": 5, ""duration_s"": 0.3, ""decision_feasible"": true, ""route"": ""leaf3 -> center -> leaf4"", ""final_status"": ""SATISFIED"", ""satisfied"": true, ""delivered_pairs"": 31, ""average_fidelity"": 0.7014237400993766, ""failure_class"": ""none"", ""rejection_reason"": null, ""failed_reason"": null, ""planning_wall_time_s"": 0.0007110000005923212, ""orchestration_wall_time_s"": 0.0002919000107795, ""simulation_wall_time_s_shared"": 9.577622000011615, ""lifecycle_history_length"": 7}]",C3_sequential_admission|literature|L2-RB|9
C1_non_conflicting-theoretical_ops-L1-seed0,C1_non_conflicting,mesh,theoretical_ops,L1,0,2,2,0,2,0,0,31.400557600019965,0.00474709999980405,"[{""group_id"": ""C1_non_conflicting-theoretical_ops-L1-seed0"", ""intent_id"": ""C1_non_conflicting-theoretical_ops-L1-seed0-A"", ""group_role"": ""A"", ""scenario"": ""C1_non_conflicting"", ""topology"": ""mesh"", ""hardware"": ""theoretical_ops"", ""platform"": ""siv_2024_theoretical_ops"", ""planner_level"": ""L1"", ""seed"": 0, ""source"": ""a0"", ""destination"": ""a3"", ""min_fidelity"": 0.5, ""reserved_memory_slots"": 3, ""min_delivered_pairs"": 5, ""duration_s"": 0.3, ""decision_feasible"": true, ""route"": ""a0 -> a1 -> a2 -> a3"", ""final_status"": ""SATISFIED"", ""satisfied"": true, ""delivered_pairs"": 33, ""average_fidelity"": 0.6426044969740179, ""failure_class"": ""none"", ""rejection_reason"": null, ""failed_reason"": null, ""planning_wall_time_s"": 0.0033620000176597387, ""orchestration_wall_time_s"": 0.00023789997794665396, ""simulation_wall_time_s_shared"": 31.400557600019965, ""lifecycle_history_length"": 7}, {""group_id"": ""C1_non_conflicting-theoretical_ops-L1-seed0"", ""intent_id"": ""C1_non_conflicting-theoretical_ops-L1-seed0-B"", ""group_role"": ""B"", ""scenario"": ""C1_non_conflicting"", ""topology"": ""mesh"", ""hardware"": ""theoretical_ops"", ""platform"": ""siv_2024_theoretical_ops"", ""planner_level"": ""L1"", ""seed"": 0, ""source"": ""b0"", ""destination"": ""b3"", ""min_fidelity"": 0.5, ""reserved_memory_slots"": 3, ""min_delivered_pairs"": 5, ""duration_s"": 0.3, ""decision_feasible"": true, ""route"": ""b0 -> b1 -> b2 -> b3"", ""final_status"": ""SATISFIED"", ""satisfied"": true, ""delivered_pairs"": 35, ""average_fidelity"": 0.6438766664061225, ""failure_class"": ""none"", ""rejection_reason"": null, ""failed_reason"": null, ""planning_wall_time_s"": 0.0009351000189781189, ""orchestration_wall_time_s"": 0.0002120999852195382, ""simulation_wall_time_s_shared"": 31.400557600019965, ""lifecycle_history_length"": 7}]",C1_non_conflicting|theoretical_ops|L1|0
C1_non_conflicting-theoretical_ops-L1-seed1,C1_non_conflicting,mesh,theoretical_ops,L1,1,2,2,0,2,0,0,30.580268999998225,0.0034519999753683805,"[{""group_id"": ""C1_non_conflicting-theoretical_ops-L1-seed1"", ""intent_id"": ""C1_non_conflicting-theoretical_ops-L1-seed1-A"", ""group_role"": ""A"", ""scenario"": ""C1_non_conflicting"", ""topology"": ""mesh"", ""hardware"": ""theoretical_ops"", ""platform"": ""siv_2024_theoretical_ops"", ""planner_level"": ""L1"", ""seed"": 1, ""source"": ""a0"", ""destination"": ""a3"", ""min_fidelity"": 0.5, ""reserved_memory_slots"": 3, ""min_delivered_pairs"": 5, ""duration_s"": 0.3, ""decision_feasible"": true, ""route"": ""a0 -> a1 -> a2 -> a3"", ""final_status"": ""SATISFIED"", ""satisfied"": true, ""delivered_pairs"": 35, ""average_fidelity"": 0.6413014812296324, ""failure_class"": ""none"", ""rejection_reason"": null, ""failed_reason"": null, ""planning_wall_time_s"": 0.0015354999923147261, ""orchestration_wall_time_s"": 0.00029769999673590064, ""simulation_wall_time_s_shared"": 30.580268999998225, ""lifecycle_history_length"": 7}, {""group_id"": ""C1_non_conflicting-theoretical_ops-L1-seed1"", ""intent_id"": ""C1_non_conflicting-theoretical_ops-L1-seed1-B"", ""group_role"": ""B"", ""scenario"": ""C1_non_conflicting"", ""topology"": ""mesh"", ""hardware"": ""theoretical_ops"", ""platform"": ""siv_2024_theoretical_ops"", ""planner_level"": ""L1"", ""seed"": 1, ""source"": ""b0"", ""destination"": ""b3"", ""min_fidelity"": 0.5, ""reserved_memory_slots"": 3, ""min_delivered_pairs"": 5, ""duration_s"": 0.3, ""decision_feasible"": true, ""route"": ""b0 -> b1 -> b2 -> b3"", ""final_status"": ""SATISFIED"", ""satisfied"": true, ""delivered_pairs"": 35, ""average_fidelity"": 0.6439122172898336, ""failure_class"": ""none"", ""rejection_reason"": null, ""failed_reason"": null, ""planning_wall_time_s"": 0.0013703999866265804, ""orchestration_wall_time_s"": 0.00024839999969117343, ""simulation_wall_time_s_shared"": 30.580268999998225, ""lifecycle_history_length"": 7}]",C1_non_conflicting|theoretical_ops|L1|1
C1_non_conflicting-theoretical_ops-L1-seed2,C1_non_conflicting,mesh,theoretical_ops,L1,2,2,2,0,2,0,0,28.462901399994735,0.0026154999795835465,"[{""group_id"": ""C1_non_conflicting-theoretical_ops-L1-seed2"", ""intent_id"": ""C1_non_conflicting-theoretical_ops-L1-seed2-A"", ""group_role"": ""A"", ""scenario"": ""C1_non_conflicting"", ""topology"": ""mesh"", ""hardware"": ""theoretical_ops"", ""platform"": ""siv_2024_theoretical_ops"", ""planner_level"": ""L1"", ""seed"": 2, ""source"": ""a0"", ""destination"": ""a3"", ""min_fidelity"": 0.5, ""reserved_memory_slots"": 3, ""min_delivered_pairs"": 5, ""duration_s"": 0.3, ""decision_feasible"": true, ""route"": ""a0 -> a1 -> a2 -> a3"", ""final_status"": ""SATISFIED"", ""satisfied"": true, ""delivered_pairs"": 27, ""average_fidelity"": 0.6383533600475788, ""failure_class"": ""none"", ""rejection_reason"": null, ""failed_reason"": null, ""planning_wall_time_s"": 0.0011872999893967062, ""orchestration_wall_time_s"": 0.00022459999308921397, ""simulation_wall_time_s_shared"": 28.462901399994735, ""lifecycle_history_length"": 7}, {""group_id"": ""C1_non_conflicting-theoretical_ops-L1-seed2"", ""intent_id"": ""C1_non_conflicting-theoretical_ops-L1-seed2-B"", ""group_role"": ""B"", ""scenario"": ""C1_non_conflicting"", ""topology"": ""mesh"", ""hardware"": ""theoretical_ops"", ""platform"": ""siv_2024_theoretical_ops"", ""planner_level"": ""L1"", ""seed"": 2, ""source"": ""b0"", ""destination"": ""b3"", ""min_fidelity"": 0.5, ""reserved_memory_slots"": 3, ""min_delivered_pairs"": 5, ""duration_s"": 0.3, ""decision_feasible"": true, ""route"": ""b0 -> b1 -> b2 -> b3"", ""final_status"": ""SATISFIED"", ""satisfied"": true, ""delivered_pairs"": 36, ""average_fidelity"": 0.6418617456325735, ""failure_class"": ""none"", ""rejection_reason"": null, ""failed_reason"": null, ""planning_wall_time_s"": 0.0010117999918293208, ""orchestration_wall_time_s"": 0.00019180000526830554, ""simulation_wall_time_s_shared"": 28.462901399994735, ""lifecycle_history_length"": 7}]",C1_non_conflicting|theoretical_ops|L1|2
C1_non_conflicting-theoretical_ops-L1-seed3,C1_non_conflicting,mesh,theoretical_ops,L1,3,2,2,0,2,0,0,30.491959500010125,0.0026459000073373318,"[{""group_id"": ""C1_non_conflicting-theoretical_ops-L1-seed3"", ""intent_id"": ""C1_non_conflicting-theoretical_ops-L1-seed3-A"", ""group_role"": ""A"", ""scenario"": ""C1_non_conflicting"", ""topology"": ""mesh"", ""hardware"": ""theoretical_ops"", ""platform"": ""siv_2024_theoretical_ops"", ""planner_level"": ""L1"", ""seed"": 3, ""source"": ""a0"", ""destination"": ""a3"", ""min_fidelity"": 0.5, ""reserved_memory_slots"": 3, ""min_delivered_pairs"": 5, ""duration_s"": 0.3, ""decision_feasible"": true, ""route"": ""a0 -> a1 -> a2 -> a3"", ""final_status"": ""SATISFIED"", ""satisfied"": true, ""delivered_pairs"": 34, ""average_fidelity"": 0.6437647476483771, ""failure_class"": ""none"", ""rejection_reason"": null, ""failed_reason"": null, ""planning_wall_time_s"": 0.0011588000052142888, ""orchestration_wall_time_s"": 0.0002809999859891832, ""simulation_wall_time_s_shared"": 30.491959500010125, ""lifecycle_history_length"": 7}, {""group_id"": ""C1_non_conflicting-theoretical_ops-L1-seed3"", ""intent_id"": ""C1_non_conflicting-theoretical_ops-L1-seed3-B"", ""group_role"": ""B"", ""scenario"": ""C1_non_conflicting"", ""topology"": ""mesh"", ""hardware"": ""theoretical_ops"", ""platform"": ""siv_2024_theoretical_ops"", ""planner_level"": ""L1"", ""seed"": 3, ""source"": ""b0"", ""destination"": ""b3"", ""min_fidelity"": 0.5, ""reserved_memory_slots"": 3, ""min_delivered_pairs"": 5, ""duration_s"": 0.3, ""decision_feasible"": true, ""route"": ""b0 -> b1 -> b2 -> b3"", ""final_status"": ""SATISFIED"", ""satisfied"": true, ""delivered_pairs"": 33, ""average_fidelity"": 0.6428919731263687, ""failure_class"": ""none"", ""rejection_reason"": null, ""failed_reason"": null, ""planning_wall_time_s"": 0.00101940002059564, ""orchestration_wall_time_s"": 0.0001866999955382198, ""simulation_wall_time_s_shared"": 30.491959500010125, ""lifecycle_history_length"": 7}]",C1_non_conflicting|theoretical_ops|L1|3
C1_non_conflicting-theoretical_ops-L1-seed4,C1_non_conflicting,mesh,theoretical_ops,L1,4,2,2,0,2,0,0,30.36422359998687,0.0033264999801758677,"[{""group_id"": ""C1_non_conflicting-theoretical_ops-L1-seed4"", ""intent_id"": ""C1_non_conflicting-theoretical_ops-L1-seed4-A"", ""group_role"": ""A"", ""scenario"": ""C1_non_conflicting"", ""topology"": ""mesh"", ""hardware"": ""theoretical_ops"", ""platform"": ""siv_2024_theoretical_ops"", ""planner_level"": ""L1"", ""seed"": 4, ""source"": ""a0"", ""destination"": ""a3"", ""min_fidelity"": 0.5, ""reserved_memory_slots"": 3, ""min_delivered_pairs"": 5, ""duration_s"": 0.3, ""decision_feasible"": true, ""route"": ""a0 -> a1 -> a2 -> a3"", ""final_status"": ""SATISFIED"", ""satisfied"": true, ""delivered_pairs"": 34, ""average_fidelity"": 0.6428602916549678, ""failure_class"": ""none"", ""rejection_reason"": null, ""failed_reason"": null, ""planning_wall_time_s"": 0.0014523999998345971, ""orchestration_wall_time_s"": 0.00028780000866390765, ""simulation_wall_time_s_shared"": 30.36422359998687, ""lifecycle_history_length"": 7}, {""group_id"": ""C1_non_conflicting-theoretical_ops-L1-seed4"", ""intent_id"": ""C1_non_conflicting-theoretical_ops-L1-seed4-B"", ""group_role"": ""B"", ""scenario"": ""C1_non_conflicting"", ""topology"": ""mesh"", ""hardware"": ""theoretical_ops"", ""platform"": ""siv_2024_theoretical_ops"", ""planner_level"": ""L1"", ""seed"": 4, ""source"": ""b0"", ""destination"": ""b3"", ""min_fidelity"": 0.5, ""reserved_memory_slots"": 3, ""min_delivered_pairs"": 5, ""duration_s"": 0.3, ""decision_feasible"": true, ""route"": ""b0 -> b1 -> b2 -> b3"", ""final_status"": ""SATISFIED"", ""satisfied"": true, ""delivered_pairs"": 50, ""average_fidelity"": 0.6456621730747897, ""failure_class"": ""none"", ""rejection_reason"": null, ""failed_reason"": null, ""planning_wall_time_s"": 0.001356099994154647, ""orchestration_wall_time_s"": 0.00023019997752271593, ""simulation_wall_time_s_shared"": 30.36422359998687, ""lifecycle_history_length"": 7}]",C1_non_conflicting|theoretical_ops|L1|4
C1_non_conflicting-theoretical_ops-L1-seed5,C1_non_conflicting,mesh,theoretical_ops,L1,5,2,2,0,2,0,0,29.347727899992606,0.004182800010312349,"[{""group_id"": ""C1_non_conflicting-theoretical_ops-L1-seed5"", ""intent_id"": ""C1_non_conflicting-theoretical_ops-L1-seed5-A"", ""group_role"": ""A"", ""scenario"": ""C1_non_conflicting"", ""topology"": ""mesh"", ""hardware"": ""theoretical_ops"", ""platform"": ""siv_2024_theoretical_ops"", ""planner_level"": ""L1"", ""seed"": 5, ""source"": ""a0"", ""destination"": ""a3"", ""min_fidelity"": 0.5, ""reserved_memory_slots"": 3, ""min_delivered_pairs"": 5, ""duration_s"": 0.3, ""decision_feasible"": true, ""route"": ""a0 -> a1 -> a2 -> a3"", ""final_status"": ""SATISFIED"", ""satisfied"": true, ""delivered_pairs"": 34, ""average_fidelity"": 0.6440271877151246, ""failure_class"": ""none"", ""rejection_reason"": null, ""failed_reason"": null, ""planning_wall_time_s"": 0.001531199988676235, ""orchestration_wall_time_s"": 0.000285400019492954, ""simulation_wall_time_s_shared"": 29.347727899992606, ""lifecycle_history_length"": 7}, {""group_id"": ""C1_non_conflicting-theoretical_ops-L1-seed5"", ""intent_id"": ""C1_non_conflicting-theoretical_ops-L1-seed5-B"", ""group_role"": ""B"", ""scenario"": ""C1_non_conflicting"", ""topology"": ""mesh"", ""hardware"": ""theoretical_ops"", ""platform"": ""siv_2024_theoretical_ops"", ""planner_level"": ""L1"", ""seed"": 5, ""source"": ""b0"", ""destination"": ""b3"", ""min_fidelity"": 0.5, ""reserved_memory_slots"": 3, ""min_delivered_pairs"": 5, ""duration_s"": 0.3, ""decision_feasible"": true, ""route"": ""b0 -> b1 -> b2 -> b3"", ""final_status"": ""SATISFIED"", ""satisfied"": true, ""delivered_pairs"": 38, ""average_fidelity"": 0.6430974239711723, ""failure_class"": ""none"", ""rejection_reason"": null, ""failed_reason"": null, ""planning_wall_time_s"": 0.00207129999762401, ""orchestration_wall_time_s"": 0.00029490000451914966, ""simulation_wall_time_s_shared"": 29.347727899992606, ""lifecycle_history_length"": 7}]",C1_non_conflicting|theoretical_ops|L1|5
C1_non_conflicting-theoretical_ops-L1-seed6,C1_non_conflicting,mesh,theoretical_ops,L1,6,2,2,0,2,0,0,30.72301350001362,0.0029787000094074756,"[{""group_id"": ""C1_non_conflicting-theoretical_ops-L1-seed6"", ""intent_id"": ""C1_non_conflicting-theoretical_ops-L1-seed6-A"", ""group_role"": ""A"", ""scenario"": ""C1_non_conflicting"", ""topology"": ""mesh"", ""hardware"": ""theoretical_ops"", ""platform"": ""siv_2024_theoretical_ops"", ""planner_level"": ""L1"", ""seed"": 6, ""source"": ""a0"", ""destination"": ""a3"", ""min_fidelity"": 0.5, ""reserved_memory_slots"": 3, ""min_delivered_pairs"": 5, ""duration_s"": 0.3, ""decision_feasible"": true, ""route"": ""a0 -> a1 -> a2 -> a3"", ""final_status"": ""SATISFIED"", ""satisfied"": true, ""delivered_pairs"": 40, ""average_fidelity"": 0.6445254257294523, ""failure_class"": ""none"", ""rejection_reason"": null, ""failed_reason"": null, ""planning_wall_time_s"": 0.0013772000093013048, ""orchestration_wall_time_s"": 0.0002708999963942915, ""simulation_wall_time_s_shared"": 30.72301350001362, ""lifecycle_history_length"": 7}, {""group_id"": ""C1_non_conflicting-theoretical_ops-L1-seed6"", ""intent_id"": ""C1_non_conflicting-theoretical_ops-L1-seed6-B"", ""group_role"": ""B"", ""scenario"": ""C1_non_conflicting"", ""topology"": ""mesh"", ""hardware"": ""theoretical_ops"", ""platform"": ""siv_2024_theoretical_ops"", ""planner_level"": ""L1"", ""seed"": 6, ""source"": ""b0"", ""destination"": ""b3"", ""min_fidelity"": 0.5, ""reserved_memory_slots"": 3, ""min_delivered_pairs"": 5, ""duration_s"": 0.3, ""decision_feasible"": true, ""route"": ""b0 -> b1 -> b2 -> b3"", ""final_status"": ""SATISFIED"", ""satisfied"": true, ""delivered_pairs"": 36, ""average_fidelity"": 0.6442314435961, ""failure_class"": ""none"", ""rejection_reason"": null, ""failed_reason"": null, ""planning_wall_time_s"": 0.0011285000073257834, ""orchestration_wall_time_s"": 0.00020209999638609588, ""simulation_wall_time_s_shared"": 30.72301350001362, ""lifecycle_history_length"": 7}]",C1_non_conflicting|theoretical_ops|L1|6
C1_non_conflicting-theoretical_ops-L1-seed7,C1_non_conflicting,mesh,theoretical_ops,L1,7,2,2,0,2,0,0,30.876012399996398,0.004106399981537834,"[{""group_id"": ""C1_non_conflicting-theoretical_ops-L1-seed7"", ""intent_id"": ""C1_non_conflicting-theoretical_ops-L1-seed7-A"", ""group_role"": ""A"", ""scenario"": ""C1_non_conflicting"", ""topology"": ""mesh"", ""hardware"": ""theoretical_ops"", ""platform"": ""siv_2024_theoretical_ops"", ""planner_level"": ""L1"", ""seed"": 7, ""source"": ""a0"", ""destination"": ""a3"", ""min_fidelity"": 0.5, ""reserved_memory_slots"": 3, ""min_delivered_pairs"": 5, ""duration_s"": 0.3, ""decision_feasible"": true, ""route"": ""a0 -> a1 -> a2 -> a3"", ""final_status"": ""SATISFIED"", ""satisfied"": true, ""delivered_pairs"": 39, ""average_fidelity"": 0.6429049196468228, ""failure_class"": ""none"", ""rejection_reason"": null, ""failed_reason"": null, ""planning_wall_time_s"": 0.001973200007341802, ""orchestration_wall_time_s"": 0.000301499996567145, ""simulation_wall_time_s_shared"": 30.876012399996398, ""lifecycle_history_length"": 7}, {""group_id"": ""C1_non_conflicting-theoretical_ops-L1-seed7"", ""intent_id"": ""C1_non_conflicting-theoretical_ops-L1-seed7-B"", ""group_role"": ""B"", ""scenario"": ""C1_non_conflicting"", ""topology"": ""mesh"", ""hardware"": ""theoretical_ops"", ""platform"": ""siv_2024_theoretical_ops"", ""planner_level"": ""L1"", ""seed"": 7, ""source"": ""b0"", ""destination"": ""b3"", ""min_fidelity"": 0.5, ""reserved_memory_slots"": 3, ""min_delivered_pairs"": 5, ""duration_s"": 0.3, ""decision_feasible"": true, ""route"": ""b0 -> b1 -> b2 -> b3"", ""final_status"": ""SATISFIED"", ""satisfied"": true, ""delivered_pairs"": 41, ""average_fidelity"": 0.6459203146645245, ""failure_class"": ""none"", ""rejection_reason"": null, ""failed_reason"": null, ""planning_wall_time_s"": 0.0015618999896105379, ""orchestration_wall_time_s"": 0.0002697999880183488, ""simulation_wall_time_s_shared"": 30.876012399996398, ""lifecycle_history_length"": 7}]",C1_non_conflicting|theoretical_ops|L1|7
C1_non_conflicting-theoretical_ops-L1-seed8,C1_non_conflicting,mesh,theoretical_ops,L1,8,2,2,0,2,0,0,30.467996399995172,0.0025933999859262258,"[{""group_id"": ""C1_non_conflicting-theoretical_ops-L1-seed8"", ""intent_id"": ""C1_non_conflicting-theoretical_ops-L1-seed8-A"", ""group_role"": ""A"", ""scenario"": ""C1_non_conflicting"", ""topology"": ""mesh"", ""hardware"": ""theoretical_ops"", ""platform"": ""siv_2024_theoretical_ops"", ""planner_level"": ""L1"", ""seed"": 8, ""source"": ""a0"", ""destination"": ""a3"", ""min_fidelity"": 0.5, ""reserved_memory_slots"": 3, ""min_delivered_pairs"": 5, ""duration_s"": 0.3, ""decision_feasible"": true, ""route"": ""a0 -> a1 -> a2 -> a3"", ""final_status"": ""SATISFIED"", ""satisfied"": true, ""delivered_pairs"": 38, ""average_fidelity"": 0.642649691361151, ""failure_class"": ""none"", ""rejection_reason"": null, ""failed_reason"": null, ""planning_wall_time_s"": 0.001228799985256046, ""orchestration_wall_time_s"": 0.00024250001297332346, ""simulation_wall_time_s_shared"": 30.467996399995172, ""lifecycle_history_length"": 7}, {""group_id"": ""C1_non_conflicting-theoretical_ops-L1-seed8"", ""intent_id"": ""C1_non_conflicting-theoretical_ops-L1-seed8-B"", ""group_role"": ""B"", ""scenario"": ""C1_non_conflicting"", ""topology"": ""mesh"", ""hardware"": ""theoretical_ops"", ""platform"": ""siv_2024_theoretical_ops"", ""planner_level"": ""L1"", ""seed"": 8, ""source"": ""b0"", ""destination"": ""b3"", ""min_fidelity"": 0.5, ""reserved_memory_slots"": 3, ""min_delivered_pairs"": 5, ""duration_s"": 0.3, ""decision_feasible"": true, ""route"": ""b0 -> b1 -> b2 -> b3"", ""final_status"": ""SATISFIED"", ""satisfied"": true, ""delivered_pairs"": 34, ""average_fidelity"": 0.6449598063558813, ""failure_class"": ""none"", ""rejection_reason"": null, ""failed_reason"": null, ""planning_wall_time_s"": 0.0008988999761641026, ""orchestration_wall_time_s"": 0.0002232000115327537, ""simulation_wall_time_s_shared"": 30.467996399995172, ""lifecycle_history_length"": 7}]",C1_non_conflicting|theoretical_ops|L1|8
C1_non_conflicting-theoretical_ops-L1-seed9,C1_non_conflicting,mesh,theoretical_ops,L1,9,2,2,0,2,0,0,29.28238310001325,0.003437999985180795,"[{""group_id"": ""C1_non_conflicting-theoretical_ops-L1-seed9"", ""intent_id"": ""C1_non_conflicting-theoretical_ops-L1-seed9-A"", ""group_role"": ""A"", ""scenario"": ""C1_non_conflicting"", ""topology"": ""mesh"", ""hardware"": ""theoretical_ops"", ""platform"": ""siv_2024_theoretical_ops"", ""planner_level"": ""L1"", ""seed"": 9, ""source"": ""a0"", ""destination"": ""a3"", ""min_fidelity"": 0.5, ""reserved_memory_slots"": 3, ""min_delivered_pairs"": 5, ""duration_s"": 0.3, ""decision_feasible"": true, ""route"": ""a0 -> a1 -> a2 -> a3"", ""final_status"": ""SATISFIED"", ""satisfied"": true, ""delivered_pairs"": 38, ""average_fidelity"": 0.6436195602208379, ""failure_class"": ""none"", ""rejection_reason"": null, ""failed_reason"": null, ""planning_wall_time_s"": 0.0016026000084821135, ""orchestration_wall_time_s"": 0.00026989998877979815, ""simulation_wall_time_s_shared"": 29.28238310001325, ""lifecycle_history_length"": 7}, {""group_id"": ""C1_non_conflicting-theoretical_ops-L1-seed9"", ""intent_id"": ""C1_non_conflicting-theoretical_ops-L1-seed9-B"", ""group_role"": ""B"", ""scenario"": ""C1_non_conflicting"", ""topology"": ""mesh"", ""hardware"": ""theoretical_ops"", ""platform"": ""siv_2024_theoretical_ops"", ""planner_level"": ""L1"", ""seed"": 9, ""source"": ""b0"", ""destination"": ""b3"", ""min_fidelity"": 0.5, ""reserved_memory_slots"": 3, ""min_delivered_pairs"": 5, ""duration_s"": 0.3, ""decision_feasible"": true, ""route"": ""b0 -> b1 -> b2 -> b3"", ""final_status"": ""SATISFIED"", ""satisfied"": true, ""delivered_pairs"": 33, ""average_fidelity"": 0.6420486564208788, ""failure_class"": ""none"", ""rejection_reason"": null, ""failed_reason"": null, ""planning_wall_time_s"": 0.0013108999992255121, ""orchestration_wall_time_s"": 0.0002545999886933714, ""simulation_wall_time_s_shared"": 29.28238310001325, ""lifecycle_history_length"": 7}]",C1_non_conflicting|theoretical_ops|L1|9
C1_non_conflicting-theoretical_ops-L2-RB-seed1,C1_non_conflicting,mesh,theoretical_ops,L2-RB,1,2,2,0,2,0,0,30.25169510001433,0.0029178000113461167,"[{""group_id"": ""C1_non_conflicting-theoretical_ops-L2-RB-seed1"", ""intent_id"": ""C1_non_conflicting-theoretical_ops-L2-RB-seed1-A"", ""group_role"": ""A"", ""scenario"": ""C1_non_conflicting"", ""topology"": ""mesh"", ""hardware"": ""theoretical_ops"", ""platform"": ""siv_2024_theoretical_ops"", ""planner_level"": ""L2-RB"", ""seed"": 1, ""source"": ""a0"", ""destination"": ""a3"", ""min_fidelity"": 0.5, ""reserved_memory_slots"": 3, ""min_delivered_pairs"": 5, ""duration_s"": 0.3, ""decision_feasible"": true, ""route"": ""a0 -> a1 -> a2 -> a3"", ""final_status"": ""SATISFIED"", ""satisfied"": true, ""delivered_pairs"": 35, ""average_fidelity"": 0.6413014812296324, ""failure_class"": ""none"", ""rejection_reason"": null, ""failed_reason"": null, ""planning_wall_time_s"": 0.0013055000163149089, ""orchestration_wall_time_s"": 0.00031040000612847507, ""simulation_wall_time_s_shared"": 30.25169510001433, ""lifecycle_history_length"": 7}, {""group_id"": ""C1_non_conflicting-theoretical_ops-L2-RB-seed1"", ""intent_id"": ""C1_non_conflicting-theoretical_ops-L2-RB-seed1-B"", ""group_role"": ""B"", ""scenario"": ""C1_non_conflicting"", ""topology"": ""mesh"", ""hardware"": ""theoretical_ops"", ""platform"": ""siv_2024_theoretical_ops"", ""planner_level"": ""L2-RB"", ""seed"": 1, ""source"": ""b0"", ""destination"": ""b3"", ""min_fidelity"": 0.5, ""reserved_memory_slots"": 3, ""min_delivered_pairs"": 5, ""duration_s"": 0.3, ""decision_feasible"": true, ""route"": ""b0 -> b1 -> b2 -> b3"", ""final_status"": ""SATISFIED"", ""satisfied"": true, ""delivered_pairs"": 35, ""average_fidelity"": 0.6439122172898336, ""failure_class"": ""none"", ""rejection_reason"": null, ""failed_reason"": null, ""planning_wall_time_s"": 0.0009704999974928796, ""orchestration_wall_time_s"": 0.0003313999914098531, ""simulation_wall_time_s_shared"": 30.25169510001433, ""lifecycle_history_length"": 7}]",C1_non_conflicting|theoretical_ops|L2-RB|1
C1_non_conflicting-theoretical_ops-L2-RB-seed0,C1_non_conflicting,mesh,theoretical_ops,L2-RB,0,2,2,0,2,0,0,31.084606599994004,0.0037005000340286642,"[{""group_id"": ""C1_non_conflicting-theoretical_ops-L2-RB-seed0"", ""intent_id"": ""C1_non_conflicting-theoretical_ops-L2-RB-seed0-A"", ""group_role"": ""A"", ""scenario"": ""C1_non_conflicting"", ""topology"": ""mesh"", ""hardware"": ""theoretical_ops"", ""platform"": ""siv_2024_theoretical_ops"", ""planner_level"": ""L2-RB"", ""seed"": 0, ""source"": ""a0"", ""destination"": ""a3"", ""min_fidelity"": 0.5, ""reserved_memory_slots"": 3, ""min_delivered_pairs"": 5, ""duration_s"": 0.3, ""decision_feasible"": true, ""route"": ""a0 -> a1 -> a2 -> a3"", ""final_status"": ""SATISFIED"", ""satisfied"": true, ""delivered_pairs"": 33, ""average_fidelity"": 0.6426044969740179, ""failure_class"": ""none"", ""rejection_reason"": null, ""failed_reason"": null, ""planning_wall_time_s"": 0.0015297000063583255, ""orchestration_wall_time_s"": 0.0002906000008806586, ""simulation_wall_time_s_shared"": 31.084606599994004, ""lifecycle_history_length"": 7}, {""group_id"": ""C1_non_conflicting-theoretical_ops-L2-RB-seed0"", ""intent_id"": ""C1_non_conflicting-theoretical_ops-L2-RB-seed0-B"", ""group_role"": ""B"", ""scenario"": ""C1_non_conflicting"", ""topology"": ""mesh"", ""hardware"": ""theoretical_ops"", ""platform"": ""siv_2024_theoretical_ops"", ""planner_level"": ""L2-RB"", ""seed"": 0, ""source"": ""b0"", ""destination"": ""b3"", ""min_fidelity"": 0.5, ""reserved_memory_slots"": 3, ""min_delivered_pairs"": 5, ""duration_s"": 0.3, ""decision_feasible"": true, ""route"": ""b0 -> b1 -> b2 -> b3"", ""final_status"": ""SATISFIED"", ""satisfied"": true, ""delivered_pairs"": 35, ""average_fidelity"": 0.6438766664061225, ""failure_class"": ""none"", ""rejection_reason"": null, ""failed_reason"": null, ""planning_wall_time_s"": 0.001618700014660135, ""orchestration_wall_time_s"": 0.0002615000121295452, ""simulation_wall_time_s_shared"": 31.084606599994004, ""lifecycle_history_length"": 7}]",C1_non_conflicting|theoretical_ops|L2-RB|0
C1_non_conflicting-theoretical_ops-L2-RB-seed2,C1_non_conflicting,mesh,theoretical_ops,L2-RB,2,2,2,0,2,0,0,28.14525090000825,0.0017653999966569245,"[{""group_id"": ""C1_non_conflicting-theoretical_ops-L2-RB-seed2"", ""intent_id"": ""C1_non_conflicting-theoretical_ops-L2-RB-seed2-A"", ""group_role"": ""A"", ""scenario"": ""C1_non_conflicting"", ""topology"": ""mesh"", ""hardware"": ""theoretical_ops"", ""platform"": ""siv_2024_theoretical_ops"", ""planner_level"": ""L2-RB"", ""seed"": 2, ""source"": ""a0"", ""destination"": ""a3"", ""min_fidelity"": 0.5, ""reserved_memory_slots"": 3, ""min_delivered_pairs"": 5, ""duration_s"": 0.3, ""decision_feasible"": true, ""route"": ""a0 -> a1 -> a2 -> a3"", ""final_status"": ""SATISFIED"", ""satisfied"": true, ""delivered_pairs"": 27, ""average_fidelity"": 0.6383533600475788, ""failure_class"": ""none"", ""rejection_reason"": null, ""failed_reason"": null, ""planning_wall_time_s"": 0.0007684000011067837, ""orchestration_wall_time_s"": 0.00020589999621734023, ""simulation_wall_time_s_shared"": 28.14525090000825, ""lifecycle_history_length"": 7}, {""group_id"": ""C1_non_conflicting-theoretical_ops-L2-RB-seed2"", ""intent_id"": ""C1_non_conflicting-theoretical_ops-L2-RB-seed2-B"", ""group_role"": ""B"", ""scenario"": ""C1_non_conflicting"", ""topology"": ""mesh"", ""hardware"": ""theoretical_ops"", ""platform"": ""siv_2024_theoretical_ops"", ""planner_level"": ""L2-RB"", ""seed"": 2, ""source"": ""b0"", ""destination"": ""b3"", ""min_fidelity"": 0.5, ""reserved_memory_slots"": 3, ""min_delivered_pairs"": 5, ""duration_s"": 0.3, ""decision_feasible"": true, ""route"": ""b0 -> b1 -> b2 -> b3"", ""final_status"": ""SATISFIED"", ""satisfied"": true, ""delivered_pairs"": 36, ""average_fidelity"": 0.6418617456325735, ""failure_class"": ""none"", ""rejection_reason"": null, ""failed_reason"": null, ""planning_wall_time_s"": 0.0006709999870508909, ""orchestration_wall_time_s"": 0.00012010001228190958, ""simulation_wall_time_s_shared"": 28.14525090000825, ""lifecycle_history_length"": 7}]",C1_non_conflicting|theoretical_ops|L2-RB|2
C1_non_conflicting-theoretical_ops-L2-RB-seed3,C1_non_conflicting,mesh,theoretical_ops,L2-RB,3,2,2,0,2,0,0,29.908527100022184,0.002285800001118332,"[{""group_id"": ""C1_non_conflicting-theoretical_ops-L2-RB-seed3"", ""intent_id"": ""C1_non_conflicting-theoretical_ops-L2-RB-seed3-A"", ""group_role"": ""A"", ""scenario"": ""C1_non_conflicting"", ""topology"": ""mesh"", ""hardware"": ""theoretical_ops"", ""platform"": ""siv_2024_theoretical_ops"", ""planner_level"": ""L2-RB"", ""seed"": 3, ""source"": ""a0"", ""destination"": ""a3"", ""min_fidelity"": 0.5, ""reserved_memory_slots"": 3, ""min_delivered_pairs"": 5, ""duration_s"": 0.3, ""decision_feasible"": true, ""route"": ""a0 -> a1 -> a2 -> a3"", ""final_status"": ""SATISFIED"", ""satisfied"": true, ""delivered_pairs"": 34, ""average_fidelity"": 0.6437647476483771, ""failure_class"": ""none"", ""rejection_reason"": null, ""failed_reason"": null, ""planning_wall_time_s"": 0.000996199989458546, ""orchestration_wall_time_s"": 0.00022720001288689673, ""simulation_wall_time_s_shared"": 29.908527100022184, ""lifecycle_history_length"": 7}, {""group_id"": ""C1_non_conflicting-theoretical_ops-L2-RB-seed3"", ""intent_id"": ""C1_non_conflicting-theoretical_ops-L2-RB-seed3-B"", ""group_role"": ""B"", ""scenario"": ""C1_non_conflicting"", ""topology"": ""mesh"", ""hardware"": ""theoretical_ops"", ""platform"": ""siv_2024_theoretical_ops"", ""planner_level"": ""L2-RB"", ""seed"": 3, ""source"": ""b0"", ""destination"": ""b3"", ""min_fidelity"": 0.5, ""reserved_memory_slots"": 3, ""min_delivered_pairs"": 5, ""duration_s"": 0.3, ""decision_feasible"": true, ""route"": ""b0 -> b1 -> b2 -> b3"", ""final_status"": ""SATISFIED"", ""satisfied"": true, ""delivered_pairs"": 33, ""average_fidelity"": 0.6428919731263687, ""failure_class"": ""none"", ""rejection_reason"": null, ""failed_reason"": null, ""planning_wall_time_s"": 0.0008730000117793679, ""orchestration_wall_time_s"": 0.00018939998699352145, ""simulation_wall_time_s_shared"": 29.908527100022184, ""lifecycle_history_length"": 7}]",C1_non_conflicting|theoretical_ops|L2-RB|3
C1_non_conflicting-theoretical_ops-L2-RB-seed4,C1_non_conflicting,mesh,theoretical_ops,L2-RB,4,2,2,0,2,0,0,29.775631800002884,0.0025371000228915364,"[{""group_id"": ""C1_non_conflicting-theoretical_ops-L2-RB-seed4"", ""intent_id"": ""C1_non_conflicting-theoretical_ops-L2-RB-seed4-A"", ""group_role"": ""A"", ""scenario"": ""C1_non_conflicting"", ""topology"": ""mesh"", ""hardware"": ""theoretical_ops"", ""platform"": ""siv_2024_theoretical_ops"", ""planner_level"": ""L2-RB"", ""seed"": 4, ""source"": ""a0"", ""destination"": ""a3"", ""min_fidelity"": 0.5, ""reserved_memory_slots"": 3, ""min_delivered_pairs"": 5, ""duration_s"": 0.3, ""decision_feasible"": true, ""route"": ""a0 -> a1 -> a2 -> a3"", ""final_status"": ""SATISFIED"", ""satisfied"": true, ""delivered_pairs"": 34, ""average_fidelity"": 0.6428602916549678, ""failure_class"": ""none"", ""rejection_reason"": null, ""failed_reason"": null, ""planning_wall_time_s"": 0.0011189000215381384, ""orchestration_wall_time_s"": 0.00025340000865980983, ""simulation_wall_time_s_shared"": 29.775631800002884, ""lifecycle_history_length"": 7}, {""group_id"": ""C1_non_conflicting-theoretical_ops-L2-RB-seed4"", ""intent_id"": ""C1_non_conflicting-theoretical_ops-L2-RB-seed4-B"", ""group_role"": ""B"", ""scenario"": ""C1_non_conflicting"", ""topology"": ""mesh"", ""hardware"": ""theoretical_ops"", ""platform"": ""siv_2024_theoretical_ops"", ""planner_level"": ""L2-RB"", ""seed"": 4, ""source"": ""b0"", ""destination"": ""b3"", ""min_fidelity"": 0.5, ""reserved_memory_slots"": 3, ""min_delivered_pairs"": 5, ""duration_s"": 0.3, ""decision_feasible"": true, ""route"": ""b0 -> b1 -> b2 -> b3"", ""final_status"": ""SATISFIED"", ""satisfied"": true, ""delivered_pairs"": 50, ""average_fidelity"": 0.6456621730747897, ""failure_class"": ""none"", ""rejection_reason"": null, ""failed_reason"": null, ""planning_wall_time_s"": 0.0009624999947845936, ""orchestration_wall_time_s"": 0.00020229999790899456, ""simulation_wall_time_s_shared"": 29.775631800002884, ""lifecycle_history_length"": 7}]",C1_non_conflicting|theoretical_ops|L2-RB|4
C1_non_conflicting-theoretical_ops-L2-RB-seed5,C1_non_conflicting,mesh,theoretical_ops,L2-RB,5,2,2,0,2,0,0,28.99627309999778,0.00399279996054247,"[{""group_id"": ""C1_non_conflicting-theoretical_ops-L2-RB-seed5"", ""intent_id"": ""C1_non_conflicting-theoretical_ops-L2-RB-seed5-A"", ""group_role"": ""A"", ""scenario"": ""C1_non_conflicting"", ""topology"": ""mesh"", ""hardware"": ""theoretical_ops"", ""platform"": ""siv_2024_theoretical_ops"", ""planner_level"": ""L2-RB"", ""seed"": 5, ""source"": ""a0"", ""destination"": ""a3"", ""min_fidelity"": 0.5, ""reserved_memory_slots"": 3, ""min_delivered_pairs"": 5, ""duration_s"": 0.3, ""decision_feasible"": true, ""route"": ""a0 -> a1 -> a2 -> a3"", ""final_status"": ""SATISFIED"", ""satisfied"": true, ""delivered_pairs"": 34, ""average_fidelity"": 0.6440271877151246, ""failure_class"": ""none"", ""rejection_reason"": null, ""failed_reason"": null, ""planning_wall_time_s"": 0.00204610000946559, ""orchestration_wall_time_s"": 0.0002798999776132405, ""simulation_wall_time_s_shared"": 28.99627309999778, ""lifecycle_history_length"": 7}, {""group_id"": ""C1_non_conflicting-theoretical_ops-L2-RB-seed5"", ""intent_id"": ""C1_non_conflicting-theoretical_ops-L2-RB-seed5-B"", ""group_role"": ""B"", ""scenario"": ""C1_non_conflicting"", ""topology"": ""mesh"", ""hardware"": ""theoretical_ops"", ""platform"": ""siv_2024_theoretical_ops"", ""planner_level"": ""L2-RB"", ""seed"": 5, ""source"": ""b0"", ""destination"": ""b3"", ""min_fidelity"": 0.5, ""reserved_memory_slots"": 3, ""min_delivered_pairs"": 5, ""duration_s"": 0.3, ""decision_feasible"": true, ""route"": ""b0 -> b1 -> b2 -> b3"", ""final_status"": ""SATISFIED"", ""satisfied"": true, ""delivered_pairs"": 38, ""average_fidelity"": 0.6430974239711723, ""failure_class"": ""none"", ""rejection_reason"": null, ""failed_reason"": null, ""planning_wall_time_s"": 0.0014149999769870192, ""orchestration_wall_time_s"": 0.00025179999647662044, ""simulation_wall_time_s_shared"": 28.99627309999778, ""lifecycle_history_length"": 7}]",C1_non_conflicting|theoretical_ops|L2-RB|5
C2_resource_contention-theoretical_ops-L1-seed0,C2_resource_contention,star,theoretical_ops,L1,0,2,2,0,1,0,1,8.229910299996845,0.001106100040487945,"[{""group_id"": ""C2_resource_contention-theoretical_ops-L1-seed0"", ""intent_id"": ""C2_resource_contention-theoretical_ops-L1-seed0-A"", ""group_role"": ""A"", ""scenario"": ""C2_resource_contention"", ""topology"": ""star"", ""hardware"": ""theoretical_ops"", ""platform"": ""siv_2024_theoretical_ops"", ""planner_level"": ""L1"", ""seed"": 0, ""source"": ""leaf1"", ""destination"": ""leaf2"", ""min_fidelity"": 0.6, ""reserved_memory_slots"": 3, ""min_delivered_pairs"": 5, ""duration_s"": 0.3, ""decision_feasible"": true, ""route"": ""leaf1 -> center -> leaf2"", ""final_status"": ""SATISFIED"", ""satisfied"": true, ""delivered_pairs"": 30, ""average_fidelity"": 0.7379162036426361, ""failure_class"": ""none"", ""rejection_reason"": null, ""failed_reason"": null, ""planning_wall_time_s"": 0.00046640000073239207, ""orchestration_wall_time_s"": 0.00021710002329200506, ""simulation_wall_time_s_shared"": 8.229910299996845, ""lifecycle_history_length"": 7}, {""group_id"": ""C2_resource_contention-theoretical_ops-L1-seed0"", ""intent_id"": ""C2_resource_contention-theoretical_ops-L1-seed0-B"", ""group_role"": ""B"", ""scenario"": ""C2_resource_contention"", ""topology"": ""star"", ""hardware"": ""theoretical_ops"", ""platform"": ""siv_2024_theoretical_ops"", ""planner_level"": ""L1"", ""seed"": 0, ""source"": ""leaf3"", ""destination"": ""leaf4"", ""min_fidelity"": 0.6, ""reserved_memory_slots"": 3, ""min_delivered_pairs"": 5, ""duration_s"": 0.3, ""decision_feasible"": true, ""route"": ""leaf3 -> center -> leaf4"", ""final_status"": ""FAILED"", ""satisfied"": null, ""delivered_pairs"": null, ""average_fidelity"": null, ""failure_class"": ""C_resource_contention_reservation_rejected"", ""rejection_reason"": null, ""failed_reason"": ""reservation rejected by NetworkManager"", ""planning_wall_time_s"": 0.0002880000101868063, ""orchestration_wall_time_s"": 0.00013460000627674162, ""simulation_wall_time_s_shared"": 8.229910299996845, ""lifecycle_history_length"": 6}]",C2_resource_contention|theoretical_ops|L1|0
C2_resource_contention-theoretical_ops-L1-seed1,C2_resource_contention,star,theoretical_ops,L1,1,2,2,0,1,0,1,7.49506729998393,0.0015857000544201583,"[{""group_id"": ""C2_resource_contention-theoretical_ops-L1-seed1"", ""intent_id"": ""C2_resource_contention-theoretical_ops-L1-seed1-A"", ""group_role"": ""A"", ""scenario"": ""C2_resource_contention"", ""topology"": ""star"", ""hardware"": ""theoretical_ops"", ""platform"": ""siv_2024_theoretical_ops"", ""planner_level"": ""L1"", ""seed"": 1, ""source"": ""leaf1"", ""destination"": ""leaf2"", ""min_fidelity"": 0.6, ""reserved_memory_slots"": 3, ""min_delivered_pairs"": 5, ""duration_s"": 0.3, ""decision_feasible"": true, ""route"": ""leaf1 -> center -> leaf2"", ""final_status"": ""SATISFIED"", ""satisfied"": true, ""delivered_pairs"": 28, ""average_fidelity"": 0.7352819101709033, ""failure_class"": ""none"", ""rejection_reason"": null, ""failed_reason"": null, ""planning_wall_time_s"": 0.0005750000127591193, ""orchestration_wall_time_s"": 0.0002893000200856477, ""simulation_wall_time_s_shared"": 7.49506729998393, ""lifecycle_history_length"": 7}, {""group_id"": ""C2_resource_contention-theoretical_ops-L1-seed1"", ""intent_id"": ""C2_resource_contention-theoretical_ops-L1-seed1-B"", ""group_role"": ""B"", ""scenario"": ""C2_resource_contention"", ""topology"": ""star"", ""hardware"": ""theoretical_ops"", ""platform"": ""siv_2024_theoretical_ops"", ""planner_level"": ""L1"", ""seed"": 1, ""source"": ""leaf3"", ""destination"": ""leaf4"", ""min_fidelity"": 0.6, ""reserved_memory_slots"": 3, ""min_delivered_pairs"": 5, ""duration_s"": 0.3, ""decision_feasible"": true, ""route"": ""leaf3 -> center -> leaf4"", ""final_status"": ""FAILED"", ""satisfied"": null, ""delivered_pairs"": null, ""average_fidelity"": null, ""failure_class"": ""C_resource_contention_reservation_rejected"", ""rejection_reason"": null, ""failed_reason"": ""reservation rejected by NetworkManager"", ""planning_wall_time_s"": 0.00047330002416856587, ""orchestration_wall_time_s"": 0.0002480999974068254, ""simulation_wall_time_s_shared"": 7.49506729998393, ""lifecycle_history_length"": 6}]",C2_resource_contention|theoretical_ops|L1|1
C1_non_conflicting-theoretical_ops-L2-RB-seed6,C1_non_conflicting,mesh,theoretical_ops,L2-RB,6,2,2,0,2,0,0,28.106091099994956,0.002448899991577491,"[{""group_id"": ""C1_non_conflicting-theoretical_ops-L2-RB-seed6"", ""intent_id"": ""C1_non_conflicting-theoretical_ops-L2-RB-seed6-A"", ""group_role"": ""A"", ""scenario"": ""C1_non_conflicting"", ""topology"": ""mesh"", ""hardware"": ""theoretical_ops"", ""platform"": ""siv_2024_theoretical_ops"", ""planner_level"": ""L2-RB"", ""seed"": 6, ""source"": ""a0"", ""destination"": ""a3"", ""min_fidelity"": 0.5, ""reserved_memory_slots"": 3, ""min_delivered_pairs"": 5, ""duration_s"": 0.3, ""decision_feasible"": true, ""route"": ""a0 -> a1 -> a2 -> a3"", ""final_status"": ""SATISFIED"", ""satisfied"": true, ""delivered_pairs"": 40, ""average_fidelity"": 0.6445254257294523, ""failure_class"": ""none"", ""rejection_reason"": null, ""failed_reason"": null, ""planning_wall_time_s"": 0.0010980000079143792, ""orchestration_wall_time_s"": 0.00023820000933483243, ""simulation_wall_time_s_shared"": 28.106091099994956, ""lifecycle_history_length"": 7}, {""group_id"": ""C1_non_conflicting-theoretical_ops-L2-RB-seed6"", ""intent_id"": ""C1_non_conflicting-theoretical_ops-L2-RB-seed6-B"", ""group_role"": ""B"", ""scenario"": ""C1_non_conflicting"", ""topology"": ""mesh"", ""hardware"": ""theoretical_ops"", ""platform"": ""siv_2024_theoretical_ops"", ""planner_level"": ""L2-RB"", ""seed"": 6, ""source"": ""b0"", ""destination"": ""b3"", ""min_fidelity"": 0.5, ""reserved_memory_slots"": 3, ""min_delivered_pairs"": 5, ""duration_s"": 0.3, ""decision_feasible"": true, ""route"": ""b0 -> b1 -> b2 -> b3"", ""final_status"": ""SATISFIED"", ""satisfied"": true, ""delivered_pairs"": 36, ""average_fidelity"": 0.6442314435961, ""failure_class"": ""none"", ""rejection_reason"": null, ""failed_reason"": null, ""planning_wall_time_s"": 0.0009295999770984054, ""orchestration_wall_time_s"": 0.00018309999722987413, ""simulation_wall_time_s_shared"": 28.106091099994956, ""lifecycle_history_length"": 7}]",C1_non_conflicting|theoretical_ops|L2-RB|6
C1_non_conflicting-theoretical_ops-L2-RB-seed7,C1_non_conflicting,mesh,theoretical_ops,L2-RB,7,2,2,0,2,0,0,28.349501799995778,0.002413700014585629,"[{""group_id"": ""C1_non_conflicting-theoretical_ops-L2-RB-seed7"", ""intent_id"": ""C1_non_conflicting-theoretical_ops-L2-RB-seed7-A"", ""group_role"": ""A"", ""scenario"": ""C1_non_conflicting"", ""topology"": ""mesh"", ""hardware"": ""theoretical_ops"", ""platform"": ""siv_2024_theoretical_ops"", ""planner_level"": ""L2-RB"", ""seed"": 7, ""source"": ""a0"", ""destination"": ""a3"", ""min_fidelity"": 0.5, ""reserved_memory_slots"": 3, ""min_delivered_pairs"": 5, ""duration_s"": 0.3, ""decision_feasible"": true, ""route"": ""a0 -> a1 -> a2 -> a3"", ""final_status"": ""SATISFIED"", ""satisfied"": true, ""delivered_pairs"": 39, ""average_fidelity"": 0.6429049196468228, ""failure_class"": ""none"", ""rejection_reason"": null, ""failed_reason"": null, ""planning_wall_time_s"": 0.0010885000228881836, ""orchestration_wall_time_s"": 0.00022929999977350235, ""simulation_wall_time_s_shared"": 28.349501799995778, ""lifecycle_history_length"": 7}, {""group_id"": ""C1_non_conflicting-theoretical_ops-L2-RB-seed7"", ""intent_id"": ""C1_non_conflicting-theoretical_ops-L2-RB-seed7-B"", ""group_role"": ""B"", ""scenario"": ""C1_non_conflicting"", ""topology"": ""mesh"", ""hardware"": ""theoretical_ops"", ""platform"": ""siv_2024_theoretical_ops"", ""planner_level"": ""L2-RB"", ""seed"": 7, ""source"": ""b0"", ""destination"": ""b3"", ""min_fidelity"": 0.5, ""reserved_memory_slots"": 3, ""min_delivered_pairs"": 5, ""duration_s"": 0.3, ""decision_feasible"": true, ""route"": ""b0 -> b1 -> b2 -> b3"", ""final_status"": ""SATISFIED"", ""satisfied"": true, ""delivered_pairs"": 41, ""average_fidelity"": 0.6459203146645245, ""failure_class"": ""none"", ""rejection_reason"": null, ""failed_reason"": null, ""planning_wall_time_s"": 0.0008920000109355897, ""orchestration_wall_time_s"": 0.0002038999809883535, ""simulation_wall_time_s_shared"": 28.349501799995778, ""lifecycle_history_length"": 7}]",C1_non_conflicting|theoretical_ops|L2-RB|7
C2_resource_contention-theoretical_ops-L1-seed3,C2_resource_contention,star,theoretical_ops,L1,3,2,2,0,1,0,1,7.685616000002483,0.0016368000069633126,"[{""group_id"": ""C2_resource_contention-theoretical_ops-L1-seed3"", ""intent_id"": ""C2_resource_contention-theoretical_ops-L1-seed3-A"", ""group_role"": ""A"", ""scenario"": ""C2_resource_contention"", ""topology"": ""star"", ""hardware"": ""theoretical_ops"", ""platform"": ""siv_2024_theoretical_ops"", ""planner_level"": ""L1"", ""seed"": 3, ""source"": ""leaf1"", ""destination"": ""leaf2"", ""min_fidelity"": 0.6, ""reserved_memory_slots"": 3, ""min_delivered_pairs"": 5, ""duration_s"": 0.3, ""decision_feasible"": true, ""route"": ""leaf1 -> center -> leaf2"", ""final_status"": ""SATISFIED"", ""satisfied"": true, ""delivered_pairs"": 31, ""average_fidelity"": 0.7372373876475885, ""failure_class"": ""none"", ""rejection_reason"": null, ""failed_reason"": null, ""planning_wall_time_s"": 0.0005864000122528523, ""orchestration_wall_time_s"": 0.00027489999774843454, ""simulation_wall_time_s_shared"": 7.685616000002483, ""lifecycle_history_length"": 7}, {""group_id"": ""C2_resource_contention-theoretical_ops-L1-seed3"", ""intent_id"": ""C2_resource_contention-theoretical_ops-L1-seed3-B"", ""group_role"": ""B"", ""scenario"": ""C2_resource_contention"", ""topology"": ""star"", ""hardware"": ""theoretical_ops"", ""platform"": ""siv_2024_theoretical_ops"", ""planner_level"": ""L1"", ""seed"": 3, ""source"": ""leaf3"", ""destination"": ""leaf4"", ""min_fidelity"": 0.6, ""reserved_memory_slots"": 3, ""min_delivered_pairs"": 5, ""duration_s"": 0.3, ""decision_feasible"": true, ""route"": ""leaf3 -> center -> leaf4"", ""final_status"": ""FAILED"", ""satisfied"": null, ""delivered_pairs"": null, ""average_fidelity"": null, ""failure_class"": ""C_resource_contention_reservation_rejected"", ""rejection_reason"": null, ""failed_reason"": ""reservation rejected by NetworkManager"", ""planning_wall_time_s"": 0.0005489000177476555, ""orchestration_wall_time_s"": 0.00022659997921437025, ""simulation_wall_time_s_shared"": 7.685616000002483, ""lifecycle_history_length"": 6}]",C2_resource_contention|theoretical_ops|L1|3
C2_resource_contention-theoretical_ops-L1-seed2,C2_resource_contention,star,theoretical_ops,L1,2,2,2,0,1,0,1,8.197196799999801,0.001739799976348877,"[{""group_id"": ""C2_resource_contention-theoretical_ops-L1-seed2"", ""intent_id"": ""C2_resource_contention-theoretical_ops-L1-seed2-A"", ""group_role"": ""A"", ""scenario"": ""C2_resource_contention"", ""topology"": ""star"", ""hardware"": ""theoretical_ops"", ""platform"": ""siv_2024_theoretical_ops"", ""planner_level"": ""L1"", ""seed"": 2, ""source"": ""leaf1"", ""destination"": ""leaf2"", ""min_fidelity"": 0.6, ""reserved_memory_slots"": 3, ""min_delivered_pairs"": 5, ""duration_s"": 0.3, ""decision_feasible"": true, ""route"": ""leaf1 -> center -> leaf2"", ""final_status"": ""SATISFIED"", ""satisfied"": true, ""delivered_pairs"": 29, ""average_fidelity"": 0.7389709527133891, ""failure_class"": ""none"", ""rejection_reason"": null, ""failed_reason"": null, ""planning_wall_time_s"": 0.0006864999886602163, ""orchestration_wall_time_s"": 0.0003198999911546707, ""simulation_wall_time_s_shared"": 8.197196799999801, ""lifecycle_history_length"": 7}, {""group_id"": ""C2_resource_contention-theoretical_ops-L1-seed2"", ""intent_id"": ""C2_resource_contention-theoretical_ops-L1-seed2-B"", ""group_role"": ""B"", ""scenario"": ""C2_resource_contention"", ""topology"": ""star"", ""hardware"": ""theoretical_ops"", ""platform"": ""siv_2024_theoretical_ops"", ""planner_level"": ""L1"", ""seed"": 2, ""source"": ""leaf3"", ""destination"": ""leaf4"", ""min_fidelity"": 0.6, ""reserved_memory_slots"": 3, ""min_delivered_pairs"": 5, ""duration_s"": 0.3, ""decision_feasible"": true, ""route"": ""leaf3 -> center -> leaf4"", ""final_status"": ""FAILED"", ""satisfied"": null, ""delivered_pairs"": null, ""average_fidelity"": null, ""failure_class"": ""C_resource_contention_reservation_rejected"", ""rejection_reason"": null, ""failed_reason"": ""reservation rejected by NetworkManager"", ""planning_wall_time_s"": 0.0005020000098738819, ""orchestration_wall_time_s"": 0.00023139998666010797, ""simulation_wall_time_s_shared"": 8.197196799999801, ""lifecycle_history_length"": 6}]",C2_resource_contention|theoretical_ops|L1|2
C2_resource_contention-theoretical_ops-L1-seed5,C2_resource_contention,star,theoretical_ops,L1,5,2,2,0,1,0,1,7.500969800021267,0.0012441000144463032,"[{""group_id"": ""C2_resource_contention-theoretical_ops-L1-seed5"", ""intent_id"": ""C2_resource_contention-theoretical_ops-L1-seed5-A"", ""group_role"": ""A"", ""scenario"": ""C2_resource_contention"", ""topology"": ""star"", ""hardware"": ""theoretical_ops"", ""platform"": ""siv_2024_theoretical_ops"", ""planner_level"": ""L1"", ""seed"": 5, ""source"": ""leaf1"", ""destination"": ""leaf2"", ""min_fidelity"": 0.6, ""reserved_memory_slots"": 3, ""min_delivered_pairs"": 5, ""duration_s"": 0.3, ""decision_feasible"": true, ""route"": ""leaf1 -> center -> leaf2"", ""final_status"": ""SATISFIED"", ""satisfied"": true, ""delivered_pairs"": 32, ""average_fidelity"": 0.7383217854442986, ""failure_class"": ""none"", ""rejection_reason"": null, ""failed_reason"": null, ""planning_wall_time_s"": 0.0005327000108081847, ""orchestration_wall_time_s"": 0.00022059999173507094, ""simulation_wall_time_s_shared"": 7.500969800021267, ""lifecycle_history_length"": 7}, {""group_id"": ""C2_resource_contention-theoretical_ops-L1-seed5"", ""intent_id"": ""C2_resource_contention-theoretical_ops-L1-seed5-B"", ""group_role"": ""B"", ""scenario"": ""C2_resource_contention"", ""topology"": ""star"", ""hardware"": ""theoretical_ops"", ""platform"": ""siv_2024_theoretical_ops"", ""planner_level"": ""L1"", ""seed"": 5, ""source"": ""leaf3"", ""destination"": ""leaf4"", ""min_fidelity"": 0.6, ""reserved_memory_slots"": 3, ""min_delivered_pairs"": 5, ""duration_s"": 0.3, ""decision_feasible"": true, ""route"": ""leaf3 -> center -> leaf4"", ""final_status"": ""FAILED"", ""satisfied"": null, ""delivered_pairs"": null, ""average_fidelity"": null, ""failure_class"": ""C_resource_contention_reservation_rejected"", ""rejection_reason"": null, ""failed_reason"": ""reservation rejected by NetworkManager"", ""planning_wall_time_s"": 0.0003343000134918839, ""orchestration_wall_time_s"": 0.0001564999984111637, ""simulation_wall_time_s_shared"": 7.500969800021267, ""lifecycle_history_length"": 6}]",C2_resource_contention|theoretical_ops|L1|5
C2_resource_contention-theoretical_ops-L1-seed4,C2_resource_contention,star,theoretical_ops,L1,4,2,2,0,1,0,1,8.121313599986024,0.0009655000176280737,"[{""group_id"": ""C2_resource_contention-theoretical_ops-L1-seed4"", ""intent_id"": ""C2_resource_contention-theoretical_ops-L1-seed4-A"", ""group_role"": ""A"", ""scenario"": ""C2_resource_contention"", ""topology"": ""star"", ""hardware"": ""theoretical_ops"", ""platform"": ""siv_2024_theoretical_ops"", ""planner_level"": ""L1"", ""seed"": 4, ""source"": ""leaf1"", ""destination"": ""leaf2"", ""min_fidelity"": 0.6, ""reserved_memory_slots"": 3, ""min_delivered_pairs"": 5, ""duration_s"": 0.3, ""decision_feasible"": true, ""route"": ""leaf1 -> center -> leaf2"", ""final_status"": ""SATISFIED"", ""satisfied"": true, ""delivered_pairs"": 37, ""average_fidelity"": 0.7388160914475183, ""failure_class"": ""none"", ""rejection_reason"": null, ""failed_reason"": null, ""planning_wall_time_s"": 0.0003978000022470951, ""orchestration_wall_time_s"": 0.00019240000983700156, ""simulation_wall_time_s_shared"": 8.121313599986024, ""lifecycle_history_length"": 7}, {""group_id"": ""C2_resource_contention-theoretical_ops-L1-seed4"", ""intent_id"": ""C2_resource_contention-theoretical_ops-L1-seed4-B"", ""group_role"": ""B"", ""scenario"": ""C2_resource_contention"", ""topology"": ""star"", ""hardware"": ""theoretical_ops"", ""platform"": ""siv_2024_theoretical_ops"", ""planner_level"": ""L1"", ""seed"": 4, ""source"": ""leaf3"", ""destination"": ""leaf4"", ""min_fidelity"": 0.6, ""reserved_memory_slots"": 3, ""min_delivered_pairs"": 5, ""duration_s"": 0.3, ""decision_feasible"": true, ""route"": ""leaf3 -> center -> leaf4"", ""final_status"": ""FAILED"", ""satisfied"": null, ""delivered_pairs"": null, ""average_fidelity"": null, ""failure_class"": ""C_resource_contention_reservation_rejected"", ""rejection_reason"": null, ""failed_reason"": ""reservation rejected by NetworkManager"", ""planning_wall_time_s"": 0.0002683000057004392, ""orchestration_wall_time_s"": 0.00010699999984353781, ""simulation_wall_time_s_shared"": 8.121313599986024, ""lifecycle_history_length"": 6}]",C2_resource_contention|theoretical_ops|L1|4
C1_non_conflicting-theoretical_ops-L2-RB-seed8,C1_non_conflicting,mesh,theoretical_ops,L2-RB,8,2,2,0,2,0,0,27.161015699995914,0.002799299982143566,"[{""group_id"": ""C1_non_conflicting-theoretical_ops-L2-RB-seed8"", ""intent_id"": ""C1_non_conflicting-theoretical_ops-L2-RB-seed8-A"", ""group_role"": ""A"", ""scenario"": ""C1_non_conflicting"", ""topology"": ""mesh"", ""hardware"": ""theoretical_ops"", ""platform"": ""siv_2024_theoretical_ops"", ""planner_level"": ""L2-RB"", ""seed"": 8, ""source"": ""a0"", ""destination"": ""a3"", ""min_fidelity"": 0.5, ""reserved_memory_slots"": 3, ""min_delivered_pairs"": 5, ""duration_s"": 0.3, ""decision_feasible"": true, ""route"": ""a0 -> a1 -> a2 -> a3"", ""final_status"": ""SATISFIED"", ""satisfied"": true, ""delivered_pairs"": 38, ""average_fidelity"": 0.642649691361151, ""failure_class"": ""none"", ""rejection_reason"": null, ""failed_reason"": null, ""planning_wall_time_s"": 0.0013510999851860106, ""orchestration_wall_time_s"": 0.0002964999875985086, ""simulation_wall_time_s_shared"": 27.161015699995914, ""lifecycle_history_length"": 7}, {""group_id"": ""C1_non_conflicting-theoretical_ops-L2-RB-seed8"", ""intent_id"": ""C1_non_conflicting-theoretical_ops-L2-RB-seed8-B"", ""group_role"": ""B"", ""scenario"": ""C1_non_conflicting"", ""topology"": ""mesh"", ""hardware"": ""theoretical_ops"", ""platform"": ""siv_2024_theoretical_ops"", ""planner_level"": ""L2-RB"", ""seed"": 8, ""source"": ""b0"", ""destination"": ""b3"", ""min_fidelity"": 0.5, ""reserved_memory_slots"": 3, ""min_delivered_pairs"": 5, ""duration_s"": 0.3, ""decision_feasible"": true, ""route"": ""b0 -> b1 -> b2 -> b3"", ""final_status"": ""SATISFIED"", ""satisfied"": true, ""delivered_pairs"": 34, ""average_fidelity"": 0.6449598063558813, ""failure_class"": ""none"", ""rejection_reason"": null, ""failed_reason"": null, ""planning_wall_time_s"": 0.0009595000010449439, ""orchestration_wall_time_s"": 0.0001922000083141029, ""simulation_wall_time_s_shared"": 27.161015699995914, ""lifecycle_history_length"": 7}]",C1_non_conflicting|theoretical_ops|L2-RB|8
C2_resource_contention-theoretical_ops-L1-seed6,C2_resource_contention,star,theoretical_ops,L1,6,2,2,0,1,0,1,9.344652900006622,0.001626700017368421,"[{""group_id"": ""C2_resource_contention-theoretical_ops-L1-seed6"", ""intent_id"": ""C2_resource_contention-theoretical_ops-L1-seed6-A"", ""group_role"": ""A"", ""scenario"": ""C2_resource_contention"", ""topology"": ""star"", ""hardware"": ""theoretical_ops"", ""platform"": ""siv_2024_theoretical_ops"", ""planner_level"": ""L1"", ""seed"": 6, ""source"": ""leaf1"", ""destination"": ""leaf2"", ""min_fidelity"": 0.6, ""reserved_memory_slots"": 3, ""min_delivered_pairs"": 5, ""duration_s"": 0.3, ""decision_feasible"": true, ""route"": ""leaf1 -> center -> leaf2"", ""final_status"": ""SATISFIED"", ""satisfied"": true, ""delivered_pairs"": 34, ""average_fidelity"": 0.7389683711827216, ""failure_class"": ""none"", ""rejection_reason"": null, ""failed_reason"": null, ""planning_wall_time_s"": 0.000679599994327873, ""orchestration_wall_time_s"": 0.0002707999956328422, ""simulation_wall_time_s_shared"": 9.344652900006622, ""lifecycle_history_length"": 7}, {""group_id"": ""C2_resource_contention-theoretical_ops-L1-seed6"", ""intent_id"": ""C2_resource_contention-theoretical_ops-L1-seed6-B"", ""group_role"": ""B"", ""scenario"": ""C2_resource_contention"", ""topology"": ""star"", ""hardware"": ""theoretical_ops"", ""platform"": ""siv_2024_theoretical_ops"", ""planner_level"": ""L1"", ""seed"": 6, ""source"": ""leaf3"", ""destination"": ""leaf4"", ""min_fidelity"": 0.6, ""reserved_memory_slots"": 3, ""min_delivered_pairs"": 5, ""duration_s"": 0.3, ""decision_feasible"": true, ""route"": ""leaf3 -> center -> leaf4"", ""final_status"": ""FAILED"", ""satisfied"": null, ""delivered_pairs"": null, ""average_fidelity"": null, ""failure_class"": ""C_resource_contention_reservation_rejected"", ""rejection_reason"": null, ""failed_reason"": ""reservation rejected by NetworkManager"", ""planning_wall_time_s"": 0.0004607000155374408, ""orchestration_wall_time_s"": 0.000215600011870265, ""simulation_wall_time_s_shared"": 9.344652900006622, ""lifecycle_history_length"": 6}]",C2_resource_contention|theoretical_ops|L1|6
C2_resource_contention-theoretical_ops-L1-seed7,C2_resource_contention,star,theoretical_ops,L1,7,2,2,0,1,0,1,9.25016009999672,0.0017878999933600426,"[{""group_id"": ""C2_resource_contention-theoretical_ops-L1-seed7"", ""intent_id"": ""C2_resource_contention-theoretical_ops-L1-seed7-A"", ""group_role"": ""A"", ""scenario"": ""C2_resource_contention"", ""topology"": ""star"", ""hardware"": ""theoretical_ops"", ""platform"": ""siv_2024_theoretical_ops"", ""planner_level"": ""L1"", ""seed"": 7, ""source"": ""leaf1"", ""destination"": ""leaf2"", ""min_fidelity"": 0.6, ""reserved_memory_slots"": 3, ""min_delivered_pairs"": 5, ""duration_s"": 0.3, ""decision_feasible"": true, ""route"": ""leaf1 -> center -> leaf2"", ""final_status"": ""SATISFIED"", ""satisfied"": true, ""delivered_pairs"": 32, ""average_fidelity"": 0.7386395853126004, ""failure_class"": ""none"", ""rejection_reason"": null, ""failed_reason"": null, ""planning_wall_time_s"": 0.0006170000124257058, ""orchestration_wall_time_s"": 0.00034830000367946923, ""simulation_wall_time_s_shared"": 9.25016009999672, ""lifecycle_history_length"": 7}, {""group_id"": ""C2_resource_contention-theoretical_ops-L1-seed7"", ""intent_id"": ""C2_resource_contention-theoretical_ops-L1-seed7-B"", ""group_role"": ""B"", ""scenario"": ""C2_resource_contention"", ""topology"": ""star"", ""hardware"": ""theoretical_ops"", ""platform"": ""siv_2024_theoretical_ops"", ""planner_level"": ""L1"", ""seed"": 7, ""source"": ""leaf3"", ""destination"": ""leaf4"", ""min_fidelity"": 0.6, ""reserved_memory_slots"": 3, ""min_delivered_pairs"": 5, ""duration_s"": 0.3, ""decision_feasible"": true, ""route"": ""leaf3 -> center -> leaf4"", ""final_status"": ""FAILED"", ""satisfied"": null, ""delivered_pairs"": null, ""average_fidelity"": null, ""failure_class"": ""C_resource_contention_reservation_rejected"", ""rejection_reason"": null, ""failed_reason"": ""reservation rejected by NetworkManager"", ""planning_wall_time_s"": 0.0005845999985467643, ""orchestration_wall_time_s"": 0.0002379999787081033, ""simulation_wall_time_s_shared"": 9.25016009999672, ""lifecycle_history_length"": 6}]",C2_resource_contention|theoretical_ops|L1|7
C1_non_conflicting-theoretical_ops-L2-RB-seed9,C1_non_conflicting,mesh,theoretical_ops,L2-RB,9,2,2,0,2,0,0,27.46352079999633,0.0019681999983731657,"[{""group_id"": ""C1_non_conflicting-theoretical_ops-L2-RB-seed9"", ""intent_id"": ""C1_non_conflicting-theoretical_ops-L2-RB-seed9-A"", ""group_role"": ""A"", ""scenario"": ""C1_non_conflicting"", ""topology"": ""mesh"", ""hardware"": ""theoretical_ops"", ""platform"": ""siv_2024_theoretical_ops"", ""planner_level"": ""L2-RB"", ""seed"": 9, ""source"": ""a0"", ""destination"": ""a3"", ""min_fidelity"": 0.5, ""reserved_memory_slots"": 3, ""min_delivered_pairs"": 5, ""duration_s"": 0.3, ""decision_feasible"": true, ""route"": ""a0 -> a1 -> a2 -> a3"", ""final_status"": ""SATISFIED"", ""satisfied"": true, ""delivered_pairs"": 38, ""average_fidelity"": 0.6436195602208379, ""failure_class"": ""none"", ""rejection_reason"": null, ""failed_reason"": null, ""planning_wall_time_s"": 0.0009305000130552799, ""orchestration_wall_time_s"": 0.00021359999664127827, ""simulation_wall_time_s_shared"": 27.46352079999633, ""lifecycle_history_length"": 7}, {""group_id"": ""C1_non_conflicting-theoretical_ops-L2-RB-seed9"", ""intent_id"": ""C1_non_conflicting-theoretical_ops-L2-RB-seed9-B"", ""group_role"": ""B"", ""scenario"": ""C1_non_conflicting"", ""topology"": ""mesh"", ""hardware"": ""theoretical_ops"", ""platform"": ""siv_2024_theoretical_ops"", ""planner_level"": ""L2-RB"", ""seed"": 9, ""source"": ""b0"", ""destination"": ""b3"", ""min_fidelity"": 0.5, ""reserved_memory_slots"": 3, ""min_delivered_pairs"": 5, ""duration_s"": 0.3, ""decision_feasible"": true, ""route"": ""b0 -> b1 -> b2 -> b3"", ""final_status"": ""SATISFIED"", ""satisfied"": true, ""delivered_pairs"": 33, ""average_fidelity"": 0.6420486564208788, ""failure_class"": ""none"", ""rejection_reason"": null, ""failed_reason"": null, ""planning_wall_time_s"": 0.0006784999859519303, ""orchestration_wall_time_s"": 0.00014560000272467732, ""simulation_wall_time_s_shared"": 27.46352079999633, ""lifecycle_history_length"": 7}]",C1_non_conflicting|theoretical_ops|L2-RB|9
C2_resource_contention-theoretical_ops-L1-seed8,C2_resource_contention,star,theoretical_ops,L1,8,2,2,0,1,0,1,11.236538199998904,0.001490199996624142,"[{""group_id"": ""C2_resource_contention-theoretical_ops-L1-seed8"", ""intent_id"": ""C2_resource_contention-theoretical_ops-L1-seed8-A"", ""group_role"": ""A"", ""scenario"": ""C2_resource_contention"", ""topology"": ""star"", ""hardware"": ""theoretical_ops"", ""platform"": ""siv_2024_theoretical_ops"", ""planner_level"": ""L1"", ""seed"": 8, ""source"": ""leaf1"", ""destination"": ""leaf2"", ""min_fidelity"": 0.6, ""reserved_memory_slots"": 3, ""min_delivered_pairs"": 5, ""duration_s"": 0.3, ""decision_feasible"": true, ""route"": ""leaf1 -> center -> leaf2"", ""final_status"": ""SATISFIED"", ""satisfied"": true, ""delivered_pairs"": 38, ""average_fidelity"": 0.7391927467708889, ""failure_class"": ""none"", ""rejection_reason"": null, ""failed_reason"": null, ""planning_wall_time_s"": 0.0005153999954927713, ""orchestration_wall_time_s"": 0.00029180001001805067, ""simulation_wall_time_s_shared"": 11.236538199998904, ""lifecycle_history_length"": 7}, {""group_id"": ""C2_resource_contention-theoretical_ops-L1-seed8"", ""intent_id"": ""C2_resource_contention-theoretical_ops-L1-seed8-B"", ""group_role"": ""B"", ""scenario"": ""C2_resource_contention"", ""topology"": ""star"", ""hardware"": ""theoretical_ops"", ""platform"": ""siv_2024_theoretical_ops"", ""planner_level"": ""L1"", ""seed"": 8, ""source"": ""leaf3"", ""destination"": ""leaf4"", ""min_fidelity"": 0.6, ""reserved_memory_slots"": 3, ""min_delivered_pairs"": 5, ""duration_s"": 0.3, ""decision_feasible"": true, ""route"": ""leaf3 -> center -> leaf4"", ""final_status"": ""FAILED"", ""satisfied"": null, ""delivered_pairs"": null, ""average_fidelity"": null, ""failure_class"": ""C_resource_contention_reservation_rejected"", ""rejection_reason"": null, ""failed_reason"": ""reservation rejected by NetworkManager"", ""planning_wall_time_s"": 0.0004810999962501228, ""orchestration_wall_time_s"": 0.0002018999948631972, ""simulation_wall_time_s_shared"": 11.236538199998904, ""lifecycle_history_length"": 6}]",C2_resource_contention|theoretical_ops|L1|8
C2_resource_contention-theoretical_ops-L1-seed9,C2_resource_contention,star,theoretical_ops,L1,9,2,2,0,1,0,1,11.120529599982547,0.0012946999922860414,"[{""group_id"": ""C2_resource_contention-theoretical_ops-L1-seed9"", ""intent_id"": ""C2_resource_contention-theoretical_ops-L1-seed9-A"", ""group_role"": ""A"", ""scenario"": ""C2_resource_contention"", ""topology"": ""star"", ""hardware"": ""theoretical_ops"", ""platform"": ""siv_2024_theoretical_ops"", ""planner_level"": ""L1"", ""seed"": 9, ""source"": ""leaf1"", ""destination"": ""leaf2"", ""min_fidelity"": 0.6, ""reserved_memory_slots"": 3, ""min_delivered_pairs"": 5, ""duration_s"": 0.3, ""decision_feasible"": true, ""route"": ""leaf1 -> center -> leaf2"", ""final_status"": ""SATISFIED"", ""satisfied"": true, ""delivered_pairs"": 33, ""average_fidelity"": 0.7408324932785527, ""failure_class"": ""none"", ""rejection_reason"": null, ""failed_reason"": null, ""planning_wall_time_s"": 0.0005041999975219369, ""orchestration_wall_time_s"": 0.00022769998759031296, ""simulation_wall_time_s_shared"": 11.120529599982547, ""lifecycle_history_length"": 7}, {""group_id"": ""C2_resource_contention-theoretical_ops-L1-seed9"", ""intent_id"": ""C2_resource_contention-theoretical_ops-L1-seed9-B"", ""group_role"": ""B"", ""scenario"": ""C2_resource_contention"", ""topology"": ""star"", ""hardware"": ""theoretical_ops"", ""platform"": ""siv_2024_theoretical_ops"", ""planner_level"": ""L1"", ""seed"": 9, ""source"": ""leaf3"", ""destination"": ""leaf4"", ""min_fidelity"": 0.6, ""reserved_memory_slots"": 3, ""min_delivered_pairs"": 5, ""duration_s"": 0.3, ""decision_feasible"": true, ""route"": ""leaf3 -> center -> leaf4"", ""final_status"": ""FAILED"", ""satisfied"": null, ""delivered_pairs"": null, ""average_fidelity"": null, ""failure_class"": ""C_resource_contention_reservation_rejected"", ""rejection_reason"": null, ""failed_reason"": ""reservation rejected by NetworkManager"", ""planning_wall_time_s"": 0.0004014000005554408, ""orchestration_wall_time_s"": 0.00016140000661835074, ""simulation_wall_time_s_shared"": 11.120529599982547, ""lifecycle_history_length"": 6}]",C2_resource_contention|theoretical_ops|L1|9
C2_resource_contention-theoretical_ops-L2-RB-seed1,C2_resource_contention,star,theoretical_ops,L2-RB,1,2,2,0,1,0,1,9.76272249998874,0.0016432999982498586,"[{""group_id"": ""C2_resource_contention-theoretical_ops-L2-RB-seed1"", ""intent_id"": ""C2_resource_contention-theoretical_ops-L2-RB-seed1-A"", ""group_role"": ""A"", ""scenario"": ""C2_resource_contention"", ""topology"": ""star"", ""hardware"": ""theoretical_ops"", ""platform"": ""siv_2024_theoretical_ops"", ""planner_level"": ""L2-RB"", ""seed"": 1, ""source"": ""leaf1"", ""destination"": ""leaf2"", ""min_fidelity"": 0.6, ""reserved_memory_slots"": 3, ""min_delivered_pairs"": 5, ""duration_s"": 0.3, ""decision_feasible"": true, ""route"": ""leaf1 -> center -> leaf2"", ""final_status"": ""SATISFIED"", ""satisfied"": true, ""delivered_pairs"": 28, ""average_fidelity"": 0.7352819101709033, ""failure_class"": ""none"", ""rejection_reason"": null, ""failed_reason"": null, ""planning_wall_time_s"": 0.0007387000077869743, ""orchestration_wall_time_s"": 0.0003795000084210187, ""simulation_wall_time_s_shared"": 9.76272249998874, ""lifecycle_history_length"": 7}, {""group_id"": ""C2_resource_contention-theoretical_ops-L2-RB-seed1"", ""intent_id"": ""C2_resource_contention-theoretical_ops-L2-RB-seed1-B"", ""group_role"": ""B"", ""scenario"": ""C2_resource_contention"", ""topology"": ""star"", ""hardware"": ""theoretical_ops"", ""platform"": ""siv_2024_theoretical_ops"", ""planner_level"": ""L2-RB"", ""seed"": 1, ""source"": ""leaf3"", ""destination"": ""leaf4"", ""min_fidelity"": 0.6, ""reserved_memory_slots"": 3, ""min_delivered_pairs"": 5, ""duration_s"": 0.3, ""decision_feasible"": true, ""route"": ""leaf3 -> center -> leaf4"", ""final_status"": ""FAILED"", ""satisfied"": null, ""delivered_pairs"": null, ""average_fidelity"": null, ""failure_class"": ""C_resource_contention_reservation_rejected"", ""rejection_reason"": null, ""failed_reason"": ""reservation rejected by NetworkManager"", ""planning_wall_time_s"": 0.0003649999853223562, ""orchestration_wall_time_s"": 0.00016009999671950936, ""simulation_wall_time_s_shared"": 9.76272249998874, ""lifecycle_history_length"": 6}]",C2_resource_contention|theoretical_ops|L2-RB|1
C2_resource_contention-theoretical_ops-L2-RB-seed0,C2_resource_contention,star,theoretical_ops,L2-RB,0,2,2,0,1,0,1,12.238096400018549,0.006836799992015585,"[{""group_id"": ""C2_resource_contention-theoretical_ops-L2-RB-seed0"", ""intent_id"": ""C2_resource_contention-theoretical_ops-L2-RB-seed0-A"", ""group_role"": ""A"", ""scenario"": ""C2_resource_contention"", ""topology"": ""star"", ""hardware"": ""theoretical_ops"", ""platform"": ""siv_2024_theoretical_ops"", ""planner_level"": ""L2-RB"", ""seed"": 0, ""source"": ""leaf1"", ""destination"": ""leaf2"", ""min_fidelity"": 0.6, ""reserved_memory_slots"": 3, ""min_delivered_pairs"": 5, ""duration_s"": 0.3, ""decision_feasible"": true, ""route"": ""leaf1 -> center -> leaf2"", ""final_status"": ""SATISFIED"", ""satisfied"": true, ""delivered_pairs"": 30, ""average_fidelity"": 0.7379162036426361, ""failure_class"": ""none"", ""rejection_reason"": null, ""failed_reason"": null, ""planning_wall_time_s"": 0.0009809999901335686, ""orchestration_wall_time_s"": 0.004842499998630956, ""simulation_wall_time_s_shared"": 12.238096400018549, ""lifecycle_history_length"": 7}, {""group_id"": ""C2_resource_contention-theoretical_ops-L2-RB-seed0"", ""intent_id"": ""C2_resource_contention-theoretical_ops-L2-RB-seed0-B"", ""group_role"": ""B"", ""scenario"": ""C2_resource_contention"", ""topology"": ""star"", ""hardware"": ""theoretical_ops"", ""platform"": ""siv_2024_theoretical_ops"", ""planner_level"": ""L2-RB"", ""seed"": 0, ""source"": ""leaf3"", ""destination"": ""leaf4"", ""min_fidelity"": 0.6, ""reserved_memory_slots"": 3, ""min_delivered_pairs"": 5, ""duration_s"": 0.3, ""decision_feasible"": true, ""route"": ""leaf3 -> center -> leaf4"", ""final_status"": ""FAILED"", ""satisfied"": null, ""delivered_pairs"": null, ""average_fidelity"": null, ""failure_class"": ""C_resource_contention_reservation_rejected"", ""rejection_reason"": null, ""failed_reason"": ""reservation rejected by NetworkManager"", ""planning_wall_time_s"": 0.0007977000204846263, ""orchestration_wall_time_s"": 0.00021559998276643455, ""simulation_wall_time_s_shared"": 12.238096400018549, ""lifecycle_history_length"": 6}]",C2_resource_contention|theoretical_ops|L2-RB|0
C2_resource_contention-theoretical_ops-L2-RB-seed3,C2_resource_contention,star,theoretical_ops,L2-RB,3,2,2,0,1,0,1,10.595953399984865,0.0013825000205542892,"[{""group_id"": ""C2_resource_contention-theoretical_ops-L2-RB-seed3"", ""intent_id"": ""C2_resource_contention-theoretical_ops-L2-RB-seed3-A"", ""group_role"": ""A"", ""scenario"": ""C2_resource_contention"", ""topology"": ""star"", ""hardware"": ""theoretical_ops"", ""platform"": ""siv_2024_theoretical_ops"", ""planner_level"": ""L2-RB"", ""seed"": 3, ""source"": ""leaf1"", ""destination"": ""leaf2"", ""min_fidelity"": 0.6, ""reserved_memory_slots"": 3, ""min_delivered_pairs"": 5, ""duration_s"": 0.3, ""decision_feasible"": true, ""route"": ""leaf1 -> center -> leaf2"", ""final_status"": ""SATISFIED"", ""satisfied"": true, ""delivered_pairs"": 31, ""average_fidelity"": 0.7372373876475885, ""failure_class"": ""none"", ""rejection_reason"": null, ""failed_reason"": null, ""planning_wall_time_s"": 0.0005486000154633075, ""orchestration_wall_time_s"": 0.0002623999898787588, ""simulation_wall_time_s_shared"": 10.595953399984865, ""lifecycle_history_length"": 7}, {""group_id"": ""C2_resource_contention-theoretical_ops-L2-RB-seed3"", ""intent_id"": ""C2_resource_contention-theoretical_ops-L2-RB-seed3-B"", ""group_role"": ""B"", ""scenario"": ""C2_resource_contention"", ""topology"": ""star"", ""hardware"": ""theoretical_ops"", ""platform"": ""siv_2024_theoretical_ops"", ""planner_level"": ""L2-RB"", ""seed"": 3, ""source"": ""leaf3"", ""destination"": ""leaf4"", ""min_fidelity"": 0.6, ""reserved_memory_slots"": 3, ""min_delivered_pairs"": 5, ""duration_s"": 0.3, ""decision_feasible"": true, ""route"": ""leaf3 -> center -> leaf4"", ""final_status"": ""FAILED"", ""satisfied"": null, ""delivered_pairs"": null, ""average_fidelity"": null, ""failure_class"": ""C_resource_contention_reservation_rejected"", ""rejection_reason"": null, ""failed_reason"": ""reservation rejected by NetworkManager"", ""planning_wall_time_s"": 0.000378400000045076, ""orchestration_wall_time_s"": 0.00019310001516714692, ""simulation_wall_time_s_shared"": 10.595953399984865, ""lifecycle_history_length"": 6}]",C2_resource_contention|theoretical_ops|L2-RB|3
C2_resource_contention-theoretical_ops-L2-RB-seed2,C2_resource_contention,star,theoretical_ops,L2-RB,2,2,2,0,1,0,1,11.196019099996192,0.0019234000355936587,"[{""group_id"": ""C2_resource_contention-theoretical_ops-L2-RB-seed2"", ""intent_id"": ""C2_resource_contention-theoretical_ops-L2-RB-seed2-A"", ""group_role"": ""A"", ""scenario"": ""C2_resource_contention"", ""topology"": ""star"", ""hardware"": ""theoretical_ops"", ""platform"": ""siv_2024_theoretical_ops"", ""planner_level"": ""L2-RB"", ""seed"": 2, ""source"": ""leaf1"", ""destination"": ""leaf2"", ""min_fidelity"": 0.6, ""reserved_memory_slots"": 3, ""min_delivered_pairs"": 5, ""duration_s"": 0.3, ""decision_feasible"": true, ""route"": ""leaf1 -> center -> leaf2"", ""final_status"": ""SATISFIED"", ""satisfied"": true, ""delivered_pairs"": 29, ""average_fidelity"": 0.7389709527133891, ""failure_class"": ""none"", ""rejection_reason"": null, ""failed_reason"": null, ""planning_wall_time_s"": 0.0007686000026296824, ""orchestration_wall_time_s"": 0.0003105000068899244, ""simulation_wall_time_s_shared"": 11.196019099996192, ""lifecycle_history_length"": 7}, {""group_id"": ""C2_resource_contention-theoretical_ops-L2-RB-seed2"", ""intent_id"": ""C2_resource_contention-theoretical_ops-L2-RB-seed2-B"", ""group_role"": ""B"", ""scenario"": ""C2_resource_contention"", ""topology"": ""star"", ""hardware"": ""theoretical_ops"", ""platform"": ""siv_2024_theoretical_ops"", ""planner_level"": ""L2-RB"", ""seed"": 2, ""source"": ""leaf3"", ""destination"": ""leaf4"", ""min_fidelity"": 0.6, ""reserved_memory_slots"": 3, ""min_delivered_pairs"": 5, ""duration_s"": 0.3, ""decision_feasible"": true, ""route"": ""leaf3 -> center -> leaf4"", ""final_status"": ""FAILED"", ""satisfied"": null, ""delivered_pairs"": null, ""average_fidelity"": null, ""failure_class"": ""C_resource_contention_reservation_rejected"", ""rejection_reason"": null, ""failed_reason"": ""reservation rejected by NetworkManager"", ""planning_wall_time_s"": 0.0005476000078488141, ""orchestration_wall_time_s"": 0.00029670001822523773, ""simulation_wall_time_s_shared"": 11.196019099996192, ""lifecycle_history_length"": 6}]",C2_resource_contention|theoretical_ops|L2-RB|2
C2_resource_contention-theoretical_ops-L2-RB-seed5,C2_resource_contention,star,theoretical_ops,L2-RB,5,2,2,0,1,0,1,11.565951500000665,0.0021380999824032187,"[{""group_id"": ""C2_resource_contention-theoretical_ops-L2-RB-seed5"", ""intent_id"": ""C2_resource_contention-theoretical_ops-L2-RB-seed5-A"", ""group_role"": ""A"", ""scenario"": ""C2_resource_contention"", ""topology"": ""star"", ""hardware"": ""theoretical_ops"", ""platform"": ""siv_2024_theoretical_ops"", ""planner_level"": ""L2-RB"", ""seed"": 5, ""source"": ""leaf1"", ""destination"": ""leaf2"", ""min_fidelity"": 0.6, ""reserved_memory_slots"": 3, ""min_delivered_pairs"": 5, ""duration_s"": 0.3, ""decision_feasible"": true, ""route"": ""leaf1 -> center -> leaf2"", ""final_status"": ""SATISFIED"", ""satisfied"": true, ""delivered_pairs"": 32, ""average_fidelity"": 0.7383217854442986, ""failure_class"": ""none"", ""rejection_reason"": null, ""failed_reason"": null, ""planning_wall_time_s"": 0.001341299997875467, ""orchestration_wall_time_s"": 0.0002447000006213784, ""simulation_wall_time_s_shared"": 11.565951500000665, ""lifecycle_history_length"": 7}, {""group_id"": ""C2_resource_contention-theoretical_ops-L2-RB-seed5"", ""intent_id"": ""C2_resource_contention-theoretical_ops-L2-RB-seed5-B"", ""group_role"": ""B"", ""scenario"": ""C2_resource_contention"", ""topology"": ""star"", ""hardware"": ""theoretical_ops"", ""platform"": ""siv_2024_theoretical_ops"", ""planner_level"": ""L2-RB"", ""seed"": 5, ""source"": ""leaf3"", ""destination"": ""leaf4"", ""min_fidelity"": 0.6, ""reserved_memory_slots"": 3, ""min_delivered_pairs"": 5, ""duration_s"": 0.3, ""decision_feasible"": true, ""route"": ""leaf3 -> center -> leaf4"", ""final_status"": ""FAILED"", ""satisfied"": null, ""delivered_pairs"": null, ""average_fidelity"": null, ""failure_class"": ""C_resource_contention_reservation_rejected"", ""rejection_reason"": null, ""failed_reason"": ""reservation rejected by NetworkManager"", ""planning_wall_time_s"": 0.0003667999990284443, ""orchestration_wall_time_s"": 0.0001852999848779291, ""simulation_wall_time_s_shared"": 11.565951500000665, ""lifecycle_history_length"": 6}]",C2_resource_contention|theoretical_ops|L2-RB|5
C2_resource_contention-theoretical_ops-L2-RB-seed4,C2_resource_contention,star,theoretical_ops,L2-RB,4,2,2,0,1,0,1,11.906202299986035,0.00124299997696653,"[{""group_id"": ""C2_resource_contention-theoretical_ops-L2-RB-seed4"", ""intent_id"": ""C2_resource_contention-theoretical_ops-L2-RB-seed4-A"", ""group_role"": ""A"", ""scenario"": ""C2_resource_contention"", ""topology"": ""star"", ""hardware"": ""theoretical_ops"", ""platform"": ""siv_2024_theoretical_ops"", ""planner_level"": ""L2-RB"", ""seed"": 4, ""source"": ""leaf1"", ""destination"": ""leaf2"", ""min_fidelity"": 0.6, ""reserved_memory_slots"": 3, ""min_delivered_pairs"": 5, ""duration_s"": 0.3, ""decision_feasible"": true, ""route"": ""leaf1 -> center -> leaf2"", ""final_status"": ""SATISFIED"", ""satisfied"": true, ""delivered_pairs"": 37, ""average_fidelity"": 0.7388160914475183, ""failure_class"": ""none"", ""rejection_reason"": null, ""failed_reason"": null, ""planning_wall_time_s"": 0.0005136000108905137, ""orchestration_wall_time_s"": 0.00022509999689646065, ""simulation_wall_time_s_shared"": 11.906202299986035, ""lifecycle_history_length"": 7}, {""group_id"": ""C2_resource_contention-theoretical_ops-L2-RB-seed4"", ""intent_id"": ""C2_resource_contention-theoretical_ops-L2-RB-seed4-B"", ""group_role"": ""B"", ""scenario"": ""C2_resource_contention"", ""topology"": ""star"", ""hardware"": ""theoretical_ops"", ""platform"": ""siv_2024_theoretical_ops"", ""planner_level"": ""L2-RB"", ""seed"": 4, ""source"": ""leaf3"", ""destination"": ""leaf4"", ""min_fidelity"": 0.6, ""reserved_memory_slots"": 3, ""min_delivered_pairs"": 5, ""duration_s"": 0.3, ""decision_feasible"": true, ""route"": ""leaf3 -> center -> leaf4"", ""final_status"": ""FAILED"", ""satisfied"": null, ""delivered_pairs"": null, ""average_fidelity"": null, ""failure_class"": ""C_resource_contention_reservation_rejected"", ""rejection_reason"": null, ""failed_reason"": ""reservation rejected by NetworkManager"", ""planning_wall_time_s"": 0.0003549999964889139, ""orchestration_wall_time_s"": 0.00014929997269064188, ""simulation_wall_time_s_shared"": 11.906202299986035, ""lifecycle_history_length"": 6}]",C2_resource_contention|theoretical_ops|L2-RB|4
C2_resource_contention-theoretical_ops-L2-RB-seed6,C2_resource_contention,star,theoretical_ops,L2-RB,6,2,2,0,1,0,1,12.325116699998034,0.0018497999990358949,"[{""group_id"": ""C2_resource_contention-theoretical_ops-L2-RB-seed6"", ""intent_id"": ""C2_resource_contention-theoretical_ops-L2-RB-seed6-A"", ""group_role"": ""A"", ""scenario"": ""C2_resource_contention"", ""topology"": ""star"", ""hardware"": ""theoretical_ops"", ""platform"": ""siv_2024_theoretical_ops"", ""planner_level"": ""L2-RB"", ""seed"": 6, ""source"": ""leaf1"", ""destination"": ""leaf2"", ""min_fidelity"": 0.6, ""reserved_memory_slots"": 3, ""min_delivered_pairs"": 5, ""duration_s"": 0.3, ""decision_feasible"": true, ""route"": ""leaf1 -> center -> leaf2"", ""final_status"": ""SATISFIED"", ""satisfied"": true, ""delivered_pairs"": 34, ""average_fidelity"": 0.7389683711827216, ""failure_class"": ""none"", ""rejection_reason"": null, ""failed_reason"": null, ""planning_wall_time_s"": 0.0008559999987483025, ""orchestration_wall_time_s"": 0.00028780000866390765, ""simulation_wall_time_s_shared"": 12.325116699998034, ""lifecycle_history_length"": 7}, {""group_id"": ""C2_resource_contention-theoretical_ops-L2-RB-seed6"", ""intent_id"": ""C2_resource_contention-theoretical_ops-L2-RB-seed6-B"", ""group_role"": ""B"", ""scenario"": ""C2_resource_contention"", ""topology"": ""star"", ""hardware"": ""theoretical_ops"", ""platform"": ""siv_2024_theoretical_ops"", ""planner_level"": ""L2-RB"", ""seed"": 6, ""source"": ""leaf3"", ""destination"": ""leaf4"", ""min_fidelity"": 0.6, ""reserved_memory_slots"": 3, ""min_delivered_pairs"": 5, ""duration_s"": 0.3, ""decision_feasible"": true, ""route"": ""leaf3 -> center -> leaf4"", ""final_status"": ""FAILED"", ""satisfied"": null, ""delivered_pairs"": null, ""average_fidelity"": null, ""failure_class"": ""C_resource_contention_reservation_rejected"", ""rejection_reason"": null, ""failed_reason"": ""reservation rejected by NetworkManager"", ""planning_wall_time_s"": 0.0004896000027656555, ""orchestration_wall_time_s"": 0.00021639998885802925, ""simulation_wall_time_s_shared"": 12.325116699998034, ""lifecycle_history_length"": 6}]",C2_resource_contention|theoretical_ops|L2-RB|6
C2_resource_contention-theoretical_ops-L2-RB-seed7,C2_resource_contention,star,theoretical_ops,L2-RB,7,2,2,0,1,0,1,12.271200099989073,0.0019499000045470893,"[{""group_id"": ""C2_resource_contention-theoretical_ops-L2-RB-seed7"", ""intent_id"": ""C2_resource_contention-theoretical_ops-L2-RB-seed7-A"", ""group_role"": ""A"", ""scenario"": ""C2_resource_contention"", ""topology"": ""star"", ""hardware"": ""theoretical_ops"", ""platform"": ""siv_2024_theoretical_ops"", ""planner_level"": ""L2-RB"", ""seed"": 7, ""source"": ""leaf1"", ""destination"": ""leaf2"", ""min_fidelity"": 0.6, ""reserved_memory_slots"": 3, ""min_delivered_pairs"": 5, ""duration_s"": 0.3, ""decision_feasible"": true, ""route"": ""leaf1 -> center -> leaf2"", ""final_status"": ""SATISFIED"", ""satisfied"": true, ""delivered_pairs"": 32, ""average_fidelity"": 0.7386395853126004, ""failure_class"": ""none"", ""rejection_reason"": null, ""failed_reason"": null, ""planning_wall_time_s"": 0.0006886000046506524, ""orchestration_wall_time_s"": 0.0004836999869439751, ""simulation_wall_time_s_shared"": 12.271200099989073, ""lifecycle_history_length"": 7}, {""group_id"": ""C2_resource_contention-theoretical_ops-L2-RB-seed7"", ""intent_id"": ""C2_resource_contention-theoretical_ops-L2-RB-seed7-B"", ""group_role"": ""B"", ""scenario"": ""C2_resource_contention"", ""topology"": ""star"", ""hardware"": ""theoretical_ops"", ""platform"": ""siv_2024_theoretical_ops"", ""planner_level"": ""L2-RB"", ""seed"": 7, ""source"": ""leaf3"", ""destination"": ""leaf4"", ""min_fidelity"": 0.6, ""reserved_memory_slots"": 3, ""min_delivered_pairs"": 5, ""duration_s"": 0.3, ""decision_feasible"": true, ""route"": ""leaf3 -> center -> leaf4"", ""final_status"": ""FAILED"", ""satisfied"": null, ""delivered_pairs"": null, ""average_fidelity"": null, ""failure_class"": ""C_resource_contention_reservation_rejected"", ""rejection_reason"": null, ""failed_reason"": ""reservation rejected by NetworkManager"", ""planning_wall_time_s"": 0.0005448000156320632, ""orchestration_wall_time_s"": 0.0002327999973203987, ""simulation_wall_time_s_shared"": 12.271200099989073, ""lifecycle_history_length"": 6}]",C2_resource_contention|theoretical_ops|L2-RB|7
C2_resource_contention-theoretical_ops-L2-RB-seed8,C2_resource_contention,star,theoretical_ops,L2-RB,8,2,2,0,1,0,1,12.640078500000527,0.00233650000882335,"[{""group_id"": ""C2_resource_contention-theoretical_ops-L2-RB-seed8"", ""intent_id"": ""C2_resource_contention-theoretical_ops-L2-RB-seed8-A"", ""group_role"": ""A"", ""scenario"": ""C2_resource_contention"", ""topology"": ""star"", ""hardware"": ""theoretical_ops"", ""platform"": ""siv_2024_theoretical_ops"", ""planner_level"": ""L2-RB"", ""seed"": 8, ""source"": ""leaf1"", ""destination"": ""leaf2"", ""min_fidelity"": 0.6, ""reserved_memory_slots"": 3, ""min_delivered_pairs"": 5, ""duration_s"": 0.3, ""decision_feasible"": true, ""route"": ""leaf1 -> center -> leaf2"", ""final_status"": ""SATISFIED"", ""satisfied"": true, ""delivered_pairs"": 38, ""average_fidelity"": 0.7391927467708889, ""failure_class"": ""none"", ""rejection_reason"": null, ""failed_reason"": null, ""planning_wall_time_s"": 0.0013595999917015433, ""orchestration_wall_time_s"": 0.0002750999992713332, ""simulation_wall_time_s_shared"": 12.640078500000527, ""lifecycle_history_length"": 7}, {""group_id"": ""C2_resource_contention-theoretical_ops-L2-RB-seed8"", ""intent_id"": ""C2_resource_contention-theoretical_ops-L2-RB-seed8-B"", ""group_role"": ""B"", ""scenario"": ""C2_resource_contention"", ""topology"": ""star"", ""hardware"": ""theoretical_ops"", ""platform"": ""siv_2024_theoretical_ops"", ""planner_level"": ""L2-RB"", ""seed"": 8, ""source"": ""leaf3"", ""destination"": ""leaf4"", ""min_fidelity"": 0.6, ""reserved_memory_slots"": 3, ""min_delivered_pairs"": 5, ""duration_s"": 0.3, ""decision_feasible"": true, ""route"": ""leaf3 -> center -> leaf4"", ""final_status"": ""FAILED"", ""satisfied"": null, ""delivered_pairs"": null, ""average_fidelity"": null, ""failure_class"": ""C_resource_contention_reservation_rejected"", ""rejection_reason"": null, ""failed_reason"": ""reservation rejected by NetworkManager"", ""planning_wall_time_s"": 0.00046880001900717616, ""orchestration_wall_time_s"": 0.00023299999884329736, ""simulation_wall_time_s_shared"": 12.640078500000527, ""lifecycle_history_length"": 6}]",C2_resource_contention|theoretical_ops|L2-RB|8
C2_resource_contention-theoretical_ops-L2-RB-seed9,C2_resource_contention,star,theoretical_ops,L2-RB,9,2,2,0,1,0,1,12.923053099977551,0.0018061999580822885,"[{""group_id"": ""C2_resource_contention-theoretical_ops-L2-RB-seed9"", ""intent_id"": ""C2_resource_contention-theoretical_ops-L2-RB-seed9-A"", ""group_role"": ""A"", ""scenario"": ""C2_resource_contention"", ""topology"": ""star"", ""hardware"": ""theoretical_ops"", ""platform"": ""siv_2024_theoretical_ops"", ""planner_level"": ""L2-RB"", ""seed"": 9, ""source"": ""leaf1"", ""destination"": ""leaf2"", ""min_fidelity"": 0.6, ""reserved_memory_slots"": 3, ""min_delivered_pairs"": 5, ""duration_s"": 0.3, ""decision_feasible"": true, ""route"": ""leaf1 -> center -> leaf2"", ""final_status"": ""SATISFIED"", ""satisfied"": true, ""delivered_pairs"": 33, ""average_fidelity"": 0.7408324932785527, ""failure_class"": ""none"", ""rejection_reason"": null, ""failed_reason"": null, ""planning_wall_time_s"": 0.0008505999867338687, ""orchestration_wall_time_s"": 0.0002628999936860055, ""simulation_wall_time_s_shared"": 12.923053099977551, ""lifecycle_history_length"": 7}, {""group_id"": ""C2_resource_contention-theoretical_ops-L2-RB-seed9"", ""intent_id"": ""C2_resource_contention-theoretical_ops-L2-RB-seed9-B"", ""group_role"": ""B"", ""scenario"": ""C2_resource_contention"", ""topology"": ""star"", ""hardware"": ""theoretical_ops"", ""platform"": ""siv_2024_theoretical_ops"", ""planner_level"": ""L2-RB"", ""seed"": 9, ""source"": ""leaf3"", ""destination"": ""leaf4"", ""min_fidelity"": 0.6, ""reserved_memory_slots"": 3, ""min_delivered_pairs"": 5, ""duration_s"": 0.3, ""decision_feasible"": true, ""route"": ""leaf3 -> center -> leaf4"", ""final_status"": ""FAILED"", ""satisfied"": null, ""delivered_pairs"": null, ""average_fidelity"": null, ""failure_class"": ""C_resource_contention_reservation_rejected"", ""rejection_reason"": null, ""failed_reason"": ""reservation rejected by NetworkManager"", ""planning_wall_time_s"": 0.0004870999837294221, ""orchestration_wall_time_s"": 0.00020559999393299222, ""simulation_wall_time_s_shared"": 12.923053099977551, ""lifecycle_history_length"": 6}]",C2_resource_contention|theoretical_ops|L2-RB|9
C3_sequential_admission-theoretical_ops-L1-seed1,C3_sequential_admission,star,theoretical_ops,L1,1,2,2,0,2,0,0,22.091031399992062,0.0016950000426732004,"[{""group_id"": ""C3_sequential_admission-theoretical_ops-L1-seed1"", ""intent_id"": ""C3_sequential_admission-theoretical_ops-L1-seed1-A"", ""group_role"": ""A"", ""scenario"": ""C3_sequential_admission"", ""topology"": ""star"", ""hardware"": ""theoretical_ops"", ""platform"": ""siv_2024_theoretical_ops"", ""planner_level"": ""L1"", ""seed"": 1, ""source"": ""leaf1"", ""destination"": ""leaf2"", ""min_fidelity"": 0.6, ""reserved_memory_slots"": 3, ""min_delivered_pairs"": 5, ""duration_s"": 0.3, ""decision_feasible"": true, ""route"": ""leaf1 -> center -> leaf2"", ""final_status"": ""SATISFIED"", ""satisfied"": true, ""delivered_pairs"": 28, ""average_fidelity"": 0.7352819101709033, ""failure_class"": ""none"", ""rejection_reason"": null, ""failed_reason"": null, ""planning_wall_time_s"": 0.0006059999868739396, ""orchestration_wall_time_s"": 0.00030350001179613173, ""simulation_wall_time_s_shared"": 10.789342000003671, ""lifecycle_history_length"": 7}, {""group_id"": ""C3_sequential_admission-theoretical_ops-L1-seed1"", ""intent_id"": ""C3_sequential_admission-theoretical_ops-L1-seed1-B"", ""group_role"": ""B"", ""scenario"": ""C3_sequential_admission"", ""topology"": ""star"", ""hardware"": ""theoretical_ops"", ""platform"": ""siv_2024_theoretical_ops"", ""planner_level"": ""L1"", ""seed"": 1, ""source"": ""leaf3"", ""destination"": ""leaf4"", ""min_fidelity"": 0.6, ""reserved_memory_slots"": 3, ""min_delivered_pairs"": 5, ""duration_s"": 0.3, ""decision_feasible"": true, ""route"": ""leaf3 -> center -> leaf4"", ""final_status"": ""SATISFIED"", ""satisfied"": true, ""delivered_pairs"": 40, ""average_fidelity"": 0.7409332229704855, ""failure_class"": ""none"", ""rejection_reason"": null, ""failed_reason"": null, ""planning_wall_time_s"": 0.0005376000190153718, ""orchestration_wall_time_s"": 0.0002479000249877572, ""simulation_wall_time_s_shared"": 11.30168939998839, ""lifecycle_history_length"": 7}]",C3_sequential_admission|theoretical_ops|L1|1
C3_sequential_admission-theoretical_ops-L1-seed0,C3_sequential_admission,star,theoretical_ops,L1,0,2,2,0,2,0,0,22.234904599987203,0.00157200000830926,"[{""group_id"": ""C3_sequential_admission-theoretical_ops-L1-seed0"", ""intent_id"": ""C3_sequential_admission-theoretical_ops-L1-seed0-A"", ""group_role"": ""A"", ""scenario"": ""C3_sequential_admission"", ""topology"": ""star"", ""hardware"": ""theoretical_ops"", ""platform"": ""siv_2024_theoretical_ops"", ""planner_level"": ""L1"", ""seed"": 0, ""source"": ""leaf1"", ""destination"": ""leaf2"", ""min_fidelity"": 0.6, ""reserved_memory_slots"": 3, ""min_delivered_pairs"": 5, ""duration_s"": 0.3, ""decision_feasible"": true, ""route"": ""leaf1 -> center -> leaf2"", ""final_status"": ""SATISFIED"", ""satisfied"": true, ""delivered_pairs"": 30, ""average_fidelity"": 0.7379162036426361, ""failure_class"": ""none"", ""rejection_reason"": null, ""failed_reason"": null, ""planning_wall_time_s"": 0.00044830000842921436, ""orchestration_wall_time_s"": 0.0002179000002797693, ""simulation_wall_time_s_shared"": 12.087389399996027, ""lifecycle_history_length"": 7}, {""group_id"": ""C3_sequential_admission-theoretical_ops-L1-seed0"", ""intent_id"": ""C3_sequential_admission-theoretical_ops-L1-seed0-B"", ""group_role"": ""B"", ""scenario"": ""C3_sequential_admission"", ""topology"": ""star"", ""hardware"": ""theoretical_ops"", ""platform"": ""siv_2024_theoretical_ops"", ""planner_level"": ""L1"", ""seed"": 0, ""source"": ""leaf3"", ""destination"": ""leaf4"", ""min_fidelity"": 0.6, ""reserved_memory_slots"": 3, ""min_delivered_pairs"": 5, ""duration_s"": 0.3, ""decision_feasible"": true, ""route"": ""leaf3 -> center -> leaf4"", ""final_status"": ""SATISFIED"", ""satisfied"": true, ""delivered_pairs"": 31, ""average_fidelity"": 0.737293568633695, ""failure_class"": ""none"", ""rejection_reason"": null, ""failed_reason"": null, ""planning_wall_time_s"": 0.0006373999931383878, ""orchestration_wall_time_s"": 0.00026840000646188855, ""simulation_wall_time_s_shared"": 10.147515199991176, ""lifecycle_history_length"": 7}]",C3_sequential_admission|theoretical_ops|L1|0
C3_sequential_admission-theoretical_ops-L1-seed4,C3_sequential_admission,star,theoretical_ops,L1,4,2,2,0,2,0,0,19.3084336000029,0.0017990999622270465,"[{""group_id"": ""C3_sequential_admission-theoretical_ops-L1-seed4"", ""intent_id"": ""C3_sequential_admission-theoretical_ops-L1-seed4-A"", ""group_role"": ""A"", ""scenario"": ""C3_sequential_admission"", ""topology"": ""star"", ""hardware"": ""theoretical_ops"", ""platform"": ""siv_2024_theoretical_ops"", ""planner_level"": ""L1"", ""seed"": 4, ""source"": ""leaf1"", ""destination"": ""leaf2"", ""min_fidelity"": 0.6, ""reserved_memory_slots"": 3, ""min_delivered_pairs"": 5, ""duration_s"": 0.3, ""decision_feasible"": true, ""route"": ""leaf1 -> center -> leaf2"", ""final_status"": ""SATISFIED"", ""satisfied"": true, ""delivered_pairs"": 37, ""average_fidelity"": 0.7388160914475183, ""failure_class"": ""none"", ""rejection_reason"": null, ""failed_reason"": null, ""planning_wall_time_s"": 0.0006051999807823449, ""orchestration_wall_time_s"": 0.0002775999892037362, ""simulation_wall_time_s_shared"": 10.627433799993014, ""lifecycle_history_length"": 7}, {""group_id"": ""C3_sequential_admission-theoretical_ops-L1-seed4"", ""intent_id"": ""C3_sequential_admission-theoretical_ops-L1-seed4-B"", ""group_role"": ""B"", ""scenario"": ""C3_sequential_admission"", ""topology"": ""star"", ""hardware"": ""theoretical_ops"", ""platform"": ""siv_2024_theoretical_ops"", ""planner_level"": ""L1"", ""seed"": 4, ""source"": ""leaf3"", ""destination"": ""leaf4"", ""min_fidelity"": 0.6, ""reserved_memory_slots"": 3, ""min_delivered_pairs"": 5, ""duration_s"": 0.3, ""decision_feasible"": true, ""route"": ""leaf3 -> center -> leaf4"", ""final_status"": ""SATISFIED"", ""satisfied"": true, ""delivered_pairs"": 31, ""average_fidelity"": 0.7374808070385122, ""failure_class"": ""none"", ""rejection_reason"": null, ""failed_reason"": null, ""planning_wall_time_s"": 0.0006242000090423971, ""orchestration_wall_time_s"": 0.0002920999831985682, ""simulation_wall_time_s_shared"": 8.680999800009886, ""lifecycle_history_length"": 7}]",C3_sequential_admission|theoretical_ops|L1|4
C3_sequential_admission-theoretical_ops-L1-seed3,C3_sequential_admission,star,theoretical_ops,L1,3,2,2,0,2,0,0,20.563192500005243,0.0017783000075723976,"[{""group_id"": ""C3_sequential_admission-theoretical_ops-L1-seed3"", ""intent_id"": ""C3_sequential_admission-theoretical_ops-L1-seed3-A"", ""group_role"": ""A"", ""scenario"": ""C3_sequential_admission"", ""topology"": ""star"", ""hardware"": ""theoretical_ops"", ""platform"": ""siv_2024_theoretical_ops"", ""planner_level"": ""L1"", ""seed"": 3, ""source"": ""leaf1"", ""destination"": ""leaf2"", ""min_fidelity"": 0.6, ""reserved_memory_slots"": 3, ""min_delivered_pairs"": 5, ""duration_s"": 0.3, ""decision_feasible"": true, ""route"": ""leaf1 -> center -> leaf2"", ""final_status"": ""SATISFIED"", ""satisfied"": true, ""delivered_pairs"": 31, ""average_fidelity"": 0.7372373876475885, ""failure_class"": ""none"", ""rejection_reason"": null, ""failed_reason"": null, ""planning_wall_time_s"": 0.0004966999986208975, ""orchestration_wall_time_s"": 0.0002305000089108944, ""simulation_wall_time_s_shared"": 11.045143700001063, ""lifecycle_history_length"": 7}, {""group_id"": ""C3_sequential_admission-theoretical_ops-L1-seed3"", ""intent_id"": ""C3_sequential_admission-theoretical_ops-L1-seed3-B"", ""group_role"": ""B"", ""scenario"": ""C3_sequential_admission"", ""topology"": ""star"", ""hardware"": ""theoretical_ops"", ""platform"": ""siv_2024_theoretical_ops"", ""planner_level"": ""L1"", ""seed"": 3, ""source"": ""leaf3"", ""destination"": ""leaf4"", ""min_fidelity"": 0.6, ""reserved_memory_slots"": 3, ""min_delivered_pairs"": 5, ""duration_s"": 0.3, ""decision_feasible"": true, ""route"": ""leaf3 -> center -> leaf4"", ""final_status"": ""SATISFIED"", ""satisfied"": true, ""delivered_pairs"": 34, ""average_fidelity"": 0.7389317492973335, ""failure_class"": ""none"", ""rejection_reason"": null, ""failed_reason"": null, ""planning_wall_time_s"": 0.0008381000079680234, ""orchestration_wall_time_s"": 0.00021299999207258224, ""simulation_wall_time_s_shared"": 9.51804880000418, ""lifecycle_history_length"": 7}]",C3_sequential_admission|theoretical_ops|L1|3
C3_sequential_admission-theoretical_ops-L1-seed5,C3_sequential_admission,star,theoretical_ops,L1,5,2,2,0,2,0,0,19.43642230000114,0.002646100037964061,"[{""group_id"": ""C3_sequential_admission-theoretical_ops-L1-seed5"", ""intent_id"": ""C3_sequential_admission-theoretical_ops-L1-seed5-A"", ""group_role"": ""A"", ""scenario"": ""C3_sequential_admission"", ""topology"": ""star"", ""hardware"": ""theoretical_ops"", ""platform"": ""siv_2024_theoretical_ops"", ""planner_level"": ""L1"", ""seed"": 5, ""source"": ""leaf1"", ""destination"": ""leaf2"", ""min_fidelity"": 0.6, ""reserved_memory_slots"": 3, ""min_delivered_pairs"": 5, ""duration_s"": 0.3, ""decision_feasible"": true, ""route"": ""leaf1 -> center -> leaf2"", ""final_status"": ""SATISFIED"", ""satisfied"": true, ""delivered_pairs"": 32, ""average_fidelity"": 0.7383217854442986, ""failure_class"": ""none"", ""rejection_reason"": null, ""failed_reason"": null, ""planning_wall_time_s"": 0.0006547000084538013, ""orchestration_wall_time_s"": 0.0002722000062931329, ""simulation_wall_time_s_shared"": 10.618222599994624, ""lifecycle_history_length"": 7}, {""group_id"": ""C3_sequential_admission-theoretical_ops-L1-seed5"", ""intent_id"": ""C3_sequential_admission-theoretical_ops-L1-seed5-B"", ""group_role"": ""B"", ""scenario"": ""C3_sequential_admission"", ""topology"": ""star"", ""hardware"": ""theoretical_ops"", ""platform"": ""siv_2024_theoretical_ops"", ""planner_level"": ""L1"", ""seed"": 5, ""source"": ""leaf3"", ""destination"": ""leaf4"", ""min_fidelity"": 0.6, ""reserved_memory_slots"": 3, ""min_delivered_pairs"": 5, ""duration_s"": 0.3, ""decision_feasible"": true, ""route"": ""leaf3 -> center -> leaf4"", ""final_status"": ""SATISFIED"", ""satisfied"": true, ""delivered_pairs"": 31, ""average_fidelity"": 0.7388271461960135, ""failure_class"": ""none"", ""rejection_reason"": null, ""failed_reason"": null, ""planning_wall_time_s"": 0.0010605000134091824, ""orchestration_wall_time_s"": 0.0006587000098079443, ""simulation_wall_time_s_shared"": 8.818199700006517, ""lifecycle_history_length"": 7}]",C3_sequential_admission|theoretical_ops|L1|5
C3_sequential_admission-theoretical_ops-L1-seed2,C3_sequential_admission,star,theoretical_ops,L1,2,2,2,0,2,0,0,21.743596399988746,0.0021794000640511513,"[{""group_id"": ""C3_sequential_admission-theoretical_ops-L1-seed2"", ""intent_id"": ""C3_sequential_admission-theoretical_ops-L1-seed2-A"", ""group_role"": ""A"", ""scenario"": ""C3_sequential_admission"", ""topology"": ""star"", ""hardware"": ""theoretical_ops"", ""platform"": ""siv_2024_theoretical_ops"", ""planner_level"": ""L1"", ""seed"": 2, ""source"": ""leaf1"", ""destination"": ""leaf2"", ""min_fidelity"": 0.6, ""reserved_memory_slots"": 3, ""min_delivered_pairs"": 5, ""duration_s"": 0.3, ""decision_feasible"": true, ""route"": ""leaf1 -> center -> leaf2"", ""final_status"": ""SATISFIED"", ""satisfied"": true, ""delivered_pairs"": 29, ""average_fidelity"": 0.7389709527133891, ""failure_class"": ""none"", ""rejection_reason"": null, ""failed_reason"": null, ""planning_wall_time_s"": 0.0006948000227566808, ""orchestration_wall_time_s"": 0.00022420001914724708, ""simulation_wall_time_s_shared"": 11.84124310000334, ""lifecycle_history_length"": 7}, {""group_id"": ""C3_sequential_admission-theoretical_ops-L1-seed2"", ""intent_id"": ""C3_sequential_admission-theoretical_ops-L1-seed2-B"", ""group_role"": ""B"", ""scenario"": ""C3_sequential_admission"", ""topology"": ""star"", ""hardware"": ""theoretical_ops"", ""platform"": ""siv_2024_theoretical_ops"", ""planner_level"": ""L1"", ""seed"": 2, ""source"": ""leaf3"", ""destination"": ""leaf4"", ""min_fidelity"": 0.6, ""reserved_memory_slots"": 3, ""min_delivered_pairs"": 5, ""duration_s"": 0.3, ""decision_feasible"": true, ""route"": ""leaf3 -> center -> leaf4"", ""final_status"": ""SATISFIED"", ""satisfied"": true, ""delivered_pairs"": 40, ""average_fidelity"": 0.7420207435998136, ""failure_class"": ""none"", ""rejection_reason"": null, ""failed_reason"": null, ""planning_wall_time_s"": 0.0008452000038232654, ""orchestration_wall_time_s"": 0.0004152000183239579, ""simulation_wall_time_s_shared"": 9.902353299985407, ""lifecycle_history_length"": 7}]",C3_sequential_admission|theoretical_ops|L1|2
C3_sequential_admission-theoretical_ops-L1-seed6,C3_sequential_admission,star,theoretical_ops,L1,6,2,2,0,2,0,0,16.552595800021663,0.001728000002913177,"[{""group_id"": ""C3_sequential_admission-theoretical_ops-L1-seed6"", ""intent_id"": ""C3_sequential_admission-theoretical_ops-L1-seed6-A"", ""group_role"": ""A"", ""scenario"": ""C3_sequential_admission"", ""topology"": ""star"", ""hardware"": ""theoretical_ops"", ""platform"": ""siv_2024_theoretical_ops"", ""planner_level"": ""L1"", ""seed"": 6, ""source"": ""leaf1"", ""destination"": ""leaf2"", ""min_fidelity"": 0.6, ""reserved_memory_slots"": 3, ""min_delivered_pairs"": 5, ""duration_s"": 0.3, ""decision_feasible"": true, ""route"": ""leaf1 -> center -> leaf2"", ""final_status"": ""SATISFIED"", ""satisfied"": true, ""delivered_pairs"": 34, ""average_fidelity"": 0.7389683711827216, ""failure_class"": ""none"", ""rejection_reason"": null, ""failed_reason"": null, ""planning_wall_time_s"": 0.0007449999975506216, ""orchestration_wall_time_s"": 0.0002651000104378909, ""simulation_wall_time_s_shared"": 7.821457000012742, ""lifecycle_history_length"": 7}, {""group_id"": ""C3_sequential_admission-theoretical_ops-L1-seed6"", ""intent_id"": ""C3_sequential_admission-theoretical_ops-L1-seed6-B"", ""group_role"": ""B"", ""scenario"": ""C3_sequential_admission"", ""topology"": ""star"", ""hardware"": ""theoretical_ops"", ""platform"": ""siv_2024_theoretical_ops"", ""planner_level"": ""L1"", ""seed"": 6, ""source"": ""leaf3"", ""destination"": ""leaf4"", ""min_fidelity"": 0.6, ""reserved_memory_slots"": 3, ""min_delivered_pairs"": 5, ""duration_s"": 0.3, ""decision_feasible"": true, ""route"": ""leaf3 -> center -> leaf4"", ""final_status"": ""SATISFIED"", ""satisfied"": true, ""delivered_pairs"": 32, ""average_fidelity"": 0.7381935735306342, ""failure_class"": ""none"", ""rejection_reason"": null, ""failed_reason"": null, ""planning_wall_time_s"": 0.0004973999748472124, ""orchestration_wall_time_s"": 0.00022050002007745206, ""simulation_wall_time_s_shared"": 8.731138800008921, ""lifecycle_history_length"": 7}]",C3_sequential_admission|theoretical_ops|L1|6
C3_sequential_admission-theoretical_ops-L1-seed7,C3_sequential_admission,star,theoretical_ops,L1,7,2,2,0,2,0,0,16.53930679996847,0.001754900033120066,"[{""group_id"": ""C3_sequential_admission-theoretical_ops-L1-seed7"", ""intent_id"": ""C3_sequential_admission-theoretical_ops-L1-seed7-A"", ""group_role"": ""A"", ""scenario"": ""C3_sequential_admission"", ""topology"": ""star"", ""hardware"": ""theoretical_ops"", ""platform"": ""siv_2024_theoretical_ops"", ""planner_level"": ""L1"", ""seed"": 7, ""source"": ""leaf1"", ""destination"": ""leaf2"", ""min_fidelity"": 0.6, ""reserved_memory_slots"": 3, ""min_delivered_pairs"": 5, ""duration_s"": 0.3, ""decision_feasible"": true, ""route"": ""leaf1 -> center -> leaf2"", ""final_status"": ""SATISFIED"", ""satisfied"": true, ""delivered_pairs"": 32, ""average_fidelity"": 0.7386395853126004, ""failure_class"": ""none"", ""rejection_reason"": null, ""failed_reason"": null, ""planning_wall_time_s"": 0.0006017000123392791, ""orchestration_wall_time_s"": 0.00027450002380646765, ""simulation_wall_time_s_shared"": 7.773975199990673, ""lifecycle_history_length"": 7}, {""group_id"": ""C3_sequential_admission-theoretical_ops-L1-seed7"", ""intent_id"": ""C3_sequential_admission-theoretical_ops-L1-seed7-B"", ""group_role"": ""B"", ""scenario"": ""C3_sequential_admission"", ""topology"": ""star"", ""hardware"": ""theoretical_ops"", ""platform"": ""siv_2024_theoretical_ops"", ""planner_level"": ""L1"", ""seed"": 7, ""source"": ""leaf3"", ""destination"": ""leaf4"", ""min_fidelity"": 0.6, ""reserved_memory_slots"": 3, ""min_delivered_pairs"": 5, ""duration_s"": 0.3, ""decision_feasible"": true, ""route"": ""leaf3 -> center -> leaf4"", ""final_status"": ""SATISFIED"", ""satisfied"": true, ""delivered_pairs"": 39, ""average_fidelity"": 0.7397517446989986, ""failure_class"": ""none"", ""rejection_reason"": null, ""failed_reason"": null, ""planning_wall_time_s"": 0.0006046000053174794, ""orchestration_wall_time_s"": 0.00027409999165683985, ""simulation_wall_time_s_shared"": 8.765331599977799, ""lifecycle_history_length"": 7}]",C3_sequential_admission|theoretical_ops|L1|7
C3_sequential_admission-theoretical_ops-L1-seed8,C3_sequential_admission,star,theoretical_ops,L1,8,2,2,0,2,0,0,16.39750140000251,0.0011937000090256333,"[{""group_id"": ""C3_sequential_admission-theoretical_ops-L1-seed8"", ""intent_id"": ""C3_sequential_admission-theoretical_ops-L1-seed8-A"", ""group_role"": ""A"", ""scenario"": ""C3_sequential_admission"", ""topology"": ""star"", ""hardware"": ""theoretical_ops"", ""platform"": ""siv_2024_theoretical_ops"", ""planner_level"": ""L1"", ""seed"": 8, ""source"": ""leaf1"", ""destination"": ""leaf2"", ""min_fidelity"": 0.6, ""reserved_memory_slots"": 3, ""min_delivered_pairs"": 5, ""duration_s"": 0.3, ""decision_feasible"": true, ""route"": ""leaf1 -> center -> leaf2"", ""final_status"": ""SATISFIED"", ""satisfied"": true, ""delivered_pairs"": 38, ""average_fidelity"": 0.7391927467708889, ""failure_class"": ""none"", ""rejection_reason"": null, ""failed_reason"": null, ""planning_wall_time_s"": 0.0003664999967440963, ""orchestration_wall_time_s"": 0.00019910000264644623, ""simulation_wall_time_s_shared"": 8.104151600011392, ""lifecycle_history_length"": 7}, {""group_id"": ""C3_sequential_admission-theoretical_ops-L1-seed8"", ""intent_id"": ""C3_sequential_admission-theoretical_ops-L1-seed8-B"", ""group_role"": ""B"", ""scenario"": ""C3_sequential_admission"", ""topology"": ""star"", ""hardware"": ""theoretical_ops"", ""platform"": ""siv_2024_theoretical_ops"", ""planner_level"": ""L1"", ""seed"": 8, ""source"": ""leaf3"", ""destination"": ""leaf4"", ""min_fidelity"": 0.6, ""reserved_memory_slots"": 3, ""min_delivered_pairs"": 5, ""duration_s"": 0.3, ""decision_feasible"": true, ""route"": ""leaf3 -> center -> leaf4"", ""final_status"": ""SATISFIED"", ""satisfied"": true, ""delivered_pairs"": 35, ""average_fidelity"": 0.7392368518329953, ""failure_class"": ""none"", ""rejection_reason"": null, ""failed_reason"": null, ""planning_wall_time_s"": 0.00043119999463669956, ""orchestration_wall_time_s"": 0.00019690001499839127, ""simulation_wall_time_s_shared"": 8.29334979999112, ""lifecycle_history_length"": 7}]",C3_sequential_admission|theoretical_ops|L1|8
C3_sequential_admission-theoretical_ops-L1-seed9,C3_sequential_admission,star,theoretical_ops,L1,9,2,2,0,2,0,0,16.40263920003781,0.0012912999955005944,"[{""group_id"": ""C3_sequential_admission-theoretical_ops-L1-seed9"", ""intent_id"": ""C3_sequential_admission-theoretical_ops-L1-seed9-A"", ""group_role"": ""A"", ""scenario"": ""C3_sequential_admission"", ""topology"": ""star"", ""hardware"": ""theoretical_ops"", ""platform"": ""siv_2024_theoretical_ops"", ""planner_level"": ""L1"", ""seed"": 9, ""source"": ""leaf1"", ""destination"": ""leaf2"", ""min_fidelity"": 0.6, ""reserved_memory_slots"": 3, ""min_delivered_pairs"": 5, ""duration_s"": 0.3, ""decision_feasible"": true, ""route"": ""leaf1 -> center -> leaf2"", ""final_status"": ""SATISFIED"", ""satisfied"": true, ""delivered_pairs"": 33, ""average_fidelity"": 0.7408324932785527, ""failure_class"": ""none"", ""rejection_reason"": null, ""failed_reason"": null, ""planning_wall_time_s"": 0.000511500024003908, ""orchestration_wall_time_s"": 0.00023869998403824866, ""simulation_wall_time_s_shared"": 8.038549600023543, ""lifecycle_history_length"": 7}, {""group_id"": ""C3_sequential_admission-theoretical_ops-L1-seed9"", ""intent_id"": ""C3_sequential_admission-theoretical_ops-L1-seed9-B"", ""group_role"": ""B"", ""scenario"": ""C3_sequential_admission"", ""topology"": ""star"", ""hardware"": ""theoretical_ops"", ""platform"": ""siv_2024_theoretical_ops"", ""planner_level"": ""L1"", ""seed"": 9, ""source"": ""leaf3"", ""destination"": ""leaf4"", ""min_fidelity"": 0.6, ""reserved_memory_slots"": 3, ""min_delivered_pairs"": 5, ""duration_s"": 0.3, ""decision_feasible"": true, ""route"": ""leaf3 -> center -> leaf4"", ""final_status"": ""SATISFIED"", ""satisfied"": true, ""delivered_pairs"": 31, ""average_fidelity"": 0.7382695886230046, ""failure_class"": ""none"", ""rejection_reason"": null, ""failed_reason"": null, ""planning_wall_time_s"": 0.00036479998379945755, ""orchestration_wall_time_s"": 0.00017630000365898013, ""simulation_wall_time_s_shared"": 8.364089600014267, ""lifecycle_history_length"": 7}]",C3_sequential_admission|theoretical_ops|L1|9
C3_sequential_admission-theoretical_ops-L2-RB-seed0,C3_sequential_admission,star,theoretical_ops,L2-RB,0,2,2,0,2,0,0,16.417144100007135,0.0013595999917015433,"[{""group_id"": ""C3_sequential_admission-theoretical_ops-L2-RB-seed0"", ""intent_id"": ""C3_sequential_admission-theoretical_ops-L2-RB-seed0-A"", ""group_role"": ""A"", ""scenario"": ""C3_sequential_admission"", ""topology"": ""star"", ""hardware"": ""theoretical_ops"", ""platform"": ""siv_2024_theoretical_ops"", ""planner_level"": ""L2-RB"", ""seed"": 0, ""source"": ""leaf1"", ""destination"": ""leaf2"", ""min_fidelity"": 0.6, ""reserved_memory_slots"": 3, ""min_delivered_pairs"": 5, ""duration_s"": 0.3, ""decision_feasible"": true, ""route"": ""leaf1 -> center -> leaf2"", ""final_status"": ""SATISFIED"", ""satisfied"": true, ""delivered_pairs"": 30, ""average_fidelity"": 0.7379162036426361, ""failure_class"": ""none"", ""rejection_reason"": null, ""failed_reason"": null, ""planning_wall_time_s"": 0.00044919998617842793, ""orchestration_wall_time_s"": 0.00021580001339316368, ""simulation_wall_time_s_shared"": 8.114088900008937, ""lifecycle_history_length"": 7}, {""group_id"": ""C3_sequential_admission-theoretical_ops-L2-RB-seed0"", ""intent_id"": ""C3_sequential_admission-theoretical_ops-L2-RB-seed0-B"", ""group_role"": ""B"", ""scenario"": ""C3_sequential_admission"", ""topology"": ""star"", ""hardware"": ""theoretical_ops"", ""platform"": ""siv_2024_theoretical_ops"", ""planner_level"": ""L2-RB"", ""seed"": 0, ""source"": ""leaf3"", ""destination"": ""leaf4"", ""min_fidelity"": 0.6, ""reserved_memory_slots"": 3, ""min_delivered_pairs"": 5, ""duration_s"": 0.3, ""decision_feasible"": true, ""route"": ""leaf3 -> center -> leaf4"", ""final_status"": ""SATISFIED"", ""satisfied"": true, ""delivered_pairs"": 31, ""average_fidelity"": 0.737293568633695, ""failure_class"": ""none"", ""rejection_reason"": null, ""failed_reason"": null, ""planning_wall_time_s"": 0.00046549999387934804, ""orchestration_wall_time_s"": 0.00022909999825060368, ""simulation_wall_time_s_shared"": 8.303055199998198, ""lifecycle_history_length"": 7}]",C3_sequential_admission|theoretical_ops|L2-RB|0
C3_sequential_admission-theoretical_ops-L2-RB-seed1,C3_sequential_admission,star,theoretical_ops,L2-RB,1,2,2,0,2,0,0,16.281317399989348,0.0014020999951753765,"[{""group_id"": ""C3_sequential_admission-theoretical_ops-L2-RB-seed1"", ""intent_id"": ""C3_sequential_admission-theoretical_ops-L2-RB-seed1-A"", ""group_role"": ""A"", ""scenario"": ""C3_sequential_admission"", ""topology"": ""star"", ""hardware"": ""theoretical_ops"", ""platform"": ""siv_2024_theoretical_ops"", ""planner_level"": ""L2-RB"", ""seed"": 1, ""source"": ""leaf1"", ""destination"": ""leaf2"", ""min_fidelity"": 0.6, ""reserved_memory_slots"": 3, ""min_delivered_pairs"": 5, ""duration_s"": 0.3, ""decision_feasible"": true, ""route"": ""leaf1 -> center -> leaf2"", ""final_status"": ""SATISFIED"", ""satisfied"": true, ""delivered_pairs"": 28, ""average_fidelity"": 0.7352819101709033, ""failure_class"": ""none"", ""rejection_reason"": null, ""failed_reason"": null, ""planning_wall_time_s"": 0.00044800000614486635, ""orchestration_wall_time_s"": 0.00022409998928196728, ""simulation_wall_time_s_shared"": 7.451093699986814, ""lifecycle_history_length"": 7}, {""group_id"": ""C3_sequential_admission-theoretical_ops-L2-RB-seed1"", ""intent_id"": ""C3_sequential_admission-theoretical_ops-L2-RB-seed1-B"", ""group_role"": ""B"", ""scenario"": ""C3_sequential_admission"", ""topology"": ""star"", ""hardware"": ""theoretical_ops"", ""platform"": ""siv_2024_theoretical_ops"", ""planner_level"": ""L2-RB"", ""seed"": 1, ""source"": ""leaf3"", ""destination"": ""leaf4"", ""min_fidelity"": 0.6, ""reserved_memory_slots"": 3, ""min_delivered_pairs"": 5, ""duration_s"": 0.3, ""decision_feasible"": true, ""route"": ""leaf3 -> center -> leaf4"", ""final_status"": ""SATISFIED"", ""satisfied"": true, ""delivered_pairs"": 40, ""average_fidelity"": 0.7409332229704855, ""failure_class"": ""none"", ""rejection_reason"": null, ""failed_reason"": null, ""planning_wall_time_s"": 0.0005086000019218773, ""orchestration_wall_time_s"": 0.00022139999782666564, ""simulation_wall_time_s_shared"": 8.830223700002534, ""lifecycle_history_length"": 7}]",C3_sequential_admission|theoretical_ops|L2-RB|1
C3_sequential_admission-theoretical_ops-L2-RB-seed3,C3_sequential_admission,star,theoretical_ops,L2-RB,3,2,2,0,2,0,0,19.170392800035188,0.001405100047122687,"[{""group_id"": ""C3_sequential_admission-theoretical_ops-L2-RB-seed3"", ""intent_id"": ""C3_sequential_admission-theoretical_ops-L2-RB-seed3-A"", ""group_role"": ""A"", ""scenario"": ""C3_sequential_admission"", ""topology"": ""star"", ""hardware"": ""theoretical_ops"", ""platform"": ""siv_2024_theoretical_ops"", ""planner_level"": ""L2-RB"", ""seed"": 3, ""source"": ""leaf1"", ""destination"": ""leaf2"", ""min_fidelity"": 0.6, ""reserved_memory_slots"": 3, ""min_delivered_pairs"": 5, ""duration_s"": 0.3, ""decision_feasible"": true, ""route"": ""leaf1 -> center -> leaf2"", ""final_status"": ""SATISFIED"", ""satisfied"": true, ""delivered_pairs"": 31, ""average_fidelity"": 0.7372373876475885, ""failure_class"": ""none"", ""rejection_reason"": null, ""failed_reason"": null, ""planning_wall_time_s"": 0.00048760001664049923, ""orchestration_wall_time_s"": 0.00022399998852051795, ""simulation_wall_time_s_shared"": 9.030450400023255, ""lifecycle_history_length"": 7}, {""group_id"": ""C3_sequential_admission-theoretical_ops-L2-RB-seed3"", ""intent_id"": ""C3_sequential_admission-theoretical_ops-L2-RB-seed3-B"", ""group_role"": ""B"", ""scenario"": ""C3_sequential_admission"", ""topology"": ""star"", ""hardware"": ""theoretical_ops"", ""platform"": ""siv_2024_theoretical_ops"", ""planner_level"": ""L2-RB"", ""seed"": 3, ""source"": ""leaf3"", ""destination"": ""leaf4"", ""min_fidelity"": 0.6, ""reserved_memory_slots"": 3, ""min_delivered_pairs"": 5, ""duration_s"": 0.3, ""decision_feasible"": true, ""route"": ""leaf3 -> center -> leaf4"", ""final_status"": ""SATISFIED"", ""satisfied"": true, ""delivered_pairs"": 34, ""average_fidelity"": 0.7389317492973335, ""failure_class"": ""none"", ""rejection_reason"": null, ""failed_reason"": null, ""planning_wall_time_s"": 0.0004430000262800604, ""orchestration_wall_time_s"": 0.0002505000156816095, ""simulation_wall_time_s_shared"": 10.139942400011932, ""lifecycle_history_length"": 7}]",C3_sequential_admission|theoretical_ops|L2-RB|3
C3_sequential_admission-theoretical_ops-L2-RB-seed2,C3_sequential_admission,star,theoretical_ops,L2-RB,2,2,2,0,2,0,0,22.507896800001618,0.0014885000418871641,"[{""group_id"": ""C3_sequential_admission-theoretical_ops-L2-RB-seed2"", ""intent_id"": ""C3_sequential_admission-theoretical_ops-L2-RB-seed2-A"", ""group_role"": ""A"", ""scenario"": ""C3_sequential_admission"", ""topology"": ""star"", ""hardware"": ""theoretical_ops"", ""platform"": ""siv_2024_theoretical_ops"", ""planner_level"": ""L2-RB"", ""seed"": 2, ""source"": ""leaf1"", ""destination"": ""leaf2"", ""min_fidelity"": 0.6, ""reserved_memory_slots"": 3, ""min_delivered_pairs"": 5, ""duration_s"": 0.3, ""decision_feasible"": true, ""route"": ""leaf1 -> center -> leaf2"", ""final_status"": ""SATISFIED"", ""satisfied"": true, ""delivered_pairs"": 29, ""average_fidelity"": 0.7389709527133891, ""failure_class"": ""none"", ""rejection_reason"": null, ""failed_reason"": null, ""planning_wall_time_s"": 0.0005576000257860869, ""orchestration_wall_time_s"": 0.00025140002253465354, ""simulation_wall_time_s_shared"": 9.854221799992956, ""lifecycle_history_length"": 7}, {""group_id"": ""C3_sequential_admission-theoretical_ops-L2-RB-seed2"", ""intent_id"": ""C3_sequential_admission-theoretical_ops-L2-RB-seed2-B"", ""group_role"": ""B"", ""scenario"": ""C3_sequential_admission"", ""topology"": ""star"", ""hardware"": ""theoretical_ops"", ""platform"": ""siv_2024_theoretical_ops"", ""planner_level"": ""L2-RB"", ""seed"": 2, ""source"": ""leaf3"", ""destination"": ""leaf4"", ""min_fidelity"": 0.6, ""reserved_memory_slots"": 3, ""min_delivered_pairs"": 5, ""duration_s"": 0.3, ""decision_feasible"": true, ""route"": ""leaf3 -> center -> leaf4"", ""final_status"": ""SATISFIED"", ""satisfied"": true, ""delivered_pairs"": 40, ""average_fidelity"": 0.7420207435998136, ""failure_class"": ""none"", ""rejection_reason"": null, ""failed_reason"": null, ""planning_wall_time_s"": 0.0004538999928627163, ""orchestration_wall_time_s"": 0.00022560000070370734, ""simulation_wall_time_s_shared"": 12.653675000008661, ""lifecycle_history_length"": 7}]",C3_sequential_admission|theoretical_ops|L2-RB|2
C3_sequential_admission-theoretical_ops-L2-RB-seed4,C3_sequential_admission,star,theoretical_ops,L2-RB,4,2,2,0,2,0,0,20.764557499991497,0.0017616000259295106,"[{""group_id"": ""C3_sequential_admission-theoretical_ops-L2-RB-seed4"", ""intent_id"": ""C3_sequential_admission-theoretical_ops-L2-RB-seed4-A"", ""group_role"": ""A"", ""scenario"": ""C3_sequential_admission"", ""topology"": ""star"", ""hardware"": ""theoretical_ops"", ""platform"": ""siv_2024_theoretical_ops"", ""planner_level"": ""L2-RB"", ""seed"": 4, ""source"": ""leaf1"", ""destination"": ""leaf2"", ""min_fidelity"": 0.6, ""reserved_memory_slots"": 3, ""min_delivered_pairs"": 5, ""duration_s"": 0.3, ""decision_feasible"": true, ""route"": ""leaf1 -> center -> leaf2"", ""final_status"": ""SATISFIED"", ""satisfied"": true, ""delivered_pairs"": 37, ""average_fidelity"": 0.7388160914475183, ""failure_class"": ""none"", ""rejection_reason"": null, ""failed_reason"": null, ""planning_wall_time_s"": 0.0006393000076059252, ""orchestration_wall_time_s"": 0.0002862999972421676, ""simulation_wall_time_s_shared"": 9.880377099994803, ""lifecycle_history_length"": 7}, {""group_id"": ""C3_sequential_admission-theoretical_ops-L2-RB-seed4"", ""intent_id"": ""C3_sequential_admission-theoretical_ops-L2-RB-seed4-B"", ""group_role"": ""B"", ""scenario"": ""C3_sequential_admission"", ""topology"": ""star"", ""hardware"": ""theoretical_ops"", ""platform"": ""siv_2024_theoretical_ops"", ""planner_level"": ""L2-RB"", ""seed"": 4, ""source"": ""leaf3"", ""destination"": ""leaf4"", ""min_fidelity"": 0.6, ""reserved_memory_slots"": 3, ""min_delivered_pairs"": 5, ""duration_s"": 0.3, ""decision_feasible"": true, ""route"": ""leaf3 -> center -> leaf4"", ""final_status"": ""SATISFIED"", ""satisfied"": true, ""delivered_pairs"": 31, ""average_fidelity"": 0.7374808070385122, ""failure_class"": ""none"", ""rejection_reason"": null, ""failed_reason"": null, ""planning_wall_time_s"": 0.0005739000043831766, ""orchestration_wall_time_s"": 0.00026210001669824123, ""simulation_wall_time_s_shared"": 10.884180399996694, ""lifecycle_history_length"": 7}]",C3_sequential_admission|theoretical_ops|L2-RB|4
C3_sequential_admission-theoretical_ops-L2-RB-seed5,C3_sequential_admission,star,theoretical_ops,L2-RB,5,2,2,0,2,0,0,20.958402799995383,0.01642980001633987,"[{""group_id"": ""C3_sequential_admission-theoretical_ops-L2-RB-seed5"", ""intent_id"": ""C3_sequential_admission-theoretical_ops-L2-RB-seed5-A"", ""group_role"": ""A"", ""scenario"": ""C3_sequential_admission"", ""topology"": ""star"", ""hardware"": ""theoretical_ops"", ""platform"": ""siv_2024_theoretical_ops"", ""planner_level"": ""L2-RB"", ""seed"": 5, ""source"": ""leaf1"", ""destination"": ""leaf2"", ""min_fidelity"": 0.6, ""reserved_memory_slots"": 3, ""min_delivered_pairs"": 5, ""duration_s"": 0.3, ""decision_feasible"": true, ""route"": ""leaf1 -> center -> leaf2"", ""final_status"": ""SATISFIED"", ""satisfied"": true, ""delivered_pairs"": 32, ""average_fidelity"": 0.7383217854442986, ""failure_class"": ""none"", ""rejection_reason"": null, ""failed_reason"": null, ""planning_wall_time_s"": 0.0006432999798562378, ""orchestration_wall_time_s"": 0.0003183000080753118, ""simulation_wall_time_s_shared"": 9.307429500011494, ""lifecycle_history_length"": 7}, {""group_id"": ""C3_sequential_admission-theoretical_ops-L2-RB-seed5"", ""intent_id"": ""C3_sequential_admission-theoretical_ops-L2-RB-seed5-B"", ""group_role"": ""B"", ""scenario"": ""C3_sequential_admission"", ""topology"": ""star"", ""hardware"": ""theoretical_ops"", ""platform"": ""siv_2024_theoretical_ops"", ""planner_level"": ""L2-RB"", ""seed"": 5, ""source"": ""leaf3"", ""destination"": ""leaf4"", ""min_fidelity"": 0.6, ""reserved_memory_slots"": 3, ""min_delivered_pairs"": 5, ""duration_s"": 0.3, ""decision_feasible"": true, ""route"": ""leaf3 -> center -> leaf4"", ""final_status"": ""SATISFIED"", ""satisfied"": true, ""delivered_pairs"": 31, ""average_fidelity"": 0.7388271461960135, ""failure_class"": ""none"", ""rejection_reason"": null, ""failed_reason"": null, ""planning_wall_time_s"": 0.01501450000796467, ""orchestration_wall_time_s"": 0.0004537000204436481, ""simulation_wall_time_s_shared"": 11.650973299983889, ""lifecycle_history_length"": 7}]",C3_sequential_admission|theoretical_ops|L2-RB|5
C3_sequential_admission-theoretical_ops-L2-RB-seed7,C3_sequential_admission,star,theoretical_ops,L2-RB,7,2,2,0,2,0,0,20.989038900006562,0.0019514999876264483,"[{""group_id"": ""C3_sequential_admission-theoretical_ops-L2-RB-seed7"", ""intent_id"": ""C3_sequential_admission-theoretical_ops-L2-RB-seed7-A"", ""group_role"": ""A"", ""scenario"": ""C3_sequential_admission"", ""topology"": ""star"", ""hardware"": ""theoretical_ops"", ""platform"": ""siv_2024_theoretical_ops"", ""planner_level"": ""L2-RB"", ""seed"": 7, ""source"": ""leaf1"", ""destination"": ""leaf2"", ""min_fidelity"": 0.6, ""reserved_memory_slots"": 3, ""min_delivered_pairs"": 5, ""duration_s"": 0.3, ""decision_feasible"": true, ""route"": ""leaf1 -> center -> leaf2"", ""final_status"": ""SATISFIED"", ""satisfied"": true, ""delivered_pairs"": 32, ""average_fidelity"": 0.7386395853126004, ""failure_class"": ""none"", ""rejection_reason"": null, ""failed_reason"": null, ""planning_wall_time_s"": 0.0006224999960977584, ""orchestration_wall_time_s"": 0.00033149999217130244, ""simulation_wall_time_s_shared"": 10.33652969999821, ""lifecycle_history_length"": 7}, {""group_id"": ""C3_sequential_admission-theoretical_ops-L2-RB-seed7"", ""intent_id"": ""C3_sequential_admission-theoretical_ops-L2-RB-seed7-B"", ""group_role"": ""B"", ""scenario"": ""C3_sequential_admission"", ""topology"": ""star"", ""hardware"": ""theoretical_ops"", ""platform"": ""siv_2024_theoretical_ops"", ""planner_level"": ""L2-RB"", ""seed"": 7, ""source"": ""leaf3"", ""destination"": ""leaf4"", ""min_fidelity"": 0.6, ""reserved_memory_slots"": 3, ""min_delivered_pairs"": 5, ""duration_s"": 0.3, ""decision_feasible"": true, ""route"": ""leaf3 -> center -> leaf4"", ""final_status"": ""SATISFIED"", ""satisfied"": true, ""delivered_pairs"": 39, ""average_fidelity"": 0.7397517446989986, ""failure_class"": ""none"", ""rejection_reason"": null, ""failed_reason"": null, ""planning_wall_time_s"": 0.0006744999845977873, ""orchestration_wall_time_s"": 0.00032300001475960016, ""simulation_wall_time_s_shared"": 10.652509200008353, ""lifecycle_history_length"": 7}]",C3_sequential_admission|theoretical_ops|L2-RB|7
C3_sequential_admission-theoretical_ops-L2-RB-seed6,C3_sequential_admission,star,theoretical_ops,L2-RB,6,2,2,0,2,0,0,21.158642199996393,0.001846299972385168,"[{""group_id"": ""C3_sequential_admission-theoretical_ops-L2-RB-seed6"", ""intent_id"": ""C3_sequential_admission-theoretical_ops-L2-RB-seed6-A"", ""group_role"": ""A"", ""scenario"": ""C3_sequential_admission"", ""topology"": ""star"", ""hardware"": ""theoretical_ops"", ""platform"": ""siv_2024_theoretical_ops"", ""planner_level"": ""L2-RB"", ""seed"": 6, ""source"": ""leaf1"", ""destination"": ""leaf2"", ""min_fidelity"": 0.6, ""reserved_memory_slots"": 3, ""min_delivered_pairs"": 5, ""duration_s"": 0.3, ""decision_feasible"": true, ""route"": ""leaf1 -> center -> leaf2"", ""final_status"": ""SATISFIED"", ""satisfied"": true, ""delivered_pairs"": 34, ""average_fidelity"": 0.7389683711827216, ""failure_class"": ""none"", ""rejection_reason"": null, ""failed_reason"": null, ""planning_wall_time_s"": 0.0005802999949082732, ""orchestration_wall_time_s"": 0.00027459999546408653, ""simulation_wall_time_s_shared"": 10.347378899983596, ""lifecycle_history_length"": 7}, {""group_id"": ""C3_sequential_admission-theoretical_ops-L2-RB-seed6"", ""intent_id"": ""C3_sequential_admission-theoretical_ops-L2-RB-seed6-B"", ""group_role"": ""B"", ""scenario"": ""C3_sequential_admission"", ""topology"": ""star"", ""hardware"": ""theoretical_ops"", ""platform"": ""siv_2024_theoretical_ops"", ""planner_level"": ""L2-RB"", ""seed"": 6, ""source"": ""leaf3"", ""destination"": ""leaf4"", ""min_fidelity"": 0.6, ""reserved_memory_slots"": 3, ""min_delivered_pairs"": 5, ""duration_s"": 0.3, ""decision_feasible"": true, ""route"": ""leaf3 -> center -> leaf4"", ""final_status"": ""SATISFIED"", ""satisfied"": true, ""delivered_pairs"": 32, ""average_fidelity"": 0.7381935735306342, ""failure_class"": ""none"", ""rejection_reason"": null, ""failed_reason"": null, ""planning_wall_time_s"": 0.0006776999798603356, ""orchestration_wall_time_s"": 0.00031370000215247273, ""simulation_wall_time_s_shared"": 10.811263300012797, ""lifecycle_history_length"": 7}]",C3_sequential_admission|theoretical_ops|L2-RB|6
C3_sequential_admission-theoretical_ops-L2-RB-seed8,C3_sequential_admission,star,theoretical_ops,L2-RB,8,2,2,0,2,0,0,16.766085700015537,0.002022499975282699,"[{""group_id"": ""C3_sequential_admission-theoretical_ops-L2-RB-seed8"", ""intent_id"": ""C3_sequential_admission-theoretical_ops-L2-RB-seed8-A"", ""group_role"": ""A"", ""scenario"": ""C3_sequential_admission"", ""topology"": ""star"", ""hardware"": ""theoretical_ops"", ""platform"": ""siv_2024_theoretical_ops"", ""planner_level"": ""L2-RB"", ""seed"": 8, ""source"": ""leaf1"", ""destination"": ""leaf2"", ""min_fidelity"": 0.6, ""reserved_memory_slots"": 3, ""min_delivered_pairs"": 5, ""duration_s"": 0.3, ""decision_feasible"": true, ""route"": ""leaf1 -> center -> leaf2"", ""final_status"": ""SATISFIED"", ""satisfied"": true, ""delivered_pairs"": 38, ""average_fidelity"": 0.7391927467708889, ""failure_class"": ""none"", ""rejection_reason"": null, ""failed_reason"": null, ""planning_wall_time_s"": 0.0007796999998390675, ""orchestration_wall_time_s"": 0.0003242999955546111, ""simulation_wall_time_s_shared"": 9.77568859999883, ""lifecycle_history_length"": 7}, {""group_id"": ""C3_sequential_admission-theoretical_ops-L2-RB-seed8"", ""intent_id"": ""C3_sequential_admission-theoretical_ops-L2-RB-seed8-B"", ""group_role"": ""B"", ""scenario"": ""C3_sequential_admission"", ""topology"": ""star"", ""hardware"": ""theoretical_ops"", ""platform"": ""siv_2024_theoretical_ops"", ""planner_level"": ""L2-RB"", ""seed"": 8, ""source"": ""leaf3"", ""destination"": ""leaf4"", ""min_fidelity"": 0.6, ""reserved_memory_slots"": 3, ""min_delivered_pairs"": 5, ""duration_s"": 0.3, ""decision_feasible"": true, ""route"": ""leaf3 -> center -> leaf4"", ""final_status"": ""SATISFIED"", ""satisfied"": true, ""delivered_pairs"": 35, ""average_fidelity"": 0.7392368518329953, ""failure_class"": ""none"", ""rejection_reason"": null, ""failed_reason"": null, ""planning_wall_time_s"": 0.0006212999869603664, ""orchestration_wall_time_s"": 0.00029719999292865396, ""simulation_wall_time_s_shared"": 6.9903971000167076, ""lifecycle_history_length"": 7}]",C3_sequential_admission|theoretical_ops|L2-RB|8
C3_sequential_admission-theoretical_ops-L2-RB-seed9,C3_sequential_admission,star,theoretical_ops,L2-RB,9,2,2,0,2,0,0,14.51598580001155,0.004236200009472668,"[{""group_id"": ""C3_sequential_admission-theoretical_ops-L2-RB-seed9"", ""intent_id"": ""C3_sequential_admission-theoretical_ops-L2-RB-seed9-A"", ""group_role"": ""A"", ""scenario"": ""C3_sequential_admission"", ""topology"": ""star"", ""hardware"": ""theoretical_ops"", ""platform"": ""siv_2024_theoretical_ops"", ""planner_level"": ""L2-RB"", ""seed"": 9, ""source"": ""leaf1"", ""destination"": ""leaf2"", ""min_fidelity"": 0.6, ""reserved_memory_slots"": 3, ""min_delivered_pairs"": 5, ""duration_s"": 0.3, ""decision_feasible"": true, ""route"": ""leaf1 -> center -> leaf2"", ""final_status"": ""SATISFIED"", ""satisfied"": true, ""delivered_pairs"": 33, ""average_fidelity"": 0.7408324932785527, ""failure_class"": ""none"", ""rejection_reason"": null, ""failed_reason"": null, ""planning_wall_time_s"": 0.003255499992519617, ""orchestration_wall_time_s"": 0.0003212000010535121, ""simulation_wall_time_s_shared"": 7.738790600007633, ""lifecycle_history_length"": 7}, {""group_id"": ""C3_sequential_admission-theoretical_ops-L2-RB-seed9"", ""intent_id"": ""C3_sequential_admission-theoretical_ops-L2-RB-seed9-B"", ""group_role"": ""B"", ""scenario"": ""C3_sequential_admission"", ""topology"": ""star"", ""hardware"": ""theoretical_ops"", ""platform"": ""siv_2024_theoretical_ops"", ""planner_level"": ""L2-RB"", ""seed"": 9, ""source"": ""leaf3"", ""destination"": ""leaf4"", ""min_fidelity"": 0.6, ""reserved_memory_slots"": 3, ""min_delivered_pairs"": 5, ""duration_s"": 0.3, ""decision_feasible"": true, ""route"": ""leaf3 -> center -> leaf4"", ""final_status"": ""SATISFIED"", ""satisfied"": true, ""delivered_pairs"": 31, ""average_fidelity"": 0.7382695886230046, ""failure_class"": ""none"", ""rejection_reason"": null, ""failed_reason"": null, ""planning_wall_time_s"": 0.00044910001452080905, ""orchestration_wall_time_s"": 0.00021040000137872994, ""simulation_wall_time_s_shared"": 6.777195200003916, ""lifecycle_history_length"": 7}]",C3_sequential_admission|theoretical_ops|L2-RB|9
