campaign,trial_id,scenario,parameter_hash,seed,intent_id,routing_strategy,purification_policy,reconciliation_enabled,route,hop_count,reserved_memory_slots,min_delivered_pairs,requested_fidelity,fidelity_estimator,estimated_fidelity,observed_fidelity,absolute_fidelity_error,relative_fidelity_error,duration_s,attenuation_db_per_m,distance_m,coherence_time_s,accepted,satisfied,recovered,final_status,delivered_pairs,excess_delivery_pairs,delivery_ratio,deliveries_per_reserved_slot,average_fidelity,minimum_fidelity,throughput_active_window,throughput_delivery_interval,first_pair_latency_s,completion_time_s,planning_time_s,simulation_wall_time_s,eg_attempts,eg_success,ep_attempts,ep_success,es_attempts,es_success,violations,error_type,error_message,project_git_commit,sequence_git_commit,python_version,timestamp
P01_l1_l2_purification_four_node,P01_l1_l2_purification_four_node:four_node_chain:f2d6ab906f0361f5:shortest_hop_count__automatic__conservative_min:0:intent-four-node,four_node_chain,f2d6ab906f0361f5,0,intent-four-node,shortest_hop_count,automatic,False,,,10,10,0.65,conservative_min,,,,,0.05,1e-05,1000.0,-1.0,False,False,,REJECTED,,,,,,,,,,,0.002604,,,,,,,,no candidate route is feasible: a->r1->r2->b (min_fidelity 0.650 exceeds the achievable estimate 0.565 (one-round static estimate (BBPSSWCircuit.improved_fidelity); SeQUeNCe's 'until_target' mode may run a different number of rounds at execution time)),,,cd46233073dd699a2079f554f754feb3dd5c4e4b,1f2680a5b9065e708a7497adc53a95b108029b98,3.13.14,2026-07-17T23:43:10.799709+00:00
P01_l1_l2_purification_four_node,P01_l1_l2_purification_four_node:four_node_chain:f2d6ab906f0361f5:shortest_hop_count__automatic__conservative_min:1:intent-four-node,four_node_chain,f2d6ab906f0361f5,1,intent-four-node,shortest_hop_count,automatic,False,,,10,10,0.65,conservative_min,,,,,0.05,1e-05,1000.0,-1.0,False,False,,REJECTED,,,,,,,,,,,0.001148,,,,,,,,no candidate route is feasible: a->r1->r2->b (min_fidelity 0.650 exceeds the achievable estimate 0.565 (one-round static estimate (BBPSSWCircuit.improved_fidelity); SeQUeNCe's 'until_target' mode may run a different number of rounds at execution time)),,,cd46233073dd699a2079f554f754feb3dd5c4e4b,1f2680a5b9065e708a7497adc53a95b108029b98,3.13.14,2026-07-17T23:43:10.812842+00:00
P01_l1_l2_purification_four_node,P01_l1_l2_purification_four_node:four_node_chain:f2d6ab906f0361f5:shortest_hop_count__automatic__conservative_min:2:intent-four-node,four_node_chain,f2d6ab906f0361f5,2,intent-four-node,shortest_hop_count,automatic,False,,,10,10,0.65,conservative_min,,,,,0.05,1e-05,1000.0,-1.0,False,False,,REJECTED,,,,,,,,,,,0.000602,,,,,,,,no candidate route is feasible: a->r1->r2->b (min_fidelity 0.650 exceeds the achievable estimate 0.565 (one-round static estimate (BBPSSWCircuit.improved_fidelity); SeQUeNCe's 'until_target' mode may run a different number of rounds at execution time)),,,cd46233073dd699a2079f554f754feb3dd5c4e4b,1f2680a5b9065e708a7497adc53a95b108029b98,3.13.14,2026-07-17T23:43:10.822631+00:00
P01_l1_l2_purification_four_node,P01_l1_l2_purification_four_node:four_node_chain:f2d6ab906f0361f5:shortest_hop_count__automatic__conservative_min:3:intent-four-node,four_node_chain,f2d6ab906f0361f5,3,intent-four-node,shortest_hop_count,automatic,False,,,10,10,0.65,conservative_min,,,,,0.05,1e-05,1000.0,-1.0,False,False,,REJECTED,,,,,,,,,,,0.000488,,,,,,,,no candidate route is feasible: a->r1->r2->b (min_fidelity 0.650 exceeds the achievable estimate 0.565 (one-round static estimate (BBPSSWCircuit.improved_fidelity); SeQUeNCe's 'until_target' mode may run a different number of rounds at execution time)),,,cd46233073dd699a2079f554f754feb3dd5c4e4b,1f2680a5b9065e708a7497adc53a95b108029b98,3.13.14,2026-07-17T23:43:10.828328+00:00
P01_l1_l2_purification_four_node,P01_l1_l2_purification_four_node:four_node_chain:f2d6ab906f0361f5:shortest_hop_count__automatic__conservative_min:4:intent-four-node,four_node_chain,f2d6ab906f0361f5,4,intent-four-node,shortest_hop_count,automatic,False,,,10,10,0.65,conservative_min,,,,,0.05,1e-05,1000.0,-1.0,False,False,,REJECTED,,,,,,,,,,,0.000809,,,,,,,,no candidate route is feasible: a->r1->r2->b (min_fidelity 0.650 exceeds the achievable estimate 0.565 (one-round static estimate (BBPSSWCircuit.improved_fidelity); SeQUeNCe's 'until_target' mode may run a different number of rounds at execution time)),,,cd46233073dd699a2079f554f754feb3dd5c4e4b,1f2680a5b9065e708a7497adc53a95b108029b98,3.13.14,2026-07-17T23:43:10.839707+00:00
P01_l1_l2_purification_four_node,P01_l1_l2_purification_four_node:four_node_chain:f2d6ab906f0361f5:shortest_hop_count__automatic__conservative_min:5:intent-four-node,four_node_chain,f2d6ab906f0361f5,5,intent-four-node,shortest_hop_count,automatic,False,,,10,10,0.65,conservative_min,,,,,0.05,1e-05,1000.0,-1.0,False,False,,REJECTED,,,,,,,,,,,0.000608,,,,,,,,no candidate route is feasible: a->r1->r2->b (min_fidelity 0.650 exceeds the achievable estimate 0.565 (one-round static estimate (BBPSSWCircuit.improved_fidelity); SeQUeNCe's 'until_target' mode may run a different number of rounds at execution time)),,,cd46233073dd699a2079f554f754feb3dd5c4e4b,1f2680a5b9065e708a7497adc53a95b108029b98,3.13.14,2026-07-17T23:43:10.849540+00:00
P01_l1_l2_purification_four_node,P01_l1_l2_purification_four_node:four_node_chain:f2d6ab906f0361f5:shortest_hop_count__automatic__conservative_min:6:intent-four-node,four_node_chain,f2d6ab906f0361f5,6,intent-four-node,shortest_hop_count,automatic,False,,,10,10,0.65,conservative_min,,,,,0.05,1e-05,1000.0,-1.0,False,False,,REJECTED,,,,,,,,,,,0.000513,,,,,,,,no candidate route is feasible: a->r1->r2->b (min_fidelity 0.650 exceeds the achievable estimate 0.565 (one-round static estimate (BBPSSWCircuit.improved_fidelity); SeQUeNCe's 'until_target' mode may run a different number of rounds at execution time)),,,cd46233073dd699a2079f554f754feb3dd5c4e4b,1f2680a5b9065e708a7497adc53a95b108029b98,3.13.14,2026-07-17T23:43:10.856010+00:00
P01_l1_l2_purification_four_node,P01_l1_l2_purification_four_node:four_node_chain:f2d6ab906f0361f5:shortest_hop_count__automatic__conservative_min:7:intent-four-node,four_node_chain,f2d6ab906f0361f5,7,intent-four-node,shortest_hop_count,automatic,False,,,10,10,0.65,conservative_min,,,,,0.05,1e-05,1000.0,-1.0,False,False,,REJECTED,,,,,,,,,,,0.000544,,,,,,,,no candidate route is feasible: a->r1->r2->b (min_fidelity 0.650 exceeds the achievable estimate 0.565 (one-round static estimate (BBPSSWCircuit.improved_fidelity); SeQUeNCe's 'until_target' mode may run a different number of rounds at execution time)),,,cd46233073dd699a2079f554f754feb3dd5c4e4b,1f2680a5b9065e708a7497adc53a95b108029b98,3.13.14,2026-07-17T23:43:10.861848+00:00
P01_l1_l2_purification_four_node,P01_l1_l2_purification_four_node:four_node_chain:f2d6ab906f0361f5:shortest_hop_count__automatic__conservative_min:8:intent-four-node,four_node_chain,f2d6ab906f0361f5,8,intent-four-node,shortest_hop_count,automatic,False,,,10,10,0.65,conservative_min,,,,,0.05,1e-05,1000.0,-1.0,False,False,,REJECTED,,,,,,,,,,,0.00105,,,,,,,,no candidate route is feasible: a->r1->r2->b (min_fidelity 0.650 exceeds the achievable estimate 0.565 (one-round static estimate (BBPSSWCircuit.improved_fidelity); SeQUeNCe's 'until_target' mode may run a different number of rounds at execution time)),,,cd46233073dd699a2079f554f754feb3dd5c4e4b,1f2680a5b9065e708a7497adc53a95b108029b98,3.13.14,2026-07-17T23:43:10.868957+00:00
P01_l1_l2_purification_four_node,P01_l1_l2_purification_four_node:four_node_chain:f2d6ab906f0361f5:shortest_hop_count__automatic__conservative_min:9:intent-four-node,four_node_chain,f2d6ab906f0361f5,9,intent-four-node,shortest_hop_count,automatic,False,,,10,10,0.65,conservative_min,,,,,0.05,1e-05,1000.0,-1.0,False,False,,REJECTED,,,,,,,,,,,0.000824,,,,,,,,no candidate route is feasible: a->r1->r2->b (min_fidelity 0.650 exceeds the achievable estimate 0.565 (one-round static estimate (BBPSSWCircuit.improved_fidelity); SeQUeNCe's 'until_target' mode may run a different number of rounds at execution time)),,,cd46233073dd699a2079f554f754feb3dd5c4e4b,1f2680a5b9065e708a7497adc53a95b108029b98,3.13.14,2026-07-17T23:43:10.878828+00:00
P01_l1_l2_purification_four_node,P01_l1_l2_purification_four_node:four_node_chain:f2d6ab906f0361f5:shortest_hop_count__automatic__conservative_min:10:intent-four-node,four_node_chain,f2d6ab906f0361f5,10,intent-four-node,shortest_hop_count,automatic,False,,,10,10,0.65,conservative_min,,,,,0.05,1e-05,1000.0,-1.0,False,False,,REJECTED,,,,,,,,,,,0.000535,,,,,,,,no candidate route is feasible: a->r1->r2->b (min_fidelity 0.650 exceeds the achievable estimate 0.565 (one-round static estimate (BBPSSWCircuit.improved_fidelity); SeQUeNCe's 'until_target' mode may run a different number of rounds at execution time)),,,cd46233073dd699a2079f554f754feb3dd5c4e4b,1f2680a5b9065e708a7497adc53a95b108029b98,3.13.14,2026-07-17T23:43:10.890033+00:00
P01_l1_l2_purification_four_node,P01_l1_l2_purification_four_node:four_node_chain:f2d6ab906f0361f5:shortest_hop_count__automatic__conservative_min:11:intent-four-node,four_node_chain,f2d6ab906f0361f5,11,intent-four-node,shortest_hop_count,automatic,False,,,10,10,0.65,conservative_min,,,,,0.05,1e-05,1000.0,-1.0,False,False,,REJECTED,,,,,,,,,,,0.000615,,,,,,,,no candidate route is feasible: a->r1->r2->b (min_fidelity 0.650 exceeds the achievable estimate 0.565 (one-round static estimate (BBPSSWCircuit.improved_fidelity); SeQUeNCe's 'until_target' mode may run a different number of rounds at execution time)),,,cd46233073dd699a2079f554f754feb3dd5c4e4b,1f2680a5b9065e708a7497adc53a95b108029b98,3.13.14,2026-07-17T23:43:10.896266+00:00
P01_l1_l2_purification_four_node,P01_l1_l2_purification_four_node:four_node_chain:f2d6ab906f0361f5:shortest_hop_count__automatic__conservative_min:12:intent-four-node,four_node_chain,f2d6ab906f0361f5,12,intent-four-node,shortest_hop_count,automatic,False,,,10,10,0.65,conservative_min,,,,,0.05,1e-05,1000.0,-1.0,False,False,,REJECTED,,,,,,,,,,,0.000785,,,,,,,,no candidate route is feasible: a->r1->r2->b (min_fidelity 0.650 exceeds the achievable estimate 0.565 (one-round static estimate (BBPSSWCircuit.improved_fidelity); SeQUeNCe's 'until_target' mode may run a different number of rounds at execution time)),,,cd46233073dd699a2079f554f754feb3dd5c4e4b,1f2680a5b9065e708a7497adc53a95b108029b98,3.13.14,2026-07-17T23:43:10.905466+00:00
P01_l1_l2_purification_four_node,P01_l1_l2_purification_four_node:four_node_chain:f2d6ab906f0361f5:shortest_hop_count__automatic__conservative_min:13:intent-four-node,four_node_chain,f2d6ab906f0361f5,13,intent-four-node,shortest_hop_count,automatic,False,,,10,10,0.65,conservative_min,,,,,0.05,1e-05,1000.0,-1.0,False,False,,REJECTED,,,,,,,,,,,0.000517,,,,,,,,no candidate route is feasible: a->r1->r2->b (min_fidelity 0.650 exceeds the achievable estimate 0.565 (one-round static estimate (BBPSSWCircuit.improved_fidelity); SeQUeNCe's 'until_target' mode may run a different number of rounds at execution time)),,,cd46233073dd699a2079f554f754feb3dd5c4e4b,1f2680a5b9065e708a7497adc53a95b108029b98,3.13.14,2026-07-17T23:43:10.911130+00:00
P01_l1_l2_purification_four_node,P01_l1_l2_purification_four_node:four_node_chain:f2d6ab906f0361f5:shortest_hop_count__automatic__conservative_min:14:intent-four-node,four_node_chain,f2d6ab906f0361f5,14,intent-four-node,shortest_hop_count,automatic,False,,,10,10,0.65,conservative_min,,,,,0.05,1e-05,1000.0,-1.0,False,False,,REJECTED,,,,,,,,,,,0.000526,,,,,,,,no candidate route is feasible: a->r1->r2->b (min_fidelity 0.650 exceeds the achievable estimate 0.565 (one-round static estimate (BBPSSWCircuit.improved_fidelity); SeQUeNCe's 'until_target' mode may run a different number of rounds at execution time)),,,cd46233073dd699a2079f554f754feb3dd5c4e4b,1f2680a5b9065e708a7497adc53a95b108029b98,3.13.14,2026-07-17T23:43:10.917878+00:00
P01_l1_l2_purification_four_node,P01_l1_l2_purification_four_node:four_node_chain:f2d6ab906f0361f5:shortest_hop_count__automatic__conservative_min:15:intent-four-node,four_node_chain,f2d6ab906f0361f5,15,intent-four-node,shortest_hop_count,automatic,False,,,10,10,0.65,conservative_min,,,,,0.05,1e-05,1000.0,-1.0,False,False,,REJECTED,,,,,,,,,,,0.000513,,,,,,,,no candidate route is feasible: a->r1->r2->b (min_fidelity 0.650 exceeds the achievable estimate 0.565 (one-round static estimate (BBPSSWCircuit.improved_fidelity); SeQUeNCe's 'until_target' mode may run a different number of rounds at execution time)),,,cd46233073dd699a2079f554f754feb3dd5c4e4b,1f2680a5b9065e708a7497adc53a95b108029b98,3.13.14,2026-07-17T23:43:10.923629+00:00
P01_l1_l2_purification_four_node,P01_l1_l2_purification_four_node:four_node_chain:f2d6ab906f0361f5:shortest_hop_count__automatic__conservative_min:16:intent-four-node,four_node_chain,f2d6ab906f0361f5,16,intent-four-node,shortest_hop_count,automatic,False,,,10,10,0.65,conservative_min,,,,,0.05,1e-05,1000.0,-1.0,False,False,,REJECTED,,,,,,,,,,,0.000506,,,,,,,,no candidate route is feasible: a->r1->r2->b (min_fidelity 0.650 exceeds the achievable estimate 0.565 (one-round static estimate (BBPSSWCircuit.improved_fidelity); SeQUeNCe's 'until_target' mode may run a different number of rounds at execution time)),,,cd46233073dd699a2079f554f754feb3dd5c4e4b,1f2680a5b9065e708a7497adc53a95b108029b98,3.13.14,2026-07-17T23:43:10.930563+00:00
P01_l1_l2_purification_four_node,P01_l1_l2_purification_four_node:four_node_chain:f2d6ab906f0361f5:shortest_hop_count__automatic__conservative_min:17:intent-four-node,four_node_chain,f2d6ab906f0361f5,17,intent-four-node,shortest_hop_count,automatic,False,,,10,10,0.65,conservative_min,,,,,0.05,1e-05,1000.0,-1.0,False,False,,REJECTED,,,,,,,,,,,0.00065,,,,,,,,no candidate route is feasible: a->r1->r2->b (min_fidelity 0.650 exceeds the achievable estimate 0.565 (one-round static estimate (BBPSSWCircuit.improved_fidelity); SeQUeNCe's 'until_target' mode may run a different number of rounds at execution time)),,,cd46233073dd699a2079f554f754feb3dd5c4e4b,1f2680a5b9065e708a7497adc53a95b108029b98,3.13.14,2026-07-17T23:43:10.939393+00:00
P01_l1_l2_purification_four_node,P01_l1_l2_purification_four_node:four_node_chain:f2d6ab906f0361f5:shortest_hop_count__automatic__conservative_min:18:intent-four-node,four_node_chain,f2d6ab906f0361f5,18,intent-four-node,shortest_hop_count,automatic,False,,,10,10,0.65,conservative_min,,,,,0.05,1e-05,1000.0,-1.0,False,False,,REJECTED,,,,,,,,,,,0.000642,,,,,,,,no candidate route is feasible: a->r1->r2->b (min_fidelity 0.650 exceeds the achievable estimate 0.565 (one-round static estimate (BBPSSWCircuit.improved_fidelity); SeQUeNCe's 'until_target' mode may run a different number of rounds at execution time)),,,cd46233073dd699a2079f554f754feb3dd5c4e4b,1f2680a5b9065e708a7497adc53a95b108029b98,3.13.14,2026-07-17T23:43:10.949992+00:00
P01_l1_l2_purification_four_node,P01_l1_l2_purification_four_node:four_node_chain:f2d6ab906f0361f5:shortest_hop_count__automatic__conservative_min:19:intent-four-node,four_node_chain,f2d6ab906f0361f5,19,intent-four-node,shortest_hop_count,automatic,False,,,10,10,0.65,conservative_min,,,,,0.05,1e-05,1000.0,-1.0,False,False,,REJECTED,,,,,,,,,,,0.00087,,,,,,,,no candidate route is feasible: a->r1->r2->b (min_fidelity 0.650 exceeds the achievable estimate 0.565 (one-round static estimate (BBPSSWCircuit.improved_fidelity); SeQUeNCe's 'until_target' mode may run a different number of rounds at execution time)),,,cd46233073dd699a2079f554f754feb3dd5c4e4b,1f2680a5b9065e708a7497adc53a95b108029b98,3.13.14,2026-07-17T23:43:10.959125+00:00
P01_l1_l2_purification_four_node,P01_l1_l2_purification_four_node:four_node_chain:1bf1bc7232287639:shortest_hop_count__iterative_analytical__conservative_min:0:intent-four-node,four_node_chain,1bf1bc7232287639,0,intent-four-node,shortest_hop_count,iterative_analytical,False,a -> r1 -> r2 -> b,3,10,10,0.65,conservative_min,0.6653170884826755,,,,0.05,1e-05,1000.0,-1.0,True,False,,VIOLATED,0,0,0.0,0.0,,,0.0,,,,0.001296,6.067045,367,126,91,61,0,0,delivered_pairs >= 10.0 (observed=0.0) -> FAIL; average_fidelity >= 0.65 (observed=None) -> FAIL,,,cd46233073dd699a2079f554f754feb3dd5c4e4b,1f2680a5b9065e708a7497adc53a95b108029b98,3.13.14,2026-07-17T23:43:17.059076+00:00
P01_l1_l2_purification_four_node,P01_l1_l2_purification_four_node:four_node_chain:1bf1bc7232287639:shortest_hop_count__iterative_analytical__conservative_min:1:intent-four-node,four_node_chain,1bf1bc7232287639,1,intent-four-node,shortest_hop_count,iterative_analytical,False,a -> r1 -> r2 -> b,3,10,10,0.65,conservative_min,0.6653170884826755,0.6653170884826755,0.0,0.0,0.05,1e-05,1000.0,-1.0,True,False,,VIOLATED,1,0,0.1,0.1,0.6653170884826755,0.6653170884826755,20.0,,0.03300335001,,0.001454,6.287544,387,146,113,89,0,0,delivered_pairs >= 10.0 (observed=1.0) -> FAIL,,,cd46233073dd699a2079f554f754feb3dd5c4e4b,1f2680a5b9065e708a7497adc53a95b108029b98,3.13.14,2026-07-17T23:43:23.374258+00:00
P01_l1_l2_purification_four_node,P01_l1_l2_purification_four_node:four_node_chain:1bf1bc7232287639:shortest_hop_count__iterative_analytical__conservative_min:2:intent-four-node,four_node_chain,1bf1bc7232287639,2,intent-four-node,shortest_hop_count,iterative_analytical,False,a -> r1 -> r2 -> b,3,10,10,0.65,conservative_min,0.6653170884826755,0.6653170884826755,0.0,0.0,0.05,1e-05,1000.0,-1.0,True,False,,VIOLATED,1,0,0.1,0.1,0.6653170884826755,0.6653170884826755,20.0,,0.04422842501,,0.00116,6.639473,389,141,107,80,0,0,delivered_pairs >= 10.0 (observed=1.0) -> FAIL,,,cd46233073dd699a2079f554f754feb3dd5c4e4b,1f2680a5b9065e708a7497adc53a95b108029b98,3.13.14,2026-07-17T23:43:30.035062+00:00
P01_l1_l2_purification_four_node,P01_l1_l2_purification_four_node:four_node_chain:1bf1bc7232287639:shortest_hop_count__iterative_analytical__conservative_min:3:intent-four-node,four_node_chain,1bf1bc7232287639,3,intent-four-node,shortest_hop_count,iterative_analytical,False,a -> r1 -> r2 -> b,3,10,10,0.65,conservative_min,0.6653170884826755,,,,0.05,1e-05,1000.0,-1.0,True,False,,VIOLATED,0,0,0.0,0.0,,,0.0,,,,0.000894,6.179583,436,141,99,65,0,0,delivered_pairs >= 10.0 (observed=0.0) -> FAIL; average_fidelity >= 0.65 (observed=None) -> FAIL,,,cd46233073dd699a2079f554f754feb3dd5c4e4b,1f2680a5b9065e708a7497adc53a95b108029b98,3.13.14,2026-07-17T23:43:36.235794+00:00
P01_l1_l2_purification_four_node,P01_l1_l2_purification_four_node:four_node_chain:1bf1bc7232287639:shortest_hop_count__iterative_analytical__conservative_min:4:intent-four-node,four_node_chain,1bf1bc7232287639,4,intent-four-node,shortest_hop_count,iterative_analytical,False,a -> r1 -> r2 -> b,3,10,10,0.65,conservative_min,0.6653170884826755,0.6653170884826755,0.0,0.0,0.05,1e-05,1000.0,-1.0,True,False,,VIOLATED,1,0,0.1,0.1,0.6653170884826755,0.6653170884826755,20.0,,0.03894356251,,0.001028,6.411491,431,139,110,90,0,0,delivered_pairs >= 10.0 (observed=1.0) -> FAIL,,,cd46233073dd699a2079f554f754feb3dd5c4e4b,1f2680a5b9065e708a7497adc53a95b108029b98,3.13.14,2026-07-17T23:43:42.673104+00:00
P01_l1_l2_purification_four_node,P01_l1_l2_purification_four_node:four_node_chain:1bf1bc7232287639:shortest_hop_count__iterative_analytical__conservative_min:5:intent-four-node,four_node_chain,1bf1bc7232287639,5,intent-four-node,shortest_hop_count,iterative_analytical,False,a -> r1 -> r2 -> b,3,10,10,0.65,conservative_min,0.6653170884826755,,,,0.05,1e-05,1000.0,-1.0,True,False,,VIOLATED,0,0,0.0,0.0,,,0.0,,,,0.000655,6.411795,408,143,102,67,0,0,delivered_pairs >= 10.0 (observed=0.0) -> FAIL; average_fidelity >= 0.65 (observed=None) -> FAIL,,,cd46233073dd699a2079f554f754feb3dd5c4e4b,1f2680a5b9065e708a7497adc53a95b108029b98,3.13.14,2026-07-17T23:43:49.102599+00:00
P01_l1_l2_purification_four_node,P01_l1_l2_purification_four_node:four_node_chain:1bf1bc7232287639:shortest_hop_count__iterative_analytical__conservative_min:6:intent-four-node,four_node_chain,1bf1bc7232287639,6,intent-four-node,shortest_hop_count,iterative_analytical,False,a -> r1 -> r2 -> b,3,10,10,0.65,conservative_min,0.6653170884826755,0.6653170884826755,0.0,0.0,0.05,1e-05,1000.0,-1.0,True,False,,VIOLATED,1,0,0.1,0.1,0.6653170884826755,0.6653170884826755,20.0,,0.04053350001,,0.001091,7.019648,367,147,114,89,0,0,delivered_pairs >= 10.0 (observed=1.0) -> FAIL,,,cd46233073dd699a2079f554f754feb3dd5c4e4b,1f2680a5b9065e708a7497adc53a95b108029b98,3.13.14,2026-07-17T23:43:56.148356+00:00
P01_l1_l2_purification_four_node,P01_l1_l2_purification_four_node:four_node_chain:1bf1bc7232287639:shortest_hop_count__iterative_analytical__conservative_min:7:intent-four-node,four_node_chain,1bf1bc7232287639,7,intent-four-node,shortest_hop_count,iterative_analytical,False,a -> r1 -> r2 -> b,3,10,10,0.65,conservative_min,0.6653170884826755,0.6653170884826755,0.0,0.0,0.05,1e-05,1000.0,-1.0,True,False,,VIOLATED,1,0,0.1,0.1,0.6653170884826755,0.6653170884826755,20.0,,0.04707598751,,0.000627,7.266632,402,150,109,73,0,0,delivered_pairs >= 10.0 (observed=1.0) -> FAIL,,,cd46233073dd699a2079f554f754feb3dd5c4e4b,1f2680a5b9065e708a7497adc53a95b108029b98,3.13.14,2026-07-17T23:44:03.438599+00:00
P01_l1_l2_purification_four_node,P01_l1_l2_purification_four_node:four_node_chain:1bf1bc7232287639:shortest_hop_count__iterative_analytical__conservative_min:8:intent-four-node,four_node_chain,1bf1bc7232287639,8,intent-four-node,shortest_hop_count,iterative_analytical,False,a -> r1 -> r2 -> b,3,10,10,0.65,conservative_min,0.6653170884826755,0.6653170884826755,0.0,0.0,0.05,1e-05,1000.0,-1.0,True,False,,VIOLATED,1,0,0.1,0.1,0.6653170884826755,0.6653170884826755,20.0,,0.04089603751,,0.000952,6.854511,424,141,107,82,0,0,delivered_pairs >= 10.0 (observed=1.0) -> FAIL,,,cd46233073dd699a2079f554f754feb3dd5c4e4b,1f2680a5b9065e708a7497adc53a95b108029b98,3.13.14,2026-07-17T23:44:10.318909+00:00
P01_l1_l2_purification_four_node,P01_l1_l2_purification_four_node:four_node_chain:1bf1bc7232287639:shortest_hop_count__iterative_analytical__conservative_min:9:intent-four-node,four_node_chain,1bf1bc7232287639,9,intent-four-node,shortest_hop_count,iterative_analytical,False,a -> r1 -> r2 -> b,3,10,10,0.65,conservative_min,0.6653170884826755,0.6653170884826755,0.0,0.0,0.05,1e-05,1000.0,-1.0,True,False,,VIOLATED,1,0,0.1,0.1,0.6653170884826755,0.6653170884826755,20.0,,0.038875900010000006,,0.001039,7.687703,420,145,111,84,0,0,delivered_pairs >= 10.0 (observed=1.0) -> FAIL,,,cd46233073dd699a2079f554f754feb3dd5c4e4b,1f2680a5b9065e708a7497adc53a95b108029b98,3.13.14,2026-07-17T23:44:18.041679+00:00
P01_l1_l2_purification_four_node,P01_l1_l2_purification_four_node:four_node_chain:1bf1bc7232287639:shortest_hop_count__iterative_analytical__conservative_min:10:intent-four-node,four_node_chain,1bf1bc7232287639,10,intent-four-node,shortest_hop_count,iterative_analytical,False,a -> r1 -> r2 -> b,3,10,10,0.65,conservative_min,0.6653170884826755,0.6653170884826755,0.0,0.0,0.05,1e-05,1000.0,-1.0,True,False,,VIOLATED,1,0,0.1,0.1,0.6653170884826755,0.6653170884826755,20.0,,0.04413347500999999,,0.0018,7.225191,441,151,111,79,0,0,delivered_pairs >= 10.0 (observed=1.0) -> FAIL,,,cd46233073dd699a2079f554f754feb3dd5c4e4b,1f2680a5b9065e708a7497adc53a95b108029b98,3.13.14,2026-07-17T23:44:25.304621+00:00
P01_l1_l2_purification_four_node,P01_l1_l2_purification_four_node:four_node_chain:1bf1bc7232287639:shortest_hop_count__iterative_analytical__conservative_min:11:intent-four-node,four_node_chain,1bf1bc7232287639,11,intent-four-node,shortest_hop_count,iterative_analytical,False,a -> r1 -> r2 -> b,3,10,10,0.65,conservative_min,0.6653170884826755,0.6653170884826755,0.0,0.0,0.05,1e-05,1000.0,-1.0,True,False,,VIOLATED,1,0,0.1,0.1,0.6653170884826755,0.6653170884826755,20.0,,0.047236300009999996,,0.000683,7.103252,421,134,101,75,0,0,delivered_pairs >= 10.0 (observed=1.0) -> FAIL,,,cd46233073dd699a2079f554f754feb3dd5c4e4b,1f2680a5b9065e708a7497adc53a95b108029b98,3.13.14,2026-07-17T23:44:32.427869+00:00
P01_l1_l2_purification_four_node,P01_l1_l2_purification_four_node:four_node_chain:1bf1bc7232287639:shortest_hop_count__iterative_analytical__conservative_min:12:intent-four-node,four_node_chain,1bf1bc7232287639,12,intent-four-node,shortest_hop_count,iterative_analytical,False,a -> r1 -> r2 -> b,3,10,10,0.65,conservative_min,0.6653170884826755,0.6653170884826755,0.0,0.0,0.05,1e-05,1000.0,-1.0,True,False,,VIOLATED,1,0,0.1,0.1,0.6653170884826755,0.6653170884826755,20.0,,0.03923572501,,0.001028,6.755727,380,142,110,83,0,0,delivered_pairs >= 10.0 (observed=1.0) -> FAIL,,,cd46233073dd699a2079f554f754feb3dd5c4e4b,1f2680a5b9065e708a7497adc53a95b108029b98,3.13.14,2026-07-17T23:44:39.207681+00:00
P01_l1_l2_purification_four_node,P01_l1_l2_purification_four_node:four_node_chain:1bf1bc7232287639:shortest_hop_count__iterative_analytical__conservative_min:13:intent-four-node,four_node_chain,1bf1bc7232287639,13,intent-four-node,shortest_hop_count,iterative_analytical,False,a -> r1 -> r2 -> b,3,10,10,0.65,conservative_min,0.6653170884826755,0.6653170884826755,0.0,0.0,0.05,1e-05,1000.0,-1.0,True,False,,VIOLATED,1,0,0.1,0.1,0.6653170884826755,0.6653170884826755,20.0,,0.04733346250999999,,0.000857,6.225213,390,139,105,79,0,0,delivered_pairs >= 10.0 (observed=1.0) -> FAIL,,,cd46233073dd699a2079f554f754feb3dd5c4e4b,1f2680a5b9065e708a7497adc53a95b108029b98,3.13.14,2026-07-17T23:44:45.457859+00:00
P01_l1_l2_purification_four_node,P01_l1_l2_purification_four_node:four_node_chain:1bf1bc7232287639:shortest_hop_count__iterative_analytical__conservative_min:14:intent-four-node,four_node_chain,1bf1bc7232287639,14,intent-four-node,shortest_hop_count,iterative_analytical,False,a -> r1 -> r2 -> b,3,10,10,0.65,conservative_min,0.6653170884826755,0.6653170884826755,0.0,0.0,0.05,1e-05,1000.0,-1.0,True,False,,VIOLATED,1,0,0.1,0.1,0.6653170884826755,0.6653170884826755,20.0,,0.040003400009999995,,0.000648,6.481437,375,141,109,86,0,0,delivered_pairs >= 10.0 (observed=1.0) -> FAIL,,,cd46233073dd699a2079f554f754feb3dd5c4e4b,1f2680a5b9065e708a7497adc53a95b108029b98,3.13.14,2026-07-17T23:44:51.960057+00:00
P01_l1_l2_purification_four_node,P01_l1_l2_purification_four_node:four_node_chain:1bf1bc7232287639:shortest_hop_count__iterative_analytical__conservative_min:15:intent-four-node,four_node_chain,1bf1bc7232287639,15,intent-four-node,shortest_hop_count,iterative_analytical,False,a -> r1 -> r2 -> b,3,10,10,0.65,conservative_min,0.6653170884826755,0.6653170884826755,0.0,0.0,0.05,1e-05,1000.0,-1.0,True,False,,VIOLATED,1,0,0.1,0.1,0.6653170884826755,0.6653170884826755,20.0,,0.040318425010000006,,0.00108,7.419887,409,147,114,88,0,0,delivered_pairs >= 10.0 (observed=1.0) -> FAIL,,,cd46233073dd699a2079f554f754feb3dd5c4e4b,1f2680a5b9065e708a7497adc53a95b108029b98,3.13.14,2026-07-17T23:44:59.413090+00:00
P01_l1_l2_purification_four_node,P01_l1_l2_purification_four_node:four_node_chain:1bf1bc7232287639:shortest_hop_count__iterative_analytical__conservative_min:16:intent-four-node,four_node_chain,1bf1bc7232287639,16,intent-four-node,shortest_hop_count,iterative_analytical,False,a -> r1 -> r2 -> b,3,10,10,0.65,conservative_min,0.6653170884826755,0.6653170884826755,0.0,0.0,0.05,1e-05,1000.0,-1.0,True,False,,VIOLATED,1,0,0.1,0.1,0.6653170884826755,0.6653170884826755,20.0,,0.04232848751,,0.000552,7.609719,441,150,111,81,0,0,delivered_pairs >= 10.0 (observed=1.0) -> FAIL,,,cd46233073dd699a2079f554f754feb3dd5c4e4b,1f2680a5b9065e708a7497adc53a95b108029b98,3.13.14,2026-07-17T23:45:07.045079+00:00
P01_l1_l2_purification_four_node,P01_l1_l2_purification_four_node:four_node_chain:1bf1bc7232287639:shortest_hop_count__iterative_analytical__conservative_min:17:intent-four-node,four_node_chain,1bf1bc7232287639,17,intent-four-node,shortest_hop_count,iterative_analytical,False,a -> r1 -> r2 -> b,3,10,10,0.65,conservative_min,0.6653170884826755,0.6653170884826755,0.0,0.0,0.05,1e-05,1000.0,-1.0,True,False,,VIOLATED,1,0,0.1,0.1,0.6653170884826755,0.6653170884826755,20.0,,0.04547098750999999,,0.000667,7.964219,412,150,109,74,0,0,delivered_pairs >= 10.0 (observed=1.0) -> FAIL,,,cd46233073dd699a2079f554f754feb3dd5c4e4b,1f2680a5b9065e708a7497adc53a95b108029b98,3.13.14,2026-07-17T23:45:15.030147+00:00
P01_l1_l2_purification_four_node,P01_l1_l2_purification_four_node:four_node_chain:1bf1bc7232287639:shortest_hop_count__iterative_analytical__conservative_min:18:intent-four-node,four_node_chain,1bf1bc7232287639,18,intent-four-node,shortest_hop_count,iterative_analytical,False,a -> r1 -> r2 -> b,3,10,10,0.65,conservative_min,0.6653170884826755,0.6653170884826755,0.0,0.0,0.05,1e-05,1000.0,-1.0,True,False,,VIOLATED,1,0,0.1,0.1,0.6653170884826755,0.6653170884826755,20.0,,0.03474581251,,0.000765,7.63938,429,142,112,89,0,0,delivered_pairs >= 10.0 (observed=1.0) -> FAIL,,,cd46233073dd699a2079f554f754feb3dd5c4e4b,1f2680a5b9065e708a7497adc53a95b108029b98,3.13.14,2026-07-17T23:45:22.693849+00:00
P01_l1_l2_purification_four_node,P01_l1_l2_purification_four_node:four_node_chain:1bf1bc7232287639:shortest_hop_count__iterative_analytical__conservative_min:19:intent-four-node,four_node_chain,1bf1bc7232287639,19,intent-four-node,shortest_hop_count,iterative_analytical,False,a -> r1 -> r2 -> b,3,10,10,0.65,conservative_min,0.6653170884826755,0.6653170884826755,0.0,0.0,0.05,1e-05,1000.0,-1.0,True,False,,VIOLATED,1,0,0.1,0.1,0.6653170884826755,0.6653170884826755,20.0,,0.04302853750999999,,0.000856,6.807286,384,138,108,83,0,0,delivered_pairs >= 10.0 (observed=1.0) -> FAIL,,,cd46233073dd699a2079f554f754feb3dd5c4e4b,1f2680a5b9065e708a7497adc53a95b108029b98,3.13.14,2026-07-17T23:45:29.529722+00:00
P01_l1_l2_purification_four_node,P01_l1_l2_purification_four_node:four_node_chain:0f5413b6b0f6d3cc:shortest_hop_count__automatic__conservative_min:0:intent-four-node,four_node_chain,0f5413b6b0f6d3cc,0,intent-four-node,shortest_hop_count,automatic,False,,,10,10,0.7,conservative_min,,,,,0.05,1e-05,1000.0,-1.0,False,False,,REJECTED,,,,,,,,,,,0.001018,,,,,,,,no candidate route is feasible: a->r1->r2->b (min_fidelity 0.700 exceeds the achievable estimate 0.565 (one-round static estimate (BBPSSWCircuit.improved_fidelity); SeQUeNCe's 'until_target' mode may run a different number of rounds at execution time)),,,cd46233073dd699a2079f554f754feb3dd5c4e4b,1f2680a5b9065e708a7497adc53a95b108029b98,3.13.14,2026-07-17T23:45:29.541208+00:00
P01_l1_l2_purification_four_node,P01_l1_l2_purification_four_node:four_node_chain:0f5413b6b0f6d3cc:shortest_hop_count__automatic__conservative_min:1:intent-four-node,four_node_chain,0f5413b6b0f6d3cc,1,intent-four-node,shortest_hop_count,automatic,False,,,10,10,0.7,conservative_min,,,,,0.05,1e-05,1000.0,-1.0,False,False,,REJECTED,,,,,,,,,,,0.000649,,,,,,,,no candidate route is feasible: a->r1->r2->b (min_fidelity 0.700 exceeds the achievable estimate 0.565 (one-round static estimate (BBPSSWCircuit.improved_fidelity); SeQUeNCe's 'until_target' mode may run a different number of rounds at execution time)),,,cd46233073dd699a2079f554f754feb3dd5c4e4b,1f2680a5b9065e708a7497adc53a95b108029b98,3.13.14,2026-07-17T23:45:29.550324+00:00
P01_l1_l2_purification_four_node,P01_l1_l2_purification_four_node:four_node_chain:0f5413b6b0f6d3cc:shortest_hop_count__automatic__conservative_min:2:intent-four-node,four_node_chain,0f5413b6b0f6d3cc,2,intent-four-node,shortest_hop_count,automatic,False,,,10,10,0.7,conservative_min,,,,,0.05,1e-05,1000.0,-1.0,False,False,,REJECTED,,,,,,,,,,,0.000685,,,,,,,,no candidate route is feasible: a->r1->r2->b (min_fidelity 0.700 exceeds the achievable estimate 0.565 (one-round static estimate (BBPSSWCircuit.improved_fidelity); SeQUeNCe's 'until_target' mode may run a different number of rounds at execution time)),,,cd46233073dd699a2079f554f754feb3dd5c4e4b,1f2680a5b9065e708a7497adc53a95b108029b98,3.13.14,2026-07-17T23:45:29.558929+00:00
P01_l1_l2_purification_four_node,P01_l1_l2_purification_four_node:four_node_chain:0f5413b6b0f6d3cc:shortest_hop_count__automatic__conservative_min:3:intent-four-node,four_node_chain,0f5413b6b0f6d3cc,3,intent-four-node,shortest_hop_count,automatic,False,,,10,10,0.7,conservative_min,,,,,0.05,1e-05,1000.0,-1.0,False,False,,REJECTED,,,,,,,,,,,0.00068,,,,,,,,no candidate route is feasible: a->r1->r2->b (min_fidelity 0.700 exceeds the achievable estimate 0.565 (one-round static estimate (BBPSSWCircuit.improved_fidelity); SeQUeNCe's 'until_target' mode may run a different number of rounds at execution time)),,,cd46233073dd699a2079f554f754feb3dd5c4e4b,1f2680a5b9065e708a7497adc53a95b108029b98,3.13.14,2026-07-17T23:45:29.568323+00:00
P01_l1_l2_purification_four_node,P01_l1_l2_purification_four_node:four_node_chain:0f5413b6b0f6d3cc:shortest_hop_count__automatic__conservative_min:4:intent-four-node,four_node_chain,0f5413b6b0f6d3cc,4,intent-four-node,shortest_hop_count,automatic,False,,,10,10,0.7,conservative_min,,,,,0.05,1e-05,1000.0,-1.0,False,False,,REJECTED,,,,,,,,,,,0.00087,,,,,,,,no candidate route is feasible: a->r1->r2->b (min_fidelity 0.700 exceeds the achievable estimate 0.565 (one-round static estimate (BBPSSWCircuit.improved_fidelity); SeQUeNCe's 'until_target' mode may run a different number of rounds at execution time)),,,cd46233073dd699a2079f554f754feb3dd5c4e4b,1f2680a5b9065e708a7497adc53a95b108029b98,3.13.14,2026-07-17T23:45:29.576884+00:00
P01_l1_l2_purification_four_node,P01_l1_l2_purification_four_node:four_node_chain:0f5413b6b0f6d3cc:shortest_hop_count__automatic__conservative_min:5:intent-four-node,four_node_chain,0f5413b6b0f6d3cc,5,intent-four-node,shortest_hop_count,automatic,False,,,10,10,0.7,conservative_min,,,,,0.05,1e-05,1000.0,-1.0,False,False,,REJECTED,,,,,,,,,,,0.000652,,,,,,,,no candidate route is feasible: a->r1->r2->b (min_fidelity 0.700 exceeds the achievable estimate 0.565 (one-round static estimate (BBPSSWCircuit.improved_fidelity); SeQUeNCe's 'until_target' mode may run a different number of rounds at execution time)),,,cd46233073dd699a2079f554f754feb3dd5c4e4b,1f2680a5b9065e708a7497adc53a95b108029b98,3.13.14,2026-07-17T23:45:29.585175+00:00
P01_l1_l2_purification_four_node,P01_l1_l2_purification_four_node:four_node_chain:0f5413b6b0f6d3cc:shortest_hop_count__automatic__conservative_min:6:intent-four-node,four_node_chain,0f5413b6b0f6d3cc,6,intent-four-node,shortest_hop_count,automatic,False,,,10,10,0.7,conservative_min,,,,,0.05,1e-05,1000.0,-1.0,False,False,,REJECTED,,,,,,,,,,,0.000849,,,,,,,,no candidate route is feasible: a->r1->r2->b (min_fidelity 0.700 exceeds the achievable estimate 0.565 (one-round static estimate (BBPSSWCircuit.improved_fidelity); SeQUeNCe's 'until_target' mode may run a different number of rounds at execution time)),,,cd46233073dd699a2079f554f754feb3dd5c4e4b,1f2680a5b9065e708a7497adc53a95b108029b98,3.13.14,2026-07-17T23:45:29.594003+00:00
P01_l1_l2_purification_four_node,P01_l1_l2_purification_four_node:four_node_chain:0f5413b6b0f6d3cc:shortest_hop_count__automatic__conservative_min:7:intent-four-node,four_node_chain,0f5413b6b0f6d3cc,7,intent-four-node,shortest_hop_count,automatic,False,,,10,10,0.7,conservative_min,,,,,0.05,1e-05,1000.0,-1.0,False,False,,REJECTED,,,,,,,,,,,0.000507,,,,,,,,no candidate route is feasible: a->r1->r2->b (min_fidelity 0.700 exceeds the achievable estimate 0.565 (one-round static estimate (BBPSSWCircuit.improved_fidelity); SeQUeNCe's 'until_target' mode may run a different number of rounds at execution time)),,,cd46233073dd699a2079f554f754feb3dd5c4e4b,1f2680a5b9065e708a7497adc53a95b108029b98,3.13.14,2026-07-17T23:45:29.601195+00:00
P01_l1_l2_purification_four_node,P01_l1_l2_purification_four_node:four_node_chain:0f5413b6b0f6d3cc:shortest_hop_count__automatic__conservative_min:8:intent-four-node,four_node_chain,0f5413b6b0f6d3cc,8,intent-four-node,shortest_hop_count,automatic,False,,,10,10,0.7,conservative_min,,,,,0.05,1e-05,1000.0,-1.0,False,False,,REJECTED,,,,,,,,,,,0.000599,,,,,,,,no candidate route is feasible: a->r1->r2->b (min_fidelity 0.700 exceeds the achievable estimate 0.565 (one-round static estimate (BBPSSWCircuit.improved_fidelity); SeQUeNCe's 'until_target' mode may run a different number of rounds at execution time)),,,cd46233073dd699a2079f554f754feb3dd5c4e4b,1f2680a5b9065e708a7497adc53a95b108029b98,3.13.14,2026-07-17T23:45:29.608756+00:00
P01_l1_l2_purification_four_node,P01_l1_l2_purification_four_node:four_node_chain:0f5413b6b0f6d3cc:shortest_hop_count__automatic__conservative_min:9:intent-four-node,four_node_chain,0f5413b6b0f6d3cc,9,intent-four-node,shortest_hop_count,automatic,False,,,10,10,0.7,conservative_min,,,,,0.05,1e-05,1000.0,-1.0,False,False,,REJECTED,,,,,,,,,,,0.000504,,,,,,,,no candidate route is feasible: a->r1->r2->b (min_fidelity 0.700 exceeds the achievable estimate 0.565 (one-round static estimate (BBPSSWCircuit.improved_fidelity); SeQUeNCe's 'until_target' mode may run a different number of rounds at execution time)),,,cd46233073dd699a2079f554f754feb3dd5c4e4b,1f2680a5b9065e708a7497adc53a95b108029b98,3.13.14,2026-07-17T23:45:29.615641+00:00
P01_l1_l2_purification_four_node,P01_l1_l2_purification_four_node:four_node_chain:0f5413b6b0f6d3cc:shortest_hop_count__automatic__conservative_min:10:intent-four-node,four_node_chain,0f5413b6b0f6d3cc,10,intent-four-node,shortest_hop_count,automatic,False,,,10,10,0.7,conservative_min,,,,,0.05,1e-05,1000.0,-1.0,False,False,,REJECTED,,,,,,,,,,,0.000659,,,,,,,,no candidate route is feasible: a->r1->r2->b (min_fidelity 0.700 exceeds the achievable estimate 0.565 (one-round static estimate (BBPSSWCircuit.improved_fidelity); SeQUeNCe's 'until_target' mode may run a different number of rounds at execution time)),,,cd46233073dd699a2079f554f754feb3dd5c4e4b,1f2680a5b9065e708a7497adc53a95b108029b98,3.13.14,2026-07-17T23:45:29.622388+00:00
P01_l1_l2_purification_four_node,P01_l1_l2_purification_four_node:four_node_chain:0f5413b6b0f6d3cc:shortest_hop_count__automatic__conservative_min:11:intent-four-node,four_node_chain,0f5413b6b0f6d3cc,11,intent-four-node,shortest_hop_count,automatic,False,,,10,10,0.7,conservative_min,,,,,0.05,1e-05,1000.0,-1.0,False,False,,REJECTED,,,,,,,,,,,0.000716,,,,,,,,no candidate route is feasible: a->r1->r2->b (min_fidelity 0.700 exceeds the achievable estimate 0.565 (one-round static estimate (BBPSSWCircuit.improved_fidelity); SeQUeNCe's 'until_target' mode may run a different number of rounds at execution time)),,,cd46233073dd699a2079f554f754feb3dd5c4e4b,1f2680a5b9065e708a7497adc53a95b108029b98,3.13.14,2026-07-17T23:45:29.629281+00:00
P01_l1_l2_purification_four_node,P01_l1_l2_purification_four_node:four_node_chain:0f5413b6b0f6d3cc:shortest_hop_count__automatic__conservative_min:12:intent-four-node,four_node_chain,0f5413b6b0f6d3cc,12,intent-four-node,shortest_hop_count,automatic,False,,,10,10,0.7,conservative_min,,,,,0.05,1e-05,1000.0,-1.0,False,False,,REJECTED,,,,,,,,,,,0.000869,,,,,,,,no candidate route is feasible: a->r1->r2->b (min_fidelity 0.700 exceeds the achievable estimate 0.565 (one-round static estimate (BBPSSWCircuit.improved_fidelity); SeQUeNCe's 'until_target' mode may run a different number of rounds at execution time)),,,cd46233073dd699a2079f554f754feb3dd5c4e4b,1f2680a5b9065e708a7497adc53a95b108029b98,3.13.14,2026-07-17T23:45:29.637245+00:00
P01_l1_l2_purification_four_node,P01_l1_l2_purification_four_node:four_node_chain:0f5413b6b0f6d3cc:shortest_hop_count__automatic__conservative_min:13:intent-four-node,four_node_chain,0f5413b6b0f6d3cc,13,intent-four-node,shortest_hop_count,automatic,False,,,10,10,0.7,conservative_min,,,,,0.05,1e-05,1000.0,-1.0,False,False,,REJECTED,,,,,,,,,,,0.000655,,,,,,,,no candidate route is feasible: a->r1->r2->b (min_fidelity 0.700 exceeds the achievable estimate 0.565 (one-round static estimate (BBPSSWCircuit.improved_fidelity); SeQUeNCe's 'until_target' mode may run a different number of rounds at execution time)),,,cd46233073dd699a2079f554f754feb3dd5c4e4b,1f2680a5b9065e708a7497adc53a95b108029b98,3.13.14,2026-07-17T23:45:29.645118+00:00
P01_l1_l2_purification_four_node,P01_l1_l2_purification_four_node:four_node_chain:0f5413b6b0f6d3cc:shortest_hop_count__automatic__conservative_min:14:intent-four-node,four_node_chain,0f5413b6b0f6d3cc,14,intent-four-node,shortest_hop_count,automatic,False,,,10,10,0.7,conservative_min,,,,,0.05,1e-05,1000.0,-1.0,False,False,,REJECTED,,,,,,,,,,,0.000654,,,,,,,,no candidate route is feasible: a->r1->r2->b (min_fidelity 0.700 exceeds the achievable estimate 0.565 (one-round static estimate (BBPSSWCircuit.improved_fidelity); SeQUeNCe's 'until_target' mode may run a different number of rounds at execution time)),,,cd46233073dd699a2079f554f754feb3dd5c4e4b,1f2680a5b9065e708a7497adc53a95b108029b98,3.13.14,2026-07-17T23:45:29.653490+00:00
P01_l1_l2_purification_four_node,P01_l1_l2_purification_four_node:four_node_chain:0f5413b6b0f6d3cc:shortest_hop_count__automatic__conservative_min:15:intent-four-node,four_node_chain,0f5413b6b0f6d3cc,15,intent-four-node,shortest_hop_count,automatic,False,,,10,10,0.7,conservative_min,,,,,0.05,1e-05,1000.0,-1.0,False,False,,REJECTED,,,,,,,,,,,0.000626,,,,,,,,no candidate route is feasible: a->r1->r2->b (min_fidelity 0.700 exceeds the achievable estimate 0.565 (one-round static estimate (BBPSSWCircuit.improved_fidelity); SeQUeNCe's 'until_target' mode may run a different number of rounds at execution time)),,,cd46233073dd699a2079f554f754feb3dd5c4e4b,1f2680a5b9065e708a7497adc53a95b108029b98,3.13.14,2026-07-17T23:45:29.660876+00:00
P01_l1_l2_purification_four_node,P01_l1_l2_purification_four_node:four_node_chain:0f5413b6b0f6d3cc:shortest_hop_count__automatic__conservative_min:16:intent-four-node,four_node_chain,0f5413b6b0f6d3cc,16,intent-four-node,shortest_hop_count,automatic,False,,,10,10,0.7,conservative_min,,,,,0.05,1e-05,1000.0,-1.0,False,False,,REJECTED,,,,,,,,,,,0.000677,,,,,,,,no candidate route is feasible: a->r1->r2->b (min_fidelity 0.700 exceeds the achievable estimate 0.565 (one-round static estimate (BBPSSWCircuit.improved_fidelity); SeQUeNCe's 'until_target' mode may run a different number of rounds at execution time)),,,cd46233073dd699a2079f554f754feb3dd5c4e4b,1f2680a5b9065e708a7497adc53a95b108029b98,3.13.14,2026-07-17T23:45:29.668311+00:00
P01_l1_l2_purification_four_node,P01_l1_l2_purification_four_node:four_node_chain:0f5413b6b0f6d3cc:shortest_hop_count__automatic__conservative_min:17:intent-four-node,four_node_chain,0f5413b6b0f6d3cc,17,intent-four-node,shortest_hop_count,automatic,False,,,10,10,0.7,conservative_min,,,,,0.05,1e-05,1000.0,-1.0,False,False,,REJECTED,,,,,,,,,,,0.000626,,,,,,,,no candidate route is feasible: a->r1->r2->b (min_fidelity 0.700 exceeds the achievable estimate 0.565 (one-round static estimate (BBPSSWCircuit.improved_fidelity); SeQUeNCe's 'until_target' mode may run a different number of rounds at execution time)),,,cd46233073dd699a2079f554f754feb3dd5c4e4b,1f2680a5b9065e708a7497adc53a95b108029b98,3.13.14,2026-07-17T23:45:29.677256+00:00
P01_l1_l2_purification_four_node,P01_l1_l2_purification_four_node:four_node_chain:0f5413b6b0f6d3cc:shortest_hop_count__automatic__conservative_min:18:intent-four-node,four_node_chain,0f5413b6b0f6d3cc,18,intent-four-node,shortest_hop_count,automatic,False,,,10,10,0.7,conservative_min,,,,,0.05,1e-05,1000.0,-1.0,False,False,,REJECTED,,,,,,,,,,,0.000725,,,,,,,,no candidate route is feasible: a->r1->r2->b (min_fidelity 0.700 exceeds the achievable estimate 0.565 (one-round static estimate (BBPSSWCircuit.improved_fidelity); SeQUeNCe's 'until_target' mode may run a different number of rounds at execution time)),,,cd46233073dd699a2079f554f754feb3dd5c4e4b,1f2680a5b9065e708a7497adc53a95b108029b98,3.13.14,2026-07-17T23:45:29.684769+00:00
P01_l1_l2_purification_four_node,P01_l1_l2_purification_four_node:four_node_chain:0f5413b6b0f6d3cc:shortest_hop_count__automatic__conservative_min:19:intent-four-node,four_node_chain,0f5413b6b0f6d3cc,19,intent-four-node,shortest_hop_count,automatic,False,,,10,10,0.7,conservative_min,,,,,0.05,1e-05,1000.0,-1.0,False,False,,REJECTED,,,,,,,,,,,0.000559,,,,,,,,no candidate route is feasible: a->r1->r2->b (min_fidelity 0.700 exceeds the achievable estimate 0.565 (one-round static estimate (BBPSSWCircuit.improved_fidelity); SeQUeNCe's 'until_target' mode may run a different number of rounds at execution time)),,,cd46233073dd699a2079f554f754feb3dd5c4e4b,1f2680a5b9065e708a7497adc53a95b108029b98,3.13.14,2026-07-17T23:45:29.692840+00:00
P01_l1_l2_purification_four_node,P01_l1_l2_purification_four_node:four_node_chain:e9dcc0add7197ffa:shortest_hop_count__iterative_analytical__conservative_min:0:intent-four-node,four_node_chain,e9dcc0add7197ffa,0,intent-four-node,shortest_hop_count,iterative_analytical,False,a -> r1 -> r2 -> b,3,10,10,0.7,conservative_min,0.731541215616411,0.7022811490280745,-0.029260066588336464,-0.039997837392772684,0.05,1e-05,1000.0,-1.0,True,False,,VIOLATED,1,0,0.1,0.1,0.7022811490280745,0.7022811490280745,20.0,,0.03592853751,,0.000964,6.930959,450,169,134,105,0,0,delivered_pairs >= 10.0 (observed=1.0) -> FAIL,,,cd46233073dd699a2079f554f754feb3dd5c4e4b,1f2680a5b9065e708a7497adc53a95b108029b98,3.13.14,2026-07-17T23:45:36.649265+00:00
P01_l1_l2_purification_four_node,P01_l1_l2_purification_four_node:four_node_chain:e9dcc0add7197ffa:shortest_hop_count__iterative_analytical__conservative_min:1:intent-four-node,four_node_chain,e9dcc0add7197ffa,1,intent-four-node,shortest_hop_count,iterative_analytical,False,a -> r1 -> r2 -> b,3,10,10,0.7,conservative_min,0.731541215616411,0.7022811490280745,-0.029260066588336464,-0.039997837392772684,0.05,1e-05,1000.0,-1.0,True,False,,VIOLATED,1,0,0.1,0.1,0.7022811490280745,0.7022811490280745,20.0,,0.04854858750999999,,0.001014,6.481939,451,164,123,87,0,0,delivered_pairs >= 10.0 (observed=1.0) -> FAIL,,,cd46233073dd699a2079f554f754feb3dd5c4e4b,1f2680a5b9065e708a7497adc53a95b108029b98,3.13.14,2026-07-17T23:45:43.171579+00:00
P01_l1_l2_purification_four_node,P01_l1_l2_purification_four_node:four_node_chain:e9dcc0add7197ffa:shortest_hop_count__iterative_analytical__conservative_min:2:intent-four-node,four_node_chain,e9dcc0add7197ffa,2,intent-four-node,shortest_hop_count,iterative_analytical,False,a -> r1 -> r2 -> b,3,10,10,0.7,conservative_min,0.731541215616411,0.7022811490280745,-0.029260066588336464,-0.039997837392772684,0.05,1e-05,1000.0,-1.0,True,False,,VIOLATED,1,0,0.1,0.1,0.7022811490280745,0.7022811490280745,20.0,,0.04371620001,,0.000698,6.545104,462,159,122,91,0,0,delivered_pairs >= 10.0 (observed=1.0) -> FAIL,,,cd46233073dd699a2079f554f754feb3dd5c4e4b,1f2680a5b9065e708a7497adc53a95b108029b98,3.13.14,2026-07-17T23:45:49.735960+00:00
P01_l1_l2_purification_four_node,P01_l1_l2_purification_four_node:four_node_chain:e9dcc0add7197ffa:shortest_hop_count__iterative_analytical__conservative_min:3:intent-four-node,four_node_chain,e9dcc0add7197ffa,3,intent-four-node,shortest_hop_count,iterative_analytical,False,a -> r1 -> r2 -> b,3,10,10,0.7,conservative_min,0.731541215616411,0.7022811490280745,-0.029260066588336464,-0.039997837392772684,0.05,1e-05,1000.0,-1.0,True,False,,VIOLATED,1,0,0.1,0.1,0.7022811490280745,0.7022811490280745,20.0,,0.047368712509999994,,0.000664,6.077225,480,156,121,90,0,0,delivered_pairs >= 10.0 (observed=1.0) -> FAIL,,,cd46233073dd699a2079f554f754feb3dd5c4e4b,1f2680a5b9065e708a7497adc53a95b108029b98,3.13.14,2026-07-17T23:45:55.836827+00:00
P01_l1_l2_purification_four_node,P01_l1_l2_purification_four_node:four_node_chain:e9dcc0add7197ffa:shortest_hop_count__iterative_analytical__conservative_min:4:intent-four-node,four_node_chain,e9dcc0add7197ffa,4,intent-four-node,shortest_hop_count,iterative_analytical,False,a -> r1 -> r2 -> b,3,10,10,0.7,conservative_min,0.731541215616411,0.7022811490280745,-0.029260066588336464,-0.039997837392772684,0.05,1e-05,1000.0,-1.0,True,False,,VIOLATED,1,0,0.1,0.1,0.7022811490280745,0.7022811490280745,20.0,,0.03120328751,,0.000853,6.483012,466,165,130,101,0,0,delivered_pairs >= 10.0 (observed=1.0) -> FAIL,,,cd46233073dd699a2079f554f754feb3dd5c4e4b,1f2680a5b9065e708a7497adc53a95b108029b98,3.13.14,2026-07-17T23:46:02.341290+00:00
P01_l1_l2_purification_four_node,P01_l1_l2_purification_four_node:four_node_chain:e9dcc0add7197ffa:shortest_hop_count__iterative_analytical__conservative_min:5:intent-four-node,four_node_chain,e9dcc0add7197ffa,5,intent-four-node,shortest_hop_count,iterative_analytical,False,a -> r1 -> r2 -> b,3,10,10,0.7,conservative_min,0.731541215616411,0.7022811490280745,-0.029260066588336464,-0.039997837392772684,0.05,1e-05,1000.0,-1.0,True,False,,VIOLATED,1,0,0.1,0.1,0.7022811490280745,0.7022811490280745,20.0,,0.04571625001,,0.000873,6.443455,444,166,128,97,0,0,delivered_pairs >= 10.0 (observed=1.0) -> FAIL,,,cd46233073dd699a2079f554f754feb3dd5c4e4b,1f2680a5b9065e708a7497adc53a95b108029b98,3.13.14,2026-07-17T23:46:08.805181+00:00
P01_l1_l2_purification_four_node,P01_l1_l2_purification_four_node:four_node_chain:e9dcc0add7197ffa:shortest_hop_count__iterative_analytical__conservative_min:6:intent-four-node,four_node_chain,e9dcc0add7197ffa,6,intent-four-node,shortest_hop_count,iterative_analytical,False,a -> r1 -> r2 -> b,3,10,10,0.7,conservative_min,0.731541215616411,0.7022811490280745,-0.029260066588336464,-0.039997837392772684,0.05,1e-05,1000.0,-1.0,True,False,,VIOLATED,1,0,0.1,0.1,0.7022811490280745,0.7022811490280745,20.0,,0.03327595001,,0.000646,7.088376,455,164,130,102,0,0,delivered_pairs >= 10.0 (observed=1.0) -> FAIL,,,cd46233073dd699a2079f554f754feb3dd5c4e4b,1f2680a5b9065e708a7497adc53a95b108029b98,3.13.14,2026-07-17T23:46:15.920908+00:00
P01_l1_l2_purification_four_node,P01_l1_l2_purification_four_node:four_node_chain:e9dcc0add7197ffa:shortest_hop_count__iterative_analytical__conservative_min:7:intent-four-node,four_node_chain,e9dcc0add7197ffa,7,intent-four-node,shortest_hop_count,iterative_analytical,False,a -> r1 -> r2 -> b,3,10,10,0.7,conservative_min,0.731541215616411,0.7022811490280745,-0.029260066588336464,-0.039997837392772684,0.05,1e-05,1000.0,-1.0,True,False,,VIOLATED,1,0,0.1,0.1,0.7022811490280745,0.7022811490280745,20.0,,0.04668885000999999,,0.001061,6.636589,474,159,120,86,0,0,delivered_pairs >= 10.0 (observed=1.0) -> FAIL,,,cd46233073dd699a2079f554f754feb3dd5c4e4b,1f2680a5b9065e708a7497adc53a95b108029b98,3.13.14,2026-07-17T23:46:22.590504+00:00
P01_l1_l2_purification_four_node,P01_l1_l2_purification_four_node:four_node_chain:e9dcc0add7197ffa:shortest_hop_count__iterative_analytical__conservative_min:8:intent-four-node,four_node_chain,e9dcc0add7197ffa,8,intent-four-node,shortest_hop_count,iterative_analytical,False,a -> r1 -> r2 -> b,3,10,10,0.7,conservative_min,0.731541215616411,0.7022811490280745,-0.029260066588336464,-0.039997837392772684,0.05,1e-05,1000.0,-1.0,True,False,,VIOLATED,1,0,0.1,0.1,0.7022811490280745,0.7022811490280745,20.0,,0.04361120000999999,,0.00066,6.785962,466,167,128,97,0,0,delivered_pairs >= 10.0 (observed=1.0) -> FAIL,,,cd46233073dd699a2079f554f754feb3dd5c4e4b,1f2680a5b9065e708a7497adc53a95b108029b98,3.13.14,2026-07-17T23:46:29.398601+00:00
P01_l1_l2_purification_four_node,P01_l1_l2_purification_four_node:four_node_chain:e9dcc0add7197ffa:shortest_hop_count__iterative_analytical__conservative_min:9:intent-four-node,four_node_chain,e9dcc0add7197ffa,9,intent-four-node,shortest_hop_count,iterative_analytical,False,a -> r1 -> r2 -> b,3,10,10,0.7,conservative_min,0.731541215616411,0.7022811490280745,-0.029260066588336464,-0.039997837392772684,0.05,1e-05,1000.0,-1.0,True,False,,VIOLATED,1,0,0.1,0.1,0.7022811490280745,0.7022811490280745,20.0,,0.041143537509999994,,0.000901,6.403901,436,159,128,103,0,0,delivered_pairs >= 10.0 (observed=1.0) -> FAIL,,,cd46233073dd699a2079f554f754feb3dd5c4e4b,1f2680a5b9065e708a7497adc53a95b108029b98,3.13.14,2026-07-17T23:46:35.829926+00:00
P01_l1_l2_purification_four_node,P01_l1_l2_purification_four_node:four_node_chain:e9dcc0add7197ffa:shortest_hop_count__iterative_analytical__conservative_min:10:intent-four-node,four_node_chain,e9dcc0add7197ffa,10,intent-four-node,shortest_hop_count,iterative_analytical,False,a -> r1 -> r2 -> b,3,10,10,0.7,conservative_min,0.731541215616411,0.7022811490280745,-0.029260066588336464,-0.039997837392772684,0.05,1e-05,1000.0,-1.0,True,False,,VIOLATED,1,0,0.1,0.1,0.7022811490280745,0.7022811490280745,20.0,,0.03539100000999999,,0.000615,6.320122,478,158,124,97,0,0,delivered_pairs >= 10.0 (observed=1.0) -> FAIL,,,cd46233073dd699a2079f554f754feb3dd5c4e4b,1f2680a5b9065e708a7497adc53a95b108029b98,3.13.14,2026-07-17T23:46:42.175090+00:00
P01_l1_l2_purification_four_node,P01_l1_l2_purification_four_node:four_node_chain:e9dcc0add7197ffa:shortest_hop_count__iterative_analytical__conservative_min:11:intent-four-node,four_node_chain,e9dcc0add7197ffa,11,intent-four-node,shortest_hop_count,iterative_analytical,False,a -> r1 -> r2 -> b,3,10,10,0.7,conservative_min,0.731541215616411,0.7022811490280745,-0.029260066588336464,-0.039997837392772684,0.05,1e-05,1000.0,-1.0,True,False,,VIOLATED,1,0,0.1,0.1,0.7022811490280745,0.7022811490280745,20.0,,0.03543850001,,0.000657,7.089431,446,170,135,106,0,0,delivered_pairs >= 10.0 (observed=1.0) -> FAIL,,,cd46233073dd699a2079f554f754feb3dd5c4e4b,1f2680a5b9065e708a7497adc53a95b108029b98,3.13.14,2026-07-17T23:46:49.284090+00:00
P01_l1_l2_purification_four_node,P01_l1_l2_purification_four_node:four_node_chain:e9dcc0add7197ffa:shortest_hop_count__iterative_analytical__conservative_min:12:intent-four-node,four_node_chain,e9dcc0add7197ffa,12,intent-four-node,shortest_hop_count,iterative_analytical,False,a -> r1 -> r2 -> b,3,10,10,0.7,conservative_min,0.731541215616411,0.7022811490280745,-0.029260066588336464,-0.039997837392772684,0.05,1e-05,1000.0,-1.0,True,False,,VIOLATED,1,0,0.1,0.1,0.7022811490280745,0.7022811490280745,20.0,,0.03197095001,,0.000633,6.886392,436,165,134,110,0,0,delivered_pairs >= 10.0 (observed=1.0) -> FAIL,,,cd46233073dd699a2079f554f754feb3dd5c4e4b,1f2680a5b9065e708a7497adc53a95b108029b98,3.13.14,2026-07-17T23:46:56.191575+00:00
P01_l1_l2_purification_four_node,P01_l1_l2_purification_four_node:four_node_chain:e9dcc0add7197ffa:shortest_hop_count__iterative_analytical__conservative_min:13:intent-four-node,four_node_chain,e9dcc0add7197ffa,13,intent-four-node,shortest_hop_count,iterative_analytical,False,a -> r1 -> r2 -> b,3,10,10,0.7,conservative_min,0.731541215616411,0.7022811490280745,-0.029260066588336464,-0.039997837392772684,0.05,1e-05,1000.0,-1.0,True,False,,VIOLATED,1,0,0.1,0.1,0.7022811490280745,0.7022811490280745,20.0,,0.03432338751,,0.00116,6.662209,451,160,127,102,0,0,delivered_pairs >= 10.0 (observed=1.0) -> FAIL,,,cd46233073dd699a2079f554f754feb3dd5c4e4b,1f2680a5b9065e708a7497adc53a95b108029b98,3.13.14,2026-07-17T23:47:02.876529+00:00
P01_l1_l2_purification_four_node,P01_l1_l2_purification_four_node:four_node_chain:e9dcc0add7197ffa:shortest_hop_count__iterative_analytical__conservative_min:14:intent-four-node,four_node_chain,e9dcc0add7197ffa,14,intent-four-node,shortest_hop_count,iterative_analytical,False,a -> r1 -> r2 -> b,3,10,10,0.7,conservative_min,0.731541215616411,0.7022811490280745,-0.029260066588336464,-0.039997837392772684,0.05,1e-05,1000.0,-1.0,True,False,,VIOLATED,1,0,0.1,0.1,0.7022811490280745,0.7022811490280745,20.0,,0.045026187509999996,,0.00107,5.946671,431,156,117,87,0,0,delivered_pairs >= 10.0 (observed=1.0) -> FAIL,,,cd46233073dd699a2079f554f754feb3dd5c4e4b,1f2680a5b9065e708a7497adc53a95b108029b98,3.13.14,2026-07-17T23:47:08.850362+00:00
P01_l1_l2_purification_four_node,P01_l1_l2_purification_four_node:four_node_chain:e9dcc0add7197ffa:shortest_hop_count__iterative_analytical__conservative_min:15:intent-four-node,four_node_chain,e9dcc0add7197ffa,15,intent-four-node,shortest_hop_count,iterative_analytical,False,a -> r1 -> r2 -> b,3,10,10,0.7,conservative_min,0.731541215616411,0.7022811490280745,-0.029260066588336464,-0.039997837392772684,0.05,1e-05,1000.0,-1.0,True,False,,VIOLATED,1,0,0.1,0.1,0.7022811490280745,0.7022811490280745,20.0,,0.04290108750999999,,0.001057,6.785243,451,150,120,95,0,0,delivered_pairs >= 10.0 (observed=1.0) -> FAIL,,,cd46233073dd699a2079f554f754feb3dd5c4e4b,1f2680a5b9065e708a7497adc53a95b108029b98,3.13.14,2026-07-17T23:47:15.662301+00:00
P01_l1_l2_purification_four_node,P01_l1_l2_purification_four_node:four_node_chain:e9dcc0add7197ffa:shortest_hop_count__iterative_analytical__conservative_min:16:intent-four-node,four_node_chain,e9dcc0add7197ffa,16,intent-four-node,shortest_hop_count,iterative_analytical,False,a -> r1 -> r2 -> b,3,10,10,0.7,conservative_min,0.731541215616411,0.7022811490280745,-0.029260066588336464,-0.039997837392772684,0.05,1e-05,1000.0,-1.0,True,False,,VIOLATED,1,0,0.1,0.1,0.7022811490280745,0.7022811490280745,20.0,,0.035970912509999994,,0.000998,6.645818,457,156,124,96,0,0,delivered_pairs >= 10.0 (observed=1.0) -> FAIL,,,cd46233073dd699a2079f554f754feb3dd5c4e4b,1f2680a5b9065e708a7497adc53a95b108029b98,3.13.14,2026-07-17T23:47:22.333899+00:00
P01_l1_l2_purification_four_node,P01_l1_l2_purification_four_node:four_node_chain:e9dcc0add7197ffa:shortest_hop_count__iterative_analytical__conservative_min:17:intent-four-node,four_node_chain,e9dcc0add7197ffa,17,intent-four-node,shortest_hop_count,iterative_analytical,False,a -> r1 -> r2 -> b,3,10,10,0.7,conservative_min,0.731541215616411,0.7022811490280745,-0.029260066588336464,-0.039997837392772684,0.05,1e-05,1000.0,-1.0,True,False,,VIOLATED,1,0,0.1,0.1,0.7022811490280745,0.7022811490280745,20.0,,0.03830116251,,0.001201,6.558745,465,165,123,90,0,0,delivered_pairs >= 10.0 (observed=1.0) -> FAIL,,,cd46233073dd699a2079f554f754feb3dd5c4e4b,1f2680a5b9065e708a7497adc53a95b108029b98,3.13.14,2026-07-17T23:47:28.926071+00:00
P01_l1_l2_purification_four_node,P01_l1_l2_purification_four_node:four_node_chain:e9dcc0add7197ffa:shortest_hop_count__iterative_analytical__conservative_min:18:intent-four-node,four_node_chain,e9dcc0add7197ffa,18,intent-four-node,shortest_hop_count,iterative_analytical,False,a -> r1 -> r2 -> b,3,10,10,0.7,conservative_min,0.731541215616411,0.7022811490280745,-0.029260066588336464,-0.039997837392772684,0.05,1e-05,1000.0,-1.0,True,False,,VIOLATED,1,0,0.1,0.1,0.7022811490280745,0.7022811490280745,20.0,,0.038948512510000005,,0.000681,6.30825,430,159,128,102,0,0,delivered_pairs >= 10.0 (observed=1.0) -> FAIL,,,cd46233073dd699a2079f554f754feb3dd5c4e4b,1f2680a5b9065e708a7497adc53a95b108029b98,3.13.14,2026-07-17T23:47:35.255958+00:00
P01_l1_l2_purification_four_node,P01_l1_l2_purification_four_node:four_node_chain:e9dcc0add7197ffa:shortest_hop_count__iterative_analytical__conservative_min:19:intent-four-node,four_node_chain,e9dcc0add7197ffa,19,intent-four-node,shortest_hop_count,iterative_analytical,False,a -> r1 -> r2 -> b,3,10,10,0.7,conservative_min,0.731541215616411,0.7022811490280745,-0.029260066588336464,-0.039997837392772684,0.05,1e-05,1000.0,-1.0,True,False,,VIOLATED,1,0,0.1,0.1,0.7022811490280745,0.7022811490280745,20.0,,0.03367600001,,0.001022,6.530986,470,158,124,96,0,0,delivered_pairs >= 10.0 (observed=1.0) -> FAIL,,,cd46233073dd699a2079f554f754feb3dd5c4e4b,1f2680a5b9065e708a7497adc53a95b108029b98,3.13.14,2026-07-17T23:47:41.819452+00:00
P01_l1_l2_purification_four_node,P01_l1_l2_purification_four_node:four_node_chain:7f0986b0c26a7277:shortest_hop_count__automatic__conservative_min:0:intent-four-node,four_node_chain,7f0986b0c26a7277,0,intent-four-node,shortest_hop_count,automatic,False,,,10,10,0.72,conservative_min,,,,,0.05,1e-05,1000.0,-1.0,False,False,,REJECTED,,,,,,,,,,,0.000683,,,,,,,,no candidate route is feasible: a->r1->r2->b (min_fidelity 0.720 exceeds the achievable estimate 0.565 (one-round static estimate (BBPSSWCircuit.improved_fidelity); SeQUeNCe's 'until_target' mode may run a different number of rounds at execution time)),,,cd46233073dd699a2079f554f754feb3dd5c4e4b,1f2680a5b9065e708a7497adc53a95b108029b98,3.13.14,2026-07-17T23:47:41.832372+00:00
P01_l1_l2_purification_four_node,P01_l1_l2_purification_four_node:four_node_chain:7f0986b0c26a7277:shortest_hop_count__automatic__conservative_min:1:intent-four-node,four_node_chain,7f0986b0c26a7277,1,intent-four-node,shortest_hop_count,automatic,False,,,10,10,0.72,conservative_min,,,,,0.05,1e-05,1000.0,-1.0,False,False,,REJECTED,,,,,,,,,,,0.000496,,,,,,,,no candidate route is feasible: a->r1->r2->b (min_fidelity 0.720 exceeds the achievable estimate 0.565 (one-round static estimate (BBPSSWCircuit.improved_fidelity); SeQUeNCe's 'until_target' mode may run a different number of rounds at execution time)),,,cd46233073dd699a2079f554f754feb3dd5c4e4b,1f2680a5b9065e708a7497adc53a95b108029b98,3.13.14,2026-07-17T23:47:41.840386+00:00
P01_l1_l2_purification_four_node,P01_l1_l2_purification_four_node:four_node_chain:7f0986b0c26a7277:shortest_hop_count__automatic__conservative_min:2:intent-four-node,four_node_chain,7f0986b0c26a7277,2,intent-four-node,shortest_hop_count,automatic,False,,,10,10,0.72,conservative_min,,,,,0.05,1e-05,1000.0,-1.0,False,False,,REJECTED,,,,,,,,,,,0.000556,,,,,,,,no candidate route is feasible: a->r1->r2->b (min_fidelity 0.720 exceeds the achievable estimate 0.565 (one-round static estimate (BBPSSWCircuit.improved_fidelity); SeQUeNCe's 'until_target' mode may run a different number of rounds at execution time)),,,cd46233073dd699a2079f554f754feb3dd5c4e4b,1f2680a5b9065e708a7497adc53a95b108029b98,3.13.14,2026-07-17T23:47:41.848067+00:00
P01_l1_l2_purification_four_node,P01_l1_l2_purification_four_node:four_node_chain:7f0986b0c26a7277:shortest_hop_count__automatic__conservative_min:3:intent-four-node,four_node_chain,7f0986b0c26a7277,3,intent-four-node,shortest_hop_count,automatic,False,,,10,10,0.72,conservative_min,,,,,0.05,1e-05,1000.0,-1.0,False,False,,REJECTED,,,,,,,,,,,0.000532,,,,,,,,no candidate route is feasible: a->r1->r2->b (min_fidelity 0.720 exceeds the achievable estimate 0.565 (one-round static estimate (BBPSSWCircuit.improved_fidelity); SeQUeNCe's 'until_target' mode may run a different number of rounds at execution time)),,,cd46233073dd699a2079f554f754feb3dd5c4e4b,1f2680a5b9065e708a7497adc53a95b108029b98,3.13.14,2026-07-17T23:47:41.855452+00:00
P01_l1_l2_purification_four_node,P01_l1_l2_purification_four_node:four_node_chain:7f0986b0c26a7277:shortest_hop_count__automatic__conservative_min:4:intent-four-node,four_node_chain,7f0986b0c26a7277,4,intent-four-node,shortest_hop_count,automatic,False,,,10,10,0.72,conservative_min,,,,,0.05,1e-05,1000.0,-1.0,False,False,,REJECTED,,,,,,,,,,,0.00051,,,,,,,,no candidate route is feasible: a->r1->r2->b (min_fidelity 0.720 exceeds the achievable estimate 0.565 (one-round static estimate (BBPSSWCircuit.improved_fidelity); SeQUeNCe's 'until_target' mode may run a different number of rounds at execution time)),,,cd46233073dd699a2079f554f754feb3dd5c4e4b,1f2680a5b9065e708a7497adc53a95b108029b98,3.13.14,2026-07-17T23:47:41.861843+00:00
P01_l1_l2_purification_four_node,P01_l1_l2_purification_four_node:four_node_chain:7f0986b0c26a7277:shortest_hop_count__automatic__conservative_min:5:intent-four-node,four_node_chain,7f0986b0c26a7277,5,intent-four-node,shortest_hop_count,automatic,False,,,10,10,0.72,conservative_min,,,,,0.05,1e-05,1000.0,-1.0,False,False,,REJECTED,,,,,,,,,,,0.000567,,,,,,,,no candidate route is feasible: a->r1->r2->b (min_fidelity 0.720 exceeds the achievable estimate 0.565 (one-round static estimate (BBPSSWCircuit.improved_fidelity); SeQUeNCe's 'until_target' mode may run a different number of rounds at execution time)),,,cd46233073dd699a2079f554f754feb3dd5c4e4b,1f2680a5b9065e708a7497adc53a95b108029b98,3.13.14,2026-07-17T23:47:41.869400+00:00
P01_l1_l2_purification_four_node,P01_l1_l2_purification_four_node:four_node_chain:7f0986b0c26a7277:shortest_hop_count__automatic__conservative_min:6:intent-four-node,four_node_chain,7f0986b0c26a7277,6,intent-four-node,shortest_hop_count,automatic,False,,,10,10,0.72,conservative_min,,,,,0.05,1e-05,1000.0,-1.0,False,False,,REJECTED,,,,,,,,,,,0.000648,,,,,,,,no candidate route is feasible: a->r1->r2->b (min_fidelity 0.720 exceeds the achievable estimate 0.565 (one-round static estimate (BBPSSWCircuit.improved_fidelity); SeQUeNCe's 'until_target' mode may run a different number of rounds at execution time)),,,cd46233073dd699a2079f554f754feb3dd5c4e4b,1f2680a5b9065e708a7497adc53a95b108029b98,3.13.14,2026-07-17T23:47:41.880041+00:00
P01_l1_l2_purification_four_node,P01_l1_l2_purification_four_node:four_node_chain:7f0986b0c26a7277:shortest_hop_count__automatic__conservative_min:7:intent-four-node,four_node_chain,7f0986b0c26a7277,7,intent-four-node,shortest_hop_count,automatic,False,,,10,10,0.72,conservative_min,,,,,0.05,1e-05,1000.0,-1.0,False,False,,REJECTED,,,,,,,,,,,0.00066,,,,,,,,no candidate route is feasible: a->r1->r2->b (min_fidelity 0.720 exceeds the achievable estimate 0.565 (one-round static estimate (BBPSSWCircuit.improved_fidelity); SeQUeNCe's 'until_target' mode may run a different number of rounds at execution time)),,,cd46233073dd699a2079f554f754feb3dd5c4e4b,1f2680a5b9065e708a7497adc53a95b108029b98,3.13.14,2026-07-17T23:47:41.888010+00:00
P01_l1_l2_purification_four_node,P01_l1_l2_purification_four_node:four_node_chain:7f0986b0c26a7277:shortest_hop_count__automatic__conservative_min:8:intent-four-node,four_node_chain,7f0986b0c26a7277,8,intent-four-node,shortest_hop_count,automatic,False,,,10,10,0.72,conservative_min,,,,,0.05,1e-05,1000.0,-1.0,False,False,,REJECTED,,,,,,,,,,,0.000911,,,,,,,,no candidate route is feasible: a->r1->r2->b (min_fidelity 0.720 exceeds the achievable estimate 0.565 (one-round static estimate (BBPSSWCircuit.improved_fidelity); SeQUeNCe's 'until_target' mode may run a different number of rounds at execution time)),,,cd46233073dd699a2079f554f754feb3dd5c4e4b,1f2680a5b9065e708a7497adc53a95b108029b98,3.13.14,2026-07-17T23:47:41.896250+00:00
P01_l1_l2_purification_four_node,P01_l1_l2_purification_four_node:four_node_chain:7f0986b0c26a7277:shortest_hop_count__automatic__conservative_min:9:intent-four-node,four_node_chain,7f0986b0c26a7277,9,intent-four-node,shortest_hop_count,automatic,False,,,10,10,0.72,conservative_min,,,,,0.05,1e-05,1000.0,-1.0,False,False,,REJECTED,,,,,,,,,,,0.001144,,,,,,,,no candidate route is feasible: a->r1->r2->b (min_fidelity 0.720 exceeds the achievable estimate 0.565 (one-round static estimate (BBPSSWCircuit.improved_fidelity); SeQUeNCe's 'until_target' mode may run a different number of rounds at execution time)),,,cd46233073dd699a2079f554f754feb3dd5c4e4b,1f2680a5b9065e708a7497adc53a95b108029b98,3.13.14,2026-07-17T23:47:41.906007+00:00
P01_l1_l2_purification_four_node,P01_l1_l2_purification_four_node:four_node_chain:7f0986b0c26a7277:shortest_hop_count__automatic__conservative_min:10:intent-four-node,four_node_chain,7f0986b0c26a7277,10,intent-four-node,shortest_hop_count,automatic,False,,,10,10,0.72,conservative_min,,,,,0.05,1e-05,1000.0,-1.0,False,False,,REJECTED,,,,,,,,,,,0.000851,,,,,,,,no candidate route is feasible: a->r1->r2->b (min_fidelity 0.720 exceeds the achievable estimate 0.565 (one-round static estimate (BBPSSWCircuit.improved_fidelity); SeQUeNCe's 'until_target' mode may run a different number of rounds at execution time)),,,cd46233073dd699a2079f554f754feb3dd5c4e4b,1f2680a5b9065e708a7497adc53a95b108029b98,3.13.14,2026-07-17T23:47:41.918505+00:00
P01_l1_l2_purification_four_node,P01_l1_l2_purification_four_node:four_node_chain:7f0986b0c26a7277:shortest_hop_count__automatic__conservative_min:11:intent-four-node,four_node_chain,7f0986b0c26a7277,11,intent-four-node,shortest_hop_count,automatic,False,,,10,10,0.72,conservative_min,,,,,0.05,1e-05,1000.0,-1.0,False,False,,REJECTED,,,,,,,,,,,0.000745,,,,,,,,no candidate route is feasible: a->r1->r2->b (min_fidelity 0.720 exceeds the achievable estimate 0.565 (one-round static estimate (BBPSSWCircuit.improved_fidelity); SeQUeNCe's 'until_target' mode may run a different number of rounds at execution time)),,,cd46233073dd699a2079f554f754feb3dd5c4e4b,1f2680a5b9065e708a7497adc53a95b108029b98,3.13.14,2026-07-17T23:47:41.931258+00:00
P01_l1_l2_purification_four_node,P01_l1_l2_purification_four_node:four_node_chain:7f0986b0c26a7277:shortest_hop_count__automatic__conservative_min:12:intent-four-node,four_node_chain,7f0986b0c26a7277,12,intent-four-node,shortest_hop_count,automatic,False,,,10,10,0.72,conservative_min,,,,,0.05,1e-05,1000.0,-1.0,False,False,,REJECTED,,,,,,,,,,,0.000657,,,,,,,,no candidate route is feasible: a->r1->r2->b (min_fidelity 0.720 exceeds the achievable estimate 0.565 (one-round static estimate (BBPSSWCircuit.improved_fidelity); SeQUeNCe's 'until_target' mode may run a different number of rounds at execution time)),,,cd46233073dd699a2079f554f754feb3dd5c4e4b,1f2680a5b9065e708a7497adc53a95b108029b98,3.13.14,2026-07-17T23:47:41.939879+00:00
P01_l1_l2_purification_four_node,P01_l1_l2_purification_four_node:four_node_chain:7f0986b0c26a7277:shortest_hop_count__automatic__conservative_min:13:intent-four-node,four_node_chain,7f0986b0c26a7277,13,intent-four-node,shortest_hop_count,automatic,False,,,10,10,0.72,conservative_min,,,,,0.05,1e-05,1000.0,-1.0,False,False,,REJECTED,,,,,,,,,,,0.001107,,,,,,,,no candidate route is feasible: a->r1->r2->b (min_fidelity 0.720 exceeds the achievable estimate 0.565 (one-round static estimate (BBPSSWCircuit.improved_fidelity); SeQUeNCe's 'until_target' mode may run a different number of rounds at execution time)),,,cd46233073dd699a2079f554f754feb3dd5c4e4b,1f2680a5b9065e708a7497adc53a95b108029b98,3.13.14,2026-07-17T23:47:41.952403+00:00
P01_l1_l2_purification_four_node,P01_l1_l2_purification_four_node:four_node_chain:7f0986b0c26a7277:shortest_hop_count__automatic__conservative_min:14:intent-four-node,four_node_chain,7f0986b0c26a7277,14,intent-four-node,shortest_hop_count,automatic,False,,,10,10,0.72,conservative_min,,,,,0.05,1e-05,1000.0,-1.0,False,False,,REJECTED,,,,,,,,,,,0.00082,,,,,,,,no candidate route is feasible: a->r1->r2->b (min_fidelity 0.720 exceeds the achievable estimate 0.565 (one-round static estimate (BBPSSWCircuit.improved_fidelity); SeQUeNCe's 'until_target' mode may run a different number of rounds at execution time)),,,cd46233073dd699a2079f554f754feb3dd5c4e4b,1f2680a5b9065e708a7497adc53a95b108029b98,3.13.14,2026-07-17T23:47:41.962141+00:00
P01_l1_l2_purification_four_node,P01_l1_l2_purification_four_node:four_node_chain:7f0986b0c26a7277:shortest_hop_count__automatic__conservative_min:15:intent-four-node,four_node_chain,7f0986b0c26a7277,15,intent-four-node,shortest_hop_count,automatic,False,,,10,10,0.72,conservative_min,,,,,0.05,1e-05,1000.0,-1.0,False,False,,REJECTED,,,,,,,,,,,0.000622,,,,,,,,no candidate route is feasible: a->r1->r2->b (min_fidelity 0.720 exceeds the achievable estimate 0.565 (one-round static estimate (BBPSSWCircuit.improved_fidelity); SeQUeNCe's 'until_target' mode may run a different number of rounds at execution time)),,,cd46233073dd699a2079f554f754feb3dd5c4e4b,1f2680a5b9065e708a7497adc53a95b108029b98,3.13.14,2026-07-17T23:47:41.974691+00:00
P01_l1_l2_purification_four_node,P01_l1_l2_purification_four_node:four_node_chain:7f0986b0c26a7277:shortest_hop_count__automatic__conservative_min:16:intent-four-node,four_node_chain,7f0986b0c26a7277,16,intent-four-node,shortest_hop_count,automatic,False,,,10,10,0.72,conservative_min,,,,,0.05,1e-05,1000.0,-1.0,False,False,,REJECTED,,,,,,,,,,,0.000622,,,,,,,,no candidate route is feasible: a->r1->r2->b (min_fidelity 0.720 exceeds the achievable estimate 0.565 (one-round static estimate (BBPSSWCircuit.improved_fidelity); SeQUeNCe's 'until_target' mode may run a different number of rounds at execution time)),,,cd46233073dd699a2079f554f754feb3dd5c4e4b,1f2680a5b9065e708a7497adc53a95b108029b98,3.13.14,2026-07-17T23:47:41.982807+00:00
P01_l1_l2_purification_four_node,P01_l1_l2_purification_four_node:four_node_chain:7f0986b0c26a7277:shortest_hop_count__automatic__conservative_min:17:intent-four-node,four_node_chain,7f0986b0c26a7277,17,intent-four-node,shortest_hop_count,automatic,False,,,10,10,0.72,conservative_min,,,,,0.05,1e-05,1000.0,-1.0,False,False,,REJECTED,,,,,,,,,,,0.000844,,,,,,,,no candidate route is feasible: a->r1->r2->b (min_fidelity 0.720 exceeds the achievable estimate 0.565 (one-round static estimate (BBPSSWCircuit.improved_fidelity); SeQUeNCe's 'until_target' mode may run a different number of rounds at execution time)),,,cd46233073dd699a2079f554f754feb3dd5c4e4b,1f2680a5b9065e708a7497adc53a95b108029b98,3.13.14,2026-07-17T23:47:41.989896+00:00
P01_l1_l2_purification_four_node,P01_l1_l2_purification_four_node:four_node_chain:7f0986b0c26a7277:shortest_hop_count__automatic__conservative_min:18:intent-four-node,four_node_chain,7f0986b0c26a7277,18,intent-four-node,shortest_hop_count,automatic,False,,,10,10,0.72,conservative_min,,,,,0.05,1e-05,1000.0,-1.0,False,False,,REJECTED,,,,,,,,,,,0.000889,,,,,,,,no candidate route is feasible: a->r1->r2->b (min_fidelity 0.720 exceeds the achievable estimate 0.565 (one-round static estimate (BBPSSWCircuit.improved_fidelity); SeQUeNCe's 'until_target' mode may run a different number of rounds at execution time)),,,cd46233073dd699a2079f554f754feb3dd5c4e4b,1f2680a5b9065e708a7497adc53a95b108029b98,3.13.14,2026-07-17T23:47:42.002005+00:00
P01_l1_l2_purification_four_node,P01_l1_l2_purification_four_node:four_node_chain:7f0986b0c26a7277:shortest_hop_count__automatic__conservative_min:19:intent-four-node,four_node_chain,7f0986b0c26a7277,19,intent-four-node,shortest_hop_count,automatic,False,,,10,10,0.72,conservative_min,,,,,0.05,1e-05,1000.0,-1.0,False,False,,REJECTED,,,,,,,,,,,0.000751,,,,,,,,no candidate route is feasible: a->r1->r2->b (min_fidelity 0.720 exceeds the achievable estimate 0.565 (one-round static estimate (BBPSSWCircuit.improved_fidelity); SeQUeNCe's 'until_target' mode may run a different number of rounds at execution time)),,,cd46233073dd699a2079f554f754feb3dd5c4e4b,1f2680a5b9065e708a7497adc53a95b108029b98,3.13.14,2026-07-17T23:47:42.014536+00:00
P01_l1_l2_purification_four_node,P01_l1_l2_purification_four_node:four_node_chain:64dedbaca833c74c:shortest_hop_count__iterative_analytical__conservative_min:0:intent-four-node,four_node_chain,64dedbaca833c74c,0,intent-four-node,shortest_hop_count,iterative_analytical,False,a -> r1 -> r2 -> b,3,10,10,0.72,conservative_min,0.731541215616411,,,,0.05,1e-05,1000.0,-1.0,True,False,,VIOLATED,0,0,0.0,0.0,,,0.0,,,,0.001163,6.446556,453,167,128,96,0,0,delivered_pairs >= 10.0 (observed=0.0) -> FAIL; average_fidelity >= 0.65 (observed=None) -> FAIL,,,cd46233073dd699a2079f554f754feb3dd5c4e4b,1f2680a5b9065e708a7497adc53a95b108029b98,3.13.14,2026-07-17T23:47:48.490002+00:00
P01_l1_l2_purification_four_node,P01_l1_l2_purification_four_node:four_node_chain:64dedbaca833c74c:shortest_hop_count__iterative_analytical__conservative_min:1:intent-four-node,four_node_chain,64dedbaca833c74c,1,intent-four-node,shortest_hop_count,iterative_analytical,False,a -> r1 -> r2 -> b,3,10,10,0.72,conservative_min,0.731541215616411,,,,0.05,1e-05,1000.0,-1.0,True,False,,VIOLATED,0,0,0.0,0.0,,,0.0,,,,0.001359,6.589643,448,163,123,88,0,0,delivered_pairs >= 10.0 (observed=0.0) -> FAIL; average_fidelity >= 0.65 (observed=None) -> FAIL,,,cd46233073dd699a2079f554f754feb3dd5c4e4b,1f2680a5b9065e708a7497adc53a95b108029b98,3.13.14,2026-07-17T23:47:55.103588+00:00
P01_l1_l2_purification_four_node,P01_l1_l2_purification_four_node:four_node_chain:64dedbaca833c74c:shortest_hop_count__iterative_analytical__conservative_min:2:intent-four-node,four_node_chain,64dedbaca833c74c,2,intent-four-node,shortest_hop_count,iterative_analytical,False,a -> r1 -> r2 -> b,3,10,10,0.72,conservative_min,0.731541215616411,,,,0.05,1e-05,1000.0,-1.0,True,False,,VIOLATED,0,0,0.0,0.0,,,0.0,,,,0.001035,5.702122,451,156,121,91,0,0,delivered_pairs >= 10.0 (observed=0.0) -> FAIL; average_fidelity >= 0.65 (observed=None) -> FAIL,,,cd46233073dd699a2079f554f754feb3dd5c4e4b,1f2680a5b9065e708a7497adc53a95b108029b98,3.13.14,2026-07-17T23:48:00.834941+00:00
P01_l1_l2_purification_four_node,P01_l1_l2_purification_four_node:four_node_chain:64dedbaca833c74c:shortest_hop_count__iterative_analytical__conservative_min:3:intent-four-node,four_node_chain,64dedbaca833c74c,3,intent-four-node,shortest_hop_count,iterative_analytical,False,a -> r1 -> r2 -> b,3,10,10,0.72,conservative_min,0.731541215616411,,,,0.05,1e-05,1000.0,-1.0,True,False,,VIOLATED,0,0,0.0,0.0,,,0.0,,,,0.000679,6.392336,480,156,118,87,0,0,delivered_pairs >= 10.0 (observed=0.0) -> FAIL; average_fidelity >= 0.65 (observed=None) -> FAIL,,,cd46233073dd699a2079f554f754feb3dd5c4e4b,1f2680a5b9065e708a7497adc53a95b108029b98,3.13.14,2026-07-17T23:48:07.245814+00:00
P01_l1_l2_purification_four_node,P01_l1_l2_purification_four_node:four_node_chain:64dedbaca833c74c:shortest_hop_count__iterative_analytical__conservative_min:4:intent-four-node,four_node_chain,64dedbaca833c74c,4,intent-four-node,shortest_hop_count,iterative_analytical,False,a -> r1 -> r2 -> b,3,10,10,0.72,conservative_min,0.731541215616411,,,,0.05,1e-05,1000.0,-1.0,True,False,,VIOLATED,0,0,0.0,0.0,,,0.0,,,,0.001107,5.967486,449,155,124,101,0,0,delivered_pairs >= 10.0 (observed=0.0) -> FAIL; average_fidelity >= 0.65 (observed=None) -> FAIL,,,cd46233073dd699a2079f554f754feb3dd5c4e4b,1f2680a5b9065e708a7497adc53a95b108029b98,3.13.14,2026-07-17T23:48:13.243894+00:00
P01_l1_l2_purification_four_node,P01_l1_l2_purification_four_node:four_node_chain:64dedbaca833c74c:shortest_hop_count__iterative_analytical__conservative_min:5:intent-four-node,four_node_chain,64dedbaca833c74c,5,intent-four-node,shortest_hop_count,iterative_analytical,False,a -> r1 -> r2 -> b,3,10,10,0.72,conservative_min,0.731541215616411,,,,0.05,1e-05,1000.0,-1.0,True,False,,VIOLATED,0,0,0.0,0.0,,,0.0,,,,0.000905,7.216084,440,164,128,96,0,0,delivered_pairs >= 10.0 (observed=0.0) -> FAIL; average_fidelity >= 0.65 (observed=None) -> FAIL,,,cd46233073dd699a2079f554f754feb3dd5c4e4b,1f2680a5b9065e708a7497adc53a95b108029b98,3.13.14,2026-07-17T23:48:20.488106+00:00
P01_l1_l2_purification_four_node,P01_l1_l2_purification_four_node:four_node_chain:64dedbaca833c74c:shortest_hop_count__iterative_analytical__conservative_min:6:intent-four-node,four_node_chain,64dedbaca833c74c,6,intent-four-node,shortest_hop_count,iterative_analytical,False,a -> r1 -> r2 -> b,3,10,10,0.72,conservative_min,0.731541215616411,,,,0.05,1e-05,1000.0,-1.0,True,False,,VIOLATED,0,0,0.0,0.0,,,0.0,,,,0.001396,7.242811,427,166,133,106,0,0,delivered_pairs >= 10.0 (observed=0.0) -> FAIL; average_fidelity >= 0.65 (observed=None) -> FAIL,,,cd46233073dd699a2079f554f754feb3dd5c4e4b,1f2680a5b9065e708a7497adc53a95b108029b98,3.13.14,2026-07-17T23:48:27.761637+00:00
P01_l1_l2_purification_four_node,P01_l1_l2_purification_four_node:four_node_chain:64dedbaca833c74c:shortest_hop_count__iterative_analytical__conservative_min:7:intent-four-node,four_node_chain,64dedbaca833c74c,7,intent-four-node,shortest_hop_count,iterative_analytical,False,a -> r1 -> r2 -> b,3,10,10,0.72,conservative_min,0.731541215616411,,,,0.05,1e-05,1000.0,-1.0,True,False,,VIOLATED,0,0,0.0,0.0,,,0.0,,,,0.000706,7.626228,462,163,122,88,0,0,delivered_pairs >= 10.0 (observed=0.0) -> FAIL; average_fidelity >= 0.65 (observed=None) -> FAIL,,,cd46233073dd699a2079f554f754feb3dd5c4e4b,1f2680a5b9065e708a7497adc53a95b108029b98,3.13.14,2026-07-17T23:48:35.414987+00:00
P01_l1_l2_purification_four_node,P01_l1_l2_purification_four_node:four_node_chain:64dedbaca833c74c:shortest_hop_count__iterative_analytical__conservative_min:8:intent-four-node,four_node_chain,64dedbaca833c74c,8,intent-four-node,shortest_hop_count,iterative_analytical,False,a -> r1 -> r2 -> b,3,10,10,0.72,conservative_min,0.731541215616411,,,,0.05,1e-05,1000.0,-1.0,True,False,,VIOLATED,0,0,0.0,0.0,,,0.0,,,,0.00115,7.313398,452,166,130,99,0,0,delivered_pairs >= 10.0 (observed=0.0) -> FAIL; average_fidelity >= 0.65 (observed=None) -> FAIL,,,cd46233073dd699a2079f554f754feb3dd5c4e4b,1f2680a5b9065e708a7497adc53a95b108029b98,3.13.14,2026-07-17T23:48:42.763459+00:00
P01_l1_l2_purification_four_node,P01_l1_l2_purification_four_node:four_node_chain:64dedbaca833c74c:shortest_hop_count__iterative_analytical__conservative_min:9:intent-four-node,four_node_chain,64dedbaca833c74c,9,intent-four-node,shortest_hop_count,iterative_analytical,False,a -> r1 -> r2 -> b,3,10,10,0.72,conservative_min,0.731541215616411,,,,0.05,1e-05,1000.0,-1.0,True,False,,VIOLATED,0,0,0.0,0.0,,,0.0,,,,0.000995,6.392879,447,155,120,93,0,0,delivered_pairs >= 10.0 (observed=0.0) -> FAIL; average_fidelity >= 0.65 (observed=None) -> FAIL,,,cd46233073dd699a2079f554f754feb3dd5c4e4b,1f2680a5b9065e708a7497adc53a95b108029b98,3.13.14,2026-07-17T23:48:49.183252+00:00
P01_l1_l2_purification_four_node,P01_l1_l2_purification_four_node:four_node_chain:64dedbaca833c74c:shortest_hop_count__iterative_analytical__conservative_min:10:intent-four-node,four_node_chain,64dedbaca833c74c,10,intent-four-node,shortest_hop_count,iterative_analytical,False,a -> r1 -> r2 -> b,3,10,10,0.72,conservative_min,0.731541215616411,,,,0.05,1e-05,1000.0,-1.0,True,False,,VIOLATED,0,0,0.0,0.0,,,0.0,,,,0.000804,6.663733,491,145,113,86,0,0,delivered_pairs >= 10.0 (observed=0.0) -> FAIL; average_fidelity >= 0.65 (observed=None) -> FAIL,,,cd46233073dd699a2079f554f754feb3dd5c4e4b,1f2680a5b9065e708a7497adc53a95b108029b98,3.13.14,2026-07-17T23:48:55.873682+00:00
P01_l1_l2_purification_four_node,P01_l1_l2_purification_four_node:four_node_chain:64dedbaca833c74c:shortest_hop_count__iterative_analytical__conservative_min:11:intent-four-node,four_node_chain,64dedbaca833c74c,11,intent-four-node,shortest_hop_count,iterative_analytical,False,a -> r1 -> r2 -> b,3,10,10,0.72,conservative_min,0.731541215616411,,,,0.05,1e-05,1000.0,-1.0,True,False,,VIOLATED,0,0,0.0,0.0,,,0.0,,,,0.001818,6.248758,436,168,131,102,0,0,delivered_pairs >= 10.0 (observed=0.0) -> FAIL; average_fidelity >= 0.65 (observed=None) -> FAIL,,,cd46233073dd699a2079f554f754feb3dd5c4e4b,1f2680a5b9065e708a7497adc53a95b108029b98,3.13.14,2026-07-17T23:49:02.153864+00:00
P01_l1_l2_purification_four_node,P01_l1_l2_purification_four_node:four_node_chain:64dedbaca833c74c:shortest_hop_count__iterative_analytical__conservative_min:12:intent-four-node,four_node_chain,64dedbaca833c74c,12,intent-four-node,shortest_hop_count,iterative_analytical,False,a -> r1 -> r2 -> b,3,10,10,0.72,conservative_min,0.731541215616411,,,,0.05,1e-05,1000.0,-1.0,True,False,,VIOLATED,0,0,0.0,0.0,,,0.0,,,,0.000867,5.746959,423,157,126,102,0,0,delivered_pairs >= 10.0 (observed=0.0) -> FAIL; average_fidelity >= 0.65 (observed=None) -> FAIL,,,cd46233073dd699a2079f554f754feb3dd5c4e4b,1f2680a5b9065e708a7497adc53a95b108029b98,3.13.14,2026-07-17T23:49:07.926058+00:00
P01_l1_l2_purification_four_node,P01_l1_l2_purification_four_node:four_node_chain:64dedbaca833c74c:shortest_hop_count__iterative_analytical__conservative_min:13:intent-four-node,four_node_chain,64dedbaca833c74c,13,intent-four-node,shortest_hop_count,iterative_analytical,False,a -> r1 -> r2 -> b,3,10,10,0.72,conservative_min,0.731541215616411,,,,0.05,1e-05,1000.0,-1.0,True,False,,VIOLATED,0,0,0.0,0.0,,,0.0,,,,0.000994,6.607886,436,151,120,95,0,0,delivered_pairs >= 10.0 (observed=0.0) -> FAIL; average_fidelity >= 0.65 (observed=None) -> FAIL,,,cd46233073dd699a2079f554f754feb3dd5c4e4b,1f2680a5b9065e708a7497adc53a95b108029b98,3.13.14,2026-07-17T23:49:14.576055+00:00
P01_l1_l2_purification_four_node,P01_l1_l2_purification_four_node:four_node_chain:64dedbaca833c74c:shortest_hop_count__iterative_analytical__conservative_min:14:intent-four-node,four_node_chain,64dedbaca833c74c,14,intent-four-node,shortest_hop_count,iterative_analytical,False,a -> r1 -> r2 -> b,3,10,10,0.72,conservative_min,0.731541215616411,,,,0.05,1e-05,1000.0,-1.0,True,False,,VIOLATED,0,0,0.0,0.0,,,0.0,,,,0.000623,6.676175,424,153,116,86,0,0,delivered_pairs >= 10.0 (observed=0.0) -> FAIL; average_fidelity >= 0.65 (observed=None) -> FAIL,,,cd46233073dd699a2079f554f754feb3dd5c4e4b,1f2680a5b9065e708a7497adc53a95b108029b98,3.13.14,2026-07-17T23:49:21.276653+00:00
P01_l1_l2_purification_four_node,P01_l1_l2_purification_four_node:four_node_chain:64dedbaca833c74c:shortest_hop_count__iterative_analytical__conservative_min:15:intent-four-node,four_node_chain,64dedbaca833c74c,15,intent-four-node,shortest_hop_count,iterative_analytical,False,a -> r1 -> r2 -> b,3,10,10,0.72,conservative_min,0.731541215616411,,,,0.05,1e-05,1000.0,-1.0,True,False,,VIOLATED,0,0,0.0,0.0,,,0.0,,,,0.000699,5.813878,444,150,118,94,0,0,delivered_pairs >= 10.0 (observed=0.0) -> FAIL; average_fidelity >= 0.65 (observed=None) -> FAIL,,,cd46233073dd699a2079f554f754feb3dd5c4e4b,1f2680a5b9065e708a7497adc53a95b108029b98,3.13.14,2026-07-17T23:49:27.112484+00:00
P01_l1_l2_purification_four_node,P01_l1_l2_purification_four_node:four_node_chain:64dedbaca833c74c:shortest_hop_count__iterative_analytical__conservative_min:16:intent-four-node,four_node_chain,64dedbaca833c74c,16,intent-four-node,shortest_hop_count,iterative_analytical,False,a -> r1 -> r2 -> b,3,10,10,0.72,conservative_min,0.731541215616411,,,,0.05,1e-05,1000.0,-1.0,True,False,,VIOLATED,0,0,0.0,0.0,,,0.0,,,,0.000638,6.092363,453,150,117,89,0,0,delivered_pairs >= 10.0 (observed=0.0) -> FAIL; average_fidelity >= 0.65 (observed=None) -> FAIL,,,cd46233073dd699a2079f554f754feb3dd5c4e4b,1f2680a5b9065e708a7497adc53a95b108029b98,3.13.14,2026-07-17T23:49:33.226612+00:00
P01_l1_l2_purification_four_node,P01_l1_l2_purification_four_node:four_node_chain:64dedbaca833c74c:shortest_hop_count__iterative_analytical__conservative_min:17:intent-four-node,four_node_chain,64dedbaca833c74c,17,intent-four-node,shortest_hop_count,iterative_analytical,False,a -> r1 -> r2 -> b,3,10,10,0.72,conservative_min,0.731541215616411,,,,0.05,1e-05,1000.0,-1.0,True,False,,VIOLATED,0,0,0.0,0.0,,,0.0,,,,0.000654,5.481721,440,165,123,88,0,0,delivered_pairs >= 10.0 (observed=0.0) -> FAIL; average_fidelity >= 0.65 (observed=None) -> FAIL,,,cd46233073dd699a2079f554f754feb3dd5c4e4b,1f2680a5b9065e708a7497adc53a95b108029b98,3.13.14,2026-07-17T23:49:38.726436+00:00
P01_l1_l2_purification_four_node,P01_l1_l2_purification_four_node:four_node_chain:64dedbaca833c74c:shortest_hop_count__iterative_analytical__conservative_min:18:intent-four-node,four_node_chain,64dedbaca833c74c,18,intent-four-node,shortest_hop_count,iterative_analytical,False,a -> r1 -> r2 -> b,3,10,10,0.72,conservative_min,0.731541215616411,,,,0.05,1e-05,1000.0,-1.0,True,False,,VIOLATED,0,0,0.0,0.0,,,0.0,,,,0.00066,6.727174,416,157,124,97,0,0,delivered_pairs >= 10.0 (observed=0.0) -> FAIL; average_fidelity >= 0.65 (observed=None) -> FAIL,,,cd46233073dd699a2079f554f754feb3dd5c4e4b,1f2680a5b9065e708a7497adc53a95b108029b98,3.13.14,2026-07-17T23:49:45.470565+00:00
P01_l1_l2_purification_four_node,P01_l1_l2_purification_four_node:four_node_chain:64dedbaca833c74c:shortest_hop_count__iterative_analytical__conservative_min:19:intent-four-node,four_node_chain,64dedbaca833c74c,19,intent-four-node,shortest_hop_count,iterative_analytical,False,a -> r1 -> r2 -> b,3,10,10,0.72,conservative_min,0.731541215616411,,,,0.05,1e-05,1000.0,-1.0,True,False,,VIOLATED,0,0,0.0,0.0,,,0.0,,,,0.000971,6.267997,427,158,121,91,0,0,delivered_pairs >= 10.0 (observed=0.0) -> FAIL; average_fidelity >= 0.65 (observed=None) -> FAIL,,,cd46233073dd699a2079f554f754feb3dd5c4e4b,1f2680a5b9065e708a7497adc53a95b108029b98,3.13.14,2026-07-17T23:49:51.762872+00:00
P01_l1_l2_purification_four_node,P01_l1_l2_purification_four_node:four_node_chain:7b142d992c86d22b:shortest_hop_count__automatic__conservative_min:0:intent-four-node,four_node_chain,7b142d992c86d22b,0,intent-four-node,shortest_hop_count,automatic,False,,,10,10,0.73,conservative_min,,,,,0.05,1e-05,1000.0,-1.0,False,False,,REJECTED,,,,,,,,,,,0.000599,,,,,,,,no candidate route is feasible: a->r1->r2->b (min_fidelity 0.730 exceeds the achievable estimate 0.565 (one-round static estimate (BBPSSWCircuit.improved_fidelity); SeQUeNCe's 'until_target' mode may run a different number of rounds at execution time)),,,cd46233073dd699a2079f554f754feb3dd5c4e4b,1f2680a5b9065e708a7497adc53a95b108029b98,3.13.14,2026-07-17T23:49:51.772338+00:00
P01_l1_l2_purification_four_node,P01_l1_l2_purification_four_node:four_node_chain:7b142d992c86d22b:shortest_hop_count__automatic__conservative_min:1:intent-four-node,four_node_chain,7b142d992c86d22b,1,intent-four-node,shortest_hop_count,automatic,False,,,10,10,0.73,conservative_min,,,,,0.05,1e-05,1000.0,-1.0,False,False,,REJECTED,,,,,,,,,,,0.000844,,,,,,,,no candidate route is feasible: a->r1->r2->b (min_fidelity 0.730 exceeds the achievable estimate 0.565 (one-round static estimate (BBPSSWCircuit.improved_fidelity); SeQUeNCe's 'until_target' mode may run a different number of rounds at execution time)),,,cd46233073dd699a2079f554f754feb3dd5c4e4b,1f2680a5b9065e708a7497adc53a95b108029b98,3.13.14,2026-07-17T23:49:51.778999+00:00
P01_l1_l2_purification_four_node,P01_l1_l2_purification_four_node:four_node_chain:7b142d992c86d22b:shortest_hop_count__automatic__conservative_min:2:intent-four-node,four_node_chain,7b142d992c86d22b,2,intent-four-node,shortest_hop_count,automatic,False,,,10,10,0.73,conservative_min,,,,,0.05,1e-05,1000.0,-1.0,False,False,,REJECTED,,,,,,,,,,,0.000566,,,,,,,,no candidate route is feasible: a->r1->r2->b (min_fidelity 0.730 exceeds the achievable estimate 0.565 (one-round static estimate (BBPSSWCircuit.improved_fidelity); SeQUeNCe's 'until_target' mode may run a different number of rounds at execution time)),,,cd46233073dd699a2079f554f754feb3dd5c4e4b,1f2680a5b9065e708a7497adc53a95b108029b98,3.13.14,2026-07-17T23:49:51.790062+00:00
P01_l1_l2_purification_four_node,P01_l1_l2_purification_four_node:four_node_chain:7b142d992c86d22b:shortest_hop_count__automatic__conservative_min:3:intent-four-node,four_node_chain,7b142d992c86d22b,3,intent-four-node,shortest_hop_count,automatic,False,,,10,10,0.73,conservative_min,,,,,0.05,1e-05,1000.0,-1.0,False,False,,REJECTED,,,,,,,,,,,0.000553,,,,,,,,no candidate route is feasible: a->r1->r2->b (min_fidelity 0.730 exceeds the achievable estimate 0.565 (one-round static estimate (BBPSSWCircuit.improved_fidelity); SeQUeNCe's 'until_target' mode may run a different number of rounds at execution time)),,,cd46233073dd699a2079f554f754feb3dd5c4e4b,1f2680a5b9065e708a7497adc53a95b108029b98,3.13.14,2026-07-17T23:49:51.798494+00:00
P01_l1_l2_purification_four_node,P01_l1_l2_purification_four_node:four_node_chain:7b142d992c86d22b:shortest_hop_count__automatic__conservative_min:4:intent-four-node,four_node_chain,7b142d992c86d22b,4,intent-four-node,shortest_hop_count,automatic,False,,,10,10,0.73,conservative_min,,,,,0.05,1e-05,1000.0,-1.0,False,False,,REJECTED,,,,,,,,,,,0.000573,,,,,,,,no candidate route is feasible: a->r1->r2->b (min_fidelity 0.730 exceeds the achievable estimate 0.565 (one-round static estimate (BBPSSWCircuit.improved_fidelity); SeQUeNCe's 'until_target' mode may run a different number of rounds at execution time)),,,cd46233073dd699a2079f554f754feb3dd5c4e4b,1f2680a5b9065e708a7497adc53a95b108029b98,3.13.14,2026-07-17T23:49:51.805933+00:00
P01_l1_l2_purification_four_node,P01_l1_l2_purification_four_node:four_node_chain:7b142d992c86d22b:shortest_hop_count__automatic__conservative_min:5:intent-four-node,four_node_chain,7b142d992c86d22b,5,intent-four-node,shortest_hop_count,automatic,False,,,10,10,0.73,conservative_min,,,,,0.05,1e-05,1000.0,-1.0,False,False,,REJECTED,,,,,,,,,,,0.000595,,,,,,,,no candidate route is feasible: a->r1->r2->b (min_fidelity 0.730 exceeds the achievable estimate 0.565 (one-round static estimate (BBPSSWCircuit.improved_fidelity); SeQUeNCe's 'until_target' mode may run a different number of rounds at execution time)),,,cd46233073dd699a2079f554f754feb3dd5c4e4b,1f2680a5b9065e708a7497adc53a95b108029b98,3.13.14,2026-07-17T23:49:51.811990+00:00
P01_l1_l2_purification_four_node,P01_l1_l2_purification_four_node:four_node_chain:7b142d992c86d22b:shortest_hop_count__automatic__conservative_min:6:intent-four-node,four_node_chain,7b142d992c86d22b,6,intent-four-node,shortest_hop_count,automatic,False,,,10,10,0.73,conservative_min,,,,,0.05,1e-05,1000.0,-1.0,False,False,,REJECTED,,,,,,,,,,,0.000753,,,,,,,,no candidate route is feasible: a->r1->r2->b (min_fidelity 0.730 exceeds the achievable estimate 0.565 (one-round static estimate (BBPSSWCircuit.improved_fidelity); SeQUeNCe's 'until_target' mode may run a different number of rounds at execution time)),,,cd46233073dd699a2079f554f754feb3dd5c4e4b,1f2680a5b9065e708a7497adc53a95b108029b98,3.13.14,2026-07-17T23:49:51.818248+00:00
P01_l1_l2_purification_four_node,P01_l1_l2_purification_four_node:four_node_chain:7b142d992c86d22b:shortest_hop_count__automatic__conservative_min:7:intent-four-node,four_node_chain,7b142d992c86d22b,7,intent-four-node,shortest_hop_count,automatic,False,,,10,10,0.73,conservative_min,,,,,0.05,1e-05,1000.0,-1.0,False,False,,REJECTED,,,,,,,,,,,0.000851,,,,,,,,no candidate route is feasible: a->r1->r2->b (min_fidelity 0.730 exceeds the achievable estimate 0.565 (one-round static estimate (BBPSSWCircuit.improved_fidelity); SeQUeNCe's 'until_target' mode may run a different number of rounds at execution time)),,,cd46233073dd699a2079f554f754feb3dd5c4e4b,1f2680a5b9065e708a7497adc53a95b108029b98,3.13.14,2026-07-17T23:49:51.830656+00:00
P01_l1_l2_purification_four_node,P01_l1_l2_purification_four_node:four_node_chain:7b142d992c86d22b:shortest_hop_count__automatic__conservative_min:8:intent-four-node,four_node_chain,7b142d992c86d22b,8,intent-four-node,shortest_hop_count,automatic,False,,,10,10,0.73,conservative_min,,,,,0.05,1e-05,1000.0,-1.0,False,False,,REJECTED,,,,,,,,,,,0.000974,,,,,,,,no candidate route is feasible: a->r1->r2->b (min_fidelity 0.730 exceeds the achievable estimate 0.565 (one-round static estimate (BBPSSWCircuit.improved_fidelity); SeQUeNCe's 'until_target' mode may run a different number of rounds at execution time)),,,cd46233073dd699a2079f554f754feb3dd5c4e4b,1f2680a5b9065e708a7497adc53a95b108029b98,3.13.14,2026-07-17T23:49:51.843285+00:00
P01_l1_l2_purification_four_node,P01_l1_l2_purification_four_node:four_node_chain:7b142d992c86d22b:shortest_hop_count__automatic__conservative_min:9:intent-four-node,four_node_chain,7b142d992c86d22b,9,intent-four-node,shortest_hop_count,automatic,False,,,10,10,0.73,conservative_min,,,,,0.05,1e-05,1000.0,-1.0,False,False,,REJECTED,,,,,,,,,,,0.000675,,,,,,,,no candidate route is feasible: a->r1->r2->b (min_fidelity 0.730 exceeds the achievable estimate 0.565 (one-round static estimate (BBPSSWCircuit.improved_fidelity); SeQUeNCe's 'until_target' mode may run a different number of rounds at execution time)),,,cd46233073dd699a2079f554f754feb3dd5c4e4b,1f2680a5b9065e708a7497adc53a95b108029b98,3.13.14,2026-07-17T23:49:51.854482+00:00
P01_l1_l2_purification_four_node,P01_l1_l2_purification_four_node:four_node_chain:7b142d992c86d22b:shortest_hop_count__automatic__conservative_min:10:intent-four-node,four_node_chain,7b142d992c86d22b,10,intent-four-node,shortest_hop_count,automatic,False,,,10,10,0.73,conservative_min,,,,,0.05,1e-05,1000.0,-1.0,False,False,,REJECTED,,,,,,,,,,,0.000511,,,,,,,,no candidate route is feasible: a->r1->r2->b (min_fidelity 0.730 exceeds the achievable estimate 0.565 (one-round static estimate (BBPSSWCircuit.improved_fidelity); SeQUeNCe's 'until_target' mode may run a different number of rounds at execution time)),,,cd46233073dd699a2079f554f754feb3dd5c4e4b,1f2680a5b9065e708a7497adc53a95b108029b98,3.13.14,2026-07-17T23:49:51.862716+00:00
P01_l1_l2_purification_four_node,P01_l1_l2_purification_four_node:four_node_chain:7b142d992c86d22b:shortest_hop_count__automatic__conservative_min:11:intent-four-node,four_node_chain,7b142d992c86d22b,11,intent-four-node,shortest_hop_count,automatic,False,,,10,10,0.73,conservative_min,,,,,0.05,1e-05,1000.0,-1.0,False,False,,REJECTED,,,,,,,,,,,0.000784,,,,,,,,no candidate route is feasible: a->r1->r2->b (min_fidelity 0.730 exceeds the achievable estimate 0.565 (one-round static estimate (BBPSSWCircuit.improved_fidelity); SeQUeNCe's 'until_target' mode may run a different number of rounds at execution time)),,,cd46233073dd699a2079f554f754feb3dd5c4e4b,1f2680a5b9065e708a7497adc53a95b108029b98,3.13.14,2026-07-17T23:49:51.873579+00:00
P01_l1_l2_purification_four_node,P01_l1_l2_purification_four_node:four_node_chain:7b142d992c86d22b:shortest_hop_count__automatic__conservative_min:12:intent-four-node,four_node_chain,7b142d992c86d22b,12,intent-four-node,shortest_hop_count,automatic,False,,,10,10,0.73,conservative_min,,,,,0.05,1e-05,1000.0,-1.0,False,False,,REJECTED,,,,,,,,,,,0.000599,,,,,,,,no candidate route is feasible: a->r1->r2->b (min_fidelity 0.730 exceeds the achievable estimate 0.565 (one-round static estimate (BBPSSWCircuit.improved_fidelity); SeQUeNCe's 'until_target' mode may run a different number of rounds at execution time)),,,cd46233073dd699a2079f554f754feb3dd5c4e4b,1f2680a5b9065e708a7497adc53a95b108029b98,3.13.14,2026-07-17T23:49:51.881649+00:00
P01_l1_l2_purification_four_node,P01_l1_l2_purification_four_node:four_node_chain:7b142d992c86d22b:shortest_hop_count__automatic__conservative_min:13:intent-four-node,four_node_chain,7b142d992c86d22b,13,intent-four-node,shortest_hop_count,automatic,False,,,10,10,0.73,conservative_min,,,,,0.05,1e-05,1000.0,-1.0,False,False,,REJECTED,,,,,,,,,,,0.00069,,,,,,,,no candidate route is feasible: a->r1->r2->b (min_fidelity 0.730 exceeds the achievable estimate 0.565 (one-round static estimate (BBPSSWCircuit.improved_fidelity); SeQUeNCe's 'until_target' mode may run a different number of rounds at execution time)),,,cd46233073dd699a2079f554f754feb3dd5c4e4b,1f2680a5b9065e708a7497adc53a95b108029b98,3.13.14,2026-07-17T23:49:51.890037+00:00
P01_l1_l2_purification_four_node,P01_l1_l2_purification_four_node:four_node_chain:7b142d992c86d22b:shortest_hop_count__automatic__conservative_min:14:intent-four-node,four_node_chain,7b142d992c86d22b,14,intent-four-node,shortest_hop_count,automatic,False,,,10,10,0.73,conservative_min,,,,,0.05,1e-05,1000.0,-1.0,False,False,,REJECTED,,,,,,,,,,,0.000649,,,,,,,,no candidate route is feasible: a->r1->r2->b (min_fidelity 0.730 exceeds the achievable estimate 0.565 (one-round static estimate (BBPSSWCircuit.improved_fidelity); SeQUeNCe's 'until_target' mode may run a different number of rounds at execution time)),,,cd46233073dd699a2079f554f754feb3dd5c4e4b,1f2680a5b9065e708a7497adc53a95b108029b98,3.13.14,2026-07-17T23:49:51.897381+00:00
P01_l1_l2_purification_four_node,P01_l1_l2_purification_four_node:four_node_chain:7b142d992c86d22b:shortest_hop_count__automatic__conservative_min:15:intent-four-node,four_node_chain,7b142d992c86d22b,15,intent-four-node,shortest_hop_count,automatic,False,,,10,10,0.73,conservative_min,,,,,0.05,1e-05,1000.0,-1.0,False,False,,REJECTED,,,,,,,,,,,0.000641,,,,,,,,no candidate route is feasible: a->r1->r2->b (min_fidelity 0.730 exceeds the achievable estimate 0.565 (one-round static estimate (BBPSSWCircuit.improved_fidelity); SeQUeNCe's 'until_target' mode may run a different number of rounds at execution time)),,,cd46233073dd699a2079f554f754feb3dd5c4e4b,1f2680a5b9065e708a7497adc53a95b108029b98,3.13.14,2026-07-17T23:49:51.904633+00:00
P01_l1_l2_purification_four_node,P01_l1_l2_purification_four_node:four_node_chain:7b142d992c86d22b:shortest_hop_count__automatic__conservative_min:16:intent-four-node,four_node_chain,7b142d992c86d22b,16,intent-four-node,shortest_hop_count,automatic,False,,,10,10,0.73,conservative_min,,,,,0.05,1e-05,1000.0,-1.0,False,False,,REJECTED,,,,,,,,,,,0.000607,,,,,,,,no candidate route is feasible: a->r1->r2->b (min_fidelity 0.730 exceeds the achievable estimate 0.565 (one-round static estimate (BBPSSWCircuit.improved_fidelity); SeQUeNCe's 'until_target' mode may run a different number of rounds at execution time)),,,cd46233073dd699a2079f554f754feb3dd5c4e4b,1f2680a5b9065e708a7497adc53a95b108029b98,3.13.14,2026-07-17T23:49:51.913456+00:00
P01_l1_l2_purification_four_node,P01_l1_l2_purification_four_node:four_node_chain:7b142d992c86d22b:shortest_hop_count__automatic__conservative_min:17:intent-four-node,four_node_chain,7b142d992c86d22b,17,intent-four-node,shortest_hop_count,automatic,False,,,10,10,0.73,conservative_min,,,,,0.05,1e-05,1000.0,-1.0,False,False,,REJECTED,,,,,,,,,,,0.00052,,,,,,,,no candidate route is feasible: a->r1->r2->b (min_fidelity 0.730 exceeds the achievable estimate 0.565 (one-round static estimate (BBPSSWCircuit.improved_fidelity); SeQUeNCe's 'until_target' mode may run a different number of rounds at execution time)),,,cd46233073dd699a2079f554f754feb3dd5c4e4b,1f2680a5b9065e708a7497adc53a95b108029b98,3.13.14,2026-07-17T23:49:51.922324+00:00
P01_l1_l2_purification_four_node,P01_l1_l2_purification_four_node:four_node_chain:7b142d992c86d22b:shortest_hop_count__automatic__conservative_min:18:intent-four-node,four_node_chain,7b142d992c86d22b,18,intent-four-node,shortest_hop_count,automatic,False,,,10,10,0.73,conservative_min,,,,,0.05,1e-05,1000.0,-1.0,False,False,,REJECTED,,,,,,,,,,,0.000515,,,,,,,,no candidate route is feasible: a->r1->r2->b (min_fidelity 0.730 exceeds the achievable estimate 0.565 (one-round static estimate (BBPSSWCircuit.improved_fidelity); SeQUeNCe's 'until_target' mode may run a different number of rounds at execution time)),,,cd46233073dd699a2079f554f754feb3dd5c4e4b,1f2680a5b9065e708a7497adc53a95b108029b98,3.13.14,2026-07-17T23:49:51.927199+00:00
P01_l1_l2_purification_four_node,P01_l1_l2_purification_four_node:four_node_chain:7b142d992c86d22b:shortest_hop_count__automatic__conservative_min:19:intent-four-node,four_node_chain,7b142d992c86d22b,19,intent-four-node,shortest_hop_count,automatic,False,,,10,10,0.73,conservative_min,,,,,0.05,1e-05,1000.0,-1.0,False,False,,REJECTED,,,,,,,,,,,0.000335,,,,,,,,no candidate route is feasible: a->r1->r2->b (min_fidelity 0.730 exceeds the achievable estimate 0.565 (one-round static estimate (BBPSSWCircuit.improved_fidelity); SeQUeNCe's 'until_target' mode may run a different number of rounds at execution time)),,,cd46233073dd699a2079f554f754feb3dd5c4e4b,1f2680a5b9065e708a7497adc53a95b108029b98,3.13.14,2026-07-17T23:49:51.932598+00:00
P01_l1_l2_purification_four_node,P01_l1_l2_purification_four_node:four_node_chain:a93bcf71adc1e9f1:shortest_hop_count__iterative_analytical__conservative_min:0:intent-four-node,four_node_chain,a93bcf71adc1e9f1,0,intent-four-node,shortest_hop_count,iterative_analytical,False,a -> r1 -> r2 -> b,3,10,10,0.73,conservative_min,0.731541215616411,,,,0.05,1e-05,1000.0,-1.0,True,False,,VIOLATED,0,0,0.0,0.0,,,0.0,,,,0.000605,6.256733,463,160,122,89,0,0,delivered_pairs >= 10.0 (observed=0.0) -> FAIL; average_fidelity >= 0.65 (observed=None) -> FAIL,,,cd46233073dd699a2079f554f754feb3dd5c4e4b,1f2680a5b9065e708a7497adc53a95b108029b98,3.13.14,2026-07-17T23:49:58.209120+00:00
P01_l1_l2_purification_four_node,P01_l1_l2_purification_four_node:four_node_chain:a93bcf71adc1e9f1:shortest_hop_count__iterative_analytical__conservative_min:1:intent-four-node,four_node_chain,a93bcf71adc1e9f1,1,intent-four-node,shortest_hop_count,iterative_analytical,False,a -> r1 -> r2 -> b,3,10,10,0.73,conservative_min,0.731541215616411,,,,0.05,1e-05,1000.0,-1.0,True,False,,VIOLATED,0,0,0.0,0.0,,,0.0,,,,0.001038,6.122597,453,158,133,114,0,0,delivered_pairs >= 10.0 (observed=0.0) -> FAIL; average_fidelity >= 0.65 (observed=None) -> FAIL,,,cd46233073dd699a2079f554f754feb3dd5c4e4b,1f2680a5b9065e708a7497adc53a95b108029b98,3.13.14,2026-07-17T23:50:04.354407+00:00
P01_l1_l2_purification_four_node,P01_l1_l2_purification_four_node:four_node_chain:a93bcf71adc1e9f1:shortest_hop_count__iterative_analytical__conservative_min:2:intent-four-node,four_node_chain,a93bcf71adc1e9f1,2,intent-four-node,shortest_hop_count,iterative_analytical,False,a -> r1 -> r2 -> b,3,10,10,0.73,conservative_min,0.731541215616411,,,,0.05,1e-05,1000.0,-1.0,True,False,,VIOLATED,0,0,0.0,0.0,,,0.0,,,,0.000663,6.111317,468,164,120,82,0,0,delivered_pairs >= 10.0 (observed=0.0) -> FAIL; average_fidelity >= 0.65 (observed=None) -> FAIL,,,cd46233073dd699a2079f554f754feb3dd5c4e4b,1f2680a5b9065e708a7497adc53a95b108029b98,3.13.14,2026-07-17T23:50:10.484150+00:00
P01_l1_l2_purification_four_node,P01_l1_l2_purification_four_node:four_node_chain:a93bcf71adc1e9f1:shortest_hop_count__iterative_analytical__conservative_min:3:intent-four-node,four_node_chain,a93bcf71adc1e9f1,3,intent-four-node,shortest_hop_count,iterative_analytical,False,a -> r1 -> r2 -> b,3,10,10,0.73,conservative_min,0.731541215616411,,,,0.05,1e-05,1000.0,-1.0,True,False,,VIOLATED,0,0,0.0,0.0,,,0.0,,,,0.00083,5.816189,455,162,134,112,0,0,delivered_pairs >= 10.0 (observed=0.0) -> FAIL; average_fidelity >= 0.65 (observed=None) -> FAIL,,,cd46233073dd699a2079f554f754feb3dd5c4e4b,1f2680a5b9065e708a7497adc53a95b108029b98,3.13.14,2026-07-17T23:50:16.323349+00:00
P01_l1_l2_purification_four_node,P01_l1_l2_purification_four_node:four_node_chain:a93bcf71adc1e9f1:shortest_hop_count__iterative_analytical__conservative_min:4:intent-four-node,four_node_chain,a93bcf71adc1e9f1,4,intent-four-node,shortest_hop_count,iterative_analytical,False,a -> r1 -> r2 -> b,3,10,10,0.73,conservative_min,0.731541215616411,,,,0.05,1e-05,1000.0,-1.0,True,False,,VIOLATED,0,0,0.0,0.0,,,0.0,,,,0.001041,6.078569,431,158,124,97,0,0,delivered_pairs >= 10.0 (observed=0.0) -> FAIL; average_fidelity >= 0.65 (observed=None) -> FAIL,,,cd46233073dd699a2079f554f754feb3dd5c4e4b,1f2680a5b9065e708a7497adc53a95b108029b98,3.13.14,2026-07-17T23:50:22.427676+00:00
P01_l1_l2_purification_four_node,P01_l1_l2_purification_four_node:four_node_chain:a93bcf71adc1e9f1:shortest_hop_count__iterative_analytical__conservative_min:5:intent-four-node,four_node_chain,a93bcf71adc1e9f1,5,intent-four-node,shortest_hop_count,iterative_analytical,False,a -> r1 -> r2 -> b,3,10,10,0.73,conservative_min,0.731541215616411,,,,0.05,1e-05,1000.0,-1.0,True,False,,VIOLATED,0,0,0.0,0.0,,,0.0,,,,0.001417,5.368568,455,173,130,95,0,0,delivered_pairs >= 10.0 (observed=0.0) -> FAIL; average_fidelity >= 0.65 (observed=None) -> FAIL,,,cd46233073dd699a2079f554f754feb3dd5c4e4b,1f2680a5b9065e708a7497adc53a95b108029b98,3.13.14,2026-07-17T23:50:27.825223+00:00
P01_l1_l2_purification_four_node,P01_l1_l2_purification_four_node:four_node_chain:a93bcf71adc1e9f1:shortest_hop_count__iterative_analytical__conservative_min:6:intent-four-node,four_node_chain,a93bcf71adc1e9f1,6,intent-four-node,shortest_hop_count,iterative_analytical,False,a -> r1 -> r2 -> b,3,10,10,0.73,conservative_min,0.731541215616411,,,,0.05,1e-05,1000.0,-1.0,True,False,,VIOLATED,0,0,0.0,0.0,,,0.0,,,,0.000937,5.544388,459,156,121,92,0,0,delivered_pairs >= 10.0 (observed=0.0) -> FAIL; average_fidelity >= 0.65 (observed=None) -> FAIL,,,cd46233073dd699a2079f554f754feb3dd5c4e4b,1f2680a5b9065e708a7497adc53a95b108029b98,3.13.14,2026-07-17T23:50:33.396530+00:00
P01_l1_l2_purification_four_node,P01_l1_l2_purification_four_node:four_node_chain:a93bcf71adc1e9f1:shortest_hop_count__iterative_analytical__conservative_min:7:intent-four-node,four_node_chain,a93bcf71adc1e9f1,7,intent-four-node,shortest_hop_count,iterative_analytical,False,a -> r1 -> r2 -> b,3,10,10,0.73,conservative_min,0.731541215616411,,,,0.05,1e-05,1000.0,-1.0,True,False,,VIOLATED,0,0,0.0,0.0,,,0.0,,,,0.00065,4.972599,451,159,125,98,0,0,delivered_pairs >= 10.0 (observed=0.0) -> FAIL; average_fidelity >= 0.65 (observed=None) -> FAIL,,,cd46233073dd699a2079f554f754feb3dd5c4e4b,1f2680a5b9065e708a7497adc53a95b108029b98,3.13.14,2026-07-17T23:50:38.388434+00:00
P01_l1_l2_purification_four_node,P01_l1_l2_purification_four_node:four_node_chain:a93bcf71adc1e9f1:shortest_hop_count__iterative_analytical__conservative_min:8:intent-four-node,four_node_chain,a93bcf71adc1e9f1,8,intent-four-node,shortest_hop_count,iterative_analytical,False,a -> r1 -> r2 -> b,3,10,10,0.73,conservative_min,0.731541215616411,,,,0.05,1e-05,1000.0,-1.0,True,False,,VIOLATED,0,0,0.0,0.0,,,0.0,,,,0.001041,5.367854,456,160,130,104,0,0,delivered_pairs >= 10.0 (observed=0.0) -> FAIL; average_fidelity >= 0.65 (observed=None) -> FAIL,,,cd46233073dd699a2079f554f754feb3dd5c4e4b,1f2680a5b9065e708a7497adc53a95b108029b98,3.13.14,2026-07-17T23:50:43.783835+00:00
P01_l1_l2_purification_four_node,P01_l1_l2_purification_four_node:four_node_chain:a93bcf71adc1e9f1:shortest_hop_count__iterative_analytical__conservative_min:9:intent-four-node,four_node_chain,a93bcf71adc1e9f1,9,intent-four-node,shortest_hop_count,iterative_analytical,False,a -> r1 -> r2 -> b,3,10,10,0.73,conservative_min,0.731541215616411,,,,0.05,1e-05,1000.0,-1.0,True,False,,VIOLATED,0,0,0.0,0.0,,,0.0,,,,0.000677,4.661801,448,167,133,105,0,0,delivered_pairs >= 10.0 (observed=0.0) -> FAIL; average_fidelity >= 0.65 (observed=None) -> FAIL,,,cd46233073dd699a2079f554f754feb3dd5c4e4b,1f2680a5b9065e708a7497adc53a95b108029b98,3.13.14,2026-07-17T23:50:48.466046+00:00
P01_l1_l2_purification_four_node,P01_l1_l2_purification_four_node:four_node_chain:a93bcf71adc1e9f1:shortest_hop_count__iterative_analytical__conservative_min:10:intent-four-node,four_node_chain,a93bcf71adc1e9f1,10,intent-four-node,shortest_hop_count,iterative_analytical,False,a -> r1 -> r2 -> b,3,10,10,0.73,conservative_min,0.731541215616411,,,,0.05,1e-05,1000.0,-1.0,True,False,,VIOLATED,0,0,0.0,0.0,,,0.0,,,,0.001054,4.744721,463,156,123,96,0,0,delivered_pairs >= 10.0 (observed=0.0) -> FAIL; average_fidelity >= 0.65 (observed=None) -> FAIL,,,cd46233073dd699a2079f554f754feb3dd5c4e4b,1f2680a5b9065e708a7497adc53a95b108029b98,3.13.14,2026-07-17T23:50:53.234220+00:00
P01_l1_l2_purification_four_node,P01_l1_l2_purification_four_node:four_node_chain:a93bcf71adc1e9f1:shortest_hop_count__iterative_analytical__conservative_min:11:intent-four-node,four_node_chain,a93bcf71adc1e9f1,11,intent-four-node,shortest_hop_count,iterative_analytical,False,a -> r1 -> r2 -> b,3,10,10,0.73,conservative_min,0.731541215616411,,,,0.05,1e-05,1000.0,-1.0,True,False,,VIOLATED,0,0,0.0,0.0,,,0.0,,,,0.001073,6.122782,496,160,120,84,0,0,delivered_pairs >= 10.0 (observed=0.0) -> FAIL; average_fidelity >= 0.65 (observed=None) -> FAIL,,,cd46233073dd699a2079f554f754feb3dd5c4e4b,1f2680a5b9065e708a7497adc53a95b108029b98,3.13.14,2026-07-17T23:50:59.385805+00:00
P01_l1_l2_purification_four_node,P01_l1_l2_purification_four_node:four_node_chain:a93bcf71adc1e9f1:shortest_hop_count__iterative_analytical__conservative_min:12:intent-four-node,four_node_chain,a93bcf71adc1e9f1,12,intent-four-node,shortest_hop_count,iterative_analytical,False,a -> r1 -> r2 -> b,3,10,10,0.73,conservative_min,0.731541215616411,,,,0.05,1e-05,1000.0,-1.0,True,False,,VIOLATED,0,0,0.0,0.0,,,0.0,,,,0.000916,6.022986,442,156,126,102,0,0,delivered_pairs >= 10.0 (observed=0.0) -> FAIL; average_fidelity >= 0.65 (observed=None) -> FAIL,,,cd46233073dd699a2079f554f754feb3dd5c4e4b,1f2680a5b9065e708a7497adc53a95b108029b98,3.13.14,2026-07-17T23:51:05.438871+00:00
P01_l1_l2_purification_four_node,P01_l1_l2_purification_four_node:four_node_chain:a93bcf71adc1e9f1:shortest_hop_count__iterative_analytical__conservative_min:13:intent-four-node,four_node_chain,a93bcf71adc1e9f1,13,intent-four-node,shortest_hop_count,iterative_analytical,False,a -> r1 -> r2 -> b,3,10,10,0.73,conservative_min,0.731541215616411,,,,0.05,1e-05,1000.0,-1.0,True,False,,VIOLATED,0,0,0.0,0.0,,,0.0,,,,0.00109,5.859529,425,147,123,103,0,0,delivered_pairs >= 10.0 (observed=0.0) -> FAIL; average_fidelity >= 0.65 (observed=None) -> FAIL,,,cd46233073dd699a2079f554f754feb3dd5c4e4b,1f2680a5b9065e708a7497adc53a95b108029b98,3.13.14,2026-07-17T23:51:11.324114+00:00
P01_l1_l2_purification_four_node,P01_l1_l2_purification_four_node:four_node_chain:a93bcf71adc1e9f1:shortest_hop_count__iterative_analytical__conservative_min:14:intent-four-node,four_node_chain,a93bcf71adc1e9f1,14,intent-four-node,shortest_hop_count,iterative_analytical,False,a -> r1 -> r2 -> b,3,10,10,0.73,conservative_min,0.731541215616411,,,,0.05,1e-05,1000.0,-1.0,True,False,,VIOLATED,0,0,0.0,0.0,,,0.0,,,,0.00063,4.97811,435,155,124,101,0,0,delivered_pairs >= 10.0 (observed=0.0) -> FAIL; average_fidelity >= 0.65 (observed=None) -> FAIL,,,cd46233073dd699a2079f554f754feb3dd5c4e4b,1f2680a5b9065e708a7497adc53a95b108029b98,3.13.14,2026-07-17T23:51:16.319446+00:00
P01_l1_l2_purification_four_node,P01_l1_l2_purification_four_node:four_node_chain:a93bcf71adc1e9f1:shortest_hop_count__iterative_analytical__conservative_min:15:intent-four-node,four_node_chain,a93bcf71adc1e9f1,15,intent-four-node,shortest_hop_count,iterative_analytical,False,a -> r1 -> r2 -> b,3,10,10,0.73,conservative_min,0.731541215616411,,,,0.05,1e-05,1000.0,-1.0,True,False,,VIOLATED,0,0,0.0,0.0,,,0.0,,,,0.000653,4.856133,464,165,127,97,0,0,delivered_pairs >= 10.0 (observed=0.0) -> FAIL; average_fidelity >= 0.65 (observed=None) -> FAIL,,,cd46233073dd699a2079f554f754feb3dd5c4e4b,1f2680a5b9065e708a7497adc53a95b108029b98,3.13.14,2026-07-17T23:51:21.191096+00:00
P01_l1_l2_purification_four_node,P01_l1_l2_purification_four_node:four_node_chain:a93bcf71adc1e9f1:shortest_hop_count__iterative_analytical__conservative_min:16:intent-four-node,four_node_chain,a93bcf71adc1e9f1,16,intent-four-node,shortest_hop_count,iterative_analytical,False,a -> r1 -> r2 -> b,3,10,10,0.73,conservative_min,0.731541215616411,,,,0.05,1e-05,1000.0,-1.0,True,False,,VIOLATED,0,0,0.0,0.0,,,0.0,,,,0.001076,4.893344,450,146,113,86,0,0,delivered_pairs >= 10.0 (observed=0.0) -> FAIL; average_fidelity >= 0.65 (observed=None) -> FAIL,,,cd46233073dd699a2079f554f754feb3dd5c4e4b,1f2680a5b9065e708a7497adc53a95b108029b98,3.13.14,2026-07-17T23:51:26.104637+00:00
P01_l1_l2_purification_four_node,P01_l1_l2_purification_four_node:four_node_chain:a93bcf71adc1e9f1:shortest_hop_count__iterative_analytical__conservative_min:17:intent-four-node,four_node_chain,a93bcf71adc1e9f1,17,intent-four-node,shortest_hop_count,iterative_analytical,False,a -> r1 -> r2 -> b,3,10,10,0.73,conservative_min,0.731541215616411,,,,0.05,1e-05,1000.0,-1.0,True,False,,VIOLATED,0,0,0.0,0.0,,,0.0,,,,0.001235,5.206766,456,159,124,92,0,0,delivered_pairs >= 10.0 (observed=0.0) -> FAIL; average_fidelity >= 0.65 (observed=None) -> FAIL,,,cd46233073dd699a2079f554f754feb3dd5c4e4b,1f2680a5b9065e708a7497adc53a95b108029b98,3.13.14,2026-07-17T23:51:31.329874+00:00
P01_l1_l2_purification_four_node,P01_l1_l2_purification_four_node:four_node_chain:a93bcf71adc1e9f1:shortest_hop_count__iterative_analytical__conservative_min:18:intent-four-node,four_node_chain,a93bcf71adc1e9f1,18,intent-four-node,shortest_hop_count,iterative_analytical,False,a -> r1 -> r2 -> b,3,10,10,0.73,conservative_min,0.731541215616411,,,,0.05,1e-05,1000.0,-1.0,True,False,,VIOLATED,0,0,0.0,0.0,,,0.0,,,,0.001201,5.039547,421,159,130,108,0,0,delivered_pairs >= 10.0 (observed=0.0) -> FAIL; average_fidelity >= 0.65 (observed=None) -> FAIL,,,cd46233073dd699a2079f554f754feb3dd5c4e4b,1f2680a5b9065e708a7497adc53a95b108029b98,3.13.14,2026-07-17T23:51:36.402569+00:00
P01_l1_l2_purification_four_node,P01_l1_l2_purification_four_node:four_node_chain:a93bcf71adc1e9f1:shortest_hop_count__iterative_analytical__conservative_min:19:intent-four-node,four_node_chain,a93bcf71adc1e9f1,19,intent-four-node,shortest_hop_count,iterative_analytical,False,a -> r1 -> r2 -> b,3,10,10,0.73,conservative_min,0.731541215616411,,,,0.05,1e-05,1000.0,-1.0,True,False,,VIOLATED,0,0,0.0,0.0,,,0.0,,,,0.000637,4.914851,441,156,124,101,0,0,delivered_pairs >= 10.0 (observed=0.0) -> FAIL; average_fidelity >= 0.65 (observed=None) -> FAIL,,,cd46233073dd699a2079f554f754feb3dd5c4e4b,1f2680a5b9065e708a7497adc53a95b108029b98,3.13.14,2026-07-17T23:51:41.333218+00:00
P01_l1_l2_purification_four_node,P01_l1_l2_purification_four_node:four_node_chain:4d4a266b04db831c:shortest_hop_count__automatic__conservative_min:0:intent-four-node,four_node_chain,4d4a266b04db831c,0,intent-four-node,shortest_hop_count,automatic,False,,,10,10,0.735,conservative_min,,,,,0.05,1e-05,1000.0,-1.0,False,False,,REJECTED,,,,,,,,,,,0.000999,,,,,,,,no candidate route is feasible: a->r1->r2->b (min_fidelity 0.735 exceeds the achievable estimate 0.565 (one-round static estimate (BBPSSWCircuit.improved_fidelity); SeQUeNCe's 'until_target' mode may run a different number of rounds at execution time)),,,cd46233073dd699a2079f554f754feb3dd5c4e4b,1f2680a5b9065e708a7497adc53a95b108029b98,3.13.14,2026-07-17T23:51:41.343809+00:00
P01_l1_l2_purification_four_node,P01_l1_l2_purification_four_node:four_node_chain:4d4a266b04db831c:shortest_hop_count__automatic__conservative_min:1:intent-four-node,four_node_chain,4d4a266b04db831c,1,intent-four-node,shortest_hop_count,automatic,False,,,10,10,0.735,conservative_min,,,,,0.05,1e-05,1000.0,-1.0,False,False,,REJECTED,,,,,,,,,,,0.000986,,,,,,,,no candidate route is feasible: a->r1->r2->b (min_fidelity 0.735 exceeds the achievable estimate 0.565 (one-round static estimate (BBPSSWCircuit.improved_fidelity); SeQUeNCe's 'until_target' mode may run a different number of rounds at execution time)),,,cd46233073dd699a2079f554f754feb3dd5c4e4b,1f2680a5b9065e708a7497adc53a95b108029b98,3.13.14,2026-07-17T23:51:41.356505+00:00
P01_l1_l2_purification_four_node,P01_l1_l2_purification_four_node:four_node_chain:4d4a266b04db831c:shortest_hop_count__automatic__conservative_min:2:intent-four-node,four_node_chain,4d4a266b04db831c,2,intent-four-node,shortest_hop_count,automatic,False,,,10,10,0.735,conservative_min,,,,,0.05,1e-05,1000.0,-1.0,False,False,,REJECTED,,,,,,,,,,,0.001079,,,,,,,,no candidate route is feasible: a->r1->r2->b (min_fidelity 0.735 exceeds the achievable estimate 0.565 (one-round static estimate (BBPSSWCircuit.improved_fidelity); SeQUeNCe's 'until_target' mode may run a different number of rounds at execution time)),,,cd46233073dd699a2079f554f754feb3dd5c4e4b,1f2680a5b9065e708a7497adc53a95b108029b98,3.13.14,2026-07-17T23:51:41.368660+00:00
P01_l1_l2_purification_four_node,P01_l1_l2_purification_four_node:four_node_chain:4d4a266b04db831c:shortest_hop_count__automatic__conservative_min:3:intent-four-node,four_node_chain,4d4a266b04db831c,3,intent-four-node,shortest_hop_count,automatic,False,,,10,10,0.735,conservative_min,,,,,0.05,1e-05,1000.0,-1.0,False,False,,REJECTED,,,,,,,,,,,0.000873,,,,,,,,no candidate route is feasible: a->r1->r2->b (min_fidelity 0.735 exceeds the achievable estimate 0.565 (one-round static estimate (BBPSSWCircuit.improved_fidelity); SeQUeNCe's 'until_target' mode may run a different number of rounds at execution time)),,,cd46233073dd699a2079f554f754feb3dd5c4e4b,1f2680a5b9065e708a7497adc53a95b108029b98,3.13.14,2026-07-17T23:51:41.381983+00:00
P01_l1_l2_purification_four_node,P01_l1_l2_purification_four_node:four_node_chain:4d4a266b04db831c:shortest_hop_count__automatic__conservative_min:4:intent-four-node,four_node_chain,4d4a266b04db831c,4,intent-four-node,shortest_hop_count,automatic,False,,,10,10,0.735,conservative_min,,,,,0.05,1e-05,1000.0,-1.0,False,False,,REJECTED,,,,,,,,,,,0.001237,,,,,,,,no candidate route is feasible: a->r1->r2->b (min_fidelity 0.735 exceeds the achievable estimate 0.565 (one-round static estimate (BBPSSWCircuit.improved_fidelity); SeQUeNCe's 'until_target' mode may run a different number of rounds at execution time)),,,cd46233073dd699a2079f554f754feb3dd5c4e4b,1f2680a5b9065e708a7497adc53a95b108029b98,3.13.14,2026-07-17T23:51:41.396865+00:00
P01_l1_l2_purification_four_node,P01_l1_l2_purification_four_node:four_node_chain:4d4a266b04db831c:shortest_hop_count__automatic__conservative_min:5:intent-four-node,four_node_chain,4d4a266b04db831c,5,intent-four-node,shortest_hop_count,automatic,False,,,10,10,0.735,conservative_min,,,,,0.05,1e-05,1000.0,-1.0,False,False,,REJECTED,,,,,,,,,,,0.000614,,,,,,,,no candidate route is feasible: a->r1->r2->b (min_fidelity 0.735 exceeds the achievable estimate 0.565 (one-round static estimate (BBPSSWCircuit.improved_fidelity); SeQUeNCe's 'until_target' mode may run a different number of rounds at execution time)),,,cd46233073dd699a2079f554f754feb3dd5c4e4b,1f2680a5b9065e708a7497adc53a95b108029b98,3.13.14,2026-07-17T23:51:41.405886+00:00
P01_l1_l2_purification_four_node,P01_l1_l2_purification_four_node:four_node_chain:4d4a266b04db831c:shortest_hop_count__automatic__conservative_min:6:intent-four-node,four_node_chain,4d4a266b04db831c,6,intent-four-node,shortest_hop_count,automatic,False,,,10,10,0.735,conservative_min,,,,,0.05,1e-05,1000.0,-1.0,False,False,,REJECTED,,,,,,,,,,,0.000587,,,,,,,,no candidate route is feasible: a->r1->r2->b (min_fidelity 0.735 exceeds the achievable estimate 0.565 (one-round static estimate (BBPSSWCircuit.improved_fidelity); SeQUeNCe's 'until_target' mode may run a different number of rounds at execution time)),,,cd46233073dd699a2079f554f754feb3dd5c4e4b,1f2680a5b9065e708a7497adc53a95b108029b98,3.13.14,2026-07-17T23:51:41.416182+00:00
P01_l1_l2_purification_four_node,P01_l1_l2_purification_four_node:four_node_chain:4d4a266b04db831c:shortest_hop_count__automatic__conservative_min:7:intent-four-node,four_node_chain,4d4a266b04db831c,7,intent-four-node,shortest_hop_count,automatic,False,,,10,10,0.735,conservative_min,,,,,0.05,1e-05,1000.0,-1.0,False,False,,REJECTED,,,,,,,,,,,0.00057,,,,,,,,no candidate route is feasible: a->r1->r2->b (min_fidelity 0.735 exceeds the achievable estimate 0.565 (one-round static estimate (BBPSSWCircuit.improved_fidelity); SeQUeNCe's 'until_target' mode may run a different number of rounds at execution time)),,,cd46233073dd699a2079f554f754feb3dd5c4e4b,1f2680a5b9065e708a7497adc53a95b108029b98,3.13.14,2026-07-17T23:51:41.429139+00:00
P01_l1_l2_purification_four_node,P01_l1_l2_purification_four_node:four_node_chain:4d4a266b04db831c:shortest_hop_count__automatic__conservative_min:8:intent-four-node,four_node_chain,4d4a266b04db831c,8,intent-four-node,shortest_hop_count,automatic,False,,,10,10,0.735,conservative_min,,,,,0.05,1e-05,1000.0,-1.0,False,False,,REJECTED,,,,,,,,,,,0.000991,,,,,,,,no candidate route is feasible: a->r1->r2->b (min_fidelity 0.735 exceeds the achievable estimate 0.565 (one-round static estimate (BBPSSWCircuit.improved_fidelity); SeQUeNCe's 'until_target' mode may run a different number of rounds at execution time)),,,cd46233073dd699a2079f554f754feb3dd5c4e4b,1f2680a5b9065e708a7497adc53a95b108029b98,3.13.14,2026-07-17T23:51:41.437172+00:00
P01_l1_l2_purification_four_node,P01_l1_l2_purification_four_node:four_node_chain:4d4a266b04db831c:shortest_hop_count__automatic__conservative_min:9:intent-four-node,four_node_chain,4d4a266b04db831c,9,intent-four-node,shortest_hop_count,automatic,False,,,10,10,0.735,conservative_min,,,,,0.05,1e-05,1000.0,-1.0,False,False,,REJECTED,,,,,,,,,,,0.000552,,,,,,,,no candidate route is feasible: a->r1->r2->b (min_fidelity 0.735 exceeds the achievable estimate 0.565 (one-round static estimate (BBPSSWCircuit.improved_fidelity); SeQUeNCe's 'until_target' mode may run a different number of rounds at execution time)),,,cd46233073dd699a2079f554f754feb3dd5c4e4b,1f2680a5b9065e708a7497adc53a95b108029b98,3.13.14,2026-07-17T23:51:41.447611+00:00
P01_l1_l2_purification_four_node,P01_l1_l2_purification_four_node:four_node_chain:4d4a266b04db831c:shortest_hop_count__automatic__conservative_min:10:intent-four-node,four_node_chain,4d4a266b04db831c,10,intent-four-node,shortest_hop_count,automatic,False,,,10,10,0.735,conservative_min,,,,,0.05,1e-05,1000.0,-1.0,False,False,,REJECTED,,,,,,,,,,,0.000973,,,,,,,,no candidate route is feasible: a->r1->r2->b (min_fidelity 0.735 exceeds the achievable estimate 0.565 (one-round static estimate (BBPSSWCircuit.improved_fidelity); SeQUeNCe's 'until_target' mode may run a different number of rounds at execution time)),,,cd46233073dd699a2079f554f754feb3dd5c4e4b,1f2680a5b9065e708a7497adc53a95b108029b98,3.13.14,2026-07-17T23:51:41.456147+00:00
P01_l1_l2_purification_four_node,P01_l1_l2_purification_four_node:four_node_chain:4d4a266b04db831c:shortest_hop_count__automatic__conservative_min:11:intent-four-node,four_node_chain,4d4a266b04db831c,11,intent-four-node,shortest_hop_count,automatic,False,,,10,10,0.735,conservative_min,,,,,0.05,1e-05,1000.0,-1.0,False,False,,REJECTED,,,,,,,,,,,0.000545,,,,,,,,no candidate route is feasible: a->r1->r2->b (min_fidelity 0.735 exceeds the achievable estimate 0.565 (one-round static estimate (BBPSSWCircuit.improved_fidelity); SeQUeNCe's 'until_target' mode may run a different number of rounds at execution time)),,,cd46233073dd699a2079f554f754feb3dd5c4e4b,1f2680a5b9065e708a7497adc53a95b108029b98,3.13.14,2026-07-17T23:51:41.466455+00:00
P01_l1_l2_purification_four_node,P01_l1_l2_purification_four_node:four_node_chain:4d4a266b04db831c:shortest_hop_count__automatic__conservative_min:12:intent-four-node,four_node_chain,4d4a266b04db831c,12,intent-four-node,shortest_hop_count,automatic,False,,,10,10,0.735,conservative_min,,,,,0.05,1e-05,1000.0,-1.0,False,False,,REJECTED,,,,,,,,,,,0.000785,,,,,,,,no candidate route is feasible: a->r1->r2->b (min_fidelity 0.735 exceeds the achievable estimate 0.565 (one-round static estimate (BBPSSWCircuit.improved_fidelity); SeQUeNCe's 'until_target' mode may run a different number of rounds at execution time)),,,cd46233073dd699a2079f554f754feb3dd5c4e4b,1f2680a5b9065e708a7497adc53a95b108029b98,3.13.14,2026-07-17T23:51:41.473337+00:00
P01_l1_l2_purification_four_node,P01_l1_l2_purification_four_node:four_node_chain:4d4a266b04db831c:shortest_hop_count__automatic__conservative_min:13:intent-four-node,four_node_chain,4d4a266b04db831c,13,intent-four-node,shortest_hop_count,automatic,False,,,10,10,0.735,conservative_min,,,,,0.05,1e-05,1000.0,-1.0,False,False,,REJECTED,,,,,,,,,,,0.000861,,,,,,,,no candidate route is feasible: a->r1->r2->b (min_fidelity 0.735 exceeds the achievable estimate 0.565 (one-round static estimate (BBPSSWCircuit.improved_fidelity); SeQUeNCe's 'until_target' mode may run a different number of rounds at execution time)),,,cd46233073dd699a2079f554f754feb3dd5c4e4b,1f2680a5b9065e708a7497adc53a95b108029b98,3.13.14,2026-07-17T23:51:41.483660+00:00
P01_l1_l2_purification_four_node,P01_l1_l2_purification_four_node:four_node_chain:4d4a266b04db831c:shortest_hop_count__automatic__conservative_min:14:intent-four-node,four_node_chain,4d4a266b04db831c,14,intent-four-node,shortest_hop_count,automatic,False,,,10,10,0.735,conservative_min,,,,,0.05,1e-05,1000.0,-1.0,False,False,,REJECTED,,,,,,,,,,,0.000696,,,,,,,,no candidate route is feasible: a->r1->r2->b (min_fidelity 0.735 exceeds the achievable estimate 0.565 (one-round static estimate (BBPSSWCircuit.improved_fidelity); SeQUeNCe's 'until_target' mode may run a different number of rounds at execution time)),,,cd46233073dd699a2079f554f754feb3dd5c4e4b,1f2680a5b9065e708a7497adc53a95b108029b98,3.13.14,2026-07-17T23:51:41.493702+00:00
P01_l1_l2_purification_four_node,P01_l1_l2_purification_four_node:four_node_chain:4d4a266b04db831c:shortest_hop_count__automatic__conservative_min:15:intent-four-node,four_node_chain,4d4a266b04db831c,15,intent-four-node,shortest_hop_count,automatic,False,,,10,10,0.735,conservative_min,,,,,0.05,1e-05,1000.0,-1.0,False,False,,REJECTED,,,,,,,,,,,0.000613,,,,,,,,no candidate route is feasible: a->r1->r2->b (min_fidelity 0.735 exceeds the achievable estimate 0.565 (one-round static estimate (BBPSSWCircuit.improved_fidelity); SeQUeNCe's 'until_target' mode may run a different number of rounds at execution time)),,,cd46233073dd699a2079f554f754feb3dd5c4e4b,1f2680a5b9065e708a7497adc53a95b108029b98,3.13.14,2026-07-17T23:51:41.501083+00:00
P01_l1_l2_purification_four_node,P01_l1_l2_purification_four_node:four_node_chain:4d4a266b04db831c:shortest_hop_count__automatic__conservative_min:16:intent-four-node,four_node_chain,4d4a266b04db831c,16,intent-four-node,shortest_hop_count,automatic,False,,,10,10,0.735,conservative_min,,,,,0.05,1e-05,1000.0,-1.0,False,False,,REJECTED,,,,,,,,,,,0.000799,,,,,,,,no candidate route is feasible: a->r1->r2->b (min_fidelity 0.735 exceeds the achievable estimate 0.565 (one-round static estimate (BBPSSWCircuit.improved_fidelity); SeQUeNCe's 'until_target' mode may run a different number of rounds at execution time)),,,cd46233073dd699a2079f554f754feb3dd5c4e4b,1f2680a5b9065e708a7497adc53a95b108029b98,3.13.14,2026-07-17T23:51:41.510113+00:00
P01_l1_l2_purification_four_node,P01_l1_l2_purification_four_node:four_node_chain:4d4a266b04db831c:shortest_hop_count__automatic__conservative_min:17:intent-four-node,four_node_chain,4d4a266b04db831c,17,intent-four-node,shortest_hop_count,automatic,False,,,10,10,0.735,conservative_min,,,,,0.05,1e-05,1000.0,-1.0,False,False,,REJECTED,,,,,,,,,,,0.00055,,,,,,,,no candidate route is feasible: a->r1->r2->b (min_fidelity 0.735 exceeds the achievable estimate 0.565 (one-round static estimate (BBPSSWCircuit.improved_fidelity); SeQUeNCe's 'until_target' mode may run a different number of rounds at execution time)),,,cd46233073dd699a2079f554f754feb3dd5c4e4b,1f2680a5b9065e708a7497adc53a95b108029b98,3.13.14,2026-07-17T23:51:41.521571+00:00
P01_l1_l2_purification_four_node,P01_l1_l2_purification_four_node:four_node_chain:4d4a266b04db831c:shortest_hop_count__automatic__conservative_min:18:intent-four-node,four_node_chain,4d4a266b04db831c,18,intent-four-node,shortest_hop_count,automatic,False,,,10,10,0.735,conservative_min,,,,,0.05,1e-05,1000.0,-1.0,False,False,,REJECTED,,,,,,,,,,,0.000534,,,,,,,,no candidate route is feasible: a->r1->r2->b (min_fidelity 0.735 exceeds the achievable estimate 0.565 (one-round static estimate (BBPSSWCircuit.improved_fidelity); SeQUeNCe's 'until_target' mode may run a different number of rounds at execution time)),,,cd46233073dd699a2079f554f754feb3dd5c4e4b,1f2680a5b9065e708a7497adc53a95b108029b98,3.13.14,2026-07-17T23:51:41.529244+00:00
P01_l1_l2_purification_four_node,P01_l1_l2_purification_four_node:four_node_chain:4d4a266b04db831c:shortest_hop_count__automatic__conservative_min:19:intent-four-node,four_node_chain,4d4a266b04db831c,19,intent-four-node,shortest_hop_count,automatic,False,,,10,10,0.735,conservative_min,,,,,0.05,1e-05,1000.0,-1.0,False,False,,REJECTED,,,,,,,,,,,0.000691,,,,,,,,no candidate route is feasible: a->r1->r2->b (min_fidelity 0.735 exceeds the achievable estimate 0.565 (one-round static estimate (BBPSSWCircuit.improved_fidelity); SeQUeNCe's 'until_target' mode may run a different number of rounds at execution time)),,,cd46233073dd699a2079f554f754feb3dd5c4e4b,1f2680a5b9065e708a7497adc53a95b108029b98,3.13.14,2026-07-17T23:51:41.535591+00:00
P01_l1_l2_purification_four_node,P01_l1_l2_purification_four_node:four_node_chain:bc99781263689c13:shortest_hop_count__iterative_analytical__conservative_min:0:intent-four-node,four_node_chain,bc99781263689c13,0,intent-four-node,shortest_hop_count,iterative_analytical,False,,,10,10,0.735,conservative_min,,,,,0.05,1e-05,1000.0,-1.0,False,False,,REJECTED,,,,,,,,,,,0.000669,,,,,,,,no candidate route is feasible: a->r1->r2->b (min_fidelity 0.735 exceeds the achievable estimate 0.732 (exceeded max_rounds=8 without reaching target_fidelity)),,,cd46233073dd699a2079f554f754feb3dd5c4e4b,1f2680a5b9065e708a7497adc53a95b108029b98,3.13.14,2026-07-17T23:51:41.545542+00:00
P01_l1_l2_purification_four_node,P01_l1_l2_purification_four_node:four_node_chain:bc99781263689c13:shortest_hop_count__iterative_analytical__conservative_min:1:intent-four-node,four_node_chain,bc99781263689c13,1,intent-four-node,shortest_hop_count,iterative_analytical,False,,,10,10,0.735,conservative_min,,,,,0.05,1e-05,1000.0,-1.0,False,False,,REJECTED,,,,,,,,,,,0.001195,,,,,,,,no candidate route is feasible: a->r1->r2->b (min_fidelity 0.735 exceeds the achievable estimate 0.732 (exceeded max_rounds=8 without reaching target_fidelity)),,,cd46233073dd699a2079f554f754feb3dd5c4e4b,1f2680a5b9065e708a7497adc53a95b108029b98,3.13.14,2026-07-17T23:51:41.556213+00:00
P01_l1_l2_purification_four_node,P01_l1_l2_purification_four_node:four_node_chain:bc99781263689c13:shortest_hop_count__iterative_analytical__conservative_min:2:intent-four-node,four_node_chain,bc99781263689c13,2,intent-four-node,shortest_hop_count,iterative_analytical,False,,,10,10,0.735,conservative_min,,,,,0.05,1e-05,1000.0,-1.0,False,False,,REJECTED,,,,,,,,,,,0.000771,,,,,,,,no candidate route is feasible: a->r1->r2->b (min_fidelity 0.735 exceeds the achievable estimate 0.732 (exceeded max_rounds=8 without reaching target_fidelity)),,,cd46233073dd699a2079f554f754feb3dd5c4e4b,1f2680a5b9065e708a7497adc53a95b108029b98,3.13.14,2026-07-17T23:51:41.567147+00:00
P01_l1_l2_purification_four_node,P01_l1_l2_purification_four_node:four_node_chain:bc99781263689c13:shortest_hop_count__iterative_analytical__conservative_min:3:intent-four-node,four_node_chain,bc99781263689c13,3,intent-four-node,shortest_hop_count,iterative_analytical,False,,,10,10,0.735,conservative_min,,,,,0.05,1e-05,1000.0,-1.0,False,False,,REJECTED,,,,,,,,,,,0.000745,,,,,,,,no candidate route is feasible: a->r1->r2->b (min_fidelity 0.735 exceeds the achievable estimate 0.732 (exceeded max_rounds=8 without reaching target_fidelity)),,,cd46233073dd699a2079f554f754feb3dd5c4e4b,1f2680a5b9065e708a7497adc53a95b108029b98,3.13.14,2026-07-17T23:51:41.577298+00:00
P01_l1_l2_purification_four_node,P01_l1_l2_purification_four_node:four_node_chain:bc99781263689c13:shortest_hop_count__iterative_analytical__conservative_min:4:intent-four-node,four_node_chain,bc99781263689c13,4,intent-four-node,shortest_hop_count,iterative_analytical,False,,,10,10,0.735,conservative_min,,,,,0.05,1e-05,1000.0,-1.0,False,False,,REJECTED,,,,,,,,,,,0.000807,,,,,,,,no candidate route is feasible: a->r1->r2->b (min_fidelity 0.735 exceeds the achievable estimate 0.732 (exceeded max_rounds=8 without reaching target_fidelity)),,,cd46233073dd699a2079f554f754feb3dd5c4e4b,1f2680a5b9065e708a7497adc53a95b108029b98,3.13.14,2026-07-17T23:51:41.584994+00:00
P01_l1_l2_purification_four_node,P01_l1_l2_purification_four_node:four_node_chain:bc99781263689c13:shortest_hop_count__iterative_analytical__conservative_min:5:intent-four-node,four_node_chain,bc99781263689c13,5,intent-four-node,shortest_hop_count,iterative_analytical,False,,,10,10,0.735,conservative_min,,,,,0.05,1e-05,1000.0,-1.0,False,False,,REJECTED,,,,,,,,,,,0.001288,,,,,,,,no candidate route is feasible: a->r1->r2->b (min_fidelity 0.735 exceeds the achievable estimate 0.732 (exceeded max_rounds=8 without reaching target_fidelity)),,,cd46233073dd699a2079f554f754feb3dd5c4e4b,1f2680a5b9065e708a7497adc53a95b108029b98,3.13.14,2026-07-17T23:51:41.594185+00:00
P01_l1_l2_purification_four_node,P01_l1_l2_purification_four_node:four_node_chain:bc99781263689c13:shortest_hop_count__iterative_analytical__conservative_min:6:intent-four-node,four_node_chain,bc99781263689c13,6,intent-four-node,shortest_hop_count,iterative_analytical,False,,,10,10,0.735,conservative_min,,,,,0.05,1e-05,1000.0,-1.0,False,False,,REJECTED,,,,,,,,,,,0.000789,,,,,,,,no candidate route is feasible: a->r1->r2->b (min_fidelity 0.735 exceeds the achievable estimate 0.732 (exceeded max_rounds=8 without reaching target_fidelity)),,,cd46233073dd699a2079f554f754feb3dd5c4e4b,1f2680a5b9065e708a7497adc53a95b108029b98,3.13.14,2026-07-17T23:51:41.603333+00:00
P01_l1_l2_purification_four_node,P01_l1_l2_purification_four_node:four_node_chain:bc99781263689c13:shortest_hop_count__iterative_analytical__conservative_min:7:intent-four-node,four_node_chain,bc99781263689c13,7,intent-four-node,shortest_hop_count,iterative_analytical,False,,,10,10,0.735,conservative_min,,,,,0.05,1e-05,1000.0,-1.0,False,False,,REJECTED,,,,,,,,,,,0.001034,,,,,,,,no candidate route is feasible: a->r1->r2->b (min_fidelity 0.735 exceeds the achievable estimate 0.732 (exceeded max_rounds=8 without reaching target_fidelity)),,,cd46233073dd699a2079f554f754feb3dd5c4e4b,1f2680a5b9065e708a7497adc53a95b108029b98,3.13.14,2026-07-17T23:51:41.611682+00:00
P01_l1_l2_purification_four_node,P01_l1_l2_purification_four_node:four_node_chain:bc99781263689c13:shortest_hop_count__iterative_analytical__conservative_min:8:intent-four-node,four_node_chain,bc99781263689c13,8,intent-four-node,shortest_hop_count,iterative_analytical,False,,,10,10,0.735,conservative_min,,,,,0.05,1e-05,1000.0,-1.0,False,False,,REJECTED,,,,,,,,,,,0.000552,,,,,,,,no candidate route is feasible: a->r1->r2->b (min_fidelity 0.735 exceeds the achievable estimate 0.732 (exceeded max_rounds=8 without reaching target_fidelity)),,,cd46233073dd699a2079f554f754feb3dd5c4e4b,1f2680a5b9065e708a7497adc53a95b108029b98,3.13.14,2026-07-17T23:51:41.624028+00:00
P01_l1_l2_purification_four_node,P01_l1_l2_purification_four_node:four_node_chain:bc99781263689c13:shortest_hop_count__iterative_analytical__conservative_min:9:intent-four-node,four_node_chain,bc99781263689c13,9,intent-four-node,shortest_hop_count,iterative_analytical,False,,,10,10,0.735,conservative_min,,,,,0.05,1e-05,1000.0,-1.0,False,False,,REJECTED,,,,,,,,,,,0.001115,,,,,,,,no candidate route is feasible: a->r1->r2->b (min_fidelity 0.735 exceeds the achievable estimate 0.732 (exceeded max_rounds=8 without reaching target_fidelity)),,,cd46233073dd699a2079f554f754feb3dd5c4e4b,1f2680a5b9065e708a7497adc53a95b108029b98,3.13.14,2026-07-17T23:51:41.632164+00:00
P01_l1_l2_purification_four_node,P01_l1_l2_purification_four_node:four_node_chain:bc99781263689c13:shortest_hop_count__iterative_analytical__conservative_min:10:intent-four-node,four_node_chain,bc99781263689c13,10,intent-four-node,shortest_hop_count,iterative_analytical,False,,,10,10,0.735,conservative_min,,,,,0.05,1e-05,1000.0,-1.0,False,False,,REJECTED,,,,,,,,,,,0.000783,,,,,,,,no candidate route is feasible: a->r1->r2->b (min_fidelity 0.735 exceeds the achievable estimate 0.732 (exceeded max_rounds=8 without reaching target_fidelity)),,,cd46233073dd699a2079f554f754feb3dd5c4e4b,1f2680a5b9065e708a7497adc53a95b108029b98,3.13.14,2026-07-17T23:51:41.643004+00:00
P01_l1_l2_purification_four_node,P01_l1_l2_purification_four_node:four_node_chain:bc99781263689c13:shortest_hop_count__iterative_analytical__conservative_min:11:intent-four-node,four_node_chain,bc99781263689c13,11,intent-four-node,shortest_hop_count,iterative_analytical,False,,,10,10,0.735,conservative_min,,,,,0.05,1e-05,1000.0,-1.0,False,False,,REJECTED,,,,,,,,,,,0.000798,,,,,,,,no candidate route is feasible: a->r1->r2->b (min_fidelity 0.735 exceeds the achievable estimate 0.732 (exceeded max_rounds=8 without reaching target_fidelity)),,,cd46233073dd699a2079f554f754feb3dd5c4e4b,1f2680a5b9065e708a7497adc53a95b108029b98,3.13.14,2026-07-17T23:51:41.650133+00:00
P01_l1_l2_purification_four_node,P01_l1_l2_purification_four_node:four_node_chain:bc99781263689c13:shortest_hop_count__iterative_analytical__conservative_min:12:intent-four-node,four_node_chain,bc99781263689c13,12,intent-four-node,shortest_hop_count,iterative_analytical,False,,,10,10,0.735,conservative_min,,,,,0.05,1e-05,1000.0,-1.0,False,False,,REJECTED,,,,,,,,,,,0.000843,,,,,,,,no candidate route is feasible: a->r1->r2->b (min_fidelity 0.735 exceeds the achievable estimate 0.732 (exceeded max_rounds=8 without reaching target_fidelity)),,,cd46233073dd699a2079f554f754feb3dd5c4e4b,1f2680a5b9065e708a7497adc53a95b108029b98,3.13.14,2026-07-17T23:51:41.658517+00:00
P01_l1_l2_purification_four_node,P01_l1_l2_purification_four_node:four_node_chain:bc99781263689c13:shortest_hop_count__iterative_analytical__conservative_min:13:intent-four-node,four_node_chain,bc99781263689c13,13,intent-four-node,shortest_hop_count,iterative_analytical,False,,,10,10,0.735,conservative_min,,,,,0.05,1e-05,1000.0,-1.0,False,False,,REJECTED,,,,,,,,,,,0.000799,,,,,,,,no candidate route is feasible: a->r1->r2->b (min_fidelity 0.735 exceeds the achievable estimate 0.732 (exceeded max_rounds=8 without reaching target_fidelity)),,,cd46233073dd699a2079f554f754feb3dd5c4e4b,1f2680a5b9065e708a7497adc53a95b108029b98,3.13.14,2026-07-17T23:51:41.669582+00:00
P01_l1_l2_purification_four_node,P01_l1_l2_purification_four_node:four_node_chain:bc99781263689c13:shortest_hop_count__iterative_analytical__conservative_min:14:intent-four-node,four_node_chain,bc99781263689c13,14,intent-four-node,shortest_hop_count,iterative_analytical,False,,,10,10,0.735,conservative_min,,,,,0.05,1e-05,1000.0,-1.0,False,False,,REJECTED,,,,,,,,,,,0.000513,,,,,,,,no candidate route is feasible: a->r1->r2->b (min_fidelity 0.735 exceeds the achievable estimate 0.732 (exceeded max_rounds=8 without reaching target_fidelity)),,,cd46233073dd699a2079f554f754feb3dd5c4e4b,1f2680a5b9065e708a7497adc53a95b108029b98,3.13.14,2026-07-17T23:51:41.677691+00:00
P01_l1_l2_purification_four_node,P01_l1_l2_purification_four_node:four_node_chain:bc99781263689c13:shortest_hop_count__iterative_analytical__conservative_min:15:intent-four-node,four_node_chain,bc99781263689c13,15,intent-four-node,shortest_hop_count,iterative_analytical,False,,,10,10,0.735,conservative_min,,,,,0.05,1e-05,1000.0,-1.0,False,False,,REJECTED,,,,,,,,,,,0.000812,,,,,,,,no candidate route is feasible: a->r1->r2->b (min_fidelity 0.735 exceeds the achievable estimate 0.732 (exceeded max_rounds=8 without reaching target_fidelity)),,,cd46233073dd699a2079f554f754feb3dd5c4e4b,1f2680a5b9065e708a7497adc53a95b108029b98,3.13.14,2026-07-17T23:51:41.685697+00:00
P01_l1_l2_purification_four_node,P01_l1_l2_purification_four_node:four_node_chain:bc99781263689c13:shortest_hop_count__iterative_analytical__conservative_min:16:intent-four-node,four_node_chain,bc99781263689c13,16,intent-four-node,shortest_hop_count,iterative_analytical,False,,,10,10,0.735,conservative_min,,,,,0.05,1e-05,1000.0,-1.0,False,False,,REJECTED,,,,,,,,,,,0.000829,,,,,,,,no candidate route is feasible: a->r1->r2->b (min_fidelity 0.735 exceeds the achievable estimate 0.732 (exceeded max_rounds=8 without reaching target_fidelity)),,,cd46233073dd699a2079f554f754feb3dd5c4e4b,1f2680a5b9065e708a7497adc53a95b108029b98,3.13.14,2026-07-17T23:51:41.696392+00:00
P01_l1_l2_purification_four_node,P01_l1_l2_purification_four_node:four_node_chain:bc99781263689c13:shortest_hop_count__iterative_analytical__conservative_min:17:intent-four-node,four_node_chain,bc99781263689c13,17,intent-four-node,shortest_hop_count,iterative_analytical,False,,,10,10,0.735,conservative_min,,,,,0.05,1e-05,1000.0,-1.0,False,False,,REJECTED,,,,,,,,,,,0.00093,,,,,,,,no candidate route is feasible: a->r1->r2->b (min_fidelity 0.735 exceeds the achievable estimate 0.732 (exceeded max_rounds=8 without reaching target_fidelity)),,,cd46233073dd699a2079f554f754feb3dd5c4e4b,1f2680a5b9065e708a7497adc53a95b108029b98,3.13.14,2026-07-17T23:51:41.710522+00:00
P01_l1_l2_purification_four_node,P01_l1_l2_purification_four_node:four_node_chain:bc99781263689c13:shortest_hop_count__iterative_analytical__conservative_min:18:intent-four-node,four_node_chain,bc99781263689c13,18,intent-four-node,shortest_hop_count,iterative_analytical,False,,,10,10,0.735,conservative_min,,,,,0.05,1e-05,1000.0,-1.0,False,False,,REJECTED,,,,,,,,,,,0.00087,,,,,,,,no candidate route is feasible: a->r1->r2->b (min_fidelity 0.735 exceeds the achievable estimate 0.732 (exceeded max_rounds=8 without reaching target_fidelity)),,,cd46233073dd699a2079f554f754feb3dd5c4e4b,1f2680a5b9065e708a7497adc53a95b108029b98,3.13.14,2026-07-17T23:51:41.722244+00:00
P01_l1_l2_purification_four_node,P01_l1_l2_purification_four_node:four_node_chain:bc99781263689c13:shortest_hop_count__iterative_analytical__conservative_min:19:intent-four-node,four_node_chain,bc99781263689c13,19,intent-four-node,shortest_hop_count,iterative_analytical,False,,,10,10,0.735,conservative_min,,,,,0.05,1e-05,1000.0,-1.0,False,False,,REJECTED,,,,,,,,,,,0.000735,,,,,,,,no candidate route is feasible: a->r1->r2->b (min_fidelity 0.735 exceeds the achievable estimate 0.732 (exceeded max_rounds=8 without reaching target_fidelity)),,,cd46233073dd699a2079f554f754feb3dd5c4e4b,1f2680a5b9065e708a7497adc53a95b108029b98,3.13.14,2026-07-17T23:51:41.730992+00:00
P01_l1_l2_purification_four_node,P01_l1_l2_purification_four_node:four_node_chain:2230aaf2f0a26fc7:shortest_hop_count__automatic__conservative_min:0:intent-four-node,four_node_chain,2230aaf2f0a26fc7,0,intent-four-node,shortest_hop_count,automatic,False,,,10,10,0.74,conservative_min,,,,,0.05,1e-05,1000.0,-1.0,False,False,,REJECTED,,,,,,,,,,,0.000704,,,,,,,,no candidate route is feasible: a->r1->r2->b (min_fidelity 0.740 exceeds the achievable estimate 0.565 (one-round static estimate (BBPSSWCircuit.improved_fidelity); SeQUeNCe's 'until_target' mode may run a different number of rounds at execution time)),,,cd46233073dd699a2079f554f754feb3dd5c4e4b,1f2680a5b9065e708a7497adc53a95b108029b98,3.13.14,2026-07-17T23:51:41.738978+00:00
P01_l1_l2_purification_four_node,P01_l1_l2_purification_four_node:four_node_chain:2230aaf2f0a26fc7:shortest_hop_count__automatic__conservative_min:1:intent-four-node,four_node_chain,2230aaf2f0a26fc7,1,intent-four-node,shortest_hop_count,automatic,False,,,10,10,0.74,conservative_min,,,,,0.05,1e-05,1000.0,-1.0,False,False,,REJECTED,,,,,,,,,,,0.000743,,,,,,,,no candidate route is feasible: a->r1->r2->b (min_fidelity 0.740 exceeds the achievable estimate 0.565 (one-round static estimate (BBPSSWCircuit.improved_fidelity); SeQUeNCe's 'until_target' mode may run a different number of rounds at execution time)),,,cd46233073dd699a2079f554f754feb3dd5c4e4b,1f2680a5b9065e708a7497adc53a95b108029b98,3.13.14,2026-07-17T23:51:41.745774+00:00
P01_l1_l2_purification_four_node,P01_l1_l2_purification_four_node:four_node_chain:2230aaf2f0a26fc7:shortest_hop_count__automatic__conservative_min:2:intent-four-node,four_node_chain,2230aaf2f0a26fc7,2,intent-four-node,shortest_hop_count,automatic,False,,,10,10,0.74,conservative_min,,,,,0.05,1e-05,1000.0,-1.0,False,False,,REJECTED,,,,,,,,,,,0.000564,,,,,,,,no candidate route is feasible: a->r1->r2->b (min_fidelity 0.740 exceeds the achievable estimate 0.565 (one-round static estimate (BBPSSWCircuit.improved_fidelity); SeQUeNCe's 'until_target' mode may run a different number of rounds at execution time)),,,cd46233073dd699a2079f554f754feb3dd5c4e4b,1f2680a5b9065e708a7497adc53a95b108029b98,3.13.14,2026-07-17T23:51:41.752970+00:00
P01_l1_l2_purification_four_node,P01_l1_l2_purification_four_node:four_node_chain:2230aaf2f0a26fc7:shortest_hop_count__automatic__conservative_min:3:intent-four-node,four_node_chain,2230aaf2f0a26fc7,3,intent-four-node,shortest_hop_count,automatic,False,,,10,10,0.74,conservative_min,,,,,0.05,1e-05,1000.0,-1.0,False,False,,REJECTED,,,,,,,,,,,0.000532,,,,,,,,no candidate route is feasible: a->r1->r2->b (min_fidelity 0.740 exceeds the achievable estimate 0.565 (one-round static estimate (BBPSSWCircuit.improved_fidelity); SeQUeNCe's 'until_target' mode may run a different number of rounds at execution time)),,,cd46233073dd699a2079f554f754feb3dd5c4e4b,1f2680a5b9065e708a7497adc53a95b108029b98,3.13.14,2026-07-17T23:51:41.758457+00:00
P01_l1_l2_purification_four_node,P01_l1_l2_purification_four_node:four_node_chain:2230aaf2f0a26fc7:shortest_hop_count__automatic__conservative_min:4:intent-four-node,four_node_chain,2230aaf2f0a26fc7,4,intent-four-node,shortest_hop_count,automatic,False,,,10,10,0.74,conservative_min,,,,,0.05,1e-05,1000.0,-1.0,False,False,,REJECTED,,,,,,,,,,,0.000592,,,,,,,,no candidate route is feasible: a->r1->r2->b (min_fidelity 0.740 exceeds the achievable estimate 0.565 (one-round static estimate (BBPSSWCircuit.improved_fidelity); SeQUeNCe's 'until_target' mode may run a different number of rounds at execution time)),,,cd46233073dd699a2079f554f754feb3dd5c4e4b,1f2680a5b9065e708a7497adc53a95b108029b98,3.13.14,2026-07-17T23:51:41.764411+00:00
P01_l1_l2_purification_four_node,P01_l1_l2_purification_four_node:four_node_chain:2230aaf2f0a26fc7:shortest_hop_count__automatic__conservative_min:5:intent-four-node,four_node_chain,2230aaf2f0a26fc7,5,intent-four-node,shortest_hop_count,automatic,False,,,10,10,0.74,conservative_min,,,,,0.05,1e-05,1000.0,-1.0,False,False,,REJECTED,,,,,,,,,,,0.000682,,,,,,,,no candidate route is feasible: a->r1->r2->b (min_fidelity 0.740 exceeds the achievable estimate 0.565 (one-round static estimate (BBPSSWCircuit.improved_fidelity); SeQUeNCe's 'until_target' mode may run a different number of rounds at execution time)),,,cd46233073dd699a2079f554f754feb3dd5c4e4b,1f2680a5b9065e708a7497adc53a95b108029b98,3.13.14,2026-07-17T23:51:41.771239+00:00
P01_l1_l2_purification_four_node,P01_l1_l2_purification_four_node:four_node_chain:2230aaf2f0a26fc7:shortest_hop_count__automatic__conservative_min:6:intent-four-node,four_node_chain,2230aaf2f0a26fc7,6,intent-four-node,shortest_hop_count,automatic,False,,,10,10,0.74,conservative_min,,,,,0.05,1e-05,1000.0,-1.0,False,False,,REJECTED,,,,,,,,,,,0.00071,,,,,,,,no candidate route is feasible: a->r1->r2->b (min_fidelity 0.740 exceeds the achievable estimate 0.565 (one-round static estimate (BBPSSWCircuit.improved_fidelity); SeQUeNCe's 'until_target' mode may run a different number of rounds at execution time)),,,cd46233073dd699a2079f554f754feb3dd5c4e4b,1f2680a5b9065e708a7497adc53a95b108029b98,3.13.14,2026-07-17T23:51:41.779819+00:00
P01_l1_l2_purification_four_node,P01_l1_l2_purification_four_node:four_node_chain:2230aaf2f0a26fc7:shortest_hop_count__automatic__conservative_min:7:intent-four-node,four_node_chain,2230aaf2f0a26fc7,7,intent-four-node,shortest_hop_count,automatic,False,,,10,10,0.74,conservative_min,,,,,0.05,1e-05,1000.0,-1.0,False,False,,REJECTED,,,,,,,,,,,0.000795,,,,,,,,no candidate route is feasible: a->r1->r2->b (min_fidelity 0.740 exceeds the achievable estimate 0.565 (one-round static estimate (BBPSSWCircuit.improved_fidelity); SeQUeNCe's 'until_target' mode may run a different number of rounds at execution time)),,,cd46233073dd699a2079f554f754feb3dd5c4e4b,1f2680a5b9065e708a7497adc53a95b108029b98,3.13.14,2026-07-17T23:51:41.786003+00:00
P01_l1_l2_purification_four_node,P01_l1_l2_purification_four_node:four_node_chain:2230aaf2f0a26fc7:shortest_hop_count__automatic__conservative_min:8:intent-four-node,four_node_chain,2230aaf2f0a26fc7,8,intent-four-node,shortest_hop_count,automatic,False,,,10,10,0.74,conservative_min,,,,,0.05,1e-05,1000.0,-1.0,False,False,,REJECTED,,,,,,,,,,,0.00067,,,,,,,,no candidate route is feasible: a->r1->r2->b (min_fidelity 0.740 exceeds the achievable estimate 0.565 (one-round static estimate (BBPSSWCircuit.improved_fidelity); SeQUeNCe's 'until_target' mode may run a different number of rounds at execution time)),,,cd46233073dd699a2079f554f754feb3dd5c4e4b,1f2680a5b9065e708a7497adc53a95b108029b98,3.13.14,2026-07-17T23:51:41.796858+00:00
P01_l1_l2_purification_four_node,P01_l1_l2_purification_four_node:four_node_chain:2230aaf2f0a26fc7:shortest_hop_count__automatic__conservative_min:9:intent-four-node,four_node_chain,2230aaf2f0a26fc7,9,intent-four-node,shortest_hop_count,automatic,False,,,10,10,0.74,conservative_min,,,,,0.05,1e-05,1000.0,-1.0,False,False,,REJECTED,,,,,,,,,,,0.000714,,,,,,,,no candidate route is feasible: a->r1->r2->b (min_fidelity 0.740 exceeds the achievable estimate 0.565 (one-round static estimate (BBPSSWCircuit.improved_fidelity); SeQUeNCe's 'until_target' mode may run a different number of rounds at execution time)),,,cd46233073dd699a2079f554f754feb3dd5c4e4b,1f2680a5b9065e708a7497adc53a95b108029b98,3.13.14,2026-07-17T23:51:41.806438+00:00
P01_l1_l2_purification_four_node,P01_l1_l2_purification_four_node:four_node_chain:2230aaf2f0a26fc7:shortest_hop_count__automatic__conservative_min:10:intent-four-node,four_node_chain,2230aaf2f0a26fc7,10,intent-four-node,shortest_hop_count,automatic,False,,,10,10,0.74,conservative_min,,,,,0.05,1e-05,1000.0,-1.0,False,False,,REJECTED,,,,,,,,,,,0.000777,,,,,,,,no candidate route is feasible: a->r1->r2->b (min_fidelity 0.740 exceeds the achievable estimate 0.565 (one-round static estimate (BBPSSWCircuit.improved_fidelity); SeQUeNCe's 'until_target' mode may run a different number of rounds at execution time)),,,cd46233073dd699a2079f554f754feb3dd5c4e4b,1f2680a5b9065e708a7497adc53a95b108029b98,3.13.14,2026-07-17T23:51:41.814846+00:00
P01_l1_l2_purification_four_node,P01_l1_l2_purification_four_node:four_node_chain:2230aaf2f0a26fc7:shortest_hop_count__automatic__conservative_min:11:intent-four-node,four_node_chain,2230aaf2f0a26fc7,11,intent-four-node,shortest_hop_count,automatic,False,,,10,10,0.74,conservative_min,,,,,0.05,1e-05,1000.0,-1.0,False,False,,REJECTED,,,,,,,,,,,0.000551,,,,,,,,no candidate route is feasible: a->r1->r2->b (min_fidelity 0.740 exceeds the achievable estimate 0.565 (one-round static estimate (BBPSSWCircuit.improved_fidelity); SeQUeNCe's 'until_target' mode may run a different number of rounds at execution time)),,,cd46233073dd699a2079f554f754feb3dd5c4e4b,1f2680a5b9065e708a7497adc53a95b108029b98,3.13.14,2026-07-17T23:51:41.823800+00:00
P01_l1_l2_purification_four_node,P01_l1_l2_purification_four_node:four_node_chain:2230aaf2f0a26fc7:shortest_hop_count__automatic__conservative_min:12:intent-four-node,four_node_chain,2230aaf2f0a26fc7,12,intent-four-node,shortest_hop_count,automatic,False,,,10,10,0.74,conservative_min,,,,,0.05,1e-05,1000.0,-1.0,False,False,,REJECTED,,,,,,,,,,,0.000866,,,,,,,,no candidate route is feasible: a->r1->r2->b (min_fidelity 0.740 exceeds the achievable estimate 0.565 (one-round static estimate (BBPSSWCircuit.improved_fidelity); SeQUeNCe's 'until_target' mode may run a different number of rounds at execution time)),,,cd46233073dd699a2079f554f754feb3dd5c4e4b,1f2680a5b9065e708a7497adc53a95b108029b98,3.13.14,2026-07-17T23:51:41.832302+00:00
P01_l1_l2_purification_four_node,P01_l1_l2_purification_four_node:four_node_chain:2230aaf2f0a26fc7:shortest_hop_count__automatic__conservative_min:13:intent-four-node,four_node_chain,2230aaf2f0a26fc7,13,intent-four-node,shortest_hop_count,automatic,False,,,10,10,0.74,conservative_min,,,,,0.05,1e-05,1000.0,-1.0,False,False,,REJECTED,,,,,,,,,,,0.00109,,,,,,,,no candidate route is feasible: a->r1->r2->b (min_fidelity 0.740 exceeds the achievable estimate 0.565 (one-round static estimate (BBPSSWCircuit.improved_fidelity); SeQUeNCe's 'until_target' mode may run a different number of rounds at execution time)),,,cd46233073dd699a2079f554f754feb3dd5c4e4b,1f2680a5b9065e708a7497adc53a95b108029b98,3.13.14,2026-07-17T23:51:41.845639+00:00
P01_l1_l2_purification_four_node,P01_l1_l2_purification_four_node:four_node_chain:2230aaf2f0a26fc7:shortest_hop_count__automatic__conservative_min:14:intent-four-node,four_node_chain,2230aaf2f0a26fc7,14,intent-four-node,shortest_hop_count,automatic,False,,,10,10,0.74,conservative_min,,,,,0.05,1e-05,1000.0,-1.0,False,False,,REJECTED,,,,,,,,,,,0.00089,,,,,,,,no candidate route is feasible: a->r1->r2->b (min_fidelity 0.740 exceeds the achievable estimate 0.565 (one-round static estimate (BBPSSWCircuit.improved_fidelity); SeQUeNCe's 'until_target' mode may run a different number of rounds at execution time)),,,cd46233073dd699a2079f554f754feb3dd5c4e4b,1f2680a5b9065e708a7497adc53a95b108029b98,3.13.14,2026-07-17T23:51:41.854492+00:00
P01_l1_l2_purification_four_node,P01_l1_l2_purification_four_node:four_node_chain:2230aaf2f0a26fc7:shortest_hop_count__automatic__conservative_min:15:intent-four-node,four_node_chain,2230aaf2f0a26fc7,15,intent-four-node,shortest_hop_count,automatic,False,,,10,10,0.74,conservative_min,,,,,0.05,1e-05,1000.0,-1.0,False,False,,REJECTED,,,,,,,,,,,0.000534,,,,,,,,no candidate route is feasible: a->r1->r2->b (min_fidelity 0.740 exceeds the achievable estimate 0.565 (one-round static estimate (BBPSSWCircuit.improved_fidelity); SeQUeNCe's 'until_target' mode may run a different number of rounds at execution time)),,,cd46233073dd699a2079f554f754feb3dd5c4e4b,1f2680a5b9065e708a7497adc53a95b108029b98,3.13.14,2026-07-17T23:51:41.863886+00:00
P01_l1_l2_purification_four_node,P01_l1_l2_purification_four_node:four_node_chain:2230aaf2f0a26fc7:shortest_hop_count__automatic__conservative_min:16:intent-four-node,four_node_chain,2230aaf2f0a26fc7,16,intent-four-node,shortest_hop_count,automatic,False,,,10,10,0.74,conservative_min,,,,,0.05,1e-05,1000.0,-1.0,False,False,,REJECTED,,,,,,,,,,,0.00077,,,,,,,,no candidate route is feasible: a->r1->r2->b (min_fidelity 0.740 exceeds the achievable estimate 0.565 (one-round static estimate (BBPSSWCircuit.improved_fidelity); SeQUeNCe's 'until_target' mode may run a different number of rounds at execution time)),,,cd46233073dd699a2079f554f754feb3dd5c4e4b,1f2680a5b9065e708a7497adc53a95b108029b98,3.13.14,2026-07-17T23:51:41.874048+00:00
P01_l1_l2_purification_four_node,P01_l1_l2_purification_four_node:four_node_chain:2230aaf2f0a26fc7:shortest_hop_count__automatic__conservative_min:17:intent-four-node,four_node_chain,2230aaf2f0a26fc7,17,intent-four-node,shortest_hop_count,automatic,False,,,10,10,0.74,conservative_min,,,,,0.05,1e-05,1000.0,-1.0,False,False,,REJECTED,,,,,,,,,,,0.001363,,,,,,,,no candidate route is feasible: a->r1->r2->b (min_fidelity 0.740 exceeds the achievable estimate 0.565 (one-round static estimate (BBPSSWCircuit.improved_fidelity); SeQUeNCe's 'until_target' mode may run a different number of rounds at execution time)),,,cd46233073dd699a2079f554f754feb3dd5c4e4b,1f2680a5b9065e708a7497adc53a95b108029b98,3.13.14,2026-07-17T23:51:41.886375+00:00
P01_l1_l2_purification_four_node,P01_l1_l2_purification_four_node:four_node_chain:2230aaf2f0a26fc7:shortest_hop_count__automatic__conservative_min:18:intent-four-node,four_node_chain,2230aaf2f0a26fc7,18,intent-four-node,shortest_hop_count,automatic,False,,,10,10,0.74,conservative_min,,,,,0.05,1e-05,1000.0,-1.0,False,False,,REJECTED,,,,,,,,,,,0.000886,,,,,,,,no candidate route is feasible: a->r1->r2->b (min_fidelity 0.740 exceeds the achievable estimate 0.565 (one-round static estimate (BBPSSWCircuit.improved_fidelity); SeQUeNCe's 'until_target' mode may run a different number of rounds at execution time)),,,cd46233073dd699a2079f554f754feb3dd5c4e4b,1f2680a5b9065e708a7497adc53a95b108029b98,3.13.14,2026-07-17T23:51:41.900062+00:00
P01_l1_l2_purification_four_node,P01_l1_l2_purification_four_node:four_node_chain:2230aaf2f0a26fc7:shortest_hop_count__automatic__conservative_min:19:intent-four-node,four_node_chain,2230aaf2f0a26fc7,19,intent-four-node,shortest_hop_count,automatic,False,,,10,10,0.74,conservative_min,,,,,0.05,1e-05,1000.0,-1.0,False,False,,REJECTED,,,,,,,,,,,0.000481,,,,,,,,no candidate route is feasible: a->r1->r2->b (min_fidelity 0.740 exceeds the achievable estimate 0.565 (one-round static estimate (BBPSSWCircuit.improved_fidelity); SeQUeNCe's 'until_target' mode may run a different number of rounds at execution time)),,,cd46233073dd699a2079f554f754feb3dd5c4e4b,1f2680a5b9065e708a7497adc53a95b108029b98,3.13.14,2026-07-17T23:51:41.906224+00:00
P01_l1_l2_purification_four_node,P01_l1_l2_purification_four_node:four_node_chain:f814d19f5c54d1ba:shortest_hop_count__iterative_analytical__conservative_min:0:intent-four-node,four_node_chain,f814d19f5c54d1ba,0,intent-four-node,shortest_hop_count,iterative_analytical,False,,,10,10,0.74,conservative_min,,,,,0.05,1e-05,1000.0,-1.0,False,False,,REJECTED,,,,,,,,,,,0.000521,,,,,,,,no candidate route is feasible: a->r1->r2->b (min_fidelity 0.740 exceeds the achievable estimate 0.732 (exceeded max_rounds=8 without reaching target_fidelity)),,,cd46233073dd699a2079f554f754feb3dd5c4e4b,1f2680a5b9065e708a7497adc53a95b108029b98,3.13.14,2026-07-17T23:51:41.912336+00:00
P01_l1_l2_purification_four_node,P01_l1_l2_purification_four_node:four_node_chain:f814d19f5c54d1ba:shortest_hop_count__iterative_analytical__conservative_min:1:intent-four-node,four_node_chain,f814d19f5c54d1ba,1,intent-four-node,shortest_hop_count,iterative_analytical,False,,,10,10,0.74,conservative_min,,,,,0.05,1e-05,1000.0,-1.0,False,False,,REJECTED,,,,,,,,,,,0.000915,,,,,,,,no candidate route is feasible: a->r1->r2->b (min_fidelity 0.740 exceeds the achievable estimate 0.732 (exceeded max_rounds=8 without reaching target_fidelity)),,,cd46233073dd699a2079f554f754feb3dd5c4e4b,1f2680a5b9065e708a7497adc53a95b108029b98,3.13.14,2026-07-17T23:51:41.922743+00:00
P01_l1_l2_purification_four_node,P01_l1_l2_purification_four_node:four_node_chain:f814d19f5c54d1ba:shortest_hop_count__iterative_analytical__conservative_min:2:intent-four-node,four_node_chain,f814d19f5c54d1ba,2,intent-four-node,shortest_hop_count,iterative_analytical,False,,,10,10,0.74,conservative_min,,,,,0.05,1e-05,1000.0,-1.0,False,False,,REJECTED,,,,,,,,,,,0.000986,,,,,,,,no candidate route is feasible: a->r1->r2->b (min_fidelity 0.740 exceeds the achievable estimate 0.732 (exceeded max_rounds=8 without reaching target_fidelity)),,,cd46233073dd699a2079f554f754feb3dd5c4e4b,1f2680a5b9065e708a7497adc53a95b108029b98,3.13.14,2026-07-17T23:51:41.930787+00:00
P01_l1_l2_purification_four_node,P01_l1_l2_purification_four_node:four_node_chain:f814d19f5c54d1ba:shortest_hop_count__iterative_analytical__conservative_min:3:intent-four-node,four_node_chain,f814d19f5c54d1ba,3,intent-four-node,shortest_hop_count,iterative_analytical,False,,,10,10,0.74,conservative_min,,,,,0.05,1e-05,1000.0,-1.0,False,False,,REJECTED,,,,,,,,,,,0.000565,,,,,,,,no candidate route is feasible: a->r1->r2->b (min_fidelity 0.740 exceeds the achievable estimate 0.732 (exceeded max_rounds=8 without reaching target_fidelity)),,,cd46233073dd699a2079f554f754feb3dd5c4e4b,1f2680a5b9065e708a7497adc53a95b108029b98,3.13.14,2026-07-17T23:51:41.941985+00:00
P01_l1_l2_purification_four_node,P01_l1_l2_purification_four_node:four_node_chain:f814d19f5c54d1ba:shortest_hop_count__iterative_analytical__conservative_min:4:intent-four-node,four_node_chain,f814d19f5c54d1ba,4,intent-four-node,shortest_hop_count,iterative_analytical,False,,,10,10,0.74,conservative_min,,,,,0.05,1e-05,1000.0,-1.0,False,False,,REJECTED,,,,,,,,,,,0.000935,,,,,,,,no candidate route is feasible: a->r1->r2->b (min_fidelity 0.740 exceeds the achievable estimate 0.732 (exceeded max_rounds=8 without reaching target_fidelity)),,,cd46233073dd699a2079f554f754feb3dd5c4e4b,1f2680a5b9065e708a7497adc53a95b108029b98,3.13.14,2026-07-17T23:51:41.950279+00:00
P01_l1_l2_purification_four_node,P01_l1_l2_purification_four_node:four_node_chain:f814d19f5c54d1ba:shortest_hop_count__iterative_analytical__conservative_min:5:intent-four-node,four_node_chain,f814d19f5c54d1ba,5,intent-four-node,shortest_hop_count,iterative_analytical,False,,,10,10,0.74,conservative_min,,,,,0.05,1e-05,1000.0,-1.0,False,False,,REJECTED,,,,,,,,,,,0.000828,,,,,,,,no candidate route is feasible: a->r1->r2->b (min_fidelity 0.740 exceeds the achievable estimate 0.732 (exceeded max_rounds=8 without reaching target_fidelity)),,,cd46233073dd699a2079f554f754feb3dd5c4e4b,1f2680a5b9065e708a7497adc53a95b108029b98,3.13.14,2026-07-17T23:51:41.959712+00:00
P01_l1_l2_purification_four_node,P01_l1_l2_purification_four_node:four_node_chain:f814d19f5c54d1ba:shortest_hop_count__iterative_analytical__conservative_min:6:intent-four-node,four_node_chain,f814d19f5c54d1ba,6,intent-four-node,shortest_hop_count,iterative_analytical,False,,,10,10,0.74,conservative_min,,,,,0.05,1e-05,1000.0,-1.0,False,False,,REJECTED,,,,,,,,,,,0.000784,,,,,,,,no candidate route is feasible: a->r1->r2->b (min_fidelity 0.740 exceeds the achievable estimate 0.732 (exceeded max_rounds=8 without reaching target_fidelity)),,,cd46233073dd699a2079f554f754feb3dd5c4e4b,1f2680a5b9065e708a7497adc53a95b108029b98,3.13.14,2026-07-17T23:51:41.970851+00:00
P01_l1_l2_purification_four_node,P01_l1_l2_purification_four_node:four_node_chain:f814d19f5c54d1ba:shortest_hop_count__iterative_analytical__conservative_min:7:intent-four-node,four_node_chain,f814d19f5c54d1ba,7,intent-four-node,shortest_hop_count,iterative_analytical,False,,,10,10,0.74,conservative_min,,,,,0.05,1e-05,1000.0,-1.0,False,False,,REJECTED,,,,,,,,,,,0.000529,,,,,,,,no candidate route is feasible: a->r1->r2->b (min_fidelity 0.740 exceeds the achievable estimate 0.732 (exceeded max_rounds=8 without reaching target_fidelity)),,,cd46233073dd699a2079f554f754feb3dd5c4e4b,1f2680a5b9065e708a7497adc53a95b108029b98,3.13.14,2026-07-17T23:51:41.979558+00:00
P01_l1_l2_purification_four_node,P01_l1_l2_purification_four_node:four_node_chain:f814d19f5c54d1ba:shortest_hop_count__iterative_analytical__conservative_min:8:intent-four-node,four_node_chain,f814d19f5c54d1ba,8,intent-four-node,shortest_hop_count,iterative_analytical,False,,,10,10,0.74,conservative_min,,,,,0.05,1e-05,1000.0,-1.0,False,False,,REJECTED,,,,,,,,,,,0.000759,,,,,,,,no candidate route is feasible: a->r1->r2->b (min_fidelity 0.740 exceeds the achievable estimate 0.732 (exceeded max_rounds=8 without reaching target_fidelity)),,,cd46233073dd699a2079f554f754feb3dd5c4e4b,1f2680a5b9065e708a7497adc53a95b108029b98,3.13.14,2026-07-17T23:51:41.989299+00:00
P01_l1_l2_purification_four_node,P01_l1_l2_purification_four_node:four_node_chain:f814d19f5c54d1ba:shortest_hop_count__iterative_analytical__conservative_min:9:intent-four-node,four_node_chain,f814d19f5c54d1ba,9,intent-four-node,shortest_hop_count,iterative_analytical,False,,,10,10,0.74,conservative_min,,,,,0.05,1e-05,1000.0,-1.0,False,False,,REJECTED,,,,,,,,,,,0.000875,,,,,,,,no candidate route is feasible: a->r1->r2->b (min_fidelity 0.740 exceeds the achievable estimate 0.732 (exceeded max_rounds=8 without reaching target_fidelity)),,,cd46233073dd699a2079f554f754feb3dd5c4e4b,1f2680a5b9065e708a7497adc53a95b108029b98,3.13.14,2026-07-17T23:51:41.998717+00:00
P01_l1_l2_purification_four_node,P01_l1_l2_purification_four_node:four_node_chain:f814d19f5c54d1ba:shortest_hop_count__iterative_analytical__conservative_min:10:intent-four-node,four_node_chain,f814d19f5c54d1ba,10,intent-four-node,shortest_hop_count,iterative_analytical,False,,,10,10,0.74,conservative_min,,,,,0.05,1e-05,1000.0,-1.0,False,False,,REJECTED,,,,,,,,,,,0.001035,,,,,,,,no candidate route is feasible: a->r1->r2->b (min_fidelity 0.740 exceeds the achievable estimate 0.732 (exceeded max_rounds=8 without reaching target_fidelity)),,,cd46233073dd699a2079f554f754feb3dd5c4e4b,1f2680a5b9065e708a7497adc53a95b108029b98,3.13.14,2026-07-17T23:51:42.010101+00:00
P01_l1_l2_purification_four_node,P01_l1_l2_purification_four_node:four_node_chain:f814d19f5c54d1ba:shortest_hop_count__iterative_analytical__conservative_min:11:intent-four-node,four_node_chain,f814d19f5c54d1ba,11,intent-four-node,shortest_hop_count,iterative_analytical,False,,,10,10,0.74,conservative_min,,,,,0.05,1e-05,1000.0,-1.0,False,False,,REJECTED,,,,,,,,,,,0.000883,,,,,,,,no candidate route is feasible: a->r1->r2->b (min_fidelity 0.740 exceeds the achievable estimate 0.732 (exceeded max_rounds=8 without reaching target_fidelity)),,,cd46233073dd699a2079f554f754feb3dd5c4e4b,1f2680a5b9065e708a7497adc53a95b108029b98,3.13.14,2026-07-17T23:51:42.018991+00:00
P01_l1_l2_purification_four_node,P01_l1_l2_purification_four_node:four_node_chain:f814d19f5c54d1ba:shortest_hop_count__iterative_analytical__conservative_min:12:intent-four-node,four_node_chain,f814d19f5c54d1ba,12,intent-four-node,shortest_hop_count,iterative_analytical,False,,,10,10,0.74,conservative_min,,,,,0.05,1e-05,1000.0,-1.0,False,False,,REJECTED,,,,,,,,,,,0.000776,,,,,,,,no candidate route is feasible: a->r1->r2->b (min_fidelity 0.740 exceeds the achievable estimate 0.732 (exceeded max_rounds=8 without reaching target_fidelity)),,,cd46233073dd699a2079f554f754feb3dd5c4e4b,1f2680a5b9065e708a7497adc53a95b108029b98,3.13.14,2026-07-17T23:51:42.029063+00:00
P01_l1_l2_purification_four_node,P01_l1_l2_purification_four_node:four_node_chain:f814d19f5c54d1ba:shortest_hop_count__iterative_analytical__conservative_min:13:intent-four-node,four_node_chain,f814d19f5c54d1ba,13,intent-four-node,shortest_hop_count,iterative_analytical,False,,,10,10,0.74,conservative_min,,,,,0.05,1e-05,1000.0,-1.0,False,False,,REJECTED,,,,,,,,,,,0.00096,,,,,,,,no candidate route is feasible: a->r1->r2->b (min_fidelity 0.740 exceeds the achievable estimate 0.732 (exceeded max_rounds=8 without reaching target_fidelity)),,,cd46233073dd699a2079f554f754feb3dd5c4e4b,1f2680a5b9065e708a7497adc53a95b108029b98,3.13.14,2026-07-17T23:51:42.043935+00:00
P01_l1_l2_purification_four_node,P01_l1_l2_purification_four_node:four_node_chain:f814d19f5c54d1ba:shortest_hop_count__iterative_analytical__conservative_min:14:intent-four-node,four_node_chain,f814d19f5c54d1ba,14,intent-four-node,shortest_hop_count,iterative_analytical,False,,,10,10,0.74,conservative_min,,,,,0.05,1e-05,1000.0,-1.0,False,False,,REJECTED,,,,,,,,,,,0.000976,,,,,,,,no candidate route is feasible: a->r1->r2->b (min_fidelity 0.740 exceeds the achievable estimate 0.732 (exceeded max_rounds=8 without reaching target_fidelity)),,,cd46233073dd699a2079f554f754feb3dd5c4e4b,1f2680a5b9065e708a7497adc53a95b108029b98,3.13.14,2026-07-17T23:51:42.056111+00:00
P01_l1_l2_purification_four_node,P01_l1_l2_purification_four_node:four_node_chain:f814d19f5c54d1ba:shortest_hop_count__iterative_analytical__conservative_min:15:intent-four-node,four_node_chain,f814d19f5c54d1ba,15,intent-four-node,shortest_hop_count,iterative_analytical,False,,,10,10,0.74,conservative_min,,,,,0.05,1e-05,1000.0,-1.0,False,False,,REJECTED,,,,,,,,,,,0.001035,,,,,,,,no candidate route is feasible: a->r1->r2->b (min_fidelity 0.740 exceeds the achievable estimate 0.732 (exceeded max_rounds=8 without reaching target_fidelity)),,,cd46233073dd699a2079f554f754feb3dd5c4e4b,1f2680a5b9065e708a7497adc53a95b108029b98,3.13.14,2026-07-17T23:51:42.069023+00:00
P01_l1_l2_purification_four_node,P01_l1_l2_purification_four_node:four_node_chain:f814d19f5c54d1ba:shortest_hop_count__iterative_analytical__conservative_min:16:intent-four-node,four_node_chain,f814d19f5c54d1ba,16,intent-four-node,shortest_hop_count,iterative_analytical,False,,,10,10,0.74,conservative_min,,,,,0.05,1e-05,1000.0,-1.0,False,False,,REJECTED,,,,,,,,,,,0.000557,,,,,,,,no candidate route is feasible: a->r1->r2->b (min_fidelity 0.740 exceeds the achievable estimate 0.732 (exceeded max_rounds=8 without reaching target_fidelity)),,,cd46233073dd699a2079f554f754feb3dd5c4e4b,1f2680a5b9065e708a7497adc53a95b108029b98,3.13.14,2026-07-17T23:51:42.077241+00:00
P01_l1_l2_purification_four_node,P01_l1_l2_purification_four_node:four_node_chain:f814d19f5c54d1ba:shortest_hop_count__iterative_analytical__conservative_min:17:intent-four-node,four_node_chain,f814d19f5c54d1ba,17,intent-four-node,shortest_hop_count,iterative_analytical,False,,,10,10,0.74,conservative_min,,,,,0.05,1e-05,1000.0,-1.0,False,False,,REJECTED,,,,,,,,,,,0.00123,,,,,,,,no candidate route is feasible: a->r1->r2->b (min_fidelity 0.740 exceeds the achievable estimate 0.732 (exceeded max_rounds=8 without reaching target_fidelity)),,,cd46233073dd699a2079f554f754feb3dd5c4e4b,1f2680a5b9065e708a7497adc53a95b108029b98,3.13.14,2026-07-17T23:51:42.086248+00:00
P01_l1_l2_purification_four_node,P01_l1_l2_purification_four_node:four_node_chain:f814d19f5c54d1ba:shortest_hop_count__iterative_analytical__conservative_min:18:intent-four-node,four_node_chain,f814d19f5c54d1ba,18,intent-four-node,shortest_hop_count,iterative_analytical,False,,,10,10,0.74,conservative_min,,,,,0.05,1e-05,1000.0,-1.0,False,False,,REJECTED,,,,,,,,,,,0.001129,,,,,,,,no candidate route is feasible: a->r1->r2->b (min_fidelity 0.740 exceeds the achievable estimate 0.732 (exceeded max_rounds=8 without reaching target_fidelity)),,,cd46233073dd699a2079f554f754feb3dd5c4e4b,1f2680a5b9065e708a7497adc53a95b108029b98,3.13.14,2026-07-17T23:51:42.098110+00:00
P01_l1_l2_purification_four_node,P01_l1_l2_purification_four_node:four_node_chain:f814d19f5c54d1ba:shortest_hop_count__iterative_analytical__conservative_min:19:intent-four-node,four_node_chain,f814d19f5c54d1ba,19,intent-four-node,shortest_hop_count,iterative_analytical,False,,,10,10,0.74,conservative_min,,,,,0.05,1e-05,1000.0,-1.0,False,False,,REJECTED,,,,,,,,,,,0.000785,,,,,,,,no candidate route is feasible: a->r1->r2->b (min_fidelity 0.740 exceeds the achievable estimate 0.732 (exceeded max_rounds=8 without reaching target_fidelity)),,,cd46233073dd699a2079f554f754feb3dd5c4e4b,1f2680a5b9065e708a7497adc53a95b108029b98,3.13.14,2026-07-17T23:51:42.109464+00:00
P01_l1_l2_purification_four_node,P01_l1_l2_purification_four_node:four_node_chain:d515ee3f79a910b8:shortest_hop_count__automatic__conservative_min:0:intent-four-node,four_node_chain,d515ee3f79a910b8,0,intent-four-node,shortest_hop_count,automatic,False,,,10,10,0.745,conservative_min,,,,,0.05,1e-05,1000.0,-1.0,False,False,,REJECTED,,,,,,,,,,,0.000785,,,,,,,,no candidate route is feasible: a->r1->r2->b (min_fidelity 0.745 exceeds the achievable estimate 0.565 (one-round static estimate (BBPSSWCircuit.improved_fidelity); SeQUeNCe's 'until_target' mode may run a different number of rounds at execution time)),,,cd46233073dd699a2079f554f754feb3dd5c4e4b,1f2680a5b9065e708a7497adc53a95b108029b98,3.13.14,2026-07-17T23:51:42.119943+00:00
P01_l1_l2_purification_four_node,P01_l1_l2_purification_four_node:four_node_chain:d515ee3f79a910b8:shortest_hop_count__automatic__conservative_min:1:intent-four-node,four_node_chain,d515ee3f79a910b8,1,intent-four-node,shortest_hop_count,automatic,False,,,10,10,0.745,conservative_min,,,,,0.05,1e-05,1000.0,-1.0,False,False,,REJECTED,,,,,,,,,,,0.000821,,,,,,,,no candidate route is feasible: a->r1->r2->b (min_fidelity 0.745 exceeds the achievable estimate 0.565 (one-round static estimate (BBPSSWCircuit.improved_fidelity); SeQUeNCe's 'until_target' mode may run a different number of rounds at execution time)),,,cd46233073dd699a2079f554f754feb3dd5c4e4b,1f2680a5b9065e708a7497adc53a95b108029b98,3.13.14,2026-07-17T23:51:42.131072+00:00
P01_l1_l2_purification_four_node,P01_l1_l2_purification_four_node:four_node_chain:d515ee3f79a910b8:shortest_hop_count__automatic__conservative_min:2:intent-four-node,four_node_chain,d515ee3f79a910b8,2,intent-four-node,shortest_hop_count,automatic,False,,,10,10,0.745,conservative_min,,,,,0.05,1e-05,1000.0,-1.0,False,False,,REJECTED,,,,,,,,,,,0.000702,,,,,,,,no candidate route is feasible: a->r1->r2->b (min_fidelity 0.745 exceeds the achievable estimate 0.565 (one-round static estimate (BBPSSWCircuit.improved_fidelity); SeQUeNCe's 'until_target' mode may run a different number of rounds at execution time)),,,cd46233073dd699a2079f554f754feb3dd5c4e4b,1f2680a5b9065e708a7497adc53a95b108029b98,3.13.14,2026-07-17T23:51:42.142035+00:00
P01_l1_l2_purification_four_node,P01_l1_l2_purification_four_node:four_node_chain:d515ee3f79a910b8:shortest_hop_count__automatic__conservative_min:3:intent-four-node,four_node_chain,d515ee3f79a910b8,3,intent-four-node,shortest_hop_count,automatic,False,,,10,10,0.745,conservative_min,,,,,0.05,1e-05,1000.0,-1.0,False,False,,REJECTED,,,,,,,,,,,0.000513,,,,,,,,no candidate route is feasible: a->r1->r2->b (min_fidelity 0.745 exceeds the achievable estimate 0.565 (one-round static estimate (BBPSSWCircuit.improved_fidelity); SeQUeNCe's 'until_target' mode may run a different number of rounds at execution time)),,,cd46233073dd699a2079f554f754feb3dd5c4e4b,1f2680a5b9065e708a7497adc53a95b108029b98,3.13.14,2026-07-17T23:51:42.150731+00:00
P01_l1_l2_purification_four_node,P01_l1_l2_purification_four_node:four_node_chain:d515ee3f79a910b8:shortest_hop_count__automatic__conservative_min:4:intent-four-node,four_node_chain,d515ee3f79a910b8,4,intent-four-node,shortest_hop_count,automatic,False,,,10,10,0.745,conservative_min,,,,,0.05,1e-05,1000.0,-1.0,False,False,,REJECTED,,,,,,,,,,,0.000937,,,,,,,,no candidate route is feasible: a->r1->r2->b (min_fidelity 0.745 exceeds the achievable estimate 0.565 (one-round static estimate (BBPSSWCircuit.improved_fidelity); SeQUeNCe's 'until_target' mode may run a different number of rounds at execution time)),,,cd46233073dd699a2079f554f754feb3dd5c4e4b,1f2680a5b9065e708a7497adc53a95b108029b98,3.13.14,2026-07-17T23:51:42.157937+00:00
P01_l1_l2_purification_four_node,P01_l1_l2_purification_four_node:four_node_chain:d515ee3f79a910b8:shortest_hop_count__automatic__conservative_min:5:intent-four-node,four_node_chain,d515ee3f79a910b8,5,intent-four-node,shortest_hop_count,automatic,False,,,10,10,0.745,conservative_min,,,,,0.05,1e-05,1000.0,-1.0,False,False,,REJECTED,,,,,,,,,,,0.000716,,,,,,,,no candidate route is feasible: a->r1->r2->b (min_fidelity 0.745 exceeds the achievable estimate 0.565 (one-round static estimate (BBPSSWCircuit.improved_fidelity); SeQUeNCe's 'until_target' mode may run a different number of rounds at execution time)),,,cd46233073dd699a2079f554f754feb3dd5c4e4b,1f2680a5b9065e708a7497adc53a95b108029b98,3.13.14,2026-07-17T23:51:42.169465+00:00
P01_l1_l2_purification_four_node,P01_l1_l2_purification_four_node:four_node_chain:d515ee3f79a910b8:shortest_hop_count__automatic__conservative_min:6:intent-four-node,four_node_chain,d515ee3f79a910b8,6,intent-four-node,shortest_hop_count,automatic,False,,,10,10,0.745,conservative_min,,,,,0.05,1e-05,1000.0,-1.0,False,False,,REJECTED,,,,,,,,,,,0.000747,,,,,,,,no candidate route is feasible: a->r1->r2->b (min_fidelity 0.745 exceeds the achievable estimate 0.565 (one-round static estimate (BBPSSWCircuit.improved_fidelity); SeQUeNCe's 'until_target' mode may run a different number of rounds at execution time)),,,cd46233073dd699a2079f554f754feb3dd5c4e4b,1f2680a5b9065e708a7497adc53a95b108029b98,3.13.14,2026-07-17T23:51:42.179285+00:00
P01_l1_l2_purification_four_node,P01_l1_l2_purification_four_node:four_node_chain:d515ee3f79a910b8:shortest_hop_count__automatic__conservative_min:7:intent-four-node,four_node_chain,d515ee3f79a910b8,7,intent-four-node,shortest_hop_count,automatic,False,,,10,10,0.745,conservative_min,,,,,0.05,1e-05,1000.0,-1.0,False,False,,REJECTED,,,,,,,,,,,0.001067,,,,,,,,no candidate route is feasible: a->r1->r2->b (min_fidelity 0.745 exceeds the achievable estimate 0.565 (one-round static estimate (BBPSSWCircuit.improved_fidelity); SeQUeNCe's 'until_target' mode may run a different number of rounds at execution time)),,,cd46233073dd699a2079f554f754feb3dd5c4e4b,1f2680a5b9065e708a7497adc53a95b108029b98,3.13.14,2026-07-17T23:51:42.187687+00:00
P01_l1_l2_purification_four_node,P01_l1_l2_purification_four_node:four_node_chain:d515ee3f79a910b8:shortest_hop_count__automatic__conservative_min:8:intent-four-node,four_node_chain,d515ee3f79a910b8,8,intent-four-node,shortest_hop_count,automatic,False,,,10,10,0.745,conservative_min,,,,,0.05,1e-05,1000.0,-1.0,False,False,,REJECTED,,,,,,,,,,,0.000792,,,,,,,,no candidate route is feasible: a->r1->r2->b (min_fidelity 0.745 exceeds the achievable estimate 0.565 (one-round static estimate (BBPSSWCircuit.improved_fidelity); SeQUeNCe's 'until_target' mode may run a different number of rounds at execution time)),,,cd46233073dd699a2079f554f754feb3dd5c4e4b,1f2680a5b9065e708a7497adc53a95b108029b98,3.13.14,2026-07-17T23:51:42.198116+00:00
P01_l1_l2_purification_four_node,P01_l1_l2_purification_four_node:four_node_chain:d515ee3f79a910b8:shortest_hop_count__automatic__conservative_min:9:intent-four-node,four_node_chain,d515ee3f79a910b8,9,intent-four-node,shortest_hop_count,automatic,False,,,10,10,0.745,conservative_min,,,,,0.05,1e-05,1000.0,-1.0,False,False,,REJECTED,,,,,,,,,,,0.000656,,,,,,,,no candidate route is feasible: a->r1->r2->b (min_fidelity 0.745 exceeds the achievable estimate 0.565 (one-round static estimate (BBPSSWCircuit.improved_fidelity); SeQUeNCe's 'until_target' mode may run a different number of rounds at execution time)),,,cd46233073dd699a2079f554f754feb3dd5c4e4b,1f2680a5b9065e708a7497adc53a95b108029b98,3.13.14,2026-07-17T23:51:42.210737+00:00
P01_l1_l2_purification_four_node,P01_l1_l2_purification_four_node:four_node_chain:d515ee3f79a910b8:shortest_hop_count__automatic__conservative_min:10:intent-four-node,four_node_chain,d515ee3f79a910b8,10,intent-four-node,shortest_hop_count,automatic,False,,,10,10,0.745,conservative_min,,,,,0.05,1e-05,1000.0,-1.0,False,False,,REJECTED,,,,,,,,,,,0.000526,,,,,,,,no candidate route is feasible: a->r1->r2->b (min_fidelity 0.745 exceeds the achievable estimate 0.565 (one-round static estimate (BBPSSWCircuit.improved_fidelity); SeQUeNCe's 'until_target' mode may run a different number of rounds at execution time)),,,cd46233073dd699a2079f554f754feb3dd5c4e4b,1f2680a5b9065e708a7497adc53a95b108029b98,3.13.14,2026-07-17T23:51:42.218411+00:00
P01_l1_l2_purification_four_node,P01_l1_l2_purification_four_node:four_node_chain:d515ee3f79a910b8:shortest_hop_count__automatic__conservative_min:11:intent-four-node,four_node_chain,d515ee3f79a910b8,11,intent-four-node,shortest_hop_count,automatic,False,,,10,10,0.745,conservative_min,,,,,0.05,1e-05,1000.0,-1.0,False,False,,REJECTED,,,,,,,,,,,0.000994,,,,,,,,no candidate route is feasible: a->r1->r2->b (min_fidelity 0.745 exceeds the achievable estimate 0.565 (one-round static estimate (BBPSSWCircuit.improved_fidelity); SeQUeNCe's 'until_target' mode may run a different number of rounds at execution time)),,,cd46233073dd699a2079f554f754feb3dd5c4e4b,1f2680a5b9065e708a7497adc53a95b108029b98,3.13.14,2026-07-17T23:51:42.231270+00:00
P01_l1_l2_purification_four_node,P01_l1_l2_purification_four_node:four_node_chain:d515ee3f79a910b8:shortest_hop_count__automatic__conservative_min:12:intent-four-node,four_node_chain,d515ee3f79a910b8,12,intent-four-node,shortest_hop_count,automatic,False,,,10,10,0.745,conservative_min,,,,,0.05,1e-05,1000.0,-1.0,False,False,,REJECTED,,,,,,,,,,,0.00094,,,,,,,,no candidate route is feasible: a->r1->r2->b (min_fidelity 0.745 exceeds the achievable estimate 0.565 (one-round static estimate (BBPSSWCircuit.improved_fidelity); SeQUeNCe's 'until_target' mode may run a different number of rounds at execution time)),,,cd46233073dd699a2079f554f754feb3dd5c4e4b,1f2680a5b9065e708a7497adc53a95b108029b98,3.13.14,2026-07-17T23:51:42.242151+00:00
P01_l1_l2_purification_four_node,P01_l1_l2_purification_four_node:four_node_chain:d515ee3f79a910b8:shortest_hop_count__automatic__conservative_min:13:intent-four-node,four_node_chain,d515ee3f79a910b8,13,intent-four-node,shortest_hop_count,automatic,False,,,10,10,0.745,conservative_min,,,,,0.05,1e-05,1000.0,-1.0,False,False,,REJECTED,,,,,,,,,,,0.000546,,,,,,,,no candidate route is feasible: a->r1->r2->b (min_fidelity 0.745 exceeds the achievable estimate 0.565 (one-round static estimate (BBPSSWCircuit.improved_fidelity); SeQUeNCe's 'until_target' mode may run a different number of rounds at execution time)),,,cd46233073dd699a2079f554f754feb3dd5c4e4b,1f2680a5b9065e708a7497adc53a95b108029b98,3.13.14,2026-07-17T23:51:42.255097+00:00
P01_l1_l2_purification_four_node,P01_l1_l2_purification_four_node:four_node_chain:d515ee3f79a910b8:shortest_hop_count__automatic__conservative_min:14:intent-four-node,four_node_chain,d515ee3f79a910b8,14,intent-four-node,shortest_hop_count,automatic,False,,,10,10,0.745,conservative_min,,,,,0.05,1e-05,1000.0,-1.0,False,False,,REJECTED,,,,,,,,,,,0.000505,,,,,,,,no candidate route is feasible: a->r1->r2->b (min_fidelity 0.745 exceeds the achievable estimate 0.565 (one-round static estimate (BBPSSWCircuit.improved_fidelity); SeQUeNCe's 'until_target' mode may run a different number of rounds at execution time)),,,cd46233073dd699a2079f554f754feb3dd5c4e4b,1f2680a5b9065e708a7497adc53a95b108029b98,3.13.14,2026-07-17T23:51:42.262560+00:00
P01_l1_l2_purification_four_node,P01_l1_l2_purification_four_node:four_node_chain:d515ee3f79a910b8:shortest_hop_count__automatic__conservative_min:15:intent-four-node,four_node_chain,d515ee3f79a910b8,15,intent-four-node,shortest_hop_count,automatic,False,,,10,10,0.745,conservative_min,,,,,0.05,1e-05,1000.0,-1.0,False,False,,REJECTED,,,,,,,,,,,0.000771,,,,,,,,no candidate route is feasible: a->r1->r2->b (min_fidelity 0.745 exceeds the achievable estimate 0.565 (one-round static estimate (BBPSSWCircuit.improved_fidelity); SeQUeNCe's 'until_target' mode may run a different number of rounds at execution time)),,,cd46233073dd699a2079f554f754feb3dd5c4e4b,1f2680a5b9065e708a7497adc53a95b108029b98,3.13.14,2026-07-17T23:51:42.270581+00:00
P01_l1_l2_purification_four_node,P01_l1_l2_purification_four_node:four_node_chain:d515ee3f79a910b8:shortest_hop_count__automatic__conservative_min:16:intent-four-node,four_node_chain,d515ee3f79a910b8,16,intent-four-node,shortest_hop_count,automatic,False,,,10,10,0.745,conservative_min,,,,,0.05,1e-05,1000.0,-1.0,False,False,,REJECTED,,,,,,,,,,,0.000842,,,,,,,,no candidate route is feasible: a->r1->r2->b (min_fidelity 0.745 exceeds the achievable estimate 0.565 (one-round static estimate (BBPSSWCircuit.improved_fidelity); SeQUeNCe's 'until_target' mode may run a different number of rounds at execution time)),,,cd46233073dd699a2079f554f754feb3dd5c4e4b,1f2680a5b9065e708a7497adc53a95b108029b98,3.13.14,2026-07-17T23:51:42.281449+00:00
P01_l1_l2_purification_four_node,P01_l1_l2_purification_four_node:four_node_chain:d515ee3f79a910b8:shortest_hop_count__automatic__conservative_min:17:intent-four-node,four_node_chain,d515ee3f79a910b8,17,intent-four-node,shortest_hop_count,automatic,False,,,10,10,0.745,conservative_min,,,,,0.05,1e-05,1000.0,-1.0,False,False,,REJECTED,,,,,,,,,,,0.000486,,,,,,,,no candidate route is feasible: a->r1->r2->b (min_fidelity 0.745 exceeds the achievable estimate 0.565 (one-round static estimate (BBPSSWCircuit.improved_fidelity); SeQUeNCe's 'until_target' mode may run a different number of rounds at execution time)),,,cd46233073dd699a2079f554f754feb3dd5c4e4b,1f2680a5b9065e708a7497adc53a95b108029b98,3.13.14,2026-07-17T23:51:42.294537+00:00
P01_l1_l2_purification_four_node,P01_l1_l2_purification_four_node:four_node_chain:d515ee3f79a910b8:shortest_hop_count__automatic__conservative_min:18:intent-four-node,four_node_chain,d515ee3f79a910b8,18,intent-four-node,shortest_hop_count,automatic,False,,,10,10,0.745,conservative_min,,,,,0.05,1e-05,1000.0,-1.0,False,False,,REJECTED,,,,,,,,,,,0.000624,,,,,,,,no candidate route is feasible: a->r1->r2->b (min_fidelity 0.745 exceeds the achievable estimate 0.565 (one-round static estimate (BBPSSWCircuit.improved_fidelity); SeQUeNCe's 'until_target' mode may run a different number of rounds at execution time)),,,cd46233073dd699a2079f554f754feb3dd5c4e4b,1f2680a5b9065e708a7497adc53a95b108029b98,3.13.14,2026-07-17T23:51:42.304051+00:00
P01_l1_l2_purification_four_node,P01_l1_l2_purification_four_node:four_node_chain:d515ee3f79a910b8:shortest_hop_count__automatic__conservative_min:19:intent-four-node,four_node_chain,d515ee3f79a910b8,19,intent-four-node,shortest_hop_count,automatic,False,,,10,10,0.745,conservative_min,,,,,0.05,1e-05,1000.0,-1.0,False,False,,REJECTED,,,,,,,,,,,0.000569,,,,,,,,no candidate route is feasible: a->r1->r2->b (min_fidelity 0.745 exceeds the achievable estimate 0.565 (one-round static estimate (BBPSSWCircuit.improved_fidelity); SeQUeNCe's 'until_target' mode may run a different number of rounds at execution time)),,,cd46233073dd699a2079f554f754feb3dd5c4e4b,1f2680a5b9065e708a7497adc53a95b108029b98,3.13.14,2026-07-17T23:51:42.313511+00:00
P01_l1_l2_purification_four_node,P01_l1_l2_purification_four_node:four_node_chain:f7c36c798e312dc5:shortest_hop_count__iterative_analytical__conservative_min:0:intent-four-node,four_node_chain,f7c36c798e312dc5,0,intent-four-node,shortest_hop_count,iterative_analytical,False,,,10,10,0.745,conservative_min,,,,,0.05,1e-05,1000.0,-1.0,False,False,,REJECTED,,,,,,,,,,,0.000563,,,,,,,,no candidate route is feasible: a->r1->r2->b (min_fidelity 0.745 exceeds the achievable estimate 0.732 (exceeded max_rounds=8 without reaching target_fidelity)),,,cd46233073dd699a2079f554f754feb3dd5c4e4b,1f2680a5b9065e708a7497adc53a95b108029b98,3.13.14,2026-07-17T23:51:42.319322+00:00
P01_l1_l2_purification_four_node,P01_l1_l2_purification_four_node:four_node_chain:f7c36c798e312dc5:shortest_hop_count__iterative_analytical__conservative_min:1:intent-four-node,four_node_chain,f7c36c798e312dc5,1,intent-four-node,shortest_hop_count,iterative_analytical,False,,,10,10,0.745,conservative_min,,,,,0.05,1e-05,1000.0,-1.0,False,False,,REJECTED,,,,,,,,,,,0.00107,,,,,,,,no candidate route is feasible: a->r1->r2->b (min_fidelity 0.745 exceeds the achievable estimate 0.732 (exceeded max_rounds=8 without reaching target_fidelity)),,,cd46233073dd699a2079f554f754feb3dd5c4e4b,1f2680a5b9065e708a7497adc53a95b108029b98,3.13.14,2026-07-17T23:51:42.326342+00:00
P01_l1_l2_purification_four_node,P01_l1_l2_purification_four_node:four_node_chain:f7c36c798e312dc5:shortest_hop_count__iterative_analytical__conservative_min:2:intent-four-node,four_node_chain,f7c36c798e312dc5,2,intent-four-node,shortest_hop_count,iterative_analytical,False,,,10,10,0.745,conservative_min,,,,,0.05,1e-05,1000.0,-1.0,False,False,,REJECTED,,,,,,,,,,,0.000827,,,,,,,,no candidate route is feasible: a->r1->r2->b (min_fidelity 0.745 exceeds the achievable estimate 0.732 (exceeded max_rounds=8 without reaching target_fidelity)),,,cd46233073dd699a2079f554f754feb3dd5c4e4b,1f2680a5b9065e708a7497adc53a95b108029b98,3.13.14,2026-07-17T23:51:42.339146+00:00
P01_l1_l2_purification_four_node,P01_l1_l2_purification_four_node:four_node_chain:f7c36c798e312dc5:shortest_hop_count__iterative_analytical__conservative_min:3:intent-four-node,four_node_chain,f7c36c798e312dc5,3,intent-four-node,shortest_hop_count,iterative_analytical,False,,,10,10,0.745,conservative_min,,,,,0.05,1e-05,1000.0,-1.0,False,False,,REJECTED,,,,,,,,,,,0.000819,,,,,,,,no candidate route is feasible: a->r1->r2->b (min_fidelity 0.745 exceeds the achievable estimate 0.732 (exceeded max_rounds=8 without reaching target_fidelity)),,,cd46233073dd699a2079f554f754feb3dd5c4e4b,1f2680a5b9065e708a7497adc53a95b108029b98,3.13.14,2026-07-17T23:51:42.350829+00:00
P01_l1_l2_purification_four_node,P01_l1_l2_purification_four_node:four_node_chain:f7c36c798e312dc5:shortest_hop_count__iterative_analytical__conservative_min:4:intent-four-node,four_node_chain,f7c36c798e312dc5,4,intent-four-node,shortest_hop_count,iterative_analytical,False,,,10,10,0.745,conservative_min,,,,,0.05,1e-05,1000.0,-1.0,False,False,,REJECTED,,,,,,,,,,,0.000914,,,,,,,,no candidate route is feasible: a->r1->r2->b (min_fidelity 0.745 exceeds the achievable estimate 0.732 (exceeded max_rounds=8 without reaching target_fidelity)),,,cd46233073dd699a2079f554f754feb3dd5c4e4b,1f2680a5b9065e708a7497adc53a95b108029b98,3.13.14,2026-07-17T23:51:42.357264+00:00
P01_l1_l2_purification_four_node,P01_l1_l2_purification_four_node:four_node_chain:f7c36c798e312dc5:shortest_hop_count__iterative_analytical__conservative_min:5:intent-four-node,four_node_chain,f7c36c798e312dc5,5,intent-four-node,shortest_hop_count,iterative_analytical,False,,,10,10,0.745,conservative_min,,,,,0.05,1e-05,1000.0,-1.0,False,False,,REJECTED,,,,,,,,,,,0.000988,,,,,,,,no candidate route is feasible: a->r1->r2->b (min_fidelity 0.745 exceeds the achievable estimate 0.732 (exceeded max_rounds=8 without reaching target_fidelity)),,,cd46233073dd699a2079f554f754feb3dd5c4e4b,1f2680a5b9065e708a7497adc53a95b108029b98,3.13.14,2026-07-17T23:51:42.368206+00:00
P01_l1_l2_purification_four_node,P01_l1_l2_purification_four_node:four_node_chain:f7c36c798e312dc5:shortest_hop_count__iterative_analytical__conservative_min:6:intent-four-node,four_node_chain,f7c36c798e312dc5,6,intent-four-node,shortest_hop_count,iterative_analytical,False,,,10,10,0.745,conservative_min,,,,,0.05,1e-05,1000.0,-1.0,False,False,,REJECTED,,,,,,,,,,,0.000531,,,,,,,,no candidate route is feasible: a->r1->r2->b (min_fidelity 0.745 exceeds the achievable estimate 0.732 (exceeded max_rounds=8 without reaching target_fidelity)),,,cd46233073dd699a2079f554f754feb3dd5c4e4b,1f2680a5b9065e708a7497adc53a95b108029b98,3.13.14,2026-07-17T23:51:42.379291+00:00
P01_l1_l2_purification_four_node,P01_l1_l2_purification_four_node:four_node_chain:f7c36c798e312dc5:shortest_hop_count__iterative_analytical__conservative_min:7:intent-four-node,four_node_chain,f7c36c798e312dc5,7,intent-four-node,shortest_hop_count,iterative_analytical,False,,,10,10,0.745,conservative_min,,,,,0.05,1e-05,1000.0,-1.0,False,False,,REJECTED,,,,,,,,,,,0.000518,,,,,,,,no candidate route is feasible: a->r1->r2->b (min_fidelity 0.745 exceeds the achievable estimate 0.732 (exceeded max_rounds=8 without reaching target_fidelity)),,,cd46233073dd699a2079f554f754feb3dd5c4e4b,1f2680a5b9065e708a7497adc53a95b108029b98,3.13.14,2026-07-17T23:51:42.386702+00:00
P01_l1_l2_purification_four_node,P01_l1_l2_purification_four_node:four_node_chain:f7c36c798e312dc5:shortest_hop_count__iterative_analytical__conservative_min:8:intent-four-node,four_node_chain,f7c36c798e312dc5,8,intent-four-node,shortest_hop_count,iterative_analytical,False,,,10,10,0.745,conservative_min,,,,,0.05,1e-05,1000.0,-1.0,False,False,,REJECTED,,,,,,,,,,,0.000836,,,,,,,,no candidate route is feasible: a->r1->r2->b (min_fidelity 0.745 exceeds the achievable estimate 0.732 (exceeded max_rounds=8 without reaching target_fidelity)),,,cd46233073dd699a2079f554f754feb3dd5c4e4b,1f2680a5b9065e708a7497adc53a95b108029b98,3.13.14,2026-07-17T23:51:42.394502+00:00
P01_l1_l2_purification_four_node,P01_l1_l2_purification_four_node:four_node_chain:f7c36c798e312dc5:shortest_hop_count__iterative_analytical__conservative_min:9:intent-four-node,four_node_chain,f7c36c798e312dc5,9,intent-four-node,shortest_hop_count,iterative_analytical,False,,,10,10,0.745,conservative_min,,,,,0.05,1e-05,1000.0,-1.0,False,False,,REJECTED,,,,,,,,,,,0.000811,,,,,,,,no candidate route is feasible: a->r1->r2->b (min_fidelity 0.745 exceeds the achievable estimate 0.732 (exceeded max_rounds=8 without reaching target_fidelity)),,,cd46233073dd699a2079f554f754feb3dd5c4e4b,1f2680a5b9065e708a7497adc53a95b108029b98,3.13.14,2026-07-17T23:51:42.404875+00:00
P01_l1_l2_purification_four_node,P01_l1_l2_purification_four_node:four_node_chain:f7c36c798e312dc5:shortest_hop_count__iterative_analytical__conservative_min:10:intent-four-node,four_node_chain,f7c36c798e312dc5,10,intent-four-node,shortest_hop_count,iterative_analytical,False,,,10,10,0.745,conservative_min,,,,,0.05,1e-05,1000.0,-1.0,False,False,,REJECTED,,,,,,,,,,,0.000948,,,,,,,,no candidate route is feasible: a->r1->r2->b (min_fidelity 0.745 exceeds the achievable estimate 0.732 (exceeded max_rounds=8 without reaching target_fidelity)),,,cd46233073dd699a2079f554f754feb3dd5c4e4b,1f2680a5b9065e708a7497adc53a95b108029b98,3.13.14,2026-07-17T23:51:42.415046+00:00
P01_l1_l2_purification_four_node,P01_l1_l2_purification_four_node:four_node_chain:f7c36c798e312dc5:shortest_hop_count__iterative_analytical__conservative_min:11:intent-four-node,four_node_chain,f7c36c798e312dc5,11,intent-four-node,shortest_hop_count,iterative_analytical,False,,,10,10,0.745,conservative_min,,,,,0.05,1e-05,1000.0,-1.0,False,False,,REJECTED,,,,,,,,,,,0.000832,,,,,,,,no candidate route is feasible: a->r1->r2->b (min_fidelity 0.745 exceeds the achievable estimate 0.732 (exceeded max_rounds=8 without reaching target_fidelity)),,,cd46233073dd699a2079f554f754feb3dd5c4e4b,1f2680a5b9065e708a7497adc53a95b108029b98,3.13.14,2026-07-17T23:51:42.425054+00:00
P01_l1_l2_purification_four_node,P01_l1_l2_purification_four_node:four_node_chain:f7c36c798e312dc5:shortest_hop_count__iterative_analytical__conservative_min:12:intent-four-node,four_node_chain,f7c36c798e312dc5,12,intent-four-node,shortest_hop_count,iterative_analytical,False,,,10,10,0.745,conservative_min,,,,,0.05,1e-05,1000.0,-1.0,False,False,,REJECTED,,,,,,,,,,,0.001128,,,,,,,,no candidate route is feasible: a->r1->r2->b (min_fidelity 0.745 exceeds the achievable estimate 0.732 (exceeded max_rounds=8 without reaching target_fidelity)),,,cd46233073dd699a2079f554f754feb3dd5c4e4b,1f2680a5b9065e708a7497adc53a95b108029b98,3.13.14,2026-07-17T23:51:42.436971+00:00
P01_l1_l2_purification_four_node,P01_l1_l2_purification_four_node:four_node_chain:f7c36c798e312dc5:shortest_hop_count__iterative_analytical__conservative_min:13:intent-four-node,four_node_chain,f7c36c798e312dc5,13,intent-four-node,shortest_hop_count,iterative_analytical,False,,,10,10,0.745,conservative_min,,,,,0.05,1e-05,1000.0,-1.0,False,False,,REJECTED,,,,,,,,,,,0.001173,,,,,,,,no candidate route is feasible: a->r1->r2->b (min_fidelity 0.745 exceeds the achievable estimate 0.732 (exceeded max_rounds=8 without reaching target_fidelity)),,,cd46233073dd699a2079f554f754feb3dd5c4e4b,1f2680a5b9065e708a7497adc53a95b108029b98,3.13.14,2026-07-17T23:51:42.448354+00:00
P01_l1_l2_purification_four_node,P01_l1_l2_purification_four_node:four_node_chain:f7c36c798e312dc5:shortest_hop_count__iterative_analytical__conservative_min:14:intent-four-node,four_node_chain,f7c36c798e312dc5,14,intent-four-node,shortest_hop_count,iterative_analytical,False,,,10,10,0.745,conservative_min,,,,,0.05,1e-05,1000.0,-1.0,False,False,,REJECTED,,,,,,,,,,,0.000823,,,,,,,,no candidate route is feasible: a->r1->r2->b (min_fidelity 0.745 exceeds the achievable estimate 0.732 (exceeded max_rounds=8 without reaching target_fidelity)),,,cd46233073dd699a2079f554f754feb3dd5c4e4b,1f2680a5b9065e708a7497adc53a95b108029b98,3.13.14,2026-07-17T23:51:42.459571+00:00
P01_l1_l2_purification_four_node,P01_l1_l2_purification_four_node:four_node_chain:f7c36c798e312dc5:shortest_hop_count__iterative_analytical__conservative_min:15:intent-four-node,four_node_chain,f7c36c798e312dc5,15,intent-four-node,shortest_hop_count,iterative_analytical,False,,,10,10,0.745,conservative_min,,,,,0.05,1e-05,1000.0,-1.0,False,False,,REJECTED,,,,,,,,,,,0.000817,,,,,,,,no candidate route is feasible: a->r1->r2->b (min_fidelity 0.745 exceeds the achievable estimate 0.732 (exceeded max_rounds=8 without reaching target_fidelity)),,,cd46233073dd699a2079f554f754feb3dd5c4e4b,1f2680a5b9065e708a7497adc53a95b108029b98,3.13.14,2026-07-17T23:51:42.471073+00:00
P01_l1_l2_purification_four_node,P01_l1_l2_purification_four_node:four_node_chain:f7c36c798e312dc5:shortest_hop_count__iterative_analytical__conservative_min:16:intent-four-node,four_node_chain,f7c36c798e312dc5,16,intent-four-node,shortest_hop_count,iterative_analytical,False,,,10,10,0.745,conservative_min,,,,,0.05,1e-05,1000.0,-1.0,False,False,,REJECTED,,,,,,,,,,,0.000854,,,,,,,,no candidate route is feasible: a->r1->r2->b (min_fidelity 0.745 exceeds the achievable estimate 0.732 (exceeded max_rounds=8 without reaching target_fidelity)),,,cd46233073dd699a2079f554f754feb3dd5c4e4b,1f2680a5b9065e708a7497adc53a95b108029b98,3.13.14,2026-07-17T23:51:42.481825+00:00
P01_l1_l2_purification_four_node,P01_l1_l2_purification_four_node:four_node_chain:f7c36c798e312dc5:shortest_hop_count__iterative_analytical__conservative_min:17:intent-four-node,four_node_chain,f7c36c798e312dc5,17,intent-four-node,shortest_hop_count,iterative_analytical,False,,,10,10,0.745,conservative_min,,,,,0.05,1e-05,1000.0,-1.0,False,False,,REJECTED,,,,,,,,,,,0.000801,,,,,,,,no candidate route is feasible: a->r1->r2->b (min_fidelity 0.745 exceeds the achievable estimate 0.732 (exceeded max_rounds=8 without reaching target_fidelity)),,,cd46233073dd699a2079f554f754feb3dd5c4e4b,1f2680a5b9065e708a7497adc53a95b108029b98,3.13.14,2026-07-17T23:51:42.493180+00:00
P01_l1_l2_purification_four_node,P01_l1_l2_purification_four_node:four_node_chain:f7c36c798e312dc5:shortest_hop_count__iterative_analytical__conservative_min:18:intent-four-node,four_node_chain,f7c36c798e312dc5,18,intent-four-node,shortest_hop_count,iterative_analytical,False,,,10,10,0.745,conservative_min,,,,,0.05,1e-05,1000.0,-1.0,False,False,,REJECTED,,,,,,,,,,,0.000973,,,,,,,,no candidate route is feasible: a->r1->r2->b (min_fidelity 0.745 exceeds the achievable estimate 0.732 (exceeded max_rounds=8 without reaching target_fidelity)),,,cd46233073dd699a2079f554f754feb3dd5c4e4b,1f2680a5b9065e708a7497adc53a95b108029b98,3.13.14,2026-07-17T23:51:42.504440+00:00
P01_l1_l2_purification_four_node,P01_l1_l2_purification_four_node:four_node_chain:f7c36c798e312dc5:shortest_hop_count__iterative_analytical__conservative_min:19:intent-four-node,four_node_chain,f7c36c798e312dc5,19,intent-four-node,shortest_hop_count,iterative_analytical,False,,,10,10,0.745,conservative_min,,,,,0.05,1e-05,1000.0,-1.0,False,False,,REJECTED,,,,,,,,,,,0.000935,,,,,,,,no candidate route is feasible: a->r1->r2->b (min_fidelity 0.745 exceeds the achievable estimate 0.732 (exceeded max_rounds=8 without reaching target_fidelity)),,,cd46233073dd699a2079f554f754feb3dd5c4e4b,1f2680a5b9065e708a7497adc53a95b108029b98,3.13.14,2026-07-17T23:51:42.515022+00:00
P01_l1_l2_purification_four_node,P01_l1_l2_purification_four_node:four_node_chain:78536bbf96b8f6da:shortest_hop_count__automatic__conservative_min:0:intent-four-node,four_node_chain,78536bbf96b8f6da,0,intent-four-node,shortest_hop_count,automatic,False,,,10,10,0.75,conservative_min,,,,,0.05,1e-05,1000.0,-1.0,False,False,,REJECTED,,,,,,,,,,,0.000768,,,,,,,,no candidate route is feasible: a->r1->r2->b (min_fidelity 0.750 exceeds the achievable estimate 0.565 (one-round static estimate (BBPSSWCircuit.improved_fidelity); SeQUeNCe's 'until_target' mode may run a different number of rounds at execution time)),,,cd46233073dd699a2079f554f754feb3dd5c4e4b,1f2680a5b9065e708a7497adc53a95b108029b98,3.13.14,2026-07-17T23:51:42.526706+00:00
P01_l1_l2_purification_four_node,P01_l1_l2_purification_four_node:four_node_chain:78536bbf96b8f6da:shortest_hop_count__automatic__conservative_min:1:intent-four-node,four_node_chain,78536bbf96b8f6da,1,intent-four-node,shortest_hop_count,automatic,False,,,10,10,0.75,conservative_min,,,,,0.05,1e-05,1000.0,-1.0,False,False,,REJECTED,,,,,,,,,,,0.000493,,,,,,,,no candidate route is feasible: a->r1->r2->b (min_fidelity 0.750 exceeds the achievable estimate 0.565 (one-round static estimate (BBPSSWCircuit.improved_fidelity); SeQUeNCe's 'until_target' mode may run a different number of rounds at execution time)),,,cd46233073dd699a2079f554f754feb3dd5c4e4b,1f2680a5b9065e708a7497adc53a95b108029b98,3.13.14,2026-07-17T23:51:42.536927+00:00
P01_l1_l2_purification_four_node,P01_l1_l2_purification_four_node:four_node_chain:78536bbf96b8f6da:shortest_hop_count__automatic__conservative_min:2:intent-four-node,four_node_chain,78536bbf96b8f6da,2,intent-four-node,shortest_hop_count,automatic,False,,,10,10,0.75,conservative_min,,,,,0.05,1e-05,1000.0,-1.0,False,False,,REJECTED,,,,,,,,,,,0.000941,,,,,,,,no candidate route is feasible: a->r1->r2->b (min_fidelity 0.750 exceeds the achievable estimate 0.565 (one-round static estimate (BBPSSWCircuit.improved_fidelity); SeQUeNCe's 'until_target' mode may run a different number of rounds at execution time)),,,cd46233073dd699a2079f554f754feb3dd5c4e4b,1f2680a5b9065e708a7497adc53a95b108029b98,3.13.14,2026-07-17T23:51:42.545262+00:00
P01_l1_l2_purification_four_node,P01_l1_l2_purification_four_node:four_node_chain:78536bbf96b8f6da:shortest_hop_count__automatic__conservative_min:3:intent-four-node,four_node_chain,78536bbf96b8f6da,3,intent-four-node,shortest_hop_count,automatic,False,,,10,10,0.75,conservative_min,,,,,0.05,1e-05,1000.0,-1.0,False,False,,REJECTED,,,,,,,,,,,0.000801,,,,,,,,no candidate route is feasible: a->r1->r2->b (min_fidelity 0.750 exceeds the achievable estimate 0.565 (one-round static estimate (BBPSSWCircuit.improved_fidelity); SeQUeNCe's 'until_target' mode may run a different number of rounds at execution time)),,,cd46233073dd699a2079f554f754feb3dd5c4e4b,1f2680a5b9065e708a7497adc53a95b108029b98,3.13.14,2026-07-17T23:51:42.557320+00:00
P01_l1_l2_purification_four_node,P01_l1_l2_purification_four_node:four_node_chain:78536bbf96b8f6da:shortest_hop_count__automatic__conservative_min:4:intent-four-node,four_node_chain,78536bbf96b8f6da,4,intent-four-node,shortest_hop_count,automatic,False,,,10,10,0.75,conservative_min,,,,,0.05,1e-05,1000.0,-1.0,False,False,,REJECTED,,,,,,,,,,,0.000548,,,,,,,,no candidate route is feasible: a->r1->r2->b (min_fidelity 0.750 exceeds the achievable estimate 0.565 (one-round static estimate (BBPSSWCircuit.improved_fidelity); SeQUeNCe's 'until_target' mode may run a different number of rounds at execution time)),,,cd46233073dd699a2079f554f754feb3dd5c4e4b,1f2680a5b9065e708a7497adc53a95b108029b98,3.13.14,2026-07-17T23:51:42.568579+00:00
P01_l1_l2_purification_four_node,P01_l1_l2_purification_four_node:four_node_chain:78536bbf96b8f6da:shortest_hop_count__automatic__conservative_min:5:intent-four-node,four_node_chain,78536bbf96b8f6da,5,intent-four-node,shortest_hop_count,automatic,False,,,10,10,0.75,conservative_min,,,,,0.05,1e-05,1000.0,-1.0,False,False,,REJECTED,,,,,,,,,,,0.000589,,,,,,,,no candidate route is feasible: a->r1->r2->b (min_fidelity 0.750 exceeds the achievable estimate 0.565 (one-round static estimate (BBPSSWCircuit.improved_fidelity); SeQUeNCe's 'until_target' mode may run a different number of rounds at execution time)),,,cd46233073dd699a2079f554f754feb3dd5c4e4b,1f2680a5b9065e708a7497adc53a95b108029b98,3.13.14,2026-07-17T23:51:42.579429+00:00
P01_l1_l2_purification_four_node,P01_l1_l2_purification_four_node:four_node_chain:78536bbf96b8f6da:shortest_hop_count__automatic__conservative_min:6:intent-four-node,four_node_chain,78536bbf96b8f6da,6,intent-four-node,shortest_hop_count,automatic,False,,,10,10,0.75,conservative_min,,,,,0.05,1e-05,1000.0,-1.0,False,False,,REJECTED,,,,,,,,,,,0.000783,,,,,,,,no candidate route is feasible: a->r1->r2->b (min_fidelity 0.750 exceeds the achievable estimate 0.565 (one-round static estimate (BBPSSWCircuit.improved_fidelity); SeQUeNCe's 'until_target' mode may run a different number of rounds at execution time)),,,cd46233073dd699a2079f554f754feb3dd5c4e4b,1f2680a5b9065e708a7497adc53a95b108029b98,3.13.14,2026-07-17T23:51:42.588217+00:00
P01_l1_l2_purification_four_node,P01_l1_l2_purification_four_node:four_node_chain:78536bbf96b8f6da:shortest_hop_count__automatic__conservative_min:7:intent-four-node,four_node_chain,78536bbf96b8f6da,7,intent-four-node,shortest_hop_count,automatic,False,,,10,10,0.75,conservative_min,,,,,0.05,1e-05,1000.0,-1.0,False,False,,REJECTED,,,,,,,,,,,0.000988,,,,,,,,no candidate route is feasible: a->r1->r2->b (min_fidelity 0.750 exceeds the achievable estimate 0.565 (one-round static estimate (BBPSSWCircuit.improved_fidelity); SeQUeNCe's 'until_target' mode may run a different number of rounds at execution time)),,,cd46233073dd699a2079f554f754feb3dd5c4e4b,1f2680a5b9065e708a7497adc53a95b108029b98,3.13.14,2026-07-17T23:51:42.599807+00:00
P01_l1_l2_purification_four_node,P01_l1_l2_purification_four_node:four_node_chain:78536bbf96b8f6da:shortest_hop_count__automatic__conservative_min:8:intent-four-node,four_node_chain,78536bbf96b8f6da,8,intent-four-node,shortest_hop_count,automatic,False,,,10,10,0.75,conservative_min,,,,,0.05,1e-05,1000.0,-1.0,False,False,,REJECTED,,,,,,,,,,,0.000835,,,,,,,,no candidate route is feasible: a->r1->r2->b (min_fidelity 0.750 exceeds the achievable estimate 0.565 (one-round static estimate (BBPSSWCircuit.improved_fidelity); SeQUeNCe's 'until_target' mode may run a different number of rounds at execution time)),,,cd46233073dd699a2079f554f754feb3dd5c4e4b,1f2680a5b9065e708a7497adc53a95b108029b98,3.13.14,2026-07-17T23:51:42.611626+00:00
P01_l1_l2_purification_four_node,P01_l1_l2_purification_four_node:four_node_chain:78536bbf96b8f6da:shortest_hop_count__automatic__conservative_min:9:intent-four-node,four_node_chain,78536bbf96b8f6da,9,intent-four-node,shortest_hop_count,automatic,False,,,10,10,0.75,conservative_min,,,,,0.05,1e-05,1000.0,-1.0,False,False,,REJECTED,,,,,,,,,,,0.000607,,,,,,,,no candidate route is feasible: a->r1->r2->b (min_fidelity 0.750 exceeds the achievable estimate 0.565 (one-round static estimate (BBPSSWCircuit.improved_fidelity); SeQUeNCe's 'until_target' mode may run a different number of rounds at execution time)),,,cd46233073dd699a2079f554f754feb3dd5c4e4b,1f2680a5b9065e708a7497adc53a95b108029b98,3.13.14,2026-07-17T23:51:42.618187+00:00
P01_l1_l2_purification_four_node,P01_l1_l2_purification_four_node:four_node_chain:78536bbf96b8f6da:shortest_hop_count__automatic__conservative_min:10:intent-four-node,four_node_chain,78536bbf96b8f6da,10,intent-four-node,shortest_hop_count,automatic,False,,,10,10,0.75,conservative_min,,,,,0.05,1e-05,1000.0,-1.0,False,False,,REJECTED,,,,,,,,,,,0.00085,,,,,,,,no candidate route is feasible: a->r1->r2->b (min_fidelity 0.750 exceeds the achievable estimate 0.565 (one-round static estimate (BBPSSWCircuit.improved_fidelity); SeQUeNCe's 'until_target' mode may run a different number of rounds at execution time)),,,cd46233073dd699a2079f554f754feb3dd5c4e4b,1f2680a5b9065e708a7497adc53a95b108029b98,3.13.14,2026-07-17T23:51:42.625291+00:00
P01_l1_l2_purification_four_node,P01_l1_l2_purification_four_node:four_node_chain:78536bbf96b8f6da:shortest_hop_count__automatic__conservative_min:11:intent-four-node,four_node_chain,78536bbf96b8f6da,11,intent-four-node,shortest_hop_count,automatic,False,,,10,10,0.75,conservative_min,,,,,0.05,1e-05,1000.0,-1.0,False,False,,REJECTED,,,,,,,,,,,0.0005,,,,,,,,no candidate route is feasible: a->r1->r2->b (min_fidelity 0.750 exceeds the achievable estimate 0.565 (one-round static estimate (BBPSSWCircuit.improved_fidelity); SeQUeNCe's 'until_target' mode may run a different number of rounds at execution time)),,,cd46233073dd699a2079f554f754feb3dd5c4e4b,1f2680a5b9065e708a7497adc53a95b108029b98,3.13.14,2026-07-17T23:51:42.635345+00:00
P01_l1_l2_purification_four_node,P01_l1_l2_purification_four_node:four_node_chain:78536bbf96b8f6da:shortest_hop_count__automatic__conservative_min:12:intent-four-node,four_node_chain,78536bbf96b8f6da,12,intent-four-node,shortest_hop_count,automatic,False,,,10,10,0.75,conservative_min,,,,,0.05,1e-05,1000.0,-1.0,False,False,,REJECTED,,,,,,,,,,,0.001097,,,,,,,,no candidate route is feasible: a->r1->r2->b (min_fidelity 0.750 exceeds the achievable estimate 0.565 (one-round static estimate (BBPSSWCircuit.improved_fidelity); SeQUeNCe's 'until_target' mode may run a different number of rounds at execution time)),,,cd46233073dd699a2079f554f754feb3dd5c4e4b,1f2680a5b9065e708a7497adc53a95b108029b98,3.13.14,2026-07-17T23:51:42.642390+00:00
P01_l1_l2_purification_four_node,P01_l1_l2_purification_four_node:four_node_chain:78536bbf96b8f6da:shortest_hop_count__automatic__conservative_min:13:intent-four-node,four_node_chain,78536bbf96b8f6da,13,intent-four-node,shortest_hop_count,automatic,False,,,10,10,0.75,conservative_min,,,,,0.05,1e-05,1000.0,-1.0,False,False,,REJECTED,,,,,,,,,,,0.000525,,,,,,,,no candidate route is feasible: a->r1->r2->b (min_fidelity 0.750 exceeds the achievable estimate 0.565 (one-round static estimate (BBPSSWCircuit.improved_fidelity); SeQUeNCe's 'until_target' mode may run a different number of rounds at execution time)),,,cd46233073dd699a2079f554f754feb3dd5c4e4b,1f2680a5b9065e708a7497adc53a95b108029b98,3.13.14,2026-07-17T23:51:42.649522+00:00
P01_l1_l2_purification_four_node,P01_l1_l2_purification_four_node:four_node_chain:78536bbf96b8f6da:shortest_hop_count__automatic__conservative_min:14:intent-four-node,four_node_chain,78536bbf96b8f6da,14,intent-four-node,shortest_hop_count,automatic,False,,,10,10,0.75,conservative_min,,,,,0.05,1e-05,1000.0,-1.0,False,False,,REJECTED,,,,,,,,,,,0.000936,,,,,,,,no candidate route is feasible: a->r1->r2->b (min_fidelity 0.750 exceeds the achievable estimate 0.565 (one-round static estimate (BBPSSWCircuit.improved_fidelity); SeQUeNCe's 'until_target' mode may run a different number of rounds at execution time)),,,cd46233073dd699a2079f554f754feb3dd5c4e4b,1f2680a5b9065e708a7497adc53a95b108029b98,3.13.14,2026-07-17T23:51:42.657403+00:00
P01_l1_l2_purification_four_node,P01_l1_l2_purification_four_node:four_node_chain:78536bbf96b8f6da:shortest_hop_count__automatic__conservative_min:15:intent-four-node,four_node_chain,78536bbf96b8f6da,15,intent-four-node,shortest_hop_count,automatic,False,,,10,10,0.75,conservative_min,,,,,0.05,1e-05,1000.0,-1.0,False,False,,REJECTED,,,,,,,,,,,0.000518,,,,,,,,no candidate route is feasible: a->r1->r2->b (min_fidelity 0.750 exceeds the achievable estimate 0.565 (one-round static estimate (BBPSSWCircuit.improved_fidelity); SeQUeNCe's 'until_target' mode may run a different number of rounds at execution time)),,,cd46233073dd699a2079f554f754feb3dd5c4e4b,1f2680a5b9065e708a7497adc53a95b108029b98,3.13.14,2026-07-17T23:51:42.664770+00:00
P01_l1_l2_purification_four_node,P01_l1_l2_purification_four_node:four_node_chain:78536bbf96b8f6da:shortest_hop_count__automatic__conservative_min:16:intent-four-node,four_node_chain,78536bbf96b8f6da,16,intent-four-node,shortest_hop_count,automatic,False,,,10,10,0.75,conservative_min,,,,,0.05,1e-05,1000.0,-1.0,False,False,,REJECTED,,,,,,,,,,,0.000619,,,,,,,,no candidate route is feasible: a->r1->r2->b (min_fidelity 0.750 exceeds the achievable estimate 0.565 (one-round static estimate (BBPSSWCircuit.improved_fidelity); SeQUeNCe's 'until_target' mode may run a different number of rounds at execution time)),,,cd46233073dd699a2079f554f754feb3dd5c4e4b,1f2680a5b9065e708a7497adc53a95b108029b98,3.13.14,2026-07-17T23:51:42.672800+00:00
P01_l1_l2_purification_four_node,P01_l1_l2_purification_four_node:four_node_chain:78536bbf96b8f6da:shortest_hop_count__automatic__conservative_min:17:intent-four-node,four_node_chain,78536bbf96b8f6da,17,intent-four-node,shortest_hop_count,automatic,False,,,10,10,0.75,conservative_min,,,,,0.05,1e-05,1000.0,-1.0,False,False,,REJECTED,,,,,,,,,,,0.000512,,,,,,,,no candidate route is feasible: a->r1->r2->b (min_fidelity 0.750 exceeds the achievable estimate 0.565 (one-round static estimate (BBPSSWCircuit.improved_fidelity); SeQUeNCe's 'until_target' mode may run a different number of rounds at execution time)),,,cd46233073dd699a2079f554f754feb3dd5c4e4b,1f2680a5b9065e708a7497adc53a95b108029b98,3.13.14,2026-07-17T23:51:42.680713+00:00
P01_l1_l2_purification_four_node,P01_l1_l2_purification_four_node:four_node_chain:78536bbf96b8f6da:shortest_hop_count__automatic__conservative_min:18:intent-four-node,four_node_chain,78536bbf96b8f6da,18,intent-four-node,shortest_hop_count,automatic,False,,,10,10,0.75,conservative_min,,,,,0.05,1e-05,1000.0,-1.0,False,False,,REJECTED,,,,,,,,,,,0.000794,,,,,,,,no candidate route is feasible: a->r1->r2->b (min_fidelity 0.750 exceeds the achievable estimate 0.565 (one-round static estimate (BBPSSWCircuit.improved_fidelity); SeQUeNCe's 'until_target' mode may run a different number of rounds at execution time)),,,cd46233073dd699a2079f554f754feb3dd5c4e4b,1f2680a5b9065e708a7497adc53a95b108029b98,3.13.14,2026-07-17T23:51:42.687256+00:00
P01_l1_l2_purification_four_node,P01_l1_l2_purification_four_node:four_node_chain:78536bbf96b8f6da:shortest_hop_count__automatic__conservative_min:19:intent-four-node,four_node_chain,78536bbf96b8f6da,19,intent-four-node,shortest_hop_count,automatic,False,,,10,10,0.75,conservative_min,,,,,0.05,1e-05,1000.0,-1.0,False,False,,REJECTED,,,,,,,,,,,0.000899,,,,,,,,no candidate route is feasible: a->r1->r2->b (min_fidelity 0.750 exceeds the achievable estimate 0.565 (one-round static estimate (BBPSSWCircuit.improved_fidelity); SeQUeNCe's 'until_target' mode may run a different number of rounds at execution time)),,,cd46233073dd699a2079f554f754feb3dd5c4e4b,1f2680a5b9065e708a7497adc53a95b108029b98,3.13.14,2026-07-17T23:51:42.698626+00:00
P01_l1_l2_purification_four_node,P01_l1_l2_purification_four_node:four_node_chain:be1944603f722d43:shortest_hop_count__iterative_analytical__conservative_min:0:intent-four-node,four_node_chain,be1944603f722d43,0,intent-four-node,shortest_hop_count,iterative_analytical,False,,,10,10,0.75,conservative_min,,,,,0.05,1e-05,1000.0,-1.0,False,False,,REJECTED,,,,,,,,,,,0.000802,,,,,,,,no candidate route is feasible: a->r1->r2->b (min_fidelity 0.750 exceeds the achievable estimate 0.732 (exceeded max_rounds=8 without reaching target_fidelity)),,,cd46233073dd699a2079f554f754feb3dd5c4e4b,1f2680a5b9065e708a7497adc53a95b108029b98,3.13.14,2026-07-17T23:51:42.709690+00:00
P01_l1_l2_purification_four_node,P01_l1_l2_purification_four_node:four_node_chain:be1944603f722d43:shortest_hop_count__iterative_analytical__conservative_min:1:intent-four-node,four_node_chain,be1944603f722d43,1,intent-four-node,shortest_hop_count,iterative_analytical,False,,,10,10,0.75,conservative_min,,,,,0.05,1e-05,1000.0,-1.0,False,False,,REJECTED,,,,,,,,,,,0.000552,,,,,,,,no candidate route is feasible: a->r1->r2->b (min_fidelity 0.750 exceeds the achievable estimate 0.732 (exceeded max_rounds=8 without reaching target_fidelity)),,,cd46233073dd699a2079f554f754feb3dd5c4e4b,1f2680a5b9065e708a7497adc53a95b108029b98,3.13.14,2026-07-17T23:51:42.716840+00:00
P01_l1_l2_purification_four_node,P01_l1_l2_purification_four_node:four_node_chain:be1944603f722d43:shortest_hop_count__iterative_analytical__conservative_min:2:intent-four-node,four_node_chain,be1944603f722d43,2,intent-four-node,shortest_hop_count,iterative_analytical,False,,,10,10,0.75,conservative_min,,,,,0.05,1e-05,1000.0,-1.0,False,False,,REJECTED,,,,,,,,,,,0.000552,,,,,,,,no candidate route is feasible: a->r1->r2->b (min_fidelity 0.750 exceeds the achievable estimate 0.732 (exceeded max_rounds=8 without reaching target_fidelity)),,,cd46233073dd699a2079f554f754feb3dd5c4e4b,1f2680a5b9065e708a7497adc53a95b108029b98,3.13.14,2026-07-17T23:51:42.724293+00:00
P01_l1_l2_purification_four_node,P01_l1_l2_purification_four_node:four_node_chain:be1944603f722d43:shortest_hop_count__iterative_analytical__conservative_min:3:intent-four-node,four_node_chain,be1944603f722d43,3,intent-four-node,shortest_hop_count,iterative_analytical,False,,,10,10,0.75,conservative_min,,,,,0.05,1e-05,1000.0,-1.0,False,False,,REJECTED,,,,,,,,,,,0.000569,,,,,,,,no candidate route is feasible: a->r1->r2->b (min_fidelity 0.750 exceeds the achievable estimate 0.732 (exceeded max_rounds=8 without reaching target_fidelity)),,,cd46233073dd699a2079f554f754feb3dd5c4e4b,1f2680a5b9065e708a7497adc53a95b108029b98,3.13.14,2026-07-17T23:51:42.731636+00:00
P01_l1_l2_purification_four_node,P01_l1_l2_purification_four_node:four_node_chain:be1944603f722d43:shortest_hop_count__iterative_analytical__conservative_min:4:intent-four-node,four_node_chain,be1944603f722d43,4,intent-four-node,shortest_hop_count,iterative_analytical,False,,,10,10,0.75,conservative_min,,,,,0.05,1e-05,1000.0,-1.0,False,False,,REJECTED,,,,,,,,,,,0.000535,,,,,,,,no candidate route is feasible: a->r1->r2->b (min_fidelity 0.750 exceeds the achievable estimate 0.732 (exceeded max_rounds=8 without reaching target_fidelity)),,,cd46233073dd699a2079f554f754feb3dd5c4e4b,1f2680a5b9065e708a7497adc53a95b108029b98,3.13.14,2026-07-17T23:51:42.739087+00:00
P01_l1_l2_purification_four_node,P01_l1_l2_purification_four_node:four_node_chain:be1944603f722d43:shortest_hop_count__iterative_analytical__conservative_min:5:intent-four-node,four_node_chain,be1944603f722d43,5,intent-four-node,shortest_hop_count,iterative_analytical,False,,,10,10,0.75,conservative_min,,,,,0.05,1e-05,1000.0,-1.0,False,False,,REJECTED,,,,,,,,,,,0.000544,,,,,,,,no candidate route is feasible: a->r1->r2->b (min_fidelity 0.750 exceeds the achievable estimate 0.732 (exceeded max_rounds=8 without reaching target_fidelity)),,,cd46233073dd699a2079f554f754feb3dd5c4e4b,1f2680a5b9065e708a7497adc53a95b108029b98,3.13.14,2026-07-17T23:51:42.748495+00:00
P01_l1_l2_purification_four_node,P01_l1_l2_purification_four_node:four_node_chain:be1944603f722d43:shortest_hop_count__iterative_analytical__conservative_min:6:intent-four-node,four_node_chain,be1944603f722d43,6,intent-four-node,shortest_hop_count,iterative_analytical,False,,,10,10,0.75,conservative_min,,,,,0.05,1e-05,1000.0,-1.0,False,False,,REJECTED,,,,,,,,,,,0.000857,,,,,,,,no candidate route is feasible: a->r1->r2->b (min_fidelity 0.750 exceeds the achievable estimate 0.732 (exceeded max_rounds=8 without reaching target_fidelity)),,,cd46233073dd699a2079f554f754feb3dd5c4e4b,1f2680a5b9065e708a7497adc53a95b108029b98,3.13.14,2026-07-17T23:51:42.756052+00:00
P01_l1_l2_purification_four_node,P01_l1_l2_purification_four_node:four_node_chain:be1944603f722d43:shortest_hop_count__iterative_analytical__conservative_min:7:intent-four-node,four_node_chain,be1944603f722d43,7,intent-four-node,shortest_hop_count,iterative_analytical,False,,,10,10,0.75,conservative_min,,,,,0.05,1e-05,1000.0,-1.0,False,False,,REJECTED,,,,,,,,,,,0.000845,,,,,,,,no candidate route is feasible: a->r1->r2->b (min_fidelity 0.750 exceeds the achievable estimate 0.732 (exceeded max_rounds=8 without reaching target_fidelity)),,,cd46233073dd699a2079f554f754feb3dd5c4e4b,1f2680a5b9065e708a7497adc53a95b108029b98,3.13.14,2026-07-17T23:51:42.768056+00:00
P01_l1_l2_purification_four_node,P01_l1_l2_purification_four_node:four_node_chain:be1944603f722d43:shortest_hop_count__iterative_analytical__conservative_min:8:intent-four-node,four_node_chain,be1944603f722d43,8,intent-four-node,shortest_hop_count,iterative_analytical,False,,,10,10,0.75,conservative_min,,,,,0.05,1e-05,1000.0,-1.0,False,False,,REJECTED,,,,,,,,,,,0.000739,,,,,,,,no candidate route is feasible: a->r1->r2->b (min_fidelity 0.750 exceeds the achievable estimate 0.732 (exceeded max_rounds=8 without reaching target_fidelity)),,,cd46233073dd699a2079f554f754feb3dd5c4e4b,1f2680a5b9065e708a7497adc53a95b108029b98,3.13.14,2026-07-17T23:51:42.775902+00:00
P01_l1_l2_purification_four_node,P01_l1_l2_purification_four_node:four_node_chain:be1944603f722d43:shortest_hop_count__iterative_analytical__conservative_min:9:intent-four-node,four_node_chain,be1944603f722d43,9,intent-four-node,shortest_hop_count,iterative_analytical,False,,,10,10,0.75,conservative_min,,,,,0.05,1e-05,1000.0,-1.0,False,False,,REJECTED,,,,,,,,,,,0.000529,,,,,,,,no candidate route is feasible: a->r1->r2->b (min_fidelity 0.750 exceeds the achievable estimate 0.732 (exceeded max_rounds=8 without reaching target_fidelity)),,,cd46233073dd699a2079f554f754feb3dd5c4e4b,1f2680a5b9065e708a7497adc53a95b108029b98,3.13.14,2026-07-17T23:51:42.781886+00:00
P01_l1_l2_purification_four_node,P01_l1_l2_purification_four_node:four_node_chain:be1944603f722d43:shortest_hop_count__iterative_analytical__conservative_min:10:intent-four-node,four_node_chain,be1944603f722d43,10,intent-four-node,shortest_hop_count,iterative_analytical,False,,,10,10,0.75,conservative_min,,,,,0.05,1e-05,1000.0,-1.0,False,False,,REJECTED,,,,,,,,,,,0.000538,,,,,,,,no candidate route is feasible: a->r1->r2->b (min_fidelity 0.750 exceeds the achievable estimate 0.732 (exceeded max_rounds=8 without reaching target_fidelity)),,,cd46233073dd699a2079f554f754feb3dd5c4e4b,1f2680a5b9065e708a7497adc53a95b108029b98,3.13.14,2026-07-17T23:51:42.787550+00:00
P01_l1_l2_purification_four_node,P01_l1_l2_purification_four_node:four_node_chain:be1944603f722d43:shortest_hop_count__iterative_analytical__conservative_min:11:intent-four-node,four_node_chain,be1944603f722d43,11,intent-four-node,shortest_hop_count,iterative_analytical,False,,,10,10,0.75,conservative_min,,,,,0.05,1e-05,1000.0,-1.0,False,False,,REJECTED,,,,,,,,,,,0.000581,,,,,,,,no candidate route is feasible: a->r1->r2->b (min_fidelity 0.750 exceeds the achievable estimate 0.732 (exceeded max_rounds=8 without reaching target_fidelity)),,,cd46233073dd699a2079f554f754feb3dd5c4e4b,1f2680a5b9065e708a7497adc53a95b108029b98,3.13.14,2026-07-17T23:51:42.793516+00:00
P01_l1_l2_purification_four_node,P01_l1_l2_purification_four_node:four_node_chain:be1944603f722d43:shortest_hop_count__iterative_analytical__conservative_min:12:intent-four-node,four_node_chain,be1944603f722d43,12,intent-four-node,shortest_hop_count,iterative_analytical,False,,,10,10,0.75,conservative_min,,,,,0.05,1e-05,1000.0,-1.0,False,False,,REJECTED,,,,,,,,,,,0.000812,,,,,,,,no candidate route is feasible: a->r1->r2->b (min_fidelity 0.750 exceeds the achievable estimate 0.732 (exceeded max_rounds=8 without reaching target_fidelity)),,,cd46233073dd699a2079f554f754feb3dd5c4e4b,1f2680a5b9065e708a7497adc53a95b108029b98,3.13.14,2026-07-17T23:51:42.800048+00:00
P01_l1_l2_purification_four_node,P01_l1_l2_purification_four_node:four_node_chain:be1944603f722d43:shortest_hop_count__iterative_analytical__conservative_min:13:intent-four-node,four_node_chain,be1944603f722d43,13,intent-four-node,shortest_hop_count,iterative_analytical,False,,,10,10,0.75,conservative_min,,,,,0.05,1e-05,1000.0,-1.0,False,False,,REJECTED,,,,,,,,,,,0.000758,,,,,,,,no candidate route is feasible: a->r1->r2->b (min_fidelity 0.750 exceeds the achievable estimate 0.732 (exceeded max_rounds=8 without reaching target_fidelity)),,,cd46233073dd699a2079f554f754feb3dd5c4e4b,1f2680a5b9065e708a7497adc53a95b108029b98,3.13.14,2026-07-17T23:51:42.807779+00:00
P01_l1_l2_purification_four_node,P01_l1_l2_purification_four_node:four_node_chain:be1944603f722d43:shortest_hop_count__iterative_analytical__conservative_min:14:intent-four-node,four_node_chain,be1944603f722d43,14,intent-four-node,shortest_hop_count,iterative_analytical,False,,,10,10,0.75,conservative_min,,,,,0.05,1e-05,1000.0,-1.0,False,False,,REJECTED,,,,,,,,,,,0.000535,,,,,,,,no candidate route is feasible: a->r1->r2->b (min_fidelity 0.750 exceeds the achievable estimate 0.732 (exceeded max_rounds=8 without reaching target_fidelity)),,,cd46233073dd699a2079f554f754feb3dd5c4e4b,1f2680a5b9065e708a7497adc53a95b108029b98,3.13.14,2026-07-17T23:51:42.816006+00:00
P01_l1_l2_purification_four_node,P01_l1_l2_purification_four_node:four_node_chain:be1944603f722d43:shortest_hop_count__iterative_analytical__conservative_min:15:intent-four-node,four_node_chain,be1944603f722d43,15,intent-four-node,shortest_hop_count,iterative_analytical,False,,,10,10,0.75,conservative_min,,,,,0.05,1e-05,1000.0,-1.0,False,False,,REJECTED,,,,,,,,,,,0.000947,,,,,,,,no candidate route is feasible: a->r1->r2->b (min_fidelity 0.750 exceeds the achievable estimate 0.732 (exceeded max_rounds=8 without reaching target_fidelity)),,,cd46233073dd699a2079f554f754feb3dd5c4e4b,1f2680a5b9065e708a7497adc53a95b108029b98,3.13.14,2026-07-17T23:51:42.824319+00:00
P01_l1_l2_purification_four_node,P01_l1_l2_purification_four_node:four_node_chain:be1944603f722d43:shortest_hop_count__iterative_analytical__conservative_min:16:intent-four-node,four_node_chain,be1944603f722d43,16,intent-four-node,shortest_hop_count,iterative_analytical,False,,,10,10,0.75,conservative_min,,,,,0.05,1e-05,1000.0,-1.0,False,False,,REJECTED,,,,,,,,,,,0.000565,,,,,,,,no candidate route is feasible: a->r1->r2->b (min_fidelity 0.750 exceeds the achievable estimate 0.732 (exceeded max_rounds=8 without reaching target_fidelity)),,,cd46233073dd699a2079f554f754feb3dd5c4e4b,1f2680a5b9065e708a7497adc53a95b108029b98,3.13.14,2026-07-17T23:51:42.836249+00:00
P01_l1_l2_purification_four_node,P01_l1_l2_purification_four_node:four_node_chain:be1944603f722d43:shortest_hop_count__iterative_analytical__conservative_min:17:intent-four-node,four_node_chain,be1944603f722d43,17,intent-four-node,shortest_hop_count,iterative_analytical,False,,,10,10,0.75,conservative_min,,,,,0.05,1e-05,1000.0,-1.0,False,False,,REJECTED,,,,,,,,,,,0.000826,,,,,,,,no candidate route is feasible: a->r1->r2->b (min_fidelity 0.750 exceeds the achievable estimate 0.732 (exceeded max_rounds=8 without reaching target_fidelity)),,,cd46233073dd699a2079f554f754feb3dd5c4e4b,1f2680a5b9065e708a7497adc53a95b108029b98,3.13.14,2026-07-17T23:51:42.844681+00:00
P01_l1_l2_purification_four_node,P01_l1_l2_purification_four_node:four_node_chain:be1944603f722d43:shortest_hop_count__iterative_analytical__conservative_min:18:intent-four-node,four_node_chain,be1944603f722d43,18,intent-four-node,shortest_hop_count,iterative_analytical,False,,,10,10,0.75,conservative_min,,,,,0.05,1e-05,1000.0,-1.0,False,False,,REJECTED,,,,,,,,,,,0.000571,,,,,,,,no candidate route is feasible: a->r1->r2->b (min_fidelity 0.750 exceeds the achievable estimate 0.732 (exceeded max_rounds=8 without reaching target_fidelity)),,,cd46233073dd699a2079f554f754feb3dd5c4e4b,1f2680a5b9065e708a7497adc53a95b108029b98,3.13.14,2026-07-17T23:51:42.851202+00:00
P01_l1_l2_purification_four_node,P01_l1_l2_purification_four_node:four_node_chain:be1944603f722d43:shortest_hop_count__iterative_analytical__conservative_min:19:intent-four-node,four_node_chain,be1944603f722d43,19,intent-four-node,shortest_hop_count,iterative_analytical,False,,,10,10,0.75,conservative_min,,,,,0.05,1e-05,1000.0,-1.0,False,False,,REJECTED,,,,,,,,,,,0.000904,,,,,,,,no candidate route is feasible: a->r1->r2->b (min_fidelity 0.750 exceeds the achievable estimate 0.732 (exceeded max_rounds=8 without reaching target_fidelity)),,,cd46233073dd699a2079f554f754feb3dd5c4e4b,1f2680a5b9065e708a7497adc53a95b108029b98,3.13.14,2026-07-17T23:51:42.857204+00:00
