campaign,trial_id,scenario,parameter_hash,seed,intent_id,routing_strategy,purification_policy,reconciliation_enabled,route,hop_count,reserved_memory_slots,min_delivered_pairs,requested_fidelity,fidelity_estimator,estimated_fidelity,observed_fidelity,absolute_fidelity_error,relative_fidelity_error,duration_s,attenuation_db_per_m,distance_m,coherence_time_s,accepted,satisfied,recovered,final_status,delivered_pairs,excess_delivery_pairs,delivery_ratio,deliveries_per_reserved_slot,average_fidelity,minimum_fidelity,throughput_active_window,throughput_delivery_interval,first_pair_latency_s,completion_time_s,planning_time_s,simulation_wall_time_s,eg_attempts,eg_success,ep_attempts,ep_success,es_attempts,es_success,violations,error_type,error_message,project_git_commit,sequence_git_commit,python_version,timestamp
P01_l1_l2_purification_three_node,P01_l1_l2_purification_three_node:three_node:f2d6ab906f0361f5:shortest_hop_count__automatic__conservative_min:0:intent-three-node,three_node,f2d6ab906f0361f5,0,intent-three-node,shortest_hop_count,automatic,False,a -> r -> b,2,10,10,0.65,conservative_min,0.6863749999999998,0.6863749999999998,0.0,0.0,0.05,1e-05,1000.0,-1.0,True,True,,SATISFIED,237,227,23.7,23.7,0.6863749999999998,0.6863749999999998,4740.0,4862.1381252405745,0.0010050750099999985,0.003720137509999999,0.00207,7.391424,675,241,0,0,0,0,,,,cd46233073dd699a2079f554f754feb3dd5c4e4b,1f2680a5b9065e708a7497adc53a95b108029b98,3.13.14,2026-07-17T23:43:06.651532+00:00
P01_l1_l2_purification_three_node,P01_l1_l2_purification_three_node:three_node:f2d6ab906f0361f5:shortest_hop_count__automatic__conservative_min:1:intent-three-node,three_node,f2d6ab906f0361f5,1,intent-three-node,shortest_hop_count,automatic,False,a -> r -> b,2,10,10,0.65,conservative_min,0.6863749999999998,0.6863749999999998,0.0,0.0,0.05,1e-05,1000.0,-1.0,True,True,,SATISFIED,256,246,25.6,25.6,0.6863749999999998,0.6863749999999998,5120.0,5225.398908687685,0.001005062509999998,0.003167625010000001,0.000739,7.671394,717,258,0,0,0,0,,,,cd46233073dd699a2079f554f754feb3dd5c4e4b,1f2680a5b9065e708a7497adc53a95b108029b98,3.13.14,2026-07-17T23:43:14.361646+00:00
P01_l1_l2_purification_three_node,P01_l1_l2_purification_three_node:three_node:f2d6ab906f0361f5:shortest_hop_count__automatic__conservative_min:2:intent-three-node,three_node,f2d6ab906f0361f5,2,intent-three-node,shortest_hop_count,automatic,False,a -> r -> b,2,10,10,0.65,conservative_min,0.6863749999999998,0.6863749999999998,0.0,0.0,0.05,1e-05,1000.0,-1.0,True,True,,SATISFIED,246,236,24.6,24.6,0.6863749999999998,0.6863749999999998,4920.0,5052.740546907815,0.0010050750099999985,0.004677637509999999,0.000928,6.24161,664,247,0,0,0,0,,,,cd46233073dd699a2079f554f754feb3dd5c4e4b,1f2680a5b9065e708a7497adc53a95b108029b98,3.13.14,2026-07-17T23:43:20.631861+00:00
P01_l1_l2_purification_three_node,P01_l1_l2_purification_three_node:three_node:f2d6ab906f0361f5:shortest_hop_count__automatic__conservative_min:3:intent-three-node,three_node,f2d6ab906f0361f5,3,intent-three-node,shortest_hop_count,automatic,False,a -> r -> b,2,10,10,0.65,conservative_min,0.6863749999999998,0.6863749999999998,0.0,0.0,0.05,1e-05,1000.0,-1.0,True,True,,SATISFIED,241,231,24.1,24.1,0.6863749999999998,0.6863749999999998,4820.0,4968.921048277398,0.001005062509999998,0.003172612509999999,0.00056,6.256857,747,246,0,0,0,0,,,,cd46233073dd699a2079f554f754feb3dd5c4e4b,1f2680a5b9065e708a7497adc53a95b108029b98,3.13.14,2026-07-17T23:43:26.915077+00:00
P01_l1_l2_purification_three_node,P01_l1_l2_purification_three_node:three_node:f2d6ab906f0361f5:shortest_hop_count__automatic__conservative_min:4:intent-three-node,three_node,f2d6ab906f0361f5,4,intent-three-node,shortest_hop_count,automatic,False,a -> r -> b,2,10,10,0.65,conservative_min,0.6863749999999998,0.6863749999999998,0.0,0.0,0.05,1e-05,1000.0,-1.0,True,True,,SATISFIED,236,226,23.6,23.6,0.6863749999999998,0.6863749999999998,4720.0,4866.832331439531,0.0010050125100000001,0.0037726750100000005,0.000622,6.184372,660,240,0,0,0,0,,,,cd46233073dd699a2079f554f754feb3dd5c4e4b,1f2680a5b9065e708a7497adc53a95b108029b98,3.13.14,2026-07-17T23:43:33.128724+00:00
P01_l1_l2_purification_three_node,P01_l1_l2_purification_three_node:three_node:f2d6ab906f0361f5:shortest_hop_count__automatic__conservative_min:5:intent-three-node,three_node,f2d6ab906f0361f5,5,intent-three-node,shortest_hop_count,automatic,False,a -> r -> b,2,10,10,0.65,conservative_min,0.6863749999999998,0.6863749999999998,0.0,0.0,0.05,1e-05,1000.0,-1.0,True,True,,SATISFIED,233,223,23.3,23.3,0.6863749999999998,0.6863749999999998,4660.0,4788.911511757112,0.0010050125100000001,0.003520175010000001,0.00089,6.357051,754,233,0,0,0,0,,,,cd46233073dd699a2079f554f754feb3dd5c4e4b,1f2680a5b9065e708a7497adc53a95b108029b98,3.13.14,2026-07-17T23:43:39.513621+00:00
P01_l1_l2_purification_three_node,P01_l1_l2_purification_three_node:three_node:f2d6ab906f0361f5:shortest_hop_count__automatic__conservative_min:6:intent-three-node,three_node,f2d6ab906f0361f5,6,intent-three-node,shortest_hop_count,automatic,False,a -> r -> b,2,10,10,0.65,conservative_min,0.6863749999999998,0.6863749999999998,0.0,0.0,0.05,1e-05,1000.0,-1.0,True,True,,SATISFIED,241,231,24.1,24.1,0.6863749999999998,0.6863749999999998,4820.0,4924.496586440114,0.0010050125100000001,0.00276762501,0.000723,6.013966,670,244,0,0,0,0,,,,cd46233073dd699a2079f554f754feb3dd5c4e4b,1f2680a5b9065e708a7497adc53a95b108029b98,3.13.14,2026-07-17T23:43:45.558510+00:00
P01_l1_l2_purification_three_node,P01_l1_l2_purification_three_node:three_node:f2d6ab906f0361f5:shortest_hop_count__automatic__conservative_min:7:intent-three-node,three_node,f2d6ab906f0361f5,7,intent-three-node,shortest_hop_count,automatic,False,a -> r -> b,2,10,10,0.65,conservative_min,0.6863749999999998,0.6863749999999998,0.0,0.0,0.05,1e-05,1000.0,-1.0,True,True,,SATISFIED,241,231,24.1,24.1,0.6863749999999998,0.6863749999999998,4820.0,4923.990996860444,0.0010050250100000005,0.00286763751,0.000865,6.284855,629,244,0,0,0,0,,,,cd46233073dd699a2079f554f754feb3dd5c4e4b,1f2680a5b9065e708a7497adc53a95b108029b98,3.13.14,2026-07-17T23:43:51.876272+00:00
P01_l1_l2_purification_three_node,P01_l1_l2_purification_three_node:three_node:f2d6ab906f0361f5:shortest_hop_count__automatic__conservative_min:8:intent-three-node,three_node,f2d6ab906f0361f5,8,intent-three-node,shortest_hop_count,automatic,False,a -> r -> b,2,10,10,0.65,conservative_min,0.6863749999999998,0.6863749999999998,0.0,0.0,0.05,1e-05,1000.0,-1.0,True,True,,SATISFIED,240,230,24.0,24.0,0.6863749999999998,0.6863749999999998,4800.0,4918.375460585369,0.0010050125100000001,0.0035200875099999987,0.000555,6.577823,638,246,0,0,0,0,,,,cd46233073dd699a2079f554f754feb3dd5c4e4b,1f2680a5b9065e708a7497adc53a95b108029b98,3.13.14,2026-07-17T23:43:58.475860+00:00
P01_l1_l2_purification_three_node,P01_l1_l2_purification_three_node:three_node:f2d6ab906f0361f5:shortest_hop_count__automatic__conservative_min:9:intent-three-node,three_node,f2d6ab906f0361f5,9,intent-three-node,shortest_hop_count,automatic,False,a -> r -> b,2,10,10,0.65,conservative_min,0.6863749999999998,0.6863749999999998,0.0,0.0,0.05,1e-05,1000.0,-1.0,True,True,,SATISFIED,243,233,24.3,24.3,0.6863749999999998,0.6863749999999998,4860.0,5010.146577714229,0.0014575250099999985,0.0035200875099999987,0.000584,6.858646,725,245,0,0,0,0,,,,cd46233073dd699a2079f554f754feb3dd5c4e4b,1f2680a5b9065e708a7497adc53a95b108029b98,3.13.14,2026-07-17T23:44:05.352626+00:00
P01_l1_l2_purification_three_node,P01_l1_l2_purification_three_node:three_node:f2d6ab906f0361f5:shortest_hop_count__automatic__conservative_min:10:intent-three-node,three_node,f2d6ab906f0361f5,10,intent-three-node,shortest_hop_count,automatic,False,a -> r -> b,2,10,10,0.65,conservative_min,0.6863749999999998,0.6863749999999998,0.0,0.0,0.05,1e-05,1000.0,-1.0,True,True,,SATISFIED,227,217,22.7,22.7,0.6863749999999998,0.6863749999999998,4540.0,4661.040223031801,0.0012575250099999997,0.0037726500099999997,0.001024,7.077099,692,228,0,0,0,0,,,,cd46233073dd699a2079f554f754feb3dd5c4e4b,1f2680a5b9065e708a7497adc53a95b108029b98,3.13.14,2026-07-17T23:44:12.456748+00:00
P01_l1_l2_purification_three_node,P01_l1_l2_purification_three_node:three_node:f2d6ab906f0361f5:shortest_hop_count__automatic__conservative_min:11:intent-three-node,three_node,f2d6ab906f0361f5,11,intent-three-node,shortest_hop_count,automatic,False,a -> r -> b,2,10,10,0.65,conservative_min,0.6863749999999998,0.6863749999999998,0.0,0.0,0.05,1e-05,1000.0,-1.0,True,True,,SATISFIED,242,232,24.2,24.2,0.6863749999999998,0.6863749999999998,4840.0,4944.43638533096,0.0010050875099999988,0.0035726625100000013,0.000586,7.806251,650,243,0,0,0,0,,,,cd46233073dd699a2079f554f754feb3dd5c4e4b,1f2680a5b9065e708a7497adc53a95b108029b98,3.13.14,2026-07-17T23:44:20.285591+00:00
P01_l1_l2_purification_three_node,P01_l1_l2_purification_three_node:three_node:f2d6ab906f0361f5:shortest_hop_count__automatic__conservative_min:12:intent-three-node,three_node,f2d6ab906f0361f5,12,intent-three-node,shortest_hop_count,automatic,False,a -> r -> b,2,10,10,0.65,conservative_min,0.6863749999999998,0.6863749999999998,0.0,0.0,0.05,1e-05,1000.0,-1.0,True,True,,SATISFIED,242,232,24.2,24.2,0.6863749999999998,0.6863749999999998,4840.0,4953.521080993397,0.0010050125100000001,0.003067612509999998,0.000986,6.605649,656,245,0,0,0,0,,,,cd46233073dd699a2079f554f754feb3dd5c4e4b,1f2680a5b9065e708a7497adc53a95b108029b98,3.13.14,2026-07-17T23:44:26.923477+00:00
P01_l1_l2_purification_three_node,P01_l1_l2_purification_three_node:three_node:f2d6ab906f0361f5:shortest_hop_count__automatic__conservative_min:13:intent-three-node,three_node,f2d6ab906f0361f5,13,intent-three-node,shortest_hop_count,automatic,False,a -> r -> b,2,10,10,0.65,conservative_min,0.6863749999999998,0.6863749999999998,0.0,0.0,0.05,1e-05,1000.0,-1.0,True,True,,SATISFIED,227,217,22.7,22.7,0.6863749999999998,0.6863749999999998,4540.0,4671.10747688432,0.0010050125100000001,0.003520100009999999,0.000639,6.3753,669,229,0,0,0,0,,,,cd46233073dd699a2079f554f754feb3dd5c4e4b,1f2680a5b9065e708a7497adc53a95b108029b98,3.13.14,2026-07-17T23:44:33.324379+00:00
P01_l1_l2_purification_three_node,P01_l1_l2_purification_three_node:three_node:f2d6ab906f0361f5:shortest_hop_count__automatic__conservative_min:14:intent-three-node,three_node,f2d6ab906f0361f5,14,intent-three-node,shortest_hop_count,automatic,False,a -> r -> b,2,10,10,0.65,conservative_min,0.6863749999999998,0.6863749999999998,0.0,0.0,0.05,1e-05,1000.0,-1.0,True,True,,SATISFIED,252,242,25.2,25.2,0.6863749999999998,0.6863749999999998,5040.0,5179.966582021148,0.00100512501,0.0035201250099999998,0.000604,6.709443,674,256,0,0,0,0,,,,cd46233073dd699a2079f554f754feb3dd5c4e4b,1f2680a5b9065e708a7497adc53a95b108029b98,3.13.14,2026-07-17T23:44:40.055639+00:00
P01_l1_l2_purification_three_node,P01_l1_l2_purification_three_node:three_node:f2d6ab906f0361f5:shortest_hop_count__automatic__conservative_min:15:intent-three-node,three_node,f2d6ab906f0361f5,15,intent-three-node,shortest_hop_count,automatic,False,a -> r -> b,2,10,10,0.65,conservative_min,0.6863749999999998,0.6863749999999998,0.0,0.0,0.05,1e-05,1000.0,-1.0,True,True,,SATISFIED,251,241,25.1,25.1,0.6863749999999998,0.6863749999999998,5020.0,5127.253163487115,0.0010050125100000001,0.003972600010000001,0.000823,6.05636,679,252,0,0,0,0,,,,cd46233073dd699a2079f554f754feb3dd5c4e4b,1f2680a5b9065e708a7497adc53a95b108029b98,3.13.14,2026-07-17T23:44:46.142036+00:00
P01_l1_l2_purification_three_node,P01_l1_l2_purification_three_node:three_node:f2d6ab906f0361f5:shortest_hop_count__automatic__conservative_min:16:intent-three-node,three_node,f2d6ab906f0361f5,16,intent-three-node,shortest_hop_count,automatic,False,a -> r -> b,2,10,10,0.65,conservative_min,0.6863749999999998,0.6863749999999998,0.0,0.0,0.05,1e-05,1000.0,-1.0,True,True,,SATISFIED,245,235,24.5,24.5,0.6863749999999998,0.6863749999999998,4900.0,5009.553935004616,0.0010050250100000005,0.003972625010000001,0.000907,6.279669,635,248,0,0,0,0,,,,cd46233073dd699a2079f554f754feb3dd5c4e4b,1f2680a5b9065e708a7497adc53a95b108029b98,3.13.14,2026-07-17T23:44:52.452483+00:00
P01_l1_l2_purification_three_node,P01_l1_l2_purification_three_node:three_node:f2d6ab906f0361f5:shortest_hop_count__automatic__conservative_min:17:intent-three-node,three_node,f2d6ab906f0361f5,17,intent-three-node,shortest_hop_count,automatic,False,a -> r -> b,2,10,10,0.65,conservative_min,0.6863749999999998,0.6863749999999998,0.0,0.0,0.05,1e-05,1000.0,-1.0,True,True,,SATISFIED,229,219,22.9,22.9,0.6863749999999998,0.6863749999999998,4580.0,4692.470301299112,0.0010050250100000005,0.0031726750100000006,0.000609,6.620513,702,229,0,0,0,0,,,,cd46233073dd699a2079f554f754feb3dd5c4e4b,1f2680a5b9065e708a7497adc53a95b108029b98,3.13.14,2026-07-17T23:44:59.095677+00:00
P01_l1_l2_purification_three_node,P01_l1_l2_purification_three_node:three_node:f2d6ab906f0361f5:shortest_hop_count__automatic__conservative_min:18:intent-three-node,three_node,f2d6ab906f0361f5,18,intent-three-node,shortest_hop_count,automatic,False,a -> r -> b,2,10,10,0.65,conservative_min,0.6863749999999998,0.6863749999999998,0.0,0.0,0.05,1e-05,1000.0,-1.0,True,True,,SATISFIED,243,233,24.3,24.3,0.6863749999999998,0.6863749999999998,4860.0,4979.869186214062,0.0010051000099999992,0.0037726500099999997,0.001031,7.281828,689,249,0,0,0,0,,,,cd46233073dd699a2079f554f754feb3dd5c4e4b,1f2680a5b9065e708a7497adc53a95b108029b98,3.13.14,2026-07-17T23:45:06.405389+00:00
P01_l1_l2_purification_three_node,P01_l1_l2_purification_three_node:three_node:f2d6ab906f0361f5:shortest_hop_count__automatic__conservative_min:19:intent-three-node,three_node,f2d6ab906f0361f5,19,intent-three-node,shortest_hop_count,automatic,False,a -> r -> b,2,10,10,0.65,conservative_min,0.6863749999999998,0.6863749999999998,0.0,0.0,0.05,1e-05,1000.0,-1.0,True,True,,SATISFIED,253,243,25.3,25.3,0.6863749999999998,0.6863749999999998,5060.0,5189.315138596248,0.00100512501,0.0029201875099999983,0.000971,7.781236,715,257,0,0,0,0,,,,cd46233073dd699a2079f554f754feb3dd5c4e4b,1f2680a5b9065e708a7497adc53a95b108029b98,3.13.14,2026-07-17T23:45:14.215998+00:00
P01_l1_l2_purification_three_node,P01_l1_l2_purification_three_node:three_node:1bf1bc7232287639:shortest_hop_count__iterative_analytical__conservative_min:0:intent-three-node,three_node,1bf1bc7232287639,0,intent-three-node,shortest_hop_count,iterative_analytical,False,a -> r -> b,2,10,10,0.65,conservative_min,0.6863749999999998,0.6863749999999998,0.0,0.0,0.05,1e-05,1000.0,-1.0,True,True,,SATISFIED,237,227,23.7,23.7,0.6863749999999998,0.6863749999999998,4740.0,4862.1381252405745,0.0010050750099999985,0.003720137509999999,0.000907,7.156203,675,241,0,0,0,0,,,,cd46233073dd699a2079f554f754feb3dd5c4e4b,1f2680a5b9065e708a7497adc53a95b108029b98,3.13.14,2026-07-17T23:45:21.402409+00:00
P01_l1_l2_purification_three_node,P01_l1_l2_purification_three_node:three_node:1bf1bc7232287639:shortest_hop_count__iterative_analytical__conservative_min:1:intent-three-node,three_node,1bf1bc7232287639,1,intent-three-node,shortest_hop_count,iterative_analytical,False,a -> r -> b,2,10,10,0.65,conservative_min,0.6863749999999998,0.6863749999999998,0.0,0.0,0.05,1e-05,1000.0,-1.0,True,True,,SATISFIED,256,246,25.6,25.6,0.6863749999999998,0.6863749999999998,5120.0,5225.398908687685,0.001005062509999998,0.003167625010000001,0.000654,6.912404,717,258,0,0,0,0,,,,cd46233073dd699a2079f554f754feb3dd5c4e4b,1f2680a5b9065e708a7497adc53a95b108029b98,3.13.14,2026-07-17T23:45:28.344037+00:00
P01_l1_l2_purification_three_node,P01_l1_l2_purification_three_node:three_node:1bf1bc7232287639:shortest_hop_count__iterative_analytical__conservative_min:2:intent-three-node,three_node,1bf1bc7232287639,2,intent-three-node,shortest_hop_count,iterative_analytical,False,a -> r -> b,2,10,10,0.65,conservative_min,0.6863749999999998,0.6863749999999998,0.0,0.0,0.05,1e-05,1000.0,-1.0,True,True,,SATISFIED,246,236,24.6,24.6,0.6863749999999998,0.6863749999999998,4920.0,5052.740546907815,0.0010050750099999985,0.004677637509999999,0.000783,7.143336,664,247,0,0,0,0,,,,cd46233073dd699a2079f554f754feb3dd5c4e4b,1f2680a5b9065e708a7497adc53a95b108029b98,3.13.14,2026-07-17T23:45:35.512678+00:00
P01_l1_l2_purification_three_node,P01_l1_l2_purification_three_node:three_node:1bf1bc7232287639:shortest_hop_count__iterative_analytical__conservative_min:3:intent-three-node,three_node,1bf1bc7232287639,3,intent-three-node,shortest_hop_count,iterative_analytical,False,a -> r -> b,2,10,10,0.65,conservative_min,0.6863749999999998,0.6863749999999998,0.0,0.0,0.05,1e-05,1000.0,-1.0,True,True,,SATISFIED,241,231,24.1,24.1,0.6863749999999998,0.6863749999999998,4820.0,4968.921048277398,0.001005062509999998,0.003172612509999999,0.001222,7.42904,747,246,0,0,0,0,,,,cd46233073dd699a2079f554f754feb3dd5c4e4b,1f2680a5b9065e708a7497adc53a95b108029b98,3.13.14,2026-07-17T23:45:42.974595+00:00
P01_l1_l2_purification_three_node,P01_l1_l2_purification_three_node:three_node:1bf1bc7232287639:shortest_hop_count__iterative_analytical__conservative_min:4:intent-three-node,three_node,1bf1bc7232287639,4,intent-three-node,shortest_hop_count,iterative_analytical,False,a -> r -> b,2,10,10,0.65,conservative_min,0.6863749999999998,0.6863749999999998,0.0,0.0,0.05,1e-05,1000.0,-1.0,True,True,,SATISFIED,236,226,23.6,23.6,0.6863749999999998,0.6863749999999998,4720.0,4866.832331439531,0.0010050125100000001,0.0037726750100000005,0.000946,6.864514,660,240,0,0,0,0,,,,cd46233073dd699a2079f554f754feb3dd5c4e4b,1f2680a5b9065e708a7497adc53a95b108029b98,3.13.14,2026-07-17T23:45:49.870736+00:00
P01_l1_l2_purification_three_node,P01_l1_l2_purification_three_node:three_node:1bf1bc7232287639:shortest_hop_count__iterative_analytical__conservative_min:5:intent-three-node,three_node,1bf1bc7232287639,5,intent-three-node,shortest_hop_count,iterative_analytical,False,a -> r -> b,2,10,10,0.65,conservative_min,0.6863749999999998,0.6863749999999998,0.0,0.0,0.05,1e-05,1000.0,-1.0,True,True,,SATISFIED,233,223,23.3,23.3,0.6863749999999998,0.6863749999999998,4660.0,4788.911511757112,0.0010050125100000001,0.003520175010000001,0.000927,6.527055,754,233,0,0,0,0,,,,cd46233073dd699a2079f554f754feb3dd5c4e4b,1f2680a5b9065e708a7497adc53a95b108029b98,3.13.14,2026-07-17T23:45:56.429880+00:00
P01_l1_l2_purification_three_node,P01_l1_l2_purification_three_node:three_node:1bf1bc7232287639:shortest_hop_count__iterative_analytical__conservative_min:6:intent-three-node,three_node,1bf1bc7232287639,6,intent-three-node,shortest_hop_count,iterative_analytical,False,a -> r -> b,2,10,10,0.65,conservative_min,0.6863749999999998,0.6863749999999998,0.0,0.0,0.05,1e-05,1000.0,-1.0,True,True,,SATISFIED,241,231,24.1,24.1,0.6863749999999998,0.6863749999999998,4820.0,4924.496586440114,0.0010050125100000001,0.00276762501,0.000842,7.250968,670,244,0,0,0,0,,,,cd46233073dd699a2079f554f754feb3dd5c4e4b,1f2680a5b9065e708a7497adc53a95b108029b98,3.13.14,2026-07-17T23:46:03.704074+00:00
P01_l1_l2_purification_three_node,P01_l1_l2_purification_three_node:three_node:1bf1bc7232287639:shortest_hop_count__iterative_analytical__conservative_min:7:intent-three-node,three_node,1bf1bc7232287639,7,intent-three-node,shortest_hop_count,iterative_analytical,False,a -> r -> b,2,10,10,0.65,conservative_min,0.6863749999999998,0.6863749999999998,0.0,0.0,0.05,1e-05,1000.0,-1.0,True,True,,SATISFIED,241,231,24.1,24.1,0.6863749999999998,0.6863749999999998,4820.0,4923.990996860444,0.0010050250100000005,0.00286763751,0.000955,6.984314,629,244,0,0,0,0,,,,cd46233073dd699a2079f554f754feb3dd5c4e4b,1f2680a5b9065e708a7497adc53a95b108029b98,3.13.14,2026-07-17T23:46:10.715934+00:00
P01_l1_l2_purification_three_node,P01_l1_l2_purification_three_node:three_node:1bf1bc7232287639:shortest_hop_count__iterative_analytical__conservative_min:8:intent-three-node,three_node,1bf1bc7232287639,8,intent-three-node,shortest_hop_count,iterative_analytical,False,a -> r -> b,2,10,10,0.65,conservative_min,0.6863749999999998,0.6863749999999998,0.0,0.0,0.05,1e-05,1000.0,-1.0,True,True,,SATISFIED,240,230,24.0,24.0,0.6863749999999998,0.6863749999999998,4800.0,4918.375460585369,0.0010050125100000001,0.0035200875099999987,0.000563,7.226483,638,246,0,0,0,0,,,,cd46233073dd699a2079f554f754feb3dd5c4e4b,1f2680a5b9065e708a7497adc53a95b108029b98,3.13.14,2026-07-17T23:46:17.961163+00:00
P01_l1_l2_purification_three_node,P01_l1_l2_purification_three_node:three_node:1bf1bc7232287639:shortest_hop_count__iterative_analytical__conservative_min:9:intent-three-node,three_node,1bf1bc7232287639,9,intent-three-node,shortest_hop_count,iterative_analytical,False,a -> r -> b,2,10,10,0.65,conservative_min,0.6863749999999998,0.6863749999999998,0.0,0.0,0.05,1e-05,1000.0,-1.0,True,True,,SATISFIED,243,233,24.3,24.3,0.6863749999999998,0.6863749999999998,4860.0,5010.146577714229,0.0014575250099999985,0.0035200875099999987,0.000851,7.185621,725,245,0,0,0,0,,,,cd46233073dd699a2079f554f754feb3dd5c4e4b,1f2680a5b9065e708a7497adc53a95b108029b98,3.13.14,2026-07-17T23:46:25.178030+00:00
P01_l1_l2_purification_three_node,P01_l1_l2_purification_three_node:three_node:1bf1bc7232287639:shortest_hop_count__iterative_analytical__conservative_min:10:intent-three-node,three_node,1bf1bc7232287639,10,intent-three-node,shortest_hop_count,iterative_analytical,False,a -> r -> b,2,10,10,0.65,conservative_min,0.6863749999999998,0.6863749999999998,0.0,0.0,0.05,1e-05,1000.0,-1.0,True,True,,SATISFIED,227,217,22.7,22.7,0.6863749999999998,0.6863749999999998,4540.0,4661.040223031801,0.0012575250099999997,0.0037726500099999997,0.0008,7.186299,692,228,0,0,0,0,,,,cd46233073dd699a2079f554f754feb3dd5c4e4b,1f2680a5b9065e708a7497adc53a95b108029b98,3.13.14,2026-07-17T23:46:32.391296+00:00
P01_l1_l2_purification_three_node,P01_l1_l2_purification_three_node:three_node:1bf1bc7232287639:shortest_hop_count__iterative_analytical__conservative_min:11:intent-three-node,three_node,1bf1bc7232287639,11,intent-three-node,shortest_hop_count,iterative_analytical,False,a -> r -> b,2,10,10,0.65,conservative_min,0.6863749999999998,0.6863749999999998,0.0,0.0,0.05,1e-05,1000.0,-1.0,True,True,,SATISFIED,242,232,24.2,24.2,0.6863749999999998,0.6863749999999998,4840.0,4944.43638533096,0.0010050875099999988,0.0035726625100000013,0.00062,6.797555,650,243,0,0,0,0,,,,cd46233073dd699a2079f554f754feb3dd5c4e4b,1f2680a5b9065e708a7497adc53a95b108029b98,3.13.14,2026-07-17T23:46:39.222106+00:00
P01_l1_l2_purification_three_node,P01_l1_l2_purification_three_node:three_node:1bf1bc7232287639:shortest_hop_count__iterative_analytical__conservative_min:12:intent-three-node,three_node,1bf1bc7232287639,12,intent-three-node,shortest_hop_count,iterative_analytical,False,a -> r -> b,2,10,10,0.65,conservative_min,0.6863749999999998,0.6863749999999998,0.0,0.0,0.05,1e-05,1000.0,-1.0,True,True,,SATISFIED,242,232,24.2,24.2,0.6863749999999998,0.6863749999999998,4840.0,4953.521080993397,0.0010050125100000001,0.003067612509999998,0.000774,6.823018,656,245,0,0,0,0,,,,cd46233073dd699a2079f554f754feb3dd5c4e4b,1f2680a5b9065e708a7497adc53a95b108029b98,3.13.14,2026-07-17T23:46:46.075560+00:00
P01_l1_l2_purification_three_node,P01_l1_l2_purification_three_node:three_node:1bf1bc7232287639:shortest_hop_count__iterative_analytical__conservative_min:13:intent-three-node,three_node,1bf1bc7232287639,13,intent-three-node,shortest_hop_count,iterative_analytical,False,a -> r -> b,2,10,10,0.65,conservative_min,0.6863749999999998,0.6863749999999998,0.0,0.0,0.05,1e-05,1000.0,-1.0,True,True,,SATISFIED,227,217,22.7,22.7,0.6863749999999998,0.6863749999999998,4540.0,4671.10747688432,0.0010050125100000001,0.003520100009999999,0.000846,6.816278,669,229,0,0,0,0,,,,cd46233073dd699a2079f554f754feb3dd5c4e4b,1f2680a5b9065e708a7497adc53a95b108029b98,3.13.14,2026-07-17T23:46:52.918406+00:00
P01_l1_l2_purification_three_node,P01_l1_l2_purification_three_node:three_node:1bf1bc7232287639:shortest_hop_count__iterative_analytical__conservative_min:14:intent-three-node,three_node,1bf1bc7232287639,14,intent-three-node,shortest_hop_count,iterative_analytical,False,a -> r -> b,2,10,10,0.65,conservative_min,0.6863749999999998,0.6863749999999998,0.0,0.0,0.05,1e-05,1000.0,-1.0,True,True,,SATISFIED,252,242,25.2,25.2,0.6863749999999998,0.6863749999999998,5040.0,5179.966582021148,0.00100512501,0.0035201250099999998,0.000566,7.681445,674,256,0,0,0,0,,,,cd46233073dd699a2079f554f754feb3dd5c4e4b,1f2680a5b9065e708a7497adc53a95b108029b98,3.13.14,2026-07-17T23:47:00.622597+00:00
P01_l1_l2_purification_three_node,P01_l1_l2_purification_three_node:three_node:1bf1bc7232287639:shortest_hop_count__iterative_analytical__conservative_min:15:intent-three-node,three_node,1bf1bc7232287639,15,intent-three-node,shortest_hop_count,iterative_analytical,False,a -> r -> b,2,10,10,0.65,conservative_min,0.6863749999999998,0.6863749999999998,0.0,0.0,0.05,1e-05,1000.0,-1.0,True,True,,SATISFIED,251,241,25.1,25.1,0.6863749999999998,0.6863749999999998,5020.0,5127.253163487115,0.0010050125100000001,0.003972600010000001,0.000835,6.913131,679,252,0,0,0,0,,,,cd46233073dd699a2079f554f754feb3dd5c4e4b,1f2680a5b9065e708a7497adc53a95b108029b98,3.13.14,2026-07-17T23:47:07.563268+00:00
P01_l1_l2_purification_three_node,P01_l1_l2_purification_three_node:three_node:1bf1bc7232287639:shortest_hop_count__iterative_analytical__conservative_min:16:intent-three-node,three_node,1bf1bc7232287639,16,intent-three-node,shortest_hop_count,iterative_analytical,False,a -> r -> b,2,10,10,0.65,conservative_min,0.6863749999999998,0.6863749999999998,0.0,0.0,0.05,1e-05,1000.0,-1.0,True,True,,SATISFIED,245,235,24.5,24.5,0.6863749999999998,0.6863749999999998,4900.0,5009.553935004616,0.0010050250100000005,0.003972625010000001,0.00059,7.800867,635,248,0,0,0,0,,,,cd46233073dd699a2079f554f754feb3dd5c4e4b,1f2680a5b9065e708a7497adc53a95b108029b98,3.13.14,2026-07-17T23:47:15.387803+00:00
P01_l1_l2_purification_three_node,P01_l1_l2_purification_three_node:three_node:1bf1bc7232287639:shortest_hop_count__iterative_analytical__conservative_min:17:intent-three-node,three_node,1bf1bc7232287639,17,intent-three-node,shortest_hop_count,iterative_analytical,False,a -> r -> b,2,10,10,0.65,conservative_min,0.6863749999999998,0.6863749999999998,0.0,0.0,0.05,1e-05,1000.0,-1.0,True,True,,SATISFIED,229,219,22.9,22.9,0.6863749999999998,0.6863749999999998,4580.0,4692.470301299112,0.0010050250100000005,0.0031726750100000006,0.000998,7.210371,702,229,0,0,0,0,,,,cd46233073dd699a2079f554f754feb3dd5c4e4b,1f2680a5b9065e708a7497adc53a95b108029b98,3.13.14,2026-07-17T23:47:22.624056+00:00
P01_l1_l2_purification_three_node,P01_l1_l2_purification_three_node:three_node:1bf1bc7232287639:shortest_hop_count__iterative_analytical__conservative_min:18:intent-three-node,three_node,1bf1bc7232287639,18,intent-three-node,shortest_hop_count,iterative_analytical,False,a -> r -> b,2,10,10,0.65,conservative_min,0.6863749999999998,0.6863749999999998,0.0,0.0,0.05,1e-05,1000.0,-1.0,True,True,,SATISFIED,243,233,24.3,24.3,0.6863749999999998,0.6863749999999998,4860.0,4979.869186214062,0.0010051000099999992,0.0037726500099999997,0.001021,7.228237,689,249,0,0,0,0,,,,cd46233073dd699a2079f554f754feb3dd5c4e4b,1f2680a5b9065e708a7497adc53a95b108029b98,3.13.14,2026-07-17T23:47:29.886307+00:00
P01_l1_l2_purification_three_node,P01_l1_l2_purification_three_node:three_node:1bf1bc7232287639:shortest_hop_count__iterative_analytical__conservative_min:19:intent-three-node,three_node,1bf1bc7232287639,19,intent-three-node,shortest_hop_count,iterative_analytical,False,a -> r -> b,2,10,10,0.65,conservative_min,0.6863749999999998,0.6863749999999998,0.0,0.0,0.05,1e-05,1000.0,-1.0,True,True,,SATISFIED,253,243,25.3,25.3,0.6863749999999998,0.6863749999999998,5060.0,5189.315138596248,0.00100512501,0.0029201875099999983,0.000806,6.57439,715,257,0,0,0,0,,,,cd46233073dd699a2079f554f754feb3dd5c4e4b,1f2680a5b9065e708a7497adc53a95b108029b98,3.13.14,2026-07-17T23:47:36.486969+00:00
P01_l1_l2_purification_three_node,P01_l1_l2_purification_three_node:three_node:0f5413b6b0f6d3cc:shortest_hop_count__automatic__conservative_min:0:intent-three-node,three_node,0f5413b6b0f6d3cc,0,intent-three-node,shortest_hop_count,automatic,False,a -> r -> b,2,10,10,0.7,conservative_min,0.7202522030749277,0.7202522030749277,0.0,0.0,0.05,1e-05,1000.0,-1.0,True,True,,SATISFIED,54,44,5.4,5.4,0.7202522030749277,0.7202522030749277,1080.0,1141.5561312662712,0.00221008751,0.007840275009999998,0.000577,7.246585,610,190,94,54,0,0,,,,cd46233073dd699a2079f554f754feb3dd5c4e4b,1f2680a5b9065e708a7497adc53a95b108029b98,3.13.14,2026-07-17T23:47:43.764260+00:00
P01_l1_l2_purification_three_node,P01_l1_l2_purification_three_node:three_node:0f5413b6b0f6d3cc:shortest_hop_count__automatic__conservative_min:1:intent-three-node,three_node,0f5413b6b0f6d3cc,1,intent-three-node,shortest_hop_count,automatic,False,a -> r -> b,2,10,10,0.7,conservative_min,0.7202522030749277,0.7202522030749277,0.0,0.0,0.05,1e-05,1000.0,-1.0,True,True,,SATISFIED,70,60,7.0,7.0,0.7202522030749277,0.7202522030749277,1400.0,1492.0927079830692,0.00221008751,0.009002787509999999,0.000734,6.727284,640,206,102,70,0,0,,,,cd46233073dd699a2079f554f754feb3dd5c4e4b,1f2680a5b9065e708a7497adc53a95b108029b98,3.13.14,2026-07-17T23:47:50.511435+00:00
P01_l1_l2_purification_three_node,P01_l1_l2_purification_three_node:three_node:0f5413b6b0f6d3cc:shortest_hop_count__automatic__conservative_min:2:intent-three-node,three_node,0f5413b6b0f6d3cc,2,intent-three-node,shortest_hop_count,automatic,False,a -> r -> b,2,10,10,0.7,conservative_min,0.7202522030749277,0.7202522030749277,0.0,0.0,0.05,1e-05,1000.0,-1.0,True,True,,SATISFIED,66,56,6.6,6.6,0.7202522030749277,0.7202522030749277,1320.0,1402.5740953596314,0.0024101375100000003,0.009597800010000001,0.0008,6.344617,618,199,98,66,0,0,,,,cd46233073dd699a2079f554f754feb3dd5c4e4b,1f2680a5b9065e708a7497adc53a95b108029b98,3.13.14,2026-07-17T23:47:56.878158+00:00
P01_l1_l2_purification_three_node,P01_l1_l2_purification_three_node:three_node:0f5413b6b0f6d3cc:shortest_hop_count__automatic__conservative_min:3:intent-three-node,three_node,0f5413b6b0f6d3cc,3,intent-three-node,shortest_hop_count,automatic,False,a -> r -> b,2,10,10,0.7,conservative_min,0.7202522030749277,0.7202522030749277,0.0,0.0,0.05,1e-05,1000.0,-1.0,True,True,,SATISFIED,69,59,6.9,6.9,0.7202522030749277,0.7202522030749277,1380.0,1453.3532835910885,0.002010125009999999,0.010550375009999998,0.00059,6.449299,660,204,101,69,0,0,,,,cd46233073dd699a2079f554f754feb3dd5c4e4b,1f2680a5b9065e708a7497adc53a95b108029b98,3.13.14,2026-07-17T23:48:03.344132+00:00
P01_l1_l2_purification_three_node,P01_l1_l2_purification_three_node:three_node:0f5413b6b0f6d3cc:shortest_hop_count__automatic__conservative_min:4:intent-three-node,three_node,0f5413b6b0f6d3cc,4,intent-three-node,shortest_hop_count,automatic,False,a -> r -> b,2,10,10,0.7,conservative_min,0.7202522030749277,0.7202522030749277,0.0,0.0,0.05,1e-05,1000.0,-1.0,True,True,,SATISFIED,68,58,6.8,6.8,0.7202522030749277,0.7202522030749277,1360.0,1428.6096949025423,0.00181012501,0.008292750009999999,0.000938,6.517317,643,210,103,68,0,0,,,,cd46233073dd699a2079f554f754feb3dd5c4e4b,1f2680a5b9065e708a7497adc53a95b108029b98,3.13.14,2026-07-17T23:48:09.890530+00:00
P01_l1_l2_purification_three_node,P01_l1_l2_purification_three_node:three_node:0f5413b6b0f6d3cc:shortest_hop_count__automatic__conservative_min:5:intent-three-node,three_node,0f5413b6b0f6d3cc,5,intent-three-node,shortest_hop_count,automatic,False,a -> r -> b,2,10,10,0.7,conservative_min,0.7202522030749277,0.7202522030749277,0.0,0.0,0.05,1e-05,1000.0,-1.0,True,True,,SATISFIED,79,69,7.9,7.9,0.7202522030749277,0.7202522030749277,1580.0,1640.492760417194,0.0013050750100000001,0.007487700010000001,0.000735,6.842067,653,204,100,79,0,0,,,,cd46233073dd699a2079f554f754feb3dd5c4e4b,1f2680a5b9065e708a7497adc53a95b108029b98,3.13.14,2026-07-17T23:48:16.756020+00:00
P01_l1_l2_purification_three_node,P01_l1_l2_purification_three_node:three_node:0f5413b6b0f6d3cc:shortest_hop_count__automatic__conservative_min:6:intent-three-node,three_node,0f5413b6b0f6d3cc,6,intent-three-node,shortest_hop_count,automatic,False,a -> r -> b,2,10,10,0.7,conservative_min,0.7202522030749277,0.7202522030749277,0.0,0.0,0.05,1e-05,1000.0,-1.0,True,True,,SATISFIED,77,67,7.7,7.7,0.7202522030749277,0.7202522030749277,1540.0,1621.09315890792,0.0013050875100000005,0.0071877125099999994,0.000958,7.257159,573,205,100,77,0,0,,,,cd46233073dd699a2079f554f754feb3dd5c4e4b,1f2680a5b9065e708a7497adc53a95b108029b98,3.13.14,2026-07-17T23:48:24.047108+00:00
P01_l1_l2_purification_three_node,P01_l1_l2_purification_three_node:three_node:0f5413b6b0f6d3cc:shortest_hop_count__automatic__conservative_min:7:intent-three-node,three_node,0f5413b6b0f6d3cc,7,intent-three-node,shortest_hop_count,automatic,False,a -> r -> b,2,10,10,0.7,conservative_min,0.7202522030749277,0.7202522030749277,0.0,0.0,0.05,1e-05,1000.0,-1.0,True,True,,SATISFIED,72,62,7.2,7.2,0.7202522030749277,0.7202522030749277,1440.0,1530.4056531484375,0.002010075010000001,0.009397812509999999,0.000565,7.185406,551,193,95,72,0,0,,,,cd46233073dd699a2079f554f754feb3dd5c4e4b,1f2680a5b9065e708a7497adc53a95b108029b98,3.13.14,2026-07-17T23:48:31.258778+00:00
P01_l1_l2_purification_three_node,P01_l1_l2_purification_three_node:three_node:0f5413b6b0f6d3cc:shortest_hop_count__automatic__conservative_min:8:intent-three-node,three_node,0f5413b6b0f6d3cc,8,intent-three-node,shortest_hop_count,automatic,False,a -> r -> b,2,10,10,0.7,conservative_min,0.7202522030749277,0.7202522030749277,0.0,0.0,0.05,1e-05,1000.0,-1.0,True,True,,SATISFIED,69,59,6.9,6.9,0.7202522030749277,0.7202522030749277,1380.0,1464.1540863028652,0.0022100375099999986,0.008492787509999999,0.000755,6.982426,538,205,99,69,0,0,,,,cd46233073dd699a2079f554f754feb3dd5c4e4b,1f2680a5b9065e708a7497adc53a95b108029b98,3.13.14,2026-07-17T23:48:38.267065+00:00
P01_l1_l2_purification_three_node,P01_l1_l2_purification_three_node:three_node:0f5413b6b0f6d3cc:shortest_hop_count__automatic__conservative_min:9:intent-three-node,three_node,0f5413b6b0f6d3cc,9,intent-three-node,shortest_hop_count,automatic,False,a -> r -> b,2,10,10,0.7,conservative_min,0.7202522030749277,0.7202522030749277,0.0,0.0,0.05,1e-05,1000.0,-1.0,True,True,,SATISFIED,78,68,7.8,7.8,0.7202522030749277,0.7202522030749277,1560.0,1624.0188219617316,0.0017575625100000013,0.009445312509999998,0.00117,7.170333,654,205,100,78,0,0,,,,cd46233073dd699a2079f554f754feb3dd5c4e4b,1f2680a5b9065e708a7497adc53a95b108029b98,3.13.14,2026-07-17T23:48:45.467458+00:00
P01_l1_l2_purification_three_node,P01_l1_l2_purification_three_node:three_node:0f5413b6b0f6d3cc:shortest_hop_count__automatic__conservative_min:10:intent-three-node,three_node,0f5413b6b0f6d3cc,10,intent-three-node,shortest_hop_count,automatic,False,a -> r -> b,2,10,10,0.7,conservative_min,0.7202522030749277,0.7202522030749277,0.0,0.0,0.05,1e-05,1000.0,-1.0,True,True,,SATISFIED,65,55,6.5,6.5,0.7202522030749277,0.7202522030749277,1300.0,1360.7909545084967,0.0020101500099999996,0.006482687509999998,0.000722,7.148319,598,193,95,65,0,0,,,,cd46233073dd699a2079f554f754feb3dd5c4e4b,1f2680a5b9065e708a7497adc53a95b108029b98,3.13.14,2026-07-17T23:48:52.642921+00:00
P01_l1_l2_purification_three_node,P01_l1_l2_purification_three_node:three_node:0f5413b6b0f6d3cc:shortest_hop_count__automatic__conservative_min:11:intent-three-node,three_node,0f5413b6b0f6d3cc,11,intent-three-node,shortest_hop_count,automatic,False,a -> r -> b,2,10,10,0.7,conservative_min,0.7202522030749277,0.7202522030749277,0.0,0.0,0.05,1e-05,1000.0,-1.0,True,True,,SATISFIED,64,54,6.4,6.4,0.7202522030749277,0.7202522030749277,1280.0,1335.0295857679587,0.0018101500100000008,0.00734022501,0.00081,6.138478,709,196,96,64,0,0,,,,cd46233073dd699a2079f554f754feb3dd5c4e4b,1f2680a5b9065e708a7497adc53a95b108029b98,3.13.14,2026-07-17T23:48:58.806704+00:00
P01_l1_l2_purification_three_node,P01_l1_l2_purification_three_node:three_node:0f5413b6b0f6d3cc:shortest_hop_count__automatic__conservative_min:12:intent-three-node,three_node,0f5413b6b0f6d3cc,12,intent-three-node,shortest_hop_count,automatic,False,a -> r -> b,2,10,10,0.7,conservative_min,0.7202522030749277,0.7202522030749277,0.0,0.0,0.05,1e-05,1000.0,-1.0,True,True,,SATISFIED,71,61,7.1,7.1,0.7202522030749277,0.7202522030749277,1420.0,1483.6058936766526,0.0015575375099999983,0.00960777501,0.000594,6.440918,572,198,97,71,0,0,,,,cd46233073dd699a2079f554f754feb3dd5c4e4b,1f2680a5b9065e708a7497adc53a95b108029b98,3.13.14,2026-07-17T23:49:05.267076+00:00
P01_l1_l2_purification_three_node,P01_l1_l2_purification_three_node:three_node:0f5413b6b0f6d3cc:shortest_hop_count__automatic__conservative_min:13:intent-three-node,three_node,0f5413b6b0f6d3cc,13,intent-three-node,shortest_hop_count,automatic,False,a -> r -> b,2,10,10,0.7,conservative_min,0.7202522030749277,0.7202522030749277,0.0,0.0,0.05,1e-05,1000.0,-1.0,True,True,,SATISFIED,78,68,7.8,7.8,0.7202522030749277,0.7202522030749277,1560.0,1616.029772240804,0.0013050875100000005,0.00808770001,0.00086,6.558827,625,203,100,78,0,0,,,,cd46233073dd699a2079f554f754feb3dd5c4e4b,1f2680a5b9065e708a7497adc53a95b108029b98,3.13.14,2026-07-17T23:49:11.854397+00:00
P01_l1_l2_purification_three_node,P01_l1_l2_purification_three_node:three_node:0f5413b6b0f6d3cc:shortest_hop_count__automatic__conservative_min:14:intent-three-node,three_node,0f5413b6b0f6d3cc,14,intent-three-node,shortest_hop_count,automatic,False,a -> r -> b,2,10,10,0.7,conservative_min,0.7202522030749277,0.7202522030749277,0.0,0.0,0.05,1e-05,1000.0,-1.0,True,True,,SATISFIED,73,63,7.3,7.3,0.7202522030749277,0.7202522030749277,1460.0,1514.5573861644145,0.0017575250100000002,0.0073352375099999985,0.001006,6.940212,593,200,98,73,0,0,,,,cd46233073dd699a2079f554f754feb3dd5c4e4b,1f2680a5b9065e708a7497adc53a95b108029b98,3.13.14,2026-07-17T23:49:18.821901+00:00
P01_l1_l2_purification_three_node,P01_l1_l2_purification_three_node:three_node:0f5413b6b0f6d3cc:shortest_hop_count__automatic__conservative_min:15:intent-three-node,three_node,0f5413b6b0f6d3cc,15,intent-three-node,shortest_hop_count,automatic,False,a -> r -> b,2,10,10,0.7,conservative_min,0.7202522030749277,0.7202522030749277,0.0,0.0,0.05,1e-05,1000.0,-1.0,True,True,,SATISFIED,70,60,7.0,7.0,0.7202522030749277,0.7202522030749277,1400.0,1448.034939014457,0.001557525009999998,0.00784022501,0.000989,6.116179,650,206,102,70,0,0,,,,cd46233073dd699a2079f554f754feb3dd5c4e4b,1f2680a5b9065e708a7497adc53a95b108029b98,3.13.14,2026-07-17T23:49:24.964123+00:00
P01_l1_l2_purification_three_node,P01_l1_l2_purification_three_node:three_node:0f5413b6b0f6d3cc:shortest_hop_count__automatic__conservative_min:16:intent-three-node,three_node,0f5413b6b0f6d3cc,16,intent-three-node,shortest_hop_count,automatic,False,a -> r -> b,2,10,10,0.7,conservative_min,0.7202522030749277,0.7202522030749277,0.0,0.0,0.05,1e-05,1000.0,-1.0,True,True,,SATISFIED,69,59,6.9,6.9,0.7202522030749277,0.7202522030749277,1380.0,1444.6790012243132,0.0020100625100000005,0.009312850009999998,0.000914,6.511711,671,218,107,69,0,0,,,,cd46233073dd699a2079f554f754feb3dd5c4e4b,1f2680a5b9065e708a7497adc53a95b108029b98,3.13.14,2026-07-17T23:49:31.505008+00:00
P01_l1_l2_purification_three_node,P01_l1_l2_purification_three_node:three_node:0f5413b6b0f6d3cc:shortest_hop_count__automatic__conservative_min:17:intent-three-node,three_node,0f5413b6b0f6d3cc,17,intent-three-node,shortest_hop_count,automatic,False,a -> r -> b,2,10,10,0.7,conservative_min,0.7202522030749277,0.7202522030749277,0.0,0.0,0.05,1e-05,1000.0,-1.0,True,True,,SATISFIED,72,62,7.2,7.2,0.7202522030749277,0.7202522030749277,1440.0,1496.7593600730086,0.0018100625099999983,0.006240275010000001,0.000633,6.255389,657,208,102,72,0,0,,,,cd46233073dd699a2079f554f754feb3dd5c4e4b,1f2680a5b9065e708a7497adc53a95b108029b98,3.13.14,2026-07-17T23:49:37.785534+00:00
P01_l1_l2_purification_three_node,P01_l1_l2_purification_three_node:three_node:0f5413b6b0f6d3cc:shortest_hop_count__automatic__conservative_min:18:intent-three-node,three_node,0f5413b6b0f6d3cc,18,intent-three-node,shortest_hop_count,automatic,False,a -> r -> b,2,10,10,0.7,conservative_min,0.7202522030749277,0.7202522030749277,0.0,0.0,0.05,1e-05,1000.0,-1.0,True,True,,SATISFIED,68,58,6.8,6.8,0.7202522030749277,0.7202522030749277,1360.0,1415.1486985704655,0.0017575250100000002,0.00934522501,0.000559,6.683053,633,205,101,68,0,0,,,,cd46233073dd699a2079f554f754feb3dd5c4e4b,1f2680a5b9065e708a7497adc53a95b108029b98,3.13.14,2026-07-17T23:49:44.490536+00:00
P01_l1_l2_purification_three_node,P01_l1_l2_purification_three_node:three_node:0f5413b6b0f6d3cc:shortest_hop_count__automatic__conservative_min:19:intent-three-node,three_node,0f5413b6b0f6d3cc,19,intent-three-node,shortest_hop_count,automatic,False,a -> r -> b,2,10,10,0.7,conservative_min,0.7202522030749277,0.7202522030749277,0.0,0.0,0.05,1e-05,1000.0,-1.0,True,True,,SATISFIED,69,59,6.9,6.9,0.7202522030749277,0.7202522030749277,1380.0,1442.9410903615715,0.002010100009999998,0.00638768751,0.001072,6.903157,693,201,98,69,0,0,,,,cd46233073dd699a2079f554f754feb3dd5c4e4b,1f2680a5b9065e708a7497adc53a95b108029b98,3.13.14,2026-07-17T23:49:51.418517+00:00
P01_l1_l2_purification_three_node,P01_l1_l2_purification_three_node:three_node:e9dcc0add7197ffa:shortest_hop_count__iterative_analytical__conservative_min:0:intent-three-node,three_node,e9dcc0add7197ffa,0,intent-three-node,shortest_hop_count,iterative_analytical,False,a -> r -> b,2,10,10,0.7,conservative_min,0.7202522030749277,0.7202522030749277,0.0,0.0,0.05,1e-05,1000.0,-1.0,True,True,,SATISFIED,54,44,5.4,5.4,0.7202522030749277,0.7202522030749277,1080.0,1141.5561312662712,0.00221008751,0.007840275009999998,0.000989,6.936531,610,190,94,54,0,0,,,,cd46233073dd699a2079f554f754feb3dd5c4e4b,1f2680a5b9065e708a7497adc53a95b108029b98,3.13.14,2026-07-17T23:49:58.383268+00:00
P01_l1_l2_purification_three_node,P01_l1_l2_purification_three_node:three_node:e9dcc0add7197ffa:shortest_hop_count__iterative_analytical__conservative_min:1:intent-three-node,three_node,e9dcc0add7197ffa,1,intent-three-node,shortest_hop_count,iterative_analytical,False,a -> r -> b,2,10,10,0.7,conservative_min,0.7202522030749277,0.7202522030749277,0.0,0.0,0.05,1e-05,1000.0,-1.0,True,True,,SATISFIED,70,60,7.0,7.0,0.7202522030749277,0.7202522030749277,1400.0,1492.0927079830692,0.00221008751,0.009002787509999999,0.00098,7.102921,640,206,102,70,0,0,,,,cd46233073dd699a2079f554f754feb3dd5c4e4b,1f2680a5b9065e708a7497adc53a95b108029b98,3.13.14,2026-07-17T23:50:05.513786+00:00
P01_l1_l2_purification_three_node,P01_l1_l2_purification_three_node:three_node:e9dcc0add7197ffa:shortest_hop_count__iterative_analytical__conservative_min:2:intent-three-node,three_node,e9dcc0add7197ffa,2,intent-three-node,shortest_hop_count,iterative_analytical,False,a -> r -> b,2,10,10,0.7,conservative_min,0.7202522030749277,0.7202522030749277,0.0,0.0,0.05,1e-05,1000.0,-1.0,True,True,,SATISFIED,66,56,6.6,6.6,0.7202522030749277,0.7202522030749277,1320.0,1402.5740953596314,0.0024101375100000003,0.009597800010000001,0.001168,6.271346,618,199,98,66,0,0,,,,cd46233073dd699a2079f554f754feb3dd5c4e4b,1f2680a5b9065e708a7497adc53a95b108029b98,3.13.14,2026-07-17T23:50:11.810494+00:00
P01_l1_l2_purification_three_node,P01_l1_l2_purification_three_node:three_node:e9dcc0add7197ffa:shortest_hop_count__iterative_analytical__conservative_min:3:intent-three-node,three_node,e9dcc0add7197ffa,3,intent-three-node,shortest_hop_count,iterative_analytical,False,a -> r -> b,2,10,10,0.7,conservative_min,0.7202522030749277,0.7202522030749277,0.0,0.0,0.05,1e-05,1000.0,-1.0,True,True,,SATISFIED,69,59,6.9,6.9,0.7202522030749277,0.7202522030749277,1380.0,1453.3532835910885,0.002010125009999999,0.010550375009999998,0.000577,6.594652,660,204,101,69,0,0,,,,cd46233073dd699a2079f554f754feb3dd5c4e4b,1f2680a5b9065e708a7497adc53a95b108029b98,3.13.14,2026-07-17T23:50:18.422745+00:00
P01_l1_l2_purification_three_node,P01_l1_l2_purification_three_node:three_node:e9dcc0add7197ffa:shortest_hop_count__iterative_analytical__conservative_min:4:intent-three-node,three_node,e9dcc0add7197ffa,4,intent-three-node,shortest_hop_count,iterative_analytical,False,a -> r -> b,2,10,10,0.7,conservative_min,0.7202522030749277,0.7202522030749277,0.0,0.0,0.05,1e-05,1000.0,-1.0,True,True,,SATISFIED,68,58,6.8,6.8,0.7202522030749277,0.7202522030749277,1360.0,1428.6096949025423,0.00181012501,0.008292750009999999,0.001026,6.302665,643,210,103,68,0,0,,,,cd46233073dd699a2079f554f754feb3dd5c4e4b,1f2680a5b9065e708a7497adc53a95b108029b98,3.13.14,2026-07-17T23:50:24.757409+00:00
P01_l1_l2_purification_three_node,P01_l1_l2_purification_three_node:three_node:e9dcc0add7197ffa:shortest_hop_count__iterative_analytical__conservative_min:5:intent-three-node,three_node,e9dcc0add7197ffa,5,intent-three-node,shortest_hop_count,iterative_analytical,False,a -> r -> b,2,10,10,0.7,conservative_min,0.7202522030749277,0.7202522030749277,0.0,0.0,0.05,1e-05,1000.0,-1.0,True,True,,SATISFIED,79,69,7.9,7.9,0.7202522030749277,0.7202522030749277,1580.0,1640.492760417194,0.0013050750100000001,0.007487700010000001,0.000897,6.19361,653,204,100,79,0,0,,,,cd46233073dd699a2079f554f754feb3dd5c4e4b,1f2680a5b9065e708a7497adc53a95b108029b98,3.13.14,2026-07-17T23:50:30.972921+00:00
P01_l1_l2_purification_three_node,P01_l1_l2_purification_three_node:three_node:e9dcc0add7197ffa:shortest_hop_count__iterative_analytical__conservative_min:6:intent-three-node,three_node,e9dcc0add7197ffa,6,intent-three-node,shortest_hop_count,iterative_analytical,False,a -> r -> b,2,10,10,0.7,conservative_min,0.7202522030749277,0.7202522030749277,0.0,0.0,0.05,1e-05,1000.0,-1.0,True,True,,SATISFIED,77,67,7.7,7.7,0.7202522030749277,0.7202522030749277,1540.0,1621.09315890792,0.0013050875100000005,0.0071877125099999994,0.001073,5.514617,573,205,100,77,0,0,,,,cd46233073dd699a2079f554f754feb3dd5c4e4b,1f2680a5b9065e708a7497adc53a95b108029b98,3.13.14,2026-07-17T23:50:36.517212+00:00
P01_l1_l2_purification_three_node,P01_l1_l2_purification_three_node:three_node:e9dcc0add7197ffa:shortest_hop_count__iterative_analytical__conservative_min:7:intent-three-node,three_node,e9dcc0add7197ffa,7,intent-three-node,shortest_hop_count,iterative_analytical,False,a -> r -> b,2,10,10,0.7,conservative_min,0.7202522030749277,0.7202522030749277,0.0,0.0,0.05,1e-05,1000.0,-1.0,True,True,,SATISFIED,72,62,7.2,7.2,0.7202522030749277,0.7202522030749277,1440.0,1530.4056531484375,0.002010075010000001,0.009397812509999999,0.00057,5.391131,551,193,95,72,0,0,,,,cd46233073dd699a2079f554f754feb3dd5c4e4b,1f2680a5b9065e708a7497adc53a95b108029b98,3.13.14,2026-07-17T23:50:41.925453+00:00
P01_l1_l2_purification_three_node,P01_l1_l2_purification_three_node:three_node:e9dcc0add7197ffa:shortest_hop_count__iterative_analytical__conservative_min:8:intent-three-node,three_node,e9dcc0add7197ffa,8,intent-three-node,shortest_hop_count,iterative_analytical,False,a -> r -> b,2,10,10,0.7,conservative_min,0.7202522030749277,0.7202522030749277,0.0,0.0,0.05,1e-05,1000.0,-1.0,True,True,,SATISFIED,69,59,6.9,6.9,0.7202522030749277,0.7202522030749277,1380.0,1464.1540863028652,0.0022100375099999986,0.008492787509999999,0.0006,5.164389,538,205,99,69,0,0,,,,cd46233073dd699a2079f554f754feb3dd5c4e4b,1f2680a5b9065e708a7497adc53a95b108029b98,3.13.14,2026-07-17T23:50:47.107404+00:00
P01_l1_l2_purification_three_node,P01_l1_l2_purification_three_node:three_node:e9dcc0add7197ffa:shortest_hop_count__iterative_analytical__conservative_min:9:intent-three-node,three_node,e9dcc0add7197ffa,9,intent-three-node,shortest_hop_count,iterative_analytical,False,a -> r -> b,2,10,10,0.7,conservative_min,0.7202522030749277,0.7202522030749277,0.0,0.0,0.05,1e-05,1000.0,-1.0,True,True,,SATISFIED,78,68,7.8,7.8,0.7202522030749277,0.7202522030749277,1560.0,1624.0188219617316,0.0017575625100000013,0.009445312509999998,0.000455,5.263972,654,205,100,78,0,0,,,,cd46233073dd699a2079f554f754feb3dd5c4e4b,1f2680a5b9065e708a7497adc53a95b108029b98,3.13.14,2026-07-17T23:50:52.390469+00:00
P01_l1_l2_purification_three_node,P01_l1_l2_purification_three_node:three_node:e9dcc0add7197ffa:shortest_hop_count__iterative_analytical__conservative_min:10:intent-three-node,three_node,e9dcc0add7197ffa,10,intent-three-node,shortest_hop_count,iterative_analytical,False,a -> r -> b,2,10,10,0.7,conservative_min,0.7202522030749277,0.7202522030749277,0.0,0.0,0.05,1e-05,1000.0,-1.0,True,True,,SATISFIED,65,55,6.5,6.5,0.7202522030749277,0.7202522030749277,1300.0,1360.7909545084967,0.0020101500099999996,0.006482687509999998,0.000914,6.358195,598,193,95,65,0,0,,,,cd46233073dd699a2079f554f754feb3dd5c4e4b,1f2680a5b9065e708a7497adc53a95b108029b98,3.13.14,2026-07-17T23:50:58.768685+00:00
P01_l1_l2_purification_three_node,P01_l1_l2_purification_three_node:three_node:e9dcc0add7197ffa:shortest_hop_count__iterative_analytical__conservative_min:11:intent-three-node,three_node,e9dcc0add7197ffa,11,intent-three-node,shortest_hop_count,iterative_analytical,False,a -> r -> b,2,10,10,0.7,conservative_min,0.7202522030749277,0.7202522030749277,0.0,0.0,0.05,1e-05,1000.0,-1.0,True,True,,SATISFIED,64,54,6.4,6.4,0.7202522030749277,0.7202522030749277,1280.0,1335.0295857679587,0.0018101500100000008,0.00734022501,0.000617,7.052291,709,196,96,64,0,0,,,,cd46233073dd699a2079f554f754feb3dd5c4e4b,1f2680a5b9065e708a7497adc53a95b108029b98,3.13.14,2026-07-17T23:51:05.845540+00:00
P01_l1_l2_purification_three_node,P01_l1_l2_purification_three_node:three_node:e9dcc0add7197ffa:shortest_hop_count__iterative_analytical__conservative_min:12:intent-three-node,three_node,e9dcc0add7197ffa,12,intent-three-node,shortest_hop_count,iterative_analytical,False,a -> r -> b,2,10,10,0.7,conservative_min,0.7202522030749277,0.7202522030749277,0.0,0.0,0.05,1e-05,1000.0,-1.0,True,True,,SATISFIED,71,61,7.1,7.1,0.7202522030749277,0.7202522030749277,1420.0,1483.6058936766526,0.0015575375099999983,0.00960777501,0.000635,5.960055,572,198,97,71,0,0,,,,cd46233073dd699a2079f554f754feb3dd5c4e4b,1f2680a5b9065e708a7497adc53a95b108029b98,3.13.14,2026-07-17T23:51:11.825605+00:00
P01_l1_l2_purification_three_node,P01_l1_l2_purification_three_node:three_node:e9dcc0add7197ffa:shortest_hop_count__iterative_analytical__conservative_min:13:intent-three-node,three_node,e9dcc0add7197ffa,13,intent-three-node,shortest_hop_count,iterative_analytical,False,a -> r -> b,2,10,10,0.7,conservative_min,0.7202522030749277,0.7202522030749277,0.0,0.0,0.05,1e-05,1000.0,-1.0,True,True,,SATISFIED,78,68,7.8,7.8,0.7202522030749277,0.7202522030749277,1560.0,1616.029772240804,0.0013050875100000005,0.00808770001,0.001167,5.452492,625,203,100,78,0,0,,,,cd46233073dd699a2079f554f754feb3dd5c4e4b,1f2680a5b9065e708a7497adc53a95b108029b98,3.13.14,2026-07-17T23:51:17.306765+00:00
P01_l1_l2_purification_three_node,P01_l1_l2_purification_three_node:three_node:e9dcc0add7197ffa:shortest_hop_count__iterative_analytical__conservative_min:14:intent-three-node,three_node,e9dcc0add7197ffa,14,intent-three-node,shortest_hop_count,iterative_analytical,False,a -> r -> b,2,10,10,0.7,conservative_min,0.7202522030749277,0.7202522030749277,0.0,0.0,0.05,1e-05,1000.0,-1.0,True,True,,SATISFIED,73,63,7.3,7.3,0.7202522030749277,0.7202522030749277,1460.0,1514.5573861644145,0.0017575250100000002,0.0073352375099999985,0.000601,5.643073,593,200,98,73,0,0,,,,cd46233073dd699a2079f554f754feb3dd5c4e4b,1f2680a5b9065e708a7497adc53a95b108029b98,3.13.14,2026-07-17T23:51:22.966343+00:00
P01_l1_l2_purification_three_node,P01_l1_l2_purification_three_node:three_node:e9dcc0add7197ffa:shortest_hop_count__iterative_analytical__conservative_min:15:intent-three-node,three_node,e9dcc0add7197ffa,15,intent-three-node,shortest_hop_count,iterative_analytical,False,a -> r -> b,2,10,10,0.7,conservative_min,0.7202522030749277,0.7202522030749277,0.0,0.0,0.05,1e-05,1000.0,-1.0,True,True,,SATISFIED,70,60,7.0,7.0,0.7202522030749277,0.7202522030749277,1400.0,1448.034939014457,0.001557525009999998,0.00784022501,0.000594,5.737346,650,206,102,70,0,0,,,,cd46233073dd699a2079f554f754feb3dd5c4e4b,1f2680a5b9065e708a7497adc53a95b108029b98,3.13.14,2026-07-17T23:51:28.724751+00:00
P01_l1_l2_purification_three_node,P01_l1_l2_purification_three_node:three_node:e9dcc0add7197ffa:shortest_hop_count__iterative_analytical__conservative_min:16:intent-three-node,three_node,e9dcc0add7197ffa,16,intent-three-node,shortest_hop_count,iterative_analytical,False,a -> r -> b,2,10,10,0.7,conservative_min,0.7202522030749277,0.7202522030749277,0.0,0.0,0.05,1e-05,1000.0,-1.0,True,True,,SATISFIED,69,59,6.9,6.9,0.7202522030749277,0.7202522030749277,1380.0,1444.6790012243132,0.0020100625100000005,0.009312850009999998,0.000535,5.637327,671,218,107,69,0,0,,,,cd46233073dd699a2079f554f754feb3dd5c4e4b,1f2680a5b9065e708a7497adc53a95b108029b98,3.13.14,2026-07-17T23:51:34.378511+00:00
P01_l1_l2_purification_three_node,P01_l1_l2_purification_three_node:three_node:e9dcc0add7197ffa:shortest_hop_count__iterative_analytical__conservative_min:17:intent-three-node,three_node,e9dcc0add7197ffa,17,intent-three-node,shortest_hop_count,iterative_analytical,False,a -> r -> b,2,10,10,0.7,conservative_min,0.7202522030749277,0.7202522030749277,0.0,0.0,0.05,1e-05,1000.0,-1.0,True,True,,SATISFIED,72,62,7.2,7.2,0.7202522030749277,0.7202522030749277,1440.0,1496.7593600730086,0.0018100625099999983,0.006240275010000001,0.00057,5.602421,657,208,102,72,0,0,,,,cd46233073dd699a2079f554f754feb3dd5c4e4b,1f2680a5b9065e708a7497adc53a95b108029b98,3.13.14,2026-07-17T23:51:40.003007+00:00
P01_l1_l2_purification_three_node,P01_l1_l2_purification_three_node:three_node:e9dcc0add7197ffa:shortest_hop_count__iterative_analytical__conservative_min:18:intent-three-node,three_node,e9dcc0add7197ffa,18,intent-three-node,shortest_hop_count,iterative_analytical,False,a -> r -> b,2,10,10,0.7,conservative_min,0.7202522030749277,0.7202522030749277,0.0,0.0,0.05,1e-05,1000.0,-1.0,True,True,,SATISFIED,68,58,6.8,6.8,0.7202522030749277,0.7202522030749277,1360.0,1415.1486985704655,0.0017575250100000002,0.00934522501,0.001302,6.070599,633,205,101,68,0,0,,,,cd46233073dd699a2079f554f754feb3dd5c4e4b,1f2680a5b9065e708a7497adc53a95b108029b98,3.13.14,2026-07-17T23:51:46.096926+00:00
P01_l1_l2_purification_three_node,P01_l1_l2_purification_three_node:three_node:e9dcc0add7197ffa:shortest_hop_count__iterative_analytical__conservative_min:19:intent-three-node,three_node,e9dcc0add7197ffa,19,intent-three-node,shortest_hop_count,iterative_analytical,False,a -> r -> b,2,10,10,0.7,conservative_min,0.7202522030749277,0.7202522030749277,0.0,0.0,0.05,1e-05,1000.0,-1.0,True,True,,SATISFIED,69,59,6.9,6.9,0.7202522030749277,0.7202522030749277,1380.0,1442.9410903615715,0.002010100009999998,0.00638768751,0.000585,5.4363,693,201,98,69,0,0,,,,cd46233073dd699a2079f554f754feb3dd5c4e4b,1f2680a5b9065e708a7497adc53a95b108029b98,3.13.14,2026-07-17T23:51:51.556399+00:00
P01_l1_l2_purification_three_node,P01_l1_l2_purification_three_node:three_node:7f0986b0c26a7277:shortest_hop_count__automatic__conservative_min:0:intent-three-node,three_node,7f0986b0c26a7277,0,intent-three-node,shortest_hop_count,automatic,False,a -> r -> b,2,10,10,0.72,conservative_min,0.7202522030749277,0.7202522030749277,0.0,0.0,0.05,1e-05,1000.0,-1.0,True,True,,SATISFIED,54,44,5.4,5.4,0.7202522030749277,0.7202522030749277,1080.0,1141.5561312662712,0.00221008751,0.007840275009999998,0.001013,6.169471,610,190,94,54,0,0,,,,cd46233073dd699a2079f554f754feb3dd5c4e4b,1f2680a5b9065e708a7497adc53a95b108029b98,3.13.14,2026-07-17T23:51:57.747277+00:00
P01_l1_l2_purification_three_node,P01_l1_l2_purification_three_node:three_node:7f0986b0c26a7277:shortest_hop_count__automatic__conservative_min:1:intent-three-node,three_node,7f0986b0c26a7277,1,intent-three-node,shortest_hop_count,automatic,False,a -> r -> b,2,10,10,0.72,conservative_min,0.7202522030749277,0.7202522030749277,0.0,0.0,0.05,1e-05,1000.0,-1.0,True,True,,SATISFIED,70,60,7.0,7.0,0.7202522030749277,0.7202522030749277,1400.0,1492.0927079830692,0.00221008751,0.009002787509999999,0.000578,5.851441,640,206,102,70,0,0,,,,cd46233073dd699a2079f554f754feb3dd5c4e4b,1f2680a5b9065e708a7497adc53a95b108029b98,3.13.14,2026-07-17T23:52:03.619689+00:00
P01_l1_l2_purification_three_node,P01_l1_l2_purification_three_node:three_node:7f0986b0c26a7277:shortest_hop_count__automatic__conservative_min:2:intent-three-node,three_node,7f0986b0c26a7277,2,intent-three-node,shortest_hop_count,automatic,False,a -> r -> b,2,10,10,0.72,conservative_min,0.7202522030749277,0.7202522030749277,0.0,0.0,0.05,1e-05,1000.0,-1.0,True,True,,SATISFIED,66,56,6.6,6.6,0.7202522030749277,0.7202522030749277,1320.0,1402.5740953596314,0.0024101375100000003,0.009597800010000001,0.000583,5.474679,618,199,98,66,0,0,,,,cd46233073dd699a2079f554f754feb3dd5c4e4b,1f2680a5b9065e708a7497adc53a95b108029b98,3.13.14,2026-07-17T23:52:09.113171+00:00
P01_l1_l2_purification_three_node,P01_l1_l2_purification_three_node:three_node:7f0986b0c26a7277:shortest_hop_count__automatic__conservative_min:3:intent-three-node,three_node,7f0986b0c26a7277,3,intent-three-node,shortest_hop_count,automatic,False,a -> r -> b,2,10,10,0.72,conservative_min,0.7202522030749277,0.7202522030749277,0.0,0.0,0.05,1e-05,1000.0,-1.0,True,True,,SATISFIED,69,59,6.9,6.9,0.7202522030749277,0.7202522030749277,1380.0,1453.3532835910885,0.002010125009999999,0.010550375009999998,0.000866,6.496237,660,204,101,69,0,0,,,,cd46233073dd699a2079f554f754feb3dd5c4e4b,1f2680a5b9065e708a7497adc53a95b108029b98,3.13.14,2026-07-17T23:52:15.631698+00:00
P01_l1_l2_purification_three_node,P01_l1_l2_purification_three_node:three_node:7f0986b0c26a7277:shortest_hop_count__automatic__conservative_min:4:intent-three-node,three_node,7f0986b0c26a7277,4,intent-three-node,shortest_hop_count,automatic,False,a -> r -> b,2,10,10,0.72,conservative_min,0.7202522030749277,0.7202522030749277,0.0,0.0,0.05,1e-05,1000.0,-1.0,True,True,,SATISFIED,68,58,6.8,6.8,0.7202522030749277,0.7202522030749277,1360.0,1428.6096949025423,0.00181012501,0.008292750009999999,0.000626,5.977814,643,210,103,68,0,0,,,,cd46233073dd699a2079f554f754feb3dd5c4e4b,1f2680a5b9065e708a7497adc53a95b108029b98,3.13.14,2026-07-17T23:52:21.629675+00:00
P01_l1_l2_purification_three_node,P01_l1_l2_purification_three_node:three_node:7f0986b0c26a7277:shortest_hop_count__automatic__conservative_min:5:intent-three-node,three_node,7f0986b0c26a7277,5,intent-three-node,shortest_hop_count,automatic,False,a -> r -> b,2,10,10,0.72,conservative_min,0.7202522030749277,0.7202522030749277,0.0,0.0,0.05,1e-05,1000.0,-1.0,True,True,,SATISFIED,79,69,7.9,7.9,0.7202522030749277,0.7202522030749277,1580.0,1640.492760417194,0.0013050750100000001,0.007487700010000001,0.000885,5.316119,653,204,100,79,0,0,,,,cd46233073dd699a2079f554f754feb3dd5c4e4b,1f2680a5b9065e708a7497adc53a95b108029b98,3.13.14,2026-07-17T23:52:26.977659+00:00
P01_l1_l2_purification_three_node,P01_l1_l2_purification_three_node:three_node:7f0986b0c26a7277:shortest_hop_count__automatic__conservative_min:6:intent-three-node,three_node,7f0986b0c26a7277,6,intent-three-node,shortest_hop_count,automatic,False,a -> r -> b,2,10,10,0.72,conservative_min,0.7202522030749277,0.7202522030749277,0.0,0.0,0.05,1e-05,1000.0,-1.0,True,True,,SATISFIED,77,67,7.7,7.7,0.7202522030749277,0.7202522030749277,1540.0,1621.09315890792,0.0013050875100000005,0.0071877125099999994,0.000585,5.898092,573,205,100,77,0,0,,,,cd46233073dd699a2079f554f754feb3dd5c4e4b,1f2680a5b9065e708a7497adc53a95b108029b98,3.13.14,2026-07-17T23:52:32.893825+00:00
P01_l1_l2_purification_three_node,P01_l1_l2_purification_three_node:three_node:7f0986b0c26a7277:shortest_hop_count__automatic__conservative_min:7:intent-three-node,three_node,7f0986b0c26a7277,7,intent-three-node,shortest_hop_count,automatic,False,a -> r -> b,2,10,10,0.72,conservative_min,0.7202522030749277,0.7202522030749277,0.0,0.0,0.05,1e-05,1000.0,-1.0,True,True,,SATISFIED,72,62,7.2,7.2,0.7202522030749277,0.7202522030749277,1440.0,1530.4056531484375,0.002010075010000001,0.009397812509999999,0.00138,6.828669,551,193,95,72,0,0,,,,cd46233073dd699a2079f554f754feb3dd5c4e4b,1f2680a5b9065e708a7497adc53a95b108029b98,3.13.14,2026-07-17T23:52:39.751640+00:00
P01_l1_l2_purification_three_node,P01_l1_l2_purification_three_node:three_node:7f0986b0c26a7277:shortest_hop_count__automatic__conservative_min:8:intent-three-node,three_node,7f0986b0c26a7277,8,intent-three-node,shortest_hop_count,automatic,False,a -> r -> b,2,10,10,0.72,conservative_min,0.7202522030749277,0.7202522030749277,0.0,0.0,0.05,1e-05,1000.0,-1.0,True,True,,SATISFIED,69,59,6.9,6.9,0.7202522030749277,0.7202522030749277,1380.0,1464.1540863028652,0.0022100375099999986,0.008492787509999999,0.000748,6.677381,538,205,99,69,0,0,,,,cd46233073dd699a2079f554f754feb3dd5c4e4b,1f2680a5b9065e708a7497adc53a95b108029b98,3.13.14,2026-07-17T23:52:46.454683+00:00
P01_l1_l2_purification_three_node,P01_l1_l2_purification_three_node:three_node:7f0986b0c26a7277:shortest_hop_count__automatic__conservative_min:9:intent-three-node,three_node,7f0986b0c26a7277,9,intent-three-node,shortest_hop_count,automatic,False,a -> r -> b,2,10,10,0.72,conservative_min,0.7202522030749277,0.7202522030749277,0.0,0.0,0.05,1e-05,1000.0,-1.0,True,True,,SATISFIED,78,68,7.8,7.8,0.7202522030749277,0.7202522030749277,1560.0,1624.0188219617316,0.0017575625100000013,0.009445312509999998,0.000942,6.258949,654,205,100,78,0,0,,,,cd46233073dd699a2079f554f754feb3dd5c4e4b,1f2680a5b9065e708a7497adc53a95b108029b98,3.13.14,2026-07-17T23:52:52.740512+00:00
P01_l1_l2_purification_three_node,P01_l1_l2_purification_three_node:three_node:7f0986b0c26a7277:shortest_hop_count__automatic__conservative_min:10:intent-three-node,three_node,7f0986b0c26a7277,10,intent-three-node,shortest_hop_count,automatic,False,a -> r -> b,2,10,10,0.72,conservative_min,0.7202522030749277,0.7202522030749277,0.0,0.0,0.05,1e-05,1000.0,-1.0,True,True,,SATISFIED,65,55,6.5,6.5,0.7202522030749277,0.7202522030749277,1300.0,1360.7909545084967,0.0020101500099999996,0.006482687509999998,0.000966,5.959658,598,193,95,65,0,0,,,,cd46233073dd699a2079f554f754feb3dd5c4e4b,1f2680a5b9065e708a7497adc53a95b108029b98,3.13.14,2026-07-17T23:52:58.724323+00:00
P01_l1_l2_purification_three_node,P01_l1_l2_purification_three_node:three_node:7f0986b0c26a7277:shortest_hop_count__automatic__conservative_min:11:intent-three-node,three_node,7f0986b0c26a7277,11,intent-three-node,shortest_hop_count,automatic,False,a -> r -> b,2,10,10,0.72,conservative_min,0.7202522030749277,0.7202522030749277,0.0,0.0,0.05,1e-05,1000.0,-1.0,True,True,,SATISFIED,64,54,6.4,6.4,0.7202522030749277,0.7202522030749277,1280.0,1335.0295857679587,0.0018101500100000008,0.00734022501,0.000551,5.534139,709,196,96,64,0,0,,,,cd46233073dd699a2079f554f754feb3dd5c4e4b,1f2680a5b9065e708a7497adc53a95b108029b98,3.13.14,2026-07-17T23:53:04.275622+00:00
P01_l1_l2_purification_three_node,P01_l1_l2_purification_three_node:three_node:7f0986b0c26a7277:shortest_hop_count__automatic__conservative_min:12:intent-three-node,three_node,7f0986b0c26a7277,12,intent-three-node,shortest_hop_count,automatic,False,a -> r -> b,2,10,10,0.72,conservative_min,0.7202522030749277,0.7202522030749277,0.0,0.0,0.05,1e-05,1000.0,-1.0,True,True,,SATISFIED,71,61,7.1,7.1,0.7202522030749277,0.7202522030749277,1420.0,1483.6058936766526,0.0015575375099999983,0.00960777501,0.000769,6.415995,572,198,97,71,0,0,,,,cd46233073dd699a2079f554f754feb3dd5c4e4b,1f2680a5b9065e708a7497adc53a95b108029b98,3.13.14,2026-07-17T23:53:10.709465+00:00
P01_l1_l2_purification_three_node,P01_l1_l2_purification_three_node:three_node:7f0986b0c26a7277:shortest_hop_count__automatic__conservative_min:13:intent-three-node,three_node,7f0986b0c26a7277,13,intent-three-node,shortest_hop_count,automatic,False,a -> r -> b,2,10,10,0.72,conservative_min,0.7202522030749277,0.7202522030749277,0.0,0.0,0.05,1e-05,1000.0,-1.0,True,True,,SATISFIED,78,68,7.8,7.8,0.7202522030749277,0.7202522030749277,1560.0,1616.029772240804,0.0013050875100000005,0.00808770001,0.000568,5.556584,625,203,100,78,0,0,,,,cd46233073dd699a2079f554f754feb3dd5c4e4b,1f2680a5b9065e708a7497adc53a95b108029b98,3.13.14,2026-07-17T23:53:16.281554+00:00
P01_l1_l2_purification_three_node,P01_l1_l2_purification_three_node:three_node:7f0986b0c26a7277:shortest_hop_count__automatic__conservative_min:14:intent-three-node,three_node,7f0986b0c26a7277,14,intent-three-node,shortest_hop_count,automatic,False,a -> r -> b,2,10,10,0.72,conservative_min,0.7202522030749277,0.7202522030749277,0.0,0.0,0.05,1e-05,1000.0,-1.0,True,True,,SATISFIED,73,63,7.3,7.3,0.7202522030749277,0.7202522030749277,1460.0,1514.5573861644145,0.0017575250100000002,0.0073352375099999985,0.000874,6.492102,593,200,98,73,0,0,,,,cd46233073dd699a2079f554f754feb3dd5c4e4b,1f2680a5b9065e708a7497adc53a95b108029b98,3.13.14,2026-07-17T23:53:22.792582+00:00
P01_l1_l2_purification_three_node,P01_l1_l2_purification_three_node:three_node:7f0986b0c26a7277:shortest_hop_count__automatic__conservative_min:15:intent-three-node,three_node,7f0986b0c26a7277,15,intent-three-node,shortest_hop_count,automatic,False,a -> r -> b,2,10,10,0.72,conservative_min,0.7202522030749277,0.7202522030749277,0.0,0.0,0.05,1e-05,1000.0,-1.0,True,True,,SATISFIED,70,60,7.0,7.0,0.7202522030749277,0.7202522030749277,1400.0,1448.034939014457,0.001557525009999998,0.00784022501,0.000782,5.775147,650,206,102,70,0,0,,,,cd46233073dd699a2079f554f754feb3dd5c4e4b,1f2680a5b9065e708a7497adc53a95b108029b98,3.13.14,2026-07-17T23:53:28.586322+00:00
P01_l1_l2_purification_three_node,P01_l1_l2_purification_three_node:three_node:7f0986b0c26a7277:shortest_hop_count__automatic__conservative_min:16:intent-three-node,three_node,7f0986b0c26a7277,16,intent-three-node,shortest_hop_count,automatic,False,a -> r -> b,2,10,10,0.72,conservative_min,0.7202522030749277,0.7202522030749277,0.0,0.0,0.05,1e-05,1000.0,-1.0,True,True,,SATISFIED,69,59,6.9,6.9,0.7202522030749277,0.7202522030749277,1380.0,1444.6790012243132,0.0020100625100000005,0.009312850009999998,0.000575,5.683298,671,218,107,69,0,0,,,,cd46233073dd699a2079f554f754feb3dd5c4e4b,1f2680a5b9065e708a7497adc53a95b108029b98,3.13.14,2026-07-17T23:53:34.285852+00:00
P01_l1_l2_purification_three_node,P01_l1_l2_purification_three_node:three_node:7f0986b0c26a7277:shortest_hop_count__automatic__conservative_min:17:intent-three-node,three_node,7f0986b0c26a7277,17,intent-three-node,shortest_hop_count,automatic,False,a -> r -> b,2,10,10,0.72,conservative_min,0.7202522030749277,0.7202522030749277,0.0,0.0,0.05,1e-05,1000.0,-1.0,True,True,,SATISFIED,72,62,7.2,7.2,0.7202522030749277,0.7202522030749277,1440.0,1496.7593600730086,0.0018100625099999983,0.006240275010000001,0.001094,5.505143,657,208,102,72,0,0,,,,cd46233073dd699a2079f554f754feb3dd5c4e4b,1f2680a5b9065e708a7497adc53a95b108029b98,3.13.14,2026-07-17T23:53:39.813228+00:00
P01_l1_l2_purification_three_node,P01_l1_l2_purification_three_node:three_node:7f0986b0c26a7277:shortest_hop_count__automatic__conservative_min:18:intent-three-node,three_node,7f0986b0c26a7277,18,intent-three-node,shortest_hop_count,automatic,False,a -> r -> b,2,10,10,0.72,conservative_min,0.7202522030749277,0.7202522030749277,0.0,0.0,0.05,1e-05,1000.0,-1.0,True,True,,SATISFIED,68,58,6.8,6.8,0.7202522030749277,0.7202522030749277,1360.0,1415.1486985704655,0.0017575250100000002,0.00934522501,0.000841,5.491821,633,205,101,68,0,0,,,,cd46233073dd699a2079f554f754feb3dd5c4e4b,1f2680a5b9065e708a7497adc53a95b108029b98,3.13.14,2026-07-17T23:53:45.328513+00:00
P01_l1_l2_purification_three_node,P01_l1_l2_purification_three_node:three_node:7f0986b0c26a7277:shortest_hop_count__automatic__conservative_min:19:intent-three-node,three_node,7f0986b0c26a7277,19,intent-three-node,shortest_hop_count,automatic,False,a -> r -> b,2,10,10,0.72,conservative_min,0.7202522030749277,0.7202522030749277,0.0,0.0,0.05,1e-05,1000.0,-1.0,True,True,,SATISFIED,69,59,6.9,6.9,0.7202522030749277,0.7202522030749277,1380.0,1442.9410903615715,0.002010100009999998,0.00638768751,0.000585,5.565209,693,201,98,69,0,0,,,,cd46233073dd699a2079f554f754feb3dd5c4e4b,1f2680a5b9065e708a7497adc53a95b108029b98,3.13.14,2026-07-17T23:53:50.910518+00:00
P01_l1_l2_purification_three_node,P01_l1_l2_purification_three_node:three_node:64dedbaca833c74c:shortest_hop_count__iterative_analytical__conservative_min:0:intent-three-node,three_node,64dedbaca833c74c,0,intent-three-node,shortest_hop_count,iterative_analytical,False,a -> r -> b,2,10,10,0.72,conservative_min,0.7202522030749277,0.7202522030749277,0.0,0.0,0.05,1e-05,1000.0,-1.0,True,True,,SATISFIED,54,44,5.4,5.4,0.7202522030749277,0.7202522030749277,1080.0,1141.5561312662712,0.00221008751,0.007840275009999998,0.000573,5.55669,610,190,94,54,0,0,,,,cd46233073dd699a2079f554f754feb3dd5c4e4b,1f2680a5b9065e708a7497adc53a95b108029b98,3.13.14,2026-07-17T23:53:56.485533+00:00
P01_l1_l2_purification_three_node,P01_l1_l2_purification_three_node:three_node:64dedbaca833c74c:shortest_hop_count__iterative_analytical__conservative_min:1:intent-three-node,three_node,64dedbaca833c74c,1,intent-three-node,shortest_hop_count,iterative_analytical,False,a -> r -> b,2,10,10,0.72,conservative_min,0.7202522030749277,0.7202522030749277,0.0,0.0,0.05,1e-05,1000.0,-1.0,True,True,,SATISFIED,70,60,7.0,7.0,0.7202522030749277,0.7202522030749277,1400.0,1492.0927079830692,0.00221008751,0.009002787509999999,0.000583,6.072556,640,206,102,70,0,0,,,,cd46233073dd699a2079f554f754feb3dd5c4e4b,1f2680a5b9065e708a7497adc53a95b108029b98,3.13.14,2026-07-17T23:54:02.573754+00:00
P01_l1_l2_purification_three_node,P01_l1_l2_purification_three_node:three_node:64dedbaca833c74c:shortest_hop_count__iterative_analytical__conservative_min:2:intent-three-node,three_node,64dedbaca833c74c,2,intent-three-node,shortest_hop_count,iterative_analytical,False,a -> r -> b,2,10,10,0.72,conservative_min,0.7202522030749277,0.7202522030749277,0.0,0.0,0.05,1e-05,1000.0,-1.0,True,True,,SATISFIED,66,56,6.6,6.6,0.7202522030749277,0.7202522030749277,1320.0,1402.5740953596314,0.0024101375100000003,0.009597800010000001,0.001073,6.38893,618,199,98,66,0,0,,,,cd46233073dd699a2079f554f754feb3dd5c4e4b,1f2680a5b9065e708a7497adc53a95b108029b98,3.13.14,2026-07-17T23:54:09.004194+00:00
P01_l1_l2_purification_three_node,P01_l1_l2_purification_three_node:three_node:64dedbaca833c74c:shortest_hop_count__iterative_analytical__conservative_min:3:intent-three-node,three_node,64dedbaca833c74c,3,intent-three-node,shortest_hop_count,iterative_analytical,False,a -> r -> b,2,10,10,0.72,conservative_min,0.7202522030749277,0.7202522030749277,0.0,0.0,0.05,1e-05,1000.0,-1.0,True,True,,SATISFIED,69,59,6.9,6.9,0.7202522030749277,0.7202522030749277,1380.0,1453.3532835910885,0.002010125009999999,0.010550375009999998,0.000924,5.35946,660,204,101,69,0,0,,,,cd46233073dd699a2079f554f754feb3dd5c4e4b,1f2680a5b9065e708a7497adc53a95b108029b98,3.13.14,2026-07-17T23:54:14.386985+00:00
P01_l1_l2_purification_three_node,P01_l1_l2_purification_three_node:three_node:64dedbaca833c74c:shortest_hop_count__iterative_analytical__conservative_min:4:intent-three-node,three_node,64dedbaca833c74c,4,intent-three-node,shortest_hop_count,iterative_analytical,False,a -> r -> b,2,10,10,0.72,conservative_min,0.7202522030749277,0.7202522030749277,0.0,0.0,0.05,1e-05,1000.0,-1.0,True,True,,SATISFIED,68,58,6.8,6.8,0.7202522030749277,0.7202522030749277,1360.0,1428.6096949025423,0.00181012501,0.008292750009999999,0.000967,5.278089,643,210,103,68,0,0,,,,cd46233073dd699a2079f554f754feb3dd5c4e4b,1f2680a5b9065e708a7497adc53a95b108029b98,3.13.14,2026-07-17T23:54:19.686007+00:00
P01_l1_l2_purification_three_node,P01_l1_l2_purification_three_node:three_node:64dedbaca833c74c:shortest_hop_count__iterative_analytical__conservative_min:5:intent-three-node,three_node,64dedbaca833c74c,5,intent-three-node,shortest_hop_count,iterative_analytical,False,a -> r -> b,2,10,10,0.72,conservative_min,0.7202522030749277,0.7202522030749277,0.0,0.0,0.05,1e-05,1000.0,-1.0,True,True,,SATISFIED,79,69,7.9,7.9,0.7202522030749277,0.7202522030749277,1580.0,1640.492760417194,0.0013050750100000001,0.007487700010000001,0.000848,4.961608,653,204,100,79,0,0,,,,cd46233073dd699a2079f554f754feb3dd5c4e4b,1f2680a5b9065e708a7497adc53a95b108029b98,3.13.14,2026-07-17T23:54:24.668877+00:00
P01_l1_l2_purification_three_node,P01_l1_l2_purification_three_node:three_node:64dedbaca833c74c:shortest_hop_count__iterative_analytical__conservative_min:6:intent-three-node,three_node,64dedbaca833c74c,6,intent-three-node,shortest_hop_count,iterative_analytical,False,a -> r -> b,2,10,10,0.72,conservative_min,0.7202522030749277,0.7202522030749277,0.0,0.0,0.05,1e-05,1000.0,-1.0,True,True,,SATISFIED,77,67,7.7,7.7,0.7202522030749277,0.7202522030749277,1540.0,1621.09315890792,0.0013050875100000005,0.0071877125099999994,0.000895,5.669193,573,205,100,77,0,0,,,,cd46233073dd699a2079f554f754feb3dd5c4e4b,1f2680a5b9065e708a7497adc53a95b108029b98,3.13.14,2026-07-17T23:54:30.355850+00:00
P01_l1_l2_purification_three_node,P01_l1_l2_purification_three_node:three_node:64dedbaca833c74c:shortest_hop_count__iterative_analytical__conservative_min:7:intent-three-node,three_node,64dedbaca833c74c,7,intent-three-node,shortest_hop_count,iterative_analytical,False,a -> r -> b,2,10,10,0.72,conservative_min,0.7202522030749277,0.7202522030749277,0.0,0.0,0.05,1e-05,1000.0,-1.0,True,True,,SATISFIED,72,62,7.2,7.2,0.7202522030749277,0.7202522030749277,1440.0,1530.4056531484375,0.002010075010000001,0.009397812509999999,0.000786,5.256362,551,193,95,72,0,0,,,,cd46233073dd699a2079f554f754feb3dd5c4e4b,1f2680a5b9065e708a7497adc53a95b108029b98,3.13.14,2026-07-17T23:54:35.636630+00:00
P01_l1_l2_purification_three_node,P01_l1_l2_purification_three_node:three_node:64dedbaca833c74c:shortest_hop_count__iterative_analytical__conservative_min:8:intent-three-node,three_node,64dedbaca833c74c,8,intent-three-node,shortest_hop_count,iterative_analytical,False,a -> r -> b,2,10,10,0.72,conservative_min,0.7202522030749277,0.7202522030749277,0.0,0.0,0.05,1e-05,1000.0,-1.0,True,True,,SATISFIED,69,59,6.9,6.9,0.7202522030749277,0.7202522030749277,1380.0,1464.1540863028652,0.0022100375099999986,0.008492787509999999,0.000642,5.100928,538,205,99,69,0,0,,,,cd46233073dd699a2079f554f754feb3dd5c4e4b,1f2680a5b9065e708a7497adc53a95b108029b98,3.13.14,2026-07-17T23:54:40.757905+00:00
P01_l1_l2_purification_three_node,P01_l1_l2_purification_three_node:three_node:64dedbaca833c74c:shortest_hop_count__iterative_analytical__conservative_min:9:intent-three-node,three_node,64dedbaca833c74c,9,intent-three-node,shortest_hop_count,iterative_analytical,False,a -> r -> b,2,10,10,0.72,conservative_min,0.7202522030749277,0.7202522030749277,0.0,0.0,0.05,1e-05,1000.0,-1.0,True,True,,SATISFIED,78,68,7.8,7.8,0.7202522030749277,0.7202522030749277,1560.0,1624.0188219617316,0.0017575625100000013,0.009445312509999998,0.000556,5.425728,654,205,100,78,0,0,,,,cd46233073dd699a2079f554f754feb3dd5c4e4b,1f2680a5b9065e708a7497adc53a95b108029b98,3.13.14,2026-07-17T23:54:46.201701+00:00
P01_l1_l2_purification_three_node,P01_l1_l2_purification_three_node:three_node:64dedbaca833c74c:shortest_hop_count__iterative_analytical__conservative_min:10:intent-three-node,three_node,64dedbaca833c74c,10,intent-three-node,shortest_hop_count,iterative_analytical,False,a -> r -> b,2,10,10,0.72,conservative_min,0.7202522030749277,0.7202522030749277,0.0,0.0,0.05,1e-05,1000.0,-1.0,True,True,,SATISFIED,65,55,6.5,6.5,0.7202522030749277,0.7202522030749277,1300.0,1360.7909545084967,0.0020101500099999996,0.006482687509999998,0.000888,5.071222,598,193,95,65,0,0,,,,cd46233073dd699a2079f554f754feb3dd5c4e4b,1f2680a5b9065e708a7497adc53a95b108029b98,3.13.14,2026-07-17T23:54:51.295651+00:00
P01_l1_l2_purification_three_node,P01_l1_l2_purification_three_node:three_node:64dedbaca833c74c:shortest_hop_count__iterative_analytical__conservative_min:11:intent-three-node,three_node,64dedbaca833c74c,11,intent-three-node,shortest_hop_count,iterative_analytical,False,a -> r -> b,2,10,10,0.72,conservative_min,0.7202522030749277,0.7202522030749277,0.0,0.0,0.05,1e-05,1000.0,-1.0,True,True,,SATISFIED,64,54,6.4,6.4,0.7202522030749277,0.7202522030749277,1280.0,1335.0295857679587,0.0018101500100000008,0.00734022501,0.000608,5.99787,709,196,96,64,0,0,,,,cd46233073dd699a2079f554f754feb3dd5c4e4b,1f2680a5b9065e708a7497adc53a95b108029b98,3.13.14,2026-07-17T23:54:57.316088+00:00
P01_l1_l2_purification_three_node,P01_l1_l2_purification_three_node:three_node:64dedbaca833c74c:shortest_hop_count__iterative_analytical__conservative_min:12:intent-three-node,three_node,64dedbaca833c74c,12,intent-three-node,shortest_hop_count,iterative_analytical,False,a -> r -> b,2,10,10,0.72,conservative_min,0.7202522030749277,0.7202522030749277,0.0,0.0,0.05,1e-05,1000.0,-1.0,True,True,,SATISFIED,71,61,7.1,7.1,0.7202522030749277,0.7202522030749277,1420.0,1483.6058936766526,0.0015575375099999983,0.00960777501,0.000632,6.672955,572,198,97,71,0,0,,,,cd46233073dd699a2079f554f754feb3dd5c4e4b,1f2680a5b9065e708a7497adc53a95b108029b98,3.13.14,2026-07-17T23:55:04.019893+00:00
P01_l1_l2_purification_three_node,P01_l1_l2_purification_three_node:three_node:64dedbaca833c74c:shortest_hop_count__iterative_analytical__conservative_min:13:intent-three-node,three_node,64dedbaca833c74c,13,intent-three-node,shortest_hop_count,iterative_analytical,False,a -> r -> b,2,10,10,0.72,conservative_min,0.7202522030749277,0.7202522030749277,0.0,0.0,0.05,1e-05,1000.0,-1.0,True,True,,SATISFIED,78,68,7.8,7.8,0.7202522030749277,0.7202522030749277,1560.0,1616.029772240804,0.0013050875100000005,0.00808770001,0.001125,6.184142,625,203,100,78,0,0,,,,cd46233073dd699a2079f554f754feb3dd5c4e4b,1f2680a5b9065e708a7497adc53a95b108029b98,3.13.14,2026-07-17T23:55:10.231372+00:00
P01_l1_l2_purification_three_node,P01_l1_l2_purification_three_node:three_node:64dedbaca833c74c:shortest_hop_count__iterative_analytical__conservative_min:14:intent-three-node,three_node,64dedbaca833c74c,14,intent-three-node,shortest_hop_count,iterative_analytical,False,a -> r -> b,2,10,10,0.72,conservative_min,0.7202522030749277,0.7202522030749277,0.0,0.0,0.05,1e-05,1000.0,-1.0,True,True,,SATISFIED,73,63,7.3,7.3,0.7202522030749277,0.7202522030749277,1460.0,1514.5573861644145,0.0017575250100000002,0.0073352375099999985,0.000993,5.963412,593,200,98,73,0,0,,,,cd46233073dd699a2079f554f754feb3dd5c4e4b,1f2680a5b9065e708a7497adc53a95b108029b98,3.13.14,2026-07-17T23:55:16.223471+00:00
P01_l1_l2_purification_three_node,P01_l1_l2_purification_three_node:three_node:64dedbaca833c74c:shortest_hop_count__iterative_analytical__conservative_min:15:intent-three-node,three_node,64dedbaca833c74c,15,intent-three-node,shortest_hop_count,iterative_analytical,False,a -> r -> b,2,10,10,0.72,conservative_min,0.7202522030749277,0.7202522030749277,0.0,0.0,0.05,1e-05,1000.0,-1.0,True,True,,SATISFIED,70,60,7.0,7.0,0.7202522030749277,0.7202522030749277,1400.0,1448.034939014457,0.001557525009999998,0.00784022501,0.000861,6.412431,650,206,102,70,0,0,,,,cd46233073dd699a2079f554f754feb3dd5c4e4b,1f2680a5b9065e708a7497adc53a95b108029b98,3.13.14,2026-07-17T23:55:22.658474+00:00
P01_l1_l2_purification_three_node,P01_l1_l2_purification_three_node:three_node:64dedbaca833c74c:shortest_hop_count__iterative_analytical__conservative_min:16:intent-three-node,three_node,64dedbaca833c74c,16,intent-three-node,shortest_hop_count,iterative_analytical,False,a -> r -> b,2,10,10,0.72,conservative_min,0.7202522030749277,0.7202522030749277,0.0,0.0,0.05,1e-05,1000.0,-1.0,True,True,,SATISFIED,69,59,6.9,6.9,0.7202522030749277,0.7202522030749277,1380.0,1444.6790012243132,0.0020100625100000005,0.009312850009999998,0.000842,6.446074,671,218,107,69,0,0,,,,cd46233073dd699a2079f554f754feb3dd5c4e4b,1f2680a5b9065e708a7497adc53a95b108029b98,3.13.14,2026-07-17T23:55:29.131996+00:00
P01_l1_l2_purification_three_node,P01_l1_l2_purification_three_node:three_node:64dedbaca833c74c:shortest_hop_count__iterative_analytical__conservative_min:17:intent-three-node,three_node,64dedbaca833c74c,17,intent-three-node,shortest_hop_count,iterative_analytical,False,a -> r -> b,2,10,10,0.72,conservative_min,0.7202522030749277,0.7202522030749277,0.0,0.0,0.05,1e-05,1000.0,-1.0,True,True,,SATISFIED,72,62,7.2,7.2,0.7202522030749277,0.7202522030749277,1440.0,1496.7593600730086,0.0018100625099999983,0.006240275010000001,0.001022,6.246741,657,208,102,72,0,0,,,,cd46233073dd699a2079f554f754feb3dd5c4e4b,1f2680a5b9065e708a7497adc53a95b108029b98,3.13.14,2026-07-17T23:55:35.398229+00:00
P01_l1_l2_purification_three_node,P01_l1_l2_purification_three_node:three_node:64dedbaca833c74c:shortest_hop_count__iterative_analytical__conservative_min:18:intent-three-node,three_node,64dedbaca833c74c,18,intent-three-node,shortest_hop_count,iterative_analytical,False,a -> r -> b,2,10,10,0.72,conservative_min,0.7202522030749277,0.7202522030749277,0.0,0.0,0.05,1e-05,1000.0,-1.0,True,True,,SATISFIED,68,58,6.8,6.8,0.7202522030749277,0.7202522030749277,1360.0,1415.1486985704655,0.0017575250100000002,0.00934522501,0.000608,6.202336,633,205,101,68,0,0,,,,cd46233073dd699a2079f554f754feb3dd5c4e4b,1f2680a5b9065e708a7497adc53a95b108029b98,3.13.14,2026-07-17T23:55:41.630481+00:00
P01_l1_l2_purification_three_node,P01_l1_l2_purification_three_node:three_node:64dedbaca833c74c:shortest_hop_count__iterative_analytical__conservative_min:19:intent-three-node,three_node,64dedbaca833c74c,19,intent-three-node,shortest_hop_count,iterative_analytical,False,a -> r -> b,2,10,10,0.72,conservative_min,0.7202522030749277,0.7202522030749277,0.0,0.0,0.05,1e-05,1000.0,-1.0,True,True,,SATISFIED,69,59,6.9,6.9,0.7202522030749277,0.7202522030749277,1380.0,1442.9410903615715,0.002010100009999998,0.00638768751,0.000984,6.330942,693,201,98,69,0,0,,,,cd46233073dd699a2079f554f754feb3dd5c4e4b,1f2680a5b9065e708a7497adc53a95b108029b98,3.13.14,2026-07-17T23:55:47.987391+00:00
P01_l1_l2_purification_three_node,P01_l1_l2_purification_three_node:three_node:7b142d992c86d22b:shortest_hop_count__automatic__conservative_min:0:intent-three-node,three_node,7b142d992c86d22b,0,intent-three-node,shortest_hop_count,automatic,False,,,10,10,0.73,conservative_min,,,,,0.05,1e-05,1000.0,-1.0,False,False,,REJECTED,,,,,,,,,,,0.001234,,,,,,,,no candidate route is feasible: a->r->b (min_fidelity 0.730 exceeds the achievable estimate 0.720 (one-round static estimate (BBPSSWCircuit.improved_fidelity); SeQUeNCe's 'until_target' mode may run a different number of rounds at execution time)),,,cd46233073dd699a2079f554f754feb3dd5c4e4b,1f2680a5b9065e708a7497adc53a95b108029b98,3.13.14,2026-07-17T23:55:48.001485+00:00
P01_l1_l2_purification_three_node,P01_l1_l2_purification_three_node:three_node:7b142d992c86d22b:shortest_hop_count__automatic__conservative_min:1:intent-three-node,three_node,7b142d992c86d22b,1,intent-three-node,shortest_hop_count,automatic,False,,,10,10,0.73,conservative_min,,,,,0.05,1e-05,1000.0,-1.0,False,False,,REJECTED,,,,,,,,,,,0.000665,,,,,,,,no candidate route is feasible: a->r->b (min_fidelity 0.730 exceeds the achievable estimate 0.720 (one-round static estimate (BBPSSWCircuit.improved_fidelity); SeQUeNCe's 'until_target' mode may run a different number of rounds at execution time)),,,cd46233073dd699a2079f554f754feb3dd5c4e4b,1f2680a5b9065e708a7497adc53a95b108029b98,3.13.14,2026-07-17T23:55:48.012025+00:00
P01_l1_l2_purification_three_node,P01_l1_l2_purification_three_node:three_node:7b142d992c86d22b:shortest_hop_count__automatic__conservative_min:2:intent-three-node,three_node,7b142d992c86d22b,2,intent-three-node,shortest_hop_count,automatic,False,,,10,10,0.73,conservative_min,,,,,0.05,1e-05,1000.0,-1.0,False,False,,REJECTED,,,,,,,,,,,0.000716,,,,,,,,no candidate route is feasible: a->r->b (min_fidelity 0.730 exceeds the achievable estimate 0.720 (one-round static estimate (BBPSSWCircuit.improved_fidelity); SeQUeNCe's 'until_target' mode may run a different number of rounds at execution time)),,,cd46233073dd699a2079f554f754feb3dd5c4e4b,1f2680a5b9065e708a7497adc53a95b108029b98,3.13.14,2026-07-17T23:55:48.024054+00:00
P01_l1_l2_purification_three_node,P01_l1_l2_purification_three_node:three_node:7b142d992c86d22b:shortest_hop_count__automatic__conservative_min:3:intent-three-node,three_node,7b142d992c86d22b,3,intent-three-node,shortest_hop_count,automatic,False,,,10,10,0.73,conservative_min,,,,,0.05,1e-05,1000.0,-1.0,False,False,,REJECTED,,,,,,,,,,,0.000785,,,,,,,,no candidate route is feasible: a->r->b (min_fidelity 0.730 exceeds the achievable estimate 0.720 (one-round static estimate (BBPSSWCircuit.improved_fidelity); SeQUeNCe's 'until_target' mode may run a different number of rounds at execution time)),,,cd46233073dd699a2079f554f754feb3dd5c4e4b,1f2680a5b9065e708a7497adc53a95b108029b98,3.13.14,2026-07-17T23:55:48.034576+00:00
P01_l1_l2_purification_three_node,P01_l1_l2_purification_three_node:three_node:7b142d992c86d22b:shortest_hop_count__automatic__conservative_min:4:intent-three-node,three_node,7b142d992c86d22b,4,intent-three-node,shortest_hop_count,automatic,False,,,10,10,0.73,conservative_min,,,,,0.05,1e-05,1000.0,-1.0,False,False,,REJECTED,,,,,,,,,,,0.00046,,,,,,,,no candidate route is feasible: a->r->b (min_fidelity 0.730 exceeds the achievable estimate 0.720 (one-round static estimate (BBPSSWCircuit.improved_fidelity); SeQUeNCe's 'until_target' mode may run a different number of rounds at execution time)),,,cd46233073dd699a2079f554f754feb3dd5c4e4b,1f2680a5b9065e708a7497adc53a95b108029b98,3.13.14,2026-07-17T23:55:48.044907+00:00
P01_l1_l2_purification_three_node,P01_l1_l2_purification_three_node:three_node:7b142d992c86d22b:shortest_hop_count__automatic__conservative_min:5:intent-three-node,three_node,7b142d992c86d22b,5,intent-three-node,shortest_hop_count,automatic,False,,,10,10,0.73,conservative_min,,,,,0.05,1e-05,1000.0,-1.0,False,False,,REJECTED,,,,,,,,,,,0.000481,,,,,,,,no candidate route is feasible: a->r->b (min_fidelity 0.730 exceeds the achievable estimate 0.720 (one-round static estimate (BBPSSWCircuit.improved_fidelity); SeQUeNCe's 'until_target' mode may run a different number of rounds at execution time)),,,cd46233073dd699a2079f554f754feb3dd5c4e4b,1f2680a5b9065e708a7497adc53a95b108029b98,3.13.14,2026-07-17T23:55:48.053300+00:00
P01_l1_l2_purification_three_node,P01_l1_l2_purification_three_node:three_node:7b142d992c86d22b:shortest_hop_count__automatic__conservative_min:6:intent-three-node,three_node,7b142d992c86d22b,6,intent-three-node,shortest_hop_count,automatic,False,,,10,10,0.73,conservative_min,,,,,0.05,1e-05,1000.0,-1.0,False,False,,REJECTED,,,,,,,,,,,0.000458,,,,,,,,no candidate route is feasible: a->r->b (min_fidelity 0.730 exceeds the achievable estimate 0.720 (one-round static estimate (BBPSSWCircuit.improved_fidelity); SeQUeNCe's 'until_target' mode may run a different number of rounds at execution time)),,,cd46233073dd699a2079f554f754feb3dd5c4e4b,1f2680a5b9065e708a7497adc53a95b108029b98,3.13.14,2026-07-17T23:55:48.059032+00:00
P01_l1_l2_purification_three_node,P01_l1_l2_purification_three_node:three_node:7b142d992c86d22b:shortest_hop_count__automatic__conservative_min:7:intent-three-node,three_node,7b142d992c86d22b,7,intent-three-node,shortest_hop_count,automatic,False,,,10,10,0.73,conservative_min,,,,,0.05,1e-05,1000.0,-1.0,False,False,,REJECTED,,,,,,,,,,,0.000473,,,,,,,,no candidate route is feasible: a->r->b (min_fidelity 0.730 exceeds the achievable estimate 0.720 (one-round static estimate (BBPSSWCircuit.improved_fidelity); SeQUeNCe's 'until_target' mode may run a different number of rounds at execution time)),,,cd46233073dd699a2079f554f754feb3dd5c4e4b,1f2680a5b9065e708a7497adc53a95b108029b98,3.13.14,2026-07-17T23:55:48.065991+00:00
P01_l1_l2_purification_three_node,P01_l1_l2_purification_three_node:three_node:7b142d992c86d22b:shortest_hop_count__automatic__conservative_min:8:intent-three-node,three_node,7b142d992c86d22b,8,intent-three-node,shortest_hop_count,automatic,False,,,10,10,0.73,conservative_min,,,,,0.05,1e-05,1000.0,-1.0,False,False,,REJECTED,,,,,,,,,,,0.000785,,,,,,,,no candidate route is feasible: a->r->b (min_fidelity 0.730 exceeds the achievable estimate 0.720 (one-round static estimate (BBPSSWCircuit.improved_fidelity); SeQUeNCe's 'until_target' mode may run a different number of rounds at execution time)),,,cd46233073dd699a2079f554f754feb3dd5c4e4b,1f2680a5b9065e708a7497adc53a95b108029b98,3.13.14,2026-07-17T23:55:48.074300+00:00
P01_l1_l2_purification_three_node,P01_l1_l2_purification_three_node:three_node:7b142d992c86d22b:shortest_hop_count__automatic__conservative_min:9:intent-three-node,three_node,7b142d992c86d22b,9,intent-three-node,shortest_hop_count,automatic,False,,,10,10,0.73,conservative_min,,,,,0.05,1e-05,1000.0,-1.0,False,False,,REJECTED,,,,,,,,,,,0.000536,,,,,,,,no candidate route is feasible: a->r->b (min_fidelity 0.730 exceeds the achievable estimate 0.720 (one-round static estimate (BBPSSWCircuit.improved_fidelity); SeQUeNCe's 'until_target' mode may run a different number of rounds at execution time)),,,cd46233073dd699a2079f554f754feb3dd5c4e4b,1f2680a5b9065e708a7497adc53a95b108029b98,3.13.14,2026-07-17T23:55:48.084316+00:00
P01_l1_l2_purification_three_node,P01_l1_l2_purification_three_node:three_node:7b142d992c86d22b:shortest_hop_count__automatic__conservative_min:10:intent-three-node,three_node,7b142d992c86d22b,10,intent-three-node,shortest_hop_count,automatic,False,,,10,10,0.73,conservative_min,,,,,0.05,1e-05,1000.0,-1.0,False,False,,REJECTED,,,,,,,,,,,0.000727,,,,,,,,no candidate route is feasible: a->r->b (min_fidelity 0.730 exceeds the achievable estimate 0.720 (one-round static estimate (BBPSSWCircuit.improved_fidelity); SeQUeNCe's 'until_target' mode may run a different number of rounds at execution time)),,,cd46233073dd699a2079f554f754feb3dd5c4e4b,1f2680a5b9065e708a7497adc53a95b108029b98,3.13.14,2026-07-17T23:55:48.094822+00:00
P01_l1_l2_purification_three_node,P01_l1_l2_purification_three_node:three_node:7b142d992c86d22b:shortest_hop_count__automatic__conservative_min:11:intent-three-node,three_node,7b142d992c86d22b,11,intent-three-node,shortest_hop_count,automatic,False,,,10,10,0.73,conservative_min,,,,,0.05,1e-05,1000.0,-1.0,False,False,,REJECTED,,,,,,,,,,,0.000742,,,,,,,,no candidate route is feasible: a->r->b (min_fidelity 0.730 exceeds the achievable estimate 0.720 (one-round static estimate (BBPSSWCircuit.improved_fidelity); SeQUeNCe's 'until_target' mode may run a different number of rounds at execution time)),,,cd46233073dd699a2079f554f754feb3dd5c4e4b,1f2680a5b9065e708a7497adc53a95b108029b98,3.13.14,2026-07-17T23:55:48.106252+00:00
P01_l1_l2_purification_three_node,P01_l1_l2_purification_three_node:three_node:7b142d992c86d22b:shortest_hop_count__automatic__conservative_min:12:intent-three-node,three_node,7b142d992c86d22b,12,intent-three-node,shortest_hop_count,automatic,False,,,10,10,0.73,conservative_min,,,,,0.05,1e-05,1000.0,-1.0,False,False,,REJECTED,,,,,,,,,,,0.000543,,,,,,,,no candidate route is feasible: a->r->b (min_fidelity 0.730 exceeds the achievable estimate 0.720 (one-round static estimate (BBPSSWCircuit.improved_fidelity); SeQUeNCe's 'until_target' mode may run a different number of rounds at execution time)),,,cd46233073dd699a2079f554f754feb3dd5c4e4b,1f2680a5b9065e708a7497adc53a95b108029b98,3.13.14,2026-07-17T23:55:48.116700+00:00
P01_l1_l2_purification_three_node,P01_l1_l2_purification_three_node:three_node:7b142d992c86d22b:shortest_hop_count__automatic__conservative_min:13:intent-three-node,three_node,7b142d992c86d22b,13,intent-three-node,shortest_hop_count,automatic,False,,,10,10,0.73,conservative_min,,,,,0.05,1e-05,1000.0,-1.0,False,False,,REJECTED,,,,,,,,,,,0.000709,,,,,,,,no candidate route is feasible: a->r->b (min_fidelity 0.730 exceeds the achievable estimate 0.720 (one-round static estimate (BBPSSWCircuit.improved_fidelity); SeQUeNCe's 'until_target' mode may run a different number of rounds at execution time)),,,cd46233073dd699a2079f554f754feb3dd5c4e4b,1f2680a5b9065e708a7497adc53a95b108029b98,3.13.14,2026-07-17T23:55:48.124405+00:00
P01_l1_l2_purification_three_node,P01_l1_l2_purification_three_node:three_node:7b142d992c86d22b:shortest_hop_count__automatic__conservative_min:14:intent-three-node,three_node,7b142d992c86d22b,14,intent-three-node,shortest_hop_count,automatic,False,,,10,10,0.73,conservative_min,,,,,0.05,1e-05,1000.0,-1.0,False,False,,REJECTED,,,,,,,,,,,0.000909,,,,,,,,no candidate route is feasible: a->r->b (min_fidelity 0.730 exceeds the achievable estimate 0.720 (one-round static estimate (BBPSSWCircuit.improved_fidelity); SeQUeNCe's 'until_target' mode may run a different number of rounds at execution time)),,,cd46233073dd699a2079f554f754feb3dd5c4e4b,1f2680a5b9065e708a7497adc53a95b108029b98,3.13.14,2026-07-17T23:55:48.134435+00:00
P01_l1_l2_purification_three_node,P01_l1_l2_purification_three_node:three_node:7b142d992c86d22b:shortest_hop_count__automatic__conservative_min:15:intent-three-node,three_node,7b142d992c86d22b,15,intent-three-node,shortest_hop_count,automatic,False,,,10,10,0.73,conservative_min,,,,,0.05,1e-05,1000.0,-1.0,False,False,,REJECTED,,,,,,,,,,,0.000708,,,,,,,,no candidate route is feasible: a->r->b (min_fidelity 0.730 exceeds the achievable estimate 0.720 (one-round static estimate (BBPSSWCircuit.improved_fidelity); SeQUeNCe's 'until_target' mode may run a different number of rounds at execution time)),,,cd46233073dd699a2079f554f754feb3dd5c4e4b,1f2680a5b9065e708a7497adc53a95b108029b98,3.13.14,2026-07-17T23:55:48.145172+00:00
P01_l1_l2_purification_three_node,P01_l1_l2_purification_three_node:three_node:7b142d992c86d22b:shortest_hop_count__automatic__conservative_min:16:intent-three-node,three_node,7b142d992c86d22b,16,intent-three-node,shortest_hop_count,automatic,False,,,10,10,0.73,conservative_min,,,,,0.05,1e-05,1000.0,-1.0,False,False,,REJECTED,,,,,,,,,,,0.001015,,,,,,,,no candidate route is feasible: a->r->b (min_fidelity 0.730 exceeds the achievable estimate 0.720 (one-round static estimate (BBPSSWCircuit.improved_fidelity); SeQUeNCe's 'until_target' mode may run a different number of rounds at execution time)),,,cd46233073dd699a2079f554f754feb3dd5c4e4b,1f2680a5b9065e708a7497adc53a95b108029b98,3.13.14,2026-07-17T23:55:48.155046+00:00
P01_l1_l2_purification_three_node,P01_l1_l2_purification_three_node:three_node:7b142d992c86d22b:shortest_hop_count__automatic__conservative_min:17:intent-three-node,three_node,7b142d992c86d22b,17,intent-three-node,shortest_hop_count,automatic,False,,,10,10,0.73,conservative_min,,,,,0.05,1e-05,1000.0,-1.0,False,False,,REJECTED,,,,,,,,,,,0.00046,,,,,,,,no candidate route is feasible: a->r->b (min_fidelity 0.730 exceeds the achievable estimate 0.720 (one-round static estimate (BBPSSWCircuit.improved_fidelity); SeQUeNCe's 'until_target' mode may run a different number of rounds at execution time)),,,cd46233073dd699a2079f554f754feb3dd5c4e4b,1f2680a5b9065e708a7497adc53a95b108029b98,3.13.14,2026-07-17T23:55:48.163867+00:00
P01_l1_l2_purification_three_node,P01_l1_l2_purification_three_node:three_node:7b142d992c86d22b:shortest_hop_count__automatic__conservative_min:18:intent-three-node,three_node,7b142d992c86d22b,18,intent-three-node,shortest_hop_count,automatic,False,,,10,10,0.73,conservative_min,,,,,0.05,1e-05,1000.0,-1.0,False,False,,REJECTED,,,,,,,,,,,0.000701,,,,,,,,no candidate route is feasible: a->r->b (min_fidelity 0.730 exceeds the achievable estimate 0.720 (one-round static estimate (BBPSSWCircuit.improved_fidelity); SeQUeNCe's 'until_target' mode may run a different number of rounds at execution time)),,,cd46233073dd699a2079f554f754feb3dd5c4e4b,1f2680a5b9065e708a7497adc53a95b108029b98,3.13.14,2026-07-17T23:55:48.170816+00:00
P01_l1_l2_purification_three_node,P01_l1_l2_purification_three_node:three_node:7b142d992c86d22b:shortest_hop_count__automatic__conservative_min:19:intent-three-node,three_node,7b142d992c86d22b,19,intent-three-node,shortest_hop_count,automatic,False,,,10,10,0.73,conservative_min,,,,,0.05,1e-05,1000.0,-1.0,False,False,,REJECTED,,,,,,,,,,,0.000529,,,,,,,,no candidate route is feasible: a->r->b (min_fidelity 0.730 exceeds the achievable estimate 0.720 (one-round static estimate (BBPSSWCircuit.improved_fidelity); SeQUeNCe's 'until_target' mode may run a different number of rounds at execution time)),,,cd46233073dd699a2079f554f754feb3dd5c4e4b,1f2680a5b9065e708a7497adc53a95b108029b98,3.13.14,2026-07-17T23:55:48.180394+00:00
P01_l1_l2_purification_three_node,P01_l1_l2_purification_three_node:three_node:a93bcf71adc1e9f1:shortest_hop_count__iterative_analytical__conservative_min:0:intent-three-node,three_node,a93bcf71adc1e9f1,0,intent-three-node,shortest_hop_count,iterative_analytical,False,a -> r -> b,2,10,10,0.73,conservative_min,0.7572267420113338,0.7572267420113338,0.0,0.0,0.05,1e-05,1000.0,-1.0,True,True,,SATISFIED,31,21,3.1,3.1,0.7572267420113338,0.7572267420113338,620.0,671.3037151246893,0.0028625625099999996,0.01889547501,0.000556,5.140007,550,180,120,96,0,0,,,,cd46233073dd699a2079f554f754feb3dd5c4e4b,1f2680a5b9065e708a7497adc53a95b108029b98,3.13.14,2026-07-17T23:55:53.342208+00:00
P01_l1_l2_purification_three_node,P01_l1_l2_purification_three_node:three_node:a93bcf71adc1e9f1:shortest_hop_count__iterative_analytical__conservative_min:1:intent-three-node,three_node,a93bcf71adc1e9f1,1,intent-three-node,shortest_hop_count,iterative_analytical,False,a -> r -> b,2,10,10,0.73,conservative_min,0.7572267420113338,0.7572267420113339,1.1102230246251565e-16,1.466169857757796e-16,0.05,1e-05,1000.0,-1.0,True,True,,SATISFIED,27,17,2.7,2.7,0.7572267420113339,0.7572267420113338,540.0,596.7994969201278,0.0028625625099999996,0.01906317501,0.001542,5.455981,583,198,129,94,0,0,,,,cd46233073dd699a2079f554f754feb3dd5c4e4b,1f2680a5b9065e708a7497adc53a95b108029b98,3.13.14,2026-07-17T23:55:58.821136+00:00
P01_l1_l2_purification_three_node,P01_l1_l2_purification_three_node:three_node:a93bcf71adc1e9f1:shortest_hop_count__iterative_analytical__conservative_min:2:intent-three-node,three_node,a93bcf71adc1e9f1,2,intent-three-node,shortest_hop_count,iterative_analytical,False,a -> r -> b,2,10,10,0.73,conservative_min,0.7572267420113338,0.7572267420113338,0.0,0.0,0.05,1e-05,1000.0,-1.0,True,True,,SATISFIED,24,14,2.4,2.4,0.7572267420113338,0.7572267420113338,480.0,528.3297570178427,0.0033151000099999987,0.02140555001,0.000642,5.428335,571,182,116,78,0,0,,,,cd46233073dd699a2079f554f754feb3dd5c4e4b,1f2680a5b9065e708a7497adc53a95b108029b98,3.13.14,2026-07-17T23:56:04.266970+00:00
P01_l1_l2_purification_three_node,P01_l1_l2_purification_three_node:three_node:a93bcf71adc1e9f1:shortest_hop_count__iterative_analytical__conservative_min:3:intent-three-node,three_node,a93bcf71adc1e9f1,3,intent-three-node,shortest_hop_count,iterative_analytical,False,a -> r -> b,2,10,10,0.73,conservative_min,0.7572267420113338,0.7572267420113339,1.1102230246251565e-16,1.466169857757796e-16,0.05,1e-05,1000.0,-1.0,True,True,,SATISFIED,27,17,2.7,2.7,0.7572267420113339,0.7572267420113338,540.0,590.4719155428337,0.0031151250100000007,0.01869045001,0.000658,6.363744,456,177,117,91,0,0,,,,cd46233073dd699a2079f554f754feb3dd5c4e4b,1f2680a5b9065e708a7497adc53a95b108029b98,3.13.14,2026-07-17T23:56:10.649403+00:00
P01_l1_l2_purification_three_node,P01_l1_l2_purification_three_node:three_node:a93bcf71adc1e9f1:shortest_hop_count__iterative_analytical__conservative_min:4:intent-three-node,three_node,a93bcf71adc1e9f1,4,intent-three-node,shortest_hop_count,iterative_analytical,False,a -> r -> b,2,10,10,0.73,conservative_min,0.7572267420113338,0.7572267420113338,0.0,0.0,0.05,1e-05,1000.0,-1.0,True,True,,SATISFIED,28,18,2.8,2.8,0.7572267420113338,0.7572267420113338,560.0,657.26118092229,0.00533523751,0.01608552501,0.000951,6.986647,555,190,125,94,0,0,,,,cd46233073dd699a2079f554f754feb3dd5c4e4b,1f2680a5b9065e708a7497adc53a95b108029b98,3.13.14,2026-07-17T23:56:17.663502+00:00
P01_l1_l2_purification_three_node,P01_l1_l2_purification_three_node:three_node:a93bcf71adc1e9f1:shortest_hop_count__iterative_analytical__conservative_min:5:intent-three-node,three_node,a93bcf71adc1e9f1,5,intent-three-node,shortest_hop_count,iterative_analytical,False,a -> r -> b,2,10,10,0.73,conservative_min,0.7572267420113338,0.7572267420113339,1.1102230246251565e-16,1.466169857757796e-16,0.05,1e-05,1000.0,-1.0,True,True,,SATISFIED,27,17,2.7,2.7,0.7572267420113339,0.7572267420113338,540.0,593.6187631898105,0.0031676000100000004,0.01971057501,0.001074,5.982457,571,193,126,91,0,0,,,,cd46233073dd699a2079f554f754feb3dd5c4e4b,1f2680a5b9065e708a7497adc53a95b108029b98,3.13.14,2026-07-17T23:56:23.672649+00:00
P01_l1_l2_purification_three_node,P01_l1_l2_purification_three_node:three_node:a93bcf71adc1e9f1:shortest_hop_count__iterative_analytical__conservative_min:6:intent-three-node,three_node,a93bcf71adc1e9f1,6,intent-three-node,shortest_hop_count,iterative_analytical,False,a -> r -> b,2,10,10,0.73,conservative_min,0.7572267420113338,0.7572267420113338,0.0,0.0,0.05,1e-05,1000.0,-1.0,True,True,,SATISFIED,34,24,3.4,3.4,0.7572267420113338,0.7572267420113338,680.0,734.5994731409368,0.0033201000100000003,0.01508045001,0.000723,5.313707,562,185,129,111,0,0,,,,cd46233073dd699a2079f554f754feb3dd5c4e4b,1f2680a5b9065e708a7497adc53a95b108029b98,3.13.14,2026-07-17T23:56:29.005065+00:00
P01_l1_l2_purification_three_node,P01_l1_l2_purification_three_node:three_node:a93bcf71adc1e9f1:shortest_hop_count__iterative_analytical__conservative_min:7:intent-three-node,three_node,a93bcf71adc1e9f1,7,intent-three-node,shortest_hop_count,iterative_analytical,False,a -> r -> b,2,10,10,0.73,conservative_min,0.7572267420113338,0.7572267420113338,0.0,0.0,0.05,1e-05,1000.0,-1.0,True,True,,SATISFIED,31,21,3.1,3.1,0.7572267420113338,0.7572267420113338,620.0,685.1390846155056,0.002410062509999998,0.021110575009999997,0.001519,5.546145,602,199,130,97,0,0,,,,cd46233073dd699a2079f554f754feb3dd5c4e4b,1f2680a5b9065e708a7497adc53a95b108029b98,3.13.14,2026-07-17T23:56:34.572227+00:00
P01_l1_l2_purification_three_node,P01_l1_l2_purification_three_node:three_node:a93bcf71adc1e9f1:shortest_hop_count__iterative_analytical__conservative_min:8:intent-three-node,three_node,a93bcf71adc1e9f1,8,intent-three-node,shortest_hop_count,iterative_analytical,False,a -> r -> b,2,10,10,0.73,conservative_min,0.7572267420113338,0.7572267420113339,1.1102230246251565e-16,1.466169857757796e-16,0.05,1e-05,1000.0,-1.0,True,True,,SATISFIED,27,17,2.7,2.7,0.7572267420113339,0.7572267420113338,540.0,584.683564382593,0.003315062510000001,0.01783301251,0.00101,5.737805,576,195,129,94,0,0,,,,cd46233073dd699a2079f554f754feb3dd5c4e4b,1f2680a5b9065e708a7497adc53a95b108029b98,3.13.14,2026-07-17T23:56:40.329965+00:00
P01_l1_l2_purification_three_node,P01_l1_l2_purification_three_node:three_node:a93bcf71adc1e9f1:shortest_hop_count__iterative_analytical__conservative_min:9:intent-three-node,three_node,a93bcf71adc1e9f1,9,intent-three-node,shortest_hop_count,iterative_analytical,False,a -> r -> b,2,10,10,0.73,conservative_min,0.7572267420113338,0.7572267420113338,0.0,0.0,0.05,1e-05,1000.0,-1.0,True,True,,SATISFIED,34,24,3.4,3.4,0.7572267420113338,0.7572267420113338,680.0,760.0947994705047,0.004220087509999998,0.01759051251,0.000571,5.652133,608,196,131,104,0,0,,,,cd46233073dd699a2079f554f754feb3dd5c4e4b,1f2680a5b9065e708a7497adc53a95b108029b98,3.13.14,2026-07-17T23:56:46.006194+00:00
P01_l1_l2_purification_three_node,P01_l1_l2_purification_three_node:three_node:a93bcf71adc1e9f1:shortest_hop_count__iterative_analytical__conservative_min:10:intent-three-node,three_node,a93bcf71adc1e9f1,10,intent-three-node,shortest_hop_count,iterative_analytical,False,a -> r -> b,2,10,10,0.73,conservative_min,0.7572267420113338,0.7572267420113338,0.0,0.0,0.05,1e-05,1000.0,-1.0,True,True,,SATISFIED,30,20,3.0,3.0,0.7572267420113338,0.7572267420113338,600.0,639.8802144238598,0.0026625500100000005,0.019343000009999996,0.000598,5.422435,573,183,121,92,0,0,,,,cd46233073dd699a2079f554f754feb3dd5c4e4b,1f2680a5b9065e708a7497adc53a95b108029b98,3.13.14,2026-07-17T23:56:51.447413+00:00
P01_l1_l2_purification_three_node,P01_l1_l2_purification_three_node:three_node:a93bcf71adc1e9f1:shortest_hop_count__iterative_analytical__conservative_min:11:intent-three-node,three_node,a93bcf71adc1e9f1,11,intent-three-node,shortest_hop_count,iterative_analytical,False,a -> r -> b,2,10,10,0.73,conservative_min,0.7572267420113338,0.7572267420113338,0.0,0.0,0.05,1e-05,1000.0,-1.0,True,True,,SATISFIED,29,19,2.9,2.9,0.7572267420113338,0.7572267420113338,580.0,619.6078096222956,0.0026101500099999994,0.018653087510000003,0.001064,5.839306,608,199,132,99,0,0,,,,cd46233073dd699a2079f554f754feb3dd5c4e4b,1f2680a5b9065e708a7497adc53a95b108029b98,3.13.14,2026-07-17T23:56:57.314032+00:00
P01_l1_l2_purification_three_node,P01_l1_l2_purification_three_node:three_node:a93bcf71adc1e9f1:shortest_hop_count__iterative_analytical__conservative_min:12:intent-three-node,three_node,a93bcf71adc1e9f1,12,intent-three-node,shortest_hop_count,iterative_analytical,False,a -> r -> b,2,10,10,0.73,conservative_min,0.7572267420113338,0.7572267420113338,0.0,0.0,0.05,1e-05,1000.0,-1.0,True,True,,SATISFIED,25,15,2.5,2.5,0.7572267420113338,0.7572267420113338,500.0,570.4345484825157,0.0033150875099999984,0.021700550009999996,0.001282,5.196596,596,195,131,95,0,0,,,,cd46233073dd699a2079f554f754feb3dd5c4e4b,1f2680a5b9065e708a7497adc53a95b108029b98,3.13.14,2026-07-17T23:57:02.528254+00:00
P01_l1_l2_purification_three_node,P01_l1_l2_purification_three_node:three_node:a93bcf71adc1e9f1:shortest_hop_count__iterative_analytical__conservative_min:13:intent-three-node,three_node,a93bcf71adc1e9f1,13,intent-three-node,shortest_hop_count,iterative_analytical,False,a -> r -> b,2,10,10,0.73,conservative_min,0.7572267420113338,0.7572267420113338,0.0,0.0,0.05,1e-05,1000.0,-1.0,True,True,,SATISFIED,30,20,3.0,3.0,0.7572267420113338,0.7572267420113338,600.0,665.7261435649523,0.004620200009999999,0.02090055001,0.000904,4.815864,500,176,118,93,0,0,,,,cd46233073dd699a2079f554f754feb3dd5c4e4b,1f2680a5b9065e708a7497adc53a95b108029b98,3.13.14,2026-07-17T23:57:07.361354+00:00
P01_l1_l2_purification_three_node,P01_l1_l2_purification_three_node:three_node:a93bcf71adc1e9f1:shortest_hop_count__iterative_analytical__conservative_min:14:intent-three-node,three_node,a93bcf71adc1e9f1,14,intent-three-node,shortest_hop_count,iterative_analytical,False,a -> r -> b,2,10,10,0.73,conservative_min,0.7572267420113338,0.7572267420113338,0.0,0.0,0.05,1e-05,1000.0,-1.0,True,True,,SATISFIED,31,21,3.1,3.1,0.7572267420113338,0.7572267420113338,620.0,664.7182559508365,0.0026101500099999994,0.01702801251,0.000602,6.145008,534,200,132,100,0,0,,,,cd46233073dd699a2079f554f754feb3dd5c4e4b,1f2680a5b9065e708a7497adc53a95b108029b98,3.13.14,2026-07-17T23:57:13.522381+00:00
P01_l1_l2_purification_three_node,P01_l1_l2_purification_three_node:three_node:a93bcf71adc1e9f1:shortest_hop_count__iterative_analytical__conservative_min:15:intent-three-node,three_node,a93bcf71adc1e9f1,15,intent-three-node,shortest_hop_count,iterative_analytical,False,a -> r -> b,2,10,10,0.73,conservative_min,0.7572267420113338,0.7572267420113338,0.0,0.0,0.05,1e-05,1000.0,-1.0,True,True,,SATISFIED,25,15,2.5,2.5,0.7572267420113338,0.7572267420113338,500.0,547.4214805999303,0.0026625500100000005,0.026130687509999997,0.000639,6.417223,562,194,127,88,0,0,,,,cd46233073dd699a2079f554f754feb3dd5c4e4b,1f2680a5b9065e708a7497adc53a95b108029b98,3.13.14,2026-07-17T23:57:19.958009+00:00
P01_l1_l2_purification_three_node,P01_l1_l2_purification_three_node:three_node:a93bcf71adc1e9f1:shortest_hop_count__iterative_analytical__conservative_min:16:intent-three-node,three_node,a93bcf71adc1e9f1,16,intent-three-node,shortest_hop_count,iterative_analytical,False,a -> r -> b,2,10,10,0.73,conservative_min,0.7572267420113338,0.7572267420113338,0.0,0.0,0.05,1e-05,1000.0,-1.0,True,True,,SATISFIED,33,23,3.3,3.3,0.7572267420113338,0.7572267420113338,660.0,698.4683171861041,0.00241012501,0.01623295001,0.000621,6.341778,584,199,132,103,0,0,,,,cd46233073dd699a2079f554f754feb3dd5c4e4b,1f2680a5b9065e708a7497adc53a95b108029b98,3.13.14,2026-07-17T23:57:26.328802+00:00
P01_l1_l2_purification_three_node,P01_l1_l2_purification_three_node:three_node:a93bcf71adc1e9f1:shortest_hop_count__iterative_analytical__conservative_min:17:intent-three-node,three_node,a93bcf71adc1e9f1,17,intent-three-node,shortest_hop_count,iterative_analytical,False,a -> r -> b,2,10,10,0.73,conservative_min,0.7572267420113338,0.7572267420113338,0.0,0.0,0.05,1e-05,1000.0,-1.0,True,True,,SATISFIED,31,21,3.1,3.1,0.7572267420113338,0.7572267420113338,620.0,683.1395108610917,0.003167625010000001,0.018453100009999997,0.001028,5.911882,565,196,130,100,0,0,,,,cd46233073dd699a2079f554f754feb3dd5c4e4b,1f2680a5b9065e708a7497adc53a95b108029b98,3.13.14,2026-07-17T23:57:32.265351+00:00
P01_l1_l2_purification_three_node,P01_l1_l2_purification_three_node:three_node:a93bcf71adc1e9f1:shortest_hop_count__iterative_analytical__conservative_min:18:intent-three-node,three_node,a93bcf71adc1e9f1,18,intent-three-node,shortest_hop_count,iterative_analytical,False,a -> r -> b,2,10,10,0.73,conservative_min,0.7572267420113338,0.7572267420113338,0.0,0.0,0.05,1e-05,1000.0,-1.0,True,True,,SATISFIED,29,19,2.9,2.9,0.7572267420113338,0.7572267420113338,580.0,655.6457884931904,0.0033150875099999984,0.015322900009999998,0.001142,5.598142,595,195,130,101,0,0,,,,cd46233073dd699a2079f554f754feb3dd5c4e4b,1f2680a5b9065e708a7497adc53a95b108029b98,3.13.14,2026-07-17T23:57:37.882557+00:00
P01_l1_l2_purification_three_node,P01_l1_l2_purification_three_node:three_node:a93bcf71adc1e9f1:shortest_hop_count__iterative_analytical__conservative_min:19:intent-three-node,three_node,a93bcf71adc1e9f1,19,intent-three-node,shortest_hop_count,iterative_analytical,False,a -> r -> b,2,10,10,0.73,conservative_min,0.7572267420113338,0.7572267420113338,0.0,0.0,0.05,1e-05,1000.0,-1.0,True,True,,SATISFIED,35,25,3.5,3.5,0.7572267420113338,0.7572267420113338,700.0,735.5465754658966,0.0024101375100000003,0.018838000009999998,0.00068,5.193102,514,190,129,105,0,0,,,,cd46233073dd699a2079f554f754feb3dd5c4e4b,1f2680a5b9065e708a7497adc53a95b108029b98,3.13.14,2026-07-17T23:57:43.091134+00:00
P01_l1_l2_purification_three_node,P01_l1_l2_purification_three_node:three_node:4d4a266b04db831c:shortest_hop_count__automatic__conservative_min:0:intent-three-node,three_node,4d4a266b04db831c,0,intent-three-node,shortest_hop_count,automatic,False,,,10,10,0.735,conservative_min,,,,,0.05,1e-05,1000.0,-1.0,False,False,,REJECTED,,,,,,,,,,,0.000889,,,,,,,,no candidate route is feasible: a->r->b (min_fidelity 0.735 exceeds the achievable estimate 0.720 (one-round static estimate (BBPSSWCircuit.improved_fidelity); SeQUeNCe's 'until_target' mode may run a different number of rounds at execution time)),,,cd46233073dd699a2079f554f754feb3dd5c4e4b,1f2680a5b9065e708a7497adc53a95b108029b98,3.13.14,2026-07-17T23:57:43.102849+00:00
P01_l1_l2_purification_three_node,P01_l1_l2_purification_three_node:three_node:4d4a266b04db831c:shortest_hop_count__automatic__conservative_min:1:intent-three-node,three_node,4d4a266b04db831c,1,intent-three-node,shortest_hop_count,automatic,False,,,10,10,0.735,conservative_min,,,,,0.05,1e-05,1000.0,-1.0,False,False,,REJECTED,,,,,,,,,,,0.000499,,,,,,,,no candidate route is feasible: a->r->b (min_fidelity 0.735 exceeds the achievable estimate 0.720 (one-round static estimate (BBPSSWCircuit.improved_fidelity); SeQUeNCe's 'until_target' mode may run a different number of rounds at execution time)),,,cd46233073dd699a2079f554f754feb3dd5c4e4b,1f2680a5b9065e708a7497adc53a95b108029b98,3.13.14,2026-07-17T23:57:43.114391+00:00
P01_l1_l2_purification_three_node,P01_l1_l2_purification_three_node:three_node:4d4a266b04db831c:shortest_hop_count__automatic__conservative_min:2:intent-three-node,three_node,4d4a266b04db831c,2,intent-three-node,shortest_hop_count,automatic,False,,,10,10,0.735,conservative_min,,,,,0.05,1e-05,1000.0,-1.0,False,False,,REJECTED,,,,,,,,,,,0.000676,,,,,,,,no candidate route is feasible: a->r->b (min_fidelity 0.735 exceeds the achievable estimate 0.720 (one-round static estimate (BBPSSWCircuit.improved_fidelity); SeQUeNCe's 'until_target' mode may run a different number of rounds at execution time)),,,cd46233073dd699a2079f554f754feb3dd5c4e4b,1f2680a5b9065e708a7497adc53a95b108029b98,3.13.14,2026-07-17T23:57:43.125122+00:00
P01_l1_l2_purification_three_node,P01_l1_l2_purification_three_node:three_node:4d4a266b04db831c:shortest_hop_count__automatic__conservative_min:3:intent-three-node,three_node,4d4a266b04db831c,3,intent-three-node,shortest_hop_count,automatic,False,,,10,10,0.735,conservative_min,,,,,0.05,1e-05,1000.0,-1.0,False,False,,REJECTED,,,,,,,,,,,0.000664,,,,,,,,no candidate route is feasible: a->r->b (min_fidelity 0.735 exceeds the achievable estimate 0.720 (one-round static estimate (BBPSSWCircuit.improved_fidelity); SeQUeNCe's 'until_target' mode may run a different number of rounds at execution time)),,,cd46233073dd699a2079f554f754feb3dd5c4e4b,1f2680a5b9065e708a7497adc53a95b108029b98,3.13.14,2026-07-17T23:57:43.135248+00:00
P01_l1_l2_purification_three_node,P01_l1_l2_purification_three_node:three_node:4d4a266b04db831c:shortest_hop_count__automatic__conservative_min:4:intent-three-node,three_node,4d4a266b04db831c,4,intent-three-node,shortest_hop_count,automatic,False,,,10,10,0.735,conservative_min,,,,,0.05,1e-05,1000.0,-1.0,False,False,,REJECTED,,,,,,,,,,,0.000982,,,,,,,,no candidate route is feasible: a->r->b (min_fidelity 0.735 exceeds the achievable estimate 0.720 (one-round static estimate (BBPSSWCircuit.improved_fidelity); SeQUeNCe's 'until_target' mode may run a different number of rounds at execution time)),,,cd46233073dd699a2079f554f754feb3dd5c4e4b,1f2680a5b9065e708a7497adc53a95b108029b98,3.13.14,2026-07-17T23:57:43.146159+00:00
P01_l1_l2_purification_three_node,P01_l1_l2_purification_three_node:three_node:4d4a266b04db831c:shortest_hop_count__automatic__conservative_min:5:intent-three-node,three_node,4d4a266b04db831c,5,intent-three-node,shortest_hop_count,automatic,False,,,10,10,0.735,conservative_min,,,,,0.05,1e-05,1000.0,-1.0,False,False,,REJECTED,,,,,,,,,,,0.000895,,,,,,,,no candidate route is feasible: a->r->b (min_fidelity 0.735 exceeds the achievable estimate 0.720 (one-round static estimate (BBPSSWCircuit.improved_fidelity); SeQUeNCe's 'until_target' mode may run a different number of rounds at execution time)),,,cd46233073dd699a2079f554f754feb3dd5c4e4b,1f2680a5b9065e708a7497adc53a95b108029b98,3.13.14,2026-07-17T23:57:43.154632+00:00
P01_l1_l2_purification_three_node,P01_l1_l2_purification_three_node:three_node:4d4a266b04db831c:shortest_hop_count__automatic__conservative_min:6:intent-three-node,three_node,4d4a266b04db831c,6,intent-three-node,shortest_hop_count,automatic,False,,,10,10,0.735,conservative_min,,,,,0.05,1e-05,1000.0,-1.0,False,False,,REJECTED,,,,,,,,,,,0.000512,,,,,,,,no candidate route is feasible: a->r->b (min_fidelity 0.735 exceeds the achievable estimate 0.720 (one-round static estimate (BBPSSWCircuit.improved_fidelity); SeQUeNCe's 'until_target' mode may run a different number of rounds at execution time)),,,cd46233073dd699a2079f554f754feb3dd5c4e4b,1f2680a5b9065e708a7497adc53a95b108029b98,3.13.14,2026-07-17T23:57:43.164162+00:00
P01_l1_l2_purification_three_node,P01_l1_l2_purification_three_node:three_node:4d4a266b04db831c:shortest_hop_count__automatic__conservative_min:7:intent-three-node,three_node,4d4a266b04db831c,7,intent-three-node,shortest_hop_count,automatic,False,,,10,10,0.735,conservative_min,,,,,0.05,1e-05,1000.0,-1.0,False,False,,REJECTED,,,,,,,,,,,0.00063,,,,,,,,no candidate route is feasible: a->r->b (min_fidelity 0.735 exceeds the achievable estimate 0.720 (one-round static estimate (BBPSSWCircuit.improved_fidelity); SeQUeNCe's 'until_target' mode may run a different number of rounds at execution time)),,,cd46233073dd699a2079f554f754feb3dd5c4e4b,1f2680a5b9065e708a7497adc53a95b108029b98,3.13.14,2026-07-17T23:57:43.172694+00:00
P01_l1_l2_purification_three_node,P01_l1_l2_purification_three_node:three_node:4d4a266b04db831c:shortest_hop_count__automatic__conservative_min:8:intent-three-node,three_node,4d4a266b04db831c,8,intent-three-node,shortest_hop_count,automatic,False,,,10,10,0.735,conservative_min,,,,,0.05,1e-05,1000.0,-1.0,False,False,,REJECTED,,,,,,,,,,,0.000549,,,,,,,,no candidate route is feasible: a->r->b (min_fidelity 0.735 exceeds the achievable estimate 0.720 (one-round static estimate (BBPSSWCircuit.improved_fidelity); SeQUeNCe's 'until_target' mode may run a different number of rounds at execution time)),,,cd46233073dd699a2079f554f754feb3dd5c4e4b,1f2680a5b9065e708a7497adc53a95b108029b98,3.13.14,2026-07-17T23:57:43.182449+00:00
P01_l1_l2_purification_three_node,P01_l1_l2_purification_three_node:three_node:4d4a266b04db831c:shortest_hop_count__automatic__conservative_min:9:intent-three-node,three_node,4d4a266b04db831c,9,intent-three-node,shortest_hop_count,automatic,False,,,10,10,0.735,conservative_min,,,,,0.05,1e-05,1000.0,-1.0,False,False,,REJECTED,,,,,,,,,,,0.000467,,,,,,,,no candidate route is feasible: a->r->b (min_fidelity 0.735 exceeds the achievable estimate 0.720 (one-round static estimate (BBPSSWCircuit.improved_fidelity); SeQUeNCe's 'until_target' mode may run a different number of rounds at execution time)),,,cd46233073dd699a2079f554f754feb3dd5c4e4b,1f2680a5b9065e708a7497adc53a95b108029b98,3.13.14,2026-07-17T23:57:43.187511+00:00
P01_l1_l2_purification_three_node,P01_l1_l2_purification_three_node:three_node:4d4a266b04db831c:shortest_hop_count__automatic__conservative_min:10:intent-three-node,three_node,4d4a266b04db831c,10,intent-three-node,shortest_hop_count,automatic,False,,,10,10,0.735,conservative_min,,,,,0.05,1e-05,1000.0,-1.0,False,False,,REJECTED,,,,,,,,,,,0.000441,,,,,,,,no candidate route is feasible: a->r->b (min_fidelity 0.735 exceeds the achievable estimate 0.720 (one-round static estimate (BBPSSWCircuit.improved_fidelity); SeQUeNCe's 'until_target' mode may run a different number of rounds at execution time)),,,cd46233073dd699a2079f554f754feb3dd5c4e4b,1f2680a5b9065e708a7497adc53a95b108029b98,3.13.14,2026-07-17T23:57:43.193683+00:00
P01_l1_l2_purification_three_node,P01_l1_l2_purification_three_node:three_node:4d4a266b04db831c:shortest_hop_count__automatic__conservative_min:11:intent-three-node,three_node,4d4a266b04db831c,11,intent-three-node,shortest_hop_count,automatic,False,,,10,10,0.735,conservative_min,,,,,0.05,1e-05,1000.0,-1.0,False,False,,REJECTED,,,,,,,,,,,0.000506,,,,,,,,no candidate route is feasible: a->r->b (min_fidelity 0.735 exceeds the achievable estimate 0.720 (one-round static estimate (BBPSSWCircuit.improved_fidelity); SeQUeNCe's 'until_target' mode may run a different number of rounds at execution time)),,,cd46233073dd699a2079f554f754feb3dd5c4e4b,1f2680a5b9065e708a7497adc53a95b108029b98,3.13.14,2026-07-17T23:57:43.199637+00:00
P01_l1_l2_purification_three_node,P01_l1_l2_purification_three_node:three_node:4d4a266b04db831c:shortest_hop_count__automatic__conservative_min:12:intent-three-node,three_node,4d4a266b04db831c,12,intent-three-node,shortest_hop_count,automatic,False,,,10,10,0.735,conservative_min,,,,,0.05,1e-05,1000.0,-1.0,False,False,,REJECTED,,,,,,,,,,,0.000528,,,,,,,,no candidate route is feasible: a->r->b (min_fidelity 0.735 exceeds the achievable estimate 0.720 (one-round static estimate (BBPSSWCircuit.improved_fidelity); SeQUeNCe's 'until_target' mode may run a different number of rounds at execution time)),,,cd46233073dd699a2079f554f754feb3dd5c4e4b,1f2680a5b9065e708a7497adc53a95b108029b98,3.13.14,2026-07-17T23:57:43.206330+00:00
P01_l1_l2_purification_three_node,P01_l1_l2_purification_three_node:three_node:4d4a266b04db831c:shortest_hop_count__automatic__conservative_min:13:intent-three-node,three_node,4d4a266b04db831c,13,intent-three-node,shortest_hop_count,automatic,False,,,10,10,0.735,conservative_min,,,,,0.05,1e-05,1000.0,-1.0,False,False,,REJECTED,,,,,,,,,,,0.000867,,,,,,,,no candidate route is feasible: a->r->b (min_fidelity 0.735 exceeds the achievable estimate 0.720 (one-round static estimate (BBPSSWCircuit.improved_fidelity); SeQUeNCe's 'until_target' mode may run a different number of rounds at execution time)),,,cd46233073dd699a2079f554f754feb3dd5c4e4b,1f2680a5b9065e708a7497adc53a95b108029b98,3.13.14,2026-07-17T23:57:43.213573+00:00
P01_l1_l2_purification_three_node,P01_l1_l2_purification_three_node:three_node:4d4a266b04db831c:shortest_hop_count__automatic__conservative_min:14:intent-three-node,three_node,4d4a266b04db831c,14,intent-three-node,shortest_hop_count,automatic,False,,,10,10,0.735,conservative_min,,,,,0.05,1e-05,1000.0,-1.0,False,False,,REJECTED,,,,,,,,,,,0.000412,,,,,,,,no candidate route is feasible: a->r->b (min_fidelity 0.735 exceeds the achievable estimate 0.720 (one-round static estimate (BBPSSWCircuit.improved_fidelity); SeQUeNCe's 'until_target' mode may run a different number of rounds at execution time)),,,cd46233073dd699a2079f554f754feb3dd5c4e4b,1f2680a5b9065e708a7497adc53a95b108029b98,3.13.14,2026-07-17T23:57:43.220550+00:00
P01_l1_l2_purification_three_node,P01_l1_l2_purification_three_node:three_node:4d4a266b04db831c:shortest_hop_count__automatic__conservative_min:15:intent-three-node,three_node,4d4a266b04db831c,15,intent-three-node,shortest_hop_count,automatic,False,,,10,10,0.735,conservative_min,,,,,0.05,1e-05,1000.0,-1.0,False,False,,REJECTED,,,,,,,,,,,0.00065,,,,,,,,no candidate route is feasible: a->r->b (min_fidelity 0.735 exceeds the achievable estimate 0.720 (one-round static estimate (BBPSSWCircuit.improved_fidelity); SeQUeNCe's 'until_target' mode may run a different number of rounds at execution time)),,,cd46233073dd699a2079f554f754feb3dd5c4e4b,1f2680a5b9065e708a7497adc53a95b108029b98,3.13.14,2026-07-17T23:57:43.227896+00:00
P01_l1_l2_purification_three_node,P01_l1_l2_purification_three_node:three_node:4d4a266b04db831c:shortest_hop_count__automatic__conservative_min:16:intent-three-node,three_node,4d4a266b04db831c,16,intent-three-node,shortest_hop_count,automatic,False,,,10,10,0.735,conservative_min,,,,,0.05,1e-05,1000.0,-1.0,False,False,,REJECTED,,,,,,,,,,,0.000685,,,,,,,,no candidate route is feasible: a->r->b (min_fidelity 0.735 exceeds the achievable estimate 0.720 (one-round static estimate (BBPSSWCircuit.improved_fidelity); SeQUeNCe's 'until_target' mode may run a different number of rounds at execution time)),,,cd46233073dd699a2079f554f754feb3dd5c4e4b,1f2680a5b9065e708a7497adc53a95b108029b98,3.13.14,2026-07-17T23:57:43.234521+00:00
P01_l1_l2_purification_three_node,P01_l1_l2_purification_three_node:three_node:4d4a266b04db831c:shortest_hop_count__automatic__conservative_min:17:intent-three-node,three_node,4d4a266b04db831c,17,intent-three-node,shortest_hop_count,automatic,False,,,10,10,0.735,conservative_min,,,,,0.05,1e-05,1000.0,-1.0,False,False,,REJECTED,,,,,,,,,,,0.000425,,,,,,,,no candidate route is feasible: a->r->b (min_fidelity 0.735 exceeds the achievable estimate 0.720 (one-round static estimate (BBPSSWCircuit.improved_fidelity); SeQUeNCe's 'until_target' mode may run a different number of rounds at execution time)),,,cd46233073dd699a2079f554f754feb3dd5c4e4b,1f2680a5b9065e708a7497adc53a95b108029b98,3.13.14,2026-07-17T23:57:43.241000+00:00
P01_l1_l2_purification_three_node,P01_l1_l2_purification_three_node:three_node:4d4a266b04db831c:shortest_hop_count__automatic__conservative_min:18:intent-three-node,three_node,4d4a266b04db831c,18,intent-three-node,shortest_hop_count,automatic,False,,,10,10,0.735,conservative_min,,,,,0.05,1e-05,1000.0,-1.0,False,False,,REJECTED,,,,,,,,,,,0.000444,,,,,,,,no candidate route is feasible: a->r->b (min_fidelity 0.735 exceeds the achievable estimate 0.720 (one-round static estimate (BBPSSWCircuit.improved_fidelity); SeQUeNCe's 'until_target' mode may run a different number of rounds at execution time)),,,cd46233073dd699a2079f554f754feb3dd5c4e4b,1f2680a5b9065e708a7497adc53a95b108029b98,3.13.14,2026-07-17T23:57:43.246894+00:00
P01_l1_l2_purification_three_node,P01_l1_l2_purification_three_node:three_node:4d4a266b04db831c:shortest_hop_count__automatic__conservative_min:19:intent-three-node,three_node,4d4a266b04db831c,19,intent-three-node,shortest_hop_count,automatic,False,,,10,10,0.735,conservative_min,,,,,0.05,1e-05,1000.0,-1.0,False,False,,REJECTED,,,,,,,,,,,0.00069,,,,,,,,no candidate route is feasible: a->r->b (min_fidelity 0.735 exceeds the achievable estimate 0.720 (one-round static estimate (BBPSSWCircuit.improved_fidelity); SeQUeNCe's 'until_target' mode may run a different number of rounds at execution time)),,,cd46233073dd699a2079f554f754feb3dd5c4e4b,1f2680a5b9065e708a7497adc53a95b108029b98,3.13.14,2026-07-17T23:57:43.252998+00:00
P01_l1_l2_purification_three_node,P01_l1_l2_purification_three_node:three_node:bc99781263689c13:shortest_hop_count__iterative_analytical__conservative_min:0:intent-three-node,three_node,bc99781263689c13,0,intent-three-node,shortest_hop_count,iterative_analytical,False,a -> r -> b,2,10,10,0.735,conservative_min,0.7572267420113338,0.7572267420113338,0.0,0.0,0.05,1e-05,1000.0,-1.0,True,True,,SATISFIED,31,21,3.1,3.1,0.7572267420113338,0.7572267420113338,620.0,671.3037151246893,0.0028625625099999996,0.01889547501,0.000754,4.658202,550,180,120,96,0,0,,,,cd46233073dd699a2079f554f754feb3dd5c4e4b,1f2680a5b9065e708a7497adc53a95b108029b98,3.13.14,2026-07-17T23:57:47.927076+00:00
P01_l1_l2_purification_three_node,P01_l1_l2_purification_three_node:three_node:bc99781263689c13:shortest_hop_count__iterative_analytical__conservative_min:1:intent-three-node,three_node,bc99781263689c13,1,intent-three-node,shortest_hop_count,iterative_analytical,False,a -> r -> b,2,10,10,0.735,conservative_min,0.7572267420113338,0.7572267420113339,1.1102230246251565e-16,1.466169857757796e-16,0.05,1e-05,1000.0,-1.0,True,True,,SATISFIED,27,17,2.7,2.7,0.7572267420113339,0.7572267420113338,540.0,596.7994969201278,0.0028625625099999996,0.01906317501,0.000738,5.270301,583,198,129,94,0,0,,,,cd46233073dd699a2079f554f754feb3dd5c4e4b,1f2680a5b9065e708a7497adc53a95b108029b98,3.13.14,2026-07-17T23:57:53.214529+00:00
P01_l1_l2_purification_three_node,P01_l1_l2_purification_three_node:three_node:bc99781263689c13:shortest_hop_count__iterative_analytical__conservative_min:2:intent-three-node,three_node,bc99781263689c13,2,intent-three-node,shortest_hop_count,iterative_analytical,False,a -> r -> b,2,10,10,0.735,conservative_min,0.7572267420113338,0.7572267420113338,0.0,0.0,0.05,1e-05,1000.0,-1.0,True,True,,SATISFIED,24,14,2.4,2.4,0.7572267420113338,0.7572267420113338,480.0,528.3297570178427,0.0033151000099999987,0.02140555001,0.000661,5.022629,571,182,116,78,0,0,,,,cd46233073dd699a2079f554f754feb3dd5c4e4b,1f2680a5b9065e708a7497adc53a95b108029b98,3.13.14,2026-07-17T23:57:58.257490+00:00
P01_l1_l2_purification_three_node,P01_l1_l2_purification_three_node:three_node:bc99781263689c13:shortest_hop_count__iterative_analytical__conservative_min:3:intent-three-node,three_node,bc99781263689c13,3,intent-three-node,shortest_hop_count,iterative_analytical,False,a -> r -> b,2,10,10,0.735,conservative_min,0.7572267420113338,0.7572267420113339,1.1102230246251565e-16,1.466169857757796e-16,0.05,1e-05,1000.0,-1.0,True,True,,SATISFIED,27,17,2.7,2.7,0.7572267420113339,0.7572267420113338,540.0,590.4719155428337,0.0031151250100000007,0.01869045001,0.000593,5.023804,456,177,117,91,0,0,,,,cd46233073dd699a2079f554f754feb3dd5c4e4b,1f2680a5b9065e708a7497adc53a95b108029b98,3.13.14,2026-07-17T23:58:03.298832+00:00
P01_l1_l2_purification_three_node,P01_l1_l2_purification_three_node:three_node:bc99781263689c13:shortest_hop_count__iterative_analytical__conservative_min:4:intent-three-node,three_node,bc99781263689c13,4,intent-three-node,shortest_hop_count,iterative_analytical,False,a -> r -> b,2,10,10,0.735,conservative_min,0.7572267420113338,0.7572267420113338,0.0,0.0,0.05,1e-05,1000.0,-1.0,True,True,,SATISFIED,28,18,2.8,2.8,0.7572267420113338,0.7572267420113338,560.0,657.26118092229,0.00533523751,0.01608552501,0.001028,4.999314,555,190,125,94,0,0,,,,cd46233073dd699a2079f554f754feb3dd5c4e4b,1f2680a5b9065e708a7497adc53a95b108029b98,3.13.14,2026-07-17T23:58:08.335779+00:00
P01_l1_l2_purification_three_node,P01_l1_l2_purification_three_node:three_node:bc99781263689c13:shortest_hop_count__iterative_analytical__conservative_min:5:intent-three-node,three_node,bc99781263689c13,5,intent-three-node,shortest_hop_count,iterative_analytical,False,a -> r -> b,2,10,10,0.735,conservative_min,0.7572267420113338,0.7572267420113339,1.1102230246251565e-16,1.466169857757796e-16,0.05,1e-05,1000.0,-1.0,True,True,,SATISFIED,27,17,2.7,2.7,0.7572267420113339,0.7572267420113338,540.0,593.6187631898105,0.0031676000100000004,0.01971057501,0.001094,5.461955,571,193,126,91,0,0,,,,cd46233073dd699a2079f554f754feb3dd5c4e4b,1f2680a5b9065e708a7497adc53a95b108029b98,3.13.14,2026-07-17T23:58:13.826354+00:00
P01_l1_l2_purification_three_node,P01_l1_l2_purification_three_node:three_node:bc99781263689c13:shortest_hop_count__iterative_analytical__conservative_min:6:intent-three-node,three_node,bc99781263689c13,6,intent-three-node,shortest_hop_count,iterative_analytical,False,a -> r -> b,2,10,10,0.735,conservative_min,0.7572267420113338,0.7572267420113338,0.0,0.0,0.05,1e-05,1000.0,-1.0,True,True,,SATISFIED,34,24,3.4,3.4,0.7572267420113338,0.7572267420113338,680.0,734.5994731409368,0.0033201000100000003,0.01508045001,0.001042,5.124079,562,185,129,111,0,0,,,,cd46233073dd699a2079f554f754feb3dd5c4e4b,1f2680a5b9065e708a7497adc53a95b108029b98,3.13.14,2026-07-17T23:58:18.978256+00:00
P01_l1_l2_purification_three_node,P01_l1_l2_purification_three_node:three_node:bc99781263689c13:shortest_hop_count__iterative_analytical__conservative_min:7:intent-three-node,three_node,bc99781263689c13,7,intent-three-node,shortest_hop_count,iterative_analytical,False,a -> r -> b,2,10,10,0.735,conservative_min,0.7572267420113338,0.7572267420113338,0.0,0.0,0.05,1e-05,1000.0,-1.0,True,True,,SATISFIED,31,21,3.1,3.1,0.7572267420113338,0.7572267420113338,620.0,685.1390846155056,0.002410062509999998,0.021110575009999997,0.000603,5.944136,602,199,130,97,0,0,,,,cd46233073dd699a2079f554f754feb3dd5c4e4b,1f2680a5b9065e708a7497adc53a95b108029b98,3.13.14,2026-07-17T23:58:24.939420+00:00
P01_l1_l2_purification_three_node,P01_l1_l2_purification_three_node:three_node:bc99781263689c13:shortest_hop_count__iterative_analytical__conservative_min:8:intent-three-node,three_node,bc99781263689c13,8,intent-three-node,shortest_hop_count,iterative_analytical,False,a -> r -> b,2,10,10,0.735,conservative_min,0.7572267420113338,0.7572267420113339,1.1102230246251565e-16,1.466169857757796e-16,0.05,1e-05,1000.0,-1.0,True,True,,SATISFIED,27,17,2.7,2.7,0.7572267420113339,0.7572267420113338,540.0,584.683564382593,0.003315062510000001,0.01783301251,0.000635,6.215637,576,195,129,94,0,0,,,,cd46233073dd699a2079f554f754feb3dd5c4e4b,1f2680a5b9065e708a7497adc53a95b108029b98,3.13.14,2026-07-17T23:58:31.176540+00:00
P01_l1_l2_purification_three_node,P01_l1_l2_purification_three_node:three_node:bc99781263689c13:shortest_hop_count__iterative_analytical__conservative_min:9:intent-three-node,three_node,bc99781263689c13,9,intent-three-node,shortest_hop_count,iterative_analytical,False,a -> r -> b,2,10,10,0.735,conservative_min,0.7572267420113338,0.7572267420113338,0.0,0.0,0.05,1e-05,1000.0,-1.0,True,True,,SATISFIED,34,24,3.4,3.4,0.7572267420113338,0.7572267420113338,680.0,760.0947994705047,0.004220087509999998,0.01759051251,0.000609,6.006708,608,196,131,104,0,0,,,,cd46233073dd699a2079f554f754feb3dd5c4e4b,1f2680a5b9065e708a7497adc53a95b108029b98,3.13.14,2026-07-17T23:58:37.211227+00:00
P01_l1_l2_purification_three_node,P01_l1_l2_purification_three_node:three_node:bc99781263689c13:shortest_hop_count__iterative_analytical__conservative_min:10:intent-three-node,three_node,bc99781263689c13,10,intent-three-node,shortest_hop_count,iterative_analytical,False,a -> r -> b,2,10,10,0.735,conservative_min,0.7572267420113338,0.7572267420113338,0.0,0.0,0.05,1e-05,1000.0,-1.0,True,True,,SATISFIED,30,20,3.0,3.0,0.7572267420113338,0.7572267420113338,600.0,639.8802144238598,0.0026625500100000005,0.019343000009999996,0.000569,5.638238,573,183,121,92,0,0,,,,cd46233073dd699a2079f554f754feb3dd5c4e4b,1f2680a5b9065e708a7497adc53a95b108029b98,3.13.14,2026-07-17T23:58:42.871904+00:00
P01_l1_l2_purification_three_node,P01_l1_l2_purification_three_node:three_node:bc99781263689c13:shortest_hop_count__iterative_analytical__conservative_min:11:intent-three-node,three_node,bc99781263689c13,11,intent-three-node,shortest_hop_count,iterative_analytical,False,a -> r -> b,2,10,10,0.735,conservative_min,0.7572267420113338,0.7572267420113338,0.0,0.0,0.05,1e-05,1000.0,-1.0,True,True,,SATISFIED,29,19,2.9,2.9,0.7572267420113338,0.7572267420113338,580.0,619.6078096222956,0.0026101500099999994,0.018653087510000003,0.000624,5.131029,608,199,132,99,0,0,,,,cd46233073dd699a2079f554f754feb3dd5c4e4b,1f2680a5b9065e708a7497adc53a95b108029b98,3.13.14,2026-07-17T23:58:48.021074+00:00
P01_l1_l2_purification_three_node,P01_l1_l2_purification_three_node:three_node:bc99781263689c13:shortest_hop_count__iterative_analytical__conservative_min:12:intent-three-node,three_node,bc99781263689c13,12,intent-three-node,shortest_hop_count,iterative_analytical,False,a -> r -> b,2,10,10,0.735,conservative_min,0.7572267420113338,0.7572267420113338,0.0,0.0,0.05,1e-05,1000.0,-1.0,True,True,,SATISFIED,25,15,2.5,2.5,0.7572267420113338,0.7572267420113338,500.0,570.4345484825157,0.0033150875099999984,0.021700550009999996,0.000575,6.080474,596,195,131,95,0,0,,,,cd46233073dd699a2079f554f754feb3dd5c4e4b,1f2680a5b9065e708a7497adc53a95b108029b98,3.13.14,2026-07-17T23:58:54.124166+00:00
P01_l1_l2_purification_three_node,P01_l1_l2_purification_three_node:three_node:bc99781263689c13:shortest_hop_count__iterative_analytical__conservative_min:13:intent-three-node,three_node,bc99781263689c13,13,intent-three-node,shortest_hop_count,iterative_analytical,False,a -> r -> b,2,10,10,0.735,conservative_min,0.7572267420113338,0.7572267420113338,0.0,0.0,0.05,1e-05,1000.0,-1.0,True,True,,SATISFIED,30,20,3.0,3.0,0.7572267420113338,0.7572267420113338,600.0,665.7261435649523,0.004620200009999999,0.02090055001,0.000593,5.336176,500,176,118,93,0,0,,,,cd46233073dd699a2079f554f754feb3dd5c4e4b,1f2680a5b9065e708a7497adc53a95b108029b98,3.13.14,2026-07-17T23:58:59.488950+00:00
P01_l1_l2_purification_three_node,P01_l1_l2_purification_three_node:three_node:bc99781263689c13:shortest_hop_count__iterative_analytical__conservative_min:14:intent-three-node,three_node,bc99781263689c13,14,intent-three-node,shortest_hop_count,iterative_analytical,False,a -> r -> b,2,10,10,0.735,conservative_min,0.7572267420113338,0.7572267420113338,0.0,0.0,0.05,1e-05,1000.0,-1.0,True,True,,SATISFIED,31,21,3.1,3.1,0.7572267420113338,0.7572267420113338,620.0,664.7182559508365,0.0026101500099999994,0.01702801251,0.001097,5.363148,534,200,132,100,0,0,,,,cd46233073dd699a2079f554f754feb3dd5c4e4b,1f2680a5b9065e708a7497adc53a95b108029b98,3.13.14,2026-07-17T23:59:04.876772+00:00
P01_l1_l2_purification_three_node,P01_l1_l2_purification_three_node:three_node:bc99781263689c13:shortest_hop_count__iterative_analytical__conservative_min:15:intent-three-node,three_node,bc99781263689c13,15,intent-three-node,shortest_hop_count,iterative_analytical,False,a -> r -> b,2,10,10,0.735,conservative_min,0.7572267420113338,0.7572267420113338,0.0,0.0,0.05,1e-05,1000.0,-1.0,True,True,,SATISFIED,25,15,2.5,2.5,0.7572267420113338,0.7572267420113338,500.0,547.4214805999303,0.0026625500100000005,0.026130687509999997,0.000673,5.786927,562,194,127,88,0,0,,,,cd46233073dd699a2079f554f754feb3dd5c4e4b,1f2680a5b9065e708a7497adc53a95b108029b98,3.13.14,2026-07-17T23:59:10.680431+00:00
P01_l1_l2_purification_three_node,P01_l1_l2_purification_three_node:three_node:bc99781263689c13:shortest_hop_count__iterative_analytical__conservative_min:16:intent-three-node,three_node,bc99781263689c13,16,intent-three-node,shortest_hop_count,iterative_analytical,False,a -> r -> b,2,10,10,0.735,conservative_min,0.7572267420113338,0.7572267420113338,0.0,0.0,0.05,1e-05,1000.0,-1.0,True,True,,SATISFIED,33,23,3.3,3.3,0.7572267420113338,0.7572267420113338,660.0,698.4683171861041,0.00241012501,0.01623295001,0.001263,5.959129,584,199,132,103,0,0,,,,cd46233073dd699a2079f554f754feb3dd5c4e4b,1f2680a5b9065e708a7497adc53a95b108029b98,3.13.14,2026-07-17T23:59:16.665555+00:00
P01_l1_l2_purification_three_node,P01_l1_l2_purification_three_node:three_node:bc99781263689c13:shortest_hop_count__iterative_analytical__conservative_min:17:intent-three-node,three_node,bc99781263689c13,17,intent-three-node,shortest_hop_count,iterative_analytical,False,a -> r -> b,2,10,10,0.735,conservative_min,0.7572267420113338,0.7572267420113338,0.0,0.0,0.05,1e-05,1000.0,-1.0,True,True,,SATISFIED,31,21,3.1,3.1,0.7572267420113338,0.7572267420113338,620.0,683.1395108610917,0.003167625010000001,0.018453100009999997,0.000911,6.570058,565,196,130,100,0,0,,,,cd46233073dd699a2079f554f754feb3dd5c4e4b,1f2680a5b9065e708a7497adc53a95b108029b98,3.13.14,2026-07-17T23:59:23.265781+00:00
P01_l1_l2_purification_three_node,P01_l1_l2_purification_three_node:three_node:bc99781263689c13:shortest_hop_count__iterative_analytical__conservative_min:18:intent-three-node,three_node,bc99781263689c13,18,intent-three-node,shortest_hop_count,iterative_analytical,False,a -> r -> b,2,10,10,0.735,conservative_min,0.7572267420113338,0.7572267420113338,0.0,0.0,0.05,1e-05,1000.0,-1.0,True,True,,SATISFIED,29,19,2.9,2.9,0.7572267420113338,0.7572267420113338,580.0,655.6457884931904,0.0033150875099999984,0.015322900009999998,0.001299,5.621673,595,195,130,101,0,0,,,,cd46233073dd699a2079f554f754feb3dd5c4e4b,1f2680a5b9065e708a7497adc53a95b108029b98,3.13.14,2026-07-17T23:59:28.909108+00:00
P01_l1_l2_purification_three_node,P01_l1_l2_purification_three_node:three_node:bc99781263689c13:shortest_hop_count__iterative_analytical__conservative_min:19:intent-three-node,three_node,bc99781263689c13,19,intent-three-node,shortest_hop_count,iterative_analytical,False,a -> r -> b,2,10,10,0.735,conservative_min,0.7572267420113338,0.7572267420113338,0.0,0.0,0.05,1e-05,1000.0,-1.0,True,True,,SATISFIED,35,25,3.5,3.5,0.7572267420113338,0.7572267420113338,700.0,735.5465754658966,0.0024101375100000003,0.018838000009999998,0.00059,5.219013,514,190,129,105,0,0,,,,cd46233073dd699a2079f554f754feb3dd5c4e4b,1f2680a5b9065e708a7497adc53a95b108029b98,3.13.14,2026-07-17T23:59:34.147726+00:00
P01_l1_l2_purification_three_node,P01_l1_l2_purification_three_node:three_node:2230aaf2f0a26fc7:shortest_hop_count__automatic__conservative_min:0:intent-three-node,three_node,2230aaf2f0a26fc7,0,intent-three-node,shortest_hop_count,automatic,False,,,10,10,0.74,conservative_min,,,,,0.05,1e-05,1000.0,-1.0,False,False,,REJECTED,,,,,,,,,,,0.000564,,,,,,,,no candidate route is feasible: a->r->b (min_fidelity 0.740 exceeds the achievable estimate 0.720 (one-round static estimate (BBPSSWCircuit.improved_fidelity); SeQUeNCe's 'until_target' mode may run a different number of rounds at execution time)),,,cd46233073dd699a2079f554f754feb3dd5c4e4b,1f2680a5b9065e708a7497adc53a95b108029b98,3.13.14,2026-07-17T23:59:34.161774+00:00
P01_l1_l2_purification_three_node,P01_l1_l2_purification_three_node:three_node:2230aaf2f0a26fc7:shortest_hop_count__automatic__conservative_min:1:intent-three-node,three_node,2230aaf2f0a26fc7,1,intent-three-node,shortest_hop_count,automatic,False,,,10,10,0.74,conservative_min,,,,,0.05,1e-05,1000.0,-1.0,False,False,,REJECTED,,,,,,,,,,,0.001056,,,,,,,,no candidate route is feasible: a->r->b (min_fidelity 0.740 exceeds the achievable estimate 0.720 (one-round static estimate (BBPSSWCircuit.improved_fidelity); SeQUeNCe's 'until_target' mode may run a different number of rounds at execution time)),,,cd46233073dd699a2079f554f754feb3dd5c4e4b,1f2680a5b9065e708a7497adc53a95b108029b98,3.13.14,2026-07-17T23:59:34.169718+00:00
P01_l1_l2_purification_three_node,P01_l1_l2_purification_three_node:three_node:2230aaf2f0a26fc7:shortest_hop_count__automatic__conservative_min:2:intent-three-node,three_node,2230aaf2f0a26fc7,2,intent-three-node,shortest_hop_count,automatic,False,,,10,10,0.74,conservative_min,,,,,0.05,1e-05,1000.0,-1.0,False,False,,REJECTED,,,,,,,,,,,0.000768,,,,,,,,no candidate route is feasible: a->r->b (min_fidelity 0.740 exceeds the achievable estimate 0.720 (one-round static estimate (BBPSSWCircuit.improved_fidelity); SeQUeNCe's 'until_target' mode may run a different number of rounds at execution time)),,,cd46233073dd699a2079f554f754feb3dd5c4e4b,1f2680a5b9065e708a7497adc53a95b108029b98,3.13.14,2026-07-17T23:59:34.181775+00:00
P01_l1_l2_purification_three_node,P01_l1_l2_purification_three_node:three_node:2230aaf2f0a26fc7:shortest_hop_count__automatic__conservative_min:3:intent-three-node,three_node,2230aaf2f0a26fc7,3,intent-three-node,shortest_hop_count,automatic,False,,,10,10,0.74,conservative_min,,,,,0.05,1e-05,1000.0,-1.0,False,False,,REJECTED,,,,,,,,,,,0.000739,,,,,,,,no candidate route is feasible: a->r->b (min_fidelity 0.740 exceeds the achievable estimate 0.720 (one-round static estimate (BBPSSWCircuit.improved_fidelity); SeQUeNCe's 'until_target' mode may run a different number of rounds at execution time)),,,cd46233073dd699a2079f554f754feb3dd5c4e4b,1f2680a5b9065e708a7497adc53a95b108029b98,3.13.14,2026-07-17T23:59:34.191073+00:00
P01_l1_l2_purification_three_node,P01_l1_l2_purification_three_node:three_node:2230aaf2f0a26fc7:shortest_hop_count__automatic__conservative_min:4:intent-three-node,three_node,2230aaf2f0a26fc7,4,intent-three-node,shortest_hop_count,automatic,False,,,10,10,0.74,conservative_min,,,,,0.05,1e-05,1000.0,-1.0,False,False,,REJECTED,,,,,,,,,,,0.000669,,,,,,,,no candidate route is feasible: a->r->b (min_fidelity 0.740 exceeds the achievable estimate 0.720 (one-round static estimate (BBPSSWCircuit.improved_fidelity); SeQUeNCe's 'until_target' mode may run a different number of rounds at execution time)),,,cd46233073dd699a2079f554f754feb3dd5c4e4b,1f2680a5b9065e708a7497adc53a95b108029b98,3.13.14,2026-07-17T23:59:34.197599+00:00
P01_l1_l2_purification_three_node,P01_l1_l2_purification_three_node:three_node:2230aaf2f0a26fc7:shortest_hop_count__automatic__conservative_min:5:intent-three-node,three_node,2230aaf2f0a26fc7,5,intent-three-node,shortest_hop_count,automatic,False,,,10,10,0.74,conservative_min,,,,,0.05,1e-05,1000.0,-1.0,False,False,,REJECTED,,,,,,,,,,,0.000748,,,,,,,,no candidate route is feasible: a->r->b (min_fidelity 0.740 exceeds the achievable estimate 0.720 (one-round static estimate (BBPSSWCircuit.improved_fidelity); SeQUeNCe's 'until_target' mode may run a different number of rounds at execution time)),,,cd46233073dd699a2079f554f754feb3dd5c4e4b,1f2680a5b9065e708a7497adc53a95b108029b98,3.13.14,2026-07-17T23:59:34.204994+00:00
P01_l1_l2_purification_three_node,P01_l1_l2_purification_three_node:three_node:2230aaf2f0a26fc7:shortest_hop_count__automatic__conservative_min:6:intent-three-node,three_node,2230aaf2f0a26fc7,6,intent-three-node,shortest_hop_count,automatic,False,,,10,10,0.74,conservative_min,,,,,0.05,1e-05,1000.0,-1.0,False,False,,REJECTED,,,,,,,,,,,0.000682,,,,,,,,no candidate route is feasible: a->r->b (min_fidelity 0.740 exceeds the achievable estimate 0.720 (one-round static estimate (BBPSSWCircuit.improved_fidelity); SeQUeNCe's 'until_target' mode may run a different number of rounds at execution time)),,,cd46233073dd699a2079f554f754feb3dd5c4e4b,1f2680a5b9065e708a7497adc53a95b108029b98,3.13.14,2026-07-17T23:59:34.214760+00:00
P01_l1_l2_purification_three_node,P01_l1_l2_purification_three_node:three_node:2230aaf2f0a26fc7:shortest_hop_count__automatic__conservative_min:7:intent-three-node,three_node,2230aaf2f0a26fc7,7,intent-three-node,shortest_hop_count,automatic,False,,,10,10,0.74,conservative_min,,,,,0.05,1e-05,1000.0,-1.0,False,False,,REJECTED,,,,,,,,,,,0.000727,,,,,,,,no candidate route is feasible: a->r->b (min_fidelity 0.740 exceeds the achievable estimate 0.720 (one-round static estimate (BBPSSWCircuit.improved_fidelity); SeQUeNCe's 'until_target' mode may run a different number of rounds at execution time)),,,cd46233073dd699a2079f554f754feb3dd5c4e4b,1f2680a5b9065e708a7497adc53a95b108029b98,3.13.14,2026-07-17T23:59:34.223685+00:00
P01_l1_l2_purification_three_node,P01_l1_l2_purification_three_node:three_node:2230aaf2f0a26fc7:shortest_hop_count__automatic__conservative_min:8:intent-three-node,three_node,2230aaf2f0a26fc7,8,intent-three-node,shortest_hop_count,automatic,False,,,10,10,0.74,conservative_min,,,,,0.05,1e-05,1000.0,-1.0,False,False,,REJECTED,,,,,,,,,,,0.00065,,,,,,,,no candidate route is feasible: a->r->b (min_fidelity 0.740 exceeds the achievable estimate 0.720 (one-round static estimate (BBPSSWCircuit.improved_fidelity); SeQUeNCe's 'until_target' mode may run a different number of rounds at execution time)),,,cd46233073dd699a2079f554f754feb3dd5c4e4b,1f2680a5b9065e708a7497adc53a95b108029b98,3.13.14,2026-07-17T23:59:34.231389+00:00
P01_l1_l2_purification_three_node,P01_l1_l2_purification_three_node:three_node:2230aaf2f0a26fc7:shortest_hop_count__automatic__conservative_min:9:intent-three-node,three_node,2230aaf2f0a26fc7,9,intent-three-node,shortest_hop_count,automatic,False,,,10,10,0.74,conservative_min,,,,,0.05,1e-05,1000.0,-1.0,False,False,,REJECTED,,,,,,,,,,,0.000671,,,,,,,,no candidate route is feasible: a->r->b (min_fidelity 0.740 exceeds the achievable estimate 0.720 (one-round static estimate (BBPSSWCircuit.improved_fidelity); SeQUeNCe's 'until_target' mode may run a different number of rounds at execution time)),,,cd46233073dd699a2079f554f754feb3dd5c4e4b,1f2680a5b9065e708a7497adc53a95b108029b98,3.13.14,2026-07-17T23:59:34.240721+00:00
P01_l1_l2_purification_three_node,P01_l1_l2_purification_three_node:three_node:2230aaf2f0a26fc7:shortest_hop_count__automatic__conservative_min:10:intent-three-node,three_node,2230aaf2f0a26fc7,10,intent-three-node,shortest_hop_count,automatic,False,,,10,10,0.74,conservative_min,,,,,0.05,1e-05,1000.0,-1.0,False,False,,REJECTED,,,,,,,,,,,0.000674,,,,,,,,no candidate route is feasible: a->r->b (min_fidelity 0.740 exceeds the achievable estimate 0.720 (one-round static estimate (BBPSSWCircuit.improved_fidelity); SeQUeNCe's 'until_target' mode may run a different number of rounds at execution time)),,,cd46233073dd699a2079f554f754feb3dd5c4e4b,1f2680a5b9065e708a7497adc53a95b108029b98,3.13.14,2026-07-17T23:59:34.248172+00:00
P01_l1_l2_purification_three_node,P01_l1_l2_purification_three_node:three_node:2230aaf2f0a26fc7:shortest_hop_count__automatic__conservative_min:11:intent-three-node,three_node,2230aaf2f0a26fc7,11,intent-three-node,shortest_hop_count,automatic,False,,,10,10,0.74,conservative_min,,,,,0.05,1e-05,1000.0,-1.0,False,False,,REJECTED,,,,,,,,,,,0.000634,,,,,,,,no candidate route is feasible: a->r->b (min_fidelity 0.740 exceeds the achievable estimate 0.720 (one-round static estimate (BBPSSWCircuit.improved_fidelity); SeQUeNCe's 'until_target' mode may run a different number of rounds at execution time)),,,cd46233073dd699a2079f554f754feb3dd5c4e4b,1f2680a5b9065e708a7497adc53a95b108029b98,3.13.14,2026-07-17T23:59:34.256298+00:00
P01_l1_l2_purification_three_node,P01_l1_l2_purification_three_node:three_node:2230aaf2f0a26fc7:shortest_hop_count__automatic__conservative_min:12:intent-three-node,three_node,2230aaf2f0a26fc7,12,intent-three-node,shortest_hop_count,automatic,False,,,10,10,0.74,conservative_min,,,,,0.05,1e-05,1000.0,-1.0,False,False,,REJECTED,,,,,,,,,,,0.000725,,,,,,,,no candidate route is feasible: a->r->b (min_fidelity 0.740 exceeds the achievable estimate 0.720 (one-round static estimate (BBPSSWCircuit.improved_fidelity); SeQUeNCe's 'until_target' mode may run a different number of rounds at execution time)),,,cd46233073dd699a2079f554f754feb3dd5c4e4b,1f2680a5b9065e708a7497adc53a95b108029b98,3.13.14,2026-07-17T23:59:34.262715+00:00
P01_l1_l2_purification_three_node,P01_l1_l2_purification_three_node:three_node:2230aaf2f0a26fc7:shortest_hop_count__automatic__conservative_min:13:intent-three-node,three_node,2230aaf2f0a26fc7,13,intent-three-node,shortest_hop_count,automatic,False,,,10,10,0.74,conservative_min,,,,,0.05,1e-05,1000.0,-1.0,False,False,,REJECTED,,,,,,,,,,,0.000545,,,,,,,,no candidate route is feasible: a->r->b (min_fidelity 0.740 exceeds the achievable estimate 0.720 (one-round static estimate (BBPSSWCircuit.improved_fidelity); SeQUeNCe's 'until_target' mode may run a different number of rounds at execution time)),,,cd46233073dd699a2079f554f754feb3dd5c4e4b,1f2680a5b9065e708a7497adc53a95b108029b98,3.13.14,2026-07-17T23:59:34.273704+00:00
P01_l1_l2_purification_three_node,P01_l1_l2_purification_three_node:three_node:2230aaf2f0a26fc7:shortest_hop_count__automatic__conservative_min:14:intent-three-node,three_node,2230aaf2f0a26fc7,14,intent-three-node,shortest_hop_count,automatic,False,,,10,10,0.74,conservative_min,,,,,0.05,1e-05,1000.0,-1.0,False,False,,REJECTED,,,,,,,,,,,0.000908,,,,,,,,no candidate route is feasible: a->r->b (min_fidelity 0.740 exceeds the achievable estimate 0.720 (one-round static estimate (BBPSSWCircuit.improved_fidelity); SeQUeNCe's 'until_target' mode may run a different number of rounds at execution time)),,,cd46233073dd699a2079f554f754feb3dd5c4e4b,1f2680a5b9065e708a7497adc53a95b108029b98,3.13.14,2026-07-17T23:59:34.294107+00:00
P01_l1_l2_purification_three_node,P01_l1_l2_purification_three_node:three_node:2230aaf2f0a26fc7:shortest_hop_count__automatic__conservative_min:15:intent-three-node,three_node,2230aaf2f0a26fc7,15,intent-three-node,shortest_hop_count,automatic,False,,,10,10,0.74,conservative_min,,,,,0.05,1e-05,1000.0,-1.0,False,False,,REJECTED,,,,,,,,,,,0.000504,,,,,,,,no candidate route is feasible: a->r->b (min_fidelity 0.740 exceeds the achievable estimate 0.720 (one-round static estimate (BBPSSWCircuit.improved_fidelity); SeQUeNCe's 'until_target' mode may run a different number of rounds at execution time)),,,cd46233073dd699a2079f554f754feb3dd5c4e4b,1f2680a5b9065e708a7497adc53a95b108029b98,3.13.14,2026-07-17T23:59:34.304501+00:00
P01_l1_l2_purification_three_node,P01_l1_l2_purification_three_node:three_node:2230aaf2f0a26fc7:shortest_hop_count__automatic__conservative_min:16:intent-three-node,three_node,2230aaf2f0a26fc7,16,intent-three-node,shortest_hop_count,automatic,False,,,10,10,0.74,conservative_min,,,,,0.05,1e-05,1000.0,-1.0,False,False,,REJECTED,,,,,,,,,,,0.000469,,,,,,,,no candidate route is feasible: a->r->b (min_fidelity 0.740 exceeds the achievable estimate 0.720 (one-round static estimate (BBPSSWCircuit.improved_fidelity); SeQUeNCe's 'until_target' mode may run a different number of rounds at execution time)),,,cd46233073dd699a2079f554f754feb3dd5c4e4b,1f2680a5b9065e708a7497adc53a95b108029b98,3.13.14,2026-07-17T23:59:34.310962+00:00
P01_l1_l2_purification_three_node,P01_l1_l2_purification_three_node:three_node:2230aaf2f0a26fc7:shortest_hop_count__automatic__conservative_min:17:intent-three-node,three_node,2230aaf2f0a26fc7,17,intent-three-node,shortest_hop_count,automatic,False,,,10,10,0.74,conservative_min,,,,,0.05,1e-05,1000.0,-1.0,False,False,,REJECTED,,,,,,,,,,,0.000772,,,,,,,,no candidate route is feasible: a->r->b (min_fidelity 0.740 exceeds the achievable estimate 0.720 (one-round static estimate (BBPSSWCircuit.improved_fidelity); SeQUeNCe's 'until_target' mode may run a different number of rounds at execution time)),,,cd46233073dd699a2079f554f754feb3dd5c4e4b,1f2680a5b9065e708a7497adc53a95b108029b98,3.13.14,2026-07-17T23:59:34.316963+00:00
P01_l1_l2_purification_three_node,P01_l1_l2_purification_three_node:three_node:2230aaf2f0a26fc7:shortest_hop_count__automatic__conservative_min:18:intent-three-node,three_node,2230aaf2f0a26fc7,18,intent-three-node,shortest_hop_count,automatic,False,,,10,10,0.74,conservative_min,,,,,0.05,1e-05,1000.0,-1.0,False,False,,REJECTED,,,,,,,,,,,0.000431,,,,,,,,no candidate route is feasible: a->r->b (min_fidelity 0.740 exceeds the achievable estimate 0.720 (one-round static estimate (BBPSSWCircuit.improved_fidelity); SeQUeNCe's 'until_target' mode may run a different number of rounds at execution time)),,,cd46233073dd699a2079f554f754feb3dd5c4e4b,1f2680a5b9065e708a7497adc53a95b108029b98,3.13.14,2026-07-17T23:59:34.322960+00:00
P01_l1_l2_purification_three_node,P01_l1_l2_purification_three_node:three_node:2230aaf2f0a26fc7:shortest_hop_count__automatic__conservative_min:19:intent-three-node,three_node,2230aaf2f0a26fc7,19,intent-three-node,shortest_hop_count,automatic,False,,,10,10,0.74,conservative_min,,,,,0.05,1e-05,1000.0,-1.0,False,False,,REJECTED,,,,,,,,,,,0.000695,,,,,,,,no candidate route is feasible: a->r->b (min_fidelity 0.740 exceeds the achievable estimate 0.720 (one-round static estimate (BBPSSWCircuit.improved_fidelity); SeQUeNCe's 'until_target' mode may run a different number of rounds at execution time)),,,cd46233073dd699a2079f554f754feb3dd5c4e4b,1f2680a5b9065e708a7497adc53a95b108029b98,3.13.14,2026-07-17T23:59:34.329873+00:00
P01_l1_l2_purification_three_node,P01_l1_l2_purification_three_node:three_node:f814d19f5c54d1ba:shortest_hop_count__iterative_analytical__conservative_min:0:intent-three-node,three_node,f814d19f5c54d1ba,0,intent-three-node,shortest_hop_count,iterative_analytical,False,a -> r -> b,2,10,10,0.74,conservative_min,0.7572267420113338,0.7572267420113338,0.0,0.0,0.05,1e-05,1000.0,-1.0,True,True,,SATISFIED,31,21,3.1,3.1,0.7572267420113338,0.7572267420113338,620.0,671.3037151246893,0.0028625625099999996,0.01889547501,0.001286,4.807108,550,180,120,96,0,0,,,,cd46233073dd699a2079f554f754feb3dd5c4e4b,1f2680a5b9065e708a7497adc53a95b108029b98,3.13.14,2026-07-17T23:59:39.155892+00:00
P01_l1_l2_purification_three_node,P01_l1_l2_purification_three_node:three_node:f814d19f5c54d1ba:shortest_hop_count__iterative_analytical__conservative_min:1:intent-three-node,three_node,f814d19f5c54d1ba,1,intent-three-node,shortest_hop_count,iterative_analytical,False,a -> r -> b,2,10,10,0.74,conservative_min,0.7572267420113338,0.7572267420113339,1.1102230246251565e-16,1.466169857757796e-16,0.05,1e-05,1000.0,-1.0,True,True,,SATISFIED,27,17,2.7,2.7,0.7572267420113339,0.7572267420113338,540.0,596.7994969201278,0.0028625625099999996,0.01906317501,0.000979,5.399618,583,198,129,94,0,0,,,,cd46233073dd699a2079f554f754feb3dd5c4e4b,1f2680a5b9065e708a7497adc53a95b108029b98,3.13.14,2026-07-17T23:59:44.575728+00:00
P01_l1_l2_purification_three_node,P01_l1_l2_purification_three_node:three_node:f814d19f5c54d1ba:shortest_hop_count__iterative_analytical__conservative_min:2:intent-three-node,three_node,f814d19f5c54d1ba,2,intent-three-node,shortest_hop_count,iterative_analytical,False,a -> r -> b,2,10,10,0.74,conservative_min,0.7572267420113338,0.7572267420113338,0.0,0.0,0.05,1e-05,1000.0,-1.0,True,True,,SATISFIED,24,14,2.4,2.4,0.7572267420113338,0.7572267420113338,480.0,528.3297570178427,0.0033151000099999987,0.02140555001,0.000629,5.579225,571,182,116,78,0,0,,,,cd46233073dd699a2079f554f754feb3dd5c4e4b,1f2680a5b9065e708a7497adc53a95b108029b98,3.13.14,2026-07-17T23:59:50.185089+00:00
P01_l1_l2_purification_three_node,P01_l1_l2_purification_three_node:three_node:f814d19f5c54d1ba:shortest_hop_count__iterative_analytical__conservative_min:3:intent-three-node,three_node,f814d19f5c54d1ba,3,intent-three-node,shortest_hop_count,iterative_analytical,False,a -> r -> b,2,10,10,0.74,conservative_min,0.7572267420113338,0.7572267420113339,1.1102230246251565e-16,1.466169857757796e-16,0.05,1e-05,1000.0,-1.0,True,True,,SATISFIED,27,17,2.7,2.7,0.7572267420113339,0.7572267420113338,540.0,590.4719155428337,0.0031151250100000007,0.01869045001,0.001268,5.801318,456,177,117,91,0,0,,,,cd46233073dd699a2079f554f754feb3dd5c4e4b,1f2680a5b9065e708a7497adc53a95b108029b98,3.13.14,2026-07-17T23:59:56.024465+00:00
P01_l1_l2_purification_three_node,P01_l1_l2_purification_three_node:three_node:f814d19f5c54d1ba:shortest_hop_count__iterative_analytical__conservative_min:4:intent-three-node,three_node,f814d19f5c54d1ba,4,intent-three-node,shortest_hop_count,iterative_analytical,False,a -> r -> b,2,10,10,0.74,conservative_min,0.7572267420113338,0.7572267420113338,0.0,0.0,0.05,1e-05,1000.0,-1.0,True,True,,SATISFIED,28,18,2.8,2.8,0.7572267420113338,0.7572267420113338,560.0,657.26118092229,0.00533523751,0.01608552501,0.00093,5.675806,555,190,125,94,0,0,,,,cd46233073dd699a2079f554f754feb3dd5c4e4b,1f2680a5b9065e708a7497adc53a95b108029b98,3.13.14,2026-07-18T00:00:01.718347+00:00
P01_l1_l2_purification_three_node,P01_l1_l2_purification_three_node:three_node:f814d19f5c54d1ba:shortest_hop_count__iterative_analytical__conservative_min:5:intent-three-node,three_node,f814d19f5c54d1ba,5,intent-three-node,shortest_hop_count,iterative_analytical,False,a -> r -> b,2,10,10,0.74,conservative_min,0.7572267420113338,0.7572267420113339,1.1102230246251565e-16,1.466169857757796e-16,0.05,1e-05,1000.0,-1.0,True,True,,SATISFIED,27,17,2.7,2.7,0.7572267420113339,0.7572267420113338,540.0,593.6187631898105,0.0031676000100000004,0.01971057501,0.00069,5.905446,571,193,126,91,0,0,,,,cd46233073dd699a2079f554f754feb3dd5c4e4b,1f2680a5b9065e708a7497adc53a95b108029b98,3.13.14,2026-07-18T00:00:07.642421+00:00
P01_l1_l2_purification_three_node,P01_l1_l2_purification_three_node:three_node:f814d19f5c54d1ba:shortest_hop_count__iterative_analytical__conservative_min:6:intent-three-node,three_node,f814d19f5c54d1ba,6,intent-three-node,shortest_hop_count,iterative_analytical,False,a -> r -> b,2,10,10,0.74,conservative_min,0.7572267420113338,0.7572267420113338,0.0,0.0,0.05,1e-05,1000.0,-1.0,True,True,,SATISFIED,34,24,3.4,3.4,0.7572267420113338,0.7572267420113338,680.0,734.5994731409368,0.0033201000100000003,0.01508045001,0.000656,6.525636,562,185,129,111,0,0,,,,cd46233073dd699a2079f554f754feb3dd5c4e4b,1f2680a5b9065e708a7497adc53a95b108029b98,3.13.14,2026-07-18T00:00:14.186975+00:00
P01_l1_l2_purification_three_node,P01_l1_l2_purification_three_node:three_node:f814d19f5c54d1ba:shortest_hop_count__iterative_analytical__conservative_min:7:intent-three-node,three_node,f814d19f5c54d1ba,7,intent-three-node,shortest_hop_count,iterative_analytical,False,a -> r -> b,2,10,10,0.74,conservative_min,0.7572267420113338,0.7572267420113338,0.0,0.0,0.05,1e-05,1000.0,-1.0,True,True,,SATISFIED,31,21,3.1,3.1,0.7572267420113338,0.7572267420113338,620.0,685.1390846155056,0.002410062509999998,0.021110575009999997,0.000583,6.585886,602,199,130,97,0,0,,,,cd46233073dd699a2079f554f754feb3dd5c4e4b,1f2680a5b9065e708a7497adc53a95b108029b98,3.13.14,2026-07-18T00:00:20.798979+00:00
P01_l1_l2_purification_three_node,P01_l1_l2_purification_three_node:three_node:f814d19f5c54d1ba:shortest_hop_count__iterative_analytical__conservative_min:8:intent-three-node,three_node,f814d19f5c54d1ba,8,intent-three-node,shortest_hop_count,iterative_analytical,False,a -> r -> b,2,10,10,0.74,conservative_min,0.7572267420113338,0.7572267420113339,1.1102230246251565e-16,1.466169857757796e-16,0.05,1e-05,1000.0,-1.0,True,True,,SATISFIED,27,17,2.7,2.7,0.7572267420113339,0.7572267420113338,540.0,584.683564382593,0.003315062510000001,0.01783301251,0.001289,6.661999,576,195,129,94,0,0,,,,cd46233073dd699a2079f554f754feb3dd5c4e4b,1f2680a5b9065e708a7497adc53a95b108029b98,3.13.14,2026-07-18T00:00:27.489187+00:00
P01_l1_l2_purification_three_node,P01_l1_l2_purification_three_node:three_node:f814d19f5c54d1ba:shortest_hop_count__iterative_analytical__conservative_min:9:intent-three-node,three_node,f814d19f5c54d1ba,9,intent-three-node,shortest_hop_count,iterative_analytical,False,a -> r -> b,2,10,10,0.74,conservative_min,0.7572267420113338,0.7572267420113338,0.0,0.0,0.05,1e-05,1000.0,-1.0,True,True,,SATISFIED,34,24,3.4,3.4,0.7572267420113338,0.7572267420113338,680.0,760.0947994705047,0.004220087509999998,0.01759051251,0.000558,5.693284,608,196,131,104,0,0,,,,cd46233073dd699a2079f554f754feb3dd5c4e4b,1f2680a5b9065e708a7497adc53a95b108029b98,3.13.14,2026-07-18T00:00:33.198299+00:00
P01_l1_l2_purification_three_node,P01_l1_l2_purification_three_node:three_node:f814d19f5c54d1ba:shortest_hop_count__iterative_analytical__conservative_min:10:intent-three-node,three_node,f814d19f5c54d1ba,10,intent-three-node,shortest_hop_count,iterative_analytical,False,a -> r -> b,2,10,10,0.74,conservative_min,0.7572267420113338,0.7572267420113338,0.0,0.0,0.05,1e-05,1000.0,-1.0,True,True,,SATISFIED,30,20,3.0,3.0,0.7572267420113338,0.7572267420113338,600.0,639.8802144238598,0.0026625500100000005,0.019343000009999996,0.000597,4.99964,573,183,121,92,0,0,,,,cd46233073dd699a2079f554f754feb3dd5c4e4b,1f2680a5b9065e708a7497adc53a95b108029b98,3.13.14,2026-07-18T00:00:38.213180+00:00
P01_l1_l2_purification_three_node,P01_l1_l2_purification_three_node:three_node:f814d19f5c54d1ba:shortest_hop_count__iterative_analytical__conservative_min:11:intent-three-node,three_node,f814d19f5c54d1ba,11,intent-three-node,shortest_hop_count,iterative_analytical,False,a -> r -> b,2,10,10,0.74,conservative_min,0.7572267420113338,0.7572267420113338,0.0,0.0,0.05,1e-05,1000.0,-1.0,True,True,,SATISFIED,29,19,2.9,2.9,0.7572267420113338,0.7572267420113338,580.0,619.6078096222956,0.0026101500099999994,0.018653087510000003,0.001482,5.475422,608,199,132,99,0,0,,,,cd46233073dd699a2079f554f754feb3dd5c4e4b,1f2680a5b9065e708a7497adc53a95b108029b98,3.13.14,2026-07-18T00:00:43.714554+00:00
P01_l1_l2_purification_three_node,P01_l1_l2_purification_three_node:three_node:f814d19f5c54d1ba:shortest_hop_count__iterative_analytical__conservative_min:12:intent-three-node,three_node,f814d19f5c54d1ba,12,intent-three-node,shortest_hop_count,iterative_analytical,False,a -> r -> b,2,10,10,0.74,conservative_min,0.7572267420113338,0.7572267420113338,0.0,0.0,0.05,1e-05,1000.0,-1.0,True,True,,SATISFIED,25,15,2.5,2.5,0.7572267420113338,0.7572267420113338,500.0,570.4345484825157,0.0033150875099999984,0.021700550009999996,0.000567,5.39826,596,195,131,95,0,0,,,,cd46233073dd699a2079f554f754feb3dd5c4e4b,1f2680a5b9065e708a7497adc53a95b108029b98,3.13.14,2026-07-18T00:00:49.130095+00:00
P01_l1_l2_purification_three_node,P01_l1_l2_purification_three_node:three_node:f814d19f5c54d1ba:shortest_hop_count__iterative_analytical__conservative_min:13:intent-three-node,three_node,f814d19f5c54d1ba,13,intent-three-node,shortest_hop_count,iterative_analytical,False,a -> r -> b,2,10,10,0.74,conservative_min,0.7572267420113338,0.7572267420113338,0.0,0.0,0.05,1e-05,1000.0,-1.0,True,True,,SATISFIED,30,20,3.0,3.0,0.7572267420113338,0.7572267420113338,600.0,665.7261435649523,0.004620200009999999,0.02090055001,0.000603,5.52946,500,176,118,93,0,0,,,,cd46233073dd699a2079f554f754feb3dd5c4e4b,1f2680a5b9065e708a7497adc53a95b108029b98,3.13.14,2026-07-18T00:00:54.678308+00:00
P01_l1_l2_purification_three_node,P01_l1_l2_purification_three_node:three_node:f814d19f5c54d1ba:shortest_hop_count__iterative_analytical__conservative_min:14:intent-three-node,three_node,f814d19f5c54d1ba,14,intent-three-node,shortest_hop_count,iterative_analytical,False,a -> r -> b,2,10,10,0.74,conservative_min,0.7572267420113338,0.7572267420113338,0.0,0.0,0.05,1e-05,1000.0,-1.0,True,True,,SATISFIED,31,21,3.1,3.1,0.7572267420113338,0.7572267420113338,620.0,664.7182559508365,0.0026101500099999994,0.01702801251,0.001282,5.606184,534,200,132,100,0,0,,,,cd46233073dd699a2079f554f754feb3dd5c4e4b,1f2680a5b9065e708a7497adc53a95b108029b98,3.13.14,2026-07-18T00:01:00.316336+00:00
P01_l1_l2_purification_three_node,P01_l1_l2_purification_three_node:three_node:f814d19f5c54d1ba:shortest_hop_count__iterative_analytical__conservative_min:15:intent-three-node,three_node,f814d19f5c54d1ba,15,intent-three-node,shortest_hop_count,iterative_analytical,False,a -> r -> b,2,10,10,0.74,conservative_min,0.7572267420113338,0.7572267420113338,0.0,0.0,0.05,1e-05,1000.0,-1.0,True,True,,SATISFIED,25,15,2.5,2.5,0.7572267420113338,0.7572267420113338,500.0,547.4214805999303,0.0026625500100000005,0.026130687509999997,0.001457,5.538379,562,194,127,88,0,0,,,,cd46233073dd699a2079f554f754feb3dd5c4e4b,1f2680a5b9065e708a7497adc53a95b108029b98,3.13.14,2026-07-18T00:01:05.894143+00:00
P01_l1_l2_purification_three_node,P01_l1_l2_purification_three_node:three_node:f814d19f5c54d1ba:shortest_hop_count__iterative_analytical__conservative_min:16:intent-three-node,three_node,f814d19f5c54d1ba,16,intent-three-node,shortest_hop_count,iterative_analytical,False,a -> r -> b,2,10,10,0.74,conservative_min,0.7572267420113338,0.7572267420113338,0.0,0.0,0.05,1e-05,1000.0,-1.0,True,True,,SATISFIED,33,23,3.3,3.3,0.7572267420113338,0.7572267420113338,660.0,698.4683171861041,0.00241012501,0.01623295001,0.000397,6.094173,584,199,132,103,0,0,,,,cd46233073dd699a2079f554f754feb3dd5c4e4b,1f2680a5b9065e708a7497adc53a95b108029b98,3.13.14,2026-07-18T00:01:12.012505+00:00
P01_l1_l2_purification_three_node,P01_l1_l2_purification_three_node:three_node:f814d19f5c54d1ba:shortest_hop_count__iterative_analytical__conservative_min:17:intent-three-node,three_node,f814d19f5c54d1ba,17,intent-three-node,shortest_hop_count,iterative_analytical,False,a -> r -> b,2,10,10,0.74,conservative_min,0.7572267420113338,0.7572267420113338,0.0,0.0,0.05,1e-05,1000.0,-1.0,True,True,,SATISFIED,31,21,3.1,3.1,0.7572267420113338,0.7572267420113338,620.0,683.1395108610917,0.003167625010000001,0.018453100009999997,0.001878,6.726383,565,196,130,100,0,0,,,,cd46233073dd699a2079f554f754feb3dd5c4e4b,1f2680a5b9065e708a7497adc53a95b108029b98,3.13.14,2026-07-18T00:01:18.767501+00:00
P01_l1_l2_purification_three_node,P01_l1_l2_purification_three_node:three_node:f814d19f5c54d1ba:shortest_hop_count__iterative_analytical__conservative_min:18:intent-three-node,three_node,f814d19f5c54d1ba,18,intent-three-node,shortest_hop_count,iterative_analytical,False,a -> r -> b,2,10,10,0.74,conservative_min,0.7572267420113338,0.7572267420113338,0.0,0.0,0.05,1e-05,1000.0,-1.0,True,True,,SATISFIED,29,19,2.9,2.9,0.7572267420113338,0.7572267420113338,580.0,655.6457884931904,0.0033150875099999984,0.015322900009999998,0.001058,5.970753,595,195,130,101,0,0,,,,cd46233073dd699a2079f554f754feb3dd5c4e4b,1f2680a5b9065e708a7497adc53a95b108029b98,3.13.14,2026-07-18T00:01:24.768230+00:00
P01_l1_l2_purification_three_node,P01_l1_l2_purification_three_node:three_node:f814d19f5c54d1ba:shortest_hop_count__iterative_analytical__conservative_min:19:intent-three-node,three_node,f814d19f5c54d1ba,19,intent-three-node,shortest_hop_count,iterative_analytical,False,a -> r -> b,2,10,10,0.74,conservative_min,0.7572267420113338,0.7572267420113338,0.0,0.0,0.05,1e-05,1000.0,-1.0,True,True,,SATISFIED,35,25,3.5,3.5,0.7572267420113338,0.7572267420113338,700.0,735.5465754658966,0.0024101375100000003,0.018838000009999998,0.001429,5.732173,514,190,129,105,0,0,,,,cd46233073dd699a2079f554f754feb3dd5c4e4b,1f2680a5b9065e708a7497adc53a95b108029b98,3.13.14,2026-07-18T00:01:30.517956+00:00
P01_l1_l2_purification_three_node,P01_l1_l2_purification_three_node:three_node:d515ee3f79a910b8:shortest_hop_count__automatic__conservative_min:0:intent-three-node,three_node,d515ee3f79a910b8,0,intent-three-node,shortest_hop_count,automatic,False,,,10,10,0.745,conservative_min,,,,,0.05,1e-05,1000.0,-1.0,False,False,,REJECTED,,,,,,,,,,,0.000839,,,,,,,,no candidate route is feasible: a->r->b (min_fidelity 0.745 exceeds the achievable estimate 0.720 (one-round static estimate (BBPSSWCircuit.improved_fidelity); SeQUeNCe's 'until_target' mode may run a different number of rounds at execution time)),,,cd46233073dd699a2079f554f754feb3dd5c4e4b,1f2680a5b9065e708a7497adc53a95b108029b98,3.13.14,2026-07-18T00:01:30.530028+00:00
P01_l1_l2_purification_three_node,P01_l1_l2_purification_three_node:three_node:d515ee3f79a910b8:shortest_hop_count__automatic__conservative_min:1:intent-three-node,three_node,d515ee3f79a910b8,1,intent-three-node,shortest_hop_count,automatic,False,,,10,10,0.745,conservative_min,,,,,0.05,1e-05,1000.0,-1.0,False,False,,REJECTED,,,,,,,,,,,0.001022,,,,,,,,no candidate route is feasible: a->r->b (min_fidelity 0.745 exceeds the achievable estimate 0.720 (one-round static estimate (BBPSSWCircuit.improved_fidelity); SeQUeNCe's 'until_target' mode may run a different number of rounds at execution time)),,,cd46233073dd699a2079f554f754feb3dd5c4e4b,1f2680a5b9065e708a7497adc53a95b108029b98,3.13.14,2026-07-18T00:01:30.543102+00:00
P01_l1_l2_purification_three_node,P01_l1_l2_purification_three_node:three_node:d515ee3f79a910b8:shortest_hop_count__automatic__conservative_min:2:intent-three-node,three_node,d515ee3f79a910b8,2,intent-three-node,shortest_hop_count,automatic,False,,,10,10,0.745,conservative_min,,,,,0.05,1e-05,1000.0,-1.0,False,False,,REJECTED,,,,,,,,,,,0.00069,,,,,,,,no candidate route is feasible: a->r->b (min_fidelity 0.745 exceeds the achievable estimate 0.720 (one-round static estimate (BBPSSWCircuit.improved_fidelity); SeQUeNCe's 'until_target' mode may run a different number of rounds at execution time)),,,cd46233073dd699a2079f554f754feb3dd5c4e4b,1f2680a5b9065e708a7497adc53a95b108029b98,3.13.14,2026-07-18T00:01:30.552510+00:00
P01_l1_l2_purification_three_node,P01_l1_l2_purification_three_node:three_node:d515ee3f79a910b8:shortest_hop_count__automatic__conservative_min:3:intent-three-node,three_node,d515ee3f79a910b8,3,intent-three-node,shortest_hop_count,automatic,False,,,10,10,0.745,conservative_min,,,,,0.05,1e-05,1000.0,-1.0,False,False,,REJECTED,,,,,,,,,,,0.000819,,,,,,,,no candidate route is feasible: a->r->b (min_fidelity 0.745 exceeds the achievable estimate 0.720 (one-round static estimate (BBPSSWCircuit.improved_fidelity); SeQUeNCe's 'until_target' mode may run a different number of rounds at execution time)),,,cd46233073dd699a2079f554f754feb3dd5c4e4b,1f2680a5b9065e708a7497adc53a95b108029b98,3.13.14,2026-07-18T00:01:30.559999+00:00
P01_l1_l2_purification_three_node,P01_l1_l2_purification_three_node:three_node:d515ee3f79a910b8:shortest_hop_count__automatic__conservative_min:4:intent-three-node,three_node,d515ee3f79a910b8,4,intent-three-node,shortest_hop_count,automatic,False,,,10,10,0.745,conservative_min,,,,,0.05,1e-05,1000.0,-1.0,False,False,,REJECTED,,,,,,,,,,,0.000863,,,,,,,,no candidate route is feasible: a->r->b (min_fidelity 0.745 exceeds the achievable estimate 0.720 (one-round static estimate (BBPSSWCircuit.improved_fidelity); SeQUeNCe's 'until_target' mode may run a different number of rounds at execution time)),,,cd46233073dd699a2079f554f754feb3dd5c4e4b,1f2680a5b9065e708a7497adc53a95b108029b98,3.13.14,2026-07-18T00:01:30.572936+00:00
P01_l1_l2_purification_three_node,P01_l1_l2_purification_three_node:three_node:d515ee3f79a910b8:shortest_hop_count__automatic__conservative_min:5:intent-three-node,three_node,d515ee3f79a910b8,5,intent-three-node,shortest_hop_count,automatic,False,,,10,10,0.745,conservative_min,,,,,0.05,1e-05,1000.0,-1.0,False,False,,REJECTED,,,,,,,,,,,0.000997,,,,,,,,no candidate route is feasible: a->r->b (min_fidelity 0.745 exceeds the achievable estimate 0.720 (one-round static estimate (BBPSSWCircuit.improved_fidelity); SeQUeNCe's 'until_target' mode may run a different number of rounds at execution time)),,,cd46233073dd699a2079f554f754feb3dd5c4e4b,1f2680a5b9065e708a7497adc53a95b108029b98,3.13.14,2026-07-18T00:01:30.585068+00:00
P01_l1_l2_purification_three_node,P01_l1_l2_purification_three_node:three_node:d515ee3f79a910b8:shortest_hop_count__automatic__conservative_min:6:intent-three-node,three_node,d515ee3f79a910b8,6,intent-three-node,shortest_hop_count,automatic,False,,,10,10,0.745,conservative_min,,,,,0.05,1e-05,1000.0,-1.0,False,False,,REJECTED,,,,,,,,,,,0.000495,,,,,,,,no candidate route is feasible: a->r->b (min_fidelity 0.745 exceeds the achievable estimate 0.720 (one-round static estimate (BBPSSWCircuit.improved_fidelity); SeQUeNCe's 'until_target' mode may run a different number of rounds at execution time)),,,cd46233073dd699a2079f554f754feb3dd5c4e4b,1f2680a5b9065e708a7497adc53a95b108029b98,3.13.14,2026-07-18T00:01:30.592585+00:00
P01_l1_l2_purification_three_node,P01_l1_l2_purification_three_node:three_node:d515ee3f79a910b8:shortest_hop_count__automatic__conservative_min:7:intent-three-node,three_node,d515ee3f79a910b8,7,intent-three-node,shortest_hop_count,automatic,False,,,10,10,0.745,conservative_min,,,,,0.05,1e-05,1000.0,-1.0,False,False,,REJECTED,,,,,,,,,,,0.000916,,,,,,,,no candidate route is feasible: a->r->b (min_fidelity 0.745 exceeds the achievable estimate 0.720 (one-round static estimate (BBPSSWCircuit.improved_fidelity); SeQUeNCe's 'until_target' mode may run a different number of rounds at execution time)),,,cd46233073dd699a2079f554f754feb3dd5c4e4b,1f2680a5b9065e708a7497adc53a95b108029b98,3.13.14,2026-07-18T00:01:30.599435+00:00
P01_l1_l2_purification_three_node,P01_l1_l2_purification_three_node:three_node:d515ee3f79a910b8:shortest_hop_count__automatic__conservative_min:8:intent-three-node,three_node,d515ee3f79a910b8,8,intent-three-node,shortest_hop_count,automatic,False,,,10,10,0.745,conservative_min,,,,,0.05,1e-05,1000.0,-1.0,False,False,,REJECTED,,,,,,,,,,,0.000747,,,,,,,,no candidate route is feasible: a->r->b (min_fidelity 0.745 exceeds the achievable estimate 0.720 (one-round static estimate (BBPSSWCircuit.improved_fidelity); SeQUeNCe's 'until_target' mode may run a different number of rounds at execution time)),,,cd46233073dd699a2079f554f754feb3dd5c4e4b,1f2680a5b9065e708a7497adc53a95b108029b98,3.13.14,2026-07-18T00:01:30.608584+00:00
P01_l1_l2_purification_three_node,P01_l1_l2_purification_three_node:three_node:d515ee3f79a910b8:shortest_hop_count__automatic__conservative_min:9:intent-three-node,three_node,d515ee3f79a910b8,9,intent-three-node,shortest_hop_count,automatic,False,,,10,10,0.745,conservative_min,,,,,0.05,1e-05,1000.0,-1.0,False,False,,REJECTED,,,,,,,,,,,0.000451,,,,,,,,no candidate route is feasible: a->r->b (min_fidelity 0.745 exceeds the achievable estimate 0.720 (one-round static estimate (BBPSSWCircuit.improved_fidelity); SeQUeNCe's 'until_target' mode may run a different number of rounds at execution time)),,,cd46233073dd699a2079f554f754feb3dd5c4e4b,1f2680a5b9065e708a7497adc53a95b108029b98,3.13.14,2026-07-18T00:01:30.616276+00:00
P01_l1_l2_purification_three_node,P01_l1_l2_purification_three_node:three_node:d515ee3f79a910b8:shortest_hop_count__automatic__conservative_min:10:intent-three-node,three_node,d515ee3f79a910b8,10,intent-three-node,shortest_hop_count,automatic,False,,,10,10,0.745,conservative_min,,,,,0.05,1e-05,1000.0,-1.0,False,False,,REJECTED,,,,,,,,,,,0.000583,,,,,,,,no candidate route is feasible: a->r->b (min_fidelity 0.745 exceeds the achievable estimate 0.720 (one-round static estimate (BBPSSWCircuit.improved_fidelity); SeQUeNCe's 'until_target' mode may run a different number of rounds at execution time)),,,cd46233073dd699a2079f554f754feb3dd5c4e4b,1f2680a5b9065e708a7497adc53a95b108029b98,3.13.14,2026-07-18T00:01:30.623717+00:00
P01_l1_l2_purification_three_node,P01_l1_l2_purification_three_node:three_node:d515ee3f79a910b8:shortest_hop_count__automatic__conservative_min:11:intent-three-node,three_node,d515ee3f79a910b8,11,intent-three-node,shortest_hop_count,automatic,False,,,10,10,0.745,conservative_min,,,,,0.05,1e-05,1000.0,-1.0,False,False,,REJECTED,,,,,,,,,,,0.001243,,,,,,,,no candidate route is feasible: a->r->b (min_fidelity 0.745 exceeds the achievable estimate 0.720 (one-round static estimate (BBPSSWCircuit.improved_fidelity); SeQUeNCe's 'until_target' mode may run a different number of rounds at execution time)),,,cd46233073dd699a2079f554f754feb3dd5c4e4b,1f2680a5b9065e708a7497adc53a95b108029b98,3.13.14,2026-07-18T00:01:30.630575+00:00
P01_l1_l2_purification_three_node,P01_l1_l2_purification_three_node:three_node:d515ee3f79a910b8:shortest_hop_count__automatic__conservative_min:12:intent-three-node,three_node,d515ee3f79a910b8,12,intent-three-node,shortest_hop_count,automatic,False,,,10,10,0.745,conservative_min,,,,,0.05,1e-05,1000.0,-1.0,False,False,,REJECTED,,,,,,,,,,,0.000465,,,,,,,,no candidate route is feasible: a->r->b (min_fidelity 0.745 exceeds the achievable estimate 0.720 (one-round static estimate (BBPSSWCircuit.improved_fidelity); SeQUeNCe's 'until_target' mode may run a different number of rounds at execution time)),,,cd46233073dd699a2079f554f754feb3dd5c4e4b,1f2680a5b9065e708a7497adc53a95b108029b98,3.13.14,2026-07-18T00:01:30.639102+00:00
P01_l1_l2_purification_three_node,P01_l1_l2_purification_three_node:three_node:d515ee3f79a910b8:shortest_hop_count__automatic__conservative_min:13:intent-three-node,three_node,d515ee3f79a910b8,13,intent-three-node,shortest_hop_count,automatic,False,,,10,10,0.745,conservative_min,,,,,0.05,1e-05,1000.0,-1.0,False,False,,REJECTED,,,,,,,,,,,0.000524,,,,,,,,no candidate route is feasible: a->r->b (min_fidelity 0.745 exceeds the achievable estimate 0.720 (one-round static estimate (BBPSSWCircuit.improved_fidelity); SeQUeNCe's 'until_target' mode may run a different number of rounds at execution time)),,,cd46233073dd699a2079f554f754feb3dd5c4e4b,1f2680a5b9065e708a7497adc53a95b108029b98,3.13.14,2026-07-18T00:01:30.646333+00:00
P01_l1_l2_purification_three_node,P01_l1_l2_purification_three_node:three_node:d515ee3f79a910b8:shortest_hop_count__automatic__conservative_min:14:intent-three-node,three_node,d515ee3f79a910b8,14,intent-three-node,shortest_hop_count,automatic,False,,,10,10,0.745,conservative_min,,,,,0.05,1e-05,1000.0,-1.0,False,False,,REJECTED,,,,,,,,,,,0.0005,,,,,,,,no candidate route is feasible: a->r->b (min_fidelity 0.745 exceeds the achievable estimate 0.720 (one-round static estimate (BBPSSWCircuit.improved_fidelity); SeQUeNCe's 'until_target' mode may run a different number of rounds at execution time)),,,cd46233073dd699a2079f554f754feb3dd5c4e4b,1f2680a5b9065e708a7497adc53a95b108029b98,3.13.14,2026-07-18T00:01:30.656184+00:00
P01_l1_l2_purification_three_node,P01_l1_l2_purification_three_node:three_node:d515ee3f79a910b8:shortest_hop_count__automatic__conservative_min:15:intent-three-node,three_node,d515ee3f79a910b8,15,intent-three-node,shortest_hop_count,automatic,False,,,10,10,0.745,conservative_min,,,,,0.05,1e-05,1000.0,-1.0,False,False,,REJECTED,,,,,,,,,,,0.00045,,,,,,,,no candidate route is feasible: a->r->b (min_fidelity 0.745 exceeds the achievable estimate 0.720 (one-round static estimate (BBPSSWCircuit.improved_fidelity); SeQUeNCe's 'until_target' mode may run a different number of rounds at execution time)),,,cd46233073dd699a2079f554f754feb3dd5c4e4b,1f2680a5b9065e708a7497adc53a95b108029b98,3.13.14,2026-07-18T00:01:30.662253+00:00
P01_l1_l2_purification_three_node,P01_l1_l2_purification_three_node:three_node:d515ee3f79a910b8:shortest_hop_count__automatic__conservative_min:16:intent-three-node,three_node,d515ee3f79a910b8,16,intent-three-node,shortest_hop_count,automatic,False,,,10,10,0.745,conservative_min,,,,,0.05,1e-05,1000.0,-1.0,False,False,,REJECTED,,,,,,,,,,,0.000832,,,,,,,,no candidate route is feasible: a->r->b (min_fidelity 0.745 exceeds the achievable estimate 0.720 (one-round static estimate (BBPSSWCircuit.improved_fidelity); SeQUeNCe's 'until_target' mode may run a different number of rounds at execution time)),,,cd46233073dd699a2079f554f754feb3dd5c4e4b,1f2680a5b9065e708a7497adc53a95b108029b98,3.13.14,2026-07-18T00:01:30.671250+00:00
P01_l1_l2_purification_three_node,P01_l1_l2_purification_three_node:three_node:d515ee3f79a910b8:shortest_hop_count__automatic__conservative_min:17:intent-three-node,three_node,d515ee3f79a910b8,17,intent-three-node,shortest_hop_count,automatic,False,,,10,10,0.745,conservative_min,,,,,0.05,1e-05,1000.0,-1.0,False,False,,REJECTED,,,,,,,,,,,0.000541,,,,,,,,no candidate route is feasible: a->r->b (min_fidelity 0.745 exceeds the achievable estimate 0.720 (one-round static estimate (BBPSSWCircuit.improved_fidelity); SeQUeNCe's 'until_target' mode may run a different number of rounds at execution time)),,,cd46233073dd699a2079f554f754feb3dd5c4e4b,1f2680a5b9065e708a7497adc53a95b108029b98,3.13.14,2026-07-18T00:01:30.681963+00:00
P01_l1_l2_purification_three_node,P01_l1_l2_purification_three_node:three_node:d515ee3f79a910b8:shortest_hop_count__automatic__conservative_min:18:intent-three-node,three_node,d515ee3f79a910b8,18,intent-three-node,shortest_hop_count,automatic,False,,,10,10,0.745,conservative_min,,,,,0.05,1e-05,1000.0,-1.0,False,False,,REJECTED,,,,,,,,,,,0.001118,,,,,,,,no candidate route is feasible: a->r->b (min_fidelity 0.745 exceeds the achievable estimate 0.720 (one-round static estimate (BBPSSWCircuit.improved_fidelity); SeQUeNCe's 'until_target' mode may run a different number of rounds at execution time)),,,cd46233073dd699a2079f554f754feb3dd5c4e4b,1f2680a5b9065e708a7497adc53a95b108029b98,3.13.14,2026-07-18T00:01:30.690114+00:00
P01_l1_l2_purification_three_node,P01_l1_l2_purification_three_node:three_node:d515ee3f79a910b8:shortest_hop_count__automatic__conservative_min:19:intent-three-node,three_node,d515ee3f79a910b8,19,intent-three-node,shortest_hop_count,automatic,False,,,10,10,0.745,conservative_min,,,,,0.05,1e-05,1000.0,-1.0,False,False,,REJECTED,,,,,,,,,,,0.00051,,,,,,,,no candidate route is feasible: a->r->b (min_fidelity 0.745 exceeds the achievable estimate 0.720 (one-round static estimate (BBPSSWCircuit.improved_fidelity); SeQUeNCe's 'until_target' mode may run a different number of rounds at execution time)),,,cd46233073dd699a2079f554f754feb3dd5c4e4b,1f2680a5b9065e708a7497adc53a95b108029b98,3.13.14,2026-07-18T00:01:30.697672+00:00
P01_l1_l2_purification_three_node,P01_l1_l2_purification_three_node:three_node:f7c36c798e312dc5:shortest_hop_count__iterative_analytical__conservative_min:0:intent-three-node,three_node,f7c36c798e312dc5,0,intent-three-node,shortest_hop_count,iterative_analytical,False,a -> r -> b,2,10,10,0.745,conservative_min,0.7572267420113338,0.7572267420113338,0.0,0.0,0.05,1e-05,1000.0,-1.0,True,True,,SATISFIED,31,21,3.1,3.1,0.7572267420113338,0.7572267420113338,620.0,671.3037151246893,0.0028625625099999996,0.01889547501,0.000768,4.736575,550,180,120,96,0,0,,,,cd46233073dd699a2079f554f754feb3dd5c4e4b,1f2680a5b9065e708a7497adc53a95b108029b98,3.13.14,2026-07-18T00:01:35.454302+00:00
P01_l1_l2_purification_three_node,P01_l1_l2_purification_three_node:three_node:f7c36c798e312dc5:shortest_hop_count__iterative_analytical__conservative_min:1:intent-three-node,three_node,f7c36c798e312dc5,1,intent-three-node,shortest_hop_count,iterative_analytical,False,a -> r -> b,2,10,10,0.745,conservative_min,0.7572267420113338,0.7572267420113339,1.1102230246251565e-16,1.466169857757796e-16,0.05,1e-05,1000.0,-1.0,True,True,,SATISFIED,27,17,2.7,2.7,0.7572267420113339,0.7572267420113338,540.0,596.7994969201278,0.0028625625099999996,0.01906317501,0.000721,5.997241,583,198,129,94,0,0,,,,cd46233073dd699a2079f554f754feb3dd5c4e4b,1f2680a5b9065e708a7497adc53a95b108029b98,3.13.14,2026-07-18T00:01:41.475719+00:00
P01_l1_l2_purification_three_node,P01_l1_l2_purification_three_node:three_node:f7c36c798e312dc5:shortest_hop_count__iterative_analytical__conservative_min:2:intent-three-node,three_node,f7c36c798e312dc5,2,intent-three-node,shortest_hop_count,iterative_analytical,False,a -> r -> b,2,10,10,0.745,conservative_min,0.7572267420113338,0.7572267420113338,0.0,0.0,0.05,1e-05,1000.0,-1.0,True,True,,SATISFIED,24,14,2.4,2.4,0.7572267420113338,0.7572267420113338,480.0,528.3297570178427,0.0033151000099999987,0.02140555001,0.000644,5.975825,571,182,116,78,0,0,,,,cd46233073dd699a2079f554f754feb3dd5c4e4b,1f2680a5b9065e708a7497adc53a95b108029b98,3.13.14,2026-07-18T00:01:47.478696+00:00
P01_l1_l2_purification_three_node,P01_l1_l2_purification_three_node:three_node:f7c36c798e312dc5:shortest_hop_count__iterative_analytical__conservative_min:3:intent-three-node,three_node,f7c36c798e312dc5,3,intent-three-node,shortest_hop_count,iterative_analytical,False,a -> r -> b,2,10,10,0.745,conservative_min,0.7572267420113338,0.7572267420113339,1.1102230246251565e-16,1.466169857757796e-16,0.05,1e-05,1000.0,-1.0,True,True,,SATISFIED,27,17,2.7,2.7,0.7572267420113339,0.7572267420113338,540.0,590.4719155428337,0.0031151250100000007,0.01869045001,0.000976,5.807964,456,177,117,91,0,0,,,,cd46233073dd699a2079f554f754feb3dd5c4e4b,1f2680a5b9065e708a7497adc53a95b108029b98,3.13.14,2026-07-18T00:01:53.314011+00:00
P01_l1_l2_purification_three_node,P01_l1_l2_purification_three_node:three_node:f7c36c798e312dc5:shortest_hop_count__iterative_analytical__conservative_min:4:intent-three-node,three_node,f7c36c798e312dc5,4,intent-three-node,shortest_hop_count,iterative_analytical,False,a -> r -> b,2,10,10,0.745,conservative_min,0.7572267420113338,0.7572267420113338,0.0,0.0,0.05,1e-05,1000.0,-1.0,True,True,,SATISFIED,28,18,2.8,2.8,0.7572267420113338,0.7572267420113338,560.0,657.26118092229,0.00533523751,0.01608552501,0.000956,5.84508,555,190,125,94,0,0,,,,cd46233073dd699a2079f554f754feb3dd5c4e4b,1f2680a5b9065e708a7497adc53a95b108029b98,3.13.14,2026-07-18T00:01:59.175855+00:00
P01_l1_l2_purification_three_node,P01_l1_l2_purification_three_node:three_node:f7c36c798e312dc5:shortest_hop_count__iterative_analytical__conservative_min:5:intent-three-node,three_node,f7c36c798e312dc5,5,intent-three-node,shortest_hop_count,iterative_analytical,False,a -> r -> b,2,10,10,0.745,conservative_min,0.7572267420113338,0.7572267420113339,1.1102230246251565e-16,1.466169857757796e-16,0.05,1e-05,1000.0,-1.0,True,True,,SATISFIED,27,17,2.7,2.7,0.7572267420113339,0.7572267420113338,540.0,593.6187631898105,0.0031676000100000004,0.01971057501,0.000667,5.752329,571,193,126,91,0,0,,,,cd46233073dd699a2079f554f754feb3dd5c4e4b,1f2680a5b9065e708a7497adc53a95b108029b98,3.13.14,2026-07-18T00:02:04.952952+00:00
P01_l1_l2_purification_three_node,P01_l1_l2_purification_three_node:three_node:f7c36c798e312dc5:shortest_hop_count__iterative_analytical__conservative_min:6:intent-three-node,three_node,f7c36c798e312dc5,6,intent-three-node,shortest_hop_count,iterative_analytical,False,a -> r -> b,2,10,10,0.745,conservative_min,0.7572267420113338,0.7572267420113338,0.0,0.0,0.05,1e-05,1000.0,-1.0,True,True,,SATISFIED,34,24,3.4,3.4,0.7572267420113338,0.7572267420113338,680.0,734.5994731409368,0.0033201000100000003,0.01508045001,0.00083,6.962811,562,185,129,111,0,0,,,,cd46233073dd699a2079f554f754feb3dd5c4e4b,1f2680a5b9065e708a7497adc53a95b108029b98,3.13.14,2026-07-18T00:02:11.943731+00:00
P01_l1_l2_purification_three_node,P01_l1_l2_purification_three_node:three_node:f7c36c798e312dc5:shortest_hop_count__iterative_analytical__conservative_min:7:intent-three-node,three_node,f7c36c798e312dc5,7,intent-three-node,shortest_hop_count,iterative_analytical,False,a -> r -> b,2,10,10,0.745,conservative_min,0.7572267420113338,0.7572267420113338,0.0,0.0,0.05,1e-05,1000.0,-1.0,True,True,,SATISFIED,31,21,3.1,3.1,0.7572267420113338,0.7572267420113338,620.0,685.1390846155056,0.002410062509999998,0.021110575009999997,0.000706,6.693443,602,199,130,97,0,0,,,,cd46233073dd699a2079f554f754feb3dd5c4e4b,1f2680a5b9065e708a7497adc53a95b108029b98,3.13.14,2026-07-18T00:02:18.658496+00:00
P01_l1_l2_purification_three_node,P01_l1_l2_purification_three_node:three_node:f7c36c798e312dc5:shortest_hop_count__iterative_analytical__conservative_min:8:intent-three-node,three_node,f7c36c798e312dc5,8,intent-three-node,shortest_hop_count,iterative_analytical,False,a -> r -> b,2,10,10,0.745,conservative_min,0.7572267420113338,0.7572267420113339,1.1102230246251565e-16,1.466169857757796e-16,0.05,1e-05,1000.0,-1.0,True,True,,SATISFIED,27,17,2.7,2.7,0.7572267420113339,0.7572267420113338,540.0,584.683564382593,0.003315062510000001,0.01783301251,0.000633,5.860805,576,195,129,94,0,0,,,,cd46233073dd699a2079f554f754feb3dd5c4e4b,1f2680a5b9065e708a7497adc53a95b108029b98,3.13.14,2026-07-18T00:02:24.537149+00:00
P01_l1_l2_purification_three_node,P01_l1_l2_purification_three_node:three_node:f7c36c798e312dc5:shortest_hop_count__iterative_analytical__conservative_min:9:intent-three-node,three_node,f7c36c798e312dc5,9,intent-three-node,shortest_hop_count,iterative_analytical,False,a -> r -> b,2,10,10,0.745,conservative_min,0.7572267420113338,0.7572267420113338,0.0,0.0,0.05,1e-05,1000.0,-1.0,True,True,,SATISFIED,34,24,3.4,3.4,0.7572267420113338,0.7572267420113338,680.0,760.0947994705047,0.004220087509999998,0.01759051251,0.001253,5.092439,608,196,131,104,0,0,,,,cd46233073dd699a2079f554f754feb3dd5c4e4b,1f2680a5b9065e708a7497adc53a95b108029b98,3.13.14,2026-07-18T00:02:29.652264+00:00
P01_l1_l2_purification_three_node,P01_l1_l2_purification_three_node:three_node:f7c36c798e312dc5:shortest_hop_count__iterative_analytical__conservative_min:10:intent-three-node,three_node,f7c36c798e312dc5,10,intent-three-node,shortest_hop_count,iterative_analytical,False,a -> r -> b,2,10,10,0.745,conservative_min,0.7572267420113338,0.7572267420113338,0.0,0.0,0.05,1e-05,1000.0,-1.0,True,True,,SATISFIED,30,20,3.0,3.0,0.7572267420113338,0.7572267420113338,600.0,639.8802144238598,0.0026625500100000005,0.019343000009999996,0.000672,5.442047,573,183,121,92,0,0,,,,cd46233073dd699a2079f554f754feb3dd5c4e4b,1f2680a5b9065e708a7497adc53a95b108029b98,3.13.14,2026-07-18T00:02:35.112147+00:00
P01_l1_l2_purification_three_node,P01_l1_l2_purification_three_node:three_node:f7c36c798e312dc5:shortest_hop_count__iterative_analytical__conservative_min:11:intent-three-node,three_node,f7c36c798e312dc5,11,intent-three-node,shortest_hop_count,iterative_analytical,False,a -> r -> b,2,10,10,0.745,conservative_min,0.7572267420113338,0.7572267420113338,0.0,0.0,0.05,1e-05,1000.0,-1.0,True,True,,SATISFIED,29,19,2.9,2.9,0.7572267420113338,0.7572267420113338,580.0,619.6078096222956,0.0026101500099999994,0.018653087510000003,0.000975,5.630242,608,199,132,99,0,0,,,,cd46233073dd699a2079f554f754feb3dd5c4e4b,1f2680a5b9065e708a7497adc53a95b108029b98,3.13.14,2026-07-18T00:02:40.769856+00:00
P01_l1_l2_purification_three_node,P01_l1_l2_purification_three_node:three_node:f7c36c798e312dc5:shortest_hop_count__iterative_analytical__conservative_min:12:intent-three-node,three_node,f7c36c798e312dc5,12,intent-three-node,shortest_hop_count,iterative_analytical,False,a -> r -> b,2,10,10,0.745,conservative_min,0.7572267420113338,0.7572267420113338,0.0,0.0,0.05,1e-05,1000.0,-1.0,True,True,,SATISFIED,25,15,2.5,2.5,0.7572267420113338,0.7572267420113338,500.0,570.4345484825157,0.0033150875099999984,0.021700550009999996,0.00116,5.762727,596,195,131,95,0,0,,,,cd46233073dd699a2079f554f754feb3dd5c4e4b,1f2680a5b9065e708a7497adc53a95b108029b98,3.13.14,2026-07-18T00:02:46.556154+00:00
P01_l1_l2_purification_three_node,P01_l1_l2_purification_three_node:three_node:f7c36c798e312dc5:shortest_hop_count__iterative_analytical__conservative_min:13:intent-three-node,three_node,f7c36c798e312dc5,13,intent-three-node,shortest_hop_count,iterative_analytical,False,a -> r -> b,2,10,10,0.745,conservative_min,0.7572267420113338,0.7572267420113338,0.0,0.0,0.05,1e-05,1000.0,-1.0,True,True,,SATISFIED,30,20,3.0,3.0,0.7572267420113338,0.7572267420113338,600.0,665.7261435649523,0.004620200009999999,0.02090055001,0.001052,5.641971,500,176,118,93,0,0,,,,cd46233073dd699a2079f554f754feb3dd5c4e4b,1f2680a5b9065e708a7497adc53a95b108029b98,3.13.14,2026-07-18T00:02:52.223057+00:00
P01_l1_l2_purification_three_node,P01_l1_l2_purification_three_node:three_node:f7c36c798e312dc5:shortest_hop_count__iterative_analytical__conservative_min:14:intent-three-node,three_node,f7c36c798e312dc5,14,intent-three-node,shortest_hop_count,iterative_analytical,False,a -> r -> b,2,10,10,0.745,conservative_min,0.7572267420113338,0.7572267420113338,0.0,0.0,0.05,1e-05,1000.0,-1.0,True,True,,SATISFIED,31,21,3.1,3.1,0.7572267420113338,0.7572267420113338,620.0,664.7182559508365,0.0026101500099999994,0.01702801251,0.000903,6.072511,534,200,132,100,0,0,,,,cd46233073dd699a2079f554f754feb3dd5c4e4b,1f2680a5b9065e708a7497adc53a95b108029b98,3.13.14,2026-07-18T00:02:58.321160+00:00
P01_l1_l2_purification_three_node,P01_l1_l2_purification_three_node:three_node:f7c36c798e312dc5:shortest_hop_count__iterative_analytical__conservative_min:15:intent-three-node,three_node,f7c36c798e312dc5,15,intent-three-node,shortest_hop_count,iterative_analytical,False,a -> r -> b,2,10,10,0.745,conservative_min,0.7572267420113338,0.7572267420113338,0.0,0.0,0.05,1e-05,1000.0,-1.0,True,True,,SATISFIED,25,15,2.5,2.5,0.7572267420113338,0.7572267420113338,500.0,547.4214805999303,0.0026625500100000005,0.026130687509999997,0.000621,6.437528,562,194,127,88,0,0,,,,cd46233073dd699a2079f554f754feb3dd5c4e4b,1f2680a5b9065e708a7497adc53a95b108029b98,3.13.14,2026-07-18T00:03:04.779553+00:00
P01_l1_l2_purification_three_node,P01_l1_l2_purification_three_node:three_node:f7c36c798e312dc5:shortest_hop_count__iterative_analytical__conservative_min:16:intent-three-node,three_node,f7c36c798e312dc5,16,intent-three-node,shortest_hop_count,iterative_analytical,False,a -> r -> b,2,10,10,0.745,conservative_min,0.7572267420113338,0.7572267420113338,0.0,0.0,0.05,1e-05,1000.0,-1.0,True,True,,SATISFIED,33,23,3.3,3.3,0.7572267420113338,0.7572267420113338,660.0,698.4683171861041,0.00241012501,0.01623295001,0.000904,6.037018,584,199,132,103,0,0,,,,cd46233073dd699a2079f554f754feb3dd5c4e4b,1f2680a5b9065e708a7497adc53a95b108029b98,3.13.14,2026-07-18T00:03:10.838606+00:00
P01_l1_l2_purification_three_node,P01_l1_l2_purification_three_node:three_node:f7c36c798e312dc5:shortest_hop_count__iterative_analytical__conservative_min:17:intent-three-node,three_node,f7c36c798e312dc5,17,intent-three-node,shortest_hop_count,iterative_analytical,False,a -> r -> b,2,10,10,0.745,conservative_min,0.7572267420113338,0.7572267420113338,0.0,0.0,0.05,1e-05,1000.0,-1.0,True,True,,SATISFIED,31,21,3.1,3.1,0.7572267420113338,0.7572267420113338,620.0,683.1395108610917,0.003167625010000001,0.018453100009999997,0.00069,5.068796,565,196,130,100,0,0,,,,cd46233073dd699a2079f554f754feb3dd5c4e4b,1f2680a5b9065e708a7497adc53a95b108029b98,3.13.14,2026-07-18T00:03:15.927465+00:00
P01_l1_l2_purification_three_node,P01_l1_l2_purification_three_node:three_node:f7c36c798e312dc5:shortest_hop_count__iterative_analytical__conservative_min:18:intent-three-node,three_node,f7c36c798e312dc5,18,intent-three-node,shortest_hop_count,iterative_analytical,False,a -> r -> b,2,10,10,0.745,conservative_min,0.7572267420113338,0.7572267420113338,0.0,0.0,0.05,1e-05,1000.0,-1.0,True,True,,SATISFIED,29,19,2.9,2.9,0.7572267420113338,0.7572267420113338,580.0,655.6457884931904,0.0033150875099999984,0.015322900009999998,0.000889,5.280038,595,195,130,101,0,0,,,,cd46233073dd699a2079f554f754feb3dd5c4e4b,1f2680a5b9065e708a7497adc53a95b108029b98,3.13.14,2026-07-18T00:03:21.228567+00:00
P01_l1_l2_purification_three_node,P01_l1_l2_purification_three_node:three_node:f7c36c798e312dc5:shortest_hop_count__iterative_analytical__conservative_min:19:intent-three-node,three_node,f7c36c798e312dc5,19,intent-three-node,shortest_hop_count,iterative_analytical,False,a -> r -> b,2,10,10,0.745,conservative_min,0.7572267420113338,0.7572267420113338,0.0,0.0,0.05,1e-05,1000.0,-1.0,True,True,,SATISFIED,35,25,3.5,3.5,0.7572267420113338,0.7572267420113338,700.0,735.5465754658966,0.0024101375100000003,0.018838000009999998,0.000714,4.976339,514,190,129,105,0,0,,,,cd46233073dd699a2079f554f754feb3dd5c4e4b,1f2680a5b9065e708a7497adc53a95b108029b98,3.13.14,2026-07-18T00:03:26.231592+00:00
P01_l1_l2_purification_three_node,P01_l1_l2_purification_three_node:three_node:78536bbf96b8f6da:shortest_hop_count__automatic__conservative_min:0:intent-three-node,three_node,78536bbf96b8f6da,0,intent-three-node,shortest_hop_count,automatic,False,,,10,10,0.75,conservative_min,,,,,0.05,1e-05,1000.0,-1.0,False,False,,REJECTED,,,,,,,,,,,0.000915,,,,,,,,no candidate route is feasible: a->r->b (min_fidelity 0.750 exceeds the achievable estimate 0.720 (one-round static estimate (BBPSSWCircuit.improved_fidelity); SeQUeNCe's 'until_target' mode may run a different number of rounds at execution time)),,,cd46233073dd699a2079f554f754feb3dd5c4e4b,1f2680a5b9065e708a7497adc53a95b108029b98,3.13.14,2026-07-18T00:03:26.240100+00:00
P01_l1_l2_purification_three_node,P01_l1_l2_purification_three_node:three_node:78536bbf96b8f6da:shortest_hop_count__automatic__conservative_min:1:intent-three-node,three_node,78536bbf96b8f6da,1,intent-three-node,shortest_hop_count,automatic,False,,,10,10,0.75,conservative_min,,,,,0.05,1e-05,1000.0,-1.0,False,False,,REJECTED,,,,,,,,,,,0.000911,,,,,,,,no candidate route is feasible: a->r->b (min_fidelity 0.750 exceeds the achievable estimate 0.720 (one-round static estimate (BBPSSWCircuit.improved_fidelity); SeQUeNCe's 'until_target' mode may run a different number of rounds at execution time)),,,cd46233073dd699a2079f554f754feb3dd5c4e4b,1f2680a5b9065e708a7497adc53a95b108029b98,3.13.14,2026-07-18T00:03:26.248686+00:00
P01_l1_l2_purification_three_node,P01_l1_l2_purification_three_node:three_node:78536bbf96b8f6da:shortest_hop_count__automatic__conservative_min:2:intent-three-node,three_node,78536bbf96b8f6da,2,intent-three-node,shortest_hop_count,automatic,False,,,10,10,0.75,conservative_min,,,,,0.05,1e-05,1000.0,-1.0,False,False,,REJECTED,,,,,,,,,,,0.000968,,,,,,,,no candidate route is feasible: a->r->b (min_fidelity 0.750 exceeds the achievable estimate 0.720 (one-round static estimate (BBPSSWCircuit.improved_fidelity); SeQUeNCe's 'until_target' mode may run a different number of rounds at execution time)),,,cd46233073dd699a2079f554f754feb3dd5c4e4b,1f2680a5b9065e708a7497adc53a95b108029b98,3.13.14,2026-07-18T00:03:26.260578+00:00
P01_l1_l2_purification_three_node,P01_l1_l2_purification_three_node:three_node:78536bbf96b8f6da:shortest_hop_count__automatic__conservative_min:3:intent-three-node,three_node,78536bbf96b8f6da,3,intent-three-node,shortest_hop_count,automatic,False,,,10,10,0.75,conservative_min,,,,,0.05,1e-05,1000.0,-1.0,False,False,,REJECTED,,,,,,,,,,,0.000736,,,,,,,,no candidate route is feasible: a->r->b (min_fidelity 0.750 exceeds the achievable estimate 0.720 (one-round static estimate (BBPSSWCircuit.improved_fidelity); SeQUeNCe's 'until_target' mode may run a different number of rounds at execution time)),,,cd46233073dd699a2079f554f754feb3dd5c4e4b,1f2680a5b9065e708a7497adc53a95b108029b98,3.13.14,2026-07-18T00:03:26.271164+00:00
P01_l1_l2_purification_three_node,P01_l1_l2_purification_three_node:three_node:78536bbf96b8f6da:shortest_hop_count__automatic__conservative_min:4:intent-three-node,three_node,78536bbf96b8f6da,4,intent-three-node,shortest_hop_count,automatic,False,,,10,10,0.75,conservative_min,,,,,0.05,1e-05,1000.0,-1.0,False,False,,REJECTED,,,,,,,,,,,0.000515,,,,,,,,no candidate route is feasible: a->r->b (min_fidelity 0.750 exceeds the achievable estimate 0.720 (one-round static estimate (BBPSSWCircuit.improved_fidelity); SeQUeNCe's 'until_target' mode may run a different number of rounds at execution time)),,,cd46233073dd699a2079f554f754feb3dd5c4e4b,1f2680a5b9065e708a7497adc53a95b108029b98,3.13.14,2026-07-18T00:03:26.279065+00:00
P01_l1_l2_purification_three_node,P01_l1_l2_purification_three_node:three_node:78536bbf96b8f6da:shortest_hop_count__automatic__conservative_min:5:intent-three-node,three_node,78536bbf96b8f6da,5,intent-three-node,shortest_hop_count,automatic,False,,,10,10,0.75,conservative_min,,,,,0.05,1e-05,1000.0,-1.0,False,False,,REJECTED,,,,,,,,,,,0.000487,,,,,,,,no candidate route is feasible: a->r->b (min_fidelity 0.750 exceeds the achievable estimate 0.720 (one-round static estimate (BBPSSWCircuit.improved_fidelity); SeQUeNCe's 'until_target' mode may run a different number of rounds at execution time)),,,cd46233073dd699a2079f554f754feb3dd5c4e4b,1f2680a5b9065e708a7497adc53a95b108029b98,3.13.14,2026-07-18T00:03:26.286908+00:00
P01_l1_l2_purification_three_node,P01_l1_l2_purification_three_node:three_node:78536bbf96b8f6da:shortest_hop_count__automatic__conservative_min:6:intent-three-node,three_node,78536bbf96b8f6da,6,intent-three-node,shortest_hop_count,automatic,False,,,10,10,0.75,conservative_min,,,,,0.05,1e-05,1000.0,-1.0,False,False,,REJECTED,,,,,,,,,,,0.000508,,,,,,,,no candidate route is feasible: a->r->b (min_fidelity 0.750 exceeds the achievable estimate 0.720 (one-round static estimate (BBPSSWCircuit.improved_fidelity); SeQUeNCe's 'until_target' mode may run a different number of rounds at execution time)),,,cd46233073dd699a2079f554f754feb3dd5c4e4b,1f2680a5b9065e708a7497adc53a95b108029b98,3.13.14,2026-07-18T00:03:26.292829+00:00
P01_l1_l2_purification_three_node,P01_l1_l2_purification_three_node:three_node:78536bbf96b8f6da:shortest_hop_count__automatic__conservative_min:7:intent-three-node,three_node,78536bbf96b8f6da,7,intent-three-node,shortest_hop_count,automatic,False,,,10,10,0.75,conservative_min,,,,,0.05,1e-05,1000.0,-1.0,False,False,,REJECTED,,,,,,,,,,,0.000531,,,,,,,,no candidate route is feasible: a->r->b (min_fidelity 0.750 exceeds the achievable estimate 0.720 (one-round static estimate (BBPSSWCircuit.improved_fidelity); SeQUeNCe's 'until_target' mode may run a different number of rounds at execution time)),,,cd46233073dd699a2079f554f754feb3dd5c4e4b,1f2680a5b9065e708a7497adc53a95b108029b98,3.13.14,2026-07-18T00:03:26.301347+00:00
P01_l1_l2_purification_three_node,P01_l1_l2_purification_three_node:three_node:78536bbf96b8f6da:shortest_hop_count__automatic__conservative_min:8:intent-three-node,three_node,78536bbf96b8f6da,8,intent-three-node,shortest_hop_count,automatic,False,,,10,10,0.75,conservative_min,,,,,0.05,1e-05,1000.0,-1.0,False,False,,REJECTED,,,,,,,,,,,0.000907,,,,,,,,no candidate route is feasible: a->r->b (min_fidelity 0.750 exceeds the achievable estimate 0.720 (one-round static estimate (BBPSSWCircuit.improved_fidelity); SeQUeNCe's 'until_target' mode may run a different number of rounds at execution time)),,,cd46233073dd699a2079f554f754feb3dd5c4e4b,1f2680a5b9065e708a7497adc53a95b108029b98,3.13.14,2026-07-18T00:03:26.309655+00:00
P01_l1_l2_purification_three_node,P01_l1_l2_purification_three_node:three_node:78536bbf96b8f6da:shortest_hop_count__automatic__conservative_min:9:intent-three-node,three_node,78536bbf96b8f6da,9,intent-three-node,shortest_hop_count,automatic,False,,,10,10,0.75,conservative_min,,,,,0.05,1e-05,1000.0,-1.0,False,False,,REJECTED,,,,,,,,,,,0.000685,,,,,,,,no candidate route is feasible: a->r->b (min_fidelity 0.750 exceeds the achievable estimate 0.720 (one-round static estimate (BBPSSWCircuit.improved_fidelity); SeQUeNCe's 'until_target' mode may run a different number of rounds at execution time)),,,cd46233073dd699a2079f554f754feb3dd5c4e4b,1f2680a5b9065e708a7497adc53a95b108029b98,3.13.14,2026-07-18T00:03:26.317676+00:00
P01_l1_l2_purification_three_node,P01_l1_l2_purification_three_node:three_node:78536bbf96b8f6da:shortest_hop_count__automatic__conservative_min:10:intent-three-node,three_node,78536bbf96b8f6da,10,intent-three-node,shortest_hop_count,automatic,False,,,10,10,0.75,conservative_min,,,,,0.05,1e-05,1000.0,-1.0,False,False,,REJECTED,,,,,,,,,,,0.000716,,,,,,,,no candidate route is feasible: a->r->b (min_fidelity 0.750 exceeds the achievable estimate 0.720 (one-round static estimate (BBPSSWCircuit.improved_fidelity); SeQUeNCe's 'until_target' mode may run a different number of rounds at execution time)),,,cd46233073dd699a2079f554f754feb3dd5c4e4b,1f2680a5b9065e708a7497adc53a95b108029b98,3.13.14,2026-07-18T00:03:26.324985+00:00
P01_l1_l2_purification_three_node,P01_l1_l2_purification_three_node:three_node:78536bbf96b8f6da:shortest_hop_count__automatic__conservative_min:11:intent-three-node,three_node,78536bbf96b8f6da,11,intent-three-node,shortest_hop_count,automatic,False,,,10,10,0.75,conservative_min,,,,,0.05,1e-05,1000.0,-1.0,False,False,,REJECTED,,,,,,,,,,,0.000742,,,,,,,,no candidate route is feasible: a->r->b (min_fidelity 0.750 exceeds the achievable estimate 0.720 (one-round static estimate (BBPSSWCircuit.improved_fidelity); SeQUeNCe's 'until_target' mode may run a different number of rounds at execution time)),,,cd46233073dd699a2079f554f754feb3dd5c4e4b,1f2680a5b9065e708a7497adc53a95b108029b98,3.13.14,2026-07-18T00:03:26.334223+00:00
P01_l1_l2_purification_three_node,P01_l1_l2_purification_three_node:three_node:78536bbf96b8f6da:shortest_hop_count__automatic__conservative_min:12:intent-three-node,three_node,78536bbf96b8f6da,12,intent-three-node,shortest_hop_count,automatic,False,,,10,10,0.75,conservative_min,,,,,0.05,1e-05,1000.0,-1.0,False,False,,REJECTED,,,,,,,,,,,0.000683,,,,,,,,no candidate route is feasible: a->r->b (min_fidelity 0.750 exceeds the achievable estimate 0.720 (one-round static estimate (BBPSSWCircuit.improved_fidelity); SeQUeNCe's 'until_target' mode may run a different number of rounds at execution time)),,,cd46233073dd699a2079f554f754feb3dd5c4e4b,1f2680a5b9065e708a7497adc53a95b108029b98,3.13.14,2026-07-18T00:03:26.341404+00:00
P01_l1_l2_purification_three_node,P01_l1_l2_purification_three_node:three_node:78536bbf96b8f6da:shortest_hop_count__automatic__conservative_min:13:intent-three-node,three_node,78536bbf96b8f6da,13,intent-three-node,shortest_hop_count,automatic,False,,,10,10,0.75,conservative_min,,,,,0.05,1e-05,1000.0,-1.0,False,False,,REJECTED,,,,,,,,,,,0.000692,,,,,,,,no candidate route is feasible: a->r->b (min_fidelity 0.750 exceeds the achievable estimate 0.720 (one-round static estimate (BBPSSWCircuit.improved_fidelity); SeQUeNCe's 'until_target' mode may run a different number of rounds at execution time)),,,cd46233073dd699a2079f554f754feb3dd5c4e4b,1f2680a5b9065e708a7497adc53a95b108029b98,3.13.14,2026-07-18T00:03:26.350043+00:00
P01_l1_l2_purification_three_node,P01_l1_l2_purification_three_node:three_node:78536bbf96b8f6da:shortest_hop_count__automatic__conservative_min:14:intent-three-node,three_node,78536bbf96b8f6da,14,intent-three-node,shortest_hop_count,automatic,False,,,10,10,0.75,conservative_min,,,,,0.05,1e-05,1000.0,-1.0,False,False,,REJECTED,,,,,,,,,,,0.000612,,,,,,,,no candidate route is feasible: a->r->b (min_fidelity 0.750 exceeds the achievable estimate 0.720 (one-round static estimate (BBPSSWCircuit.improved_fidelity); SeQUeNCe's 'until_target' mode may run a different number of rounds at execution time)),,,cd46233073dd699a2079f554f754feb3dd5c4e4b,1f2680a5b9065e708a7497adc53a95b108029b98,3.13.14,2026-07-18T00:03:26.358589+00:00
P01_l1_l2_purification_three_node,P01_l1_l2_purification_three_node:three_node:78536bbf96b8f6da:shortest_hop_count__automatic__conservative_min:15:intent-three-node,three_node,78536bbf96b8f6da,15,intent-three-node,shortest_hop_count,automatic,False,,,10,10,0.75,conservative_min,,,,,0.05,1e-05,1000.0,-1.0,False,False,,REJECTED,,,,,,,,,,,0.000894,,,,,,,,no candidate route is feasible: a->r->b (min_fidelity 0.750 exceeds the achievable estimate 0.720 (one-round static estimate (BBPSSWCircuit.improved_fidelity); SeQUeNCe's 'until_target' mode may run a different number of rounds at execution time)),,,cd46233073dd699a2079f554f754feb3dd5c4e4b,1f2680a5b9065e708a7497adc53a95b108029b98,3.13.14,2026-07-18T00:03:26.365917+00:00
P01_l1_l2_purification_three_node,P01_l1_l2_purification_three_node:three_node:78536bbf96b8f6da:shortest_hop_count__automatic__conservative_min:16:intent-three-node,three_node,78536bbf96b8f6da,16,intent-three-node,shortest_hop_count,automatic,False,,,10,10,0.75,conservative_min,,,,,0.05,1e-05,1000.0,-1.0,False,False,,REJECTED,,,,,,,,,,,0.000466,,,,,,,,no candidate route is feasible: a->r->b (min_fidelity 0.750 exceeds the achievable estimate 0.720 (one-round static estimate (BBPSSWCircuit.improved_fidelity); SeQUeNCe's 'until_target' mode may run a different number of rounds at execution time)),,,cd46233073dd699a2079f554f754feb3dd5c4e4b,1f2680a5b9065e708a7497adc53a95b108029b98,3.13.14,2026-07-18T00:03:26.374986+00:00
P01_l1_l2_purification_three_node,P01_l1_l2_purification_three_node:three_node:78536bbf96b8f6da:shortest_hop_count__automatic__conservative_min:17:intent-three-node,three_node,78536bbf96b8f6da,17,intent-three-node,shortest_hop_count,automatic,False,,,10,10,0.75,conservative_min,,,,,0.05,1e-05,1000.0,-1.0,False,False,,REJECTED,,,,,,,,,,,0.000511,,,,,,,,no candidate route is feasible: a->r->b (min_fidelity 0.750 exceeds the achievable estimate 0.720 (one-round static estimate (BBPSSWCircuit.improved_fidelity); SeQUeNCe's 'until_target' mode may run a different number of rounds at execution time)),,,cd46233073dd699a2079f554f754feb3dd5c4e4b,1f2680a5b9065e708a7497adc53a95b108029b98,3.13.14,2026-07-18T00:03:26.382733+00:00
P01_l1_l2_purification_three_node,P01_l1_l2_purification_three_node:three_node:78536bbf96b8f6da:shortest_hop_count__automatic__conservative_min:18:intent-three-node,three_node,78536bbf96b8f6da,18,intent-three-node,shortest_hop_count,automatic,False,,,10,10,0.75,conservative_min,,,,,0.05,1e-05,1000.0,-1.0,False,False,,REJECTED,,,,,,,,,,,0.000538,,,,,,,,no candidate route is feasible: a->r->b (min_fidelity 0.750 exceeds the achievable estimate 0.720 (one-round static estimate (BBPSSWCircuit.improved_fidelity); SeQUeNCe's 'until_target' mode may run a different number of rounds at execution time)),,,cd46233073dd699a2079f554f754feb3dd5c4e4b,1f2680a5b9065e708a7497adc53a95b108029b98,3.13.14,2026-07-18T00:03:26.389130+00:00
P01_l1_l2_purification_three_node,P01_l1_l2_purification_three_node:three_node:78536bbf96b8f6da:shortest_hop_count__automatic__conservative_min:19:intent-three-node,three_node,78536bbf96b8f6da,19,intent-three-node,shortest_hop_count,automatic,False,,,10,10,0.75,conservative_min,,,,,0.05,1e-05,1000.0,-1.0,False,False,,REJECTED,,,,,,,,,,,0.000596,,,,,,,,no candidate route is feasible: a->r->b (min_fidelity 0.750 exceeds the achievable estimate 0.720 (one-round static estimate (BBPSSWCircuit.improved_fidelity); SeQUeNCe's 'until_target' mode may run a different number of rounds at execution time)),,,cd46233073dd699a2079f554f754feb3dd5c4e4b,1f2680a5b9065e708a7497adc53a95b108029b98,3.13.14,2026-07-18T00:03:26.394919+00:00
P01_l1_l2_purification_three_node,P01_l1_l2_purification_three_node:three_node:be1944603f722d43:shortest_hop_count__iterative_analytical__conservative_min:0:intent-three-node,three_node,be1944603f722d43,0,intent-three-node,shortest_hop_count,iterative_analytical,False,a -> r -> b,2,10,10,0.75,conservative_min,0.7572267420113338,0.7572267420113338,0.0,0.0,0.05,1e-05,1000.0,-1.0,True,True,,SATISFIED,31,21,3.1,3.1,0.7572267420113338,0.7572267420113338,620.0,671.3037151246893,0.0028625625099999996,0.01889547501,0.000425,5.298959,550,180,120,96,0,0,,,,cd46233073dd699a2079f554f754feb3dd5c4e4b,1f2680a5b9065e708a7497adc53a95b108029b98,3.13.14,2026-07-18T00:03:31.708142+00:00
P01_l1_l2_purification_three_node,P01_l1_l2_purification_three_node:three_node:be1944603f722d43:shortest_hop_count__iterative_analytical__conservative_min:1:intent-three-node,three_node,be1944603f722d43,1,intent-three-node,shortest_hop_count,iterative_analytical,False,a -> r -> b,2,10,10,0.75,conservative_min,0.7572267420113338,0.7572267420113339,1.1102230246251565e-16,1.466169857757796e-16,0.05,1e-05,1000.0,-1.0,True,True,,SATISFIED,27,17,2.7,2.7,0.7572267420113339,0.7572267420113338,540.0,596.7994969201278,0.0028625625099999996,0.01906317501,0.00061,5.019893,583,198,129,94,0,0,,,,cd46233073dd699a2079f554f754feb3dd5c4e4b,1f2680a5b9065e708a7497adc53a95b108029b98,3.13.14,2026-07-18T00:03:36.746730+00:00
P01_l1_l2_purification_three_node,P01_l1_l2_purification_three_node:three_node:be1944603f722d43:shortest_hop_count__iterative_analytical__conservative_min:2:intent-three-node,three_node,be1944603f722d43,2,intent-three-node,shortest_hop_count,iterative_analytical,False,a -> r -> b,2,10,10,0.75,conservative_min,0.7572267420113338,0.7572267420113338,0.0,0.0,0.05,1e-05,1000.0,-1.0,True,True,,SATISFIED,24,14,2.4,2.4,0.7572267420113338,0.7572267420113338,480.0,528.3297570178427,0.0033151000099999987,0.02140555001,0.00069,6.22448,571,182,116,78,0,0,,,,cd46233073dd699a2079f554f754feb3dd5c4e4b,1f2680a5b9065e708a7497adc53a95b108029b98,3.13.14,2026-07-18T00:03:42.987201+00:00
P01_l1_l2_purification_three_node,P01_l1_l2_purification_three_node:three_node:be1944603f722d43:shortest_hop_count__iterative_analytical__conservative_min:3:intent-three-node,three_node,be1944603f722d43,3,intent-three-node,shortest_hop_count,iterative_analytical,False,a -> r -> b,2,10,10,0.75,conservative_min,0.7572267420113338,0.7572267420113339,1.1102230246251565e-16,1.466169857757796e-16,0.05,1e-05,1000.0,-1.0,True,True,,SATISFIED,27,17,2.7,2.7,0.7572267420113339,0.7572267420113338,540.0,590.4719155428337,0.0031151250100000007,0.01869045001,0.000636,6.523824,456,177,117,91,0,0,,,,cd46233073dd699a2079f554f754feb3dd5c4e4b,1f2680a5b9065e708a7497adc53a95b108029b98,3.13.14,2026-07-18T00:03:49.587129+00:00
P01_l1_l2_purification_three_node,P01_l1_l2_purification_three_node:three_node:be1944603f722d43:shortest_hop_count__iterative_analytical__conservative_min:4:intent-three-node,three_node,be1944603f722d43,4,intent-three-node,shortest_hop_count,iterative_analytical,False,a -> r -> b,2,10,10,0.75,conservative_min,0.7572267420113338,0.7572267420113338,0.0,0.0,0.05,1e-05,1000.0,-1.0,True,True,,SATISFIED,28,18,2.8,2.8,0.7572267420113338,0.7572267420113338,560.0,657.26118092229,0.00533523751,0.01608552501,0.000574,7.132114,555,190,125,94,0,0,,,,cd46233073dd699a2079f554f754feb3dd5c4e4b,1f2680a5b9065e708a7497adc53a95b108029b98,3.13.14,2026-07-18T00:03:56.740419+00:00
P01_l1_l2_purification_three_node,P01_l1_l2_purification_three_node:three_node:be1944603f722d43:shortest_hop_count__iterative_analytical__conservative_min:5:intent-three-node,three_node,be1944603f722d43,5,intent-three-node,shortest_hop_count,iterative_analytical,False,a -> r -> b,2,10,10,0.75,conservative_min,0.7572267420113338,0.7572267420113339,1.1102230246251565e-16,1.466169857757796e-16,0.05,1e-05,1000.0,-1.0,True,True,,SATISFIED,27,17,2.7,2.7,0.7572267420113339,0.7572267420113338,540.0,593.6187631898105,0.0031676000100000004,0.01971057501,0.000763,6.653283,571,193,126,91,0,0,,,,cd46233073dd699a2079f554f754feb3dd5c4e4b,1f2680a5b9065e708a7497adc53a95b108029b98,3.13.14,2026-07-18T00:04:03.413387+00:00
P01_l1_l2_purification_three_node,P01_l1_l2_purification_three_node:three_node:be1944603f722d43:shortest_hop_count__iterative_analytical__conservative_min:6:intent-three-node,three_node,be1944603f722d43,6,intent-three-node,shortest_hop_count,iterative_analytical,False,a -> r -> b,2,10,10,0.75,conservative_min,0.7572267420113338,0.7572267420113338,0.0,0.0,0.05,1e-05,1000.0,-1.0,True,True,,SATISFIED,34,24,3.4,3.4,0.7572267420113338,0.7572267420113338,680.0,734.5994731409368,0.0033201000100000003,0.01508045001,0.000951,5.369168,562,185,129,111,0,0,,,,cd46233073dd699a2079f554f754feb3dd5c4e4b,1f2680a5b9065e708a7497adc53a95b108029b98,3.13.14,2026-07-18T00:04:08.803227+00:00
P01_l1_l2_purification_three_node,P01_l1_l2_purification_three_node:three_node:be1944603f722d43:shortest_hop_count__iterative_analytical__conservative_min:7:intent-three-node,three_node,be1944603f722d43,7,intent-three-node,shortest_hop_count,iterative_analytical,False,a -> r -> b,2,10,10,0.75,conservative_min,0.7572267420113338,0.7572267420113338,0.0,0.0,0.05,1e-05,1000.0,-1.0,True,True,,SATISFIED,31,21,3.1,3.1,0.7572267420113338,0.7572267420113338,620.0,685.1390846155056,0.002410062509999998,0.021110575009999997,0.001051,5.532863,602,199,130,97,0,0,,,,cd46233073dd699a2079f554f754feb3dd5c4e4b,1f2680a5b9065e708a7497adc53a95b108029b98,3.13.14,2026-07-18T00:04:14.363038+00:00
P01_l1_l2_purification_three_node,P01_l1_l2_purification_three_node:three_node:be1944603f722d43:shortest_hop_count__iterative_analytical__conservative_min:8:intent-three-node,three_node,be1944603f722d43,8,intent-three-node,shortest_hop_count,iterative_analytical,False,a -> r -> b,2,10,10,0.75,conservative_min,0.7572267420113338,0.7572267420113339,1.1102230246251565e-16,1.466169857757796e-16,0.05,1e-05,1000.0,-1.0,True,True,,SATISFIED,27,17,2.7,2.7,0.7572267420113339,0.7572267420113338,540.0,584.683564382593,0.003315062510000001,0.01783301251,0.000899,5.196816,576,195,129,94,0,0,,,,cd46233073dd699a2079f554f754feb3dd5c4e4b,1f2680a5b9065e708a7497adc53a95b108029b98,3.13.14,2026-07-18T00:04:19.580307+00:00
P01_l1_l2_purification_three_node,P01_l1_l2_purification_three_node:three_node:be1944603f722d43:shortest_hop_count__iterative_analytical__conservative_min:9:intent-three-node,three_node,be1944603f722d43,9,intent-three-node,shortest_hop_count,iterative_analytical,False,a -> r -> b,2,10,10,0.75,conservative_min,0.7572267420113338,0.7572267420113338,0.0,0.0,0.05,1e-05,1000.0,-1.0,True,True,,SATISFIED,34,24,3.4,3.4,0.7572267420113338,0.7572267420113338,680.0,760.0947994705047,0.004220087509999998,0.01759051251,0.000506,5.402437,608,196,131,104,0,0,,,,cd46233073dd699a2079f554f754feb3dd5c4e4b,1f2680a5b9065e708a7497adc53a95b108029b98,3.13.14,2026-07-18T00:04:25.000850+00:00
P01_l1_l2_purification_three_node,P01_l1_l2_purification_three_node:three_node:be1944603f722d43:shortest_hop_count__iterative_analytical__conservative_min:10:intent-three-node,three_node,be1944603f722d43,10,intent-three-node,shortest_hop_count,iterative_analytical,False,a -> r -> b,2,10,10,0.75,conservative_min,0.7572267420113338,0.7572267420113338,0.0,0.0,0.05,1e-05,1000.0,-1.0,True,True,,SATISFIED,30,20,3.0,3.0,0.7572267420113338,0.7572267420113338,600.0,639.8802144238598,0.0026625500100000005,0.019343000009999996,0.000636,5.950082,573,183,121,92,0,0,,,,cd46233073dd699a2079f554f754feb3dd5c4e4b,1f2680a5b9065e708a7497adc53a95b108029b98,3.13.14,2026-07-18T00:04:30.971991+00:00
P01_l1_l2_purification_three_node,P01_l1_l2_purification_three_node:three_node:be1944603f722d43:shortest_hop_count__iterative_analytical__conservative_min:11:intent-three-node,three_node,be1944603f722d43,11,intent-three-node,shortest_hop_count,iterative_analytical,False,a -> r -> b,2,10,10,0.75,conservative_min,0.7572267420113338,0.7572267420113338,0.0,0.0,0.05,1e-05,1000.0,-1.0,True,True,,SATISFIED,29,19,2.9,2.9,0.7572267420113338,0.7572267420113338,580.0,619.6078096222956,0.0026101500099999994,0.018653087510000003,0.00067,5.836634,608,199,132,99,0,0,,,,cd46233073dd699a2079f554f754feb3dd5c4e4b,1f2680a5b9065e708a7497adc53a95b108029b98,3.13.14,2026-07-18T00:04:36.831272+00:00
P01_l1_l2_purification_three_node,P01_l1_l2_purification_three_node:three_node:be1944603f722d43:shortest_hop_count__iterative_analytical__conservative_min:12:intent-three-node,three_node,be1944603f722d43,12,intent-three-node,shortest_hop_count,iterative_analytical,False,a -> r -> b,2,10,10,0.75,conservative_min,0.7572267420113338,0.7572267420113338,0.0,0.0,0.05,1e-05,1000.0,-1.0,True,True,,SATISFIED,25,15,2.5,2.5,0.7572267420113338,0.7572267420113338,500.0,570.4345484825157,0.0033150875099999984,0.021700550009999996,0.000637,5.856552,596,195,131,95,0,0,,,,cd46233073dd699a2079f554f754feb3dd5c4e4b,1f2680a5b9065e708a7497adc53a95b108029b98,3.13.14,2026-07-18T00:04:42.705141+00:00
P01_l1_l2_purification_three_node,P01_l1_l2_purification_three_node:three_node:be1944603f722d43:shortest_hop_count__iterative_analytical__conservative_min:13:intent-three-node,three_node,be1944603f722d43,13,intent-three-node,shortest_hop_count,iterative_analytical,False,a -> r -> b,2,10,10,0.75,conservative_min,0.7572267420113338,0.7572267420113338,0.0,0.0,0.05,1e-05,1000.0,-1.0,True,True,,SATISFIED,30,20,3.0,3.0,0.7572267420113338,0.7572267420113338,600.0,665.7261435649523,0.004620200009999999,0.02090055001,0.000618,4.966441,500,176,118,93,0,0,,,,cd46233073dd699a2079f554f754feb3dd5c4e4b,1f2680a5b9065e708a7497adc53a95b108029b98,3.13.14,2026-07-18T00:04:47.688743+00:00
P01_l1_l2_purification_three_node,P01_l1_l2_purification_three_node:three_node:be1944603f722d43:shortest_hop_count__iterative_analytical__conservative_min:14:intent-three-node,three_node,be1944603f722d43,14,intent-three-node,shortest_hop_count,iterative_analytical,False,a -> r -> b,2,10,10,0.75,conservative_min,0.7572267420113338,0.7572267420113338,0.0,0.0,0.05,1e-05,1000.0,-1.0,True,True,,SATISFIED,31,21,3.1,3.1,0.7572267420113338,0.7572267420113338,620.0,664.7182559508365,0.0026101500099999994,0.01702801251,0.00127,5.532115,534,200,132,100,0,0,,,,cd46233073dd699a2079f554f754feb3dd5c4e4b,1f2680a5b9065e708a7497adc53a95b108029b98,3.13.14,2026-07-18T00:04:53.253714+00:00
P01_l1_l2_purification_three_node,P01_l1_l2_purification_three_node:three_node:be1944603f722d43:shortest_hop_count__iterative_analytical__conservative_min:15:intent-three-node,three_node,be1944603f722d43,15,intent-three-node,shortest_hop_count,iterative_analytical,False,a -> r -> b,2,10,10,0.75,conservative_min,0.7572267420113338,0.7572267420113338,0.0,0.0,0.05,1e-05,1000.0,-1.0,True,True,,SATISFIED,25,15,2.5,2.5,0.7572267420113338,0.7572267420113338,500.0,547.4214805999303,0.0026625500100000005,0.026130687509999997,0.000549,5.551699,562,194,127,88,0,0,,,,cd46233073dd699a2079f554f754feb3dd5c4e4b,1f2680a5b9065e708a7497adc53a95b108029b98,3.13.14,2026-07-18T00:04:58.821159+00:00
P01_l1_l2_purification_three_node,P01_l1_l2_purification_three_node:three_node:be1944603f722d43:shortest_hop_count__iterative_analytical__conservative_min:16:intent-three-node,three_node,be1944603f722d43,16,intent-three-node,shortest_hop_count,iterative_analytical,False,a -> r -> b,2,10,10,0.75,conservative_min,0.7572267420113338,0.7572267420113338,0.0,0.0,0.05,1e-05,1000.0,-1.0,True,True,,SATISFIED,33,23,3.3,3.3,0.7572267420113338,0.7572267420113338,660.0,698.4683171861041,0.00241012501,0.01623295001,0.001084,6.078321,584,199,132,103,0,0,,,,cd46233073dd699a2079f554f754feb3dd5c4e4b,1f2680a5b9065e708a7497adc53a95b108029b98,3.13.14,2026-07-18T00:05:04.920598+00:00
P01_l1_l2_purification_three_node,P01_l1_l2_purification_three_node:three_node:be1944603f722d43:shortest_hop_count__iterative_analytical__conservative_min:17:intent-three-node,three_node,be1944603f722d43,17,intent-three-node,shortest_hop_count,iterative_analytical,False,a -> r -> b,2,10,10,0.75,conservative_min,0.7572267420113338,0.7572267420113338,0.0,0.0,0.05,1e-05,1000.0,-1.0,True,True,,SATISFIED,31,21,3.1,3.1,0.7572267420113338,0.7572267420113338,620.0,683.1395108610917,0.003167625010000001,0.018453100009999997,0.000515,5.604091,565,196,130,100,0,0,,,,cd46233073dd699a2079f554f754feb3dd5c4e4b,1f2680a5b9065e708a7497adc53a95b108029b98,3.13.14,2026-07-18T00:05:10.540032+00:00
P01_l1_l2_purification_three_node,P01_l1_l2_purification_three_node:three_node:be1944603f722d43:shortest_hop_count__iterative_analytical__conservative_min:18:intent-three-node,three_node,be1944603f722d43,18,intent-three-node,shortest_hop_count,iterative_analytical,False,a -> r -> b,2,10,10,0.75,conservative_min,0.7572267420113338,0.7572267420113338,0.0,0.0,0.05,1e-05,1000.0,-1.0,True,True,,SATISFIED,29,19,2.9,2.9,0.7572267420113338,0.7572267420113338,580.0,655.6457884931904,0.0033150875099999984,0.015322900009999998,0.000803,5.9527,595,195,130,101,0,0,,,,cd46233073dd699a2079f554f754feb3dd5c4e4b,1f2680a5b9065e708a7497adc53a95b108029b98,3.13.14,2026-07-18T00:05:16.517975+00:00
P01_l1_l2_purification_three_node,P01_l1_l2_purification_three_node:three_node:be1944603f722d43:shortest_hop_count__iterative_analytical__conservative_min:19:intent-three-node,three_node,be1944603f722d43,19,intent-three-node,shortest_hop_count,iterative_analytical,False,a -> r -> b,2,10,10,0.75,conservative_min,0.7572267420113338,0.7572267420113338,0.0,0.0,0.05,1e-05,1000.0,-1.0,True,True,,SATISFIED,35,25,3.5,3.5,0.7572267420113338,0.7572267420113338,700.0,735.5465754658966,0.0024101375100000003,0.018838000009999998,0.000614,6.988605,514,190,129,105,0,0,,,,cd46233073dd699a2079f554f754feb3dd5c4e4b,1f2680a5b9065e708a7497adc53a95b108029b98,3.13.14,2026-07-18T00:05:23.523018+00:00
