campaign,trial_id,scenario,parameter_hash,seed,intent_id,routing_strategy,purification_policy,reconciliation_enabled,route,hop_count,reserved_memory_slots,min_delivered_pairs,requested_fidelity,fidelity_estimator,estimated_fidelity,observed_fidelity,absolute_fidelity_error,relative_fidelity_error,duration_s,attenuation_db_per_m,distance_m,coherence_time_s,accepted,satisfied,recovered,final_status,delivered_pairs,excess_delivery_pairs,delivery_ratio,deliveries_per_reserved_slot,average_fidelity,minimum_fidelity,throughput_active_window,throughput_delivery_interval,first_pair_latency_s,completion_time_s,planning_time_s,simulation_wall_time_s,eg_attempts,eg_success,ep_attempts,ep_success,es_attempts,es_success,violations,error_type,error_message,project_git_commit,sequence_git_commit,python_version,timestamp,formalism,platform,purification_mode,discarded_pairs,gate_fidelity,measurement_fidelity,swapping_success_prob,cutoff_ratio,detector_efficiency
R02_routing,R02_routing:diamond@literature:80436b1f968c95fe:shortest_hop_count__automatic__conservative_min:0:r02_routing-diamond,diamond@literature,80436b1f968c95fe,0,r02_routing-diamond,shortest_hop_count,automatic,False,r1 -> bad -> r3,2,4,10,0.55,conservative_min,0.70869407012,0.6833181407573188,-0.025375929362681182,-0.03580660602731499,0.3,0.00049,20000.0,2.0,True,False,,VIOLATED,1,0,0.1,0.25,0.6833181407573188,0.6833181407573188,3.3333333333333335,,0.26990845000999997,,0.021057,48.766879,1737,3,0,0,0,0,delivered_pairs >= 10.0 (observed=1.0) -> FAIL,,,aab2fed4abefb1f154584317fbc782ec2b7d3fdc,1f2680a5b9065e708a7497adc53a95b108029b98,3.13.14,2026-10-01T23:20:49.662940+00:00,bell_diagonal,siv_2024,until_target,0,0.937,0.995,1.0,0.5,0.9
R02_routing,R02_routing:diamond@literature:80436b1f968c95fe:shortest_hop_count__automatic__conservative_min:1:r02_routing-diamond,diamond@literature,80436b1f968c95fe,1,r02_routing-diamond,shortest_hop_count,automatic,False,r1 -> bad -> r3,2,4,10,0.55,conservative_min,0.70869407012,0.635755939606188,-0.07293813051381193,-0.10291906421830459,0.3,0.00049,20000.0,2.0,True,False,,VIOLATED,1,0,0.1,0.25,0.635755939606188,0.635755939606188,3.3333333333333335,,0.14980373750999998,,0.011758,49.202794,1999,3,0,0,0,0,delivered_pairs >= 10.0 (observed=1.0) -> FAIL,,,aab2fed4abefb1f154584317fbc782ec2b7d3fdc,1f2680a5b9065e708a7497adc53a95b108029b98,3.13.14,2026-10-01T23:20:52.370253+00:00,bell_diagonal,siv_2024,until_target,0,0.937,0.995,1.0,0.5,0.9
R02_routing,R02_routing:diamond@literature:80436b1f968c95fe:shortest_hop_count__automatic__conservative_min:5:r02_routing-diamond,diamond@literature,80436b1f968c95fe,5,r02_routing-diamond,shortest_hop_count,automatic,False,r1 -> bad -> r3,2,4,10,0.55,conservative_min,0.70869407012,,,,0.3,0.00049,20000.0,2.0,True,False,,VIOLATED,0,0,0.0,0.0,,,0.0,,,,0.009908,49.531606,2396,0,0,0,0,0,delivered_pairs >= 10.0 (observed=0.0) -> FAIL,,,aab2fed4abefb1f154584317fbc782ec2b7d3fdc,1f2680a5b9065e708a7497adc53a95b108029b98,3.13.14,2026-10-01T23:20:55.486224+00:00,bell_diagonal,siv_2024,until_target,0,0.937,0.995,1.0,0.5,0.9
R02_routing,R02_routing:diamond@literature:80436b1f968c95fe:shortest_hop_count__automatic__conservative_min:4:r02_routing-diamond,diamond@literature,80436b1f968c95fe,4,r02_routing-diamond,shortest_hop_count,automatic,False,r1 -> bad -> r3,2,4,10,0.55,conservative_min,0.70869407012,,,,0.3,0.00049,20000.0,2.0,True,False,,VIOLATED,0,0,0.0,0.0,,,0.0,,,,0.002327,52.888601,2396,0,0,0,0,0,delivered_pairs >= 10.0 (observed=0.0) -> FAIL,,,aab2fed4abefb1f154584317fbc782ec2b7d3fdc,1f2680a5b9065e708a7497adc53a95b108029b98,3.13.14,2026-10-01T23:20:57.856050+00:00,bell_diagonal,siv_2024,until_target,0,0.937,0.995,1.0,0.5,0.9
R02_routing,R02_routing:diamond@literature:80436b1f968c95fe:shortest_hop_count__automatic__conservative_min:3:r02_routing-diamond,diamond@literature,80436b1f968c95fe,3,r02_routing-diamond,shortest_hop_count,automatic,False,r1 -> bad -> r3,2,4,10,0.55,conservative_min,0.70869407012,,,,0.3,0.00049,20000.0,2.0,True,False,,VIOLATED,0,0,0.0,0.0,,,0.0,,,,0.01369,54.646503,2396,0,0,0,0,0,delivered_pairs >= 10.0 (observed=0.0) -> FAIL,,,aab2fed4abefb1f154584317fbc782ec2b7d3fdc,1f2680a5b9065e708a7497adc53a95b108029b98,3.13.14,2026-10-01T23:20:58.242083+00:00,bell_diagonal,siv_2024,until_target,0,0.937,0.995,1.0,0.5,0.9
R02_routing,R02_routing:diamond@literature:80436b1f968c95fe:shortest_hop_count__automatic__conservative_min:6:r02_routing-diamond,diamond@literature,80436b1f968c95fe,6,r02_routing-diamond,shortest_hop_count,automatic,False,r1 -> bad -> r3,2,4,10,0.55,conservative_min,0.70869407012,0.6501605116502075,-0.05853355846979247,-0.08259354908935705,0.3,0.00049,20000.0,2.0,True,False,,VIOLATED,1,0,0.1,0.25,0.6501605116502075,0.6501605116502075,3.3333333333333335,,0.13180331251,,0.01205,54.507946,2396,1,0,0,0,0,delivered_pairs >= 10.0 (observed=1.0) -> FAIL,,,aab2fed4abefb1f154584317fbc782ec2b7d3fdc,1f2680a5b9065e708a7497adc53a95b108029b98,3.13.14,2026-10-01T23:21:01.061968+00:00,bell_diagonal,siv_2024,until_target,0,0.937,0.995,1.0,0.5,0.9
R02_routing,R02_routing:diamond@literature:80436b1f968c95fe:shortest_hop_count__automatic__conservative_min:2:r02_routing-diamond,diamond@literature,80436b1f968c95fe,2,r02_routing-diamond,shortest_hop_count,automatic,False,r1 -> bad -> r3,2,4,10,0.55,conservative_min,0.70869407012,0.7031920004052783,-0.005502069714721669,-0.0077636739838814065,0.3,0.00049,20000.0,2.0,True,False,,VIOLATED,2,0,0.2,0.5,0.7031920004052783,0.7002486325476807,6.666666666666667,13.577393775138333,0.024300775009999998,,0.024026,57.629832,2388,2,0,0,0,0,delivered_pairs >= 10.0 (observed=2.0) -> FAIL,,,aab2fed4abefb1f154584317fbc782ec2b7d3fdc,1f2680a5b9065e708a7497adc53a95b108029b98,3.13.14,2026-10-01T23:21:01.091344+00:00,bell_diagonal,siv_2024,until_target,0,0.937,0.995,1.0,0.5,0.9
R02_routing,R02_routing:diamond@literature:80436b1f968c95fe:shortest_hop_count__automatic__conservative_min:11:r02_routing-diamond,diamond@literature,80436b1f968c95fe,11,r02_routing-diamond,shortest_hop_count,automatic,False,r1 -> bad -> r3,2,4,10,0.55,conservative_min,0.70869407012,0.646624261661612,-0.06206980845838794,-0.08758336082574804,0.3,0.00049,20000.0,2.0,True,False,,VIOLATED,1,0,0.1,0.25,0.646624261661612,0.646624261661612,3.3333333333333335,,0.16580416251,,0.000945,30.509794,2396,1,0,0,0,0,delivered_pairs >= 10.0 (observed=1.0) -> FAIL,,,aab2fed4abefb1f154584317fbc782ec2b7d3fdc,1f2680a5b9065e708a7497adc53a95b108029b98,3.13.14,2026-10-01T23:21:28.982556+00:00,bell_diagonal,siv_2024,until_target,0,0.937,0.995,1.0,0.5,0.9
R02_routing,R02_routing:diamond@literature:80436b1f968c95fe:shortest_hop_count__automatic__conservative_min:7:r02_routing-diamond,diamond@literature,80436b1f968c95fe,7,r02_routing-diamond,shortest_hop_count,automatic,False,r1 -> bad -> r3,2,4,10,0.55,conservative_min,0.70869407012,,,,0.3,0.00049,20000.0,2.0,True,False,,VIOLATED,0,0,0.0,0.0,,,0.0,,,,0.012476,40.562762,1824,1,0,0,0,0,delivered_pairs >= 10.0 (observed=0.0) -> FAIL,,,aab2fed4abefb1f154584317fbc782ec2b7d3fdc,1f2680a5b9065e708a7497adc53a95b108029b98,3.13.14,2026-10-01T23:21:30.536594+00:00,bell_diagonal,siv_2024,until_target,0,0.937,0.995,1.0,0.5,0.9
R02_routing,R02_routing:diamond@literature:80436b1f968c95fe:shortest_hop_count__automatic__conservative_min:8:r02_routing-diamond,diamond@literature,80436b1f968c95fe,8,r02_routing-diamond,shortest_hop_count,automatic,False,r1 -> bad -> r3,2,4,10,0.55,conservative_min,0.70869407012,0.6433302001196208,-0.06536387000037913,-0.09223143350036972,0.3,0.00049,20000.0,2.0,True,False,,VIOLATED,1,0,0.1,0.25,0.6433302001196208,0.6433302001196208,3.3333333333333335,,0.16630517501,,0.015911,42.216017,1956,2,0,0,0,0,delivered_pairs >= 10.0 (observed=1.0) -> FAIL,,,aab2fed4abefb1f154584317fbc782ec2b7d3fdc,1f2680a5b9065e708a7497adc53a95b108029b98,3.13.14,2026-10-01T23:21:34.973544+00:00,bell_diagonal,siv_2024,until_target,0,0.937,0.995,1.0,0.5,0.9
R02_routing,R02_routing:diamond@literature:80436b1f968c95fe:shortest_hop_count__automatic__conservative_min:9:r02_routing-diamond,diamond@literature,80436b1f968c95fe,9,r02_routing-diamond,shortest_hop_count,automatic,False,r1 -> bad -> r3,2,4,10,0.55,conservative_min,0.70869407012,0.6855037656892793,-0.023190304430720676,-0.0327225885025311,0.3,0.00049,20000.0,2.0,True,False,,VIOLATED,4,0,0.4,1.0,0.6855037656892793,0.6656660133570631,13.333333333333334,24.19781959497085,0.07430185001,,0.010823,45.241361,2367,4,0,0,0,0,delivered_pairs >= 10.0 (observed=4.0) -> FAIL,,,aab2fed4abefb1f154584317fbc782ec2b7d3fdc,1f2680a5b9065e708a7497adc53a95b108029b98,3.13.14,2026-10-01T23:21:41.101168+00:00,bell_diagonal,siv_2024,until_target,0,0.937,0.995,1.0,0.5,0.9
R02_routing,R02_routing:diamond@literature:80436b1f968c95fe:shortest_hop_count__automatic__conservative_min:10:r02_routing-diamond,diamond@literature,80436b1f968c95fe,10,r02_routing-diamond,shortest_hop_count,automatic,False,r1 -> bad -> r3,2,4,10,0.55,conservative_min,0.70869407012,0.6610629014974299,-0.04763116862257011,-0.0672097744722274,0.3,0.00049,20000.0,2.0,True,False,,VIOLATED,2,0,0.2,0.5,0.6610629014974299,0.6499137113405307,6.666666666666667,10.916789975220933,0.08710271251,,0.001397,43.89353,2270,2,0,0,0,0,delivered_pairs >= 10.0 (observed=2.0) -> FAIL,,,aab2fed4abefb1f154584317fbc782ec2b7d3fdc,1f2680a5b9065e708a7497adc53a95b108029b98,3.13.14,2026-10-01T23:21:42.131077+00:00,bell_diagonal,siv_2024,until_target,0,0.937,0.995,1.0,0.5,0.9
R02_routing,R02_routing:diamond@literature:80436b1f968c95fe:shortest_hop_count__automatic__conservative_min:12:r02_routing-diamond,diamond@literature,80436b1f968c95fe,12,r02_routing-diamond,shortest_hop_count,automatic,False,r1 -> bad -> r3,2,4,10,0.55,conservative_min,0.70869407012,0.6911117053505444,-0.017582364769455516,-0.02480952714403039,0.3,0.00049,20000.0,2.0,True,False,,VIOLATED,1,0,0.1,0.25,0.6911117053505444,0.6911117053505444,3.3333333333333335,,0.13480335001,,0.000948,41.217422,2396,1,0,0,0,0,delivered_pairs >= 10.0 (observed=1.0) -> FAIL,,,aab2fed4abefb1f154584317fbc782ec2b7d3fdc,1f2680a5b9065e708a7497adc53a95b108029b98,3.13.14,2026-10-01T23:21:42.691154+00:00,bell_diagonal,siv_2024,until_target,0,0.937,0.995,1.0,0.5,0.9
R02_routing,R02_routing:diamond@literature:80436b1f968c95fe:shortest_hop_count__automatic__conservative_min:13:r02_routing-diamond,diamond@literature,80436b1f968c95fe,13,r02_routing-diamond,shortest_hop_count,automatic,False,r1 -> bad -> r3,2,4,10,0.55,conservative_min,0.70869407012,0.6541070439540303,-0.054587026165969665,-0.07702481009432842,0.3,0.00049,20000.0,2.0,True,False,,VIOLATED,2,0,0.2,0.5,0.6541070439540303,0.630778370317236,6.666666666666667,20.140484917420242,0.19380485001,,0.000801,41.280031,2392,3,0,0,0,0,delivered_pairs >= 10.0 (observed=2.0) -> FAIL,,,aab2fed4abefb1f154584317fbc782ec2b7d3fdc,1f2680a5b9065e708a7497adc53a95b108029b98,3.13.14,2026-10-01T23:21:42.830148+00:00,bell_diagonal,siv_2024,until_target,0,0.937,0.995,1.0,0.5,0.9
R02_routing,R02_routing:diamond@literature:80436b1f968c95fe:shortest_hop_count__automatic__conservative_min:16:r02_routing-diamond,diamond@literature,80436b1f968c95fe,16,r02_routing-diamond,shortest_hop_count,automatic,False,r1 -> bad -> r3,2,4,10,0.55,conservative_min,0.70869407012,,,,0.3,0.00049,20000.0,2.0,True,False,,VIOLATED,0,0,0.0,0.0,,,0.0,,,,0.012128,39.869261,2396,0,0,0,0,0,delivered_pairs >= 10.0 (observed=0.0) -> FAIL,,,aab2fed4abefb1f154584317fbc782ec2b7d3fdc,1f2680a5b9065e708a7497adc53a95b108029b98,3.13.14,2026-10-01T23:22:15.217497+00:00,bell_diagonal,siv_2024,until_target,0,0.937,0.995,1.0,0.5,0.9
R02_routing,R02_routing:diamond@literature:80436b1f968c95fe:shortest_hop_count__automatic__conservative_min:14:r02_routing-diamond,diamond@literature,80436b1f968c95fe,14,r02_routing-diamond,shortest_hop_count,automatic,False,r1 -> bad -> r3,2,4,10,0.55,conservative_min,0.70869407012,0.7009933080118957,-0.00770076210810422,-0.010866130299072891,0.3,0.00049,20000.0,2.0,True,False,,VIOLATED,2,0,0.2,0.5,0.7009933080118957,0.7006658503798906,6.666666666666667,7.842945410305896,0.02630080001,,0.000903,50.837833,2373,2,0,0,0,0,delivered_pairs >= 10.0 (observed=2.0) -> FAIL,,,aab2fed4abefb1f154584317fbc782ec2b7d3fdc,1f2680a5b9065e708a7497adc53a95b108029b98,3.13.14,2026-10-01T23:22:20.217304+00:00,bell_diagonal,siv_2024,until_target,0,0.937,0.995,1.0,0.5,0.9
R02_routing,R02_routing:diamond@literature:80436b1f968c95fe:shortest_hop_count__automatic__conservative_min:15:r02_routing-diamond,diamond@literature,80436b1f968c95fe,15,r02_routing-diamond,shortest_hop_count,automatic,False,r1 -> bad -> r3,2,4,10,0.55,conservative_min,0.70869407012,0.7033580075888779,-0.0053360625311220655,-0.007529430195766326,0.3,0.00049,20000.0,2.0,True,False,,VIOLATED,1,0,0.1,0.25,0.7033580075888779,0.7033580075888779,3.3333333333333335,,0.10680268751000001,,0.001235,49.595753,2396,1,0,0,0,0,delivered_pairs >= 10.0 (observed=1.0) -> FAIL,,,aab2fed4abefb1f154584317fbc782ec2b7d3fdc,1f2680a5b9065e708a7497adc53a95b108029b98,3.13.14,2026-10-01T23:22:20.465675+00:00,bell_diagonal,siv_2024,until_target,0,0.937,0.995,1.0,0.5,0.9
R02_routing,R02_routing:diamond@literature:80436b1f968c95fe:shortest_hop_count__automatic__conservative_min:19:r02_routing-diamond,diamond@literature,80436b1f968c95fe,19,r02_routing-diamond,shortest_hop_count,automatic,False,r1 -> bad -> r3,2,4,10,0.55,conservative_min,0.70869407012,0.6821432167391865,-0.02655085338081342,-0.037464477974703085,0.3,0.00049,20000.0,2.0,True,False,,VIOLATED,1,0,0.1,0.25,0.6821432167391865,0.6821432167391865,3.3333333333333335,,0.05750178750999999,,0.00084,39.362919,2306,1,0,0,0,0,delivered_pairs >= 10.0 (observed=1.0) -> FAIL,,,aab2fed4abefb1f154584317fbc782ec2b7d3fdc,1f2680a5b9065e708a7497adc53a95b108029b98,3.13.14,2026-10-01T23:22:22.439698+00:00,bell_diagonal,siv_2024,until_target,0,0.937,0.995,1.0,0.5,0.9
R02_routing,R02_routing:diamond@literature:80436b1f968c95fe:shortest_hop_count__automatic__conservative_min:18:r02_routing-diamond,diamond@literature,80436b1f968c95fe,18,r02_routing-diamond,shortest_hop_count,automatic,False,r1 -> bad -> r3,2,4,10,0.55,conservative_min,0.70869407012,0.6746061206143295,-0.03408794950567051,-0.04809966802727523,0.3,0.00049,20000.0,2.0,True,False,,VIOLATED,2,0,0.2,0.5,0.6746061206143295,0.6422271200373595,6.666666666666667,370.26666142122343,0.21530538751,,0.01286,47.098397,2282,3,0,0,0,0,delivered_pairs >= 10.0 (observed=2.0) -> FAIL,,,aab2fed4abefb1f154584317fbc782ec2b7d3fdc,1f2680a5b9065e708a7497adc53a95b108029b98,3.13.14,2026-10-01T23:22:29.559741+00:00,bell_diagonal,siv_2024,until_target,0,0.937,0.995,1.0,0.5,0.9
R02_routing,R02_routing:diamond@literature:80436b1f968c95fe:shortest_hop_count__automatic__conservative_min:17:r02_routing-diamond,diamond@literature,80436b1f968c95fe,17,r02_routing-diamond,shortest_hop_count,automatic,False,r1 -> bad -> r3,2,4,10,0.55,conservative_min,0.70869407012,0.6670367672005433,-0.041657302919456685,-0.05878037460141728,0.3,0.00049,20000.0,2.0,True,False,,VIOLATED,1,0,0.1,0.25,0.6670367672005433,0.6670367672005433,3.3333333333333335,,0.20680517500999998,,0.000793,48.420606,2396,1,0,0,0,0,delivered_pairs >= 10.0 (observed=1.0) -> FAIL,,,aab2fed4abefb1f154584317fbc782ec2b7d3fdc,1f2680a5b9065e708a7497adc53a95b108029b98,3.13.14,2026-10-01T23:22:30.002617+00:00,bell_diagonal,siv_2024,until_target,0,0.937,0.995,1.0,0.5,0.9
R02_routing,R02_routing:diamond@literature:a686beca965dc03b:least_loss__automatic__conservative_min:0:r02_routing-diamond,diamond@literature,a686beca965dc03b,0,r02_routing-diamond,least_loss,automatic,False,r1 -> good1 -> good2 -> r3,3,4,10,0.55,conservative_min,0.5949184425627074,0.5860829118022161,-0.008835530760491372,-0.014851667267921455,0.3,0.00049,20000.0,2.0,True,True,,SATISFIED,46,36,4.6,11.5,0.5860829118022161,0.5654529103708081,153.33333333333334,164.79726264581643,0.02072756251,0.07663453751,0.011427,232.812521,8043,46,0,0,0,0,,,,aab2fed4abefb1f154584317fbc782ec2b7d3fdc,1f2680a5b9065e708a7497adc53a95b108029b98,3.13.14,2026-10-01T23:25:37.098636+00:00,bell_diagonal,siv_2024,until_target,0,0.937,0.995,1.0,0.5,0.9
R02_routing,R02_routing:diamond@literature:a686beca965dc03b:least_loss__automatic__conservative_min:4:r02_routing-diamond,diamond@literature,a686beca965dc03b,4,r02_routing-diamond,least_loss,automatic,False,r1 -> good1 -> good2 -> r3,3,4,10,0.55,conservative_min,0.5949184425627074,0.5842594871431485,-0.010658955419558969,-0.017916666650379495,0.3,0.00049,20000.0,2.0,True,True,,SATISFIED,40,30,4.0,10.0,0.5842594871431485,0.56245381749388,133.33333333333334,139.34693751356727,0.012251525009999998,0.08210895001,0.012148,218.357642,9025,41,0,0,0,0,,,,aab2fed4abefb1f154584317fbc782ec2b7d3fdc,1f2680a5b9065e708a7497adc53a95b108029b98,3.13.14,2026-10-01T23:26:01.975400+00:00,bell_diagonal,siv_2024,until_target,0,0.937,0.995,1.0,0.5,0.9
R02_routing,R02_routing:diamond@literature:a686beca965dc03b:least_loss__automatic__conservative_min:6:r02_routing-diamond,diamond@literature,a686beca965dc03b,6,r02_routing-diamond,least_loss,automatic,False,r1 -> good1 -> good2 -> r3,3,4,10,0.55,conservative_min,0.5949184425627074,0.5860838297391028,-0.008834612823604648,-0.01485012430535541,0.3,0.00049,20000.0,2.0,True,True,,SATISFIED,49,39,4.9,12.25,0.5860838297391028,0.5524050736476519,163.33333333333334,170.1653442822578,0.008726050009999998,0.06433303751000001,0.01347,220.917324,8743,49,0,0,0,0,,,,aab2fed4abefb1f154584317fbc782ec2b7d3fdc,1f2680a5b9065e708a7497adc53a95b108029b98,3.13.14,2026-10-01T23:26:13.173467+00:00,bell_diagonal,siv_2024,until_target,0,0.937,0.995,1.0,0.5,0.9
R02_routing,R02_routing:diamond@literature:a686beca965dc03b:least_loss__automatic__conservative_min:1:r02_routing-diamond,diamond@literature,a686beca965dc03b,1,r02_routing-diamond,least_loss,automatic,False,r1 -> good1 -> good2 -> r3,3,4,10,0.55,conservative_min,0.5949184425627074,0.5866623635632996,-0.008256078999407834,-0.013877665254153895,0.3,0.00049,20000.0,2.0,True,True,,SATISFIED,46,36,4.6,11.5,0.5866623635632996,0.5642195719388561,153.33333333333334,154.57828753888558,0.0022252375100000003,0.059931162510000004,0.001048,242.205646,6772,47,0,0,0,0,,,,aab2fed4abefb1f154584317fbc782ec2b7d3fdc,1f2680a5b9065e708a7497adc53a95b108029b98,3.13.14,2026-10-01T23:26:18.551066+00:00,bell_diagonal,siv_2024,until_target,0,0.937,0.995,1.0,0.5,0.9
R02_routing,R02_routing:diamond@literature:a686beca965dc03b:least_loss__automatic__conservative_min:2:r02_routing-diamond,diamond@literature,a686beca965dc03b,2,r02_routing-diamond,least_loss,automatic,False,r1 -> good1 -> good2 -> r3,3,4,10,0.55,conservative_min,0.5949184425627074,0.5870199653897434,-0.007898477172963991,-0.013276571388407498,0.3,0.00049,20000.0,2.0,True,True,,SATISFIED,40,30,4.0,10.0,0.5870199653897434,0.5636314842995774,133.33333333333334,138.39181360525595,0.00875106251,0.08095977501,0.011942,237.653973,5986,40,0,0,0,0,,,,aab2fed4abefb1f154584317fbc782ec2b7d3fdc,1f2680a5b9065e708a7497adc53a95b108029b98,3.13.14,2026-10-01T23:26:18.916937+00:00,bell_diagonal,siv_2024,until_target,0,0.937,0.995,1.0,0.5,0.9
R02_routing,R02_routing:diamond@literature:a686beca965dc03b:least_loss__automatic__conservative_min:3:r02_routing-diamond,diamond@literature,a686beca965dc03b,3,r02_routing-diamond,least_loss,automatic,False,r1 -> good1 -> good2 -> r3,3,4,10,0.55,conservative_min,0.5949184425627074,0.5861810232959367,-0.00873741926677074,-0.014686751395927303,0.3,0.00049,20000.0,2.0,True,True,,SATISFIED,44,34,4.4,11.0,0.5861810232959367,0.5600735525152896,146.66666666666669,153.45432887468584,0.0074757375099999985,0.08263358751000001,0.010037,238.95295,8418,44,0,0,0,0,,,,aab2fed4abefb1f154584317fbc782ec2b7d3fdc,1f2680a5b9065e708a7497adc53a95b108029b98,3.13.14,2026-10-01T23:26:20.848870+00:00,bell_diagonal,siv_2024,until_target,0,0.937,0.995,1.0,0.5,0.9
R02_routing,R02_routing:diamond@literature:a686beca965dc03b:least_loss__automatic__conservative_min:5:r02_routing-diamond,diamond@literature,a686beca965dc03b,5,r02_routing-diamond,least_loss,automatic,False,r1 -> good1 -> good2 -> r3,3,4,10,0.55,conservative_min,0.5949184425627074,0.5861998870085221,-0.008718555554185325,-0.014655043331029943,0.3,0.00049,20000.0,2.0,True,True,,SATISFIED,39,29,3.9,9.75,0.5861998870085221,0.5604250517277387,130.0,149.82446767054503,0.03655456251,0.08456057501,0.00138,241.620876,8248,41,0,0,0,0,,,,aab2fed4abefb1f154584317fbc782ec2b7d3fdc,1f2680a5b9065e708a7497adc53a95b108029b98,3.13.14,2026-10-01T23:26:32.523779+00:00,bell_diagonal,siv_2024,until_target,0,0.937,0.995,1.0,0.5,0.9
R02_routing,R02_routing:diamond@literature:a686beca965dc03b:least_loss__automatic__conservative_min:9:r02_routing-diamond,diamond@literature,a686beca965dc03b,9,r02_routing-diamond,least_loss,automatic,False,r1 -> good1 -> good2 -> r3,3,4,10,0.55,conservative_min,0.5949184425627074,0.5836170746597743,-0.011301367902933124,-0.01899649951050543,0.3,0.00049,20000.0,2.0,True,True,,SATISFIED,34,24,3.4,8.5,0.5836170746597743,0.5614257171517845,113.33333333333334,124.55235562847975,0.023602337509999995,0.09580951251,0.016319,213.008365,7873,35,0,0,0,0,,,,aab2fed4abefb1f154584317fbc782ec2b7d3fdc,1f2680a5b9065e708a7497adc53a95b108029b98,3.13.14,2026-10-01T23:29:47.166107+00:00,bell_diagonal,siv_2024,until_target,0,0.937,0.995,1.0,0.5,0.9
R02_routing,R02_routing:diamond@literature:a686beca965dc03b:least_loss__automatic__conservative_min:8:r02_routing-diamond,diamond@literature,a686beca965dc03b,8,r02_routing-diamond,least_loss,automatic,False,r1 -> good1 -> good2 -> r3,3,4,10,0.55,conservative_min,0.5949184425627074,0.5874917766780836,-0.007426665884623818,-0.012483502532939226,0.3,0.00049,20000.0,2.0,True,True,,SATISFIED,39,29,3.9,9.75,0.5874917766780836,0.5586043212853564,130.0,133.9253405717118,0.005125637509999999,0.07545752501,0.001141,236.028953,6917,40,0,0,0,0,,,,aab2fed4abefb1f154584317fbc782ec2b7d3fdc,1f2680a5b9065e708a7497adc53a95b108029b98,3.13.14,2026-10-01T23:29:58.663458+00:00,bell_diagonal,siv_2024,until_target,0,0.937,0.995,1.0,0.5,0.9
R02_routing,R02_routing:diamond@literature:a686beca965dc03b:least_loss__automatic__conservative_min:7:r02_routing-diamond,diamond@literature,a686beca965dc03b,7,r02_routing-diamond,least_loss,automatic,False,r1 -> good1 -> good2 -> r3,3,4,10,0.55,conservative_min,0.5949184425627074,0.5872196750378081,-0.007698767524899286,-0.012940878907259286,0.3,0.00049,20000.0,2.0,True,True,,SATISFIED,47,37,4.7,11.75,0.5872196750378081,0.565201254502081,156.66666666666669,167.43569077887565,0.013851387509999999,0.06645695001,0.001444,261.026083,7572,47,0,0,0,0,,,,aab2fed4abefb1f154584317fbc782ec2b7d3fdc,1f2680a5b9065e708a7497adc53a95b108029b98,3.13.14,2026-10-01T23:29:58.968462+00:00,bell_diagonal,siv_2024,until_target,0,0.937,0.995,1.0,0.5,0.9
R02_routing,R02_routing:diamond@literature:a686beca965dc03b:least_loss__automatic__conservative_min:11:r02_routing-diamond,diamond@literature,a686beca965dc03b,11,r02_routing-diamond,least_loss,automatic,False,r1 -> good1 -> good2 -> r3,3,4,10,0.55,conservative_min,0.5949184425627074,0.5866427920975378,-0.008275650465169648,-0.013910562983256908,0.3,0.00049,20000.0,2.0,True,True,,SATISFIED,44,34,4.4,11.0,0.5866427920975378,0.5580336233371938,146.66666666666669,159.1731677450046,0.02305285001,0.08468331251000001,0.000943,234.385066,8193,44,0,0,0,0,,,,aab2fed4abefb1f154584317fbc782ec2b7d3fdc,1f2680a5b9065e708a7497adc53a95b108029b98,3.13.14,2026-10-01T23:30:14.226352+00:00,bell_diagonal,siv_2024,until_target,0,0.937,0.995,1.0,0.5,0.9
R02_routing,R02_routing:diamond@literature:a686beca965dc03b:least_loss__automatic__conservative_min:13:r02_routing-diamond,diamond@literature,a686beca965dc03b,13,r02_routing-diamond,least_loss,automatic,False,r1 -> good1 -> good2 -> r3,3,4,10,0.55,conservative_min,0.5949184425627074,0.585754225481373,-0.009164217081334414,-0.015404156983027903,0.3,0.00049,20000.0,2.0,True,True,,SATISFIED,47,37,4.7,11.75,0.585754225481373,0.558349403742516,156.66666666666669,165.51918437780634,0.00897587501,0.06245627501,0.002322,221.059081,8901,47,0,0,0,0,,,,aab2fed4abefb1f154584317fbc782ec2b7d3fdc,1f2680a5b9065e708a7497adc53a95b108029b98,3.13.14,2026-10-01T23:30:14.412899+00:00,bell_diagonal,siv_2024,until_target,0,0.937,0.995,1.0,0.5,0.9
R02_routing,R02_routing:diamond@literature:a686beca965dc03b:least_loss__automatic__conservative_min:10:r02_routing-diamond,diamond@literature,a686beca965dc03b,10,r02_routing-diamond,least_loss,automatic,False,r1 -> good1 -> good2 -> r3,3,4,10,0.55,conservative_min,0.5949184425627074,0.5867816354843816,-0.00813680707832587,-0.01367718076325766,0.3,0.00049,20000.0,2.0,True,True,,SATISFIED,46,36,4.6,11.5,0.5867816354843816,0.561392621758888,153.33333333333334,158.4797314974375,0.009151125009999999,0.06035697501,0.013268,240.715225,7017,48,0,0,0,0,,,,aab2fed4abefb1f154584317fbc782ec2b7d3fdc,1f2680a5b9065e708a7497adc53a95b108029b98,3.13.14,2026-10-01T23:30:19.972557+00:00,bell_diagonal,siv_2024,until_target,0,0.937,0.995,1.0,0.5,0.9
R02_routing,R02_routing:diamond@literature:a686beca965dc03b:least_loss__automatic__conservative_min:12:r02_routing-diamond,diamond@literature,a686beca965dc03b,12,r02_routing-diamond,least_loss,automatic,False,r1 -> good1 -> good2 -> r3,3,4,10,0.55,conservative_min,0.5949184425627074,0.5874915668359891,-0.007426875726718296,-0.01248385525707663,0.3,0.00049,20000.0,2.0,True,True,,SATISFIED,47,37,4.7,11.75,0.5874915668359891,0.5581811675428755,156.66666666666669,160.89994419853,0.00360036251,0.09075998751,0.011113,244.705543,7956,48,0,0,0,0,,,,aab2fed4abefb1f154584317fbc782ec2b7d3fdc,1f2680a5b9065e708a7497adc53a95b108029b98,3.13.14,2026-10-01T23:30:27.032230+00:00,bell_diagonal,siv_2024,until_target,0,0.937,0.995,1.0,0.5,0.9
R02_routing,R02_routing:diamond@literature:c8a11b361b27778d:highest_fidelity__automatic__conservative_min:0:r02_routing-diamond,diamond@literature,c8a11b361b27778d,0,r02_routing-diamond,highest_fidelity,automatic,False,r1 -> bad -> r3,2,4,10,0.55,conservative_min,0.70869407012,0.6833181407573188,-0.025375929362681182,-0.03580660602731499,0.3,0.00049,20000.0,2.0,True,False,,VIOLATED,1,0,0.1,0.25,0.6833181407573188,0.6833181407573188,3.3333333333333335,,0.26990845000999997,,0.184847,31.480402,1737,3,0,0,0,0,delivered_pairs >= 10.0 (observed=1.0) -> FAIL,,,aab2fed4abefb1f154584317fbc782ec2b7d3fdc,1f2680a5b9065e708a7497adc53a95b108029b98,3.13.14,2026-10-01T23:30:59.142991+00:00,bell_diagonal,siv_2024,until_target,0,0.937,0.995,1.0,0.5,0.9
R02_routing,R02_routing:diamond@literature:c8a11b361b27778d:highest_fidelity__automatic__conservative_min:1:r02_routing-diamond,diamond@literature,c8a11b361b27778d,1,r02_routing-diamond,highest_fidelity,automatic,False,r1 -> bad -> r3,2,4,10,0.55,conservative_min,0.70869407012,0.635755939606188,-0.07293813051381193,-0.10291906421830459,0.3,0.00049,20000.0,2.0,True,False,,VIOLATED,1,0,0.1,0.25,0.635755939606188,0.635755939606188,3.3333333333333335,,0.14980373750999998,,0.011788,24.099795,1999,3,0,0,0,0,delivered_pairs >= 10.0 (observed=1.0) -> FAIL,,,aab2fed4abefb1f154584317fbc782ec2b7d3fdc,1f2680a5b9065e708a7497adc53a95b108029b98,3.13.14,2026-10-01T23:31:23.545931+00:00,bell_diagonal,siv_2024,until_target,0,0.937,0.995,1.0,0.5,0.9
R02_routing,R02_routing:diamond@literature:c8a11b361b27778d:highest_fidelity__automatic__conservative_min:2:r02_routing-diamond,diamond@literature,c8a11b361b27778d,2,r02_routing-diamond,highest_fidelity,automatic,False,r1 -> bad -> r3,2,4,10,0.55,conservative_min,0.70869407012,0.7031920004052783,-0.005502069714721669,-0.0077636739838814065,0.3,0.00049,20000.0,2.0,True,False,,VIOLATED,2,0,0.2,0.5,0.7031920004052783,0.7002486325476807,6.666666666666667,13.577393775138333,0.024300775009999998,,0.012919,25.344332,2388,2,0,0,0,0,delivered_pairs >= 10.0 (observed=2.0) -> FAIL,,,aab2fed4abefb1f154584317fbc782ec2b7d3fdc,1f2680a5b9065e708a7497adc53a95b108029b98,3.13.14,2026-10-01T23:31:49.179879+00:00,bell_diagonal,siv_2024,until_target,0,0.937,0.995,1.0,0.5,0.9
R02_routing,R02_routing:diamond@literature:c8a11b361b27778d:highest_fidelity__automatic__conservative_min:3:r02_routing-diamond,diamond@literature,c8a11b361b27778d,3,r02_routing-diamond,highest_fidelity,automatic,False,r1 -> bad -> r3,2,4,10,0.55,conservative_min,0.70869407012,,,,0.3,0.00049,20000.0,2.0,True,False,,VIOLATED,0,0,0.0,0.0,,,0.0,,,,0.005582,20.262834,2396,0,0,0,0,0,delivered_pairs >= 10.0 (observed=0.0) -> FAIL,,,aab2fed4abefb1f154584317fbc782ec2b7d3fdc,1f2680a5b9065e708a7497adc53a95b108029b98,3.13.14,2026-10-01T23:32:09.610992+00:00,bell_diagonal,siv_2024,until_target,0,0.937,0.995,1.0,0.5,0.9
R02_routing,R02_routing:diamond@literature:a686beca965dc03b:least_loss__automatic__conservative_min:14:r02_routing-diamond,diamond@literature,a686beca965dc03b,14,r02_routing-diamond,least_loss,automatic,False,r1 -> good1 -> good2 -> r3,3,4,10,0.55,conservative_min,0.5949184425627074,0.586534413951644,-0.008384028611063465,-0.014092736098326194,0.3,0.00049,20000.0,2.0,True,True,,SATISFIED,46,36,4.6,11.5,0.586534413951644,0.5570140756727986,153.33333333333334,166.27121528083075,0.01602696251,0.06540771251000001,0.014703,144.056046,7797,48,0,0,0,0,,,,aab2fed4abefb1f154584317fbc782ec2b7d3fdc,1f2680a5b9065e708a7497adc53a95b108029b98,3.13.14,2026-10-01T23:32:11.864523+00:00,bell_diagonal,siv_2024,until_target,0,0.937,0.995,1.0,0.5,0.9
R02_routing,R02_routing:diamond@literature:a686beca965dc03b:least_loss__automatic__conservative_min:16:r02_routing-diamond,diamond@literature,a686beca965dc03b,16,r02_routing-diamond,least_loss,automatic,False,r1 -> good1 -> good2 -> r3,3,4,10,0.55,conservative_min,0.5949184425627074,0.5866874042955477,-0.008231038267159763,-0.01383557422039773,0.3,0.00049,20000.0,2.0,True,True,,SATISFIED,43,33,4.3,10.75,0.5866874042955477,0.5606743244849243,143.33333333333334,148.85059217006076,0.00792596251,0.07068273751000001,0.006255,138.784851,8432,43,0,0,0,0,,,,aab2fed4abefb1f154584317fbc782ec2b7d3fdc,1f2680a5b9065e708a7497adc53a95b108029b98,3.13.14,2026-10-01T23:32:18.346671+00:00,bell_diagonal,siv_2024,until_target,0,0.937,0.995,1.0,0.5,0.9
R02_routing,R02_routing:diamond@literature:a686beca965dc03b:least_loss__automatic__conservative_min:18:r02_routing-diamond,diamond@literature,a686beca965dc03b,18,r02_routing-diamond,least_loss,automatic,False,r1 -> good1 -> good2 -> r3,3,4,10,0.55,conservative_min,0.5949184425627074,0.5865924296899663,-0.008326012872741151,-0.013995217288735417,0.3,0.00049,20000.0,2.0,True,True,,SATISFIED,41,31,4.1,10.25,0.5865924296899663,0.5531307522567396,136.66666666666669,142.55605527923973,0.010976100009999998,0.09730967501,0.001468,123.453156,7559,42,0,0,0,0,,,,aab2fed4abefb1f154584317fbc782ec2b7d3fdc,1f2680a5b9065e708a7497adc53a95b108029b98,3.13.14,2026-10-01T23:32:18.398934+00:00,bell_diagonal,siv_2024,until_target,0,0.937,0.995,1.0,0.5,0.9
R02_routing,R02_routing:diamond@literature:a686beca965dc03b:least_loss__automatic__conservative_min:15:r02_routing-diamond,diamond@literature,a686beca965dc03b,15,r02_routing-diamond,least_loss,automatic,False,r1 -> good1 -> good2 -> r3,3,4,10,0.55,conservative_min,0.5949184425627074,0.5879083253548193,-0.0070101172078881335,-0.011783324749004115,0.3,0.00049,20000.0,2.0,True,True,,SATISFIED,41,31,4.1,10.25,0.5879083253548193,0.5659150322428896,136.66666666666669,151.76530347184416,0.01465183751,0.08426052501,0.012391,143.778396,6492,41,0,0,0,0,,,,aab2fed4abefb1f154584317fbc782ec2b7d3fdc,1f2680a5b9065e708a7497adc53a95b108029b98,3.13.14,2026-10-01T23:32:23.007568+00:00,bell_diagonal,siv_2024,until_target,0,0.937,0.995,1.0,0.5,0.9
R02_routing,R02_routing:diamond@literature:c8a11b361b27778d:highest_fidelity__automatic__conservative_min:4:r02_routing-diamond,diamond@literature,c8a11b361b27778d,4,r02_routing-diamond,highest_fidelity,automatic,False,r1 -> bad -> r3,2,4,10,0.55,conservative_min,0.70869407012,,,,0.3,0.00049,20000.0,2.0,True,False,,VIOLATED,0,0,0.0,0.0,,,0.0,,,,0.008201,16.655489,2396,0,0,0,0,0,delivered_pairs >= 10.0 (observed=0.0) -> FAIL,,,aab2fed4abefb1f154584317fbc782ec2b7d3fdc,1f2680a5b9065e708a7497adc53a95b108029b98,3.13.14,2026-10-01T23:32:26.435254+00:00,bell_diagonal,siv_2024,until_target,0,0.937,0.995,1.0,0.5,0.9
R02_routing,R02_routing:diamond@literature:c8a11b361b27778d:highest_fidelity__automatic__conservative_min:5:r02_routing-diamond,diamond@literature,c8a11b361b27778d,5,r02_routing-diamond,highest_fidelity,automatic,False,r1 -> bad -> r3,2,4,10,0.55,conservative_min,0.70869407012,,,,0.3,0.00049,20000.0,2.0,True,False,,VIOLATED,0,0,0.0,0.0,,,0.0,,,,0.040722,14.855514,2396,0,0,0,0,0,delivered_pairs >= 10.0 (observed=0.0) -> FAIL,,,aab2fed4abefb1f154584317fbc782ec2b7d3fdc,1f2680a5b9065e708a7497adc53a95b108029b98,3.13.14,2026-10-01T23:32:26.973840+00:00,bell_diagonal,siv_2024,until_target,0,0.937,0.995,1.0,0.5,0.9
R02_routing,R02_routing:diamond@literature:a686beca965dc03b:least_loss__automatic__conservative_min:17:r02_routing-diamond,diamond@literature,a686beca965dc03b,17,r02_routing-diamond,least_loss,automatic,False,r1 -> good1 -> good2 -> r3,3,4,10,0.55,conservative_min,0.5949184425627074,0.5873538688718671,-0.007564573690840293,-0.012715312132961735,0.3,0.00049,20000.0,2.0,True,True,,SATISFIED,41,31,4.1,10.25,0.5873538688718671,0.5661716382905521,136.66666666666669,140.41931433420055,0.006425775010000001,0.06643277501,0.016589,136.104889,6833,41,0,0,0,0,,,,aab2fed4abefb1f154584317fbc782ec2b7d3fdc,1f2680a5b9065e708a7497adc53a95b108029b98,3.13.14,2026-10-01T23:32:30.960856+00:00,bell_diagonal,siv_2024,until_target,0,0.937,0.995,1.0,0.5,0.9
R02_routing,R02_routing:diamond@literature:c8a11b361b27778d:highest_fidelity__automatic__conservative_min:7:r02_routing-diamond,diamond@literature,c8a11b361b27778d,7,r02_routing-diamond,highest_fidelity,automatic,False,r1 -> bad -> r3,2,4,10,0.55,conservative_min,0.70869407012,,,,0.3,0.00049,20000.0,2.0,True,False,,VIOLATED,0,0,0.0,0.0,,,0.0,,,,0.041903,15.424732,1824,1,0,0,0,0,delivered_pairs >= 10.0 (observed=0.0) -> FAIL,,,aab2fed4abefb1f154584317fbc782ec2b7d3fdc,1f2680a5b9065e708a7497adc53a95b108029b98,3.13.14,2026-10-01T23:32:34.047671+00:00,bell_diagonal,siv_2024,until_target,0,0.937,0.995,1.0,0.5,0.9
R02_routing,R02_routing:diamond@literature:c8a11b361b27778d:highest_fidelity__automatic__conservative_min:6:r02_routing-diamond,diamond@literature,c8a11b361b27778d,6,r02_routing-diamond,highest_fidelity,automatic,False,r1 -> bad -> r3,2,4,10,0.55,conservative_min,0.70869407012,0.6501605116502075,-0.05853355846979247,-0.08259354908935705,0.3,0.00049,20000.0,2.0,True,False,,VIOLATED,1,0,0.1,0.25,0.6501605116502075,0.6501605116502075,3.3333333333333335,,0.13180331251,,0.032714,17.72632,2396,1,0,0,0,0,delivered_pairs >= 10.0 (observed=1.0) -> FAIL,,,aab2fed4abefb1f154584317fbc782ec2b7d3fdc,1f2680a5b9065e708a7497adc53a95b108029b98,3.13.14,2026-10-01T23:32:36.290859+00:00,bell_diagonal,siv_2024,until_target,0,0.937,0.995,1.0,0.5,0.9
R02_routing,R02_routing:diamond@literature:c8a11b361b27778d:highest_fidelity__automatic__conservative_min:8:r02_routing-diamond,diamond@literature,c8a11b361b27778d,8,r02_routing-diamond,highest_fidelity,automatic,False,r1 -> bad -> r3,2,4,10,0.55,conservative_min,0.70869407012,0.6433302001196208,-0.06536387000037913,-0.09223143350036972,0.3,0.00049,20000.0,2.0,True,False,,VIOLATED,1,0,0.1,0.25,0.6433302001196208,0.6433302001196208,3.3333333333333335,,0.16630517501,,0.033186,14.930357,1956,2,0,0,0,0,delivered_pairs >= 10.0 (observed=1.0) -> FAIL,,,aab2fed4abefb1f154584317fbc782ec2b7d3fdc,1f2680a5b9065e708a7497adc53a95b108029b98,3.13.14,2026-10-01T23:32:38.139575+00:00,bell_diagonal,siv_2024,until_target,0,0.937,0.995,1.0,0.5,0.9
R02_routing,R02_routing:diamond@literature:a686beca965dc03b:least_loss__automatic__conservative_min:19:r02_routing-diamond,diamond@literature,a686beca965dc03b,19,r02_routing-diamond,least_loss,automatic,False,r1 -> good1 -> good2 -> r3,3,4,10,0.55,conservative_min,0.5949184425627074,0.5887470657603785,-0.006171376802328932,-0.010373483759798617,0.3,0.00049,20000.0,2.0,True,True,,SATISFIED,49,39,4.9,12.25,0.5887470657603785,0.567904991926829,163.33333333333334,172.00080506907435,0.013851712510000001,0.06823320001000001,0.002423,139.708084,8539,50,0,0,0,0,,,,aab2fed4abefb1f154584317fbc782ec2b7d3fdc,1f2680a5b9065e708a7497adc53a95b108029b98,3.13.14,2026-10-01T23:32:40.285740+00:00,bell_diagonal,siv_2024,until_target,0,0.937,0.995,1.0,0.5,0.9
R02_routing,R02_routing:diamond@literature:c8a11b361b27778d:highest_fidelity__automatic__conservative_min:11:r02_routing-diamond,diamond@literature,c8a11b361b27778d,11,r02_routing-diamond,highest_fidelity,automatic,False,r1 -> bad -> r3,2,4,10,0.55,conservative_min,0.70869407012,0.646624261661612,-0.06206980845838794,-0.08758336082574804,0.3,0.00049,20000.0,2.0,True,False,,VIOLATED,1,0,0.1,0.25,0.646624261661612,0.646624261661612,3.3333333333333335,,0.16580416251,,0.035833,10.461824,2396,1,0,0,0,0,delivered_pairs >= 10.0 (observed=1.0) -> FAIL,,,aab2fed4abefb1f154584317fbc782ec2b7d3fdc,1f2680a5b9065e708a7497adc53a95b108029b98,3.13.14,2026-10-01T23:32:41.628614+00:00,bell_diagonal,siv_2024,until_target,0,0.937,0.995,1.0,0.5,0.9
R02_routing,R02_routing:diamond@literature:c8a11b361b27778d:highest_fidelity__automatic__conservative_min:10:r02_routing-diamond,diamond@literature,c8a11b361b27778d,10,r02_routing-diamond,highest_fidelity,automatic,False,r1 -> bad -> r3,2,4,10,0.55,conservative_min,0.70869407012,0.6610629014974299,-0.04763116862257011,-0.0672097744722274,0.3,0.00049,20000.0,2.0,True,False,,VIOLATED,2,0,0.2,0.5,0.6610629014974299,0.6499137113405307,6.666666666666667,10.916789975220933,0.08710271251,,0.006386,15.456779,2270,2,0,0,0,0,delivered_pairs >= 10.0 (observed=2.0) -> FAIL,,,aab2fed4abefb1f154584317fbc782ec2b7d3fdc,1f2680a5b9065e708a7497adc53a95b108029b98,3.13.14,2026-10-01T23:32:42.580130+00:00,bell_diagonal,siv_2024,until_target,0,0.937,0.995,1.0,0.5,0.9
R02_routing,R02_routing:diamond@literature:c8a11b361b27778d:highest_fidelity__automatic__conservative_min:9:r02_routing-diamond,diamond@literature,c8a11b361b27778d,9,r02_routing-diamond,highest_fidelity,automatic,False,r1 -> bad -> r3,2,4,10,0.55,conservative_min,0.70869407012,0.6855037656892793,-0.023190304430720676,-0.0327225885025311,0.3,0.00049,20000.0,2.0,True,False,,VIOLATED,4,0,0.4,1.0,0.6855037656892793,0.6656660133570631,13.333333333333334,24.19781959497085,0.07430185001,,0.005442,16.688077,2367,4,0,0,0,0,delivered_pairs >= 10.0 (observed=4.0) -> FAIL,,,aab2fed4abefb1f154584317fbc782ec2b7d3fdc,1f2680a5b9065e708a7497adc53a95b108029b98,3.13.14,2026-10-01T23:32:43.286502+00:00,bell_diagonal,siv_2024,until_target,0,0.937,0.995,1.0,0.5,0.9
R02_routing,R02_routing:diamond@literature:c8a11b361b27778d:highest_fidelity__automatic__conservative_min:12:r02_routing-diamond,diamond@literature,c8a11b361b27778d,12,r02_routing-diamond,highest_fidelity,automatic,False,r1 -> bad -> r3,2,4,10,0.55,conservative_min,0.70869407012,0.6911117053505444,-0.017582364769455516,-0.02480952714403039,0.3,0.00049,20000.0,2.0,True,False,,VIOLATED,1,0,0.1,0.25,0.6911117053505444,0.6911117053505444,3.3333333333333335,,0.13480335001,,0.007502,15.863852,2396,1,0,0,0,0,delivered_pairs >= 10.0 (observed=1.0) -> FAIL,,,aab2fed4abefb1f154584317fbc782ec2b7d3fdc,1f2680a5b9065e708a7497adc53a95b108029b98,3.13.14,2026-10-01T23:32:50.057966+00:00,bell_diagonal,siv_2024,until_target,0,0.937,0.995,1.0,0.5,0.9
R02_routing,R02_routing:diamond@literature:c8a11b361b27778d:highest_fidelity__automatic__conservative_min:13:r02_routing-diamond,diamond@literature,c8a11b361b27778d,13,r02_routing-diamond,highest_fidelity,automatic,False,r1 -> bad -> r3,2,4,10,0.55,conservative_min,0.70869407012,0.6541070439540303,-0.054587026165969665,-0.07702481009432842,0.3,0.00049,20000.0,2.0,True,False,,VIOLATED,2,0,0.2,0.5,0.6541070439540303,0.630778370317236,6.666666666666667,20.140484917420242,0.19380485001,,0.004094,15.048068,2392,3,0,0,0,0,delivered_pairs >= 10.0 (observed=2.0) -> FAIL,,,aab2fed4abefb1f154584317fbc782ec2b7d3fdc,1f2680a5b9065e708a7497adc53a95b108029b98,3.13.14,2026-10-01T23:32:51.477671+00:00,bell_diagonal,siv_2024,until_target,0,0.937,0.995,1.0,0.5,0.9
R02_routing,R02_routing:diamond@literature:c8a11b361b27778d:highest_fidelity__automatic__conservative_min:14:r02_routing-diamond,diamond@literature,c8a11b361b27778d,14,r02_routing-diamond,highest_fidelity,automatic,False,r1 -> bad -> r3,2,4,10,0.55,conservative_min,0.70869407012,0.7009933080118957,-0.00770076210810422,-0.010866130299072891,0.3,0.00049,20000.0,2.0,True,False,,VIOLATED,2,0,0.2,0.5,0.7009933080118957,0.7006658503798906,6.666666666666667,7.842945410305896,0.02630080001,,0.000883,16.707275,2373,2,0,0,0,0,delivered_pairs >= 10.0 (observed=2.0) -> FAIL,,,aab2fed4abefb1f154584317fbc782ec2b7d3fdc,1f2680a5b9065e708a7497adc53a95b108029b98,3.13.14,2026-10-01T23:32:54.996345+00:00,bell_diagonal,siv_2024,until_target,0,0.937,0.995,1.0,0.5,0.9
R02_routing,R02_routing:diamond@literature:c8a11b361b27778d:highest_fidelity__automatic__conservative_min:16:r02_routing-diamond,diamond@literature,c8a11b361b27778d,16,r02_routing-diamond,highest_fidelity,automatic,False,r1 -> bad -> r3,2,4,10,0.55,conservative_min,0.70869407012,,,,0.3,0.00049,20000.0,2.0,True,False,,VIOLATED,0,0,0.0,0.0,,,0.0,,,,0.000653,14.04345,2396,0,0,0,0,0,delivered_pairs >= 10.0 (observed=0.0) -> FAIL,,,aab2fed4abefb1f154584317fbc782ec2b7d3fdc,1f2680a5b9065e708a7497adc53a95b108029b98,3.13.14,2026-10-01T23:32:55.815155+00:00,bell_diagonal,siv_2024,until_target,0,0.937,0.995,1.0,0.5,0.9
R02_routing,R02_routing:diamond@literature:c8a11b361b27778d:highest_fidelity__automatic__conservative_min:15:r02_routing-diamond,diamond@literature,c8a11b361b27778d,15,r02_routing-diamond,highest_fidelity,automatic,False,r1 -> bad -> r3,2,4,10,0.55,conservative_min,0.70869407012,0.7033580075888779,-0.0053360625311220655,-0.007529430195766326,0.3,0.00049,20000.0,2.0,True,False,,VIOLATED,1,0,0.1,0.25,0.7033580075888779,0.7033580075888779,3.3333333333333335,,0.10680268751000001,,0.031127,15.982704,2396,1,0,0,0,0,delivered_pairs >= 10.0 (observed=1.0) -> FAIL,,,aab2fed4abefb1f154584317fbc782ec2b7d3fdc,1f2680a5b9065e708a7497adc53a95b108029b98,3.13.14,2026-10-01T23:32:56.486307+00:00,bell_diagonal,siv_2024,until_target,0,0.937,0.995,1.0,0.5,0.9
R02_routing,R02_routing:diamond@literature:c8a11b361b27778d:highest_fidelity__automatic__conservative_min:18:r02_routing-diamond,diamond@literature,c8a11b361b27778d,18,r02_routing-diamond,highest_fidelity,automatic,False,r1 -> bad -> r3,2,4,10,0.55,conservative_min,0.70869407012,0.6746061206143295,-0.03408794950567051,-0.04809966802727523,0.3,0.00049,20000.0,2.0,True,False,,VIOLATED,2,0,0.2,0.5,0.6746061206143295,0.6422271200373595,6.666666666666667,370.26666142122343,0.21530538751,,0.000876,14.117294,2282,3,0,0,0,0,delivered_pairs >= 10.0 (observed=2.0) -> FAIL,,,aab2fed4abefb1f154584317fbc782ec2b7d3fdc,1f2680a5b9065e708a7497adc53a95b108029b98,3.13.14,2026-10-01T23:32:57.529531+00:00,bell_diagonal,siv_2024,until_target,0,0.937,0.995,1.0,0.5,0.9
R02_routing,R02_routing:diamond@literature:c8a11b361b27778d:highest_fidelity__automatic__conservative_min:17:r02_routing-diamond,diamond@literature,c8a11b361b27778d,17,r02_routing-diamond,highest_fidelity,automatic,False,r1 -> bad -> r3,2,4,10,0.55,conservative_min,0.70869407012,0.6670367672005433,-0.041657302919456685,-0.05878037460141728,0.3,0.00049,20000.0,2.0,True,False,,VIOLATED,1,0,0.1,0.25,0.6670367672005433,0.6670367672005433,3.3333333333333335,,0.20680517500999998,,0.004615,15.965462,2396,1,0,0,0,0,delivered_pairs >= 10.0 (observed=1.0) -> FAIL,,,aab2fed4abefb1f154584317fbc782ec2b7d3fdc,1f2680a5b9065e708a7497adc53a95b108029b98,3.13.14,2026-10-01T23:32:58.686545+00:00,bell_diagonal,siv_2024,until_target,0,0.937,0.995,1.0,0.5,0.9
R02_routing,R02_routing:diamond@literature:c8a11b361b27778d:highest_fidelity__automatic__conservative_min:19:r02_routing-diamond,diamond@literature,c8a11b361b27778d,19,r02_routing-diamond,highest_fidelity,automatic,False,r1 -> bad -> r3,2,4,10,0.55,conservative_min,0.70869407012,0.6821432167391865,-0.02655085338081342,-0.037464477974703085,0.3,0.00049,20000.0,2.0,True,False,,VIOLATED,1,0,0.1,0.25,0.6821432167391865,0.6821432167391865,3.3333333333333335,,0.05750178750999999,,0.000833,10.597604,2306,1,0,0,0,0,delivered_pairs >= 10.0 (observed=1.0) -> FAIL,,,aab2fed4abefb1f154584317fbc782ec2b7d3fdc,1f2680a5b9065e708a7497adc53a95b108029b98,3.13.14,2026-10-01T23:33:00.786612+00:00,bell_diagonal,siv_2024,until_target,0,0.937,0.995,1.0,0.5,0.9
R02_routing,R02_routing:mesh@literature:80436b1f968c95fe:shortest_hop_count__automatic__conservative_min:2:r02_routing-mesh,mesh@literature,80436b1f968c95fe,2,r02_routing-mesh,shortest_hop_count,automatic,False,a0 -> a1 -> a2 -> b2,3,4,10,0.5,conservative_min,0.5949184425627074,0.5809902075167038,-0.0139282350460036,-0.023412007511492625,0.3,0.0003,5000.0,2.0,True,True,,SATISFIED,36,26,3.6,9.0,0.5809902075167038,0.5479514126113069,120.0,125.92501873462585,0.008826062510000001,0.09028532501,0.002297,83.457742,6682,36,0,0,0,0,,,,aab2fed4abefb1f154584317fbc782ec2b7d3fdc,1f2680a5b9065e708a7497adc53a95b108029b98,3.13.14,2026-10-01T23:34:54.156514+00:00,bell_diagonal,siv_2024,until_target,0,0.937,0.995,1.0,0.5,0.9
R02_routing,R02_routing:mesh@literature:80436b1f968c95fe:shortest_hop_count__automatic__conservative_min:3:r02_routing-mesh,mesh@literature,80436b1f968c95fe,3,r02_routing-mesh,shortest_hop_count,automatic,False,a0 -> a1 -> a2 -> b2,3,4,10,0.5,conservative_min,0.5949184425627074,0.5859088716341054,-0.009009570928601995,-0.015144211851614166,0.3,0.0003,5000.0,2.0,True,True,,SATISFIED,50,40,5.0,12.5,0.5859088716341054,0.5618470539190705,166.66666666666669,174.13373148430588,0.006350775009999999,0.08678573751,0.006172,88.98299,8822,51,0,0,0,0,,,,aab2fed4abefb1f154584317fbc782ec2b7d3fdc,1f2680a5b9065e708a7497adc53a95b108029b98,3.13.14,2026-10-01T23:34:59.740117+00:00,bell_diagonal,siv_2024,until_target,0,0.937,0.995,1.0,0.5,0.9
R02_routing,R02_routing:mesh@literature:80436b1f968c95fe:shortest_hop_count__automatic__conservative_min:5:r02_routing-mesh,mesh@literature,80436b1f968c95fe,5,r02_routing-mesh,shortest_hop_count,automatic,False,a0 -> a1 -> a2 -> b2,3,4,10,0.5,conservative_min,0.5949184425627074,0.586514093091694,-0.008404349471013428,-0.014126893486122793,0.3,0.0003,5000.0,2.0,True,True,,SATISFIED,42,32,4.2,10.5,0.586514093091694,0.565323548322916,140.0,160.40818536235204,0.03662956251,0.09073601251,0.005005,94.212682,8797,43,0,0,0,0,,,,aab2fed4abefb1f154584317fbc782ec2b7d3fdc,1f2680a5b9065e708a7497adc53a95b108029b98,3.13.14,2026-10-01T23:35:05.007579+00:00,bell_diagonal,siv_2024,until_target,0,0.937,0.995,1.0,0.5,0.9
R02_routing,R02_routing:mesh@literature:80436b1f968c95fe:shortest_hop_count__automatic__conservative_min:4:r02_routing-mesh,mesh@literature,80436b1f968c95fe,4,r02_routing-mesh,shortest_hop_count,automatic,False,a0 -> a1 -> a2 -> b2,3,4,10,0.5,conservative_min,0.5949184425627074,0.5876567781728644,-0.007261664389842992,-0.012206151079402074,0.3,0.0003,5000.0,2.0,True,True,,SATISFIED,48,38,4.8,12.0,0.5876567781728644,0.5729041909557127,160.0,169.17355589994318,0.01232652501,0.09173643751,0.010671,94.860711,7995,49,0,0,0,0,,,,aab2fed4abefb1f154584317fbc782ec2b7d3fdc,1f2680a5b9065e708a7497adc53a95b108029b98,3.13.14,2026-10-01T23:35:05.641823+00:00,bell_diagonal,siv_2024,until_target,0,0.937,0.995,1.0,0.5,0.9
R02_routing,R02_routing:mesh@literature:80436b1f968c95fe:shortest_hop_count__automatic__conservative_min:1:r02_routing-mesh,mesh@literature,80436b1f968c95fe,1,r02_routing-mesh,shortest_hop_count,automatic,False,a0 -> a1 -> a2 -> b2,3,4,10,0.5,conservative_min,0.5949184425627074,0.5868111040815104,-0.008107338481197046,-0.013627646919590144,0.3,0.0003,5000.0,2.0,True,True,,SATISFIED,46,36,4.6,11.5,0.5868111040815104,0.553124989343117,153.33333333333334,155.54446268052985,0.0025503125099999996,0.04580566251,0.004669,94.890765,7965,47,0,0,0,0,,,,aab2fed4abefb1f154584317fbc782ec2b7d3fdc,1f2680a5b9065e708a7497adc53a95b108029b98,3.13.14,2026-10-01T23:35:05.683320+00:00,bell_diagonal,siv_2024,until_target,0,0.937,0.995,1.0,0.5,0.9
R02_routing,R02_routing:mesh@literature:80436b1f968c95fe:shortest_hop_count__automatic__conservative_min:6:r02_routing-mesh,mesh@literature,80436b1f968c95fe,6,r02_routing-mesh,shortest_hop_count,automatic,False,a0 -> a1 -> a2 -> b2,3,4,10,0.5,conservative_min,0.5949184425627074,0.5889427681138455,-0.005975674448861934,-0.01004452715084903,0.3,0.0003,5000.0,2.0,True,True,,SATISFIED,52,42,5.2,13.0,0.5889427681138455,0.5739414720872759,173.33333333333334,180.8156507072804,0.008726050009999998,0.06780841251,0.00544,98.687824,8701,54,0,0,0,0,,,,aab2fed4abefb1f154584317fbc782ec2b7d3fdc,1f2680a5b9065e708a7497adc53a95b108029b98,3.13.14,2026-10-01T23:35:09.526840+00:00,bell_diagonal,siv_2024,until_target,0,0.937,0.995,1.0,0.5,0.9
R02_routing,R02_routing:mesh@literature:80436b1f968c95fe:shortest_hop_count__automatic__conservative_min:0:r02_routing-mesh,mesh@literature,80436b1f968c95fe,0,r02_routing-mesh,shortest_hop_count,automatic,False,a0 -> a1 -> a2 -> b2,3,4,10,0.5,conservative_min,0.5949184425627074,0.5891519479330849,-0.005766494629622532,-0.009692916233664606,0.3,0.0003,5000.0,2.0,True,True,,SATISFIED,53,43,5.3,13.25,0.5891519479330849,0.5691990380507107,176.66666666666669,195.87297489749233,0.02072756251,0.07678455001000001,0.005715,101.200033,10094,55,0,0,0,0,,,,aab2fed4abefb1f154584317fbc782ec2b7d3fdc,1f2680a5b9065e708a7497adc53a95b108029b98,3.13.14,2026-10-01T23:35:11.973070+00:00,bell_diagonal,siv_2024,until_target,0,0.937,0.995,1.0,0.5,0.9
R02_routing,R02_routing:mesh@literature:80436b1f968c95fe:shortest_hop_count__automatic__conservative_min:8:r02_routing-mesh,mesh@literature,80436b1f968c95fe,8,r02_routing-mesh,shortest_hop_count,automatic,False,a0 -> a1 -> a2 -> b2,3,4,10,0.5,conservative_min,0.5949184425627074,0.5871504681643861,-0.007767974398321331,-0.013057208925747073,0.3,0.0003,5000.0,2.0,True,True,,SATISFIED,48,38,4.8,12.0,0.5871504681643861,0.5558387883963132,160.0,167.0231203929184,0.00955116251,0.045305400009999997,0.00107,91.40336,10122,48,0,0,0,0,,,,aab2fed4abefb1f154584317fbc782ec2b7d3fdc,1f2680a5b9065e708a7497adc53a95b108029b98,3.13.14,2026-10-01T23:36:31.670445+00:00,bell_diagonal,siv_2024,until_target,0,0.937,0.995,1.0,0.5,0.9
R02_routing,R02_routing:mesh@literature:80436b1f968c95fe:shortest_hop_count__automatic__conservative_min:7:r02_routing-mesh,mesh@literature,80436b1f968c95fe,7,r02_routing-mesh,shortest_hop_count,automatic,False,a0 -> a1 -> a2 -> b2,3,4,10,0.5,conservative_min,0.5949184425627074,0.5887234746331856,-0.0061949679295217885,-0.010413138148543458,0.3,0.0003,5000.0,2.0,True,True,,SATISFIED,54,44,5.4,13.5,0.5887234746331856,0.5762500073773438,180.0,184.12138065633562,0.00422552501,0.05990743751,0.001103,99.577977,9086,56,0,0,0,0,,,,aab2fed4abefb1f154584317fbc782ec2b7d3fdc,1f2680a5b9065e708a7497adc53a95b108029b98,3.13.14,2026-10-01T23:36:34.444454+00:00,bell_diagonal,siv_2024,until_target,0,0.937,0.995,1.0,0.5,0.9
R02_routing,R02_routing:mesh@literature:80436b1f968c95fe:shortest_hop_count__automatic__conservative_min:9:r02_routing-mesh,mesh@literature,80436b1f968c95fe,9,r02_routing-mesh,shortest_hop_count,automatic,False,a0 -> a1 -> a2 -> b2,3,4,10,0.5,conservative_min,0.5949184425627074,0.5863067145911124,-0.00861172797159504,-0.014475476561961383,0.3,0.0003,5000.0,2.0,True,True,,SATISFIED,43,33,4.3,10.75,0.5863067145911124,0.5619806165933581,143.33333333333334,149.71676330288932,0.0042255125099999995,0.08836105001000001,0.006555,92.447226,7715,45,0,0,0,0,,,,aab2fed4abefb1f154584317fbc782ec2b7d3fdc,1f2680a5b9065e708a7497adc53a95b108029b98,3.13.14,2026-10-01T23:36:37.787124+00:00,bell_diagonal,siv_2024,until_target,0,0.937,0.995,1.0,0.5,0.9
R02_routing,R02_routing:mesh@literature:80436b1f968c95fe:shortest_hop_count__automatic__conservative_min:11:r02_routing-mesh,mesh@literature,80436b1f968c95fe,11,r02_routing-mesh,shortest_hop_count,automatic,False,a0 -> a1 -> a2 -> b2,3,4,10,0.5,conservative_min,0.5949184425627074,0.5871693792409416,-0.007749063321765837,-0.013025421246625828,0.3,0.0003,5000.0,2.0,True,True,,SATISFIED,51,41,5.1,12.75,0.5871693792409416,0.554538579163831,170.0,190.3637319017981,0.02312785001,0.08381042501000001,0.001076,92.38997,9037,51,0,0,0,0,,,,aab2fed4abefb1f154584317fbc782ec2b7d3fdc,1f2680a5b9065e708a7497adc53a95b108029b98,3.13.14,2026-10-01T23:36:38.488193+00:00,bell_diagonal,siv_2024,until_target,0,0.937,0.995,1.0,0.5,0.9
R02_routing,R02_routing:mesh@literature:80436b1f968c95fe:shortest_hop_count__automatic__conservative_min:10:r02_routing-mesh,mesh@literature,80436b1f968c95fe,10,r02_routing-mesh,shortest_hop_count,automatic,False,a0 -> a1 -> a2 -> b2,3,4,10,0.5,conservative_min,0.5949184425627074,0.5878052299763143,-0.007113212586393081,-0.01195661804625146,0.3,0.0003,5000.0,2.0,True,True,,SATISFIED,45,35,4.5,11.25,0.5878052299763143,0.5739254214036758,150.0,156.44788212590768,0.00922612501,0.06993368751000001,0.005488,94.448402,9065,48,0,0,0,0,,,,aab2fed4abefb1f154584317fbc782ec2b7d3fdc,1f2680a5b9065e708a7497adc53a95b108029b98,3.13.14,2026-10-01T23:36:40.478505+00:00,bell_diagonal,siv_2024,until_target,0,0.937,0.995,1.0,0.5,0.9
R02_routing,R02_routing:mesh@literature:80436b1f968c95fe:shortest_hop_count__automatic__conservative_min:13:r02_routing-mesh,mesh@literature,80436b1f968c95fe,13,r02_routing-mesh,shortest_hop_count,automatic,False,a0 -> a1 -> a2 -> b2,3,4,10,0.5,conservative_min,0.5949184425627074,0.5886492604306006,-0.00626918213210681,-0.010537885000003184,0.3,0.0003,5000.0,2.0,True,True,,SATISFIED,58,48,5.8,14.5,0.5886492604306006,0.5720527036610626,193.33333333333334,202.7901919999182,0.0038254625100000005,0.03722951251,0.003238,90.331196,9011,61,0,0,0,0,,,,aab2fed4abefb1f154584317fbc782ec2b7d3fdc,1f2680a5b9065e708a7497adc53a95b108029b98,3.13.14,2026-10-01T23:36:42.622080+00:00,bell_diagonal,siv_2024,until_target,0,0.937,0.995,1.0,0.5,0.9
R02_routing,R02_routing:mesh@literature:80436b1f968c95fe:shortest_hop_count__automatic__conservative_min:12:r02_routing-mesh,mesh@literature,80436b1f968c95fe,12,r02_routing-mesh,shortest_hop_count,automatic,False,a0 -> a1 -> a2 -> b2,3,4,10,0.5,conservative_min,0.5949184425627074,0.5887959463625138,-0.006122496200193672,-0.010291320225037955,0.3,0.0003,5000.0,2.0,True,True,,SATISFIED,52,42,5.2,13.0,0.5887959463625138,0.5753120138753113,173.33333333333334,175.75866375081915,0.0029503625100000003,0.06245771250999999,0.007085,93.195524,8696,53,0,0,0,0,,,,aab2fed4abefb1f154584317fbc782ec2b7d3fdc,1f2680a5b9065e708a7497adc53a95b108029b98,3.13.14,2026-10-01T23:36:43.100257+00:00,bell_diagonal,siv_2024,until_target,0,0.937,0.995,1.0,0.5,0.9
R02_routing,R02_routing:mesh@literature:80436b1f968c95fe:shortest_hop_count__automatic__conservative_min:14:r02_routing-mesh,mesh@literature,80436b1f968c95fe,14,r02_routing-mesh,shortest_hop_count,automatic,False,a0 -> a1 -> a2 -> b2,3,4,10,0.5,conservative_min,0.5949184425627074,0.5861518891398021,-0.008766553422905332,-0.014735723076833835,0.3,0.0003,5000.0,2.0,True,True,,SATISFIED,50,40,5.0,12.5,0.5861518891398021,0.5557717831581646,166.66666666666669,176.9535125869467,0.01602696251,0.05713213750999999,0.00378,36.891679,11007,51,0,0,0,0,,,,aab2fed4abefb1f154584317fbc782ec2b7d3fdc,1f2680a5b9065e708a7497adc53a95b108029b98,3.13.14,2026-10-01T23:37:08.904169+00:00,bell_diagonal,siv_2024,until_target,0,0.937,0.995,1.0,0.5,0.9
R02_routing,R02_routing:mesh@literature:80436b1f968c95fe:shortest_hop_count__automatic__conservative_min:15:r02_routing-mesh,mesh@literature,80436b1f968c95fe,15,r02_routing-mesh,shortest_hop_count,automatic,False,a0 -> a1 -> a2 -> b2,3,4,10,0.5,conservative_min,0.5949184425627074,0.5855392629755638,-0.009379179587143627,-0.015765488033521523,0.3,0.0003,5000.0,2.0,True,True,,SATISFIED,45,35,4.5,11.25,0.5855392629755638,0.5456387435010265,150.0,161.73413495958803,0.014726837509999998,0.07728460001000001,0.006992,36.213276,8596,47,0,0,0,0,,,,aab2fed4abefb1f154584317fbc782ec2b7d3fdc,1f2680a5b9065e708a7497adc53a95b108029b98,3.13.14,2026-10-01T23:37:11.088473+00:00,bell_diagonal,siv_2024,until_target,0,0.937,0.995,1.0,0.5,0.9
R02_routing,R02_routing:mesh@literature:80436b1f968c95fe:shortest_hop_count__automatic__conservative_min:17:r02_routing-mesh,mesh@literature,80436b1f968c95fe,17,r02_routing-mesh,shortest_hop_count,automatic,False,a0 -> a1 -> a2 -> b2,3,4,10,0.5,conservative_min,0.5949184425627074,0.5877627558980728,-0.0071556866646346196,-0.012028012837877982,0.3,0.0003,5000.0,2.0,True,True,,SATISFIED,51,41,5.1,12.75,0.5877627558980728,0.5639802161374693,170.0,176.57103210269094,0.006425775010000001,0.06648327501000001,0.000597,36.292239,9064,52,0,0,0,0,,,,aab2fed4abefb1f154584317fbc782ec2b7d3fdc,1f2680a5b9065e708a7497adc53a95b108029b98,3.13.14,2026-10-01T23:37:15.064905+00:00,bell_diagonal,siv_2024,until_target,0,0.937,0.995,1.0,0.5,0.9
R02_routing,R02_routing:mesh@literature:80436b1f968c95fe:shortest_hop_count__automatic__conservative_min:16:r02_routing-mesh,mesh@literature,80436b1f968c95fe,16,r02_routing-mesh,shortest_hop_count,automatic,False,a0 -> a1 -> a2 -> b2,3,4,10,0.5,conservative_min,0.5949184425627074,0.5882327423051154,-0.006685700257592075,-0.011238011430259818,0.3,0.0003,5000.0,2.0,True,True,,SATISFIED,47,37,4.7,11.75,0.5882327423051154,0.5706652237757135,156.66666666666669,163.88596640111038,0.00792596251,0.06260768751000001,0.00069,37.52655,8453,50,0,0,0,0,,,,aab2fed4abefb1f154584317fbc782ec2b7d3fdc,1f2680a5b9065e708a7497adc53a95b108029b98,3.13.14,2026-10-01T23:37:15.589796+00:00,bell_diagonal,siv_2024,until_target,0,0.937,0.995,1.0,0.5,0.9
R02_routing,R02_routing:mesh@literature:80436b1f968c95fe:shortest_hop_count__automatic__conservative_min:18:r02_routing-mesh,mesh@literature,80436b1f968c95fe,18,r02_routing-mesh,shortest_hop_count,automatic,False,a0 -> a1 -> a2 -> b2,3,4,10,0.5,conservative_min,0.5949184425627074,0.5889235280676673,-0.005994914495040082,-0.010076867795888154,0.3,0.0003,5000.0,2.0,True,True,,SATISFIED,53,43,5.3,13.25,0.5889235280676673,0.5702182969617278,176.66666666666669,179.31967131719264,0.004050487509999999,0.05718211251,0.0006,37.015382,10112,53,0,0,0,0,,,,aab2fed4abefb1f154584317fbc782ec2b7d3fdc,1f2680a5b9065e708a7497adc53a95b108029b98,3.13.14,2026-10-01T23:37:17.786275+00:00,bell_diagonal,siv_2024,until_target,0,0.937,0.995,1.0,0.5,0.9
R02_routing,R02_routing:mesh@literature:80436b1f968c95fe:shortest_hop_count__automatic__conservative_min:19:r02_routing-mesh,mesh@literature,80436b1f968c95fe,19,r02_routing-mesh,shortest_hop_count,automatic,False,a0 -> a1 -> a2 -> b2,3,4,10,0.5,conservative_min,0.5949184425627074,0.5889476197492922,-0.005970822813415211,-0.010036372023860827,0.3,0.0003,5000.0,2.0,True,True,,SATISFIED,49,39,4.9,12.25,0.5889476197492922,0.5657198787637627,163.33333333333334,180.7726268185692,0.01392671251,0.07593443751000001,0.000635,36.851229,8736,49,0,0,0,0,,,,aab2fed4abefb1f154584317fbc782ec2b7d3fdc,1f2680a5b9065e708a7497adc53a95b108029b98,3.13.14,2026-10-01T23:37:19.733812+00:00,bell_diagonal,siv_2024,until_target,0,0.937,0.995,1.0,0.5,0.9
R02_routing,R02_routing:mesh@literature:a686beca965dc03b:least_loss__automatic__conservative_min:0:r02_routing-mesh,mesh@literature,a686beca965dc03b,0,r02_routing-mesh,least_loss,automatic,False,a0 -> a1 -> a2 -> b2,3,4,10,0.5,conservative_min,0.5949184425627074,0.5891519479330849,-0.005766494629622532,-0.009692916233664606,0.3,0.0003,5000.0,2.0,True,True,,SATISFIED,53,43,5.3,13.25,0.5891519479330849,0.5691990380507107,176.66666666666669,195.87297489749233,0.02072756251,0.07678455001000001,0.000733,36.507727,10094,55,0,0,0,0,,,,aab2fed4abefb1f154584317fbc782ec2b7d3fdc,1f2680a5b9065e708a7497adc53a95b108029b98,3.13.14,2026-10-01T23:37:19.894040+00:00,bell_diagonal,siv_2024,until_target,0,0.937,0.995,1.0,0.5,0.9
R02_routing,R02_routing:mesh@literature:a686beca965dc03b:least_loss__automatic__conservative_min:2:r02_routing-mesh,mesh@literature,a686beca965dc03b,2,r02_routing-mesh,least_loss,automatic,False,a0 -> a1 -> a2 -> b2,3,4,10,0.5,conservative_min,0.5949184425627074,0.5809902075167038,-0.0139282350460036,-0.023412007511492625,0.3,0.0003,5000.0,2.0,True,True,,SATISFIED,36,26,3.6,9.0,0.5809902075167038,0.5479514126113069,120.0,125.92501873462585,0.008826062510000001,0.09028532501,0.000903,30.050392,6682,36,0,0,0,0,,,,aab2fed4abefb1f154584317fbc782ec2b7d3fdc,1f2680a5b9065e708a7497adc53a95b108029b98,3.13.14,2026-10-01T23:37:41.347389+00:00,bell_diagonal,siv_2024,until_target,0,0.937,0.995,1.0,0.5,0.9
R02_routing,R02_routing:mesh@literature:a686beca965dc03b:least_loss__automatic__conservative_min:1:r02_routing-mesh,mesh@literature,a686beca965dc03b,1,r02_routing-mesh,least_loss,automatic,False,a0 -> a1 -> a2 -> b2,3,4,10,0.5,conservative_min,0.5949184425627074,0.5868111040815104,-0.008107338481197046,-0.013627646919590144,0.3,0.0003,5000.0,2.0,True,True,,SATISFIED,46,36,4.6,11.5,0.5868111040815104,0.553124989343117,153.33333333333334,155.54446268052985,0.0025503125099999996,0.04580566251,0.000835,34.156515,7965,47,0,0,0,0,,,,aab2fed4abefb1f154584317fbc782ec2b7d3fdc,1f2680a5b9065e708a7497adc53a95b108029b98,3.13.14,2026-10-01T23:37:43.288106+00:00,bell_diagonal,siv_2024,until_target,0,0.937,0.995,1.0,0.5,0.9
R02_routing,R02_routing:mesh@literature:a686beca965dc03b:least_loss__automatic__conservative_min:3:r02_routing-mesh,mesh@literature,a686beca965dc03b,3,r02_routing-mesh,least_loss,automatic,False,a0 -> a1 -> a2 -> b2,3,4,10,0.5,conservative_min,0.5949184425627074,0.5859088716341054,-0.009009570928601995,-0.015144211851614166,0.3,0.0003,5000.0,2.0,True,True,,SATISFIED,50,40,5.0,12.5,0.5859088716341054,0.5618470539190705,166.66666666666669,174.13373148430588,0.006350775009999999,0.08678573751,0.000895,32.752622,8822,51,0,0,0,0,,,,aab2fed4abefb1f154584317fbc782ec2b7d3fdc,1f2680a5b9065e708a7497adc53a95b108029b98,3.13.14,2026-10-01T23:37:48.113608+00:00,bell_diagonal,siv_2024,until_target,0,0.937,0.995,1.0,0.5,0.9
R02_routing,R02_routing:mesh@literature:a686beca965dc03b:least_loss__automatic__conservative_min:4:r02_routing-mesh,mesh@literature,a686beca965dc03b,4,r02_routing-mesh,least_loss,automatic,False,a0 -> a1 -> a2 -> b2,3,4,10,0.5,conservative_min,0.5949184425627074,0.5876567781728644,-0.007261664389842992,-0.012206151079402074,0.3,0.0003,5000.0,2.0,True,True,,SATISFIED,48,38,4.8,12.0,0.5876567781728644,0.5729041909557127,160.0,169.17355589994318,0.01232652501,0.09173643751,0.001255,35.703085,7995,49,0,0,0,0,,,,aab2fed4abefb1f154584317fbc782ec2b7d3fdc,1f2680a5b9065e708a7497adc53a95b108029b98,3.13.14,2026-10-01T23:37:51.639040+00:00,bell_diagonal,siv_2024,until_target,0,0.937,0.995,1.0,0.5,0.9
R02_routing,R02_routing:mesh@literature:a686beca965dc03b:least_loss__automatic__conservative_min:5:r02_routing-mesh,mesh@literature,a686beca965dc03b,5,r02_routing-mesh,least_loss,automatic,False,a0 -> a1 -> a2 -> b2,3,4,10,0.5,conservative_min,0.5949184425627074,0.586514093091694,-0.008404349471013428,-0.014126893486122793,0.3,0.0003,5000.0,2.0,True,True,,SATISFIED,42,32,4.2,10.5,0.586514093091694,0.565323548322916,140.0,160.40818536235204,0.03662956251,0.09073601251,0.000956,35.050466,8797,43,0,0,0,0,,,,aab2fed4abefb1f154584317fbc782ec2b7d3fdc,1f2680a5b9065e708a7497adc53a95b108029b98,3.13.14,2026-10-01T23:37:53.057064+00:00,bell_diagonal,siv_2024,until_target,0,0.937,0.995,1.0,0.5,0.9
R02_routing,R02_routing:mesh@literature:a686beca965dc03b:least_loss__automatic__conservative_min:6:r02_routing-mesh,mesh@literature,a686beca965dc03b,6,r02_routing-mesh,least_loss,automatic,False,a0 -> a1 -> a2 -> b2,3,4,10,0.5,conservative_min,0.5949184425627074,0.5889427681138455,-0.005975674448861934,-0.01004452715084903,0.3,0.0003,5000.0,2.0,True,True,,SATISFIED,52,42,5.2,13.0,0.5889427681138455,0.5739414720872759,173.33333333333334,180.8156507072804,0.008726050009999998,0.06780841251,0.000904,36.699147,8701,54,0,0,0,0,,,,aab2fed4abefb1f154584317fbc782ec2b7d3fdc,1f2680a5b9065e708a7497adc53a95b108029b98,3.13.14,2026-10-01T23:37:56.729235+00:00,bell_diagonal,siv_2024,until_target,0,0.937,0.995,1.0,0.5,0.9
R02_routing,R02_routing:mesh@literature:a686beca965dc03b:least_loss__automatic__conservative_min:7:r02_routing-mesh,mesh@literature,a686beca965dc03b,7,r02_routing-mesh,least_loss,automatic,False,a0 -> a1 -> a2 -> b2,3,4,10,0.5,conservative_min,0.5949184425627074,0.5887234746331856,-0.0061949679295217885,-0.010413138148543458,0.3,0.0003,5000.0,2.0,True,True,,SATISFIED,54,44,5.4,13.5,0.5887234746331856,0.5762500073773438,180.0,184.12138065633562,0.00422552501,0.05990743751,0.000817,36.644699,9086,56,0,0,0,0,,,,aab2fed4abefb1f154584317fbc782ec2b7d3fdc,1f2680a5b9065e708a7497adc53a95b108029b98,3.13.14,2026-10-01T23:37:56.777111+00:00,bell_diagonal,siv_2024,until_target,0,0.937,0.995,1.0,0.5,0.9
R02_routing,R02_routing:mesh@literature:a686beca965dc03b:least_loss__automatic__conservative_min:8:r02_routing-mesh,mesh@literature,a686beca965dc03b,8,r02_routing-mesh,least_loss,automatic,False,a0 -> a1 -> a2 -> b2,3,4,10,0.5,conservative_min,0.5949184425627074,0.5871504681643861,-0.007767974398321331,-0.013057208925747073,0.3,0.0003,5000.0,2.0,True,True,,SATISFIED,48,38,4.8,12.0,0.5871504681643861,0.5558387883963132,160.0,167.0231203929184,0.00955116251,0.045305400009999997,0.000721,33.937004,10122,48,0,0,0,0,,,,aab2fed4abefb1f154584317fbc782ec2b7d3fdc,1f2680a5b9065e708a7497adc53a95b108029b98,3.13.14,2026-10-01T23:38:15.518551+00:00,bell_diagonal,siv_2024,until_target,0,0.937,0.995,1.0,0.5,0.9
R02_routing,R02_routing:mesh@literature:a686beca965dc03b:least_loss__automatic__conservative_min:9:r02_routing-mesh,mesh@literature,a686beca965dc03b,9,r02_routing-mesh,least_loss,automatic,False,a0 -> a1 -> a2 -> b2,3,4,10,0.5,conservative_min,0.5949184425627074,0.5863067145911124,-0.00861172797159504,-0.014475476561961383,0.3,0.0003,5000.0,2.0,True,True,,SATISFIED,43,33,4.3,10.75,0.5863067145911124,0.5619806165933581,143.33333333333334,149.71676330288932,0.0042255125099999995,0.08836105001000001,0.000879,34.289063,7715,45,0,0,0,0,,,,aab2fed4abefb1f154584317fbc782ec2b7d3fdc,1f2680a5b9065e708a7497adc53a95b108029b98,3.13.14,2026-10-01T23:38:17.814191+00:00,bell_diagonal,siv_2024,until_target,0,0.937,0.995,1.0,0.5,0.9
R02_routing,R02_routing:mesh@literature:a686beca965dc03b:least_loss__automatic__conservative_min:10:r02_routing-mesh,mesh@literature,a686beca965dc03b,10,r02_routing-mesh,least_loss,automatic,False,a0 -> a1 -> a2 -> b2,3,4,10,0.5,conservative_min,0.5949184425627074,0.5878052299763143,-0.007113212586393081,-0.01195661804625146,0.3,0.0003,5000.0,2.0,True,True,,SATISFIED,45,35,4.5,11.25,0.5878052299763143,0.5739254214036758,150.0,156.44788212590768,0.00922612501,0.06993368751000001,0.000833,36.041928,9065,48,0,0,0,0,,,,aab2fed4abefb1f154584317fbc782ec2b7d3fdc,1f2680a5b9065e708a7497adc53a95b108029b98,3.13.14,2026-10-01T23:38:24.400196+00:00,bell_diagonal,siv_2024,until_target,0,0.937,0.995,1.0,0.5,0.9
R02_routing,R02_routing:mesh@literature:a686beca965dc03b:least_loss__automatic__conservative_min:11:r02_routing-mesh,mesh@literature,a686beca965dc03b,11,r02_routing-mesh,least_loss,automatic,False,a0 -> a1 -> a2 -> b2,3,4,10,0.5,conservative_min,0.5949184425627074,0.5871693792409416,-0.007749063321765837,-0.013025421246625828,0.3,0.0003,5000.0,2.0,True,True,,SATISFIED,51,41,5.1,12.75,0.5871693792409416,0.554538579163831,170.0,190.3637319017981,0.02312785001,0.08381042501000001,0.000879,34.769997,9037,51,0,0,0,0,,,,aab2fed4abefb1f154584317fbc782ec2b7d3fdc,1f2680a5b9065e708a7497adc53a95b108029b98,3.13.14,2026-10-01T23:38:26.707915+00:00,bell_diagonal,siv_2024,until_target,0,0.937,0.995,1.0,0.5,0.9
R02_routing,R02_routing:mesh@literature:a686beca965dc03b:least_loss__automatic__conservative_min:14:r02_routing-mesh,mesh@literature,a686beca965dc03b,14,r02_routing-mesh,least_loss,automatic,False,a0 -> a1 -> a2 -> b2,3,4,10,0.5,conservative_min,0.5949184425627074,0.5861518891398021,-0.008766553422905332,-0.014735723076833835,0.3,0.0003,5000.0,2.0,True,True,,SATISFIED,50,40,5.0,12.5,0.5861518891398021,0.5557717831581646,166.66666666666669,176.9535125869467,0.01602696251,0.05713213750999999,0.000874,32.40177,11007,51,0,0,0,0,,,,aab2fed4abefb1f154584317fbc782ec2b7d3fdc,1f2680a5b9065e708a7497adc53a95b108029b98,3.13.14,2026-10-01T23:38:29.443941+00:00,bell_diagonal,siv_2024,until_target,0,0.937,0.995,1.0,0.5,0.9
R02_routing,R02_routing:mesh@literature:a686beca965dc03b:least_loss__automatic__conservative_min:12:r02_routing-mesh,mesh@literature,a686beca965dc03b,12,r02_routing-mesh,least_loss,automatic,False,a0 -> a1 -> a2 -> b2,3,4,10,0.5,conservative_min,0.5949184425627074,0.5887959463625138,-0.006122496200193672,-0.010291320225037955,0.3,0.0003,5000.0,2.0,True,True,,SATISFIED,52,42,5.2,13.0,0.5887959463625138,0.5753120138753113,173.33333333333334,175.75866375081915,0.0029503625100000003,0.06245771250999999,0.000873,36.401396,8696,53,0,0,0,0,,,,aab2fed4abefb1f154584317fbc782ec2b7d3fdc,1f2680a5b9065e708a7497adc53a95b108029b98,3.13.14,2026-10-01T23:38:29.760109+00:00,bell_diagonal,siv_2024,until_target,0,0.937,0.995,1.0,0.5,0.9
R02_routing,R02_routing:mesh@literature:a686beca965dc03b:least_loss__automatic__conservative_min:13:r02_routing-mesh,mesh@literature,a686beca965dc03b,13,r02_routing-mesh,least_loss,automatic,False,a0 -> a1 -> a2 -> b2,3,4,10,0.5,conservative_min,0.5949184425627074,0.5886492604306006,-0.00626918213210681,-0.010537885000003184,0.3,0.0003,5000.0,2.0,True,True,,SATISFIED,58,48,5.8,14.5,0.5886492604306006,0.5720527036610626,193.33333333333334,202.7901919999182,0.0038254625100000005,0.03722951251,0.000881,36.078522,9011,61,0,0,0,0,,,,aab2fed4abefb1f154584317fbc782ec2b7d3fdc,1f2680a5b9065e708a7497adc53a95b108029b98,3.13.14,2026-10-01T23:38:33.079296+00:00,bell_diagonal,siv_2024,until_target,0,0.937,0.995,1.0,0.5,0.9
R02_routing,R02_routing:mesh@literature:a686beca965dc03b:least_loss__automatic__conservative_min:15:r02_routing-mesh,mesh@literature,a686beca965dc03b,15,r02_routing-mesh,least_loss,automatic,False,a0 -> a1 -> a2 -> b2,3,4,10,0.5,conservative_min,0.5949184425627074,0.5855392629755638,-0.009379179587143627,-0.015765488033521523,0.3,0.0003,5000.0,2.0,True,True,,SATISFIED,45,35,4.5,11.25,0.5855392629755638,0.5456387435010265,150.0,161.73413495958803,0.014726837509999998,0.07728460001000001,0.000854,73.763702,8596,47,0,0,0,0,,,,aab2fed4abefb1f154584317fbc782ec2b7d3fdc,1f2680a5b9065e708a7497adc53a95b108029b98,3.13.14,2026-10-01T23:39:30.140306+00:00,bell_diagonal,siv_2024,until_target,0,0.937,0.995,1.0,0.5,0.9
R02_routing,R02_routing:mesh@literature:a686beca965dc03b:least_loss__automatic__conservative_min:16:r02_routing-mesh,mesh@literature,a686beca965dc03b,16,r02_routing-mesh,least_loss,automatic,False,a0 -> a1 -> a2 -> b2,3,4,10,0.5,conservative_min,0.5949184425627074,0.5882327423051154,-0.006685700257592075,-0.011238011430259818,0.3,0.0003,5000.0,2.0,True,True,,SATISFIED,47,37,4.7,11.75,0.5882327423051154,0.5706652237757135,156.66666666666669,163.88596640111038,0.00792596251,0.06260768751000001,0.000865,77.960841,8453,50,0,0,0,0,,,,aab2fed4abefb1f154584317fbc782ec2b7d3fdc,1f2680a5b9065e708a7497adc53a95b108029b98,3.13.14,2026-10-01T23:39:35.983676+00:00,bell_diagonal,siv_2024,until_target,0,0.937,0.995,1.0,0.5,0.9
R02_routing,R02_routing:mesh@literature:a686beca965dc03b:least_loss__automatic__conservative_min:17:r02_routing-mesh,mesh@literature,a686beca965dc03b,17,r02_routing-mesh,least_loss,automatic,False,a0 -> a1 -> a2 -> b2,3,4,10,0.5,conservative_min,0.5949184425627074,0.5877627558980728,-0.0071556866646346196,-0.012028012837877982,0.3,0.0003,5000.0,2.0,True,True,,SATISFIED,51,41,5.1,12.75,0.5877627558980728,0.5639802161374693,170.0,176.57103210269094,0.006425775010000001,0.06648327501000001,0.000854,76.630553,9064,52,0,0,0,0,,,,aab2fed4abefb1f154584317fbc782ec2b7d3fdc,1f2680a5b9065e708a7497adc53a95b108029b98,3.13.14,2026-10-01T23:39:41.291891+00:00,bell_diagonal,siv_2024,until_target,0,0.937,0.995,1.0,0.5,0.9
R02_routing,R02_routing:mesh@literature:a686beca965dc03b:least_loss__automatic__conservative_min:18:r02_routing-mesh,mesh@literature,a686beca965dc03b,18,r02_routing-mesh,least_loss,automatic,False,a0 -> a1 -> a2 -> b2,3,4,10,0.5,conservative_min,0.5949184425627074,0.5889235280676673,-0.005994914495040082,-0.010076867795888154,0.3,0.0003,5000.0,2.0,True,True,,SATISFIED,53,43,5.3,13.25,0.5889235280676673,0.5702182969617278,176.66666666666669,179.31967131719264,0.004050487509999999,0.05718211251,0.001114,76.907501,10112,53,0,0,0,0,,,,aab2fed4abefb1f154584317fbc782ec2b7d3fdc,1f2680a5b9065e708a7497adc53a95b108029b98,3.13.14,2026-10-01T23:39:43.925304+00:00,bell_diagonal,siv_2024,until_target,0,0.937,0.995,1.0,0.5,0.9
R02_routing,R02_routing:mesh@literature:a686beca965dc03b:least_loss__automatic__conservative_min:19:r02_routing-mesh,mesh@literature,a686beca965dc03b,19,r02_routing-mesh,least_loss,automatic,False,a0 -> a1 -> a2 -> b2,3,4,10,0.5,conservative_min,0.5949184425627074,0.5889476197492922,-0.005970822813415211,-0.010036372023860827,0.3,0.0003,5000.0,2.0,True,True,,SATISFIED,49,39,4.9,12.25,0.5889476197492922,0.5657198787637627,163.33333333333334,180.7726268185692,0.01392671251,0.07593443751000001,0.000911,76.302435,8736,49,0,0,0,0,,,,aab2fed4abefb1f154584317fbc782ec2b7d3fdc,1f2680a5b9065e708a7497adc53a95b108029b98,3.13.14,2026-10-01T23:39:46.038195+00:00,bell_diagonal,siv_2024,until_target,0,0.937,0.995,1.0,0.5,0.9
R02_routing,R02_routing:mesh@literature:c8a11b361b27778d:highest_fidelity__automatic__conservative_min:0:r02_routing-mesh,mesh@literature,c8a11b361b27778d,0,r02_routing-mesh,highest_fidelity,automatic,False,a0 -> a1 -> a2 -> b2,3,4,10,0.5,conservative_min,0.5949184425627074,0.5891519479330849,-0.005766494629622532,-0.009692916233664606,0.3,0.0003,5000.0,2.0,True,True,,SATISFIED,53,43,5.3,13.25,0.5891519479330849,0.5691990380507107,176.66666666666669,195.87297489749233,0.02072756251,0.07678455001000001,0.00177,76.880239,10094,55,0,0,0,0,,,,aab2fed4abefb1f154584317fbc782ec2b7d3fdc,1f2680a5b9065e708a7497adc53a95b108029b98,3.13.14,2026-10-01T23:39:46.885797+00:00,bell_diagonal,siv_2024,until_target,0,0.937,0.995,1.0,0.5,0.9
R02_routing,R02_routing:mesh@literature:c8a11b361b27778d:highest_fidelity__automatic__conservative_min:1:r02_routing-mesh,mesh@literature,c8a11b361b27778d,1,r02_routing-mesh,highest_fidelity,automatic,False,a0 -> a1 -> a2 -> b2,3,4,10,0.5,conservative_min,0.5949184425627074,0.5868111040815104,-0.008107338481197046,-0.013627646919590144,0.3,0.0003,5000.0,2.0,True,True,,SATISFIED,46,36,4.6,11.5,0.5868111040815104,0.553124989343117,153.33333333333334,155.54446268052985,0.0025503125099999996,0.04580566251,0.00189,74.629338,7965,47,0,0,0,0,,,,aab2fed4abefb1f154584317fbc782ec2b7d3fdc,1f2680a5b9065e708a7497adc53a95b108029b98,3.13.14,2026-10-01T23:39:47.980589+00:00,bell_diagonal,siv_2024,until_target,0,0.937,0.995,1.0,0.5,0.9
R02_routing,R02_routing:mesh@literature:c8a11b361b27778d:highest_fidelity__automatic__conservative_min:2:r02_routing-mesh,mesh@literature,c8a11b361b27778d,2,r02_routing-mesh,highest_fidelity,automatic,False,a0 -> a1 -> a2 -> b2,3,4,10,0.5,conservative_min,0.5949184425627074,0.5809902075167038,-0.0139282350460036,-0.023412007511492625,0.3,0.0003,5000.0,2.0,True,True,,SATISFIED,36,26,3.6,9.0,0.5809902075167038,0.5479514126113069,120.0,125.92501873462585,0.008826062510000001,0.09028532501,0.008462,28.436791,6682,36,0,0,0,0,,,,aab2fed4abefb1f154584317fbc782ec2b7d3fdc,1f2680a5b9065e708a7497adc53a95b108029b98,3.13.14,2026-10-01T23:39:58.953905+00:00,bell_diagonal,siv_2024,until_target,0,0.937,0.995,1.0,0.5,0.9
R02_routing,R02_routing:mesh@literature:c8a11b361b27778d:highest_fidelity__automatic__conservative_min:3:r02_routing-mesh,mesh@literature,c8a11b361b27778d,3,r02_routing-mesh,highest_fidelity,automatic,False,a0 -> a1 -> a2 -> b2,3,4,10,0.5,conservative_min,0.5949184425627074,0.5859088716341054,-0.009009570928601995,-0.015144211851614166,0.3,0.0003,5000.0,2.0,True,True,,SATISFIED,50,40,5.0,12.5,0.5859088716341054,0.5618470539190705,166.66666666666669,174.13373148430588,0.006350775009999999,0.08678573751,0.001674,30.421447,8822,51,0,0,0,0,,,,aab2fed4abefb1f154584317fbc782ec2b7d3fdc,1f2680a5b9065e708a7497adc53a95b108029b98,3.13.14,2026-10-01T23:40:06.642158+00:00,bell_diagonal,siv_2024,until_target,0,0.937,0.995,1.0,0.5,0.9
R02_routing,R02_routing:mesh@literature:c8a11b361b27778d:highest_fidelity__automatic__conservative_min:4:r02_routing-mesh,mesh@literature,c8a11b361b27778d,4,r02_routing-mesh,highest_fidelity,automatic,False,a0 -> a1 -> a2 -> b2,3,4,10,0.5,conservative_min,0.5949184425627074,0.5876567781728644,-0.007261664389842992,-0.012206151079402074,0.3,0.0003,5000.0,2.0,True,True,,SATISFIED,48,38,4.8,12.0,0.5876567781728644,0.5729041909557127,160.0,169.17355589994318,0.01232652501,0.09173643751,0.002147,40.613974,7995,49,0,0,0,0,,,,aab2fed4abefb1f154584317fbc782ec2b7d3fdc,1f2680a5b9065e708a7497adc53a95b108029b98,3.13.14,2026-10-01T23:40:22.190223+00:00,bell_diagonal,siv_2024,until_target,0,0.937,0.995,1.0,0.5,0.9
R02_routing,R02_routing:mesh@literature:c8a11b361b27778d:highest_fidelity__automatic__conservative_min:5:r02_routing-mesh,mesh@literature,c8a11b361b27778d,5,r02_routing-mesh,highest_fidelity,automatic,False,a0 -> a1 -> a2 -> b2,3,4,10,0.5,conservative_min,0.5949184425627074,0.586514093091694,-0.008404349471013428,-0.014126893486122793,0.3,0.0003,5000.0,2.0,True,True,,SATISFIED,42,32,4.2,10.5,0.586514093091694,0.565323548322916,140.0,160.40818536235204,0.03662956251,0.09073601251,0.001772,40.315248,8797,43,0,0,0,0,,,,aab2fed4abefb1f154584317fbc782ec2b7d3fdc,1f2680a5b9065e708a7497adc53a95b108029b98,3.13.14,2026-10-01T23:40:24.505114+00:00,bell_diagonal,siv_2024,until_target,0,0.937,0.995,1.0,0.5,0.9
R02_routing,R02_routing:mesh@literature:c8a11b361b27778d:highest_fidelity__automatic__conservative_min:8:r02_routing-mesh,mesh@literature,c8a11b361b27778d,8,r02_routing-mesh,highest_fidelity,automatic,False,a0 -> a1 -> a2 -> b2,3,4,10,0.5,conservative_min,0.5949184425627074,0.5871504681643861,-0.007767974398321331,-0.013057208925747073,0.3,0.0003,5000.0,2.0,True,True,,SATISFIED,48,38,4.8,12.0,0.5871504681643861,0.5558387883963132,160.0,167.0231203929184,0.00955116251,0.045305400009999997,0.00069,39.156917,10122,48,0,0,0,0,,,,aab2fed4abefb1f154584317fbc782ec2b7d3fdc,1f2680a5b9065e708a7497adc53a95b108029b98,3.13.14,2026-10-01T23:40:27.436888+00:00,bell_diagonal,siv_2024,until_target,0,0.937,0.995,1.0,0.5,0.9
R02_routing,R02_routing:mesh@literature:c8a11b361b27778d:highest_fidelity__automatic__conservative_min:6:r02_routing-mesh,mesh@literature,c8a11b361b27778d,6,r02_routing-mesh,highest_fidelity,automatic,False,a0 -> a1 -> a2 -> b2,3,4,10,0.5,conservative_min,0.5949184425627074,0.5889427681138455,-0.005975674448861934,-0.01004452715084903,0.3,0.0003,5000.0,2.0,True,True,,SATISFIED,52,42,5.2,13.0,0.5889427681138455,0.5739414720872759,173.33333333333334,180.8156507072804,0.008726050009999998,0.06780841251,0.002569,41.839568,8701,54,0,0,0,0,,,,aab2fed4abefb1f154584317fbc782ec2b7d3fdc,1f2680a5b9065e708a7497adc53a95b108029b98,3.13.14,2026-10-01T23:40:28.149393+00:00,bell_diagonal,siv_2024,until_target,0,0.937,0.995,1.0,0.5,0.9
R02_routing,R02_routing:mesh@literature:c8a11b361b27778d:highest_fidelity__automatic__conservative_min:7:r02_routing-mesh,mesh@literature,c8a11b361b27778d,7,r02_routing-mesh,highest_fidelity,automatic,False,a0 -> a1 -> a2 -> b2,3,4,10,0.5,conservative_min,0.5949184425627074,0.5887234746331856,-0.0061949679295217885,-0.010413138148543458,0.3,0.0003,5000.0,2.0,True,True,,SATISFIED,54,44,5.4,13.5,0.5887234746331856,0.5762500073773438,180.0,184.12138065633562,0.00422552501,0.05990743751,0.000715,42.355514,9086,56,0,0,0,0,,,,aab2fed4abefb1f154584317fbc782ec2b7d3fdc,1f2680a5b9065e708a7497adc53a95b108029b98,3.13.14,2026-10-01T23:40:29.568008+00:00,bell_diagonal,siv_2024,until_target,0,0.937,0.995,1.0,0.5,0.9
R02_routing,R02_routing:mesh@literature:c8a11b361b27778d:highest_fidelity__automatic__conservative_min:9:r02_routing-mesh,mesh@literature,c8a11b361b27778d,9,r02_routing-mesh,highest_fidelity,automatic,False,a0 -> a1 -> a2 -> b2,3,4,10,0.5,conservative_min,0.5949184425627074,0.5863067145911124,-0.00861172797159504,-0.014475476561961383,0.3,0.0003,5000.0,2.0,True,True,,SATISFIED,43,33,4.3,10.75,0.5863067145911124,0.5619806165933581,143.33333333333334,149.71676330288932,0.0042255125099999995,0.08836105001000001,0.000762,48.582138,7715,45,0,0,0,0,,,,aab2fed4abefb1f154584317fbc782ec2b7d3fdc,1f2680a5b9065e708a7497adc53a95b108029b98,3.13.14,2026-10-01T23:40:47.895120+00:00,bell_diagonal,siv_2024,until_target,0,0.937,0.995,1.0,0.5,0.9
R02_routing,R02_routing:mesh@literature:c8a11b361b27778d:highest_fidelity__automatic__conservative_min:10:r02_routing-mesh,mesh@literature,c8a11b361b27778d,10,r02_routing-mesh,highest_fidelity,automatic,False,a0 -> a1 -> a2 -> b2,3,4,10,0.5,conservative_min,0.5949184425627074,0.5878052299763143,-0.007113212586393081,-0.01195661804625146,0.3,0.0003,5000.0,2.0,True,True,,SATISFIED,45,35,4.5,11.25,0.5878052299763143,0.5739254214036758,150.0,156.44788212590768,0.00922612501,0.06993368751000001,0.000701,78.284674,9065,48,0,0,0,0,,,,aab2fed4abefb1f154584317fbc782ec2b7d3fdc,1f2680a5b9065e708a7497adc53a95b108029b98,3.13.14,2026-10-01T23:41:25.412355+00:00,bell_diagonal,siv_2024,until_target,0,0.937,0.995,1.0,0.5,0.9
R02_routing,R02_routing:mesh@literature:c8a11b361b27778d:highest_fidelity__automatic__conservative_min:11:r02_routing-mesh,mesh@literature,c8a11b361b27778d,11,r02_routing-mesh,highest_fidelity,automatic,False,a0 -> a1 -> a2 -> b2,3,4,10,0.5,conservative_min,0.5949184425627074,0.5871693792409416,-0.007749063321765837,-0.013025421246625828,0.3,0.0003,5000.0,2.0,True,True,,SATISFIED,51,41,5.1,12.75,0.5871693792409416,0.554538579163831,170.0,190.3637319017981,0.02312785001,0.08381042501000001,0.000668,81.083702,9037,51,0,0,0,0,,,,aab2fed4abefb1f154584317fbc782ec2b7d3fdc,1f2680a5b9065e708a7497adc53a95b108029b98,3.13.14,2026-10-01T23:41:43.694485+00:00,bell_diagonal,siv_2024,until_target,0,0.937,0.995,1.0,0.5,0.9
R02_routing,R02_routing:mesh@literature:c8a11b361b27778d:highest_fidelity__automatic__conservative_min:14:r02_routing-mesh,mesh@literature,c8a11b361b27778d,14,r02_routing-mesh,highest_fidelity,automatic,False,a0 -> a1 -> a2 -> b2,3,4,10,0.5,conservative_min,0.5949184425627074,0.5861518891398021,-0.008766553422905332,-0.014735723076833835,0.3,0.0003,5000.0,2.0,True,True,,SATISFIED,50,40,5.0,12.5,0.5861518891398021,0.5557717831581646,166.66666666666669,176.9535125869467,0.01602696251,0.05713213750999999,0.001039,86.385131,11007,51,0,0,0,0,,,,aab2fed4abefb1f154584317fbc782ec2b7d3fdc,1f2680a5b9065e708a7497adc53a95b108029b98,3.13.14,2026-10-01T23:41:55.094433+00:00,bell_diagonal,siv_2024,until_target,0,0.937,0.995,1.0,0.5,0.9
R02_routing,R02_routing:mesh@literature:c8a11b361b27778d:highest_fidelity__automatic__conservative_min:12:r02_routing-mesh,mesh@literature,c8a11b361b27778d,12,r02_routing-mesh,highest_fidelity,automatic,False,a0 -> a1 -> a2 -> b2,3,4,10,0.5,conservative_min,0.5949184425627074,0.5887959463625138,-0.006122496200193672,-0.010291320225037955,0.3,0.0003,5000.0,2.0,True,True,,SATISFIED,52,42,5.2,13.0,0.5887959463625138,0.5753120138753113,173.33333333333334,175.75866375081915,0.0029503625100000003,0.06245771250999999,0.00087,93.038317,8696,53,0,0,0,0,,,,aab2fed4abefb1f154584317fbc782ec2b7d3fdc,1f2680a5b9065e708a7497adc53a95b108029b98,3.13.14,2026-10-01T23:41:58.079533+00:00,bell_diagonal,siv_2024,until_target,0,0.937,0.995,1.0,0.5,0.9
R02_routing,R02_routing:mesh@literature:c8a11b361b27778d:highest_fidelity__automatic__conservative_min:15:r02_routing-mesh,mesh@literature,c8a11b361b27778d,15,r02_routing-mesh,highest_fidelity,automatic,False,a0 -> a1 -> a2 -> b2,3,4,10,0.5,conservative_min,0.5949184425627074,0.5855392629755638,-0.009379179587143627,-0.015765488033521523,0.3,0.0003,5000.0,2.0,True,True,,SATISFIED,45,35,4.5,11.25,0.5855392629755638,0.5456387435010265,150.0,161.73413495958803,0.014726837509999998,0.07728460001000001,0.000712,90.071364,8596,47,0,0,0,0,,,,aab2fed4abefb1f154584317fbc782ec2b7d3fdc,1f2680a5b9065e708a7497adc53a95b108029b98,3.13.14,2026-10-01T23:42:00.164173+00:00,bell_diagonal,siv_2024,until_target,0,0.937,0.995,1.0,0.5,0.9
R02_routing,R02_routing:mesh@literature:c8a11b361b27778d:highest_fidelity__automatic__conservative_min:13:r02_routing-mesh,mesh@literature,c8a11b361b27778d,13,r02_routing-mesh,highest_fidelity,automatic,False,a0 -> a1 -> a2 -> b2,3,4,10,0.5,conservative_min,0.5949184425627074,0.5886492604306006,-0.00626918213210681,-0.010537885000003184,0.3,0.0003,5000.0,2.0,True,True,,SATISFIED,58,48,5.8,14.5,0.5886492604306006,0.5720527036610626,193.33333333333334,202.7901919999182,0.0038254625100000005,0.03722951251,0.000705,92.855966,9011,61,0,0,0,0,,,,aab2fed4abefb1f154584317fbc782ec2b7d3fdc,1f2680a5b9065e708a7497adc53a95b108029b98,3.13.14,2026-10-01T23:42:00.728113+00:00,bell_diagonal,siv_2024,until_target,0,0.937,0.995,1.0,0.5,0.9
R02_routing,R02_routing:mesh@literature:c8a11b361b27778d:highest_fidelity__automatic__conservative_min:16:r02_routing-mesh,mesh@literature,c8a11b361b27778d,16,r02_routing-mesh,highest_fidelity,automatic,False,a0 -> a1 -> a2 -> b2,3,4,10,0.5,conservative_min,0.5949184425627074,0.5882327423051154,-0.006685700257592075,-0.011238011430259818,0.3,0.0003,5000.0,2.0,True,True,,SATISFIED,47,37,4.7,11.75,0.5882327423051154,0.5706652237757135,156.66666666666669,163.88596640111038,0.00792596251,0.06260768751000001,0.000707,100.323075,8453,50,0,0,0,0,,,,aab2fed4abefb1f154584317fbc782ec2b7d3fdc,1f2680a5b9065e708a7497adc53a95b108029b98,3.13.14,2026-10-01T23:42:28.641224+00:00,bell_diagonal,siv_2024,until_target,0,0.937,0.995,1.0,0.5,0.9
R02_routing,R02_routing:mesh@literature:c8a11b361b27778d:highest_fidelity__automatic__conservative_min:17:r02_routing-mesh,mesh@literature,c8a11b361b27778d,17,r02_routing-mesh,highest_fidelity,automatic,False,a0 -> a1 -> a2 -> b2,3,4,10,0.5,conservative_min,0.5949184425627074,0.5877627558980728,-0.0071556866646346196,-0.012028012837877982,0.3,0.0003,5000.0,2.0,True,True,,SATISFIED,51,41,5.1,12.75,0.5877627558980728,0.5639802161374693,170.0,176.57103210269094,0.006425775010000001,0.06648327501000001,0.008739,75.496138,9064,52,0,0,0,0,,,,aab2fed4abefb1f154584317fbc782ec2b7d3fdc,1f2680a5b9065e708a7497adc53a95b108029b98,3.13.14,2026-10-01T23:42:41.307925+00:00,bell_diagonal,siv_2024,until_target,0,0.937,0.995,1.0,0.5,0.9
R02_routing,R02_routing:mesh@literature:c8a11b361b27778d:highest_fidelity__automatic__conservative_min:18:r02_routing-mesh,mesh@literature,c8a11b361b27778d,18,r02_routing-mesh,highest_fidelity,automatic,False,a0 -> a1 -> a2 -> b2,3,4,10,0.5,conservative_min,0.5949184425627074,0.5889235280676673,-0.005994914495040082,-0.010076867795888154,0.3,0.0003,5000.0,2.0,True,True,,SATISFIED,53,43,5.3,13.25,0.5889235280676673,0.5702182969617278,176.66666666666669,179.31967131719264,0.004050487509999999,0.05718211251,0.000761,72.04248,10112,53,0,0,0,0,,,,aab2fed4abefb1f154584317fbc782ec2b7d3fdc,1f2680a5b9065e708a7497adc53a95b108029b98,3.13.14,2026-10-01T23:42:56.150997+00:00,bell_diagonal,siv_2024,until_target,0,0.937,0.995,1.0,0.5,0.9
R02_routing,R02_routing:mesh@literature:c8a11b361b27778d:highest_fidelity__automatic__conservative_min:19:r02_routing-mesh,mesh@literature,c8a11b361b27778d,19,r02_routing-mesh,highest_fidelity,automatic,False,a0 -> a1 -> a2 -> b2,3,4,10,0.5,conservative_min,0.5949184425627074,0.5889476197492922,-0.005970822813415211,-0.010036372023860827,0.3,0.0003,5000.0,2.0,True,True,,SATISFIED,49,39,4.9,12.25,0.5889476197492922,0.5657198787637627,163.33333333333334,180.7726268185692,0.01392671251,0.07593443751000001,0.00937,68.413129,8736,49,0,0,0,0,,,,aab2fed4abefb1f154584317fbc782ec2b7d3fdc,1f2680a5b9065e708a7497adc53a95b108029b98,3.13.14,2026-10-01T23:43:03.922693+00:00,bell_diagonal,siv_2024,until_target,0,0.937,0.995,1.0,0.5,0.9
R02_routing,R02_routing:diamond@theoretical_ops:80436b1f968c95fe:shortest_hop_count__automatic__conservative_min:0:r02_routing-diamond,diamond@theoretical_ops,80436b1f968c95fe,0,r02_routing-diamond,shortest_hop_count,automatic,False,r1 -> bad -> r3,2,4,10,0.55,conservative_min,0.7461333333333331,0.7186861844790987,-0.027447148854234382,-0.03678584996546782,0.3,0.00049,20000.0,2.0,True,False,,VIOLATED,1,0,0.1,0.25,0.7186861844790987,0.7186861844790987,3.3333333333333335,,0.26990845000999997,,0.005977,10.57072,1737,3,0,0,0,0,delivered_pairs >= 10.0 (observed=1.0) -> FAIL,,,aab2fed4abefb1f154584317fbc782ec2b7d3fdc,1f2680a5b9065e708a7497adc53a95b108029b98,3.13.14,2026-10-01T23:43:35.906823+00:00,bell_diagonal,siv_2024_theoretical_ops,until_target,0,1.0,1.0,1.0,0.5,0.9
R02_routing,R02_routing:diamond@theoretical_ops:80436b1f968c95fe:shortest_hop_count__automatic__conservative_min:1:r02_routing-diamond,diamond@theoretical_ops,80436b1f968c95fe,1,r02_routing-diamond,shortest_hop_count,automatic,False,r1 -> bad -> r3,2,4,10,0.55,conservative_min,0.7461333333333331,0.6672418887383503,-0.07889144459498276,-0.10573370880313991,0.3,0.00049,20000.0,2.0,True,False,,VIOLATED,1,0,0.1,0.25,0.6672418887383503,0.6672418887383503,3.3333333333333335,,0.14980373750999998,,0.000966,10.68286,1999,3,0,0,0,0,delivered_pairs >= 10.0 (observed=1.0) -> FAIL,,,aab2fed4abefb1f154584317fbc782ec2b7d3fdc,1f2680a5b9065e708a7497adc53a95b108029b98,3.13.14,2026-10-01T23:43:36.052773+00:00,bell_diagonal,siv_2024_theoretical_ops,until_target,0,1.0,1.0,1.0,0.5,0.9
R02_routing,R02_routing:diamond@theoretical_ops:80436b1f968c95fe:shortest_hop_count__automatic__conservative_min:5:r02_routing-diamond,diamond@theoretical_ops,80436b1f968c95fe,5,r02_routing-diamond,shortest_hop_count,automatic,False,r1 -> bad -> r3,2,4,10,0.55,conservative_min,0.7461333333333331,,,,0.3,0.00049,20000.0,2.0,True,False,,VIOLATED,0,0,0.0,0.0,,,0.0,,,,0.000927,10.468511,2396,0,0,0,0,0,delivered_pairs >= 10.0 (observed=0.0) -> FAIL,,,aab2fed4abefb1f154584317fbc782ec2b7d3fdc,1f2680a5b9065e708a7497adc53a95b108029b98,3.13.14,2026-10-01T23:43:36.100291+00:00,bell_diagonal,siv_2024_theoretical_ops,until_target,0,1.0,1.0,1.0,0.5,0.9
R02_routing,R02_routing:diamond@theoretical_ops:80436b1f968c95fe:shortest_hop_count__automatic__conservative_min:4:r02_routing-diamond,diamond@theoretical_ops,80436b1f968c95fe,4,r02_routing-diamond,shortest_hop_count,automatic,False,r1 -> bad -> r3,2,4,10,0.55,conservative_min,0.7461333333333331,,,,0.3,0.00049,20000.0,2.0,True,False,,VIOLATED,0,0,0.0,0.0,,,0.0,,,,0.001204,11.432774,2396,0,0,0,0,0,delivered_pairs >= 10.0 (observed=0.0) -> FAIL,,,aab2fed4abefb1f154584317fbc782ec2b7d3fdc,1f2680a5b9065e708a7497adc53a95b108029b98,3.13.14,2026-10-01T23:43:36.843893+00:00,bell_diagonal,siv_2024_theoretical_ops,until_target,0,1.0,1.0,1.0,0.5,0.9
R02_routing,R02_routing:diamond@theoretical_ops:80436b1f968c95fe:shortest_hop_count__automatic__conservative_min:3:r02_routing-diamond,diamond@theoretical_ops,80436b1f968c95fe,3,r02_routing-diamond,shortest_hop_count,automatic,False,r1 -> bad -> r3,2,4,10,0.55,conservative_min,0.7461333333333331,,,,0.3,0.00049,20000.0,2.0,True,False,,VIOLATED,0,0,0.0,0.0,,,0.0,,,,0.000967,11.786526,2396,0,0,0,0,0,delivered_pairs >= 10.0 (observed=0.0) -> FAIL,,,aab2fed4abefb1f154584317fbc782ec2b7d3fdc,1f2680a5b9065e708a7497adc53a95b108029b98,3.13.14,2026-10-01T23:43:37.150589+00:00,bell_diagonal,siv_2024_theoretical_ops,until_target,0,1.0,1.0,1.0,0.5,0.9
R02_routing,R02_routing:diamond@theoretical_ops:80436b1f968c95fe:shortest_hop_count__automatic__conservative_min:2:r02_routing-diamond,diamond@theoretical_ops,80436b1f968c95fe,2,r02_routing-diamond,shortest_hop_count,automatic,False,r1 -> bad -> r3,2,4,10,0.55,conservative_min,0.7461333333333331,0.7401821768531913,-0.005951156480141773,-0.007975995997330827,0.3,0.00049,20000.0,2.0,True,False,,VIOLATED,2,0,0.2,0.5,0.7401821768531913,0.7369985671195097,6.666666666666667,13.577393775138333,0.024300775009999998,,0.007745,12.173489,2388,2,0,0,0,0,delivered_pairs >= 10.0 (observed=2.0) -> FAIL,,,aab2fed4abefb1f154584317fbc782ec2b7d3fdc,1f2680a5b9065e708a7497adc53a95b108029b98,3.13.14,2026-10-01T23:43:37.530097+00:00,bell_diagonal,siv_2024_theoretical_ops,until_target,0,1.0,1.0,1.0,0.5,0.9
R02_routing,R02_routing:diamond@theoretical_ops:80436b1f968c95fe:shortest_hop_count__automatic__conservative_min:6:r02_routing-diamond,diamond@theoretical_ops,80436b1f968c95fe,6,r02_routing-diamond,shortest_hop_count,automatic,False,r1 -> bad -> r3,2,4,10,0.55,conservative_min,0.7461333333333331,0.6828221824656485,-0.06331115086768457,-0.08485232871830495,0.3,0.00049,20000.0,2.0,True,False,,VIOLATED,1,0,0.1,0.25,0.6828221824656485,0.6828221824656485,3.3333333333333335,,0.13180331251,,0.005758,12.137972,2396,1,0,0,0,0,delivered_pairs >= 10.0 (observed=1.0) -> FAIL,,,aab2fed4abefb1f154584317fbc782ec2b7d3fdc,1f2680a5b9065e708a7497adc53a95b108029b98,3.13.14,2026-10-01T23:43:39.784838+00:00,bell_diagonal,siv_2024_theoretical_ops,until_target,0,1.0,1.0,1.0,0.5,0.9
R02_routing,R02_routing:diamond@theoretical_ops:80436b1f968c95fe:shortest_hop_count__automatic__conservative_min:11:r02_routing-diamond,diamond@theoretical_ops,80436b1f968c95fe,11,r02_routing-diamond,shortest_hop_count,automatic,False,r1 -> bad -> r3,2,4,10,0.55,conservative_min,0.7461333333333331,0.6789972987171343,-0.06713603461619877,-0.0899786025056274,0.3,0.00049,20000.0,2.0,True,False,,VIOLATED,1,0,0.1,0.25,0.6789972987171343,0.6789972987171343,3.3333333333333335,,0.16580416251,,0.000529,7.92412,2396,1,0,0,0,0,delivered_pairs >= 10.0 (observed=1.0) -> FAIL,,,aab2fed4abefb1f154584317fbc782ec2b7d3fdc,1f2680a5b9065e708a7497adc53a95b108029b98,3.13.14,2026-10-01T23:43:45.148099+00:00,bell_diagonal,siv_2024_theoretical_ops,until_target,0,1.0,1.0,1.0,0.5,0.9
R02_routing,R02_routing:diamond@theoretical_ops:80436b1f968c95fe:shortest_hop_count__automatic__conservative_min:7:r02_routing-diamond,diamond@theoretical_ops,80436b1f968c95fe,7,r02_routing-diamond,shortest_hop_count,automatic,False,r1 -> bad -> r3,2,4,10,0.55,conservative_min,0.7461333333333331,,,,0.3,0.00049,20000.0,2.0,True,False,,VIOLATED,0,0,0.0,0.0,,,0.0,,,,0.000791,10.091315,1824,1,0,0,0,0,delivered_pairs >= 10.0 (observed=0.0) -> FAIL,,,aab2fed4abefb1f154584317fbc782ec2b7d3fdc,1f2680a5b9065e708a7497adc53a95b108029b98,3.13.14,2026-10-01T23:43:46.099935+00:00,bell_diagonal,siv_2024_theoretical_ops,until_target,0,1.0,1.0,1.0,0.5,0.9
R02_routing,R02_routing:diamond@theoretical_ops:80436b1f968c95fe:shortest_hop_count__automatic__conservative_min:8:r02_routing-diamond,diamond@theoretical_ops,80436b1f968c95fe,8,r02_routing-diamond,shortest_hop_count,automatic,False,r1 -> bad -> r3,2,4,10,0.55,conservative_min,0.7461333333333331,0.6754343711811281,-0.07069896215220495,-0.09475379130477793,0.3,0.00049,20000.0,2.0,True,False,,VIOLATED,1,0,0.1,0.25,0.6754343711811281,0.6754343711811281,3.3333333333333335,,0.16630517501,,0.000374,10.615449,1956,2,0,0,0,0,delivered_pairs >= 10.0 (observed=1.0) -> FAIL,,,aab2fed4abefb1f154584317fbc782ec2b7d3fdc,1f2680a5b9065e708a7497adc53a95b108029b98,3.13.14,2026-10-01T23:43:46.771061+00:00,bell_diagonal,siv_2024_theoretical_ops,until_target,0,1.0,1.0,1.0,0.5,0.9
R02_routing,R02_routing:diamond@theoretical_ops:80436b1f968c95fe:shortest_hop_count__automatic__conservative_min:9:r02_routing-diamond,diamond@theoretical_ops,80436b1f968c95fe,9,r02_routing-diamond,shortest_hop_count,automatic,False,r1 -> bad -> r3,2,4,10,0.55,conservative_min,0.7461333333333331,0.7210502032304779,-0.025083130102855233,-0.03361749030940213,0.3,0.00049,20000.0,2.0,True,False,,VIOLATED,4,0,0.4,1.0,0.7210502032304779,0.6995932653026586,13.333333333333334,24.19781959497085,0.07430185001,,0.000362,11.168899,2367,4,0,0,0,0,delivered_pairs >= 10.0 (observed=4.0) -> FAIL,,,aab2fed4abefb1f154584317fbc782ec2b7d3fdc,1f2680a5b9065e708a7497adc53a95b108029b98,3.13.14,2026-10-01T23:43:47.371802+00:00,bell_diagonal,siv_2024_theoretical_ops,until_target,0,1.0,1.0,1.0,0.5,0.9
R02_routing,R02_routing:diamond@theoretical_ops:80436b1f968c95fe:shortest_hop_count__automatic__conservative_min:10:r02_routing-diamond,diamond@theoretical_ops,80436b1f968c95fe,10,r02_routing-diamond,shortest_hop_count,automatic,False,r1 -> bad -> r3,2,4,10,0.55,conservative_min,0.7461333333333331,0.6946144408979122,-0.05151889243542085,-0.06904783653782282,0.3,0.00049,20000.0,2.0,True,False,,VIOLATED,2,0,0.2,0.5,0.6946144408979122,0.6825552379632361,6.666666666666667,10.916789975220933,0.08710271251,,0.005528,10.922065,2270,2,0,0,0,0,delivered_pairs >= 10.0 (observed=2.0) -> FAIL,,,aab2fed4abefb1f154584317fbc782ec2b7d3fdc,1f2680a5b9065e708a7497adc53a95b108029b98,3.13.14,2026-10-01T23:43:47.862659+00:00,bell_diagonal,siv_2024_theoretical_ops,until_target,0,1.0,1.0,1.0,0.5,0.9
R02_routing,R02_routing:diamond@theoretical_ops:80436b1f968c95fe:shortest_hop_count__automatic__conservative_min:12:r02_routing-diamond,diamond@theoretical_ops,80436b1f968c95fe,12,r02_routing-diamond,shortest_hop_count,automatic,False,r1 -> bad -> r3,2,4,10,0.55,conservative_min,0.7461333333333331,0.7271158709129657,-0.019017462420367393,-0.025488021471185757,0.3,0.00049,20000.0,2.0,True,False,,VIOLATED,1,0,0.1,0.25,0.7271158709129657,0.7271158709129657,3.3333333333333335,,0.13480335001,,0.000493,10.313746,2396,1,0,0,0,0,delivered_pairs >= 10.0 (observed=1.0) -> FAIL,,,aab2fed4abefb1f154584317fbc782ec2b7d3fdc,1f2680a5b9065e708a7497adc53a95b108029b98,3.13.14,2026-10-01T23:43:47.940167+00:00,bell_diagonal,siv_2024_theoretical_ops,until_target,0,1.0,1.0,1.0,0.5,0.9
R02_routing,R02_routing:diamond@theoretical_ops:80436b1f968c95fe:shortest_hop_count__automatic__conservative_min:13:r02_routing-diamond,diamond@theoretical_ops,80436b1f968c95fe,13,r02_routing-diamond,shortest_hop_count,automatic,False,r1 -> bad -> r3,2,4,10,0.55,conservative_min,0.7461333333333331,0.6870908363562274,-0.05904249697710573,-0.07913129509083151,0.3,0.00049,20000.0,2.0,True,False,,VIOLATED,2,0,0.2,0.5,0.6870908363562274,0.6618580431556521,6.666666666666667,20.140484917420242,0.19380485001,,0.000751,11.214294,2392,3,0,0,0,0,delivered_pairs >= 10.0 (observed=2.0) -> FAIL,,,aab2fed4abefb1f154584317fbc782ec2b7d3fdc,1f2680a5b9065e708a7497adc53a95b108029b98,3.13.14,2026-10-01T23:43:51.231933+00:00,bell_diagonal,siv_2024_theoretical_ops,until_target,0,1.0,1.0,1.0,0.5,0.9
R02_routing,R02_routing:diamond@theoretical_ops:80436b1f968c95fe:shortest_hop_count__automatic__conservative_min:16:r02_routing-diamond,diamond@theoretical_ops,80436b1f968c95fe,16,r02_routing-diamond,shortest_hop_count,automatic,False,r1 -> bad -> r3,2,4,10,0.55,conservative_min,0.7461333333333331,,,,0.3,0.00049,20000.0,2.0,True,False,,VIOLATED,0,0,0.0,0.0,,,0.0,,,,0.000458,12.03125,2396,0,0,0,0,0,delivered_pairs >= 10.0 (observed=0.0) -> FAIL,,,aab2fed4abefb1f154584317fbc782ec2b7d3fdc,1f2680a5b9065e708a7497adc53a95b108029b98,3.13.14,2026-10-01T23:43:58.948374+00:00,bell_diagonal,siv_2024_theoretical_ops,until_target,0,1.0,1.0,1.0,0.5,0.9
R02_routing,R02_routing:diamond@theoretical_ops:80436b1f968c95fe:shortest_hop_count__automatic__conservative_min:14:r02_routing-diamond,diamond@theoretical_ops,80436b1f968c95fe,14,r02_routing-diamond,shortest_hop_count,automatic,False,r1 -> bad -> r3,2,4,10,0.55,conservative_min,0.7461333333333331,0.7378040240555803,-0.008329309277752772,-0.011163298710354862,0.3,0.00049,20000.0,2.0,True,False,,VIOLATED,2,0,0.2,0.5,0.7378040240555803,0.7374498388653298,6.666666666666667,7.842945410305896,0.02630080001,,0.000414,14.318182,2373,2,0,0,0,0,delivered_pairs >= 10.0 (observed=2.0) -> FAIL,,,aab2fed4abefb1f154584317fbc782ec2b7d3fdc,1f2680a5b9065e708a7497adc53a95b108029b98,3.13.14,2026-10-01T23:43:59.615166+00:00,bell_diagonal,siv_2024_theoretical_ops,until_target,0,1.0,1.0,1.0,0.5,0.9
R02_routing,R02_routing:diamond@theoretical_ops:80436b1f968c95fe:shortest_hop_count__automatic__conservative_min:19:r02_routing-diamond,diamond@theoretical_ops,80436b1f968c95fe,19,r02_routing-diamond,shortest_hop_count,automatic,False,r1 -> bad -> r3,2,4,10,0.55,conservative_min,0.7461333333333331,0.7174153614894389,-0.02871797184389424,-0.03848906162065884,0.3,0.00049,20000.0,2.0,True,False,,VIOLATED,1,0,0.1,0.25,0.7174153614894389,0.7174153614894389,3.3333333333333335,,0.05750178750999999,,0.000363,11.754308,2306,1,0,0,0,0,delivered_pairs >= 10.0 (observed=1.0) -> FAIL,,,aab2fed4abefb1f154584317fbc782ec2b7d3fdc,1f2680a5b9065e708a7497adc53a95b108029b98,3.13.14,2026-10-01T23:43:59.836461+00:00,bell_diagonal,siv_2024_theoretical_ops,until_target,0,1.0,1.0,1.0,0.5,0.9
R02_routing,R02_routing:diamond@theoretical_ops:80436b1f968c95fe:shortest_hop_count__automatic__conservative_min:15:r02_routing-diamond,diamond@theoretical_ops,80436b1f968c95fe,15,r02_routing-diamond,shortest_hop_count,automatic,False,r1 -> bad -> r3,2,4,10,0.55,conservative_min,0.7461333333333331,0.7403617337795214,-0.005771599553811679,-0.007735346078196499,0.3,0.00049,20000.0,2.0,True,False,,VIOLATED,1,0,0.1,0.25,0.7403617337795214,0.7403617337795214,3.3333333333333335,,0.10680268751000001,,0.000453,15.040344,2396,1,0,0,0,0,delivered_pairs >= 10.0 (observed=1.0) -> FAIL,,,aab2fed4abefb1f154584317fbc782ec2b7d3fdc,1f2680a5b9065e708a7497adc53a95b108029b98,3.13.14,2026-10-01T23:44:01.327159+00:00,bell_diagonal,siv_2024_theoretical_ops,until_target,0,1.0,1.0,1.0,0.5,0.9
R02_routing,R02_routing:diamond@theoretical_ops:80436b1f968c95fe:shortest_hop_count__automatic__conservative_min:17:r02_routing-diamond,diamond@theoretical_ops,80436b1f968c95fe,17,r02_routing-diamond,shortest_hop_count,automatic,False,r1 -> bad -> r3,2,4,10,0.55,conservative_min,0.7461333333333331,0.7010759020268863,-0.045057431306446794,-0.06038790829134222,0.3,0.00049,20000.0,2.0,True,False,,VIOLATED,1,0,0.1,0.25,0.7010759020268863,0.7010759020268863,3.3333333333333335,,0.20680517500999998,,0.006453,14.936433,2396,1,0,0,0,0,delivered_pairs >= 10.0 (observed=1.0) -> FAIL,,,aab2fed4abefb1f154584317fbc782ec2b7d3fdc,1f2680a5b9065e708a7497adc53a95b108029b98,3.13.14,2026-10-01T23:44:02.416564+00:00,bell_diagonal,siv_2024_theoretical_ops,until_target,0,1.0,1.0,1.0,0.5,0.9
R02_routing,R02_routing:diamond@theoretical_ops:80436b1f968c95fe:shortest_hop_count__automatic__conservative_min:18:r02_routing-diamond,diamond@theoretical_ops,80436b1f968c95fe,18,r02_routing-diamond,shortest_hop_count,automatic,False,r1 -> bad -> r3,2,4,10,0.55,conservative_min,0.7461333333333331,0.7092630768455563,-0.036870256487776754,-0.04941510429920046,0.3,0.00049,20000.0,2.0,True,False,,VIOLATED,2,0,0.2,0.5,0.7092630768455563,0.6742412561316948,6.666666666666667,370.26666142122343,0.21530538751,,0.000447,14.488827,2282,3,0,0,0,0,delivered_pairs >= 10.0 (observed=2.0) -> FAIL,,,aab2fed4abefb1f154584317fbc782ec2b7d3fdc,1f2680a5b9065e708a7497adc53a95b108029b98,3.13.14,2026-10-01T23:44:02.453471+00:00,bell_diagonal,siv_2024_theoretical_ops,until_target,0,1.0,1.0,1.0,0.5,0.9
R02_routing,R02_routing:diamond@theoretical_ops:a686beca965dc03b:least_loss__automatic__conservative_min:0:r02_routing-diamond,diamond@theoretical_ops,a686beca965dc03b,0,r02_routing-diamond,least_loss,automatic,False,r1 -> good1 -> good2 -> r3,3,4,10,0.55,conservative_min,0.6535217777777778,0.6431850470028336,-0.010336730774944125,-0.01581696452426258,0.3,0.00049,20000.0,2.0,True,True,,SATISFIED,46,36,4.6,11.5,0.6431850470028336,0.6190499071381502,153.33333333333334,164.79726264581643,0.02072756251,0.07663453751,0.009071,83.766549,8043,46,0,0,0,0,,,,aab2fed4abefb1f154584317fbc782ec2b7d3fdc,1f2680a5b9065e708a7497adc53a95b108029b98,3.13.14,2026-10-01T23:45:15.417677+00:00,bell_diagonal,siv_2024_theoretical_ops,until_target,0,1.0,1.0,1.0,0.5,0.9
R02_routing,R02_routing:diamond@theoretical_ops:a686beca965dc03b:least_loss__automatic__conservative_min:4:r02_routing-diamond,diamond@theoretical_ops,a686beca965dc03b,4,r02_routing-diamond,least_loss,automatic,False,r1 -> good1 -> good2 -> r3,3,4,10,0.55,conservative_min,0.6535217777777778,0.6410518135502993,-0.01246996422747848,-0.0190811762538061,0.3,0.00049,20000.0,2.0,True,True,,SATISFIED,40,30,4.0,10.0,0.6410518135502993,0.6155412536708917,133.33333333333334,139.34693751356727,0.012251525009999998,0.08210895001,0.013031,79.012093,9025,41,0,0,0,0,,,,aab2fed4abefb1f154584317fbc782ec2b7d3fdc,1f2680a5b9065e708a7497adc53a95b108029b98,3.13.14,2026-10-01T23:45:20.800074+00:00,bell_diagonal,siv_2024_theoretical_ops,until_target,0,1.0,1.0,1.0,0.5,0.9
R02_routing,R02_routing:diamond@theoretical_ops:a686beca965dc03b:least_loss__automatic__conservative_min:6:r02_routing-diamond,diamond@theoretical_ops,a686beca965dc03b,6,r02_routing-diamond,least_loss,automatic,False,r1 -> good1 -> good2 -> r3,3,4,10,0.55,conservative_min,0.6535217777777778,0.6431861209016999,-0.010335656876077848,-0.015815321275479154,0.3,0.00049,20000.0,2.0,True,True,,SATISFIED,49,39,4.9,12.25,0.6431861209016999,0.6037851789561395,163.33333333333334,170.1653442822578,0.008726050009999998,0.06433303751000001,0.000592,81.432413,8743,49,0,0,0,0,,,,aab2fed4abefb1f154584317fbc782ec2b7d3fdc,1f2680a5b9065e708a7497adc53a95b108029b98,3.13.14,2026-10-02T01:20:33.122781+00:00,bell_diagonal,siv_2024_theoretical_ops,until_target,0,1.0,1.0,1.0,0.5,0.9
R02_routing,R02_routing:diamond@theoretical_ops:a686beca965dc03b:least_loss__automatic__conservative_min:1:r02_routing-diamond,diamond@theoretical_ops,a686beca965dc03b,1,r02_routing-diamond,least_loss,automatic,False,r1 -> good1 -> good2 -> r3,3,4,10,0.55,conservative_min,0.6535217777777778,0.643862950460334,-0.009658827317443719,-0.01477965638771427,0.3,0.00049,20000.0,2.0,True,True,,SATISFIED,46,36,4.6,11.5,0.643862950460334,0.617607018457089,153.33333333333334,154.57828753888558,0.0022252375100000003,0.059931162510000004,0.009618,5794.359816,6772,47,0,0,0,0,,,,aab2fed4abefb1f154584317fbc782ec2b7d3fdc,1f2680a5b9065e708a7497adc53a95b108029b98,3.13.14,2026-10-02T01:20:36.045153+00:00,bell_diagonal,siv_2024_theoretical_ops,until_target,0,1.0,1.0,1.0,0.5,0.9
R02_routing,R02_routing:diamond@theoretical_ops:a686beca965dc03b:least_loss__automatic__conservative_min:3:r02_routing-diamond,diamond@theoretical_ops,a686beca965dc03b,3,r02_routing-diamond,least_loss,automatic,False,r1 -> good1 -> good2 -> r3,3,4,10,0.55,conservative_min,0.6535217777777778,0.6432998281205738,-0.01022194965720391,-0.015641329799233963,0.3,0.00049,20000.0,2.0,True,True,,SATISFIED,44,34,4.4,11.0,0.6432998281205738,0.6127565699972486,146.66666666666669,153.45432887468584,0.0074757375099999985,0.08263358751000001,0.000874,5794.251747,8418,44,0,0,0,0,,,,aab2fed4abefb1f154584317fbc782ec2b7d3fdc,1f2680a5b9065e708a7497adc53a95b108029b98,3.13.14,2026-10-02T01:20:37.474881+00:00,bell_diagonal,siv_2024_theoretical_ops,until_target,0,1.0,1.0,1.0,0.5,0.9
R02_routing,R02_routing:diamond@theoretical_ops:a686beca965dc03b:least_loss__automatic__conservative_min:9:r02_routing-diamond,diamond@theoretical_ops,a686beca965dc03b,9,r02_routing-diamond,least_loss,automatic,False,r1 -> good1 -> good2 -> r3,3,4,10,0.55,conservative_min,0.6535217777777778,0.6415704276249522,-0.011951350152825557,-0.01828760809389503,0.3,0.00049,20000.0,2.0,True,True,,SATISFIED,43,33,4.3,10.75,0.6415704276249522,0.5951376416664093,143.33333333333334,161.45568445101034,0.023602337509999995,0.09580951251,0.006,63.280409,9172,43,0,0,0,0,,,,c68f9e134eb5a57162815f4876faa6846004a3ae,1f2680a5b9065e708a7497adc53a95b108029b98,3.13.14,2026-10-02T12:18:05.400464+00:00,bell_diagonal,siv_2024_theoretical_ops,until_target,0,1.0,1.0,1.0,0.5,0.9
R02_routing,R02_routing:diamond@theoretical_ops:a686beca965dc03b:least_loss__automatic__conservative_min:2:r02_routing-diamond,diamond@theoretical_ops,a686beca965dc03b,2,r02_routing-diamond,least_loss,automatic,False,r1 -> good1 -> good2 -> r3,3,4,10,0.55,conservative_min,0.6535217777777778,0.6442813105911263,-0.009240467186651502,-0.01413949389425491,0.3,0.00049,20000.0,2.0,True,True,,SATISFIED,40,30,4.0,10.0,0.6442813105911263,0.6169190118433292,133.33333333333334,138.39181360525595,0.00875106251,0.08095977501,0.010471,68.380289,5986,40,0,0,0,0,,,,c68f9e134eb5a57162815f4876faa6846004a3ae,1f2680a5b9065e708a7497adc53a95b108029b98,3.13.14,2026-10-02T12:18:10.275130+00:00,bell_diagonal,siv_2024_theoretical_ops,until_target,0,1.0,1.0,1.0,0.5,0.9
R02_routing,R02_routing:diamond@theoretical_ops:a686beca965dc03b:least_loss__automatic__conservative_min:5:r02_routing-diamond,diamond@theoretical_ops,a686beca965dc03b,5,r02_routing-diamond,least_loss,automatic,False,r1 -> good1 -> good2 -> r3,3,4,10,0.55,conservative_min,0.6535217777777778,0.643321896870454,-0.01019988090732371,-0.015607560840599955,0.3,0.00049,20000.0,2.0,True,True,,SATISFIED,39,29,3.9,9.75,0.643321896870454,0.6131677906499953,130.0,149.82446767054503,0.03655456251,0.08456057501,0.006228,69.505856,8248,41,0,0,0,0,,,,c68f9e134eb5a57162815f4876faa6846004a3ae,1f2680a5b9065e708a7497adc53a95b108029b98,3.13.14,2026-10-02T12:18:11.456917+00:00,bell_diagonal,siv_2024_theoretical_ops,until_target,0,1.0,1.0,1.0,0.5,0.9
R02_routing,R02_routing:diamond@theoretical_ops:a686beca965dc03b:least_loss__automatic__conservative_min:10:r02_routing-diamond,diamond@theoretical_ops,a686beca965dc03b,10,r02_routing-diamond,least_loss,automatic,False,r1 -> good1 -> good2 -> r3,3,4,10,0.55,conservative_min,0.6535217777777778,0.6440024872658361,-0.00951929051194167,-0.014566141229923312,0.3,0.00049,20000.0,2.0,True,True,,SATISFIED,46,36,4.6,11.5,0.6440024872658361,0.6142997555753646,153.33333333333334,158.4797314974375,0.009151125009999999,0.06035697501,0.007072,69.529934,7017,48,0,0,0,0,,,,c68f9e134eb5a57162815f4876faa6846004a3ae,1f2680a5b9065e708a7497adc53a95b108029b98,3.13.14,2026-10-02T12:18:11.522093+00:00,bell_diagonal,siv_2024_theoretical_ops,until_target,0,1.0,1.0,1.0,0.5,0.9
R02_routing,R02_routing:diamond@theoretical_ops:a686beca965dc03b:least_loss__automatic__conservative_min:8:r02_routing-diamond,diamond@theoretical_ops,a686beca965dc03b,8,r02_routing-diamond,least_loss,automatic,False,r1 -> good1 -> good2 -> r3,3,4,10,0.55,conservative_min,0.6535217777777778,0.6435815762444579,-0.00994020153331987,-0.015210207021899607,0.3,0.00049,20000.0,2.0,True,True,,SATISFIED,43,33,4.3,10.75,0.6435815762444579,0.6008809795304046,143.33333333333334,149.71868555350477,0.005125637509999999,0.07545752501,0.007077,70.283591,7968,43,0,0,0,0,,,,c68f9e134eb5a57162815f4876faa6846004a3ae,1f2680a5b9065e708a7497adc53a95b108029b98,3.13.14,2026-10-02T12:18:12.269252+00:00,bell_diagonal,siv_2024_theoretical_ops,until_target,0,1.0,1.0,1.0,0.5,0.9
R02_routing,R02_routing:diamond@theoretical_ops:a686beca965dc03b:least_loss__automatic__conservative_min:7:r02_routing-diamond,diamond@theoretical_ops,a686beca965dc03b,7,r02_routing-diamond,least_loss,automatic,False,r1 -> good1 -> good2 -> r3,3,4,10,0.55,conservative_min,0.6535217777777778,0.6445149518879723,-0.009006825889805503,-0.013781982783239652,0.3,0.00049,20000.0,2.0,True,True,,SATISFIED,47,37,4.7,11.75,0.6445149518879723,0.6187554937029549,156.66666666666669,167.43569077887565,0.013851387509999999,0.06645695001,0.001853,70.556506,7572,47,0,0,0,0,,,,c68f9e134eb5a57162815f4876faa6846004a3ae,1f2680a5b9065e708a7497adc53a95b108029b98,3.13.14,2026-10-02T12:18:12.523815+00:00,bell_diagonal,siv_2024_theoretical_ops,until_target,0,1.0,1.0,1.0,0.5,0.9
R02_routing,R02_routing:diamond@theoretical_ops:a686beca965dc03b:least_loss__automatic__conservative_min:11:r02_routing-diamond,diamond@theoretical_ops,a686beca965dc03b,11,r02_routing-diamond,least_loss,automatic,False,r1 -> good1 -> good2 -> r3,3,4,10,0.55,conservative_min,0.6535217777777778,0.6438400537065413,-0.009681724071236464,-0.014814692333831633,0.3,0.00049,20000.0,2.0,True,True,,SATISFIED,44,34,4.4,11.0,0.6438400537065413,0.6103700468459498,146.66666666666669,159.1731677450046,0.02305285001,0.08468331251000001,0.000914,57.98261,8193,44,0,0,0,0,,,,c68f9e134eb5a57162815f4876faa6846004a3ae,1f2680a5b9065e708a7497adc53a95b108029b98,3.13.14,2026-10-02T12:19:03.798367+00:00,bell_diagonal,siv_2024_theoretical_ops,until_target,0,1.0,1.0,1.0,0.5,0.9
R02_routing,R02_routing:diamond@theoretical_ops:a686beca965dc03b:least_loss__automatic__conservative_min:13:r02_routing-diamond,diamond@theoretical_ops,a686beca965dc03b,13,r02_routing-diamond,least_loss,automatic,False,r1 -> good1 -> good2 -> r3,3,4,10,0.55,conservative_min,0.6535217777777778,0.6428005152638742,-0.010721262513903596,-0.016405363797301384,0.3,0.00049,20000.0,2.0,True,True,,SATISFIED,47,37,4.7,11.75,0.6428005152638742,0.6107394798910378,156.66666666666669,165.51918437780634,0.00897587501,0.06245627501,0.000527,53.99434,8901,47,0,0,0,0,,,,c68f9e134eb5a57162815f4876faa6846004a3ae,1f2680a5b9065e708a7497adc53a95b108029b98,3.13.14,2026-10-02T12:19:05.849039+00:00,bell_diagonal,siv_2024_theoretical_ops,until_target,0,1.0,1.0,1.0,0.5,0.9
R02_routing,R02_routing:diamond@theoretical_ops:a686beca965dc03b:least_loss__automatic__conservative_min:12:r02_routing-diamond,diamond@theoretical_ops,a686beca965dc03b,12,r02_routing-diamond,least_loss,automatic,False,r1 -> good1 -> good2 -> r3,3,4,10,0.55,conservative_min,0.6535217777777778,0.6448330394362924,-0.008688738341485314,-0.013295254476492465,0.3,0.00049,20000.0,2.0,True,True,,SATISFIED,47,37,4.7,11.75,0.6448330394362924,0.6105426595358806,156.66666666666669,160.89994419853,0.00360036251,0.09075998751,0.00098,60.957307,7956,48,0,0,0,0,,,,c68f9e134eb5a57162815f4876faa6846004a3ae,1f2680a5b9065e708a7497adc53a95b108029b98,3.13.14,2026-10-02T12:19:11.632253+00:00,bell_diagonal,siv_2024_theoretical_ops,until_target,0,1.0,1.0,1.0,0.5,0.9
R02_routing,R02_routing:diamond@theoretical_ops:a686beca965dc03b:least_loss__automatic__conservative_min:14:r02_routing-diamond,diamond@theoretical_ops,a686beca965dc03b,14,r02_routing-diamond,least_loss,automatic,False,r1 -> good1 -> good2 -> r3,3,4,10,0.55,conservative_min,0.6535217777777778,0.6437132615820657,-0.009808516195712103,-0.015008705951720205,0.3,0.00049,20000.0,2.0,True,True,,SATISFIED,46,36,4.6,11.5,0.6437132615820657,0.6091772730324957,153.33333333333334,166.27121528083075,0.01602696251,0.06540771251000001,0.004854,60.276924,7797,48,0,0,0,0,,,,c68f9e134eb5a57162815f4876faa6846004a3ae,1f2680a5b9065e708a7497adc53a95b108029b98,3.13.14,2026-10-02T12:19:12.201605+00:00,bell_diagonal,siv_2024_theoretical_ops,until_target,0,1.0,1.0,1.0,0.5,0.9
R02_routing,R02_routing:diamond@theoretical_ops:a686beca965dc03b:least_loss__automatic__conservative_min:16:r02_routing-diamond,diamond@theoretical_ops,a686beca965dc03b,16,r02_routing-diamond,least_loss,automatic,False,r1 -> good1 -> good2 -> r3,3,4,10,0.55,conservative_min,0.6535217777777778,0.6438922457358158,-0.00962953204196193,-0.014734829609972595,0.3,0.00049,20000.0,2.0,True,True,,SATISFIED,43,33,4.3,10.75,0.6438922457358158,0.6134594160713087,143.33333333333334,148.85059217006076,0.00792596251,0.07068273751000001,0.000551,59.493852,8432,43,0,0,0,0,,,,c68f9e134eb5a57162815f4876faa6846004a3ae,1f2680a5b9065e708a7497adc53a95b108029b98,3.13.14,2026-10-02T12:19:12.414388+00:00,bell_diagonal,siv_2024_theoretical_ops,until_target,0,1.0,1.0,1.0,0.5,0.9
R02_routing,R02_routing:diamond@theoretical_ops:a686beca965dc03b:least_loss__automatic__conservative_min:15:r02_routing-diamond,diamond@theoretical_ops,a686beca965dc03b,15,r02_routing-diamond,least_loss,automatic,False,r1 -> good1 -> good2 -> r3,3,4,10,0.55,conservative_min,0.6535217777777778,0.6453206072716708,-0.008201170506106914,-0.012549192368147253,0.3,0.00049,20000.0,2.0,True,True,,SATISFIED,41,31,4.1,10.25,0.6453206072716708,0.6195905457830047,136.66666666666669,151.76530347184416,0.01465183751,0.08426052501,0.000577,61.122314,6492,41,0,0,0,0,,,,c68f9e134eb5a57162815f4876faa6846004a3ae,1f2680a5b9065e708a7497adc53a95b108029b98,3.13.14,2026-10-02T12:19:13.928583+00:00,bell_diagonal,siv_2024_theoretical_ops,until_target,0,1.0,1.0,1.0,0.5,0.9
R02_routing,R02_routing:diamond@theoretical_ops:c8a11b361b27778d:highest_fidelity__automatic__conservative_min:0:r02_routing-diamond,diamond@theoretical_ops,c8a11b361b27778d,0,r02_routing-diamond,highest_fidelity,automatic,False,r1 -> bad -> r3,2,4,10,0.55,conservative_min,0.7461333333333331,0.7186861844790987,-0.027447148854234382,-0.03678584996546782,0.3,0.00049,20000.0,2.0,True,False,,VIOLATED,1,0,0.1,0.25,0.7186861844790987,0.7186861844790987,3.3333333333333335,,0.26990845000999997,,0.00141,10.304111,1737,3,0,0,0,0,delivered_pairs >= 10.0 (observed=1.0) -> FAIL,,,c68f9e134eb5a57162815f4876faa6846004a3ae,1f2680a5b9065e708a7497adc53a95b108029b98,3.13.14,2026-10-02T12:19:22.643763+00:00,bell_diagonal,siv_2024_theoretical_ops,until_target,0,1.0,1.0,1.0,0.5,0.9
R02_routing,R02_routing:diamond@theoretical_ops:c8a11b361b27778d:highest_fidelity__automatic__conservative_min:1:r02_routing-diamond,diamond@theoretical_ops,c8a11b361b27778d,1,r02_routing-diamond,highest_fidelity,automatic,False,r1 -> bad -> r3,2,4,10,0.55,conservative_min,0.7461333333333331,0.6672418887383503,-0.07889144459498276,-0.10573370880313991,0.3,0.00049,20000.0,2.0,True,False,,VIOLATED,1,0,0.1,0.25,0.6672418887383503,0.6672418887383503,3.3333333333333335,,0.14980373750999998,,0.001452,10.177524,1999,3,0,0,0,0,delivered_pairs >= 10.0 (observed=1.0) -> FAIL,,,c68f9e134eb5a57162815f4876faa6846004a3ae,1f2680a5b9065e708a7497adc53a95b108029b98,3.13.14,2026-10-02T12:19:22.738718+00:00,bell_diagonal,siv_2024_theoretical_ops,until_target,0,1.0,1.0,1.0,0.5,0.9
R02_routing,R02_routing:diamond@theoretical_ops:c8a11b361b27778d:highest_fidelity__automatic__conservative_min:2:r02_routing-diamond,diamond@theoretical_ops,c8a11b361b27778d,2,r02_routing-diamond,highest_fidelity,automatic,False,r1 -> bad -> r3,2,4,10,0.55,conservative_min,0.7461333333333331,0.7401821768531913,-0.005951156480141773,-0.007975995997330827,0.3,0.00049,20000.0,2.0,True,False,,VIOLATED,2,0,0.2,0.5,0.7401821768531913,0.7369985671195097,6.666666666666667,13.577393775138333,0.024300775009999998,,0.011852,11.431354,2388,2,0,0,0,0,delivered_pairs >= 10.0 (observed=2.0) -> FAIL,,,c68f9e134eb5a57162815f4876faa6846004a3ae,1f2680a5b9065e708a7497adc53a95b108029b98,3.13.14,2026-10-02T12:19:25.541673+00:00,bell_diagonal,siv_2024_theoretical_ops,until_target,0,1.0,1.0,1.0,0.5,0.9
R02_routing,R02_routing:diamond@theoretical_ops:c8a11b361b27778d:highest_fidelity__automatic__conservative_min:4:r02_routing-diamond,diamond@theoretical_ops,c8a11b361b27778d,4,r02_routing-diamond,highest_fidelity,automatic,False,r1 -> bad -> r3,2,4,10,0.55,conservative_min,0.7461333333333331,,,,0.3,0.00049,20000.0,2.0,True,False,,VIOLATED,0,0,0.0,0.0,,,0.0,,,,0.000613,11.510458,2396,0,0,0,0,0,delivered_pairs >= 10.0 (observed=0.0) -> FAIL,,,c68f9e134eb5a57162815f4876faa6846004a3ae,1f2680a5b9065e708a7497adc53a95b108029b98,3.13.14,2026-10-02T12:19:34.368579+00:00,bell_diagonal,siv_2024_theoretical_ops,until_target,0,1.0,1.0,1.0,0.5,0.9
R02_routing,R02_routing:diamond@theoretical_ops:c8a11b361b27778d:highest_fidelity__automatic__conservative_min:3:r02_routing-diamond,diamond@theoretical_ops,c8a11b361b27778d,3,r02_routing-diamond,highest_fidelity,automatic,False,r1 -> bad -> r3,2,4,10,0.55,conservative_min,0.7461333333333331,,,,0.3,0.00049,20000.0,2.0,True,False,,VIOLATED,0,0,0.0,0.0,,,0.0,,,,0.000452,11.800021,2396,0,0,0,0,0,delivered_pairs >= 10.0 (observed=0.0) -> FAIL,,,c68f9e134eb5a57162815f4876faa6846004a3ae,1f2680a5b9065e708a7497adc53a95b108029b98,3.13.14,2026-10-02T12:19:34.547161+00:00,bell_diagonal,siv_2024_theoretical_ops,until_target,0,1.0,1.0,1.0,0.5,0.9
R02_routing,R02_routing:diamond@theoretical_ops:c8a11b361b27778d:highest_fidelity__automatic__conservative_min:5:r02_routing-diamond,diamond@theoretical_ops,c8a11b361b27778d,5,r02_routing-diamond,highest_fidelity,automatic,False,r1 -> bad -> r3,2,4,10,0.55,conservative_min,0.7461333333333331,,,,0.3,0.00049,20000.0,2.0,True,False,,VIOLATED,0,0,0.0,0.0,,,0.0,,,,0.006527,10.211315,2396,0,0,0,0,0,delivered_pairs >= 10.0 (observed=0.0) -> FAIL,,,c68f9e134eb5a57162815f4876faa6846004a3ae,1f2680a5b9065e708a7497adc53a95b108029b98,3.13.14,2026-10-02T12:19:35.846783+00:00,bell_diagonal,siv_2024_theoretical_ops,until_target,0,1.0,1.0,1.0,0.5,0.9
R02_routing,R02_routing:diamond@theoretical_ops:c8a11b361b27778d:highest_fidelity__automatic__conservative_min:7:r02_routing-diamond,diamond@theoretical_ops,c8a11b361b27778d,7,r02_routing-diamond,highest_fidelity,automatic,False,r1 -> bad -> r3,2,4,10,0.55,conservative_min,0.7461333333333331,,,,0.3,0.00049,20000.0,2.0,True,False,,VIOLATED,0,0,0.0,0.0,,,0.0,,,,0.000501,9.975333,1824,1,0,0,0,0,delivered_pairs >= 10.0 (observed=0.0) -> FAIL,,,c68f9e134eb5a57162815f4876faa6846004a3ae,1f2680a5b9065e708a7497adc53a95b108029b98,3.13.14,2026-10-02T12:19:44.649452+00:00,bell_diagonal,siv_2024_theoretical_ops,until_target,0,1.0,1.0,1.0,0.5,0.9
R02_routing,R02_routing:diamond@theoretical_ops:c8a11b361b27778d:highest_fidelity__automatic__conservative_min:6:r02_routing-diamond,diamond@theoretical_ops,c8a11b361b27778d,6,r02_routing-diamond,highest_fidelity,automatic,False,r1 -> bad -> r3,2,4,10,0.55,conservative_min,0.7461333333333331,0.6828221824656485,-0.06331115086768457,-0.08485232871830495,0.3,0.00049,20000.0,2.0,True,False,,VIOLATED,1,0,0.1,0.25,0.6828221824656485,0.6828221824656485,3.3333333333333335,,0.13180331251,,0.000415,11.008219,2396,1,0,0,0,0,delivered_pairs >= 10.0 (observed=1.0) -> FAIL,,,c68f9e134eb5a57162815f4876faa6846004a3ae,1f2680a5b9065e708a7497adc53a95b108029b98,3.13.14,2026-10-02T12:19:45.479217+00:00,bell_diagonal,siv_2024_theoretical_ops,until_target,0,1.0,1.0,1.0,0.5,0.9
R02_routing,R02_routing:diamond@theoretical_ops:c8a11b361b27778d:highest_fidelity__automatic__conservative_min:8:r02_routing-diamond,diamond@theoretical_ops,c8a11b361b27778d,8,r02_routing-diamond,highest_fidelity,automatic,False,r1 -> bad -> r3,2,4,10,0.55,conservative_min,0.7461333333333331,0.6754343711811281,-0.07069896215220495,-0.09475379130477793,0.3,0.00049,20000.0,2.0,True,False,,VIOLATED,1,0,0.1,0.25,0.6754343711811281,0.6754343711811281,3.3333333333333335,,0.16630517501,,0.000476,10.660905,1956,2,0,0,0,0,delivered_pairs >= 10.0 (observed=1.0) -> FAIL,,,c68f9e134eb5a57162815f4876faa6846004a3ae,1f2680a5b9065e708a7497adc53a95b108029b98,3.13.14,2026-10-02T12:19:46.600253+00:00,bell_diagonal,siv_2024_theoretical_ops,until_target,0,1.0,1.0,1.0,0.5,0.9
R02_routing,R02_routing:diamond@theoretical_ops:c8a11b361b27778d:highest_fidelity__automatic__conservative_min:11:r02_routing-diamond,diamond@theoretical_ops,c8a11b361b27778d,11,r02_routing-diamond,highest_fidelity,automatic,False,r1 -> bad -> r3,2,4,10,0.55,conservative_min,0.7461333333333331,0.6789972987171343,-0.06713603461619877,-0.0899786025056274,0.3,0.00049,20000.0,2.0,True,False,,VIOLATED,1,0,0.1,0.25,0.6789972987171343,0.6789972987171343,3.3333333333333335,,0.16580416251,,0.000656,7.908786,2396,1,0,0,0,0,delivered_pairs >= 10.0 (observed=1.0) -> FAIL,,,c68f9e134eb5a57162815f4876faa6846004a3ae,1f2680a5b9065e708a7497adc53a95b108029b98,3.13.14,2026-10-02T12:19:54.581082+00:00,bell_diagonal,siv_2024_theoretical_ops,until_target,0,1.0,1.0,1.0,0.5,0.9
R02_routing,R02_routing:diamond@theoretical_ops:c8a11b361b27778d:highest_fidelity__automatic__conservative_min:9:r02_routing-diamond,diamond@theoretical_ops,c8a11b361b27778d,9,r02_routing-diamond,highest_fidelity,automatic,False,r1 -> bad -> r3,2,4,10,0.55,conservative_min,0.7461333333333331,0.7210502032304779,-0.025083130102855233,-0.03361749030940213,0.3,0.00049,20000.0,2.0,True,False,,VIOLATED,4,0,0.4,1.0,0.7210502032304779,0.6995932653026586,13.333333333333334,24.19781959497085,0.07430185001,,0.000834,11.545296,2367,4,0,0,0,0,delivered_pairs >= 10.0 (observed=4.0) -> FAIL,,,c68f9e134eb5a57162815f4876faa6846004a3ae,1f2680a5b9065e708a7497adc53a95b108029b98,3.13.14,2026-10-02T12:19:56.316779+00:00,bell_diagonal,siv_2024_theoretical_ops,until_target,0,1.0,1.0,1.0,0.5,0.9
R02_routing,R02_routing:diamond@theoretical_ops:c8a11b361b27778d:highest_fidelity__automatic__conservative_min:10:r02_routing-diamond,diamond@theoretical_ops,c8a11b361b27778d,10,r02_routing-diamond,highest_fidelity,automatic,False,r1 -> bad -> r3,2,4,10,0.55,conservative_min,0.7461333333333331,0.6946144408979122,-0.05151889243542085,-0.06904783653782282,0.3,0.00049,20000.0,2.0,True,False,,VIOLATED,2,0,0.2,0.5,0.6946144408979122,0.6825552379632361,6.666666666666667,10.916789975220933,0.08710271251,,0.000648,11.065962,2270,2,0,0,0,0,delivered_pairs >= 10.0 (observed=2.0) -> FAIL,,,c68f9e134eb5a57162815f4876faa6846004a3ae,1f2680a5b9065e708a7497adc53a95b108029b98,3.13.14,2026-10-02T12:19:56.635100+00:00,bell_diagonal,siv_2024_theoretical_ops,until_target,0,1.0,1.0,1.0,0.5,0.9
R02_routing,R02_routing:diamond@theoretical_ops:c8a11b361b27778d:highest_fidelity__automatic__conservative_min:12:r02_routing-diamond,diamond@theoretical_ops,c8a11b361b27778d,12,r02_routing-diamond,highest_fidelity,automatic,False,r1 -> bad -> r3,2,4,10,0.55,conservative_min,0.7461333333333331,0.7271158709129657,-0.019017462420367393,-0.025488021471185757,0.3,0.00049,20000.0,2.0,True,False,,VIOLATED,1,0,0.1,0.25,0.7271158709129657,0.7271158709129657,3.3333333333333335,,0.13480335001,,0.006063,10.011931,2396,1,0,0,0,0,delivered_pairs >= 10.0 (observed=1.0) -> FAIL,,,c68f9e134eb5a57162815f4876faa6846004a3ae,1f2680a5b9065e708a7497adc53a95b108029b98,3.13.14,2026-10-02T12:20:04.736530+00:00,bell_diagonal,siv_2024_theoretical_ops,until_target,0,1.0,1.0,1.0,0.5,0.9
R02_routing,R02_routing:diamond@theoretical_ops:a686beca965dc03b:least_loss__automatic__conservative_min:18:r02_routing-diamond,diamond@theoretical_ops,a686beca965dc03b,18,r02_routing-diamond,least_loss,automatic,False,r1 -> good1 -> good2 -> r3,3,4,10,0.55,conservative_min,0.6535217777777778,0.6423767209767538,-0.011145056801023956,-0.017053841478582982,0.3,0.00049,20000.0,2.0,True,True,,SATISFIED,45,35,4.5,11.25,0.6423767209767538,0.5672254583036234,150.0,156.4500645943204,0.010976100009999998,0.09730967501,0.000573,58.909466,8180,46,0,0,0,0,,,,c68f9e134eb5a57162815f4876faa6846004a3ae,1f2680a5b9065e708a7497adc53a95b108029b98,3.13.14,2026-10-02T12:20:05.340882+00:00,bell_diagonal,siv_2024_theoretical_ops,until_target,0,1.0,1.0,1.0,0.5,0.9
R02_routing,R02_routing:diamond@theoretical_ops:a686beca965dc03b:least_loss__automatic__conservative_min:17:r02_routing-diamond,diamond@theoretical_ops,a686beca965dc03b,17,r02_routing-diamond,least_loss,automatic,False,r1 -> good1 -> good2 -> r3,3,4,10,0.55,conservative_min,0.6535217777777778,0.6446719459126581,-0.008849831865119673,-0.013541755096842314,0.3,0.00049,20000.0,2.0,True,True,,SATISFIED,41,31,4.1,10.25,0.6446719459126581,0.6198907504568157,136.66666666666669,140.41931433420055,0.006425775010000001,0.06643277501,0.006792,61.526385,6833,41,0,0,0,0,,,,c68f9e134eb5a57162815f4876faa6846004a3ae,1f2680a5b9065e708a7497adc53a95b108029b98,3.13.14,2026-10-02T12:20:05.710039+00:00,bell_diagonal,siv_2024_theoretical_ops,until_target,0,1.0,1.0,1.0,0.5,0.9
R02_routing,R02_routing:diamond@theoretical_ops:c8a11b361b27778d:highest_fidelity__automatic__conservative_min:13:r02_routing-diamond,diamond@theoretical_ops,c8a11b361b27778d,13,r02_routing-diamond,highest_fidelity,automatic,False,r1 -> bad -> r3,2,4,10,0.55,conservative_min,0.7461333333333331,0.6870908363562274,-0.05904249697710573,-0.07913129509083151,0.3,0.00049,20000.0,2.0,True,False,,VIOLATED,2,0,0.2,0.5,0.6870908363562274,0.6618580431556521,6.666666666666667,20.140484917420242,0.19380485001,,0.000447,10.937563,2392,3,0,0,0,0,delivered_pairs >= 10.0 (observed=2.0) -> FAIL,,,c68f9e134eb5a57162815f4876faa6846004a3ae,1f2680a5b9065e708a7497adc53a95b108029b98,3.13.14,2026-10-02T12:20:07.375329+00:00,bell_diagonal,siv_2024_theoretical_ops,until_target,0,1.0,1.0,1.0,0.5,0.9
R02_routing,R02_routing:diamond@theoretical_ops:c8a11b361b27778d:highest_fidelity__automatic__conservative_min:14:r02_routing-diamond,diamond@theoretical_ops,c8a11b361b27778d,14,r02_routing-diamond,highest_fidelity,automatic,False,r1 -> bad -> r3,2,4,10,0.55,conservative_min,0.7461333333333331,0.7378040240555803,-0.008329309277752772,-0.011163298710354862,0.3,0.00049,20000.0,2.0,True,False,,VIOLATED,2,0,0.2,0.5,0.7378040240555803,0.7374498388653298,6.666666666666667,7.842945410305896,0.02630080001,,0.006201,12.700415,2373,2,0,0,0,0,delivered_pairs >= 10.0 (observed=2.0) -> FAIL,,,c68f9e134eb5a57162815f4876faa6846004a3ae,1f2680a5b9065e708a7497adc53a95b108029b98,3.13.14,2026-10-02T12:20:09.432716+00:00,bell_diagonal,siv_2024_theoretical_ops,until_target,0,1.0,1.0,1.0,0.5,0.9
R02_routing,R02_routing:diamond@theoretical_ops:c8a11b361b27778d:highest_fidelity__automatic__conservative_min:16:r02_routing-diamond,diamond@theoretical_ops,c8a11b361b27778d,16,r02_routing-diamond,highest_fidelity,automatic,False,r1 -> bad -> r3,2,4,10,0.55,conservative_min,0.7461333333333331,,,,0.3,0.00049,20000.0,2.0,True,False,,VIOLATED,0,0,0.0,0.0,,,0.0,,,,0.007575,9.394379,2396,0,0,0,0,0,delivered_pairs >= 10.0 (observed=0.0) -> FAIL,,,c68f9e134eb5a57162815f4876faa6846004a3ae,1f2680a5b9065e708a7497adc53a95b108029b98,3.13.14,2026-10-02T12:20:14.926656+00:00,bell_diagonal,siv_2024_theoretical_ops,until_target,0,1.0,1.0,1.0,0.5,0.9
R02_routing,R02_routing:diamond@theoretical_ops:c8a11b361b27778d:highest_fidelity__automatic__conservative_min:15:r02_routing-diamond,diamond@theoretical_ops,c8a11b361b27778d,15,r02_routing-diamond,highest_fidelity,automatic,False,r1 -> bad -> r3,2,4,10,0.55,conservative_min,0.7461333333333331,0.7403617337795214,-0.005771599553811679,-0.007735346078196499,0.3,0.00049,20000.0,2.0,True,False,,VIOLATED,1,0,0.1,0.25,0.7403617337795214,0.7403617337795214,3.3333333333333335,,0.10680268751000001,,0.007402,13.472984,2396,1,0,0,0,0,delivered_pairs >= 10.0 (observed=1.0) -> FAIL,,,c68f9e134eb5a57162815f4876faa6846004a3ae,1f2680a5b9065e708a7497adc53a95b108029b98,3.13.14,2026-10-02T12:20:18.361083+00:00,bell_diagonal,siv_2024_theoretical_ops,until_target,0,1.0,1.0,1.0,0.5,0.9
R02_routing,R02_routing:diamond@theoretical_ops:c8a11b361b27778d:highest_fidelity__automatic__conservative_min:17:r02_routing-diamond,diamond@theoretical_ops,c8a11b361b27778d,17,r02_routing-diamond,highest_fidelity,automatic,False,r1 -> bad -> r3,2,4,10,0.55,conservative_min,0.7461333333333331,0.7010759020268863,-0.045057431306446794,-0.06038790829134222,0.3,0.00049,20000.0,2.0,True,False,,VIOLATED,1,0,0.1,0.25,0.7010759020268863,0.7010759020268863,3.3333333333333335,,0.20680517500999998,,0.001512,13.049544,2396,1,0,0,0,0,delivered_pairs >= 10.0 (observed=1.0) -> FAIL,,,c68f9e134eb5a57162815f4876faa6846004a3ae,1f2680a5b9065e708a7497adc53a95b108029b98,3.13.14,2026-10-02T12:20:18.882106+00:00,bell_diagonal,siv_2024_theoretical_ops,until_target,0,1.0,1.0,1.0,0.5,0.9
R02_routing,R02_routing:diamond@theoretical_ops:c8a11b361b27778d:highest_fidelity__automatic__conservative_min:19:r02_routing-diamond,diamond@theoretical_ops,c8a11b361b27778d,19,r02_routing-diamond,highest_fidelity,automatic,False,r1 -> bad -> r3,2,4,10,0.55,conservative_min,0.7461333333333331,0.7174153614894389,-0.02871797184389424,-0.03848906162065884,0.3,0.00049,20000.0,2.0,True,False,,VIOLATED,1,0,0.1,0.25,0.7174153614894389,0.7174153614894389,3.3333333333333335,,0.05750178750999999,,0.004967,10.111618,2306,1,0,0,0,0,delivered_pairs >= 10.0 (observed=1.0) -> FAIL,,,c68f9e134eb5a57162815f4876faa6846004a3ae,1f2680a5b9065e708a7497adc53a95b108029b98,3.13.14,2026-10-02T12:20:19.625381+00:00,bell_diagonal,siv_2024_theoretical_ops,until_target,0,1.0,1.0,1.0,0.5,0.9
R02_routing,R02_routing:diamond@theoretical_ops:a686beca965dc03b:least_loss__automatic__conservative_min:19:r02_routing-diamond,diamond@theoretical_ops,a686beca965dc03b,19,r02_routing-diamond,least_loss,automatic,False,r1 -> good1 -> good2 -> r3,3,4,10,0.55,conservative_min,0.6535217777777778,0.646301853786153,-0.007219923991624744,-0.011047717516278076,0.3,0.00049,20000.0,2.0,True,True,,SATISFIED,49,39,4.9,12.25,0.646301853786153,0.6219186093779896,163.33333333333334,172.00080506907435,0.013851712510000001,0.06823320001000001,0.000525,67.63532,8539,50,0,0,0,0,,,,c68f9e134eb5a57162815f4876faa6846004a3ae,1f2680a5b9065e708a7497adc53a95b108029b98,3.13.14,2026-10-02T12:20:19.651062+00:00,bell_diagonal,siv_2024_theoretical_ops,until_target,0,1.0,1.0,1.0,0.5,0.9
R02_routing,R02_routing:diamond@theoretical_ops:c8a11b361b27778d:highest_fidelity__automatic__conservative_min:18:r02_routing-diamond,diamond@theoretical_ops,c8a11b361b27778d,18,r02_routing-diamond,highest_fidelity,automatic,False,r1 -> bad -> r3,2,4,10,0.55,conservative_min,0.7461333333333331,0.7092630768455563,-0.036870256487776754,-0.04941510429920046,0.3,0.00049,20000.0,2.0,True,False,,VIOLATED,2,0,0.2,0.5,0.7092630768455563,0.6742412561316948,6.666666666666667,370.26666142122343,0.21530538751,,0.00051,12.385426,2282,3,0,0,0,0,delivered_pairs >= 10.0 (observed=2.0) -> FAIL,,,c68f9e134eb5a57162815f4876faa6846004a3ae,1f2680a5b9065e708a7497adc53a95b108029b98,3.13.14,2026-10-02T12:20:19.845783+00:00,bell_diagonal,siv_2024_theoretical_ops,until_target,0,1.0,1.0,1.0,0.5,0.9
R02_routing,R02_routing:mesh@theoretical_ops:80436b1f968c95fe:shortest_hop_count__automatic__conservative_min:2:r02_routing-mesh,mesh@theoretical_ops,80436b1f968c95fe,2,r02_routing-mesh,shortest_hop_count,automatic,False,a0 -> a1 -> a2 -> b2,3,4,10,0.5,conservative_min,0.6535217777777778,0.6372270672795176,-0.016294710498260145,-0.02493369165702228,0.3,0.0003,5000.0,2.0,True,True,,SATISFIED,36,26,3.6,9.0,0.6372270672795176,0.5985748190645287,120.0,125.92501873462585,0.008826062510000001,0.09028532501,0.009058,60.958904,6682,36,0,0,0,0,,,,c68f9e134eb5a57162815f4876faa6846004a3ae,1f2680a5b9065e708a7497adc53a95b108029b98,3.13.14,2026-10-02T12:21:43.169931+00:00,bell_diagonal,siv_2024_theoretical_ops,until_target,0,1.0,1.0,1.0,0.5,0.9
R02_routing,R02_routing:mesh@theoretical_ops:80436b1f968c95fe:shortest_hop_count__automatic__conservative_min:3:r02_routing-mesh,mesh@theoretical_ops,80436b1f968c95fe,3,r02_routing-mesh,shortest_hop_count,automatic,False,a0 -> a1 -> a2 -> b2,3,4,10,0.5,conservative_min,0.6535217777777778,0.6429814365564946,-0.010540341221283112,-0.016128523302045533,0.3,0.0003,5000.0,2.0,True,True,,SATISFIED,50,40,5.0,12.5,0.6429814365564946,0.6148313979885499,166.66666666666669,174.13373148430588,0.006350775009999999,0.08678573751,0.008301,65.960888,8822,51,0,0,0,0,,,,c68f9e134eb5a57162815f4876faa6846004a3ae,1f2680a5b9065e708a7497adc53a95b108029b98,3.13.14,2026-10-02T12:21:48.197654+00:00,bell_diagonal,siv_2024_theoretical_ops,until_target,0,1.0,1.0,1.0,0.5,0.9
R02_routing,R02_routing:mesh@theoretical_ops:80436b1f968c95fe:shortest_hop_count__automatic__conservative_min:5:r02_routing-mesh,mesh@theoretical_ops,80436b1f968c95fe,5,r02_routing-mesh,shortest_hop_count,automatic,False,a0 -> a1 -> a2 -> b2,3,4,10,0.5,conservative_min,0.6535217777777778,0.6436894881083365,-0.009832289669441274,-0.015045083429162519,0.3,0.0003,5000.0,2.0,True,True,,SATISFIED,42,32,4.2,10.5,0.6436894881083365,0.6188985658438008,140.0,160.40818536235204,0.03662956251,0.09073601251,0.006204,69.300269,8797,43,0,0,0,0,,,,c68f9e134eb5a57162815f4876faa6846004a3ae,1f2680a5b9065e708a7497adc53a95b108029b98,3.13.14,2026-10-02T12:21:51.592361+00:00,bell_diagonal,siv_2024_theoretical_ops,until_target,0,1.0,1.0,1.0,0.5,0.9
R02_routing,R02_routing:mesh@theoretical_ops:80436b1f968c95fe:shortest_hop_count__automatic__conservative_min:1:r02_routing-mesh,mesh@theoretical_ops,80436b1f968c95fe,1,r02_routing-mesh,shortest_hop_count,automatic,False,a0 -> a1 -> a2 -> b2,3,4,10,0.5,conservative_min,0.6535217777777778,0.6440369627221605,-0.009484815055617268,-0.014513387890254005,0.3,0.0003,5000.0,2.0,True,True,,SATISFIED,46,36,4.6,11.5,0.6440369627221605,0.6046274118594472,153.33333333333334,155.54446268052985,0.0025503125099999996,0.04580566251,0.009988,69.6624,7965,47,0,0,0,0,,,,c68f9e134eb5a57162815f4876faa6846004a3ae,1f2680a5b9065e708a7497adc53a95b108029b98,3.13.14,2026-10-02T12:21:51.870434+00:00,bell_diagonal,siv_2024_theoretical_ops,until_target,0,1.0,1.0,1.0,0.5,0.9
R02_routing,R02_routing:mesh@theoretical_ops:80436b1f968c95fe:shortest_hop_count__automatic__conservative_min:4:r02_routing-mesh,mesh@theoretical_ops,80436b1f968c95fe,4,r02_routing-mesh,shortest_hop_count,automatic,False,a0 -> a1 -> a2 -> b2,3,4,10,0.5,conservative_min,0.6535217777777778,0.6450263209896638,-0.00849545678811392,-0.012999500670049128,0.3,0.0003,5000.0,2.0,True,True,,SATISFIED,48,38,4.8,12.0,0.6450263209896638,0.6277671968429328,160.0,169.17355589994318,0.01232652501,0.09173643751,0.007112,70.691926,7995,49,0,0,0,0,,,,c68f9e134eb5a57162815f4876faa6846004a3ae,1f2680a5b9065e708a7497adc53a95b108029b98,3.13.14,2026-10-02T12:21:52.918696+00:00,bell_diagonal,siv_2024_theoretical_ops,until_target,0,1.0,1.0,1.0,0.5,0.9
R02_routing,R02_routing:mesh@theoretical_ops:80436b1f968c95fe:shortest_hop_count__automatic__conservative_min:0:r02_routing-mesh,mesh@theoretical_ops,80436b1f968c95fe,0,r02_routing-mesh,shortest_hop_count,automatic,False,a0 -> a1 -> a2 -> b2,3,4,10,0.5,conservative_min,0.6535217777777778,0.6467755274259479,-0.006746250351829852,-0.010322915901547559,0.3,0.0003,5000.0,2.0,True,True,,SATISFIED,53,43,5.3,13.25,0.6467755274259479,0.6234325202856104,176.66666666666669,195.87297489749233,0.02072756251,0.07678455001000001,0.00128,74.573109,10094,55,0,0,0,0,,,,c68f9e134eb5a57162815f4876faa6846004a3ae,1f2680a5b9065e708a7497adc53a95b108029b98,3.13.14,2026-10-02T12:21:56.769702+00:00,bell_diagonal,siv_2024_theoretical_ops,until_target,0,1.0,1.0,1.0,0.5,0.9
R02_routing,R02_routing:mesh@theoretical_ops:80436b1f968c95fe:shortest_hop_count__automatic__conservative_min:6:r02_routing-mesh,mesh@theoretical_ops,80436b1f968c95fe,6,r02_routing-mesh,shortest_hop_count,automatic,False,a0 -> a1 -> a2 -> b2,3,4,10,0.5,conservative_min,0.6535217777777778,0.6465308069293935,-0.0069909708483842925,-0.010697380081435462,0.3,0.0003,5000.0,2.0,True,True,,SATISFIED,52,42,5.2,13.0,0.6465308069293935,0.6289807171266089,173.33333333333334,180.8156507072804,0.008726050009999998,0.06780841251,0.00108,72.057706,8701,54,0,0,0,0,,,,c68f9e134eb5a57162815f4876faa6846004a3ae,1f2680a5b9065e708a7497adc53a95b108029b98,3.13.14,2026-10-02T12:22:55.736906+00:00,bell_diagonal,siv_2024_theoretical_ops,until_target,0,1.0,1.0,1.0,0.5,0.9
R02_routing,R02_routing:mesh@theoretical_ops:80436b1f968c95fe:shortest_hop_count__automatic__conservative_min:9:r02_routing-mesh,mesh@theoretical_ops,80436b1f968c95fe,9,r02_routing-mesh,shortest_hop_count,automatic,False,a0 -> a1 -> a2 -> b2,3,4,10,0.5,conservative_min,0.6535217777777778,0.6434468749833154,-0.010074902794462326,-0.015416322970476702,0.3,0.0003,5000.0,2.0,True,True,,SATISFIED,43,33,4.3,10.75,0.6434468749833154,0.6149876536163231,143.33333333333334,149.71676330288932,0.0042255125099999995,0.08836105001000001,0.005669,65.776645,7715,45,0,0,0,0,,,,c68f9e134eb5a57162815f4876faa6846004a3ae,1f2680a5b9065e708a7497adc53a95b108029b98,3.13.14,2026-10-02T12:22:58.111843+00:00,bell_diagonal,siv_2024_theoretical_ops,until_target,0,1.0,1.0,1.0,0.5,0.9
R02_routing,R02_routing:mesh@theoretical_ops:80436b1f968c95fe:shortest_hop_count__automatic__conservative_min:8:r02_routing-mesh,mesh@theoretical_ops,80436b1f968c95fe,8,r02_routing-mesh,shortest_hop_count,automatic,False,a0 -> a1 -> a2 -> b2,3,4,10,0.5,conservative_min,0.6535217777777778,0.6444339864272963,-0.009087791350481433,-0.013905873774219698,0.3,0.0003,5000.0,2.0,True,True,,SATISFIED,48,38,4.8,12.0,0.6444339864272963,0.6078022986829561,160.0,167.0231203929184,0.00955116251,0.045305400009999997,0.000733,66.218809,10122,48,0,0,0,0,,,,c68f9e134eb5a57162815f4876faa6846004a3ae,1f2680a5b9065e708a7497adc53a95b108029b98,3.13.14,2026-10-02T12:22:58.398603+00:00,bell_diagonal,siv_2024_theoretical_ops,until_target,0,1.0,1.0,1.0,0.5,0.9
R02_routing,R02_routing:mesh@theoretical_ops:80436b1f968c95fe:shortest_hop_count__automatic__conservative_min:7:r02_routing-mesh,mesh@theoretical_ops,80436b1f968c95fe,7,r02_routing-mesh,shortest_hop_count,automatic,False,a0 -> a1 -> a2 -> b2,3,4,10,0.5,conservative_min,0.6535217777777778,0.6462742544107357,-0.007247523367042041,-0.01108994927710959,0.3,0.0003,5000.0,2.0,True,True,,SATISFIED,54,44,5.4,13.5,0.6462742544107357,0.6316814838858159,180.0,184.12138065633562,0.00422552501,0.05990743751,0.000674,71.945926,9086,56,0,0,0,0,,,,c68f9e134eb5a57162815f4876faa6846004a3ae,1f2680a5b9065e708a7497adc53a95b108029b98,3.13.14,2026-10-02T12:23:00.597996+00:00,bell_diagonal,siv_2024_theoretical_ops,until_target,0,1.0,1.0,1.0,0.5,0.9
R02_routing,R02_routing:mesh@theoretical_ops:80436b1f968c95fe:shortest_hop_count__automatic__conservative_min:10:r02_routing-mesh,mesh@theoretical_ops,80436b1f968c95fe,10,r02_routing-mesh,shortest_hop_count,automatic,False,a0 -> a1 -> a2 -> b2,3,4,10,0.5,conservative_min,0.6535217777777778,0.6451999954826755,-0.008321782295102276,-0.012733749016596655,0.3,0.0003,5000.0,2.0,True,True,,SATISFIED,45,35,4.5,11.25,0.6451999954826755,0.6289619393531366,150.0,156.44788212590768,0.00922612501,0.06993368751000001,0.005083,70.005206,9065,48,0,0,0,0,,,,c68f9e134eb5a57162815f4876faa6846004a3ae,1f2680a5b9065e708a7497adc53a95b108029b98,3.13.14,2026-10-02T12:23:03.349263+00:00,bell_diagonal,siv_2024_theoretical_ops,until_target,0,1.0,1.0,1.0,0.5,0.9
R02_routing,R02_routing:mesh@theoretical_ops:80436b1f968c95fe:shortest_hop_count__automatic__conservative_min:11:r02_routing-mesh,mesh@theoretical_ops,80436b1f968c95fe,11,r02_routing-mesh,shortest_hop_count,automatic,False,a0 -> a1 -> a2 -> b2,3,4,10,0.5,conservative_min,0.6535217777777778,0.6444561105885175,-0.009065667189260274,-0.013872020026764808,0.3,0.0003,5000.0,2.0,True,True,,SATISFIED,51,41,5.1,12.75,0.6444561105885175,0.606281177524354,170.0,190.3637319017981,0.02312785001,0.08381042501000001,0.000637,67.599695,9037,51,0,0,0,0,,,,c68f9e134eb5a57162815f4876faa6846004a3ae,1f2680a5b9065e708a7497adc53a95b108029b98,3.13.14,2026-10-02T12:23:04.990913+00:00,bell_diagonal,siv_2024_theoretical_ops,until_target,0,1.0,1.0,1.0,0.5,0.9
R02_routing,R02_routing:mesh@theoretical_ops:80436b1f968c95fe:shortest_hop_count__automatic__conservative_min:14:r02_routing-mesh,mesh@theoretical_ops,80436b1f968c95fe,14,r02_routing-mesh,shortest_hop_count,automatic,False,a0 -> a1 -> a2 -> b2,3,4,10,0.5,conservative_min,0.6535217777777778,0.6432657439284091,-0.010256033849368684,-0.01569348443787611,0.3,0.0003,5000.0,2.0,True,True,,SATISFIED,50,40,5.0,12.5,0.6432657439284091,0.6077239089261853,166.66666666666669,176.9535125869467,0.01602696251,0.05713213750999999,0.000993,79.032985,11007,51,0,0,0,0,,,,c68f9e134eb5a57162815f4876faa6846004a3ae,1f2680a5b9065e708a7497adc53a95b108029b98,3.13.14,2026-10-02T12:24:18.134769+00:00,bell_diagonal,siv_2024_theoretical_ops,until_target,0,1.0,1.0,1.0,0.5,0.9
R02_routing,R02_routing:mesh@theoretical_ops:80436b1f968c95fe:shortest_hop_count__automatic__conservative_min:15:r02_routing-mesh,mesh@theoretical_ops,80436b1f968c95fe,15,r02_routing-mesh,shortest_hop_count,automatic,False,a0 -> a1 -> a2 -> b2,3,4,10,0.5,conservative_min,0.6535217777777778,0.6425490295739377,-0.010972748203840088,-0.01679017987916424,0.3,0.0003,5000.0,2.0,True,True,,SATISFIED,45,35,4.5,11.25,0.6425490295739377,0.5958692161287781,150.0,161.73413495958803,0.014726837509999998,0.07728460001000001,0.000657,81.868355,8596,47,0,0,0,0,,,,c68f9e134eb5a57162815f4876faa6846004a3ae,1f2680a5b9065e708a7497adc53a95b108029b98,3.13.14,2026-10-02T12:24:22.939967+00:00,bell_diagonal,siv_2024_theoretical_ops,until_target,0,1.0,1.0,1.0,0.5,0.9
R02_routing,R02_routing:mesh@theoretical_ops:80436b1f968c95fe:shortest_hop_count__automatic__conservative_min:13:r02_routing-mesh,mesh@theoretical_ops,80436b1f968c95fe,13,r02_routing-mesh,shortest_hop_count,automatic,False,a0 -> a1 -> a2 -> b2,3,4,10,0.5,conservative_min,0.6535217777777778,0.646187430851111,-0.0073343469266667904,-0.011222804160568842,0.3,0.0003,5000.0,2.0,True,True,,SATISFIED,58,48,5.8,14.5,0.646187430851111,0.6267710376803798,193.33333333333334,202.7901919999182,0.0038254625100000005,0.03722951251,0.000964,86.620676,9011,61,0,0,0,0,,,,c68f9e134eb5a57162815f4876faa6846004a3ae,1f2680a5b9065e708a7497adc53a95b108029b98,3.13.14,2026-10-02T12:24:25.283376+00:00,bell_diagonal,siv_2024_theoretical_ops,until_target,0,1.0,1.0,1.0,0.5,0.9
R02_routing,R02_routing:mesh@theoretical_ops:80436b1f968c95fe:shortest_hop_count__automatic__conservative_min:12:r02_routing-mesh,mesh@theoretical_ops,80436b1f968c95fe,12,r02_routing-mesh,shortest_hop_count,automatic,False,a0 -> a1 -> a2 -> b2,3,4,10,0.5,conservative_min,0.6535217777777778,0.6463590394423503,-0.007162738335427465,-0.010960213689868907,0.3,0.0003,5000.0,2.0,True,True,,SATISFIED,52,42,5.2,13.0,0.6463590394423503,0.6305841206869343,173.33333333333334,175.75866375081915,0.0029503625100000003,0.06245771250999999,0.000589,89.37439,8696,53,0,0,0,0,,,,c68f9e134eb5a57162815f4876faa6846004a3ae,1f2680a5b9065e708a7497adc53a95b108029b98,3.13.14,2026-10-02T12:24:25.777811+00:00,bell_diagonal,siv_2024_theoretical_ops,until_target,0,1.0,1.0,1.0,0.5,0.9
R02_routing,R02_routing:mesh@theoretical_ops:80436b1f968c95fe:shortest_hop_count__automatic__conservative_min:17:r02_routing-mesh,mesh@theoretical_ops,80436b1f968c95fe,17,r02_routing-mesh,shortest_hop_count,automatic,False,a0 -> a1 -> a2 -> b2,3,4,10,0.5,conservative_min,0.6535217777777778,0.6451503048502056,-0.008371472927572121,-0.012809784175882109,0.3,0.0003,5000.0,2.0,True,True,,SATISFIED,51,41,5.1,12.75,0.6451503048502056,0.6173269949310071,170.0,176.57103210269094,0.006425775010000001,0.06648327501000001,0.001058,88.575373,9064,52,0,0,0,0,,,,c68f9e134eb5a57162815f4876faa6846004a3ae,1f2680a5b9065e708a7497adc53a95b108029b98,3.13.14,2026-10-02T12:24:34.155534+00:00,bell_diagonal,siv_2024_theoretical_ops,until_target,0,1.0,1.0,1.0,0.5,0.9
R02_routing,R02_routing:mesh@theoretical_ops:80436b1f968c95fe:shortest_hop_count__automatic__conservative_min:16:r02_routing-mesh,mesh@theoretical_ops,80436b1f968c95fe,16,r02_routing-mesh,shortest_hop_count,automatic,False,a0 -> a1 -> a2 -> b2,3,4,10,0.5,conservative_min,0.6535217777777778,0.6457001442530861,-0.007821633524691674,-0.011968435927702666,0.3,0.0003,5000.0,2.0,True,True,,SATISFIED,47,37,4.7,11.75,0.6457001442530861,0.6251478181569262,156.66666666666669,163.88596640111038,0.00792596251,0.06260768751000001,0.000713,91.308275,8453,50,0,0,0,0,,,,c68f9e134eb5a57162815f4876faa6846004a3ae,1f2680a5b9065e708a7497adc53a95b108029b98,3.13.14,2026-10-02T12:24:35.073172+00:00,bell_diagonal,siv_2024_theoretical_ops,until_target,0,1.0,1.0,1.0,0.5,0.9
R02_routing,R02_routing:mesh@theoretical_ops:a686beca965dc03b:least_loss__automatic__conservative_min:2:r02_routing-mesh,mesh@theoretical_ops,a686beca965dc03b,2,r02_routing-mesh,least_loss,automatic,False,a0 -> a1 -> a2 -> b2,3,4,10,0.5,conservative_min,0.6535217777777778,0.6372270672795176,-0.016294710498260145,-0.02493369165702228,0.3,0.0003,5000.0,2.0,True,True,,SATISFIED,36,26,3.6,9.0,0.6372270672795176,0.5985748190645287,120.0,125.92501873462585,0.008826062510000001,0.09028532501,0.00098,63.762383,6682,36,0,0,0,0,,,,c68f9e134eb5a57162815f4876faa6846004a3ae,1f2680a5b9065e708a7497adc53a95b108029b98,3.13.14,2026-10-02T12:25:38.412167+00:00,bell_diagonal,siv_2024_theoretical_ops,until_target,0,1.0,1.0,1.0,0.5,0.9
R02_routing,R02_routing:mesh@theoretical_ops:80436b1f968c95fe:shortest_hop_count__automatic__conservative_min:18:r02_routing-mesh,mesh@theoretical_ops,80436b1f968c95fe,18,r02_routing-mesh,shortest_hop_count,automatic,False,a0 -> a1 -> a2 -> b2,3,4,10,0.5,conservative_min,0.6535217777777778,0.6465082979049973,-0.007013479872780448,-0.010731822735317167,0.3,0.0003,5000.0,2.0,True,True,,SATISFIED,53,43,5.3,13.25,0.6465082979049973,0.62462495628507,176.66666666666669,179.31967131719264,0.004050487509999999,0.05718211251,0.000523,80.077815,10112,53,0,0,0,0,,,,c68f9e134eb5a57162815f4876faa6846004a3ae,1f2680a5b9065e708a7497adc53a95b108029b98,3.13.14,2026-10-02T12:25:38.801421+00:00,bell_diagonal,siv_2024_theoretical_ops,until_target,0,1.0,1.0,1.0,0.5,0.9
R02_routing,R02_routing:mesh@theoretical_ops:a686beca965dc03b:least_loss__automatic__conservative_min:1:r02_routing-mesh,mesh@theoretical_ops,a686beca965dc03b,1,r02_routing-mesh,least_loss,automatic,False,a0 -> a1 -> a2 -> b2,3,4,10,0.5,conservative_min,0.6535217777777778,0.6440369627221605,-0.009484815055617268,-0.014513387890254005,0.3,0.0003,5000.0,2.0,True,True,,SATISFIED,46,36,4.6,11.5,0.6440369627221605,0.6046274118594472,153.33333333333334,155.54446268052985,0.0025503125099999996,0.04580566251,0.016531,74.342823,7965,47,0,0,0,0,,,,c68f9e134eb5a57162815f4876faa6846004a3ae,1f2680a5b9065e708a7497adc53a95b108029b98,3.13.14,2026-10-02T12:25:40.729062+00:00,bell_diagonal,siv_2024_theoretical_ops,until_target,0,1.0,1.0,1.0,0.5,0.9
R02_routing,R02_routing:mesh@theoretical_ops:80436b1f968c95fe:shortest_hop_count__automatic__conservative_min:19:r02_routing-mesh,mesh@theoretical_ops,80436b1f968c95fe,19,r02_routing-mesh,shortest_hop_count,automatic,False,a0 -> a1 -> a2 -> b2,3,4,10,0.5,conservative_min,0.6535217777777778,0.6465364828814998,-0.0069852948962779715,-0.01068869490475226,0.3,0.0003,5000.0,2.0,True,True,,SATISFIED,49,39,4.9,12.25,0.6465364828814998,0.6193622347705463,163.33333333333334,180.7726268185692,0.01392671251,0.07593443751000001,0.000572,79.236028,8736,49,0,0,0,0,,,,c68f9e134eb5a57162815f4876faa6846004a3ae,1f2680a5b9065e708a7497adc53a95b108029b98,3.13.14,2026-10-02T12:25:42.665486+00:00,bell_diagonal,siv_2024_theoretical_ops,until_target,0,1.0,1.0,1.0,0.5,0.9
R02_routing,R02_routing:mesh@theoretical_ops:a686beca965dc03b:least_loss__automatic__conservative_min:3:r02_routing-mesh,mesh@theoretical_ops,a686beca965dc03b,3,r02_routing-mesh,least_loss,automatic,False,a0 -> a1 -> a2 -> b2,3,4,10,0.5,conservative_min,0.6535217777777778,0.6429814365564946,-0.010540341221283112,-0.016128523302045533,0.3,0.0003,5000.0,2.0,True,True,,SATISFIED,50,40,5.0,12.5,0.6429814365564946,0.6148313979885499,166.66666666666669,174.13373148430588,0.006350775009999999,0.08678573751,0.000876,67.4499,8822,51,0,0,0,0,,,,c68f9e134eb5a57162815f4876faa6846004a3ae,1f2680a5b9065e708a7497adc53a95b108029b98,3.13.14,2026-10-02T12:25:42.997158+00:00,bell_diagonal,siv_2024_theoretical_ops,until_target,0,1.0,1.0,1.0,0.5,0.9
R02_routing,R02_routing:mesh@theoretical_ops:a686beca965dc03b:least_loss__automatic__conservative_min:0:r02_routing-mesh,mesh@theoretical_ops,a686beca965dc03b,0,r02_routing-mesh,least_loss,automatic,False,a0 -> a1 -> a2 -> b2,3,4,10,0.5,conservative_min,0.6535217777777778,0.6467755274259479,-0.006746250351829852,-0.010322915901547559,0.3,0.0003,5000.0,2.0,True,True,,SATISFIED,53,43,5.3,13.25,0.6467755274259479,0.6234325202856104,176.66666666666669,195.87297489749233,0.02072756251,0.07678455001000001,0.001773,78.454959,10094,55,0,0,0,0,,,,c68f9e134eb5a57162815f4876faa6846004a3ae,1f2680a5b9065e708a7497adc53a95b108029b98,3.13.14,2026-10-02T12:25:44.290538+00:00,bell_diagonal,siv_2024_theoretical_ops,until_target,0,1.0,1.0,1.0,0.5,0.9
R02_routing,R02_routing:mesh@theoretical_ops:a686beca965dc03b:least_loss__automatic__conservative_min:5:r02_routing-mesh,mesh@theoretical_ops,a686beca965dc03b,5,r02_routing-mesh,least_loss,automatic,False,a0 -> a1 -> a2 -> b2,3,4,10,0.5,conservative_min,0.6535217777777778,0.6436894881083365,-0.009832289669441274,-0.015045083429162519,0.3,0.0003,5000.0,2.0,True,True,,SATISFIED,42,32,4.2,10.5,0.6436894881083365,0.6188985658438008,140.0,160.40818536235204,0.03662956251,0.09073601251,0.005945,83.090889,8797,43,0,0,0,0,,,,c68f9e134eb5a57162815f4876faa6846004a3ae,1f2680a5b9065e708a7497adc53a95b108029b98,3.13.14,2026-10-02T12:27:02.418873+00:00,bell_diagonal,siv_2024_theoretical_ops,until_target,0,1.0,1.0,1.0,0.5,0.9
R02_routing,R02_routing:mesh@theoretical_ops:a686beca965dc03b:least_loss__automatic__conservative_min:4:r02_routing-mesh,mesh@theoretical_ops,a686beca965dc03b,4,r02_routing-mesh,least_loss,automatic,False,a0 -> a1 -> a2 -> b2,3,4,10,0.5,conservative_min,0.6535217777777778,0.6450263209896638,-0.00849545678811392,-0.012999500670049128,0.3,0.0003,5000.0,2.0,True,True,,SATISFIED,48,38,4.8,12.0,0.6450263209896638,0.6277671968429328,160.0,169.17355589994318,0.01232652501,0.09173643751,0.001828,84.846285,7995,49,0,0,0,0,,,,c68f9e134eb5a57162815f4876faa6846004a3ae,1f2680a5b9065e708a7497adc53a95b108029b98,3.13.14,2026-10-02T12:27:03.784046+00:00,bell_diagonal,siv_2024_theoretical_ops,until_target,0,1.0,1.0,1.0,0.5,0.9
R02_routing,R02_routing:mesh@theoretical_ops:a686beca965dc03b:least_loss__automatic__conservative_min:8:r02_routing-mesh,mesh@theoretical_ops,a686beca965dc03b,8,r02_routing-mesh,least_loss,automatic,False,a0 -> a1 -> a2 -> b2,3,4,10,0.5,conservative_min,0.6535217777777778,0.6444339864272963,-0.009087791350481433,-0.013905873774219698,0.3,0.0003,5000.0,2.0,True,True,,SATISFIED,48,38,4.8,12.0,0.6444339864272963,0.6078022986829561,160.0,167.0231203929184,0.00955116251,0.045305400009999997,0.008254,80.851267,10122,48,0,0,0,0,,,,c68f9e134eb5a57162815f4876faa6846004a3ae,1f2680a5b9065e708a7497adc53a95b108029b98,3.13.14,2026-10-02T12:27:04.354954+00:00,bell_diagonal,siv_2024_theoretical_ops,until_target,0,1.0,1.0,1.0,0.5,0.9
R02_routing,R02_routing:mesh@theoretical_ops:a686beca965dc03b:least_loss__automatic__conservative_min:9:r02_routing-mesh,mesh@theoretical_ops,a686beca965dc03b,9,r02_routing-mesh,least_loss,automatic,False,a0 -> a1 -> a2 -> b2,3,4,10,0.5,conservative_min,0.6535217777777778,0.6434468749833154,-0.010074902794462326,-0.015416322970476702,0.3,0.0003,5000.0,2.0,True,True,,SATISFIED,43,33,4.3,10.75,0.6434468749833154,0.6149876536163231,143.33333333333334,149.71676330288932,0.0042255125099999995,0.08836105001000001,0.001141,81.451108,7715,45,0,0,0,0,,,,c68f9e134eb5a57162815f4876faa6846004a3ae,1f2680a5b9065e708a7497adc53a95b108029b98,3.13.14,2026-10-02T12:27:06.478648+00:00,bell_diagonal,siv_2024_theoretical_ops,until_target,0,1.0,1.0,1.0,0.5,0.9
R02_routing,R02_routing:mesh@theoretical_ops:a686beca965dc03b:least_loss__automatic__conservative_min:6:r02_routing-mesh,mesh@theoretical_ops,a686beca965dc03b,6,r02_routing-mesh,least_loss,automatic,False,a0 -> a1 -> a2 -> b2,3,4,10,0.5,conservative_min,0.6535217777777778,0.6465308069293935,-0.0069909708483842925,-0.010697380081435462,0.3,0.0003,5000.0,2.0,True,True,,SATISFIED,52,42,5.2,13.0,0.6465308069293935,0.6289807171266089,173.33333333333334,180.8156507072804,0.008726050009999998,0.06780841251,0.001118,87.348738,8701,54,0,0,0,0,,,,c68f9e134eb5a57162815f4876faa6846004a3ae,1f2680a5b9065e708a7497adc53a95b108029b98,3.13.14,2026-10-02T12:27:08.613416+00:00,bell_diagonal,siv_2024_theoretical_ops,until_target,0,1.0,1.0,1.0,0.5,0.9
R02_routing,R02_routing:mesh@theoretical_ops:a686beca965dc03b:least_loss__automatic__conservative_min:7:r02_routing-mesh,mesh@theoretical_ops,a686beca965dc03b,7,r02_routing-mesh,least_loss,automatic,False,a0 -> a1 -> a2 -> b2,3,4,10,0.5,conservative_min,0.6535217777777778,0.6462742544107357,-0.007247523367042041,-0.01108994927710959,0.3,0.0003,5000.0,2.0,True,True,,SATISFIED,54,44,5.4,13.5,0.6462742544107357,0.6316814838858159,180.0,184.12138065633562,0.00422552501,0.05990743751,0.007275,88.012264,9086,56,0,0,0,0,,,,c68f9e134eb5a57162815f4876faa6846004a3ae,1f2680a5b9065e708a7497adc53a95b108029b98,3.13.14,2026-10-02T12:27:11.213552+00:00,bell_diagonal,siv_2024_theoretical_ops,until_target,0,1.0,1.0,1.0,0.5,0.9
R02_routing,R02_routing:mesh@theoretical_ops:a686beca965dc03b:least_loss__automatic__conservative_min:11:r02_routing-mesh,mesh@theoretical_ops,a686beca965dc03b,11,r02_routing-mesh,least_loss,automatic,False,a0 -> a1 -> a2 -> b2,3,4,10,0.5,conservative_min,0.6535217777777778,0.6444561105885175,-0.009065667189260274,-0.013872020026764808,0.3,0.0003,5000.0,2.0,True,True,,SATISFIED,51,41,5.1,12.75,0.6444561105885175,0.606281177524354,170.0,190.3637319017981,0.02312785001,0.08381042501000001,0.007547,84.389895,9037,51,0,0,0,0,,,,c68f9e134eb5a57162815f4876faa6846004a3ae,1f2680a5b9065e708a7497adc53a95b108029b98,3.13.14,2026-10-02T12:28:28.657834+00:00,bell_diagonal,siv_2024_theoretical_ops,until_target,0,1.0,1.0,1.0,0.5,0.9
R02_routing,R02_routing:mesh@theoretical_ops:a686beca965dc03b:least_loss__automatic__conservative_min:14:r02_routing-mesh,mesh@theoretical_ops,a686beca965dc03b,14,r02_routing-mesh,least_loss,automatic,False,a0 -> a1 -> a2 -> b2,3,4,10,0.5,conservative_min,0.6535217777777778,0.6432657439284091,-0.010256033849368684,-0.01569348443787611,0.3,0.0003,5000.0,2.0,True,True,,SATISFIED,50,40,5.0,12.5,0.6432657439284091,0.6077239089261853,166.66666666666669,176.9535125869467,0.01602696251,0.05713213750999999,0.000798,80.441947,11007,51,0,0,0,0,,,,c68f9e134eb5a57162815f4876faa6846004a3ae,1f2680a5b9065e708a7497adc53a95b108029b98,3.13.14,2026-10-02T12:28:29.505224+00:00,bell_diagonal,siv_2024_theoretical_ops,until_target,0,1.0,1.0,1.0,0.5,0.9
R02_routing,R02_routing:mesh@theoretical_ops:a686beca965dc03b:least_loss__automatic__conservative_min:10:r02_routing-mesh,mesh@theoretical_ops,a686beca965dc03b,10,r02_routing-mesh,least_loss,automatic,False,a0 -> a1 -> a2 -> b2,3,4,10,0.5,conservative_min,0.6535217777777778,0.6451999954826755,-0.008321782295102276,-0.012733749016596655,0.3,0.0003,5000.0,2.0,True,True,,SATISFIED,45,35,4.5,11.25,0.6451999954826755,0.6289619393531366,150.0,156.44788212590768,0.00922612501,0.06993368751000001,0.008446,87.589365,9065,48,0,0,0,0,,,,c68f9e134eb5a57162815f4876faa6846004a3ae,1f2680a5b9065e708a7497adc53a95b108029b98,3.13.14,2026-10-02T12:28:30.518394+00:00,bell_diagonal,siv_2024_theoretical_ops,until_target,0,1.0,1.0,1.0,0.5,0.9
R02_routing,R02_routing:mesh@theoretical_ops:a686beca965dc03b:least_loss__automatic__conservative_min:15:r02_routing-mesh,mesh@theoretical_ops,a686beca965dc03b,15,r02_routing-mesh,least_loss,automatic,False,a0 -> a1 -> a2 -> b2,3,4,10,0.5,conservative_min,0.6535217777777778,0.6425490295739377,-0.010972748203840088,-0.01679017987916424,0.3,0.0003,5000.0,2.0,True,True,,SATISFIED,45,35,4.5,11.25,0.6425490295739377,0.5958692161287781,150.0,161.73413495958803,0.014726837509999998,0.07728460001000001,0.007163,82.198612,8596,47,0,0,0,0,,,,c68f9e134eb5a57162815f4876faa6846004a3ae,1f2680a5b9065e708a7497adc53a95b108029b98,3.13.14,2026-10-02T12:28:33.875293+00:00,bell_diagonal,siv_2024_theoretical_ops,until_target,0,1.0,1.0,1.0,0.5,0.9
R02_routing,R02_routing:mesh@theoretical_ops:a686beca965dc03b:least_loss__automatic__conservative_min:13:r02_routing-mesh,mesh@theoretical_ops,a686beca965dc03b,13,r02_routing-mesh,least_loss,automatic,False,a0 -> a1 -> a2 -> b2,3,4,10,0.5,conservative_min,0.6535217777777778,0.646187430851111,-0.0073343469266667904,-0.011222804160568842,0.3,0.0003,5000.0,2.0,True,True,,SATISFIED,58,48,5.8,14.5,0.646187430851111,0.6267710376803798,193.33333333333334,202.7901919999182,0.0038254625100000005,0.03722951251,0.010871,87.261182,9011,61,0,0,0,0,,,,c68f9e134eb5a57162815f4876faa6846004a3ae,1f2680a5b9065e708a7497adc53a95b108029b98,3.13.14,2026-10-02T12:28:34.269709+00:00,bell_diagonal,siv_2024_theoretical_ops,until_target,0,1.0,1.0,1.0,0.5,0.9
R02_routing,R02_routing:mesh@theoretical_ops:a686beca965dc03b:least_loss__automatic__conservative_min:12:r02_routing-mesh,mesh@theoretical_ops,a686beca965dc03b,12,r02_routing-mesh,least_loss,automatic,False,a0 -> a1 -> a2 -> b2,3,4,10,0.5,conservative_min,0.6535217777777778,0.6463590394423503,-0.007162738335427465,-0.010960213689868907,0.3,0.0003,5000.0,2.0,True,True,,SATISFIED,52,42,5.2,13.0,0.6463590394423503,0.6305841206869343,173.33333333333334,175.75866375081915,0.0029503625100000003,0.06245771250999999,0.000862,90.450699,8696,53,0,0,0,0,,,,c68f9e134eb5a57162815f4876faa6846004a3ae,1f2680a5b9065e708a7497adc53a95b108029b98,3.13.14,2026-10-02T12:28:35.298272+00:00,bell_diagonal,siv_2024_theoretical_ops,until_target,0,1.0,1.0,1.0,0.5,0.9
R02_routing,R02_routing:mesh@theoretical_ops:a686beca965dc03b:least_loss__automatic__conservative_min:17:r02_routing-mesh,mesh@theoretical_ops,a686beca965dc03b,17,r02_routing-mesh,least_loss,automatic,False,a0 -> a1 -> a2 -> b2,3,4,10,0.5,conservative_min,0.6535217777777778,0.6451503048502056,-0.008371472927572121,-0.012809784175882109,0.3,0.0003,5000.0,2.0,True,True,,SATISFIED,51,41,5.1,12.75,0.6451503048502056,0.6173269949310071,170.0,176.57103210269094,0.006425775010000001,0.06648327501000001,0.007173,90.580481,9064,52,0,0,0,0,,,,c68f9e134eb5a57162815f4876faa6846004a3ae,1f2680a5b9065e708a7497adc53a95b108029b98,3.13.14,2026-10-02T12:30:00.543572+00:00,bell_diagonal,siv_2024_theoretical_ops,until_target,0,1.0,1.0,1.0,0.5,0.9
R02_routing,R02_routing:mesh@theoretical_ops:a686beca965dc03b:least_loss__automatic__conservative_min:16:r02_routing-mesh,mesh@theoretical_ops,a686beca965dc03b,16,r02_routing-mesh,least_loss,automatic,False,a0 -> a1 -> a2 -> b2,3,4,10,0.5,conservative_min,0.6535217777777778,0.6457001442530861,-0.007821633524691674,-0.011968435927702666,0.3,0.0003,5000.0,2.0,True,True,,SATISFIED,47,37,4.7,11.75,0.6457001442530861,0.6251478181569262,156.66666666666669,163.88596640111038,0.00792596251,0.06260768751000001,0.000935,94.051761,8453,50,0,0,0,0,,,,c68f9e134eb5a57162815f4876faa6846004a3ae,1f2680a5b9065e708a7497adc53a95b108029b98,3.13.14,2026-10-02T12:30:03.166159+00:00,bell_diagonal,siv_2024_theoretical_ops,until_target,0,1.0,1.0,1.0,0.5,0.9
R02_routing,R02_routing:mesh@theoretical_ops:a686beca965dc03b:least_loss__automatic__conservative_min:18:r02_routing-mesh,mesh@theoretical_ops,a686beca965dc03b,18,r02_routing-mesh,least_loss,automatic,False,a0 -> a1 -> a2 -> b2,3,4,10,0.5,conservative_min,0.6535217777777778,0.6465082979049973,-0.007013479872780448,-0.010731822735317167,0.3,0.0003,5000.0,2.0,True,True,,SATISFIED,53,43,5.3,13.25,0.6465082979049973,0.62462495628507,176.66666666666669,179.31967131719264,0.004050487509999999,0.05718211251,0.000774,93.963737,10112,53,0,0,0,0,,,,c68f9e134eb5a57162815f4876faa6846004a3ae,1f2680a5b9065e708a7497adc53a95b108029b98,3.13.14,2026-10-02T12:30:05.149193+00:00,bell_diagonal,siv_2024_theoretical_ops,until_target,0,1.0,1.0,1.0,0.5,0.9
R02_routing,R02_routing:mesh@theoretical_ops:c8a11b361b27778d:highest_fidelity__automatic__conservative_min:1:r02_routing-mesh,mesh@theoretical_ops,c8a11b361b27778d,1,r02_routing-mesh,highest_fidelity,automatic,False,a0 -> a1 -> a2 -> b2,3,4,10,0.5,conservative_min,0.6535217777777778,0.6440369627221605,-0.009484815055617268,-0.014513387890254005,0.3,0.0003,5000.0,2.0,True,True,,SATISFIED,46,36,4.6,11.5,0.6440369627221605,0.6046274118594472,153.33333333333334,155.54446268052985,0.0025503125099999996,0.04580566251,0.044127,89.28216,7965,47,0,0,0,0,,,,c68f9e134eb5a57162815f4876faa6846004a3ae,1f2680a5b9065e708a7497adc53a95b108029b98,3.13.14,2026-10-02T12:30:05.342332+00:00,bell_diagonal,siv_2024_theoretical_ops,until_target,0,1.0,1.0,1.0,0.5,0.9
R02_routing,R02_routing:mesh@theoretical_ops:a686beca965dc03b:least_loss__automatic__conservative_min:19:r02_routing-mesh,mesh@theoretical_ops,a686beca965dc03b,19,r02_routing-mesh,least_loss,automatic,False,a0 -> a1 -> a2 -> b2,3,4,10,0.5,conservative_min,0.6535217777777778,0.6465364828814998,-0.0069852948962779715,-0.01068869490475226,0.3,0.0003,5000.0,2.0,True,True,,SATISFIED,49,39,4.9,12.25,0.6465364828814998,0.6193622347705463,163.33333333333334,180.7726268185692,0.01392671251,0.07593443751000001,0.001516,96.073252,8736,49,0,0,0,0,,,,c68f9e134eb5a57162815f4876faa6846004a3ae,1f2680a5b9065e708a7497adc53a95b108029b98,3.13.14,2026-10-02T12:30:10.848814+00:00,bell_diagonal,siv_2024_theoretical_ops,until_target,0,1.0,1.0,1.0,0.5,0.9
R02_routing,R02_routing:mesh@theoretical_ops:c8a11b361b27778d:highest_fidelity__automatic__conservative_min:0:r02_routing-mesh,mesh@theoretical_ops,c8a11b361b27778d,0,r02_routing-mesh,highest_fidelity,automatic,False,a0 -> a1 -> a2 -> b2,3,4,10,0.5,conservative_min,0.6535217777777778,0.6467755274259479,-0.006746250351829852,-0.010322915901547559,0.3,0.0003,5000.0,2.0,True,True,,SATISFIED,53,43,5.3,13.25,0.6467755274259479,0.6234325202856104,176.66666666666669,195.87297489749233,0.02072756251,0.07678455001000001,0.036796,101.226251,10094,55,0,0,0,0,,,,c68f9e134eb5a57162815f4876faa6846004a3ae,1f2680a5b9065e708a7497adc53a95b108029b98,3.13.14,2026-10-02T12:30:16.335054+00:00,bell_diagonal,siv_2024_theoretical_ops,until_target,0,1.0,1.0,1.0,0.5,0.9
R02_routing,R02_routing:mesh@theoretical_ops:c8a11b361b27778d:highest_fidelity__automatic__conservative_min:2:r02_routing-mesh,mesh@theoretical_ops,c8a11b361b27778d,2,r02_routing-mesh,highest_fidelity,automatic,False,a0 -> a1 -> a2 -> b2,3,4,10,0.5,conservative_min,0.6535217777777778,0.6372270672795176,-0.016294710498260145,-0.02493369165702228,0.3,0.0003,5000.0,2.0,True,True,,SATISFIED,36,26,3.6,9.0,0.6372270672795176,0.5985748190645287,120.0,125.92501873462585,0.008826062510000001,0.09028532501,0.049252,99.666987,6682,36,0,0,0,0,,,,c68f9e134eb5a57162815f4876faa6846004a3ae,1f2680a5b9065e708a7497adc53a95b108029b98,3.13.14,2026-10-02T12:31:40.884069+00:00,bell_diagonal,siv_2024_theoretical_ops,until_target,0,1.0,1.0,1.0,0.5,0.9
R02_routing,R02_routing:mesh@theoretical_ops:c8a11b361b27778d:highest_fidelity__automatic__conservative_min:3:r02_routing-mesh,mesh@theoretical_ops,c8a11b361b27778d,3,r02_routing-mesh,highest_fidelity,automatic,False,a0 -> a1 -> a2 -> b2,3,4,10,0.5,conservative_min,0.6535217777777778,0.6429814365564946,-0.010540341221283112,-0.016128523302045533,0.3,0.0003,5000.0,2.0,True,True,,SATISFIED,50,40,5.0,12.5,0.6429814365564946,0.6148313979885499,166.66666666666669,174.13373148430588,0.006350775009999999,0.08678573751,0.034976,107.136841,8822,51,0,0,0,0,,,,c68f9e134eb5a57162815f4876faa6846004a3ae,1f2680a5b9065e708a7497adc53a95b108029b98,3.13.14,2026-10-02T12:31:50.916100+00:00,bell_diagonal,siv_2024_theoretical_ops,until_target,0,1.0,1.0,1.0,0.5,0.9
R02_routing,R02_routing:mesh@theoretical_ops:c8a11b361b27778d:highest_fidelity__automatic__conservative_min:5:r02_routing-mesh,mesh@theoretical_ops,c8a11b361b27778d,5,r02_routing-mesh,highest_fidelity,automatic,False,a0 -> a1 -> a2 -> b2,3,4,10,0.5,conservative_min,0.6535217777777778,0.6436894881083365,-0.009832289669441274,-0.015045083429162519,0.3,0.0003,5000.0,2.0,True,True,,SATISFIED,42,32,4.2,10.5,0.6436894881083365,0.6188985658438008,140.0,160.40818536235204,0.03662956251,0.09073601251,0.001921,110.76831,8797,43,0,0,0,0,,,,c68f9e134eb5a57162815f4876faa6846004a3ae,1f2680a5b9065e708a7497adc53a95b108029b98,3.13.14,2026-10-02T12:31:56.751012+00:00,bell_diagonal,siv_2024_theoretical_ops,until_target,0,1.0,1.0,1.0,0.5,0.9
R02_routing,R02_routing:mesh@theoretical_ops:c8a11b361b27778d:highest_fidelity__automatic__conservative_min:4:r02_routing-mesh,mesh@theoretical_ops,c8a11b361b27778d,4,r02_routing-mesh,highest_fidelity,automatic,False,a0 -> a1 -> a2 -> b2,3,4,10,0.5,conservative_min,0.6535217777777778,0.6450263209896638,-0.00849545678811392,-0.012999500670049128,0.3,0.0003,5000.0,2.0,True,True,,SATISFIED,48,38,4.8,12.0,0.6450263209896638,0.6277671968429328,160.0,169.17355589994318,0.01232652501,0.09173643751,0.068359,114.395518,7995,49,0,0,0,0,,,,c68f9e134eb5a57162815f4876faa6846004a3ae,1f2680a5b9065e708a7497adc53a95b108029b98,3.13.14,2026-10-02T12:32:00.476780+00:00,bell_diagonal,siv_2024_theoretical_ops,until_target,0,1.0,1.0,1.0,0.5,0.9
R02_routing,R02_routing:mesh@theoretical_ops:c8a11b361b27778d:highest_fidelity__automatic__conservative_min:6:r02_routing-mesh,mesh@theoretical_ops,c8a11b361b27778d,6,r02_routing-mesh,highest_fidelity,automatic,False,a0 -> a1 -> a2 -> b2,3,4,10,0.5,conservative_min,0.6535217777777778,0.6465308069293935,-0.0069909708483842925,-0.010697380081435462,0.3,0.0003,5000.0,2.0,True,True,,SATISFIED,52,42,5.2,13.0,0.6465308069293935,0.6289807171266089,173.33333333333334,180.8156507072804,0.008726050009999998,0.06780841251,0.063655,117.46668,8701,54,0,0,0,0,,,,c68f9e134eb5a57162815f4876faa6846004a3ae,1f2680a5b9065e708a7497adc53a95b108029b98,3.13.14,2026-10-02T12:32:09.049744+00:00,bell_diagonal,siv_2024_theoretical_ops,until_target,0,1.0,1.0,1.0,0.5,0.9
R02_routing,R02_routing:mesh@theoretical_ops:c8a11b361b27778d:highest_fidelity__automatic__conservative_min:7:r02_routing-mesh,mesh@theoretical_ops,c8a11b361b27778d,7,r02_routing-mesh,highest_fidelity,automatic,False,a0 -> a1 -> a2 -> b2,3,4,10,0.5,conservative_min,0.6535217777777778,0.6462742544107357,-0.007247523367042041,-0.01108994927710959,0.3,0.0003,5000.0,2.0,True,True,,SATISFIED,54,44,5.4,13.5,0.6462742544107357,0.6316814838858159,180.0,184.12138065633562,0.00422552501,0.05990743751,0.008057,114.343538,9086,56,0,0,0,0,,,,c68f9e134eb5a57162815f4876faa6846004a3ae,1f2680a5b9065e708a7497adc53a95b108029b98,3.13.14,2026-10-02T12:32:11.522502+00:00,bell_diagonal,siv_2024_theoretical_ops,until_target,0,1.0,1.0,1.0,0.5,0.9
R02_routing,R02_routing:mesh@theoretical_ops:c8a11b361b27778d:highest_fidelity__automatic__conservative_min:8:r02_routing-mesh,mesh@theoretical_ops,c8a11b361b27778d,8,r02_routing-mesh,highest_fidelity,automatic,False,a0 -> a1 -> a2 -> b2,3,4,10,0.5,conservative_min,0.6535217777777778,0.6444339864272963,-0.009087791350481433,-0.013905873774219698,0.3,0.0003,5000.0,2.0,True,True,,SATISFIED,48,38,4.8,12.0,0.6444339864272963,0.6078022986829561,160.0,167.0231203929184,0.00955116251,0.045305400009999997,0.008533,95.979883,10122,48,0,0,0,0,,,,c68f9e134eb5a57162815f4876faa6846004a3ae,1f2680a5b9065e708a7497adc53a95b108029b98,3.13.14,2026-10-02T12:33:17.314432+00:00,bell_diagonal,siv_2024_theoretical_ops,until_target,0,1.0,1.0,1.0,0.5,0.9
R02_routing,R02_routing:mesh@theoretical_ops:c8a11b361b27778d:highest_fidelity__automatic__conservative_min:9:r02_routing-mesh,mesh@theoretical_ops,c8a11b361b27778d,9,r02_routing-mesh,highest_fidelity,automatic,False,a0 -> a1 -> a2 -> b2,3,4,10,0.5,conservative_min,0.6535217777777778,0.6434468749833154,-0.010074902794462326,-0.015416322970476702,0.3,0.0003,5000.0,2.0,True,True,,SATISFIED,43,33,4.3,10.75,0.6434468749833154,0.6149876536163231,143.33333333333334,149.71676330288932,0.0042255125099999995,0.08836105001000001,0.001295,101.936883,7715,45,0,0,0,0,,,,c68f9e134eb5a57162815f4876faa6846004a3ae,1f2680a5b9065e708a7497adc53a95b108029b98,3.13.14,2026-10-02T12:33:33.664773+00:00,bell_diagonal,siv_2024_theoretical_ops,until_target,0,1.0,1.0,1.0,0.5,0.9
R02_routing,R02_routing:mesh@theoretical_ops:c8a11b361b27778d:highest_fidelity__automatic__conservative_min:11:r02_routing-mesh,mesh@theoretical_ops,c8a11b361b27778d,11,r02_routing-mesh,highest_fidelity,automatic,False,a0 -> a1 -> a2 -> b2,3,4,10,0.5,conservative_min,0.6535217777777778,0.6444561105885175,-0.009065667189260274,-0.013872020026764808,0.3,0.0003,5000.0,2.0,True,True,,SATISFIED,51,41,5.1,12.75,0.6444561105885175,0.606281177524354,170.0,190.3637319017981,0.02312785001,0.08381042501000001,0.007527,102.646696,9037,51,0,0,0,0,,,,c68f9e134eb5a57162815f4876faa6846004a3ae,1f2680a5b9065e708a7497adc53a95b108029b98,3.13.14,2026-10-02T12:33:43.711560+00:00,bell_diagonal,siv_2024_theoretical_ops,until_target,0,1.0,1.0,1.0,0.5,0.9
R02_routing,R02_routing:mesh@theoretical_ops:c8a11b361b27778d:highest_fidelity__automatic__conservative_min:10:r02_routing-mesh,mesh@theoretical_ops,c8a11b361b27778d,10,r02_routing-mesh,highest_fidelity,automatic,False,a0 -> a1 -> a2 -> b2,3,4,10,0.5,conservative_min,0.6535217777777778,0.6451999954826755,-0.008321782295102276,-0.012733749016596655,0.3,0.0003,5000.0,2.0,True,True,,SATISFIED,45,35,4.5,11.25,0.6451999954826755,0.6289619393531366,150.0,156.44788212590768,0.00922612501,0.06993368751000001,0.001714,108.587538,9065,48,0,0,0,0,,,,c68f9e134eb5a57162815f4876faa6846004a3ae,1f2680a5b9065e708a7497adc53a95b108029b98,3.13.14,2026-10-02T12:33:46.076290+00:00,bell_diagonal,siv_2024_theoretical_ops,until_target,0,1.0,1.0,1.0,0.5,0.9
R02_routing,R02_routing:mesh@theoretical_ops:c8a11b361b27778d:highest_fidelity__automatic__conservative_min:13:r02_routing-mesh,mesh@theoretical_ops,c8a11b361b27778d,13,r02_routing-mesh,highest_fidelity,automatic,False,a0 -> a1 -> a2 -> b2,3,4,10,0.5,conservative_min,0.6535217777777778,0.646187430851111,-0.0073343469266667904,-0.011222804160568842,0.3,0.0003,5000.0,2.0,True,True,,SATISFIED,58,48,5.8,14.5,0.646187430851111,0.6267710376803798,193.33333333333334,202.7901919999182,0.0038254625100000005,0.03722951251,0.009877,104.672886,9011,61,0,0,0,0,,,,c68f9e134eb5a57162815f4876faa6846004a3ae,1f2680a5b9065e708a7497adc53a95b108029b98,3.13.14,2026-10-02T12:33:56.914571+00:00,bell_diagonal,siv_2024_theoretical_ops,until_target,0,1.0,1.0,1.0,0.5,0.9
R02_routing,R02_routing:mesh@theoretical_ops:c8a11b361b27778d:highest_fidelity__automatic__conservative_min:12:r02_routing-mesh,mesh@theoretical_ops,c8a11b361b27778d,12,r02_routing-mesh,highest_fidelity,automatic,False,a0 -> a1 -> a2 -> b2,3,4,10,0.5,conservative_min,0.6535217777777778,0.6463590394423503,-0.007162738335427465,-0.010960213689868907,0.3,0.0003,5000.0,2.0,True,True,,SATISFIED,52,42,5.2,13.0,0.6463590394423503,0.6305841206869343,173.33333333333334,175.75866375081915,0.0029503625100000003,0.06245771250999999,0.007694,107.751798,8696,53,0,0,0,0,,,,c68f9e134eb5a57162815f4876faa6846004a3ae,1f2680a5b9065e708a7497adc53a95b108029b98,3.13.14,2026-10-02T12:33:57.552082+00:00,bell_diagonal,siv_2024_theoretical_ops,until_target,0,1.0,1.0,1.0,0.5,0.9
R02_routing,R02_routing:mesh@theoretical_ops:c8a11b361b27778d:highest_fidelity__automatic__conservative_min:14:r02_routing-mesh,mesh@theoretical_ops,c8a11b361b27778d,14,r02_routing-mesh,highest_fidelity,automatic,False,a0 -> a1 -> a2 -> b2,3,4,10,0.5,conservative_min,0.6535217777777778,0.6432657439284091,-0.010256033849368684,-0.01569348443787611,0.3,0.0003,5000.0,2.0,True,True,,SATISFIED,50,40,5.0,12.5,0.6432657439284091,0.6077239089261853,166.66666666666669,176.9535125869467,0.01602696251,0.05713213750999999,0.001007,91.607544,11007,51,0,0,0,0,,,,c68f9e134eb5a57162815f4876faa6846004a3ae,1f2680a5b9065e708a7497adc53a95b108029b98,3.13.14,2026-10-02T12:34:49.588475+00:00,bell_diagonal,siv_2024_theoretical_ops,until_target,0,1.0,1.0,1.0,0.5,0.9
R02_routing,R02_routing:mesh@theoretical_ops:c8a11b361b27778d:highest_fidelity__automatic__conservative_min:15:r02_routing-mesh,mesh@theoretical_ops,c8a11b361b27778d,15,r02_routing-mesh,highest_fidelity,automatic,False,a0 -> a1 -> a2 -> b2,3,4,10,0.5,conservative_min,0.6535217777777778,0.6425490295739377,-0.010972748203840088,-0.01679017987916424,0.3,0.0003,5000.0,2.0,True,True,,SATISFIED,45,35,4.5,11.25,0.6425490295739377,0.5958692161287781,150.0,161.73413495958803,0.014726837509999998,0.07728460001000001,0.001405,90.602948,8596,47,0,0,0,0,,,,c68f9e134eb5a57162815f4876faa6846004a3ae,1f2680a5b9065e708a7497adc53a95b108029b98,3.13.14,2026-10-02T12:35:04.882815+00:00,bell_diagonal,siv_2024_theoretical_ops,until_target,0,1.0,1.0,1.0,0.5,0.9
R02_routing,R02_routing:mesh@theoretical_ops:c8a11b361b27778d:highest_fidelity__automatic__conservative_min:17:r02_routing-mesh,mesh@theoretical_ops,c8a11b361b27778d,17,r02_routing-mesh,highest_fidelity,automatic,False,a0 -> a1 -> a2 -> b2,3,4,10,0.5,conservative_min,0.6535217777777778,0.6451503048502056,-0.008371472927572121,-0.012809784175882109,0.3,0.0003,5000.0,2.0,True,True,,SATISFIED,51,41,5.1,12.75,0.6451503048502056,0.6173269949310071,170.0,176.57103210269094,0.006425775010000001,0.06648327501000001,0.001292,90.836071,9064,52,0,0,0,0,,,,c68f9e134eb5a57162815f4876faa6846004a3ae,1f2680a5b9065e708a7497adc53a95b108029b98,3.13.14,2026-10-02T12:35:17.461857+00:00,bell_diagonal,siv_2024_theoretical_ops,until_target,0,1.0,1.0,1.0,0.5,0.9
R02_routing,R02_routing:mesh@theoretical_ops:c8a11b361b27778d:highest_fidelity__automatic__conservative_min:16:r02_routing-mesh,mesh@theoretical_ops,c8a11b361b27778d,16,r02_routing-mesh,highest_fidelity,automatic,False,a0 -> a1 -> a2 -> b2,3,4,10,0.5,conservative_min,0.6535217777777778,0.6457001442530861,-0.007821633524691674,-0.011968435927702666,0.3,0.0003,5000.0,2.0,True,True,,SATISFIED,47,37,4.7,11.75,0.6457001442530861,0.6251478181569262,156.66666666666669,163.88596640111038,0.00792596251,0.06260768751000001,0.001028,93.931726,8453,50,0,0,0,0,,,,c68f9e134eb5a57162815f4876faa6846004a3ae,1f2680a5b9065e708a7497adc53a95b108029b98,3.13.14,2026-10-02T12:35:18.145907+00:00,bell_diagonal,siv_2024_theoretical_ops,until_target,0,1.0,1.0,1.0,0.5,0.9
R02_routing,R02_routing:mesh@theoretical_ops:c8a11b361b27778d:highest_fidelity__automatic__conservative_min:19:r02_routing-mesh,mesh@theoretical_ops,c8a11b361b27778d,19,r02_routing-mesh,highest_fidelity,automatic,False,a0 -> a1 -> a2 -> b2,3,4,10,0.5,conservative_min,0.6535217777777778,0.6465364828814998,-0.0069852948962779715,-0.01068869490475226,0.3,0.0003,5000.0,2.0,True,True,,SATISFIED,49,39,4.9,12.25,0.6465364828814998,0.6193622347705463,163.33333333333334,180.7726268185692,0.01392671251,0.07593443751000001,0.007335,89.300279,8736,49,0,0,0,0,,,,c68f9e134eb5a57162815f4876faa6846004a3ae,1f2680a5b9065e708a7497adc53a95b108029b98,3.13.14,2026-10-02T12:35:27.380490+00:00,bell_diagonal,siv_2024_theoretical_ops,until_target,0,1.0,1.0,1.0,0.5,0.9
R02_routing,R02_routing:mesh@theoretical_ops:c8a11b361b27778d:highest_fidelity__automatic__conservative_min:18:r02_routing-mesh,mesh@theoretical_ops,c8a11b361b27778d,18,r02_routing-mesh,highest_fidelity,automatic,False,a0 -> a1 -> a2 -> b2,3,4,10,0.5,conservative_min,0.6535217777777778,0.6465082979049973,-0.007013479872780448,-0.010731822735317167,0.3,0.0003,5000.0,2.0,True,True,,SATISFIED,53,43,5.3,13.25,0.6465082979049973,0.62462495628507,176.66666666666669,179.31967131719264,0.004050487509999999,0.05718211251,0.006463,90.681958,10112,53,0,0,0,0,,,,c68f9e134eb5a57162815f4876faa6846004a3ae,1f2680a5b9065e708a7497adc53a95b108029b98,3.13.14,2026-10-02T12:35:28.010034+00:00,bell_diagonal,siv_2024_theoretical_ops,until_target,0,1.0,1.0,1.0,0.5,0.9
