campaign,trial_id,scenario,parameter_hash,seed,intent_id,planner_level,planner_name,reserved_memory_slots,min_delivered_pairs,requested_fidelity,duration_s,attenuation_db_per_m,route,hop_count,feasible,rejection_reason,predicted_satisfaction_probability,predicted_delivered_pairs,predicted_average_fidelity,purification_rounds_estimate,planning_time_s,final_status,satisfied,delivered_pairs,average_fidelity,observed_fidelity,absolute_fidelity_error,simulation_wall_time_s,project_git_commit,sequence_git_commit,python_version,timestamp
P02b_resource_aware_planners,P02b_resource_aware_planners:three_node:e961642e2e5e233b:L1:0:p02b-intent,three_node,e961642e2e5e233b,0,p02b-intent,L1,conservative_one_round,10,10,0.6,0.05,1e-05,a -> r -> b,2,True,,,,0.6863749999999998,0,0.001643,SATISFIED,True,237,0.6863749999999998,0.6863749999999998,0.0,6.296294,d6023524cac9554649e8b9b6c03d887f613256e4,1f2680a5b9065e708a7497adc53a95b108029b98,3.13.14,2026-07-18T04:35:17.008761+00:00
P02b_resource_aware_planners,P02b_resource_aware_planners:three_node:e961642e2e5e233b:L1:1:p02b-intent,three_node,e961642e2e5e233b,1,p02b-intent,L1,conservative_one_round,10,10,0.6,0.05,1e-05,a -> r -> b,2,True,,,,0.6863749999999998,0,0.001031,SATISFIED,True,256,0.6863749999999998,0.6863749999999998,0.0,6.755413,d6023524cac9554649e8b9b6c03d887f613256e4,1f2680a5b9065e708a7497adc53a95b108029b98,3.13.14,2026-07-18T04:35:23.782838+00:00
P02b_resource_aware_planners,P02b_resource_aware_planners:three_node:e961642e2e5e233b:L1:2:p02b-intent,three_node,e961642e2e5e233b,2,p02b-intent,L1,conservative_one_round,10,10,0.6,0.05,1e-05,a -> r -> b,2,True,,,,0.6863749999999998,0,0.001458,SATISFIED,True,246,0.6863749999999998,0.6863749999999998,0.0,7.262333,d6023524cac9554649e8b9b6c03d887f613256e4,1f2680a5b9065e708a7497adc53a95b108029b98,3.13.14,2026-07-18T04:35:31.068690+00:00
P02b_resource_aware_planners,P02b_resource_aware_planners:three_node:e961642e2e5e233b:L1:3:p02b-intent,three_node,e961642e2e5e233b,3,p02b-intent,L1,conservative_one_round,10,10,0.6,0.05,1e-05,a -> r -> b,2,True,,,,0.6863749999999998,0,0.00093,SATISFIED,True,241,0.6863749999999998,0.6863749999999998,0.0,6.778931,d6023524cac9554649e8b9b6c03d887f613256e4,1f2680a5b9065e708a7497adc53a95b108029b98,3.13.14,2026-07-18T04:35:37.866362+00:00
P02b_resource_aware_planners,P02b_resource_aware_planners:three_node:e961642e2e5e233b:L1:4:p02b-intent,three_node,e961642e2e5e233b,4,p02b-intent,L1,conservative_one_round,10,10,0.6,0.05,1e-05,a -> r -> b,2,True,,,,0.6863749999999998,0,0.000894,SATISFIED,True,236,0.6863749999999998,0.6863749999999998,0.0,6.430883,d6023524cac9554649e8b9b6c03d887f613256e4,1f2680a5b9065e708a7497adc53a95b108029b98,3.13.14,2026-07-18T04:35:44.319880+00:00
P02b_resource_aware_planners,P02b_resource_aware_planners:three_node:e961642e2e5e233b:L1:5:p02b-intent,three_node,e961642e2e5e233b,5,p02b-intent,L1,conservative_one_round,10,10,0.6,0.05,1e-05,a -> r -> b,2,True,,,,0.6863749999999998,0,0.0006,SATISFIED,True,233,0.6863749999999998,0.6863749999999998,0.0,6.322515,d6023524cac9554649e8b9b6c03d887f613256e4,1f2680a5b9065e708a7497adc53a95b108029b98,3.13.14,2026-07-18T04:35:50.659970+00:00
P02b_resource_aware_planners,P02b_resource_aware_planners:three_node:e961642e2e5e233b:L1:6:p02b-intent,three_node,e961642e2e5e233b,6,p02b-intent,L1,conservative_one_round,10,10,0.6,0.05,1e-05,a -> r -> b,2,True,,,,0.6863749999999998,0,0.00066,SATISFIED,True,241,0.6863749999999998,0.6863749999999998,0.0,6.408327,d6023524cac9554649e8b9b6c03d887f613256e4,1f2680a5b9065e708a7497adc53a95b108029b98,3.13.14,2026-07-18T04:35:57.087327+00:00
P02b_resource_aware_planners,P02b_resource_aware_planners:three_node:e961642e2e5e233b:L1:7:p02b-intent,three_node,e961642e2e5e233b,7,p02b-intent,L1,conservative_one_round,10,10,0.6,0.05,1e-05,a -> r -> b,2,True,,,,0.6863749999999998,0,0.000766,SATISFIED,True,241,0.6863749999999998,0.6863749999999998,0.0,6.850496,d6023524cac9554649e8b9b6c03d887f613256e4,1f2680a5b9065e708a7497adc53a95b108029b98,3.13.14,2026-07-18T04:36:03.960594+00:00
P02b_resource_aware_planners,P02b_resource_aware_planners:three_node:e961642e2e5e233b:L1:8:p02b-intent,three_node,e961642e2e5e233b,8,p02b-intent,L1,conservative_one_round,10,10,0.6,0.05,1e-05,a -> r -> b,2,True,,,,0.6863749999999998,0,0.001046,SATISFIED,True,240,0.6863749999999998,0.6863749999999998,0.0,6.591255,d6023524cac9554649e8b9b6c03d887f613256e4,1f2680a5b9065e708a7497adc53a95b108029b98,3.13.14,2026-07-18T04:36:10.582119+00:00
P02b_resource_aware_planners,P02b_resource_aware_planners:three_node:e961642e2e5e233b:L1:9:p02b-intent,three_node,e961642e2e5e233b,9,p02b-intent,L1,conservative_one_round,10,10,0.6,0.05,1e-05,a -> r -> b,2,True,,,,0.6863749999999998,0,0.001156,SATISFIED,True,243,0.6863749999999998,0.6863749999999998,0.0,6.598406,d6023524cac9554649e8b9b6c03d887f613256e4,1f2680a5b9065e708a7497adc53a95b108029b98,3.13.14,2026-07-18T04:36:17.210963+00:00
P02b_resource_aware_planners,P02b_resource_aware_planners:three_node:e961642e2e5e233b:L2:0:p02b-intent,three_node,e961642e2e5e233b,0,p02b-intent,L2,iterative_analytical,10,10,0.6,0.05,1e-05,a -> r -> b,2,True,,,,0.6863749999999998,0,0.001004,SATISFIED,True,237,0.6863749999999998,0.6863749999999998,0.0,6.188427,d6023524cac9554649e8b9b6c03d887f613256e4,1f2680a5b9065e708a7497adc53a95b108029b98,3.13.14,2026-07-18T04:36:23.429008+00:00
P02b_resource_aware_planners,P02b_resource_aware_planners:three_node:e961642e2e5e233b:L2:1:p02b-intent,three_node,e961642e2e5e233b,1,p02b-intent,L2,iterative_analytical,10,10,0.6,0.05,1e-05,a -> r -> b,2,True,,,,0.6863749999999998,0,0.000552,SATISFIED,True,256,0.6863749999999998,0.6863749999999998,0.0,7.208691,d6023524cac9554649e8b9b6c03d887f613256e4,1f2680a5b9065e708a7497adc53a95b108029b98,3.13.14,2026-07-18T04:36:30.658836+00:00
P02b_resource_aware_planners,P02b_resource_aware_planners:three_node:e961642e2e5e233b:L2:2:p02b-intent,three_node,e961642e2e5e233b,2,p02b-intent,L2,iterative_analytical,10,10,0.6,0.05,1e-05,a -> r -> b,2,True,,,,0.6863749999999998,0,0.001016,SATISFIED,True,246,0.6863749999999998,0.6863749999999998,0.0,6.643753,d6023524cac9554649e8b9b6c03d887f613256e4,1f2680a5b9065e708a7497adc53a95b108029b98,3.13.14,2026-07-18T04:36:37.326537+00:00
P02b_resource_aware_planners,P02b_resource_aware_planners:three_node:e961642e2e5e233b:L2:3:p02b-intent,three_node,e961642e2e5e233b,3,p02b-intent,L2,iterative_analytical,10,10,0.6,0.05,1e-05,a -> r -> b,2,True,,,,0.6863749999999998,0,0.000864,SATISFIED,True,241,0.6863749999999998,0.6863749999999998,0.0,6.690077,d6023524cac9554649e8b9b6c03d887f613256e4,1f2680a5b9065e708a7497adc53a95b108029b98,3.13.14,2026-07-18T04:36:44.045613+00:00
P02b_resource_aware_planners,P02b_resource_aware_planners:three_node:e961642e2e5e233b:L2:4:p02b-intent,three_node,e961642e2e5e233b,4,p02b-intent,L2,iterative_analytical,10,10,0.6,0.05,1e-05,a -> r -> b,2,True,,,,0.6863749999999998,0,0.001356,SATISFIED,True,236,0.6863749999999998,0.6863749999999998,0.0,6.580831,d6023524cac9554649e8b9b6c03d887f613256e4,1f2680a5b9065e708a7497adc53a95b108029b98,3.13.14,2026-07-18T04:36:50.654001+00:00
P02b_resource_aware_planners,P02b_resource_aware_planners:three_node:e961642e2e5e233b:L2:5:p02b-intent,three_node,e961642e2e5e233b,5,p02b-intent,L2,iterative_analytical,10,10,0.6,0.05,1e-05,a -> r -> b,2,True,,,,0.6863749999999998,0,0.000585,SATISFIED,True,233,0.6863749999999998,0.6863749999999998,0.0,5.608476,d6023524cac9554649e8b9b6c03d887f613256e4,1f2680a5b9065e708a7497adc53a95b108029b98,3.13.14,2026-07-18T04:36:56.283018+00:00
P02b_resource_aware_planners,P02b_resource_aware_planners:three_node:e961642e2e5e233b:L2:6:p02b-intent,three_node,e961642e2e5e233b,6,p02b-intent,L2,iterative_analytical,10,10,0.6,0.05,1e-05,a -> r -> b,2,True,,,,0.6863749999999998,0,0.001117,SATISFIED,True,241,0.6863749999999998,0.6863749999999998,0.0,5.828365,d6023524cac9554649e8b9b6c03d887f613256e4,1f2680a5b9065e708a7497adc53a95b108029b98,3.13.14,2026-07-18T04:37:02.142911+00:00
P02b_resource_aware_planners,P02b_resource_aware_planners:three_node:e961642e2e5e233b:L2:7:p02b-intent,three_node,e961642e2e5e233b,7,p02b-intent,L2,iterative_analytical,10,10,0.6,0.05,1e-05,a -> r -> b,2,True,,,,0.6863749999999998,0,0.000565,SATISFIED,True,241,0.6863749999999998,0.6863749999999998,0.0,6.253348,d6023524cac9554649e8b9b6c03d887f613256e4,1f2680a5b9065e708a7497adc53a95b108029b98,3.13.14,2026-07-18T04:37:08.420205+00:00
P02b_resource_aware_planners,P02b_resource_aware_planners:three_node:e961642e2e5e233b:L2:8:p02b-intent,three_node,e961642e2e5e233b,8,p02b-intent,L2,iterative_analytical,10,10,0.6,0.05,1e-05,a -> r -> b,2,True,,,,0.6863749999999998,0,0.000706,SATISFIED,True,240,0.6863749999999998,0.6863749999999998,0.0,6.231721,d6023524cac9554649e8b9b6c03d887f613256e4,1f2680a5b9065e708a7497adc53a95b108029b98,3.13.14,2026-07-18T04:37:14.674038+00:00
P02b_resource_aware_planners,P02b_resource_aware_planners:three_node:e961642e2e5e233b:L2:9:p02b-intent,three_node,e961642e2e5e233b,9,p02b-intent,L2,iterative_analytical,10,10,0.6,0.05,1e-05,a -> r -> b,2,True,,,,0.6863749999999998,0,0.00128,SATISFIED,True,243,0.6863749999999998,0.6863749999999998,0.0,7.783833,d6023524cac9554649e8b9b6c03d887f613256e4,1f2680a5b9065e708a7497adc53a95b108029b98,3.13.14,2026-07-18T04:37:22.488722+00:00
P02b_resource_aware_planners,P02b_resource_aware_planners:three_node:e961642e2e5e233b:L2-R:0:p02b-intent,three_node,e961642e2e5e233b,0,p02b-intent,L2-R,iterative_resource_aware,10,10,0.6,0.05,1e-05,a -> r -> b,2,True,,,82.0,0.6863749999999998,0,0.000366,SATISFIED,True,237,0.6863749999999998,0.6863749999999998,0.0,6.949903,d6023524cac9554649e8b9b6c03d887f613256e4,1f2680a5b9065e708a7497adc53a95b108029b98,3.13.14,2026-07-18T04:37:29.457141+00:00
P02b_resource_aware_planners,P02b_resource_aware_planners:three_node:e961642e2e5e233b:L2-R:1:p02b-intent,three_node,e961642e2e5e233b,1,p02b-intent,L2-R,iterative_resource_aware,10,10,0.6,0.05,1e-05,a -> r -> b,2,True,,,82.0,0.6863749999999998,0,0.000354,SATISFIED,True,256,0.6863749999999998,0.6863749999999998,0.0,6.076764,d6023524cac9554649e8b9b6c03d887f613256e4,1f2680a5b9065e708a7497adc53a95b108029b98,3.13.14,2026-07-18T04:37:35.553262+00:00
P02b_resource_aware_planners,P02b_resource_aware_planners:three_node:e961642e2e5e233b:L2-R:2:p02b-intent,three_node,e961642e2e5e233b,2,p02b-intent,L2-R,iterative_resource_aware,10,10,0.6,0.05,1e-05,a -> r -> b,2,True,,,82.0,0.6863749999999998,0,0.000307,SATISFIED,True,246,0.6863749999999998,0.6863749999999998,0.0,6.072997,d6023524cac9554649e8b9b6c03d887f613256e4,1f2680a5b9065e708a7497adc53a95b108029b98,3.13.14,2026-07-18T04:37:41.643990+00:00
P02b_resource_aware_planners,P02b_resource_aware_planners:three_node:e961642e2e5e233b:L2-R:3:p02b-intent,three_node,e961642e2e5e233b,3,p02b-intent,L2-R,iterative_resource_aware,10,10,0.6,0.05,1e-05,a -> r -> b,2,True,,,82.0,0.6863749999999998,0,0.000326,SATISFIED,True,241,0.6863749999999998,0.6863749999999998,0.0,5.933015,d6023524cac9554649e8b9b6c03d887f613256e4,1f2680a5b9065e708a7497adc53a95b108029b98,3.13.14,2026-07-18T04:37:47.601181+00:00
P02b_resource_aware_planners,P02b_resource_aware_planners:three_node:e961642e2e5e233b:L2-R:4:p02b-intent,three_node,e961642e2e5e233b,4,p02b-intent,L2-R,iterative_resource_aware,10,10,0.6,0.05,1e-05,a -> r -> b,2,True,,,82.0,0.6863749999999998,0,0.000299,SATISFIED,True,236,0.6863749999999998,0.6863749999999998,0.0,5.840841,d6023524cac9554649e8b9b6c03d887f613256e4,1f2680a5b9065e708a7497adc53a95b108029b98,3.13.14,2026-07-18T04:37:53.456717+00:00
P02b_resource_aware_planners,P02b_resource_aware_planners:three_node:e961642e2e5e233b:L2-R:5:p02b-intent,three_node,e961642e2e5e233b,5,p02b-intent,L2-R,iterative_resource_aware,10,10,0.6,0.05,1e-05,a -> r -> b,2,True,,,82.0,0.6863749999999998,0,0.000353,SATISFIED,True,233,0.6863749999999998,0.6863749999999998,0.0,6.255029,d6023524cac9554649e8b9b6c03d887f613256e4,1f2680a5b9065e708a7497adc53a95b108029b98,3.13.14,2026-07-18T04:37:59.731976+00:00
P02b_resource_aware_planners,P02b_resource_aware_planners:three_node:e961642e2e5e233b:L2-R:6:p02b-intent,three_node,e961642e2e5e233b,6,p02b-intent,L2-R,iterative_resource_aware,10,10,0.6,0.05,1e-05,a -> r -> b,2,True,,,82.0,0.6863749999999998,0,0.000339,SATISFIED,True,241,0.6863749999999998,0.6863749999999998,0.0,5.624403,d6023524cac9554649e8b9b6c03d887f613256e4,1f2680a5b9065e708a7497adc53a95b108029b98,3.13.14,2026-07-18T04:38:05.372836+00:00
P02b_resource_aware_planners,P02b_resource_aware_planners:three_node:e961642e2e5e233b:L2-R:7:p02b-intent,three_node,e961642e2e5e233b,7,p02b-intent,L2-R,iterative_resource_aware,10,10,0.6,0.05,1e-05,a -> r -> b,2,True,,,82.0,0.6863749999999998,0,0.000331,SATISFIED,True,241,0.6863749999999998,0.6863749999999998,0.0,6.710333,d6023524cac9554649e8b9b6c03d887f613256e4,1f2680a5b9065e708a7497adc53a95b108029b98,3.13.14,2026-07-18T04:38:12.102896+00:00
P02b_resource_aware_planners,P02b_resource_aware_planners:three_node:e961642e2e5e233b:L2-R:8:p02b-intent,three_node,e961642e2e5e233b,8,p02b-intent,L2-R,iterative_resource_aware,10,10,0.6,0.05,1e-05,a -> r -> b,2,True,,,82.0,0.6863749999999998,0,0.000335,SATISFIED,True,240,0.6863749999999998,0.6863749999999998,0.0,7.179728,d6023524cac9554649e8b9b6c03d887f613256e4,1f2680a5b9065e708a7497adc53a95b108029b98,3.13.14,2026-07-18T04:38:19.300367+00:00
P02b_resource_aware_planners,P02b_resource_aware_planners:three_node:e961642e2e5e233b:L2-R:9:p02b-intent,three_node,e961642e2e5e233b,9,p02b-intent,L2-R,iterative_resource_aware,10,10,0.6,0.05,1e-05,a -> r -> b,2,True,,,82.0,0.6863749999999998,0,0.000535,SATISFIED,True,243,0.6863749999999998,0.6863749999999998,0.0,7.711367,d6023524cac9554649e8b9b6c03d887f613256e4,1f2680a5b9065e708a7497adc53a95b108029b98,3.13.14,2026-07-18T04:38:27.035615+00:00
P02b_resource_aware_planners,P02b_resource_aware_planners:three_node:e961642e2e5e233b:L3:0:p02b-intent,three_node,e961642e2e5e233b,0,p02b-intent,L3,probabilistic,10,10,0.6,0.05,1e-05,a -> r -> b,2,True,,1.0,622.1283858447043,0.6863749999999998,0,0.016216,SATISFIED,True,237,0.6863749999999998,0.6863749999999998,0.0,5.753583,d6023524cac9554649e8b9b6c03d887f613256e4,1f2680a5b9065e708a7497adc53a95b108029b98,3.13.14,2026-07-18T04:38:32.822345+00:00
P02b_resource_aware_planners,P02b_resource_aware_planners:three_node:e961642e2e5e233b:L3:1:p02b-intent,three_node,e961642e2e5e233b,1,p02b-intent,L3,probabilistic,10,10,0.6,0.05,1e-05,a -> r -> b,2,True,,1.0,622.1283858447043,0.6863749999999998,0,0.00216,SATISFIED,True,256,0.6863749999999998,0.6863749999999998,0.0,6.485605,d6023524cac9554649e8b9b6c03d887f613256e4,1f2680a5b9065e708a7497adc53a95b108029b98,3.13.14,2026-07-18T04:38:39.331039+00:00
P02b_resource_aware_planners,P02b_resource_aware_planners:three_node:e961642e2e5e233b:L3:2:p02b-intent,three_node,e961642e2e5e233b,2,p02b-intent,L3,probabilistic,10,10,0.6,0.05,1e-05,a -> r -> b,2,True,,1.0,622.1283858447043,0.6863749999999998,0,0.00108,SATISFIED,True,246,0.6863749999999998,0.6863749999999998,0.0,6.263037,d6023524cac9554649e8b9b6c03d887f613256e4,1f2680a5b9065e708a7497adc53a95b108029b98,3.13.14,2026-07-18T04:38:45.613584+00:00
P02b_resource_aware_planners,P02b_resource_aware_planners:three_node:e961642e2e5e233b:L3:3:p02b-intent,three_node,e961642e2e5e233b,3,p02b-intent,L3,probabilistic,10,10,0.6,0.05,1e-05,a -> r -> b,2,True,,1.0,622.1283858447043,0.6863749999999998,0,0.001012,SATISFIED,True,241,0.6863749999999998,0.6863749999999998,0.0,6.477677,d6023524cac9554649e8b9b6c03d887f613256e4,1f2680a5b9065e708a7497adc53a95b108029b98,3.13.14,2026-07-18T04:38:52.115392+00:00
P02b_resource_aware_planners,P02b_resource_aware_planners:three_node:e961642e2e5e233b:L3:4:p02b-intent,three_node,e961642e2e5e233b,4,p02b-intent,L3,probabilistic,10,10,0.6,0.05,1e-05,a -> r -> b,2,True,,1.0,622.1283858447043,0.6863749999999998,0,0.001178,SATISFIED,True,236,0.6863749999999998,0.6863749999999998,0.0,8.012663,d6023524cac9554649e8b9b6c03d887f613256e4,1f2680a5b9065e708a7497adc53a95b108029b98,3.13.14,2026-07-18T04:39:00.146745+00:00
P02b_resource_aware_planners,P02b_resource_aware_planners:three_node:e961642e2e5e233b:L3:5:p02b-intent,three_node,e961642e2e5e233b,5,p02b-intent,L3,probabilistic,10,10,0.6,0.05,1e-05,a -> r -> b,2,True,,1.0,622.1283858447043,0.6863749999999998,0,0.002289,SATISFIED,True,233,0.6863749999999998,0.6863749999999998,0.0,7.446856,d6023524cac9554649e8b9b6c03d887f613256e4,1f2680a5b9065e708a7497adc53a95b108029b98,3.13.14,2026-07-18T04:39:07.616320+00:00
P02b_resource_aware_planners,P02b_resource_aware_planners:three_node:e961642e2e5e233b:L3:6:p02b-intent,three_node,e961642e2e5e233b,6,p02b-intent,L3,probabilistic,10,10,0.6,0.05,1e-05,a -> r -> b,2,True,,1.0,622.1283858447043,0.6863749999999998,0,0.00114,SATISFIED,True,241,0.6863749999999998,0.6863749999999998,0.0,6.888009,d6023524cac9554649e8b9b6c03d887f613256e4,1f2680a5b9065e708a7497adc53a95b108029b98,3.13.14,2026-07-18T04:39:14.531014+00:00
P02b_resource_aware_planners,P02b_resource_aware_planners:three_node:e961642e2e5e233b:L3:7:p02b-intent,three_node,e961642e2e5e233b,7,p02b-intent,L3,probabilistic,10,10,0.6,0.05,1e-05,a -> r -> b,2,True,,1.0,622.1283858447043,0.6863749999999998,0,0.00206,SATISFIED,True,241,0.6863749999999998,0.6863749999999998,0.0,7.840796,d6023524cac9554649e8b9b6c03d887f613256e4,1f2680a5b9065e708a7497adc53a95b108029b98,3.13.14,2026-07-18T04:39:22.397148+00:00
P02b_resource_aware_planners,P02b_resource_aware_planners:three_node:e961642e2e5e233b:L3:8:p02b-intent,three_node,e961642e2e5e233b,8,p02b-intent,L3,probabilistic,10,10,0.6,0.05,1e-05,a -> r -> b,2,True,,1.0,622.1283858447043,0.6863749999999998,0,0.001141,SATISFIED,True,240,0.6863749999999998,0.6863749999999998,0.0,7.314852,d6023524cac9554649e8b9b6c03d887f613256e4,1f2680a5b9065e708a7497adc53a95b108029b98,3.13.14,2026-07-18T04:39:29.731004+00:00
P02b_resource_aware_planners,P02b_resource_aware_planners:three_node:e961642e2e5e233b:L3:9:p02b-intent,three_node,e961642e2e5e233b,9,p02b-intent,L3,probabilistic,10,10,0.6,0.05,1e-05,a -> r -> b,2,True,,1.0,622.1283858447043,0.6863749999999998,0,0.00311,SATISFIED,True,243,0.6863749999999998,0.6863749999999998,0.0,7.242597,d6023524cac9554649e8b9b6c03d887f613256e4,1f2680a5b9065e708a7497adc53a95b108029b98,3.13.14,2026-07-18T04:39:37.011197+00:00
P02b_resource_aware_planners,P02b_resource_aware_planners:three_node:e961642e2e5e233b:L3-R:0:p02b-intent,three_node,e961642e2e5e233b,0,p02b-intent,L3-R,probabilistic_resource_aware,10,10,0.6,0.05,1e-05,a -> r -> b,2,True,,1.0,82.95045144596058,0.6863749999999998,0,0.004227,SATISFIED,True,237,0.6863749999999998,0.6863749999999998,0.0,6.878019,d6023524cac9554649e8b9b6c03d887f613256e4,1f2680a5b9065e708a7497adc53a95b108029b98,3.13.14,2026-07-18T04:39:43.919518+00:00
P02b_resource_aware_planners,P02b_resource_aware_planners:three_node:e961642e2e5e233b:L3-R:1:p02b-intent,three_node,e961642e2e5e233b,1,p02b-intent,L3-R,probabilistic_resource_aware,10,10,0.6,0.05,1e-05,a -> r -> b,2,True,,1.0,82.95045144596058,0.6863749999999998,0,0.001095,SATISFIED,True,256,0.6863749999999998,0.6863749999999998,0.0,8.056703,d6023524cac9554649e8b9b6c03d887f613256e4,1f2680a5b9065e708a7497adc53a95b108029b98,3.13.14,2026-07-18T04:39:51.992414+00:00
P02b_resource_aware_planners,P02b_resource_aware_planners:three_node:e961642e2e5e233b:L3-R:2:p02b-intent,three_node,e961642e2e5e233b,2,p02b-intent,L3-R,probabilistic_resource_aware,10,10,0.6,0.05,1e-05,a -> r -> b,2,True,,1.0,82.95045144596058,0.6863749999999998,0,0.001134,SATISFIED,True,246,0.6863749999999998,0.6863749999999998,0.0,6.709069,d6023524cac9554649e8b9b6c03d887f613256e4,1f2680a5b9065e708a7497adc53a95b108029b98,3.13.14,2026-07-18T04:39:58.716765+00:00
P02b_resource_aware_planners,P02b_resource_aware_planners:three_node:e961642e2e5e233b:L3-R:3:p02b-intent,three_node,e961642e2e5e233b,3,p02b-intent,L3-R,probabilistic_resource_aware,10,10,0.6,0.05,1e-05,a -> r -> b,2,True,,1.0,82.95045144596058,0.6863749999999998,0,0.001989,SATISFIED,True,241,0.6863749999999998,0.6863749999999998,0.0,5.775528,d6023524cac9554649e8b9b6c03d887f613256e4,1f2680a5b9065e708a7497adc53a95b108029b98,3.13.14,2026-07-18T04:40:04.518403+00:00
P02b_resource_aware_planners,P02b_resource_aware_planners:three_node:e961642e2e5e233b:L3-R:4:p02b-intent,three_node,e961642e2e5e233b,4,p02b-intent,L3-R,probabilistic_resource_aware,10,10,0.6,0.05,1e-05,a -> r -> b,2,True,,1.0,82.95045144596058,0.6863749999999998,0,0.001139,SATISFIED,True,236,0.6863749999999998,0.6863749999999998,0.0,5.653934,d6023524cac9554649e8b9b6c03d887f613256e4,1f2680a5b9065e708a7497adc53a95b108029b98,3.13.14,2026-07-18T04:40:10.188495+00:00
P02b_resource_aware_planners,P02b_resource_aware_planners:three_node:e961642e2e5e233b:L3-R:5:p02b-intent,three_node,e961642e2e5e233b,5,p02b-intent,L3-R,probabilistic_resource_aware,10,10,0.6,0.05,1e-05,a -> r -> b,2,True,,1.0,82.95045144596058,0.6863749999999998,0,0.001222,SATISFIED,True,233,0.6863749999999998,0.6863749999999998,0.0,6.100038,d6023524cac9554649e8b9b6c03d887f613256e4,1f2680a5b9065e708a7497adc53a95b108029b98,3.13.14,2026-07-18T04:40:16.305620+00:00
P02b_resource_aware_planners,P02b_resource_aware_planners:three_node:e961642e2e5e233b:L3-R:6:p02b-intent,three_node,e961642e2e5e233b,6,p02b-intent,L3-R,probabilistic_resource_aware,10,10,0.6,0.05,1e-05,a -> r -> b,2,True,,1.0,82.95045144596058,0.6863749999999998,0,0.001458,SATISFIED,True,241,0.6863749999999998,0.6863749999999998,0.0,6.690708,d6023524cac9554649e8b9b6c03d887f613256e4,1f2680a5b9065e708a7497adc53a95b108029b98,3.13.14,2026-07-18T04:40:23.029733+00:00
P02b_resource_aware_planners,P02b_resource_aware_planners:three_node:e961642e2e5e233b:L3-R:7:p02b-intent,three_node,e961642e2e5e233b,7,p02b-intent,L3-R,probabilistic_resource_aware,10,10,0.6,0.05,1e-05,a -> r -> b,2,True,,1.0,82.95045144596058,0.6863749999999998,0,0.001124,SATISFIED,True,241,0.6863749999999998,0.6863749999999998,0.0,6.249242,d6023524cac9554649e8b9b6c03d887f613256e4,1f2680a5b9065e708a7497adc53a95b108029b98,3.13.14,2026-07-18T04:40:29.301933+00:00
P02b_resource_aware_planners,P02b_resource_aware_planners:three_node:e961642e2e5e233b:L3-R:8:p02b-intent,three_node,e961642e2e5e233b,8,p02b-intent,L3-R,probabilistic_resource_aware,10,10,0.6,0.05,1e-05,a -> r -> b,2,True,,1.0,82.95045144596058,0.6863749999999998,0,0.001165,SATISFIED,True,240,0.6863749999999998,0.6863749999999998,0.0,6.446089,d6023524cac9554649e8b9b6c03d887f613256e4,1f2680a5b9065e708a7497adc53a95b108029b98,3.13.14,2026-07-18T04:40:35.771226+00:00
P02b_resource_aware_planners,P02b_resource_aware_planners:three_node:e961642e2e5e233b:L3-R:9:p02b-intent,three_node,e961642e2e5e233b,9,p02b-intent,L3-R,probabilistic_resource_aware,10,10,0.6,0.05,1e-05,a -> r -> b,2,True,,1.0,82.95045144596058,0.6863749999999998,0,0.001633,SATISFIED,True,243,0.6863749999999998,0.6863749999999998,0.0,7.285874,d6023524cac9554649e8b9b6c03d887f613256e4,1f2680a5b9065e708a7497adc53a95b108029b98,3.13.14,2026-07-18T04:40:43.079204+00:00
P02b_resource_aware_planners,P02b_resource_aware_planners:three_node:7f4311e975e10821:L1:0:p02b-intent,three_node,7f4311e975e10821,0,p02b-intent,L1,conservative_one_round,10,10,0.65,0.05,1e-05,a -> r -> b,2,True,,,,0.6863749999999998,0,0.000525,SATISFIED,True,237,0.6863749999999998,0.6863749999999998,0.0,7.341986,d6023524cac9554649e8b9b6c03d887f613256e4,1f2680a5b9065e708a7497adc53a95b108029b98,3.13.14,2026-07-18T04:40:50.442569+00:00
P02b_resource_aware_planners,P02b_resource_aware_planners:three_node:7f4311e975e10821:L1:1:p02b-intent,three_node,7f4311e975e10821,1,p02b-intent,L1,conservative_one_round,10,10,0.65,0.05,1e-05,a -> r -> b,2,True,,,,0.6863749999999998,0,0.000877,SATISFIED,True,256,0.6863749999999998,0.6863749999999998,0.0,6.787727,d6023524cac9554649e8b9b6c03d887f613256e4,1f2680a5b9065e708a7497adc53a95b108029b98,3.13.14,2026-07-18T04:40:57.255906+00:00
P02b_resource_aware_planners,P02b_resource_aware_planners:three_node:7f4311e975e10821:L1:2:p02b-intent,three_node,7f4311e975e10821,2,p02b-intent,L1,conservative_one_round,10,10,0.65,0.05,1e-05,a -> r -> b,2,True,,,,0.6863749999999998,0,0.000886,SATISFIED,True,246,0.6863749999999998,0.6863749999999998,0.0,6.263809,d6023524cac9554649e8b9b6c03d887f613256e4,1f2680a5b9065e708a7497adc53a95b108029b98,3.13.14,2026-07-18T04:41:03.548539+00:00
P02b_resource_aware_planners,P02b_resource_aware_planners:three_node:7f4311e975e10821:L1:3:p02b-intent,three_node,7f4311e975e10821,3,p02b-intent,L1,conservative_one_round,10,10,0.65,0.05,1e-05,a -> r -> b,2,True,,,,0.6863749999999998,0,0.000635,SATISFIED,True,241,0.6863749999999998,0.6863749999999998,0.0,5.86928,d6023524cac9554649e8b9b6c03d887f613256e4,1f2680a5b9065e708a7497adc53a95b108029b98,3.13.14,2026-07-18T04:41:09.440658+00:00
P02b_resource_aware_planners,P02b_resource_aware_planners:three_node:7f4311e975e10821:L1:4:p02b-intent,three_node,7f4311e975e10821,4,p02b-intent,L1,conservative_one_round,10,10,0.65,0.05,1e-05,a -> r -> b,2,True,,,,0.6863749999999998,0,0.000648,SATISFIED,True,236,0.6863749999999998,0.6863749999999998,0.0,6.152277,d6023524cac9554649e8b9b6c03d887f613256e4,1f2680a5b9065e708a7497adc53a95b108029b98,3.13.14,2026-07-18T04:41:15.609863+00:00
P02b_resource_aware_planners,P02b_resource_aware_planners:three_node:7f4311e975e10821:L1:5:p02b-intent,three_node,7f4311e975e10821,5,p02b-intent,L1,conservative_one_round,10,10,0.65,0.05,1e-05,a -> r -> b,2,True,,,,0.6863749999999998,0,0.00056,SATISFIED,True,233,0.6863749999999998,0.6863749999999998,0.0,6.6859,d6023524cac9554649e8b9b6c03d887f613256e4,1f2680a5b9065e708a7497adc53a95b108029b98,3.13.14,2026-07-18T04:41:22.314318+00:00
P02b_resource_aware_planners,P02b_resource_aware_planners:three_node:7f4311e975e10821:L1:6:p02b-intent,three_node,7f4311e975e10821,6,p02b-intent,L1,conservative_one_round,10,10,0.65,0.05,1e-05,a -> r -> b,2,True,,,,0.6863749999999998,0,0.000568,SATISFIED,True,241,0.6863749999999998,0.6863749999999998,0.0,6.336608,d6023524cac9554649e8b9b6c03d887f613256e4,1f2680a5b9065e708a7497adc53a95b108029b98,3.13.14,2026-07-18T04:41:28.670345+00:00
P02b_resource_aware_planners,P02b_resource_aware_planners:three_node:7f4311e975e10821:L1:7:p02b-intent,three_node,7f4311e975e10821,7,p02b-intent,L1,conservative_one_round,10,10,0.65,0.05,1e-05,a -> r -> b,2,True,,,,0.6863749999999998,0,0.000989,SATISFIED,True,241,0.6863749999999998,0.6863749999999998,0.0,6.026035,d6023524cac9554649e8b9b6c03d887f613256e4,1f2680a5b9065e708a7497adc53a95b108029b98,3.13.14,2026-07-18T04:41:34.717083+00:00
P02b_resource_aware_planners,P02b_resource_aware_planners:three_node:7f4311e975e10821:L1:8:p02b-intent,three_node,7f4311e975e10821,8,p02b-intent,L1,conservative_one_round,10,10,0.65,0.05,1e-05,a -> r -> b,2,True,,,,0.6863749999999998,0,0.000555,SATISFIED,True,240,0.6863749999999998,0.6863749999999998,0.0,5.627446,d6023524cac9554649e8b9b6c03d887f613256e4,1f2680a5b9065e708a7497adc53a95b108029b98,3.13.14,2026-07-18T04:41:40.359336+00:00
P02b_resource_aware_planners,P02b_resource_aware_planners:three_node:7f4311e975e10821:L1:9:p02b-intent,three_node,7f4311e975e10821,9,p02b-intent,L1,conservative_one_round,10,10,0.65,0.05,1e-05,a -> r -> b,2,True,,,,0.6863749999999998,0,0.000477,SATISFIED,True,243,0.6863749999999998,0.6863749999999998,0.0,5.600948,d6023524cac9554649e8b9b6c03d887f613256e4,1f2680a5b9065e708a7497adc53a95b108029b98,3.13.14,2026-07-18T04:41:45.976526+00:00
P02b_resource_aware_planners,P02b_resource_aware_planners:three_node:7f4311e975e10821:L2:0:p02b-intent,three_node,7f4311e975e10821,0,p02b-intent,L2,iterative_analytical,10,10,0.65,0.05,1e-05,a -> r -> b,2,True,,,,0.6863749999999998,0,0.001074,SATISFIED,True,237,0.6863749999999998,0.6863749999999998,0.0,6.752322,d6023524cac9554649e8b9b6c03d887f613256e4,1f2680a5b9065e708a7497adc53a95b108029b98,3.13.14,2026-07-18T04:41:52.751240+00:00
P02b_resource_aware_planners,P02b_resource_aware_planners:three_node:7f4311e975e10821:L2:1:p02b-intent,three_node,7f4311e975e10821,1,p02b-intent,L2,iterative_analytical,10,10,0.65,0.05,1e-05,a -> r -> b,2,True,,,,0.6863749999999998,0,0.000583,SATISFIED,True,256,0.6863749999999998,0.6863749999999998,0.0,7.162588,d6023524cac9554649e8b9b6c03d887f613256e4,1f2680a5b9065e708a7497adc53a95b108029b98,3.13.14,2026-07-18T04:41:59.934512+00:00
P02b_resource_aware_planners,P02b_resource_aware_planners:three_node:7f4311e975e10821:L2:2:p02b-intent,three_node,7f4311e975e10821,2,p02b-intent,L2,iterative_analytical,10,10,0.65,0.05,1e-05,a -> r -> b,2,True,,,,0.6863749999999998,0,0.000904,SATISFIED,True,246,0.6863749999999998,0.6863749999999998,0.0,7.426912,d6023524cac9554649e8b9b6c03d887f613256e4,1f2680a5b9065e708a7497adc53a95b108029b98,3.13.14,2026-07-18T04:42:07.396883+00:00
P02b_resource_aware_planners,P02b_resource_aware_planners:three_node:7f4311e975e10821:L2:3:p02b-intent,three_node,7f4311e975e10821,3,p02b-intent,L2,iterative_analytical,10,10,0.65,0.05,1e-05,a -> r -> b,2,True,,,,0.6863749999999998,0,0.001128,SATISFIED,True,241,0.6863749999999998,0.6863749999999998,0.0,8.949063,d6023524cac9554649e8b9b6c03d887f613256e4,1f2680a5b9065e708a7497adc53a95b108029b98,3.13.14,2026-07-18T04:42:16.377560+00:00
P02b_resource_aware_planners,P02b_resource_aware_planners:three_node:7f4311e975e10821:L2:4:p02b-intent,three_node,7f4311e975e10821,4,p02b-intent,L2,iterative_analytical,10,10,0.65,0.05,1e-05,a -> r -> b,2,True,,,,0.6863749999999998,0,0.001632,SATISFIED,True,236,0.6863749999999998,0.6863749999999998,0.0,7.166346,d6023524cac9554649e8b9b6c03d887f613256e4,1f2680a5b9065e708a7497adc53a95b108029b98,3.13.14,2026-07-18T04:42:23.580401+00:00
P02b_resource_aware_planners,P02b_resource_aware_planners:three_node:7f4311e975e10821:L2:5:p02b-intent,three_node,7f4311e975e10821,5,p02b-intent,L2,iterative_analytical,10,10,0.65,0.05,1e-05,a -> r -> b,2,True,,,,0.6863749999999998,0,0.000777,SATISFIED,True,233,0.6863749999999998,0.6863749999999998,0.0,7.33958,d6023524cac9554649e8b9b6c03d887f613256e4,1f2680a5b9065e708a7497adc53a95b108029b98,3.13.14,2026-07-18T04:42:30.937722+00:00
P02b_resource_aware_planners,P02b_resource_aware_planners:three_node:7f4311e975e10821:L2:6:p02b-intent,three_node,7f4311e975e10821,6,p02b-intent,L2,iterative_analytical,10,10,0.65,0.05,1e-05,a -> r -> b,2,True,,,,0.6863749999999998,0,0.00083,SATISFIED,True,241,0.6863749999999998,0.6863749999999998,0.0,7.295821,d6023524cac9554649e8b9b6c03d887f613256e4,1f2680a5b9065e708a7497adc53a95b108029b98,3.13.14,2026-07-18T04:42:38.260554+00:00
P02b_resource_aware_planners,P02b_resource_aware_planners:three_node:7f4311e975e10821:L2:7:p02b-intent,three_node,7f4311e975e10821,7,p02b-intent,L2,iterative_analytical,10,10,0.65,0.05,1e-05,a -> r -> b,2,True,,,,0.6863749999999998,0,0.000968,SATISFIED,True,241,0.6863749999999998,0.6863749999999998,0.0,5.899146,d6023524cac9554649e8b9b6c03d887f613256e4,1f2680a5b9065e708a7497adc53a95b108029b98,3.13.14,2026-07-18T04:42:44.185222+00:00
P02b_resource_aware_planners,P02b_resource_aware_planners:three_node:7f4311e975e10821:L2:8:p02b-intent,three_node,7f4311e975e10821,8,p02b-intent,L2,iterative_analytical,10,10,0.65,0.05,1e-05,a -> r -> b,2,True,,,,0.6863749999999998,0,0.000585,SATISFIED,True,240,0.6863749999999998,0.6863749999999998,0.0,6.457594,d6023524cac9554649e8b9b6c03d887f613256e4,1f2680a5b9065e708a7497adc53a95b108029b98,3.13.14,2026-07-18T04:42:50.659802+00:00
P02b_resource_aware_planners,P02b_resource_aware_planners:three_node:7f4311e975e10821:L2:9:p02b-intent,three_node,7f4311e975e10821,9,p02b-intent,L2,iterative_analytical,10,10,0.65,0.05,1e-05,a -> r -> b,2,True,,,,0.6863749999999998,0,0.000551,SATISFIED,True,243,0.6863749999999998,0.6863749999999998,0.0,7.627526,d6023524cac9554649e8b9b6c03d887f613256e4,1f2680a5b9065e708a7497adc53a95b108029b98,3.13.14,2026-07-18T04:42:58.308487+00:00
P02b_resource_aware_planners,P02b_resource_aware_planners:three_node:7f4311e975e10821:L2-R:0:p02b-intent,three_node,7f4311e975e10821,0,p02b-intent,L2-R,iterative_resource_aware,10,10,0.65,0.05,1e-05,a -> r -> b,2,True,,,82.0,0.6863749999999998,0,0.00067,SATISFIED,True,237,0.6863749999999998,0.6863749999999998,0.0,6.128813,d6023524cac9554649e8b9b6c03d887f613256e4,1f2680a5b9065e708a7497adc53a95b108029b98,3.13.14,2026-07-18T04:43:04.460380+00:00
P02b_resource_aware_planners,P02b_resource_aware_planners:three_node:7f4311e975e10821:L2-R:1:p02b-intent,three_node,7f4311e975e10821,1,p02b-intent,L2-R,iterative_resource_aware,10,10,0.65,0.05,1e-05,a -> r -> b,2,True,,,82.0,0.6863749999999998,0,0.000287,SATISFIED,True,256,0.6863749999999998,0.6863749999999998,0.0,7.674675,d6023524cac9554649e8b9b6c03d887f613256e4,1f2680a5b9065e708a7497adc53a95b108029b98,3.13.14,2026-07-18T04:43:12.151586+00:00
P02b_resource_aware_planners,P02b_resource_aware_planners:three_node:7f4311e975e10821:L2-R:2:p02b-intent,three_node,7f4311e975e10821,2,p02b-intent,L2-R,iterative_resource_aware,10,10,0.65,0.05,1e-05,a -> r -> b,2,True,,,82.0,0.6863749999999998,0,0.00051,SATISFIED,True,246,0.6863749999999998,0.6863749999999998,0.0,7.28632,d6023524cac9554649e8b9b6c03d887f613256e4,1f2680a5b9065e708a7497adc53a95b108029b98,3.13.14,2026-07-18T04:43:19.459745+00:00
P02b_resource_aware_planners,P02b_resource_aware_planners:three_node:7f4311e975e10821:L2-R:3:p02b-intent,three_node,7f4311e975e10821,3,p02b-intent,L2-R,iterative_resource_aware,10,10,0.65,0.05,1e-05,a -> r -> b,2,True,,,82.0,0.6863749999999998,0,0.00028,SATISFIED,True,241,0.6863749999999998,0.6863749999999998,0.0,7.964481,d6023524cac9554649e8b9b6c03d887f613256e4,1f2680a5b9065e708a7497adc53a95b108029b98,3.13.14,2026-07-18T04:43:27.450515+00:00
P02b_resource_aware_planners,P02b_resource_aware_planners:three_node:7f4311e975e10821:L2-R:4:p02b-intent,three_node,7f4311e975e10821,4,p02b-intent,L2-R,iterative_resource_aware,10,10,0.65,0.05,1e-05,a -> r -> b,2,True,,,82.0,0.6863749999999998,0,0.000333,SATISFIED,True,236,0.6863749999999998,0.6863749999999998,0.0,8.016767,d6023524cac9554649e8b9b6c03d887f613256e4,1f2680a5b9065e708a7497adc53a95b108029b98,3.13.14,2026-07-18T04:43:35.488528+00:00
P02b_resource_aware_planners,P02b_resource_aware_planners:three_node:7f4311e975e10821:L2-R:5:p02b-intent,three_node,7f4311e975e10821,5,p02b-intent,L2-R,iterative_resource_aware,10,10,0.65,0.05,1e-05,a -> r -> b,2,True,,,82.0,0.6863749999999998,0,0.000276,SATISFIED,True,233,0.6863749999999998,0.6863749999999998,0.0,6.805215,d6023524cac9554649e8b9b6c03d887f613256e4,1f2680a5b9065e708a7497adc53a95b108029b98,3.13.14,2026-07-18T04:43:42.308833+00:00
P02b_resource_aware_planners,P02b_resource_aware_planners:three_node:7f4311e975e10821:L2-R:6:p02b-intent,three_node,7f4311e975e10821,6,p02b-intent,L2-R,iterative_resource_aware,10,10,0.65,0.05,1e-05,a -> r -> b,2,True,,,82.0,0.6863749999999998,0,0.000535,SATISFIED,True,241,0.6863749999999998,0.6863749999999998,0.0,5.972961,d6023524cac9554649e8b9b6c03d887f613256e4,1f2680a5b9065e708a7497adc53a95b108029b98,3.13.14,2026-07-18T04:43:48.303179+00:00
P02b_resource_aware_planners,P02b_resource_aware_planners:three_node:7f4311e975e10821:L2-R:7:p02b-intent,three_node,7f4311e975e10821,7,p02b-intent,L2-R,iterative_resource_aware,10,10,0.65,0.05,1e-05,a -> r -> b,2,True,,,82.0,0.6863749999999998,0,0.00048,SATISFIED,True,241,0.6863749999999998,0.6863749999999998,0.0,5.456178,d6023524cac9554649e8b9b6c03d887f613256e4,1f2680a5b9065e708a7497adc53a95b108029b98,3.13.14,2026-07-18T04:43:53.781529+00:00
P02b_resource_aware_planners,P02b_resource_aware_planners:three_node:7f4311e975e10821:L2-R:8:p02b-intent,three_node,7f4311e975e10821,8,p02b-intent,L2-R,iterative_resource_aware,10,10,0.65,0.05,1e-05,a -> r -> b,2,True,,,82.0,0.6863749999999998,0,0.000302,SATISFIED,True,240,0.6863749999999998,0.6863749999999998,0.0,6.689809,d6023524cac9554649e8b9b6c03d887f613256e4,1f2680a5b9065e708a7497adc53a95b108029b98,3.13.14,2026-07-18T04:44:00.489198+00:00
P02b_resource_aware_planners,P02b_resource_aware_planners:three_node:7f4311e975e10821:L2-R:9:p02b-intent,three_node,7f4311e975e10821,9,p02b-intent,L2-R,iterative_resource_aware,10,10,0.65,0.05,1e-05,a -> r -> b,2,True,,,82.0,0.6863749999999998,0,0.000275,SATISFIED,True,243,0.6863749999999998,0.6863749999999998,0.0,7.27958,d6023524cac9554649e8b9b6c03d887f613256e4,1f2680a5b9065e708a7497adc53a95b108029b98,3.13.14,2026-07-18T04:44:07.785549+00:00
P02b_resource_aware_planners,P02b_resource_aware_planners:three_node:7f4311e975e10821:L3:0:p02b-intent,three_node,7f4311e975e10821,0,p02b-intent,L3,probabilistic,10,10,0.65,0.05,1e-05,a -> r -> b,2,True,,1.0,622.1283858447043,0.6863749999999998,0,0.001632,SATISFIED,True,237,0.6863749999999998,0.6863749999999998,0.0,6.731089,d6023524cac9554649e8b9b6c03d887f613256e4,1f2680a5b9065e708a7497adc53a95b108029b98,3.13.14,2026-07-18T04:44:14.548319+00:00
P02b_resource_aware_planners,P02b_resource_aware_planners:three_node:7f4311e975e10821:L3:1:p02b-intent,three_node,7f4311e975e10821,1,p02b-intent,L3,probabilistic,10,10,0.65,0.05,1e-05,a -> r -> b,2,True,,1.0,622.1283858447043,0.6863749999999998,0,0.001021,SATISFIED,True,256,0.6863749999999998,0.6863749999999998,0.0,8.214261,d6023524cac9554649e8b9b6c03d887f613256e4,1f2680a5b9065e708a7497adc53a95b108029b98,3.13.14,2026-07-18T04:44:22.788295+00:00
P02b_resource_aware_planners,P02b_resource_aware_planners:three_node:7f4311e975e10821:L3:2:p02b-intent,three_node,7f4311e975e10821,2,p02b-intent,L3,probabilistic,10,10,0.65,0.05,1e-05,a -> r -> b,2,True,,1.0,622.1283858447043,0.6863749999999998,0,0.001256,SATISFIED,True,246,0.6863749999999998,0.6863749999999998,0.0,6.553586,d6023524cac9554649e8b9b6c03d887f613256e4,1f2680a5b9065e708a7497adc53a95b108029b98,3.13.14,2026-07-18T04:44:29.360341+00:00
P02b_resource_aware_planners,P02b_resource_aware_planners:three_node:7f4311e975e10821:L3:3:p02b-intent,three_node,7f4311e975e10821,3,p02b-intent,L3,probabilistic,10,10,0.65,0.05,1e-05,a -> r -> b,2,True,,1.0,622.1283858447043,0.6863749999999998,0,0.001075,SATISFIED,True,241,0.6863749999999998,0.6863749999999998,0.0,7.648108,d6023524cac9554649e8b9b6c03d887f613256e4,1f2680a5b9065e708a7497adc53a95b108029b98,3.13.14,2026-07-18T04:44:37.029550+00:00
P02b_resource_aware_planners,P02b_resource_aware_planners:three_node:7f4311e975e10821:L3:4:p02b-intent,three_node,7f4311e975e10821,4,p02b-intent,L3,probabilistic,10,10,0.65,0.05,1e-05,a -> r -> b,2,True,,1.0,622.1283858447043,0.6863749999999998,0,0.0016,SATISFIED,True,236,0.6863749999999998,0.6863749999999998,0.0,8.260606,d6023524cac9554649e8b9b6c03d887f613256e4,1f2680a5b9065e708a7497adc53a95b108029b98,3.13.14,2026-07-18T04:44:45.311847+00:00
P02b_resource_aware_planners,P02b_resource_aware_planners:three_node:7f4311e975e10821:L3:5:p02b-intent,three_node,7f4311e975e10821,5,p02b-intent,L3,probabilistic,10,10,0.65,0.05,1e-05,a -> r -> b,2,True,,1.0,622.1283858447043,0.6863749999999998,0,0.002111,SATISFIED,True,233,0.6863749999999998,0.6863749999999998,0.0,6.956224,d6023524cac9554649e8b9b6c03d887f613256e4,1f2680a5b9065e708a7497adc53a95b108029b98,3.13.14,2026-07-18T04:44:52.291805+00:00
P02b_resource_aware_planners,P02b_resource_aware_planners:three_node:7f4311e975e10821:L3:6:p02b-intent,three_node,7f4311e975e10821,6,p02b-intent,L3,probabilistic,10,10,0.65,0.05,1e-05,a -> r -> b,2,True,,1.0,622.1283858447043,0.6863749999999998,0,0.002422,SATISFIED,True,241,0.6863749999999998,0.6863749999999998,0.0,7.110286,d6023524cac9554649e8b9b6c03d887f613256e4,1f2680a5b9065e708a7497adc53a95b108029b98,3.13.14,2026-07-18T04:44:59.425264+00:00
P02b_resource_aware_planners,P02b_resource_aware_planners:three_node:7f4311e975e10821:L3:7:p02b-intent,three_node,7f4311e975e10821,7,p02b-intent,L3,probabilistic,10,10,0.65,0.05,1e-05,a -> r -> b,2,True,,1.0,622.1283858447043,0.6863749999999998,0,0.00152,SATISFIED,True,241,0.6863749999999998,0.6863749999999998,0.0,8.537074,d6023524cac9554649e8b9b6c03d887f613256e4,1f2680a5b9065e708a7497adc53a95b108029b98,3.13.14,2026-07-18T04:45:07.987265+00:00
P02b_resource_aware_planners,P02b_resource_aware_planners:three_node:7f4311e975e10821:L3:8:p02b-intent,three_node,7f4311e975e10821,8,p02b-intent,L3,probabilistic,10,10,0.65,0.05,1e-05,a -> r -> b,2,True,,1.0,622.1283858447043,0.6863749999999998,0,0.002353,SATISFIED,True,240,0.6863749999999998,0.6863749999999998,0.0,6.409655,d6023524cac9554649e8b9b6c03d887f613256e4,1f2680a5b9065e708a7497adc53a95b108029b98,3.13.14,2026-07-18T04:45:14.423699+00:00
P02b_resource_aware_planners,P02b_resource_aware_planners:three_node:7f4311e975e10821:L3:9:p02b-intent,three_node,7f4311e975e10821,9,p02b-intent,L3,probabilistic,10,10,0.65,0.05,1e-05,a -> r -> b,2,True,,1.0,622.1283858447043,0.6863749999999998,0,0.001081,SATISFIED,True,243,0.6863749999999998,0.6863749999999998,0.0,7.576927,d6023524cac9554649e8b9b6c03d887f613256e4,1f2680a5b9065e708a7497adc53a95b108029b98,3.13.14,2026-07-18T04:45:22.024645+00:00
P02b_resource_aware_planners,P02b_resource_aware_planners:three_node:7f4311e975e10821:L3-R:0:p02b-intent,three_node,7f4311e975e10821,0,p02b-intent,L3-R,probabilistic_resource_aware,10,10,0.65,0.05,1e-05,a -> r -> b,2,True,,1.0,82.95045144596058,0.6863749999999998,0,0.001964,SATISFIED,True,237,0.6863749999999998,0.6863749999999998,0.0,7.969049,d6023524cac9554649e8b9b6c03d887f613256e4,1f2680a5b9065e708a7497adc53a95b108029b98,3.13.14,2026-07-18T04:45:30.022440+00:00
P02b_resource_aware_planners,P02b_resource_aware_planners:three_node:7f4311e975e10821:L3-R:1:p02b-intent,three_node,7f4311e975e10821,1,p02b-intent,L3-R,probabilistic_resource_aware,10,10,0.65,0.05,1e-05,a -> r -> b,2,True,,1.0,82.95045144596058,0.6863749999999998,0,0.001055,SATISFIED,True,256,0.6863749999999998,0.6863749999999998,0.0,7.3147,d6023524cac9554649e8b9b6c03d887f613256e4,1f2680a5b9065e708a7497adc53a95b108029b98,3.13.14,2026-07-18T04:45:37.356642+00:00
P02b_resource_aware_planners,P02b_resource_aware_planners:three_node:7f4311e975e10821:L3-R:2:p02b-intent,three_node,7f4311e975e10821,2,p02b-intent,L3-R,probabilistic_resource_aware,10,10,0.65,0.05,1e-05,a -> r -> b,2,True,,1.0,82.95045144596058,0.6863749999999998,0,0.001111,SATISFIED,True,246,0.6863749999999998,0.6863749999999998,0.0,6.17667,d6023524cac9554649e8b9b6c03d887f613256e4,1f2680a5b9065e708a7497adc53a95b108029b98,3.13.14,2026-07-18T04:45:43.551299+00:00
P02b_resource_aware_planners,P02b_resource_aware_planners:three_node:7f4311e975e10821:L3-R:3:p02b-intent,three_node,7f4311e975e10821,3,p02b-intent,L3-R,probabilistic_resource_aware,10,10,0.65,0.05,1e-05,a -> r -> b,2,True,,1.0,82.95045144596058,0.6863749999999998,0,0.001976,SATISFIED,True,241,0.6863749999999998,0.6863749999999998,0.0,6.955964,d6023524cac9554649e8b9b6c03d887f613256e4,1f2680a5b9065e708a7497adc53a95b108029b98,3.13.14,2026-07-18T04:45:50.527821+00:00
P02b_resource_aware_planners,P02b_resource_aware_planners:three_node:7f4311e975e10821:L3-R:4:p02b-intent,three_node,7f4311e975e10821,4,p02b-intent,L3-R,probabilistic_resource_aware,10,10,0.65,0.05,1e-05,a -> r -> b,2,True,,1.0,82.95045144596058,0.6863749999999998,0,0.001175,SATISFIED,True,236,0.6863749999999998,0.6863749999999998,0.0,6.467069,d6023524cac9554649e8b9b6c03d887f613256e4,1f2680a5b9065e708a7497adc53a95b108029b98,3.13.14,2026-07-18T04:45:57.017650+00:00
P02b_resource_aware_planners,P02b_resource_aware_planners:three_node:7f4311e975e10821:L3-R:5:p02b-intent,three_node,7f4311e975e10821,5,p02b-intent,L3-R,probabilistic_resource_aware,10,10,0.65,0.05,1e-05,a -> r -> b,2,True,,1.0,82.95045144596058,0.6863749999999998,0,0.001618,SATISFIED,True,233,0.6863749999999998,0.6863749999999998,0.0,6.425017,d6023524cac9554649e8b9b6c03d887f613256e4,1f2680a5b9065e708a7497adc53a95b108029b98,3.13.14,2026-07-18T04:46:03.464007+00:00
P02b_resource_aware_planners,P02b_resource_aware_planners:three_node:7f4311e975e10821:L3-R:6:p02b-intent,three_node,7f4311e975e10821,6,p02b-intent,L3-R,probabilistic_resource_aware,10,10,0.65,0.05,1e-05,a -> r -> b,2,True,,1.0,82.95045144596058,0.6863749999999998,0,0.002023,SATISFIED,True,241,0.6863749999999998,0.6863749999999998,0.0,6.503025,d6023524cac9554649e8b9b6c03d887f613256e4,1f2680a5b9065e708a7497adc53a95b108029b98,3.13.14,2026-07-18T04:46:09.984322+00:00
P02b_resource_aware_planners,P02b_resource_aware_planners:three_node:7f4311e975e10821:L3-R:7:p02b-intent,three_node,7f4311e975e10821,7,p02b-intent,L3-R,probabilistic_resource_aware,10,10,0.65,0.05,1e-05,a -> r -> b,2,True,,1.0,82.95045144596058,0.6863749999999998,0,0.001037,SATISFIED,True,241,0.6863749999999998,0.6863749999999998,0.0,6.295176,d6023524cac9554649e8b9b6c03d887f613256e4,1f2680a5b9065e708a7497adc53a95b108029b98,3.13.14,2026-07-18T04:46:16.295587+00:00
P02b_resource_aware_planners,P02b_resource_aware_planners:three_node:7f4311e975e10821:L3-R:8:p02b-intent,three_node,7f4311e975e10821,8,p02b-intent,L3-R,probabilistic_resource_aware,10,10,0.65,0.05,1e-05,a -> r -> b,2,True,,1.0,82.95045144596058,0.6863749999999998,0,0.001093,SATISFIED,True,240,0.6863749999999998,0.6863749999999998,0.0,6.666435,d6023524cac9554649e8b9b6c03d887f613256e4,1f2680a5b9065e708a7497adc53a95b108029b98,3.13.14,2026-07-18T04:46:22.978889+00:00
P02b_resource_aware_planners,P02b_resource_aware_planners:three_node:7f4311e975e10821:L3-R:9:p02b-intent,three_node,7f4311e975e10821,9,p02b-intent,L3-R,probabilistic_resource_aware,10,10,0.65,0.05,1e-05,a -> r -> b,2,True,,1.0,82.95045144596058,0.6863749999999998,0,0.001055,SATISFIED,True,243,0.6863749999999998,0.6863749999999998,0.0,6.833976,d6023524cac9554649e8b9b6c03d887f613256e4,1f2680a5b9065e708a7497adc53a95b108029b98,3.13.14,2026-07-18T04:46:29.828712+00:00
P02b_resource_aware_planners,P02b_resource_aware_planners:three_node:8fc7952551c8cc54:L1:0:p02b-intent,three_node,8fc7952551c8cc54,0,p02b-intent,L1,conservative_one_round,10,10,0.65,0.05,1e-05,a -> r -> b,2,True,,,,0.6863749999999998,0,0.000557,SATISFIED,True,237,0.6863749999999998,0.6863749999999998,0.0,5.267281,d6023524cac9554649e8b9b6c03d887f613256e4,1f2680a5b9065e708a7497adc53a95b108029b98,3.13.14,2026-07-18T04:46:35.110811+00:00
P02b_resource_aware_planners,P02b_resource_aware_planners:three_node:8fc7952551c8cc54:L1:1:p02b-intent,three_node,8fc7952551c8cc54,1,p02b-intent,L1,conservative_one_round,10,10,0.65,0.05,1e-05,a -> r -> b,2,True,,,,0.6863749999999998,0,0.000561,SATISFIED,True,256,0.6863749999999998,0.6863749999999998,0.0,5.862355,d6023524cac9554649e8b9b6c03d887f613256e4,1f2680a5b9065e708a7497adc53a95b108029b98,3.13.14,2026-07-18T04:46:41.000467+00:00
P02b_resource_aware_planners,P02b_resource_aware_planners:three_node:8fc7952551c8cc54:L1:2:p02b-intent,three_node,8fc7952551c8cc54,2,p02b-intent,L1,conservative_one_round,10,10,0.65,0.05,1e-05,a -> r -> b,2,True,,,,0.6863749999999998,0,0.001251,SATISFIED,True,246,0.6863749999999998,0.6863749999999998,0.0,6.771834,d6023524cac9554649e8b9b6c03d887f613256e4,1f2680a5b9065e708a7497adc53a95b108029b98,3.13.14,2026-07-18T04:46:47.798493+00:00
P02b_resource_aware_planners,P02b_resource_aware_planners:three_node:8fc7952551c8cc54:L1:3:p02b-intent,three_node,8fc7952551c8cc54,3,p02b-intent,L1,conservative_one_round,10,10,0.65,0.05,1e-05,a -> r -> b,2,True,,,,0.6863749999999998,0,0.001077,SATISFIED,True,241,0.6863749999999998,0.6863749999999998,0.0,6.636042,d6023524cac9554649e8b9b6c03d887f613256e4,1f2680a5b9065e708a7497adc53a95b108029b98,3.13.14,2026-07-18T04:46:54.458308+00:00
P02b_resource_aware_planners,P02b_resource_aware_planners:three_node:8fc7952551c8cc54:L1:4:p02b-intent,three_node,8fc7952551c8cc54,4,p02b-intent,L1,conservative_one_round,10,10,0.65,0.05,1e-05,a -> r -> b,2,True,,,,0.6863749999999998,0,0.00053,SATISFIED,True,236,0.6863749999999998,0.6863749999999998,0.0,6.537145,d6023524cac9554649e8b9b6c03d887f613256e4,1f2680a5b9065e708a7497adc53a95b108029b98,3.13.14,2026-07-18T04:47:01.011187+00:00
P02b_resource_aware_planners,P02b_resource_aware_planners:three_node:8fc7952551c8cc54:L1:5:p02b-intent,three_node,8fc7952551c8cc54,5,p02b-intent,L1,conservative_one_round,10,10,0.65,0.05,1e-05,a -> r -> b,2,True,,,,0.6863749999999998,0,0.001128,SATISFIED,True,233,0.6863749999999998,0.6863749999999998,0.0,6.551339,d6023524cac9554649e8b9b6c03d887f613256e4,1f2680a5b9065e708a7497adc53a95b108029b98,3.13.14,2026-07-18T04:47:07.588269+00:00
P02b_resource_aware_planners,P02b_resource_aware_planners:three_node:8fc7952551c8cc54:L1:6:p02b-intent,three_node,8fc7952551c8cc54,6,p02b-intent,L1,conservative_one_round,10,10,0.65,0.05,1e-05,a -> r -> b,2,True,,,,0.6863749999999998,0,0.000999,SATISFIED,True,241,0.6863749999999998,0.6863749999999998,0.0,6.021289,d6023524cac9554649e8b9b6c03d887f613256e4,1f2680a5b9065e708a7497adc53a95b108029b98,3.13.14,2026-07-18T04:47:13.630095+00:00
P02b_resource_aware_planners,P02b_resource_aware_planners:three_node:8fc7952551c8cc54:L1:7:p02b-intent,three_node,8fc7952551c8cc54,7,p02b-intent,L1,conservative_one_round,10,10,0.65,0.05,1e-05,a -> r -> b,2,True,,,,0.6863749999999998,0,0.000652,SATISFIED,True,241,0.6863749999999998,0.6863749999999998,0.0,6.591027,d6023524cac9554649e8b9b6c03d887f613256e4,1f2680a5b9065e708a7497adc53a95b108029b98,3.13.14,2026-07-18T04:47:20.237360+00:00
P02b_resource_aware_planners,P02b_resource_aware_planners:three_node:8fc7952551c8cc54:L1:8:p02b-intent,three_node,8fc7952551c8cc54,8,p02b-intent,L1,conservative_one_round,10,10,0.65,0.05,1e-05,a -> r -> b,2,True,,,,0.6863749999999998,0,0.001267,SATISFIED,True,240,0.6863749999999998,0.6863749999999998,0.0,7.073597,d6023524cac9554649e8b9b6c03d887f613256e4,1f2680a5b9065e708a7497adc53a95b108029b98,3.13.14,2026-07-18T04:47:27.331316+00:00
P02b_resource_aware_planners,P02b_resource_aware_planners:three_node:8fc7952551c8cc54:L1:9:p02b-intent,three_node,8fc7952551c8cc54,9,p02b-intent,L1,conservative_one_round,10,10,0.65,0.05,1e-05,a -> r -> b,2,True,,,,0.6863749999999998,0,0.000518,SATISFIED,True,243,0.6863749999999998,0.6863749999999998,0.0,5.953371,d6023524cac9554649e8b9b6c03d887f613256e4,1f2680a5b9065e708a7497adc53a95b108029b98,3.13.14,2026-07-18T04:47:33.303380+00:00
P02b_resource_aware_planners,P02b_resource_aware_planners:three_node:8fc7952551c8cc54:L2:0:p02b-intent,three_node,8fc7952551c8cc54,0,p02b-intent,L2,iterative_analytical,10,10,0.65,0.05,1e-05,a -> r -> b,2,True,,,,0.6863749999999998,0,0.000564,SATISFIED,True,237,0.6863749999999998,0.6863749999999998,0.0,6.683846,d6023524cac9554649e8b9b6c03d887f613256e4,1f2680a5b9065e708a7497adc53a95b108029b98,3.13.14,2026-07-18T04:47:40.003688+00:00
P02b_resource_aware_planners,P02b_resource_aware_planners:three_node:8fc7952551c8cc54:L2:1:p02b-intent,three_node,8fc7952551c8cc54,1,p02b-intent,L2,iterative_analytical,10,10,0.65,0.05,1e-05,a -> r -> b,2,True,,,,0.6863749999999998,0,0.000522,SATISFIED,True,256,0.6863749999999998,0.6863749999999998,0.0,5.708328,d6023524cac9554649e8b9b6c03d887f613256e4,1f2680a5b9065e708a7497adc53a95b108029b98,3.13.14,2026-07-18T04:47:45.726624+00:00
P02b_resource_aware_planners,P02b_resource_aware_planners:three_node:8fc7952551c8cc54:L2:2:p02b-intent,three_node,8fc7952551c8cc54,2,p02b-intent,L2,iterative_analytical,10,10,0.65,0.05,1e-05,a -> r -> b,2,True,,,,0.6863749999999998,0,0.00059,SATISFIED,True,246,0.6863749999999998,0.6863749999999998,0.0,6.004925,d6023524cac9554649e8b9b6c03d887f613256e4,1f2680a5b9065e708a7497adc53a95b108029b98,3.13.14,2026-07-18T04:47:51.746230+00:00
P02b_resource_aware_planners,P02b_resource_aware_planners:three_node:8fc7952551c8cc54:L2:3:p02b-intent,three_node,8fc7952551c8cc54,3,p02b-intent,L2,iterative_analytical,10,10,0.65,0.05,1e-05,a -> r -> b,2,True,,,,0.6863749999999998,0,0.000547,SATISFIED,True,241,0.6863749999999998,0.6863749999999998,0.0,7.037343,d6023524cac9554649e8b9b6c03d887f613256e4,1f2680a5b9065e708a7497adc53a95b108029b98,3.13.14,2026-07-18T04:47:58.811024+00:00
P02b_resource_aware_planners,P02b_resource_aware_planners:three_node:8fc7952551c8cc54:L2:4:p02b-intent,three_node,8fc7952551c8cc54,4,p02b-intent,L2,iterative_analytical,10,10,0.65,0.05,1e-05,a -> r -> b,2,True,,,,0.6863749999999998,0,0.001242,SATISFIED,True,236,0.6863749999999998,0.6863749999999998,0.0,7.37622,d6023524cac9554649e8b9b6c03d887f613256e4,1f2680a5b9065e708a7497adc53a95b108029b98,3.13.14,2026-07-18T04:48:06.215097+00:00
P02b_resource_aware_planners,P02b_resource_aware_planners:three_node:8fc7952551c8cc54:L2:5:p02b-intent,three_node,8fc7952551c8cc54,5,p02b-intent,L2,iterative_analytical,10,10,0.65,0.05,1e-05,a -> r -> b,2,True,,,,0.6863749999999998,0,0.000635,SATISFIED,True,233,0.6863749999999998,0.6863749999999998,0.0,6.869379,d6023524cac9554649e8b9b6c03d887f613256e4,1f2680a5b9065e708a7497adc53a95b108029b98,3.13.14,2026-07-18T04:48:13.101275+00:00
P02b_resource_aware_planners,P02b_resource_aware_planners:three_node:8fc7952551c8cc54:L2:6:p02b-intent,three_node,8fc7952551c8cc54,6,p02b-intent,L2,iterative_analytical,10,10,0.65,0.05,1e-05,a -> r -> b,2,True,,,,0.6863749999999998,0,0.000497,SATISFIED,True,241,0.6863749999999998,0.6863749999999998,0.0,6.116718,d6023524cac9554649e8b9b6c03d887f613256e4,1f2680a5b9065e708a7497adc53a95b108029b98,3.13.14,2026-07-18T04:48:19.234158+00:00
P02b_resource_aware_planners,P02b_resource_aware_planners:three_node:8fc7952551c8cc54:L2:7:p02b-intent,three_node,8fc7952551c8cc54,7,p02b-intent,L2,iterative_analytical,10,10,0.65,0.05,1e-05,a -> r -> b,2,True,,,,0.6863749999999998,0,0.000559,SATISFIED,True,241,0.6863749999999998,0.6863749999999998,0.0,6.138601,d6023524cac9554649e8b9b6c03d887f613256e4,1f2680a5b9065e708a7497adc53a95b108029b98,3.13.14,2026-07-18T04:48:25.390618+00:00
P02b_resource_aware_planners,P02b_resource_aware_planners:three_node:8fc7952551c8cc54:L2:8:p02b-intent,three_node,8fc7952551c8cc54,8,p02b-intent,L2,iterative_analytical,10,10,0.65,0.05,1e-05,a -> r -> b,2,True,,,,0.6863749999999998,0,0.000629,SATISFIED,True,240,0.6863749999999998,0.6863749999999998,0.0,6.423696,d6023524cac9554649e8b9b6c03d887f613256e4,1f2680a5b9065e708a7497adc53a95b108029b98,3.13.14,2026-07-18T04:48:31.834120+00:00
P02b_resource_aware_planners,P02b_resource_aware_planners:three_node:8fc7952551c8cc54:L2:9:p02b-intent,three_node,8fc7952551c8cc54,9,p02b-intent,L2,iterative_analytical,10,10,0.65,0.05,1e-05,a -> r -> b,2,True,,,,0.6863749999999998,0,0.001121,SATISFIED,True,243,0.6863749999999998,0.6863749999999998,0.0,5.906363,d6023524cac9554649e8b9b6c03d887f613256e4,1f2680a5b9065e708a7497adc53a95b108029b98,3.13.14,2026-07-18T04:48:37.765730+00:00
P02b_resource_aware_planners,P02b_resource_aware_planners:three_node:8fc7952551c8cc54:L2-R:0:p02b-intent,three_node,8fc7952551c8cc54,0,p02b-intent,L2-R,iterative_resource_aware,10,10,0.65,0.05,1e-05,a -> r -> b,2,True,,,82.0,0.6863749999999998,0,0.000284,SATISFIED,True,237,0.6863749999999998,0.6863749999999998,0.0,5.600362,d6023524cac9554649e8b9b6c03d887f613256e4,1f2680a5b9065e708a7497adc53a95b108029b98,3.13.14,2026-07-18T04:48:43.388265+00:00
P02b_resource_aware_planners,P02b_resource_aware_planners:three_node:8fc7952551c8cc54:L2-R:1:p02b-intent,three_node,8fc7952551c8cc54,1,p02b-intent,L2-R,iterative_resource_aware,10,10,0.65,0.05,1e-05,a -> r -> b,2,True,,,82.0,0.6863749999999998,0,0.000282,SATISFIED,True,256,0.6863749999999998,0.6863749999999998,0.0,6.058862,d6023524cac9554649e8b9b6c03d887f613256e4,1f2680a5b9065e708a7497adc53a95b108029b98,3.13.14,2026-07-18T04:48:49.462537+00:00
P02b_resource_aware_planners,P02b_resource_aware_planners:three_node:8fc7952551c8cc54:L2-R:2:p02b-intent,three_node,8fc7952551c8cc54,2,p02b-intent,L2-R,iterative_resource_aware,10,10,0.65,0.05,1e-05,a -> r -> b,2,True,,,82.0,0.6863749999999998,0,0.000295,SATISFIED,True,246,0.6863749999999998,0.6863749999999998,0.0,5.636519,d6023524cac9554649e8b9b6c03d887f613256e4,1f2680a5b9065e708a7497adc53a95b108029b98,3.13.14,2026-07-18T04:48:55.113026+00:00
P02b_resource_aware_planners,P02b_resource_aware_planners:three_node:8fc7952551c8cc54:L2-R:3:p02b-intent,three_node,8fc7952551c8cc54,3,p02b-intent,L2-R,iterative_resource_aware,10,10,0.65,0.05,1e-05,a -> r -> b,2,True,,,82.0,0.6863749999999998,0,0.000285,SATISFIED,True,241,0.6863749999999998,0.6863749999999998,0.0,6.601297,d6023524cac9554649e8b9b6c03d887f613256e4,1f2680a5b9065e708a7497adc53a95b108029b98,3.13.14,2026-07-18T04:49:01.729346+00:00
P02b_resource_aware_planners,P02b_resource_aware_planners:three_node:8fc7952551c8cc54:L2-R:4:p02b-intent,three_node,8fc7952551c8cc54,4,p02b-intent,L2-R,iterative_resource_aware,10,10,0.65,0.05,1e-05,a -> r -> b,2,True,,,82.0,0.6863749999999998,0,0.000282,SATISFIED,True,236,0.6863749999999998,0.6863749999999998,0.0,6.432488,d6023524cac9554649e8b9b6c03d887f613256e4,1f2680a5b9065e708a7497adc53a95b108029b98,3.13.14,2026-07-18T04:49:08.177257+00:00
P02b_resource_aware_planners,P02b_resource_aware_planners:three_node:8fc7952551c8cc54:L2-R:5:p02b-intent,three_node,8fc7952551c8cc54,5,p02b-intent,L2-R,iterative_resource_aware,10,10,0.65,0.05,1e-05,a -> r -> b,2,True,,,82.0,0.6863749999999998,0,0.000455,SATISFIED,True,233,0.6863749999999998,0.6863749999999998,0.0,6.579082,d6023524cac9554649e8b9b6c03d887f613256e4,1f2680a5b9065e708a7497adc53a95b108029b98,3.13.14,2026-07-18T04:49:14.776144+00:00
P02b_resource_aware_planners,P02b_resource_aware_planners:three_node:8fc7952551c8cc54:L2-R:6:p02b-intent,three_node,8fc7952551c8cc54,6,p02b-intent,L2-R,iterative_resource_aware,10,10,0.65,0.05,1e-05,a -> r -> b,2,True,,,82.0,0.6863749999999998,0,0.000288,SATISFIED,True,241,0.6863749999999998,0.6863749999999998,0.0,6.148258,d6023524cac9554649e8b9b6c03d887f613256e4,1f2680a5b9065e708a7497adc53a95b108029b98,3.13.14,2026-07-18T04:49:20.940097+00:00
P02b_resource_aware_planners,P02b_resource_aware_planners:three_node:8fc7952551c8cc54:L2-R:7:p02b-intent,three_node,8fc7952551c8cc54,7,p02b-intent,L2-R,iterative_resource_aware,10,10,0.65,0.05,1e-05,a -> r -> b,2,True,,,82.0,0.6863749999999998,0,0.000659,SATISFIED,True,241,0.6863749999999998,0.6863749999999998,0.0,6.875487,d6023524cac9554649e8b9b6c03d887f613256e4,1f2680a5b9065e708a7497adc53a95b108029b98,3.13.14,2026-07-18T04:49:27.838606+00:00
P02b_resource_aware_planners,P02b_resource_aware_planners:three_node:8fc7952551c8cc54:L2-R:8:p02b-intent,three_node,8fc7952551c8cc54,8,p02b-intent,L2-R,iterative_resource_aware,10,10,0.65,0.05,1e-05,a -> r -> b,2,True,,,82.0,0.6863749999999998,0,0.000446,SATISFIED,True,240,0.6863749999999998,0.6863749999999998,0.0,6.714736,d6023524cac9554649e8b9b6c03d887f613256e4,1f2680a5b9065e708a7497adc53a95b108029b98,3.13.14,2026-07-18T04:49:34.581853+00:00
P02b_resource_aware_planners,P02b_resource_aware_planners:three_node:8fc7952551c8cc54:L2-R:9:p02b-intent,three_node,8fc7952551c8cc54,9,p02b-intent,L2-R,iterative_resource_aware,10,10,0.65,0.05,1e-05,a -> r -> b,2,True,,,82.0,0.6863749999999998,0,0.000584,SATISFIED,True,243,0.6863749999999998,0.6863749999999998,0.0,7.520037,d6023524cac9554649e8b9b6c03d887f613256e4,1f2680a5b9065e708a7497adc53a95b108029b98,3.13.14,2026-07-18T04:49:42.126422+00:00
P02b_resource_aware_planners,P02b_resource_aware_planners:three_node:8fc7952551c8cc54:L3:0:p02b-intent,three_node,8fc7952551c8cc54,0,p02b-intent,L3,probabilistic,10,10,0.65,0.05,1e-05,a -> r -> b,2,True,,1.0,622.1283858447043,0.6863749999999998,0,0.002089,SATISFIED,True,237,0.6863749999999998,0.6863749999999998,0.0,6.769064,d6023524cac9554649e8b9b6c03d887f613256e4,1f2680a5b9065e708a7497adc53a95b108029b98,3.13.14,2026-07-18T04:49:48.923889+00:00
P02b_resource_aware_planners,P02b_resource_aware_planners:three_node:8fc7952551c8cc54:L3:1:p02b-intent,three_node,8fc7952551c8cc54,1,p02b-intent,L3,probabilistic,10,10,0.65,0.05,1e-05,a -> r -> b,2,True,,1.0,622.1283858447043,0.6863749999999998,0,0.001044,SATISFIED,True,256,0.6863749999999998,0.6863749999999998,0.0,6.476192,d6023524cac9554649e8b9b6c03d887f613256e4,1f2680a5b9065e708a7497adc53a95b108029b98,3.13.14,2026-07-18T04:49:55.416511+00:00
P02b_resource_aware_planners,P02b_resource_aware_planners:three_node:8fc7952551c8cc54:L3:2:p02b-intent,three_node,8fc7952551c8cc54,2,p02b-intent,L3,probabilistic,10,10,0.65,0.05,1e-05,a -> r -> b,2,True,,1.0,622.1283858447043,0.6863749999999998,0,0.001064,SATISFIED,True,246,0.6863749999999998,0.6863749999999998,0.0,7.021302,d6023524cac9554649e8b9b6c03d887f613256e4,1f2680a5b9065e708a7497adc53a95b108029b98,3.13.14,2026-07-18T04:50:02.458650+00:00
P02b_resource_aware_planners,P02b_resource_aware_planners:three_node:8fc7952551c8cc54:L3:3:p02b-intent,three_node,8fc7952551c8cc54,3,p02b-intent,L3,probabilistic,10,10,0.65,0.05,1e-05,a -> r -> b,2,True,,1.0,622.1283858447043,0.6863749999999998,0,0.002268,SATISFIED,True,241,0.6863749999999998,0.6863749999999998,0.0,6.790825,d6023524cac9554649e8b9b6c03d887f613256e4,1f2680a5b9065e708a7497adc53a95b108029b98,3.13.14,2026-07-18T04:50:09.282143+00:00
P02b_resource_aware_planners,P02b_resource_aware_planners:three_node:8fc7952551c8cc54:L3:4:p02b-intent,three_node,8fc7952551c8cc54,4,p02b-intent,L3,probabilistic,10,10,0.65,0.05,1e-05,a -> r -> b,2,True,,1.0,622.1283858447043,0.6863749999999998,0,0.002225,SATISFIED,True,236,0.6863749999999998,0.6863749999999998,0.0,6.596072,d6023524cac9554649e8b9b6c03d887f613256e4,1f2680a5b9065e708a7497adc53a95b108029b98,3.13.14,2026-07-18T04:50:15.908810+00:00
P02b_resource_aware_planners,P02b_resource_aware_planners:three_node:8fc7952551c8cc54:L3:5:p02b-intent,three_node,8fc7952551c8cc54,5,p02b-intent,L3,probabilistic,10,10,0.65,0.05,1e-05,a -> r -> b,2,True,,1.0,622.1283858447043,0.6863749999999998,0,0.002175,SATISFIED,True,233,0.6863749999999998,0.6863749999999998,0.0,7.461746,d6023524cac9554649e8b9b6c03d887f613256e4,1f2680a5b9065e708a7497adc53a95b108029b98,3.13.14,2026-07-18T04:50:23.401951+00:00
P02b_resource_aware_planners,P02b_resource_aware_planners:three_node:8fc7952551c8cc54:L3:6:p02b-intent,three_node,8fc7952551c8cc54,6,p02b-intent,L3,probabilistic,10,10,0.65,0.05,1e-05,a -> r -> b,2,True,,1.0,622.1283858447043,0.6863749999999998,0,0.001042,SATISFIED,True,241,0.6863749999999998,0.6863749999999998,0.0,7.004922,d6023524cac9554649e8b9b6c03d887f613256e4,1f2680a5b9065e708a7497adc53a95b108029b98,3.13.14,2026-07-18T04:50:30.426873+00:00
P02b_resource_aware_planners,P02b_resource_aware_planners:three_node:8fc7952551c8cc54:L3:7:p02b-intent,three_node,8fc7952551c8cc54,7,p02b-intent,L3,probabilistic,10,10,0.65,0.05,1e-05,a -> r -> b,2,True,,1.0,622.1283858447043,0.6863749999999998,0,0.00102,SATISFIED,True,241,0.6863749999999998,0.6863749999999998,0.0,6.339015,d6023524cac9554649e8b9b6c03d887f613256e4,1f2680a5b9065e708a7497adc53a95b108029b98,3.13.14,2026-07-18T04:50:36.786983+00:00
P02b_resource_aware_planners,P02b_resource_aware_planners:three_node:8fc7952551c8cc54:L3:8:p02b-intent,three_node,8fc7952551c8cc54,8,p02b-intent,L3,probabilistic,10,10,0.65,0.05,1e-05,a -> r -> b,2,True,,1.0,622.1283858447043,0.6863749999999998,0,0.002722,SATISFIED,True,240,0.6863749999999998,0.6863749999999998,0.0,6.272141,d6023524cac9554649e8b9b6c03d887f613256e4,1f2680a5b9065e708a7497adc53a95b108029b98,3.13.14,2026-07-18T04:50:43.095401+00:00
P02b_resource_aware_planners,P02b_resource_aware_planners:three_node:8fc7952551c8cc54:L3:9:p02b-intent,three_node,8fc7952551c8cc54,9,p02b-intent,L3,probabilistic,10,10,0.65,0.05,1e-05,a -> r -> b,2,True,,1.0,622.1283858447043,0.6863749999999998,0,0.001932,SATISFIED,True,243,0.6863749999999998,0.6863749999999998,0.0,6.564304,d6023524cac9554649e8b9b6c03d887f613256e4,1f2680a5b9065e708a7497adc53a95b108029b98,3.13.14,2026-07-18T04:50:49.690645+00:00
P02b_resource_aware_planners,P02b_resource_aware_planners:three_node:8fc7952551c8cc54:L3-R:0:p02b-intent,three_node,8fc7952551c8cc54,0,p02b-intent,L3-R,probabilistic_resource_aware,10,10,0.65,0.05,1e-05,a -> r -> b,2,True,,1.0,82.95045144596058,0.6863749999999998,0,0.001125,SATISFIED,True,237,0.6863749999999998,0.6863749999999998,0.0,6.470623,d6023524cac9554649e8b9b6c03d887f613256e4,1f2680a5b9065e708a7497adc53a95b108029b98,3.13.14,2026-07-18T04:50:56.178527+00:00
P02b_resource_aware_planners,P02b_resource_aware_planners:three_node:8fc7952551c8cc54:L3-R:1:p02b-intent,three_node,8fc7952551c8cc54,1,p02b-intent,L3-R,probabilistic_resource_aware,10,10,0.65,0.05,1e-05,a -> r -> b,2,True,,1.0,82.95045144596058,0.6863749999999998,0,0.001177,SATISFIED,True,256,0.6863749999999998,0.6863749999999998,0.0,6.576494,d6023524cac9554649e8b9b6c03d887f613256e4,1f2680a5b9065e708a7497adc53a95b108029b98,3.13.14,2026-07-18T04:51:02.770975+00:00
P02b_resource_aware_planners,P02b_resource_aware_planners:three_node:8fc7952551c8cc54:L3-R:2:p02b-intent,three_node,8fc7952551c8cc54,2,p02b-intent,L3-R,probabilistic_resource_aware,10,10,0.65,0.05,1e-05,a -> r -> b,2,True,,1.0,82.95045144596058,0.6863749999999998,0,0.00107,SATISFIED,True,246,0.6863749999999998,0.6863749999999998,0.0,6.496691,d6023524cac9554649e8b9b6c03d887f613256e4,1f2680a5b9065e708a7497adc53a95b108029b98,3.13.14,2026-07-18T04:51:09.283020+00:00
P02b_resource_aware_planners,P02b_resource_aware_planners:three_node:8fc7952551c8cc54:L3-R:3:p02b-intent,three_node,8fc7952551c8cc54,3,p02b-intent,L3-R,probabilistic_resource_aware,10,10,0.65,0.05,1e-05,a -> r -> b,2,True,,1.0,82.95045144596058,0.6863749999999998,0,0.001185,SATISFIED,True,241,0.6863749999999998,0.6863749999999998,0.0,5.917313,d6023524cac9554649e8b9b6c03d887f613256e4,1f2680a5b9065e708a7497adc53a95b108029b98,3.13.14,2026-07-18T04:51:15.218360+00:00
P02b_resource_aware_planners,P02b_resource_aware_planners:three_node:8fc7952551c8cc54:L3-R:4:p02b-intent,three_node,8fc7952551c8cc54,4,p02b-intent,L3-R,probabilistic_resource_aware,10,10,0.65,0.05,1e-05,a -> r -> b,2,True,,1.0,82.95045144596058,0.6863749999999998,0,0.001093,SATISFIED,True,236,0.6863749999999998,0.6863749999999998,0.0,5.970362,d6023524cac9554649e8b9b6c03d887f613256e4,1f2680a5b9065e708a7497adc53a95b108029b98,3.13.14,2026-07-18T04:51:21.209244+00:00
P02b_resource_aware_planners,P02b_resource_aware_planners:three_node:8fc7952551c8cc54:L3-R:5:p02b-intent,three_node,8fc7952551c8cc54,5,p02b-intent,L3-R,probabilistic_resource_aware,10,10,0.65,0.05,1e-05,a -> r -> b,2,True,,1.0,82.95045144596058,0.6863749999999998,0,0.001079,SATISFIED,True,233,0.6863749999999998,0.6863749999999998,0.0,7.015934,d6023524cac9554649e8b9b6c03d887f613256e4,1f2680a5b9065e708a7497adc53a95b108029b98,3.13.14,2026-07-18T04:51:28.249765+00:00
P02b_resource_aware_planners,P02b_resource_aware_planners:three_node:8fc7952551c8cc54:L3-R:6:p02b-intent,three_node,8fc7952551c8cc54,6,p02b-intent,L3-R,probabilistic_resource_aware,10,10,0.65,0.05,1e-05,a -> r -> b,2,True,,1.0,82.95045144596058,0.6863749999999998,0,0.002162,SATISFIED,True,241,0.6863749999999998,0.6863749999999998,0.0,7.126659,d6023524cac9554649e8b9b6c03d887f613256e4,1f2680a5b9065e708a7497adc53a95b108029b98,3.13.14,2026-07-18T04:51:35.402341+00:00
P02b_resource_aware_planners,P02b_resource_aware_planners:three_node:8fc7952551c8cc54:L3-R:7:p02b-intent,three_node,8fc7952551c8cc54,7,p02b-intent,L3-R,probabilistic_resource_aware,10,10,0.65,0.05,1e-05,a -> r -> b,2,True,,1.0,82.95045144596058,0.6863749999999998,0,0.002031,SATISFIED,True,241,0.6863749999999998,0.6863749999999998,0.0,7.561712,d6023524cac9554649e8b9b6c03d887f613256e4,1f2680a5b9065e708a7497adc53a95b108029b98,3.13.14,2026-07-18T04:51:42.994275+00:00
P02b_resource_aware_planners,P02b_resource_aware_planners:three_node:8fc7952551c8cc54:L3-R:8:p02b-intent,three_node,8fc7952551c8cc54,8,p02b-intent,L3-R,probabilistic_resource_aware,10,10,0.65,0.05,1e-05,a -> r -> b,2,True,,1.0,82.95045144596058,0.6863749999999998,0,0.00192,SATISFIED,True,240,0.6863749999999998,0.6863749999999998,0.0,7.647417,d6023524cac9554649e8b9b6c03d887f613256e4,1f2680a5b9065e708a7497adc53a95b108029b98,3.13.14,2026-07-18T04:51:50.663778+00:00
P02b_resource_aware_planners,P02b_resource_aware_planners:three_node:8fc7952551c8cc54:L3-R:9:p02b-intent,three_node,8fc7952551c8cc54,9,p02b-intent,L3-R,probabilistic_resource_aware,10,10,0.65,0.05,1e-05,a -> r -> b,2,True,,1.0,82.95045144596058,0.6863749999999998,0,0.001109,SATISFIED,True,243,0.6863749999999998,0.6863749999999998,0.0,7.472106,d6023524cac9554649e8b9b6c03d887f613256e4,1f2680a5b9065e708a7497adc53a95b108029b98,3.13.14,2026-07-18T04:51:58.157742+00:00
P02b_resource_aware_planners,P02b_resource_aware_planners:three_node:4068a95d9c69b1d7:L1:0:p02b-intent,three_node,4068a95d9c69b1d7,0,p02b-intent,L1,conservative_one_round,4,10,0.7,0.01,1e-05,a -> r -> b,2,True,,,,0.7202522030749277,1,0.000756,VIOLATED,False,3,0.7202522030749275,0.7202522030749275,-1.1102230246251565e-16,0.503591,d6023524cac9554649e8b9b6c03d887f613256e4,1f2680a5b9065e708a7497adc53a95b108029b98,3.13.14,2026-07-18T04:51:58.675840+00:00
P02b_resource_aware_planners,P02b_resource_aware_planners:three_node:4068a95d9c69b1d7:L1:1:p02b-intent,three_node,4068a95d9c69b1d7,1,p02b-intent,L1,conservative_one_round,4,10,0.7,0.01,1e-05,a -> r -> b,2,True,,,,0.7202522030749277,1,0.001068,VIOLATED,False,2,0.7202522030749277,0.7202522030749277,0.0,0.555439,d6023524cac9554649e8b9b6c03d887f613256e4,1f2680a5b9065e708a7497adc53a95b108029b98,3.13.14,2026-07-18T04:51:59.249500+00:00
P02b_resource_aware_planners,P02b_resource_aware_planners:three_node:4068a95d9c69b1d7:L1:2:p02b-intent,three_node,4068a95d9c69b1d7,2,p02b-intent,L1,conservative_one_round,4,10,0.7,0.01,1e-05,a -> r -> b,2,True,,,,0.7202522030749277,1,0.000565,SATISFIED,True,4,0.7202522030749277,0.7202522030749277,0.0,0.765984,d6023524cac9554649e8b9b6c03d887f613256e4,1f2680a5b9065e708a7497adc53a95b108029b98,3.13.14,2026-07-18T04:52:00.035495+00:00
P02b_resource_aware_planners,P02b_resource_aware_planners:three_node:4068a95d9c69b1d7:L1:3:p02b-intent,three_node,4068a95d9c69b1d7,3,p02b-intent,L1,conservative_one_round,4,10,0.7,0.01,1e-05,a -> r -> b,2,True,,,,0.7202522030749277,1,0.001038,SATISFIED,True,4,0.7202522030749277,0.7202522030749277,0.0,0.61685,d6023524cac9554649e8b9b6c03d887f613256e4,1f2680a5b9065e708a7497adc53a95b108029b98,3.13.14,2026-07-18T04:52:00.674493+00:00
P02b_resource_aware_planners,P02b_resource_aware_planners:three_node:4068a95d9c69b1d7:L1:4:p02b-intent,three_node,4068a95d9c69b1d7,4,p02b-intent,L1,conservative_one_round,4,10,0.7,0.01,1e-05,a -> r -> b,2,True,,,,0.7202522030749277,1,0.000826,VIOLATED,False,3,0.7202522030749275,0.7202522030749275,-1.1102230246251565e-16,0.507894,d6023524cac9554649e8b9b6c03d887f613256e4,1f2680a5b9065e708a7497adc53a95b108029b98,3.13.14,2026-07-18T04:52:01.201056+00:00
P02b_resource_aware_planners,P02b_resource_aware_planners:three_node:4068a95d9c69b1d7:L1:5:p02b-intent,three_node,4068a95d9c69b1d7,5,p02b-intent,L1,conservative_one_round,4,10,0.7,0.01,1e-05,a -> r -> b,2,True,,,,0.7202522030749277,1,0.001564,SATISFIED,True,5,0.7202522030749277,0.7202522030749277,0.0,0.604681,d6023524cac9554649e8b9b6c03d887f613256e4,1f2680a5b9065e708a7497adc53a95b108029b98,3.13.14,2026-07-18T04:52:01.830653+00:00
P02b_resource_aware_planners,P02b_resource_aware_planners:three_node:4068a95d9c69b1d7:L1:6:p02b-intent,three_node,4068a95d9c69b1d7,6,p02b-intent,L1,conservative_one_round,4,10,0.7,0.01,1e-05,a -> r -> b,2,True,,,,0.7202522030749277,1,0.00059,SATISFIED,True,5,0.7202522030749277,0.7202522030749277,0.0,0.451814,d6023524cac9554649e8b9b6c03d887f613256e4,1f2680a5b9065e708a7497adc53a95b108029b98,3.13.14,2026-07-18T04:52:02.300118+00:00
P02b_resource_aware_planners,P02b_resource_aware_planners:three_node:4068a95d9c69b1d7:L1:7:p02b-intent,three_node,4068a95d9c69b1d7,7,p02b-intent,L1,conservative_one_round,4,10,0.7,0.01,1e-05,a -> r -> b,2,True,,,,0.7202522030749277,1,0.000555,VIOLATED,False,3,0.7202522030749275,0.7202522030749275,-1.1102230246251565e-16,0.53594,d6023524cac9554649e8b9b6c03d887f613256e4,1f2680a5b9065e708a7497adc53a95b108029b98,3.13.14,2026-07-18T04:52:02.850922+00:00
P02b_resource_aware_planners,P02b_resource_aware_planners:three_node:4068a95d9c69b1d7:L1:8:p02b-intent,three_node,4068a95d9c69b1d7,8,p02b-intent,L1,conservative_one_round,4,10,0.7,0.01,1e-05,a -> r -> b,2,True,,,,0.7202522030749277,1,0.000451,SATISFIED,True,5,0.7202522030749277,0.7202522030749277,0.0,0.607289,d6023524cac9554649e8b9b6c03d887f613256e4,1f2680a5b9065e708a7497adc53a95b108029b98,3.13.14,2026-07-18T04:52:03.477295+00:00
P02b_resource_aware_planners,P02b_resource_aware_planners:three_node:4068a95d9c69b1d7:L1:9:p02b-intent,three_node,4068a95d9c69b1d7,9,p02b-intent,L1,conservative_one_round,4,10,0.7,0.01,1e-05,a -> r -> b,2,True,,,,0.7202522030749277,1,0.00114,SATISFIED,True,5,0.7202522030749277,0.7202522030749277,0.0,0.438386,d6023524cac9554649e8b9b6c03d887f613256e4,1f2680a5b9065e708a7497adc53a95b108029b98,3.13.14,2026-07-18T04:52:03.937880+00:00
P02b_resource_aware_planners,P02b_resource_aware_planners:three_node:4068a95d9c69b1d7:L2:0:p02b-intent,three_node,4068a95d9c69b1d7,0,p02b-intent,L2,iterative_analytical,4,10,0.7,0.01,1e-05,a -> r -> b,2,True,,,,0.7202522030749277,1,0.000679,VIOLATED,False,3,0.7202522030749275,0.7202522030749275,-1.1102230246251565e-16,0.47337,d6023524cac9554649e8b9b6c03d887f613256e4,1f2680a5b9065e708a7497adc53a95b108029b98,3.13.14,2026-07-18T04:52:04.423024+00:00
P02b_resource_aware_planners,P02b_resource_aware_planners:three_node:4068a95d9c69b1d7:L2:1:p02b-intent,three_node,4068a95d9c69b1d7,1,p02b-intent,L2,iterative_analytical,4,10,0.7,0.01,1e-05,a -> r -> b,2,True,,,,0.7202522030749277,1,0.000554,VIOLATED,False,2,0.7202522030749277,0.7202522030749277,0.0,0.362197,d6023524cac9554649e8b9b6c03d887f613256e4,1f2680a5b9065e708a7497adc53a95b108029b98,3.13.14,2026-07-18T04:52:04.800746+00:00
P02b_resource_aware_planners,P02b_resource_aware_planners:three_node:4068a95d9c69b1d7:L2:2:p02b-intent,three_node,4068a95d9c69b1d7,2,p02b-intent,L2,iterative_analytical,4,10,0.7,0.01,1e-05,a -> r -> b,2,True,,,,0.7202522030749277,1,0.000699,SATISFIED,True,4,0.7202522030749277,0.7202522030749277,0.0,0.399747,d6023524cac9554649e8b9b6c03d887f613256e4,1f2680a5b9065e708a7497adc53a95b108029b98,3.13.14,2026-07-18T04:52:05.212888+00:00
P02b_resource_aware_planners,P02b_resource_aware_planners:three_node:4068a95d9c69b1d7:L2:3:p02b-intent,three_node,4068a95d9c69b1d7,3,p02b-intent,L2,iterative_analytical,4,10,0.7,0.01,1e-05,a -> r -> b,2,True,,,,0.7202522030749277,1,0.001397,SATISFIED,True,4,0.7202522030749277,0.7202522030749277,0.0,0.424714,d6023524cac9554649e8b9b6c03d887f613256e4,1f2680a5b9065e708a7497adc53a95b108029b98,3.13.14,2026-07-18T04:52:05.649962+00:00
P02b_resource_aware_planners,P02b_resource_aware_planners:three_node:4068a95d9c69b1d7:L2:4:p02b-intent,three_node,4068a95d9c69b1d7,4,p02b-intent,L2,iterative_analytical,4,10,0.7,0.01,1e-05,a -> r -> b,2,True,,,,0.7202522030749277,1,0.000715,VIOLATED,False,3,0.7202522030749275,0.7202522030749275,-1.1102230246251565e-16,0.312769,d6023524cac9554649e8b9b6c03d887f613256e4,1f2680a5b9065e708a7497adc53a95b108029b98,3.13.14,2026-07-18T04:52:05.979651+00:00
P02b_resource_aware_planners,P02b_resource_aware_planners:three_node:4068a95d9c69b1d7:L2:5:p02b-intent,three_node,4068a95d9c69b1d7,5,p02b-intent,L2,iterative_analytical,4,10,0.7,0.01,1e-05,a -> r -> b,2,True,,,,0.7202522030749277,1,0.000539,SATISFIED,True,5,0.7202522030749277,0.7202522030749277,0.0,0.288017,d6023524cac9554649e8b9b6c03d887f613256e4,1f2680a5b9065e708a7497adc53a95b108029b98,3.13.14,2026-07-18T04:52:06.278621+00:00
P02b_resource_aware_planners,P02b_resource_aware_planners:three_node:4068a95d9c69b1d7:L2:6:p02b-intent,three_node,4068a95d9c69b1d7,6,p02b-intent,L2,iterative_analytical,4,10,0.7,0.01,1e-05,a -> r -> b,2,True,,,,0.7202522030749277,1,0.000486,SATISFIED,True,5,0.7202522030749277,0.7202522030749277,0.0,0.370742,d6023524cac9554649e8b9b6c03d887f613256e4,1f2680a5b9065e708a7497adc53a95b108029b98,3.13.14,2026-07-18T04:52:06.664781+00:00
P02b_resource_aware_planners,P02b_resource_aware_planners:three_node:4068a95d9c69b1d7:L2:7:p02b-intent,three_node,4068a95d9c69b1d7,7,p02b-intent,L2,iterative_analytical,4,10,0.7,0.01,1e-05,a -> r -> b,2,True,,,,0.7202522030749277,1,0.000616,VIOLATED,False,3,0.7202522030749275,0.7202522030749275,-1.1102230246251565e-16,0.655252,d6023524cac9554649e8b9b6c03d887f613256e4,1f2680a5b9065e708a7497adc53a95b108029b98,3.13.14,2026-07-18T04:52:07.331779+00:00
P02b_resource_aware_planners,P02b_resource_aware_planners:three_node:4068a95d9c69b1d7:L2:8:p02b-intent,three_node,4068a95d9c69b1d7,8,p02b-intent,L2,iterative_analytical,4,10,0.7,0.01,1e-05,a -> r -> b,2,True,,,,0.7202522030749277,1,0.000535,SATISFIED,True,5,0.7202522030749277,0.7202522030749277,0.0,0.450829,d6023524cac9554649e8b9b6c03d887f613256e4,1f2680a5b9065e708a7497adc53a95b108029b98,3.13.14,2026-07-18T04:52:07.794517+00:00
P02b_resource_aware_planners,P02b_resource_aware_planners:three_node:4068a95d9c69b1d7:L2:9:p02b-intent,three_node,4068a95d9c69b1d7,9,p02b-intent,L2,iterative_analytical,4,10,0.7,0.01,1e-05,a -> r -> b,2,True,,,,0.7202522030749277,1,0.001463,SATISFIED,True,5,0.7202522030749277,0.7202522030749277,0.0,0.381317,d6023524cac9554649e8b9b6c03d887f613256e4,1f2680a5b9065e708a7497adc53a95b108029b98,3.13.14,2026-07-18T04:52:08.199721+00:00
P02b_resource_aware_planners,P02b_resource_aware_planners:three_node:4068a95d9c69b1d7:L2-R:0:p02b-intent,three_node,4068a95d9c69b1d7,0,p02b-intent,L2-R,iterative_resource_aware,4,10,0.7,0.01,1e-05,,0,False,DELIVERY_TARGET_EXCEEDS_WINDOW,,,,0,0.000436,REJECTED,,,,,,,d6023524cac9554649e8b9b6c03d887f613256e4,1f2680a5b9065e708a7497adc53a95b108029b98,3.13.14,2026-07-18T04:52:08.211833+00:00
P02b_resource_aware_planners,P02b_resource_aware_planners:three_node:4068a95d9c69b1d7:L2-R:1:p02b-intent,three_node,4068a95d9c69b1d7,1,p02b-intent,L2-R,iterative_resource_aware,4,10,0.7,0.01,1e-05,,0,False,DELIVERY_TARGET_EXCEEDS_WINDOW,,,,0,0.00026,REJECTED,,,,,,,d6023524cac9554649e8b9b6c03d887f613256e4,1f2680a5b9065e708a7497adc53a95b108029b98,3.13.14,2026-07-18T04:52:08.220671+00:00
P02b_resource_aware_planners,P02b_resource_aware_planners:three_node:4068a95d9c69b1d7:L2-R:2:p02b-intent,three_node,4068a95d9c69b1d7,2,p02b-intent,L2-R,iterative_resource_aware,4,10,0.7,0.01,1e-05,,0,False,DELIVERY_TARGET_EXCEEDS_WINDOW,,,,0,0.000237,REJECTED,,,,,,,d6023524cac9554649e8b9b6c03d887f613256e4,1f2680a5b9065e708a7497adc53a95b108029b98,3.13.14,2026-07-18T04:52:08.227639+00:00
P02b_resource_aware_planners,P02b_resource_aware_planners:three_node:4068a95d9c69b1d7:L2-R:3:p02b-intent,three_node,4068a95d9c69b1d7,3,p02b-intent,L2-R,iterative_resource_aware,4,10,0.7,0.01,1e-05,,0,False,DELIVERY_TARGET_EXCEEDS_WINDOW,,,,0,0.00025,REJECTED,,,,,,,d6023524cac9554649e8b9b6c03d887f613256e4,1f2680a5b9065e708a7497adc53a95b108029b98,3.13.14,2026-07-18T04:52:08.235506+00:00
P02b_resource_aware_planners,P02b_resource_aware_planners:three_node:4068a95d9c69b1d7:L2-R:4:p02b-intent,three_node,4068a95d9c69b1d7,4,p02b-intent,L2-R,iterative_resource_aware,4,10,0.7,0.01,1e-05,,0,False,DELIVERY_TARGET_EXCEEDS_WINDOW,,,,0,0.000246,REJECTED,,,,,,,d6023524cac9554649e8b9b6c03d887f613256e4,1f2680a5b9065e708a7497adc53a95b108029b98,3.13.14,2026-07-18T04:52:08.241774+00:00
P02b_resource_aware_planners,P02b_resource_aware_planners:three_node:4068a95d9c69b1d7:L2-R:5:p02b-intent,three_node,4068a95d9c69b1d7,5,p02b-intent,L2-R,iterative_resource_aware,4,10,0.7,0.01,1e-05,,0,False,DELIVERY_TARGET_EXCEEDS_WINDOW,,,,0,0.00028,REJECTED,,,,,,,d6023524cac9554649e8b9b6c03d887f613256e4,1f2680a5b9065e708a7497adc53a95b108029b98,3.13.14,2026-07-18T04:52:08.253395+00:00
P02b_resource_aware_planners,P02b_resource_aware_planners:three_node:4068a95d9c69b1d7:L2-R:6:p02b-intent,three_node,4068a95d9c69b1d7,6,p02b-intent,L2-R,iterative_resource_aware,4,10,0.7,0.01,1e-05,,0,False,DELIVERY_TARGET_EXCEEDS_WINDOW,,,,0,0.00024,REJECTED,,,,,,,d6023524cac9554649e8b9b6c03d887f613256e4,1f2680a5b9065e708a7497adc53a95b108029b98,3.13.14,2026-07-18T04:52:08.260658+00:00
P02b_resource_aware_planners,P02b_resource_aware_planners:three_node:4068a95d9c69b1d7:L2-R:7:p02b-intent,three_node,4068a95d9c69b1d7,7,p02b-intent,L2-R,iterative_resource_aware,4,10,0.7,0.01,1e-05,,0,False,DELIVERY_TARGET_EXCEEDS_WINDOW,,,,0,0.000697,REJECTED,,,,,,,d6023524cac9554649e8b9b6c03d887f613256e4,1f2680a5b9065e708a7497adc53a95b108029b98,3.13.14,2026-07-18T04:52:08.269976+00:00
P02b_resource_aware_planners,P02b_resource_aware_planners:three_node:4068a95d9c69b1d7:L2-R:8:p02b-intent,three_node,4068a95d9c69b1d7,8,p02b-intent,L2-R,iterative_resource_aware,4,10,0.7,0.01,1e-05,,0,False,DELIVERY_TARGET_EXCEEDS_WINDOW,,,,0,0.000247,REJECTED,,,,,,,d6023524cac9554649e8b9b6c03d887f613256e4,1f2680a5b9065e708a7497adc53a95b108029b98,3.13.14,2026-07-18T04:52:08.277590+00:00
P02b_resource_aware_planners,P02b_resource_aware_planners:three_node:4068a95d9c69b1d7:L2-R:9:p02b-intent,three_node,4068a95d9c69b1d7,9,p02b-intent,L2-R,iterative_resource_aware,4,10,0.7,0.01,1e-05,,0,False,DELIVERY_TARGET_EXCEEDS_WINDOW,,,,0,0.000616,REJECTED,,,,,,,d6023524cac9554649e8b9b6c03d887f613256e4,1f2680a5b9065e708a7497adc53a95b108029b98,3.13.14,2026-07-18T04:52:08.288614+00:00
P02b_resource_aware_planners,P02b_resource_aware_planners:three_node:4068a95d9c69b1d7:L3:0:p02b-intent,three_node,4068a95d9c69b1d7,0,p02b-intent,L3,probabilistic,4,10,0.7,0.01,1e-05,a -> r -> b,2,True,,0.968806816418216,16.65475051172112,0.7202522030749277,1,0.002187,VIOLATED,False,3,0.7202522030749275,0.7202522030749275,-1.1102230246251565e-16,0.349007,d6023524cac9554649e8b9b6c03d887f613256e4,1f2680a5b9065e708a7497adc53a95b108029b98,3.13.14,2026-07-18T04:52:08.653889+00:00
P02b_resource_aware_planners,P02b_resource_aware_planners:three_node:4068a95d9c69b1d7:L3:1:p02b-intent,three_node,4068a95d9c69b1d7,1,p02b-intent,L3,probabilistic,4,10,0.7,0.01,1e-05,a -> r -> b,2,True,,0.968806816418216,16.65475051172112,0.7202522030749277,1,0.002446,VIOLATED,False,2,0.7202522030749277,0.7202522030749277,0.0,0.421959,d6023524cac9554649e8b9b6c03d887f613256e4,1f2680a5b9065e708a7497adc53a95b108029b98,3.13.14,2026-07-18T04:52:09.095254+00:00
P02b_resource_aware_planners,P02b_resource_aware_planners:three_node:4068a95d9c69b1d7:L3:2:p02b-intent,three_node,4068a95d9c69b1d7,2,p02b-intent,L3,probabilistic,4,10,0.7,0.01,1e-05,a -> r -> b,2,True,,0.968806816418216,16.65475051172112,0.7202522030749277,1,0.001106,SATISFIED,True,4,0.7202522030749277,0.7202522030749277,0.0,0.456533,d6023524cac9554649e8b9b6c03d887f613256e4,1f2680a5b9065e708a7497adc53a95b108029b98,3.13.14,2026-07-18T04:52:09.571717+00:00
P02b_resource_aware_planners,P02b_resource_aware_planners:three_node:4068a95d9c69b1d7:L3:3:p02b-intent,three_node,4068a95d9c69b1d7,3,p02b-intent,L3,probabilistic,4,10,0.7,0.01,1e-05,a -> r -> b,2,True,,0.968806816418216,16.65475051172112,0.7202522030749277,1,0.001139,SATISFIED,True,4,0.7202522030749277,0.7202522030749277,0.0,0.437514,d6023524cac9554649e8b9b6c03d887f613256e4,1f2680a5b9065e708a7497adc53a95b108029b98,3.13.14,2026-07-18T04:52:10.021068+00:00
P02b_resource_aware_planners,P02b_resource_aware_planners:three_node:4068a95d9c69b1d7:L3:4:p02b-intent,three_node,4068a95d9c69b1d7,4,p02b-intent,L3,probabilistic,4,10,0.7,0.01,1e-05,a -> r -> b,2,True,,0.968806816418216,16.65475051172112,0.7202522030749277,1,0.001892,VIOLATED,False,3,0.7202522030749275,0.7202522030749275,-1.1102230246251565e-16,0.372817,d6023524cac9554649e8b9b6c03d887f613256e4,1f2680a5b9065e708a7497adc53a95b108029b98,3.13.14,2026-07-18T04:52:10.408384+00:00
P02b_resource_aware_planners,P02b_resource_aware_planners:three_node:4068a95d9c69b1d7:L3:5:p02b-intent,three_node,4068a95d9c69b1d7,5,p02b-intent,L3,probabilistic,4,10,0.7,0.01,1e-05,a -> r -> b,2,True,,0.968806816418216,16.65475051172112,0.7202522030749277,1,0.002136,SATISFIED,True,5,0.7202522030749277,0.7202522030749277,0.0,0.399525,d6023524cac9554649e8b9b6c03d887f613256e4,1f2680a5b9065e708a7497adc53a95b108029b98,3.13.14,2026-07-18T04:52:10.828718+00:00
P02b_resource_aware_planners,P02b_resource_aware_planners:three_node:4068a95d9c69b1d7:L3:6:p02b-intent,three_node,4068a95d9c69b1d7,6,p02b-intent,L3,probabilistic,4,10,0.7,0.01,1e-05,a -> r -> b,2,True,,0.968806816418216,16.65475051172112,0.7202522030749277,1,0.001614,SATISFIED,True,5,0.7202522030749277,0.7202522030749277,0.0,0.466293,d6023524cac9554649e8b9b6c03d887f613256e4,1f2680a5b9065e708a7497adc53a95b108029b98,3.13.14,2026-07-18T04:53:25.689728+00:00
P02b_resource_aware_planners,P02b_resource_aware_planners:three_node:4068a95d9c69b1d7:L3:7:p02b-intent,three_node,4068a95d9c69b1d7,7,p02b-intent,L3,probabilistic,4,10,0.7,0.01,1e-05,a -> r -> b,2,True,,0.968806816418216,16.65475051172112,0.7202522030749277,1,0.001914,VIOLATED,False,3,0.7202522030749275,0.7202522030749275,-1.1102230246251565e-16,0.403732,d6023524cac9554649e8b9b6c03d887f613256e4,1f2680a5b9065e708a7497adc53a95b108029b98,3.13.14,2026-07-18T04:53:26.109045+00:00
P02b_resource_aware_planners,P02b_resource_aware_planners:three_node:4068a95d9c69b1d7:L3:8:p02b-intent,three_node,4068a95d9c69b1d7,8,p02b-intent,L3,probabilistic,4,10,0.7,0.01,1e-05,a -> r -> b,2,True,,0.968806816418216,16.65475051172112,0.7202522030749277,1,0.002103,SATISFIED,True,5,0.7202522030749277,0.7202522030749277,0.0,0.429055,d6023524cac9554649e8b9b6c03d887f613256e4,1f2680a5b9065e708a7497adc53a95b108029b98,3.13.14,2026-07-18T04:53:26.561202+00:00
P02b_resource_aware_planners,P02b_resource_aware_planners:three_node:4068a95d9c69b1d7:L3:9:p02b-intent,three_node,4068a95d9c69b1d7,9,p02b-intent,L3,probabilistic,4,10,0.7,0.01,1e-05,a -> r -> b,2,True,,0.968806816418216,16.65475051172112,0.7202522030749277,1,0.002111,SATISFIED,True,5,0.7202522030749277,0.7202522030749277,0.0,0.635377,d6023524cac9554649e8b9b6c03d887f613256e4,1f2680a5b9065e708a7497adc53a95b108029b98,3.13.14,2026-07-18T04:53:27.219395+00:00
P02b_resource_aware_planners,P02b_resource_aware_planners:three_node:4068a95d9c69b1d7:L3-R:0:p02b-intent,three_node,4068a95d9c69b1d7,0,p02b-intent,L3-R,probabilistic_resource_aware,4,10,0.7,0.01,1e-05,a -> r -> b,2,True,,0.00010874113478753119,2.2206334015628157,0.7202522030749277,1,0.003457,VIOLATED,False,3,0.7202522030749275,0.7202522030749275,-1.1102230246251565e-16,0.592049,d6023524cac9554649e8b9b6c03d887f613256e4,1f2680a5b9065e708a7497adc53a95b108029b98,3.13.14,2026-07-18T04:53:27.841596+00:00
P02b_resource_aware_planners,P02b_resource_aware_planners:three_node:4068a95d9c69b1d7:L3-R:1:p02b-intent,three_node,4068a95d9c69b1d7,1,p02b-intent,L3-R,probabilistic_resource_aware,4,10,0.7,0.01,1e-05,a -> r -> b,2,True,,0.00010874113478753119,2.2206334015628157,0.7202522030749277,1,0.001203,VIOLATED,False,2,0.7202522030749277,0.7202522030749277,0.0,0.421553,d6023524cac9554649e8b9b6c03d887f613256e4,1f2680a5b9065e708a7497adc53a95b108029b98,3.13.14,2026-07-18T04:53:28.284195+00:00
P02b_resource_aware_planners,P02b_resource_aware_planners:three_node:4068a95d9c69b1d7:L3-R:2:p02b-intent,three_node,4068a95d9c69b1d7,2,p02b-intent,L3-R,probabilistic_resource_aware,4,10,0.7,0.01,1e-05,a -> r -> b,2,True,,0.00010874113478753119,2.2206334015628157,0.7202522030749277,1,0.002377,SATISFIED,True,4,0.7202522030749277,0.7202522030749277,0.0,0.458023,d6023524cac9554649e8b9b6c03d887f613256e4,1f2680a5b9065e708a7497adc53a95b108029b98,3.13.14,2026-07-18T04:53:28.764306+00:00
P02b_resource_aware_planners,P02b_resource_aware_planners:three_node:4068a95d9c69b1d7:L3-R:3:p02b-intent,three_node,4068a95d9c69b1d7,3,p02b-intent,L3-R,probabilistic_resource_aware,4,10,0.7,0.01,1e-05,a -> r -> b,2,True,,0.00010874113478753119,2.2206334015628157,0.7202522030749277,1,0.001108,SATISFIED,True,4,0.7202522030749277,0.7202522030749277,0.0,0.394602,d6023524cac9554649e8b9b6c03d887f613256e4,1f2680a5b9065e708a7497adc53a95b108029b98,3.13.14,2026-07-18T04:53:29.171874+00:00
P02b_resource_aware_planners,P02b_resource_aware_planners:three_node:4068a95d9c69b1d7:L3-R:4:p02b-intent,three_node,4068a95d9c69b1d7,4,p02b-intent,L3-R,probabilistic_resource_aware,4,10,0.7,0.01,1e-05,a -> r -> b,2,True,,0.00010874113478753119,2.2206334015628157,0.7202522030749277,1,0.002147,VIOLATED,False,3,0.7202522030749275,0.7202522030749275,-1.1102230246251565e-16,0.447657,d6023524cac9554649e8b9b6c03d887f613256e4,1f2680a5b9065e708a7497adc53a95b108029b98,3.13.14,2026-07-18T04:53:29.637141+00:00
P02b_resource_aware_planners,P02b_resource_aware_planners:three_node:4068a95d9c69b1d7:L3-R:5:p02b-intent,three_node,4068a95d9c69b1d7,5,p02b-intent,L3-R,probabilistic_resource_aware,4,10,0.7,0.01,1e-05,a -> r -> b,2,True,,0.00010874113478753119,2.2206334015628157,0.7202522030749277,1,0.001153,SATISFIED,True,5,0.7202522030749277,0.7202522030749277,0.0,0.39174,d6023524cac9554649e8b9b6c03d887f613256e4,1f2680a5b9065e708a7497adc53a95b108029b98,3.13.14,2026-07-18T04:53:30.041870+00:00
P02b_resource_aware_planners,P02b_resource_aware_planners:three_node:4068a95d9c69b1d7:L3-R:6:p02b-intent,three_node,4068a95d9c69b1d7,6,p02b-intent,L3-R,probabilistic_resource_aware,4,10,0.7,0.01,1e-05,a -> r -> b,2,True,,0.00010874113478753119,2.2206334015628157,0.7202522030749277,1,0.001237,SATISFIED,True,5,0.7202522030749277,0.7202522030749277,0.0,0.477283,d6023524cac9554649e8b9b6c03d887f613256e4,1f2680a5b9065e708a7497adc53a95b108029b98,3.13.14,2026-07-18T04:53:30.539640+00:00
P02b_resource_aware_planners,P02b_resource_aware_planners:three_node:4068a95d9c69b1d7:L3-R:7:p02b-intent,three_node,4068a95d9c69b1d7,7,p02b-intent,L3-R,probabilistic_resource_aware,4,10,0.7,0.01,1e-05,a -> r -> b,2,True,,0.00010874113478753119,2.2206334015628157,0.7202522030749277,1,0.001164,VIOLATED,False,3,0.7202522030749275,0.7202522030749275,-1.1102230246251565e-16,0.35616,d6023524cac9554649e8b9b6c03d887f613256e4,1f2680a5b9065e708a7497adc53a95b108029b98,3.13.14,2026-07-18T04:53:30.911058+00:00
P02b_resource_aware_planners,P02b_resource_aware_planners:three_node:4068a95d9c69b1d7:L3-R:8:p02b-intent,three_node,4068a95d9c69b1d7,8,p02b-intent,L3-R,probabilistic_resource_aware,4,10,0.7,0.01,1e-05,a -> r -> b,2,True,,0.00010874113478753119,2.2206334015628157,0.7202522030749277,1,0.001441,SATISFIED,True,5,0.7202522030749277,0.7202522030749277,0.0,0.367301,d6023524cac9554649e8b9b6c03d887f613256e4,1f2680a5b9065e708a7497adc53a95b108029b98,3.13.14,2026-07-18T04:53:31.289901+00:00
P02b_resource_aware_planners,P02b_resource_aware_planners:three_node:4068a95d9c69b1d7:L3-R:9:p02b-intent,three_node,4068a95d9c69b1d7,9,p02b-intent,L3-R,probabilistic_resource_aware,4,10,0.7,0.01,1e-05,a -> r -> b,2,True,,0.00010874113478753119,2.2206334015628157,0.7202522030749277,1,0.002337,SATISFIED,True,5,0.7202522030749277,0.7202522030749277,0.0,0.508146,d6023524cac9554649e8b9b6c03d887f613256e4,1f2680a5b9065e708a7497adc53a95b108029b98,3.13.14,2026-07-18T04:53:31.812610+00:00
P02b_resource_aware_planners,P02b_resource_aware_planners:three_node:88ec40897f21da8d:L1:0:p02b-intent,three_node,88ec40897f21da8d,0,p02b-intent,L1,conservative_one_round,4,10,0.73,0.01,1e-05,,0,False,no candidate route is feasible: a->r->b (min_fidelity 0.730 exceeds the achievable estimate 0.720 (one-round static estimate (BBPSSWCircuit.improved_fidelity); SeQUeNCe's 'until_target' mode may run a different number of rounds at execution time)),,,,0,0.001427,REJECTED,,,,,,,d6023524cac9554649e8b9b6c03d887f613256e4,1f2680a5b9065e708a7497adc53a95b108029b98,3.13.14,2026-07-18T04:53:31.823407+00:00
P02b_resource_aware_planners,P02b_resource_aware_planners:three_node:88ec40897f21da8d:L1:1:p02b-intent,three_node,88ec40897f21da8d,1,p02b-intent,L1,conservative_one_round,4,10,0.73,0.01,1e-05,,0,False,no candidate route is feasible: a->r->b (min_fidelity 0.730 exceeds the achievable estimate 0.720 (one-round static estimate (BBPSSWCircuit.improved_fidelity); SeQUeNCe's 'until_target' mode may run a different number of rounds at execution time)),,,,0,0.000958,REJECTED,,,,,,,d6023524cac9554649e8b9b6c03d887f613256e4,1f2680a5b9065e708a7497adc53a95b108029b98,3.13.14,2026-07-18T04:53:31.837974+00:00
P02b_resource_aware_planners,P02b_resource_aware_planners:three_node:88ec40897f21da8d:L1:2:p02b-intent,three_node,88ec40897f21da8d,2,p02b-intent,L1,conservative_one_round,4,10,0.73,0.01,1e-05,,0,False,no candidate route is feasible: a->r->b (min_fidelity 0.730 exceeds the achievable estimate 0.720 (one-round static estimate (BBPSSWCircuit.improved_fidelity); SeQUeNCe's 'until_target' mode may run a different number of rounds at execution time)),,,,0,0.000906,REJECTED,,,,,,,d6023524cac9554649e8b9b6c03d887f613256e4,1f2680a5b9065e708a7497adc53a95b108029b98,3.13.14,2026-07-18T04:53:31.850430+00:00
P02b_resource_aware_planners,P02b_resource_aware_planners:three_node:88ec40897f21da8d:L1:3:p02b-intent,three_node,88ec40897f21da8d,3,p02b-intent,L1,conservative_one_round,4,10,0.73,0.01,1e-05,,0,False,no candidate route is feasible: a->r->b (min_fidelity 0.730 exceeds the achievable estimate 0.720 (one-round static estimate (BBPSSWCircuit.improved_fidelity); SeQUeNCe's 'until_target' mode may run a different number of rounds at execution time)),,,,0,0.000395,REJECTED,,,,,,,d6023524cac9554649e8b9b6c03d887f613256e4,1f2680a5b9065e708a7497adc53a95b108029b98,3.13.14,2026-07-18T04:53:31.862107+00:00
P02b_resource_aware_planners,P02b_resource_aware_planners:three_node:88ec40897f21da8d:L1:4:p02b-intent,three_node,88ec40897f21da8d,4,p02b-intent,L1,conservative_one_round,4,10,0.73,0.01,1e-05,,0,False,no candidate route is feasible: a->r->b (min_fidelity 0.730 exceeds the achievable estimate 0.720 (one-round static estimate (BBPSSWCircuit.improved_fidelity); SeQUeNCe's 'until_target' mode may run a different number of rounds at execution time)),,,,0,0.000405,REJECTED,,,,,,,d6023524cac9554649e8b9b6c03d887f613256e4,1f2680a5b9065e708a7497adc53a95b108029b98,3.13.14,2026-07-18T04:53:31.875180+00:00
P02b_resource_aware_planners,P02b_resource_aware_planners:three_node:88ec40897f21da8d:L1:5:p02b-intent,three_node,88ec40897f21da8d,5,p02b-intent,L1,conservative_one_round,4,10,0.73,0.01,1e-05,,0,False,no candidate route is feasible: a->r->b (min_fidelity 0.730 exceeds the achievable estimate 0.720 (one-round static estimate (BBPSSWCircuit.improved_fidelity); SeQUeNCe's 'until_target' mode may run a different number of rounds at execution time)),,,,0,0.0004,REJECTED,,,,,,,d6023524cac9554649e8b9b6c03d887f613256e4,1f2680a5b9065e708a7497adc53a95b108029b98,3.13.14,2026-07-18T04:53:31.881486+00:00
P02b_resource_aware_planners,P02b_resource_aware_planners:three_node:88ec40897f21da8d:L1:6:p02b-intent,three_node,88ec40897f21da8d,6,p02b-intent,L1,conservative_one_round,4,10,0.73,0.01,1e-05,,0,False,no candidate route is feasible: a->r->b (min_fidelity 0.730 exceeds the achievable estimate 0.720 (one-round static estimate (BBPSSWCircuit.improved_fidelity); SeQUeNCe's 'until_target' mode may run a different number of rounds at execution time)),,,,0,0.000461,REJECTED,,,,,,,d6023524cac9554649e8b9b6c03d887f613256e4,1f2680a5b9065e708a7497adc53a95b108029b98,3.13.14,2026-07-18T04:53:31.887202+00:00
P02b_resource_aware_planners,P02b_resource_aware_planners:three_node:88ec40897f21da8d:L1:7:p02b-intent,three_node,88ec40897f21da8d,7,p02b-intent,L1,conservative_one_round,4,10,0.73,0.01,1e-05,,0,False,no candidate route is feasible: a->r->b (min_fidelity 0.730 exceeds the achievable estimate 0.720 (one-round static estimate (BBPSSWCircuit.improved_fidelity); SeQUeNCe's 'until_target' mode may run a different number of rounds at execution time)),,,,0,0.001905,REJECTED,,,,,,,d6023524cac9554649e8b9b6c03d887f613256e4,1f2680a5b9065e708a7497adc53a95b108029b98,3.13.14,2026-07-18T04:53:31.899578+00:00
P02b_resource_aware_planners,P02b_resource_aware_planners:three_node:88ec40897f21da8d:L1:8:p02b-intent,three_node,88ec40897f21da8d,8,p02b-intent,L1,conservative_one_round,4,10,0.73,0.01,1e-05,,0,False,no candidate route is feasible: a->r->b (min_fidelity 0.730 exceeds the achievable estimate 0.720 (one-round static estimate (BBPSSWCircuit.improved_fidelity); SeQUeNCe's 'until_target' mode may run a different number of rounds at execution time)),,,,0,0.000456,REJECTED,,,,,,,d6023524cac9554649e8b9b6c03d887f613256e4,1f2680a5b9065e708a7497adc53a95b108029b98,3.13.14,2026-07-18T04:53:31.909693+00:00
P02b_resource_aware_planners,P02b_resource_aware_planners:three_node:88ec40897f21da8d:L1:9:p02b-intent,three_node,88ec40897f21da8d,9,p02b-intent,L1,conservative_one_round,4,10,0.73,0.01,1e-05,,0,False,no candidate route is feasible: a->r->b (min_fidelity 0.730 exceeds the achievable estimate 0.720 (one-round static estimate (BBPSSWCircuit.improved_fidelity); SeQUeNCe's 'until_target' mode may run a different number of rounds at execution time)),,,,0,0.000561,REJECTED,,,,,,,d6023524cac9554649e8b9b6c03d887f613256e4,1f2680a5b9065e708a7497adc53a95b108029b98,3.13.14,2026-07-18T04:53:31.917017+00:00
P02b_resource_aware_planners,P02b_resource_aware_planners:three_node:88ec40897f21da8d:L2:0:p02b-intent,three_node,88ec40897f21da8d,0,p02b-intent,L2,iterative_analytical,4,10,0.73,0.01,1e-05,a -> r -> b,2,True,,,,0.7572267420113338,2,0.000542,VIOLATED,False,2,0.7572267420113338,0.7572267420113338,0.0,0.465641,d6023524cac9554649e8b9b6c03d887f613256e4,1f2680a5b9065e708a7497adc53a95b108029b98,3.13.14,2026-07-18T04:53:32.398620+00:00
P02b_resource_aware_planners,P02b_resource_aware_planners:three_node:88ec40897f21da8d:L2:1:p02b-intent,three_node,88ec40897f21da8d,1,p02b-intent,L2,iterative_analytical,4,10,0.73,0.01,1e-05,a -> r -> b,2,True,,,,0.7572267420113338,2,0.000975,VIOLATED,False,1,0.7572267420113338,0.7572267420113338,0.0,0.336776,d6023524cac9554649e8b9b6c03d887f613256e4,1f2680a5b9065e708a7497adc53a95b108029b98,3.13.14,2026-07-18T04:53:32.750201+00:00
P02b_resource_aware_planners,P02b_resource_aware_planners:three_node:88ec40897f21da8d:L2:2:p02b-intent,three_node,88ec40897f21da8d,2,p02b-intent,L2,iterative_analytical,4,10,0.73,0.01,1e-05,a -> r -> b,2,True,,,,0.7572267420113338,2,0.000543,VIOLATED,False,2,0.7572267420113338,0.7572267420113338,0.0,0.403462,d6023524cac9554649e8b9b6c03d887f613256e4,1f2680a5b9065e708a7497adc53a95b108029b98,3.13.14,2026-07-18T04:53:33.164556+00:00
P02b_resource_aware_planners,P02b_resource_aware_planners:three_node:88ec40897f21da8d:L2:3:p02b-intent,three_node,88ec40897f21da8d,3,p02b-intent,L2,iterative_analytical,4,10,0.73,0.01,1e-05,a -> r -> b,2,True,,,,0.7572267420113338,2,0.000511,VIOLATED,False,3,0.7572267420113338,0.7572267420113338,0.0,0.374048,d6023524cac9554649e8b9b6c03d887f613256e4,1f2680a5b9065e708a7497adc53a95b108029b98,3.13.14,2026-07-18T04:53:33.549326+00:00
P02b_resource_aware_planners,P02b_resource_aware_planners:three_node:88ec40897f21da8d:L2:4:p02b-intent,three_node,88ec40897f21da8d,4,p02b-intent,L2,iterative_analytical,4,10,0.73,0.01,1e-05,a -> r -> b,2,True,,,,0.7572267420113338,2,0.000635,VIOLATED,False,1,0.7572267420113338,0.7572267420113338,0.0,0.29841,d6023524cac9554649e8b9b6c03d887f613256e4,1f2680a5b9065e708a7497adc53a95b108029b98,3.13.14,2026-07-18T04:53:33.861808+00:00
P02b_resource_aware_planners,P02b_resource_aware_planners:three_node:88ec40897f21da8d:L2:5:p02b-intent,three_node,88ec40897f21da8d,5,p02b-intent,L2,iterative_analytical,4,10,0.73,0.01,1e-05,a -> r -> b,2,True,,,,0.7572267420113338,2,0.00052,VIOLATED,False,2,0.7572267420113338,0.7572267420113338,0.0,0.354928,d6023524cac9554649e8b9b6c03d887f613256e4,1f2680a5b9065e708a7497adc53a95b108029b98,3.13.14,2026-07-18T04:53:34.228466+00:00
P02b_resource_aware_planners,P02b_resource_aware_planners:three_node:88ec40897f21da8d:L2:6:p02b-intent,three_node,88ec40897f21da8d,6,p02b-intent,L2,iterative_analytical,4,10,0.73,0.01,1e-05,a -> r -> b,2,True,,,,0.7572267420113338,2,0.000533,VIOLATED,False,2,0.7572267420113338,0.7572267420113338,0.0,0.37648,d6023524cac9554649e8b9b6c03d887f613256e4,1f2680a5b9065e708a7497adc53a95b108029b98,3.13.14,2026-07-18T04:53:34.622229+00:00
P02b_resource_aware_planners,P02b_resource_aware_planners:three_node:88ec40897f21da8d:L2:7:p02b-intent,three_node,88ec40897f21da8d,7,p02b-intent,L2,iterative_analytical,4,10,0.73,0.01,1e-05,a -> r -> b,2,True,,,,0.7572267420113338,2,0.000596,VIOLATED,False,1,0.7572267420113338,0.7572267420113338,0.0,0.334088,d6023524cac9554649e8b9b6c03d887f613256e4,1f2680a5b9065e708a7497adc53a95b108029b98,3.13.14,2026-07-18T04:53:34.970176+00:00
P02b_resource_aware_planners,P02b_resource_aware_planners:three_node:88ec40897f21da8d:L2:8:p02b-intent,three_node,88ec40897f21da8d,8,p02b-intent,L2,iterative_analytical,4,10,0.73,0.01,1e-05,a -> r -> b,2,True,,,,0.7572267420113338,2,0.000503,VIOLATED,False,1,0.7572267420113338,0.7572267420113338,0.0,0.39658,d6023524cac9554649e8b9b6c03d887f613256e4,1f2680a5b9065e708a7497adc53a95b108029b98,3.13.14,2026-07-18T04:53:35.380543+00:00
P02b_resource_aware_planners,P02b_resource_aware_planners:three_node:88ec40897f21da8d:L2:9:p02b-intent,three_node,88ec40897f21da8d,9,p02b-intent,L2,iterative_analytical,4,10,0.73,0.01,1e-05,a -> r -> b,2,True,,,,0.7572267420113338,2,0.000519,VIOLATED,False,0,,,,0.29282,d6023524cac9554649e8b9b6c03d887f613256e4,1f2680a5b9065e708a7497adc53a95b108029b98,3.13.14,2026-07-18T04:53:35.686008+00:00
P02b_resource_aware_planners,P02b_resource_aware_planners:three_node:88ec40897f21da8d:L2-R:0:p02b-intent,three_node,88ec40897f21da8d,0,p02b-intent,L2-R,iterative_resource_aware,4,10,0.73,0.01,1e-05,,0,False,DELIVERY_TARGET_EXCEEDS_WINDOW,,,,0,0.000438,REJECTED,,,,,,,d6023524cac9554649e8b9b6c03d887f613256e4,1f2680a5b9065e708a7497adc53a95b108029b98,3.13.14,2026-07-18T04:53:35.694174+00:00
P02b_resource_aware_planners,P02b_resource_aware_planners:three_node:88ec40897f21da8d:L2-R:1:p02b-intent,three_node,88ec40897f21da8d,1,p02b-intent,L2-R,iterative_resource_aware,4,10,0.73,0.01,1e-05,,0,False,DELIVERY_TARGET_EXCEEDS_WINDOW,,,,0,0.000603,REJECTED,,,,,,,d6023524cac9554649e8b9b6c03d887f613256e4,1f2680a5b9065e708a7497adc53a95b108029b98,3.13.14,2026-07-18T04:53:35.703411+00:00
P02b_resource_aware_planners,P02b_resource_aware_planners:three_node:88ec40897f21da8d:L2-R:2:p02b-intent,three_node,88ec40897f21da8d,2,p02b-intent,L2-R,iterative_resource_aware,4,10,0.73,0.01,1e-05,,0,False,DELIVERY_TARGET_EXCEEDS_WINDOW,,,,0,0.000263,REJECTED,,,,,,,d6023524cac9554649e8b9b6c03d887f613256e4,1f2680a5b9065e708a7497adc53a95b108029b98,3.13.14,2026-07-18T04:53:35.709699+00:00
P02b_resource_aware_planners,P02b_resource_aware_planners:three_node:88ec40897f21da8d:L2-R:3:p02b-intent,three_node,88ec40897f21da8d,3,p02b-intent,L2-R,iterative_resource_aware,4,10,0.73,0.01,1e-05,,0,False,DELIVERY_TARGET_EXCEEDS_WINDOW,,,,0,0.000415,REJECTED,,,,,,,d6023524cac9554649e8b9b6c03d887f613256e4,1f2680a5b9065e708a7497adc53a95b108029b98,3.13.14,2026-07-18T04:53:35.715449+00:00
P02b_resource_aware_planners,P02b_resource_aware_planners:three_node:88ec40897f21da8d:L2-R:4:p02b-intent,three_node,88ec40897f21da8d,4,p02b-intent,L2-R,iterative_resource_aware,4,10,0.73,0.01,1e-05,,0,False,DELIVERY_TARGET_EXCEEDS_WINDOW,,,,0,0.000254,REJECTED,,,,,,,d6023524cac9554649e8b9b6c03d887f613256e4,1f2680a5b9065e708a7497adc53a95b108029b98,3.13.14,2026-07-18T04:53:35.724696+00:00
P02b_resource_aware_planners,P02b_resource_aware_planners:three_node:88ec40897f21da8d:L2-R:5:p02b-intent,three_node,88ec40897f21da8d,5,p02b-intent,L2-R,iterative_resource_aware,4,10,0.73,0.01,1e-05,,0,False,DELIVERY_TARGET_EXCEEDS_WINDOW,,,,0,0.000255,REJECTED,,,,,,,d6023524cac9554649e8b9b6c03d887f613256e4,1f2680a5b9065e708a7497adc53a95b108029b98,3.13.14,2026-07-18T04:53:35.730768+00:00
P02b_resource_aware_planners,P02b_resource_aware_planners:three_node:88ec40897f21da8d:L2-R:6:p02b-intent,three_node,88ec40897f21da8d,6,p02b-intent,L2-R,iterative_resource_aware,4,10,0.73,0.01,1e-05,,0,False,DELIVERY_TARGET_EXCEEDS_WINDOW,,,,0,0.000278,REJECTED,,,,,,,d6023524cac9554649e8b9b6c03d887f613256e4,1f2680a5b9065e708a7497adc53a95b108029b98,3.13.14,2026-07-18T04:53:35.738786+00:00
P02b_resource_aware_planners,P02b_resource_aware_planners:three_node:88ec40897f21da8d:L2-R:7:p02b-intent,three_node,88ec40897f21da8d,7,p02b-intent,L2-R,iterative_resource_aware,4,10,0.73,0.01,1e-05,,0,False,DELIVERY_TARGET_EXCEEDS_WINDOW,,,,0,0.000437,REJECTED,,,,,,,d6023524cac9554649e8b9b6c03d887f613256e4,1f2680a5b9065e708a7497adc53a95b108029b98,3.13.14,2026-07-18T04:53:35.749041+00:00
P02b_resource_aware_planners,P02b_resource_aware_planners:three_node:88ec40897f21da8d:L2-R:8:p02b-intent,three_node,88ec40897f21da8d,8,p02b-intent,L2-R,iterative_resource_aware,4,10,0.73,0.01,1e-05,,0,False,DELIVERY_TARGET_EXCEEDS_WINDOW,,,,0,0.000423,REJECTED,,,,,,,d6023524cac9554649e8b9b6c03d887f613256e4,1f2680a5b9065e708a7497adc53a95b108029b98,3.13.14,2026-07-18T04:53:35.760773+00:00
P02b_resource_aware_planners,P02b_resource_aware_planners:three_node:88ec40897f21da8d:L2-R:9:p02b-intent,three_node,88ec40897f21da8d,9,p02b-intent,L2-R,iterative_resource_aware,4,10,0.73,0.01,1e-05,,0,False,DELIVERY_TARGET_EXCEEDS_WINDOW,,,,0,0.000253,REJECTED,,,,,,,d6023524cac9554649e8b9b6c03d887f613256e4,1f2680a5b9065e708a7497adc53a95b108029b98,3.13.14,2026-07-18T04:53:35.768149+00:00
P02b_resource_aware_planners,P02b_resource_aware_planners:three_node:88ec40897f21da8d:L3:0:p02b-intent,three_node,88ec40897f21da8d,0,p02b-intent,L3,probabilistic,4,10,0.73,0.01,1e-05,a -> r -> b,2,True,,0.07087922605983855,5.800569318562061,0.7572267420113338,2,0.001086,VIOLATED,False,2,0.7572267420113338,0.7572267420113338,0.0,0.474321,d6023524cac9554649e8b9b6c03d887f613256e4,1f2680a5b9065e708a7497adc53a95b108029b98,3.13.14,2026-07-18T04:53:36.254515+00:00
P02b_resource_aware_planners,P02b_resource_aware_planners:three_node:88ec40897f21da8d:L3:1:p02b-intent,three_node,88ec40897f21da8d,1,p02b-intent,L3,probabilistic,4,10,0.73,0.01,1e-05,a -> r -> b,2,True,,0.07087922605983855,5.800569318562061,0.7572267420113338,2,0.001087,VIOLATED,False,1,0.7572267420113338,0.7572267420113338,0.0,0.369734,d6023524cac9554649e8b9b6c03d887f613256e4,1f2680a5b9065e708a7497adc53a95b108029b98,3.13.14,2026-07-18T04:53:36.644306+00:00
P02b_resource_aware_planners,P02b_resource_aware_planners:three_node:88ec40897f21da8d:L3:2:p02b-intent,three_node,88ec40897f21da8d,2,p02b-intent,L3,probabilistic,4,10,0.73,0.01,1e-05,a -> r -> b,2,True,,0.07087922605983855,5.800569318562061,0.7572267420113338,2,0.001079,VIOLATED,False,2,0.7572267420113338,0.7572267420113338,0.0,0.46931,d6023524cac9554649e8b9b6c03d887f613256e4,1f2680a5b9065e708a7497adc53a95b108029b98,3.13.14,2026-07-18T04:53:37.125337+00:00
P02b_resource_aware_planners,P02b_resource_aware_planners:three_node:88ec40897f21da8d:L3:3:p02b-intent,three_node,88ec40897f21da8d,3,p02b-intent,L3,probabilistic,4,10,0.73,0.01,1e-05,a -> r -> b,2,True,,0.07087922605983855,5.800569318562061,0.7572267420113338,2,0.002643,VIOLATED,False,3,0.7572267420113338,0.7572267420113338,0.0,0.593675,d6023524cac9554649e8b9b6c03d887f613256e4,1f2680a5b9065e708a7497adc53a95b108029b98,3.13.14,2026-07-18T04:53:37.753187+00:00
P02b_resource_aware_planners,P02b_resource_aware_planners:three_node:88ec40897f21da8d:L3:4:p02b-intent,three_node,88ec40897f21da8d,4,p02b-intent,L3,probabilistic,4,10,0.73,0.01,1e-05,a -> r -> b,2,True,,0.07087922605983855,5.800569318562061,0.7572267420113338,2,0.002512,VIOLATED,False,1,0.7572267420113338,0.7572267420113338,0.0,0.364061,d6023524cac9554649e8b9b6c03d887f613256e4,1f2680a5b9065e708a7497adc53a95b108029b98,3.13.14,2026-07-18T04:53:38.141893+00:00
P02b_resource_aware_planners,P02b_resource_aware_planners:three_node:88ec40897f21da8d:L3:5:p02b-intent,three_node,88ec40897f21da8d,5,p02b-intent,L3,probabilistic,4,10,0.73,0.01,1e-05,a -> r -> b,2,True,,0.07087922605983855,5.800569318562061,0.7572267420113338,2,0.002251,VIOLATED,False,2,0.7572267420113338,0.7572267420113338,0.0,0.400239,d6023524cac9554649e8b9b6c03d887f613256e4,1f2680a5b9065e708a7497adc53a95b108029b98,3.13.14,2026-07-18T04:53:38.568027+00:00
P02b_resource_aware_planners,P02b_resource_aware_planners:three_node:88ec40897f21da8d:L3:6:p02b-intent,three_node,88ec40897f21da8d,6,p02b-intent,L3,probabilistic,4,10,0.73,0.01,1e-05,a -> r -> b,2,True,,0.07087922605983855,5.800569318562061,0.7572267420113338,2,0.000987,VIOLATED,False,2,0.7572267420113338,0.7572267420113338,0.0,0.376209,d6023524cac9554649e8b9b6c03d887f613256e4,1f2680a5b9065e708a7497adc53a95b108029b98,3.13.14,2026-07-18T04:53:38.956970+00:00
P02b_resource_aware_planners,P02b_resource_aware_planners:three_node:88ec40897f21da8d:L3:7:p02b-intent,three_node,88ec40897f21da8d,7,p02b-intent,L3,probabilistic,4,10,0.73,0.01,1e-05,a -> r -> b,2,True,,0.07087922605983855,5.800569318562061,0.7572267420113338,2,0.002162,VIOLATED,False,1,0.7572267420113338,0.7572267420113338,0.0,0.383994,d6023524cac9554649e8b9b6c03d887f613256e4,1f2680a5b9065e708a7497adc53a95b108029b98,3.13.14,2026-07-18T04:53:39.357243+00:00
P02b_resource_aware_planners,P02b_resource_aware_planners:three_node:88ec40897f21da8d:L3:8:p02b-intent,three_node,88ec40897f21da8d,8,p02b-intent,L3,probabilistic,4,10,0.73,0.01,1e-05,a -> r -> b,2,True,,0.07087922605983855,5.800569318562061,0.7572267420113338,2,0.000973,VIOLATED,False,1,0.7572267420113338,0.7572267420113338,0.0,0.326953,d6023524cac9554649e8b9b6c03d887f613256e4,1f2680a5b9065e708a7497adc53a95b108029b98,3.13.14,2026-07-18T04:53:39.697950+00:00
P02b_resource_aware_planners,P02b_resource_aware_planners:three_node:88ec40897f21da8d:L3:9:p02b-intent,three_node,88ec40897f21da8d,9,p02b-intent,L3,probabilistic,4,10,0.73,0.01,1e-05,a -> r -> b,2,True,,0.07087922605983855,5.800569318562061,0.7572267420113338,2,0.002226,VIOLATED,False,0,,,,0.437999,d6023524cac9554649e8b9b6c03d887f613256e4,1f2680a5b9065e708a7497adc53a95b108029b98,3.13.14,2026-07-18T04:53:40.323023+00:00
P02b_resource_aware_planners,P02b_resource_aware_planners:three_node:88ec40897f21da8d:L3-R:0:p02b-intent,three_node,88ec40897f21da8d,0,p02b-intent,L3-R,probabilistic_resource_aware,4,10,0.73,0.01,1e-05,a -> r -> b,2,True,,1.0468943298144427e-08,0.7734092424749414,0.7572267420113338,2,0.002716,VIOLATED,False,2,0.7572267420113338,0.7572267420113338,0.0,0.446952,d6023524cac9554649e8b9b6c03d887f613256e4,1f2680a5b9065e708a7497adc53a95b108029b98,3.13.14,2026-07-18T04:53:40.795734+00:00
P02b_resource_aware_planners,P02b_resource_aware_planners:three_node:88ec40897f21da8d:L3-R:1:p02b-intent,three_node,88ec40897f21da8d,1,p02b-intent,L3-R,probabilistic_resource_aware,4,10,0.73,0.01,1e-05,a -> r -> b,2,True,,1.0468943298144427e-08,0.7734092424749414,0.7572267420113338,2,0.001986,VIOLATED,False,1,0.7572267420113338,0.7572267420113338,0.0,0.375525,d6023524cac9554649e8b9b6c03d887f613256e4,1f2680a5b9065e708a7497adc53a95b108029b98,3.13.14,2026-07-18T04:53:41.190770+00:00
P02b_resource_aware_planners,P02b_resource_aware_planners:three_node:88ec40897f21da8d:L3-R:2:p02b-intent,three_node,88ec40897f21da8d,2,p02b-intent,L3-R,probabilistic_resource_aware,4,10,0.73,0.01,1e-05,a -> r -> b,2,True,,1.0468943298144427e-08,0.7734092424749414,0.7572267420113338,2,0.001082,VIOLATED,False,2,0.7572267420113338,0.7572267420113338,0.0,0.368042,d6023524cac9554649e8b9b6c03d887f613256e4,1f2680a5b9065e708a7497adc53a95b108029b98,3.13.14,2026-07-18T04:53:41.571671+00:00
P02b_resource_aware_planners,P02b_resource_aware_planners:three_node:88ec40897f21da8d:L3-R:3:p02b-intent,three_node,88ec40897f21da8d,3,p02b-intent,L3-R,probabilistic_resource_aware,4,10,0.73,0.01,1e-05,a -> r -> b,2,True,,1.0468943298144427e-08,0.7734092424749414,0.7572267420113338,2,0.001132,VIOLATED,False,3,0.7572267420113338,0.7572267420113338,0.0,0.60718,d6023524cac9554649e8b9b6c03d887f613256e4,1f2680a5b9065e708a7497adc53a95b108029b98,3.13.14,2026-07-18T04:53:42.191627+00:00
P02b_resource_aware_planners,P02b_resource_aware_planners:three_node:88ec40897f21da8d:L3-R:4:p02b-intent,three_node,88ec40897f21da8d,4,p02b-intent,L3-R,probabilistic_resource_aware,4,10,0.73,0.01,1e-05,a -> r -> b,2,True,,1.0468943298144427e-08,0.7734092424749414,0.7572267420113338,2,0.00119,VIOLATED,False,1,0.7572267420113338,0.7572267420113338,0.0,0.457996,d6023524cac9554649e8b9b6c03d887f613256e4,1f2680a5b9065e708a7497adc53a95b108029b98,3.13.14,2026-07-18T04:53:42.663970+00:00
P02b_resource_aware_planners,P02b_resource_aware_planners:three_node:88ec40897f21da8d:L3-R:5:p02b-intent,three_node,88ec40897f21da8d,5,p02b-intent,L3-R,probabilistic_resource_aware,4,10,0.73,0.01,1e-05,a -> r -> b,2,True,,1.0468943298144427e-08,0.7734092424749414,0.7572267420113338,2,0.002494,VIOLATED,False,2,0.7572267420113338,0.7572267420113338,0.0,0.531795,d6023524cac9554649e8b9b6c03d887f613256e4,1f2680a5b9065e708a7497adc53a95b108029b98,3.13.14,2026-07-18T04:53:43.220971+00:00
P02b_resource_aware_planners,P02b_resource_aware_planners:three_node:88ec40897f21da8d:L3-R:6:p02b-intent,three_node,88ec40897f21da8d,6,p02b-intent,L3-R,probabilistic_resource_aware,4,10,0.73,0.01,1e-05,a -> r -> b,2,True,,1.0468943298144427e-08,0.7734092424749414,0.7572267420113338,2,0.003028,VIOLATED,False,2,0.7572267420113338,0.7572267420113338,0.0,0.51947,d6023524cac9554649e8b9b6c03d887f613256e4,1f2680a5b9065e708a7497adc53a95b108029b98,3.13.14,2026-07-18T04:53:43.763543+00:00
P02b_resource_aware_planners,P02b_resource_aware_planners:three_node:88ec40897f21da8d:L3-R:7:p02b-intent,three_node,88ec40897f21da8d,7,p02b-intent,L3-R,probabilistic_resource_aware,4,10,0.73,0.01,1e-05,a -> r -> b,2,True,,1.0468943298144427e-08,0.7734092424749414,0.7572267420113338,2,0.002408,VIOLATED,False,1,0.7572267420113338,0.7572267420113338,0.0,0.503741,d6023524cac9554649e8b9b6c03d887f613256e4,1f2680a5b9065e708a7497adc53a95b108029b98,3.13.14,2026-07-18T04:53:44.290968+00:00
P02b_resource_aware_planners,P02b_resource_aware_planners:three_node:88ec40897f21da8d:L3-R:8:p02b-intent,three_node,88ec40897f21da8d,8,p02b-intent,L3-R,probabilistic_resource_aware,4,10,0.73,0.01,1e-05,a -> r -> b,2,True,,1.0468943298144427e-08,0.7734092424749414,0.7572267420113338,2,0.001394,VIOLATED,False,1,0.7572267420113338,0.7572267420113338,0.0,0.41284,d6023524cac9554649e8b9b6c03d887f613256e4,1f2680a5b9065e708a7497adc53a95b108029b98,3.13.14,2026-07-18T04:53:44.715463+00:00
P02b_resource_aware_planners,P02b_resource_aware_planners:three_node:88ec40897f21da8d:L3-R:9:p02b-intent,three_node,88ec40897f21da8d,9,p02b-intent,L3-R,probabilistic_resource_aware,4,10,0.73,0.01,1e-05,a -> r -> b,2,True,,1.0468943298144427e-08,0.7734092424749414,0.7572267420113338,2,0.001087,VIOLATED,False,0,,,,0.504023,d6023524cac9554649e8b9b6c03d887f613256e4,1f2680a5b9065e708a7497adc53a95b108029b98,3.13.14,2026-07-18T04:53:45.236563+00:00
P02b_resource_aware_planners,P02b_resource_aware_planners:three_node:88ccf029ea6a432e:L1:0:p02b-intent,three_node,88ccf029ea6a432e,0,p02b-intent,L1,conservative_one_round,4,10,0.76,0.01,1e-05,,0,False,no candidate route is feasible: a->r->b (min_fidelity 0.760 exceeds the achievable estimate 0.720 (one-round static estimate (BBPSSWCircuit.improved_fidelity); SeQUeNCe's 'until_target' mode may run a different number of rounds at execution time)),,,,0,0.000455,REJECTED,,,,,,,d6023524cac9554649e8b9b6c03d887f613256e4,1f2680a5b9065e708a7497adc53a95b108029b98,3.13.14,2026-07-18T04:53:45.243791+00:00
P02b_resource_aware_planners,P02b_resource_aware_planners:three_node:88ccf029ea6a432e:L1:1:p02b-intent,three_node,88ccf029ea6a432e,1,p02b-intent,L1,conservative_one_round,4,10,0.76,0.01,1e-05,,0,False,no candidate route is feasible: a->r->b (min_fidelity 0.760 exceeds the achievable estimate 0.720 (one-round static estimate (BBPSSWCircuit.improved_fidelity); SeQUeNCe's 'until_target' mode may run a different number of rounds at execution time)),,,,0,0.000399,REJECTED,,,,,,,d6023524cac9554649e8b9b6c03d887f613256e4,1f2680a5b9065e708a7497adc53a95b108029b98,3.13.14,2026-07-18T04:53:45.254795+00:00
P02b_resource_aware_planners,P02b_resource_aware_planners:three_node:88ccf029ea6a432e:L1:2:p02b-intent,three_node,88ccf029ea6a432e,2,p02b-intent,L1,conservative_one_round,4,10,0.76,0.01,1e-05,,0,False,no candidate route is feasible: a->r->b (min_fidelity 0.760 exceeds the achievable estimate 0.720 (one-round static estimate (BBPSSWCircuit.improved_fidelity); SeQUeNCe's 'until_target' mode may run a different number of rounds at execution time)),,,,0,0.000411,REJECTED,,,,,,,d6023524cac9554649e8b9b6c03d887f613256e4,1f2680a5b9065e708a7497adc53a95b108029b98,3.13.14,2026-07-18T04:53:45.264540+00:00
P02b_resource_aware_planners,P02b_resource_aware_planners:three_node:88ccf029ea6a432e:L1:3:p02b-intent,three_node,88ccf029ea6a432e,3,p02b-intent,L1,conservative_one_round,4,10,0.76,0.01,1e-05,,0,False,no candidate route is feasible: a->r->b (min_fidelity 0.760 exceeds the achievable estimate 0.720 (one-round static estimate (BBPSSWCircuit.improved_fidelity); SeQUeNCe's 'until_target' mode may run a different number of rounds at execution time)),,,,0,0.001082,REJECTED,,,,,,,d6023524cac9554649e8b9b6c03d887f613256e4,1f2680a5b9065e708a7497adc53a95b108029b98,3.13.14,2026-07-18T04:53:45.275264+00:00
P02b_resource_aware_planners,P02b_resource_aware_planners:three_node:88ccf029ea6a432e:L1:4:p02b-intent,three_node,88ccf029ea6a432e,4,p02b-intent,L1,conservative_one_round,4,10,0.76,0.01,1e-05,,0,False,no candidate route is feasible: a->r->b (min_fidelity 0.760 exceeds the achievable estimate 0.720 (one-round static estimate (BBPSSWCircuit.improved_fidelity); SeQUeNCe's 'until_target' mode may run a different number of rounds at execution time)),,,,0,0.00101,REJECTED,,,,,,,d6023524cac9554649e8b9b6c03d887f613256e4,1f2680a5b9065e708a7497adc53a95b108029b98,3.13.14,2026-07-18T04:53:45.289969+00:00
P02b_resource_aware_planners,P02b_resource_aware_planners:three_node:88ccf029ea6a432e:L1:5:p02b-intent,three_node,88ccf029ea6a432e,5,p02b-intent,L1,conservative_one_round,4,10,0.76,0.01,1e-05,,0,False,no candidate route is feasible: a->r->b (min_fidelity 0.760 exceeds the achievable estimate 0.720 (one-round static estimate (BBPSSWCircuit.improved_fidelity); SeQUeNCe's 'until_target' mode may run a different number of rounds at execution time)),,,,0,0.001416,REJECTED,,,,,,,d6023524cac9554649e8b9b6c03d887f613256e4,1f2680a5b9065e708a7497adc53a95b108029b98,3.13.14,2026-07-18T04:53:45.304914+00:00
P02b_resource_aware_planners,P02b_resource_aware_planners:three_node:88ccf029ea6a432e:L1:6:p02b-intent,three_node,88ccf029ea6a432e,6,p02b-intent,L1,conservative_one_round,4,10,0.76,0.01,1e-05,,0,False,no candidate route is feasible: a->r->b (min_fidelity 0.760 exceeds the achievable estimate 0.720 (one-round static estimate (BBPSSWCircuit.improved_fidelity); SeQUeNCe's 'until_target' mode may run a different number of rounds at execution time)),,,,0,0.000904,REJECTED,,,,,,,d6023524cac9554649e8b9b6c03d887f613256e4,1f2680a5b9065e708a7497adc53a95b108029b98,3.13.14,2026-07-18T04:53:45.317434+00:00
P02b_resource_aware_planners,P02b_resource_aware_planners:three_node:88ccf029ea6a432e:L1:7:p02b-intent,three_node,88ccf029ea6a432e,7,p02b-intent,L1,conservative_one_round,4,10,0.76,0.01,1e-05,,0,False,no candidate route is feasible: a->r->b (min_fidelity 0.760 exceeds the achievable estimate 0.720 (one-round static estimate (BBPSSWCircuit.improved_fidelity); SeQUeNCe's 'until_target' mode may run a different number of rounds at execution time)),,,,0,0.001055,REJECTED,,,,,,,d6023524cac9554649e8b9b6c03d887f613256e4,1f2680a5b9065e708a7497adc53a95b108029b98,3.13.14,2026-07-18T04:53:45.329965+00:00
P02b_resource_aware_planners,P02b_resource_aware_planners:three_node:88ccf029ea6a432e:L1:8:p02b-intent,three_node,88ccf029ea6a432e,8,p02b-intent,L1,conservative_one_round,4,10,0.76,0.01,1e-05,,0,False,no candidate route is feasible: a->r->b (min_fidelity 0.760 exceeds the achievable estimate 0.720 (one-round static estimate (BBPSSWCircuit.improved_fidelity); SeQUeNCe's 'until_target' mode may run a different number of rounds at execution time)),,,,0,0.001072,REJECTED,,,,,,,d6023524cac9554649e8b9b6c03d887f613256e4,1f2680a5b9065e708a7497adc53a95b108029b98,3.13.14,2026-07-18T04:53:45.344992+00:00
P02b_resource_aware_planners,P02b_resource_aware_planners:three_node:88ccf029ea6a432e:L1:9:p02b-intent,three_node,88ccf029ea6a432e,9,p02b-intent,L1,conservative_one_round,4,10,0.76,0.01,1e-05,,0,False,no candidate route is feasible: a->r->b (min_fidelity 0.760 exceeds the achievable estimate 0.720 (one-round static estimate (BBPSSWCircuit.improved_fidelity); SeQUeNCe's 'until_target' mode may run a different number of rounds at execution time)),,,,0,0.001052,REJECTED,,,,,,,d6023524cac9554649e8b9b6c03d887f613256e4,1f2680a5b9065e708a7497adc53a95b108029b98,3.13.14,2026-07-18T04:53:45.360572+00:00
P02b_resource_aware_planners,P02b_resource_aware_planners:three_node:88ccf029ea6a432e:L2:0:p02b-intent,three_node,88ccf029ea6a432e,0,p02b-intent,L2,iterative_analytical,4,10,0.76,0.01,1e-05,a -> r -> b,2,True,,,,0.7958654267019631,3,0.000514,VIOLATED,False,0,,,,0.506269,d6023524cac9554649e8b9b6c03d887f613256e4,1f2680a5b9065e708a7497adc53a95b108029b98,3.13.14,2026-07-18T04:53:45.893958+00:00
P02b_resource_aware_planners,P02b_resource_aware_planners:three_node:88ccf029ea6a432e:L2:1:p02b-intent,three_node,88ccf029ea6a432e,1,p02b-intent,L2,iterative_analytical,4,10,0.76,0.01,1e-05,a -> r -> b,2,True,,,,0.7958654267019631,3,0.0007,VIOLATED,False,0,,,,0.37955,d6023524cac9554649e8b9b6c03d887f613256e4,1f2680a5b9065e708a7497adc53a95b108029b98,3.13.14,2026-07-18T04:53:46.292145+00:00
P02b_resource_aware_planners,P02b_resource_aware_planners:three_node:88ccf029ea6a432e:L2:2:p02b-intent,three_node,88ccf029ea6a432e,2,p02b-intent,L2,iterative_analytical,4,10,0.76,0.01,1e-05,a -> r -> b,2,True,,,,0.7958654267019631,3,0.000595,VIOLATED,False,1,0.7958654267019631,0.7958654267019631,0.0,0.459497,d6023524cac9554649e8b9b6c03d887f613256e4,1f2680a5b9065e708a7497adc53a95b108029b98,3.13.14,2026-07-18T04:53:46.763001+00:00
P02b_resource_aware_planners,P02b_resource_aware_planners:three_node:88ccf029ea6a432e:L2:3:p02b-intent,three_node,88ccf029ea6a432e,3,p02b-intent,L2,iterative_analytical,4,10,0.76,0.01,1e-05,a -> r -> b,2,True,,,,0.7958654267019631,3,0.000776,VIOLATED,False,0,,,,0.566979,d6023524cac9554649e8b9b6c03d887f613256e4,1f2680a5b9065e708a7497adc53a95b108029b98,3.13.14,2026-07-18T04:53:47.348600+00:00
P02b_resource_aware_planners,P02b_resource_aware_planners:three_node:88ccf029ea6a432e:L2:4:p02b-intent,three_node,88ccf029ea6a432e,4,p02b-intent,L2,iterative_analytical,4,10,0.76,0.01,1e-05,a -> r -> b,2,True,,,,0.7958654267019631,3,0.000689,VIOLATED,False,0,,,,0.380279,d6023524cac9554649e8b9b6c03d887f613256e4,1f2680a5b9065e708a7497adc53a95b108029b98,3.13.14,2026-07-18T04:53:47.745928+00:00
P02b_resource_aware_planners,P02b_resource_aware_planners:three_node:88ccf029ea6a432e:L2:5:p02b-intent,three_node,88ccf029ea6a432e,5,p02b-intent,L2,iterative_analytical,4,10,0.76,0.01,1e-05,a -> r -> b,2,True,,,,0.7958654267019631,3,0.001303,VIOLATED,False,0,,,,0.335399,d6023524cac9554649e8b9b6c03d887f613256e4,1f2680a5b9065e708a7497adc53a95b108029b98,3.13.14,2026-07-18T04:53:48.101145+00:00
P02b_resource_aware_planners,P02b_resource_aware_planners:three_node:88ccf029ea6a432e:L2:6:p02b-intent,three_node,88ccf029ea6a432e,6,p02b-intent,L2,iterative_analytical,4,10,0.76,0.01,1e-05,a -> r -> b,2,True,,,,0.7958654267019631,3,0.001216,VIOLATED,False,1,0.7958654267019631,0.7958654267019631,0.0,0.403252,d6023524cac9554649e8b9b6c03d887f613256e4,1f2680a5b9065e708a7497adc53a95b108029b98,3.13.14,2026-07-18T04:53:48.528802+00:00
P02b_resource_aware_planners,P02b_resource_aware_planners:three_node:88ccf029ea6a432e:L2:7:p02b-intent,three_node,88ccf029ea6a432e,7,p02b-intent,L2,iterative_analytical,4,10,0.76,0.01,1e-05,a -> r -> b,2,True,,,,0.7958654267019631,3,0.001007,VIOLATED,False,0,,,,0.458645,d6023524cac9554649e8b9b6c03d887f613256e4,1f2680a5b9065e708a7497adc53a95b108029b98,3.13.14,2026-07-18T04:53:49.012101+00:00
P02b_resource_aware_planners,P02b_resource_aware_planners:three_node:88ccf029ea6a432e:L2:8:p02b-intent,three_node,88ccf029ea6a432e,8,p02b-intent,L2,iterative_analytical,4,10,0.76,0.01,1e-05,a -> r -> b,2,True,,,,0.7958654267019631,3,0.000567,VIOLATED,False,0,,,,0.463751,d6023524cac9554649e8b9b6c03d887f613256e4,1f2680a5b9065e708a7497adc53a95b108029b98,3.13.14,2026-07-18T04:53:49.497479+00:00
P02b_resource_aware_planners,P02b_resource_aware_planners:three_node:88ccf029ea6a432e:L2:9:p02b-intent,three_node,88ccf029ea6a432e,9,p02b-intent,L2,iterative_analytical,4,10,0.76,0.01,1e-05,a -> r -> b,2,True,,,,0.7958654267019631,3,0.000566,VIOLATED,False,0,,,,0.323153,d6023524cac9554649e8b9b6c03d887f613256e4,1f2680a5b9065e708a7497adc53a95b108029b98,3.13.14,2026-07-18T04:53:49.834138+00:00
P02b_resource_aware_planners,P02b_resource_aware_planners:three_node:88ccf029ea6a432e:L2-R:0:p02b-intent,three_node,88ccf029ea6a432e,0,p02b-intent,L2-R,iterative_resource_aware,4,10,0.76,0.01,1e-05,,0,False,DELIVERY_TARGET_EXCEEDS_WINDOW,,,,0,0.000297,REJECTED,,,,,,,d6023524cac9554649e8b9b6c03d887f613256e4,1f2680a5b9065e708a7497adc53a95b108029b98,3.13.14,2026-07-18T04:53:49.842803+00:00
P02b_resource_aware_planners,P02b_resource_aware_planners:three_node:88ccf029ea6a432e:L2-R:1:p02b-intent,three_node,88ccf029ea6a432e,1,p02b-intent,L2-R,iterative_resource_aware,4,10,0.76,0.01,1e-05,,0,False,DELIVERY_TARGET_EXCEEDS_WINDOW,,,,0,0.000532,REJECTED,,,,,,,d6023524cac9554649e8b9b6c03d887f613256e4,1f2680a5b9065e708a7497adc53a95b108029b98,3.13.14,2026-07-18T04:53:49.855254+00:00
P02b_resource_aware_planners,P02b_resource_aware_planners:three_node:88ccf029ea6a432e:L2-R:2:p02b-intent,three_node,88ccf029ea6a432e,2,p02b-intent,L2-R,iterative_resource_aware,4,10,0.76,0.01,1e-05,,0,False,DELIVERY_TARGET_EXCEEDS_WINDOW,,,,0,0.000525,REJECTED,,,,,,,d6023524cac9554649e8b9b6c03d887f613256e4,1f2680a5b9065e708a7497adc53a95b108029b98,3.13.14,2026-07-18T04:53:49.867726+00:00
P02b_resource_aware_planners,P02b_resource_aware_planners:three_node:88ccf029ea6a432e:L2-R:3:p02b-intent,three_node,88ccf029ea6a432e,3,p02b-intent,L2-R,iterative_resource_aware,4,10,0.76,0.01,1e-05,,0,False,DELIVERY_TARGET_EXCEEDS_WINDOW,,,,0,0.000432,REJECTED,,,,,,,d6023524cac9554649e8b9b6c03d887f613256e4,1f2680a5b9065e708a7497adc53a95b108029b98,3.13.14,2026-07-18T04:53:49.877769+00:00
P02b_resource_aware_planners,P02b_resource_aware_planners:three_node:88ccf029ea6a432e:L2-R:4:p02b-intent,three_node,88ccf029ea6a432e,4,p02b-intent,L2-R,iterative_resource_aware,4,10,0.76,0.01,1e-05,,0,False,DELIVERY_TARGET_EXCEEDS_WINDOW,,,,0,0.000258,REJECTED,,,,,,,d6023524cac9554649e8b9b6c03d887f613256e4,1f2680a5b9065e708a7497adc53a95b108029b98,3.13.14,2026-07-18T04:53:49.889435+00:00
P02b_resource_aware_planners,P02b_resource_aware_planners:three_node:88ccf029ea6a432e:L2-R:5:p02b-intent,three_node,88ccf029ea6a432e,5,p02b-intent,L2-R,iterative_resource_aware,4,10,0.76,0.01,1e-05,,0,False,DELIVERY_TARGET_EXCEEDS_WINDOW,,,,0,0.000258,REJECTED,,,,,,,d6023524cac9554649e8b9b6c03d887f613256e4,1f2680a5b9065e708a7497adc53a95b108029b98,3.13.14,2026-07-18T04:53:49.896163+00:00
P02b_resource_aware_planners,P02b_resource_aware_planners:three_node:88ccf029ea6a432e:L2-R:6:p02b-intent,three_node,88ccf029ea6a432e,6,p02b-intent,L2-R,iterative_resource_aware,4,10,0.76,0.01,1e-05,,0,False,DELIVERY_TARGET_EXCEEDS_WINDOW,,,,0,0.000266,REJECTED,,,,,,,d6023524cac9554649e8b9b6c03d887f613256e4,1f2680a5b9065e708a7497adc53a95b108029b98,3.13.14,2026-07-18T04:53:49.901822+00:00
P02b_resource_aware_planners,P02b_resource_aware_planners:three_node:88ccf029ea6a432e:L2-R:7:p02b-intent,three_node,88ccf029ea6a432e,7,p02b-intent,L2-R,iterative_resource_aware,4,10,0.76,0.01,1e-05,,0,False,DELIVERY_TARGET_EXCEEDS_WINDOW,,,,0,0.000266,REJECTED,,,,,,,d6023524cac9554649e8b9b6c03d887f613256e4,1f2680a5b9065e708a7497adc53a95b108029b98,3.13.14,2026-07-18T04:53:49.909015+00:00
P02b_resource_aware_planners,P02b_resource_aware_planners:three_node:88ccf029ea6a432e:L2-R:8:p02b-intent,three_node,88ccf029ea6a432e,8,p02b-intent,L2-R,iterative_resource_aware,4,10,0.76,0.01,1e-05,,0,False,DELIVERY_TARGET_EXCEEDS_WINDOW,,,,0,0.000462,REJECTED,,,,,,,d6023524cac9554649e8b9b6c03d887f613256e4,1f2680a5b9065e708a7497adc53a95b108029b98,3.13.14,2026-07-18T04:53:49.921306+00:00
P02b_resource_aware_planners,P02b_resource_aware_planners:three_node:88ccf029ea6a432e:L2-R:9:p02b-intent,three_node,88ccf029ea6a432e,9,p02b-intent,L2-R,iterative_resource_aware,4,10,0.76,0.01,1e-05,,0,False,DELIVERY_TARGET_EXCEEDS_WINDOW,,,,0,0.000531,REJECTED,,,,,,,d6023524cac9554649e8b9b6c03d887f613256e4,1f2680a5b9065e708a7497adc53a95b108029b98,3.13.14,2026-07-18T04:53:49.929723+00:00
P02b_resource_aware_planners,P02b_resource_aware_planners:three_node:88ccf029ea6a432e:L3:0:p02b-intent,three_node,88ccf029ea6a432e,0,p02b-intent,L3,probabilistic,4,10,0.76,0.01,1e-05,a -> r -> b,2,True,,7.294642482187182e-05,2.113415434973097,0.7958654267019631,3,0.001167,VIOLATED,False,0,,,,0.352238,d6023524cac9554649e8b9b6c03d887f613256e4,1f2680a5b9065e708a7497adc53a95b108029b98,3.13.14,2026-07-18T04:53:50.299702+00:00
P02b_resource_aware_planners,P02b_resource_aware_planners:three_node:88ccf029ea6a432e:L3:1:p02b-intent,three_node,88ccf029ea6a432e,1,p02b-intent,L3,probabilistic,4,10,0.76,0.01,1e-05,a -> r -> b,2,True,,7.294642482187182e-05,2.113415434973097,0.7958654267019631,3,0.001174,VIOLATED,False,0,,,,0.450248,d6023524cac9554649e8b9b6c03d887f613256e4,1f2680a5b9065e708a7497adc53a95b108029b98,3.13.14,2026-07-18T04:53:50.766958+00:00
P02b_resource_aware_planners,P02b_resource_aware_planners:three_node:88ccf029ea6a432e:L3:2:p02b-intent,three_node,88ccf029ea6a432e,2,p02b-intent,L3,probabilistic,4,10,0.76,0.01,1e-05,a -> r -> b,2,True,,7.294642482187182e-05,2.113415434973097,0.7958654267019631,3,0.001401,VIOLATED,False,1,0.7958654267019631,0.7958654267019631,0.0,0.512223,d6023524cac9554649e8b9b6c03d887f613256e4,1f2680a5b9065e708a7497adc53a95b108029b98,3.13.14,2026-07-18T04:53:51.292795+00:00
P02b_resource_aware_planners,P02b_resource_aware_planners:three_node:88ccf029ea6a432e:L3:3:p02b-intent,three_node,88ccf029ea6a432e,3,p02b-intent,L3,probabilistic,4,10,0.76,0.01,1e-05,a -> r -> b,2,True,,7.294642482187182e-05,2.113415434973097,0.7958654267019631,3,0.001073,VIOLATED,False,0,,,,0.507405,d6023524cac9554649e8b9b6c03d887f613256e4,1f2680a5b9065e708a7497adc53a95b108029b98,3.13.14,2026-07-18T04:53:51.820422+00:00
P02b_resource_aware_planners,P02b_resource_aware_planners:three_node:88ccf029ea6a432e:L3:4:p02b-intent,three_node,88ccf029ea6a432e,4,p02b-intent,L3,probabilistic,4,10,0.76,0.01,1e-05,a -> r -> b,2,True,,7.294642482187182e-05,2.113415434973097,0.7958654267019631,3,0.00349,VIOLATED,False,0,,,,0.374828,d6023524cac9554649e8b9b6c03d887f613256e4,1f2680a5b9065e708a7497adc53a95b108029b98,3.13.14,2026-07-18T04:53:52.227592+00:00
P02b_resource_aware_planners,P02b_resource_aware_planners:three_node:88ccf029ea6a432e:L3:5:p02b-intent,three_node,88ccf029ea6a432e,5,p02b-intent,L3,probabilistic,4,10,0.76,0.01,1e-05,a -> r -> b,2,True,,7.294642482187182e-05,2.113415434973097,0.7958654267019631,3,0.001243,VIOLATED,False,0,,,,0.249144,d6023524cac9554649e8b9b6c03d887f613256e4,1f2680a5b9065e708a7497adc53a95b108029b98,3.13.14,2026-07-18T04:53:52.495954+00:00
P02b_resource_aware_planners,P02b_resource_aware_planners:three_node:88ccf029ea6a432e:L3:6:p02b-intent,three_node,88ccf029ea6a432e,6,p02b-intent,L3,probabilistic,4,10,0.76,0.01,1e-05,a -> r -> b,2,True,,7.294642482187182e-05,2.113415434973097,0.7958654267019631,3,0.002609,VIOLATED,False,1,0.7958654267019631,0.7958654267019631,0.0,0.3744,d6023524cac9554649e8b9b6c03d887f613256e4,1f2680a5b9065e708a7497adc53a95b108029b98,3.13.14,2026-07-18T04:53:52.890652+00:00
P02b_resource_aware_planners,P02b_resource_aware_planners:three_node:88ccf029ea6a432e:L3:7:p02b-intent,three_node,88ccf029ea6a432e,7,p02b-intent,L3,probabilistic,4,10,0.76,0.01,1e-05,a -> r -> b,2,True,,7.294642482187182e-05,2.113415434973097,0.7958654267019631,3,0.003826,VIOLATED,False,0,,,,0.453442,d6023524cac9554649e8b9b6c03d887f613256e4,1f2680a5b9065e708a7497adc53a95b108029b98,3.13.14,2026-07-18T04:53:53.373165+00:00
P02b_resource_aware_planners,P02b_resource_aware_planners:three_node:88ccf029ea6a432e:L3:8:p02b-intent,three_node,88ccf029ea6a432e,8,p02b-intent,L3,probabilistic,4,10,0.76,0.01,1e-05,a -> r -> b,2,True,,7.294642482187182e-05,2.113415434973097,0.7958654267019631,3,0.001369,VIOLATED,False,0,,,,0.419184,d6023524cac9554649e8b9b6c03d887f613256e4,1f2680a5b9065e708a7497adc53a95b108029b98,3.13.14,2026-07-18T04:53:53.810543+00:00
P02b_resource_aware_planners,P02b_resource_aware_planners:three_node:88ccf029ea6a432e:L3:9:p02b-intent,three_node,88ccf029ea6a432e,9,p02b-intent,L3,probabilistic,4,10,0.76,0.01,1e-05,a -> r -> b,2,True,,7.294642482187182e-05,2.113415434973097,0.7958654267019631,3,0.001053,VIOLATED,False,0,,,,0.2958,d6023524cac9554649e8b9b6c03d887f613256e4,1f2680a5b9065e708a7497adc53a95b108029b98,3.13.14,2026-07-18T04:53:54.127677+00:00
P02b_resource_aware_planners,P02b_resource_aware_planners:three_node:88ccf029ea6a432e:L3-R:0:p02b-intent,three_node,88ccf029ea6a432e,0,p02b-intent,L3-R,probabilistic_resource_aware,4,10,0.76,0.01,1e-05,a -> r -> b,2,True,,6.735027189707177e-13,0.2817887246630796,0.7958654267019631,3,0.002311,VIOLATED,False,0,,,,0.301598,d6023524cac9554649e8b9b6c03d887f613256e4,1f2680a5b9065e708a7497adc53a95b108029b98,3.13.14,2026-07-18T04:53:54.447048+00:00
P02b_resource_aware_planners,P02b_resource_aware_planners:three_node:88ccf029ea6a432e:L3-R:1:p02b-intent,three_node,88ccf029ea6a432e,1,p02b-intent,L3-R,probabilistic_resource_aware,4,10,0.76,0.01,1e-05,a -> r -> b,2,True,,6.735027189707177e-13,0.2817887246630796,0.7958654267019631,3,0.001089,VIOLATED,False,0,,,,0.351514,d6023524cac9554649e8b9b6c03d887f613256e4,1f2680a5b9065e708a7497adc53a95b108029b98,3.13.14,2026-07-18T04:53:54.809705+00:00
P02b_resource_aware_planners,P02b_resource_aware_planners:three_node:88ccf029ea6a432e:L3-R:2:p02b-intent,three_node,88ccf029ea6a432e,2,p02b-intent,L3-R,probabilistic_resource_aware,4,10,0.76,0.01,1e-05,a -> r -> b,2,True,,6.735027189707177e-13,0.2817887246630796,0.7958654267019631,3,0.001546,VIOLATED,False,1,0.7958654267019631,0.7958654267019631,0.0,0.479753,d6023524cac9554649e8b9b6c03d887f613256e4,1f2680a5b9065e708a7497adc53a95b108029b98,3.13.14,2026-07-18T04:53:55.306150+00:00
P02b_resource_aware_planners,P02b_resource_aware_planners:three_node:88ccf029ea6a432e:L3-R:3:p02b-intent,three_node,88ccf029ea6a432e,3,p02b-intent,L3-R,probabilistic_resource_aware,4,10,0.76,0.01,1e-05,a -> r -> b,2,True,,6.735027189707177e-13,0.2817887246630796,0.7958654267019631,3,0.001142,VIOLATED,False,0,,,,0.389203,d6023524cac9554649e8b9b6c03d887f613256e4,1f2680a5b9065e708a7497adc53a95b108029b98,3.13.14,2026-07-18T04:53:55.708351+00:00
P02b_resource_aware_planners,P02b_resource_aware_planners:three_node:88ccf029ea6a432e:L3-R:4:p02b-intent,three_node,88ccf029ea6a432e,4,p02b-intent,L3-R,probabilistic_resource_aware,4,10,0.76,0.01,1e-05,a -> r -> b,2,True,,6.735027189707177e-13,0.2817887246630796,0.7958654267019631,3,0.001141,VIOLATED,False,0,,,,0.436089,d6023524cac9554649e8b9b6c03d887f613256e4,1f2680a5b9065e708a7497adc53a95b108029b98,3.13.14,2026-07-18T04:53:56.158927+00:00
P02b_resource_aware_planners,P02b_resource_aware_planners:three_node:88ccf029ea6a432e:L3-R:5:p02b-intent,three_node,88ccf029ea6a432e,5,p02b-intent,L3-R,probabilistic_resource_aware,4,10,0.76,0.01,1e-05,a -> r -> b,2,True,,6.735027189707177e-13,0.2817887246630796,0.7958654267019631,3,0.00148,VIOLATED,False,0,,,,0.489792,d6023524cac9554649e8b9b6c03d887f613256e4,1f2680a5b9065e708a7497adc53a95b108029b98,3.13.14,2026-07-18T04:53:56.667175+00:00
P02b_resource_aware_planners,P02b_resource_aware_planners:three_node:88ccf029ea6a432e:L3-R:6:p02b-intent,three_node,88ccf029ea6a432e,6,p02b-intent,L3-R,probabilistic_resource_aware,4,10,0.76,0.01,1e-05,a -> r -> b,2,True,,6.735027189707177e-13,0.2817887246630796,0.7958654267019631,3,0.00211,VIOLATED,False,1,0.7958654267019631,0.7958654267019631,0.0,0.665333,d6023524cac9554649e8b9b6c03d887f613256e4,1f2680a5b9065e708a7497adc53a95b108029b98,3.13.14,2026-07-18T04:53:57.351271+00:00
P02b_resource_aware_planners,P02b_resource_aware_planners:three_node:88ccf029ea6a432e:L3-R:7:p02b-intent,three_node,88ccf029ea6a432e,7,p02b-intent,L3-R,probabilistic_resource_aware,4,10,0.76,0.01,1e-05,a -> r -> b,2,True,,6.735027189707177e-13,0.2817887246630796,0.7958654267019631,3,0.003435,VIOLATED,False,0,,,,0.578165,d6023524cac9554649e8b9b6c03d887f613256e4,1f2680a5b9065e708a7497adc53a95b108029b98,3.13.14,2026-07-18T04:53:57.956200+00:00
P02b_resource_aware_planners,P02b_resource_aware_planners:three_node:88ccf029ea6a432e:L3-R:8:p02b-intent,three_node,88ccf029ea6a432e,8,p02b-intent,L3-R,probabilistic_resource_aware,4,10,0.76,0.01,1e-05,a -> r -> b,2,True,,6.735027189707177e-13,0.2817887246630796,0.7958654267019631,3,0.001185,VIOLATED,False,0,,,,0.389223,d6023524cac9554649e8b9b6c03d887f613256e4,1f2680a5b9065e708a7497adc53a95b108029b98,3.13.14,2026-07-18T04:53:58.363905+00:00
P02b_resource_aware_planners,P02b_resource_aware_planners:three_node:88ccf029ea6a432e:L3-R:9:p02b-intent,three_node,88ccf029ea6a432e,9,p02b-intent,L3-R,probabilistic_resource_aware,4,10,0.76,0.01,1e-05,a -> r -> b,2,True,,6.735027189707177e-13,0.2817887246630796,0.7958654267019631,3,0.003019,VIOLATED,False,0,,,,0.350482,d6023524cac9554649e8b9b6c03d887f613256e4,1f2680a5b9065e708a7497adc53a95b108029b98,3.13.14,2026-07-18T04:53:58.740345+00:00
P02b_resource_aware_planners,P02b_resource_aware_planners:four_node:e961642e2e5e233b:L1:0:p02b-intent,four_node,e961642e2e5e233b,0,p02b-intent,L1,conservative_one_round,10,10,0.6,0.05,1e-05,,0,False,no candidate route is feasible: a->r1->r2->b (min_fidelity 0.600 exceeds the achievable estimate 0.565 (one-round static estimate (BBPSSWCircuit.improved_fidelity); SeQUeNCe's 'until_target' mode may run a different number of rounds at execution time)),,,,0,0.000908,REJECTED,,,,,,,d6023524cac9554649e8b9b6c03d887f613256e4,1f2680a5b9065e708a7497adc53a95b108029b98,3.13.14,2026-07-18T04:53:58.748090+00:00
P02b_resource_aware_planners,P02b_resource_aware_planners:four_node:e961642e2e5e233b:L1:1:p02b-intent,four_node,e961642e2e5e233b,1,p02b-intent,L1,conservative_one_round,10,10,0.6,0.05,1e-05,,0,False,no candidate route is feasible: a->r1->r2->b (min_fidelity 0.600 exceeds the achievable estimate 0.565 (one-round static estimate (BBPSSWCircuit.improved_fidelity); SeQUeNCe's 'until_target' mode may run a different number of rounds at execution time)),,,,0,0.000414,REJECTED,,,,,,,d6023524cac9554649e8b9b6c03d887f613256e4,1f2680a5b9065e708a7497adc53a95b108029b98,3.13.14,2026-07-18T04:53:58.754671+00:00
P02b_resource_aware_planners,P02b_resource_aware_planners:four_node:e961642e2e5e233b:L1:2:p02b-intent,four_node,e961642e2e5e233b,2,p02b-intent,L1,conservative_one_round,10,10,0.6,0.05,1e-05,,0,False,no candidate route is feasible: a->r1->r2->b (min_fidelity 0.600 exceeds the achievable estimate 0.565 (one-round static estimate (BBPSSWCircuit.improved_fidelity); SeQUeNCe's 'until_target' mode may run a different number of rounds at execution time)),,,,0,0.000438,REJECTED,,,,,,,d6023524cac9554649e8b9b6c03d887f613256e4,1f2680a5b9065e708a7497adc53a95b108029b98,3.13.14,2026-07-18T04:53:58.759943+00:00
P02b_resource_aware_planners,P02b_resource_aware_planners:four_node:e961642e2e5e233b:L1:3:p02b-intent,four_node,e961642e2e5e233b,3,p02b-intent,L1,conservative_one_round,10,10,0.6,0.05,1e-05,,0,False,no candidate route is feasible: a->r1->r2->b (min_fidelity 0.600 exceeds the achievable estimate 0.565 (one-round static estimate (BBPSSWCircuit.improved_fidelity); SeQUeNCe's 'until_target' mode may run a different number of rounds at execution time)),,,,0,0.000563,REJECTED,,,,,,,d6023524cac9554649e8b9b6c03d887f613256e4,1f2680a5b9065e708a7497adc53a95b108029b98,3.13.14,2026-07-18T04:53:58.767416+00:00
P02b_resource_aware_planners,P02b_resource_aware_planners:four_node:e961642e2e5e233b:L1:4:p02b-intent,four_node,e961642e2e5e233b,4,p02b-intent,L1,conservative_one_round,10,10,0.6,0.05,1e-05,,0,False,no candidate route is feasible: a->r1->r2->b (min_fidelity 0.600 exceeds the achievable estimate 0.565 (one-round static estimate (BBPSSWCircuit.improved_fidelity); SeQUeNCe's 'until_target' mode may run a different number of rounds at execution time)),,,,0,0.000438,REJECTED,,,,,,,d6023524cac9554649e8b9b6c03d887f613256e4,1f2680a5b9065e708a7497adc53a95b108029b98,3.13.14,2026-07-18T04:53:58.773309+00:00
P02b_resource_aware_planners,P02b_resource_aware_planners:four_node:e961642e2e5e233b:L1:5:p02b-intent,four_node,e961642e2e5e233b,5,p02b-intent,L1,conservative_one_round,10,10,0.6,0.05,1e-05,,0,False,no candidate route is feasible: a->r1->r2->b (min_fidelity 0.600 exceeds the achievable estimate 0.565 (one-round static estimate (BBPSSWCircuit.improved_fidelity); SeQUeNCe's 'until_target' mode may run a different number of rounds at execution time)),,,,0,0.000433,REJECTED,,,,,,,d6023524cac9554649e8b9b6c03d887f613256e4,1f2680a5b9065e708a7497adc53a95b108029b98,3.13.14,2026-07-18T04:53:58.778745+00:00
P02b_resource_aware_planners,P02b_resource_aware_planners:four_node:e961642e2e5e233b:L1:6:p02b-intent,four_node,e961642e2e5e233b,6,p02b-intent,L1,conservative_one_round,10,10,0.6,0.05,1e-05,,0,False,no candidate route is feasible: a->r1->r2->b (min_fidelity 0.600 exceeds the achievable estimate 0.565 (one-round static estimate (BBPSSWCircuit.improved_fidelity); SeQUeNCe's 'until_target' mode may run a different number of rounds at execution time)),,,,0,0.000439,REJECTED,,,,,,,d6023524cac9554649e8b9b6c03d887f613256e4,1f2680a5b9065e708a7497adc53a95b108029b98,3.13.14,2026-07-18T04:53:58.785776+00:00
P02b_resource_aware_planners,P02b_resource_aware_planners:four_node:e961642e2e5e233b:L1:7:p02b-intent,four_node,e961642e2e5e233b,7,p02b-intent,L1,conservative_one_round,10,10,0.6,0.05,1e-05,,0,False,no candidate route is feasible: a->r1->r2->b (min_fidelity 0.600 exceeds the achievable estimate 0.565 (one-round static estimate (BBPSSWCircuit.improved_fidelity); SeQUeNCe's 'until_target' mode may run a different number of rounds at execution time)),,,,0,0.000405,REJECTED,,,,,,,d6023524cac9554649e8b9b6c03d887f613256e4,1f2680a5b9065e708a7497adc53a95b108029b98,3.13.14,2026-07-18T04:53:58.791597+00:00
P02b_resource_aware_planners,P02b_resource_aware_planners:four_node:e961642e2e5e233b:L1:8:p02b-intent,four_node,e961642e2e5e233b,8,p02b-intent,L1,conservative_one_round,10,10,0.6,0.05,1e-05,,0,False,no candidate route is feasible: a->r1->r2->b (min_fidelity 0.600 exceeds the achievable estimate 0.565 (one-round static estimate (BBPSSWCircuit.improved_fidelity); SeQUeNCe's 'until_target' mode may run a different number of rounds at execution time)),,,,0,0.000398,REJECTED,,,,,,,d6023524cac9554649e8b9b6c03d887f613256e4,1f2680a5b9065e708a7497adc53a95b108029b98,3.13.14,2026-07-18T04:53:58.796896+00:00
P02b_resource_aware_planners,P02b_resource_aware_planners:four_node:e961642e2e5e233b:L1:9:p02b-intent,four_node,e961642e2e5e233b,9,p02b-intent,L1,conservative_one_round,10,10,0.6,0.05,1e-05,,0,False,no candidate route is feasible: a->r1->r2->b (min_fidelity 0.600 exceeds the achievable estimate 0.565 (one-round static estimate (BBPSSWCircuit.improved_fidelity); SeQUeNCe's 'until_target' mode may run a different number of rounds at execution time)),,,,0,0.000479,REJECTED,,,,,,,d6023524cac9554649e8b9b6c03d887f613256e4,1f2680a5b9065e708a7497adc53a95b108029b98,3.13.14,2026-07-18T04:53:58.803055+00:00
P02b_resource_aware_planners,P02b_resource_aware_planners:four_node:e961642e2e5e233b:L2:0:p02b-intent,four_node,e961642e2e5e233b,0,p02b-intent,L2,iterative_analytical,10,10,0.6,0.05,1e-05,a -> r1 -> r2 -> b,3,True,,,,0.6149042727679952,4,0.000557,VIOLATED,False,5,0.6149042727679952,0.6149042727679952,0.0,6.566182,d6023524cac9554649e8b9b6c03d887f613256e4,1f2680a5b9065e708a7497adc53a95b108029b98,3.13.14,2026-07-18T04:54:05.383126+00:00
P02b_resource_aware_planners,P02b_resource_aware_planners:four_node:e961642e2e5e233b:L2:1:p02b-intent,four_node,e961642e2e5e233b,1,p02b-intent,L2,iterative_analytical,10,10,0.6,0.05,1e-05,a -> r1 -> r2 -> b,3,True,,,,0.6149042727679952,4,0.000913,VIOLATED,False,4,0.6149042727679952,0.6149042727679952,0.0,6.429472,d6023524cac9554649e8b9b6c03d887f613256e4,1f2680a5b9065e708a7497adc53a95b108029b98,3.13.14,2026-07-18T04:54:11.829147+00:00
P02b_resource_aware_planners,P02b_resource_aware_planners:four_node:e961642e2e5e233b:L2:2:p02b-intent,four_node,e961642e2e5e233b,2,p02b-intent,L2,iterative_analytical,10,10,0.6,0.05,1e-05,a -> r1 -> r2 -> b,3,True,,,,0.6149042727679952,4,0.001216,VIOLATED,False,5,0.6149042727679952,0.6149042727679952,0.0,6.937044,d6023524cac9554649e8b9b6c03d887f613256e4,1f2680a5b9065e708a7497adc53a95b108029b98,3.13.14,2026-07-18T04:54:18.795813+00:00
P02b_resource_aware_planners,P02b_resource_aware_planners:four_node:e961642e2e5e233b:L2:3:p02b-intent,four_node,e961642e2e5e233b,3,p02b-intent,L2,iterative_analytical,10,10,0.6,0.05,1e-05,a -> r1 -> r2 -> b,3,True,,,,0.6149042727679952,4,0.000656,VIOLATED,False,4,0.6149042727679952,0.6149042727679952,0.0,7.138908,d6023524cac9554649e8b9b6c03d887f613256e4,1f2680a5b9065e708a7497adc53a95b108029b98,3.13.14,2026-07-18T04:54:25.952742+00:00
P02b_resource_aware_planners,P02b_resource_aware_planners:four_node:e961642e2e5e233b:L2:4:p02b-intent,four_node,e961642e2e5e233b,4,p02b-intent,L2,iterative_analytical,10,10,0.6,0.05,1e-05,a -> r1 -> r2 -> b,3,True,,,,0.6149042727679952,4,0.000731,VIOLATED,False,4,0.6149042727679952,0.6149042727679952,0.0,7.3915,d6023524cac9554649e8b9b6c03d887f613256e4,1f2680a5b9065e708a7497adc53a95b108029b98,3.13.14,2026-07-18T04:54:33.362058+00:00
P02b_resource_aware_planners,P02b_resource_aware_planners:four_node:e961642e2e5e233b:L2:5:p02b-intent,four_node,e961642e2e5e233b,5,p02b-intent,L2,iterative_analytical,10,10,0.6,0.05,1e-05,a -> r1 -> r2 -> b,3,True,,,,0.6149042727679952,4,0.001326,VIOLATED,False,5,0.6149042727679952,0.6149042727679952,0.0,8.156167,d6023524cac9554649e8b9b6c03d887f613256e4,1f2680a5b9065e708a7497adc53a95b108029b98,3.13.14,2026-07-18T04:54:41.540317+00:00
P02b_resource_aware_planners,P02b_resource_aware_planners:four_node:e961642e2e5e233b:L2:6:p02b-intent,four_node,e961642e2e5e233b,6,p02b-intent,L2,iterative_analytical,10,10,0.6,0.05,1e-05,a -> r1 -> r2 -> b,3,True,,,,0.6149042727679952,4,0.001191,VIOLATED,False,5,0.6149042727679952,0.6149042727679952,0.0,8.103871,d6023524cac9554649e8b9b6c03d887f613256e4,1f2680a5b9065e708a7497adc53a95b108029b98,3.13.14,2026-07-18T04:54:49.663430+00:00
P02b_resource_aware_planners,P02b_resource_aware_planners:four_node:e961642e2e5e233b:L2:7:p02b-intent,four_node,e961642e2e5e233b,7,p02b-intent,L2,iterative_analytical,10,10,0.6,0.05,1e-05,a -> r1 -> r2 -> b,3,True,,,,0.6149042727679952,4,0.001384,VIOLATED,False,4,0.6149042727679952,0.6149042727679952,0.0,10.167038,d6023524cac9554649e8b9b6c03d887f613256e4,1f2680a5b9065e708a7497adc53a95b108029b98,3.13.14,2026-07-18T04:54:59.859615+00:00
P02b_resource_aware_planners,P02b_resource_aware_planners:four_node:e961642e2e5e233b:L2:8:p02b-intent,four_node,e961642e2e5e233b,8,p02b-intent,L2,iterative_analytical,10,10,0.6,0.05,1e-05,a -> r1 -> r2 -> b,3,True,,,,0.6149042727679952,4,0.000668,VIOLATED,False,5,0.6149042727679952,0.6149042727679952,0.0,7.974275,d6023524cac9554649e8b9b6c03d887f613256e4,1f2680a5b9065e708a7497adc53a95b108029b98,3.13.14,2026-07-18T04:55:07.850377+00:00
P02b_resource_aware_planners,P02b_resource_aware_planners:four_node:e961642e2e5e233b:L2:9:p02b-intent,four_node,e961642e2e5e233b,9,p02b-intent,L2,iterative_analytical,10,10,0.6,0.05,1e-05,a -> r1 -> r2 -> b,3,True,,,,0.6149042727679952,4,0.000684,VIOLATED,False,5,0.6149042727679952,0.6149042727679952,0.0,8.335379,d6023524cac9554649e8b9b6c03d887f613256e4,1f2680a5b9065e708a7497adc53a95b108029b98,3.13.14,2026-07-18T04:55:16.207422+00:00
P02b_resource_aware_planners,P02b_resource_aware_planners:four_node:e961642e2e5e233b:L2-R:0:p02b-intent,four_node,e961642e2e5e233b,0,p02b-intent,L2-R,iterative_resource_aware,10,10,0.6,0.05,1e-05,,0,False,DELIVERY_TARGET_EXCEEDS_WINDOW,,,,0,0.000568,REJECTED,,,,,,,d6023524cac9554649e8b9b6c03d887f613256e4,1f2680a5b9065e708a7497adc53a95b108029b98,3.13.14,2026-07-18T04:55:16.217938+00:00
P02b_resource_aware_planners,P02b_resource_aware_planners:four_node:e961642e2e5e233b:L2-R:1:p02b-intent,four_node,e961642e2e5e233b,1,p02b-intent,L2-R,iterative_resource_aware,10,10,0.6,0.05,1e-05,,0,False,DELIVERY_TARGET_EXCEEDS_WINDOW,,,,0,0.000786,REJECTED,,,,,,,d6023524cac9554649e8b9b6c03d887f613256e4,1f2680a5b9065e708a7497adc53a95b108029b98,3.13.14,2026-07-18T04:55:16.229764+00:00
P02b_resource_aware_planners,P02b_resource_aware_planners:four_node:e961642e2e5e233b:L2-R:2:p02b-intent,four_node,e961642e2e5e233b,2,p02b-intent,L2-R,iterative_resource_aware,10,10,0.6,0.05,1e-05,,0,False,DELIVERY_TARGET_EXCEEDS_WINDOW,,,,0,0.000282,REJECTED,,,,,,,d6023524cac9554649e8b9b6c03d887f613256e4,1f2680a5b9065e708a7497adc53a95b108029b98,3.13.14,2026-07-18T04:55:16.241391+00:00
P02b_resource_aware_planners,P02b_resource_aware_planners:four_node:e961642e2e5e233b:L2-R:3:p02b-intent,four_node,e961642e2e5e233b,3,p02b-intent,L2-R,iterative_resource_aware,10,10,0.6,0.05,1e-05,,0,False,DELIVERY_TARGET_EXCEEDS_WINDOW,,,,0,0.000289,REJECTED,,,,,,,d6023524cac9554649e8b9b6c03d887f613256e4,1f2680a5b9065e708a7497adc53a95b108029b98,3.13.14,2026-07-18T04:55:16.249130+00:00
P02b_resource_aware_planners,P02b_resource_aware_planners:four_node:e961642e2e5e233b:L2-R:4:p02b-intent,four_node,e961642e2e5e233b,4,p02b-intent,L2-R,iterative_resource_aware,10,10,0.6,0.05,1e-05,,0,False,DELIVERY_TARGET_EXCEEDS_WINDOW,,,,0,0.000356,REJECTED,,,,,,,d6023524cac9554649e8b9b6c03d887f613256e4,1f2680a5b9065e708a7497adc53a95b108029b98,3.13.14,2026-07-18T04:55:16.256959+00:00
P02b_resource_aware_planners,P02b_resource_aware_planners:four_node:e961642e2e5e233b:L2-R:5:p02b-intent,four_node,e961642e2e5e233b,5,p02b-intent,L2-R,iterative_resource_aware,10,10,0.6,0.05,1e-05,,0,False,DELIVERY_TARGET_EXCEEDS_WINDOW,,,,0,0.000271,REJECTED,,,,,,,d6023524cac9554649e8b9b6c03d887f613256e4,1f2680a5b9065e708a7497adc53a95b108029b98,3.13.14,2026-07-18T04:55:16.264221+00:00
P02b_resource_aware_planners,P02b_resource_aware_planners:four_node:e961642e2e5e233b:L2-R:6:p02b-intent,four_node,e961642e2e5e233b,6,p02b-intent,L2-R,iterative_resource_aware,10,10,0.6,0.05,1e-05,,0,False,DELIVERY_TARGET_EXCEEDS_WINDOW,,,,0,0.000653,REJECTED,,,,,,,d6023524cac9554649e8b9b6c03d887f613256e4,1f2680a5b9065e708a7497adc53a95b108029b98,3.13.14,2026-07-18T04:55:16.274454+00:00
P02b_resource_aware_planners,P02b_resource_aware_planners:four_node:e961642e2e5e233b:L2-R:7:p02b-intent,four_node,e961642e2e5e233b,7,p02b-intent,L2-R,iterative_resource_aware,10,10,0.6,0.05,1e-05,,0,False,DELIVERY_TARGET_EXCEEDS_WINDOW,,,,0,0.000506,REJECTED,,,,,,,d6023524cac9554649e8b9b6c03d887f613256e4,1f2680a5b9065e708a7497adc53a95b108029b98,3.13.14,2026-07-18T04:55:16.282971+00:00
P02b_resource_aware_planners,P02b_resource_aware_planners:four_node:e961642e2e5e233b:L2-R:8:p02b-intent,four_node,e961642e2e5e233b,8,p02b-intent,L2-R,iterative_resource_aware,10,10,0.6,0.05,1e-05,,0,False,DELIVERY_TARGET_EXCEEDS_WINDOW,,,,0,0.000258,REJECTED,,,,,,,d6023524cac9554649e8b9b6c03d887f613256e4,1f2680a5b9065e708a7497adc53a95b108029b98,3.13.14,2026-07-18T04:55:16.291045+00:00
P02b_resource_aware_planners,P02b_resource_aware_planners:four_node:e961642e2e5e233b:L2-R:9:p02b-intent,four_node,e961642e2e5e233b,9,p02b-intent,L2-R,iterative_resource_aware,10,10,0.6,0.05,1e-05,,0,False,DELIVERY_TARGET_EXCEEDS_WINDOW,,,,0,0.000303,REJECTED,,,,,,,d6023524cac9554649e8b9b6c03d887f613256e4,1f2680a5b9065e708a7497adc53a95b108029b98,3.13.14,2026-07-18T04:55:16.299179+00:00
P02b_resource_aware_planners,P02b_resource_aware_planners:four_node:e961642e2e5e233b:L3:0:p02b-intent,four_node,e961642e2e5e233b,0,p02b-intent,L3,probabilistic,10,10,0.6,0.05,1e-05,a -> r1 -> r2 -> b,3,True,,0.00020256527656088052,2.4015472009147043,0.6149042727679952,4,0.002602,VIOLATED,False,5,0.6149042727679952,0.6149042727679952,0.0,8.807976,d6023524cac9554649e8b9b6c03d887f613256e4,1f2680a5b9065e708a7497adc53a95b108029b98,3.13.14,2026-07-18T04:55:25.128855+00:00
P02b_resource_aware_planners,P02b_resource_aware_planners:four_node:e961642e2e5e233b:L3:1:p02b-intent,four_node,e961642e2e5e233b,1,p02b-intent,L3,probabilistic,10,10,0.6,0.05,1e-05,a -> r1 -> r2 -> b,3,True,,0.00020256527656088052,2.4015472009147043,0.6149042727679952,4,0.0016,VIOLATED,False,4,0.6149042727679952,0.6149042727679952,0.0,9.491186,d6023524cac9554649e8b9b6c03d887f613256e4,1f2680a5b9065e708a7497adc53a95b108029b98,3.13.14,2026-07-18T04:55:34.647496+00:00
P02b_resource_aware_planners,P02b_resource_aware_planners:four_node:e961642e2e5e233b:L3:2:p02b-intent,four_node,e961642e2e5e233b,2,p02b-intent,L3,probabilistic,10,10,0.6,0.05,1e-05,a -> r1 -> r2 -> b,3,True,,0.00020256527656088052,2.4015472009147043,0.6149042727679952,4,0.001172,VIOLATED,False,5,0.6149042727679952,0.6149042727679952,0.0,9.452769,d6023524cac9554649e8b9b6c03d887f613256e4,1f2680a5b9065e708a7497adc53a95b108029b98,3.13.14,2026-07-18T04:55:44.117085+00:00
P02b_resource_aware_planners,P02b_resource_aware_planners:four_node:e961642e2e5e233b:L3:3:p02b-intent,four_node,e961642e2e5e233b,3,p02b-intent,L3,probabilistic,10,10,0.6,0.05,1e-05,a -> r1 -> r2 -> b,3,True,,0.00020256527656088052,2.4015472009147043,0.6149042727679952,4,0.001717,VIOLATED,False,4,0.6149042727679952,0.6149042727679952,0.0,8.738646,d6023524cac9554649e8b9b6c03d887f613256e4,1f2680a5b9065e708a7497adc53a95b108029b98,3.13.14,2026-07-18T04:55:52.878934+00:00
P02b_resource_aware_planners,P02b_resource_aware_planners:four_node:e961642e2e5e233b:L3:4:p02b-intent,four_node,e961642e2e5e233b,4,p02b-intent,L3,probabilistic,10,10,0.6,0.05,1e-05,a -> r1 -> r2 -> b,3,True,,0.00020256527656088052,2.4015472009147043,0.6149042727679952,4,0.001115,VIOLATED,False,4,0.6149042727679952,0.6149042727679952,0.0,8.591618,d6023524cac9554649e8b9b6c03d887f613256e4,1f2680a5b9065e708a7497adc53a95b108029b98,3.13.14,2026-07-18T04:56:01.490385+00:00
P02b_resource_aware_planners,P02b_resource_aware_planners:four_node:e961642e2e5e233b:L3:5:p02b-intent,four_node,e961642e2e5e233b,5,p02b-intent,L3,probabilistic,10,10,0.6,0.05,1e-05,a -> r1 -> r2 -> b,3,True,,0.00020256527656088052,2.4015472009147043,0.6149042727679952,4,0.001678,VIOLATED,False,5,0.6149042727679952,0.6149042727679952,0.0,7.648745,d6023524cac9554649e8b9b6c03d887f613256e4,1f2680a5b9065e708a7497adc53a95b108029b98,3.13.14,2026-07-18T04:56:09.155519+00:00
P02b_resource_aware_planners,P02b_resource_aware_planners:four_node:e961642e2e5e233b:L3:6:p02b-intent,four_node,e961642e2e5e233b,6,p02b-intent,L3,probabilistic,10,10,0.6,0.05,1e-05,a -> r1 -> r2 -> b,3,True,,0.00020256527656088052,2.4015472009147043,0.6149042727679952,4,0.000998,VIOLATED,False,5,0.6149042727679952,0.6149042727679952,0.0,5.891979,d6023524cac9554649e8b9b6c03d887f613256e4,1f2680a5b9065e708a7497adc53a95b108029b98,3.13.14,2026-07-18T04:56:15.062020+00:00
P02b_resource_aware_planners,P02b_resource_aware_planners:four_node:e961642e2e5e233b:L3:7:p02b-intent,four_node,e961642e2e5e233b,7,p02b-intent,L3,probabilistic,10,10,0.6,0.05,1e-05,a -> r1 -> r2 -> b,3,True,,0.00020256527656088052,2.4015472009147043,0.6149042727679952,4,0.0009,VIOLATED,False,4,0.6149042727679952,0.6149042727679952,0.0,48723.03856,d6023524cac9554649e8b9b6c03d887f613256e4,1f2680a5b9065e708a7497adc53a95b108029b98,3.13.14,2026-07-18T18:28:10.828755+00:00
P02b_resource_aware_planners,P02b_resource_aware_planners:four_node:e961642e2e5e233b:L3:8:p02b-intent,four_node,e961642e2e5e233b,8,p02b-intent,L3,probabilistic,10,10,0.6,0.05,1e-05,a -> r1 -> r2 -> b,3,True,,0.00020256527656088052,2.4015472009147043,0.6149042727679952,4,0.001181,VIOLATED,False,5,0.6149042727679952,0.6149042727679952,0.0,7.741164,d6023524cac9554649e8b9b6c03d887f613256e4,1f2680a5b9065e708a7497adc53a95b108029b98,3.13.14,2026-07-18T18:28:18.704120+00:00
P02b_resource_aware_planners,P02b_resource_aware_planners:four_node:e961642e2e5e233b:L3:9:p02b-intent,four_node,e961642e2e5e233b,9,p02b-intent,L3,probabilistic,10,10,0.6,0.05,1e-05,a -> r1 -> r2 -> b,3,True,,0.00020256527656088052,2.4015472009147043,0.6149042727679952,4,0.001602,VIOLATED,False,5,0.6149042727679952,0.6149042727679952,0.0,6.985407,d6023524cac9554649e8b9b6c03d887f613256e4,1f2680a5b9065e708a7497adc53a95b108029b98,3.13.14,2026-07-18T18:28:25.709496+00:00
P02b_resource_aware_planners,P02b_resource_aware_planners:four_node:e961642e2e5e233b:L3-R:0:p02b-intent,four_node,e961642e2e5e233b,0,p02b-intent,L3-R,probabilistic_resource_aware,10,10,0.6,0.05,1e-05,a -> r1 -> r2 -> b,3,True,,2.3349057998467347e-12,0.32020629345529394,0.6149042727679952,4,0.001543,VIOLATED,False,5,0.6149042727679952,0.6149042727679952,0.0,7.101473,d6023524cac9554649e8b9b6c03d887f613256e4,1f2680a5b9065e708a7497adc53a95b108029b98,3.13.14,2026-07-18T18:28:32.865578+00:00
P02b_resource_aware_planners,P02b_resource_aware_planners:four_node:e961642e2e5e233b:L3-R:1:p02b-intent,four_node,e961642e2e5e233b,1,p02b-intent,L3-R,probabilistic_resource_aware,10,10,0.6,0.05,1e-05,a -> r1 -> r2 -> b,3,True,,2.3349057998467347e-12,0.32020629345529394,0.6149042727679952,4,0.001508,VIOLATED,False,4,0.6149042727679952,0.6149042727679952,0.0,6.358254,d6023524cac9554649e8b9b6c03d887f613256e4,1f2680a5b9065e708a7497adc53a95b108029b98,3.13.14,2026-07-18T18:28:39.248545+00:00
P02b_resource_aware_planners,P02b_resource_aware_planners:four_node:e961642e2e5e233b:L3-R:2:p02b-intent,four_node,e961642e2e5e233b,2,p02b-intent,L3-R,probabilistic_resource_aware,10,10,0.6,0.05,1e-05,a -> r1 -> r2 -> b,3,True,,2.3349057998467347e-12,0.32020629345529394,0.6149042727679952,4,0.001532,VIOLATED,False,5,0.6149042727679952,0.6149042727679952,0.0,6.171096,d6023524cac9554649e8b9b6c03d887f613256e4,1f2680a5b9065e708a7497adc53a95b108029b98,3.13.14,2026-07-18T18:28:45.436879+00:00
P02b_resource_aware_planners,P02b_resource_aware_planners:four_node:e961642e2e5e233b:L3-R:3:p02b-intent,four_node,e961642e2e5e233b,3,p02b-intent,L3-R,probabilistic_resource_aware,10,10,0.6,0.05,1e-05,a -> r1 -> r2 -> b,3,True,,2.3349057998467347e-12,0.32020629345529394,0.6149042727679952,4,0.00096,VIOLATED,False,4,0.6149042727679952,0.6149042727679952,0.0,5.71306,d6023524cac9554649e8b9b6c03d887f613256e4,1f2680a5b9065e708a7497adc53a95b108029b98,3.13.14,2026-07-18T18:28:51.163033+00:00
P02b_resource_aware_planners,P02b_resource_aware_planners:four_node:e961642e2e5e233b:L3-R:4:p02b-intent,four_node,e961642e2e5e233b,4,p02b-intent,L3-R,probabilistic_resource_aware,10,10,0.6,0.05,1e-05,a -> r1 -> r2 -> b,3,True,,2.3349057998467347e-12,0.32020629345529394,0.6149042727679952,4,0.00115,VIOLATED,False,4,0.6149042727679952,0.6149042727679952,0.0,5.365568,d6023524cac9554649e8b9b6c03d887f613256e4,1f2680a5b9065e708a7497adc53a95b108029b98,3.13.14,2026-07-18T18:28:56.543526+00:00
P02b_resource_aware_planners,P02b_resource_aware_planners:four_node:e961642e2e5e233b:L3-R:5:p02b-intent,four_node,e961642e2e5e233b,5,p02b-intent,L3-R,probabilistic_resource_aware,10,10,0.6,0.05,1e-05,a -> r1 -> r2 -> b,3,True,,2.3349057998467347e-12,0.32020629345529394,0.6149042727679952,4,0.001315,VIOLATED,False,5,0.6149042727679952,0.6149042727679952,0.0,5.612981,d6023524cac9554649e8b9b6c03d887f613256e4,1f2680a5b9065e708a7497adc53a95b108029b98,3.13.14,2026-07-18T18:29:02.173870+00:00
P02b_resource_aware_planners,P02b_resource_aware_planners:four_node:e961642e2e5e233b:L3-R:6:p02b-intent,four_node,e961642e2e5e233b,6,p02b-intent,L3-R,probabilistic_resource_aware,10,10,0.6,0.05,1e-05,a -> r1 -> r2 -> b,3,True,,2.3349057998467347e-12,0.32020629345529394,0.6149042727679952,4,0.001224,VIOLATED,False,5,0.6149042727679952,0.6149042727679952,0.0,4.531213,d6023524cac9554649e8b9b6c03d887f613256e4,1f2680a5b9065e708a7497adc53a95b108029b98,3.13.14,2026-07-18T18:29:06.724943+00:00
P02b_resource_aware_planners,P02b_resource_aware_planners:four_node:e961642e2e5e233b:L3-R:7:p02b-intent,four_node,e961642e2e5e233b,7,p02b-intent,L3-R,probabilistic_resource_aware,10,10,0.6,0.05,1e-05,a -> r1 -> r2 -> b,3,True,,2.3349057998467347e-12,0.32020629345529394,0.6149042727679952,4,0.000957,VIOLATED,False,4,0.6149042727679952,0.6149042727679952,0.0,4.199968,d6023524cac9554649e8b9b6c03d887f613256e4,1f2680a5b9065e708a7497adc53a95b108029b98,3.13.14,2026-07-18T18:29:10.938570+00:00
P02b_resource_aware_planners,P02b_resource_aware_planners:four_node:e961642e2e5e233b:L3-R:8:p02b-intent,four_node,e961642e2e5e233b,8,p02b-intent,L3-R,probabilistic_resource_aware,10,10,0.6,0.05,1e-05,a -> r1 -> r2 -> b,3,True,,2.3349057998467347e-12,0.32020629345529394,0.6149042727679952,4,0.001056,VIOLATED,False,5,0.6149042727679952,0.6149042727679952,0.0,2.993064,d6023524cac9554649e8b9b6c03d887f613256e4,1f2680a5b9065e708a7497adc53a95b108029b98,3.13.14,2026-07-18T18:29:13.947288+00:00
P02b_resource_aware_planners,P02b_resource_aware_planners:four_node:e961642e2e5e233b:L3-R:9:p02b-intent,four_node,e961642e2e5e233b,9,p02b-intent,L3-R,probabilistic_resource_aware,10,10,0.6,0.05,1e-05,a -> r1 -> r2 -> b,3,True,,2.3349057998467347e-12,0.32020629345529394,0.6149042727679952,4,0.000869,VIOLATED,False,5,0.6149042727679952,0.6149042727679952,0.0,3.905988,d6023524cac9554649e8b9b6c03d887f613256e4,1f2680a5b9065e708a7497adc53a95b108029b98,3.13.14,2026-07-18T18:29:17.865364+00:00
P02b_resource_aware_planners,P02b_resource_aware_planners:four_node:7f4311e975e10821:L1:0:p02b-intent,four_node,7f4311e975e10821,0,p02b-intent,L1,conservative_one_round,10,10,0.65,0.05,1e-05,,0,False,no candidate route is feasible: a->r1->r2->b (min_fidelity 0.650 exceeds the achievable estimate 0.565 (one-round static estimate (BBPSSWCircuit.improved_fidelity); SeQUeNCe's 'until_target' mode may run a different number of rounds at execution time)),,,,0,0.001762,REJECTED,,,,,,,d6023524cac9554649e8b9b6c03d887f613256e4,1f2680a5b9065e708a7497adc53a95b108029b98,3.13.14,2026-07-18T18:29:17.915657+00:00
P02b_resource_aware_planners,P02b_resource_aware_planners:four_node:7f4311e975e10821:L1:1:p02b-intent,four_node,7f4311e975e10821,1,p02b-intent,L1,conservative_one_round,10,10,0.65,0.05,1e-05,,0,False,no candidate route is feasible: a->r1->r2->b (min_fidelity 0.650 exceeds the achievable estimate 0.565 (one-round static estimate (BBPSSWCircuit.improved_fidelity); SeQUeNCe's 'until_target' mode may run a different number of rounds at execution time)),,,,0,0.000326,REJECTED,,,,,,,d6023524cac9554649e8b9b6c03d887f613256e4,1f2680a5b9065e708a7497adc53a95b108029b98,3.13.14,2026-07-18T18:29:17.918695+00:00
P02b_resource_aware_planners,P02b_resource_aware_planners:four_node:7f4311e975e10821:L1:2:p02b-intent,four_node,7f4311e975e10821,2,p02b-intent,L1,conservative_one_round,10,10,0.65,0.05,1e-05,,0,False,no candidate route is feasible: a->r1->r2->b (min_fidelity 0.650 exceeds the achievable estimate 0.565 (one-round static estimate (BBPSSWCircuit.improved_fidelity); SeQUeNCe's 'until_target' mode may run a different number of rounds at execution time)),,,,0,0.000208,REJECTED,,,,,,,d6023524cac9554649e8b9b6c03d887f613256e4,1f2680a5b9065e708a7497adc53a95b108029b98,3.13.14,2026-07-18T18:29:17.921314+00:00
P02b_resource_aware_planners,P02b_resource_aware_planners:four_node:7f4311e975e10821:L1:3:p02b-intent,four_node,7f4311e975e10821,3,p02b-intent,L1,conservative_one_round,10,10,0.65,0.05,1e-05,,0,False,no candidate route is feasible: a->r1->r2->b (min_fidelity 0.650 exceeds the achievable estimate 0.565 (one-round static estimate (BBPSSWCircuit.improved_fidelity); SeQUeNCe's 'until_target' mode may run a different number of rounds at execution time)),,,,0,0.000218,REJECTED,,,,,,,d6023524cac9554649e8b9b6c03d887f613256e4,1f2680a5b9065e708a7497adc53a95b108029b98,3.13.14,2026-07-18T18:29:17.924088+00:00
P02b_resource_aware_planners,P02b_resource_aware_planners:four_node:7f4311e975e10821:L1:4:p02b-intent,four_node,7f4311e975e10821,4,p02b-intent,L1,conservative_one_round,10,10,0.65,0.05,1e-05,,0,False,no candidate route is feasible: a->r1->r2->b (min_fidelity 0.650 exceeds the achievable estimate 0.565 (one-round static estimate (BBPSSWCircuit.improved_fidelity); SeQUeNCe's 'until_target' mode may run a different number of rounds at execution time)),,,,0,0.000244,REJECTED,,,,,,,d6023524cac9554649e8b9b6c03d887f613256e4,1f2680a5b9065e708a7497adc53a95b108029b98,3.13.14,2026-07-18T18:29:17.927058+00:00
P02b_resource_aware_planners,P02b_resource_aware_planners:four_node:7f4311e975e10821:L1:5:p02b-intent,four_node,7f4311e975e10821,5,p02b-intent,L1,conservative_one_round,10,10,0.65,0.05,1e-05,,0,False,no candidate route is feasible: a->r1->r2->b (min_fidelity 0.650 exceeds the achievable estimate 0.565 (one-round static estimate (BBPSSWCircuit.improved_fidelity); SeQUeNCe's 'until_target' mode may run a different number of rounds at execution time)),,,,0,0.000193,REJECTED,,,,,,,d6023524cac9554649e8b9b6c03d887f613256e4,1f2680a5b9065e708a7497adc53a95b108029b98,3.13.14,2026-07-18T18:29:17.929472+00:00
P02b_resource_aware_planners,P02b_resource_aware_planners:four_node:7f4311e975e10821:L1:6:p02b-intent,four_node,7f4311e975e10821,6,p02b-intent,L1,conservative_one_round,10,10,0.65,0.05,1e-05,,0,False,no candidate route is feasible: a->r1->r2->b (min_fidelity 0.650 exceeds the achievable estimate 0.565 (one-round static estimate (BBPSSWCircuit.improved_fidelity); SeQUeNCe's 'until_target' mode may run a different number of rounds at execution time)),,,,0,0.000219,REJECTED,,,,,,,d6023524cac9554649e8b9b6c03d887f613256e4,1f2680a5b9065e708a7497adc53a95b108029b98,3.13.14,2026-07-18T18:29:17.931999+00:00
P02b_resource_aware_planners,P02b_resource_aware_planners:four_node:7f4311e975e10821:L1:7:p02b-intent,four_node,7f4311e975e10821,7,p02b-intent,L1,conservative_one_round,10,10,0.65,0.05,1e-05,,0,False,no candidate route is feasible: a->r1->r2->b (min_fidelity 0.650 exceeds the achievable estimate 0.565 (one-round static estimate (BBPSSWCircuit.improved_fidelity); SeQUeNCe's 'until_target' mode may run a different number of rounds at execution time)),,,,0,0.000247,REJECTED,,,,,,,d6023524cac9554649e8b9b6c03d887f613256e4,1f2680a5b9065e708a7497adc53a95b108029b98,3.13.14,2026-07-18T18:29:17.934612+00:00
P02b_resource_aware_planners,P02b_resource_aware_planners:four_node:7f4311e975e10821:L1:8:p02b-intent,four_node,7f4311e975e10821,8,p02b-intent,L1,conservative_one_round,10,10,0.65,0.05,1e-05,,0,False,no candidate route is feasible: a->r1->r2->b (min_fidelity 0.650 exceeds the achievable estimate 0.565 (one-round static estimate (BBPSSWCircuit.improved_fidelity); SeQUeNCe's 'until_target' mode may run a different number of rounds at execution time)),,,,0,0.000215,REJECTED,,,,,,,d6023524cac9554649e8b9b6c03d887f613256e4,1f2680a5b9065e708a7497adc53a95b108029b98,3.13.14,2026-07-18T18:29:17.937184+00:00
P02b_resource_aware_planners,P02b_resource_aware_planners:four_node:7f4311e975e10821:L1:9:p02b-intent,four_node,7f4311e975e10821,9,p02b-intent,L1,conservative_one_round,10,10,0.65,0.05,1e-05,,0,False,no candidate route is feasible: a->r1->r2->b (min_fidelity 0.650 exceeds the achievable estimate 0.565 (one-round static estimate (BBPSSWCircuit.improved_fidelity); SeQUeNCe's 'until_target' mode may run a different number of rounds at execution time)),,,,0,0.000195,REJECTED,,,,,,,d6023524cac9554649e8b9b6c03d887f613256e4,1f2680a5b9065e708a7497adc53a95b108029b98,3.13.14,2026-07-18T18:29:17.939700+00:00
P02b_resource_aware_planners,P02b_resource_aware_planners:four_node:7f4311e975e10821:L2:0:p02b-intent,four_node,7f4311e975e10821,0,p02b-intent,L2,iterative_analytical,10,10,0.65,0.05,1e-05,a -> r1 -> r2 -> b,3,True,,,,0.6653170884826755,6,0.000296,VIOLATED,False,0,,,,2.036335,d6023524cac9554649e8b9b6c03d887f613256e4,1f2680a5b9065e708a7497adc53a95b108029b98,3.13.14,2026-07-18T18:29:19.984037+00:00
P02b_resource_aware_planners,P02b_resource_aware_planners:four_node:7f4311e975e10821:L2:1:p02b-intent,four_node,7f4311e975e10821,1,p02b-intent,L2,iterative_analytical,10,10,0.65,0.05,1e-05,a -> r1 -> r2 -> b,3,True,,,,0.6653170884826755,6,0.000504,VIOLATED,False,1,0.6653170884826755,0.6653170884826755,0.0,2.611011,d6023524cac9554649e8b9b6c03d887f613256e4,1f2680a5b9065e708a7497adc53a95b108029b98,3.13.14,2026-07-18T18:29:22.604302+00:00
P02b_resource_aware_planners,P02b_resource_aware_planners:four_node:7f4311e975e10821:L2:2:p02b-intent,four_node,7f4311e975e10821,2,p02b-intent,L2,iterative_analytical,10,10,0.65,0.05,1e-05,a -> r1 -> r2 -> b,3,True,,,,0.6653170884826755,6,0.000417,VIOLATED,False,1,0.6653170884826755,0.6653170884826755,0.0,2.555372,d6023524cac9554649e8b9b6c03d887f613256e4,1f2680a5b9065e708a7497adc53a95b108029b98,3.13.14,2026-07-18T18:29:25.169642+00:00
P02b_resource_aware_planners,P02b_resource_aware_planners:four_node:7f4311e975e10821:L2:3:p02b-intent,four_node,7f4311e975e10821,3,p02b-intent,L2,iterative_analytical,10,10,0.65,0.05,1e-05,a -> r1 -> r2 -> b,3,True,,,,0.6653170884826755,6,0.000478,VIOLATED,False,0,,,,3.337483,d6023524cac9554649e8b9b6c03d887f613256e4,1f2680a5b9065e708a7497adc53a95b108029b98,3.13.14,2026-07-18T18:29:28.517076+00:00
P02b_resource_aware_planners,P02b_resource_aware_planners:four_node:7f4311e975e10821:L2:4:p02b-intent,four_node,7f4311e975e10821,4,p02b-intent,L2,iterative_analytical,10,10,0.65,0.05,1e-05,a -> r1 -> r2 -> b,3,True,,,,0.6653170884826755,6,0.000347,VIOLATED,False,1,0.6653170884826755,0.6653170884826755,0.0,2.541557,d6023524cac9554649e8b9b6c03d887f613256e4,1f2680a5b9065e708a7497adc53a95b108029b98,3.13.14,2026-07-18T18:29:31.067450+00:00
P02b_resource_aware_planners,P02b_resource_aware_planners:four_node:7f4311e975e10821:L2:5:p02b-intent,four_node,7f4311e975e10821,5,p02b-intent,L2,iterative_analytical,10,10,0.65,0.05,1e-05,a -> r1 -> r2 -> b,3,True,,,,0.6653170884826755,6,0.00035,VIOLATED,False,0,,,,2.231079,d6023524cac9554649e8b9b6c03d887f613256e4,1f2680a5b9065e708a7497adc53a95b108029b98,3.13.14,2026-07-18T18:29:33.307346+00:00
P02b_resource_aware_planners,P02b_resource_aware_planners:four_node:7f4311e975e10821:L2:6:p02b-intent,four_node,7f4311e975e10821,6,p02b-intent,L2,iterative_analytical,10,10,0.65,0.05,1e-05,a -> r1 -> r2 -> b,3,True,,,,0.6653170884826755,6,0.000356,VIOLATED,False,1,0.6653170884826755,0.6653170884826755,0.0,1.945029,d6023524cac9554649e8b9b6c03d887f613256e4,1f2680a5b9065e708a7497adc53a95b108029b98,3.13.14,2026-07-18T18:29:35.261461+00:00
P02b_resource_aware_planners,P02b_resource_aware_planners:four_node:7f4311e975e10821:L2:7:p02b-intent,four_node,7f4311e975e10821,7,p02b-intent,L2,iterative_analytical,10,10,0.65,0.05,1e-05,a -> r1 -> r2 -> b,3,True,,,,0.6653170884826755,6,0.00025,VIOLATED,False,1,0.6653170884826755,0.6653170884826755,0.0,1.971685,d6023524cac9554649e8b9b6c03d887f613256e4,1f2680a5b9065e708a7497adc53a95b108029b98,3.13.14,2026-07-18T18:29:37.240014+00:00
P02b_resource_aware_planners,P02b_resource_aware_planners:four_node:7f4311e975e10821:L2:8:p02b-intent,four_node,7f4311e975e10821,8,p02b-intent,L2,iterative_analytical,10,10,0.65,0.05,1e-05,a -> r1 -> r2 -> b,3,True,,,,0.6653170884826755,6,0.001036,VIOLATED,False,1,0.6653170884826755,0.6653170884826755,0.0,1.96789,d6023524cac9554649e8b9b6c03d887f613256e4,1f2680a5b9065e708a7497adc53a95b108029b98,3.13.14,2026-07-18T18:29:39.219691+00:00
P02b_resource_aware_planners,P02b_resource_aware_planners:four_node:7f4311e975e10821:L2:9:p02b-intent,four_node,7f4311e975e10821,9,p02b-intent,L2,iterative_analytical,10,10,0.65,0.05,1e-05,a -> r1 -> r2 -> b,3,True,,,,0.6653170884826755,6,0.000246,VIOLATED,False,1,0.6653170884826755,0.6653170884826755,0.0,3.986273,d6023524cac9554649e8b9b6c03d887f613256e4,1f2680a5b9065e708a7497adc53a95b108029b98,3.13.14,2026-07-18T18:29:43.211927+00:00
P02b_resource_aware_planners,P02b_resource_aware_planners:four_node:7f4311e975e10821:L2-R:0:p02b-intent,four_node,7f4311e975e10821,0,p02b-intent,L2-R,iterative_resource_aware,10,10,0.65,0.05,1e-05,,0,False,DELIVERY_TARGET_EXCEEDS_WINDOW,,,,0,0.000197,REJECTED,,,,,,,d6023524cac9554649e8b9b6c03d887f613256e4,1f2680a5b9065e708a7497adc53a95b108029b98,3.13.14,2026-07-18T18:29:43.215347+00:00
P02b_resource_aware_planners,P02b_resource_aware_planners:four_node:7f4311e975e10821:L2-R:1:p02b-intent,four_node,7f4311e975e10821,1,p02b-intent,L2-R,iterative_resource_aware,10,10,0.65,0.05,1e-05,,0,False,DELIVERY_TARGET_EXCEEDS_WINDOW,,,,0,0.000134,REJECTED,,,,,,,d6023524cac9554649e8b9b6c03d887f613256e4,1f2680a5b9065e708a7497adc53a95b108029b98,3.13.14,2026-07-18T18:29:43.217838+00:00
P02b_resource_aware_planners,P02b_resource_aware_planners:four_node:7f4311e975e10821:L2-R:2:p02b-intent,four_node,7f4311e975e10821,2,p02b-intent,L2-R,iterative_resource_aware,10,10,0.65,0.05,1e-05,,0,False,DELIVERY_TARGET_EXCEEDS_WINDOW,,,,0,0.000121,REJECTED,,,,,,,d6023524cac9554649e8b9b6c03d887f613256e4,1f2680a5b9065e708a7497adc53a95b108029b98,3.13.14,2026-07-18T18:29:43.220105+00:00
P02b_resource_aware_planners,P02b_resource_aware_planners:four_node:7f4311e975e10821:L2-R:3:p02b-intent,four_node,7f4311e975e10821,3,p02b-intent,L2-R,iterative_resource_aware,10,10,0.65,0.05,1e-05,,0,False,DELIVERY_TARGET_EXCEEDS_WINDOW,,,,0,0.000159,REJECTED,,,,,,,d6023524cac9554649e8b9b6c03d887f613256e4,1f2680a5b9065e708a7497adc53a95b108029b98,3.13.14,2026-07-18T18:29:43.222965+00:00
P02b_resource_aware_planners,P02b_resource_aware_planners:four_node:7f4311e975e10821:L2-R:4:p02b-intent,four_node,7f4311e975e10821,4,p02b-intent,L2-R,iterative_resource_aware,10,10,0.65,0.05,1e-05,,0,False,DELIVERY_TARGET_EXCEEDS_WINDOW,,,,0,0.000126,REJECTED,,,,,,,d6023524cac9554649e8b9b6c03d887f613256e4,1f2680a5b9065e708a7497adc53a95b108029b98,3.13.14,2026-07-18T18:29:43.225507+00:00
P02b_resource_aware_planners,P02b_resource_aware_planners:four_node:7f4311e975e10821:L2-R:5:p02b-intent,four_node,7f4311e975e10821,5,p02b-intent,L2-R,iterative_resource_aware,10,10,0.65,0.05,1e-05,,0,False,DELIVERY_TARGET_EXCEEDS_WINDOW,,,,0,0.000129,REJECTED,,,,,,,d6023524cac9554649e8b9b6c03d887f613256e4,1f2680a5b9065e708a7497adc53a95b108029b98,3.13.14,2026-07-18T18:29:43.227980+00:00
P02b_resource_aware_planners,P02b_resource_aware_planners:four_node:7f4311e975e10821:L2-R:6:p02b-intent,four_node,7f4311e975e10821,6,p02b-intent,L2-R,iterative_resource_aware,10,10,0.65,0.05,1e-05,,0,False,DELIVERY_TARGET_EXCEEDS_WINDOW,,,,0,0.000122,REJECTED,,,,,,,d6023524cac9554649e8b9b6c03d887f613256e4,1f2680a5b9065e708a7497adc53a95b108029b98,3.13.14,2026-07-18T18:29:43.230408+00:00
P02b_resource_aware_planners,P02b_resource_aware_planners:four_node:7f4311e975e10821:L2-R:7:p02b-intent,four_node,7f4311e975e10821,7,p02b-intent,L2-R,iterative_resource_aware,10,10,0.65,0.05,1e-05,,0,False,DELIVERY_TARGET_EXCEEDS_WINDOW,,,,0,0.000126,REJECTED,,,,,,,d6023524cac9554649e8b9b6c03d887f613256e4,1f2680a5b9065e708a7497adc53a95b108029b98,3.13.14,2026-07-18T18:29:43.232760+00:00
P02b_resource_aware_planners,P02b_resource_aware_planners:four_node:7f4311e975e10821:L2-R:8:p02b-intent,four_node,7f4311e975e10821,8,p02b-intent,L2-R,iterative_resource_aware,10,10,0.65,0.05,1e-05,,0,False,DELIVERY_TARGET_EXCEEDS_WINDOW,,,,0,0.000131,REJECTED,,,,,,,d6023524cac9554649e8b9b6c03d887f613256e4,1f2680a5b9065e708a7497adc53a95b108029b98,3.13.14,2026-07-18T18:29:43.235233+00:00
P02b_resource_aware_planners,P02b_resource_aware_planners:four_node:7f4311e975e10821:L2-R:9:p02b-intent,four_node,7f4311e975e10821,9,p02b-intent,L2-R,iterative_resource_aware,10,10,0.65,0.05,1e-05,,0,False,DELIVERY_TARGET_EXCEEDS_WINDOW,,,,0,0.000135,REJECTED,,,,,,,d6023524cac9554649e8b9b6c03d887f613256e4,1f2680a5b9065e708a7497adc53a95b108029b98,3.13.14,2026-07-18T18:29:43.237667+00:00
P02b_resource_aware_planners,P02b_resource_aware_planners:four_node:7f4311e975e10821:L3:0:p02b-intent,four_node,7f4311e975e10821,0,p02b-intent,L3,probabilistic,10,10,0.65,0.05,1e-05,a -> r1 -> r2 -> b,3,True,,1.1596163209374652e-13,0.2353373165769186,0.6653170884826755,6,0.000526,VIOLATED,False,0,,,,2.013766,d6023524cac9554649e8b9b6c03d887f613256e4,1f2680a5b9065e708a7497adc53a95b108029b98,3.13.14,2026-07-18T18:29:45.257462+00:00
P02b_resource_aware_planners,P02b_resource_aware_planners:four_node:7f4311e975e10821:L3:1:p02b-intent,four_node,7f4311e975e10821,1,p02b-intent,L3,probabilistic,10,10,0.65,0.05,1e-05,a -> r1 -> r2 -> b,3,True,,1.1596163209374652e-13,0.2353373165769186,0.6653170884826755,6,0.000556,VIOLATED,False,1,0.6653170884826755,0.6653170884826755,0.0,2.838708,d6023524cac9554649e8b9b6c03d887f613256e4,1f2680a5b9065e708a7497adc53a95b108029b98,3.13.14,2026-07-18T18:29:48.106139+00:00
P02b_resource_aware_planners,P02b_resource_aware_planners:four_node:7f4311e975e10821:L3:2:p02b-intent,four_node,7f4311e975e10821,2,p02b-intent,L3,probabilistic,10,10,0.65,0.05,1e-05,a -> r1 -> r2 -> b,3,True,,1.1596163209374652e-13,0.2353373165769186,0.6653170884826755,6,0.001052,VIOLATED,False,1,0.6653170884826755,0.6653170884826755,0.0,2.127072,d6023524cac9554649e8b9b6c03d887f613256e4,1f2680a5b9065e708a7497adc53a95b108029b98,3.13.14,2026-07-18T18:29:50.248730+00:00
P02b_resource_aware_planners,P02b_resource_aware_planners:four_node:7f4311e975e10821:L3:3:p02b-intent,four_node,7f4311e975e10821,3,p02b-intent,L3,probabilistic,10,10,0.65,0.05,1e-05,a -> r1 -> r2 -> b,3,True,,1.1596163209374652e-13,0.2353373165769186,0.6653170884826755,6,0.000558,VIOLATED,False,0,,,,2.368042,d6023524cac9554649e8b9b6c03d887f613256e4,1f2680a5b9065e708a7497adc53a95b108029b98,3.13.14,2026-07-18T18:29:52.624182+00:00
P02b_resource_aware_planners,P02b_resource_aware_planners:four_node:7f4311e975e10821:L3:4:p02b-intent,four_node,7f4311e975e10821,4,p02b-intent,L3,probabilistic,10,10,0.65,0.05,1e-05,a -> r1 -> r2 -> b,3,True,,1.1596163209374652e-13,0.2353373165769186,0.6653170884826755,6,0.000683,VIOLATED,False,1,0.6653170884826755,0.6653170884826755,0.0,2.05143,d6023524cac9554649e8b9b6c03d887f613256e4,1f2680a5b9065e708a7497adc53a95b108029b98,3.13.14,2026-07-18T18:29:54.685628+00:00
P02b_resource_aware_planners,P02b_resource_aware_planners:four_node:7f4311e975e10821:L3:5:p02b-intent,four_node,7f4311e975e10821,5,p02b-intent,L3,probabilistic,10,10,0.65,0.05,1e-05,a -> r1 -> r2 -> b,3,True,,1.1596163209374652e-13,0.2353373165769186,0.6653170884826755,6,0.00131,VIOLATED,False,0,,,,1.898391,d6023524cac9554649e8b9b6c03d887f613256e4,1f2680a5b9065e708a7497adc53a95b108029b98,3.13.14,2026-07-18T18:29:56.599540+00:00
P02b_resource_aware_planners,P02b_resource_aware_planners:four_node:7f4311e975e10821:L3:6:p02b-intent,four_node,7f4311e975e10821,6,p02b-intent,L3,probabilistic,10,10,0.65,0.05,1e-05,a -> r1 -> r2 -> b,3,True,,1.1596163209374652e-13,0.2353373165769186,0.6653170884826755,6,0.000544,VIOLATED,False,1,0.6653170884826755,0.6653170884826755,0.0,2.749885,d6023524cac9554649e8b9b6c03d887f613256e4,1f2680a5b9065e708a7497adc53a95b108029b98,3.13.14,2026-07-18T18:29:59.356682+00:00
P02b_resource_aware_planners,P02b_resource_aware_planners:four_node:7f4311e975e10821:L3:7:p02b-intent,four_node,7f4311e975e10821,7,p02b-intent,L3,probabilistic,10,10,0.65,0.05,1e-05,a -> r1 -> r2 -> b,3,True,,1.1596163209374652e-13,0.2353373165769186,0.6653170884826755,6,0.001109,VIOLATED,False,1,0.6653170884826755,0.6653170884826755,0.0,2.74724,d6023524cac9554649e8b9b6c03d887f613256e4,1f2680a5b9065e708a7497adc53a95b108029b98,3.13.14,2026-07-18T18:30:02.118042+00:00
P02b_resource_aware_planners,P02b_resource_aware_planners:four_node:7f4311e975e10821:L3:8:p02b-intent,four_node,7f4311e975e10821,8,p02b-intent,L3,probabilistic,10,10,0.65,0.05,1e-05,a -> r1 -> r2 -> b,3,True,,1.1596163209374652e-13,0.2353373165769186,0.6653170884826755,6,0.00055,VIOLATED,False,1,0.6653170884826755,0.6653170884826755,0.0,2.610431,d6023524cac9554649e8b9b6c03d887f613256e4,1f2680a5b9065e708a7497adc53a95b108029b98,3.13.14,2026-07-18T18:30:04.736147+00:00
P02b_resource_aware_planners,P02b_resource_aware_planners:four_node:7f4311e975e10821:L3:9:p02b-intent,four_node,7f4311e975e10821,9,p02b-intent,L3,probabilistic,10,10,0.65,0.05,1e-05,a -> r1 -> r2 -> b,3,True,,1.1596163209374652e-13,0.2353373165769186,0.6653170884826755,6,0.001039,VIOLATED,False,1,0.6653170884826755,0.6653170884826755,0.0,2.23327,d6023524cac9554649e8b9b6c03d887f613256e4,1f2680a5b9065e708a7497adc53a95b108029b98,3.13.14,2026-07-18T18:30:06.983290+00:00
P02b_resource_aware_planners,P02b_resource_aware_planners:four_node:7f4311e975e10821:L3-R:0:p02b-intent,four_node,7f4311e975e10821,0,p02b-intent,L3-R,probabilistic_resource_aware,10,10,0.65,0.05,1e-05,a -> r1 -> r2 -> b,3,True,,2.478250539505977e-22,0.03137830887692248,0.6653170884826755,6,0.000636,VIOLATED,False,0,,,,2.071008,d6023524cac9554649e8b9b6c03d887f613256e4,1f2680a5b9065e708a7497adc53a95b108029b98,3.13.14,2026-07-18T18:30:09.061182+00:00
P02b_resource_aware_planners,P02b_resource_aware_planners:four_node:7f4311e975e10821:L3-R:1:p02b-intent,four_node,7f4311e975e10821,1,p02b-intent,L3-R,probabilistic_resource_aware,10,10,0.65,0.05,1e-05,a -> r1 -> r2 -> b,3,True,,2.478250539505977e-22,0.03137830887692248,0.6653170884826755,6,0.000549,VIOLATED,False,1,0.6653170884826755,0.6653170884826755,0.0,2.454475,d6023524cac9554649e8b9b6c03d887f613256e4,1f2680a5b9065e708a7497adc53a95b108029b98,3.13.14,2026-07-18T18:30:11.523824+00:00
P02b_resource_aware_planners,P02b_resource_aware_planners:four_node:7f4311e975e10821:L3-R:2:p02b-intent,four_node,7f4311e975e10821,2,p02b-intent,L3-R,probabilistic_resource_aware,10,10,0.65,0.05,1e-05,a -> r1 -> r2 -> b,3,True,,2.478250539505977e-22,0.03137830887692248,0.6653170884826755,6,0.000915,VIOLATED,False,1,0.6653170884826755,0.6653170884826755,0.0,2.738073,d6023524cac9554649e8b9b6c03d887f613256e4,1f2680a5b9065e708a7497adc53a95b108029b98,3.13.14,2026-07-18T18:30:14.273036+00:00
P02b_resource_aware_planners,P02b_resource_aware_planners:four_node:7f4311e975e10821:L3-R:3:p02b-intent,four_node,7f4311e975e10821,3,p02b-intent,L3-R,probabilistic_resource_aware,10,10,0.65,0.05,1e-05,a -> r1 -> r2 -> b,3,True,,2.478250539505977e-22,0.03137830887692248,0.6653170884826755,6,0.000605,VIOLATED,False,0,,,,2.444237,d6023524cac9554649e8b9b6c03d887f613256e4,1f2680a5b9065e708a7497adc53a95b108029b98,3.13.14,2026-07-18T18:30:16.725422+00:00
P02b_resource_aware_planners,P02b_resource_aware_planners:four_node:7f4311e975e10821:L3-R:4:p02b-intent,four_node,7f4311e975e10821,4,p02b-intent,L3-R,probabilistic_resource_aware,10,10,0.65,0.05,1e-05,a -> r1 -> r2 -> b,3,True,,2.478250539505977e-22,0.03137830887692248,0.6653170884826755,6,0.000624,VIOLATED,False,1,0.6653170884826755,0.6653170884826755,0.0,4.806921,d6023524cac9554649e8b9b6c03d887f613256e4,1f2680a5b9065e708a7497adc53a95b108029b98,3.13.14,2026-07-18T18:30:21.540555+00:00
P02b_resource_aware_planners,P02b_resource_aware_planners:four_node:7f4311e975e10821:L3-R:5:p02b-intent,four_node,7f4311e975e10821,5,p02b-intent,L3-R,probabilistic_resource_aware,10,10,0.65,0.05,1e-05,a -> r1 -> r2 -> b,3,True,,2.478250539505977e-22,0.03137830887692248,0.6653170884826755,6,0.000931,VIOLATED,False,0,,,,2.221331,d6023524cac9554649e8b9b6c03d887f613256e4,1f2680a5b9065e708a7497adc53a95b108029b98,3.13.14,2026-07-18T18:30:23.772237+00:00
P02b_resource_aware_planners,P02b_resource_aware_planners:four_node:7f4311e975e10821:L3-R:6:p02b-intent,four_node,7f4311e975e10821,6,p02b-intent,L3-R,probabilistic_resource_aware,10,10,0.65,0.05,1e-05,a -> r1 -> r2 -> b,3,True,,2.478250539505977e-22,0.03137830887692248,0.6653170884826755,6,0.001465,VIOLATED,False,1,0.6653170884826755,0.6653170884826755,0.0,4.539035,d6023524cac9554649e8b9b6c03d887f613256e4,1f2680a5b9065e708a7497adc53a95b108029b98,3.13.14,2026-07-18T18:30:28.334830+00:00
P02b_resource_aware_planners,P02b_resource_aware_planners:four_node:7f4311e975e10821:L3-R:7:p02b-intent,four_node,7f4311e975e10821,7,p02b-intent,L3-R,probabilistic_resource_aware,10,10,0.65,0.05,1e-05,a -> r1 -> r2 -> b,3,True,,2.478250539505977e-22,0.03137830887692248,0.6653170884826755,6,0.000823,VIOLATED,False,1,0.6653170884826755,0.6653170884826755,0.0,3.833612,d6023524cac9554649e8b9b6c03d887f613256e4,1f2680a5b9065e708a7497adc53a95b108029b98,3.13.14,2026-07-18T18:30:32.180064+00:00
P02b_resource_aware_planners,P02b_resource_aware_planners:four_node:7f4311e975e10821:L3-R:8:p02b-intent,four_node,7f4311e975e10821,8,p02b-intent,L3-R,probabilistic_resource_aware,10,10,0.65,0.05,1e-05,a -> r1 -> r2 -> b,3,True,,2.478250539505977e-22,0.03137830887692248,0.6653170884826755,6,0.00165,VIOLATED,False,1,0.6653170884826755,0.6653170884826755,0.0,2.740472,d6023524cac9554649e8b9b6c03d887f613256e4,1f2680a5b9065e708a7497adc53a95b108029b98,3.13.14,2026-07-18T18:30:34.942227+00:00
P02b_resource_aware_planners,P02b_resource_aware_planners:four_node:7f4311e975e10821:L3-R:9:p02b-intent,four_node,7f4311e975e10821,9,p02b-intent,L3-R,probabilistic_resource_aware,10,10,0.65,0.05,1e-05,a -> r1 -> r2 -> b,3,True,,2.478250539505977e-22,0.03137830887692248,0.6653170884826755,6,0.0008,VIOLATED,False,1,0.6653170884826755,0.6653170884826755,0.0,3.502824,d6023524cac9554649e8b9b6c03d887f613256e4,1f2680a5b9065e708a7497adc53a95b108029b98,3.13.14,2026-07-18T18:30:38.454668+00:00
P02b_resource_aware_planners,P02b_resource_aware_planners:four_node:8fc7952551c8cc54:L1:0:p02b-intent,four_node,8fc7952551c8cc54,0,p02b-intent,L1,conservative_one_round,10,10,0.65,0.05,1e-05,,0,False,no candidate route is feasible: a->r1->r2->b (min_fidelity 0.650 exceeds the achievable estimate 0.554 (target_fidelity exceeds the single-swap estimate and allow_purification is False)),,,,0,0.000355,REJECTED,,,,,,,d6023524cac9554649e8b9b6c03d887f613256e4,1f2680a5b9065e708a7497adc53a95b108029b98,3.13.14,2026-07-18T18:30:38.459054+00:00
P02b_resource_aware_planners,P02b_resource_aware_planners:four_node:8fc7952551c8cc54:L1:1:p02b-intent,four_node,8fc7952551c8cc54,1,p02b-intent,L1,conservative_one_round,10,10,0.65,0.05,1e-05,,0,False,no candidate route is feasible: a->r1->r2->b (min_fidelity 0.650 exceeds the achievable estimate 0.554 (target_fidelity exceeds the single-swap estimate and allow_purification is False)),,,,0,0.000227,REJECTED,,,,,,,d6023524cac9554649e8b9b6c03d887f613256e4,1f2680a5b9065e708a7497adc53a95b108029b98,3.13.14,2026-07-18T18:30:38.462103+00:00
P02b_resource_aware_planners,P02b_resource_aware_planners:four_node:8fc7952551c8cc54:L1:2:p02b-intent,four_node,8fc7952551c8cc54,2,p02b-intent,L1,conservative_one_round,10,10,0.65,0.05,1e-05,,0,False,no candidate route is feasible: a->r1->r2->b (min_fidelity 0.650 exceeds the achievable estimate 0.554 (target_fidelity exceeds the single-swap estimate and allow_purification is False)),,,,0,0.000165,REJECTED,,,,,,,d6023524cac9554649e8b9b6c03d887f613256e4,1f2680a5b9065e708a7497adc53a95b108029b98,3.13.14,2026-07-18T18:30:38.464342+00:00
P02b_resource_aware_planners,P02b_resource_aware_planners:four_node:8fc7952551c8cc54:L1:3:p02b-intent,four_node,8fc7952551c8cc54,3,p02b-intent,L1,conservative_one_round,10,10,0.65,0.05,1e-05,,0,False,no candidate route is feasible: a->r1->r2->b (min_fidelity 0.650 exceeds the achievable estimate 0.554 (target_fidelity exceeds the single-swap estimate and allow_purification is False)),,,,0,0.000171,REJECTED,,,,,,,d6023524cac9554649e8b9b6c03d887f613256e4,1f2680a5b9065e708a7497adc53a95b108029b98,3.13.14,2026-07-18T18:30:38.466783+00:00
P02b_resource_aware_planners,P02b_resource_aware_planners:four_node:8fc7952551c8cc54:L1:4:p02b-intent,four_node,8fc7952551c8cc54,4,p02b-intent,L1,conservative_one_round,10,10,0.65,0.05,1e-05,,0,False,no candidate route is feasible: a->r1->r2->b (min_fidelity 0.650 exceeds the achievable estimate 0.554 (target_fidelity exceeds the single-swap estimate and allow_purification is False)),,,,0,0.000161,REJECTED,,,,,,,d6023524cac9554649e8b9b6c03d887f613256e4,1f2680a5b9065e708a7497adc53a95b108029b98,3.13.14,2026-07-18T18:30:38.469036+00:00
P02b_resource_aware_planners,P02b_resource_aware_planners:four_node:8fc7952551c8cc54:L1:5:p02b-intent,four_node,8fc7952551c8cc54,5,p02b-intent,L1,conservative_one_round,10,10,0.65,0.05,1e-05,,0,False,no candidate route is feasible: a->r1->r2->b (min_fidelity 0.650 exceeds the achievable estimate 0.554 (target_fidelity exceeds the single-swap estimate and allow_purification is False)),,,,0,0.000164,REJECTED,,,,,,,d6023524cac9554649e8b9b6c03d887f613256e4,1f2680a5b9065e708a7497adc53a95b108029b98,3.13.14,2026-07-18T18:30:38.471307+00:00
P02b_resource_aware_planners,P02b_resource_aware_planners:four_node:8fc7952551c8cc54:L1:6:p02b-intent,four_node,8fc7952551c8cc54,6,p02b-intent,L1,conservative_one_round,10,10,0.65,0.05,1e-05,,0,False,no candidate route is feasible: a->r1->r2->b (min_fidelity 0.650 exceeds the achievable estimate 0.554 (target_fidelity exceeds the single-swap estimate and allow_purification is False)),,,,0,0.000157,REJECTED,,,,,,,d6023524cac9554649e8b9b6c03d887f613256e4,1f2680a5b9065e708a7497adc53a95b108029b98,3.13.14,2026-07-18T18:30:38.473489+00:00
P02b_resource_aware_planners,P02b_resource_aware_planners:four_node:8fc7952551c8cc54:L1:7:p02b-intent,four_node,8fc7952551c8cc54,7,p02b-intent,L1,conservative_one_round,10,10,0.65,0.05,1e-05,,0,False,no candidate route is feasible: a->r1->r2->b (min_fidelity 0.650 exceeds the achievable estimate 0.554 (target_fidelity exceeds the single-swap estimate and allow_purification is False)),,,,0,0.00016,REJECTED,,,,,,,d6023524cac9554649e8b9b6c03d887f613256e4,1f2680a5b9065e708a7497adc53a95b108029b98,3.13.14,2026-07-18T18:30:38.475638+00:00
P02b_resource_aware_planners,P02b_resource_aware_planners:four_node:8fc7952551c8cc54:L1:8:p02b-intent,four_node,8fc7952551c8cc54,8,p02b-intent,L1,conservative_one_round,10,10,0.65,0.05,1e-05,,0,False,no candidate route is feasible: a->r1->r2->b (min_fidelity 0.650 exceeds the achievable estimate 0.554 (target_fidelity exceeds the single-swap estimate and allow_purification is False)),,,,0,0.000158,REJECTED,,,,,,,d6023524cac9554649e8b9b6c03d887f613256e4,1f2680a5b9065e708a7497adc53a95b108029b98,3.13.14,2026-07-18T18:30:38.477818+00:00
P02b_resource_aware_planners,P02b_resource_aware_planners:four_node:8fc7952551c8cc54:L1:9:p02b-intent,four_node,8fc7952551c8cc54,9,p02b-intent,L1,conservative_one_round,10,10,0.65,0.05,1e-05,,0,False,no candidate route is feasible: a->r1->r2->b (min_fidelity 0.650 exceeds the achievable estimate 0.554 (target_fidelity exceeds the single-swap estimate and allow_purification is False)),,,,0,0.000152,REJECTED,,,,,,,d6023524cac9554649e8b9b6c03d887f613256e4,1f2680a5b9065e708a7497adc53a95b108029b98,3.13.14,2026-07-18T18:30:38.480052+00:00
P02b_resource_aware_planners,P02b_resource_aware_planners:four_node:8fc7952551c8cc54:L2:0:p02b-intent,four_node,8fc7952551c8cc54,0,p02b-intent,L2,iterative_analytical,10,10,0.65,0.05,1e-05,,0,False,no candidate route is feasible: a->r1->r2->b (min_fidelity 0.650 exceeds the achievable estimate 0.554 (target_fidelity exceeds the single-swap estimate and allow_purification is False)),,,,0,0.000192,REJECTED,,,,,,,d6023524cac9554649e8b9b6c03d887f613256e4,1f2680a5b9065e708a7497adc53a95b108029b98,3.13.14,2026-07-18T18:30:38.482249+00:00
P02b_resource_aware_planners,P02b_resource_aware_planners:four_node:8fc7952551c8cc54:L2:1:p02b-intent,four_node,8fc7952551c8cc54,1,p02b-intent,L2,iterative_analytical,10,10,0.65,0.05,1e-05,,0,False,no candidate route is feasible: a->r1->r2->b (min_fidelity 0.650 exceeds the achievable estimate 0.554 (target_fidelity exceeds the single-swap estimate and allow_purification is False)),,,,0,0.000198,REJECTED,,,,,,,d6023524cac9554649e8b9b6c03d887f613256e4,1f2680a5b9065e708a7497adc53a95b108029b98,3.13.14,2026-07-18T18:30:38.484475+00:00
P02b_resource_aware_planners,P02b_resource_aware_planners:four_node:8fc7952551c8cc54:L2:2:p02b-intent,four_node,8fc7952551c8cc54,2,p02b-intent,L2,iterative_analytical,10,10,0.65,0.05,1e-05,,0,False,no candidate route is feasible: a->r1->r2->b (min_fidelity 0.650 exceeds the achievable estimate 0.554 (target_fidelity exceeds the single-swap estimate and allow_purification is False)),,,,0,0.000186,REJECTED,,,,,,,d6023524cac9554649e8b9b6c03d887f613256e4,1f2680a5b9065e708a7497adc53a95b108029b98,3.13.14,2026-07-18T18:30:38.486772+00:00
P02b_resource_aware_planners,P02b_resource_aware_planners:four_node:8fc7952551c8cc54:L2:3:p02b-intent,four_node,8fc7952551c8cc54,3,p02b-intent,L2,iterative_analytical,10,10,0.65,0.05,1e-05,,0,False,no candidate route is feasible: a->r1->r2->b (min_fidelity 0.650 exceeds the achievable estimate 0.554 (target_fidelity exceeds the single-swap estimate and allow_purification is False)),,,,0,0.000169,REJECTED,,,,,,,d6023524cac9554649e8b9b6c03d887f613256e4,1f2680a5b9065e708a7497adc53a95b108029b98,3.13.14,2026-07-18T18:30:38.489511+00:00
P02b_resource_aware_planners,P02b_resource_aware_planners:four_node:8fc7952551c8cc54:L2:4:p02b-intent,four_node,8fc7952551c8cc54,4,p02b-intent,L2,iterative_analytical,10,10,0.65,0.05,1e-05,,0,False,no candidate route is feasible: a->r1->r2->b (min_fidelity 0.650 exceeds the achievable estimate 0.554 (target_fidelity exceeds the single-swap estimate and allow_purification is False)),,,,0,0.000173,REJECTED,,,,,,,d6023524cac9554649e8b9b6c03d887f613256e4,1f2680a5b9065e708a7497adc53a95b108029b98,3.13.14,2026-07-18T18:30:38.491705+00:00
P02b_resource_aware_planners,P02b_resource_aware_planners:four_node:8fc7952551c8cc54:L2:5:p02b-intent,four_node,8fc7952551c8cc54,5,p02b-intent,L2,iterative_analytical,10,10,0.65,0.05,1e-05,,0,False,no candidate route is feasible: a->r1->r2->b (min_fidelity 0.650 exceeds the achievable estimate 0.554 (target_fidelity exceeds the single-swap estimate and allow_purification is False)),,,,0,0.000167,REJECTED,,,,,,,d6023524cac9554649e8b9b6c03d887f613256e4,1f2680a5b9065e708a7497adc53a95b108029b98,3.13.14,2026-07-18T18:30:38.493974+00:00
P02b_resource_aware_planners,P02b_resource_aware_planners:four_node:8fc7952551c8cc54:L2:6:p02b-intent,four_node,8fc7952551c8cc54,6,p02b-intent,L2,iterative_analytical,10,10,0.65,0.05,1e-05,,0,False,no candidate route is feasible: a->r1->r2->b (min_fidelity 0.650 exceeds the achievable estimate 0.554 (target_fidelity exceeds the single-swap estimate and allow_purification is False)),,,,0,0.000165,REJECTED,,,,,,,d6023524cac9554649e8b9b6c03d887f613256e4,1f2680a5b9065e708a7497adc53a95b108029b98,3.13.14,2026-07-18T18:30:38.496237+00:00
P02b_resource_aware_planners,P02b_resource_aware_planners:four_node:8fc7952551c8cc54:L2:7:p02b-intent,four_node,8fc7952551c8cc54,7,p02b-intent,L2,iterative_analytical,10,10,0.65,0.05,1e-05,,0,False,no candidate route is feasible: a->r1->r2->b (min_fidelity 0.650 exceeds the achievable estimate 0.554 (target_fidelity exceeds the single-swap estimate and allow_purification is False)),,,,0,0.000187,REJECTED,,,,,,,d6023524cac9554649e8b9b6c03d887f613256e4,1f2680a5b9065e708a7497adc53a95b108029b98,3.13.14,2026-07-18T18:30:38.498877+00:00
P02b_resource_aware_planners,P02b_resource_aware_planners:four_node:8fc7952551c8cc54:L2:8:p02b-intent,four_node,8fc7952551c8cc54,8,p02b-intent,L2,iterative_analytical,10,10,0.65,0.05,1e-05,,0,False,no candidate route is feasible: a->r1->r2->b (min_fidelity 0.650 exceeds the achievable estimate 0.554 (target_fidelity exceeds the single-swap estimate and allow_purification is False)),,,,0,0.000184,REJECTED,,,,,,,d6023524cac9554649e8b9b6c03d887f613256e4,1f2680a5b9065e708a7497adc53a95b108029b98,3.13.14,2026-07-18T18:30:38.501724+00:00
P02b_resource_aware_planners,P02b_resource_aware_planners:four_node:8fc7952551c8cc54:L2:9:p02b-intent,four_node,8fc7952551c8cc54,9,p02b-intent,L2,iterative_analytical,10,10,0.65,0.05,1e-05,,0,False,no candidate route is feasible: a->r1->r2->b (min_fidelity 0.650 exceeds the achievable estimate 0.554 (target_fidelity exceeds the single-swap estimate and allow_purification is False)),,,,0,0.000209,REJECTED,,,,,,,d6023524cac9554649e8b9b6c03d887f613256e4,1f2680a5b9065e708a7497adc53a95b108029b98,3.13.14,2026-07-18T18:30:38.504326+00:00
P02b_resource_aware_planners,P02b_resource_aware_planners:four_node:8fc7952551c8cc54:L2-R:0:p02b-intent,four_node,8fc7952551c8cc54,0,p02b-intent,L2-R,iterative_resource_aware,10,10,0.65,0.05,1e-05,,0,False,TARGET_FIDELITY_UNREACHABLE,,,,0,0.000117,REJECTED,,,,,,,d6023524cac9554649e8b9b6c03d887f613256e4,1f2680a5b9065e708a7497adc53a95b108029b98,3.13.14,2026-07-18T18:30:38.507080+00:00
P02b_resource_aware_planners,P02b_resource_aware_planners:four_node:8fc7952551c8cc54:L2-R:1:p02b-intent,four_node,8fc7952551c8cc54,1,p02b-intent,L2-R,iterative_resource_aware,10,10,0.65,0.05,1e-05,,0,False,TARGET_FIDELITY_UNREACHABLE,,,,0,0.000102,REJECTED,,,,,,,d6023524cac9554649e8b9b6c03d887f613256e4,1f2680a5b9065e708a7497adc53a95b108029b98,3.13.14,2026-07-18T18:30:38.509161+00:00
P02b_resource_aware_planners,P02b_resource_aware_planners:four_node:8fc7952551c8cc54:L2-R:2:p02b-intent,four_node,8fc7952551c8cc54,2,p02b-intent,L2-R,iterative_resource_aware,10,10,0.65,0.05,1e-05,,0,False,TARGET_FIDELITY_UNREACHABLE,,,,0,9.6e-05,REJECTED,,,,,,,d6023524cac9554649e8b9b6c03d887f613256e4,1f2680a5b9065e708a7497adc53a95b108029b98,3.13.14,2026-07-18T18:30:38.511365+00:00
P02b_resource_aware_planners,P02b_resource_aware_planners:four_node:8fc7952551c8cc54:L2-R:3:p02b-intent,four_node,8fc7952551c8cc54,3,p02b-intent,L2-R,iterative_resource_aware,10,10,0.65,0.05,1e-05,,0,False,TARGET_FIDELITY_UNREACHABLE,,,,0,0.000104,REJECTED,,,,,,,d6023524cac9554649e8b9b6c03d887f613256e4,1f2680a5b9065e708a7497adc53a95b108029b98,3.13.14,2026-07-18T18:30:38.513611+00:00
P02b_resource_aware_planners,P02b_resource_aware_planners:four_node:8fc7952551c8cc54:L2-R:4:p02b-intent,four_node,8fc7952551c8cc54,4,p02b-intent,L2-R,iterative_resource_aware,10,10,0.65,0.05,1e-05,,0,False,TARGET_FIDELITY_UNREACHABLE,,,,0,9.2e-05,REJECTED,,,,,,,d6023524cac9554649e8b9b6c03d887f613256e4,1f2680a5b9065e708a7497adc53a95b108029b98,3.13.14,2026-07-18T18:30:38.515708+00:00
P02b_resource_aware_planners,P02b_resource_aware_planners:four_node:8fc7952551c8cc54:L2-R:5:p02b-intent,four_node,8fc7952551c8cc54,5,p02b-intent,L2-R,iterative_resource_aware,10,10,0.65,0.05,1e-05,,0,False,TARGET_FIDELITY_UNREACHABLE,,,,0,8.9e-05,REJECTED,,,,,,,d6023524cac9554649e8b9b6c03d887f613256e4,1f2680a5b9065e708a7497adc53a95b108029b98,3.13.14,2026-07-18T18:30:38.517722+00:00
P02b_resource_aware_planners,P02b_resource_aware_planners:four_node:8fc7952551c8cc54:L2-R:6:p02b-intent,four_node,8fc7952551c8cc54,6,p02b-intent,L2-R,iterative_resource_aware,10,10,0.65,0.05,1e-05,,0,False,TARGET_FIDELITY_UNREACHABLE,,,,0,0.000127,REJECTED,,,,,,,d6023524cac9554649e8b9b6c03d887f613256e4,1f2680a5b9065e708a7497adc53a95b108029b98,3.13.14,2026-07-18T18:30:38.519913+00:00
P02b_resource_aware_planners,P02b_resource_aware_planners:four_node:8fc7952551c8cc54:L2-R:7:p02b-intent,four_node,8fc7952551c8cc54,7,p02b-intent,L2-R,iterative_resource_aware,10,10,0.65,0.05,1e-05,,0,False,TARGET_FIDELITY_UNREACHABLE,,,,0,9.5e-05,REJECTED,,,,,,,d6023524cac9554649e8b9b6c03d887f613256e4,1f2680a5b9065e708a7497adc53a95b108029b98,3.13.14,2026-07-18T18:30:38.522532+00:00
P02b_resource_aware_planners,P02b_resource_aware_planners:four_node:8fc7952551c8cc54:L2-R:8:p02b-intent,four_node,8fc7952551c8cc54,8,p02b-intent,L2-R,iterative_resource_aware,10,10,0.65,0.05,1e-05,,0,False,TARGET_FIDELITY_UNREACHABLE,,,,0,9.7e-05,REJECTED,,,,,,,d6023524cac9554649e8b9b6c03d887f613256e4,1f2680a5b9065e708a7497adc53a95b108029b98,3.13.14,2026-07-18T18:30:38.524767+00:00
P02b_resource_aware_planners,P02b_resource_aware_planners:four_node:8fc7952551c8cc54:L2-R:9:p02b-intent,four_node,8fc7952551c8cc54,9,p02b-intent,L2-R,iterative_resource_aware,10,10,0.65,0.05,1e-05,,0,False,TARGET_FIDELITY_UNREACHABLE,,,,0,9.9e-05,REJECTED,,,,,,,d6023524cac9554649e8b9b6c03d887f613256e4,1f2680a5b9065e708a7497adc53a95b108029b98,3.13.14,2026-07-18T18:30:38.527390+00:00
P02b_resource_aware_planners,P02b_resource_aware_planners:four_node:8fc7952551c8cc54:L3:0:p02b-intent,four_node,8fc7952551c8cc54,0,p02b-intent,L3,probabilistic,10,10,0.65,0.05,1e-05,a -> r1 -> r2 -> b,3,True,,0.0,310.34876513154177,0.5542478124999999,0,0.002105,VIOLATED,False,0,,,,1.820809,d6023524cac9554649e8b9b6c03d887f613256e4,1f2680a5b9065e708a7497adc53a95b108029b98,3.13.14,2026-07-18T18:30:40.355936+00:00
P02b_resource_aware_planners,P02b_resource_aware_planners:four_node:8fc7952551c8cc54:L3:1:p02b-intent,four_node,8fc7952551c8cc54,1,p02b-intent,L3,probabilistic,10,10,0.65,0.05,1e-05,a -> r1 -> r2 -> b,3,True,,0.0,310.34876513154177,0.5542478124999999,0,0.000502,VIOLATED,False,1,0.6653170884826755,0.6653170884826755,0.11106927598267557,3.860389,d6023524cac9554649e8b9b6c03d887f613256e4,1f2680a5b9065e708a7497adc53a95b108029b98,3.13.14,2026-07-18T18:30:44.223333+00:00
P02b_resource_aware_planners,P02b_resource_aware_planners:four_node:8fc7952551c8cc54:L3:2:p02b-intent,four_node,8fc7952551c8cc54,2,p02b-intent,L3,probabilistic,10,10,0.65,0.05,1e-05,a -> r1 -> r2 -> b,3,True,,0.0,310.34876513154177,0.5542478124999999,0,0.000552,VIOLATED,False,1,0.6653170884826755,0.6653170884826755,0.11106927598267557,3.32749,d6023524cac9554649e8b9b6c03d887f613256e4,1f2680a5b9065e708a7497adc53a95b108029b98,3.13.14,2026-07-18T18:30:47.559070+00:00
P02b_resource_aware_planners,P02b_resource_aware_planners:four_node:8fc7952551c8cc54:L3:3:p02b-intent,four_node,8fc7952551c8cc54,3,p02b-intent,L3,probabilistic,10,10,0.65,0.05,1e-05,a -> r1 -> r2 -> b,3,True,,0.0,310.34876513154177,0.5542478124999999,0,0.000715,VIOLATED,False,0,,,,3.045266,d6023524cac9554649e8b9b6c03d887f613256e4,1f2680a5b9065e708a7497adc53a95b108029b98,3.13.14,2026-07-18T18:30:50.616956+00:00
P02b_resource_aware_planners,P02b_resource_aware_planners:four_node:8fc7952551c8cc54:L3:4:p02b-intent,four_node,8fc7952551c8cc54,4,p02b-intent,L3,probabilistic,10,10,0.65,0.05,1e-05,a -> r1 -> r2 -> b,3,True,,0.0,310.34876513154177,0.5542478124999999,0,0.000485,VIOLATED,False,1,0.6653170884826755,0.6653170884826755,0.11106927598267557,2.882756,d6023524cac9554649e8b9b6c03d887f613256e4,1f2680a5b9065e708a7497adc53a95b108029b98,3.13.14,2026-07-18T18:30:53.507134+00:00
P02b_resource_aware_planners,P02b_resource_aware_planners:four_node:8fc7952551c8cc54:L3:5:p02b-intent,four_node,8fc7952551c8cc54,5,p02b-intent,L3,probabilistic,10,10,0.65,0.05,1e-05,a -> r1 -> r2 -> b,3,True,,0.0,310.34876513154177,0.5542478124999999,0,0.001006,VIOLATED,False,0,,,,3.248928,d6023524cac9554649e8b9b6c03d887f613256e4,1f2680a5b9065e708a7497adc53a95b108029b98,3.13.14,2026-07-18T18:30:56.770241+00:00
P02b_resource_aware_planners,P02b_resource_aware_planners:four_node:8fc7952551c8cc54:L3:6:p02b-intent,four_node,8fc7952551c8cc54,6,p02b-intent,L3,probabilistic,10,10,0.65,0.05,1e-05,a -> r1 -> r2 -> b,3,True,,0.0,310.34876513154177,0.5542478124999999,0,0.001116,VIOLATED,False,1,0.6653170884826755,0.6653170884826755,0.11106927598267557,3.613442,d6023524cac9554649e8b9b6c03d887f613256e4,1f2680a5b9065e708a7497adc53a95b108029b98,3.13.14,2026-07-18T18:31:00.397106+00:00
P02b_resource_aware_planners,P02b_resource_aware_planners:four_node:8fc7952551c8cc54:L3:7:p02b-intent,four_node,8fc7952551c8cc54,7,p02b-intent,L3,probabilistic,10,10,0.65,0.05,1e-05,a -> r1 -> r2 -> b,3,True,,0.0,310.34876513154177,0.5542478124999999,0,0.001231,VIOLATED,False,1,0.6653170884826755,0.6653170884826755,0.11106927598267557,2.455812,d6023524cac9554649e8b9b6c03d887f613256e4,1f2680a5b9065e708a7497adc53a95b108029b98,3.13.14,2026-07-18T18:31:02.868029+00:00
P02b_resource_aware_planners,P02b_resource_aware_planners:four_node:8fc7952551c8cc54:L3:8:p02b-intent,four_node,8fc7952551c8cc54,8,p02b-intent,L3,probabilistic,10,10,0.65,0.05,1e-05,a -> r1 -> r2 -> b,3,True,,0.0,310.34876513154177,0.5542478124999999,0,0.001474,VIOLATED,False,1,0.6653170884826755,0.6653170884826755,0.11106927598267557,3.191058,d6023524cac9554649e8b9b6c03d887f613256e4,1f2680a5b9065e708a7497adc53a95b108029b98,3.13.14,2026-07-18T18:31:06.078930+00:00
P02b_resource_aware_planners,P02b_resource_aware_planners:four_node:8fc7952551c8cc54:L3:9:p02b-intent,four_node,8fc7952551c8cc54,9,p02b-intent,L3,probabilistic,10,10,0.65,0.05,1e-05,a -> r1 -> r2 -> b,3,True,,0.0,310.34876513154177,0.5542478124999999,0,0.000606,VIOLATED,False,1,0.6653170884826755,0.6653170884826755,0.11106927598267557,2.74838,d6023524cac9554649e8b9b6c03d887f613256e4,1f2680a5b9065e708a7497adc53a95b108029b98,3.13.14,2026-07-18T18:31:08.835553+00:00
P02b_resource_aware_planners,P02b_resource_aware_planners:four_node:8fc7952551c8cc54:L3-R:0:p02b-intent,four_node,8fc7952551c8cc54,0,p02b-intent,L3-R,probabilistic_resource_aware,10,10,0.65,0.05,1e-05,a -> r1 -> r2 -> b,3,True,,0.0,41.37983535087224,0.5542478124999999,0,0.001221,VIOLATED,False,0,,,,2.122929,d6023524cac9554649e8b9b6c03d887f613256e4,1f2680a5b9065e708a7497adc53a95b108029b98,3.13.14,2026-07-18T18:31:10.969511+00:00
P02b_resource_aware_planners,P02b_resource_aware_planners:four_node:8fc7952551c8cc54:L3-R:1:p02b-intent,four_node,8fc7952551c8cc54,1,p02b-intent,L3-R,probabilistic_resource_aware,10,10,0.65,0.05,1e-05,a -> r1 -> r2 -> b,3,True,,0.0,41.37983535087224,0.5542478124999999,0,0.000716,VIOLATED,False,1,0.6653170884826755,0.6653170884826755,0.11106927598267557,2.883866,d6023524cac9554649e8b9b6c03d887f613256e4,1f2680a5b9065e708a7497adc53a95b108029b98,3.13.14,2026-07-18T18:31:13.860762+00:00
P02b_resource_aware_planners,P02b_resource_aware_planners:four_node:8fc7952551c8cc54:L3-R:2:p02b-intent,four_node,8fc7952551c8cc54,2,p02b-intent,L3-R,probabilistic_resource_aware,10,10,0.65,0.05,1e-05,a -> r1 -> r2 -> b,3,True,,0.0,41.37983535087224,0.5542478124999999,0,0.00124,VIOLATED,False,1,0.6653170884826755,0.6653170884826755,0.11106927598267557,4.328118,d6023524cac9554649e8b9b6c03d887f613256e4,1f2680a5b9065e708a7497adc53a95b108029b98,3.13.14,2026-07-18T18:31:18.202205+00:00
P02b_resource_aware_planners,P02b_resource_aware_planners:four_node:8fc7952551c8cc54:L3-R:3:p02b-intent,four_node,8fc7952551c8cc54,3,p02b-intent,L3-R,probabilistic_resource_aware,10,10,0.65,0.05,1e-05,a -> r1 -> r2 -> b,3,True,,0.0,41.37983535087224,0.5542478124999999,0,0.000572,VIOLATED,False,0,,,,2.619349,d6023524cac9554649e8b9b6c03d887f613256e4,1f2680a5b9065e708a7497adc53a95b108029b98,3.13.14,2026-07-18T18:31:20.829277+00:00
P02b_resource_aware_planners,P02b_resource_aware_planners:four_node:8fc7952551c8cc54:L3-R:4:p02b-intent,four_node,8fc7952551c8cc54,4,p02b-intent,L3-R,probabilistic_resource_aware,10,10,0.65,0.05,1e-05,a -> r1 -> r2 -> b,3,True,,0.0,41.37983535087224,0.5542478124999999,0,0.000591,VIOLATED,False,1,0.6653170884826755,0.6653170884826755,0.11106927598267557,2.389645,d6023524cac9554649e8b9b6c03d887f613256e4,1f2680a5b9065e708a7497adc53a95b108029b98,3.13.14,2026-07-18T18:31:23.228264+00:00
P02b_resource_aware_planners,P02b_resource_aware_planners:four_node:8fc7952551c8cc54:L3-R:5:p02b-intent,four_node,8fc7952551c8cc54,5,p02b-intent,L3-R,probabilistic_resource_aware,10,10,0.65,0.05,1e-05,a -> r1 -> r2 -> b,3,True,,0.0,41.37983535087224,0.5542478124999999,0,0.000504,VIOLATED,False,0,,,,1.937755,d6023524cac9554649e8b9b6c03d887f613256e4,1f2680a5b9065e708a7497adc53a95b108029b98,3.13.14,2026-07-18T18:31:25.172320+00:00
P02b_resource_aware_planners,P02b_resource_aware_planners:four_node:8fc7952551c8cc54:L3-R:6:p02b-intent,four_node,8fc7952551c8cc54,6,p02b-intent,L3-R,probabilistic_resource_aware,10,10,0.65,0.05,1e-05,a -> r1 -> r2 -> b,3,True,,0.0,41.37983535087224,0.5542478124999999,0,0.000535,VIOLATED,False,1,0.6653170884826755,0.6653170884826755,0.11106927598267557,1.736304,d6023524cac9554649e8b9b6c03d887f613256e4,1f2680a5b9065e708a7497adc53a95b108029b98,3.13.14,2026-07-18T18:31:26.916223+00:00
P02b_resource_aware_planners,P02b_resource_aware_planners:four_node:8fc7952551c8cc54:L3-R:7:p02b-intent,four_node,8fc7952551c8cc54,7,p02b-intent,L3-R,probabilistic_resource_aware,10,10,0.65,0.05,1e-05,a -> r1 -> r2 -> b,3,True,,0.0,41.37983535087224,0.5542478124999999,0,0.000528,VIOLATED,False,1,0.6653170884826755,0.6653170884826755,0.11106927598267557,4.473767,d6023524cac9554649e8b9b6c03d887f613256e4,1f2680a5b9065e708a7497adc53a95b108029b98,3.13.14,2026-07-18T18:31:31.399010+00:00
P02b_resource_aware_planners,P02b_resource_aware_planners:four_node:8fc7952551c8cc54:L3-R:8:p02b-intent,four_node,8fc7952551c8cc54,8,p02b-intent,L3-R,probabilistic_resource_aware,10,10,0.65,0.05,1e-05,a -> r1 -> r2 -> b,3,True,,0.0,41.37983535087224,0.5542478124999999,0,0.001102,VIOLATED,False,1,0.6653170884826755,0.6653170884826755,0.11106927598267557,5.932244,d6023524cac9554649e8b9b6c03d887f613256e4,1f2680a5b9065e708a7497adc53a95b108029b98,3.13.14,2026-07-18T18:31:37.349099+00:00
P02b_resource_aware_planners,P02b_resource_aware_planners:four_node:8fc7952551c8cc54:L3-R:9:p02b-intent,four_node,8fc7952551c8cc54,9,p02b-intent,L3-R,probabilistic_resource_aware,10,10,0.65,0.05,1e-05,a -> r1 -> r2 -> b,3,True,,0.0,41.37983535087224,0.5542478124999999,0,0.001065,VIOLATED,False,1,0.6653170884826755,0.6653170884826755,0.11106927598267557,9.045367,d6023524cac9554649e8b9b6c03d887f613256e4,1f2680a5b9065e708a7497adc53a95b108029b98,3.13.14,2026-07-18T18:31:46.410756+00:00
P02b_resource_aware_planners,P02b_resource_aware_planners:four_node:4068a95d9c69b1d7:L1:0:p02b-intent,four_node,4068a95d9c69b1d7,0,p02b-intent,L1,conservative_one_round,4,10,0.7,0.01,1e-05,,0,False,no candidate route is feasible: a->r1->r2->b (min_fidelity 0.700 exceeds the achievable estimate 0.565 (one-round static estimate (BBPSSWCircuit.improved_fidelity); SeQUeNCe's 'until_target' mode may run a different number of rounds at execution time)),,,,0,0.000768,REJECTED,,,,,,,d6023524cac9554649e8b9b6c03d887f613256e4,1f2680a5b9065e708a7497adc53a95b108029b98,3.13.14,2026-07-18T18:31:46.418892+00:00
P02b_resource_aware_planners,P02b_resource_aware_planners:four_node:4068a95d9c69b1d7:L1:1:p02b-intent,four_node,4068a95d9c69b1d7,1,p02b-intent,L1,conservative_one_round,4,10,0.7,0.01,1e-05,,0,False,no candidate route is feasible: a->r1->r2->b (min_fidelity 0.700 exceeds the achievable estimate 0.565 (one-round static estimate (BBPSSWCircuit.improved_fidelity); SeQUeNCe's 'until_target' mode may run a different number of rounds at execution time)),,,,0,0.000565,REJECTED,,,,,,,d6023524cac9554649e8b9b6c03d887f613256e4,1f2680a5b9065e708a7497adc53a95b108029b98,3.13.14,2026-07-18T18:31:46.426356+00:00
P02b_resource_aware_planners,P02b_resource_aware_planners:four_node:4068a95d9c69b1d7:L1:2:p02b-intent,four_node,4068a95d9c69b1d7,2,p02b-intent,L1,conservative_one_round,4,10,0.7,0.01,1e-05,,0,False,no candidate route is feasible: a->r1->r2->b (min_fidelity 0.700 exceeds the achievable estimate 0.565 (one-round static estimate (BBPSSWCircuit.improved_fidelity); SeQUeNCe's 'until_target' mode may run a different number of rounds at execution time)),,,,0,0.000381,REJECTED,,,,,,,d6023524cac9554649e8b9b6c03d887f613256e4,1f2680a5b9065e708a7497adc53a95b108029b98,3.13.14,2026-07-18T18:31:46.434118+00:00
P02b_resource_aware_planners,P02b_resource_aware_planners:four_node:4068a95d9c69b1d7:L1:3:p02b-intent,four_node,4068a95d9c69b1d7,3,p02b-intent,L1,conservative_one_round,4,10,0.7,0.01,1e-05,,0,False,no candidate route is feasible: a->r1->r2->b (min_fidelity 0.700 exceeds the achievable estimate 0.565 (one-round static estimate (BBPSSWCircuit.improved_fidelity); SeQUeNCe's 'until_target' mode may run a different number of rounds at execution time)),,,,0,0.000861,REJECTED,,,,,,,d6023524cac9554649e8b9b6c03d887f613256e4,1f2680a5b9065e708a7497adc53a95b108029b98,3.13.14,2026-07-18T18:31:46.441112+00:00
P02b_resource_aware_planners,P02b_resource_aware_planners:four_node:4068a95d9c69b1d7:L1:4:p02b-intent,four_node,4068a95d9c69b1d7,4,p02b-intent,L1,conservative_one_round,4,10,0.7,0.01,1e-05,,0,False,no candidate route is feasible: a->r1->r2->b (min_fidelity 0.700 exceeds the achievable estimate 0.565 (one-round static estimate (BBPSSWCircuit.improved_fidelity); SeQUeNCe's 'until_target' mode may run a different number of rounds at execution time)),,,,0,0.000386,REJECTED,,,,,,,d6023524cac9554649e8b9b6c03d887f613256e4,1f2680a5b9065e708a7497adc53a95b108029b98,3.13.14,2026-07-18T18:31:46.447557+00:00
P02b_resource_aware_planners,P02b_resource_aware_planners:four_node:4068a95d9c69b1d7:L1:5:p02b-intent,four_node,4068a95d9c69b1d7,5,p02b-intent,L1,conservative_one_round,4,10,0.7,0.01,1e-05,,0,False,no candidate route is feasible: a->r1->r2->b (min_fidelity 0.700 exceeds the achievable estimate 0.565 (one-round static estimate (BBPSSWCircuit.improved_fidelity); SeQUeNCe's 'until_target' mode may run a different number of rounds at execution time)),,,,0,0.000392,REJECTED,,,,,,,d6023524cac9554649e8b9b6c03d887f613256e4,1f2680a5b9065e708a7497adc53a95b108029b98,3.13.14,2026-07-18T18:31:46.453660+00:00
P02b_resource_aware_planners,P02b_resource_aware_planners:four_node:4068a95d9c69b1d7:L1:6:p02b-intent,four_node,4068a95d9c69b1d7,6,p02b-intent,L1,conservative_one_round,4,10,0.7,0.01,1e-05,,0,False,no candidate route is feasible: a->r1->r2->b (min_fidelity 0.700 exceeds the achievable estimate 0.565 (one-round static estimate (BBPSSWCircuit.improved_fidelity); SeQUeNCe's 'until_target' mode may run a different number of rounds at execution time)),,,,0,0.000596,REJECTED,,,,,,,d6023524cac9554649e8b9b6c03d887f613256e4,1f2680a5b9065e708a7497adc53a95b108029b98,3.13.14,2026-07-18T18:31:46.460157+00:00
P02b_resource_aware_planners,P02b_resource_aware_planners:four_node:4068a95d9c69b1d7:L1:7:p02b-intent,four_node,4068a95d9c69b1d7,7,p02b-intent,L1,conservative_one_round,4,10,0.7,0.01,1e-05,,0,False,no candidate route is feasible: a->r1->r2->b (min_fidelity 0.700 exceeds the achievable estimate 0.565 (one-round static estimate (BBPSSWCircuit.improved_fidelity); SeQUeNCe's 'until_target' mode may run a different number of rounds at execution time)),,,,0,0.000418,REJECTED,,,,,,,d6023524cac9554649e8b9b6c03d887f613256e4,1f2680a5b9065e708a7497adc53a95b108029b98,3.13.14,2026-07-18T18:31:46.467479+00:00
P02b_resource_aware_planners,P02b_resource_aware_planners:four_node:4068a95d9c69b1d7:L1:8:p02b-intent,four_node,4068a95d9c69b1d7,8,p02b-intent,L1,conservative_one_round,4,10,0.7,0.01,1e-05,,0,False,no candidate route is feasible: a->r1->r2->b (min_fidelity 0.700 exceeds the achievable estimate 0.565 (one-round static estimate (BBPSSWCircuit.improved_fidelity); SeQUeNCe's 'until_target' mode may run a different number of rounds at execution time)),,,,0,0.000365,REJECTED,,,,,,,d6023524cac9554649e8b9b6c03d887f613256e4,1f2680a5b9065e708a7497adc53a95b108029b98,3.13.14,2026-07-18T18:31:46.473066+00:00
P02b_resource_aware_planners,P02b_resource_aware_planners:four_node:4068a95d9c69b1d7:L1:9:p02b-intent,four_node,4068a95d9c69b1d7,9,p02b-intent,L1,conservative_one_round,4,10,0.7,0.01,1e-05,,0,False,no candidate route is feasible: a->r1->r2->b (min_fidelity 0.700 exceeds the achievable estimate 0.565 (one-round static estimate (BBPSSWCircuit.improved_fidelity); SeQUeNCe's 'until_target' mode may run a different number of rounds at execution time)),,,,0,0.000406,REJECTED,,,,,,,d6023524cac9554649e8b9b6c03d887f613256e4,1f2680a5b9065e708a7497adc53a95b108029b98,3.13.14,2026-07-18T18:31:46.479961+00:00
P02b_resource_aware_planners,P02b_resource_aware_planners:four_node:4068a95d9c69b1d7:L2:0:p02b-intent,four_node,4068a95d9c69b1d7,0,p02b-intent,L2,iterative_analytical,4,10,0.7,0.01,1e-05,a -> r1 -> r2 -> b,3,True,,,,0.731541215616411,8,0.000524,VIOLATED,False,0,,,,0.34146,d6023524cac9554649e8b9b6c03d887f613256e4,1f2680a5b9065e708a7497adc53a95b108029b98,3.13.14,2026-07-18T18:31:46.836155+00:00
P02b_resource_aware_planners,P02b_resource_aware_planners:four_node:4068a95d9c69b1d7:L2:1:p02b-intent,four_node,4068a95d9c69b1d7,1,p02b-intent,L2,iterative_analytical,4,10,0.7,0.01,1e-05,a -> r1 -> r2 -> b,3,True,,,,0.731541215616411,8,0.000833,VIOLATED,False,0,,,,0.354433,d6023524cac9554649e8b9b6c03d887f613256e4,1f2680a5b9065e708a7497adc53a95b108029b98,3.13.14,2026-07-18T18:31:47.208437+00:00
P02b_resource_aware_planners,P02b_resource_aware_planners:four_node:4068a95d9c69b1d7:L2:2:p02b-intent,four_node,4068a95d9c69b1d7,2,p02b-intent,L2,iterative_analytical,4,10,0.7,0.01,1e-05,a -> r1 -> r2 -> b,3,True,,,,0.731541215616411,8,0.000516,VIOLATED,False,0,,,,0.352347,d6023524cac9554649e8b9b6c03d887f613256e4,1f2680a5b9065e708a7497adc53a95b108029b98,3.13.14,2026-07-18T18:31:47.573424+00:00
P02b_resource_aware_planners,P02b_resource_aware_planners:four_node:4068a95d9c69b1d7:L2:3:p02b-intent,four_node,4068a95d9c69b1d7,3,p02b-intent,L2,iterative_analytical,4,10,0.7,0.01,1e-05,a -> r1 -> r2 -> b,3,True,,,,0.731541215616411,8,0.000583,VIOLATED,False,0,,,,0.367433,d6023524cac9554649e8b9b6c03d887f613256e4,1f2680a5b9065e708a7497adc53a95b108029b98,3.13.14,2026-07-18T18:31:47.952618+00:00
P02b_resource_aware_planners,P02b_resource_aware_planners:four_node:4068a95d9c69b1d7:L2:4:p02b-intent,four_node,4068a95d9c69b1d7,4,p02b-intent,L2,iterative_analytical,4,10,0.7,0.01,1e-05,a -> r1 -> r2 -> b,3,True,,,,0.731541215616411,8,0.000858,VIOLATED,False,0,,,,0.512561,d6023524cac9554649e8b9b6c03d887f613256e4,1f2680a5b9065e708a7497adc53a95b108029b98,3.13.14,2026-07-18T18:31:48.478282+00:00
P02b_resource_aware_planners,P02b_resource_aware_planners:four_node:4068a95d9c69b1d7:L2:5:p02b-intent,four_node,4068a95d9c69b1d7,5,p02b-intent,L2,iterative_analytical,4,10,0.7,0.01,1e-05,a -> r1 -> r2 -> b,3,True,,,,0.731541215616411,8,0.000879,VIOLATED,False,0,,,,0.593254,d6023524cac9554649e8b9b6c03d887f613256e4,1f2680a5b9065e708a7497adc53a95b108029b98,3.13.14,2026-07-18T18:31:49.092570+00:00
P02b_resource_aware_planners,P02b_resource_aware_planners:four_node:4068a95d9c69b1d7:L2:6:p02b-intent,four_node,4068a95d9c69b1d7,6,p02b-intent,L2,iterative_analytical,4,10,0.7,0.01,1e-05,a -> r1 -> r2 -> b,3,True,,,,0.731541215616411,8,0.000525,VIOLATED,False,0,,,,0.537296,d6023524cac9554649e8b9b6c03d887f613256e4,1f2680a5b9065e708a7497adc53a95b108029b98,3.13.14,2026-07-18T18:31:49.656928+00:00
P02b_resource_aware_planners,P02b_resource_aware_planners:four_node:4068a95d9c69b1d7:L2:7:p02b-intent,four_node,4068a95d9c69b1d7,7,p02b-intent,L2,iterative_analytical,4,10,0.7,0.01,1e-05,a -> r1 -> r2 -> b,3,True,,,,0.731541215616411,8,0.000982,VIOLATED,False,0,,,,1.818967,d6023524cac9554649e8b9b6c03d887f613256e4,1f2680a5b9065e708a7497adc53a95b108029b98,3.13.14,2026-07-18T18:31:51.503677+00:00
P02b_resource_aware_planners,P02b_resource_aware_planners:four_node:4068a95d9c69b1d7:L2:8:p02b-intent,four_node,4068a95d9c69b1d7,8,p02b-intent,L2,iterative_analytical,4,10,0.7,0.01,1e-05,a -> r1 -> r2 -> b,3,True,,,,0.731541215616411,8,0.001082,VIOLATED,False,0,,,,0.959652,d6023524cac9554649e8b9b6c03d887f613256e4,1f2680a5b9065e708a7497adc53a95b108029b98,3.13.14,2026-07-18T18:31:52.492649+00:00
P02b_resource_aware_planners,P02b_resource_aware_planners:four_node:4068a95d9c69b1d7:L2:9:p02b-intent,four_node,4068a95d9c69b1d7,9,p02b-intent,L2,iterative_analytical,4,10,0.7,0.01,1e-05,a -> r1 -> r2 -> b,3,True,,,,0.731541215616411,8,0.001977,VIOLATED,False,0,,,,0.498424,d6023524cac9554649e8b9b6c03d887f613256e4,1f2680a5b9065e708a7497adc53a95b108029b98,3.13.14,2026-07-18T18:31:53.022706+00:00
P02b_resource_aware_planners,P02b_resource_aware_planners:four_node:4068a95d9c69b1d7:L2-R:0:p02b-intent,four_node,4068a95d9c69b1d7,0,p02b-intent,L2-R,iterative_resource_aware,4,10,0.7,0.01,1e-05,,0,False,DELIVERY_TARGET_EXCEEDS_WINDOW,,,,0,0.000238,REJECTED,,,,,,,d6023524cac9554649e8b9b6c03d887f613256e4,1f2680a5b9065e708a7497adc53a95b108029b98,3.13.14,2026-07-18T18:31:53.028804+00:00
P02b_resource_aware_planners,P02b_resource_aware_planners:four_node:4068a95d9c69b1d7:L2-R:1:p02b-intent,four_node,4068a95d9c69b1d7,1,p02b-intent,L2-R,iterative_resource_aware,4,10,0.7,0.01,1e-05,,0,False,DELIVERY_TARGET_EXCEEDS_WINDOW,,,,0,0.000266,REJECTED,,,,,,,d6023524cac9554649e8b9b6c03d887f613256e4,1f2680a5b9065e708a7497adc53a95b108029b98,3.13.14,2026-07-18T18:31:53.034688+00:00
P02b_resource_aware_planners,P02b_resource_aware_planners:four_node:4068a95d9c69b1d7:L2-R:2:p02b-intent,four_node,4068a95d9c69b1d7,2,p02b-intent,L2-R,iterative_resource_aware,4,10,0.7,0.01,1e-05,,0,False,DELIVERY_TARGET_EXCEEDS_WINDOW,,,,0,0.000222,REJECTED,,,,,,,d6023524cac9554649e8b9b6c03d887f613256e4,1f2680a5b9065e708a7497adc53a95b108029b98,3.13.14,2026-07-18T18:31:53.039594+00:00
P02b_resource_aware_planners,P02b_resource_aware_planners:four_node:4068a95d9c69b1d7:L2-R:3:p02b-intent,four_node,4068a95d9c69b1d7,3,p02b-intent,L2-R,iterative_resource_aware,4,10,0.7,0.01,1e-05,,0,False,DELIVERY_TARGET_EXCEEDS_WINDOW,,,,0,0.000207,REJECTED,,,,,,,d6023524cac9554649e8b9b6c03d887f613256e4,1f2680a5b9065e708a7497adc53a95b108029b98,3.13.14,2026-07-18T18:31:53.044412+00:00
P02b_resource_aware_planners,P02b_resource_aware_planners:four_node:4068a95d9c69b1d7:L2-R:4:p02b-intent,four_node,4068a95d9c69b1d7,4,p02b-intent,L2-R,iterative_resource_aware,4,10,0.7,0.01,1e-05,,0,False,DELIVERY_TARGET_EXCEEDS_WINDOW,,,,0,0.000279,REJECTED,,,,,,,d6023524cac9554649e8b9b6c03d887f613256e4,1f2680a5b9065e708a7497adc53a95b108029b98,3.13.14,2026-07-18T18:31:53.049448+00:00
P02b_resource_aware_planners,P02b_resource_aware_planners:four_node:4068a95d9c69b1d7:L2-R:5:p02b-intent,four_node,4068a95d9c69b1d7,5,p02b-intent,L2-R,iterative_resource_aware,4,10,0.7,0.01,1e-05,,0,False,DELIVERY_TARGET_EXCEEDS_WINDOW,,,,0,0.000227,REJECTED,,,,,,,d6023524cac9554649e8b9b6c03d887f613256e4,1f2680a5b9065e708a7497adc53a95b108029b98,3.13.14,2026-07-18T18:31:53.054954+00:00
P02b_resource_aware_planners,P02b_resource_aware_planners:four_node:4068a95d9c69b1d7:L2-R:6:p02b-intent,four_node,4068a95d9c69b1d7,6,p02b-intent,L2-R,iterative_resource_aware,4,10,0.7,0.01,1e-05,,0,False,DELIVERY_TARGET_EXCEEDS_WINDOW,,,,0,0.000242,REJECTED,,,,,,,d6023524cac9554649e8b9b6c03d887f613256e4,1f2680a5b9065e708a7497adc53a95b108029b98,3.13.14,2026-07-18T18:31:53.060067+00:00
P02b_resource_aware_planners,P02b_resource_aware_planners:four_node:4068a95d9c69b1d7:L2-R:7:p02b-intent,four_node,4068a95d9c69b1d7,7,p02b-intent,L2-R,iterative_resource_aware,4,10,0.7,0.01,1e-05,,0,False,DELIVERY_TARGET_EXCEEDS_WINDOW,,,,0,0.000258,REJECTED,,,,,,,d6023524cac9554649e8b9b6c03d887f613256e4,1f2680a5b9065e708a7497adc53a95b108029b98,3.13.14,2026-07-18T18:31:53.065677+00:00
P02b_resource_aware_planners,P02b_resource_aware_planners:four_node:4068a95d9c69b1d7:L2-R:8:p02b-intent,four_node,4068a95d9c69b1d7,8,p02b-intent,L2-R,iterative_resource_aware,4,10,0.7,0.01,1e-05,,0,False,DELIVERY_TARGET_EXCEEDS_WINDOW,,,,0,0.000381,REJECTED,,,,,,,d6023524cac9554649e8b9b6c03d887f613256e4,1f2680a5b9065e708a7497adc53a95b108029b98,3.13.14,2026-07-18T18:31:53.070675+00:00
P02b_resource_aware_planners,P02b_resource_aware_planners:four_node:4068a95d9c69b1d7:L2-R:9:p02b-intent,four_node,4068a95d9c69b1d7,9,p02b-intent,L2-R,iterative_resource_aware,4,10,0.7,0.01,1e-05,,0,False,DELIVERY_TARGET_EXCEEDS_WINDOW,,,,0,0.000355,REJECTED,,,,,,,d6023524cac9554649e8b9b6c03d887f613256e4,1f2680a5b9065e708a7497adc53a95b108029b98,3.13.14,2026-07-18T18:31:53.079402+00:00
P02b_resource_aware_planners,P02b_resource_aware_planners:four_node:4068a95d9c69b1d7:L3:0:p02b-intent,four_node,4068a95d9c69b1d7,0,p02b-intent,L3,probabilistic,4,10,0.7,0.01,1e-05,a -> r1 -> r2 -> b,3,True,,4.222366776365151e-34,0.0020826396076948322,0.731541215616411,8,0.001411,VIOLATED,False,0,,,,0.324458,d6023524cac9554649e8b9b6c03d887f613256e4,1f2680a5b9065e708a7497adc53a95b108029b98,3.13.14,2026-07-18T18:31:53.420723+00:00
P02b_resource_aware_planners,P02b_resource_aware_planners:four_node:4068a95d9c69b1d7:L3:1:p02b-intent,four_node,4068a95d9c69b1d7,1,p02b-intent,L3,probabilistic,4,10,0.7,0.01,1e-05,a -> r1 -> r2 -> b,3,True,,4.222366776365151e-34,0.0020826396076948322,0.731541215616411,8,0.001691,VIOLATED,False,0,,,,0.358699,d6023524cac9554649e8b9b6c03d887f613256e4,1f2680a5b9065e708a7497adc53a95b108029b98,3.13.14,2026-07-18T18:31:53.794732+00:00
P02b_resource_aware_planners,P02b_resource_aware_planners:four_node:4068a95d9c69b1d7:L3:2:p02b-intent,four_node,4068a95d9c69b1d7,2,p02b-intent,L3,probabilistic,4,10,0.7,0.01,1e-05,a -> r1 -> r2 -> b,3,True,,4.222366776365151e-34,0.0020826396076948322,0.731541215616411,8,0.000986,VIOLATED,False,0,,,,0.415625,d6023524cac9554649e8b9b6c03d887f613256e4,1f2680a5b9065e708a7497adc53a95b108029b98,3.13.14,2026-07-18T18:31:54.222806+00:00
P02b_resource_aware_planners,P02b_resource_aware_planners:four_node:4068a95d9c69b1d7:L3:3:p02b-intent,four_node,4068a95d9c69b1d7,3,p02b-intent,L3,probabilistic,4,10,0.7,0.01,1e-05,a -> r1 -> r2 -> b,3,True,,4.222366776365151e-34,0.0020826396076948322,0.731541215616411,8,0.000983,VIOLATED,False,0,,,,0.38431,d6023524cac9554649e8b9b6c03d887f613256e4,1f2680a5b9065e708a7497adc53a95b108029b98,3.13.14,2026-07-18T18:31:54.621263+00:00
P02b_resource_aware_planners,P02b_resource_aware_planners:four_node:4068a95d9c69b1d7:L3:4:p02b-intent,four_node,4068a95d9c69b1d7,4,p02b-intent,L3,probabilistic,4,10,0.7,0.01,1e-05,a -> r1 -> r2 -> b,3,True,,4.222366776365151e-34,0.0020826396076948322,0.731541215616411,8,0.001132,VIOLATED,False,0,,,,0.375605,d6023524cac9554649e8b9b6c03d887f613256e4,1f2680a5b9065e708a7497adc53a95b108029b98,3.13.14,2026-07-18T18:31:55.013220+00:00
P02b_resource_aware_planners,P02b_resource_aware_planners:four_node:4068a95d9c69b1d7:L3:5:p02b-intent,four_node,4068a95d9c69b1d7,5,p02b-intent,L3,probabilistic,4,10,0.7,0.01,1e-05,a -> r1 -> r2 -> b,3,True,,4.222366776365151e-34,0.0020826396076948322,0.731541215616411,8,0.001026,VIOLATED,False,0,,,,0.476716,d6023524cac9554649e8b9b6c03d887f613256e4,1f2680a5b9065e708a7497adc53a95b108029b98,3.13.14,2026-07-18T18:31:55.504598+00:00
P02b_resource_aware_planners,P02b_resource_aware_planners:four_node:4068a95d9c69b1d7:L3:6:p02b-intent,four_node,4068a95d9c69b1d7,6,p02b-intent,L3,probabilistic,4,10,0.7,0.01,1e-05,a -> r1 -> r2 -> b,3,True,,4.222366776365151e-34,0.0020826396076948322,0.731541215616411,8,0.001241,VIOLATED,False,0,,,,0.511823,d6023524cac9554649e8b9b6c03d887f613256e4,1f2680a5b9065e708a7497adc53a95b108029b98,3.13.14,2026-07-18T18:31:56.034555+00:00
P02b_resource_aware_planners,P02b_resource_aware_planners:four_node:4068a95d9c69b1d7:L3:7:p02b-intent,four_node,4068a95d9c69b1d7,7,p02b-intent,L3,probabilistic,4,10,0.7,0.01,1e-05,a -> r1 -> r2 -> b,3,True,,4.222366776365151e-34,0.0020826396076948322,0.731541215616411,8,0.001782,VIOLATED,False,0,,,,0.543416,d6023524cac9554649e8b9b6c03d887f613256e4,1f2680a5b9065e708a7497adc53a95b108029b98,3.13.14,2026-07-18T18:31:56.595590+00:00
P02b_resource_aware_planners,P02b_resource_aware_planners:four_node:4068a95d9c69b1d7:L3:8:p02b-intent,four_node,4068a95d9c69b1d7,8,p02b-intent,L3,probabilistic,4,10,0.7,0.01,1e-05,a -> r1 -> r2 -> b,3,True,,4.222366776365151e-34,0.0020826396076948322,0.731541215616411,8,0.001115,VIOLATED,False,0,,,,0.404053,d6023524cac9554649e8b9b6c03d887f613256e4,1f2680a5b9065e708a7497adc53a95b108029b98,3.13.14,2026-07-18T18:31:57.013172+00:00
P02b_resource_aware_planners,P02b_resource_aware_planners:four_node:4068a95d9c69b1d7:L3:9:p02b-intent,four_node,4068a95d9c69b1d7,9,p02b-intent,L3,probabilistic,4,10,0.7,0.01,1e-05,a -> r1 -> r2 -> b,3,True,,4.222366776365151e-34,0.0020826396076948322,0.731541215616411,8,0.000971,VIOLATED,False,0,,,,0.370516,d6023524cac9554649e8b9b6c03d887f613256e4,1f2680a5b9065e708a7497adc53a95b108029b98,3.13.14,2026-07-18T18:31:57.397940+00:00
P02b_resource_aware_planners,P02b_resource_aware_planners:four_node:4068a95d9c69b1d7:L3-R:0:p02b-intent,four_node,4068a95d9c69b1d7,0,p02b-intent,L3-R,probabilistic_resource_aware,4,10,0.7,0.01,1e-05,a -> r1 -> r2 -> b,3,True,,7.510276650645426e-43,0.00027768528102597767,0.731541215616411,8,0.001266,VIOLATED,False,0,,,,0.368145,d6023524cac9554649e8b9b6c03d887f613256e4,1f2680a5b9065e708a7497adc53a95b108029b98,3.13.14,2026-07-18T18:31:57.781037+00:00
P02b_resource_aware_planners,P02b_resource_aware_planners:four_node:4068a95d9c69b1d7:L3-R:1:p02b-intent,four_node,4068a95d9c69b1d7,1,p02b-intent,L3-R,probabilistic_resource_aware,4,10,0.7,0.01,1e-05,a -> r1 -> r2 -> b,3,True,,7.510276650645426e-43,0.00027768528102597767,0.731541215616411,8,0.001226,VIOLATED,False,0,,,,0.374171,d6023524cac9554649e8b9b6c03d887f613256e4,1f2680a5b9065e708a7497adc53a95b108029b98,3.13.14,2026-07-18T18:31:58.170269+00:00
P02b_resource_aware_planners,P02b_resource_aware_planners:four_node:4068a95d9c69b1d7:L3-R:2:p02b-intent,four_node,4068a95d9c69b1d7,2,p02b-intent,L3-R,probabilistic_resource_aware,4,10,0.7,0.01,1e-05,a -> r1 -> r2 -> b,3,True,,7.510276650645426e-43,0.00027768528102597767,0.731541215616411,8,0.000945,VIOLATED,False,0,,,,0.333353,d6023524cac9554649e8b9b6c03d887f613256e4,1f2680a5b9065e708a7497adc53a95b108029b98,3.13.14,2026-07-18T18:31:58.520508+00:00
P02b_resource_aware_planners,P02b_resource_aware_planners:four_node:4068a95d9c69b1d7:L3-R:3:p02b-intent,four_node,4068a95d9c69b1d7,3,p02b-intent,L3-R,probabilistic_resource_aware,4,10,0.7,0.01,1e-05,a -> r1 -> r2 -> b,3,True,,7.510276650645426e-43,0.00027768528102597767,0.731541215616411,8,0.001108,VIOLATED,False,0,,,,0.411088,d6023524cac9554649e8b9b6c03d887f613256e4,1f2680a5b9065e708a7497adc53a95b108029b98,3.13.14,2026-07-18T18:31:58.945098+00:00
P02b_resource_aware_planners,P02b_resource_aware_planners:four_node:4068a95d9c69b1d7:L3-R:4:p02b-intent,four_node,4068a95d9c69b1d7,4,p02b-intent,L3-R,probabilistic_resource_aware,4,10,0.7,0.01,1e-05,a -> r1 -> r2 -> b,3,True,,7.510276650645426e-43,0.00027768528102597767,0.731541215616411,8,0.001151,VIOLATED,False,0,,,,0.36766,d6023524cac9554649e8b9b6c03d887f613256e4,1f2680a5b9065e708a7497adc53a95b108029b98,3.13.14,2026-07-18T18:31:59.325170+00:00
P02b_resource_aware_planners,P02b_resource_aware_planners:four_node:4068a95d9c69b1d7:L3-R:5:p02b-intent,four_node,4068a95d9c69b1d7,5,p02b-intent,L3-R,probabilistic_resource_aware,4,10,0.7,0.01,1e-05,a -> r1 -> r2 -> b,3,True,,7.510276650645426e-43,0.00027768528102597767,0.731541215616411,8,0.001071,VIOLATED,False,0,,,,0.376647,d6023524cac9554649e8b9b6c03d887f613256e4,1f2680a5b9065e708a7497adc53a95b108029b98,3.13.14,2026-07-18T18:31:59.716149+00:00
P02b_resource_aware_planners,P02b_resource_aware_planners:four_node:4068a95d9c69b1d7:L3-R:6:p02b-intent,four_node,4068a95d9c69b1d7,6,p02b-intent,L3-R,probabilistic_resource_aware,4,10,0.7,0.01,1e-05,a -> r1 -> r2 -> b,3,True,,7.510276650645426e-43,0.00027768528102597767,0.731541215616411,8,0.000926,VIOLATED,False,0,,,,0.348038,d6023524cac9554649e8b9b6c03d887f613256e4,1f2680a5b9065e708a7497adc53a95b108029b98,3.13.14,2026-07-18T18:32:00.080568+00:00
P02b_resource_aware_planners,P02b_resource_aware_planners:four_node:4068a95d9c69b1d7:L3-R:7:p02b-intent,four_node,4068a95d9c69b1d7,7,p02b-intent,L3-R,probabilistic_resource_aware,4,10,0.7,0.01,1e-05,a -> r1 -> r2 -> b,3,True,,7.510276650645426e-43,0.00027768528102597767,0.731541215616411,8,0.001129,VIOLATED,False,0,,,,0.463586,d6023524cac9554649e8b9b6c03d887f613256e4,1f2680a5b9065e708a7497adc53a95b108029b98,3.13.14,2026-07-18T18:32:00.560352+00:00
P02b_resource_aware_planners,P02b_resource_aware_planners:four_node:4068a95d9c69b1d7:L3-R:8:p02b-intent,four_node,4068a95d9c69b1d7,8,p02b-intent,L3-R,probabilistic_resource_aware,4,10,0.7,0.01,1e-05,a -> r1 -> r2 -> b,3,True,,7.510276650645426e-43,0.00027768528102597767,0.731541215616411,8,0.002354,VIOLATED,False,0,,,,0.370612,d6023524cac9554649e8b9b6c03d887f613256e4,1f2680a5b9065e708a7497adc53a95b108029b98,3.13.14,2026-07-18T18:32:00.955102+00:00
P02b_resource_aware_planners,P02b_resource_aware_planners:four_node:4068a95d9c69b1d7:L3-R:9:p02b-intent,four_node,4068a95d9c69b1d7,9,p02b-intent,L3-R,probabilistic_resource_aware,4,10,0.7,0.01,1e-05,a -> r1 -> r2 -> b,3,True,,7.510276650645426e-43,0.00027768528102597767,0.731541215616411,8,0.000799,VIOLATED,False,0,,,,0.346037,d6023524cac9554649e8b9b6c03d887f613256e4,1f2680a5b9065e708a7497adc53a95b108029b98,3.13.14,2026-07-18T18:32:01.315663+00:00
P02b_resource_aware_planners,P02b_resource_aware_planners:four_node:88ec40897f21da8d:L1:0:p02b-intent,four_node,88ec40897f21da8d,0,p02b-intent,L1,conservative_one_round,4,10,0.73,0.01,1e-05,,0,False,no candidate route is feasible: a->r1->r2->b (min_fidelity 0.730 exceeds the achievable estimate 0.565 (one-round static estimate (BBPSSWCircuit.improved_fidelity); SeQUeNCe's 'until_target' mode may run a different number of rounds at execution time)),,,,0,0.000676,REJECTED,,,,,,,d6023524cac9554649e8b9b6c03d887f613256e4,1f2680a5b9065e708a7497adc53a95b108029b98,3.13.14,2026-07-18T18:32:01.322054+00:00
P02b_resource_aware_planners,P02b_resource_aware_planners:four_node:88ec40897f21da8d:L1:1:p02b-intent,four_node,88ec40897f21da8d,1,p02b-intent,L1,conservative_one_round,4,10,0.73,0.01,1e-05,,0,False,no candidate route is feasible: a->r1->r2->b (min_fidelity 0.730 exceeds the achievable estimate 0.565 (one-round static estimate (BBPSSWCircuit.improved_fidelity); SeQUeNCe's 'until_target' mode may run a different number of rounds at execution time)),,,,0,0.000481,REJECTED,,,,,,,d6023524cac9554649e8b9b6c03d887f613256e4,1f2680a5b9065e708a7497adc53a95b108029b98,3.13.14,2026-07-18T18:32:01.327262+00:00
P02b_resource_aware_planners,P02b_resource_aware_planners:four_node:88ec40897f21da8d:L1:2:p02b-intent,four_node,88ec40897f21da8d,2,p02b-intent,L1,conservative_one_round,4,10,0.73,0.01,1e-05,,0,False,no candidate route is feasible: a->r1->r2->b (min_fidelity 0.730 exceeds the achievable estimate 0.565 (one-round static estimate (BBPSSWCircuit.improved_fidelity); SeQUeNCe's 'until_target' mode may run a different number of rounds at execution time)),,,,0,0.00064,REJECTED,,,,,,,d6023524cac9554649e8b9b6c03d887f613256e4,1f2680a5b9065e708a7497adc53a95b108029b98,3.13.14,2026-07-18T18:32:01.333407+00:00
P02b_resource_aware_planners,P02b_resource_aware_planners:four_node:88ec40897f21da8d:L1:3:p02b-intent,four_node,88ec40897f21da8d,3,p02b-intent,L1,conservative_one_round,4,10,0.73,0.01,1e-05,,0,False,no candidate route is feasible: a->r1->r2->b (min_fidelity 0.730 exceeds the achievable estimate 0.565 (one-round static estimate (BBPSSWCircuit.improved_fidelity); SeQUeNCe's 'until_target' mode may run a different number of rounds at execution time)),,,,0,0.000379,REJECTED,,,,,,,d6023524cac9554649e8b9b6c03d887f613256e4,1f2680a5b9065e708a7497adc53a95b108029b98,3.13.14,2026-07-18T18:32:01.338464+00:00
P02b_resource_aware_planners,P02b_resource_aware_planners:four_node:88ec40897f21da8d:L1:4:p02b-intent,four_node,88ec40897f21da8d,4,p02b-intent,L1,conservative_one_round,4,10,0.73,0.01,1e-05,,0,False,no candidate route is feasible: a->r1->r2->b (min_fidelity 0.730 exceeds the achievable estimate 0.565 (one-round static estimate (BBPSSWCircuit.improved_fidelity); SeQUeNCe's 'until_target' mode may run a different number of rounds at execution time)),,,,0,0.000427,REJECTED,,,,,,,d6023524cac9554649e8b9b6c03d887f613256e4,1f2680a5b9065e708a7497adc53a95b108029b98,3.13.14,2026-07-18T18:32:01.343819+00:00
P02b_resource_aware_planners,P02b_resource_aware_planners:four_node:88ec40897f21da8d:L1:5:p02b-intent,four_node,88ec40897f21da8d,5,p02b-intent,L1,conservative_one_round,4,10,0.73,0.01,1e-05,,0,False,no candidate route is feasible: a->r1->r2->b (min_fidelity 0.730 exceeds the achievable estimate 0.565 (one-round static estimate (BBPSSWCircuit.improved_fidelity); SeQUeNCe's 'until_target' mode may run a different number of rounds at execution time)),,,,0,0.00035,REJECTED,,,,,,,d6023524cac9554649e8b9b6c03d887f613256e4,1f2680a5b9065e708a7497adc53a95b108029b98,3.13.14,2026-07-18T18:32:01.348512+00:00
P02b_resource_aware_planners,P02b_resource_aware_planners:four_node:88ec40897f21da8d:L1:6:p02b-intent,four_node,88ec40897f21da8d,6,p02b-intent,L1,conservative_one_round,4,10,0.73,0.01,1e-05,,0,False,no candidate route is feasible: a->r1->r2->b (min_fidelity 0.730 exceeds the achievable estimate 0.565 (one-round static estimate (BBPSSWCircuit.improved_fidelity); SeQUeNCe's 'until_target' mode may run a different number of rounds at execution time)),,,,0,0.000319,REJECTED,,,,,,,d6023524cac9554649e8b9b6c03d887f613256e4,1f2680a5b9065e708a7497adc53a95b108029b98,3.13.14,2026-07-18T18:32:01.352598+00:00
P02b_resource_aware_planners,P02b_resource_aware_planners:four_node:88ec40897f21da8d:L1:7:p02b-intent,four_node,88ec40897f21da8d,7,p02b-intent,L1,conservative_one_round,4,10,0.73,0.01,1e-05,,0,False,no candidate route is feasible: a->r1->r2->b (min_fidelity 0.730 exceeds the achievable estimate 0.565 (one-round static estimate (BBPSSWCircuit.improved_fidelity); SeQUeNCe's 'until_target' mode may run a different number of rounds at execution time)),,,,0,0.000372,REJECTED,,,,,,,d6023524cac9554649e8b9b6c03d887f613256e4,1f2680a5b9065e708a7497adc53a95b108029b98,3.13.14,2026-07-18T18:32:01.461636+00:00
P02b_resource_aware_planners,P02b_resource_aware_planners:four_node:88ec40897f21da8d:L1:8:p02b-intent,four_node,88ec40897f21da8d,8,p02b-intent,L1,conservative_one_round,4,10,0.73,0.01,1e-05,,0,False,no candidate route is feasible: a->r1->r2->b (min_fidelity 0.730 exceeds the achievable estimate 0.565 (one-round static estimate (BBPSSWCircuit.improved_fidelity); SeQUeNCe's 'until_target' mode may run a different number of rounds at execution time)),,,,0,0.000606,REJECTED,,,,,,,d6023524cac9554649e8b9b6c03d887f613256e4,1f2680a5b9065e708a7497adc53a95b108029b98,3.13.14,2026-07-18T18:32:01.468249+00:00
P02b_resource_aware_planners,P02b_resource_aware_planners:four_node:88ec40897f21da8d:L1:9:p02b-intent,four_node,88ec40897f21da8d,9,p02b-intent,L1,conservative_one_round,4,10,0.73,0.01,1e-05,,0,False,no candidate route is feasible: a->r1->r2->b (min_fidelity 0.730 exceeds the achievable estimate 0.565 (one-round static estimate (BBPSSWCircuit.improved_fidelity); SeQUeNCe's 'until_target' mode may run a different number of rounds at execution time)),,,,0,0.000679,REJECTED,,,,,,,d6023524cac9554649e8b9b6c03d887f613256e4,1f2680a5b9065e708a7497adc53a95b108029b98,3.13.14,2026-07-18T18:32:01.478392+00:00
P02b_resource_aware_planners,P02b_resource_aware_planners:four_node:88ec40897f21da8d:L2:0:p02b-intent,four_node,88ec40897f21da8d,0,p02b-intent,L2,iterative_analytical,4,10,0.73,0.01,1e-05,a -> r1 -> r2 -> b,3,True,,,,0.731541215616411,8,0.000985,VIOLATED,False,0,,,,0.320879,d6023524cac9554649e8b9b6c03d887f613256e4,1f2680a5b9065e708a7497adc53a95b108029b98,3.13.14,2026-07-18T18:32:01.827983+00:00
P02b_resource_aware_planners,P02b_resource_aware_planners:four_node:88ec40897f21da8d:L2:1:p02b-intent,four_node,88ec40897f21da8d,1,p02b-intent,L2,iterative_analytical,4,10,0.73,0.01,1e-05,a -> r1 -> r2 -> b,3,True,,,,0.731541215616411,8,0.000593,VIOLATED,False,0,,,,0.355572,d6023524cac9554649e8b9b6c03d887f613256e4,1f2680a5b9065e708a7497adc53a95b108029b98,3.13.14,2026-07-18T18:32:02.197535+00:00
P02b_resource_aware_planners,P02b_resource_aware_planners:four_node:88ec40897f21da8d:L2:2:p02b-intent,four_node,88ec40897f21da8d,2,p02b-intent,L2,iterative_analytical,4,10,0.73,0.01,1e-05,a -> r1 -> r2 -> b,3,True,,,,0.731541215616411,8,0.000379,VIOLATED,False,0,,,,0.287328,d6023524cac9554649e8b9b6c03d887f613256e4,1f2680a5b9065e708a7497adc53a95b108029b98,3.13.14,2026-07-18T18:32:02.497407+00:00
P02b_resource_aware_planners,P02b_resource_aware_planners:four_node:88ec40897f21da8d:L2:3:p02b-intent,four_node,88ec40897f21da8d,3,p02b-intent,L2,iterative_analytical,4,10,0.73,0.01,1e-05,a -> r1 -> r2 -> b,3,True,,,,0.731541215616411,8,0.000964,VIOLATED,False,0,,,,0.327,d6023524cac9554649e8b9b6c03d887f613256e4,1f2680a5b9065e708a7497adc53a95b108029b98,3.13.14,2026-07-18T18:32:02.860768+00:00
P02b_resource_aware_planners,P02b_resource_aware_planners:four_node:88ec40897f21da8d:L2:4:p02b-intent,four_node,88ec40897f21da8d,4,p02b-intent,L2,iterative_analytical,4,10,0.73,0.01,1e-05,a -> r1 -> r2 -> b,3,True,,,,0.731541215616411,8,0.000687,VIOLATED,False,0,,,,0.334818,d6023524cac9554649e8b9b6c03d887f613256e4,1f2680a5b9065e708a7497adc53a95b108029b98,3.13.14,2026-07-18T18:32:03.213996+00:00
P02b_resource_aware_planners,P02b_resource_aware_planners:four_node:88ec40897f21da8d:L2:5:p02b-intent,four_node,88ec40897f21da8d,5,p02b-intent,L2,iterative_analytical,4,10,0.73,0.01,1e-05,a -> r1 -> r2 -> b,3,True,,,,0.731541215616411,8,0.000504,VIOLATED,False,0,,,,0.311028,d6023524cac9554649e8b9b6c03d887f613256e4,1f2680a5b9065e708a7497adc53a95b108029b98,3.13.14,2026-07-18T18:32:03.538063+00:00
P02b_resource_aware_planners,P02b_resource_aware_planners:four_node:88ec40897f21da8d:L2:6:p02b-intent,four_node,88ec40897f21da8d,6,p02b-intent,L2,iterative_analytical,4,10,0.73,0.01,1e-05,a -> r1 -> r2 -> b,3,True,,,,0.731541215616411,8,0.000981,VIOLATED,False,0,,,,0.371975,d6023524cac9554649e8b9b6c03d887f613256e4,1f2680a5b9065e708a7497adc53a95b108029b98,3.13.14,2026-07-18T18:32:03.929622+00:00
P02b_resource_aware_planners,P02b_resource_aware_planners:four_node:88ec40897f21da8d:L2:7:p02b-intent,four_node,88ec40897f21da8d,7,p02b-intent,L2,iterative_analytical,4,10,0.73,0.01,1e-05,a -> r1 -> r2 -> b,3,True,,,,0.731541215616411,8,0.000554,VIOLATED,False,0,,,,0.429829,d6023524cac9554649e8b9b6c03d887f613256e4,1f2680a5b9065e708a7497adc53a95b108029b98,3.13.14,2026-07-18T18:32:04.377338+00:00
P02b_resource_aware_planners,P02b_resource_aware_planners:four_node:88ec40897f21da8d:L2:8:p02b-intent,four_node,88ec40897f21da8d,8,p02b-intent,L2,iterative_analytical,4,10,0.73,0.01,1e-05,a -> r1 -> r2 -> b,3,True,,,,0.731541215616411,8,0.000578,VIOLATED,False,0,,,,0.344654,d6023524cac9554649e8b9b6c03d887f613256e4,1f2680a5b9065e708a7497adc53a95b108029b98,3.13.14,2026-07-18T18:32:04.737234+00:00
P02b_resource_aware_planners,P02b_resource_aware_planners:four_node:88ec40897f21da8d:L2:9:p02b-intent,four_node,88ec40897f21da8d,9,p02b-intent,L2,iterative_analytical,4,10,0.73,0.01,1e-05,a -> r1 -> r2 -> b,3,True,,,,0.731541215616411,8,0.000499,VIOLATED,False,0,,,,0.357144,d6023524cac9554649e8b9b6c03d887f613256e4,1f2680a5b9065e708a7497adc53a95b108029b98,3.13.14,2026-07-18T18:32:05.107041+00:00
P02b_resource_aware_planners,P02b_resource_aware_planners:four_node:88ec40897f21da8d:L2-R:0:p02b-intent,four_node,88ec40897f21da8d,0,p02b-intent,L2-R,iterative_resource_aware,4,10,0.73,0.01,1e-05,,0,False,DELIVERY_TARGET_EXCEEDS_WINDOW,,,,0,0.00024,REJECTED,,,,,,,d6023524cac9554649e8b9b6c03d887f613256e4,1f2680a5b9065e708a7497adc53a95b108029b98,3.13.14,2026-07-18T18:32:05.112586+00:00
P02b_resource_aware_planners,P02b_resource_aware_planners:four_node:88ec40897f21da8d:L2-R:1:p02b-intent,four_node,88ec40897f21da8d,1,p02b-intent,L2-R,iterative_resource_aware,4,10,0.73,0.01,1e-05,,0,False,DELIVERY_TARGET_EXCEEDS_WINDOW,,,,0,0.000216,REJECTED,,,,,,,d6023524cac9554649e8b9b6c03d887f613256e4,1f2680a5b9065e708a7497adc53a95b108029b98,3.13.14,2026-07-18T18:32:05.116932+00:00
P02b_resource_aware_planners,P02b_resource_aware_planners:four_node:88ec40897f21da8d:L2-R:2:p02b-intent,four_node,88ec40897f21da8d,2,p02b-intent,L2-R,iterative_resource_aware,4,10,0.73,0.01,1e-05,,0,False,DELIVERY_TARGET_EXCEEDS_WINDOW,,,,0,0.000201,REJECTED,,,,,,,d6023524cac9554649e8b9b6c03d887f613256e4,1f2680a5b9065e708a7497adc53a95b108029b98,3.13.14,2026-07-18T18:32:05.122187+00:00
P02b_resource_aware_planners,P02b_resource_aware_planners:four_node:88ec40897f21da8d:L2-R:3:p02b-intent,four_node,88ec40897f21da8d,3,p02b-intent,L2-R,iterative_resource_aware,4,10,0.73,0.01,1e-05,,0,False,DELIVERY_TARGET_EXCEEDS_WINDOW,,,,0,0.000199,REJECTED,,,,,,,d6023524cac9554649e8b9b6c03d887f613256e4,1f2680a5b9065e708a7497adc53a95b108029b98,3.13.14,2026-07-18T18:32:05.127573+00:00
P02b_resource_aware_planners,P02b_resource_aware_planners:four_node:88ec40897f21da8d:L2-R:4:p02b-intent,four_node,88ec40897f21da8d,4,p02b-intent,L2-R,iterative_resource_aware,4,10,0.73,0.01,1e-05,,0,False,DELIVERY_TARGET_EXCEEDS_WINDOW,,,,0,0.000187,REJECTED,,,,,,,d6023524cac9554649e8b9b6c03d887f613256e4,1f2680a5b9065e708a7497adc53a95b108029b98,3.13.14,2026-07-18T18:32:05.131757+00:00
P02b_resource_aware_planners,P02b_resource_aware_planners:four_node:88ec40897f21da8d:L2-R:5:p02b-intent,four_node,88ec40897f21da8d,5,p02b-intent,L2-R,iterative_resource_aware,4,10,0.73,0.01,1e-05,,0,False,DELIVERY_TARGET_EXCEEDS_WINDOW,,,,0,0.000219,REJECTED,,,,,,,d6023524cac9554649e8b9b6c03d887f613256e4,1f2680a5b9065e708a7497adc53a95b108029b98,3.13.14,2026-07-18T18:32:05.137470+00:00
P02b_resource_aware_planners,P02b_resource_aware_planners:four_node:88ec40897f21da8d:L2-R:6:p02b-intent,four_node,88ec40897f21da8d,6,p02b-intent,L2-R,iterative_resource_aware,4,10,0.73,0.01,1e-05,,0,False,DELIVERY_TARGET_EXCEEDS_WINDOW,,,,0,0.000307,REJECTED,,,,,,,d6023524cac9554649e8b9b6c03d887f613256e4,1f2680a5b9065e708a7497adc53a95b108029b98,3.13.14,2026-07-18T18:32:05.141886+00:00
P02b_resource_aware_planners,P02b_resource_aware_planners:four_node:88ec40897f21da8d:L2-R:7:p02b-intent,four_node,88ec40897f21da8d,7,p02b-intent,L2-R,iterative_resource_aware,4,10,0.73,0.01,1e-05,,0,False,DELIVERY_TARGET_EXCEEDS_WINDOW,,,,0,0.000249,REJECTED,,,,,,,d6023524cac9554649e8b9b6c03d887f613256e4,1f2680a5b9065e708a7497adc53a95b108029b98,3.13.14,2026-07-18T18:32:05.146634+00:00
P02b_resource_aware_planners,P02b_resource_aware_planners:four_node:88ec40897f21da8d:L2-R:8:p02b-intent,four_node,88ec40897f21da8d,8,p02b-intent,L2-R,iterative_resource_aware,4,10,0.73,0.01,1e-05,,0,False,DELIVERY_TARGET_EXCEEDS_WINDOW,,,,0,0.000223,REJECTED,,,,,,,d6023524cac9554649e8b9b6c03d887f613256e4,1f2680a5b9065e708a7497adc53a95b108029b98,3.13.14,2026-07-18T18:32:05.151500+00:00
P02b_resource_aware_planners,P02b_resource_aware_planners:four_node:88ec40897f21da8d:L2-R:9:p02b-intent,four_node,88ec40897f21da8d,9,p02b-intent,L2-R,iterative_resource_aware,4,10,0.73,0.01,1e-05,,0,False,DELIVERY_TARGET_EXCEEDS_WINDOW,,,,0,0.000238,REJECTED,,,,,,,d6023524cac9554649e8b9b6c03d887f613256e4,1f2680a5b9065e708a7497adc53a95b108029b98,3.13.14,2026-07-18T18:32:05.157077+00:00
P02b_resource_aware_planners,P02b_resource_aware_planners:four_node:88ec40897f21da8d:L3:0:p02b-intent,four_node,88ec40897f21da8d,0,p02b-intent,L3,probabilistic,4,10,0.73,0.01,1e-05,a -> r1 -> r2 -> b,3,True,,4.222366776365151e-34,0.0020826396076948322,0.731541215616411,8,0.001659,VIOLATED,False,0,,,,0.336544,d6023524cac9554649e8b9b6c03d887f613256e4,1f2680a5b9065e708a7497adc53a95b108029b98,3.13.14,2026-07-18T18:32:05.514266+00:00
P02b_resource_aware_planners,P02b_resource_aware_planners:four_node:88ec40897f21da8d:L3:1:p02b-intent,four_node,88ec40897f21da8d,1,p02b-intent,L3,probabilistic,4,10,0.73,0.01,1e-05,a -> r1 -> r2 -> b,3,True,,4.222366776365151e-34,0.0020826396076948322,0.731541215616411,8,0.000991,VIOLATED,False,0,,,,0.340507,d6023524cac9554649e8b9b6c03d887f613256e4,1f2680a5b9065e708a7497adc53a95b108029b98,3.13.14,2026-07-18T18:32:05.871739+00:00
P02b_resource_aware_planners,P02b_resource_aware_planners:four_node:88ec40897f21da8d:L3:2:p02b-intent,four_node,88ec40897f21da8d,2,p02b-intent,L3,probabilistic,4,10,0.73,0.01,1e-05,a -> r1 -> r2 -> b,3,True,,4.222366776365151e-34,0.0020826396076948322,0.731541215616411,8,0.001155,VIOLATED,False,0,,,,0.306336,d6023524cac9554649e8b9b6c03d887f613256e4,1f2680a5b9065e708a7497adc53a95b108029b98,3.13.14,2026-07-18T18:32:06.194085+00:00
P02b_resource_aware_planners,P02b_resource_aware_planners:four_node:88ec40897f21da8d:L3:3:p02b-intent,four_node,88ec40897f21da8d,3,p02b-intent,L3,probabilistic,4,10,0.73,0.01,1e-05,a -> r1 -> r2 -> b,3,True,,4.222366776365151e-34,0.0020826396076948322,0.731541215616411,8,0.001073,VIOLATED,False,0,,,,0.280037,d6023524cac9554649e8b9b6c03d887f613256e4,1f2680a5b9065e708a7497adc53a95b108029b98,3.13.14,2026-07-18T18:32:06.490096+00:00
P02b_resource_aware_planners,P02b_resource_aware_planners:four_node:88ec40897f21da8d:L3:4:p02b-intent,four_node,88ec40897f21da8d,4,p02b-intent,L3,probabilistic,4,10,0.73,0.01,1e-05,a -> r1 -> r2 -> b,3,True,,4.222366776365151e-34,0.0020826396076948322,0.731541215616411,8,0.001123,VIOLATED,False,0,,,,0.36674,d6023524cac9554649e8b9b6c03d887f613256e4,1f2680a5b9065e708a7497adc53a95b108029b98,3.13.14,2026-07-18T18:32:06.872315+00:00
P02b_resource_aware_planners,P02b_resource_aware_planners:four_node:88ec40897f21da8d:L3:5:p02b-intent,four_node,88ec40897f21da8d,5,p02b-intent,L3,probabilistic,4,10,0.73,0.01,1e-05,a -> r1 -> r2 -> b,3,True,,4.222366776365151e-34,0.0020826396076948322,0.731541215616411,8,0.001085,VIOLATED,False,0,,,,0.379567,d6023524cac9554649e8b9b6c03d887f613256e4,1f2680a5b9065e708a7497adc53a95b108029b98,3.13.14,2026-07-18T18:32:07.266134+00:00
P02b_resource_aware_planners,P02b_resource_aware_planners:four_node:88ec40897f21da8d:L3:6:p02b-intent,four_node,88ec40897f21da8d,6,p02b-intent,L3,probabilistic,4,10,0.73,0.01,1e-05,a -> r1 -> r2 -> b,3,True,,4.222366776365151e-34,0.0020826396076948322,0.731541215616411,8,0.002045,VIOLATED,False,0,,,,0.451985,d6023524cac9554649e8b9b6c03d887f613256e4,1f2680a5b9065e708a7497adc53a95b108029b98,3.13.14,2026-07-18T18:32:07.736818+00:00
P02b_resource_aware_planners,P02b_resource_aware_planners:four_node:88ec40897f21da8d:L3:7:p02b-intent,four_node,88ec40897f21da8d,7,p02b-intent,L3,probabilistic,4,10,0.73,0.01,1e-05,a -> r1 -> r2 -> b,3,True,,4.222366776365151e-34,0.0020826396076948322,0.731541215616411,8,0.002318,VIOLATED,False,0,,,,0.371089,d6023524cac9554649e8b9b6c03d887f613256e4,1f2680a5b9065e708a7497adc53a95b108029b98,3.13.14,2026-07-18T18:32:08.132249+00:00
P02b_resource_aware_planners,P02b_resource_aware_planners:four_node:88ec40897f21da8d:L3:8:p02b-intent,four_node,88ec40897f21da8d,8,p02b-intent,L3,probabilistic,4,10,0.73,0.01,1e-05,a -> r1 -> r2 -> b,3,True,,4.222366776365151e-34,0.0020826396076948322,0.731541215616411,8,0.001431,VIOLATED,False,0,,,,0.341678,d6023524cac9554649e8b9b6c03d887f613256e4,1f2680a5b9065e708a7497adc53a95b108029b98,3.13.14,2026-07-18T18:32:08.495484+00:00
P02b_resource_aware_planners,P02b_resource_aware_planners:four_node:88ec40897f21da8d:L3:9:p02b-intent,four_node,88ec40897f21da8d,9,p02b-intent,L3,probabilistic,4,10,0.73,0.01,1e-05,a -> r1 -> r2 -> b,3,True,,4.222366776365151e-34,0.0020826396076948322,0.731541215616411,8,0.0011,VIOLATED,False,0,,,,0.276627,d6023524cac9554649e8b9b6c03d887f613256e4,1f2680a5b9065e708a7497adc53a95b108029b98,3.13.14,2026-07-18T18:32:08.785530+00:00
P02b_resource_aware_planners,P02b_resource_aware_planners:four_node:88ec40897f21da8d:L3-R:0:p02b-intent,four_node,88ec40897f21da8d,0,p02b-intent,L3-R,probabilistic_resource_aware,4,10,0.73,0.01,1e-05,a -> r1 -> r2 -> b,3,True,,7.510276650645426e-43,0.00027768528102597767,0.731541215616411,8,0.001478,VIOLATED,False,0,,,,0.29776,d6023524cac9554649e8b9b6c03d887f613256e4,1f2680a5b9065e708a7497adc53a95b108029b98,3.13.14,2026-07-18T18:32:09.101307+00:00
P02b_resource_aware_planners,P02b_resource_aware_planners:four_node:88ec40897f21da8d:L3-R:1:p02b-intent,four_node,88ec40897f21da8d,1,p02b-intent,L3-R,probabilistic_resource_aware,4,10,0.73,0.01,1e-05,a -> r1 -> r2 -> b,3,True,,7.510276650645426e-43,0.00027768528102597767,0.731541215616411,8,0.000871,VIOLATED,False,0,,,,0.294716,d6023524cac9554649e8b9b6c03d887f613256e4,1f2680a5b9065e708a7497adc53a95b108029b98,3.13.14,2026-07-18T18:32:09.410571+00:00
P02b_resource_aware_planners,P02b_resource_aware_planners:four_node:88ec40897f21da8d:L3-R:2:p02b-intent,four_node,88ec40897f21da8d,2,p02b-intent,L3-R,probabilistic_resource_aware,4,10,0.73,0.01,1e-05,a -> r1 -> r2 -> b,3,True,,7.510276650645426e-43,0.00027768528102597767,0.731541215616411,8,0.001648,VIOLATED,False,0,,,,0.327327,d6023524cac9554649e8b9b6c03d887f613256e4,1f2680a5b9065e708a7497adc53a95b108029b98,3.13.14,2026-07-18T18:32:09.758329+00:00
P02b_resource_aware_planners,P02b_resource_aware_planners:four_node:88ec40897f21da8d:L3-R:3:p02b-intent,four_node,88ec40897f21da8d,3,p02b-intent,L3-R,probabilistic_resource_aware,4,10,0.73,0.01,1e-05,a -> r1 -> r2 -> b,3,True,,7.510276650645426e-43,0.00027768528102597767,0.731541215616411,8,0.001381,VIOLATED,False,0,,,,0.333051,d6023524cac9554649e8b9b6c03d887f613256e4,1f2680a5b9065e708a7497adc53a95b108029b98,3.13.14,2026-07-18T18:32:10.107670+00:00
P02b_resource_aware_planners,P02b_resource_aware_planners:four_node:88ec40897f21da8d:L3-R:4:p02b-intent,four_node,88ec40897f21da8d,4,p02b-intent,L3-R,probabilistic_resource_aware,4,10,0.73,0.01,1e-05,a -> r1 -> r2 -> b,3,True,,7.510276650645426e-43,0.00027768528102597767,0.731541215616411,8,0.001106,VIOLATED,False,0,,,,0.296229,d6023524cac9554649e8b9b6c03d887f613256e4,1f2680a5b9065e708a7497adc53a95b108029b98,3.13.14,2026-07-18T18:32:10.421498+00:00
P02b_resource_aware_planners,P02b_resource_aware_planners:four_node:88ec40897f21da8d:L3-R:5:p02b-intent,four_node,88ec40897f21da8d,5,p02b-intent,L3-R,probabilistic_resource_aware,4,10,0.73,0.01,1e-05,a -> r1 -> r2 -> b,3,True,,7.510276650645426e-43,0.00027768528102597767,0.731541215616411,8,0.001237,VIOLATED,False,0,,,,0.359561,d6023524cac9554649e8b9b6c03d887f613256e4,1f2680a5b9065e708a7497adc53a95b108029b98,3.13.14,2026-07-18T18:32:10.796182+00:00
P02b_resource_aware_planners,P02b_resource_aware_planners:four_node:88ec40897f21da8d:L3-R:6:p02b-intent,four_node,88ec40897f21da8d,6,p02b-intent,L3-R,probabilistic_resource_aware,4,10,0.73,0.01,1e-05,a -> r1 -> r2 -> b,3,True,,7.510276650645426e-43,0.00027768528102597767,0.731541215616411,8,0.00107,VIOLATED,False,0,,,,0.476221,d6023524cac9554649e8b9b6c03d887f613256e4,1f2680a5b9065e708a7497adc53a95b108029b98,3.13.14,2026-07-18T18:32:11.285450+00:00
P02b_resource_aware_planners,P02b_resource_aware_planners:four_node:88ec40897f21da8d:L3-R:7:p02b-intent,four_node,88ec40897f21da8d,7,p02b-intent,L3-R,probabilistic_resource_aware,4,10,0.73,0.01,1e-05,a -> r1 -> r2 -> b,3,True,,7.510276650645426e-43,0.00027768528102597767,0.731541215616411,8,0.001493,VIOLATED,False,0,,,,0.393875,d6023524cac9554649e8b9b6c03d887f613256e4,1f2680a5b9065e708a7497adc53a95b108029b98,3.13.14,2026-07-18T18:32:11.692408+00:00
P02b_resource_aware_planners,P02b_resource_aware_planners:four_node:88ec40897f21da8d:L3-R:8:p02b-intent,four_node,88ec40897f21da8d,8,p02b-intent,L3-R,probabilistic_resource_aware,4,10,0.73,0.01,1e-05,a -> r1 -> r2 -> b,3,True,,7.510276650645426e-43,0.00027768528102597767,0.731541215616411,8,0.000954,VIOLATED,False,0,,,,0.376498,d6023524cac9554649e8b9b6c03d887f613256e4,1f2680a5b9065e708a7497adc53a95b108029b98,3.13.14,2026-07-18T18:32:12.084241+00:00
P02b_resource_aware_planners,P02b_resource_aware_planners:four_node:88ec40897f21da8d:L3-R:9:p02b-intent,four_node,88ec40897f21da8d,9,p02b-intent,L3-R,probabilistic_resource_aware,4,10,0.73,0.01,1e-05,a -> r1 -> r2 -> b,3,True,,7.510276650645426e-43,0.00027768528102597767,0.731541215616411,8,0.001116,VIOLATED,False,0,,,,0.449334,d6023524cac9554649e8b9b6c03d887f613256e4,1f2680a5b9065e708a7497adc53a95b108029b98,3.13.14,2026-07-18T18:32:12.547172+00:00
P02b_resource_aware_planners,P02b_resource_aware_planners:four_node:88ccf029ea6a432e:L1:0:p02b-intent,four_node,88ccf029ea6a432e,0,p02b-intent,L1,conservative_one_round,4,10,0.76,0.01,1e-05,,0,False,no candidate route is feasible: a->r1->r2->b (min_fidelity 0.760 exceeds the achievable estimate 0.565 (one-round static estimate (BBPSSWCircuit.improved_fidelity); SeQUeNCe's 'until_target' mode may run a different number of rounds at execution time)),,,,0,0.000533,REJECTED,,,,,,,d6023524cac9554649e8b9b6c03d887f613256e4,1f2680a5b9065e708a7497adc53a95b108029b98,3.13.14,2026-07-18T18:32:12.557177+00:00
P02b_resource_aware_planners,P02b_resource_aware_planners:four_node:88ccf029ea6a432e:L1:1:p02b-intent,four_node,88ccf029ea6a432e,1,p02b-intent,L1,conservative_one_round,4,10,0.76,0.01,1e-05,,0,False,no candidate route is feasible: a->r1->r2->b (min_fidelity 0.760 exceeds the achievable estimate 0.565 (one-round static estimate (BBPSSWCircuit.improved_fidelity); SeQUeNCe's 'until_target' mode may run a different number of rounds at execution time)),,,,0,0.000709,REJECTED,,,,,,,d6023524cac9554649e8b9b6c03d887f613256e4,1f2680a5b9065e708a7497adc53a95b108029b98,3.13.14,2026-07-18T18:32:12.566642+00:00
P02b_resource_aware_planners,P02b_resource_aware_planners:four_node:88ccf029ea6a432e:L1:2:p02b-intent,four_node,88ccf029ea6a432e,2,p02b-intent,L1,conservative_one_round,4,10,0.76,0.01,1e-05,,0,False,no candidate route is feasible: a->r1->r2->b (min_fidelity 0.760 exceeds the achievable estimate 0.565 (one-round static estimate (BBPSSWCircuit.improved_fidelity); SeQUeNCe's 'until_target' mode may run a different number of rounds at execution time)),,,,0,0.00115,REJECTED,,,,,,,d6023524cac9554649e8b9b6c03d887f613256e4,1f2680a5b9065e708a7497adc53a95b108029b98,3.13.14,2026-07-18T18:32:12.576091+00:00
P02b_resource_aware_planners,P02b_resource_aware_planners:four_node:88ccf029ea6a432e:L1:3:p02b-intent,four_node,88ccf029ea6a432e,3,p02b-intent,L1,conservative_one_round,4,10,0.76,0.01,1e-05,,0,False,no candidate route is feasible: a->r1->r2->b (min_fidelity 0.760 exceeds the achievable estimate 0.565 (one-round static estimate (BBPSSWCircuit.improved_fidelity); SeQUeNCe's 'until_target' mode may run a different number of rounds at execution time)),,,,0,0.000685,REJECTED,,,,,,,d6023524cac9554649e8b9b6c03d887f613256e4,1f2680a5b9065e708a7497adc53a95b108029b98,3.13.14,2026-07-18T18:32:12.585502+00:00
P02b_resource_aware_planners,P02b_resource_aware_planners:four_node:88ccf029ea6a432e:L1:4:p02b-intent,four_node,88ccf029ea6a432e,4,p02b-intent,L1,conservative_one_round,4,10,0.76,0.01,1e-05,,0,False,no candidate route is feasible: a->r1->r2->b (min_fidelity 0.760 exceeds the achievable estimate 0.565 (one-round static estimate (BBPSSWCircuit.improved_fidelity); SeQUeNCe's 'until_target' mode may run a different number of rounds at execution time)),,,,0,0.000396,REJECTED,,,,,,,d6023524cac9554649e8b9b6c03d887f613256e4,1f2680a5b9065e708a7497adc53a95b108029b98,3.13.14,2026-07-18T18:32:12.592749+00:00
P02b_resource_aware_planners,P02b_resource_aware_planners:four_node:88ccf029ea6a432e:L1:5:p02b-intent,four_node,88ccf029ea6a432e,5,p02b-intent,L1,conservative_one_round,4,10,0.76,0.01,1e-05,,0,False,no candidate route is feasible: a->r1->r2->b (min_fidelity 0.760 exceeds the achievable estimate 0.565 (one-round static estimate (BBPSSWCircuit.improved_fidelity); SeQUeNCe's 'until_target' mode may run a different number of rounds at execution time)),,,,0,0.000631,REJECTED,,,,,,,d6023524cac9554649e8b9b6c03d887f613256e4,1f2680a5b9065e708a7497adc53a95b108029b98,3.13.14,2026-07-18T18:32:12.598120+00:00
P02b_resource_aware_planners,P02b_resource_aware_planners:four_node:88ccf029ea6a432e:L1:6:p02b-intent,four_node,88ccf029ea6a432e,6,p02b-intent,L1,conservative_one_round,4,10,0.76,0.01,1e-05,,0,False,no candidate route is feasible: a->r1->r2->b (min_fidelity 0.760 exceeds the achievable estimate 0.565 (one-round static estimate (BBPSSWCircuit.improved_fidelity); SeQUeNCe's 'until_target' mode may run a different number of rounds at execution time)),,,,0,0.000577,REJECTED,,,,,,,d6023524cac9554649e8b9b6c03d887f613256e4,1f2680a5b9065e708a7497adc53a95b108029b98,3.13.14,2026-07-18T18:32:12.605290+00:00
P02b_resource_aware_planners,P02b_resource_aware_planners:four_node:88ccf029ea6a432e:L1:7:p02b-intent,four_node,88ccf029ea6a432e,7,p02b-intent,L1,conservative_one_round,4,10,0.76,0.01,1e-05,,0,False,no candidate route is feasible: a->r1->r2->b (min_fidelity 0.760 exceeds the achievable estimate 0.565 (one-round static estimate (BBPSSWCircuit.improved_fidelity); SeQUeNCe's 'until_target' mode may run a different number of rounds at execution time)),,,,0,0.000541,REJECTED,,,,,,,d6023524cac9554649e8b9b6c03d887f613256e4,1f2680a5b9065e708a7497adc53a95b108029b98,3.13.14,2026-07-18T18:32:12.613400+00:00
P02b_resource_aware_planners,P02b_resource_aware_planners:four_node:88ccf029ea6a432e:L1:8:p02b-intent,four_node,88ccf029ea6a432e,8,p02b-intent,L1,conservative_one_round,4,10,0.76,0.01,1e-05,,0,False,no candidate route is feasible: a->r1->r2->b (min_fidelity 0.760 exceeds the achievable estimate 0.565 (one-round static estimate (BBPSSWCircuit.improved_fidelity); SeQUeNCe's 'until_target' mode may run a different number of rounds at execution time)),,,,0,0.000294,REJECTED,,,,,,,d6023524cac9554649e8b9b6c03d887f613256e4,1f2680a5b9065e708a7497adc53a95b108029b98,3.13.14,2026-07-18T18:32:12.618273+00:00
P02b_resource_aware_planners,P02b_resource_aware_planners:four_node:88ccf029ea6a432e:L1:9:p02b-intent,four_node,88ccf029ea6a432e,9,p02b-intent,L1,conservative_one_round,4,10,0.76,0.01,1e-05,,0,False,no candidate route is feasible: a->r1->r2->b (min_fidelity 0.760 exceeds the achievable estimate 0.565 (one-round static estimate (BBPSSWCircuit.improved_fidelity); SeQUeNCe's 'until_target' mode may run a different number of rounds at execution time)),,,,0,0.00026,REJECTED,,,,,,,d6023524cac9554649e8b9b6c03d887f613256e4,1f2680a5b9065e708a7497adc53a95b108029b98,3.13.14,2026-07-18T18:32:12.622266+00:00
P02b_resource_aware_planners,P02b_resource_aware_planners:four_node:88ccf029ea6a432e:L2:0:p02b-intent,four_node,88ccf029ea6a432e,0,p02b-intent,L2,iterative_analytical,4,10,0.76,0.01,1e-05,,0,False,no candidate route is feasible: a->r1->r2->b (min_fidelity 0.760 exceeds the achievable estimate 0.732 (exceeded max_rounds=8 without reaching target_fidelity)),,,,0,0.000302,REJECTED,,,,,,,d6023524cac9554649e8b9b6c03d887f613256e4,1f2680a5b9065e708a7497adc53a95b108029b98,3.13.14,2026-07-18T18:32:12.626410+00:00
P02b_resource_aware_planners,P02b_resource_aware_planners:four_node:88ccf029ea6a432e:L2:1:p02b-intent,four_node,88ccf029ea6a432e,1,p02b-intent,L2,iterative_analytical,4,10,0.76,0.01,1e-05,,0,False,no candidate route is feasible: a->r1->r2->b (min_fidelity 0.760 exceeds the achievable estimate 0.732 (exceeded max_rounds=8 without reaching target_fidelity)),,,,0,0.000397,REJECTED,,,,,,,d6023524cac9554649e8b9b6c03d887f613256e4,1f2680a5b9065e708a7497adc53a95b108029b98,3.13.14,2026-07-18T18:32:12.631657+00:00
P02b_resource_aware_planners,P02b_resource_aware_planners:four_node:88ccf029ea6a432e:L2:2:p02b-intent,four_node,88ccf029ea6a432e,2,p02b-intent,L2,iterative_analytical,4,10,0.76,0.01,1e-05,,0,False,no candidate route is feasible: a->r1->r2->b (min_fidelity 0.760 exceeds the achievable estimate 0.732 (exceeded max_rounds=8 without reaching target_fidelity)),,,,0,0.000629,REJECTED,,,,,,,d6023524cac9554649e8b9b6c03d887f613256e4,1f2680a5b9065e708a7497adc53a95b108029b98,3.13.14,2026-07-18T18:32:12.638028+00:00
P02b_resource_aware_planners,P02b_resource_aware_planners:four_node:88ccf029ea6a432e:L2:3:p02b-intent,four_node,88ccf029ea6a432e,3,p02b-intent,L2,iterative_analytical,4,10,0.76,0.01,1e-05,,0,False,no candidate route is feasible: a->r1->r2->b (min_fidelity 0.760 exceeds the achievable estimate 0.732 (exceeded max_rounds=8 without reaching target_fidelity)),,,,0,0.000358,REJECTED,,,,,,,d6023524cac9554649e8b9b6c03d887f613256e4,1f2680a5b9065e708a7497adc53a95b108029b98,3.13.14,2026-07-18T18:32:12.643364+00:00
P02b_resource_aware_planners,P02b_resource_aware_planners:four_node:88ccf029ea6a432e:L2:4:p02b-intent,four_node,88ccf029ea6a432e,4,p02b-intent,L2,iterative_analytical,4,10,0.76,0.01,1e-05,,0,False,no candidate route is feasible: a->r1->r2->b (min_fidelity 0.760 exceeds the achievable estimate 0.732 (exceeded max_rounds=8 without reaching target_fidelity)),,,,0,0.000592,REJECTED,,,,,,,d6023524cac9554649e8b9b6c03d887f613256e4,1f2680a5b9065e708a7497adc53a95b108029b98,3.13.14,2026-07-18T18:32:12.649132+00:00
P02b_resource_aware_planners,P02b_resource_aware_planners:four_node:88ccf029ea6a432e:L2:5:p02b-intent,four_node,88ccf029ea6a432e,5,p02b-intent,L2,iterative_analytical,4,10,0.76,0.01,1e-05,,0,False,no candidate route is feasible: a->r1->r2->b (min_fidelity 0.760 exceeds the achievable estimate 0.732 (exceeded max_rounds=8 without reaching target_fidelity)),,,,0,0.000778,REJECTED,,,,,,,d6023524cac9554649e8b9b6c03d887f613256e4,1f2680a5b9065e708a7497adc53a95b108029b98,3.13.14,2026-07-18T18:32:12.656787+00:00
P02b_resource_aware_planners,P02b_resource_aware_planners:four_node:88ccf029ea6a432e:L2:6:p02b-intent,four_node,88ccf029ea6a432e,6,p02b-intent,L2,iterative_analytical,4,10,0.76,0.01,1e-05,,0,False,no candidate route is feasible: a->r1->r2->b (min_fidelity 0.760 exceeds the achievable estimate 0.732 (exceeded max_rounds=8 without reaching target_fidelity)),,,,0,0.000498,REJECTED,,,,,,,d6023524cac9554649e8b9b6c03d887f613256e4,1f2680a5b9065e708a7497adc53a95b108029b98,3.13.14,2026-07-18T18:32:12.663136+00:00
P02b_resource_aware_planners,P02b_resource_aware_planners:four_node:88ccf029ea6a432e:L2:7:p02b-intent,four_node,88ccf029ea6a432e,7,p02b-intent,L2,iterative_analytical,4,10,0.76,0.01,1e-05,,0,False,no candidate route is feasible: a->r1->r2->b (min_fidelity 0.760 exceeds the achievable estimate 0.732 (exceeded max_rounds=8 without reaching target_fidelity)),,,,0,0.000684,REJECTED,,,,,,,d6023524cac9554649e8b9b6c03d887f613256e4,1f2680a5b9065e708a7497adc53a95b108029b98,3.13.14,2026-07-18T18:32:12.670963+00:00
P02b_resource_aware_planners,P02b_resource_aware_planners:four_node:88ccf029ea6a432e:L2:8:p02b-intent,four_node,88ccf029ea6a432e,8,p02b-intent,L2,iterative_analytical,4,10,0.76,0.01,1e-05,,0,False,no candidate route is feasible: a->r1->r2->b (min_fidelity 0.760 exceeds the achievable estimate 0.732 (exceeded max_rounds=8 without reaching target_fidelity)),,,,0,0.000521,REJECTED,,,,,,,d6023524cac9554649e8b9b6c03d887f613256e4,1f2680a5b9065e708a7497adc53a95b108029b98,3.13.14,2026-07-18T18:32:12.677169+00:00
P02b_resource_aware_planners,P02b_resource_aware_planners:four_node:88ccf029ea6a432e:L2:9:p02b-intent,four_node,88ccf029ea6a432e,9,p02b-intent,L2,iterative_analytical,4,10,0.76,0.01,1e-05,,0,False,no candidate route is feasible: a->r1->r2->b (min_fidelity 0.760 exceeds the achievable estimate 0.732 (exceeded max_rounds=8 without reaching target_fidelity)),,,,0,0.000522,REJECTED,,,,,,,d6023524cac9554649e8b9b6c03d887f613256e4,1f2680a5b9065e708a7497adc53a95b108029b98,3.13.14,2026-07-18T18:32:12.683745+00:00
P02b_resource_aware_planners,P02b_resource_aware_planners:four_node:88ccf029ea6a432e:L2-R:0:p02b-intent,four_node,88ccf029ea6a432e,0,p02b-intent,L2-R,iterative_resource_aware,4,10,0.76,0.01,1e-05,,0,False,TARGET_FIDELITY_UNREACHABLE,,,,0,0.00031,REJECTED,,,,,,,d6023524cac9554649e8b9b6c03d887f613256e4,1f2680a5b9065e708a7497adc53a95b108029b98,3.13.14,2026-07-18T18:32:12.690335+00:00
P02b_resource_aware_planners,P02b_resource_aware_planners:four_node:88ccf029ea6a432e:L2-R:1:p02b-intent,four_node,88ccf029ea6a432e,1,p02b-intent,L2-R,iterative_resource_aware,4,10,0.76,0.01,1e-05,,0,False,TARGET_FIDELITY_UNREACHABLE,,,,0,0.000366,REJECTED,,,,,,,d6023524cac9554649e8b9b6c03d887f613256e4,1f2680a5b9065e708a7497adc53a95b108029b98,3.13.14,2026-07-18T18:32:12.696304+00:00
P02b_resource_aware_planners,P02b_resource_aware_planners:four_node:88ccf029ea6a432e:L2-R:2:p02b-intent,four_node,88ccf029ea6a432e,2,p02b-intent,L2-R,iterative_resource_aware,4,10,0.76,0.01,1e-05,,0,False,TARGET_FIDELITY_UNREACHABLE,,,,0,0.000296,REJECTED,,,,,,,d6023524cac9554649e8b9b6c03d887f613256e4,1f2680a5b9065e708a7497adc53a95b108029b98,3.13.14,2026-07-18T18:32:12.704149+00:00
P02b_resource_aware_planners,P02b_resource_aware_planners:four_node:88ccf029ea6a432e:L2-R:3:p02b-intent,four_node,88ccf029ea6a432e,3,p02b-intent,L2-R,iterative_resource_aware,4,10,0.76,0.01,1e-05,,0,False,TARGET_FIDELITY_UNREACHABLE,,,,0,0.000209,REJECTED,,,,,,,d6023524cac9554649e8b9b6c03d887f613256e4,1f2680a5b9065e708a7497adc53a95b108029b98,3.13.14,2026-07-18T18:32:12.710651+00:00
P02b_resource_aware_planners,P02b_resource_aware_planners:four_node:88ccf029ea6a432e:L2-R:4:p02b-intent,four_node,88ccf029ea6a432e,4,p02b-intent,L2-R,iterative_resource_aware,4,10,0.76,0.01,1e-05,,0,False,TARGET_FIDELITY_UNREACHABLE,,,,0,0.000403,REJECTED,,,,,,,d6023524cac9554649e8b9b6c03d887f613256e4,1f2680a5b9065e708a7497adc53a95b108029b98,3.13.14,2026-07-18T18:32:12.716820+00:00
P02b_resource_aware_planners,P02b_resource_aware_planners:four_node:88ccf029ea6a432e:L2-R:5:p02b-intent,four_node,88ccf029ea6a432e,5,p02b-intent,L2-R,iterative_resource_aware,4,10,0.76,0.01,1e-05,,0,False,TARGET_FIDELITY_UNREACHABLE,,,,0,0.000337,REJECTED,,,,,,,d6023524cac9554649e8b9b6c03d887f613256e4,1f2680a5b9065e708a7497adc53a95b108029b98,3.13.14,2026-07-18T18:32:12.723220+00:00
P02b_resource_aware_planners,P02b_resource_aware_planners:four_node:88ccf029ea6a432e:L2-R:6:p02b-intent,four_node,88ccf029ea6a432e,6,p02b-intent,L2-R,iterative_resource_aware,4,10,0.76,0.01,1e-05,,0,False,TARGET_FIDELITY_UNREACHABLE,,,,0,0.00032,REJECTED,,,,,,,d6023524cac9554649e8b9b6c03d887f613256e4,1f2680a5b9065e708a7497adc53a95b108029b98,3.13.14,2026-07-18T18:32:12.729690+00:00
P02b_resource_aware_planners,P02b_resource_aware_planners:four_node:88ccf029ea6a432e:L2-R:7:p02b-intent,four_node,88ccf029ea6a432e,7,p02b-intent,L2-R,iterative_resource_aware,4,10,0.76,0.01,1e-05,,0,False,TARGET_FIDELITY_UNREACHABLE,,,,0,0.000309,REJECTED,,,,,,,d6023524cac9554649e8b9b6c03d887f613256e4,1f2680a5b9065e708a7497adc53a95b108029b98,3.13.14,2026-07-18T18:32:12.737078+00:00
P02b_resource_aware_planners,P02b_resource_aware_planners:four_node:88ccf029ea6a432e:L2-R:8:p02b-intent,four_node,88ccf029ea6a432e,8,p02b-intent,L2-R,iterative_resource_aware,4,10,0.76,0.01,1e-05,,0,False,TARGET_FIDELITY_UNREACHABLE,,,,0,0.000205,REJECTED,,,,,,,d6023524cac9554649e8b9b6c03d887f613256e4,1f2680a5b9065e708a7497adc53a95b108029b98,3.13.14,2026-07-18T18:32:12.743509+00:00
P02b_resource_aware_planners,P02b_resource_aware_planners:four_node:88ccf029ea6a432e:L2-R:9:p02b-intent,four_node,88ccf029ea6a432e,9,p02b-intent,L2-R,iterative_resource_aware,4,10,0.76,0.01,1e-05,,0,False,TARGET_FIDELITY_UNREACHABLE,,,,0,0.00041,REJECTED,,,,,,,d6023524cac9554649e8b9b6c03d887f613256e4,1f2680a5b9065e708a7497adc53a95b108029b98,3.13.14,2026-07-18T18:32:12.751596+00:00
P02b_resource_aware_planners,P02b_resource_aware_planners:four_node:88ccf029ea6a432e:L3:0:p02b-intent,four_node,88ccf029ea6a432e,0,p02b-intent,L3,probabilistic,4,10,0.76,0.01,1e-05,a -> r1 -> r2 -> b,3,True,,0.0,0.0020826396076948322,0.731541215616411,8,0.001497,VIOLATED,False,0,,,,0.305852,d6023524cac9554649e8b9b6c03d887f613256e4,1f2680a5b9065e708a7497adc53a95b108029b98,3.13.14,2026-07-18T18:32:13.075005+00:00
P02b_resource_aware_planners,P02b_resource_aware_planners:four_node:88ccf029ea6a432e:L3:1:p02b-intent,four_node,88ccf029ea6a432e,1,p02b-intent,L3,probabilistic,4,10,0.76,0.01,1e-05,a -> r1 -> r2 -> b,3,True,,0.0,0.0020826396076948322,0.731541215616411,8,0.000938,VIOLATED,False,0,,,,0.351334,d6023524cac9554649e8b9b6c03d887f613256e4,1f2680a5b9065e708a7497adc53a95b108029b98,3.13.14,2026-07-18T18:32:13.441737+00:00
P02b_resource_aware_planners,P02b_resource_aware_planners:four_node:88ccf029ea6a432e:L3:2:p02b-intent,four_node,88ccf029ea6a432e,2,p02b-intent,L3,probabilistic,4,10,0.76,0.01,1e-05,a -> r1 -> r2 -> b,3,True,,0.0,0.0020826396076948322,0.731541215616411,8,0.001727,VIOLATED,False,0,,,,0.262326,d6023524cac9554649e8b9b6c03d887f613256e4,1f2680a5b9065e708a7497adc53a95b108029b98,3.13.14,2026-07-18T18:32:13.722079+00:00
P02b_resource_aware_planners,P02b_resource_aware_planners:four_node:88ccf029ea6a432e:L3:3:p02b-intent,four_node,88ccf029ea6a432e,3,p02b-intent,L3,probabilistic,4,10,0.76,0.01,1e-05,a -> r1 -> r2 -> b,3,True,,0.0,0.0020826396076948322,0.731541215616411,8,0.001148,VIOLATED,False,0,,,,0.312169,d6023524cac9554649e8b9b6c03d887f613256e4,1f2680a5b9065e708a7497adc53a95b108029b98,3.13.14,2026-07-18T18:32:14.045831+00:00
P02b_resource_aware_planners,P02b_resource_aware_planners:four_node:88ccf029ea6a432e:L3:4:p02b-intent,four_node,88ccf029ea6a432e,4,p02b-intent,L3,probabilistic,4,10,0.76,0.01,1e-05,a -> r1 -> r2 -> b,3,True,,0.0,0.0020826396076948322,0.731541215616411,8,0.000852,VIOLATED,False,0,,,,0.249539,d6023524cac9554649e8b9b6c03d887f613256e4,1f2680a5b9065e708a7497adc53a95b108029b98,3.13.14,2026-07-18T18:32:14.309775+00:00
P02b_resource_aware_planners,P02b_resource_aware_planners:four_node:88ccf029ea6a432e:L3:5:p02b-intent,four_node,88ccf029ea6a432e,5,p02b-intent,L3,probabilistic,4,10,0.76,0.01,1e-05,a -> r1 -> r2 -> b,3,True,,0.0,0.0020826396076948322,0.731541215616411,8,0.000852,VIOLATED,False,0,,,,0.32583,d6023524cac9554649e8b9b6c03d887f613256e4,1f2680a5b9065e708a7497adc53a95b108029b98,3.13.14,2026-07-18T18:32:14.652349+00:00
P02b_resource_aware_planners,P02b_resource_aware_planners:four_node:88ccf029ea6a432e:L3:6:p02b-intent,four_node,88ccf029ea6a432e,6,p02b-intent,L3,probabilistic,4,10,0.76,0.01,1e-05,a -> r1 -> r2 -> b,3,True,,0.0,0.0020826396076948322,0.731541215616411,8,0.001411,VIOLATED,False,0,,,,0.365177,d6023524cac9554649e8b9b6c03d887f613256e4,1f2680a5b9065e708a7497adc53a95b108029b98,3.13.14,2026-07-18T18:32:15.039915+00:00
P02b_resource_aware_planners,P02b_resource_aware_planners:four_node:88ccf029ea6a432e:L3:7:p02b-intent,four_node,88ccf029ea6a432e,7,p02b-intent,L3,probabilistic,4,10,0.76,0.01,1e-05,a -> r1 -> r2 -> b,3,True,,0.0,0.0020826396076948322,0.731541215616411,8,0.004111,VIOLATED,False,0,,,,0.331375,d6023524cac9554649e8b9b6c03d887f613256e4,1f2680a5b9065e708a7497adc53a95b108029b98,3.13.14,2026-07-18T18:32:15.401910+00:00
P02b_resource_aware_planners,P02b_resource_aware_planners:four_node:88ccf029ea6a432e:L3:8:p02b-intent,four_node,88ccf029ea6a432e,8,p02b-intent,L3,probabilistic,4,10,0.76,0.01,1e-05,a -> r1 -> r2 -> b,3,True,,0.0,0.0020826396076948322,0.731541215616411,8,0.001995,VIOLATED,False,0,,,,0.440599,d6023524cac9554649e8b9b6c03d887f613256e4,1f2680a5b9065e708a7497adc53a95b108029b98,3.13.14,2026-07-18T18:32:15.862380+00:00
P02b_resource_aware_planners,P02b_resource_aware_planners:four_node:88ccf029ea6a432e:L3:9:p02b-intent,four_node,88ccf029ea6a432e,9,p02b-intent,L3,probabilistic,4,10,0.76,0.01,1e-05,a -> r1 -> r2 -> b,3,True,,0.0,0.0020826396076948322,0.731541215616411,8,0.001105,VIOLATED,False,0,,,,0.384084,d6023524cac9554649e8b9b6c03d887f613256e4,1f2680a5b9065e708a7497adc53a95b108029b98,3.13.14,2026-07-18T18:32:16.260995+00:00
P02b_resource_aware_planners,P02b_resource_aware_planners:four_node:88ccf029ea6a432e:L3-R:0:p02b-intent,four_node,88ccf029ea6a432e,0,p02b-intent,L3-R,probabilistic_resource_aware,4,10,0.76,0.01,1e-05,a -> r1 -> r2 -> b,3,True,,0.0,0.00027768528102597767,0.731541215616411,8,0.001624,VIOLATED,False,0,,,,0.31037,d6023524cac9554649e8b9b6c03d887f613256e4,1f2680a5b9065e708a7497adc53a95b108029b98,3.13.14,2026-07-18T18:32:16.591859+00:00
P02b_resource_aware_planners,P02b_resource_aware_planners:four_node:88ccf029ea6a432e:L3-R:1:p02b-intent,four_node,88ccf029ea6a432e,1,p02b-intent,L3-R,probabilistic_resource_aware,4,10,0.76,0.01,1e-05,a -> r1 -> r2 -> b,3,True,,0.0,0.00027768528102597767,0.731541215616411,8,0.001716,VIOLATED,False,0,,,,0.394684,d6023524cac9554649e8b9b6c03d887f613256e4,1f2680a5b9065e708a7497adc53a95b108029b98,3.13.14,2026-07-18T18:32:17.007161+00:00
P02b_resource_aware_planners,P02b_resource_aware_planners:four_node:88ccf029ea6a432e:L3-R:2:p02b-intent,four_node,88ccf029ea6a432e,2,p02b-intent,L3-R,probabilistic_resource_aware,4,10,0.76,0.01,1e-05,a -> r1 -> r2 -> b,3,True,,0.0,0.00027768528102597767,0.731541215616411,8,0.001415,VIOLATED,False,0,,,,0.299552,d6023524cac9554649e8b9b6c03d887f613256e4,1f2680a5b9065e708a7497adc53a95b108029b98,3.13.14,2026-07-18T18:32:17.321353+00:00
P02b_resource_aware_planners,P02b_resource_aware_planners:four_node:88ccf029ea6a432e:L3-R:3:p02b-intent,four_node,88ccf029ea6a432e,3,p02b-intent,L3-R,probabilistic_resource_aware,4,10,0.76,0.01,1e-05,a -> r1 -> r2 -> b,3,True,,0.0,0.00027768528102597767,0.731541215616411,8,0.000957,VIOLATED,False,0,,,,0.311595,d6023524cac9554649e8b9b6c03d887f613256e4,1f2680a5b9065e708a7497adc53a95b108029b98,3.13.14,2026-07-18T18:32:17.646931+00:00
P02b_resource_aware_planners,P02b_resource_aware_planners:four_node:88ccf029ea6a432e:L3-R:4:p02b-intent,four_node,88ccf029ea6a432e,4,p02b-intent,L3-R,probabilistic_resource_aware,4,10,0.76,0.01,1e-05,a -> r1 -> r2 -> b,3,True,,0.0,0.00027768528102597767,0.731541215616411,8,0.000895,VIOLATED,False,0,,,,0.330572,d6023524cac9554649e8b9b6c03d887f613256e4,1f2680a5b9065e708a7497adc53a95b108029b98,3.13.14,2026-07-18T18:32:17.990810+00:00
P02b_resource_aware_planners,P02b_resource_aware_planners:four_node:88ccf029ea6a432e:L3-R:5:p02b-intent,four_node,88ccf029ea6a432e,5,p02b-intent,L3-R,probabilistic_resource_aware,4,10,0.76,0.01,1e-05,a -> r1 -> r2 -> b,3,True,,0.0,0.00027768528102597767,0.731541215616411,8,0.001801,VIOLATED,False,0,,,,0.399043,d6023524cac9554649e8b9b6c03d887f613256e4,1f2680a5b9065e708a7497adc53a95b108029b98,3.13.14,2026-07-18T18:32:18.411389+00:00
P02b_resource_aware_planners,P02b_resource_aware_planners:four_node:88ccf029ea6a432e:L3-R:6:p02b-intent,four_node,88ccf029ea6a432e,6,p02b-intent,L3-R,probabilistic_resource_aware,4,10,0.76,0.01,1e-05,a -> r1 -> r2 -> b,3,True,,0.0,0.00027768528102597767,0.731541215616411,8,0.001793,VIOLATED,False,0,,,,0.433011,d6023524cac9554649e8b9b6c03d887f613256e4,1f2680a5b9065e708a7497adc53a95b108029b98,3.13.14,2026-07-18T18:32:18.865502+00:00
P02b_resource_aware_planners,P02b_resource_aware_planners:four_node:88ccf029ea6a432e:L3-R:7:p02b-intent,four_node,88ccf029ea6a432e,7,p02b-intent,L3-R,probabilistic_resource_aware,4,10,0.76,0.01,1e-05,a -> r1 -> r2 -> b,3,True,,0.0,0.00027768528102597767,0.731541215616411,8,0.001048,VIOLATED,False,0,,,,0.368114,d6023524cac9554649e8b9b6c03d887f613256e4,1f2680a5b9065e708a7497adc53a95b108029b98,3.13.14,2026-07-18T18:32:19.248695+00:00
P02b_resource_aware_planners,P02b_resource_aware_planners:four_node:88ccf029ea6a432e:L3-R:8:p02b-intent,four_node,88ccf029ea6a432e,8,p02b-intent,L3-R,probabilistic_resource_aware,4,10,0.76,0.01,1e-05,a -> r1 -> r2 -> b,3,True,,0.0,0.00027768528102597767,0.731541215616411,8,0.001429,VIOLATED,False,0,,,,0.422815,d6023524cac9554649e8b9b6c03d887f613256e4,1f2680a5b9065e708a7497adc53a95b108029b98,3.13.14,2026-07-18T18:32:19.690549+00:00
P02b_resource_aware_planners,P02b_resource_aware_planners:four_node:88ccf029ea6a432e:L3-R:9:p02b-intent,four_node,88ccf029ea6a432e,9,p02b-intent,L3-R,probabilistic_resource_aware,4,10,0.76,0.01,1e-05,a -> r1 -> r2 -> b,3,True,,0.0,0.00027768528102597767,0.731541215616411,8,0.001813,VIOLATED,False,0,,,,0.655273,d6023524cac9554649e8b9b6c03d887f613256e4,1f2680a5b9065e708a7497adc53a95b108029b98,3.13.14,2026-07-18T18:32:20.366976+00:00
P02b_resource_aware_planners,P02b_resource_aware_planners:diamond_heterogeneous:a219379835047637:L1:0:p02b-intent,diamond_heterogeneous,a219379835047637,0,p02b-intent,L1,conservative_one_round,10,10,0.55,0.05,0.02,r1 -> bad -> r3,2,True,,,,0.6863749999999998,0,0.000591,VIOLATED,False,1,0.7695,0.7695,0.08312500000000012,3.358028,d6023524cac9554649e8b9b6c03d887f613256e4,1f2680a5b9065e708a7497adc53a95b108029b98,3.13.14,2026-07-18T18:32:23.753157+00:00
P02b_resource_aware_planners,P02b_resource_aware_planners:diamond_heterogeneous:a219379835047637:L1:1:p02b-intent,diamond_heterogeneous,a219379835047637,1,p02b-intent,L1,conservative_one_round,10,10,0.55,0.05,0.02,r1 -> bad -> r3,2,True,,,,0.6863749999999998,0,0.000872,VIOLATED,False,3,0.7695,0.7695,0.08312500000000012,3.285419,d6023524cac9554649e8b9b6c03d887f613256e4,1f2680a5b9065e708a7497adc53a95b108029b98,3.13.14,2026-07-18T18:32:27.067434+00:00
P02b_resource_aware_planners,P02b_resource_aware_planners:diamond_heterogeneous:a219379835047637:L1:2:p02b-intent,diamond_heterogeneous,a219379835047637,2,p02b-intent,L1,conservative_one_round,10,10,0.55,0.05,0.02,r1 -> bad -> r3,2,True,,,,0.6863749999999998,0,0.000841,VIOLATED,False,4,0.7695,0.7695,0.08312500000000012,3.848674,d6023524cac9554649e8b9b6c03d887f613256e4,1f2680a5b9065e708a7497adc53a95b108029b98,3.13.14,2026-07-18T18:32:30.942368+00:00
P02b_resource_aware_planners,P02b_resource_aware_planners:diamond_heterogeneous:a219379835047637:L1:3:p02b-intent,diamond_heterogeneous,a219379835047637,3,p02b-intent,L1,conservative_one_round,10,10,0.55,0.05,0.02,r1 -> bad -> r3,2,True,,,,0.6863749999999998,0,0.000673,VIOLATED,False,3,0.7695,0.7695,0.08312500000000012,3.139972,d6023524cac9554649e8b9b6c03d887f613256e4,1f2680a5b9065e708a7497adc53a95b108029b98,3.13.14,2026-07-18T18:32:34.103563+00:00
P02b_resource_aware_planners,P02b_resource_aware_planners:diamond_heterogeneous:a219379835047637:L1:4:p02b-intent,diamond_heterogeneous,a219379835047637,4,p02b-intent,L1,conservative_one_round,10,10,0.55,0.05,0.02,r1 -> bad -> r3,2,True,,,,0.6863749999999998,0,0.000768,VIOLATED,False,7,0.7695,0.7695,0.08312500000000012,3.026415,d6023524cac9554649e8b9b6c03d887f613256e4,1f2680a5b9065e708a7497adc53a95b108029b98,3.13.14,2026-07-18T18:32:37.156422+00:00
P02b_resource_aware_planners,P02b_resource_aware_planners:diamond_heterogeneous:a219379835047637:L1:5:p02b-intent,diamond_heterogeneous,a219379835047637,5,p02b-intent,L1,conservative_one_round,10,10,0.55,0.05,0.02,r1 -> bad -> r3,2,True,,,,0.6863749999999998,0,0.00072,VIOLATED,False,2,0.7695,0.7695,0.08312500000000012,3.345993,d6023524cac9554649e8b9b6c03d887f613256e4,1f2680a5b9065e708a7497adc53a95b108029b98,3.13.14,2026-07-18T18:32:40.525441+00:00
P02b_resource_aware_planners,P02b_resource_aware_planners:diamond_heterogeneous:a219379835047637:L1:6:p02b-intent,diamond_heterogeneous,a219379835047637,6,p02b-intent,L1,conservative_one_round,10,10,0.55,0.05,0.02,r1 -> bad -> r3,2,True,,,,0.6863749999999998,0,0.000887,VIOLATED,False,3,0.7695,0.7695,0.08312500000000012,3.45972,d6023524cac9554649e8b9b6c03d887f613256e4,1f2680a5b9065e708a7497adc53a95b108029b98,3.13.14,2026-07-18T18:32:44.010670+00:00
P02b_resource_aware_planners,P02b_resource_aware_planners:diamond_heterogeneous:a219379835047637:L1:7:p02b-intent,diamond_heterogeneous,a219379835047637,7,p02b-intent,L1,conservative_one_round,10,10,0.55,0.05,0.02,r1 -> bad -> r3,2,True,,,,0.6863749999999998,0,0.000948,VIOLATED,False,1,0.7695,0.7695,0.08312500000000012,2.885084,d6023524cac9554649e8b9b6c03d887f613256e4,1f2680a5b9065e708a7497adc53a95b108029b98,3.13.14,2026-07-18T18:32:46.918179+00:00
P02b_resource_aware_planners,P02b_resource_aware_planners:diamond_heterogeneous:a219379835047637:L1:8:p02b-intent,diamond_heterogeneous,a219379835047637,8,p02b-intent,L1,conservative_one_round,10,10,0.55,0.05,0.02,r1 -> bad -> r3,2,True,,,,0.6863749999999998,0,0.000857,VIOLATED,False,1,0.7695,0.7695,0.08312500000000012,3.275024,d6023524cac9554649e8b9b6c03d887f613256e4,1f2680a5b9065e708a7497adc53a95b108029b98,3.13.14,2026-07-18T18:32:50.217787+00:00
P02b_resource_aware_planners,P02b_resource_aware_planners:diamond_heterogeneous:a219379835047637:L1:9:p02b-intent,diamond_heterogeneous,a219379835047637,9,p02b-intent,L1,conservative_one_round,10,10,0.55,0.05,0.02,r1 -> bad -> r3,2,True,,,,0.6863749999999998,0,0.000638,VIOLATED,False,4,0.7695,0.7695,0.08312500000000012,3.473845,d6023524cac9554649e8b9b6c03d887f613256e4,1f2680a5b9065e708a7497adc53a95b108029b98,3.13.14,2026-07-18T18:32:53.712986+00:00
P02b_resource_aware_planners,P02b_resource_aware_planners:diamond_heterogeneous:a219379835047637:L2:0:p02b-intent,diamond_heterogeneous,a219379835047637,0,p02b-intent,L2,iterative_analytical,10,10,0.55,0.05,0.02,r1 -> bad -> r3,2,True,,,,0.6863749999999998,0,0.001073,VIOLATED,False,1,0.7695,0.7695,0.08312500000000012,3.165572,d6023524cac9554649e8b9b6c03d887f613256e4,1f2680a5b9065e708a7497adc53a95b108029b98,3.13.14,2026-07-18T18:32:56.906846+00:00
P02b_resource_aware_planners,P02b_resource_aware_planners:diamond_heterogeneous:a219379835047637:L2:1:p02b-intent,diamond_heterogeneous,a219379835047637,1,p02b-intent,L2,iterative_analytical,10,10,0.55,0.05,0.02,r1 -> bad -> r3,2,True,,,,0.6863749999999998,0,0.000858,VIOLATED,False,3,0.7695,0.7695,0.08312500000000012,3.088441,d6023524cac9554649e8b9b6c03d887f613256e4,1f2680a5b9065e708a7497adc53a95b108029b98,3.13.14,2026-07-18T18:33:00.016379+00:00
P02b_resource_aware_planners,P02b_resource_aware_planners:diamond_heterogeneous:a219379835047637:L2:2:p02b-intent,diamond_heterogeneous,a219379835047637,2,p02b-intent,L2,iterative_analytical,10,10,0.55,0.05,0.02,r1 -> bad -> r3,2,True,,,,0.6863749999999998,0,0.001166,VIOLATED,False,4,0.7695,0.7695,0.08312500000000012,4.113439,d6023524cac9554649e8b9b6c03d887f613256e4,1f2680a5b9065e708a7497adc53a95b108029b98,3.13.14,2026-07-18T18:33:04.160630+00:00
P02b_resource_aware_planners,P02b_resource_aware_planners:diamond_heterogeneous:a219379835047637:L2:3:p02b-intent,diamond_heterogeneous,a219379835047637,3,p02b-intent,L2,iterative_analytical,10,10,0.55,0.05,0.02,r1 -> bad -> r3,2,True,,,,0.6863749999999998,0,0.001392,VIOLATED,False,3,0.7695,0.7695,0.08312500000000012,3.459656,d6023524cac9554649e8b9b6c03d887f613256e4,1f2680a5b9065e708a7497adc53a95b108029b98,3.13.14,2026-07-18T18:33:07.664581+00:00
P02b_resource_aware_planners,P02b_resource_aware_planners:diamond_heterogeneous:a219379835047637:L2:4:p02b-intent,diamond_heterogeneous,a219379835047637,4,p02b-intent,L2,iterative_analytical,10,10,0.55,0.05,0.02,r1 -> bad -> r3,2,True,,,,0.6863749999999998,0,0.00056,VIOLATED,False,7,0.7695,0.7695,0.08312500000000012,3.436301,d6023524cac9554649e8b9b6c03d887f613256e4,1f2680a5b9065e708a7497adc53a95b108029b98,3.13.14,2026-07-18T18:33:11.118328+00:00
P02b_resource_aware_planners,P02b_resource_aware_planners:diamond_heterogeneous:a219379835047637:L2:5:p02b-intent,diamond_heterogeneous,a219379835047637,5,p02b-intent,L2,iterative_analytical,10,10,0.55,0.05,0.02,r1 -> bad -> r3,2,True,,,,0.6863749999999998,0,0.001017,VIOLATED,False,2,0.7695,0.7695,0.08312500000000012,3.188381,d6023524cac9554649e8b9b6c03d887f613256e4,1f2680a5b9065e708a7497adc53a95b108029b98,3.13.14,2026-07-18T18:33:14.330883+00:00
P02b_resource_aware_planners,P02b_resource_aware_planners:diamond_heterogeneous:a219379835047637:L2:6:p02b-intent,diamond_heterogeneous,a219379835047637,6,p02b-intent,L2,iterative_analytical,10,10,0.55,0.05,0.02,r1 -> bad -> r3,2,True,,,,0.6863749999999998,0,0.000623,VIOLATED,False,3,0.7695,0.7695,0.08312500000000012,3.494346,d6023524cac9554649e8b9b6c03d887f613256e4,1f2680a5b9065e708a7497adc53a95b108029b98,3.13.14,2026-07-18T18:33:17.843740+00:00
P02b_resource_aware_planners,P02b_resource_aware_planners:diamond_heterogeneous:a219379835047637:L2:7:p02b-intent,diamond_heterogeneous,a219379835047637,7,p02b-intent,L2,iterative_analytical,10,10,0.55,0.05,0.02,r1 -> bad -> r3,2,True,,,,0.6863749999999998,0,0.000667,VIOLATED,False,1,0.7695,0.7695,0.08312500000000012,2.770637,d6023524cac9554649e8b9b6c03d887f613256e4,1f2680a5b9065e708a7497adc53a95b108029b98,3.13.14,2026-07-18T18:33:20.632246+00:00
P02b_resource_aware_planners,P02b_resource_aware_planners:diamond_heterogeneous:a219379835047637:L2:8:p02b-intent,diamond_heterogeneous,a219379835047637,8,p02b-intent,L2,iterative_analytical,10,10,0.55,0.05,0.02,r1 -> bad -> r3,2,True,,,,0.6863749999999998,0,0.001003,VIOLATED,False,1,0.7695,0.7695,0.08312500000000012,3.362624,d6023524cac9554649e8b9b6c03d887f613256e4,1f2680a5b9065e708a7497adc53a95b108029b98,3.13.14,2026-07-18T18:33:24.018202+00:00
P02b_resource_aware_planners,P02b_resource_aware_planners:diamond_heterogeneous:a219379835047637:L2:9:p02b-intent,diamond_heterogeneous,a219379835047637,9,p02b-intent,L2,iterative_analytical,10,10,0.55,0.05,0.02,r1 -> bad -> r3,2,True,,,,0.6863749999999998,0,0.00097,VIOLATED,False,4,0.7695,0.7695,0.08312500000000012,3.452708,d6023524cac9554649e8b9b6c03d887f613256e4,1f2680a5b9065e708a7497adc53a95b108029b98,3.13.14,2026-07-18T18:33:27.497978+00:00
P02b_resource_aware_planners,P02b_resource_aware_planners:diamond_heterogeneous:a219379835047637:L2-R:0:p02b-intent,diamond_heterogeneous,a219379835047637,0,p02b-intent,L2-R,iterative_resource_aware,10,10,0.55,0.05,0.02,r1 -> good1 -> good2 -> r3,3,True,,,41.0,0.586850625,0,0.000367,SATISFIED,True,221,0.6579225,0.6579225,0.071071875,7.886643,d6023524cac9554649e8b9b6c03d887f613256e4,1f2680a5b9065e708a7497adc53a95b108029b98,3.13.14,2026-07-18T18:33:35.404034+00:00
P02b_resource_aware_planners,P02b_resource_aware_planners:diamond_heterogeneous:a219379835047637:L2-R:1:p02b-intent,diamond_heterogeneous,a219379835047637,1,p02b-intent,L2-R,iterative_resource_aware,10,10,0.55,0.05,0.02,r1 -> good1 -> good2 -> r3,3,True,,,41.0,0.586850625,0,0.000602,SATISFIED,True,217,0.6579225,0.6579225,0.071071875,7.704526,d6023524cac9554649e8b9b6c03d887f613256e4,1f2680a5b9065e708a7497adc53a95b108029b98,3.13.14,2026-07-18T18:33:43.135822+00:00
P02b_resource_aware_planners,P02b_resource_aware_planners:diamond_heterogeneous:a219379835047637:L2-R:2:p02b-intent,diamond_heterogeneous,a219379835047637,2,p02b-intent,L2-R,iterative_resource_aware,10,10,0.55,0.05,0.02,r1 -> good1 -> good2 -> r3,3,True,,,41.0,0.586850625,0,0.000548,SATISFIED,True,231,0.6579225,0.6579225,0.071071875,8.13911,d6023524cac9554649e8b9b6c03d887f613256e4,1f2680a5b9065e708a7497adc53a95b108029b98,3.13.14,2026-07-18T18:33:51.301962+00:00
P02b_resource_aware_planners,P02b_resource_aware_planners:diamond_heterogeneous:a219379835047637:L2-R:3:p02b-intent,diamond_heterogeneous,a219379835047637,3,p02b-intent,L2-R,iterative_resource_aware,10,10,0.55,0.05,0.02,r1 -> good1 -> good2 -> r3,3,True,,,41.0,0.586850625,0,0.000404,SATISFIED,True,220,0.6579224999999999,0.6579224999999999,0.0710718749999999,8.322546,d6023524cac9554649e8b9b6c03d887f613256e4,1f2680a5b9065e708a7497adc53a95b108029b98,3.13.14,2026-07-18T18:33:59.650557+00:00
P02b_resource_aware_planners,P02b_resource_aware_planners:diamond_heterogeneous:a219379835047637:L2-R:4:p02b-intent,diamond_heterogeneous,a219379835047637,4,p02b-intent,L2-R,iterative_resource_aware,10,10,0.55,0.05,0.02,r1 -> good1 -> good2 -> r3,3,True,,,41.0,0.586850625,0,0.000631,SATISFIED,True,224,0.6579225,0.6579225,0.071071875,7.776462,d6023524cac9554649e8b9b6c03d887f613256e4,1f2680a5b9065e708a7497adc53a95b108029b98,3.13.14,2026-07-18T18:34:07.456608+00:00
P02b_resource_aware_planners,P02b_resource_aware_planners:diamond_heterogeneous:a219379835047637:L2-R:5:p02b-intent,diamond_heterogeneous,a219379835047637,5,p02b-intent,L2-R,iterative_resource_aware,10,10,0.55,0.05,0.02,r1 -> good1 -> good2 -> r3,3,True,,,41.0,0.586850625,0,0.000286,SATISFIED,True,205,0.6579225,0.6579225,0.071071875,6.774484,d6023524cac9554649e8b9b6c03d887f613256e4,1f2680a5b9065e708a7497adc53a95b108029b98,3.13.14,2026-07-18T18:34:14.250190+00:00
P02b_resource_aware_planners,P02b_resource_aware_planners:diamond_heterogeneous:a219379835047637:L2-R:6:p02b-intent,diamond_heterogeneous,a219379835047637,6,p02b-intent,L2-R,iterative_resource_aware,10,10,0.55,0.05,0.02,r1 -> good1 -> good2 -> r3,3,True,,,41.0,0.586850625,0,0.000495,SATISFIED,True,223,0.6579225,0.6579225,0.071071875,6.450895,d6023524cac9554649e8b9b6c03d887f613256e4,1f2680a5b9065e708a7497adc53a95b108029b98,3.13.14,2026-07-18T18:34:20.721367+00:00
P02b_resource_aware_planners,P02b_resource_aware_planners:diamond_heterogeneous:a219379835047637:L2-R:7:p02b-intent,diamond_heterogeneous,a219379835047637,7,p02b-intent,L2-R,iterative_resource_aware,10,10,0.55,0.05,0.02,r1 -> good1 -> good2 -> r3,3,True,,,41.0,0.586850625,0,0.000289,SATISFIED,True,214,0.6579225,0.6579225,0.071071875,6.241827,d6023524cac9554649e8b9b6c03d887f613256e4,1f2680a5b9065e708a7497adc53a95b108029b98,3.13.14,2026-07-18T18:34:26.982257+00:00
P02b_resource_aware_planners,P02b_resource_aware_planners:diamond_heterogeneous:a219379835047637:L2-R:8:p02b-intent,diamond_heterogeneous,a219379835047637,8,p02b-intent,L2-R,iterative_resource_aware,10,10,0.55,0.05,0.02,r1 -> good1 -> good2 -> r3,3,True,,,41.0,0.586850625,0,0.000463,SATISFIED,True,220,0.6579224999999999,0.6579224999999999,0.0710718749999999,7.849344,d6023524cac9554649e8b9b6c03d887f613256e4,1f2680a5b9065e708a7497adc53a95b108029b98,3.13.14,2026-07-18T18:34:34.862953+00:00
P02b_resource_aware_planners,P02b_resource_aware_planners:diamond_heterogeneous:a219379835047637:L2-R:9:p02b-intent,diamond_heterogeneous,a219379835047637,9,p02b-intent,L2-R,iterative_resource_aware,10,10,0.55,0.05,0.02,r1 -> good1 -> good2 -> r3,3,True,,,41.0,0.586850625,0,0.000456,SATISFIED,True,214,0.6579225,0.6579225,0.071071875,7.714156,d6023524cac9554649e8b9b6c03d887f613256e4,1f2680a5b9065e708a7497adc53a95b108029b98,3.13.14,2026-07-18T18:34:42.605618+00:00
P02b_resource_aware_planners,P02b_resource_aware_planners:diamond_heterogeneous:a219379835047637:L3:0:p02b-intent,diamond_heterogeneous,a219379835047637,0,p02b-intent,L3,probabilistic,10,10,0.55,0.05,0.02,r1 -> good1 -> good2 -> r3,3,True,,1.0,311.4225250421151,0.586850625,0,0.004052,SATISFIED,True,221,0.6579225,0.6579225,0.071071875,7.721362,d6023524cac9554649e8b9b6c03d887f613256e4,1f2680a5b9065e708a7497adc53a95b108029b98,3.13.14,2026-07-18T18:34:50.358506+00:00
P02b_resource_aware_planners,P02b_resource_aware_planners:diamond_heterogeneous:a219379835047637:L3:1:p02b-intent,diamond_heterogeneous,a219379835047637,1,p02b-intent,L3,probabilistic,10,10,0.55,0.05,0.02,r1 -> good1 -> good2 -> r3,3,True,,1.0,311.4225250421151,0.586850625,0,0.002495,SATISFIED,True,217,0.6579225,0.6579225,0.071071875,7.2164,d6023524cac9554649e8b9b6c03d887f613256e4,1f2680a5b9065e708a7497adc53a95b108029b98,3.13.14,2026-07-18T18:34:57.606744+00:00
P02b_resource_aware_planners,P02b_resource_aware_planners:diamond_heterogeneous:a219379835047637:L3:2:p02b-intent,diamond_heterogeneous,a219379835047637,2,p02b-intent,L3,probabilistic,10,10,0.55,0.05,0.02,r1 -> good1 -> good2 -> r3,3,True,,1.0,311.4225250421151,0.586850625,0,0.002751,SATISFIED,True,231,0.6579225,0.6579225,0.071071875,7.794909,d6023524cac9554649e8b9b6c03d887f613256e4,1f2680a5b9065e708a7497adc53a95b108029b98,3.13.14,2026-07-18T18:35:05.433354+00:00
P02b_resource_aware_planners,P02b_resource_aware_planners:diamond_heterogeneous:a219379835047637:L3:3:p02b-intent,diamond_heterogeneous,a219379835047637,3,p02b-intent,L3,probabilistic,10,10,0.55,0.05,0.02,r1 -> good1 -> good2 -> r3,3,True,,1.0,311.4225250421151,0.586850625,0,0.002038,SATISFIED,True,220,0.6579224999999999,0.6579224999999999,0.0710718749999999,7.870067,d6023524cac9554649e8b9b6c03d887f613256e4,1f2680a5b9065e708a7497adc53a95b108029b98,3.13.14,2026-07-18T18:35:13.333134+00:00
P02b_resource_aware_planners,P02b_resource_aware_planners:diamond_heterogeneous:a219379835047637:L3:4:p02b-intent,diamond_heterogeneous,a219379835047637,4,p02b-intent,L3,probabilistic,10,10,0.55,0.05,0.02,r1 -> good1 -> good2 -> r3,3,True,,1.0,311.4225250421151,0.586850625,0,0.002192,SATISFIED,True,224,0.6579225,0.6579225,0.071071875,7.850226,d6023524cac9554649e8b9b6c03d887f613256e4,1f2680a5b9065e708a7497adc53a95b108029b98,3.13.14,2026-07-18T18:35:21.210839+00:00
P02b_resource_aware_planners,P02b_resource_aware_planners:diamond_heterogeneous:a219379835047637:L3:5:p02b-intent,diamond_heterogeneous,a219379835047637,5,p02b-intent,L3,probabilistic,10,10,0.55,0.05,0.02,r1 -> good1 -> good2 -> r3,3,True,,1.0,311.4225250421151,0.586850625,0,0.003578,SATISFIED,True,205,0.6579225,0.6579225,0.071071875,7.873533,d6023524cac9554649e8b9b6c03d887f613256e4,1f2680a5b9065e708a7497adc53a95b108029b98,3.13.14,2026-07-18T18:35:29.121186+00:00
P02b_resource_aware_planners,P02b_resource_aware_planners:diamond_heterogeneous:a219379835047637:L3:6:p02b-intent,diamond_heterogeneous,a219379835047637,6,p02b-intent,L3,probabilistic,10,10,0.55,0.05,0.02,r1 -> good1 -> good2 -> r3,3,True,,1.0,311.4225250421151,0.586850625,0,0.002701,SATISFIED,True,223,0.6579225,0.6579225,0.071071875,8.318985,d6023524cac9554649e8b9b6c03d887f613256e4,1f2680a5b9065e708a7497adc53a95b108029b98,3.13.14,2026-07-18T18:35:37.469961+00:00
P02b_resource_aware_planners,P02b_resource_aware_planners:diamond_heterogeneous:a219379835047637:L3:7:p02b-intent,diamond_heterogeneous,a219379835047637,7,p02b-intent,L3,probabilistic,10,10,0.55,0.05,0.02,r1 -> good1 -> good2 -> r3,3,True,,1.0,311.4225250421151,0.586850625,0,0.002046,SATISFIED,True,214,0.6579225,0.6579225,0.071071875,7.646347,d6023524cac9554649e8b9b6c03d887f613256e4,1f2680a5b9065e708a7497adc53a95b108029b98,3.13.14,2026-07-18T18:35:45.139570+00:00
P02b_resource_aware_planners,P02b_resource_aware_planners:diamond_heterogeneous:a219379835047637:L3:8:p02b-intent,diamond_heterogeneous,a219379835047637,8,p02b-intent,L3,probabilistic,10,10,0.55,0.05,0.02,r1 -> good1 -> good2 -> r3,3,True,,1.0,311.4225250421151,0.586850625,0,0.001813,SATISFIED,True,220,0.6579224999999999,0.6579224999999999,0.0710718749999999,7.637807,d6023524cac9554649e8b9b6c03d887f613256e4,1f2680a5b9065e708a7497adc53a95b108029b98,3.13.14,2026-07-18T18:35:52.801202+00:00
P02b_resource_aware_planners,P02b_resource_aware_planners:diamond_heterogeneous:a219379835047637:L3:9:p02b-intent,diamond_heterogeneous,a219379835047637,9,p02b-intent,L3,probabilistic,10,10,0.55,0.05,0.02,r1 -> good1 -> good2 -> r3,3,True,,1.0,311.4225250421151,0.586850625,0,0.002616,SATISFIED,True,214,0.6579225,0.6579225,0.071071875,7.722807,d6023524cac9554649e8b9b6c03d887f613256e4,1f2680a5b9065e708a7497adc53a95b108029b98,3.13.14,2026-07-18T18:36:00.553282+00:00
P02b_resource_aware_planners,P02b_resource_aware_planners:diamond_heterogeneous:a219379835047637:L3-R:0:p02b-intent,diamond_heterogeneous,a219379835047637,0,p02b-intent,L3-R,probabilistic_resource_aware,10,10,0.55,0.05,0.02,r1 -> good1 -> good2 -> r3,3,True,,0.9999999988134173,41.52300333894869,0.586850625,0,0.002649,SATISFIED,True,221,0.6579225,0.6579225,0.071071875,7.435806,d6023524cac9554649e8b9b6c03d887f613256e4,1f2680a5b9065e708a7497adc53a95b108029b98,3.13.14,2026-07-18T18:36:08.018165+00:00
P02b_resource_aware_planners,P02b_resource_aware_planners:diamond_heterogeneous:a219379835047637:L3-R:1:p02b-intent,diamond_heterogeneous,a219379835047637,1,p02b-intent,L3-R,probabilistic_resource_aware,10,10,0.55,0.05,0.02,r1 -> good1 -> good2 -> r3,3,True,,0.9999999988134173,41.52300333894869,0.586850625,0,0.001809,SATISFIED,True,217,0.6579225,0.6579225,0.071071875,7.437971,d6023524cac9554649e8b9b6c03d887f613256e4,1f2680a5b9065e708a7497adc53a95b108029b98,3.13.14,2026-07-18T18:36:15.479697+00:00
P02b_resource_aware_planners,P02b_resource_aware_planners:diamond_heterogeneous:a219379835047637:L3-R:2:p02b-intent,diamond_heterogeneous,a219379835047637,2,p02b-intent,L3-R,probabilistic_resource_aware,10,10,0.55,0.05,0.02,r1 -> good1 -> good2 -> r3,3,True,,0.9999999988134173,41.52300333894869,0.586850625,0,0.002172,SATISFIED,True,231,0.6579225,0.6579225,0.071071875,7.876022,d6023524cac9554649e8b9b6c03d887f613256e4,1f2680a5b9065e708a7497adc53a95b108029b98,3.13.14,2026-07-18T18:36:23.380474+00:00
P02b_resource_aware_planners,P02b_resource_aware_planners:diamond_heterogeneous:a219379835047637:L3-R:3:p02b-intent,diamond_heterogeneous,a219379835047637,3,p02b-intent,L3-R,probabilistic_resource_aware,10,10,0.55,0.05,0.02,r1 -> good1 -> good2 -> r3,3,True,,0.9999999988134173,41.52300333894869,0.586850625,0,0.002413,SATISFIED,True,220,0.6579224999999999,0.6579224999999999,0.0710718749999999,7.612084,d6023524cac9554649e8b9b6c03d887f613256e4,1f2680a5b9065e708a7497adc53a95b108029b98,3.13.14,2026-07-18T18:36:31.018222+00:00
P02b_resource_aware_planners,P02b_resource_aware_planners:diamond_heterogeneous:a219379835047637:L3-R:4:p02b-intent,diamond_heterogeneous,a219379835047637,4,p02b-intent,L3-R,probabilistic_resource_aware,10,10,0.55,0.05,0.02,r1 -> good1 -> good2 -> r3,3,True,,0.9999999988134173,41.52300333894869,0.586850625,0,0.001615,SATISFIED,True,224,0.6579225,0.6579225,0.071071875,7.869522,d6023524cac9554649e8b9b6c03d887f613256e4,1f2680a5b9065e708a7497adc53a95b108029b98,3.13.14,2026-07-18T18:36:38.911266+00:00
P02b_resource_aware_planners,P02b_resource_aware_planners:diamond_heterogeneous:a219379835047637:L3-R:5:p02b-intent,diamond_heterogeneous,a219379835047637,5,p02b-intent,L3-R,probabilistic_resource_aware,10,10,0.55,0.05,0.02,r1 -> good1 -> good2 -> r3,3,True,,0.9999999988134173,41.52300333894869,0.586850625,0,0.002601,SATISFIED,True,205,0.6579225,0.6579225,0.071071875,7.1183,d6023524cac9554649e8b9b6c03d887f613256e4,1f2680a5b9065e708a7497adc53a95b108029b98,3.13.14,2026-07-18T18:36:46.058236+00:00
P02b_resource_aware_planners,P02b_resource_aware_planners:diamond_heterogeneous:a219379835047637:L3-R:6:p02b-intent,diamond_heterogeneous,a219379835047637,6,p02b-intent,L3-R,probabilistic_resource_aware,10,10,0.55,0.05,0.02,r1 -> good1 -> good2 -> r3,3,True,,0.9999999988134173,41.52300333894869,0.586850625,0,0.002401,SATISFIED,True,223,0.6579225,0.6579225,0.071071875,7.781178,d6023524cac9554649e8b9b6c03d887f613256e4,1f2680a5b9065e708a7497adc53a95b108029b98,3.13.14,2026-07-18T18:36:53.868466+00:00
P02b_resource_aware_planners,P02b_resource_aware_planners:diamond_heterogeneous:a219379835047637:L3-R:7:p02b-intent,diamond_heterogeneous,a219379835047637,7,p02b-intent,L3-R,probabilistic_resource_aware,10,10,0.55,0.05,0.02,r1 -> good1 -> good2 -> r3,3,True,,0.9999999988134173,41.52300333894869,0.586850625,0,0.002593,SATISFIED,True,214,0.6579225,0.6579225,0.071071875,7.017359,d6023524cac9554649e8b9b6c03d887f613256e4,1f2680a5b9065e708a7497adc53a95b108029b98,3.13.14,2026-07-18T18:37:00.914940+00:00
P02b_resource_aware_planners,P02b_resource_aware_planners:diamond_heterogeneous:a219379835047637:L3-R:8:p02b-intent,diamond_heterogeneous,a219379835047637,8,p02b-intent,L3-R,probabilistic_resource_aware,10,10,0.55,0.05,0.02,r1 -> good1 -> good2 -> r3,3,True,,0.9999999988134173,41.52300333894869,0.586850625,0,0.002414,SATISFIED,True,220,0.6579224999999999,0.6579224999999999,0.0710718749999999,7.277707,d6023524cac9554649e8b9b6c03d887f613256e4,1f2680a5b9065e708a7497adc53a95b108029b98,3.13.14,2026-07-18T18:37:08.220690+00:00
P02b_resource_aware_planners,P02b_resource_aware_planners:diamond_heterogeneous:a219379835047637:L3-R:9:p02b-intent,diamond_heterogeneous,a219379835047637,9,p02b-intent,L3-R,probabilistic_resource_aware,10,10,0.55,0.05,0.02,r1 -> good1 -> good2 -> r3,3,True,,0.9999999988134173,41.52300333894869,0.586850625,0,0.002425,SATISFIED,True,214,0.6579225,0.6579225,0.071071875,7.398196,d6023524cac9554649e8b9b6c03d887f613256e4,1f2680a5b9065e708a7497adc53a95b108029b98,3.13.14,2026-07-18T18:37:15.644838+00:00
P02b_resource_aware_planners,P02b_resource_aware_planners:diamond_heterogeneous:e961642e2e5e233b:L1:0:p02b-intent,diamond_heterogeneous,e961642e2e5e233b,0,p02b-intent,L1,conservative_one_round,10,10,0.6,0.05,0.02,r1 -> bad -> r3,2,True,,,,0.6863749999999998,0,0.000866,VIOLATED,False,1,0.7695,0.7695,0.08312500000000012,3.169233,d6023524cac9554649e8b9b6c03d887f613256e4,1f2680a5b9065e708a7497adc53a95b108029b98,3.13.14,2026-07-18T18:37:18.838380+00:00
P02b_resource_aware_planners,P02b_resource_aware_planners:diamond_heterogeneous:e961642e2e5e233b:L1:1:p02b-intent,diamond_heterogeneous,e961642e2e5e233b,1,p02b-intent,L1,conservative_one_round,10,10,0.6,0.05,0.02,r1 -> bad -> r3,2,True,,,,0.6863749999999998,0,0.00077,VIOLATED,False,3,0.7695,0.7695,0.08312500000000012,3.084808,d6023524cac9554649e8b9b6c03d887f613256e4,1f2680a5b9065e708a7497adc53a95b108029b98,3.13.14,2026-07-18T18:37:21.948851+00:00
P02b_resource_aware_planners,P02b_resource_aware_planners:diamond_heterogeneous:e961642e2e5e233b:L1:2:p02b-intent,diamond_heterogeneous,e961642e2e5e233b,2,p02b-intent,L1,conservative_one_round,10,10,0.6,0.05,0.02,r1 -> bad -> r3,2,True,,,,0.6863749999999998,0,0.000736,VIOLATED,False,4,0.7695,0.7695,0.08312500000000012,3.215073,d6023524cac9554649e8b9b6c03d887f613256e4,1f2680a5b9065e708a7497adc53a95b108029b98,3.13.14,2026-07-18T18:37:25.185332+00:00
P02b_resource_aware_planners,P02b_resource_aware_planners:diamond_heterogeneous:e961642e2e5e233b:L1:3:p02b-intent,diamond_heterogeneous,e961642e2e5e233b,3,p02b-intent,L1,conservative_one_round,10,10,0.6,0.05,0.02,r1 -> bad -> r3,2,True,,,,0.6863749999999998,0,0.00103,VIOLATED,False,3,0.7695,0.7695,0.08312500000000012,3.24322,d6023524cac9554649e8b9b6c03d887f613256e4,1f2680a5b9065e708a7497adc53a95b108029b98,3.13.14,2026-07-18T18:37:28.461954+00:00
P02b_resource_aware_planners,P02b_resource_aware_planners:diamond_heterogeneous:e961642e2e5e233b:L1:4:p02b-intent,diamond_heterogeneous,e961642e2e5e233b,4,p02b-intent,L1,conservative_one_round,10,10,0.6,0.05,0.02,r1 -> bad -> r3,2,True,,,,0.6863749999999998,0,0.000574,VIOLATED,False,7,0.7695,0.7695,0.08312500000000012,3.366799,d6023524cac9554649e8b9b6c03d887f613256e4,1f2680a5b9065e708a7497adc53a95b108029b98,3.13.14,2026-07-18T18:37:31.850540+00:00
P02b_resource_aware_planners,P02b_resource_aware_planners:diamond_heterogeneous:e961642e2e5e233b:L1:5:p02b-intent,diamond_heterogeneous,e961642e2e5e233b,5,p02b-intent,L1,conservative_one_round,10,10,0.6,0.05,0.02,r1 -> bad -> r3,2,True,,,,0.6863749999999998,0,0.00069,VIOLATED,False,2,0.7695,0.7695,0.08312500000000012,3.075185,d6023524cac9554649e8b9b6c03d887f613256e4,1f2680a5b9065e708a7497adc53a95b108029b98,3.13.14,2026-07-18T18:37:34.946380+00:00
P02b_resource_aware_planners,P02b_resource_aware_planners:diamond_heterogeneous:e961642e2e5e233b:L1:6:p02b-intent,diamond_heterogeneous,e961642e2e5e233b,6,p02b-intent,L1,conservative_one_round,10,10,0.6,0.05,0.02,r1 -> bad -> r3,2,True,,,,0.6863749999999998,0,0.00068,VIOLATED,False,3,0.7695,0.7695,0.08312500000000012,3.46837,d6023524cac9554649e8b9b6c03d887f613256e4,1f2680a5b9065e708a7497adc53a95b108029b98,3.13.14,2026-07-18T18:37:38.434811+00:00
P02b_resource_aware_planners,P02b_resource_aware_planners:diamond_heterogeneous:e961642e2e5e233b:L1:7:p02b-intent,diamond_heterogeneous,e961642e2e5e233b,7,p02b-intent,L1,conservative_one_round,10,10,0.6,0.05,0.02,r1 -> bad -> r3,2,True,,,,0.6863749999999998,0,0.000915,VIOLATED,False,1,0.7695,0.7695,0.08312500000000012,3.569868,d6023524cac9554649e8b9b6c03d887f613256e4,1f2680a5b9065e708a7497adc53a95b108029b98,3.13.14,2026-07-18T18:37:42.034071+00:00
P02b_resource_aware_planners,P02b_resource_aware_planners:diamond_heterogeneous:e961642e2e5e233b:L1:8:p02b-intent,diamond_heterogeneous,e961642e2e5e233b,8,p02b-intent,L1,conservative_one_round,10,10,0.6,0.05,0.02,r1 -> bad -> r3,2,True,,,,0.6863749999999998,0,0.00083,VIOLATED,False,1,0.7695,0.7695,0.08312500000000012,3.186815,d6023524cac9554649e8b9b6c03d887f613256e4,1f2680a5b9065e708a7497adc53a95b108029b98,3.13.14,2026-07-18T18:37:45.249187+00:00
P02b_resource_aware_planners,P02b_resource_aware_planners:diamond_heterogeneous:e961642e2e5e233b:L1:9:p02b-intent,diamond_heterogeneous,e961642e2e5e233b,9,p02b-intent,L1,conservative_one_round,10,10,0.6,0.05,0.02,r1 -> bad -> r3,2,True,,,,0.6863749999999998,0,0.000811,VIOLATED,False,4,0.7695,0.7695,0.08312500000000012,3.324942,d6023524cac9554649e8b9b6c03d887f613256e4,1f2680a5b9065e708a7497adc53a95b108029b98,3.13.14,2026-07-18T18:37:48.595609+00:00
P02b_resource_aware_planners,P02b_resource_aware_planners:diamond_heterogeneous:e961642e2e5e233b:L2:0:p02b-intent,diamond_heterogeneous,e961642e2e5e233b,0,p02b-intent,L2,iterative_analytical,10,10,0.6,0.05,0.02,r1 -> bad -> r3,2,True,,,,0.6863749999999998,0,0.000538,VIOLATED,False,1,0.7695,0.7695,0.08312500000000012,3.389821,d6023524cac9554649e8b9b6c03d887f613256e4,1f2680a5b9065e708a7497adc53a95b108029b98,3.13.14,2026-07-18T18:37:52.007790+00:00
P02b_resource_aware_planners,P02b_resource_aware_planners:diamond_heterogeneous:e961642e2e5e233b:L2:1:p02b-intent,diamond_heterogeneous,e961642e2e5e233b,1,p02b-intent,L2,iterative_analytical,10,10,0.6,0.05,0.02,r1 -> bad -> r3,2,True,,,,0.6863749999999998,0,0.001246,VIOLATED,False,3,0.7695,0.7695,0.08312500000000012,3.583953,d6023524cac9554649e8b9b6c03d887f613256e4,1f2680a5b9065e708a7497adc53a95b108029b98,3.13.14,2026-07-18T18:37:55.622312+00:00
P02b_resource_aware_planners,P02b_resource_aware_planners:diamond_heterogeneous:e961642e2e5e233b:L2:2:p02b-intent,diamond_heterogeneous,e961642e2e5e233b,2,p02b-intent,L2,iterative_analytical,10,10,0.6,0.05,0.02,r1 -> bad -> r3,2,True,,,,0.6863749999999998,0,0.000695,VIOLATED,False,4,0.7695,0.7695,0.08312500000000012,3.629704,d6023524cac9554649e8b9b6c03d887f613256e4,1f2680a5b9065e708a7497adc53a95b108029b98,3.13.14,2026-07-18T18:37:59.277945+00:00
P02b_resource_aware_planners,P02b_resource_aware_planners:diamond_heterogeneous:e961642e2e5e233b:L2:3:p02b-intent,diamond_heterogeneous,e961642e2e5e233b,3,p02b-intent,L2,iterative_analytical,10,10,0.6,0.05,0.02,r1 -> bad -> r3,2,True,,,,0.6863749999999998,0,0.001052,VIOLATED,False,3,0.7695,0.7695,0.08312500000000012,3.079873,d6023524cac9554649e8b9b6c03d887f613256e4,1f2680a5b9065e708a7497adc53a95b108029b98,3.13.14,2026-07-18T18:38:02.387756+00:00
P02b_resource_aware_planners,P02b_resource_aware_planners:diamond_heterogeneous:e961642e2e5e233b:L2:4:p02b-intent,diamond_heterogeneous,e961642e2e5e233b,4,p02b-intent,L2,iterative_analytical,10,10,0.6,0.05,0.02,r1 -> bad -> r3,2,True,,,,0.6863749999999998,0,0.001035,VIOLATED,False,7,0.7695,0.7695,0.08312500000000012,3.623246,d6023524cac9554649e8b9b6c03d887f613256e4,1f2680a5b9065e708a7497adc53a95b108029b98,3.13.14,2026-07-18T18:38:06.038314+00:00
P02b_resource_aware_planners,P02b_resource_aware_planners:diamond_heterogeneous:e961642e2e5e233b:L2:5:p02b-intent,diamond_heterogeneous,e961642e2e5e233b,5,p02b-intent,L2,iterative_analytical,10,10,0.6,0.05,0.02,r1 -> bad -> r3,2,True,,,,0.6863749999999998,0,0.000586,VIOLATED,False,2,0.7695,0.7695,0.08312500000000012,3.485266,d6023524cac9554649e8b9b6c03d887f613256e4,1f2680a5b9065e708a7497adc53a95b108029b98,3.13.14,2026-07-18T18:38:09.543891+00:00
P02b_resource_aware_planners,P02b_resource_aware_planners:diamond_heterogeneous:e961642e2e5e233b:L2:6:p02b-intent,diamond_heterogeneous,e961642e2e5e233b,6,p02b-intent,L2,iterative_analytical,10,10,0.6,0.05,0.02,r1 -> bad -> r3,2,True,,,,0.6863749999999998,0,0.000936,VIOLATED,False,3,0.7695,0.7695,0.08312500000000012,3.43709,d6023524cac9554649e8b9b6c03d887f613256e4,1f2680a5b9065e708a7497adc53a95b108029b98,3.13.14,2026-07-18T18:38:13.005993+00:00
P02b_resource_aware_planners,P02b_resource_aware_planners:diamond_heterogeneous:e961642e2e5e233b:L2:7:p02b-intent,diamond_heterogeneous,e961642e2e5e233b,7,p02b-intent,L2,iterative_analytical,10,10,0.6,0.05,0.02,r1 -> bad -> r3,2,True,,,,0.6863749999999998,0,0.000841,VIOLATED,False,1,0.7695,0.7695,0.08312500000000012,2.626837,d6023524cac9554649e8b9b6c03d887f613256e4,1f2680a5b9065e708a7497adc53a95b108029b98,3.13.14,2026-07-18T18:38:15.655429+00:00
P02b_resource_aware_planners,P02b_resource_aware_planners:diamond_heterogeneous:e961642e2e5e233b:L2:8:p02b-intent,diamond_heterogeneous,e961642e2e5e233b,8,p02b-intent,L2,iterative_analytical,10,10,0.6,0.05,0.02,r1 -> bad -> r3,2,True,,,,0.6863749999999998,0,0.001084,VIOLATED,False,1,0.7695,0.7695,0.08312500000000012,3.202902,d6023524cac9554649e8b9b6c03d887f613256e4,1f2680a5b9065e708a7497adc53a95b108029b98,3.13.14,2026-07-18T18:38:18.889794+00:00
P02b_resource_aware_planners,P02b_resource_aware_planners:diamond_heterogeneous:e961642e2e5e233b:L2:9:p02b-intent,diamond_heterogeneous,e961642e2e5e233b,9,p02b-intent,L2,iterative_analytical,10,10,0.6,0.05,0.02,r1 -> bad -> r3,2,True,,,,0.6863749999999998,0,0.000669,VIOLATED,False,4,0.7695,0.7695,0.08312500000000012,3.139661,d6023524cac9554649e8b9b6c03d887f613256e4,1f2680a5b9065e708a7497adc53a95b108029b98,3.13.14,2026-07-18T18:38:22.049094+00:00
P02b_resource_aware_planners,P02b_resource_aware_planners:diamond_heterogeneous:e961642e2e5e233b:L2-R:0:p02b-intent,diamond_heterogeneous,e961642e2e5e233b,0,p02b-intent,L2-R,iterative_resource_aware,10,10,0.6,0.05,0.02,r1 -> good1 -> good2 -> r3,3,True,,,12.0,0.6047315938998278,1,0.000541,SATISFIED,True,221,0.6579225,0.6579225,0.053190906100172186,7.773558,d6023524cac9554649e8b9b6c03d887f613256e4,1f2680a5b9065e708a7497adc53a95b108029b98,3.13.14,2026-07-18T18:38:29.852894+00:00
P02b_resource_aware_planners,P02b_resource_aware_planners:diamond_heterogeneous:e961642e2e5e233b:L2-R:1:p02b-intent,diamond_heterogeneous,e961642e2e5e233b,1,p02b-intent,L2-R,iterative_resource_aware,10,10,0.6,0.05,0.02,r1 -> good1 -> good2 -> r3,3,True,,,12.0,0.6047315938998278,1,0.000515,SATISFIED,True,217,0.6579225,0.6579225,0.053190906100172186,7.036205,d6023524cac9554649e8b9b6c03d887f613256e4,1f2680a5b9065e708a7497adc53a95b108029b98,3.13.14,2026-07-18T18:38:36.913032+00:00
P02b_resource_aware_planners,P02b_resource_aware_planners:diamond_heterogeneous:e961642e2e5e233b:L2-R:2:p02b-intent,diamond_heterogeneous,e961642e2e5e233b,2,p02b-intent,L2-R,iterative_resource_aware,10,10,0.6,0.05,0.02,r1 -> good1 -> good2 -> r3,3,True,,,12.0,0.6047315938998278,1,0.000317,SATISFIED,True,231,0.6579225,0.6579225,0.053190906100172186,7.751563,d6023524cac9554649e8b9b6c03d887f613256e4,1f2680a5b9065e708a7497adc53a95b108029b98,3.13.14,2026-07-18T18:38:44.688013+00:00
P02b_resource_aware_planners,P02b_resource_aware_planners:diamond_heterogeneous:e961642e2e5e233b:L2-R:3:p02b-intent,diamond_heterogeneous,e961642e2e5e233b,3,p02b-intent,L2-R,iterative_resource_aware,10,10,0.6,0.05,0.02,r1 -> good1 -> good2 -> r3,3,True,,,12.0,0.6047315938998278,1,0.000428,SATISFIED,True,220,0.6579224999999999,0.6579224999999999,0.053190906100172075,7.095149,d6023524cac9554649e8b9b6c03d887f613256e4,1f2680a5b9065e708a7497adc53a95b108029b98,3.13.14,2026-07-18T18:38:51.808956+00:00
P02b_resource_aware_planners,P02b_resource_aware_planners:diamond_heterogeneous:e961642e2e5e233b:L2-R:4:p02b-intent,diamond_heterogeneous,e961642e2e5e233b,4,p02b-intent,L2-R,iterative_resource_aware,10,10,0.6,0.05,0.02,r1 -> good1 -> good2 -> r3,3,True,,,12.0,0.6047315938998278,1,0.000354,SATISFIED,True,224,0.6579225,0.6579225,0.053190906100172186,7.848403,d6023524cac9554649e8b9b6c03d887f613256e4,1f2680a5b9065e708a7497adc53a95b108029b98,3.13.14,2026-07-18T18:38:59.679065+00:00
P02b_resource_aware_planners,P02b_resource_aware_planners:diamond_heterogeneous:e961642e2e5e233b:L2-R:5:p02b-intent,diamond_heterogeneous,e961642e2e5e233b,5,p02b-intent,L2-R,iterative_resource_aware,10,10,0.6,0.05,0.02,r1 -> good1 -> good2 -> r3,3,True,,,12.0,0.6047315938998278,1,0.000519,SATISFIED,True,205,0.6579225,0.6579225,0.053190906100172186,6.710366,d6023524cac9554649e8b9b6c03d887f613256e4,1f2680a5b9065e708a7497adc53a95b108029b98,3.13.14,2026-07-18T18:39:06.418233+00:00
P02b_resource_aware_planners,P02b_resource_aware_planners:diamond_heterogeneous:e961642e2e5e233b:L2-R:6:p02b-intent,diamond_heterogeneous,e961642e2e5e233b,6,p02b-intent,L2-R,iterative_resource_aware,10,10,0.6,0.05,0.02,r1 -> good1 -> good2 -> r3,3,True,,,12.0,0.6047315938998278,1,0.000515,SATISFIED,True,223,0.6579225,0.6579225,0.053190906100172186,8.041653,d6023524cac9554649e8b9b6c03d887f613256e4,1f2680a5b9065e708a7497adc53a95b108029b98,3.13.14,2026-07-18T18:39:14.486044+00:00
P02b_resource_aware_planners,P02b_resource_aware_planners:diamond_heterogeneous:e961642e2e5e233b:L2-R:7:p02b-intent,diamond_heterogeneous,e961642e2e5e233b,7,p02b-intent,L2-R,iterative_resource_aware,10,10,0.6,0.05,0.02,r1 -> good1 -> good2 -> r3,3,True,,,12.0,0.6047315938998278,1,0.000411,SATISFIED,True,214,0.6579225,0.6579225,0.053190906100172186,7.079321,d6023524cac9554649e8b9b6c03d887f613256e4,1f2680a5b9065e708a7497adc53a95b108029b98,3.13.14,2026-07-18T18:39:21.583959+00:00
P02b_resource_aware_planners,P02b_resource_aware_planners:diamond_heterogeneous:e961642e2e5e233b:L2-R:8:p02b-intent,diamond_heterogeneous,e961642e2e5e233b,8,p02b-intent,L2-R,iterative_resource_aware,10,10,0.6,0.05,0.02,r1 -> good1 -> good2 -> r3,3,True,,,12.0,0.6047315938998278,1,0.000371,SATISFIED,True,220,0.6579224999999999,0.6579224999999999,0.053190906100172075,7.467531,d6023524cac9554649e8b9b6c03d887f613256e4,1f2680a5b9065e708a7497adc53a95b108029b98,3.13.14,2026-07-18T18:39:29.073403+00:00
P02b_resource_aware_planners,P02b_resource_aware_planners:diamond_heterogeneous:e961642e2e5e233b:L2-R:9:p02b-intent,diamond_heterogeneous,e961642e2e5e233b,9,p02b-intent,L2-R,iterative_resource_aware,10,10,0.6,0.05,0.02,r1 -> good1 -> good2 -> r3,3,True,,,12.0,0.6047315938998278,1,0.000553,SATISFIED,True,214,0.6579225,0.6579225,0.053190906100172186,7.638109,d6023524cac9554649e8b9b6c03d887f613256e4,1f2680a5b9065e708a7497adc53a95b108029b98,3.13.14,2026-07-18T18:39:36.741569+00:00
P02b_resource_aware_planners,P02b_resource_aware_planners:diamond_heterogeneous:e961642e2e5e233b:L3:0:p02b-intent,diamond_heterogeneous,e961642e2e5e233b,0,p02b-intent,L3,probabilistic,10,10,0.6,0.05,0.02,r1 -> good1 -> good2 -> r3,3,True,,1.0,93.56078595595172,0.6047315938998278,1,0.001654,SATISFIED,True,221,0.6579225,0.6579225,0.053190906100172186,7.738172,d6023524cac9554649e8b9b6c03d887f613256e4,1f2680a5b9065e708a7497adc53a95b108029b98,3.13.14,2026-07-18T18:39:44.501339+00:00
P02b_resource_aware_planners,P02b_resource_aware_planners:diamond_heterogeneous:e961642e2e5e233b:L3:1:p02b-intent,diamond_heterogeneous,e961642e2e5e233b,1,p02b-intent,L3,probabilistic,10,10,0.6,0.05,0.02,r1 -> good1 -> good2 -> r3,3,True,,1.0,93.56078595595172,0.6047315938998278,1,0.002643,SATISFIED,True,217,0.6579225,0.6579225,0.053190906100172186,7.380736,d6023524cac9554649e8b9b6c03d887f613256e4,1f2680a5b9065e708a7497adc53a95b108029b98,3.13.14,2026-07-18T18:39:51.911304+00:00
P02b_resource_aware_planners,P02b_resource_aware_planners:diamond_heterogeneous:e961642e2e5e233b:L3:2:p02b-intent,diamond_heterogeneous,e961642e2e5e233b,2,p02b-intent,L3,probabilistic,10,10,0.6,0.05,0.02,r1 -> good1 -> good2 -> r3,3,True,,1.0,93.56078595595172,0.6047315938998278,1,0.001765,SATISFIED,True,231,0.6579225,0.6579225,0.053190906100172186,7.596209,d6023524cac9554649e8b9b6c03d887f613256e4,1f2680a5b9065e708a7497adc53a95b108029b98,3.13.14,2026-07-18T18:39:59.531337+00:00
P02b_resource_aware_planners,P02b_resource_aware_planners:diamond_heterogeneous:e961642e2e5e233b:L3:3:p02b-intent,diamond_heterogeneous,e961642e2e5e233b,3,p02b-intent,L3,probabilistic,10,10,0.6,0.05,0.02,r1 -> good1 -> good2 -> r3,3,True,,1.0,93.56078595595172,0.6047315938998278,1,0.00257,SATISFIED,True,220,0.6579224999999999,0.6579224999999999,0.053190906100172075,7.551527,d6023524cac9554649e8b9b6c03d887f613256e4,1f2680a5b9065e708a7497adc53a95b108029b98,3.13.14,2026-07-18T18:40:07.111543+00:00
P02b_resource_aware_planners,P02b_resource_aware_planners:diamond_heterogeneous:e961642e2e5e233b:L3:4:p02b-intent,diamond_heterogeneous,e961642e2e5e233b,4,p02b-intent,L3,probabilistic,10,10,0.6,0.05,0.02,r1 -> good1 -> good2 -> r3,3,True,,1.0,93.56078595595172,0.6047315938998278,1,0.001725,SATISFIED,True,224,0.6579225,0.6579225,0.053190906100172186,7.623411,d6023524cac9554649e8b9b6c03d887f613256e4,1f2680a5b9065e708a7497adc53a95b108029b98,3.13.14,2026-07-18T18:40:14.754149+00:00
P02b_resource_aware_planners,P02b_resource_aware_planners:diamond_heterogeneous:e961642e2e5e233b:L3:5:p02b-intent,diamond_heterogeneous,e961642e2e5e233b,5,p02b-intent,L3,probabilistic,10,10,0.6,0.05,0.02,r1 -> good1 -> good2 -> r3,3,True,,1.0,93.56078595595172,0.6047315938998278,1,0.002191,SATISFIED,True,205,0.6579225,0.6579225,0.053190906100172186,7.265699,d6023524cac9554649e8b9b6c03d887f613256e4,1f2680a5b9065e708a7497adc53a95b108029b98,3.13.14,2026-07-18T18:40:22.048350+00:00
P02b_resource_aware_planners,P02b_resource_aware_planners:diamond_heterogeneous:e961642e2e5e233b:L3:6:p02b-intent,diamond_heterogeneous,e961642e2e5e233b,6,p02b-intent,L3,probabilistic,10,10,0.6,0.05,0.02,r1 -> good1 -> good2 -> r3,3,True,,1.0,93.56078595595172,0.6047315938998278,1,0.002766,SATISFIED,True,223,0.6579225,0.6579225,0.053190906100172186,7.868851,d6023524cac9554649e8b9b6c03d887f613256e4,1f2680a5b9065e708a7497adc53a95b108029b98,3.13.14,2026-07-18T18:40:29.948390+00:00
P02b_resource_aware_planners,P02b_resource_aware_planners:diamond_heterogeneous:e961642e2e5e233b:L3:7:p02b-intent,diamond_heterogeneous,e961642e2e5e233b,7,p02b-intent,L3,probabilistic,10,10,0.6,0.05,0.02,r1 -> good1 -> good2 -> r3,3,True,,1.0,93.56078595595172,0.6047315938998278,1,0.002591,SATISFIED,True,214,0.6579225,0.6579225,0.053190906100172186,7.67906,d6023524cac9554649e8b9b6c03d887f613256e4,1f2680a5b9065e708a7497adc53a95b108029b98,3.13.14,2026-07-18T18:40:37.660458+00:00
P02b_resource_aware_planners,P02b_resource_aware_planners:diamond_heterogeneous:e961642e2e5e233b:L3:8:p02b-intent,diamond_heterogeneous,e961642e2e5e233b,8,p02b-intent,L3,probabilistic,10,10,0.6,0.05,0.02,r1 -> good1 -> good2 -> r3,3,True,,1.0,93.56078595595172,0.6047315938998278,1,0.00251,SATISFIED,True,220,0.6579224999999999,0.6579224999999999,0.053190906100172075,7.201709,d6023524cac9554649e8b9b6c03d887f613256e4,1f2680a5b9065e708a7497adc53a95b108029b98,3.13.14,2026-07-18T18:40:44.893152+00:00
P02b_resource_aware_planners,P02b_resource_aware_planners:diamond_heterogeneous:e961642e2e5e233b:L3:9:p02b-intent,diamond_heterogeneous,e961642e2e5e233b,9,p02b-intent,L3,probabilistic,10,10,0.6,0.05,0.02,r1 -> good1 -> good2 -> r3,3,True,,1.0,93.56078595595172,0.6047315938998278,1,0.002793,SATISFIED,True,214,0.6579225,0.6579225,0.053190906100172186,7.288794,d6023524cac9554649e8b9b6c03d887f613256e4,1f2680a5b9065e708a7497adc53a95b108029b98,3.13.14,2026-07-18T18:40:52.212023+00:00
P02b_resource_aware_planners,P02b_resource_aware_planners:diamond_heterogeneous:e961642e2e5e233b:L3-R:0:p02b-intent,diamond_heterogeneous,e961642e2e5e233b,0,p02b-intent,L3-R,probabilistic_resource_aware,10,10,0.6,0.05,0.02,r1 -> good1 -> good2 -> r3,3,True,,0.7966317134644796,12.474771460793566,0.6047315938998278,1,0.00266,SATISFIED,True,221,0.6579225,0.6579225,0.053190906100172186,7.716677,d6023524cac9554649e8b9b6c03d887f613256e4,1f2680a5b9065e708a7497adc53a95b108029b98,3.13.14,2026-07-18T18:40:59.952187+00:00
P02b_resource_aware_planners,P02b_resource_aware_planners:diamond_heterogeneous:e961642e2e5e233b:L3-R:1:p02b-intent,diamond_heterogeneous,e961642e2e5e233b,1,p02b-intent,L3-R,probabilistic_resource_aware,10,10,0.6,0.05,0.02,r1 -> good1 -> good2 -> r3,3,True,,0.7966317134644796,12.474771460793566,0.6047315938998278,1,0.002286,SATISFIED,True,217,0.6579225,0.6579225,0.053190906100172186,6.391044,d6023524cac9554649e8b9b6c03d887f613256e4,1f2680a5b9065e708a7497adc53a95b108029b98,3.13.14,2026-07-18T18:41:06.366245+00:00
P02b_resource_aware_planners,P02b_resource_aware_planners:diamond_heterogeneous:e961642e2e5e233b:L3-R:2:p02b-intent,diamond_heterogeneous,e961642e2e5e233b,2,p02b-intent,L3-R,probabilistic_resource_aware,10,10,0.6,0.05,0.02,r1 -> good1 -> good2 -> r3,3,True,,0.7966317134644796,12.474771460793566,0.6047315938998278,1,0.001697,SATISFIED,True,231,0.6579225,0.6579225,0.053190906100172186,6.810552,d6023524cac9554649e8b9b6c03d887f613256e4,1f2680a5b9065e708a7497adc53a95b108029b98,3.13.14,2026-07-18T18:41:13.199317+00:00
P02b_resource_aware_planners,P02b_resource_aware_planners:diamond_heterogeneous:e961642e2e5e233b:L3-R:3:p02b-intent,diamond_heterogeneous,e961642e2e5e233b,3,p02b-intent,L3-R,probabilistic_resource_aware,10,10,0.6,0.05,0.02,r1 -> good1 -> good2 -> r3,3,True,,0.7966317134644796,12.474771460793566,0.6047315938998278,1,0.004928,SATISFIED,True,220,0.6579224999999999,0.6579224999999999,0.053190906100172075,7.961969,d6023524cac9554649e8b9b6c03d887f613256e4,1f2680a5b9065e708a7497adc53a95b108029b98,3.13.14,2026-07-18T18:41:21.199754+00:00
P02b_resource_aware_planners,P02b_resource_aware_planners:diamond_heterogeneous:e961642e2e5e233b:L3-R:4:p02b-intent,diamond_heterogeneous,e961642e2e5e233b,4,p02b-intent,L3-R,probabilistic_resource_aware,10,10,0.6,0.05,0.02,r1 -> good1 -> good2 -> r3,3,True,,0.7966317134644796,12.474771460793566,0.6047315938998278,1,0.001782,SATISFIED,True,224,0.6579225,0.6579225,0.053190906100172186,7.875719,d6023524cac9554649e8b9b6c03d887f613256e4,1f2680a5b9065e708a7497adc53a95b108029b98,3.13.14,2026-07-18T18:41:29.094383+00:00
P02b_resource_aware_planners,P02b_resource_aware_planners:diamond_heterogeneous:e961642e2e5e233b:L3-R:5:p02b-intent,diamond_heterogeneous,e961642e2e5e233b,5,p02b-intent,L3-R,probabilistic_resource_aware,10,10,0.6,0.05,0.02,r1 -> good1 -> good2 -> r3,3,True,,0.7966317134644796,12.474771460793566,0.6047315938998278,1,0.001707,SATISFIED,True,205,0.6579225,0.6579225,0.053190906100172186,6.524039,d6023524cac9554649e8b9b6c03d887f613256e4,1f2680a5b9065e708a7497adc53a95b108029b98,3.13.14,2026-07-18T18:41:35.640252+00:00
P02b_resource_aware_planners,P02b_resource_aware_planners:diamond_heterogeneous:e961642e2e5e233b:L3-R:6:p02b-intent,diamond_heterogeneous,e961642e2e5e233b,6,p02b-intent,L3-R,probabilistic_resource_aware,10,10,0.6,0.05,0.02,r1 -> good1 -> good2 -> r3,3,True,,0.7966317134644796,12.474771460793566,0.6047315938998278,1,0.00263,SATISFIED,True,223,0.6579225,0.6579225,0.053190906100172186,7.640273,d6023524cac9554649e8b9b6c03d887f613256e4,1f2680a5b9065e708a7497adc53a95b108029b98,3.13.14,2026-07-18T18:41:43.312163+00:00
P02b_resource_aware_planners,P02b_resource_aware_planners:diamond_heterogeneous:e961642e2e5e233b:L3-R:7:p02b-intent,diamond_heterogeneous,e961642e2e5e233b,7,p02b-intent,L3-R,probabilistic_resource_aware,10,10,0.6,0.05,0.02,r1 -> good1 -> good2 -> r3,3,True,,0.7966317134644796,12.474771460793566,0.6047315938998278,1,0.002256,SATISFIED,True,214,0.6579225,0.6579225,0.053190906100172186,7.247322,d6023524cac9554649e8b9b6c03d887f613256e4,1f2680a5b9065e708a7497adc53a95b108029b98,3.13.14,2026-07-18T18:41:50.581020+00:00
P02b_resource_aware_planners,P02b_resource_aware_planners:diamond_heterogeneous:e961642e2e5e233b:L3-R:8:p02b-intent,diamond_heterogeneous,e961642e2e5e233b,8,p02b-intent,L3-R,probabilistic_resource_aware,10,10,0.6,0.05,0.02,r1 -> good1 -> good2 -> r3,3,True,,0.7966317134644796,12.474771460793566,0.6047315938998278,1,0.001803,SATISFIED,True,220,0.6579224999999999,0.6579224999999999,0.053190906100172075,7.120733,d6023524cac9554649e8b9b6c03d887f613256e4,1f2680a5b9065e708a7497adc53a95b108029b98,3.13.14,2026-07-18T18:41:57.722619+00:00
P02b_resource_aware_planners,P02b_resource_aware_planners:diamond_heterogeneous:e961642e2e5e233b:L3-R:9:p02b-intent,diamond_heterogeneous,e961642e2e5e233b,9,p02b-intent,L3-R,probabilistic_resource_aware,10,10,0.6,0.05,0.02,r1 -> good1 -> good2 -> r3,3,True,,0.7966317134644796,12.474771460793566,0.6047315938998278,1,0.001868,SATISFIED,True,214,0.6579225,0.6579225,0.053190906100172186,7.252607,d6023524cac9554649e8b9b6c03d887f613256e4,1f2680a5b9065e708a7497adc53a95b108029b98,3.13.14,2026-07-18T18:42:04.996591+00:00
P02b_resource_aware_planners,P02b_resource_aware_planners:diamond_heterogeneous:ab981fcde1e756be:L1:0:p02b-intent,diamond_heterogeneous,ab981fcde1e756be,0,p02b-intent,L1,conservative_one_round,10,10,0.6,0.05,0.02,r1 -> bad -> r3,2,True,,,,0.6863749999999998,0,0.000943,VIOLATED,False,1,0.7695,0.7695,0.08312500000000012,3.063084,d6023524cac9554649e8b9b6c03d887f613256e4,1f2680a5b9065e708a7497adc53a95b108029b98,3.13.14,2026-07-18T18:42:08.082350+00:00
P02b_resource_aware_planners,P02b_resource_aware_planners:diamond_heterogeneous:ab981fcde1e756be:L1:1:p02b-intent,diamond_heterogeneous,ab981fcde1e756be,1,p02b-intent,L1,conservative_one_round,10,10,0.6,0.05,0.02,r1 -> bad -> r3,2,True,,,,0.6863749999999998,0,0.000818,VIOLATED,False,3,0.7695,0.7695,0.08312500000000012,3.276713,d6023524cac9554649e8b9b6c03d887f613256e4,1f2680a5b9065e708a7497adc53a95b108029b98,3.13.14,2026-07-18T18:42:11.384870+00:00
P02b_resource_aware_planners,P02b_resource_aware_planners:diamond_heterogeneous:ab981fcde1e756be:L1:2:p02b-intent,diamond_heterogeneous,ab981fcde1e756be,2,p02b-intent,L1,conservative_one_round,10,10,0.6,0.05,0.02,r1 -> bad -> r3,2,True,,,,0.6863749999999998,0,0.000783,VIOLATED,False,4,0.7695,0.7695,0.08312500000000012,3.337882,d6023524cac9554649e8b9b6c03d887f613256e4,1f2680a5b9065e708a7497adc53a95b108029b98,3.13.14,2026-07-18T18:42:14.745123+00:00
P02b_resource_aware_planners,P02b_resource_aware_planners:diamond_heterogeneous:ab981fcde1e756be:L1:3:p02b-intent,diamond_heterogeneous,ab981fcde1e756be,3,p02b-intent,L1,conservative_one_round,10,10,0.6,0.05,0.02,r1 -> bad -> r3,2,True,,,,0.6863749999999998,0,0.000977,VIOLATED,False,3,0.7695,0.7695,0.08312500000000012,3.420474,d6023524cac9554649e8b9b6c03d887f613256e4,1f2680a5b9065e708a7497adc53a95b108029b98,3.13.14,2026-07-18T18:42:18.193874+00:00
P02b_resource_aware_planners,P02b_resource_aware_planners:diamond_heterogeneous:ab981fcde1e756be:L1:4:p02b-intent,diamond_heterogeneous,ab981fcde1e756be,4,p02b-intent,L1,conservative_one_round,10,10,0.6,0.05,0.02,r1 -> bad -> r3,2,True,,,,0.6863749999999998,0,0.000897,VIOLATED,False,7,0.7695,0.7695,0.08312500000000012,3.26277,d6023524cac9554649e8b9b6c03d887f613256e4,1f2680a5b9065e708a7497adc53a95b108029b98,3.13.14,2026-07-18T18:42:21.481087+00:00
P02b_resource_aware_planners,P02b_resource_aware_planners:diamond_heterogeneous:ab981fcde1e756be:L1:5:p02b-intent,diamond_heterogeneous,ab981fcde1e756be,5,p02b-intent,L1,conservative_one_round,10,10,0.6,0.05,0.02,r1 -> bad -> r3,2,True,,,,0.6863749999999998,0,0.000744,VIOLATED,False,2,0.7695,0.7695,0.08312500000000012,3.36505,d6023524cac9554649e8b9b6c03d887f613256e4,1f2680a5b9065e708a7497adc53a95b108029b98,3.13.14,2026-07-18T18:42:24.866357+00:00
P02b_resource_aware_planners,P02b_resource_aware_planners:diamond_heterogeneous:ab981fcde1e756be:L1:6:p02b-intent,diamond_heterogeneous,ab981fcde1e756be,6,p02b-intent,L1,conservative_one_round,10,10,0.6,0.05,0.02,r1 -> bad -> r3,2,True,,,,0.6863749999999998,0,0.000683,VIOLATED,False,3,0.7695,0.7695,0.08312500000000012,3.220648,d6023524cac9554649e8b9b6c03d887f613256e4,1f2680a5b9065e708a7497adc53a95b108029b98,3.13.14,2026-07-18T18:42:28.106870+00:00
P02b_resource_aware_planners,P02b_resource_aware_planners:diamond_heterogeneous:ab981fcde1e756be:L1:7:p02b-intent,diamond_heterogeneous,ab981fcde1e756be,7,p02b-intent,L1,conservative_one_round,10,10,0.6,0.05,0.02,r1 -> bad -> r3,2,True,,,,0.6863749999999998,0,0.000716,VIOLATED,False,1,0.7695,0.7695,0.08312500000000012,2.758478,d6023524cac9554649e8b9b6c03d887f613256e4,1f2680a5b9065e708a7497adc53a95b108029b98,3.13.14,2026-07-18T18:42:30.885931+00:00
P02b_resource_aware_planners,P02b_resource_aware_planners:diamond_heterogeneous:ab981fcde1e756be:L1:8:p02b-intent,diamond_heterogeneous,ab981fcde1e756be,8,p02b-intent,L1,conservative_one_round,10,10,0.6,0.05,0.02,r1 -> bad -> r3,2,True,,,,0.6863749999999998,0,0.000849,VIOLATED,False,1,0.7695,0.7695,0.08312500000000012,3.309237,d6023524cac9554649e8b9b6c03d887f613256e4,1f2680a5b9065e708a7497adc53a95b108029b98,3.13.14,2026-07-18T18:42:34.217801+00:00
P02b_resource_aware_planners,P02b_resource_aware_planners:diamond_heterogeneous:ab981fcde1e756be:L1:9:p02b-intent,diamond_heterogeneous,ab981fcde1e756be,9,p02b-intent,L1,conservative_one_round,10,10,0.6,0.05,0.02,r1 -> bad -> r3,2,True,,,,0.6863749999999998,0,0.000765,VIOLATED,False,4,0.7695,0.7695,0.08312500000000012,3.53869,d6023524cac9554649e8b9b6c03d887f613256e4,1f2680a5b9065e708a7497adc53a95b108029b98,3.13.14,2026-07-18T18:42:37.777309+00:00
P02b_resource_aware_planners,P02b_resource_aware_planners:diamond_heterogeneous:ab981fcde1e756be:L2:0:p02b-intent,diamond_heterogeneous,ab981fcde1e756be,0,p02b-intent,L2,iterative_analytical,10,10,0.6,0.05,0.02,r1 -> bad -> r3,2,True,,,,0.6863749999999998,0,0.000946,VIOLATED,False,1,0.7695,0.7695,0.08312500000000012,3.171518,d6023524cac9554649e8b9b6c03d887f613256e4,1f2680a5b9065e708a7497adc53a95b108029b98,3.13.14,2026-07-18T18:42:40.974320+00:00
P02b_resource_aware_planners,P02b_resource_aware_planners:diamond_heterogeneous:ab981fcde1e756be:L2:1:p02b-intent,diamond_heterogeneous,ab981fcde1e756be,1,p02b-intent,L2,iterative_analytical,10,10,0.6,0.05,0.02,r1 -> bad -> r3,2,True,,,,0.6863749999999998,0,0.000933,VIOLATED,False,3,0.7695,0.7695,0.08312500000000012,3.378454,d6023524cac9554649e8b9b6c03d887f613256e4,1f2680a5b9065e708a7497adc53a95b108029b98,3.13.14,2026-07-18T18:42:44.381002+00:00
P02b_resource_aware_planners,P02b_resource_aware_planners:diamond_heterogeneous:ab981fcde1e756be:L2:2:p02b-intent,diamond_heterogeneous,ab981fcde1e756be,2,p02b-intent,L2,iterative_analytical,10,10,0.6,0.05,0.02,r1 -> bad -> r3,2,True,,,,0.6863749999999998,0,0.000995,VIOLATED,False,4,0.7695,0.7695,0.08312500000000012,3.473116,d6023524cac9554649e8b9b6c03d887f613256e4,1f2680a5b9065e708a7497adc53a95b108029b98,3.13.14,2026-07-18T18:42:47.880246+00:00
P02b_resource_aware_planners,P02b_resource_aware_planners:diamond_heterogeneous:ab981fcde1e756be:L2:3:p02b-intent,diamond_heterogeneous,ab981fcde1e756be,3,p02b-intent,L2,iterative_analytical,10,10,0.6,0.05,0.02,r1 -> bad -> r3,2,True,,,,0.6863749999999998,0,0.001026,VIOLATED,False,3,0.7695,0.7695,0.08312500000000012,3.401801,d6023524cac9554649e8b9b6c03d887f613256e4,1f2680a5b9065e708a7497adc53a95b108029b98,3.13.14,2026-07-18T18:42:51.300882+00:00
P02b_resource_aware_planners,P02b_resource_aware_planners:diamond_heterogeneous:ab981fcde1e756be:L2:4:p02b-intent,diamond_heterogeneous,ab981fcde1e756be,4,p02b-intent,L2,iterative_analytical,10,10,0.6,0.05,0.02,r1 -> bad -> r3,2,True,,,,0.6863749999999998,0,0.000628,VIOLATED,False,7,0.7695,0.7695,0.08312500000000012,3.179422,d6023524cac9554649e8b9b6c03d887f613256e4,1f2680a5b9065e708a7497adc53a95b108029b98,3.13.14,2026-07-18T18:42:54.500601+00:00
P02b_resource_aware_planners,P02b_resource_aware_planners:diamond_heterogeneous:ab981fcde1e756be:L2:5:p02b-intent,diamond_heterogeneous,ab981fcde1e756be,5,p02b-intent,L2,iterative_analytical,10,10,0.6,0.05,0.02,r1 -> bad -> r3,2,True,,,,0.6863749999999998,0,0.000598,VIOLATED,False,2,0.7695,0.7695,0.08312500000000012,4.671843,d6023524cac9554649e8b9b6c03d887f613256e4,1f2680a5b9065e708a7497adc53a95b108029b98,3.13.14,2026-07-18T18:42:59.192382+00:00
P02b_resource_aware_planners,P02b_resource_aware_planners:diamond_heterogeneous:ab981fcde1e756be:L2:6:p02b-intent,diamond_heterogeneous,ab981fcde1e756be,6,p02b-intent,L2,iterative_analytical,10,10,0.6,0.05,0.02,r1 -> bad -> r3,2,True,,,,0.6863749999999998,0,0.000995,VIOLATED,False,3,0.7695,0.7695,0.08312500000000012,4.115079,d6023524cac9554649e8b9b6c03d887f613256e4,1f2680a5b9065e708a7497adc53a95b108029b98,3.13.14,2026-07-18T18:43:03.333482+00:00
P02b_resource_aware_planners,P02b_resource_aware_planners:diamond_heterogeneous:ab981fcde1e756be:L2:7:p02b-intent,diamond_heterogeneous,ab981fcde1e756be,7,p02b-intent,L2,iterative_analytical,10,10,0.6,0.05,0.02,r1 -> bad -> r3,2,True,,,,0.6863749999999998,0,0.001155,VIOLATED,False,1,0.7695,0.7695,0.08312500000000012,3.539217,d6023524cac9554649e8b9b6c03d887f613256e4,1f2680a5b9065e708a7497adc53a95b108029b98,3.13.14,2026-07-18T18:43:06.898296+00:00
P02b_resource_aware_planners,P02b_resource_aware_planners:diamond_heterogeneous:ab981fcde1e756be:L2:8:p02b-intent,diamond_heterogeneous,ab981fcde1e756be,8,p02b-intent,L2,iterative_analytical,10,10,0.6,0.05,0.02,r1 -> bad -> r3,2,True,,,,0.6863749999999998,0,0.00094,VIOLATED,False,1,0.7695,0.7695,0.08312500000000012,3.69127,d6023524cac9554649e8b9b6c03d887f613256e4,1f2680a5b9065e708a7497adc53a95b108029b98,3.13.14,2026-07-18T18:43:10.617721+00:00
P02b_resource_aware_planners,P02b_resource_aware_planners:diamond_heterogeneous:ab981fcde1e756be:L2:9:p02b-intent,diamond_heterogeneous,ab981fcde1e756be,9,p02b-intent,L2,iterative_analytical,10,10,0.6,0.05,0.02,r1 -> bad -> r3,2,True,,,,0.6863749999999998,0,0.001082,VIOLATED,False,4,0.7695,0.7695,0.08312500000000012,4.147504,d6023524cac9554649e8b9b6c03d887f613256e4,1f2680a5b9065e708a7497adc53a95b108029b98,3.13.14,2026-07-18T18:43:14.788615+00:00
P02b_resource_aware_planners,P02b_resource_aware_planners:diamond_heterogeneous:ab981fcde1e756be:L2-R:0:p02b-intent,diamond_heterogeneous,ab981fcde1e756be,0,p02b-intent,L2-R,iterative_resource_aware,10,10,0.6,0.05,0.02,,0,False,DELIVERY_TARGET_EXCEEDS_WINDOW,,,,0,0.000525,REJECTED,,,,,,,d6023524cac9554649e8b9b6c03d887f613256e4,1f2680a5b9065e708a7497adc53a95b108029b98,3.13.14,2026-07-18T18:43:14.798728+00:00
P02b_resource_aware_planners,P02b_resource_aware_planners:diamond_heterogeneous:ab981fcde1e756be:L2-R:1:p02b-intent,diamond_heterogeneous,ab981fcde1e756be,1,p02b-intent,L2-R,iterative_resource_aware,10,10,0.6,0.05,0.02,,0,False,DELIVERY_TARGET_EXCEEDS_WINDOW,,,,0,0.000435,REJECTED,,,,,,,d6023524cac9554649e8b9b6c03d887f613256e4,1f2680a5b9065e708a7497adc53a95b108029b98,3.13.14,2026-07-18T18:43:14.808556+00:00
P02b_resource_aware_planners,P02b_resource_aware_planners:diamond_heterogeneous:ab981fcde1e756be:L2-R:2:p02b-intent,diamond_heterogeneous,ab981fcde1e756be,2,p02b-intent,L2-R,iterative_resource_aware,10,10,0.6,0.05,0.02,,0,False,DELIVERY_TARGET_EXCEEDS_WINDOW,,,,0,0.000543,REJECTED,,,,,,,d6023524cac9554649e8b9b6c03d887f613256e4,1f2680a5b9065e708a7497adc53a95b108029b98,3.13.14,2026-07-18T18:43:14.816525+00:00
P02b_resource_aware_planners,P02b_resource_aware_planners:diamond_heterogeneous:ab981fcde1e756be:L2-R:3:p02b-intent,diamond_heterogeneous,ab981fcde1e756be,3,p02b-intent,L2-R,iterative_resource_aware,10,10,0.6,0.05,0.02,,0,False,DELIVERY_TARGET_EXCEEDS_WINDOW,,,,0,0.000306,REJECTED,,,,,,,d6023524cac9554649e8b9b6c03d887f613256e4,1f2680a5b9065e708a7497adc53a95b108029b98,3.13.14,2026-07-18T18:43:14.823621+00:00
P02b_resource_aware_planners,P02b_resource_aware_planners:diamond_heterogeneous:ab981fcde1e756be:L2-R:4:p02b-intent,diamond_heterogeneous,ab981fcde1e756be,4,p02b-intent,L2-R,iterative_resource_aware,10,10,0.6,0.05,0.02,,0,False,DELIVERY_TARGET_EXCEEDS_WINDOW,,,,0,0.000503,REJECTED,,,,,,,d6023524cac9554649e8b9b6c03d887f613256e4,1f2680a5b9065e708a7497adc53a95b108029b98,3.13.14,2026-07-18T18:43:14.830579+00:00
P02b_resource_aware_planners,P02b_resource_aware_planners:diamond_heterogeneous:ab981fcde1e756be:L2-R:5:p02b-intent,diamond_heterogeneous,ab981fcde1e756be,5,p02b-intent,L2-R,iterative_resource_aware,10,10,0.6,0.05,0.02,,0,False,DELIVERY_TARGET_EXCEEDS_WINDOW,,,,0,0.000306,REJECTED,,,,,,,d6023524cac9554649e8b9b6c03d887f613256e4,1f2680a5b9065e708a7497adc53a95b108029b98,3.13.14,2026-07-18T18:43:14.838212+00:00
P02b_resource_aware_planners,P02b_resource_aware_planners:diamond_heterogeneous:ab981fcde1e756be:L2-R:6:p02b-intent,diamond_heterogeneous,ab981fcde1e756be,6,p02b-intent,L2-R,iterative_resource_aware,10,10,0.6,0.05,0.02,,0,False,DELIVERY_TARGET_EXCEEDS_WINDOW,,,,0,0.000397,REJECTED,,,,,,,d6023524cac9554649e8b9b6c03d887f613256e4,1f2680a5b9065e708a7497adc53a95b108029b98,3.13.14,2026-07-18T18:43:14.846685+00:00
P02b_resource_aware_planners,P02b_resource_aware_planners:diamond_heterogeneous:ab981fcde1e756be:L2-R:7:p02b-intent,diamond_heterogeneous,ab981fcde1e756be,7,p02b-intent,L2-R,iterative_resource_aware,10,10,0.6,0.05,0.02,,0,False,DELIVERY_TARGET_EXCEEDS_WINDOW,,,,0,0.000314,REJECTED,,,,,,,d6023524cac9554649e8b9b6c03d887f613256e4,1f2680a5b9065e708a7497adc53a95b108029b98,3.13.14,2026-07-18T18:43:14.855438+00:00
P02b_resource_aware_planners,P02b_resource_aware_planners:diamond_heterogeneous:ab981fcde1e756be:L2-R:8:p02b-intent,diamond_heterogeneous,ab981fcde1e756be,8,p02b-intent,L2-R,iterative_resource_aware,10,10,0.6,0.05,0.02,,0,False,DELIVERY_TARGET_EXCEEDS_WINDOW,,,,0,0.000684,REJECTED,,,,,,,d6023524cac9554649e8b9b6c03d887f613256e4,1f2680a5b9065e708a7497adc53a95b108029b98,3.13.14,2026-07-18T18:43:14.865858+00:00
P02b_resource_aware_planners,P02b_resource_aware_planners:diamond_heterogeneous:ab981fcde1e756be:L2-R:9:p02b-intent,diamond_heterogeneous,ab981fcde1e756be,9,p02b-intent,L2-R,iterative_resource_aware,10,10,0.6,0.05,0.02,,0,False,DELIVERY_TARGET_EXCEEDS_WINDOW,,,,0,0.000379,REJECTED,,,,,,,d6023524cac9554649e8b9b6c03d887f613256e4,1f2680a5b9065e708a7497adc53a95b108029b98,3.13.14,2026-07-18T18:43:14.875542+00:00
P02b_resource_aware_planners,P02b_resource_aware_planners:diamond_heterogeneous:ab981fcde1e756be:L3:0:p02b-intent,diamond_heterogeneous,ab981fcde1e756be,0,p02b-intent,L3,probabilistic,10,10,0.6,0.05,0.02,r1 -> bad -> r3,2,True,,2.3679208135235775e-19,0.0625,0.6863749999999998,0,0.002334,VIOLATED,False,1,0.7695,0.7695,0.08312500000000012,3.427979,d6023524cac9554649e8b9b6c03d887f613256e4,1f2680a5b9065e708a7497adc53a95b108029b98,3.13.14,2026-07-18T18:43:18.327164+00:00
P02b_resource_aware_planners,P02b_resource_aware_planners:diamond_heterogeneous:ab981fcde1e756be:L3:1:p02b-intent,diamond_heterogeneous,ab981fcde1e756be,1,p02b-intent,L3,probabilistic,10,10,0.6,0.05,0.02,r1 -> bad -> r3,2,True,,2.3679208135235775e-19,0.0625,0.6863749999999998,0,0.001612,VIOLATED,False,3,0.7695,0.7695,0.08312500000000012,3.954122,d6023524cac9554649e8b9b6c03d887f613256e4,1f2680a5b9065e708a7497adc53a95b108029b98,3.13.14,2026-07-18T18:43:22.303889+00:00
P02b_resource_aware_planners,P02b_resource_aware_planners:diamond_heterogeneous:ab981fcde1e756be:L3:2:p02b-intent,diamond_heterogeneous,ab981fcde1e756be,2,p02b-intent,L3,probabilistic,10,10,0.6,0.05,0.02,r1 -> bad -> r3,2,True,,2.3679208135235775e-19,0.0625,0.6863749999999998,0,0.002424,VIOLATED,False,4,0.7695,0.7695,0.08312500000000012,4.053109,d6023524cac9554649e8b9b6c03d887f613256e4,1f2680a5b9065e708a7497adc53a95b108029b98,3.13.14,2026-07-18T18:43:26.396506+00:00
P02b_resource_aware_planners,P02b_resource_aware_planners:diamond_heterogeneous:ab981fcde1e756be:L3:3:p02b-intent,diamond_heterogeneous,ab981fcde1e756be,3,p02b-intent,L3,probabilistic,10,10,0.6,0.05,0.02,r1 -> bad -> r3,2,True,,2.3679208135235775e-19,0.0625,0.6863749999999998,0,0.002551,VIOLATED,False,3,0.7695,0.7695,0.08312500000000012,3.748301,d6023524cac9554649e8b9b6c03d887f613256e4,1f2680a5b9065e708a7497adc53a95b108029b98,3.13.14,2026-07-18T18:43:30.173965+00:00
P02b_resource_aware_planners,P02b_resource_aware_planners:diamond_heterogeneous:ab981fcde1e756be:L3:4:p02b-intent,diamond_heterogeneous,ab981fcde1e756be,4,p02b-intent,L3,probabilistic,10,10,0.6,0.05,0.02,r1 -> bad -> r3,2,True,,2.3679208135235775e-19,0.0625,0.6863749999999998,0,0.003017,VIOLATED,False,7,0.7695,0.7695,0.08312500000000012,3.992337,d6023524cac9554649e8b9b6c03d887f613256e4,1f2680a5b9065e708a7497adc53a95b108029b98,3.13.14,2026-07-18T18:43:34.199791+00:00
P02b_resource_aware_planners,P02b_resource_aware_planners:diamond_heterogeneous:ab981fcde1e756be:L3:5:p02b-intent,diamond_heterogeneous,ab981fcde1e756be,5,p02b-intent,L3,probabilistic,10,10,0.6,0.05,0.02,r1 -> bad -> r3,2,True,,2.3679208135235775e-19,0.0625,0.6863749999999998,0,0.002697,VIOLATED,False,2,0.7695,0.7695,0.08312500000000012,4.147581,d6023524cac9554649e8b9b6c03d887f613256e4,1f2680a5b9065e708a7497adc53a95b108029b98,3.13.14,2026-07-18T18:43:38.371713+00:00
P02b_resource_aware_planners,P02b_resource_aware_planners:diamond_heterogeneous:ab981fcde1e756be:L3:6:p02b-intent,diamond_heterogeneous,ab981fcde1e756be,6,p02b-intent,L3,probabilistic,10,10,0.6,0.05,0.02,r1 -> bad -> r3,2,True,,2.3679208135235775e-19,0.0625,0.6863749999999998,0,0.00169,VIOLATED,False,3,0.7695,0.7695,0.08312500000000012,4.02672,d6023524cac9554649e8b9b6c03d887f613256e4,1f2680a5b9065e708a7497adc53a95b108029b98,3.13.14,2026-07-18T18:43:42.421415+00:00
P02b_resource_aware_planners,P02b_resource_aware_planners:diamond_heterogeneous:ab981fcde1e756be:L3:7:p02b-intent,diamond_heterogeneous,ab981fcde1e756be,7,p02b-intent,L3,probabilistic,10,10,0.6,0.05,0.02,r1 -> bad -> r3,2,True,,2.3679208135235775e-19,0.0625,0.6863749999999998,0,0.00194,VIOLATED,False,1,0.7695,0.7695,0.08312500000000012,3.822382,d6023524cac9554649e8b9b6c03d887f613256e4,1f2680a5b9065e708a7497adc53a95b108029b98,3.13.14,2026-07-18T18:43:46.271110+00:00
P02b_resource_aware_planners,P02b_resource_aware_planners:diamond_heterogeneous:ab981fcde1e756be:L3:8:p02b-intent,diamond_heterogeneous,ab981fcde1e756be,8,p02b-intent,L3,probabilistic,10,10,0.6,0.05,0.02,r1 -> bad -> r3,2,True,,2.3679208135235775e-19,0.0625,0.6863749999999998,0,0.002295,VIOLATED,False,1,0.7695,0.7695,0.08312500000000012,3.520904,d6023524cac9554649e8b9b6c03d887f613256e4,1f2680a5b9065e708a7497adc53a95b108029b98,3.13.14,2026-07-18T18:43:49.818208+00:00
P02b_resource_aware_planners,P02b_resource_aware_planners:diamond_heterogeneous:ab981fcde1e756be:L3:9:p02b-intent,diamond_heterogeneous,ab981fcde1e756be,9,p02b-intent,L3,probabilistic,10,10,0.6,0.05,0.02,r1 -> bad -> r3,2,True,,2.3679208135235775e-19,0.0625,0.6863749999999998,0,0.002633,VIOLATED,False,4,0.7695,0.7695,0.08312500000000012,3.493121,d6023524cac9554649e8b9b6c03d887f613256e4,1f2680a5b9065e708a7497adc53a95b108029b98,3.13.14,2026-07-18T18:43:53.338660+00:00
P02b_resource_aware_planners,P02b_resource_aware_planners:diamond_heterogeneous:ab981fcde1e756be:L3-R:0:p02b-intent,diamond_heterogeneous,ab981fcde1e756be,0,p02b-intent,L3-R,probabilistic_resource_aware,10,10,0.6,0.05,0.02,r1 -> bad -> r3,2,True,,4.417072227217995e-28,0.008333333333333335,0.6863749999999998,0,0.002266,VIOLATED,False,1,0.7695,0.7695,0.08312500000000012,3.439889,d6023524cac9554649e8b9b6c03d887f613256e4,1f2680a5b9065e708a7497adc53a95b108029b98,3.13.14,2026-07-18T18:43:56.803633+00:00
P02b_resource_aware_planners,P02b_resource_aware_planners:diamond_heterogeneous:ab981fcde1e756be:L3-R:1:p02b-intent,diamond_heterogeneous,ab981fcde1e756be,1,p02b-intent,L3-R,probabilistic_resource_aware,10,10,0.6,0.05,0.02,r1 -> bad -> r3,2,True,,4.417072227217995e-28,0.008333333333333335,0.6863749999999998,0,0.002281,VIOLATED,False,3,0.7695,0.7695,0.08312500000000012,3.066111,d6023524cac9554649e8b9b6c03d887f613256e4,1f2680a5b9065e708a7497adc53a95b108029b98,3.13.14,2026-07-18T18:43:59.889706+00:00
P02b_resource_aware_planners,P02b_resource_aware_planners:diamond_heterogeneous:ab981fcde1e756be:L3-R:2:p02b-intent,diamond_heterogeneous,ab981fcde1e756be,2,p02b-intent,L3-R,probabilistic_resource_aware,10,10,0.6,0.05,0.02,r1 -> bad -> r3,2,True,,4.417072227217995e-28,0.008333333333333335,0.6863749999999998,0,0.001855,VIOLATED,False,4,0.7695,0.7695,0.08312500000000012,3.598625,d6023524cac9554649e8b9b6c03d887f613256e4,1f2680a5b9065e708a7497adc53a95b108029b98,3.13.14,2026-07-18T18:44:03.510486+00:00
P02b_resource_aware_planners,P02b_resource_aware_planners:diamond_heterogeneous:ab981fcde1e756be:L3-R:3:p02b-intent,diamond_heterogeneous,ab981fcde1e756be,3,p02b-intent,L3-R,probabilistic_resource_aware,10,10,0.6,0.05,0.02,r1 -> bad -> r3,2,True,,4.417072227217995e-28,0.008333333333333335,0.6863749999999998,0,0.001759,VIOLATED,False,3,0.7695,0.7695,0.08312500000000012,3.652068,d6023524cac9554649e8b9b6c03d887f613256e4,1f2680a5b9065e708a7497adc53a95b108029b98,3.13.14,2026-07-18T18:44:07.182539+00:00
P02b_resource_aware_planners,P02b_resource_aware_planners:diamond_heterogeneous:ab981fcde1e756be:L3-R:4:p02b-intent,diamond_heterogeneous,ab981fcde1e756be,4,p02b-intent,L3-R,probabilistic_resource_aware,10,10,0.6,0.05,0.02,r1 -> bad -> r3,2,True,,4.417072227217995e-28,0.008333333333333335,0.6863749999999998,0,0.002083,VIOLATED,False,7,0.7695,0.7695,0.08312500000000012,3.729065,d6023524cac9554649e8b9b6c03d887f613256e4,1f2680a5b9065e708a7497adc53a95b108029b98,3.13.14,2026-07-18T18:44:10.932996+00:00
P02b_resource_aware_planners,P02b_resource_aware_planners:diamond_heterogeneous:ab981fcde1e756be:L3-R:5:p02b-intent,diamond_heterogeneous,ab981fcde1e756be,5,p02b-intent,L3-R,probabilistic_resource_aware,10,10,0.6,0.05,0.02,r1 -> bad -> r3,2,True,,4.417072227217995e-28,0.008333333333333335,0.6863749999999998,0,0.002844,VIOLATED,False,2,0.7695,0.7695,0.08312500000000012,3.414303,d6023524cac9554649e8b9b6c03d887f613256e4,1f2680a5b9065e708a7497adc53a95b108029b98,3.13.14,2026-07-18T18:44:14.374137+00:00
P02b_resource_aware_planners,P02b_resource_aware_planners:diamond_heterogeneous:ab981fcde1e756be:L3-R:6:p02b-intent,diamond_heterogeneous,ab981fcde1e756be,6,p02b-intent,L3-R,probabilistic_resource_aware,10,10,0.6,0.05,0.02,r1 -> bad -> r3,2,True,,4.417072227217995e-28,0.008333333333333335,0.6863749999999998,0,0.002284,VIOLATED,False,3,0.7695,0.7695,0.08312500000000012,3.450437,d6023524cac9554649e8b9b6c03d887f613256e4,1f2680a5b9065e708a7497adc53a95b108029b98,3.13.14,2026-07-18T18:44:17.848451+00:00
P02b_resource_aware_planners,P02b_resource_aware_planners:diamond_heterogeneous:ab981fcde1e756be:L3-R:7:p02b-intent,diamond_heterogeneous,ab981fcde1e756be,7,p02b-intent,L3-R,probabilistic_resource_aware,10,10,0.6,0.05,0.02,r1 -> bad -> r3,2,True,,4.417072227217995e-28,0.008333333333333335,0.6863749999999998,0,0.00208,VIOLATED,False,1,0.7695,0.7695,0.08312500000000012,3.011599,d6023524cac9554649e8b9b6c03d887f613256e4,1f2680a5b9065e708a7497adc53a95b108029b98,3.13.14,2026-07-18T18:44:20.880946+00:00
P02b_resource_aware_planners,P02b_resource_aware_planners:diamond_heterogeneous:ab981fcde1e756be:L3-R:8:p02b-intent,diamond_heterogeneous,ab981fcde1e756be,8,p02b-intent,L3-R,probabilistic_resource_aware,10,10,0.6,0.05,0.02,r1 -> bad -> r3,2,True,,4.417072227217995e-28,0.008333333333333335,0.6863749999999998,0,0.001994,VIOLATED,False,1,0.7695,0.7695,0.08312500000000012,2.990699,d6023524cac9554649e8b9b6c03d887f613256e4,1f2680a5b9065e708a7497adc53a95b108029b98,3.13.14,2026-07-18T18:44:23.892667+00:00
P02b_resource_aware_planners,P02b_resource_aware_planners:diamond_heterogeneous:ab981fcde1e756be:L3-R:9:p02b-intent,diamond_heterogeneous,ab981fcde1e756be,9,p02b-intent,L3-R,probabilistic_resource_aware,10,10,0.6,0.05,0.02,r1 -> bad -> r3,2,True,,4.417072227217995e-28,0.008333333333333335,0.6863749999999998,0,0.00198,VIOLATED,False,4,0.7695,0.7695,0.08312500000000012,3.202337,d6023524cac9554649e8b9b6c03d887f613256e4,1f2680a5b9065e708a7497adc53a95b108029b98,3.13.14,2026-07-18T18:44:27.116810+00:00
P02b_resource_aware_planners,P02b_resource_aware_planners:diamond_heterogeneous:9261ce2e3b496f67:L1:0:p02b-intent,diamond_heterogeneous,9261ce2e3b496f67,0,p02b-intent,L1,conservative_one_round,4,10,0.65,0.01,0.02,r1 -> bad -> r3,2,True,,,,0.6863749999999998,0,0.001048,VIOLATED,False,0,,,,0.335307,d6023524cac9554649e8b9b6c03d887f613256e4,1f2680a5b9065e708a7497adc53a95b108029b98,3.13.14,2026-07-18T18:44:27.477615+00:00
P02b_resource_aware_planners,P02b_resource_aware_planners:diamond_heterogeneous:9261ce2e3b496f67:L1:1:p02b-intent,diamond_heterogeneous,9261ce2e3b496f67,1,p02b-intent,L1,conservative_one_round,4,10,0.65,0.01,0.02,r1 -> bad -> r3,2,True,,,,0.6863749999999998,0,0.001211,VIOLATED,False,0,,,,0.313943,d6023524cac9554649e8b9b6c03d887f613256e4,1f2680a5b9065e708a7497adc53a95b108029b98,3.13.14,2026-07-18T18:44:27.815623+00:00
P02b_resource_aware_planners,P02b_resource_aware_planners:diamond_heterogeneous:9261ce2e3b496f67:L1:2:p02b-intent,diamond_heterogeneous,9261ce2e3b496f67,2,p02b-intent,L1,conservative_one_round,4,10,0.65,0.01,0.02,r1 -> bad -> r3,2,True,,,,0.6863749999999998,0,0.00074,VIOLATED,False,0,,,,0.263083,d6023524cac9554649e8b9b6c03d887f613256e4,1f2680a5b9065e708a7497adc53a95b108029b98,3.13.14,2026-07-18T18:44:28.098845+00:00
P02b_resource_aware_planners,P02b_resource_aware_planners:diamond_heterogeneous:9261ce2e3b496f67:L1:3:p02b-intent,diamond_heterogeneous,9261ce2e3b496f67,3,p02b-intent,L1,conservative_one_round,4,10,0.65,0.01,0.02,r1 -> bad -> r3,2,True,,,,0.6863749999999998,0,0.000878,VIOLATED,False,0,,,,0.251775,d6023524cac9554649e8b9b6c03d887f613256e4,1f2680a5b9065e708a7497adc53a95b108029b98,3.13.14,2026-07-18T18:44:28.374888+00:00
P02b_resource_aware_planners,P02b_resource_aware_planners:diamond_heterogeneous:9261ce2e3b496f67:L1:4:p02b-intent,diamond_heterogeneous,9261ce2e3b496f67,4,p02b-intent,L1,conservative_one_round,4,10,0.65,0.01,0.02,r1 -> bad -> r3,2,True,,,,0.6863749999999998,0,0.000459,VIOLATED,False,0,,,,0.311462,d6023524cac9554649e8b9b6c03d887f613256e4,1f2680a5b9065e708a7497adc53a95b108029b98,3.13.14,2026-07-18T18:44:28.704549+00:00
P02b_resource_aware_planners,P02b_resource_aware_planners:diamond_heterogeneous:9261ce2e3b496f67:L1:5:p02b-intent,diamond_heterogeneous,9261ce2e3b496f67,5,p02b-intent,L1,conservative_one_round,4,10,0.65,0.01,0.02,r1 -> bad -> r3,2,True,,,,0.6863749999999998,0,0.00074,VIOLATED,False,0,,,,0.179502,d6023524cac9554649e8b9b6c03d887f613256e4,1f2680a5b9065e708a7497adc53a95b108029b98,3.13.14,2026-07-18T18:44:28.904075+00:00
P02b_resource_aware_planners,P02b_resource_aware_planners:diamond_heterogeneous:9261ce2e3b496f67:L1:6:p02b-intent,diamond_heterogeneous,9261ce2e3b496f67,6,p02b-intent,L1,conservative_one_round,4,10,0.65,0.01,0.02,r1 -> bad -> r3,2,True,,,,0.6863749999999998,0,0.000748,VIOLATED,False,1,0.7695,0.7695,0.08312500000000012,0.258917,d6023524cac9554649e8b9b6c03d887f613256e4,1f2680a5b9065e708a7497adc53a95b108029b98,3.13.14,2026-07-18T18:44:29.180930+00:00
P02b_resource_aware_planners,P02b_resource_aware_planners:diamond_heterogeneous:9261ce2e3b496f67:L1:7:p02b-intent,diamond_heterogeneous,9261ce2e3b496f67,7,p02b-intent,L1,conservative_one_round,4,10,0.65,0.01,0.02,r1 -> bad -> r3,2,True,,,,0.6863749999999998,0,0.000745,VIOLATED,False,0,,,,0.316453,d6023524cac9554649e8b9b6c03d887f613256e4,1f2680a5b9065e708a7497adc53a95b108029b98,3.13.14,2026-07-18T18:44:29.514013+00:00
P02b_resource_aware_planners,P02b_resource_aware_planners:diamond_heterogeneous:9261ce2e3b496f67:L1:8:p02b-intent,diamond_heterogeneous,9261ce2e3b496f67,8,p02b-intent,L1,conservative_one_round,4,10,0.65,0.01,0.02,r1 -> bad -> r3,2,True,,,,0.6863749999999998,0,0.000887,VIOLATED,False,0,,,,0.305418,d6023524cac9554649e8b9b6c03d887f613256e4,1f2680a5b9065e708a7497adc53a95b108029b98,3.13.14,2026-07-18T18:44:29.836377+00:00
P02b_resource_aware_planners,P02b_resource_aware_planners:diamond_heterogeneous:9261ce2e3b496f67:L1:9:p02b-intent,diamond_heterogeneous,9261ce2e3b496f67,9,p02b-intent,L1,conservative_one_round,4,10,0.65,0.01,0.02,r1 -> bad -> r3,2,True,,,,0.6863749999999998,0,0.001148,VIOLATED,False,0,,,,0.296164,d6023524cac9554649e8b9b6c03d887f613256e4,1f2680a5b9065e708a7497adc53a95b108029b98,3.13.14,2026-07-18T18:44:30.157022+00:00
P02b_resource_aware_planners,P02b_resource_aware_planners:diamond_heterogeneous:9261ce2e3b496f67:L2:0:p02b-intent,diamond_heterogeneous,9261ce2e3b496f67,0,p02b-intent,L2,iterative_analytical,4,10,0.65,0.01,0.02,r1 -> bad -> r3,2,True,,,,0.6863749999999998,0,0.00062,VIOLATED,False,0,,,,0.266615,d6023524cac9554649e8b9b6c03d887f613256e4,1f2680a5b9065e708a7497adc53a95b108029b98,3.13.14,2026-07-18T18:44:30.437569+00:00
P02b_resource_aware_planners,P02b_resource_aware_planners:diamond_heterogeneous:9261ce2e3b496f67:L2:1:p02b-intent,diamond_heterogeneous,9261ce2e3b496f67,1,p02b-intent,L2,iterative_analytical,4,10,0.65,0.01,0.02,r1 -> bad -> r3,2,True,,,,0.6863749999999998,0,0.000604,VIOLATED,False,0,,,,0.214881,d6023524cac9554649e8b9b6c03d887f613256e4,1f2680a5b9065e708a7497adc53a95b108029b98,3.13.14,2026-07-18T18:44:30.666931+00:00
P02b_resource_aware_planners,P02b_resource_aware_planners:diamond_heterogeneous:9261ce2e3b496f67:L2:2:p02b-intent,diamond_heterogeneous,9261ce2e3b496f67,2,p02b-intent,L2,iterative_analytical,4,10,0.65,0.01,0.02,r1 -> bad -> r3,2,True,,,,0.6863749999999998,0,0.000756,VIOLATED,False,0,,,,0.271074,d6023524cac9554649e8b9b6c03d887f613256e4,1f2680a5b9065e708a7497adc53a95b108029b98,3.13.14,2026-07-18T18:44:30.953658+00:00
P02b_resource_aware_planners,P02b_resource_aware_planners:diamond_heterogeneous:9261ce2e3b496f67:L2:3:p02b-intent,diamond_heterogeneous,9261ce2e3b496f67,3,p02b-intent,L2,iterative_analytical,4,10,0.65,0.01,0.02,r1 -> bad -> r3,2,True,,,,0.6863749999999998,0,0.000945,VIOLATED,False,0,,,,0.282314,d6023524cac9554649e8b9b6c03d887f613256e4,1f2680a5b9065e708a7497adc53a95b108029b98,3.13.14,2026-07-18T18:44:31.260226+00:00
P02b_resource_aware_planners,P02b_resource_aware_planners:diamond_heterogeneous:9261ce2e3b496f67:L2:4:p02b-intent,diamond_heterogeneous,9261ce2e3b496f67,4,p02b-intent,L2,iterative_analytical,4,10,0.65,0.01,0.02,r1 -> bad -> r3,2,True,,,,0.6863749999999998,0,0.000641,VIOLATED,False,0,,,,0.33589,d6023524cac9554649e8b9b6c03d887f613256e4,1f2680a5b9065e708a7497adc53a95b108029b98,3.13.14,2026-07-18T18:44:31.612585+00:00
P02b_resource_aware_planners,P02b_resource_aware_planners:diamond_heterogeneous:9261ce2e3b496f67:L2:5:p02b-intent,diamond_heterogeneous,9261ce2e3b496f67,5,p02b-intent,L2,iterative_analytical,4,10,0.65,0.01,0.02,r1 -> bad -> r3,2,True,,,,0.6863749999999998,0,0.000915,VIOLATED,False,0,,,,0.295301,d6023524cac9554649e8b9b6c03d887f613256e4,1f2680a5b9065e708a7497adc53a95b108029b98,3.13.14,2026-07-18T18:44:31.931689+00:00
P02b_resource_aware_planners,P02b_resource_aware_planners:diamond_heterogeneous:9261ce2e3b496f67:L2:6:p02b-intent,diamond_heterogeneous,9261ce2e3b496f67,6,p02b-intent,L2,iterative_analytical,4,10,0.65,0.01,0.02,r1 -> bad -> r3,2,True,,,,0.6863749999999998,0,0.001223,VIOLATED,False,1,0.7695,0.7695,0.08312500000000012,0.33776,d6023524cac9554649e8b9b6c03d887f613256e4,1f2680a5b9065e708a7497adc53a95b108029b98,3.13.14,2026-07-18T18:44:32.294842+00:00
P02b_resource_aware_planners,P02b_resource_aware_planners:diamond_heterogeneous:9261ce2e3b496f67:L2:7:p02b-intent,diamond_heterogeneous,9261ce2e3b496f67,7,p02b-intent,L2,iterative_analytical,4,10,0.65,0.01,0.02,r1 -> bad -> r3,2,True,,,,0.6863749999999998,0,0.001034,VIOLATED,False,0,,,,0.29853,d6023524cac9554649e8b9b6c03d887f613256e4,1f2680a5b9065e708a7497adc53a95b108029b98,3.13.14,2026-07-18T18:44:32.617446+00:00
P02b_resource_aware_planners,P02b_resource_aware_planners:diamond_heterogeneous:9261ce2e3b496f67:L2:8:p02b-intent,diamond_heterogeneous,9261ce2e3b496f67,8,p02b-intent,L2,iterative_analytical,4,10,0.65,0.01,0.02,r1 -> bad -> r3,2,True,,,,0.6863749999999998,0,0.001008,VIOLATED,False,0,,,,0.314836,d6023524cac9554649e8b9b6c03d887f613256e4,1f2680a5b9065e708a7497adc53a95b108029b98,3.13.14,2026-07-18T18:44:32.953569+00:00
P02b_resource_aware_planners,P02b_resource_aware_planners:diamond_heterogeneous:9261ce2e3b496f67:L2:9:p02b-intent,diamond_heterogeneous,9261ce2e3b496f67,9,p02b-intent,L2,iterative_analytical,4,10,0.65,0.01,0.02,r1 -> bad -> r3,2,True,,,,0.6863749999999998,0,0.000844,VIOLATED,False,0,,,,0.314046,d6023524cac9554649e8b9b6c03d887f613256e4,1f2680a5b9065e708a7497adc53a95b108029b98,3.13.14,2026-07-18T18:44:33.281458+00:00
P02b_resource_aware_planners,P02b_resource_aware_planners:diamond_heterogeneous:9261ce2e3b496f67:L2-R:0:p02b-intent,diamond_heterogeneous,9261ce2e3b496f67,0,p02b-intent,L2-R,iterative_resource_aware,4,10,0.65,0.01,0.02,,0,False,DELIVERY_TARGET_EXCEEDS_WINDOW,,,,0,0.000474,REJECTED,,,,,,,d6023524cac9554649e8b9b6c03d887f613256e4,1f2680a5b9065e708a7497adc53a95b108029b98,3.13.14,2026-07-18T18:44:33.289660+00:00
P02b_resource_aware_planners,P02b_resource_aware_planners:diamond_heterogeneous:9261ce2e3b496f67:L2-R:1:p02b-intent,diamond_heterogeneous,9261ce2e3b496f67,1,p02b-intent,L2-R,iterative_resource_aware,4,10,0.65,0.01,0.02,,0,False,DELIVERY_TARGET_EXCEEDS_WINDOW,,,,0,0.000483,REJECTED,,,,,,,d6023524cac9554649e8b9b6c03d887f613256e4,1f2680a5b9065e708a7497adc53a95b108029b98,3.13.14,2026-07-18T18:44:33.297448+00:00
P02b_resource_aware_planners,P02b_resource_aware_planners:diamond_heterogeneous:9261ce2e3b496f67:L2-R:2:p02b-intent,diamond_heterogeneous,9261ce2e3b496f67,2,p02b-intent,L2-R,iterative_resource_aware,4,10,0.65,0.01,0.02,,0,False,DELIVERY_TARGET_EXCEEDS_WINDOW,,,,0,0.000464,REJECTED,,,,,,,d6023524cac9554649e8b9b6c03d887f613256e4,1f2680a5b9065e708a7497adc53a95b108029b98,3.13.14,2026-07-18T18:44:33.305958+00:00
P02b_resource_aware_planners,P02b_resource_aware_planners:diamond_heterogeneous:9261ce2e3b496f67:L2-R:3:p02b-intent,diamond_heterogeneous,9261ce2e3b496f67,3,p02b-intent,L2-R,iterative_resource_aware,4,10,0.65,0.01,0.02,,0,False,DELIVERY_TARGET_EXCEEDS_WINDOW,,,,0,0.000492,REJECTED,,,,,,,d6023524cac9554649e8b9b6c03d887f613256e4,1f2680a5b9065e708a7497adc53a95b108029b98,3.13.14,2026-07-18T18:44:33.314544+00:00
P02b_resource_aware_planners,P02b_resource_aware_planners:diamond_heterogeneous:9261ce2e3b496f67:L2-R:4:p02b-intent,diamond_heterogeneous,9261ce2e3b496f67,4,p02b-intent,L2-R,iterative_resource_aware,4,10,0.65,0.01,0.02,,0,False,DELIVERY_TARGET_EXCEEDS_WINDOW,,,,0,0.000457,REJECTED,,,,,,,d6023524cac9554649e8b9b6c03d887f613256e4,1f2680a5b9065e708a7497adc53a95b108029b98,3.13.14,2026-07-18T18:44:33.322896+00:00
P02b_resource_aware_planners,P02b_resource_aware_planners:diamond_heterogeneous:9261ce2e3b496f67:L2-R:5:p02b-intent,diamond_heterogeneous,9261ce2e3b496f67,5,p02b-intent,L2-R,iterative_resource_aware,4,10,0.65,0.01,0.02,,0,False,DELIVERY_TARGET_EXCEEDS_WINDOW,,,,0,0.000588,REJECTED,,,,,,,d6023524cac9554649e8b9b6c03d887f613256e4,1f2680a5b9065e708a7497adc53a95b108029b98,3.13.14,2026-07-18T18:44:33.332441+00:00
P02b_resource_aware_planners,P02b_resource_aware_planners:diamond_heterogeneous:9261ce2e3b496f67:L2-R:6:p02b-intent,diamond_heterogeneous,9261ce2e3b496f67,6,p02b-intent,L2-R,iterative_resource_aware,4,10,0.65,0.01,0.02,,0,False,DELIVERY_TARGET_EXCEEDS_WINDOW,,,,0,0.000443,REJECTED,,,,,,,d6023524cac9554649e8b9b6c03d887f613256e4,1f2680a5b9065e708a7497adc53a95b108029b98,3.13.14,2026-07-18T18:44:33.340945+00:00
P02b_resource_aware_planners,P02b_resource_aware_planners:diamond_heterogeneous:9261ce2e3b496f67:L2-R:7:p02b-intent,diamond_heterogeneous,9261ce2e3b496f67,7,p02b-intent,L2-R,iterative_resource_aware,4,10,0.65,0.01,0.02,,0,False,DELIVERY_TARGET_EXCEEDS_WINDOW,,,,0,0.000504,REJECTED,,,,,,,d6023524cac9554649e8b9b6c03d887f613256e4,1f2680a5b9065e708a7497adc53a95b108029b98,3.13.14,2026-07-18T18:44:33.351587+00:00
P02b_resource_aware_planners,P02b_resource_aware_planners:diamond_heterogeneous:9261ce2e3b496f67:L2-R:8:p02b-intent,diamond_heterogeneous,9261ce2e3b496f67,8,p02b-intent,L2-R,iterative_resource_aware,4,10,0.65,0.01,0.02,,0,False,DELIVERY_TARGET_EXCEEDS_WINDOW,,,,0,0.000474,REJECTED,,,,,,,d6023524cac9554649e8b9b6c03d887f613256e4,1f2680a5b9065e708a7497adc53a95b108029b98,3.13.14,2026-07-18T18:44:33.361155+00:00
P02b_resource_aware_planners,P02b_resource_aware_planners:diamond_heterogeneous:9261ce2e3b496f67:L2-R:9:p02b-intent,diamond_heterogeneous,9261ce2e3b496f67,9,p02b-intent,L2-R,iterative_resource_aware,4,10,0.65,0.01,0.02,,0,False,DELIVERY_TARGET_EXCEEDS_WINDOW,,,,0,0.000507,REJECTED,,,,,,,d6023524cac9554649e8b9b6c03d887f613256e4,1f2680a5b9065e708a7497adc53a95b108029b98,3.13.14,2026-07-18T18:44:33.370351+00:00
P02b_resource_aware_planners,P02b_resource_aware_planners:diamond_heterogeneous:9261ce2e3b496f67:L3:0:p02b-intent,diamond_heterogeneous,9261ce2e3b496f67,0,p02b-intent,L3,probabilistic,4,10,0.65,0.01,0.02,r1 -> good1 -> good2 -> r3,3,True,,5.124363708754443e-09,0.7163823819954114,0.6512497196405322,3,0.002458,SATISFIED,True,14,0.6579225,0.6579225,0.006672780359467723,0.580075,d6023524cac9554649e8b9b6c03d887f613256e4,1f2680a5b9065e708a7497adc53a95b108029b98,3.13.14,2026-07-18T18:44:33.974996+00:00
P02b_resource_aware_planners,P02b_resource_aware_planners:diamond_heterogeneous:9261ce2e3b496f67:L3:1:p02b-intent,diamond_heterogeneous,9261ce2e3b496f67,1,p02b-intent,L3,probabilistic,4,10,0.65,0.01,0.02,r1 -> good1 -> good2 -> r3,3,True,,5.124363708754443e-09,0.7163823819954114,0.6512497196405322,3,0.002626,SATISFIED,True,16,0.6579225,0.6579225,0.006672780359467723,0.498892,d6023524cac9554649e8b9b6c03d887f613256e4,1f2680a5b9065e708a7497adc53a95b108029b98,3.13.14,2026-07-18T18:44:34.497980+00:00
P02b_resource_aware_planners,P02b_resource_aware_planners:diamond_heterogeneous:9261ce2e3b496f67:L3:2:p02b-intent,diamond_heterogeneous,9261ce2e3b496f67,2,p02b-intent,L3,probabilistic,4,10,0.65,0.01,0.02,r1 -> good1 -> good2 -> r3,3,True,,5.124363708754443e-09,0.7163823819954114,0.6512497196405322,3,0.001906,SATISFIED,True,16,0.6579225,0.6579225,0.006672780359467723,0.676107,d6023524cac9554649e8b9b6c03d887f613256e4,1f2680a5b9065e708a7497adc53a95b108029b98,3.13.14,2026-07-18T18:44:35.199449+00:00
P02b_resource_aware_planners,P02b_resource_aware_planners:diamond_heterogeneous:9261ce2e3b496f67:L3:3:p02b-intent,diamond_heterogeneous,9261ce2e3b496f67,3,p02b-intent,L3,probabilistic,4,10,0.65,0.01,0.02,r1 -> good1 -> good2 -> r3,3,True,,5.124363708754443e-09,0.7163823819954114,0.6512497196405322,3,0.002478,SATISFIED,True,16,0.6579225,0.6579225,0.006672780359467723,0.626629,d6023524cac9554649e8b9b6c03d887f613256e4,1f2680a5b9065e708a7497adc53a95b108029b98,3.13.14,2026-07-18T18:44:35.847248+00:00
P02b_resource_aware_planners,P02b_resource_aware_planners:diamond_heterogeneous:9261ce2e3b496f67:L3:4:p02b-intent,diamond_heterogeneous,9261ce2e3b496f67,4,p02b-intent,L3,probabilistic,4,10,0.65,0.01,0.02,r1 -> good1 -> good2 -> r3,3,True,,5.124363708754443e-09,0.7163823819954114,0.6512497196405322,3,0.00231,SATISFIED,True,15,0.6579225,0.6579225,0.006672780359467723,0.558452,d6023524cac9554649e8b9b6c03d887f613256e4,1f2680a5b9065e708a7497adc53a95b108029b98,3.13.14,2026-07-18T18:44:36.428982+00:00
P02b_resource_aware_planners,P02b_resource_aware_planners:diamond_heterogeneous:9261ce2e3b496f67:L3:5:p02b-intent,diamond_heterogeneous,9261ce2e3b496f67,5,p02b-intent,L3,probabilistic,4,10,0.65,0.01,0.02,r1 -> good1 -> good2 -> r3,3,True,,5.124363708754443e-09,0.7163823819954114,0.6512497196405322,3,0.001652,SATISFIED,True,16,0.6579225,0.6579225,0.006672780359467723,0.565354,d6023524cac9554649e8b9b6c03d887f613256e4,1f2680a5b9065e708a7497adc53a95b108029b98,3.13.14,2026-07-18T18:44:37.011079+00:00
P02b_resource_aware_planners,P02b_resource_aware_planners:diamond_heterogeneous:9261ce2e3b496f67:L3:6:p02b-intent,diamond_heterogeneous,9261ce2e3b496f67,6,p02b-intent,L3,probabilistic,4,10,0.65,0.01,0.02,r1 -> good1 -> good2 -> r3,3,True,,5.124363708754443e-09,0.7163823819954114,0.6512497196405322,3,0.002083,SATISFIED,True,16,0.6579225,0.6579225,0.006672780359467723,0.615771,d6023524cac9554649e8b9b6c03d887f613256e4,1f2680a5b9065e708a7497adc53a95b108029b98,3.13.14,2026-07-18T18:44:37.646581+00:00
P02b_resource_aware_planners,P02b_resource_aware_planners:diamond_heterogeneous:9261ce2e3b496f67:L3:7:p02b-intent,diamond_heterogeneous,9261ce2e3b496f67,7,p02b-intent,L3,probabilistic,4,10,0.65,0.01,0.02,r1 -> good1 -> good2 -> r3,3,True,,5.124363708754443e-09,0.7163823819954114,0.6512497196405322,3,0.002323,SATISFIED,True,14,0.6579225,0.6579225,0.006672780359467723,0.556074,d6023524cac9554649e8b9b6c03d887f613256e4,1f2680a5b9065e708a7497adc53a95b108029b98,3.13.14,2026-07-18T18:44:38.225423+00:00
P02b_resource_aware_planners,P02b_resource_aware_planners:diamond_heterogeneous:9261ce2e3b496f67:L3:8:p02b-intent,diamond_heterogeneous,9261ce2e3b496f67,8,p02b-intent,L3,probabilistic,4,10,0.65,0.01,0.02,r1 -> good1 -> good2 -> r3,3,True,,5.124363708754443e-09,0.7163823819954114,0.6512497196405322,3,0.002531,SATISFIED,True,12,0.6579225,0.6579225,0.006672780359467723,0.472824,d6023524cac9554649e8b9b6c03d887f613256e4,1f2680a5b9065e708a7497adc53a95b108029b98,3.13.14,2026-07-18T18:44:38.723260+00:00
P02b_resource_aware_planners,P02b_resource_aware_planners:diamond_heterogeneous:9261ce2e3b496f67:L3:9:p02b-intent,diamond_heterogeneous,9261ce2e3b496f67,9,p02b-intent,L3,probabilistic,4,10,0.65,0.01,0.02,r1 -> good1 -> good2 -> r3,3,True,,5.124363708754443e-09,0.7163823819954114,0.6512497196405322,3,0.002787,SATISFIED,True,13,0.6579225,0.6579225,0.006672780359467723,0.483948,d6023524cac9554649e8b9b6c03d887f613256e4,1f2680a5b9065e708a7497adc53a95b108029b98,3.13.14,2026-07-18T18:44:39.232003+00:00
P02b_resource_aware_planners,P02b_resource_aware_planners:diamond_heterogeneous:9261ce2e3b496f67:L3-R:0:p02b-intent,diamond_heterogeneous,9261ce2e3b496f67,0,p02b-intent,L3-R,probabilistic_resource_aware,4,10,0.65,0.01,0.02,r1 -> good1 -> good2 -> r3,3,True,,1.597259108298635e-17,0.0955176509327215,0.6512497196405322,3,0.002966,SATISFIED,True,14,0.6579225,0.6579225,0.006672780359467723,0.655047,d6023524cac9554649e8b9b6c03d887f613256e4,1f2680a5b9065e708a7497adc53a95b108029b98,3.13.14,2026-07-18T18:44:39.913087+00:00
P02b_resource_aware_planners,P02b_resource_aware_planners:diamond_heterogeneous:9261ce2e3b496f67:L3-R:1:p02b-intent,diamond_heterogeneous,9261ce2e3b496f67,1,p02b-intent,L3-R,probabilistic_resource_aware,4,10,0.65,0.01,0.02,r1 -> good1 -> good2 -> r3,3,True,,1.597259108298635e-17,0.0955176509327215,0.6512497196405322,3,0.001673,SATISFIED,True,16,0.6579225,0.6579225,0.006672780359467723,0.543933,d6023524cac9554649e8b9b6c03d887f613256e4,1f2680a5b9065e708a7497adc53a95b108029b98,3.13.14,2026-07-18T18:44:40.473091+00:00
P02b_resource_aware_planners,P02b_resource_aware_planners:diamond_heterogeneous:9261ce2e3b496f67:L3-R:2:p02b-intent,diamond_heterogeneous,9261ce2e3b496f67,2,p02b-intent,L3-R,probabilistic_resource_aware,4,10,0.65,0.01,0.02,r1 -> good1 -> good2 -> r3,3,True,,1.597259108298635e-17,0.0955176509327215,0.6512497196405322,3,0.002712,SATISFIED,True,16,0.6579225,0.6579225,0.006672780359467723,0.476485,d6023524cac9554649e8b9b6c03d887f613256e4,1f2680a5b9065e708a7497adc53a95b108029b98,3.13.14,2026-07-18T18:44:40.975558+00:00
P02b_resource_aware_planners,P02b_resource_aware_planners:diamond_heterogeneous:9261ce2e3b496f67:L3-R:3:p02b-intent,diamond_heterogeneous,9261ce2e3b496f67,3,p02b-intent,L3-R,probabilistic_resource_aware,4,10,0.65,0.01,0.02,r1 -> good1 -> good2 -> r3,3,True,,1.597259108298635e-17,0.0955176509327215,0.6512497196405322,3,0.001354,SATISFIED,True,16,0.6579225,0.6579225,0.006672780359467723,0.53086,d6023524cac9554649e8b9b6c03d887f613256e4,1f2680a5b9065e708a7497adc53a95b108029b98,3.13.14,2026-07-18T18:44:41.519074+00:00
P02b_resource_aware_planners,P02b_resource_aware_planners:diamond_heterogeneous:9261ce2e3b496f67:L3-R:4:p02b-intent,diamond_heterogeneous,9261ce2e3b496f67,4,p02b-intent,L3-R,probabilistic_resource_aware,4,10,0.65,0.01,0.02,r1 -> good1 -> good2 -> r3,3,True,,1.597259108298635e-17,0.0955176509327215,0.6512497196405322,3,0.001396,SATISFIED,True,15,0.6579225,0.6579225,0.006672780359467723,0.663213,d6023524cac9554649e8b9b6c03d887f613256e4,1f2680a5b9065e708a7497adc53a95b108029b98,3.13.14,2026-07-18T18:44:42.199854+00:00
P02b_resource_aware_planners,P02b_resource_aware_planners:diamond_heterogeneous:9261ce2e3b496f67:L3-R:5:p02b-intent,diamond_heterogeneous,9261ce2e3b496f67,5,p02b-intent,L3-R,probabilistic_resource_aware,4,10,0.65,0.01,0.02,r1 -> good1 -> good2 -> r3,3,True,,1.597259108298635e-17,0.0955176509327215,0.6512497196405322,3,0.003097,SATISFIED,True,16,0.6579225,0.6579225,0.006672780359467723,0.613317,d6023524cac9554649e8b9b6c03d887f613256e4,1f2680a5b9065e708a7497adc53a95b108029b98,3.13.14,2026-07-18T18:44:42.840867+00:00
P02b_resource_aware_planners,P02b_resource_aware_planners:diamond_heterogeneous:9261ce2e3b496f67:L3-R:6:p02b-intent,diamond_heterogeneous,9261ce2e3b496f67,6,p02b-intent,L3-R,probabilistic_resource_aware,4,10,0.65,0.01,0.02,r1 -> good1 -> good2 -> r3,3,True,,1.597259108298635e-17,0.0955176509327215,0.6512497196405322,3,0.002633,SATISFIED,True,16,0.6579225,0.6579225,0.006672780359467723,0.578548,d6023524cac9554649e8b9b6c03d887f613256e4,1f2680a5b9065e708a7497adc53a95b108029b98,3.13.14,2026-07-18T18:44:43.443294+00:00
P02b_resource_aware_planners,P02b_resource_aware_planners:diamond_heterogeneous:9261ce2e3b496f67:L3-R:7:p02b-intent,diamond_heterogeneous,9261ce2e3b496f67,7,p02b-intent,L3-R,probabilistic_resource_aware,4,10,0.65,0.01,0.02,r1 -> good1 -> good2 -> r3,3,True,,1.597259108298635e-17,0.0955176509327215,0.6512497196405322,3,0.002118,SATISFIED,True,14,0.6579225,0.6579225,0.006672780359467723,0.49855,d6023524cac9554649e8b9b6c03d887f613256e4,1f2680a5b9065e708a7497adc53a95b108029b98,3.13.14,2026-07-18T18:44:43.968967+00:00
P02b_resource_aware_planners,P02b_resource_aware_planners:diamond_heterogeneous:9261ce2e3b496f67:L3-R:8:p02b-intent,diamond_heterogeneous,9261ce2e3b496f67,8,p02b-intent,L3-R,probabilistic_resource_aware,4,10,0.65,0.01,0.02,r1 -> good1 -> good2 -> r3,3,True,,1.597259108298635e-17,0.0955176509327215,0.6512497196405322,3,0.001752,SATISFIED,True,12,0.6579225,0.6579225,0.006672780359467723,0.438424,d6023524cac9554649e8b9b6c03d887f613256e4,1f2680a5b9065e708a7497adc53a95b108029b98,3.13.14,2026-07-18T18:44:44.422663+00:00
P02b_resource_aware_planners,P02b_resource_aware_planners:diamond_heterogeneous:9261ce2e3b496f67:L3-R:9:p02b-intent,diamond_heterogeneous,9261ce2e3b496f67,9,p02b-intent,L3-R,probabilistic_resource_aware,4,10,0.65,0.01,0.02,r1 -> good1 -> good2 -> r3,3,True,,1.597259108298635e-17,0.0955176509327215,0.6512497196405322,3,0.001398,SATISFIED,True,13,0.6579225,0.6579225,0.006672780359467723,0.55462,d6023524cac9554649e8b9b6c03d887f613256e4,1f2680a5b9065e708a7497adc53a95b108029b98,3.13.14,2026-07-18T18:44:44.991629+00:00
P02b_resource_aware_planners,P02b_resource_aware_planners:diamond_heterogeneous:4068a95d9c69b1d7:L1:0:p02b-intent,diamond_heterogeneous,4068a95d9c69b1d7,0,p02b-intent,L1,conservative_one_round,4,10,0.7,0.01,0.02,r1 -> bad -> r3,2,True,,,,0.7202522030749277,1,0.00057,VIOLATED,False,0,,,,0.251294,d6023524cac9554649e8b9b6c03d887f613256e4,1f2680a5b9065e708a7497adc53a95b108029b98,3.13.14,2026-07-18T18:44:45.258299+00:00
P02b_resource_aware_planners,P02b_resource_aware_planners:diamond_heterogeneous:4068a95d9c69b1d7:L1:1:p02b-intent,diamond_heterogeneous,4068a95d9c69b1d7,1,p02b-intent,L1,conservative_one_round,4,10,0.7,0.01,0.02,r1 -> bad -> r3,2,True,,,,0.7202522030749277,1,0.000581,VIOLATED,False,0,,,,0.28245,d6023524cac9554649e8b9b6c03d887f613256e4,1f2680a5b9065e708a7497adc53a95b108029b98,3.13.14,2026-07-18T18:44:45.557163+00:00
P02b_resource_aware_planners,P02b_resource_aware_planners:diamond_heterogeneous:4068a95d9c69b1d7:L1:2:p02b-intent,diamond_heterogeneous,4068a95d9c69b1d7,2,p02b-intent,L1,conservative_one_round,4,10,0.7,0.01,0.02,r1 -> bad -> r3,2,True,,,,0.7202522030749277,1,0.000861,VIOLATED,False,0,,,,0.30294,d6023524cac9554649e8b9b6c03d887f613256e4,1f2680a5b9065e708a7497adc53a95b108029b98,3.13.14,2026-07-18T18:44:45.881202+00:00
P02b_resource_aware_planners,P02b_resource_aware_planners:diamond_heterogeneous:4068a95d9c69b1d7:L1:3:p02b-intent,diamond_heterogeneous,4068a95d9c69b1d7,3,p02b-intent,L1,conservative_one_round,4,10,0.7,0.01,0.02,r1 -> bad -> r3,2,True,,,,0.7202522030749277,1,0.000947,VIOLATED,False,0,,,,0.281584,d6023524cac9554649e8b9b6c03d887f613256e4,1f2680a5b9065e708a7497adc53a95b108029b98,3.13.14,2026-07-18T18:44:46.186131+00:00
P02b_resource_aware_planners,P02b_resource_aware_planners:diamond_heterogeneous:4068a95d9c69b1d7:L1:4:p02b-intent,diamond_heterogeneous,4068a95d9c69b1d7,4,p02b-intent,L1,conservative_one_round,4,10,0.7,0.01,0.02,r1 -> bad -> r3,2,True,,,,0.7202522030749277,1,0.000677,VIOLATED,False,0,,,,0.339143,d6023524cac9554649e8b9b6c03d887f613256e4,1f2680a5b9065e708a7497adc53a95b108029b98,3.13.14,2026-07-18T18:44:46.549626+00:00
P02b_resource_aware_planners,P02b_resource_aware_planners:diamond_heterogeneous:4068a95d9c69b1d7:L1:5:p02b-intent,diamond_heterogeneous,4068a95d9c69b1d7,5,p02b-intent,L1,conservative_one_round,4,10,0.7,0.01,0.02,r1 -> bad -> r3,2,True,,,,0.7202522030749277,1,0.000864,VIOLATED,False,0,,,,0.202643,d6023524cac9554649e8b9b6c03d887f613256e4,1f2680a5b9065e708a7497adc53a95b108029b98,3.13.14,2026-07-18T18:44:46.772989+00:00
P02b_resource_aware_planners,P02b_resource_aware_planners:diamond_heterogeneous:4068a95d9c69b1d7:L1:6:p02b-intent,diamond_heterogeneous,4068a95d9c69b1d7,6,p02b-intent,L1,conservative_one_round,4,10,0.7,0.01,0.02,r1 -> bad -> r3,2,True,,,,0.7202522030749277,1,0.000977,VIOLATED,False,1,0.7695,0.7695,0.04924779692507231,0.288977,d6023524cac9554649e8b9b6c03d887f613256e4,1f2680a5b9065e708a7497adc53a95b108029b98,3.13.14,2026-07-18T18:44:47.085535+00:00
P02b_resource_aware_planners,P02b_resource_aware_planners:diamond_heterogeneous:4068a95d9c69b1d7:L1:7:p02b-intent,diamond_heterogeneous,4068a95d9c69b1d7,7,p02b-intent,L1,conservative_one_round,4,10,0.7,0.01,0.02,r1 -> bad -> r3,2,True,,,,0.7202522030749277,1,0.000527,VIOLATED,False,0,,,,0.216773,d6023524cac9554649e8b9b6c03d887f613256e4,1f2680a5b9065e708a7497adc53a95b108029b98,3.13.14,2026-07-18T18:44:47.317699+00:00
P02b_resource_aware_planners,P02b_resource_aware_planners:diamond_heterogeneous:4068a95d9c69b1d7:L1:8:p02b-intent,diamond_heterogeneous,4068a95d9c69b1d7,8,p02b-intent,L1,conservative_one_round,4,10,0.7,0.01,0.02,r1 -> bad -> r3,2,True,,,,0.7202522030749277,1,0.000456,VIOLATED,False,0,,,,0.262234,d6023524cac9554649e8b9b6c03d887f613256e4,1f2680a5b9065e708a7497adc53a95b108029b98,3.13.14,2026-07-18T18:44:47.598159+00:00
P02b_resource_aware_planners,P02b_resource_aware_planners:diamond_heterogeneous:4068a95d9c69b1d7:L1:9:p02b-intent,diamond_heterogeneous,4068a95d9c69b1d7,9,p02b-intent,L1,conservative_one_round,4,10,0.7,0.01,0.02,r1 -> bad -> r3,2,True,,,,0.7202522030749277,1,0.000842,VIOLATED,False,0,,,,0.296525,d6023524cac9554649e8b9b6c03d887f613256e4,1f2680a5b9065e708a7497adc53a95b108029b98,3.13.14,2026-07-18T18:44:47.914106+00:00
P02b_resource_aware_planners,P02b_resource_aware_planners:diamond_heterogeneous:4068a95d9c69b1d7:L2:0:p02b-intent,diamond_heterogeneous,4068a95d9c69b1d7,0,p02b-intent,L2,iterative_analytical,4,10,0.7,0.01,0.02,r1 -> bad -> r3,2,True,,,,0.7202522030749277,1,0.000659,VIOLATED,False,0,,,,0.237397,d6023524cac9554649e8b9b6c03d887f613256e4,1f2680a5b9065e708a7497adc53a95b108029b98,3.13.14,2026-07-18T18:44:48.165452+00:00
P02b_resource_aware_planners,P02b_resource_aware_planners:diamond_heterogeneous:4068a95d9c69b1d7:L2:1:p02b-intent,diamond_heterogeneous,4068a95d9c69b1d7,1,p02b-intent,L2,iterative_analytical,4,10,0.7,0.01,0.02,r1 -> bad -> r3,2,True,,,,0.7202522030749277,1,0.000982,VIOLATED,False,0,,,,0.30346,d6023524cac9554649e8b9b6c03d887f613256e4,1f2680a5b9065e708a7497adc53a95b108029b98,3.13.14,2026-07-18T18:44:48.491704+00:00
P02b_resource_aware_planners,P02b_resource_aware_planners:diamond_heterogeneous:4068a95d9c69b1d7:L2:2:p02b-intent,diamond_heterogeneous,4068a95d9c69b1d7,2,p02b-intent,L2,iterative_analytical,4,10,0.7,0.01,0.02,r1 -> bad -> r3,2,True,,,,0.7202522030749277,1,0.001006,VIOLATED,False,0,,,,0.209188,d6023524cac9554649e8b9b6c03d887f613256e4,1f2680a5b9065e708a7497adc53a95b108029b98,3.13.14,2026-07-18T18:44:48.723751+00:00
P02b_resource_aware_planners,P02b_resource_aware_planners:diamond_heterogeneous:4068a95d9c69b1d7:L2:3:p02b-intent,diamond_heterogeneous,4068a95d9c69b1d7,3,p02b-intent,L2,iterative_analytical,4,10,0.7,0.01,0.02,r1 -> bad -> r3,2,True,,,,0.7202522030749277,1,0.000636,VIOLATED,False,0,,,,0.194881,d6023524cac9554649e8b9b6c03d887f613256e4,1f2680a5b9065e708a7497adc53a95b108029b98,3.13.14,2026-07-18T18:44:48.932464+00:00
P02b_resource_aware_planners,P02b_resource_aware_planners:diamond_heterogeneous:4068a95d9c69b1d7:L2:4:p02b-intent,diamond_heterogeneous,4068a95d9c69b1d7,4,p02b-intent,L2,iterative_analytical,4,10,0.7,0.01,0.02,r1 -> bad -> r3,2,True,,,,0.7202522030749277,1,0.000502,VIOLATED,False,0,,,,0.24507,d6023524cac9554649e8b9b6c03d887f613256e4,1f2680a5b9065e708a7497adc53a95b108029b98,3.13.14,2026-07-18T18:44:49.192359+00:00
P02b_resource_aware_planners,P02b_resource_aware_planners:diamond_heterogeneous:4068a95d9c69b1d7:L2:5:p02b-intent,diamond_heterogeneous,4068a95d9c69b1d7,5,p02b-intent,L2,iterative_analytical,4,10,0.7,0.01,0.02,r1 -> bad -> r3,2,True,,,,0.7202522030749277,1,0.00098,VIOLATED,False,0,,,,0.235837,d6023524cac9554649e8b9b6c03d887f613256e4,1f2680a5b9065e708a7497adc53a95b108029b98,3.13.14,2026-07-18T18:44:49.449117+00:00
P02b_resource_aware_planners,P02b_resource_aware_planners:diamond_heterogeneous:4068a95d9c69b1d7:L2:6:p02b-intent,diamond_heterogeneous,4068a95d9c69b1d7,6,p02b-intent,L2,iterative_analytical,4,10,0.7,0.01,0.02,r1 -> bad -> r3,2,True,,,,0.7202522030749277,1,0.000952,VIOLATED,False,1,0.7695,0.7695,0.04924779692507231,0.261385,d6023524cac9554649e8b9b6c03d887f613256e4,1f2680a5b9065e708a7497adc53a95b108029b98,3.13.14,2026-07-18T18:44:49.733798+00:00
P02b_resource_aware_planners,P02b_resource_aware_planners:diamond_heterogeneous:4068a95d9c69b1d7:L2:7:p02b-intent,diamond_heterogeneous,4068a95d9c69b1d7,7,p02b-intent,L2,iterative_analytical,4,10,0.7,0.01,0.02,r1 -> bad -> r3,2,True,,,,0.7202522030749277,1,0.001245,VIOLATED,False,0,,,,0.287328,d6023524cac9554649e8b9b6c03d887f613256e4,1f2680a5b9065e708a7497adc53a95b108029b98,3.13.14,2026-07-18T18:44:50.043240+00:00
P02b_resource_aware_planners,P02b_resource_aware_planners:diamond_heterogeneous:4068a95d9c69b1d7:L2:8:p02b-intent,diamond_heterogeneous,4068a95d9c69b1d7,8,p02b-intent,L2,iterative_analytical,4,10,0.7,0.01,0.02,r1 -> bad -> r3,2,True,,,,0.7202522030749277,1,0.000623,VIOLATED,False,0,,,,0.249023,d6023524cac9554649e8b9b6c03d887f613256e4,1f2680a5b9065e708a7497adc53a95b108029b98,3.13.14,2026-07-18T18:44:50.306121+00:00
P02b_resource_aware_planners,P02b_resource_aware_planners:diamond_heterogeneous:4068a95d9c69b1d7:L2:9:p02b-intent,diamond_heterogeneous,4068a95d9c69b1d7,9,p02b-intent,L2,iterative_analytical,4,10,0.7,0.01,0.02,r1 -> bad -> r3,2,True,,,,0.7202522030749277,1,0.000547,VIOLATED,False,0,,,,0.33009,d6023524cac9554649e8b9b6c03d887f613256e4,1f2680a5b9065e708a7497adc53a95b108029b98,3.13.14,2026-07-18T18:44:50.649687+00:00
P02b_resource_aware_planners,P02b_resource_aware_planners:diamond_heterogeneous:4068a95d9c69b1d7:L2-R:0:p02b-intent,diamond_heterogeneous,4068a95d9c69b1d7,0,p02b-intent,L2-R,iterative_resource_aware,4,10,0.7,0.01,0.02,,0,False,DELIVERY_TARGET_EXCEEDS_WINDOW,,,,0,0.000528,REJECTED,,,,,,,d6023524cac9554649e8b9b6c03d887f613256e4,1f2680a5b9065e708a7497adc53a95b108029b98,3.13.14,2026-07-18T18:44:50.658975+00:00
P02b_resource_aware_planners,P02b_resource_aware_planners:diamond_heterogeneous:4068a95d9c69b1d7:L2-R:1:p02b-intent,diamond_heterogeneous,4068a95d9c69b1d7,1,p02b-intent,L2-R,iterative_resource_aware,4,10,0.7,0.01,0.02,,0,False,DELIVERY_TARGET_EXCEEDS_WINDOW,,,,0,0.000414,REJECTED,,,,,,,d6023524cac9554649e8b9b6c03d887f613256e4,1f2680a5b9065e708a7497adc53a95b108029b98,3.13.14,2026-07-18T18:44:50.665284+00:00
P02b_resource_aware_planners,P02b_resource_aware_planners:diamond_heterogeneous:4068a95d9c69b1d7:L2-R:2:p02b-intent,diamond_heterogeneous,4068a95d9c69b1d7,2,p02b-intent,L2-R,iterative_resource_aware,4,10,0.7,0.01,0.02,,0,False,DELIVERY_TARGET_EXCEEDS_WINDOW,,,,0,0.000428,REJECTED,,,,,,,d6023524cac9554649e8b9b6c03d887f613256e4,1f2680a5b9065e708a7497adc53a95b108029b98,3.13.14,2026-07-18T18:44:50.672005+00:00
P02b_resource_aware_planners,P02b_resource_aware_planners:diamond_heterogeneous:4068a95d9c69b1d7:L2-R:3:p02b-intent,diamond_heterogeneous,4068a95d9c69b1d7,3,p02b-intent,L2-R,iterative_resource_aware,4,10,0.7,0.01,0.02,,0,False,DELIVERY_TARGET_EXCEEDS_WINDOW,,,,0,0.000519,REJECTED,,,,,,,d6023524cac9554649e8b9b6c03d887f613256e4,1f2680a5b9065e708a7497adc53a95b108029b98,3.13.14,2026-07-18T18:44:50.680173+00:00
P02b_resource_aware_planners,P02b_resource_aware_planners:diamond_heterogeneous:4068a95d9c69b1d7:L2-R:4:p02b-intent,diamond_heterogeneous,4068a95d9c69b1d7,4,p02b-intent,L2-R,iterative_resource_aware,4,10,0.7,0.01,0.02,,0,False,DELIVERY_TARGET_EXCEEDS_WINDOW,,,,0,0.000474,REJECTED,,,,,,,d6023524cac9554649e8b9b6c03d887f613256e4,1f2680a5b9065e708a7497adc53a95b108029b98,3.13.14,2026-07-18T18:44:50.688250+00:00
P02b_resource_aware_planners,P02b_resource_aware_planners:diamond_heterogeneous:4068a95d9c69b1d7:L2-R:5:p02b-intent,diamond_heterogeneous,4068a95d9c69b1d7,5,p02b-intent,L2-R,iterative_resource_aware,4,10,0.7,0.01,0.02,,0,False,DELIVERY_TARGET_EXCEEDS_WINDOW,,,,0,0.000526,REJECTED,,,,,,,d6023524cac9554649e8b9b6c03d887f613256e4,1f2680a5b9065e708a7497adc53a95b108029b98,3.13.14,2026-07-18T18:44:50.698001+00:00
P02b_resource_aware_planners,P02b_resource_aware_planners:diamond_heterogeneous:4068a95d9c69b1d7:L2-R:6:p02b-intent,diamond_heterogeneous,4068a95d9c69b1d7,6,p02b-intent,L2-R,iterative_resource_aware,4,10,0.7,0.01,0.02,,0,False,DELIVERY_TARGET_EXCEEDS_WINDOW,,,,0,0.000781,REJECTED,,,,,,,d6023524cac9554649e8b9b6c03d887f613256e4,1f2680a5b9065e708a7497adc53a95b108029b98,3.13.14,2026-07-18T18:44:50.707328+00:00
P02b_resource_aware_planners,P02b_resource_aware_planners:diamond_heterogeneous:4068a95d9c69b1d7:L2-R:7:p02b-intent,diamond_heterogeneous,4068a95d9c69b1d7,7,p02b-intent,L2-R,iterative_resource_aware,4,10,0.7,0.01,0.02,,0,False,DELIVERY_TARGET_EXCEEDS_WINDOW,,,,0,0.000511,REJECTED,,,,,,,d6023524cac9554649e8b9b6c03d887f613256e4,1f2680a5b9065e708a7497adc53a95b108029b98,3.13.14,2026-07-18T18:44:50.819369+00:00
P02b_resource_aware_planners,P02b_resource_aware_planners:diamond_heterogeneous:4068a95d9c69b1d7:L2-R:8:p02b-intent,diamond_heterogeneous,4068a95d9c69b1d7,8,p02b-intent,L2-R,iterative_resource_aware,4,10,0.7,0.01,0.02,,0,False,DELIVERY_TARGET_EXCEEDS_WINDOW,,,,0,0.000581,REJECTED,,,,,,,d6023524cac9554649e8b9b6c03d887f613256e4,1f2680a5b9065e708a7497adc53a95b108029b98,3.13.14,2026-07-18T18:44:50.829416+00:00
P02b_resource_aware_planners,P02b_resource_aware_planners:diamond_heterogeneous:4068a95d9c69b1d7:L2-R:9:p02b-intent,diamond_heterogeneous,4068a95d9c69b1d7,9,p02b-intent,L2-R,iterative_resource_aware,4,10,0.7,0.01,0.02,,0,False,DELIVERY_TARGET_EXCEEDS_WINDOW,,,,0,0.000615,REJECTED,,,,,,,d6023524cac9554649e8b9b6c03d887f613256e4,1f2680a5b9065e708a7497adc53a95b108029b98,3.13.14,2026-07-18T18:44:50.838397+00:00
P02b_resource_aware_planners,P02b_resource_aware_planners:diamond_heterogeneous:4068a95d9c69b1d7:L3:0:p02b-intent,diamond_heterogeneous,4068a95d9c69b1d7,0,p02b-intent,L3,probabilistic,4,10,0.7,0.01,0.02,r1 -> good1 -> good2 -> r3,3,True,,1.7793359705375177e-18,0.0765639028137595,0.7137025881520319,5,0.002688,VIOLATED,False,2,0.7222301956458361,0.7222301956458361,0.008527607493804212,0.482011,d6023524cac9554649e8b9b6c03d887f613256e4,1f2680a5b9065e708a7497adc53a95b108029b98,3.13.14,2026-07-18T18:44:51.346403+00:00
P02b_resource_aware_planners,P02b_resource_aware_planners:diamond_heterogeneous:4068a95d9c69b1d7:L3:1:p02b-intent,diamond_heterogeneous,4068a95d9c69b1d7,1,p02b-intent,L3,probabilistic,4,10,0.7,0.01,0.02,r1 -> good1 -> good2 -> r3,3,True,,1.7793359705375177e-18,0.0765639028137595,0.7137025881520319,5,0.001634,VIOLATED,False,1,0.7222301956458361,0.7222301956458361,0.008527607493804212,0.361393,d6023524cac9554649e8b9b6c03d887f613256e4,1f2680a5b9065e708a7497adc53a95b108029b98,3.13.14,2026-07-18T18:44:51.724781+00:00
P02b_resource_aware_planners,P02b_resource_aware_planners:diamond_heterogeneous:4068a95d9c69b1d7:L3:2:p02b-intent,diamond_heterogeneous,4068a95d9c69b1d7,2,p02b-intent,L3,probabilistic,4,10,0.7,0.01,0.02,r1 -> good1 -> good2 -> r3,3,True,,1.7793359705375177e-18,0.0765639028137595,0.7137025881520319,5,0.002481,VIOLATED,False,2,0.7222301956458361,0.7222301956458361,0.008527607493804212,0.462383,d6023524cac9554649e8b9b6c03d887f613256e4,1f2680a5b9065e708a7497adc53a95b108029b98,3.13.14,2026-07-18T18:44:52.213003+00:00
P02b_resource_aware_planners,P02b_resource_aware_planners:diamond_heterogeneous:4068a95d9c69b1d7:L3:3:p02b-intent,diamond_heterogeneous,4068a95d9c69b1d7,3,p02b-intent,L3,probabilistic,4,10,0.7,0.01,0.02,r1 -> good1 -> good2 -> r3,3,True,,1.7793359705375177e-18,0.0765639028137595,0.7137025881520319,5,0.002543,VIOLATED,False,1,0.7222301956458361,0.7222301956458361,0.008527607493804212,0.517644,d6023524cac9554649e8b9b6c03d887f613256e4,1f2680a5b9065e708a7497adc53a95b108029b98,3.13.14,2026-07-18T18:44:52.753630+00:00
P02b_resource_aware_planners,P02b_resource_aware_planners:diamond_heterogeneous:4068a95d9c69b1d7:L3:4:p02b-intent,diamond_heterogeneous,4068a95d9c69b1d7,4,p02b-intent,L3,probabilistic,4,10,0.7,0.01,0.02,r1 -> good1 -> good2 -> r3,3,True,,1.7793359705375177e-18,0.0765639028137595,0.7137025881520319,5,0.002458,VIOLATED,False,1,0.7222301956458361,0.7222301956458361,0.008527607493804212,0.430432,d6023524cac9554649e8b9b6c03d887f613256e4,1f2680a5b9065e708a7497adc53a95b108029b98,3.13.14,2026-07-18T18:44:53.205700+00:00
P02b_resource_aware_planners,P02b_resource_aware_planners:diamond_heterogeneous:4068a95d9c69b1d7:L3:5:p02b-intent,diamond_heterogeneous,4068a95d9c69b1d7,5,p02b-intent,L3,probabilistic,4,10,0.7,0.01,0.02,r1 -> good1 -> good2 -> r3,3,True,,1.7793359705375177e-18,0.0765639028137595,0.7137025881520319,5,0.001904,VIOLATED,False,0,,,,0.528416,d6023524cac9554649e8b9b6c03d887f613256e4,1f2680a5b9065e708a7497adc53a95b108029b98,3.13.14,2026-07-18T18:44:53.752137+00:00
P02b_resource_aware_planners,P02b_resource_aware_planners:diamond_heterogeneous:4068a95d9c69b1d7:L3:6:p02b-intent,diamond_heterogeneous,4068a95d9c69b1d7,6,p02b-intent,L3,probabilistic,4,10,0.7,0.01,0.02,r1 -> good1 -> good2 -> r3,3,True,,1.7793359705375177e-18,0.0765639028137595,0.7137025881520319,5,0.003069,VIOLATED,False,1,0.7222301956458361,0.7222301956458361,0.008527607493804212,0.417283,d6023524cac9554649e8b9b6c03d887f613256e4,1f2680a5b9065e708a7497adc53a95b108029b98,3.13.14,2026-07-18T18:44:54.192238+00:00
P02b_resource_aware_planners,P02b_resource_aware_planners:diamond_heterogeneous:4068a95d9c69b1d7:L3:7:p02b-intent,diamond_heterogeneous,4068a95d9c69b1d7,7,p02b-intent,L3,probabilistic,4,10,0.7,0.01,0.02,r1 -> good1 -> good2 -> r3,3,True,,1.7793359705375177e-18,0.0765639028137595,0.7137025881520319,5,0.001852,VIOLATED,False,2,0.7222301956458361,0.7222301956458361,0.008527607493804212,0.438893,d6023524cac9554649e8b9b6c03d887f613256e4,1f2680a5b9065e708a7497adc53a95b108029b98,3.13.14,2026-07-18T18:44:54.649745+00:00
P02b_resource_aware_planners,P02b_resource_aware_planners:diamond_heterogeneous:4068a95d9c69b1d7:L3:8:p02b-intent,diamond_heterogeneous,4068a95d9c69b1d7,8,p02b-intent,L3,probabilistic,4,10,0.7,0.01,0.02,r1 -> good1 -> good2 -> r3,3,True,,1.7793359705375177e-18,0.0765639028137595,0.7137025881520319,5,0.003125,VIOLATED,False,0,,,,0.388326,d6023524cac9554649e8b9b6c03d887f613256e4,1f2680a5b9065e708a7497adc53a95b108029b98,3.13.14,2026-07-18T18:44:55.065117+00:00
P02b_resource_aware_planners,P02b_resource_aware_planners:diamond_heterogeneous:4068a95d9c69b1d7:L3:9:p02b-intent,diamond_heterogeneous,4068a95d9c69b1d7,9,p02b-intent,L3,probabilistic,4,10,0.7,0.01,0.02,r1 -> good1 -> good2 -> r3,3,True,,1.7793359705375177e-18,0.0765639028137595,0.7137025881520319,5,0.002219,VIOLATED,False,1,0.7222301956458361,0.7222301956458361,0.008527607493804212,0.531468,d6023524cac9554649e8b9b6c03d887f613256e4,1f2680a5b9065e708a7497adc53a95b108029b98,3.13.14,2026-07-18T18:44:55.615045+00:00
P02b_resource_aware_planners,P02b_resource_aware_planners:diamond_heterogeneous:4068a95d9c69b1d7:L3-R:0:p02b-intent,diamond_heterogeneous,4068a95d9c69b1d7,0,p02b-intent,L3-R,probabilistic_resource_aware,4,10,0.7,0.01,0.02,r1 -> good1 -> good2 -> r3,3,True,,3.3560982323283344e-27,0.010208520375167932,0.7137025881520319,5,0.001487,VIOLATED,False,2,0.7222301956458361,0.7222301956458361,0.008527607493804212,0.46178,d6023524cac9554649e8b9b6c03d887f613256e4,1f2680a5b9065e708a7497adc53a95b108029b98,3.13.14,2026-07-18T18:44:56.094484+00:00
P02b_resource_aware_planners,P02b_resource_aware_planners:diamond_heterogeneous:4068a95d9c69b1d7:L3-R:1:p02b-intent,diamond_heterogeneous,4068a95d9c69b1d7,1,p02b-intent,L3-R,probabilistic_resource_aware,4,10,0.7,0.01,0.02,r1 -> good1 -> good2 -> r3,3,True,,3.3560982323283344e-27,0.010208520375167932,0.7137025881520319,5,0.002302,VIOLATED,False,1,0.7222301956458361,0.7222301956458361,0.008527607493804212,0.440725,d6023524cac9554649e8b9b6c03d887f613256e4,1f2680a5b9065e708a7497adc53a95b108029b98,3.13.14,2026-07-18T18:44:56.557718+00:00
P02b_resource_aware_planners,P02b_resource_aware_planners:diamond_heterogeneous:4068a95d9c69b1d7:L3-R:2:p02b-intent,diamond_heterogeneous,4068a95d9c69b1d7,2,p02b-intent,L3-R,probabilistic_resource_aware,4,10,0.7,0.01,0.02,r1 -> good1 -> good2 -> r3,3,True,,3.3560982323283344e-27,0.010208520375167932,0.7137025881520319,5,0.002448,VIOLATED,False,2,0.7222301956458361,0.7222301956458361,0.008527607493804212,0.464144,d6023524cac9554649e8b9b6c03d887f613256e4,1f2680a5b9065e708a7497adc53a95b108029b98,3.13.14,2026-07-18T18:44:57.043826+00:00
P02b_resource_aware_planners,P02b_resource_aware_planners:diamond_heterogeneous:4068a95d9c69b1d7:L3-R:3:p02b-intent,diamond_heterogeneous,4068a95d9c69b1d7,3,p02b-intent,L3-R,probabilistic_resource_aware,4,10,0.7,0.01,0.02,r1 -> good1 -> good2 -> r3,3,True,,3.3560982323283344e-27,0.010208520375167932,0.7137025881520319,5,0.001958,VIOLATED,False,1,0.7222301956458361,0.7222301956458361,0.008527607493804212,0.496734,d6023524cac9554649e8b9b6c03d887f613256e4,1f2680a5b9065e708a7497adc53a95b108029b98,3.13.14,2026-07-18T18:44:57.560535+00:00
P02b_resource_aware_planners,P02b_resource_aware_planners:diamond_heterogeneous:4068a95d9c69b1d7:L3-R:4:p02b-intent,diamond_heterogeneous,4068a95d9c69b1d7,4,p02b-intent,L3-R,probabilistic_resource_aware,4,10,0.7,0.01,0.02,r1 -> good1 -> good2 -> r3,3,True,,3.3560982323283344e-27,0.010208520375167932,0.7137025881520319,5,0.001801,VIOLATED,False,1,0.7222301956458361,0.7222301956458361,0.008527607493804212,0.400109,d6023524cac9554649e8b9b6c03d887f613256e4,1f2680a5b9065e708a7497adc53a95b108029b98,3.13.14,2026-07-18T18:44:57.979699+00:00
P02b_resource_aware_planners,P02b_resource_aware_planners:diamond_heterogeneous:4068a95d9c69b1d7:L3-R:5:p02b-intent,diamond_heterogeneous,4068a95d9c69b1d7,5,p02b-intent,L3-R,probabilistic_resource_aware,4,10,0.7,0.01,0.02,r1 -> good1 -> good2 -> r3,3,True,,3.3560982323283344e-27,0.010208520375167932,0.7137025881520319,5,0.001706,VIOLATED,False,0,,,,0.487032,d6023524cac9554649e8b9b6c03d887f613256e4,1f2680a5b9065e708a7497adc53a95b108029b98,3.13.14,2026-07-18T18:44:58.482159+00:00
P02b_resource_aware_planners,P02b_resource_aware_planners:diamond_heterogeneous:4068a95d9c69b1d7:L3-R:6:p02b-intent,diamond_heterogeneous,4068a95d9c69b1d7,6,p02b-intent,L3-R,probabilistic_resource_aware,4,10,0.7,0.01,0.02,r1 -> good1 -> good2 -> r3,3,True,,3.3560982323283344e-27,0.010208520375167932,0.7137025881520319,5,0.002147,VIOLATED,False,1,0.7222301956458361,0.7222301956458361,0.008527607493804212,0.395337,d6023524cac9554649e8b9b6c03d887f613256e4,1f2680a5b9065e708a7497adc53a95b108029b98,3.13.14,2026-07-18T18:44:58.923117+00:00
P02b_resource_aware_planners,P02b_resource_aware_planners:diamond_heterogeneous:4068a95d9c69b1d7:L3-R:7:p02b-intent,diamond_heterogeneous,4068a95d9c69b1d7,7,p02b-intent,L3-R,probabilistic_resource_aware,4,10,0.7,0.01,0.02,r1 -> good1 -> good2 -> r3,3,True,,3.3560982323283344e-27,0.010208520375167932,0.7137025881520319,5,0.002192,VIOLATED,False,2,0.7222301956458361,0.7222301956458361,0.008527607493804212,0.361296,d6023524cac9554649e8b9b6c03d887f613256e4,1f2680a5b9065e708a7497adc53a95b108029b98,3.13.14,2026-07-18T18:44:59.303563+00:00
P02b_resource_aware_planners,P02b_resource_aware_planners:diamond_heterogeneous:4068a95d9c69b1d7:L3-R:8:p02b-intent,diamond_heterogeneous,4068a95d9c69b1d7,8,p02b-intent,L3-R,probabilistic_resource_aware,4,10,0.7,0.01,0.02,r1 -> good1 -> good2 -> r3,3,True,,3.3560982323283344e-27,0.010208520375167932,0.7137025881520319,5,0.001958,VIOLATED,False,0,,,,0.368145,d6023524cac9554649e8b9b6c03d887f613256e4,1f2680a5b9065e708a7497adc53a95b108029b98,3.13.14,2026-07-18T18:44:59.690583+00:00
P02b_resource_aware_planners,P02b_resource_aware_planners:diamond_heterogeneous:4068a95d9c69b1d7:L3-R:9:p02b-intent,diamond_heterogeneous,4068a95d9c69b1d7,9,p02b-intent,L3-R,probabilistic_resource_aware,4,10,0.7,0.01,0.02,r1 -> good1 -> good2 -> r3,3,True,,3.3560982323283344e-27,0.010208520375167932,0.7137025881520319,5,0.002665,VIOLATED,False,1,0.7222301956458361,0.7222301956458361,0.008527607493804212,0.494005,d6023524cac9554649e8b9b6c03d887f613256e4,1f2680a5b9065e708a7497adc53a95b108029b98,3.13.14,2026-07-18T18:45:00.212887+00:00
P02b_resource_aware_planners,P02b_resource_aware_planners:diamond_heterogeneous:479bcc05b68a0a68:L1:0:p02b-intent,diamond_heterogeneous,479bcc05b68a0a68,0,p02b-intent,L1,conservative_one_round,4,10,0.75,0.01,0.02,,0,False,no candidate route is feasible: r1->bad->r3 (min_fidelity 0.750 exceeds the achievable estimate 0.720 (one-round static estimate (BBPSSWCircuit.improved_fidelity); SeQUeNCe's 'until_target' mode may run a different number of rounds at execution time)); r1->good1->good2->r3 (min_fidelity 0.750 exceeds the achievable estimate 0.605 (one-round static estimate (BBPSSWCircuit.improved_fidelity); SeQUeNCe's 'until_target' mode may run a different number of rounds at execution time)),,,,0,0.000664,REJECTED,,,,,,,d6023524cac9554649e8b9b6c03d887f613256e4,1f2680a5b9065e708a7497adc53a95b108029b98,3.13.14,2026-07-18T18:45:00.222112+00:00
P02b_resource_aware_planners,P02b_resource_aware_planners:diamond_heterogeneous:479bcc05b68a0a68:L1:1:p02b-intent,diamond_heterogeneous,479bcc05b68a0a68,1,p02b-intent,L1,conservative_one_round,4,10,0.75,0.01,0.02,,0,False,no candidate route is feasible: r1->bad->r3 (min_fidelity 0.750 exceeds the achievable estimate 0.720 (one-round static estimate (BBPSSWCircuit.improved_fidelity); SeQUeNCe's 'until_target' mode may run a different number of rounds at execution time)); r1->good1->good2->r3 (min_fidelity 0.750 exceeds the achievable estimate 0.605 (one-round static estimate (BBPSSWCircuit.improved_fidelity); SeQUeNCe's 'until_target' mode may run a different number of rounds at execution time)),,,,0,0.000574,REJECTED,,,,,,,d6023524cac9554649e8b9b6c03d887f613256e4,1f2680a5b9065e708a7497adc53a95b108029b98,3.13.14,2026-07-18T18:45:00.228578+00:00
P02b_resource_aware_planners,P02b_resource_aware_planners:diamond_heterogeneous:479bcc05b68a0a68:L1:2:p02b-intent,diamond_heterogeneous,479bcc05b68a0a68,2,p02b-intent,L1,conservative_one_round,4,10,0.75,0.01,0.02,,0,False,no candidate route is feasible: r1->bad->r3 (min_fidelity 0.750 exceeds the achievable estimate 0.720 (one-round static estimate (BBPSSWCircuit.improved_fidelity); SeQUeNCe's 'until_target' mode may run a different number of rounds at execution time)); r1->good1->good2->r3 (min_fidelity 0.750 exceeds the achievable estimate 0.605 (one-round static estimate (BBPSSWCircuit.improved_fidelity); SeQUeNCe's 'until_target' mode may run a different number of rounds at execution time)),,,,0,0.000924,REJECTED,,,,,,,d6023524cac9554649e8b9b6c03d887f613256e4,1f2680a5b9065e708a7497adc53a95b108029b98,3.13.14,2026-07-18T18:45:00.236179+00:00
P02b_resource_aware_planners,P02b_resource_aware_planners:diamond_heterogeneous:479bcc05b68a0a68:L1:3:p02b-intent,diamond_heterogeneous,479bcc05b68a0a68,3,p02b-intent,L1,conservative_one_round,4,10,0.75,0.01,0.02,,0,False,no candidate route is feasible: r1->bad->r3 (min_fidelity 0.750 exceeds the achievable estimate 0.720 (one-round static estimate (BBPSSWCircuit.improved_fidelity); SeQUeNCe's 'until_target' mode may run a different number of rounds at execution time)); r1->good1->good2->r3 (min_fidelity 0.750 exceeds the achievable estimate 0.605 (one-round static estimate (BBPSSWCircuit.improved_fidelity); SeQUeNCe's 'until_target' mode may run a different number of rounds at execution time)),,,,0,0.000915,REJECTED,,,,,,,d6023524cac9554649e8b9b6c03d887f613256e4,1f2680a5b9065e708a7497adc53a95b108029b98,3.13.14,2026-07-18T18:45:00.244322+00:00
P02b_resource_aware_planners,P02b_resource_aware_planners:diamond_heterogeneous:479bcc05b68a0a68:L1:4:p02b-intent,diamond_heterogeneous,479bcc05b68a0a68,4,p02b-intent,L1,conservative_one_round,4,10,0.75,0.01,0.02,,0,False,no candidate route is feasible: r1->bad->r3 (min_fidelity 0.750 exceeds the achievable estimate 0.720 (one-round static estimate (BBPSSWCircuit.improved_fidelity); SeQUeNCe's 'until_target' mode may run a different number of rounds at execution time)); r1->good1->good2->r3 (min_fidelity 0.750 exceeds the achievable estimate 0.605 (one-round static estimate (BBPSSWCircuit.improved_fidelity); SeQUeNCe's 'until_target' mode may run a different number of rounds at execution time)),,,,0,0.000798,REJECTED,,,,,,,d6023524cac9554649e8b9b6c03d887f613256e4,1f2680a5b9065e708a7497adc53a95b108029b98,3.13.14,2026-07-18T18:45:00.254687+00:00
P02b_resource_aware_planners,P02b_resource_aware_planners:diamond_heterogeneous:479bcc05b68a0a68:L1:5:p02b-intent,diamond_heterogeneous,479bcc05b68a0a68,5,p02b-intent,L1,conservative_one_round,4,10,0.75,0.01,0.02,,0,False,no candidate route is feasible: r1->bad->r3 (min_fidelity 0.750 exceeds the achievable estimate 0.720 (one-round static estimate (BBPSSWCircuit.improved_fidelity); SeQUeNCe's 'until_target' mode may run a different number of rounds at execution time)); r1->good1->good2->r3 (min_fidelity 0.750 exceeds the achievable estimate 0.605 (one-round static estimate (BBPSSWCircuit.improved_fidelity); SeQUeNCe's 'until_target' mode may run a different number of rounds at execution time)),,,,0,0.000961,REJECTED,,,,,,,d6023524cac9554649e8b9b6c03d887f613256e4,1f2680a5b9065e708a7497adc53a95b108029b98,3.13.14,2026-07-18T18:45:00.264582+00:00
P02b_resource_aware_planners,P02b_resource_aware_planners:diamond_heterogeneous:479bcc05b68a0a68:L1:6:p02b-intent,diamond_heterogeneous,479bcc05b68a0a68,6,p02b-intent,L1,conservative_one_round,4,10,0.75,0.01,0.02,,0,False,no candidate route is feasible: r1->bad->r3 (min_fidelity 0.750 exceeds the achievable estimate 0.720 (one-round static estimate (BBPSSWCircuit.improved_fidelity); SeQUeNCe's 'until_target' mode may run a different number of rounds at execution time)); r1->good1->good2->r3 (min_fidelity 0.750 exceeds the achievable estimate 0.605 (one-round static estimate (BBPSSWCircuit.improved_fidelity); SeQUeNCe's 'until_target' mode may run a different number of rounds at execution time)),,,,0,0.000893,REJECTED,,,,,,,d6023524cac9554649e8b9b6c03d887f613256e4,1f2680a5b9065e708a7497adc53a95b108029b98,3.13.14,2026-07-18T18:45:00.275603+00:00
P02b_resource_aware_planners,P02b_resource_aware_planners:diamond_heterogeneous:479bcc05b68a0a68:L1:7:p02b-intent,diamond_heterogeneous,479bcc05b68a0a68,7,p02b-intent,L1,conservative_one_round,4,10,0.75,0.01,0.02,,0,False,no candidate route is feasible: r1->bad->r3 (min_fidelity 0.750 exceeds the achievable estimate 0.720 (one-round static estimate (BBPSSWCircuit.improved_fidelity); SeQUeNCe's 'until_target' mode may run a different number of rounds at execution time)); r1->good1->good2->r3 (min_fidelity 0.750 exceeds the achievable estimate 0.605 (one-round static estimate (BBPSSWCircuit.improved_fidelity); SeQUeNCe's 'until_target' mode may run a different number of rounds at execution time)),,,,0,0.000891,REJECTED,,,,,,,d6023524cac9554649e8b9b6c03d887f613256e4,1f2680a5b9065e708a7497adc53a95b108029b98,3.13.14,2026-07-18T18:45:00.285738+00:00
P02b_resource_aware_planners,P02b_resource_aware_planners:diamond_heterogeneous:479bcc05b68a0a68:L1:8:p02b-intent,diamond_heterogeneous,479bcc05b68a0a68,8,p02b-intent,L1,conservative_one_round,4,10,0.75,0.01,0.02,,0,False,no candidate route is feasible: r1->bad->r3 (min_fidelity 0.750 exceeds the achievable estimate 0.720 (one-round static estimate (BBPSSWCircuit.improved_fidelity); SeQUeNCe's 'until_target' mode may run a different number of rounds at execution time)); r1->good1->good2->r3 (min_fidelity 0.750 exceeds the achievable estimate 0.605 (one-round static estimate (BBPSSWCircuit.improved_fidelity); SeQUeNCe's 'until_target' mode may run a different number of rounds at execution time)),,,,0,0.000627,REJECTED,,,,,,,d6023524cac9554649e8b9b6c03d887f613256e4,1f2680a5b9065e708a7497adc53a95b108029b98,3.13.14,2026-07-18T18:45:00.294959+00:00
P02b_resource_aware_planners,P02b_resource_aware_planners:diamond_heterogeneous:479bcc05b68a0a68:L1:9:p02b-intent,diamond_heterogeneous,479bcc05b68a0a68,9,p02b-intent,L1,conservative_one_round,4,10,0.75,0.01,0.02,,0,False,no candidate route is feasible: r1->bad->r3 (min_fidelity 0.750 exceeds the achievable estimate 0.720 (one-round static estimate (BBPSSWCircuit.improved_fidelity); SeQUeNCe's 'until_target' mode may run a different number of rounds at execution time)); r1->good1->good2->r3 (min_fidelity 0.750 exceeds the achievable estimate 0.605 (one-round static estimate (BBPSSWCircuit.improved_fidelity); SeQUeNCe's 'until_target' mode may run a different number of rounds at execution time)),,,,0,0.000474,REJECTED,,,,,,,d6023524cac9554649e8b9b6c03d887f613256e4,1f2680a5b9065e708a7497adc53a95b108029b98,3.13.14,2026-07-18T18:45:00.303637+00:00
P02b_resource_aware_planners,P02b_resource_aware_planners:diamond_heterogeneous:479bcc05b68a0a68:L2:0:p02b-intent,diamond_heterogeneous,479bcc05b68a0a68,0,p02b-intent,L2,iterative_analytical,4,10,0.75,0.01,0.02,r1 -> bad -> r3,2,True,,,,0.7572267420113338,2,0.00065,VIOLATED,False,0,,,,0.459476,d6023524cac9554649e8b9b6c03d887f613256e4,1f2680a5b9065e708a7497adc53a95b108029b98,3.13.14,2026-07-18T18:45:00.777334+00:00
P02b_resource_aware_planners,P02b_resource_aware_planners:diamond_heterogeneous:479bcc05b68a0a68:L2:1:p02b-intent,diamond_heterogeneous,479bcc05b68a0a68,1,p02b-intent,L2,iterative_analytical,4,10,0.75,0.01,0.02,r1 -> bad -> r3,2,True,,,,0.7572267420113338,2,0.000579,VIOLATED,False,0,,,,0.28027,d6023524cac9554649e8b9b6c03d887f613256e4,1f2680a5b9065e708a7497adc53a95b108029b98,3.13.14,2026-07-18T18:45:01.073837+00:00
P02b_resource_aware_planners,P02b_resource_aware_planners:diamond_heterogeneous:479bcc05b68a0a68:L2:2:p02b-intent,diamond_heterogeneous,479bcc05b68a0a68,2,p02b-intent,L2,iterative_analytical,4,10,0.75,0.01,0.02,r1 -> bad -> r3,2,True,,,,0.7572267420113338,2,0.000601,VIOLATED,False,0,,,,0.275437,d6023524cac9554649e8b9b6c03d887f613256e4,1f2680a5b9065e708a7497adc53a95b108029b98,3.13.14,2026-07-18T18:45:01.363754+00:00
P02b_resource_aware_planners,P02b_resource_aware_planners:diamond_heterogeneous:479bcc05b68a0a68:L2:3:p02b-intent,diamond_heterogeneous,479bcc05b68a0a68,3,p02b-intent,L2,iterative_analytical,4,10,0.75,0.01,0.02,r1 -> bad -> r3,2,True,,,,0.7572267420113338,2,0.000547,VIOLATED,False,0,,,,0.206642,d6023524cac9554649e8b9b6c03d887f613256e4,1f2680a5b9065e708a7497adc53a95b108029b98,3.13.14,2026-07-18T18:45:01.585996+00:00
P02b_resource_aware_planners,P02b_resource_aware_planners:diamond_heterogeneous:479bcc05b68a0a68:L2:4:p02b-intent,diamond_heterogeneous,479bcc05b68a0a68,4,p02b-intent,L2,iterative_analytical,4,10,0.75,0.01,0.02,r1 -> bad -> r3,2,True,,,,0.7572267420113338,2,0.000621,VIOLATED,False,0,,,,0.263761,d6023524cac9554649e8b9b6c03d887f613256e4,1f2680a5b9065e708a7497adc53a95b108029b98,3.13.14,2026-07-18T18:45:01.864210+00:00
P02b_resource_aware_planners,P02b_resource_aware_planners:diamond_heterogeneous:479bcc05b68a0a68:L2:5:p02b-intent,diamond_heterogeneous,479bcc05b68a0a68,5,p02b-intent,L2,iterative_analytical,4,10,0.75,0.01,0.02,r1 -> bad -> r3,2,True,,,,0.7572267420113338,2,0.000748,VIOLATED,False,0,,,,0.214734,d6023524cac9554649e8b9b6c03d887f613256e4,1f2680a5b9065e708a7497adc53a95b108029b98,3.13.14,2026-07-18T18:45:02.095915+00:00
P02b_resource_aware_planners,P02b_resource_aware_planners:diamond_heterogeneous:479bcc05b68a0a68:L2:6:p02b-intent,diamond_heterogeneous,479bcc05b68a0a68,6,p02b-intent,L2,iterative_analytical,4,10,0.75,0.01,0.02,r1 -> bad -> r3,2,True,,,,0.7572267420113338,2,0.000922,VIOLATED,False,1,0.7695,0.7695,0.012273257988666186,0.262479,d6023524cac9554649e8b9b6c03d887f613256e4,1f2680a5b9065e708a7497adc53a95b108029b98,3.13.14,2026-07-18T18:45:02.378872+00:00
P02b_resource_aware_planners,P02b_resource_aware_planners:diamond_heterogeneous:479bcc05b68a0a68:L2:7:p02b-intent,diamond_heterogeneous,479bcc05b68a0a68,7,p02b-intent,L2,iterative_analytical,4,10,0.75,0.01,0.02,r1 -> bad -> r3,2,True,,,,0.7572267420113338,2,0.00077,VIOLATED,False,0,,,,0.255246,d6023524cac9554649e8b9b6c03d887f613256e4,1f2680a5b9065e708a7497adc53a95b108029b98,3.13.14,2026-07-18T18:45:02.651024+00:00
P02b_resource_aware_planners,P02b_resource_aware_planners:diamond_heterogeneous:479bcc05b68a0a68:L2:8:p02b-intent,diamond_heterogeneous,479bcc05b68a0a68,8,p02b-intent,L2,iterative_analytical,4,10,0.75,0.01,0.02,r1 -> bad -> r3,2,True,,,,0.7572267420113338,2,0.001025,VIOLATED,False,0,,,,0.290346,d6023524cac9554649e8b9b6c03d887f613256e4,1f2680a5b9065e708a7497adc53a95b108029b98,3.13.14,2026-07-18T18:45:02.960825+00:00
P02b_resource_aware_planners,P02b_resource_aware_planners:diamond_heterogeneous:479bcc05b68a0a68:L2:9:p02b-intent,diamond_heterogeneous,479bcc05b68a0a68,9,p02b-intent,L2,iterative_analytical,4,10,0.75,0.01,0.02,r1 -> bad -> r3,2,True,,,,0.7572267420113338,2,0.000894,VIOLATED,False,0,,,,0.245644,d6023524cac9554649e8b9b6c03d887f613256e4,1f2680a5b9065e708a7497adc53a95b108029b98,3.13.14,2026-07-18T18:45:03.223188+00:00
P02b_resource_aware_planners,P02b_resource_aware_planners:diamond_heterogeneous:479bcc05b68a0a68:L2-R:0:p02b-intent,diamond_heterogeneous,479bcc05b68a0a68,0,p02b-intent,L2-R,iterative_resource_aware,4,10,0.75,0.01,0.02,,0,False,DELIVERY_TARGET_EXCEEDS_WINDOW,,,,0,0.00036,REJECTED,,,,,,,d6023524cac9554649e8b9b6c03d887f613256e4,1f2680a5b9065e708a7497adc53a95b108029b98,3.13.14,2026-07-18T18:45:03.229716+00:00
P02b_resource_aware_planners,P02b_resource_aware_planners:diamond_heterogeneous:479bcc05b68a0a68:L2-R:1:p02b-intent,diamond_heterogeneous,479bcc05b68a0a68,1,p02b-intent,L2-R,iterative_resource_aware,4,10,0.75,0.01,0.02,,0,False,DELIVERY_TARGET_EXCEEDS_WINDOW,,,,0,0.000305,REJECTED,,,,,,,d6023524cac9554649e8b9b6c03d887f613256e4,1f2680a5b9065e708a7497adc53a95b108029b98,3.13.14,2026-07-18T18:45:03.235248+00:00
P02b_resource_aware_planners,P02b_resource_aware_planners:diamond_heterogeneous:479bcc05b68a0a68:L2-R:2:p02b-intent,diamond_heterogeneous,479bcc05b68a0a68,2,p02b-intent,L2-R,iterative_resource_aware,4,10,0.75,0.01,0.02,,0,False,DELIVERY_TARGET_EXCEEDS_WINDOW,,,,0,0.000335,REJECTED,,,,,,,d6023524cac9554649e8b9b6c03d887f613256e4,1f2680a5b9065e708a7497adc53a95b108029b98,3.13.14,2026-07-18T18:45:03.240727+00:00
P02b_resource_aware_planners,P02b_resource_aware_planners:diamond_heterogeneous:479bcc05b68a0a68:L2-R:3:p02b-intent,diamond_heterogeneous,479bcc05b68a0a68,3,p02b-intent,L2-R,iterative_resource_aware,4,10,0.75,0.01,0.02,,0,False,DELIVERY_TARGET_EXCEEDS_WINDOW,,,,0,0.000351,REJECTED,,,,,,,d6023524cac9554649e8b9b6c03d887f613256e4,1f2680a5b9065e708a7497adc53a95b108029b98,3.13.14,2026-07-18T18:45:03.246143+00:00
P02b_resource_aware_planners,P02b_resource_aware_planners:diamond_heterogeneous:479bcc05b68a0a68:L2-R:4:p02b-intent,diamond_heterogeneous,479bcc05b68a0a68,4,p02b-intent,L2-R,iterative_resource_aware,4,10,0.75,0.01,0.02,,0,False,DELIVERY_TARGET_EXCEEDS_WINDOW,,,,0,0.000372,REJECTED,,,,,,,d6023524cac9554649e8b9b6c03d887f613256e4,1f2680a5b9065e708a7497adc53a95b108029b98,3.13.14,2026-07-18T18:45:03.253873+00:00
P02b_resource_aware_planners,P02b_resource_aware_planners:diamond_heterogeneous:479bcc05b68a0a68:L2-R:5:p02b-intent,diamond_heterogeneous,479bcc05b68a0a68,5,p02b-intent,L2-R,iterative_resource_aware,4,10,0.75,0.01,0.02,,0,False,DELIVERY_TARGET_EXCEEDS_WINDOW,,,,0,0.000494,REJECTED,,,,,,,d6023524cac9554649e8b9b6c03d887f613256e4,1f2680a5b9065e708a7497adc53a95b108029b98,3.13.14,2026-07-18T18:45:03.260286+00:00
P02b_resource_aware_planners,P02b_resource_aware_planners:diamond_heterogeneous:479bcc05b68a0a68:L2-R:6:p02b-intent,diamond_heterogeneous,479bcc05b68a0a68,6,p02b-intent,L2-R,iterative_resource_aware,4,10,0.75,0.01,0.02,,0,False,DELIVERY_TARGET_EXCEEDS_WINDOW,,,,0,0.000453,REJECTED,,,,,,,d6023524cac9554649e8b9b6c03d887f613256e4,1f2680a5b9065e708a7497adc53a95b108029b98,3.13.14,2026-07-18T18:45:03.266702+00:00
P02b_resource_aware_planners,P02b_resource_aware_planners:diamond_heterogeneous:479bcc05b68a0a68:L2-R:7:p02b-intent,diamond_heterogeneous,479bcc05b68a0a68,7,p02b-intent,L2-R,iterative_resource_aware,4,10,0.75,0.01,0.02,,0,False,DELIVERY_TARGET_EXCEEDS_WINDOW,,,,0,0.000296,REJECTED,,,,,,,d6023524cac9554649e8b9b6c03d887f613256e4,1f2680a5b9065e708a7497adc53a95b108029b98,3.13.14,2026-07-18T18:45:03.272679+00:00
P02b_resource_aware_planners,P02b_resource_aware_planners:diamond_heterogeneous:479bcc05b68a0a68:L2-R:8:p02b-intent,diamond_heterogeneous,479bcc05b68a0a68,8,p02b-intent,L2-R,iterative_resource_aware,4,10,0.75,0.01,0.02,,0,False,DELIVERY_TARGET_EXCEEDS_WINDOW,,,,0,0.000441,REJECTED,,,,,,,d6023524cac9554649e8b9b6c03d887f613256e4,1f2680a5b9065e708a7497adc53a95b108029b98,3.13.14,2026-07-18T18:45:03.279292+00:00
P02b_resource_aware_planners,P02b_resource_aware_planners:diamond_heterogeneous:479bcc05b68a0a68:L2-R:9:p02b-intent,diamond_heterogeneous,479bcc05b68a0a68,9,p02b-intent,L2-R,iterative_resource_aware,4,10,0.75,0.01,0.02,,0,False,DELIVERY_TARGET_EXCEEDS_WINDOW,,,,0,0.000342,REJECTED,,,,,,,d6023524cac9554649e8b9b6c03d887f613256e4,1f2680a5b9065e708a7497adc53a95b108029b98,3.13.14,2026-07-18T18:45:03.285995+00:00
P02b_resource_aware_planners,P02b_resource_aware_planners:diamond_heterogeneous:479bcc05b68a0a68:L3:0:p02b-intent,diamond_heterogeneous,479bcc05b68a0a68,0,p02b-intent,L3,probabilistic,4,10,0.75,0.01,0.02,r1 -> good1 -> good2 -> r3,3,True,,4.5219295129734116e-23,0.02645776561170106,0.7501910120244083,6,0.001867,VIOLATED,False,1,0.7593405340873167,0.7593405340873167,0.009149522062908422,0.381453,d6023524cac9554649e8b9b6c03d887f613256e4,1f2680a5b9065e708a7497adc53a95b108029b98,3.13.14,2026-07-18T18:45:03.685026+00:00
P02b_resource_aware_planners,P02b_resource_aware_planners:diamond_heterogeneous:479bcc05b68a0a68:L3:1:p02b-intent,diamond_heterogeneous,479bcc05b68a0a68,1,p02b-intent,L3,probabilistic,4,10,0.75,0.01,0.02,r1 -> good1 -> good2 -> r3,3,True,,4.5219295129734116e-23,0.02645776561170106,0.7501910120244083,6,0.001916,VIOLATED,False,0,,,,0.271471,d6023524cac9554649e8b9b6c03d887f613256e4,1f2680a5b9065e708a7497adc53a95b108029b98,3.13.14,2026-07-18T18:45:03.974853+00:00
P02b_resource_aware_planners,P02b_resource_aware_planners:diamond_heterogeneous:479bcc05b68a0a68:L3:2:p02b-intent,diamond_heterogeneous,479bcc05b68a0a68,2,p02b-intent,L3,probabilistic,4,10,0.75,0.01,0.02,r1 -> good1 -> good2 -> r3,3,True,,4.5219295129734116e-23,0.02645776561170106,0.7501910120244083,6,0.002779,VIOLATED,False,0,,,,0.432386,d6023524cac9554649e8b9b6c03d887f613256e4,1f2680a5b9065e708a7497adc53a95b108029b98,3.13.14,2026-07-18T18:45:04.431770+00:00
P02b_resource_aware_planners,P02b_resource_aware_planners:diamond_heterogeneous:479bcc05b68a0a68:L3:3:p02b-intent,diamond_heterogeneous,479bcc05b68a0a68,3,p02b-intent,L3,probabilistic,4,10,0.75,0.01,0.02,r1 -> good1 -> good2 -> r3,3,True,,4.5219295129734116e-23,0.02645776561170106,0.7501910120244083,6,0.00147,VIOLATED,False,0,,,,0.356796,d6023524cac9554649e8b9b6c03d887f613256e4,1f2680a5b9065e708a7497adc53a95b108029b98,3.13.14,2026-07-18T18:45:04.807036+00:00
P02b_resource_aware_planners,P02b_resource_aware_planners:diamond_heterogeneous:479bcc05b68a0a68:L3:4:p02b-intent,diamond_heterogeneous,479bcc05b68a0a68,4,p02b-intent,L3,probabilistic,4,10,0.75,0.01,0.02,r1 -> good1 -> good2 -> r3,3,True,,4.5219295129734116e-23,0.02645776561170106,0.7501910120244083,6,0.001653,VIOLATED,False,0,,,,0.405281,d6023524cac9554649e8b9b6c03d887f613256e4,1f2680a5b9065e708a7497adc53a95b108029b98,3.13.14,2026-07-18T18:45:05.229304+00:00
P02b_resource_aware_planners,P02b_resource_aware_planners:diamond_heterogeneous:479bcc05b68a0a68:L3:5:p02b-intent,diamond_heterogeneous,479bcc05b68a0a68,5,p02b-intent,L3,probabilistic,4,10,0.75,0.01,0.02,r1 -> good1 -> good2 -> r3,3,True,,4.5219295129734116e-23,0.02645776561170106,0.7501910120244083,6,0.001837,VIOLATED,False,0,,,,0.417627,d6023524cac9554649e8b9b6c03d887f613256e4,1f2680a5b9065e708a7497adc53a95b108029b98,3.13.14,2026-07-18T18:45:05.664859+00:00
P02b_resource_aware_planners,P02b_resource_aware_planners:diamond_heterogeneous:479bcc05b68a0a68:L3:6:p02b-intent,diamond_heterogeneous,479bcc05b68a0a68,6,p02b-intent,L3,probabilistic,4,10,0.75,0.01,0.02,r1 -> good1 -> good2 -> r3,3,True,,4.5219295129734116e-23,0.02645776561170106,0.7501910120244083,6,0.00254,VIOLATED,False,0,,,,0.352906,d6023524cac9554649e8b9b6c03d887f613256e4,1f2680a5b9065e708a7497adc53a95b108029b98,3.13.14,2026-07-18T18:45:06.042035+00:00
P02b_resource_aware_planners,P02b_resource_aware_planners:diamond_heterogeneous:479bcc05b68a0a68:L3:7:p02b-intent,diamond_heterogeneous,479bcc05b68a0a68,7,p02b-intent,L3,probabilistic,4,10,0.75,0.01,0.02,r1 -> good1 -> good2 -> r3,3,True,,4.5219295129734116e-23,0.02645776561170106,0.7501910120244083,6,0.002046,VIOLATED,False,1,0.7593405340873167,0.7593405340873167,0.009149522062908422,0.424161,d6023524cac9554649e8b9b6c03d887f613256e4,1f2680a5b9065e708a7497adc53a95b108029b98,3.13.14,2026-07-18T18:45:06.489977+00:00
P02b_resource_aware_planners,P02b_resource_aware_planners:diamond_heterogeneous:479bcc05b68a0a68:L3:8:p02b-intent,diamond_heterogeneous,479bcc05b68a0a68,8,p02b-intent,L3,probabilistic,4,10,0.75,0.01,0.02,r1 -> good1 -> good2 -> r3,3,True,,4.5219295129734116e-23,0.02645776561170106,0.7501910120244083,6,0.00256,VIOLATED,False,0,,,,0.436495,d6023524cac9554649e8b9b6c03d887f613256e4,1f2680a5b9065e708a7497adc53a95b108029b98,3.13.14,2026-07-18T18:45:06.951368+00:00
P02b_resource_aware_planners,P02b_resource_aware_planners:diamond_heterogeneous:479bcc05b68a0a68:L3:9:p02b-intent,diamond_heterogeneous,479bcc05b68a0a68,9,p02b-intent,L3,probabilistic,4,10,0.75,0.01,0.02,r1 -> good1 -> good2 -> r3,3,True,,4.5219295129734116e-23,0.02645776561170106,0.7501910120244083,6,0.002674,VIOLATED,False,0,,,,0.510159,d6023524cac9554649e8b9b6c03d887f613256e4,1f2680a5b9065e708a7497adc53a95b108029b98,3.13.14,2026-07-18T18:45:07.485857+00:00
P02b_resource_aware_planners,P02b_resource_aware_planners:diamond_heterogeneous:479bcc05b68a0a68:L3-R:0:p02b-intent,diamond_heterogeneous,479bcc05b68a0a68,0,p02b-intent,L3-R,probabilistic_resource_aware,4,10,0.75,0.01,0.02,r1 -> good1 -> good2 -> r3,3,True,,8.199043979827405e-32,0.0035277020815601408,0.7501910120244083,6,0.002606,VIOLATED,False,1,0.7593405340873167,0.7593405340873167,0.009149522062908422,0.436904,d6023524cac9554649e8b9b6c03d887f613256e4,1f2680a5b9065e708a7497adc53a95b108029b98,3.13.14,2026-07-18T18:45:07.947439+00:00
P02b_resource_aware_planners,P02b_resource_aware_planners:diamond_heterogeneous:479bcc05b68a0a68:L3-R:1:p02b-intent,diamond_heterogeneous,479bcc05b68a0a68,1,p02b-intent,L3-R,probabilistic_resource_aware,4,10,0.75,0.01,0.02,r1 -> good1 -> good2 -> r3,3,True,,8.199043979827405e-32,0.0035277020815601408,0.7501910120244083,6,0.00304,VIOLATED,False,0,,,,0.292094,d6023524cac9554649e8b9b6c03d887f613256e4,1f2680a5b9065e708a7497adc53a95b108029b98,3.13.14,2026-07-18T18:45:08.256723+00:00
P02b_resource_aware_planners,P02b_resource_aware_planners:diamond_heterogeneous:479bcc05b68a0a68:L3-R:2:p02b-intent,diamond_heterogeneous,479bcc05b68a0a68,2,p02b-intent,L3-R,probabilistic_resource_aware,4,10,0.75,0.01,0.02,r1 -> good1 -> good2 -> r3,3,True,,8.199043979827405e-32,0.0035277020815601408,0.7501910120244083,6,0.002053,VIOLATED,False,0,,,,0.412288,d6023524cac9554649e8b9b6c03d887f613256e4,1f2680a5b9065e708a7497adc53a95b108029b98,3.13.14,2026-07-18T18:45:08.686716+00:00
P02b_resource_aware_planners,P02b_resource_aware_planners:diamond_heterogeneous:479bcc05b68a0a68:L3-R:3:p02b-intent,diamond_heterogeneous,479bcc05b68a0a68,3,p02b-intent,L3-R,probabilistic_resource_aware,4,10,0.75,0.01,0.02,r1 -> good1 -> good2 -> r3,3,True,,8.199043979827405e-32,0.0035277020815601408,0.7501910120244083,6,0.001723,VIOLATED,False,0,,,,0.299842,d6023524cac9554649e8b9b6c03d887f613256e4,1f2680a5b9065e708a7497adc53a95b108029b98,3.13.14,2026-07-18T18:45:09.003309+00:00
P02b_resource_aware_planners,P02b_resource_aware_planners:diamond_heterogeneous:479bcc05b68a0a68:L3-R:4:p02b-intent,diamond_heterogeneous,479bcc05b68a0a68,4,p02b-intent,L3-R,probabilistic_resource_aware,4,10,0.75,0.01,0.02,r1 -> good1 -> good2 -> r3,3,True,,8.199043979827405e-32,0.0035277020815601408,0.7501910120244083,6,0.001713,VIOLATED,False,0,,,,0.470557,d6023524cac9554649e8b9b6c03d887f613256e4,1f2680a5b9065e708a7497adc53a95b108029b98,3.13.14,2026-07-18T18:45:09.492190+00:00
P02b_resource_aware_planners,P02b_resource_aware_planners:diamond_heterogeneous:479bcc05b68a0a68:L3-R:5:p02b-intent,diamond_heterogeneous,479bcc05b68a0a68,5,p02b-intent,L3-R,probabilistic_resource_aware,4,10,0.75,0.01,0.02,r1 -> good1 -> good2 -> r3,3,True,,8.199043979827405e-32,0.0035277020815601408,0.7501910120244083,6,0.002553,VIOLATED,False,0,,,,0.472939,d6023524cac9554649e8b9b6c03d887f613256e4,1f2680a5b9065e708a7497adc53a95b108029b98,3.13.14,2026-07-18T18:45:09.988057+00:00
P02b_resource_aware_planners,P02b_resource_aware_planners:diamond_heterogeneous:479bcc05b68a0a68:L3-R:6:p02b-intent,diamond_heterogeneous,479bcc05b68a0a68,6,p02b-intent,L3-R,probabilistic_resource_aware,4,10,0.75,0.01,0.02,r1 -> good1 -> good2 -> r3,3,True,,8.199043979827405e-32,0.0035277020815601408,0.7501910120244083,6,0.001784,VIOLATED,False,0,,,,0.292422,d6023524cac9554649e8b9b6c03d887f613256e4,1f2680a5b9065e708a7497adc53a95b108029b98,3.13.14,2026-07-18T18:45:10.298957+00:00
P02b_resource_aware_planners,P02b_resource_aware_planners:diamond_heterogeneous:479bcc05b68a0a68:L3-R:7:p02b-intent,diamond_heterogeneous,479bcc05b68a0a68,7,p02b-intent,L3-R,probabilistic_resource_aware,4,10,0.75,0.01,0.02,r1 -> good1 -> good2 -> r3,3,True,,8.199043979827405e-32,0.0035277020815601408,0.7501910120244083,6,0.001572,VIOLATED,False,1,0.7593405340873167,0.7593405340873167,0.009149522062908422,0.364858,d6023524cac9554649e8b9b6c03d887f613256e4,1f2680a5b9065e708a7497adc53a95b108029b98,3.13.14,2026-07-18T18:45:10.678727+00:00
P02b_resource_aware_planners,P02b_resource_aware_planners:diamond_heterogeneous:479bcc05b68a0a68:L3-R:8:p02b-intent,diamond_heterogeneous,479bcc05b68a0a68,8,p02b-intent,L3-R,probabilistic_resource_aware,4,10,0.75,0.01,0.02,r1 -> good1 -> good2 -> r3,3,True,,8.199043979827405e-32,0.0035277020815601408,0.7501910120244083,6,0.002181,VIOLATED,False,0,,,,0.332658,d6023524cac9554649e8b9b6c03d887f613256e4,1f2680a5b9065e708a7497adc53a95b108029b98,3.13.14,2026-07-18T18:45:11.031049+00:00
P02b_resource_aware_planners,P02b_resource_aware_planners:diamond_heterogeneous:479bcc05b68a0a68:L3-R:9:p02b-intent,diamond_heterogeneous,479bcc05b68a0a68,9,p02b-intent,L3-R,probabilistic_resource_aware,4,10,0.75,0.01,0.02,r1 -> good1 -> good2 -> r3,3,True,,8.199043979827405e-32,0.0035277020815601408,0.7501910120244083,6,0.002845,VIOLATED,False,0,,,,0.442931,d6023524cac9554649e8b9b6c03d887f613256e4,1f2680a5b9065e708a7497adc53a95b108029b98,3.13.14,2026-07-18T18:45:11.499873+00:00
P02b_resource_aware_planners,P02b_resource_aware_planners:small_mesh:e961642e2e5e233b:L1:0:p02b-intent,small_mesh,e961642e2e5e233b,0,p02b-intent,L1,conservative_one_round,10,10,0.6,0.05,1e-05,,0,False,no candidate route is feasible: a0->a1->a2->a3->b3 (min_fidelity 0.600 exceeds the achievable estimate 0.438 (one-round static estimate (BBPSSWCircuit.improved_fidelity); SeQUeNCe's 'until_target' mode may run a different number of rounds at execution time)); a0->b0->b1->b2->b3 (min_fidelity 0.600 exceeds the achievable estimate 0.438 (one-round static estimate (BBPSSWCircuit.improved_fidelity); SeQUeNCe's 'until_target' mode may run a different number of rounds at execution time)); a0->a1->b1->b2->b3 (min_fidelity 0.600 exceeds the achievable estimate 0.438 (one-round static estimate (BBPSSWCircuit.improved_fidelity); SeQUeNCe's 'until_target' mode may run a different number of rounds at execution time)),,,,0,0.000697,REJECTED,,,,,,,d6023524cac9554649e8b9b6c03d887f613256e4,1f2680a5b9065e708a7497adc53a95b108029b98,3.13.14,2026-07-18T18:45:11.505684+00:00
P02b_resource_aware_planners,P02b_resource_aware_planners:small_mesh:e961642e2e5e233b:L1:1:p02b-intent,small_mesh,e961642e2e5e233b,1,p02b-intent,L1,conservative_one_round,10,10,0.6,0.05,1e-05,,0,False,no candidate route is feasible: a0->a1->a2->a3->b3 (min_fidelity 0.600 exceeds the achievable estimate 0.438 (one-round static estimate (BBPSSWCircuit.improved_fidelity); SeQUeNCe's 'until_target' mode may run a different number of rounds at execution time)); a0->b0->b1->b2->b3 (min_fidelity 0.600 exceeds the achievable estimate 0.438 (one-round static estimate (BBPSSWCircuit.improved_fidelity); SeQUeNCe's 'until_target' mode may run a different number of rounds at execution time)); a0->a1->b1->b2->b3 (min_fidelity 0.600 exceeds the achievable estimate 0.438 (one-round static estimate (BBPSSWCircuit.improved_fidelity); SeQUeNCe's 'until_target' mode may run a different number of rounds at execution time)),,,,0,0.000629,REJECTED,,,,,,,d6023524cac9554649e8b9b6c03d887f613256e4,1f2680a5b9065e708a7497adc53a95b108029b98,3.13.14,2026-07-18T18:45:11.511656+00:00
P02b_resource_aware_planners,P02b_resource_aware_planners:small_mesh:e961642e2e5e233b:L1:2:p02b-intent,small_mesh,e961642e2e5e233b,2,p02b-intent,L1,conservative_one_round,10,10,0.6,0.05,1e-05,,0,False,no candidate route is feasible: a0->a1->a2->a3->b3 (min_fidelity 0.600 exceeds the achievable estimate 0.438 (one-round static estimate (BBPSSWCircuit.improved_fidelity); SeQUeNCe's 'until_target' mode may run a different number of rounds at execution time)); a0->b0->b1->b2->b3 (min_fidelity 0.600 exceeds the achievable estimate 0.438 (one-round static estimate (BBPSSWCircuit.improved_fidelity); SeQUeNCe's 'until_target' mode may run a different number of rounds at execution time)); a0->a1->b1->b2->b3 (min_fidelity 0.600 exceeds the achievable estimate 0.438 (one-round static estimate (BBPSSWCircuit.improved_fidelity); SeQUeNCe's 'until_target' mode may run a different number of rounds at execution time)),,,,0,0.000661,REJECTED,,,,,,,d6023524cac9554649e8b9b6c03d887f613256e4,1f2680a5b9065e708a7497adc53a95b108029b98,3.13.14,2026-07-18T18:45:11.517002+00:00
P02b_resource_aware_planners,P02b_resource_aware_planners:small_mesh:e961642e2e5e233b:L1:3:p02b-intent,small_mesh,e961642e2e5e233b,3,p02b-intent,L1,conservative_one_round,10,10,0.6,0.05,1e-05,,0,False,no candidate route is feasible: a0->a1->a2->a3->b3 (min_fidelity 0.600 exceeds the achievable estimate 0.438 (one-round static estimate (BBPSSWCircuit.improved_fidelity); SeQUeNCe's 'until_target' mode may run a different number of rounds at execution time)); a0->b0->b1->b2->b3 (min_fidelity 0.600 exceeds the achievable estimate 0.438 (one-round static estimate (BBPSSWCircuit.improved_fidelity); SeQUeNCe's 'until_target' mode may run a different number of rounds at execution time)); a0->a1->b1->b2->b3 (min_fidelity 0.600 exceeds the achievable estimate 0.438 (one-round static estimate (BBPSSWCircuit.improved_fidelity); SeQUeNCe's 'until_target' mode may run a different number of rounds at execution time)),,,,0,0.000572,REJECTED,,,,,,,d6023524cac9554649e8b9b6c03d887f613256e4,1f2680a5b9065e708a7497adc53a95b108029b98,3.13.14,2026-07-18T18:45:11.521895+00:00
P02b_resource_aware_planners,P02b_resource_aware_planners:small_mesh:e961642e2e5e233b:L1:4:p02b-intent,small_mesh,e961642e2e5e233b,4,p02b-intent,L1,conservative_one_round,10,10,0.6,0.05,1e-05,,0,False,no candidate route is feasible: a0->a1->a2->a3->b3 (min_fidelity 0.600 exceeds the achievable estimate 0.438 (one-round static estimate (BBPSSWCircuit.improved_fidelity); SeQUeNCe's 'until_target' mode may run a different number of rounds at execution time)); a0->b0->b1->b2->b3 (min_fidelity 0.600 exceeds the achievable estimate 0.438 (one-round static estimate (BBPSSWCircuit.improved_fidelity); SeQUeNCe's 'until_target' mode may run a different number of rounds at execution time)); a0->a1->b1->b2->b3 (min_fidelity 0.600 exceeds the achievable estimate 0.438 (one-round static estimate (BBPSSWCircuit.improved_fidelity); SeQUeNCe's 'until_target' mode may run a different number of rounds at execution time)),,,,0,0.000817,REJECTED,,,,,,,d6023524cac9554649e8b9b6c03d887f613256e4,1f2680a5b9065e708a7497adc53a95b108029b98,3.13.14,2026-07-18T18:45:11.527696+00:00
P02b_resource_aware_planners,P02b_resource_aware_planners:small_mesh:e961642e2e5e233b:L1:5:p02b-intent,small_mesh,e961642e2e5e233b,5,p02b-intent,L1,conservative_one_round,10,10,0.6,0.05,1e-05,,0,False,no candidate route is feasible: a0->a1->a2->a3->b3 (min_fidelity 0.600 exceeds the achievable estimate 0.438 (one-round static estimate (BBPSSWCircuit.improved_fidelity); SeQUeNCe's 'until_target' mode may run a different number of rounds at execution time)); a0->b0->b1->b2->b3 (min_fidelity 0.600 exceeds the achievable estimate 0.438 (one-round static estimate (BBPSSWCircuit.improved_fidelity); SeQUeNCe's 'until_target' mode may run a different number of rounds at execution time)); a0->a1->b1->b2->b3 (min_fidelity 0.600 exceeds the achievable estimate 0.438 (one-round static estimate (BBPSSWCircuit.improved_fidelity); SeQUeNCe's 'until_target' mode may run a different number of rounds at execution time)),,,,0,0.00069,REJECTED,,,,,,,d6023524cac9554649e8b9b6c03d887f613256e4,1f2680a5b9065e708a7497adc53a95b108029b98,3.13.14,2026-07-18T18:45:11.533368+00:00
P02b_resource_aware_planners,P02b_resource_aware_planners:small_mesh:e961642e2e5e233b:L1:6:p02b-intent,small_mesh,e961642e2e5e233b,6,p02b-intent,L1,conservative_one_round,10,10,0.6,0.05,1e-05,,0,False,no candidate route is feasible: a0->a1->a2->a3->b3 (min_fidelity 0.600 exceeds the achievable estimate 0.438 (one-round static estimate (BBPSSWCircuit.improved_fidelity); SeQUeNCe's 'until_target' mode may run a different number of rounds at execution time)); a0->b0->b1->b2->b3 (min_fidelity 0.600 exceeds the achievable estimate 0.438 (one-round static estimate (BBPSSWCircuit.improved_fidelity); SeQUeNCe's 'until_target' mode may run a different number of rounds at execution time)); a0->a1->b1->b2->b3 (min_fidelity 0.600 exceeds the achievable estimate 0.438 (one-round static estimate (BBPSSWCircuit.improved_fidelity); SeQUeNCe's 'until_target' mode may run a different number of rounds at execution time)),,,,0,0.000609,REJECTED,,,,,,,d6023524cac9554649e8b9b6c03d887f613256e4,1f2680a5b9065e708a7497adc53a95b108029b98,3.13.14,2026-07-18T18:45:11.539173+00:00
P02b_resource_aware_planners,P02b_resource_aware_planners:small_mesh:e961642e2e5e233b:L1:7:p02b-intent,small_mesh,e961642e2e5e233b,7,p02b-intent,L1,conservative_one_round,10,10,0.6,0.05,1e-05,,0,False,no candidate route is feasible: a0->a1->a2->a3->b3 (min_fidelity 0.600 exceeds the achievable estimate 0.438 (one-round static estimate (BBPSSWCircuit.improved_fidelity); SeQUeNCe's 'until_target' mode may run a different number of rounds at execution time)); a0->b0->b1->b2->b3 (min_fidelity 0.600 exceeds the achievable estimate 0.438 (one-round static estimate (BBPSSWCircuit.improved_fidelity); SeQUeNCe's 'until_target' mode may run a different number of rounds at execution time)); a0->a1->b1->b2->b3 (min_fidelity 0.600 exceeds the achievable estimate 0.438 (one-round static estimate (BBPSSWCircuit.improved_fidelity); SeQUeNCe's 'until_target' mode may run a different number of rounds at execution time)),,,,0,0.000946,REJECTED,,,,,,,d6023524cac9554649e8b9b6c03d887f613256e4,1f2680a5b9065e708a7497adc53a95b108029b98,3.13.14,2026-07-18T18:45:11.546026+00:00
P02b_resource_aware_planners,P02b_resource_aware_planners:small_mesh:e961642e2e5e233b:L1:8:p02b-intent,small_mesh,e961642e2e5e233b,8,p02b-intent,L1,conservative_one_round,10,10,0.6,0.05,1e-05,,0,False,no candidate route is feasible: a0->a1->a2->a3->b3 (min_fidelity 0.600 exceeds the achievable estimate 0.438 (one-round static estimate (BBPSSWCircuit.improved_fidelity); SeQUeNCe's 'until_target' mode may run a different number of rounds at execution time)); a0->b0->b1->b2->b3 (min_fidelity 0.600 exceeds the achievable estimate 0.438 (one-round static estimate (BBPSSWCircuit.improved_fidelity); SeQUeNCe's 'until_target' mode may run a different number of rounds at execution time)); a0->a1->b1->b2->b3 (min_fidelity 0.600 exceeds the achievable estimate 0.438 (one-round static estimate (BBPSSWCircuit.improved_fidelity); SeQUeNCe's 'until_target' mode may run a different number of rounds at execution time)),,,,0,0.000847,REJECTED,,,,,,,d6023524cac9554649e8b9b6c03d887f613256e4,1f2680a5b9065e708a7497adc53a95b108029b98,3.13.14,2026-07-18T18:45:11.553690+00:00
P02b_resource_aware_planners,P02b_resource_aware_planners:small_mesh:e961642e2e5e233b:L1:9:p02b-intent,small_mesh,e961642e2e5e233b,9,p02b-intent,L1,conservative_one_round,10,10,0.6,0.05,1e-05,,0,False,no candidate route is feasible: a0->a1->a2->a3->b3 (min_fidelity 0.600 exceeds the achievable estimate 0.438 (one-round static estimate (BBPSSWCircuit.improved_fidelity); SeQUeNCe's 'until_target' mode may run a different number of rounds at execution time)); a0->b0->b1->b2->b3 (min_fidelity 0.600 exceeds the achievable estimate 0.438 (one-round static estimate (BBPSSWCircuit.improved_fidelity); SeQUeNCe's 'until_target' mode may run a different number of rounds at execution time)); a0->a1->b1->b2->b3 (min_fidelity 0.600 exceeds the achievable estimate 0.438 (one-round static estimate (BBPSSWCircuit.improved_fidelity); SeQUeNCe's 'until_target' mode may run a different number of rounds at execution time)),,,,0,0.001032,REJECTED,,,,,,,d6023524cac9554649e8b9b6c03d887f613256e4,1f2680a5b9065e708a7497adc53a95b108029b98,3.13.14,2026-07-18T18:45:11.562672+00:00
P02b_resource_aware_planners,P02b_resource_aware_planners:small_mesh:e961642e2e5e233b:L2:0:p02b-intent,small_mesh,e961642e2e5e233b,0,p02b-intent,L2,iterative_analytical,10,10,0.6,0.05,1e-05,,0,False,no candidate route is feasible: a0->a1->a2->a3->b3 (min_fidelity 0.600 exceeds the achievable estimate 0.438 (no further gain after round 1 (fixed point reached))); a0->b0->b1->b2->b3 (min_fidelity 0.600 exceeds the achievable estimate 0.438 (no further gain after round 1 (fixed point reached))); a0->a1->b1->b2->b3 (min_fidelity 0.600 exceeds the achievable estimate 0.438 (no further gain after round 1 (fixed point reached))),,,,0,0.000763,REJECTED,,,,,,,d6023524cac9554649e8b9b6c03d887f613256e4,1f2680a5b9065e708a7497adc53a95b108029b98,3.13.14,2026-07-18T18:45:11.569942+00:00
P02b_resource_aware_planners,P02b_resource_aware_planners:small_mesh:e961642e2e5e233b:L2:1:p02b-intent,small_mesh,e961642e2e5e233b,1,p02b-intent,L2,iterative_analytical,10,10,0.6,0.05,1e-05,,0,False,no candidate route is feasible: a0->a1->a2->a3->b3 (min_fidelity 0.600 exceeds the achievable estimate 0.438 (no further gain after round 1 (fixed point reached))); a0->b0->b1->b2->b3 (min_fidelity 0.600 exceeds the achievable estimate 0.438 (no further gain after round 1 (fixed point reached))); a0->a1->b1->b2->b3 (min_fidelity 0.600 exceeds the achievable estimate 0.438 (no further gain after round 1 (fixed point reached))),,,,0,0.001116,REJECTED,,,,,,,d6023524cac9554649e8b9b6c03d887f613256e4,1f2680a5b9065e708a7497adc53a95b108029b98,3.13.14,2026-07-18T18:45:11.579261+00:00
P02b_resource_aware_planners,P02b_resource_aware_planners:small_mesh:e961642e2e5e233b:L2:2:p02b-intent,small_mesh,e961642e2e5e233b,2,p02b-intent,L2,iterative_analytical,10,10,0.6,0.05,1e-05,,0,False,no candidate route is feasible: a0->a1->a2->a3->b3 (min_fidelity 0.600 exceeds the achievable estimate 0.438 (no further gain after round 1 (fixed point reached))); a0->b0->b1->b2->b3 (min_fidelity 0.600 exceeds the achievable estimate 0.438 (no further gain after round 1 (fixed point reached))); a0->a1->b1->b2->b3 (min_fidelity 0.600 exceeds the achievable estimate 0.438 (no further gain after round 1 (fixed point reached))),,,,0,0.001212,REJECTED,,,,,,,d6023524cac9554649e8b9b6c03d887f613256e4,1f2680a5b9065e708a7497adc53a95b108029b98,3.13.14,2026-07-18T18:45:11.589666+00:00
P02b_resource_aware_planners,P02b_resource_aware_planners:small_mesh:e961642e2e5e233b:L2:3:p02b-intent,small_mesh,e961642e2e5e233b,3,p02b-intent,L2,iterative_analytical,10,10,0.6,0.05,1e-05,,0,False,no candidate route is feasible: a0->a1->a2->a3->b3 (min_fidelity 0.600 exceeds the achievable estimate 0.438 (no further gain after round 1 (fixed point reached))); a0->b0->b1->b2->b3 (min_fidelity 0.600 exceeds the achievable estimate 0.438 (no further gain after round 1 (fixed point reached))); a0->a1->b1->b2->b3 (min_fidelity 0.600 exceeds the achievable estimate 0.438 (no further gain after round 1 (fixed point reached))),,,,0,0.00128,REJECTED,,,,,,,d6023524cac9554649e8b9b6c03d887f613256e4,1f2680a5b9065e708a7497adc53a95b108029b98,3.13.14,2026-07-18T18:45:11.599835+00:00
P02b_resource_aware_planners,P02b_resource_aware_planners:small_mesh:e961642e2e5e233b:L2:4:p02b-intent,small_mesh,e961642e2e5e233b,4,p02b-intent,L2,iterative_analytical,10,10,0.6,0.05,1e-05,,0,False,no candidate route is feasible: a0->a1->a2->a3->b3 (min_fidelity 0.600 exceeds the achievable estimate 0.438 (no further gain after round 1 (fixed point reached))); a0->b0->b1->b2->b3 (min_fidelity 0.600 exceeds the achievable estimate 0.438 (no further gain after round 1 (fixed point reached))); a0->a1->b1->b2->b3 (min_fidelity 0.600 exceeds the achievable estimate 0.438 (no further gain after round 1 (fixed point reached))),,,,0,0.001304,REJECTED,,,,,,,d6023524cac9554649e8b9b6c03d887f613256e4,1f2680a5b9065e708a7497adc53a95b108029b98,3.13.14,2026-07-18T18:45:11.609627+00:00
P02b_resource_aware_planners,P02b_resource_aware_planners:small_mesh:e961642e2e5e233b:L2:5:p02b-intent,small_mesh,e961642e2e5e233b,5,p02b-intent,L2,iterative_analytical,10,10,0.6,0.05,1e-05,,0,False,no candidate route is feasible: a0->a1->a2->a3->b3 (min_fidelity 0.600 exceeds the achievable estimate 0.438 (no further gain after round 1 (fixed point reached))); a0->b0->b1->b2->b3 (min_fidelity 0.600 exceeds the achievable estimate 0.438 (no further gain after round 1 (fixed point reached))); a0->a1->b1->b2->b3 (min_fidelity 0.600 exceeds the achievable estimate 0.438 (no further gain after round 1 (fixed point reached))),,,,0,0.001222,REJECTED,,,,,,,d6023524cac9554649e8b9b6c03d887f613256e4,1f2680a5b9065e708a7497adc53a95b108029b98,3.13.14,2026-07-18T18:45:11.619361+00:00
P02b_resource_aware_planners,P02b_resource_aware_planners:small_mesh:e961642e2e5e233b:L2:6:p02b-intent,small_mesh,e961642e2e5e233b,6,p02b-intent,L2,iterative_analytical,10,10,0.6,0.05,1e-05,,0,False,no candidate route is feasible: a0->a1->a2->a3->b3 (min_fidelity 0.600 exceeds the achievable estimate 0.438 (no further gain after round 1 (fixed point reached))); a0->b0->b1->b2->b3 (min_fidelity 0.600 exceeds the achievable estimate 0.438 (no further gain after round 1 (fixed point reached))); a0->a1->b1->b2->b3 (min_fidelity 0.600 exceeds the achievable estimate 0.438 (no further gain after round 1 (fixed point reached))),,,,0,0.001243,REJECTED,,,,,,,d6023524cac9554649e8b9b6c03d887f613256e4,1f2680a5b9065e708a7497adc53a95b108029b98,3.13.14,2026-07-18T18:45:11.628976+00:00
P02b_resource_aware_planners,P02b_resource_aware_planners:small_mesh:e961642e2e5e233b:L2:7:p02b-intent,small_mesh,e961642e2e5e233b,7,p02b-intent,L2,iterative_analytical,10,10,0.6,0.05,1e-05,,0,False,no candidate route is feasible: a0->a1->a2->a3->b3 (min_fidelity 0.600 exceeds the achievable estimate 0.438 (no further gain after round 1 (fixed point reached))); a0->b0->b1->b2->b3 (min_fidelity 0.600 exceeds the achievable estimate 0.438 (no further gain after round 1 (fixed point reached))); a0->a1->b1->b2->b3 (min_fidelity 0.600 exceeds the achievable estimate 0.438 (no further gain after round 1 (fixed point reached))),,,,0,0.001269,REJECTED,,,,,,,d6023524cac9554649e8b9b6c03d887f613256e4,1f2680a5b9065e708a7497adc53a95b108029b98,3.13.14,2026-07-18T18:45:11.638606+00:00
P02b_resource_aware_planners,P02b_resource_aware_planners:small_mesh:e961642e2e5e233b:L2:8:p02b-intent,small_mesh,e961642e2e5e233b,8,p02b-intent,L2,iterative_analytical,10,10,0.6,0.05,1e-05,,0,False,no candidate route is feasible: a0->a1->a2->a3->b3 (min_fidelity 0.600 exceeds the achievable estimate 0.438 (no further gain after round 1 (fixed point reached))); a0->b0->b1->b2->b3 (min_fidelity 0.600 exceeds the achievable estimate 0.438 (no further gain after round 1 (fixed point reached))); a0->a1->b1->b2->b3 (min_fidelity 0.600 exceeds the achievable estimate 0.438 (no further gain after round 1 (fixed point reached))),,,,0,0.00134,REJECTED,,,,,,,d6023524cac9554649e8b9b6c03d887f613256e4,1f2680a5b9065e708a7497adc53a95b108029b98,3.13.14,2026-07-18T18:45:11.649726+00:00
P02b_resource_aware_planners,P02b_resource_aware_planners:small_mesh:e961642e2e5e233b:L2:9:p02b-intent,small_mesh,e961642e2e5e233b,9,p02b-intent,L2,iterative_analytical,10,10,0.6,0.05,1e-05,,0,False,no candidate route is feasible: a0->a1->a2->a3->b3 (min_fidelity 0.600 exceeds the achievable estimate 0.438 (no further gain after round 1 (fixed point reached))); a0->b0->b1->b2->b3 (min_fidelity 0.600 exceeds the achievable estimate 0.438 (no further gain after round 1 (fixed point reached))); a0->a1->b1->b2->b3 (min_fidelity 0.600 exceeds the achievable estimate 0.438 (no further gain after round 1 (fixed point reached))),,,,0,0.001484,REJECTED,,,,,,,d6023524cac9554649e8b9b6c03d887f613256e4,1f2680a5b9065e708a7497adc53a95b108029b98,3.13.14,2026-07-18T18:45:11.659125+00:00
P02b_resource_aware_planners,P02b_resource_aware_planners:small_mesh:e961642e2e5e233b:L2-R:0:p02b-intent,small_mesh,e961642e2e5e233b,0,p02b-intent,L2-R,iterative_resource_aware,10,10,0.6,0.05,1e-05,,0,False,TARGET_FIDELITY_UNREACHABLE,,,,0,0.000696,REJECTED,,,,,,,d6023524cac9554649e8b9b6c03d887f613256e4,1f2680a5b9065e708a7497adc53a95b108029b98,3.13.14,2026-07-18T18:45:11.669247+00:00
P02b_resource_aware_planners,P02b_resource_aware_planners:small_mesh:e961642e2e5e233b:L2-R:1:p02b-intent,small_mesh,e961642e2e5e233b,1,p02b-intent,L2-R,iterative_resource_aware,10,10,0.6,0.05,1e-05,,0,False,TARGET_FIDELITY_UNREACHABLE,,,,0,0.000672,REJECTED,,,,,,,d6023524cac9554649e8b9b6c03d887f613256e4,1f2680a5b9065e708a7497adc53a95b108029b98,3.13.14,2026-07-18T18:45:11.679059+00:00
P02b_resource_aware_planners,P02b_resource_aware_planners:small_mesh:e961642e2e5e233b:L2-R:2:p02b-intent,small_mesh,e961642e2e5e233b,2,p02b-intent,L2-R,iterative_resource_aware,10,10,0.6,0.05,1e-05,,0,False,TARGET_FIDELITY_UNREACHABLE,,,,0,0.000626,REJECTED,,,,,,,d6023524cac9554649e8b9b6c03d887f613256e4,1f2680a5b9065e708a7497adc53a95b108029b98,3.13.14,2026-07-18T18:45:11.689291+00:00
P02b_resource_aware_planners,P02b_resource_aware_planners:small_mesh:e961642e2e5e233b:L2-R:3:p02b-intent,small_mesh,e961642e2e5e233b,3,p02b-intent,L2-R,iterative_resource_aware,10,10,0.6,0.05,1e-05,,0,False,TARGET_FIDELITY_UNREACHABLE,,,,0,0.000707,REJECTED,,,,,,,d6023524cac9554649e8b9b6c03d887f613256e4,1f2680a5b9065e708a7497adc53a95b108029b98,3.13.14,2026-07-18T18:45:11.700460+00:00
P02b_resource_aware_planners,P02b_resource_aware_planners:small_mesh:e961642e2e5e233b:L2-R:4:p02b-intent,small_mesh,e961642e2e5e233b,4,p02b-intent,L2-R,iterative_resource_aware,10,10,0.6,0.05,1e-05,,0,False,TARGET_FIDELITY_UNREACHABLE,,,,0,0.000875,REJECTED,,,,,,,d6023524cac9554649e8b9b6c03d887f613256e4,1f2680a5b9065e708a7497adc53a95b108029b98,3.13.14,2026-07-18T18:45:11.712590+00:00
P02b_resource_aware_planners,P02b_resource_aware_planners:small_mesh:e961642e2e5e233b:L2-R:5:p02b-intent,small_mesh,e961642e2e5e233b,5,p02b-intent,L2-R,iterative_resource_aware,10,10,0.6,0.05,1e-05,,0,False,TARGET_FIDELITY_UNREACHABLE,,,,0,0.000398,REJECTED,,,,,,,d6023524cac9554649e8b9b6c03d887f613256e4,1f2680a5b9065e708a7497adc53a95b108029b98,3.13.14,2026-07-18T18:45:11.720767+00:00
P02b_resource_aware_planners,P02b_resource_aware_planners:small_mesh:e961642e2e5e233b:L2-R:6:p02b-intent,small_mesh,e961642e2e5e233b,6,p02b-intent,L2-R,iterative_resource_aware,10,10,0.6,0.05,1e-05,,0,False,TARGET_FIDELITY_UNREACHABLE,,,,0,0.000654,REJECTED,,,,,,,d6023524cac9554649e8b9b6c03d887f613256e4,1f2680a5b9065e708a7497adc53a95b108029b98,3.13.14,2026-07-18T18:45:11.729015+00:00
P02b_resource_aware_planners,P02b_resource_aware_planners:small_mesh:e961642e2e5e233b:L2-R:7:p02b-intent,small_mesh,e961642e2e5e233b,7,p02b-intent,L2-R,iterative_resource_aware,10,10,0.6,0.05,1e-05,,0,False,TARGET_FIDELITY_UNREACHABLE,,,,0,0.000404,REJECTED,,,,,,,d6023524cac9554649e8b9b6c03d887f613256e4,1f2680a5b9065e708a7497adc53a95b108029b98,3.13.14,2026-07-18T18:45:11.735807+00:00
P02b_resource_aware_planners,P02b_resource_aware_planners:small_mesh:e961642e2e5e233b:L2-R:8:p02b-intent,small_mesh,e961642e2e5e233b,8,p02b-intent,L2-R,iterative_resource_aware,10,10,0.6,0.05,1e-05,,0,False,TARGET_FIDELITY_UNREACHABLE,,,,0,0.000666,REJECTED,,,,,,,d6023524cac9554649e8b9b6c03d887f613256e4,1f2680a5b9065e708a7497adc53a95b108029b98,3.13.14,2026-07-18T18:45:11.747448+00:00
P02b_resource_aware_planners,P02b_resource_aware_planners:small_mesh:e961642e2e5e233b:L2-R:9:p02b-intent,small_mesh,e961642e2e5e233b,9,p02b-intent,L2-R,iterative_resource_aware,10,10,0.6,0.05,1e-05,,0,False,TARGET_FIDELITY_UNREACHABLE,,,,0,0.000697,REJECTED,,,,,,,d6023524cac9554649e8b9b6c03d887f613256e4,1f2680a5b9065e708a7497adc53a95b108029b98,3.13.14,2026-07-18T18:45:11.756609+00:00
P02b_resource_aware_planners,P02b_resource_aware_planners:small_mesh:e961642e2e5e233b:L3:0:p02b-intent,small_mesh,e961642e2e5e233b,0,p02b-intent,L3,probabilistic,10,10,0.6,0.05,1e-05,a0 -> a1 -> a2 -> a3 -> b3,4,True,AssertionError: Fidelity of kept memory is too low: 0.4475551085937498.,0.0,41.58085074471849,0.43803976326653515,1,0.002966,SIMULATION_ERROR,,,,,,0.251133,d6023524cac9554649e8b9b6c03d887f613256e4,1f2680a5b9065e708a7497adc53a95b108029b98,3.13.14,2026-07-18T18:47:16.335125+00:00
P02b_resource_aware_planners,P02b_resource_aware_planners:small_mesh:e961642e2e5e233b:L3:1:p02b-intent,small_mesh,e961642e2e5e233b,1,p02b-intent,L3,probabilistic,10,10,0.6,0.05,1e-05,a0 -> a1 -> a2 -> a3 -> b3,4,True,AssertionError: Fidelity of kept memory is too low: 0.4475551085937498.,0.0,41.58085074471849,0.43803976326653515,1,0.003211,SIMULATION_ERROR,,,,,,0.345191,d6023524cac9554649e8b9b6c03d887f613256e4,1f2680a5b9065e708a7497adc53a95b108029b98,3.13.14,2026-07-18T18:47:16.727802+00:00
P02b_resource_aware_planners,P02b_resource_aware_planners:small_mesh:e961642e2e5e233b:L3:2:p02b-intent,small_mesh,e961642e2e5e233b,2,p02b-intent,L3,probabilistic,10,10,0.6,0.05,1e-05,a0 -> a1 -> a2 -> a3 -> b3,4,True,AssertionError: Fidelity of kept memory is too low: 0.4475551085937498.,0.0,41.58085074471849,0.43803976326653515,1,0.003699,SIMULATION_ERROR,,,,,,0.236614,d6023524cac9554649e8b9b6c03d887f613256e4,1f2680a5b9065e708a7497adc53a95b108029b98,3.13.14,2026-07-18T18:47:16.999488+00:00
P02b_resource_aware_planners,P02b_resource_aware_planners:small_mesh:e961642e2e5e233b:L3:3:p02b-intent,small_mesh,e961642e2e5e233b,3,p02b-intent,L3,probabilistic,10,10,0.6,0.05,1e-05,a0 -> a1 -> a2 -> a3 -> b3,4,True,AssertionError: Fidelity of kept memory is too low: 0.4475551085937498.,0.0,41.58085074471849,0.43803976326653515,1,0.002539,SIMULATION_ERROR,,,,,,0.377024,d6023524cac9554649e8b9b6c03d887f613256e4,1f2680a5b9065e708a7497adc53a95b108029b98,3.13.14,2026-07-18T18:47:17.398910+00:00
P02b_resource_aware_planners,P02b_resource_aware_planners:small_mesh:e961642e2e5e233b:L3:4:p02b-intent,small_mesh,e961642e2e5e233b,4,p02b-intent,L3,probabilistic,10,10,0.6,0.05,1e-05,a0 -> a1 -> a2 -> a3 -> b3,4,True,AssertionError: Fidelity of kept memory is too low: 0.4475551085937498.,0.0,41.58085074471849,0.43803976326653515,1,0.004909,SIMULATION_ERROR,,,,,,0.421643,d6023524cac9554649e8b9b6c03d887f613256e4,1f2680a5b9065e708a7497adc53a95b108029b98,3.13.14,2026-07-18T18:47:17.861314+00:00
P02b_resource_aware_planners,P02b_resource_aware_planners:small_mesh:e961642e2e5e233b:L3:5:p02b-intent,small_mesh,e961642e2e5e233b,5,p02b-intent,L3,probabilistic,10,10,0.6,0.05,1e-05,a0 -> a1 -> a2 -> a3 -> b3,4,True,AssertionError: Fidelity of kept memory is too low: 0.4475551085937498.,0.0,41.58085074471849,0.43803976326653515,1,0.002658,SIMULATION_ERROR,,,,,,0.381817,d6023524cac9554649e8b9b6c03d887f613256e4,1f2680a5b9065e708a7497adc53a95b108029b98,3.13.14,2026-07-18T18:47:18.267962+00:00
P02b_resource_aware_planners,P02b_resource_aware_planners:small_mesh:e961642e2e5e233b:L3:6:p02b-intent,small_mesh,e961642e2e5e233b,6,p02b-intent,L3,probabilistic,10,10,0.6,0.05,1e-05,a0 -> a1 -> a2 -> a3 -> b3,4,True,AssertionError: Fidelity of kept memory is too low: 0.4475551085937498.,0.0,41.58085074471849,0.43803976326653515,1,0.004078,SIMULATION_ERROR,,,,,,0.384428,d6023524cac9554649e8b9b6c03d887f613256e4,1f2680a5b9065e708a7497adc53a95b108029b98,3.13.14,2026-07-18T18:47:18.688036+00:00
P02b_resource_aware_planners,P02b_resource_aware_planners:small_mesh:e961642e2e5e233b:L3:7:p02b-intent,small_mesh,e961642e2e5e233b,7,p02b-intent,L3,probabilistic,10,10,0.6,0.05,1e-05,a0 -> a1 -> a2 -> a3 -> b3,4,True,AssertionError: Fidelity of kept memory is too low: 0.4475551085937498.,0.0,41.58085074471849,0.43803976326653515,1,0.003605,SIMULATION_ERROR,,,,,,0.316475,d6023524cac9554649e8b9b6c03d887f613256e4,1f2680a5b9065e708a7497adc53a95b108029b98,3.13.14,2026-07-18T18:47:19.035343+00:00
P02b_resource_aware_planners,P02b_resource_aware_planners:small_mesh:e961642e2e5e233b:L3:8:p02b-intent,small_mesh,e961642e2e5e233b,8,p02b-intent,L3,probabilistic,10,10,0.6,0.05,1e-05,a0 -> a1 -> a2 -> a3 -> b3,4,True,AssertionError: Fidelity of kept memory is too low: 0.4475551085937498.,0.0,41.58085074471849,0.43803976326653515,1,0.002694,SIMULATION_ERROR,,,,,,0.343311,d6023524cac9554649e8b9b6c03d887f613256e4,1f2680a5b9065e708a7497adc53a95b108029b98,3.13.14,2026-07-18T18:47:19.402838+00:00
P02b_resource_aware_planners,P02b_resource_aware_planners:small_mesh:e961642e2e5e233b:L3:9:p02b-intent,small_mesh,e961642e2e5e233b,9,p02b-intent,L3,probabilistic,10,10,0.6,0.05,1e-05,a0 -> a1 -> a2 -> a3 -> b3,4,True,AssertionError: Fidelity of kept memory is too low: 0.4475551085937498.,0.0,41.58085074471849,0.43803976326653515,1,0.002406,SIMULATION_ERROR,,,,,,0.307424,d6023524cac9554649e8b9b6c03d887f613256e4,1f2680a5b9065e708a7497adc53a95b108029b98,3.13.14,2026-07-18T18:47:19.733586+00:00
P02b_resource_aware_planners,P02b_resource_aware_planners:small_mesh:e961642e2e5e233b:L3-R:0:p02b-intent,small_mesh,e961642e2e5e233b,0,p02b-intent,L3-R,probabilistic_resource_aware,10,10,0.6,0.05,1e-05,a0 -> a1 -> a2 -> a3 -> b3,4,True,AssertionError: Fidelity of kept memory is too low: 0.4475551085937498.,0.0,5.544113432629133,0.43803976326653515,1,0.00323,SIMULATION_ERROR,,,,,,0.214636,d6023524cac9554649e8b9b6c03d887f613256e4,1f2680a5b9065e708a7497adc53a95b108029b98,3.13.14,2026-07-18T18:47:19.974338+00:00
P02b_resource_aware_planners,P02b_resource_aware_planners:small_mesh:e961642e2e5e233b:L3-R:1:p02b-intent,small_mesh,e961642e2e5e233b,1,p02b-intent,L3-R,probabilistic_resource_aware,10,10,0.6,0.05,1e-05,a0 -> a1 -> a2 -> a3 -> b3,4,True,AssertionError: Fidelity of kept memory is too low: 0.4475551085937498.,0.0,5.544113432629133,0.43803976326653515,1,0.002338,SIMULATION_ERROR,,,,,,0.328613,d6023524cac9554649e8b9b6c03d887f613256e4,1f2680a5b9065e708a7497adc53a95b108029b98,3.13.14,2026-07-18T18:47:20.328308+00:00
P02b_resource_aware_planners,P02b_resource_aware_planners:small_mesh:e961642e2e5e233b:L3-R:2:p02b-intent,small_mesh,e961642e2e5e233b,2,p02b-intent,L3-R,probabilistic_resource_aware,10,10,0.6,0.05,1e-05,a0 -> a1 -> a2 -> a3 -> b3,4,True,AssertionError: Fidelity of kept memory is too low: 0.4475551085937498.,0.0,5.544113432629133,0.43803976326653515,1,0.003336,SIMULATION_ERROR,,,,,,0.227409,d6023524cac9554649e8b9b6c03d887f613256e4,1f2680a5b9065e708a7497adc53a95b108029b98,3.13.14,2026-07-18T18:47:20.583259+00:00
P02b_resource_aware_planners,P02b_resource_aware_planners:small_mesh:e961642e2e5e233b:L3-R:3:p02b-intent,small_mesh,e961642e2e5e233b,3,p02b-intent,L3-R,probabilistic_resource_aware,10,10,0.6,0.05,1e-05,a0 -> a1 -> a2 -> a3 -> b3,4,True,AssertionError: Fidelity of kept memory is too low: 0.4475551085937498.,0.0,5.544113432629133,0.43803976326653515,1,0.003137,SIMULATION_ERROR,,,,,,0.337051,d6023524cac9554649e8b9b6c03d887f613256e4,1f2680a5b9065e708a7497adc53a95b108029b98,3.13.14,2026-07-18T18:47:20.950570+00:00
P02b_resource_aware_planners,P02b_resource_aware_planners:small_mesh:e961642e2e5e233b:L3-R:4:p02b-intent,small_mesh,e961642e2e5e233b,4,p02b-intent,L3-R,probabilistic_resource_aware,10,10,0.6,0.05,1e-05,a0 -> a1 -> a2 -> a3 -> b3,4,True,AssertionError: Fidelity of kept memory is too low: 0.4475551085937498.,0.0,5.544113432629133,0.43803976326653515,1,0.002607,SIMULATION_ERROR,,,,,,0.39049,d6023524cac9554649e8b9b6c03d887f613256e4,1f2680a5b9065e708a7497adc53a95b108029b98,3.13.14,2026-07-18T18:47:21.363809+00:00
P02b_resource_aware_planners,P02b_resource_aware_planners:small_mesh:e961642e2e5e233b:L3-R:5:p02b-intent,small_mesh,e961642e2e5e233b,5,p02b-intent,L3-R,probabilistic_resource_aware,10,10,0.6,0.05,1e-05,a0 -> a1 -> a2 -> a3 -> b3,4,True,AssertionError: Fidelity of kept memory is too low: 0.4475551085937498.,0.0,5.544113432629133,0.43803976326653515,1,0.002541,SIMULATION_ERROR,,,,,,0.339588,d6023524cac9554649e8b9b6c03d887f613256e4,1f2680a5b9065e708a7497adc53a95b108029b98,3.13.14,2026-07-18T18:47:21.866763+00:00
P02b_resource_aware_planners,P02b_resource_aware_planners:small_mesh:e961642e2e5e233b:L3-R:6:p02b-intent,small_mesh,e961642e2e5e233b,6,p02b-intent,L3-R,probabilistic_resource_aware,10,10,0.6,0.05,1e-05,a0 -> a1 -> a2 -> a3 -> b3,4,True,AssertionError: Fidelity of kept memory is too low: 0.4475551085937498.,0.0,5.544113432629133,0.43803976326653515,1,0.004486,SIMULATION_ERROR,,,,,,0.331132,d6023524cac9554649e8b9b6c03d887f613256e4,1f2680a5b9065e708a7497adc53a95b108029b98,3.13.14,2026-07-18T18:47:22.239048+00:00
P02b_resource_aware_planners,P02b_resource_aware_planners:small_mesh:e961642e2e5e233b:L3-R:7:p02b-intent,small_mesh,e961642e2e5e233b,7,p02b-intent,L3-R,probabilistic_resource_aware,10,10,0.6,0.05,1e-05,a0 -> a1 -> a2 -> a3 -> b3,4,True,AssertionError: Fidelity of kept memory is too low: 0.4475551085937498.,0.0,5.544113432629133,0.43803976326653515,1,0.002196,SIMULATION_ERROR,,,,,,0.31455,d6023524cac9554649e8b9b6c03d887f613256e4,1f2680a5b9065e708a7497adc53a95b108029b98,3.13.14,2026-07-18T18:47:22.577282+00:00
P02b_resource_aware_planners,P02b_resource_aware_planners:small_mesh:e961642e2e5e233b:L3-R:8:p02b-intent,small_mesh,e961642e2e5e233b,8,p02b-intent,L3-R,probabilistic_resource_aware,10,10,0.6,0.05,1e-05,a0 -> a1 -> a2 -> a3 -> b3,4,True,AssertionError: Fidelity of kept memory is too low: 0.4475551085937498.,0.0,5.544113432629133,0.43803976326653515,1,0.003435,SIMULATION_ERROR,,,,,,0.327057,d6023524cac9554649e8b9b6c03d887f613256e4,1f2680a5b9065e708a7497adc53a95b108029b98,3.13.14,2026-07-18T18:47:22.942201+00:00
P02b_resource_aware_planners,P02b_resource_aware_planners:small_mesh:e961642e2e5e233b:L3-R:9:p02b-intent,small_mesh,e961642e2e5e233b,9,p02b-intent,L3-R,probabilistic_resource_aware,10,10,0.6,0.05,1e-05,a0 -> a1 -> a2 -> a3 -> b3,4,True,AssertionError: Fidelity of kept memory is too low: 0.4475551085937498.,0.0,5.544113432629133,0.43803976326653515,1,0.002544,SIMULATION_ERROR,,,,,,0.262478,d6023524cac9554649e8b9b6c03d887f613256e4,1f2680a5b9065e708a7497adc53a95b108029b98,3.13.14,2026-07-18T18:47:23.229804+00:00
P02b_resource_aware_planners,P02b_resource_aware_planners:small_mesh:7f4311e975e10821:L1:0:p02b-intent,small_mesh,7f4311e975e10821,0,p02b-intent,L1,conservative_one_round,10,10,0.65,0.05,1e-05,,0,False,no candidate route is feasible: a0->a1->a2->a3->b3 (min_fidelity 0.650 exceeds the achievable estimate 0.438 (one-round static estimate (BBPSSWCircuit.improved_fidelity); SeQUeNCe's 'until_target' mode may run a different number of rounds at execution time)); a0->b0->b1->b2->b3 (min_fidelity 0.650 exceeds the achievable estimate 0.438 (one-round static estimate (BBPSSWCircuit.improved_fidelity); SeQUeNCe's 'until_target' mode may run a different number of rounds at execution time)); a0->a1->b1->b2->b3 (min_fidelity 0.650 exceeds the achievable estimate 0.438 (one-round static estimate (BBPSSWCircuit.improved_fidelity); SeQUeNCe's 'until_target' mode may run a different number of rounds at execution time)),,,,0,0.001073,REJECTED,,,,,,,d6023524cac9554649e8b9b6c03d887f613256e4,1f2680a5b9065e708a7497adc53a95b108029b98,3.13.14,2026-07-18T18:47:23.238423+00:00
P02b_resource_aware_planners,P02b_resource_aware_planners:small_mesh:7f4311e975e10821:L1:1:p02b-intent,small_mesh,7f4311e975e10821,1,p02b-intent,L1,conservative_one_round,10,10,0.65,0.05,1e-05,,0,False,no candidate route is feasible: a0->a1->a2->a3->b3 (min_fidelity 0.650 exceeds the achievable estimate 0.438 (one-round static estimate (BBPSSWCircuit.improved_fidelity); SeQUeNCe's 'until_target' mode may run a different number of rounds at execution time)); a0->b0->b1->b2->b3 (min_fidelity 0.650 exceeds the achievable estimate 0.438 (one-round static estimate (BBPSSWCircuit.improved_fidelity); SeQUeNCe's 'until_target' mode may run a different number of rounds at execution time)); a0->a1->b1->b2->b3 (min_fidelity 0.650 exceeds the achievable estimate 0.438 (one-round static estimate (BBPSSWCircuit.improved_fidelity); SeQUeNCe's 'until_target' mode may run a different number of rounds at execution time)),,,,0,0.000798,REJECTED,,,,,,,d6023524cac9554649e8b9b6c03d887f613256e4,1f2680a5b9065e708a7497adc53a95b108029b98,3.13.14,2026-07-18T18:47:23.245626+00:00
P02b_resource_aware_planners,P02b_resource_aware_planners:small_mesh:7f4311e975e10821:L1:2:p02b-intent,small_mesh,7f4311e975e10821,2,p02b-intent,L1,conservative_one_round,10,10,0.65,0.05,1e-05,,0,False,no candidate route is feasible: a0->a1->a2->a3->b3 (min_fidelity 0.650 exceeds the achievable estimate 0.438 (one-round static estimate (BBPSSWCircuit.improved_fidelity); SeQUeNCe's 'until_target' mode may run a different number of rounds at execution time)); a0->b0->b1->b2->b3 (min_fidelity 0.650 exceeds the achievable estimate 0.438 (one-round static estimate (BBPSSWCircuit.improved_fidelity); SeQUeNCe's 'until_target' mode may run a different number of rounds at execution time)); a0->a1->b1->b2->b3 (min_fidelity 0.650 exceeds the achievable estimate 0.438 (one-round static estimate (BBPSSWCircuit.improved_fidelity); SeQUeNCe's 'until_target' mode may run a different number of rounds at execution time)),,,,0,0.000979,REJECTED,,,,,,,d6023524cac9554649e8b9b6c03d887f613256e4,1f2680a5b9065e708a7497adc53a95b108029b98,3.13.14,2026-07-18T18:47:23.253517+00:00
P02b_resource_aware_planners,P02b_resource_aware_planners:small_mesh:7f4311e975e10821:L1:3:p02b-intent,small_mesh,7f4311e975e10821,3,p02b-intent,L1,conservative_one_round,10,10,0.65,0.05,1e-05,,0,False,no candidate route is feasible: a0->a1->a2->a3->b3 (min_fidelity 0.650 exceeds the achievable estimate 0.438 (one-round static estimate (BBPSSWCircuit.improved_fidelity); SeQUeNCe's 'until_target' mode may run a different number of rounds at execution time)); a0->b0->b1->b2->b3 (min_fidelity 0.650 exceeds the achievable estimate 0.438 (one-round static estimate (BBPSSWCircuit.improved_fidelity); SeQUeNCe's 'until_target' mode may run a different number of rounds at execution time)); a0->a1->b1->b2->b3 (min_fidelity 0.650 exceeds the achievable estimate 0.438 (one-round static estimate (BBPSSWCircuit.improved_fidelity); SeQUeNCe's 'until_target' mode may run a different number of rounds at execution time)),,,,0,0.001084,REJECTED,,,,,,,d6023524cac9554649e8b9b6c03d887f613256e4,1f2680a5b9065e708a7497adc53a95b108029b98,3.13.14,2026-07-18T18:47:23.263715+00:00
P02b_resource_aware_planners,P02b_resource_aware_planners:small_mesh:7f4311e975e10821:L1:4:p02b-intent,small_mesh,7f4311e975e10821,4,p02b-intent,L1,conservative_one_round,10,10,0.65,0.05,1e-05,,0,False,no candidate route is feasible: a0->a1->a2->a3->b3 (min_fidelity 0.650 exceeds the achievable estimate 0.438 (one-round static estimate (BBPSSWCircuit.improved_fidelity); SeQUeNCe's 'until_target' mode may run a different number of rounds at execution time)); a0->b0->b1->b2->b3 (min_fidelity 0.650 exceeds the achievable estimate 0.438 (one-round static estimate (BBPSSWCircuit.improved_fidelity); SeQUeNCe's 'until_target' mode may run a different number of rounds at execution time)); a0->a1->b1->b2->b3 (min_fidelity 0.650 exceeds the achievable estimate 0.438 (one-round static estimate (BBPSSWCircuit.improved_fidelity); SeQUeNCe's 'until_target' mode may run a different number of rounds at execution time)),,,,0,0.00077,REJECTED,,,,,,,d6023524cac9554649e8b9b6c03d887f613256e4,1f2680a5b9065e708a7497adc53a95b108029b98,3.13.14,2026-07-18T18:47:23.271568+00:00
P02b_resource_aware_planners,P02b_resource_aware_planners:small_mesh:7f4311e975e10821:L1:5:p02b-intent,small_mesh,7f4311e975e10821,5,p02b-intent,L1,conservative_one_round,10,10,0.65,0.05,1e-05,,0,False,no candidate route is feasible: a0->a1->a2->a3->b3 (min_fidelity 0.650 exceeds the achievable estimate 0.438 (one-round static estimate (BBPSSWCircuit.improved_fidelity); SeQUeNCe's 'until_target' mode may run a different number of rounds at execution time)); a0->b0->b1->b2->b3 (min_fidelity 0.650 exceeds the achievable estimate 0.438 (one-round static estimate (BBPSSWCircuit.improved_fidelity); SeQUeNCe's 'until_target' mode may run a different number of rounds at execution time)); a0->a1->b1->b2->b3 (min_fidelity 0.650 exceeds the achievable estimate 0.438 (one-round static estimate (BBPSSWCircuit.improved_fidelity); SeQUeNCe's 'until_target' mode may run a different number of rounds at execution time)),,,,0,0.000867,REJECTED,,,,,,,d6023524cac9554649e8b9b6c03d887f613256e4,1f2680a5b9065e708a7497adc53a95b108029b98,3.13.14,2026-07-18T18:47:23.278268+00:00
P02b_resource_aware_planners,P02b_resource_aware_planners:small_mesh:7f4311e975e10821:L1:6:p02b-intent,small_mesh,7f4311e975e10821,6,p02b-intent,L1,conservative_one_round,10,10,0.65,0.05,1e-05,,0,False,no candidate route is feasible: a0->a1->a2->a3->b3 (min_fidelity 0.650 exceeds the achievable estimate 0.438 (one-round static estimate (BBPSSWCircuit.improved_fidelity); SeQUeNCe's 'until_target' mode may run a different number of rounds at execution time)); a0->b0->b1->b2->b3 (min_fidelity 0.650 exceeds the achievable estimate 0.438 (one-round static estimate (BBPSSWCircuit.improved_fidelity); SeQUeNCe's 'until_target' mode may run a different number of rounds at execution time)); a0->a1->b1->b2->b3 (min_fidelity 0.650 exceeds the achievable estimate 0.438 (one-round static estimate (BBPSSWCircuit.improved_fidelity); SeQUeNCe's 'until_target' mode may run a different number of rounds at execution time)),,,,0,0.001118,REJECTED,,,,,,,d6023524cac9554649e8b9b6c03d887f613256e4,1f2680a5b9065e708a7497adc53a95b108029b98,3.13.14,2026-07-18T18:47:23.288057+00:00
P02b_resource_aware_planners,P02b_resource_aware_planners:small_mesh:7f4311e975e10821:L1:7:p02b-intent,small_mesh,7f4311e975e10821,7,p02b-intent,L1,conservative_one_round,10,10,0.65,0.05,1e-05,,0,False,no candidate route is feasible: a0->a1->a2->a3->b3 (min_fidelity 0.650 exceeds the achievable estimate 0.438 (one-round static estimate (BBPSSWCircuit.improved_fidelity); SeQUeNCe's 'until_target' mode may run a different number of rounds at execution time)); a0->b0->b1->b2->b3 (min_fidelity 0.650 exceeds the achievable estimate 0.438 (one-round static estimate (BBPSSWCircuit.improved_fidelity); SeQUeNCe's 'until_target' mode may run a different number of rounds at execution time)); a0->a1->b1->b2->b3 (min_fidelity 0.650 exceeds the achievable estimate 0.438 (one-round static estimate (BBPSSWCircuit.improved_fidelity); SeQUeNCe's 'until_target' mode may run a different number of rounds at execution time)),,,,0,0.001339,REJECTED,,,,,,,d6023524cac9554649e8b9b6c03d887f613256e4,1f2680a5b9065e708a7497adc53a95b108029b98,3.13.14,2026-07-18T18:47:23.297713+00:00
P02b_resource_aware_planners,P02b_resource_aware_planners:small_mesh:7f4311e975e10821:L1:8:p02b-intent,small_mesh,7f4311e975e10821,8,p02b-intent,L1,conservative_one_round,10,10,0.65,0.05,1e-05,,0,False,no candidate route is feasible: a0->a1->a2->a3->b3 (min_fidelity 0.650 exceeds the achievable estimate 0.438 (one-round static estimate (BBPSSWCircuit.improved_fidelity); SeQUeNCe's 'until_target' mode may run a different number of rounds at execution time)); a0->b0->b1->b2->b3 (min_fidelity 0.650 exceeds the achievable estimate 0.438 (one-round static estimate (BBPSSWCircuit.improved_fidelity); SeQUeNCe's 'until_target' mode may run a different number of rounds at execution time)); a0->a1->b1->b2->b3 (min_fidelity 0.650 exceeds the achievable estimate 0.438 (one-round static estimate (BBPSSWCircuit.improved_fidelity); SeQUeNCe's 'until_target' mode may run a different number of rounds at execution time)),,,,0,0.001214,REJECTED,,,,,,,d6023524cac9554649e8b9b6c03d887f613256e4,1f2680a5b9065e708a7497adc53a95b108029b98,3.13.14,2026-07-18T18:47:23.308833+00:00
P02b_resource_aware_planners,P02b_resource_aware_planners:small_mesh:7f4311e975e10821:L1:9:p02b-intent,small_mesh,7f4311e975e10821,9,p02b-intent,L1,conservative_one_round,10,10,0.65,0.05,1e-05,,0,False,no candidate route is feasible: a0->a1->a2->a3->b3 (min_fidelity 0.650 exceeds the achievable estimate 0.438 (one-round static estimate (BBPSSWCircuit.improved_fidelity); SeQUeNCe's 'until_target' mode may run a different number of rounds at execution time)); a0->b0->b1->b2->b3 (min_fidelity 0.650 exceeds the achievable estimate 0.438 (one-round static estimate (BBPSSWCircuit.improved_fidelity); SeQUeNCe's 'until_target' mode may run a different number of rounds at execution time)); a0->a1->b1->b2->b3 (min_fidelity 0.650 exceeds the achievable estimate 0.438 (one-round static estimate (BBPSSWCircuit.improved_fidelity); SeQUeNCe's 'until_target' mode may run a different number of rounds at execution time)),,,,0,0.001209,REJECTED,,,,,,,d6023524cac9554649e8b9b6c03d887f613256e4,1f2680a5b9065e708a7497adc53a95b108029b98,3.13.14,2026-07-18T18:47:23.319896+00:00
P02b_resource_aware_planners,P02b_resource_aware_planners:small_mesh:7f4311e975e10821:L2:0:p02b-intent,small_mesh,7f4311e975e10821,0,p02b-intent,L2,iterative_analytical,10,10,0.65,0.05,1e-05,,0,False,no candidate route is feasible: a0->a1->a2->a3->b3 (min_fidelity 0.650 exceeds the achievable estimate 0.438 (no further gain after round 1 (fixed point reached))); a0->b0->b1->b2->b3 (min_fidelity 0.650 exceeds the achievable estimate 0.438 (no further gain after round 1 (fixed point reached))); a0->a1->b1->b2->b3 (min_fidelity 0.650 exceeds the achievable estimate 0.438 (no further gain after round 1 (fixed point reached))),,,,0,0.001037,REJECTED,,,,,,,d6023524cac9554649e8b9b6c03d887f613256e4,1f2680a5b9065e708a7497adc53a95b108029b98,3.13.14,2026-07-18T18:47:23.329708+00:00
P02b_resource_aware_planners,P02b_resource_aware_planners:small_mesh:7f4311e975e10821:L2:1:p02b-intent,small_mesh,7f4311e975e10821,1,p02b-intent,L2,iterative_analytical,10,10,0.65,0.05,1e-05,,0,False,no candidate route is feasible: a0->a1->a2->a3->b3 (min_fidelity 0.650 exceeds the achievable estimate 0.438 (no further gain after round 1 (fixed point reached))); a0->b0->b1->b2->b3 (min_fidelity 0.650 exceeds the achievable estimate 0.438 (no further gain after round 1 (fixed point reached))); a0->a1->b1->b2->b3 (min_fidelity 0.650 exceeds the achievable estimate 0.438 (no further gain after round 1 (fixed point reached))),,,,0,0.001395,REJECTED,,,,,,,d6023524cac9554649e8b9b6c03d887f613256e4,1f2680a5b9065e708a7497adc53a95b108029b98,3.13.14,2026-07-18T18:47:23.339506+00:00
P02b_resource_aware_planners,P02b_resource_aware_planners:small_mesh:7f4311e975e10821:L2:2:p02b-intent,small_mesh,7f4311e975e10821,2,p02b-intent,L2,iterative_analytical,10,10,0.65,0.05,1e-05,,0,False,no candidate route is feasible: a0->a1->a2->a3->b3 (min_fidelity 0.650 exceeds the achievable estimate 0.438 (no further gain after round 1 (fixed point reached))); a0->b0->b1->b2->b3 (min_fidelity 0.650 exceeds the achievable estimate 0.438 (no further gain after round 1 (fixed point reached))); a0->a1->b1->b2->b3 (min_fidelity 0.650 exceeds the achievable estimate 0.438 (no further gain after round 1 (fixed point reached))),,,,0,0.002191,REJECTED,,,,,,,d6023524cac9554649e8b9b6c03d887f613256e4,1f2680a5b9065e708a7497adc53a95b108029b98,3.13.14,2026-07-18T18:47:23.350484+00:00
P02b_resource_aware_planners,P02b_resource_aware_planners:small_mesh:7f4311e975e10821:L2:3:p02b-intent,small_mesh,7f4311e975e10821,3,p02b-intent,L2,iterative_analytical,10,10,0.65,0.05,1e-05,,0,False,no candidate route is feasible: a0->a1->a2->a3->b3 (min_fidelity 0.650 exceeds the achievable estimate 0.438 (no further gain after round 1 (fixed point reached))); a0->b0->b1->b2->b3 (min_fidelity 0.650 exceeds the achievable estimate 0.438 (no further gain after round 1 (fixed point reached))); a0->a1->b1->b2->b3 (min_fidelity 0.650 exceeds the achievable estimate 0.438 (no further gain after round 1 (fixed point reached))),,,,0,0.000717,REJECTED,,,,,,,d6023524cac9554649e8b9b6c03d887f613256e4,1f2680a5b9065e708a7497adc53a95b108029b98,3.13.14,2026-07-18T18:47:23.358445+00:00
P02b_resource_aware_planners,P02b_resource_aware_planners:small_mesh:7f4311e975e10821:L2:4:p02b-intent,small_mesh,7f4311e975e10821,4,p02b-intent,L2,iterative_analytical,10,10,0.65,0.05,1e-05,,0,False,no candidate route is feasible: a0->a1->a2->a3->b3 (min_fidelity 0.650 exceeds the achievable estimate 0.438 (no further gain after round 1 (fixed point reached))); a0->b0->b1->b2->b3 (min_fidelity 0.650 exceeds the achievable estimate 0.438 (no further gain after round 1 (fixed point reached))); a0->a1->b1->b2->b3 (min_fidelity 0.650 exceeds the achievable estimate 0.438 (no further gain after round 1 (fixed point reached))),,,,0,0.001025,REJECTED,,,,,,,d6023524cac9554649e8b9b6c03d887f613256e4,1f2680a5b9065e708a7497adc53a95b108029b98,3.13.14,2026-07-18T18:47:23.365008+00:00
P02b_resource_aware_planners,P02b_resource_aware_planners:small_mesh:7f4311e975e10821:L2:5:p02b-intent,small_mesh,7f4311e975e10821,5,p02b-intent,L2,iterative_analytical,10,10,0.65,0.05,1e-05,,0,False,no candidate route is feasible: a0->a1->a2->a3->b3 (min_fidelity 0.650 exceeds the achievable estimate 0.438 (no further gain after round 1 (fixed point reached))); a0->b0->b1->b2->b3 (min_fidelity 0.650 exceeds the achievable estimate 0.438 (no further gain after round 1 (fixed point reached))); a0->a1->b1->b2->b3 (min_fidelity 0.650 exceeds the achievable estimate 0.438 (no further gain after round 1 (fixed point reached))),,,,0,0.001373,REJECTED,,,,,,,d6023524cac9554649e8b9b6c03d887f613256e4,1f2680a5b9065e708a7497adc53a95b108029b98,3.13.14,2026-07-18T18:47:23.373861+00:00
P02b_resource_aware_planners,P02b_resource_aware_planners:small_mesh:7f4311e975e10821:L2:6:p02b-intent,small_mesh,7f4311e975e10821,6,p02b-intent,L2,iterative_analytical,10,10,0.65,0.05,1e-05,,0,False,no candidate route is feasible: a0->a1->a2->a3->b3 (min_fidelity 0.650 exceeds the achievable estimate 0.438 (no further gain after round 1 (fixed point reached))); a0->b0->b1->b2->b3 (min_fidelity 0.650 exceeds the achievable estimate 0.438 (no further gain after round 1 (fixed point reached))); a0->a1->b1->b2->b3 (min_fidelity 0.650 exceeds the achievable estimate 0.438 (no further gain after round 1 (fixed point reached))),,,,0,0.001469,REJECTED,,,,,,,d6023524cac9554649e8b9b6c03d887f613256e4,1f2680a5b9065e708a7497adc53a95b108029b98,3.13.14,2026-07-18T18:47:23.383530+00:00
P02b_resource_aware_planners,P02b_resource_aware_planners:small_mesh:7f4311e975e10821:L2:7:p02b-intent,small_mesh,7f4311e975e10821,7,p02b-intent,L2,iterative_analytical,10,10,0.65,0.05,1e-05,,0,False,no candidate route is feasible: a0->a1->a2->a3->b3 (min_fidelity 0.650 exceeds the achievable estimate 0.438 (no further gain after round 1 (fixed point reached))); a0->b0->b1->b2->b3 (min_fidelity 0.650 exceeds the achievable estimate 0.438 (no further gain after round 1 (fixed point reached))); a0->a1->b1->b2->b3 (min_fidelity 0.650 exceeds the achievable estimate 0.438 (no further gain after round 1 (fixed point reached))),,,,0,0.000885,REJECTED,,,,,,,d6023524cac9554649e8b9b6c03d887f613256e4,1f2680a5b9065e708a7497adc53a95b108029b98,3.13.14,2026-07-18T18:47:23.392477+00:00
P02b_resource_aware_planners,P02b_resource_aware_planners:small_mesh:7f4311e975e10821:L2:8:p02b-intent,small_mesh,7f4311e975e10821,8,p02b-intent,L2,iterative_analytical,10,10,0.65,0.05,1e-05,,0,False,no candidate route is feasible: a0->a1->a2->a3->b3 (min_fidelity 0.650 exceeds the achievable estimate 0.438 (no further gain after round 1 (fixed point reached))); a0->b0->b1->b2->b3 (min_fidelity 0.650 exceeds the achievable estimate 0.438 (no further gain after round 1 (fixed point reached))); a0->a1->b1->b2->b3 (min_fidelity 0.650 exceeds the achievable estimate 0.438 (no further gain after round 1 (fixed point reached))),,,,0,0.001579,REJECTED,,,,,,,d6023524cac9554649e8b9b6c03d887f613256e4,1f2680a5b9065e708a7497adc53a95b108029b98,3.13.14,2026-07-18T18:47:23.401237+00:00
P02b_resource_aware_planners,P02b_resource_aware_planners:small_mesh:7f4311e975e10821:L2:9:p02b-intent,small_mesh,7f4311e975e10821,9,p02b-intent,L2,iterative_analytical,10,10,0.65,0.05,1e-05,,0,False,no candidate route is feasible: a0->a1->a2->a3->b3 (min_fidelity 0.650 exceeds the achievable estimate 0.438 (no further gain after round 1 (fixed point reached))); a0->b0->b1->b2->b3 (min_fidelity 0.650 exceeds the achievable estimate 0.438 (no further gain after round 1 (fixed point reached))); a0->a1->b1->b2->b3 (min_fidelity 0.650 exceeds the achievable estimate 0.438 (no further gain after round 1 (fixed point reached))),,,,0,0.001358,REJECTED,,,,,,,d6023524cac9554649e8b9b6c03d887f613256e4,1f2680a5b9065e708a7497adc53a95b108029b98,3.13.14,2026-07-18T18:47:23.410468+00:00
P02b_resource_aware_planners,P02b_resource_aware_planners:small_mesh:7f4311e975e10821:L2-R:0:p02b-intent,small_mesh,7f4311e975e10821,0,p02b-intent,L2-R,iterative_resource_aware,10,10,0.65,0.05,1e-05,,0,False,TARGET_FIDELITY_UNREACHABLE,,,,0,0.00042,REJECTED,,,,,,,d6023524cac9554649e8b9b6c03d887f613256e4,1f2680a5b9065e708a7497adc53a95b108029b98,3.13.14,2026-07-18T18:47:23.416634+00:00
P02b_resource_aware_planners,P02b_resource_aware_planners:small_mesh:7f4311e975e10821:L2-R:1:p02b-intent,small_mesh,7f4311e975e10821,1,p02b-intent,L2-R,iterative_resource_aware,10,10,0.65,0.05,1e-05,,0,False,TARGET_FIDELITY_UNREACHABLE,,,,0,0.000466,REJECTED,,,,,,,d6023524cac9554649e8b9b6c03d887f613256e4,1f2680a5b9065e708a7497adc53a95b108029b98,3.13.14,2026-07-18T18:47:23.423254+00:00
P02b_resource_aware_planners,P02b_resource_aware_planners:small_mesh:7f4311e975e10821:L2-R:2:p02b-intent,small_mesh,7f4311e975e10821,2,p02b-intent,L2-R,iterative_resource_aware,10,10,0.65,0.05,1e-05,,0,False,TARGET_FIDELITY_UNREACHABLE,,,,0,0.000715,REJECTED,,,,,,,d6023524cac9554649e8b9b6c03d887f613256e4,1f2680a5b9065e708a7497adc53a95b108029b98,3.13.14,2026-07-18T18:47:23.430926+00:00
P02b_resource_aware_planners,P02b_resource_aware_planners:small_mesh:7f4311e975e10821:L2-R:3:p02b-intent,small_mesh,7f4311e975e10821,3,p02b-intent,L2-R,iterative_resource_aware,10,10,0.65,0.05,1e-05,,0,False,TARGET_FIDELITY_UNREACHABLE,,,,0,0.000717,REJECTED,,,,,,,d6023524cac9554649e8b9b6c03d887f613256e4,1f2680a5b9065e708a7497adc53a95b108029b98,3.13.14,2026-07-18T18:47:23.440317+00:00
P02b_resource_aware_planners,P02b_resource_aware_planners:small_mesh:7f4311e975e10821:L2-R:4:p02b-intent,small_mesh,7f4311e975e10821,4,p02b-intent,L2-R,iterative_resource_aware,10,10,0.65,0.05,1e-05,,0,False,TARGET_FIDELITY_UNREACHABLE,,,,0,0.000793,REJECTED,,,,,,,d6023524cac9554649e8b9b6c03d887f613256e4,1f2680a5b9065e708a7497adc53a95b108029b98,3.13.14,2026-07-18T18:47:23.450745+00:00
P02b_resource_aware_planners,P02b_resource_aware_planners:small_mesh:7f4311e975e10821:L2-R:5:p02b-intent,small_mesh,7f4311e975e10821,5,p02b-intent,L2-R,iterative_resource_aware,10,10,0.65,0.05,1e-05,,0,False,TARGET_FIDELITY_UNREACHABLE,,,,0,0.000562,REJECTED,,,,,,,d6023524cac9554649e8b9b6c03d887f613256e4,1f2680a5b9065e708a7497adc53a95b108029b98,3.13.14,2026-07-18T18:47:23.458233+00:00
P02b_resource_aware_planners,P02b_resource_aware_planners:small_mesh:7f4311e975e10821:L2-R:6:p02b-intent,small_mesh,7f4311e975e10821,6,p02b-intent,L2-R,iterative_resource_aware,10,10,0.65,0.05,1e-05,,0,False,TARGET_FIDELITY_UNREACHABLE,,,,0,0.000714,REJECTED,,,,,,,d6023524cac9554649e8b9b6c03d887f613256e4,1f2680a5b9065e708a7497adc53a95b108029b98,3.13.14,2026-07-18T18:47:23.466599+00:00
P02b_resource_aware_planners,P02b_resource_aware_planners:small_mesh:7f4311e975e10821:L2-R:7:p02b-intent,small_mesh,7f4311e975e10821,7,p02b-intent,L2-R,iterative_resource_aware,10,10,0.65,0.05,1e-05,,0,False,TARGET_FIDELITY_UNREACHABLE,,,,0,0.000676,REJECTED,,,,,,,d6023524cac9554649e8b9b6c03d887f613256e4,1f2680a5b9065e708a7497adc53a95b108029b98,3.13.14,2026-07-18T18:47:23.475370+00:00
P02b_resource_aware_planners,P02b_resource_aware_planners:small_mesh:7f4311e975e10821:L2-R:8:p02b-intent,small_mesh,7f4311e975e10821,8,p02b-intent,L2-R,iterative_resource_aware,10,10,0.65,0.05,1e-05,,0,False,TARGET_FIDELITY_UNREACHABLE,,,,0,0.000715,REJECTED,,,,,,,d6023524cac9554649e8b9b6c03d887f613256e4,1f2680a5b9065e708a7497adc53a95b108029b98,3.13.14,2026-07-18T18:47:23.483939+00:00
P02b_resource_aware_planners,P02b_resource_aware_planners:small_mesh:7f4311e975e10821:L2-R:9:p02b-intent,small_mesh,7f4311e975e10821,9,p02b-intent,L2-R,iterative_resource_aware,10,10,0.65,0.05,1e-05,,0,False,TARGET_FIDELITY_UNREACHABLE,,,,0,0.00046,REJECTED,,,,,,,d6023524cac9554649e8b9b6c03d887f613256e4,1f2680a5b9065e708a7497adc53a95b108029b98,3.13.14,2026-07-18T18:47:23.492348+00:00
P02b_resource_aware_planners,P02b_resource_aware_planners:small_mesh:7f4311e975e10821:L3:0:p02b-intent,small_mesh,7f4311e975e10821,0,p02b-intent,L3,probabilistic,10,10,0.65,0.05,1e-05,a0 -> a1 -> a2 -> a3 -> b3,4,True,AssertionError: Fidelity of kept memory is too low: 0.4475551085937498.,0.0,41.58085074471849,0.43803976326653515,1,0.003689,SIMULATION_ERROR,,,,,,0.24202,d6023524cac9554649e8b9b6c03d887f613256e4,1f2680a5b9065e708a7497adc53a95b108029b98,3.13.14,2026-07-18T18:47:23.764466+00:00
P02b_resource_aware_planners,P02b_resource_aware_planners:small_mesh:7f4311e975e10821:L3:1:p02b-intent,small_mesh,7f4311e975e10821,1,p02b-intent,L3,probabilistic,10,10,0.65,0.05,1e-05,a0 -> a1 -> a2 -> a3 -> b3,4,True,AssertionError: Fidelity of kept memory is too low: 0.4475551085937498.,0.0,41.58085074471849,0.43803976326653515,1,0.002408,SIMULATION_ERROR,,,,,,0.310325,d6023524cac9554649e8b9b6c03d887f613256e4,1f2680a5b9065e708a7497adc53a95b108029b98,3.13.14,2026-07-18T18:47:24.100580+00:00
P02b_resource_aware_planners,P02b_resource_aware_planners:small_mesh:7f4311e975e10821:L3:2:p02b-intent,small_mesh,7f4311e975e10821,2,p02b-intent,L3,probabilistic,10,10,0.65,0.05,1e-05,a0 -> a1 -> a2 -> a3 -> b3,4,True,AssertionError: Fidelity of kept memory is too low: 0.4475551085937498.,0.0,41.58085074471849,0.43803976326653515,1,0.001921,SIMULATION_ERROR,,,,,,0.262297,d6023524cac9554649e8b9b6c03d887f613256e4,1f2680a5b9065e708a7497adc53a95b108029b98,3.13.14,2026-07-18T18:47:24.386794+00:00
P02b_resource_aware_planners,P02b_resource_aware_planners:small_mesh:7f4311e975e10821:L3:3:p02b-intent,small_mesh,7f4311e975e10821,3,p02b-intent,L3,probabilistic,10,10,0.65,0.05,1e-05,a0 -> a1 -> a2 -> a3 -> b3,4,True,AssertionError: Fidelity of kept memory is too low: 0.4475551085937498.,0.0,41.58085074471849,0.43803976326653515,1,0.002887,SIMULATION_ERROR,,,,,,0.332078,d6023524cac9554649e8b9b6c03d887f613256e4,1f2680a5b9065e708a7497adc53a95b108029b98,3.13.14,2026-07-18T18:47:24.750990+00:00
P02b_resource_aware_planners,P02b_resource_aware_planners:small_mesh:7f4311e975e10821:L3:4:p02b-intent,small_mesh,7f4311e975e10821,4,p02b-intent,L3,probabilistic,10,10,0.65,0.05,1e-05,a0 -> a1 -> a2 -> a3 -> b3,4,True,AssertionError: Fidelity of kept memory is too low: 0.4475551085937498.,0.0,41.58085074471849,0.43803976326653515,1,0.002783,SIMULATION_ERROR,,,,,,0.333258,d6023524cac9554649e8b9b6c03d887f613256e4,1f2680a5b9065e708a7497adc53a95b108029b98,3.13.14,2026-07-18T18:47:25.111290+00:00
P02b_resource_aware_planners,P02b_resource_aware_planners:small_mesh:7f4311e975e10821:L3:5:p02b-intent,small_mesh,7f4311e975e10821,5,p02b-intent,L3,probabilistic,10,10,0.65,0.05,1e-05,a0 -> a1 -> a2 -> a3 -> b3,4,True,AssertionError: Fidelity of kept memory is too low: 0.4475551085937498.,0.0,41.58085074471849,0.43803976326653515,1,0.007531,SIMULATION_ERROR,,,,,,0.339894,d6023524cac9554649e8b9b6c03d887f613256e4,1f2680a5b9065e708a7497adc53a95b108029b98,3.13.14,2026-07-18T18:47:25.491049+00:00
P02b_resource_aware_planners,P02b_resource_aware_planners:small_mesh:7f4311e975e10821:L3:6:p02b-intent,small_mesh,7f4311e975e10821,6,p02b-intent,L3,probabilistic,10,10,0.65,0.05,1e-05,a0 -> a1 -> a2 -> a3 -> b3,4,True,AssertionError: Fidelity of kept memory is too low: 0.4475551085937498.,0.0,41.58085074471849,0.43803976326653515,1,0.00217,SIMULATION_ERROR,,,,,,0.352457,d6023524cac9554649e8b9b6c03d887f613256e4,1f2680a5b9065e708a7497adc53a95b108029b98,3.13.14,2026-07-18T18:47:25.864431+00:00
P02b_resource_aware_planners,P02b_resource_aware_planners:small_mesh:7f4311e975e10821:L3:7:p02b-intent,small_mesh,7f4311e975e10821,7,p02b-intent,L3,probabilistic,10,10,0.65,0.05,1e-05,a0 -> a1 -> a2 -> a3 -> b3,4,True,AssertionError: Fidelity of kept memory is too low: 0.4475551085937498.,0.0,41.58085074471849,0.43803976326653515,1,0.003159,SIMULATION_ERROR,,,,,,0.387033,d6023524cac9554649e8b9b6c03d887f613256e4,1f2680a5b9065e708a7497adc53a95b108029b98,3.13.14,2026-07-18T18:47:26.280367+00:00
P02b_resource_aware_planners,P02b_resource_aware_planners:small_mesh:7f4311e975e10821:L3:8:p02b-intent,small_mesh,7f4311e975e10821,8,p02b-intent,L3,probabilistic,10,10,0.65,0.05,1e-05,a0 -> a1 -> a2 -> a3 -> b3,4,True,AssertionError: Fidelity of kept memory is too low: 0.4475551085937498.,0.0,41.58085074471849,0.43803976326653515,1,0.002509,SIMULATION_ERROR,,,,,,0.356949,d6023524cac9554649e8b9b6c03d887f613256e4,1f2680a5b9065e708a7497adc53a95b108029b98,3.13.14,2026-07-18T18:47:26.661728+00:00
P02b_resource_aware_planners,P02b_resource_aware_planners:small_mesh:7f4311e975e10821:L3:9:p02b-intent,small_mesh,7f4311e975e10821,9,p02b-intent,L3,probabilistic,10,10,0.65,0.05,1e-05,a0 -> a1 -> a2 -> a3 -> b3,4,True,AssertionError: Fidelity of kept memory is too low: 0.4475551085937498.,0.0,41.58085074471849,0.43803976326653515,1,0.003281,SIMULATION_ERROR,,,,,,0.286712,d6023524cac9554649e8b9b6c03d887f613256e4,1f2680a5b9065e708a7497adc53a95b108029b98,3.13.14,2026-07-18T18:47:26.980470+00:00
P02b_resource_aware_planners,P02b_resource_aware_planners:small_mesh:7f4311e975e10821:L3-R:0:p02b-intent,small_mesh,7f4311e975e10821,0,p02b-intent,L3-R,probabilistic_resource_aware,10,10,0.65,0.05,1e-05,a0 -> a1 -> a2 -> a3 -> b3,4,True,AssertionError: Fidelity of kept memory is too low: 0.4475551085937498.,0.0,5.544113432629133,0.43803976326653515,1,0.004148,SIMULATION_ERROR,,,,,,0.203015,d6023524cac9554649e8b9b6c03d887f613256e4,1f2680a5b9065e708a7497adc53a95b108029b98,3.13.14,2026-07-18T18:47:27.217259+00:00
P02b_resource_aware_planners,P02b_resource_aware_planners:small_mesh:7f4311e975e10821:L3-R:1:p02b-intent,small_mesh,7f4311e975e10821,1,p02b-intent,L3-R,probabilistic_resource_aware,10,10,0.65,0.05,1e-05,a0 -> a1 -> a2 -> a3 -> b3,4,True,AssertionError: Fidelity of kept memory is too low: 0.4475551085937498.,0.0,5.544113432629133,0.43803976326653515,1,0.002251,SIMULATION_ERROR,,,,,,0.373968,d6023524cac9554649e8b9b6c03d887f613256e4,1f2680a5b9065e708a7497adc53a95b108029b98,3.13.14,2026-07-18T18:47:27.613461+00:00
P02b_resource_aware_planners,P02b_resource_aware_planners:small_mesh:7f4311e975e10821:L3-R:2:p02b-intent,small_mesh,7f4311e975e10821,2,p02b-intent,L3-R,probabilistic_resource_aware,10,10,0.65,0.05,1e-05,a0 -> a1 -> a2 -> a3 -> b3,4,True,AssertionError: Fidelity of kept memory is too low: 0.4475551085937498.,0.0,5.544113432629133,0.43803976326653515,1,0.003598,SIMULATION_ERROR,,,,,,0.239661,d6023524cac9554649e8b9b6c03d887f613256e4,1f2680a5b9065e708a7497adc53a95b108029b98,3.13.14,2026-07-18T18:47:27.894253+00:00
P02b_resource_aware_planners,P02b_resource_aware_planners:small_mesh:7f4311e975e10821:L3-R:3:p02b-intent,small_mesh,7f4311e975e10821,3,p02b-intent,L3-R,probabilistic_resource_aware,10,10,0.65,0.05,1e-05,a0 -> a1 -> a2 -> a3 -> b3,4,True,AssertionError: Fidelity of kept memory is too low: 0.4475551085937498.,0.0,5.544113432629133,0.43803976326653515,1,0.004186,SIMULATION_ERROR,,,,,,0.404482,d6023524cac9554649e8b9b6c03d887f613256e4,1f2680a5b9065e708a7497adc53a95b108029b98,3.13.14,2026-07-18T18:47:28.331613+00:00
P02b_resource_aware_planners,P02b_resource_aware_planners:small_mesh:7f4311e975e10821:L3-R:4:p02b-intent,small_mesh,7f4311e975e10821,4,p02b-intent,L3-R,probabilistic_resource_aware,10,10,0.65,0.05,1e-05,a0 -> a1 -> a2 -> a3 -> b3,4,True,AssertionError: Fidelity of kept memory is too low: 0.4475551085937498.,0.0,5.544113432629133,0.43803976326653515,1,0.004424,SIMULATION_ERROR,,,,,,0.347151,d6023524cac9554649e8b9b6c03d887f613256e4,1f2680a5b9065e708a7497adc53a95b108029b98,3.13.14,2026-07-18T18:47:28.717260+00:00
P02b_resource_aware_planners,P02b_resource_aware_planners:small_mesh:7f4311e975e10821:L3-R:5:p02b-intent,small_mesh,7f4311e975e10821,5,p02b-intent,L3-R,probabilistic_resource_aware,10,10,0.65,0.05,1e-05,a0 -> a1 -> a2 -> a3 -> b3,4,True,AssertionError: Fidelity of kept memory is too low: 0.4475551085937498.,0.0,5.544113432629133,0.43803976326653515,1,0.002353,SIMULATION_ERROR,,,,,,0.279851,d6023524cac9554649e8b9b6c03d887f613256e4,1f2680a5b9065e708a7497adc53a95b108029b98,3.13.14,2026-07-18T18:47:29.020429+00:00
P02b_resource_aware_planners,P02b_resource_aware_planners:small_mesh:7f4311e975e10821:L3-R:6:p02b-intent,small_mesh,7f4311e975e10821,6,p02b-intent,L3-R,probabilistic_resource_aware,10,10,0.65,0.05,1e-05,a0 -> a1 -> a2 -> a3 -> b3,4,True,AssertionError: Fidelity of kept memory is too low: 0.4475551085937498.,0.0,5.544113432629133,0.43803976326653515,1,0.002435,SIMULATION_ERROR,,,,,,0.360657,d6023524cac9554649e8b9b6c03d887f613256e4,1f2680a5b9065e708a7497adc53a95b108029b98,3.13.14,2026-07-18T18:47:29.402839+00:00
P02b_resource_aware_planners,P02b_resource_aware_planners:small_mesh:7f4311e975e10821:L3-R:7:p02b-intent,small_mesh,7f4311e975e10821,7,p02b-intent,L3-R,probabilistic_resource_aware,10,10,0.65,0.05,1e-05,a0 -> a1 -> a2 -> a3 -> b3,4,True,AssertionError: Fidelity of kept memory is too low: 0.4475551085937498.,0.0,5.544113432629133,0.43803976326653515,1,0.003773,SIMULATION_ERROR,,,,,,0.365619,d6023524cac9554649e8b9b6c03d887f613256e4,1f2680a5b9065e708a7497adc53a95b108029b98,3.13.14,2026-07-18T18:47:29.803304+00:00
P02b_resource_aware_planners,P02b_resource_aware_planners:small_mesh:7f4311e975e10821:L3-R:8:p02b-intent,small_mesh,7f4311e975e10821,8,p02b-intent,L3-R,probabilistic_resource_aware,10,10,0.65,0.05,1e-05,a0 -> a1 -> a2 -> a3 -> b3,4,True,AssertionError: Fidelity of kept memory is too low: 0.4475551085937498.,0.0,5.544113432629133,0.43803976326653515,1,0.0046,SIMULATION_ERROR,,,,,,0.310603,d6023524cac9554649e8b9b6c03d887f613256e4,1f2680a5b9065e708a7497adc53a95b108029b98,3.13.14,2026-07-18T18:47:30.151660+00:00
P02b_resource_aware_planners,P02b_resource_aware_planners:small_mesh:7f4311e975e10821:L3-R:9:p02b-intent,small_mesh,7f4311e975e10821,9,p02b-intent,L3-R,probabilistic_resource_aware,10,10,0.65,0.05,1e-05,a0 -> a1 -> a2 -> a3 -> b3,4,True,AssertionError: Fidelity of kept memory is too low: 0.4475551085937498.,0.0,5.544113432629133,0.43803976326653515,1,0.003727,SIMULATION_ERROR,,,,,,0.282303,d6023524cac9554649e8b9b6c03d887f613256e4,1f2680a5b9065e708a7497adc53a95b108029b98,3.13.14,2026-07-18T18:47:30.479730+00:00
P02b_resource_aware_planners,P02b_resource_aware_planners:small_mesh:8fc7952551c8cc54:L1:0:p02b-intent,small_mesh,8fc7952551c8cc54,0,p02b-intent,L1,conservative_one_round,10,10,0.65,0.05,1e-05,,0,False,no candidate route is feasible: a0->a1->a2->a3->b3 (min_fidelity 0.650 exceeds the achievable estimate 0.448 (target_fidelity exceeds the single-swap estimate and allow_purification is False)); a0->b0->b1->b2->b3 (min_fidelity 0.650 exceeds the achievable estimate 0.448 (target_fidelity exceeds the single-swap estimate and allow_purification is False)); a0->a1->b1->b2->b3 (min_fidelity 0.650 exceeds the achievable estimate 0.448 (target_fidelity exceeds the single-swap estimate and allow_purification is False)),,,,0,0.000722,REJECTED,,,,,,,d6023524cac9554649e8b9b6c03d887f613256e4,1f2680a5b9065e708a7497adc53a95b108029b98,3.13.14,2026-07-18T18:47:30.486373+00:00
P02b_resource_aware_planners,P02b_resource_aware_planners:small_mesh:8fc7952551c8cc54:L1:1:p02b-intent,small_mesh,8fc7952551c8cc54,1,p02b-intent,L1,conservative_one_round,10,10,0.65,0.05,1e-05,,0,False,no candidate route is feasible: a0->a1->a2->a3->b3 (min_fidelity 0.650 exceeds the achievable estimate 0.448 (target_fidelity exceeds the single-swap estimate and allow_purification is False)); a0->b0->b1->b2->b3 (min_fidelity 0.650 exceeds the achievable estimate 0.448 (target_fidelity exceeds the single-swap estimate and allow_purification is False)); a0->a1->b1->b2->b3 (min_fidelity 0.650 exceeds the achievable estimate 0.448 (target_fidelity exceeds the single-swap estimate and allow_purification is False)),,,,0,0.001339,REJECTED,,,,,,,d6023524cac9554649e8b9b6c03d887f613256e4,1f2680a5b9065e708a7497adc53a95b108029b98,3.13.14,2026-07-18T18:47:30.498584+00:00
P02b_resource_aware_planners,P02b_resource_aware_planners:small_mesh:8fc7952551c8cc54:L1:2:p02b-intent,small_mesh,8fc7952551c8cc54,2,p02b-intent,L1,conservative_one_round,10,10,0.65,0.05,1e-05,,0,False,no candidate route is feasible: a0->a1->a2->a3->b3 (min_fidelity 0.650 exceeds the achievable estimate 0.448 (target_fidelity exceeds the single-swap estimate and allow_purification is False)); a0->b0->b1->b2->b3 (min_fidelity 0.650 exceeds the achievable estimate 0.448 (target_fidelity exceeds the single-swap estimate and allow_purification is False)); a0->a1->b1->b2->b3 (min_fidelity 0.650 exceeds the achievable estimate 0.448 (target_fidelity exceeds the single-swap estimate and allow_purification is False)),,,,0,0.001352,REJECTED,,,,,,,d6023524cac9554649e8b9b6c03d887f613256e4,1f2680a5b9065e708a7497adc53a95b108029b98,3.13.14,2026-07-18T18:47:30.512213+00:00
P02b_resource_aware_planners,P02b_resource_aware_planners:small_mesh:8fc7952551c8cc54:L1:3:p02b-intent,small_mesh,8fc7952551c8cc54,3,p02b-intent,L1,conservative_one_round,10,10,0.65,0.05,1e-05,,0,False,no candidate route is feasible: a0->a1->a2->a3->b3 (min_fidelity 0.650 exceeds the achievable estimate 0.448 (target_fidelity exceeds the single-swap estimate and allow_purification is False)); a0->b0->b1->b2->b3 (min_fidelity 0.650 exceeds the achievable estimate 0.448 (target_fidelity exceeds the single-swap estimate and allow_purification is False)); a0->a1->b1->b2->b3 (min_fidelity 0.650 exceeds the achievable estimate 0.448 (target_fidelity exceeds the single-swap estimate and allow_purification is False)),,,,0,0.001294,REJECTED,,,,,,,d6023524cac9554649e8b9b6c03d887f613256e4,1f2680a5b9065e708a7497adc53a95b108029b98,3.13.14,2026-07-18T18:47:30.524684+00:00
P02b_resource_aware_planners,P02b_resource_aware_planners:small_mesh:8fc7952551c8cc54:L1:4:p02b-intent,small_mesh,8fc7952551c8cc54,4,p02b-intent,L1,conservative_one_round,10,10,0.65,0.05,1e-05,,0,False,no candidate route is feasible: a0->a1->a2->a3->b3 (min_fidelity 0.650 exceeds the achievable estimate 0.448 (target_fidelity exceeds the single-swap estimate and allow_purification is False)); a0->b0->b1->b2->b3 (min_fidelity 0.650 exceeds the achievable estimate 0.448 (target_fidelity exceeds the single-swap estimate and allow_purification is False)); a0->a1->b1->b2->b3 (min_fidelity 0.650 exceeds the achievable estimate 0.448 (target_fidelity exceeds the single-swap estimate and allow_purification is False)),,,,0,0.00085,REJECTED,,,,,,,d6023524cac9554649e8b9b6c03d887f613256e4,1f2680a5b9065e708a7497adc53a95b108029b98,3.13.14,2026-07-18T18:47:30.531927+00:00
P02b_resource_aware_planners,P02b_resource_aware_planners:small_mesh:8fc7952551c8cc54:L1:5:p02b-intent,small_mesh,8fc7952551c8cc54,5,p02b-intent,L1,conservative_one_round,10,10,0.65,0.05,1e-05,,0,False,no candidate route is feasible: a0->a1->a2->a3->b3 (min_fidelity 0.650 exceeds the achievable estimate 0.448 (target_fidelity exceeds the single-swap estimate and allow_purification is False)); a0->b0->b1->b2->b3 (min_fidelity 0.650 exceeds the achievable estimate 0.448 (target_fidelity exceeds the single-swap estimate and allow_purification is False)); a0->a1->b1->b2->b3 (min_fidelity 0.650 exceeds the achievable estimate 0.448 (target_fidelity exceeds the single-swap estimate and allow_purification is False)),,,,0,0.001277,REJECTED,,,,,,,d6023524cac9554649e8b9b6c03d887f613256e4,1f2680a5b9065e708a7497adc53a95b108029b98,3.13.14,2026-07-18T18:47:30.541782+00:00
P02b_resource_aware_planners,P02b_resource_aware_planners:small_mesh:8fc7952551c8cc54:L1:6:p02b-intent,small_mesh,8fc7952551c8cc54,6,p02b-intent,L1,conservative_one_round,10,10,0.65,0.05,1e-05,,0,False,no candidate route is feasible: a0->a1->a2->a3->b3 (min_fidelity 0.650 exceeds the achievable estimate 0.448 (target_fidelity exceeds the single-swap estimate and allow_purification is False)); a0->b0->b1->b2->b3 (min_fidelity 0.650 exceeds the achievable estimate 0.448 (target_fidelity exceeds the single-swap estimate and allow_purification is False)); a0->a1->b1->b2->b3 (min_fidelity 0.650 exceeds the achievable estimate 0.448 (target_fidelity exceeds the single-swap estimate and allow_purification is False)),,,,0,0.00123,REJECTED,,,,,,,d6023524cac9554649e8b9b6c03d887f613256e4,1f2680a5b9065e708a7497adc53a95b108029b98,3.13.14,2026-07-18T18:47:30.552137+00:00
P02b_resource_aware_planners,P02b_resource_aware_planners:small_mesh:8fc7952551c8cc54:L1:7:p02b-intent,small_mesh,8fc7952551c8cc54,7,p02b-intent,L1,conservative_one_round,10,10,0.65,0.05,1e-05,,0,False,no candidate route is feasible: a0->a1->a2->a3->b3 (min_fidelity 0.650 exceeds the achievable estimate 0.448 (target_fidelity exceeds the single-swap estimate and allow_purification is False)); a0->b0->b1->b2->b3 (min_fidelity 0.650 exceeds the achievable estimate 0.448 (target_fidelity exceeds the single-swap estimate and allow_purification is False)); a0->a1->b1->b2->b3 (min_fidelity 0.650 exceeds the achievable estimate 0.448 (target_fidelity exceeds the single-swap estimate and allow_purification is False)),,,,0,0.001466,REJECTED,,,,,,,d6023524cac9554649e8b9b6c03d887f613256e4,1f2680a5b9065e708a7497adc53a95b108029b98,3.13.14,2026-07-18T18:47:30.563429+00:00
P02b_resource_aware_planners,P02b_resource_aware_planners:small_mesh:8fc7952551c8cc54:L1:8:p02b-intent,small_mesh,8fc7952551c8cc54,8,p02b-intent,L1,conservative_one_round,10,10,0.65,0.05,1e-05,,0,False,no candidate route is feasible: a0->a1->a2->a3->b3 (min_fidelity 0.650 exceeds the achievable estimate 0.448 (target_fidelity exceeds the single-swap estimate and allow_purification is False)); a0->b0->b1->b2->b3 (min_fidelity 0.650 exceeds the achievable estimate 0.448 (target_fidelity exceeds the single-swap estimate and allow_purification is False)); a0->a1->b1->b2->b3 (min_fidelity 0.650 exceeds the achievable estimate 0.448 (target_fidelity exceeds the single-swap estimate and allow_purification is False)),,,,0,0.001107,REJECTED,,,,,,,d6023524cac9554649e8b9b6c03d887f613256e4,1f2680a5b9065e708a7497adc53a95b108029b98,3.13.14,2026-07-18T18:47:30.573477+00:00
P02b_resource_aware_planners,P02b_resource_aware_planners:small_mesh:8fc7952551c8cc54:L1:9:p02b-intent,small_mesh,8fc7952551c8cc54,9,p02b-intent,L1,conservative_one_round,10,10,0.65,0.05,1e-05,,0,False,no candidate route is feasible: a0->a1->a2->a3->b3 (min_fidelity 0.650 exceeds the achievable estimate 0.448 (target_fidelity exceeds the single-swap estimate and allow_purification is False)); a0->b0->b1->b2->b3 (min_fidelity 0.650 exceeds the achievable estimate 0.448 (target_fidelity exceeds the single-swap estimate and allow_purification is False)); a0->a1->b1->b2->b3 (min_fidelity 0.650 exceeds the achievable estimate 0.448 (target_fidelity exceeds the single-swap estimate and allow_purification is False)),,,,0,0.001008,REJECTED,,,,,,,d6023524cac9554649e8b9b6c03d887f613256e4,1f2680a5b9065e708a7497adc53a95b108029b98,3.13.14,2026-07-18T18:47:30.582306+00:00
P02b_resource_aware_planners,P02b_resource_aware_planners:small_mesh:8fc7952551c8cc54:L2:0:p02b-intent,small_mesh,8fc7952551c8cc54,0,p02b-intent,L2,iterative_analytical,10,10,0.65,0.05,1e-05,,0,False,no candidate route is feasible: a0->a1->a2->a3->b3 (min_fidelity 0.650 exceeds the achievable estimate 0.448 (target_fidelity exceeds the single-swap estimate and allow_purification is False)); a0->b0->b1->b2->b3 (min_fidelity 0.650 exceeds the achievable estimate 0.448 (target_fidelity exceeds the single-swap estimate and allow_purification is False)); a0->a1->b1->b2->b3 (min_fidelity 0.650 exceeds the achievable estimate 0.448 (target_fidelity exceeds the single-swap estimate and allow_purification is False)),,,,0,0.000838,REJECTED,,,,,,,d6023524cac9554649e8b9b6c03d887f613256e4,1f2680a5b9065e708a7497adc53a95b108029b98,3.13.14,2026-07-18T18:47:30.590752+00:00
P02b_resource_aware_planners,P02b_resource_aware_planners:small_mesh:8fc7952551c8cc54:L2:1:p02b-intent,small_mesh,8fc7952551c8cc54,1,p02b-intent,L2,iterative_analytical,10,10,0.65,0.05,1e-05,,0,False,no candidate route is feasible: a0->a1->a2->a3->b3 (min_fidelity 0.650 exceeds the achievable estimate 0.448 (target_fidelity exceeds the single-swap estimate and allow_purification is False)); a0->b0->b1->b2->b3 (min_fidelity 0.650 exceeds the achievable estimate 0.448 (target_fidelity exceeds the single-swap estimate and allow_purification is False)); a0->a1->b1->b2->b3 (min_fidelity 0.650 exceeds the achievable estimate 0.448 (target_fidelity exceeds the single-swap estimate and allow_purification is False)),,,,0,0.000835,REJECTED,,,,,,,d6023524cac9554649e8b9b6c03d887f613256e4,1f2680a5b9065e708a7497adc53a95b108029b98,3.13.14,2026-07-18T18:47:30.597165+00:00
P02b_resource_aware_planners,P02b_resource_aware_planners:small_mesh:8fc7952551c8cc54:L2:2:p02b-intent,small_mesh,8fc7952551c8cc54,2,p02b-intent,L2,iterative_analytical,10,10,0.65,0.05,1e-05,,0,False,no candidate route is feasible: a0->a1->a2->a3->b3 (min_fidelity 0.650 exceeds the achievable estimate 0.448 (target_fidelity exceeds the single-swap estimate and allow_purification is False)); a0->b0->b1->b2->b3 (min_fidelity 0.650 exceeds the achievable estimate 0.448 (target_fidelity exceeds the single-swap estimate and allow_purification is False)); a0->a1->b1->b2->b3 (min_fidelity 0.650 exceeds the achievable estimate 0.448 (target_fidelity exceeds the single-swap estimate and allow_purification is False)),,,,0,0.000715,REJECTED,,,,,,,d6023524cac9554649e8b9b6c03d887f613256e4,1f2680a5b9065e708a7497adc53a95b108029b98,3.13.14,2026-07-18T18:47:30.604346+00:00
P02b_resource_aware_planners,P02b_resource_aware_planners:small_mesh:8fc7952551c8cc54:L2:3:p02b-intent,small_mesh,8fc7952551c8cc54,3,p02b-intent,L2,iterative_analytical,10,10,0.65,0.05,1e-05,,0,False,no candidate route is feasible: a0->a1->a2->a3->b3 (min_fidelity 0.650 exceeds the achievable estimate 0.448 (target_fidelity exceeds the single-swap estimate and allow_purification is False)); a0->b0->b1->b2->b3 (min_fidelity 0.650 exceeds the achievable estimate 0.448 (target_fidelity exceeds the single-swap estimate and allow_purification is False)); a0->a1->b1->b2->b3 (min_fidelity 0.650 exceeds the achievable estimate 0.448 (target_fidelity exceeds the single-swap estimate and allow_purification is False)),,,,0,0.000946,REJECTED,,,,,,,d6023524cac9554649e8b9b6c03d887f613256e4,1f2680a5b9065e708a7497adc53a95b108029b98,3.13.14,2026-07-18T18:47:30.611615+00:00
P02b_resource_aware_planners,P02b_resource_aware_planners:small_mesh:8fc7952551c8cc54:L2:4:p02b-intent,small_mesh,8fc7952551c8cc54,4,p02b-intent,L2,iterative_analytical,10,10,0.65,0.05,1e-05,,0,False,no candidate route is feasible: a0->a1->a2->a3->b3 (min_fidelity 0.650 exceeds the achievable estimate 0.448 (target_fidelity exceeds the single-swap estimate and allow_purification is False)); a0->b0->b1->b2->b3 (min_fidelity 0.650 exceeds the achievable estimate 0.448 (target_fidelity exceeds the single-swap estimate and allow_purification is False)); a0->a1->b1->b2->b3 (min_fidelity 0.650 exceeds the achievable estimate 0.448 (target_fidelity exceeds the single-swap estimate and allow_purification is False)),,,,0,0.000668,REJECTED,,,,,,,d6023524cac9554649e8b9b6c03d887f613256e4,1f2680a5b9065e708a7497adc53a95b108029b98,3.13.14,2026-07-18T18:47:30.618291+00:00
P02b_resource_aware_planners,P02b_resource_aware_planners:small_mesh:8fc7952551c8cc54:L2:5:p02b-intent,small_mesh,8fc7952551c8cc54,5,p02b-intent,L2,iterative_analytical,10,10,0.65,0.05,1e-05,,0,False,no candidate route is feasible: a0->a1->a2->a3->b3 (min_fidelity 0.650 exceeds the achievable estimate 0.448 (target_fidelity exceeds the single-swap estimate and allow_purification is False)); a0->b0->b1->b2->b3 (min_fidelity 0.650 exceeds the achievable estimate 0.448 (target_fidelity exceeds the single-swap estimate and allow_purification is False)); a0->a1->b1->b2->b3 (min_fidelity 0.650 exceeds the achievable estimate 0.448 (target_fidelity exceeds the single-swap estimate and allow_purification is False)),,,,0,0.000745,REJECTED,,,,,,,d6023524cac9554649e8b9b6c03d887f613256e4,1f2680a5b9065e708a7497adc53a95b108029b98,3.13.14,2026-07-18T18:47:30.627900+00:00
P02b_resource_aware_planners,P02b_resource_aware_planners:small_mesh:8fc7952551c8cc54:L2:6:p02b-intent,small_mesh,8fc7952551c8cc54,6,p02b-intent,L2,iterative_analytical,10,10,0.65,0.05,1e-05,,0,False,no candidate route is feasible: a0->a1->a2->a3->b3 (min_fidelity 0.650 exceeds the achievable estimate 0.448 (target_fidelity exceeds the single-swap estimate and allow_purification is False)); a0->b0->b1->b2->b3 (min_fidelity 0.650 exceeds the achievable estimate 0.448 (target_fidelity exceeds the single-swap estimate and allow_purification is False)); a0->a1->b1->b2->b3 (min_fidelity 0.650 exceeds the achievable estimate 0.448 (target_fidelity exceeds the single-swap estimate and allow_purification is False)),,,,0,0.000823,REJECTED,,,,,,,d6023524cac9554649e8b9b6c03d887f613256e4,1f2680a5b9065e708a7497adc53a95b108029b98,3.13.14,2026-07-18T18:47:30.634564+00:00
P02b_resource_aware_planners,P02b_resource_aware_planners:small_mesh:8fc7952551c8cc54:L2:7:p02b-intent,small_mesh,8fc7952551c8cc54,7,p02b-intent,L2,iterative_analytical,10,10,0.65,0.05,1e-05,,0,False,no candidate route is feasible: a0->a1->a2->a3->b3 (min_fidelity 0.650 exceeds the achievable estimate 0.448 (target_fidelity exceeds the single-swap estimate and allow_purification is False)); a0->b0->b1->b2->b3 (min_fidelity 0.650 exceeds the achievable estimate 0.448 (target_fidelity exceeds the single-swap estimate and allow_purification is False)); a0->a1->b1->b2->b3 (min_fidelity 0.650 exceeds the achievable estimate 0.448 (target_fidelity exceeds the single-swap estimate and allow_purification is False)),,,,0,0.000829,REJECTED,,,,,,,d6023524cac9554649e8b9b6c03d887f613256e4,1f2680a5b9065e708a7497adc53a95b108029b98,3.13.14,2026-07-18T18:47:30.641307+00:00
P02b_resource_aware_planners,P02b_resource_aware_planners:small_mesh:8fc7952551c8cc54:L2:8:p02b-intent,small_mesh,8fc7952551c8cc54,8,p02b-intent,L2,iterative_analytical,10,10,0.65,0.05,1e-05,,0,False,no candidate route is feasible: a0->a1->a2->a3->b3 (min_fidelity 0.650 exceeds the achievable estimate 0.448 (target_fidelity exceeds the single-swap estimate and allow_purification is False)); a0->b0->b1->b2->b3 (min_fidelity 0.650 exceeds the achievable estimate 0.448 (target_fidelity exceeds the single-swap estimate and allow_purification is False)); a0->a1->b1->b2->b3 (min_fidelity 0.650 exceeds the achievable estimate 0.448 (target_fidelity exceeds the single-swap estimate and allow_purification is False)),,,,0,0.00116,REJECTED,,,,,,,d6023524cac9554649e8b9b6c03d887f613256e4,1f2680a5b9065e708a7497adc53a95b108029b98,3.13.14,2026-07-18T18:47:30.648710+00:00
P02b_resource_aware_planners,P02b_resource_aware_planners:small_mesh:8fc7952551c8cc54:L2:9:p02b-intent,small_mesh,8fc7952551c8cc54,9,p02b-intent,L2,iterative_analytical,10,10,0.65,0.05,1e-05,,0,False,no candidate route is feasible: a0->a1->a2->a3->b3 (min_fidelity 0.650 exceeds the achievable estimate 0.448 (target_fidelity exceeds the single-swap estimate and allow_purification is False)); a0->b0->b1->b2->b3 (min_fidelity 0.650 exceeds the achievable estimate 0.448 (target_fidelity exceeds the single-swap estimate and allow_purification is False)); a0->a1->b1->b2->b3 (min_fidelity 0.650 exceeds the achievable estimate 0.448 (target_fidelity exceeds the single-swap estimate and allow_purification is False)),,,,0,0.001359,REJECTED,,,,,,,d6023524cac9554649e8b9b6c03d887f613256e4,1f2680a5b9065e708a7497adc53a95b108029b98,3.13.14,2026-07-18T18:47:30.657842+00:00
P02b_resource_aware_planners,P02b_resource_aware_planners:small_mesh:8fc7952551c8cc54:L2-R:0:p02b-intent,small_mesh,8fc7952551c8cc54,0,p02b-intent,L2-R,iterative_resource_aware,10,10,0.65,0.05,1e-05,,0,False,TARGET_FIDELITY_UNREACHABLE,,,,0,0.000637,REJECTED,,,,,,,d6023524cac9554649e8b9b6c03d887f613256e4,1f2680a5b9065e708a7497adc53a95b108029b98,3.13.14,2026-07-18T18:47:30.668265+00:00
P02b_resource_aware_planners,P02b_resource_aware_planners:small_mesh:8fc7952551c8cc54:L2-R:1:p02b-intent,small_mesh,8fc7952551c8cc54,1,p02b-intent,L2-R,iterative_resource_aware,10,10,0.65,0.05,1e-05,,0,False,TARGET_FIDELITY_UNREACHABLE,,,,0,0.000888,REJECTED,,,,,,,d6023524cac9554649e8b9b6c03d887f613256e4,1f2680a5b9065e708a7497adc53a95b108029b98,3.13.14,2026-07-18T18:47:30.680905+00:00
P02b_resource_aware_planners,P02b_resource_aware_planners:small_mesh:8fc7952551c8cc54:L2-R:2:p02b-intent,small_mesh,8fc7952551c8cc54,2,p02b-intent,L2-R,iterative_resource_aware,10,10,0.65,0.05,1e-05,,0,False,TARGET_FIDELITY_UNREACHABLE,,,,0,0.000449,REJECTED,,,,,,,d6023524cac9554649e8b9b6c03d887f613256e4,1f2680a5b9065e708a7497adc53a95b108029b98,3.13.14,2026-07-18T18:47:30.693235+00:00
P02b_resource_aware_planners,P02b_resource_aware_planners:small_mesh:8fc7952551c8cc54:L2-R:3:p02b-intent,small_mesh,8fc7952551c8cc54,3,p02b-intent,L2-R,iterative_resource_aware,10,10,0.65,0.05,1e-05,,0,False,TARGET_FIDELITY_UNREACHABLE,,,,0,0.001169,REJECTED,,,,,,,d6023524cac9554649e8b9b6c03d887f613256e4,1f2680a5b9065e708a7497adc53a95b108029b98,3.13.14,2026-07-18T18:47:30.704209+00:00
P02b_resource_aware_planners,P02b_resource_aware_planners:small_mesh:8fc7952551c8cc54:L2-R:4:p02b-intent,small_mesh,8fc7952551c8cc54,4,p02b-intent,L2-R,iterative_resource_aware,10,10,0.65,0.05,1e-05,,0,False,TARGET_FIDELITY_UNREACHABLE,,,,0,0.00031,REJECTED,,,,,,,d6023524cac9554649e8b9b6c03d887f613256e4,1f2680a5b9065e708a7497adc53a95b108029b98,3.13.14,2026-07-18T18:47:30.712536+00:00
P02b_resource_aware_planners,P02b_resource_aware_planners:small_mesh:8fc7952551c8cc54:L2-R:5:p02b-intent,small_mesh,8fc7952551c8cc54,5,p02b-intent,L2-R,iterative_resource_aware,10,10,0.65,0.05,1e-05,,0,False,TARGET_FIDELITY_UNREACHABLE,,,,0,0.000526,REJECTED,,,,,,,d6023524cac9554649e8b9b6c03d887f613256e4,1f2680a5b9065e708a7497adc53a95b108029b98,3.13.14,2026-07-18T18:47:30.719235+00:00
P02b_resource_aware_planners,P02b_resource_aware_planners:small_mesh:8fc7952551c8cc54:L2-R:6:p02b-intent,small_mesh,8fc7952551c8cc54,6,p02b-intent,L2-R,iterative_resource_aware,10,10,0.65,0.05,1e-05,,0,False,TARGET_FIDELITY_UNREACHABLE,,,,0,0.000562,REJECTED,,,,,,,d6023524cac9554649e8b9b6c03d887f613256e4,1f2680a5b9065e708a7497adc53a95b108029b98,3.13.14,2026-07-18T18:47:30.728076+00:00
P02b_resource_aware_planners,P02b_resource_aware_planners:small_mesh:8fc7952551c8cc54:L2-R:7:p02b-intent,small_mesh,8fc7952551c8cc54,7,p02b-intent,L2-R,iterative_resource_aware,10,10,0.65,0.05,1e-05,,0,False,TARGET_FIDELITY_UNREACHABLE,,,,0,0.000339,REJECTED,,,,,,,d6023524cac9554649e8b9b6c03d887f613256e4,1f2680a5b9065e708a7497adc53a95b108029b98,3.13.14,2026-07-18T18:47:30.735600+00:00
P02b_resource_aware_planners,P02b_resource_aware_planners:small_mesh:8fc7952551c8cc54:L2-R:8:p02b-intent,small_mesh,8fc7952551c8cc54,8,p02b-intent,L2-R,iterative_resource_aware,10,10,0.65,0.05,1e-05,,0,False,TARGET_FIDELITY_UNREACHABLE,,,,0,0.000517,REJECTED,,,,,,,d6023524cac9554649e8b9b6c03d887f613256e4,1f2680a5b9065e708a7497adc53a95b108029b98,3.13.14,2026-07-18T18:47:30.744290+00:00
P02b_resource_aware_planners,P02b_resource_aware_planners:small_mesh:8fc7952551c8cc54:L2-R:9:p02b-intent,small_mesh,8fc7952551c8cc54,9,p02b-intent,L2-R,iterative_resource_aware,10,10,0.65,0.05,1e-05,,0,False,TARGET_FIDELITY_UNREACHABLE,,,,0,0.000494,REJECTED,,,,,,,d6023524cac9554649e8b9b6c03d887f613256e4,1f2680a5b9065e708a7497adc53a95b108029b98,3.13.14,2026-07-18T18:47:30.752036+00:00
P02b_resource_aware_planners,P02b_resource_aware_planners:small_mesh:8fc7952551c8cc54:L3:0:p02b-intent,small_mesh,8fc7952551c8cc54,0,p02b-intent,L3,probabilistic,10,10,0.65,0.05,1e-05,a0 -> a1 -> a2 -> a3 -> b3,4,True,AssertionError: Fidelity of kept memory is too low: 0.4475551085937498.,0.0,155.5320964611761,0.44755510859374986,0,0.003214,SIMULATION_ERROR,,,,,,0.281668,d6023524cac9554649e8b9b6c03d887f613256e4,1f2680a5b9065e708a7497adc53a95b108029b98,3.13.14,2026-07-18T18:47:31.063954+00:00
P02b_resource_aware_planners,P02b_resource_aware_planners:small_mesh:8fc7952551c8cc54:L3:1:p02b-intent,small_mesh,8fc7952551c8cc54,1,p02b-intent,L3,probabilistic,10,10,0.65,0.05,1e-05,a0 -> a1 -> a2 -> a3 -> b3,4,True,AssertionError: Fidelity of kept memory is too low: 0.4475551085937498.,0.0,155.5320964611761,0.44755510859374986,0,0.003928,SIMULATION_ERROR,,,,,,0.349485,d6023524cac9554649e8b9b6c03d887f613256e4,1f2680a5b9065e708a7497adc53a95b108029b98,3.13.14,2026-07-18T18:47:31.449638+00:00
P02b_resource_aware_planners,P02b_resource_aware_planners:small_mesh:8fc7952551c8cc54:L3:2:p02b-intent,small_mesh,8fc7952551c8cc54,2,p02b-intent,L3,probabilistic,10,10,0.65,0.05,1e-05,a0 -> a1 -> a2 -> a3 -> b3,4,True,AssertionError: Fidelity of kept memory is too low: 0.4475551085937498.,0.0,155.5320964611761,0.44755510859374986,0,0.003208,SIMULATION_ERROR,,,,,,0.263861,d6023524cac9554649e8b9b6c03d887f613256e4,1f2680a5b9065e708a7497adc53a95b108029b98,3.13.14,2026-07-18T18:47:31.745507+00:00
P02b_resource_aware_planners,P02b_resource_aware_planners:small_mesh:8fc7952551c8cc54:L3:3:p02b-intent,small_mesh,8fc7952551c8cc54,3,p02b-intent,L3,probabilistic,10,10,0.65,0.05,1e-05,a0 -> a1 -> a2 -> a3 -> b3,4,True,AssertionError: Fidelity of kept memory is too low: 0.4475551085937498.,0.0,155.5320964611761,0.44755510859374986,0,0.002688,SIMULATION_ERROR,,,,,,0.33763,d6023524cac9554649e8b9b6c03d887f613256e4,1f2680a5b9065e708a7497adc53a95b108029b98,3.13.14,2026-07-18T18:47:32.113343+00:00
P02b_resource_aware_planners,P02b_resource_aware_planners:small_mesh:8fc7952551c8cc54:L3:4:p02b-intent,small_mesh,8fc7952551c8cc54,4,p02b-intent,L3,probabilistic,10,10,0.65,0.05,1e-05,a0 -> a1 -> a2 -> a3 -> b3,4,True,AssertionError: Fidelity of kept memory is too low: 0.4475551085937498.,0.0,155.5320964611761,0.44755510859374986,0,0.002316,SIMULATION_ERROR,,,,,,0.357297,d6023524cac9554649e8b9b6c03d887f613256e4,1f2680a5b9065e708a7497adc53a95b108029b98,3.13.14,2026-07-18T18:47:32.494698+00:00
P02b_resource_aware_planners,P02b_resource_aware_planners:small_mesh:8fc7952551c8cc54:L3:5:p02b-intent,small_mesh,8fc7952551c8cc54,5,p02b-intent,L3,probabilistic,10,10,0.65,0.05,1e-05,a0 -> a1 -> a2 -> a3 -> b3,4,True,AssertionError: Fidelity of kept memory is too low: 0.4475551085937498.,0.0,155.5320964611761,0.44755510859374986,0,0.002127,SIMULATION_ERROR,,,,,,0.359332,d6023524cac9554649e8b9b6c03d887f613256e4,1f2680a5b9065e708a7497adc53a95b108029b98,3.13.14,2026-07-18T18:47:32.875903+00:00
P02b_resource_aware_planners,P02b_resource_aware_planners:small_mesh:8fc7952551c8cc54:L3:6:p02b-intent,small_mesh,8fc7952551c8cc54,6,p02b-intent,L3,probabilistic,10,10,0.65,0.05,1e-05,a0 -> a1 -> a2 -> a3 -> b3,4,True,AssertionError: Fidelity of kept memory is too low: 0.4475551085937498.,0.0,155.5320964611761,0.44755510859374986,0,0.001933,SIMULATION_ERROR,,,,,,0.383615,d6023524cac9554649e8b9b6c03d887f613256e4,1f2680a5b9065e708a7497adc53a95b108029b98,3.13.14,2026-07-18T18:47:33.288865+00:00
P02b_resource_aware_planners,P02b_resource_aware_planners:small_mesh:8fc7952551c8cc54:L3:7:p02b-intent,small_mesh,8fc7952551c8cc54,7,p02b-intent,L3,probabilistic,10,10,0.65,0.05,1e-05,a0 -> a1 -> a2 -> a3 -> b3,4,True,AssertionError: Fidelity of kept memory is too low: 0.4475551085937498.,0.0,155.5320964611761,0.44755510859374986,0,0.002728,SIMULATION_ERROR,,,,,,0.335967,d6023524cac9554649e8b9b6c03d887f613256e4,1f2680a5b9065e708a7497adc53a95b108029b98,3.13.14,2026-07-18T18:47:33.667013+00:00
P02b_resource_aware_planners,P02b_resource_aware_planners:small_mesh:8fc7952551c8cc54:L3:8:p02b-intent,small_mesh,8fc7952551c8cc54,8,p02b-intent,L3,probabilistic,10,10,0.65,0.05,1e-05,a0 -> a1 -> a2 -> a3 -> b3,4,True,AssertionError: Fidelity of kept memory is too low: 0.4475551085937498.,0.0,155.5320964611761,0.44755510859374986,0,0.002364,SIMULATION_ERROR,,,,,,0.31055,d6023524cac9554649e8b9b6c03d887f613256e4,1f2680a5b9065e708a7497adc53a95b108029b98,3.13.14,2026-07-18T18:47:34.000258+00:00
P02b_resource_aware_planners,P02b_resource_aware_planners:small_mesh:8fc7952551c8cc54:L3:9:p02b-intent,small_mesh,8fc7952551c8cc54,9,p02b-intent,L3,probabilistic,10,10,0.65,0.05,1e-05,a0 -> a1 -> a2 -> a3 -> b3,4,True,AssertionError: Fidelity of kept memory is too low: 0.4475551085937498.,0.0,155.5320964611761,0.44755510859374986,0,0.002154,SIMULATION_ERROR,,,,,,0.225865,d6023524cac9554649e8b9b6c03d887f613256e4,1f2680a5b9065e708a7497adc53a95b108029b98,3.13.14,2026-07-18T18:47:34.248859+00:00
P02b_resource_aware_planners,P02b_resource_aware_planners:small_mesh:8fc7952551c8cc54:L3-R:0:p02b-intent,small_mesh,8fc7952551c8cc54,0,p02b-intent,L3-R,probabilistic_resource_aware,10,10,0.65,0.05,1e-05,a0 -> a1 -> a2 -> a3 -> b3,4,True,AssertionError: Fidelity of kept memory is too low: 0.4475551085937498.,0.0,20.73761286149015,0.44755510859374986,0,0.003048,SIMULATION_ERROR,,,,,,0.208323,d6023524cac9554649e8b9b6c03d887f613256e4,1f2680a5b9065e708a7497adc53a95b108029b98,3.13.14,2026-07-18T18:47:34.485649+00:00
P02b_resource_aware_planners,P02b_resource_aware_planners:small_mesh:8fc7952551c8cc54:L3-R:1:p02b-intent,small_mesh,8fc7952551c8cc54,1,p02b-intent,L3-R,probabilistic_resource_aware,10,10,0.65,0.05,1e-05,a0 -> a1 -> a2 -> a3 -> b3,4,True,AssertionError: Fidelity of kept memory is too low: 0.4475551085937498.,0.0,20.73761286149015,0.44755510859374986,0,0.003314,SIMULATION_ERROR,,,,,,0.336622,d6023524cac9554649e8b9b6c03d887f613256e4,1f2680a5b9065e708a7497adc53a95b108029b98,3.13.14,2026-07-18T18:47:34.851239+00:00
P02b_resource_aware_planners,P02b_resource_aware_planners:small_mesh:8fc7952551c8cc54:L3-R:2:p02b-intent,small_mesh,8fc7952551c8cc54,2,p02b-intent,L3-R,probabilistic_resource_aware,10,10,0.65,0.05,1e-05,a0 -> a1 -> a2 -> a3 -> b3,4,True,AssertionError: Fidelity of kept memory is too low: 0.4475551085937498.,0.0,20.73761286149015,0.44755510859374986,0,0.002467,SIMULATION_ERROR,,,,,,0.242739,d6023524cac9554649e8b9b6c03d887f613256e4,1f2680a5b9065e708a7497adc53a95b108029b98,3.13.14,2026-07-18T18:47:35.127009+00:00
P02b_resource_aware_planners,P02b_resource_aware_planners:small_mesh:8fc7952551c8cc54:L3-R:3:p02b-intent,small_mesh,8fc7952551c8cc54,3,p02b-intent,L3-R,probabilistic_resource_aware,10,10,0.65,0.05,1e-05,a0 -> a1 -> a2 -> a3 -> b3,4,True,AssertionError: Fidelity of kept memory is too low: 0.4475551085937498.,0.0,20.73761286149015,0.44755510859374986,0,0.003374,SIMULATION_ERROR,,,,,,0.648662,d6023524cac9554649e8b9b6c03d887f613256e4,1f2680a5b9065e708a7497adc53a95b108029b98,3.13.14,2026-07-18T18:47:35.806915+00:00
P02b_resource_aware_planners,P02b_resource_aware_planners:small_mesh:8fc7952551c8cc54:L3-R:4:p02b-intent,small_mesh,8fc7952551c8cc54,4,p02b-intent,L3-R,probabilistic_resource_aware,10,10,0.65,0.05,1e-05,a0 -> a1 -> a2 -> a3 -> b3,4,True,AssertionError: Fidelity of kept memory is too low: 0.4475551085937498.,0.0,20.73761286149015,0.44755510859374986,0,0.00196,SIMULATION_ERROR,,,,,,0.352328,d6023524cac9554649e8b9b6c03d887f613256e4,1f2680a5b9065e708a7497adc53a95b108029b98,3.13.14,2026-07-18T18:47:36.191466+00:00
P02b_resource_aware_planners,P02b_resource_aware_planners:small_mesh:8fc7952551c8cc54:L3-R:5:p02b-intent,small_mesh,8fc7952551c8cc54,5,p02b-intent,L3-R,probabilistic_resource_aware,10,10,0.65,0.05,1e-05,a0 -> a1 -> a2 -> a3 -> b3,4,True,AssertionError: Fidelity of kept memory is too low: 0.4475551085937498.,0.0,20.73761286149015,0.44755510859374986,0,0.003262,SIMULATION_ERROR,,,,,,0.405621,d6023524cac9554649e8b9b6c03d887f613256e4,1f2680a5b9065e708a7497adc53a95b108029b98,3.13.14,2026-07-18T18:47:36.624370+00:00
P02b_resource_aware_planners,P02b_resource_aware_planners:small_mesh:8fc7952551c8cc54:L3-R:6:p02b-intent,small_mesh,8fc7952551c8cc54,6,p02b-intent,L3-R,probabilistic_resource_aware,10,10,0.65,0.05,1e-05,a0 -> a1 -> a2 -> a3 -> b3,4,True,AssertionError: Fidelity of kept memory is too low: 0.4475551085937498.,0.0,20.73761286149015,0.44755510859374986,0,0.002725,SIMULATION_ERROR,,,,,,0.319487,d6023524cac9554649e8b9b6c03d887f613256e4,1f2680a5b9065e708a7497adc53a95b108029b98,3.13.14,2026-07-18T18:47:36.967366+00:00
P02b_resource_aware_planners,P02b_resource_aware_planners:small_mesh:8fc7952551c8cc54:L3-R:7:p02b-intent,small_mesh,8fc7952551c8cc54,7,p02b-intent,L3-R,probabilistic_resource_aware,10,10,0.65,0.05,1e-05,a0 -> a1 -> a2 -> a3 -> b3,4,True,AssertionError: Fidelity of kept memory is too low: 0.4475551085937498.,0.0,20.73761286149015,0.44755510859374986,0,0.005299,SIMULATION_ERROR,,,,,,0.385418,d6023524cac9554649e8b9b6c03d887f613256e4,1f2680a5b9065e708a7497adc53a95b108029b98,3.13.14,2026-07-18T18:47:37.396869+00:00
P02b_resource_aware_planners,P02b_resource_aware_planners:small_mesh:8fc7952551c8cc54:L3-R:8:p02b-intent,small_mesh,8fc7952551c8cc54,8,p02b-intent,L3-R,probabilistic_resource_aware,10,10,0.65,0.05,1e-05,a0 -> a1 -> a2 -> a3 -> b3,4,True,AssertionError: Fidelity of kept memory is too low: 0.4475551085937498.,0.0,20.73761286149015,0.44755510859374986,0,0.003182,SIMULATION_ERROR,,,,,,0.38787,d6023524cac9554649e8b9b6c03d887f613256e4,1f2680a5b9065e708a7497adc53a95b108029b98,3.13.14,2026-07-18T18:47:37.816761+00:00
P02b_resource_aware_planners,P02b_resource_aware_planners:small_mesh:8fc7952551c8cc54:L3-R:9:p02b-intent,small_mesh,8fc7952551c8cc54,9,p02b-intent,L3-R,probabilistic_resource_aware,10,10,0.65,0.05,1e-05,a0 -> a1 -> a2 -> a3 -> b3,4,True,AssertionError: Fidelity of kept memory is too low: 0.4475551085937498.,0.0,20.73761286149015,0.44755510859374986,0,0.004091,SIMULATION_ERROR,,,,,,0.308263,d6023524cac9554649e8b9b6c03d887f613256e4,1f2680a5b9065e708a7497adc53a95b108029b98,3.13.14,2026-07-18T18:47:38.159288+00:00
P02b_resource_aware_planners,P02b_resource_aware_planners:small_mesh:4068a95d9c69b1d7:L1:0:p02b-intent,small_mesh,4068a95d9c69b1d7,0,p02b-intent,L1,conservative_one_round,4,10,0.7,0.01,1e-05,,0,False,no candidate route is feasible: a0->a1->a2->a3->b3 (min_fidelity 0.700 exceeds the achievable estimate 0.438 (one-round static estimate (BBPSSWCircuit.improved_fidelity); SeQUeNCe's 'until_target' mode may run a different number of rounds at execution time)); a0->b0->b1->b2->b3 (min_fidelity 0.700 exceeds the achievable estimate 0.438 (one-round static estimate (BBPSSWCircuit.improved_fidelity); SeQUeNCe's 'until_target' mode may run a different number of rounds at execution time)); a0->a1->b1->b2->b3 (min_fidelity 0.700 exceeds the achievable estimate 0.438 (one-round static estimate (BBPSSWCircuit.improved_fidelity); SeQUeNCe's 'until_target' mode may run a different number of rounds at execution time)),,,,0,0.000681,REJECTED,,,,,,,d6023524cac9554649e8b9b6c03d887f613256e4,1f2680a5b9065e708a7497adc53a95b108029b98,3.13.14,2026-07-18T18:47:38.169858+00:00
P02b_resource_aware_planners,P02b_resource_aware_planners:small_mesh:4068a95d9c69b1d7:L1:1:p02b-intent,small_mesh,4068a95d9c69b1d7,1,p02b-intent,L1,conservative_one_round,4,10,0.7,0.01,1e-05,,0,False,no candidate route is feasible: a0->a1->a2->a3->b3 (min_fidelity 0.700 exceeds the achievable estimate 0.438 (one-round static estimate (BBPSSWCircuit.improved_fidelity); SeQUeNCe's 'until_target' mode may run a different number of rounds at execution time)); a0->b0->b1->b2->b3 (min_fidelity 0.700 exceeds the achievable estimate 0.438 (one-round static estimate (BBPSSWCircuit.improved_fidelity); SeQUeNCe's 'until_target' mode may run a different number of rounds at execution time)); a0->a1->b1->b2->b3 (min_fidelity 0.700 exceeds the achievable estimate 0.438 (one-round static estimate (BBPSSWCircuit.improved_fidelity); SeQUeNCe's 'until_target' mode may run a different number of rounds at execution time)),,,,0,0.001073,REJECTED,,,,,,,d6023524cac9554649e8b9b6c03d887f613256e4,1f2680a5b9065e708a7497adc53a95b108029b98,3.13.14,2026-07-18T18:47:38.177695+00:00
P02b_resource_aware_planners,P02b_resource_aware_planners:small_mesh:4068a95d9c69b1d7:L1:2:p02b-intent,small_mesh,4068a95d9c69b1d7,2,p02b-intent,L1,conservative_one_round,4,10,0.7,0.01,1e-05,,0,False,no candidate route is feasible: a0->a1->a2->a3->b3 (min_fidelity 0.700 exceeds the achievable estimate 0.438 (one-round static estimate (BBPSSWCircuit.improved_fidelity); SeQUeNCe's 'until_target' mode may run a different number of rounds at execution time)); a0->b0->b1->b2->b3 (min_fidelity 0.700 exceeds the achievable estimate 0.438 (one-round static estimate (BBPSSWCircuit.improved_fidelity); SeQUeNCe's 'until_target' mode may run a different number of rounds at execution time)); a0->a1->b1->b2->b3 (min_fidelity 0.700 exceeds the achievable estimate 0.438 (one-round static estimate (BBPSSWCircuit.improved_fidelity); SeQUeNCe's 'until_target' mode may run a different number of rounds at execution time)),,,,0,0.000789,REJECTED,,,,,,,d6023524cac9554649e8b9b6c03d887f613256e4,1f2680a5b9065e708a7497adc53a95b108029b98,3.13.14,2026-07-18T18:47:38.186547+00:00
P02b_resource_aware_planners,P02b_resource_aware_planners:small_mesh:4068a95d9c69b1d7:L1:3:p02b-intent,small_mesh,4068a95d9c69b1d7,3,p02b-intent,L1,conservative_one_round,4,10,0.7,0.01,1e-05,,0,False,no candidate route is feasible: a0->a1->a2->a3->b3 (min_fidelity 0.700 exceeds the achievable estimate 0.438 (one-round static estimate (BBPSSWCircuit.improved_fidelity); SeQUeNCe's 'until_target' mode may run a different number of rounds at execution time)); a0->b0->b1->b2->b3 (min_fidelity 0.700 exceeds the achievable estimate 0.438 (one-round static estimate (BBPSSWCircuit.improved_fidelity); SeQUeNCe's 'until_target' mode may run a different number of rounds at execution time)); a0->a1->b1->b2->b3 (min_fidelity 0.700 exceeds the achievable estimate 0.438 (one-round static estimate (BBPSSWCircuit.improved_fidelity); SeQUeNCe's 'until_target' mode may run a different number of rounds at execution time)),,,,0,0.000941,REJECTED,,,,,,,d6023524cac9554649e8b9b6c03d887f613256e4,1f2680a5b9065e708a7497adc53a95b108029b98,3.13.14,2026-07-18T18:47:38.195121+00:00
P02b_resource_aware_planners,P02b_resource_aware_planners:small_mesh:4068a95d9c69b1d7:L1:4:p02b-intent,small_mesh,4068a95d9c69b1d7,4,p02b-intent,L1,conservative_one_round,4,10,0.7,0.01,1e-05,,0,False,no candidate route is feasible: a0->a1->a2->a3->b3 (min_fidelity 0.700 exceeds the achievable estimate 0.438 (one-round static estimate (BBPSSWCircuit.improved_fidelity); SeQUeNCe's 'until_target' mode may run a different number of rounds at execution time)); a0->b0->b1->b2->b3 (min_fidelity 0.700 exceeds the achievable estimate 0.438 (one-round static estimate (BBPSSWCircuit.improved_fidelity); SeQUeNCe's 'until_target' mode may run a different number of rounds at execution time)); a0->a1->b1->b2->b3 (min_fidelity 0.700 exceeds the achievable estimate 0.438 (one-round static estimate (BBPSSWCircuit.improved_fidelity); SeQUeNCe's 'until_target' mode may run a different number of rounds at execution time)),,,,0,0.001112,REJECTED,,,,,,,d6023524cac9554649e8b9b6c03d887f613256e4,1f2680a5b9065e708a7497adc53a95b108029b98,3.13.14,2026-07-18T18:47:38.204814+00:00
P02b_resource_aware_planners,P02b_resource_aware_planners:small_mesh:4068a95d9c69b1d7:L1:5:p02b-intent,small_mesh,4068a95d9c69b1d7,5,p02b-intent,L1,conservative_one_round,4,10,0.7,0.01,1e-05,,0,False,no candidate route is feasible: a0->a1->a2->a3->b3 (min_fidelity 0.700 exceeds the achievable estimate 0.438 (one-round static estimate (BBPSSWCircuit.improved_fidelity); SeQUeNCe's 'until_target' mode may run a different number of rounds at execution time)); a0->b0->b1->b2->b3 (min_fidelity 0.700 exceeds the achievable estimate 0.438 (one-round static estimate (BBPSSWCircuit.improved_fidelity); SeQUeNCe's 'until_target' mode may run a different number of rounds at execution time)); a0->a1->b1->b2->b3 (min_fidelity 0.700 exceeds the achievable estimate 0.438 (one-round static estimate (BBPSSWCircuit.improved_fidelity); SeQUeNCe's 'until_target' mode may run a different number of rounds at execution time)),,,,0,0.000798,REJECTED,,,,,,,d6023524cac9554649e8b9b6c03d887f613256e4,1f2680a5b9065e708a7497adc53a95b108029b98,3.13.14,2026-07-18T18:47:38.213961+00:00
P02b_resource_aware_planners,P02b_resource_aware_planners:small_mesh:4068a95d9c69b1d7:L1:6:p02b-intent,small_mesh,4068a95d9c69b1d7,6,p02b-intent,L1,conservative_one_round,4,10,0.7,0.01,1e-05,,0,False,no candidate route is feasible: a0->a1->a2->a3->b3 (min_fidelity 0.700 exceeds the achievable estimate 0.438 (one-round static estimate (BBPSSWCircuit.improved_fidelity); SeQUeNCe's 'until_target' mode may run a different number of rounds at execution time)); a0->b0->b1->b2->b3 (min_fidelity 0.700 exceeds the achievable estimate 0.438 (one-round static estimate (BBPSSWCircuit.improved_fidelity); SeQUeNCe's 'until_target' mode may run a different number of rounds at execution time)); a0->a1->b1->b2->b3 (min_fidelity 0.700 exceeds the achievable estimate 0.438 (one-round static estimate (BBPSSWCircuit.improved_fidelity); SeQUeNCe's 'until_target' mode may run a different number of rounds at execution time)),,,,0,0.000652,REJECTED,,,,,,,d6023524cac9554649e8b9b6c03d887f613256e4,1f2680a5b9065e708a7497adc53a95b108029b98,3.13.14,2026-07-18T18:47:38.222144+00:00
P02b_resource_aware_planners,P02b_resource_aware_planners:small_mesh:4068a95d9c69b1d7:L1:7:p02b-intent,small_mesh,4068a95d9c69b1d7,7,p02b-intent,L1,conservative_one_round,4,10,0.7,0.01,1e-05,,0,False,no candidate route is feasible: a0->a1->a2->a3->b3 (min_fidelity 0.700 exceeds the achievable estimate 0.438 (one-round static estimate (BBPSSWCircuit.improved_fidelity); SeQUeNCe's 'until_target' mode may run a different number of rounds at execution time)); a0->b0->b1->b2->b3 (min_fidelity 0.700 exceeds the achievable estimate 0.438 (one-round static estimate (BBPSSWCircuit.improved_fidelity); SeQUeNCe's 'until_target' mode may run a different number of rounds at execution time)); a0->a1->b1->b2->b3 (min_fidelity 0.700 exceeds the achievable estimate 0.438 (one-round static estimate (BBPSSWCircuit.improved_fidelity); SeQUeNCe's 'until_target' mode may run a different number of rounds at execution time)),,,,0,0.001238,REJECTED,,,,,,,d6023524cac9554649e8b9b6c03d887f613256e4,1f2680a5b9065e708a7497adc53a95b108029b98,3.13.14,2026-07-18T18:47:38.334053+00:00
P02b_resource_aware_planners,P02b_resource_aware_planners:small_mesh:4068a95d9c69b1d7:L1:8:p02b-intent,small_mesh,4068a95d9c69b1d7,8,p02b-intent,L1,conservative_one_round,4,10,0.7,0.01,1e-05,,0,False,no candidate route is feasible: a0->a1->a2->a3->b3 (min_fidelity 0.700 exceeds the achievable estimate 0.438 (one-round static estimate (BBPSSWCircuit.improved_fidelity); SeQUeNCe's 'until_target' mode may run a different number of rounds at execution time)); a0->b0->b1->b2->b3 (min_fidelity 0.700 exceeds the achievable estimate 0.438 (one-round static estimate (BBPSSWCircuit.improved_fidelity); SeQUeNCe's 'until_target' mode may run a different number of rounds at execution time)); a0->a1->b1->b2->b3 (min_fidelity 0.700 exceeds the achievable estimate 0.438 (one-round static estimate (BBPSSWCircuit.improved_fidelity); SeQUeNCe's 'until_target' mode may run a different number of rounds at execution time)),,,,0,0.001155,REJECTED,,,,,,,d6023524cac9554649e8b9b6c03d887f613256e4,1f2680a5b9065e708a7497adc53a95b108029b98,3.13.14,2026-07-18T18:47:38.344628+00:00
P02b_resource_aware_planners,P02b_resource_aware_planners:small_mesh:4068a95d9c69b1d7:L1:9:p02b-intent,small_mesh,4068a95d9c69b1d7,9,p02b-intent,L1,conservative_one_round,4,10,0.7,0.01,1e-05,,0,False,no candidate route is feasible: a0->a1->a2->a3->b3 (min_fidelity 0.700 exceeds the achievable estimate 0.438 (one-round static estimate (BBPSSWCircuit.improved_fidelity); SeQUeNCe's 'until_target' mode may run a different number of rounds at execution time)); a0->b0->b1->b2->b3 (min_fidelity 0.700 exceeds the achievable estimate 0.438 (one-round static estimate (BBPSSWCircuit.improved_fidelity); SeQUeNCe's 'until_target' mode may run a different number of rounds at execution time)); a0->a1->b1->b2->b3 (min_fidelity 0.700 exceeds the achievable estimate 0.438 (one-round static estimate (BBPSSWCircuit.improved_fidelity); SeQUeNCe's 'until_target' mode may run a different number of rounds at execution time)),,,,0,0.001173,REJECTED,,,,,,,d6023524cac9554649e8b9b6c03d887f613256e4,1f2680a5b9065e708a7497adc53a95b108029b98,3.13.14,2026-07-18T18:47:38.355668+00:00
P02b_resource_aware_planners,P02b_resource_aware_planners:small_mesh:4068a95d9c69b1d7:L2:0:p02b-intent,small_mesh,4068a95d9c69b1d7,0,p02b-intent,L2,iterative_analytical,4,10,0.7,0.01,1e-05,,0,False,no candidate route is feasible: a0->a1->a2->a3->b3 (min_fidelity 0.700 exceeds the achievable estimate 0.438 (no further gain after round 1 (fixed point reached))); a0->b0->b1->b2->b3 (min_fidelity 0.700 exceeds the achievable estimate 0.438 (no further gain after round 1 (fixed point reached))); a0->a1->b1->b2->b3 (min_fidelity 0.700 exceeds the achievable estimate 0.438 (no further gain after round 1 (fixed point reached))),,,,0,0.001439,REJECTED,,,,,,,d6023524cac9554649e8b9b6c03d887f613256e4,1f2680a5b9065e708a7497adc53a95b108029b98,3.13.14,2026-07-18T18:47:38.367040+00:00
P02b_resource_aware_planners,P02b_resource_aware_planners:small_mesh:4068a95d9c69b1d7:L2:1:p02b-intent,small_mesh,4068a95d9c69b1d7,1,p02b-intent,L2,iterative_analytical,4,10,0.7,0.01,1e-05,,0,False,no candidate route is feasible: a0->a1->a2->a3->b3 (min_fidelity 0.700 exceeds the achievable estimate 0.438 (no further gain after round 1 (fixed point reached))); a0->b0->b1->b2->b3 (min_fidelity 0.700 exceeds the achievable estimate 0.438 (no further gain after round 1 (fixed point reached))); a0->a1->b1->b2->b3 (min_fidelity 0.700 exceeds the achievable estimate 0.438 (no further gain after round 1 (fixed point reached))),,,,0,0.001105,REJECTED,,,,,,,d6023524cac9554649e8b9b6c03d887f613256e4,1f2680a5b9065e708a7497adc53a95b108029b98,3.13.14,2026-07-18T18:47:38.377684+00:00
P02b_resource_aware_planners,P02b_resource_aware_planners:small_mesh:4068a95d9c69b1d7:L2:2:p02b-intent,small_mesh,4068a95d9c69b1d7,2,p02b-intent,L2,iterative_analytical,4,10,0.7,0.01,1e-05,,0,False,no candidate route is feasible: a0->a1->a2->a3->b3 (min_fidelity 0.700 exceeds the achievable estimate 0.438 (no further gain after round 1 (fixed point reached))); a0->b0->b1->b2->b3 (min_fidelity 0.700 exceeds the achievable estimate 0.438 (no further gain after round 1 (fixed point reached))); a0->a1->b1->b2->b3 (min_fidelity 0.700 exceeds the achievable estimate 0.438 (no further gain after round 1 (fixed point reached))),,,,0,0.00122,REJECTED,,,,,,,d6023524cac9554649e8b9b6c03d887f613256e4,1f2680a5b9065e708a7497adc53a95b108029b98,3.13.14,2026-07-18T18:47:38.386221+00:00
P02b_resource_aware_planners,P02b_resource_aware_planners:small_mesh:4068a95d9c69b1d7:L2:3:p02b-intent,small_mesh,4068a95d9c69b1d7,3,p02b-intent,L2,iterative_analytical,4,10,0.7,0.01,1e-05,,0,False,no candidate route is feasible: a0->a1->a2->a3->b3 (min_fidelity 0.700 exceeds the achievable estimate 0.438 (no further gain after round 1 (fixed point reached))); a0->b0->b1->b2->b3 (min_fidelity 0.700 exceeds the achievable estimate 0.438 (no further gain after round 1 (fixed point reached))); a0->a1->b1->b2->b3 (min_fidelity 0.700 exceeds the achievable estimate 0.438 (no further gain after round 1 (fixed point reached))),,,,0,0.000827,REJECTED,,,,,,,d6023524cac9554649e8b9b6c03d887f613256e4,1f2680a5b9065e708a7497adc53a95b108029b98,3.13.14,2026-07-18T18:47:38.395316+00:00
P02b_resource_aware_planners,P02b_resource_aware_planners:small_mesh:4068a95d9c69b1d7:L2:4:p02b-intent,small_mesh,4068a95d9c69b1d7,4,p02b-intent,L2,iterative_analytical,4,10,0.7,0.01,1e-05,,0,False,no candidate route is feasible: a0->a1->a2->a3->b3 (min_fidelity 0.700 exceeds the achievable estimate 0.438 (no further gain after round 1 (fixed point reached))); a0->b0->b1->b2->b3 (min_fidelity 0.700 exceeds the achievable estimate 0.438 (no further gain after round 1 (fixed point reached))); a0->a1->b1->b2->b3 (min_fidelity 0.700 exceeds the achievable estimate 0.438 (no further gain after round 1 (fixed point reached))),,,,0,0.000654,REJECTED,,,,,,,d6023524cac9554649e8b9b6c03d887f613256e4,1f2680a5b9065e708a7497adc53a95b108029b98,3.13.14,2026-07-18T18:47:38.404190+00:00
P02b_resource_aware_planners,P02b_resource_aware_planners:small_mesh:4068a95d9c69b1d7:L2:5:p02b-intent,small_mesh,4068a95d9c69b1d7,5,p02b-intent,L2,iterative_analytical,4,10,0.7,0.01,1e-05,,0,False,no candidate route is feasible: a0->a1->a2->a3->b3 (min_fidelity 0.700 exceeds the achievable estimate 0.438 (no further gain after round 1 (fixed point reached))); a0->b0->b1->b2->b3 (min_fidelity 0.700 exceeds the achievable estimate 0.438 (no further gain after round 1 (fixed point reached))); a0->a1->b1->b2->b3 (min_fidelity 0.700 exceeds the achievable estimate 0.438 (no further gain after round 1 (fixed point reached))),,,,0,0.001195,REJECTED,,,,,,,d6023524cac9554649e8b9b6c03d887f613256e4,1f2680a5b9065e708a7497adc53a95b108029b98,3.13.14,2026-07-18T18:47:38.412103+00:00
P02b_resource_aware_planners,P02b_resource_aware_planners:small_mesh:4068a95d9c69b1d7:L2:6:p02b-intent,small_mesh,4068a95d9c69b1d7,6,p02b-intent,L2,iterative_analytical,4,10,0.7,0.01,1e-05,,0,False,no candidate route is feasible: a0->a1->a2->a3->b3 (min_fidelity 0.700 exceeds the achievable estimate 0.438 (no further gain after round 1 (fixed point reached))); a0->b0->b1->b2->b3 (min_fidelity 0.700 exceeds the achievable estimate 0.438 (no further gain after round 1 (fixed point reached))); a0->a1->b1->b2->b3 (min_fidelity 0.700 exceeds the achievable estimate 0.438 (no further gain after round 1 (fixed point reached))),,,,0,0.001474,REJECTED,,,,,,,d6023524cac9554649e8b9b6c03d887f613256e4,1f2680a5b9065e708a7497adc53a95b108029b98,3.13.14,2026-07-18T18:47:38.424682+00:00
P02b_resource_aware_planners,P02b_resource_aware_planners:small_mesh:4068a95d9c69b1d7:L2:7:p02b-intent,small_mesh,4068a95d9c69b1d7,7,p02b-intent,L2,iterative_analytical,4,10,0.7,0.01,1e-05,,0,False,no candidate route is feasible: a0->a1->a2->a3->b3 (min_fidelity 0.700 exceeds the achievable estimate 0.438 (no further gain after round 1 (fixed point reached))); a0->b0->b1->b2->b3 (min_fidelity 0.700 exceeds the achievable estimate 0.438 (no further gain after round 1 (fixed point reached))); a0->a1->b1->b2->b3 (min_fidelity 0.700 exceeds the achievable estimate 0.438 (no further gain after round 1 (fixed point reached))),,,,0,0.00104,REJECTED,,,,,,,d6023524cac9554649e8b9b6c03d887f613256e4,1f2680a5b9065e708a7497adc53a95b108029b98,3.13.14,2026-07-18T18:47:38.434943+00:00
P02b_resource_aware_planners,P02b_resource_aware_planners:small_mesh:4068a95d9c69b1d7:L2:8:p02b-intent,small_mesh,4068a95d9c69b1d7,8,p02b-intent,L2,iterative_analytical,4,10,0.7,0.01,1e-05,,0,False,no candidate route is feasible: a0->a1->a2->a3->b3 (min_fidelity 0.700 exceeds the achievable estimate 0.438 (no further gain after round 1 (fixed point reached))); a0->b0->b1->b2->b3 (min_fidelity 0.700 exceeds the achievable estimate 0.438 (no further gain after round 1 (fixed point reached))); a0->a1->b1->b2->b3 (min_fidelity 0.700 exceeds the achievable estimate 0.438 (no further gain after round 1 (fixed point reached))),,,,0,0.000788,REJECTED,,,,,,,d6023524cac9554649e8b9b6c03d887f613256e4,1f2680a5b9065e708a7497adc53a95b108029b98,3.13.14,2026-07-18T18:47:38.442661+00:00
P02b_resource_aware_planners,P02b_resource_aware_planners:small_mesh:4068a95d9c69b1d7:L2:9:p02b-intent,small_mesh,4068a95d9c69b1d7,9,p02b-intent,L2,iterative_analytical,4,10,0.7,0.01,1e-05,,0,False,no candidate route is feasible: a0->a1->a2->a3->b3 (min_fidelity 0.700 exceeds the achievable estimate 0.438 (no further gain after round 1 (fixed point reached))); a0->b0->b1->b2->b3 (min_fidelity 0.700 exceeds the achievable estimate 0.438 (no further gain after round 1 (fixed point reached))); a0->a1->b1->b2->b3 (min_fidelity 0.700 exceeds the achievable estimate 0.438 (no further gain after round 1 (fixed point reached))),,,,0,0.000999,REJECTED,,,,,,,d6023524cac9554649e8b9b6c03d887f613256e4,1f2680a5b9065e708a7497adc53a95b108029b98,3.13.14,2026-07-18T18:47:38.450289+00:00
P02b_resource_aware_planners,P02b_resource_aware_planners:small_mesh:4068a95d9c69b1d7:L2-R:0:p02b-intent,small_mesh,4068a95d9c69b1d7,0,p02b-intent,L2-R,iterative_resource_aware,4,10,0.7,0.01,1e-05,,0,False,TARGET_FIDELITY_UNREACHABLE,,,,0,0.000422,REJECTED,,,,,,,d6023524cac9554649e8b9b6c03d887f613256e4,1f2680a5b9065e708a7497adc53a95b108029b98,3.13.14,2026-07-18T18:47:38.457575+00:00
P02b_resource_aware_planners,P02b_resource_aware_planners:small_mesh:4068a95d9c69b1d7:L2-R:1:p02b-intent,small_mesh,4068a95d9c69b1d7,1,p02b-intent,L2-R,iterative_resource_aware,4,10,0.7,0.01,1e-05,,0,False,TARGET_FIDELITY_UNREACHABLE,,,,0,0.00047,REJECTED,,,,,,,d6023524cac9554649e8b9b6c03d887f613256e4,1f2680a5b9065e708a7497adc53a95b108029b98,3.13.14,2026-07-18T18:47:38.463505+00:00
P02b_resource_aware_planners,P02b_resource_aware_planners:small_mesh:4068a95d9c69b1d7:L2-R:2:p02b-intent,small_mesh,4068a95d9c69b1d7,2,p02b-intent,L2-R,iterative_resource_aware,4,10,0.7,0.01,1e-05,,0,False,TARGET_FIDELITY_UNREACHABLE,,,,0,0.000405,REJECTED,,,,,,,d6023524cac9554649e8b9b6c03d887f613256e4,1f2680a5b9065e708a7497adc53a95b108029b98,3.13.14,2026-07-18T18:47:38.469825+00:00
P02b_resource_aware_planners,P02b_resource_aware_planners:small_mesh:4068a95d9c69b1d7:L2-R:3:p02b-intent,small_mesh,4068a95d9c69b1d7,3,p02b-intent,L2-R,iterative_resource_aware,4,10,0.7,0.01,1e-05,,0,False,TARGET_FIDELITY_UNREACHABLE,,,,0,0.000471,REJECTED,,,,,,,d6023524cac9554649e8b9b6c03d887f613256e4,1f2680a5b9065e708a7497adc53a95b108029b98,3.13.14,2026-07-18T18:47:38.475714+00:00
P02b_resource_aware_planners,P02b_resource_aware_planners:small_mesh:4068a95d9c69b1d7:L2-R:4:p02b-intent,small_mesh,4068a95d9c69b1d7,4,p02b-intent,L2-R,iterative_resource_aware,4,10,0.7,0.01,1e-05,,0,False,TARGET_FIDELITY_UNREACHABLE,,,,0,0.000386,REJECTED,,,,,,,d6023524cac9554649e8b9b6c03d887f613256e4,1f2680a5b9065e708a7497adc53a95b108029b98,3.13.14,2026-07-18T18:47:38.482819+00:00
P02b_resource_aware_planners,P02b_resource_aware_planners:small_mesh:4068a95d9c69b1d7:L2-R:5:p02b-intent,small_mesh,4068a95d9c69b1d7,5,p02b-intent,L2-R,iterative_resource_aware,4,10,0.7,0.01,1e-05,,0,False,TARGET_FIDELITY_UNREACHABLE,,,,0,0.000363,REJECTED,,,,,,,d6023524cac9554649e8b9b6c03d887f613256e4,1f2680a5b9065e708a7497adc53a95b108029b98,3.13.14,2026-07-18T18:47:38.488624+00:00
P02b_resource_aware_planners,P02b_resource_aware_planners:small_mesh:4068a95d9c69b1d7:L2-R:6:p02b-intent,small_mesh,4068a95d9c69b1d7,6,p02b-intent,L2-R,iterative_resource_aware,4,10,0.7,0.01,1e-05,,0,False,TARGET_FIDELITY_UNREACHABLE,,,,0,0.000402,REJECTED,,,,,,,d6023524cac9554649e8b9b6c03d887f613256e4,1f2680a5b9065e708a7497adc53a95b108029b98,3.13.14,2026-07-18T18:47:38.494124+00:00
P02b_resource_aware_planners,P02b_resource_aware_planners:small_mesh:4068a95d9c69b1d7:L2-R:7:p02b-intent,small_mesh,4068a95d9c69b1d7,7,p02b-intent,L2-R,iterative_resource_aware,4,10,0.7,0.01,1e-05,,0,False,TARGET_FIDELITY_UNREACHABLE,,,,0,0.000354,REJECTED,,,,,,,d6023524cac9554649e8b9b6c03d887f613256e4,1f2680a5b9065e708a7497adc53a95b108029b98,3.13.14,2026-07-18T18:47:38.500124+00:00
P02b_resource_aware_planners,P02b_resource_aware_planners:small_mesh:4068a95d9c69b1d7:L2-R:8:p02b-intent,small_mesh,4068a95d9c69b1d7,8,p02b-intent,L2-R,iterative_resource_aware,4,10,0.7,0.01,1e-05,,0,False,TARGET_FIDELITY_UNREACHABLE,,,,0,0.000382,REJECTED,,,,,,,d6023524cac9554649e8b9b6c03d887f613256e4,1f2680a5b9065e708a7497adc53a95b108029b98,3.13.14,2026-07-18T18:47:38.505882+00:00
P02b_resource_aware_planners,P02b_resource_aware_planners:small_mesh:4068a95d9c69b1d7:L2-R:9:p02b-intent,small_mesh,4068a95d9c69b1d7,9,p02b-intent,L2-R,iterative_resource_aware,4,10,0.7,0.01,1e-05,,0,False,TARGET_FIDELITY_UNREACHABLE,,,,0,0.00056,REJECTED,,,,,,,d6023524cac9554649e8b9b6c03d887f613256e4,1f2680a5b9065e708a7497adc53a95b108029b98,3.13.14,2026-07-18T18:47:38.513870+00:00
P02b_resource_aware_planners,P02b_resource_aware_planners:small_mesh:4068a95d9c69b1d7:L3:0:p02b-intent,small_mesh,4068a95d9c69b1d7,0,p02b-intent,L3,probabilistic,4,10,0.7,0.01,1e-05,a0 -> a1 -> a2 -> a3 -> b3,4,True,AssertionError: Fidelity of kept memory is too low: 0.4928250742325725.,0.0,3.3264680595774796,0.43803976326653515,1,0.002069,SIMULATION_ERROR,,,,,,0.279863,d6023524cac9554649e8b9b6c03d887f613256e4,1f2680a5b9065e708a7497adc53a95b108029b98,3.13.14,2026-07-18T18:47:38.826949+00:00
P02b_resource_aware_planners,P02b_resource_aware_planners:small_mesh:4068a95d9c69b1d7:L3:1:p02b-intent,small_mesh,4068a95d9c69b1d7,1,p02b-intent,L3,probabilistic,4,10,0.7,0.01,1e-05,a0 -> a1 -> a2 -> a3 -> b3,4,True,AssertionError: Fidelity of kept memory is too low: 0.4928250742325725.,0.0,3.3264680595774796,0.43803976326653515,1,0.001923,SIMULATION_ERROR,,,,,,0.372359,d6023524cac9554649e8b9b6c03d887f613256e4,1f2680a5b9065e708a7497adc53a95b108029b98,3.13.14,2026-07-18T18:47:39.226755+00:00
P02b_resource_aware_planners,P02b_resource_aware_planners:small_mesh:4068a95d9c69b1d7:L3:2:p02b-intent,small_mesh,4068a95d9c69b1d7,2,p02b-intent,L3,probabilistic,4,10,0.7,0.01,1e-05,a0 -> a1 -> a2 -> a3 -> b3,4,True,AssertionError: Fidelity of kept memory is too low: 0.4928250742325725.,0.0,3.3264680595774796,0.43803976326653515,1,0.003249,SIMULATION_ERROR,,,,,,0.361026,d6023524cac9554649e8b9b6c03d887f613256e4,1f2680a5b9065e708a7497adc53a95b108029b98,3.13.14,2026-07-18T18:47:39.612982+00:00
P02b_resource_aware_planners,P02b_resource_aware_planners:small_mesh:4068a95d9c69b1d7:L3:3:p02b-intent,small_mesh,4068a95d9c69b1d7,3,p02b-intent,L3,probabilistic,4,10,0.7,0.01,1e-05,a0 -> a1 -> a2 -> a3 -> b3,4,True,AssertionError: Fidelity of kept memory is too low: 0.4928250742325725.,0.0,3.3264680595774796,0.43803976326653515,1,0.002283,SIMULATION_ERROR,,,,,,0.204907,d6023524cac9554649e8b9b6c03d887f613256e4,1f2680a5b9065e708a7497adc53a95b108029b98,3.13.14,2026-07-18T18:47:39.840579+00:00
P02b_resource_aware_planners,P02b_resource_aware_planners:small_mesh:4068a95d9c69b1d7:L3:4:p02b-intent,small_mesh,4068a95d9c69b1d7,4,p02b-intent,L3,probabilistic,4,10,0.7,0.01,1e-05,a0 -> a1 -> a2 -> a3 -> b3,4,True,AssertionError: Fidelity of kept memory is too low: 0.4928250742325725.,0.0,3.3264680595774796,0.43803976326653515,1,0.001949,SIMULATION_ERROR,,,,,,0.480095,d6023524cac9554649e8b9b6c03d887f613256e4,1f2680a5b9065e708a7497adc53a95b108029b98,3.13.14,2026-07-18T18:47:40.343561+00:00
P02b_resource_aware_planners,P02b_resource_aware_planners:small_mesh:4068a95d9c69b1d7:L3:5:p02b-intent,small_mesh,4068a95d9c69b1d7,5,p02b-intent,L3,probabilistic,4,10,0.7,0.01,1e-05,a0 -> a1 -> a2 -> a3 -> b3,4,True,AssertionError: Fidelity of kept memory is too low: 0.4928250742325725.,0.0,3.3264680595774796,0.43803976326653515,1,0.002468,SIMULATION_ERROR,,,,,,0.376721,d6023524cac9554649e8b9b6c03d887f613256e4,1f2680a5b9065e708a7497adc53a95b108029b98,3.13.14,2026-07-18T18:47:40.743624+00:00
P02b_resource_aware_planners,P02b_resource_aware_planners:small_mesh:4068a95d9c69b1d7:L3:6:p02b-intent,small_mesh,4068a95d9c69b1d7,6,p02b-intent,L3,probabilistic,4,10,0.7,0.01,1e-05,a0 -> a1 -> a2 -> a3 -> b3,4,True,AssertionError: Fidelity of kept memory is too low: 0.4928250742325725.,0.0,3.3264680595774796,0.43803976326653515,1,0.003439,SIMULATION_ERROR,,,,,,0.616003,d6023524cac9554649e8b9b6c03d887f613256e4,1f2680a5b9065e708a7497adc53a95b108029b98,3.13.14,2026-07-18T18:47:41.392120+00:00
P02b_resource_aware_planners,P02b_resource_aware_planners:small_mesh:4068a95d9c69b1d7:L3:7:p02b-intent,small_mesh,4068a95d9c69b1d7,7,p02b-intent,L3,probabilistic,4,10,0.7,0.01,1e-05,a0 -> a1 -> a2 -> a3 -> b3,4,True,AssertionError: Fidelity of kept memory is too low: 0.4928250742325725.,0.0,3.3264680595774796,0.43803976326653515,1,0.002828,SIMULATION_ERROR,,,,,,0.369641,d6023524cac9554649e8b9b6c03d887f613256e4,1f2680a5b9065e708a7497adc53a95b108029b98,3.13.14,2026-07-18T18:47:41.788882+00:00
P02b_resource_aware_planners,P02b_resource_aware_planners:small_mesh:4068a95d9c69b1d7:L3:8:p02b-intent,small_mesh,4068a95d9c69b1d7,8,p02b-intent,L3,probabilistic,4,10,0.7,0.01,1e-05,a0 -> a1 -> a2 -> a3 -> b3,4,True,AssertionError: Fidelity of kept memory is too low: 0.4928250742325725.,0.0,3.3264680595774796,0.43803976326653515,1,0.002993,SIMULATION_ERROR,,,,,,0.434279,d6023524cac9554649e8b9b6c03d887f613256e4,1f2680a5b9065e708a7497adc53a95b108029b98,3.13.14,2026-07-18T18:47:42.256500+00:00
P02b_resource_aware_planners,P02b_resource_aware_planners:small_mesh:4068a95d9c69b1d7:L3:9:p02b-intent,small_mesh,4068a95d9c69b1d7,9,p02b-intent,L3,probabilistic,4,10,0.7,0.01,1e-05,a0 -> a1 -> a2 -> a3 -> b3,4,True,AssertionError: Fidelity of kept memory is too low: 0.4928250742325725.,0.0,3.3264680595774796,0.43803976326653515,1,0.006628,SIMULATION_ERROR,,,,,,1.197077,d6023524cac9554649e8b9b6c03d887f613256e4,1f2680a5b9065e708a7497adc53a95b108029b98,3.13.14,2026-07-18T18:47:43.485829+00:00
P02b_resource_aware_planners,P02b_resource_aware_planners:small_mesh:4068a95d9c69b1d7:L3-R:0:p02b-intent,small_mesh,4068a95d9c69b1d7,0,p02b-intent,L3-R,probabilistic_resource_aware,4,10,0.7,0.01,1e-05,a0 -> a1 -> a2 -> a3 -> b3,4,True,AssertionError: Fidelity of kept memory is too low: 0.4928250742325725.,0.0,0.4435290746103306,0.43803976326653515,1,0.008007,SIMULATION_ERROR,,,,,,0.4063,d6023524cac9554649e8b9b6c03d887f613256e4,1f2680a5b9065e708a7497adc53a95b108029b98,3.13.14,2026-07-18T18:47:43.937688+00:00
P02b_resource_aware_planners,P02b_resource_aware_planners:small_mesh:4068a95d9c69b1d7:L3-R:1:p02b-intent,small_mesh,4068a95d9c69b1d7,1,p02b-intent,L3-R,probabilistic_resource_aware,4,10,0.7,0.01,1e-05,a0 -> a1 -> a2 -> a3 -> b3,4,True,AssertionError: Fidelity of kept memory is too low: 0.4928250742325725.,0.0,0.4435290746103306,0.43803976326653515,1,0.00405,SIMULATION_ERROR,,,,,,0.467658,d6023524cac9554649e8b9b6c03d887f613256e4,1f2680a5b9065e708a7497adc53a95b108029b98,3.13.14,2026-07-18T18:47:44.445836+00:00
P02b_resource_aware_planners,P02b_resource_aware_planners:small_mesh:4068a95d9c69b1d7:L3-R:2:p02b-intent,small_mesh,4068a95d9c69b1d7,2,p02b-intent,L3-R,probabilistic_resource_aware,4,10,0.7,0.01,1e-05,a0 -> a1 -> a2 -> a3 -> b3,4,True,AssertionError: Fidelity of kept memory is too low: 0.4928250742325725.,0.0,0.4435290746103306,0.43803976326653515,1,0.003642,SIMULATION_ERROR,,,,,,0.493844,d6023524cac9554649e8b9b6c03d887f613256e4,1f2680a5b9065e708a7497adc53a95b108029b98,3.13.14,2026-07-18T18:47:44.979299+00:00
P02b_resource_aware_planners,P02b_resource_aware_planners:small_mesh:4068a95d9c69b1d7:L3-R:3:p02b-intent,small_mesh,4068a95d9c69b1d7,3,p02b-intent,L3-R,probabilistic_resource_aware,4,10,0.7,0.01,1e-05,a0 -> a1 -> a2 -> a3 -> b3,4,True,AssertionError: Fidelity of kept memory is too low: 0.4928250742325725.,0.0,0.4435290746103306,0.43803976326653515,1,0.003277,SIMULATION_ERROR,,,,,,0.248842,d6023524cac9554649e8b9b6c03d887f613256e4,1f2680a5b9065e708a7497adc53a95b108029b98,3.13.14,2026-07-18T18:47:45.251134+00:00
P02b_resource_aware_planners,P02b_resource_aware_planners:small_mesh:4068a95d9c69b1d7:L3-R:4:p02b-intent,small_mesh,4068a95d9c69b1d7,4,p02b-intent,L3-R,probabilistic_resource_aware,4,10,0.7,0.01,1e-05,a0 -> a1 -> a2 -> a3 -> b3,4,True,AssertionError: Fidelity of kept memory is too low: 0.4928250742325725.,0.0,0.4435290746103306,0.43803976326653515,1,0.002688,SIMULATION_ERROR,,,,,,0.617614,d6023524cac9554649e8b9b6c03d887f613256e4,1f2680a5b9065e708a7497adc53a95b108029b98,3.13.14,2026-07-18T18:47:45.897756+00:00
P02b_resource_aware_planners,P02b_resource_aware_planners:small_mesh:4068a95d9c69b1d7:L3-R:5:p02b-intent,small_mesh,4068a95d9c69b1d7,5,p02b-intent,L3-R,probabilistic_resource_aware,4,10,0.7,0.01,1e-05,a0 -> a1 -> a2 -> a3 -> b3,4,True,AssertionError: Fidelity of kept memory is too low: 0.4928250742325725.,0.0,0.4435290746103306,0.43803976326653515,1,0.003784,SIMULATION_ERROR,,,,,,0.387698,d6023524cac9554649e8b9b6c03d887f613256e4,1f2680a5b9065e708a7497adc53a95b108029b98,3.13.14,2026-07-18T18:47:46.320846+00:00
P02b_resource_aware_planners,P02b_resource_aware_planners:small_mesh:4068a95d9c69b1d7:L3-R:6:p02b-intent,small_mesh,4068a95d9c69b1d7,6,p02b-intent,L3-R,probabilistic_resource_aware,4,10,0.7,0.01,1e-05,a0 -> a1 -> a2 -> a3 -> b3,4,True,AssertionError: Fidelity of kept memory is too low: 0.4928250742325725.,0.0,0.4435290746103306,0.43803976326653515,1,0.003203,SIMULATION_ERROR,,,,,,0.476661,d6023524cac9554649e8b9b6c03d887f613256e4,1f2680a5b9065e708a7497adc53a95b108029b98,3.13.14,2026-07-18T18:47:46.824541+00:00
P02b_resource_aware_planners,P02b_resource_aware_planners:small_mesh:4068a95d9c69b1d7:L3-R:7:p02b-intent,small_mesh,4068a95d9c69b1d7,7,p02b-intent,L3-R,probabilistic_resource_aware,4,10,0.7,0.01,1e-05,a0 -> a1 -> a2 -> a3 -> b3,4,True,AssertionError: Fidelity of kept memory is too low: 0.4928250742325725.,0.0,0.4435290746103306,0.43803976326653515,1,0.002527,SIMULATION_ERROR,,,,,,0.400045,d6023524cac9554649e8b9b6c03d887f613256e4,1f2680a5b9065e708a7497adc53a95b108029b98,3.13.14,2026-07-18T18:47:47.247539+00:00
P02b_resource_aware_planners,P02b_resource_aware_planners:small_mesh:4068a95d9c69b1d7:L3-R:8:p02b-intent,small_mesh,4068a95d9c69b1d7,8,p02b-intent,L3-R,probabilistic_resource_aware,4,10,0.7,0.01,1e-05,a0 -> a1 -> a2 -> a3 -> b3,4,True,AssertionError: Fidelity of kept memory is too low: 0.4928250742325725.,0.0,0.4435290746103306,0.43803976326653515,1,0.003468,SIMULATION_ERROR,,,,,,0.288295,d6023524cac9554649e8b9b6c03d887f613256e4,1f2680a5b9065e708a7497adc53a95b108029b98,3.13.14,2026-07-18T18:47:47.564353+00:00
P02b_resource_aware_planners,P02b_resource_aware_planners:small_mesh:4068a95d9c69b1d7:L3-R:9:p02b-intent,small_mesh,4068a95d9c69b1d7,9,p02b-intent,L3-R,probabilistic_resource_aware,4,10,0.7,0.01,1e-05,a0 -> a1 -> a2 -> a3 -> b3,4,True,AssertionError: Fidelity of kept memory is too low: 0.4928250742325725.,0.0,0.4435290746103306,0.43803976326653515,1,0.003577,SIMULATION_ERROR,,,,,,0.459411,d6023524cac9554649e8b9b6c03d887f613256e4,1f2680a5b9065e708a7497adc53a95b108029b98,3.13.14,2026-07-18T18:47:48.057002+00:00
P02b_resource_aware_planners,P02b_resource_aware_planners:small_mesh:88ec40897f21da8d:L1:0:p02b-intent,small_mesh,88ec40897f21da8d,0,p02b-intent,L1,conservative_one_round,4,10,0.73,0.01,1e-05,,0,False,no candidate route is feasible: a0->a1->a2->a3->b3 (min_fidelity 0.730 exceeds the achievable estimate 0.438 (one-round static estimate (BBPSSWCircuit.improved_fidelity); SeQUeNCe's 'until_target' mode may run a different number of rounds at execution time)); a0->b0->b1->b2->b3 (min_fidelity 0.730 exceeds the achievable estimate 0.438 (one-round static estimate (BBPSSWCircuit.improved_fidelity); SeQUeNCe's 'until_target' mode may run a different number of rounds at execution time)); a0->a1->b1->b2->b3 (min_fidelity 0.730 exceeds the achievable estimate 0.438 (one-round static estimate (BBPSSWCircuit.improved_fidelity); SeQUeNCe's 'until_target' mode may run a different number of rounds at execution time)),,,,0,0.000945,REJECTED,,,,,,,d6023524cac9554649e8b9b6c03d887f613256e4,1f2680a5b9065e708a7497adc53a95b108029b98,3.13.14,2026-07-18T18:47:48.065300+00:00
P02b_resource_aware_planners,P02b_resource_aware_planners:small_mesh:88ec40897f21da8d:L1:1:p02b-intent,small_mesh,88ec40897f21da8d,1,p02b-intent,L1,conservative_one_round,4,10,0.73,0.01,1e-05,,0,False,no candidate route is feasible: a0->a1->a2->a3->b3 (min_fidelity 0.730 exceeds the achievable estimate 0.438 (one-round static estimate (BBPSSWCircuit.improved_fidelity); SeQUeNCe's 'until_target' mode may run a different number of rounds at execution time)); a0->b0->b1->b2->b3 (min_fidelity 0.730 exceeds the achievable estimate 0.438 (one-round static estimate (BBPSSWCircuit.improved_fidelity); SeQUeNCe's 'until_target' mode may run a different number of rounds at execution time)); a0->a1->b1->b2->b3 (min_fidelity 0.730 exceeds the achievable estimate 0.438 (one-round static estimate (BBPSSWCircuit.improved_fidelity); SeQUeNCe's 'until_target' mode may run a different number of rounds at execution time)),,,,0,0.000913,REJECTED,,,,,,,d6023524cac9554649e8b9b6c03d887f613256e4,1f2680a5b9065e708a7497adc53a95b108029b98,3.13.14,2026-07-18T18:47:48.074984+00:00
P02b_resource_aware_planners,P02b_resource_aware_planners:small_mesh:88ec40897f21da8d:L1:2:p02b-intent,small_mesh,88ec40897f21da8d,2,p02b-intent,L1,conservative_one_round,4,10,0.73,0.01,1e-05,,0,False,no candidate route is feasible: a0->a1->a2->a3->b3 (min_fidelity 0.730 exceeds the achievable estimate 0.438 (one-round static estimate (BBPSSWCircuit.improved_fidelity); SeQUeNCe's 'until_target' mode may run a different number of rounds at execution time)); a0->b0->b1->b2->b3 (min_fidelity 0.730 exceeds the achievable estimate 0.438 (one-round static estimate (BBPSSWCircuit.improved_fidelity); SeQUeNCe's 'until_target' mode may run a different number of rounds at execution time)); a0->a1->b1->b2->b3 (min_fidelity 0.730 exceeds the achievable estimate 0.438 (one-round static estimate (BBPSSWCircuit.improved_fidelity); SeQUeNCe's 'until_target' mode may run a different number of rounds at execution time)),,,,0,0.001037,REJECTED,,,,,,,d6023524cac9554649e8b9b6c03d887f613256e4,1f2680a5b9065e708a7497adc53a95b108029b98,3.13.14,2026-07-18T18:47:48.083421+00:00
P02b_resource_aware_planners,P02b_resource_aware_planners:small_mesh:88ec40897f21da8d:L1:3:p02b-intent,small_mesh,88ec40897f21da8d,3,p02b-intent,L1,conservative_one_round,4,10,0.73,0.01,1e-05,,0,False,no candidate route is feasible: a0->a1->a2->a3->b3 (min_fidelity 0.730 exceeds the achievable estimate 0.438 (one-round static estimate (BBPSSWCircuit.improved_fidelity); SeQUeNCe's 'until_target' mode may run a different number of rounds at execution time)); a0->b0->b1->b2->b3 (min_fidelity 0.730 exceeds the achievable estimate 0.438 (one-round static estimate (BBPSSWCircuit.improved_fidelity); SeQUeNCe's 'until_target' mode may run a different number of rounds at execution time)); a0->a1->b1->b2->b3 (min_fidelity 0.730 exceeds the achievable estimate 0.438 (one-round static estimate (BBPSSWCircuit.improved_fidelity); SeQUeNCe's 'until_target' mode may run a different number of rounds at execution time)),,,,0,0.000966,REJECTED,,,,,,,d6023524cac9554649e8b9b6c03d887f613256e4,1f2680a5b9065e708a7497adc53a95b108029b98,3.13.14,2026-07-18T18:47:48.092736+00:00
P02b_resource_aware_planners,P02b_resource_aware_planners:small_mesh:88ec40897f21da8d:L1:4:p02b-intent,small_mesh,88ec40897f21da8d,4,p02b-intent,L1,conservative_one_round,4,10,0.73,0.01,1e-05,,0,False,no candidate route is feasible: a0->a1->a2->a3->b3 (min_fidelity 0.730 exceeds the achievable estimate 0.438 (one-round static estimate (BBPSSWCircuit.improved_fidelity); SeQUeNCe's 'until_target' mode may run a different number of rounds at execution time)); a0->b0->b1->b2->b3 (min_fidelity 0.730 exceeds the achievable estimate 0.438 (one-round static estimate (BBPSSWCircuit.improved_fidelity); SeQUeNCe's 'until_target' mode may run a different number of rounds at execution time)); a0->a1->b1->b2->b3 (min_fidelity 0.730 exceeds the achievable estimate 0.438 (one-round static estimate (BBPSSWCircuit.improved_fidelity); SeQUeNCe's 'until_target' mode may run a different number of rounds at execution time)),,,,0,0.0009,REJECTED,,,,,,,d6023524cac9554649e8b9b6c03d887f613256e4,1f2680a5b9065e708a7497adc53a95b108029b98,3.13.14,2026-07-18T18:47:48.100743+00:00
P02b_resource_aware_planners,P02b_resource_aware_planners:small_mesh:88ec40897f21da8d:L1:5:p02b-intent,small_mesh,88ec40897f21da8d,5,p02b-intent,L1,conservative_one_round,4,10,0.73,0.01,1e-05,,0,False,no candidate route is feasible: a0->a1->a2->a3->b3 (min_fidelity 0.730 exceeds the achievable estimate 0.438 (one-round static estimate (BBPSSWCircuit.improved_fidelity); SeQUeNCe's 'until_target' mode may run a different number of rounds at execution time)); a0->b0->b1->b2->b3 (min_fidelity 0.730 exceeds the achievable estimate 0.438 (one-round static estimate (BBPSSWCircuit.improved_fidelity); SeQUeNCe's 'until_target' mode may run a different number of rounds at execution time)); a0->a1->b1->b2->b3 (min_fidelity 0.730 exceeds the achievable estimate 0.438 (one-round static estimate (BBPSSWCircuit.improved_fidelity); SeQUeNCe's 'until_target' mode may run a different number of rounds at execution time)),,,,0,0.00101,REJECTED,,,,,,,d6023524cac9554649e8b9b6c03d887f613256e4,1f2680a5b9065e708a7497adc53a95b108029b98,3.13.14,2026-07-18T18:47:48.109138+00:00
P02b_resource_aware_planners,P02b_resource_aware_planners:small_mesh:88ec40897f21da8d:L1:6:p02b-intent,small_mesh,88ec40897f21da8d,6,p02b-intent,L1,conservative_one_round,4,10,0.73,0.01,1e-05,,0,False,no candidate route is feasible: a0->a1->a2->a3->b3 (min_fidelity 0.730 exceeds the achievable estimate 0.438 (one-round static estimate (BBPSSWCircuit.improved_fidelity); SeQUeNCe's 'until_target' mode may run a different number of rounds at execution time)); a0->b0->b1->b2->b3 (min_fidelity 0.730 exceeds the achievable estimate 0.438 (one-round static estimate (BBPSSWCircuit.improved_fidelity); SeQUeNCe's 'until_target' mode may run a different number of rounds at execution time)); a0->a1->b1->b2->b3 (min_fidelity 0.730 exceeds the achievable estimate 0.438 (one-round static estimate (BBPSSWCircuit.improved_fidelity); SeQUeNCe's 'until_target' mode may run a different number of rounds at execution time)),,,,0,0.001,REJECTED,,,,,,,d6023524cac9554649e8b9b6c03d887f613256e4,1f2680a5b9065e708a7497adc53a95b108029b98,3.13.14,2026-07-18T18:47:48.116449+00:00
P02b_resource_aware_planners,P02b_resource_aware_planners:small_mesh:88ec40897f21da8d:L1:7:p02b-intent,small_mesh,88ec40897f21da8d,7,p02b-intent,L1,conservative_one_round,4,10,0.73,0.01,1e-05,,0,False,no candidate route is feasible: a0->a1->a2->a3->b3 (min_fidelity 0.730 exceeds the achievable estimate 0.438 (one-round static estimate (BBPSSWCircuit.improved_fidelity); SeQUeNCe's 'until_target' mode may run a different number of rounds at execution time)); a0->b0->b1->b2->b3 (min_fidelity 0.730 exceeds the achievable estimate 0.438 (one-round static estimate (BBPSSWCircuit.improved_fidelity); SeQUeNCe's 'until_target' mode may run a different number of rounds at execution time)); a0->a1->b1->b2->b3 (min_fidelity 0.730 exceeds the achievable estimate 0.438 (one-round static estimate (BBPSSWCircuit.improved_fidelity); SeQUeNCe's 'until_target' mode may run a different number of rounds at execution time)),,,,0,0.000764,REJECTED,,,,,,,d6023524cac9554649e8b9b6c03d887f613256e4,1f2680a5b9065e708a7497adc53a95b108029b98,3.13.14,2026-07-18T18:47:48.123539+00:00
P02b_resource_aware_planners,P02b_resource_aware_planners:small_mesh:88ec40897f21da8d:L1:8:p02b-intent,small_mesh,88ec40897f21da8d,8,p02b-intent,L1,conservative_one_round,4,10,0.73,0.01,1e-05,,0,False,no candidate route is feasible: a0->a1->a2->a3->b3 (min_fidelity 0.730 exceeds the achievable estimate 0.438 (one-round static estimate (BBPSSWCircuit.improved_fidelity); SeQUeNCe's 'until_target' mode may run a different number of rounds at execution time)); a0->b0->b1->b2->b3 (min_fidelity 0.730 exceeds the achievable estimate 0.438 (one-round static estimate (BBPSSWCircuit.improved_fidelity); SeQUeNCe's 'until_target' mode may run a different number of rounds at execution time)); a0->a1->b1->b2->b3 (min_fidelity 0.730 exceeds the achievable estimate 0.438 (one-round static estimate (BBPSSWCircuit.improved_fidelity); SeQUeNCe's 'until_target' mode may run a different number of rounds at execution time)),,,,0,0.000701,REJECTED,,,,,,,d6023524cac9554649e8b9b6c03d887f613256e4,1f2680a5b9065e708a7497adc53a95b108029b98,3.13.14,2026-07-18T18:47:48.129933+00:00
P02b_resource_aware_planners,P02b_resource_aware_planners:small_mesh:88ec40897f21da8d:L1:9:p02b-intent,small_mesh,88ec40897f21da8d,9,p02b-intent,L1,conservative_one_round,4,10,0.73,0.01,1e-05,,0,False,no candidate route is feasible: a0->a1->a2->a3->b3 (min_fidelity 0.730 exceeds the achievable estimate 0.438 (one-round static estimate (BBPSSWCircuit.improved_fidelity); SeQUeNCe's 'until_target' mode may run a different number of rounds at execution time)); a0->b0->b1->b2->b3 (min_fidelity 0.730 exceeds the achievable estimate 0.438 (one-round static estimate (BBPSSWCircuit.improved_fidelity); SeQUeNCe's 'until_target' mode may run a different number of rounds at execution time)); a0->a1->b1->b2->b3 (min_fidelity 0.730 exceeds the achievable estimate 0.438 (one-round static estimate (BBPSSWCircuit.improved_fidelity); SeQUeNCe's 'until_target' mode may run a different number of rounds at execution time)),,,,0,0.000712,REJECTED,,,,,,,d6023524cac9554649e8b9b6c03d887f613256e4,1f2680a5b9065e708a7497adc53a95b108029b98,3.13.14,2026-07-18T18:47:48.136514+00:00
P02b_resource_aware_planners,P02b_resource_aware_planners:small_mesh:88ec40897f21da8d:L2:0:p02b-intent,small_mesh,88ec40897f21da8d,0,p02b-intent,L2,iterative_analytical,4,10,0.73,0.01,1e-05,,0,False,no candidate route is feasible: a0->a1->a2->a3->b3 (min_fidelity 0.730 exceeds the achievable estimate 0.438 (no further gain after round 1 (fixed point reached))); a0->b0->b1->b2->b3 (min_fidelity 0.730 exceeds the achievable estimate 0.438 (no further gain after round 1 (fixed point reached))); a0->a1->b1->b2->b3 (min_fidelity 0.730 exceeds the achievable estimate 0.438 (no further gain after round 1 (fixed point reached))),,,,0,0.000879,REJECTED,,,,,,,d6023524cac9554649e8b9b6c03d887f613256e4,1f2680a5b9065e708a7497adc53a95b108029b98,3.13.14,2026-07-18T18:47:48.143526+00:00
P02b_resource_aware_planners,P02b_resource_aware_planners:small_mesh:88ec40897f21da8d:L2:1:p02b-intent,small_mesh,88ec40897f21da8d,1,p02b-intent,L2,iterative_analytical,4,10,0.73,0.01,1e-05,,0,False,no candidate route is feasible: a0->a1->a2->a3->b3 (min_fidelity 0.730 exceeds the achievable estimate 0.438 (no further gain after round 1 (fixed point reached))); a0->b0->b1->b2->b3 (min_fidelity 0.730 exceeds the achievable estimate 0.438 (no further gain after round 1 (fixed point reached))); a0->a1->b1->b2->b3 (min_fidelity 0.730 exceeds the achievable estimate 0.438 (no further gain after round 1 (fixed point reached))),,,,0,0.001336,REJECTED,,,,,,,d6023524cac9554649e8b9b6c03d887f613256e4,1f2680a5b9065e708a7497adc53a95b108029b98,3.13.14,2026-07-18T18:47:48.151912+00:00
P02b_resource_aware_planners,P02b_resource_aware_planners:small_mesh:88ec40897f21da8d:L2:2:p02b-intent,small_mesh,88ec40897f21da8d,2,p02b-intent,L2,iterative_analytical,4,10,0.73,0.01,1e-05,,0,False,no candidate route is feasible: a0->a1->a2->a3->b3 (min_fidelity 0.730 exceeds the achievable estimate 0.438 (no further gain after round 1 (fixed point reached))); a0->b0->b1->b2->b3 (min_fidelity 0.730 exceeds the achievable estimate 0.438 (no further gain after round 1 (fixed point reached))); a0->a1->b1->b2->b3 (min_fidelity 0.730 exceeds the achievable estimate 0.438 (no further gain after round 1 (fixed point reached))),,,,0,0.001179,REJECTED,,,,,,,d6023524cac9554649e8b9b6c03d887f613256e4,1f2680a5b9065e708a7497adc53a95b108029b98,3.13.14,2026-07-18T18:47:48.160239+00:00
P02b_resource_aware_planners,P02b_resource_aware_planners:small_mesh:88ec40897f21da8d:L2:3:p02b-intent,small_mesh,88ec40897f21da8d,3,p02b-intent,L2,iterative_analytical,4,10,0.73,0.01,1e-05,,0,False,no candidate route is feasible: a0->a1->a2->a3->b3 (min_fidelity 0.730 exceeds the achievable estimate 0.438 (no further gain after round 1 (fixed point reached))); a0->b0->b1->b2->b3 (min_fidelity 0.730 exceeds the achievable estimate 0.438 (no further gain after round 1 (fixed point reached))); a0->a1->b1->b2->b3 (min_fidelity 0.730 exceeds the achievable estimate 0.438 (no further gain after round 1 (fixed point reached))),,,,0,0.000654,REJECTED,,,,,,,d6023524cac9554649e8b9b6c03d887f613256e4,1f2680a5b9065e708a7497adc53a95b108029b98,3.13.14,2026-07-18T18:47:48.165792+00:00
P02b_resource_aware_planners,P02b_resource_aware_planners:small_mesh:88ec40897f21da8d:L2:4:p02b-intent,small_mesh,88ec40897f21da8d,4,p02b-intent,L2,iterative_analytical,4,10,0.73,0.01,1e-05,,0,False,no candidate route is feasible: a0->a1->a2->a3->b3 (min_fidelity 0.730 exceeds the achievable estimate 0.438 (no further gain after round 1 (fixed point reached))); a0->b0->b1->b2->b3 (min_fidelity 0.730 exceeds the achievable estimate 0.438 (no further gain after round 1 (fixed point reached))); a0->a1->b1->b2->b3 (min_fidelity 0.730 exceeds the achievable estimate 0.438 (no further gain after round 1 (fixed point reached))),,,,0,0.001695,REJECTED,,,,,,,d6023524cac9554649e8b9b6c03d887f613256e4,1f2680a5b9065e708a7497adc53a95b108029b98,3.13.14,2026-07-18T18:47:48.174970+00:00
P02b_resource_aware_planners,P02b_resource_aware_planners:small_mesh:88ec40897f21da8d:L2:5:p02b-intent,small_mesh,88ec40897f21da8d,5,p02b-intent,L2,iterative_analytical,4,10,0.73,0.01,1e-05,,0,False,no candidate route is feasible: a0->a1->a2->a3->b3 (min_fidelity 0.730 exceeds the achievable estimate 0.438 (no further gain after round 1 (fixed point reached))); a0->b0->b1->b2->b3 (min_fidelity 0.730 exceeds the achievable estimate 0.438 (no further gain after round 1 (fixed point reached))); a0->a1->b1->b2->b3 (min_fidelity 0.730 exceeds the achievable estimate 0.438 (no further gain after round 1 (fixed point reached))),,,,0,0.000693,REJECTED,,,,,,,d6023524cac9554649e8b9b6c03d887f613256e4,1f2680a5b9065e708a7497adc53a95b108029b98,3.13.14,2026-07-18T18:47:48.185206+00:00
P02b_resource_aware_planners,P02b_resource_aware_planners:small_mesh:88ec40897f21da8d:L2:6:p02b-intent,small_mesh,88ec40897f21da8d,6,p02b-intent,L2,iterative_analytical,4,10,0.73,0.01,1e-05,,0,False,no candidate route is feasible: a0->a1->a2->a3->b3 (min_fidelity 0.730 exceeds the achievable estimate 0.438 (no further gain after round 1 (fixed point reached))); a0->b0->b1->b2->b3 (min_fidelity 0.730 exceeds the achievable estimate 0.438 (no further gain after round 1 (fixed point reached))); a0->a1->b1->b2->b3 (min_fidelity 0.730 exceeds the achievable estimate 0.438 (no further gain after round 1 (fixed point reached))),,,,0,0.000816,REJECTED,,,,,,,d6023524cac9554649e8b9b6c03d887f613256e4,1f2680a5b9065e708a7497adc53a95b108029b98,3.13.14,2026-07-18T18:47:48.191407+00:00
P02b_resource_aware_planners,P02b_resource_aware_planners:small_mesh:88ec40897f21da8d:L2:7:p02b-intent,small_mesh,88ec40897f21da8d,7,p02b-intent,L2,iterative_analytical,4,10,0.73,0.01,1e-05,,0,False,no candidate route is feasible: a0->a1->a2->a3->b3 (min_fidelity 0.730 exceeds the achievable estimate 0.438 (no further gain after round 1 (fixed point reached))); a0->b0->b1->b2->b3 (min_fidelity 0.730 exceeds the achievable estimate 0.438 (no further gain after round 1 (fixed point reached))); a0->a1->b1->b2->b3 (min_fidelity 0.730 exceeds the achievable estimate 0.438 (no further gain after round 1 (fixed point reached))),,,,0,0.000815,REJECTED,,,,,,,d6023524cac9554649e8b9b6c03d887f613256e4,1f2680a5b9065e708a7497adc53a95b108029b98,3.13.14,2026-07-18T18:47:48.197533+00:00
P02b_resource_aware_planners,P02b_resource_aware_planners:small_mesh:88ec40897f21da8d:L2:8:p02b-intent,small_mesh,88ec40897f21da8d,8,p02b-intent,L2,iterative_analytical,4,10,0.73,0.01,1e-05,,0,False,no candidate route is feasible: a0->a1->a2->a3->b3 (min_fidelity 0.730 exceeds the achievable estimate 0.438 (no further gain after round 1 (fixed point reached))); a0->b0->b1->b2->b3 (min_fidelity 0.730 exceeds the achievable estimate 0.438 (no further gain after round 1 (fixed point reached))); a0->a1->b1->b2->b3 (min_fidelity 0.730 exceeds the achievable estimate 0.438 (no further gain after round 1 (fixed point reached))),,,,0,0.000852,REJECTED,,,,,,,d6023524cac9554649e8b9b6c03d887f613256e4,1f2680a5b9065e708a7497adc53a95b108029b98,3.13.14,2026-07-18T18:47:48.204733+00:00
P02b_resource_aware_planners,P02b_resource_aware_planners:small_mesh:88ec40897f21da8d:L2:9:p02b-intent,small_mesh,88ec40897f21da8d,9,p02b-intent,L2,iterative_analytical,4,10,0.73,0.01,1e-05,,0,False,no candidate route is feasible: a0->a1->a2->a3->b3 (min_fidelity 0.730 exceeds the achievable estimate 0.438 (no further gain after round 1 (fixed point reached))); a0->b0->b1->b2->b3 (min_fidelity 0.730 exceeds the achievable estimate 0.438 (no further gain after round 1 (fixed point reached))); a0->a1->b1->b2->b3 (min_fidelity 0.730 exceeds the achievable estimate 0.438 (no further gain after round 1 (fixed point reached))),,,,0,0.001399,REJECTED,,,,,,,d6023524cac9554649e8b9b6c03d887f613256e4,1f2680a5b9065e708a7497adc53a95b108029b98,3.13.14,2026-07-18T18:47:48.212205+00:00
P02b_resource_aware_planners,P02b_resource_aware_planners:small_mesh:88ec40897f21da8d:L2-R:0:p02b-intent,small_mesh,88ec40897f21da8d,0,p02b-intent,L2-R,iterative_resource_aware,4,10,0.73,0.01,1e-05,,0,False,TARGET_FIDELITY_UNREACHABLE,,,,0,0.00059,REJECTED,,,,,,,d6023524cac9554649e8b9b6c03d887f613256e4,1f2680a5b9065e708a7497adc53a95b108029b98,3.13.14,2026-07-18T18:47:48.220031+00:00
P02b_resource_aware_planners,P02b_resource_aware_planners:small_mesh:88ec40897f21da8d:L2-R:1:p02b-intent,small_mesh,88ec40897f21da8d,1,p02b-intent,L2-R,iterative_resource_aware,4,10,0.73,0.01,1e-05,,0,False,TARGET_FIDELITY_UNREACHABLE,,,,0,0.000446,REJECTED,,,,,,,d6023524cac9554649e8b9b6c03d887f613256e4,1f2680a5b9065e708a7497adc53a95b108029b98,3.13.14,2026-07-18T18:47:48.228475+00:00
P02b_resource_aware_planners,P02b_resource_aware_planners:small_mesh:88ec40897f21da8d:L2-R:2:p02b-intent,small_mesh,88ec40897f21da8d,2,p02b-intent,L2-R,iterative_resource_aware,4,10,0.73,0.01,1e-05,,0,False,TARGET_FIDELITY_UNREACHABLE,,,,0,0.000562,REJECTED,,,,,,,d6023524cac9554649e8b9b6c03d887f613256e4,1f2680a5b9065e708a7497adc53a95b108029b98,3.13.14,2026-07-18T18:47:48.235189+00:00
P02b_resource_aware_planners,P02b_resource_aware_planners:small_mesh:88ec40897f21da8d:L2-R:3:p02b-intent,small_mesh,88ec40897f21da8d,3,p02b-intent,L2-R,iterative_resource_aware,4,10,0.73,0.01,1e-05,,0,False,TARGET_FIDELITY_UNREACHABLE,,,,0,0.000355,REJECTED,,,,,,,d6023524cac9554649e8b9b6c03d887f613256e4,1f2680a5b9065e708a7497adc53a95b108029b98,3.13.14,2026-07-18T18:47:48.241911+00:00
P02b_resource_aware_planners,P02b_resource_aware_planners:small_mesh:88ec40897f21da8d:L2-R:4:p02b-intent,small_mesh,88ec40897f21da8d,4,p02b-intent,L2-R,iterative_resource_aware,4,10,0.73,0.01,1e-05,,0,False,TARGET_FIDELITY_UNREACHABLE,,,,0,0.000592,REJECTED,,,,,,,d6023524cac9554649e8b9b6c03d887f613256e4,1f2680a5b9065e708a7497adc53a95b108029b98,3.13.14,2026-07-18T18:47:48.248440+00:00
P02b_resource_aware_planners,P02b_resource_aware_planners:small_mesh:88ec40897f21da8d:L2-R:5:p02b-intent,small_mesh,88ec40897f21da8d,5,p02b-intent,L2-R,iterative_resource_aware,4,10,0.73,0.01,1e-05,,0,False,TARGET_FIDELITY_UNREACHABLE,,,,0,0.000445,REJECTED,,,,,,,d6023524cac9554649e8b9b6c03d887f613256e4,1f2680a5b9065e708a7497adc53a95b108029b98,3.13.14,2026-07-18T18:47:48.255718+00:00
P02b_resource_aware_planners,P02b_resource_aware_planners:small_mesh:88ec40897f21da8d:L2-R:6:p02b-intent,small_mesh,88ec40897f21da8d,6,p02b-intent,L2-R,iterative_resource_aware,4,10,0.73,0.01,1e-05,,0,False,TARGET_FIDELITY_UNREACHABLE,,,,0,0.000646,REJECTED,,,,,,,d6023524cac9554649e8b9b6c03d887f613256e4,1f2680a5b9065e708a7497adc53a95b108029b98,3.13.14,2026-07-18T18:47:48.263568+00:00
P02b_resource_aware_planners,P02b_resource_aware_planners:small_mesh:88ec40897f21da8d:L2-R:7:p02b-intent,small_mesh,88ec40897f21da8d,7,p02b-intent,L2-R,iterative_resource_aware,4,10,0.73,0.01,1e-05,,0,False,TARGET_FIDELITY_UNREACHABLE,,,,0,0.00062,REJECTED,,,,,,,d6023524cac9554649e8b9b6c03d887f613256e4,1f2680a5b9065e708a7497adc53a95b108029b98,3.13.14,2026-07-18T18:47:48.272884+00:00
P02b_resource_aware_planners,P02b_resource_aware_planners:small_mesh:88ec40897f21da8d:L2-R:8:p02b-intent,small_mesh,88ec40897f21da8d,8,p02b-intent,L2-R,iterative_resource_aware,4,10,0.73,0.01,1e-05,,0,False,TARGET_FIDELITY_UNREACHABLE,,,,0,0.000561,REJECTED,,,,,,,d6023524cac9554649e8b9b6c03d887f613256e4,1f2680a5b9065e708a7497adc53a95b108029b98,3.13.14,2026-07-18T18:47:48.281595+00:00
P02b_resource_aware_planners,P02b_resource_aware_planners:small_mesh:88ec40897f21da8d:L2-R:9:p02b-intent,small_mesh,88ec40897f21da8d,9,p02b-intent,L2-R,iterative_resource_aware,4,10,0.73,0.01,1e-05,,0,False,TARGET_FIDELITY_UNREACHABLE,,,,0,0.000662,REJECTED,,,,,,,d6023524cac9554649e8b9b6c03d887f613256e4,1f2680a5b9065e708a7497adc53a95b108029b98,3.13.14,2026-07-18T18:47:48.291055+00:00
P02b_resource_aware_planners,P02b_resource_aware_planners:small_mesh:88ec40897f21da8d:L3:0:p02b-intent,small_mesh,88ec40897f21da8d,0,p02b-intent,L3,probabilistic,4,10,0.73,0.01,1e-05,a0 -> a1 -> a2 -> a3 -> b3,4,True,,0.0,3.3264680595774796,0.43803976326653515,1,0.00345,VIOLATED,False,0,,,,0.618337,d6023524cac9554649e8b9b6c03d887f613256e4,1f2680a5b9065e708a7497adc53a95b108029b98,3.13.14,2026-07-18T18:47:48.947339+00:00
P02b_resource_aware_planners,P02b_resource_aware_planners:small_mesh:88ec40897f21da8d:L3:1:p02b-intent,small_mesh,88ec40897f21da8d,1,p02b-intent,L3,probabilistic,4,10,0.73,0.01,1e-05,a0 -> a1 -> a2 -> a3 -> b3,4,True,,0.0,3.3264680595774796,0.43803976326653515,1,0.002378,VIOLATED,False,0,,,,0.509765,d6023524cac9554649e8b9b6c03d887f613256e4,1f2680a5b9065e708a7497adc53a95b108029b98,3.13.14,2026-07-18T18:47:49.483727+00:00
P02b_resource_aware_planners,P02b_resource_aware_planners:small_mesh:88ec40897f21da8d:L3:2:p02b-intent,small_mesh,88ec40897f21da8d,2,p02b-intent,L3,probabilistic,4,10,0.73,0.01,1e-05,a0 -> a1 -> a2 -> a3 -> b3,4,True,,0.0,3.3264680595774796,0.43803976326653515,1,0.002864,VIOLATED,False,0,,,,0.757296,d6023524cac9554649e8b9b6c03d887f613256e4,1f2680a5b9065e708a7497adc53a95b108029b98,3.13.14,2026-07-18T18:47:50.265360+00:00
P02b_resource_aware_planners,P02b_resource_aware_planners:small_mesh:88ec40897f21da8d:L3:3:p02b-intent,small_mesh,88ec40897f21da8d,3,p02b-intent,L3,probabilistic,4,10,0.73,0.01,1e-05,a0 -> a1 -> a2 -> a3 -> b3,4,True,,0.0,3.3264680595774796,0.43803976326653515,1,0.003128,VIOLATED,False,0,,,,0.601465,d6023524cac9554649e8b9b6c03d887f613256e4,1f2680a5b9065e708a7497adc53a95b108029b98,3.13.14,2026-07-18T18:47:50.891606+00:00
P02b_resource_aware_planners,P02b_resource_aware_planners:small_mesh:88ec40897f21da8d:L3:4:p02b-intent,small_mesh,88ec40897f21da8d,4,p02b-intent,L3,probabilistic,4,10,0.73,0.01,1e-05,a0 -> a1 -> a2 -> a3 -> b3,4,True,,0.0,3.3264680595774796,0.43803976326653515,1,0.003982,VIOLATED,False,0,,,,0.702244,d6023524cac9554649e8b9b6c03d887f613256e4,1f2680a5b9065e708a7497adc53a95b108029b98,3.13.14,2026-07-18T18:47:51.630849+00:00
P02b_resource_aware_planners,P02b_resource_aware_planners:small_mesh:88ec40897f21da8d:L3:5:p02b-intent,small_mesh,88ec40897f21da8d,5,p02b-intent,L3,probabilistic,4,10,0.73,0.01,1e-05,a0 -> a1 -> a2 -> a3 -> b3,4,True,,0.0,3.3264680595774796,0.43803976326653515,1,0.004435,VIOLATED,False,0,,,,0.703875,d6023524cac9554649e8b9b6c03d887f613256e4,1f2680a5b9065e708a7497adc53a95b108029b98,3.13.14,2026-07-18T18:47:52.370561+00:00
P02b_resource_aware_planners,P02b_resource_aware_planners:small_mesh:88ec40897f21da8d:L3:6:p02b-intent,small_mesh,88ec40897f21da8d,6,p02b-intent,L3,probabilistic,4,10,0.73,0.01,1e-05,a0 -> a1 -> a2 -> a3 -> b3,4,True,,0.0,3.3264680595774796,0.43803976326653515,1,0.003766,VIOLATED,False,0,,,,0.698602,d6023524cac9554649e8b9b6c03d887f613256e4,1f2680a5b9065e708a7497adc53a95b108029b98,3.13.14,2026-07-18T18:47:53.101202+00:00
P02b_resource_aware_planners,P02b_resource_aware_planners:small_mesh:88ec40897f21da8d:L3:7:p02b-intent,small_mesh,88ec40897f21da8d,7,p02b-intent,L3,probabilistic,4,10,0.73,0.01,1e-05,a0 -> a1 -> a2 -> a3 -> b3,4,True,,0.0,3.3264680595774796,0.43803976326653515,1,0.003415,VIOLATED,False,0,,,,0.630262,d6023524cac9554649e8b9b6c03d887f613256e4,1f2680a5b9065e708a7497adc53a95b108029b98,3.13.14,2026-07-18T18:47:53.762257+00:00
P02b_resource_aware_planners,P02b_resource_aware_planners:small_mesh:88ec40897f21da8d:L3:8:p02b-intent,small_mesh,88ec40897f21da8d,8,p02b-intent,L3,probabilistic,4,10,0.73,0.01,1e-05,a0 -> a1 -> a2 -> a3 -> b3,4,True,,0.0,3.3264680595774796,0.43803976326653515,1,0.001996,VIOLATED,False,0,,,,0.629191,d6023524cac9554649e8b9b6c03d887f613256e4,1f2680a5b9065e708a7497adc53a95b108029b98,3.13.14,2026-07-18T18:47:54.418440+00:00
P02b_resource_aware_planners,P02b_resource_aware_planners:small_mesh:88ec40897f21da8d:L3:9:p02b-intent,small_mesh,88ec40897f21da8d,9,p02b-intent,L3,probabilistic,4,10,0.73,0.01,1e-05,a0 -> a1 -> a2 -> a3 -> b3,4,True,,0.0,3.3264680595774796,0.43803976326653515,1,0.003689,VIOLATED,False,0,,,,0.644307,d6023524cac9554649e8b9b6c03d887f613256e4,1f2680a5b9065e708a7497adc53a95b108029b98,3.13.14,2026-07-18T18:47:55.099366+00:00
P02b_resource_aware_planners,P02b_resource_aware_planners:small_mesh:88ec40897f21da8d:L3-R:0:p02b-intent,small_mesh,88ec40897f21da8d,0,p02b-intent,L3-R,probabilistic_resource_aware,4,10,0.73,0.01,1e-05,a0 -> a1 -> a2 -> a3 -> b3,4,True,,0.0,0.4435290746103306,0.43803976326653515,1,0.002117,VIOLATED,False,0,,,,0.530599,d6023524cac9554649e8b9b6c03d887f613256e4,1f2680a5b9065e708a7497adc53a95b108029b98,3.13.14,2026-07-18T18:47:55.652619+00:00
P02b_resource_aware_planners,P02b_resource_aware_planners:small_mesh:88ec40897f21da8d:L3-R:1:p02b-intent,small_mesh,88ec40897f21da8d,1,p02b-intent,L3-R,probabilistic_resource_aware,4,10,0.73,0.01,1e-05,a0 -> a1 -> a2 -> a3 -> b3,4,True,,0.0,0.4435290746103306,0.43803976326653515,1,0.002646,VIOLATED,False,0,,,,0.752208,d6023524cac9554649e8b9b6c03d887f613256e4,1f2680a5b9065e708a7497adc53a95b108029b98,3.13.14,2026-07-18T18:47:56.429788+00:00
P02b_resource_aware_planners,P02b_resource_aware_planners:small_mesh:88ec40897f21da8d:L3-R:2:p02b-intent,small_mesh,88ec40897f21da8d,2,p02b-intent,L3-R,probabilistic_resource_aware,4,10,0.73,0.01,1e-05,a0 -> a1 -> a2 -> a3 -> b3,4,True,,0.0,0.4435290746103306,0.43803976326653515,1,0.004177,VIOLATED,False,0,,,,0.749591,d6023524cac9554649e8b9b6c03d887f613256e4,1f2680a5b9065e708a7497adc53a95b108029b98,3.13.14,2026-07-18T18:47:57.209924+00:00
P02b_resource_aware_planners,P02b_resource_aware_planners:small_mesh:88ec40897f21da8d:L3-R:3:p02b-intent,small_mesh,88ec40897f21da8d,3,p02b-intent,L3-R,probabilistic_resource_aware,4,10,0.73,0.01,1e-05,a0 -> a1 -> a2 -> a3 -> b3,4,True,,0.0,0.4435290746103306,0.43803976326653515,1,0.003124,VIOLATED,False,0,,,,0.616296,d6023524cac9554649e8b9b6c03d887f613256e4,1f2680a5b9065e708a7497adc53a95b108029b98,3.13.14,2026-07-18T18:47:57.860663+00:00
P02b_resource_aware_planners,P02b_resource_aware_planners:small_mesh:88ec40897f21da8d:L3-R:4:p02b-intent,small_mesh,88ec40897f21da8d,4,p02b-intent,L3-R,probabilistic_resource_aware,4,10,0.73,0.01,1e-05,a0 -> a1 -> a2 -> a3 -> b3,4,True,,0.0,0.4435290746103306,0.43803976326653515,1,0.003316,VIOLATED,False,0,,,,0.656492,d6023524cac9554649e8b9b6c03d887f613256e4,1f2680a5b9065e708a7497adc53a95b108029b98,3.13.14,2026-07-18T18:47:58.827357+00:00
P02b_resource_aware_planners,P02b_resource_aware_planners:small_mesh:88ec40897f21da8d:L3-R:5:p02b-intent,small_mesh,88ec40897f21da8d,5,p02b-intent,L3-R,probabilistic_resource_aware,4,10,0.73,0.01,1e-05,a0 -> a1 -> a2 -> a3 -> b3,4,True,,0.0,0.4435290746103306,0.43803976326653515,1,0.003684,VIOLATED,False,0,,,,0.715338,d6023524cac9554649e8b9b6c03d887f613256e4,1f2680a5b9065e708a7497adc53a95b108029b98,3.13.14,2026-07-18T18:47:59.579540+00:00
P02b_resource_aware_planners,P02b_resource_aware_planners:small_mesh:88ec40897f21da8d:L3-R:6:p02b-intent,small_mesh,88ec40897f21da8d,6,p02b-intent,L3-R,probabilistic_resource_aware,4,10,0.73,0.01,1e-05,a0 -> a1 -> a2 -> a3 -> b3,4,True,,0.0,0.4435290746103306,0.43803976326653515,1,0.002399,VIOLATED,False,0,,,,0.568263,d6023524cac9554649e8b9b6c03d887f613256e4,1f2680a5b9065e708a7497adc53a95b108029b98,3.13.14,2026-07-18T18:48:00.168894+00:00
P02b_resource_aware_planners,P02b_resource_aware_planners:small_mesh:88ec40897f21da8d:L3-R:7:p02b-intent,small_mesh,88ec40897f21da8d,7,p02b-intent,L3-R,probabilistic_resource_aware,4,10,0.73,0.01,1e-05,a0 -> a1 -> a2 -> a3 -> b3,4,True,,0.0,0.4435290746103306,0.43803976326653515,1,0.002709,VIOLATED,False,0,,,,0.669713,d6023524cac9554649e8b9b6c03d887f613256e4,1f2680a5b9065e708a7497adc53a95b108029b98,3.13.14,2026-07-18T18:48:00.869223+00:00
P02b_resource_aware_planners,P02b_resource_aware_planners:small_mesh:88ec40897f21da8d:L3-R:8:p02b-intent,small_mesh,88ec40897f21da8d,8,p02b-intent,L3-R,probabilistic_resource_aware,4,10,0.73,0.01,1e-05,a0 -> a1 -> a2 -> a3 -> b3,4,True,,0.0,0.4435290746103306,0.43803976326653515,1,0.004225,VIOLATED,False,0,,,,0.635908,d6023524cac9554649e8b9b6c03d887f613256e4,1f2680a5b9065e708a7497adc53a95b108029b98,3.13.14,2026-07-18T18:48:01.541092+00:00
P02b_resource_aware_planners,P02b_resource_aware_planners:small_mesh:88ec40897f21da8d:L3-R:9:p02b-intent,small_mesh,88ec40897f21da8d,9,p02b-intent,L3-R,probabilistic_resource_aware,4,10,0.73,0.01,1e-05,a0 -> a1 -> a2 -> a3 -> b3,4,True,,0.0,0.4435290746103306,0.43803976326653515,1,0.004422,VIOLATED,False,0,,,,0.671221,d6023524cac9554649e8b9b6c03d887f613256e4,1f2680a5b9065e708a7497adc53a95b108029b98,3.13.14,2026-07-18T18:48:02.248974+00:00
P02b_resource_aware_planners,P02b_resource_aware_planners:small_mesh:88ccf029ea6a432e:L1:0:p02b-intent,small_mesh,88ccf029ea6a432e,0,p02b-intent,L1,conservative_one_round,4,10,0.76,0.01,1e-05,,0,False,no candidate route is feasible: a0->a1->a2->a3->b3 (min_fidelity 0.760 exceeds the achievable estimate 0.438 (one-round static estimate (BBPSSWCircuit.improved_fidelity); SeQUeNCe's 'until_target' mode may run a different number of rounds at execution time)); a0->b0->b1->b2->b3 (min_fidelity 0.760 exceeds the achievable estimate 0.438 (one-round static estimate (BBPSSWCircuit.improved_fidelity); SeQUeNCe's 'until_target' mode may run a different number of rounds at execution time)); a0->a1->b1->b2->b3 (min_fidelity 0.760 exceeds the achievable estimate 0.438 (one-round static estimate (BBPSSWCircuit.improved_fidelity); SeQUeNCe's 'until_target' mode may run a different number of rounds at execution time)),,,,0,0.000833,REJECTED,,,,,,,d6023524cac9554649e8b9b6c03d887f613256e4,1f2680a5b9065e708a7497adc53a95b108029b98,3.13.14,2026-07-18T18:48:02.256640+00:00
P02b_resource_aware_planners,P02b_resource_aware_planners:small_mesh:88ccf029ea6a432e:L1:1:p02b-intent,small_mesh,88ccf029ea6a432e,1,p02b-intent,L1,conservative_one_round,4,10,0.76,0.01,1e-05,,0,False,no candidate route is feasible: a0->a1->a2->a3->b3 (min_fidelity 0.760 exceeds the achievable estimate 0.438 (one-round static estimate (BBPSSWCircuit.improved_fidelity); SeQUeNCe's 'until_target' mode may run a different number of rounds at execution time)); a0->b0->b1->b2->b3 (min_fidelity 0.760 exceeds the achievable estimate 0.438 (one-round static estimate (BBPSSWCircuit.improved_fidelity); SeQUeNCe's 'until_target' mode may run a different number of rounds at execution time)); a0->a1->b1->b2->b3 (min_fidelity 0.760 exceeds the achievable estimate 0.438 (one-round static estimate (BBPSSWCircuit.improved_fidelity); SeQUeNCe's 'until_target' mode may run a different number of rounds at execution time)),,,,0,0.000796,REJECTED,,,,,,,d6023524cac9554649e8b9b6c03d887f613256e4,1f2680a5b9065e708a7497adc53a95b108029b98,3.13.14,2026-07-18T18:48:02.263625+00:00
P02b_resource_aware_planners,P02b_resource_aware_planners:small_mesh:88ccf029ea6a432e:L1:2:p02b-intent,small_mesh,88ccf029ea6a432e,2,p02b-intent,L1,conservative_one_round,4,10,0.76,0.01,1e-05,,0,False,no candidate route is feasible: a0->a1->a2->a3->b3 (min_fidelity 0.760 exceeds the achievable estimate 0.438 (one-round static estimate (BBPSSWCircuit.improved_fidelity); SeQUeNCe's 'until_target' mode may run a different number of rounds at execution time)); a0->b0->b1->b2->b3 (min_fidelity 0.760 exceeds the achievable estimate 0.438 (one-round static estimate (BBPSSWCircuit.improved_fidelity); SeQUeNCe's 'until_target' mode may run a different number of rounds at execution time)); a0->a1->b1->b2->b3 (min_fidelity 0.760 exceeds the achievable estimate 0.438 (one-round static estimate (BBPSSWCircuit.improved_fidelity); SeQUeNCe's 'until_target' mode may run a different number of rounds at execution time)),,,,0,0.001122,REJECTED,,,,,,,d6023524cac9554649e8b9b6c03d887f613256e4,1f2680a5b9065e708a7497adc53a95b108029b98,3.13.14,2026-07-18T18:48:02.271170+00:00
P02b_resource_aware_planners,P02b_resource_aware_planners:small_mesh:88ccf029ea6a432e:L1:3:p02b-intent,small_mesh,88ccf029ea6a432e,3,p02b-intent,L1,conservative_one_round,4,10,0.76,0.01,1e-05,,0,False,no candidate route is feasible: a0->a1->a2->a3->b3 (min_fidelity 0.760 exceeds the achievable estimate 0.438 (one-round static estimate (BBPSSWCircuit.improved_fidelity); SeQUeNCe's 'until_target' mode may run a different number of rounds at execution time)); a0->b0->b1->b2->b3 (min_fidelity 0.760 exceeds the achievable estimate 0.438 (one-round static estimate (BBPSSWCircuit.improved_fidelity); SeQUeNCe's 'until_target' mode may run a different number of rounds at execution time)); a0->a1->b1->b2->b3 (min_fidelity 0.760 exceeds the achievable estimate 0.438 (one-round static estimate (BBPSSWCircuit.improved_fidelity); SeQUeNCe's 'until_target' mode may run a different number of rounds at execution time)),,,,0,0.000872,REJECTED,,,,,,,d6023524cac9554649e8b9b6c03d887f613256e4,1f2680a5b9065e708a7497adc53a95b108029b98,3.13.14,2026-07-18T18:48:02.278875+00:00
P02b_resource_aware_planners,P02b_resource_aware_planners:small_mesh:88ccf029ea6a432e:L1:4:p02b-intent,small_mesh,88ccf029ea6a432e,4,p02b-intent,L1,conservative_one_round,4,10,0.76,0.01,1e-05,,0,False,no candidate route is feasible: a0->a1->a2->a3->b3 (min_fidelity 0.760 exceeds the achievable estimate 0.438 (one-round static estimate (BBPSSWCircuit.improved_fidelity); SeQUeNCe's 'until_target' mode may run a different number of rounds at execution time)); a0->b0->b1->b2->b3 (min_fidelity 0.760 exceeds the achievable estimate 0.438 (one-round static estimate (BBPSSWCircuit.improved_fidelity); SeQUeNCe's 'until_target' mode may run a different number of rounds at execution time)); a0->a1->b1->b2->b3 (min_fidelity 0.760 exceeds the achievable estimate 0.438 (one-round static estimate (BBPSSWCircuit.improved_fidelity); SeQUeNCe's 'until_target' mode may run a different number of rounds at execution time)),,,,0,0.000967,REJECTED,,,,,,,d6023524cac9554649e8b9b6c03d887f613256e4,1f2680a5b9065e708a7497adc53a95b108029b98,3.13.14,2026-07-18T18:48:02.288796+00:00
P02b_resource_aware_planners,P02b_resource_aware_planners:small_mesh:88ccf029ea6a432e:L1:5:p02b-intent,small_mesh,88ccf029ea6a432e,5,p02b-intent,L1,conservative_one_round,4,10,0.76,0.01,1e-05,,0,False,no candidate route is feasible: a0->a1->a2->a3->b3 (min_fidelity 0.760 exceeds the achievable estimate 0.438 (one-round static estimate (BBPSSWCircuit.improved_fidelity); SeQUeNCe's 'until_target' mode may run a different number of rounds at execution time)); a0->b0->b1->b2->b3 (min_fidelity 0.760 exceeds the achievable estimate 0.438 (one-round static estimate (BBPSSWCircuit.improved_fidelity); SeQUeNCe's 'until_target' mode may run a different number of rounds at execution time)); a0->a1->b1->b2->b3 (min_fidelity 0.760 exceeds the achievable estimate 0.438 (one-round static estimate (BBPSSWCircuit.improved_fidelity); SeQUeNCe's 'until_target' mode may run a different number of rounds at execution time)),,,,0,0.001226,REJECTED,,,,,,,d6023524cac9554649e8b9b6c03d887f613256e4,1f2680a5b9065e708a7497adc53a95b108029b98,3.13.14,2026-07-18T18:48:02.298563+00:00
P02b_resource_aware_planners,P02b_resource_aware_planners:small_mesh:88ccf029ea6a432e:L1:6:p02b-intent,small_mesh,88ccf029ea6a432e,6,p02b-intent,L1,conservative_one_round,4,10,0.76,0.01,1e-05,,0,False,no candidate route is feasible: a0->a1->a2->a3->b3 (min_fidelity 0.760 exceeds the achievable estimate 0.438 (one-round static estimate (BBPSSWCircuit.improved_fidelity); SeQUeNCe's 'until_target' mode may run a different number of rounds at execution time)); a0->b0->b1->b2->b3 (min_fidelity 0.760 exceeds the achievable estimate 0.438 (one-round static estimate (BBPSSWCircuit.improved_fidelity); SeQUeNCe's 'until_target' mode may run a different number of rounds at execution time)); a0->a1->b1->b2->b3 (min_fidelity 0.760 exceeds the achievable estimate 0.438 (one-round static estimate (BBPSSWCircuit.improved_fidelity); SeQUeNCe's 'until_target' mode may run a different number of rounds at execution time)),,,,0,0.000987,REJECTED,,,,,,,d6023524cac9554649e8b9b6c03d887f613256e4,1f2680a5b9065e708a7497adc53a95b108029b98,3.13.14,2026-07-18T18:48:02.307878+00:00
P02b_resource_aware_planners,P02b_resource_aware_planners:small_mesh:88ccf029ea6a432e:L1:7:p02b-intent,small_mesh,88ccf029ea6a432e,7,p02b-intent,L1,conservative_one_round,4,10,0.76,0.01,1e-05,,0,False,no candidate route is feasible: a0->a1->a2->a3->b3 (min_fidelity 0.760 exceeds the achievable estimate 0.438 (one-round static estimate (BBPSSWCircuit.improved_fidelity); SeQUeNCe's 'until_target' mode may run a different number of rounds at execution time)); a0->b0->b1->b2->b3 (min_fidelity 0.760 exceeds the achievable estimate 0.438 (one-round static estimate (BBPSSWCircuit.improved_fidelity); SeQUeNCe's 'until_target' mode may run a different number of rounds at execution time)); a0->a1->b1->b2->b3 (min_fidelity 0.760 exceeds the achievable estimate 0.438 (one-round static estimate (BBPSSWCircuit.improved_fidelity); SeQUeNCe's 'until_target' mode may run a different number of rounds at execution time)),,,,0,0.000624,REJECTED,,,,,,,d6023524cac9554649e8b9b6c03d887f613256e4,1f2680a5b9065e708a7497adc53a95b108029b98,3.13.14,2026-07-18T18:48:02.314217+00:00
P02b_resource_aware_planners,P02b_resource_aware_planners:small_mesh:88ccf029ea6a432e:L1:8:p02b-intent,small_mesh,88ccf029ea6a432e,8,p02b-intent,L1,conservative_one_round,4,10,0.76,0.01,1e-05,,0,False,no candidate route is feasible: a0->a1->a2->a3->b3 (min_fidelity 0.760 exceeds the achievable estimate 0.438 (one-round static estimate (BBPSSWCircuit.improved_fidelity); SeQUeNCe's 'until_target' mode may run a different number of rounds at execution time)); a0->b0->b1->b2->b3 (min_fidelity 0.760 exceeds the achievable estimate 0.438 (one-round static estimate (BBPSSWCircuit.improved_fidelity); SeQUeNCe's 'until_target' mode may run a different number of rounds at execution time)); a0->a1->b1->b2->b3 (min_fidelity 0.760 exceeds the achievable estimate 0.438 (one-round static estimate (BBPSSWCircuit.improved_fidelity); SeQUeNCe's 'until_target' mode may run a different number of rounds at execution time)),,,,0,0.001226,REJECTED,,,,,,,d6023524cac9554649e8b9b6c03d887f613256e4,1f2680a5b9065e708a7497adc53a95b108029b98,3.13.14,2026-07-18T18:48:02.322838+00:00
P02b_resource_aware_planners,P02b_resource_aware_planners:small_mesh:88ccf029ea6a432e:L1:9:p02b-intent,small_mesh,88ccf029ea6a432e,9,p02b-intent,L1,conservative_one_round,4,10,0.76,0.01,1e-05,,0,False,no candidate route is feasible: a0->a1->a2->a3->b3 (min_fidelity 0.760 exceeds the achievable estimate 0.438 (one-round static estimate (BBPSSWCircuit.improved_fidelity); SeQUeNCe's 'until_target' mode may run a different number of rounds at execution time)); a0->b0->b1->b2->b3 (min_fidelity 0.760 exceeds the achievable estimate 0.438 (one-round static estimate (BBPSSWCircuit.improved_fidelity); SeQUeNCe's 'until_target' mode may run a different number of rounds at execution time)); a0->a1->b1->b2->b3 (min_fidelity 0.760 exceeds the achievable estimate 0.438 (one-round static estimate (BBPSSWCircuit.improved_fidelity); SeQUeNCe's 'until_target' mode may run a different number of rounds at execution time)),,,,0,0.001277,REJECTED,,,,,,,d6023524cac9554649e8b9b6c03d887f613256e4,1f2680a5b9065e708a7497adc53a95b108029b98,3.13.14,2026-07-18T18:48:02.332785+00:00
P02b_resource_aware_planners,P02b_resource_aware_planners:small_mesh:88ccf029ea6a432e:L2:0:p02b-intent,small_mesh,88ccf029ea6a432e,0,p02b-intent,L2,iterative_analytical,4,10,0.76,0.01,1e-05,,0,False,no candidate route is feasible: a0->a1->a2->a3->b3 (min_fidelity 0.760 exceeds the achievable estimate 0.438 (no further gain after round 1 (fixed point reached))); a0->b0->b1->b2->b3 (min_fidelity 0.760 exceeds the achievable estimate 0.438 (no further gain after round 1 (fixed point reached))); a0->a1->b1->b2->b3 (min_fidelity 0.760 exceeds the achievable estimate 0.438 (no further gain after round 1 (fixed point reached))),,,,0,0.001013,REJECTED,,,,,,,d6023524cac9554649e8b9b6c03d887f613256e4,1f2680a5b9065e708a7497adc53a95b108029b98,3.13.14,2026-07-18T18:48:02.342740+00:00
P02b_resource_aware_planners,P02b_resource_aware_planners:small_mesh:88ccf029ea6a432e:L2:1:p02b-intent,small_mesh,88ccf029ea6a432e,1,p02b-intent,L2,iterative_analytical,4,10,0.76,0.01,1e-05,,0,False,no candidate route is feasible: a0->a1->a2->a3->b3 (min_fidelity 0.760 exceeds the achievable estimate 0.438 (no further gain after round 1 (fixed point reached))); a0->b0->b1->b2->b3 (min_fidelity 0.760 exceeds the achievable estimate 0.438 (no further gain after round 1 (fixed point reached))); a0->a1->b1->b2->b3 (min_fidelity 0.760 exceeds the achievable estimate 0.438 (no further gain after round 1 (fixed point reached))),,,,0,0.000929,REJECTED,,,,,,,d6023524cac9554649e8b9b6c03d887f613256e4,1f2680a5b9065e708a7497adc53a95b108029b98,3.13.14,2026-07-18T18:48:02.349806+00:00
P02b_resource_aware_planners,P02b_resource_aware_planners:small_mesh:88ccf029ea6a432e:L2:2:p02b-intent,small_mesh,88ccf029ea6a432e,2,p02b-intent,L2,iterative_analytical,4,10,0.76,0.01,1e-05,,0,False,no candidate route is feasible: a0->a1->a2->a3->b3 (min_fidelity 0.760 exceeds the achievable estimate 0.438 (no further gain after round 1 (fixed point reached))); a0->b0->b1->b2->b3 (min_fidelity 0.760 exceeds the achievable estimate 0.438 (no further gain after round 1 (fixed point reached))); a0->a1->b1->b2->b3 (min_fidelity 0.760 exceeds the achievable estimate 0.438 (no further gain after round 1 (fixed point reached))),,,,0,0.000859,REJECTED,,,,,,,d6023524cac9554649e8b9b6c03d887f613256e4,1f2680a5b9065e708a7497adc53a95b108029b98,3.13.14,2026-07-18T18:48:02.356836+00:00
P02b_resource_aware_planners,P02b_resource_aware_planners:small_mesh:88ccf029ea6a432e:L2:3:p02b-intent,small_mesh,88ccf029ea6a432e,3,p02b-intent,L2,iterative_analytical,4,10,0.76,0.01,1e-05,,0,False,no candidate route is feasible: a0->a1->a2->a3->b3 (min_fidelity 0.760 exceeds the achievable estimate 0.438 (no further gain after round 1 (fixed point reached))); a0->b0->b1->b2->b3 (min_fidelity 0.760 exceeds the achievable estimate 0.438 (no further gain after round 1 (fixed point reached))); a0->a1->b1->b2->b3 (min_fidelity 0.760 exceeds the achievable estimate 0.438 (no further gain after round 1 (fixed point reached))),,,,0,0.000947,REJECTED,,,,,,,d6023524cac9554649e8b9b6c03d887f613256e4,1f2680a5b9065e708a7497adc53a95b108029b98,3.13.14,2026-07-18T18:48:02.364630+00:00
P02b_resource_aware_planners,P02b_resource_aware_planners:small_mesh:88ccf029ea6a432e:L2:4:p02b-intent,small_mesh,88ccf029ea6a432e,4,p02b-intent,L2,iterative_analytical,4,10,0.76,0.01,1e-05,,0,False,no candidate route is feasible: a0->a1->a2->a3->b3 (min_fidelity 0.760 exceeds the achievable estimate 0.438 (no further gain after round 1 (fixed point reached))); a0->b0->b1->b2->b3 (min_fidelity 0.760 exceeds the achievable estimate 0.438 (no further gain after round 1 (fixed point reached))); a0->a1->b1->b2->b3 (min_fidelity 0.760 exceeds the achievable estimate 0.438 (no further gain after round 1 (fixed point reached))),,,,0,0.000872,REJECTED,,,,,,,d6023524cac9554649e8b9b6c03d887f613256e4,1f2680a5b9065e708a7497adc53a95b108029b98,3.13.14,2026-07-18T18:48:02.373012+00:00
P02b_resource_aware_planners,P02b_resource_aware_planners:small_mesh:88ccf029ea6a432e:L2:5:p02b-intent,small_mesh,88ccf029ea6a432e,5,p02b-intent,L2,iterative_analytical,4,10,0.76,0.01,1e-05,,0,False,no candidate route is feasible: a0->a1->a2->a3->b3 (min_fidelity 0.760 exceeds the achievable estimate 0.438 (no further gain after round 1 (fixed point reached))); a0->b0->b1->b2->b3 (min_fidelity 0.760 exceeds the achievable estimate 0.438 (no further gain after round 1 (fixed point reached))); a0->a1->b1->b2->b3 (min_fidelity 0.760 exceeds the achievable estimate 0.438 (no further gain after round 1 (fixed point reached))),,,,0,0.000846,REJECTED,,,,,,,d6023524cac9554649e8b9b6c03d887f613256e4,1f2680a5b9065e708a7497adc53a95b108029b98,3.13.14,2026-07-18T18:48:02.380695+00:00
P02b_resource_aware_planners,P02b_resource_aware_planners:small_mesh:88ccf029ea6a432e:L2:6:p02b-intent,small_mesh,88ccf029ea6a432e,6,p02b-intent,L2,iterative_analytical,4,10,0.76,0.01,1e-05,,0,False,no candidate route is feasible: a0->a1->a2->a3->b3 (min_fidelity 0.760 exceeds the achievable estimate 0.438 (no further gain after round 1 (fixed point reached))); a0->b0->b1->b2->b3 (min_fidelity 0.760 exceeds the achievable estimate 0.438 (no further gain after round 1 (fixed point reached))); a0->a1->b1->b2->b3 (min_fidelity 0.760 exceeds the achievable estimate 0.438 (no further gain after round 1 (fixed point reached))),,,,0,0.000731,REJECTED,,,,,,,d6023524cac9554649e8b9b6c03d887f613256e4,1f2680a5b9065e708a7497adc53a95b108029b98,3.13.14,2026-07-18T18:48:02.388865+00:00
P02b_resource_aware_planners,P02b_resource_aware_planners:small_mesh:88ccf029ea6a432e:L2:7:p02b-intent,small_mesh,88ccf029ea6a432e,7,p02b-intent,L2,iterative_analytical,4,10,0.76,0.01,1e-05,,0,False,no candidate route is feasible: a0->a1->a2->a3->b3 (min_fidelity 0.760 exceeds the achievable estimate 0.438 (no further gain after round 1 (fixed point reached))); a0->b0->b1->b2->b3 (min_fidelity 0.760 exceeds the achievable estimate 0.438 (no further gain after round 1 (fixed point reached))); a0->a1->b1->b2->b3 (min_fidelity 0.760 exceeds the achievable estimate 0.438 (no further gain after round 1 (fixed point reached))),,,,0,0.00082,REJECTED,,,,,,,d6023524cac9554649e8b9b6c03d887f613256e4,1f2680a5b9065e708a7497adc53a95b108029b98,3.13.14,2026-07-18T18:48:02.394988+00:00
P02b_resource_aware_planners,P02b_resource_aware_planners:small_mesh:88ccf029ea6a432e:L2:8:p02b-intent,small_mesh,88ccf029ea6a432e,8,p02b-intent,L2,iterative_analytical,4,10,0.76,0.01,1e-05,,0,False,no candidate route is feasible: a0->a1->a2->a3->b3 (min_fidelity 0.760 exceeds the achievable estimate 0.438 (no further gain after round 1 (fixed point reached))); a0->b0->b1->b2->b3 (min_fidelity 0.760 exceeds the achievable estimate 0.438 (no further gain after round 1 (fixed point reached))); a0->a1->b1->b2->b3 (min_fidelity 0.760 exceeds the achievable estimate 0.438 (no further gain after round 1 (fixed point reached))),,,,0,0.000947,REJECTED,,,,,,,d6023524cac9554649e8b9b6c03d887f613256e4,1f2680a5b9065e708a7497adc53a95b108029b98,3.13.14,2026-07-18T18:48:02.402966+00:00
P02b_resource_aware_planners,P02b_resource_aware_planners:small_mesh:88ccf029ea6a432e:L2:9:p02b-intent,small_mesh,88ccf029ea6a432e,9,p02b-intent,L2,iterative_analytical,4,10,0.76,0.01,1e-05,,0,False,no candidate route is feasible: a0->a1->a2->a3->b3 (min_fidelity 0.760 exceeds the achievable estimate 0.438 (no further gain after round 1 (fixed point reached))); a0->b0->b1->b2->b3 (min_fidelity 0.760 exceeds the achievable estimate 0.438 (no further gain after round 1 (fixed point reached))); a0->a1->b1->b2->b3 (min_fidelity 0.760 exceeds the achievable estimate 0.438 (no further gain after round 1 (fixed point reached))),,,,0,0.001613,REJECTED,,,,,,,d6023524cac9554649e8b9b6c03d887f613256e4,1f2680a5b9065e708a7497adc53a95b108029b98,3.13.14,2026-07-18T18:48:02.415344+00:00
P02b_resource_aware_planners,P02b_resource_aware_planners:small_mesh:88ccf029ea6a432e:L2-R:0:p02b-intent,small_mesh,88ccf029ea6a432e,0,p02b-intent,L2-R,iterative_resource_aware,4,10,0.76,0.01,1e-05,,0,False,TARGET_FIDELITY_UNREACHABLE,,,,0,0.00073,REJECTED,,,,,,,d6023524cac9554649e8b9b6c03d887f613256e4,1f2680a5b9065e708a7497adc53a95b108029b98,3.13.14,2026-07-18T18:48:02.424450+00:00
P02b_resource_aware_planners,P02b_resource_aware_planners:small_mesh:88ccf029ea6a432e:L2-R:1:p02b-intent,small_mesh,88ccf029ea6a432e,1,p02b-intent,L2-R,iterative_resource_aware,4,10,0.76,0.01,1e-05,,0,False,TARGET_FIDELITY_UNREACHABLE,,,,0,0.000443,REJECTED,,,,,,,d6023524cac9554649e8b9b6c03d887f613256e4,1f2680a5b9065e708a7497adc53a95b108029b98,3.13.14,2026-07-18T18:48:02.433550+00:00
P02b_resource_aware_planners,P02b_resource_aware_planners:small_mesh:88ccf029ea6a432e:L2-R:2:p02b-intent,small_mesh,88ccf029ea6a432e,2,p02b-intent,L2-R,iterative_resource_aware,4,10,0.76,0.01,1e-05,,0,False,TARGET_FIDELITY_UNREACHABLE,,,,0,0.000702,REJECTED,,,,,,,d6023524cac9554649e8b9b6c03d887f613256e4,1f2680a5b9065e708a7497adc53a95b108029b98,3.13.14,2026-07-18T18:48:02.441775+00:00
P02b_resource_aware_planners,P02b_resource_aware_planners:small_mesh:88ccf029ea6a432e:L2-R:3:p02b-intent,small_mesh,88ccf029ea6a432e,3,p02b-intent,L2-R,iterative_resource_aware,4,10,0.76,0.01,1e-05,,0,False,TARGET_FIDELITY_UNREACHABLE,,,,0,0.000672,REJECTED,,,,,,,d6023524cac9554649e8b9b6c03d887f613256e4,1f2680a5b9065e708a7497adc53a95b108029b98,3.13.14,2026-07-18T18:48:02.452214+00:00
P02b_resource_aware_planners,P02b_resource_aware_planners:small_mesh:88ccf029ea6a432e:L2-R:4:p02b-intent,small_mesh,88ccf029ea6a432e,4,p02b-intent,L2-R,iterative_resource_aware,4,10,0.76,0.01,1e-05,,0,False,TARGET_FIDELITY_UNREACHABLE,,,,0,0.000701,REJECTED,,,,,,,d6023524cac9554649e8b9b6c03d887f613256e4,1f2680a5b9065e708a7497adc53a95b108029b98,3.13.14,2026-07-18T18:48:02.462415+00:00
P02b_resource_aware_planners,P02b_resource_aware_planners:small_mesh:88ccf029ea6a432e:L2-R:5:p02b-intent,small_mesh,88ccf029ea6a432e,5,p02b-intent,L2-R,iterative_resource_aware,4,10,0.76,0.01,1e-05,,0,False,TARGET_FIDELITY_UNREACHABLE,,,,0,0.00072,REJECTED,,,,,,,d6023524cac9554649e8b9b6c03d887f613256e4,1f2680a5b9065e708a7497adc53a95b108029b98,3.13.14,2026-07-18T18:48:02.472953+00:00
P02b_resource_aware_planners,P02b_resource_aware_planners:small_mesh:88ccf029ea6a432e:L2-R:6:p02b-intent,small_mesh,88ccf029ea6a432e,6,p02b-intent,L2-R,iterative_resource_aware,4,10,0.76,0.01,1e-05,,0,False,TARGET_FIDELITY_UNREACHABLE,,,,0,0.000699,REJECTED,,,,,,,d6023524cac9554649e8b9b6c03d887f613256e4,1f2680a5b9065e708a7497adc53a95b108029b98,3.13.14,2026-07-18T18:48:02.482542+00:00
P02b_resource_aware_planners,P02b_resource_aware_planners:small_mesh:88ccf029ea6a432e:L2-R:7:p02b-intent,small_mesh,88ccf029ea6a432e,7,p02b-intent,L2-R,iterative_resource_aware,4,10,0.76,0.01,1e-05,,0,False,TARGET_FIDELITY_UNREACHABLE,,,,0,0.000541,REJECTED,,,,,,,d6023524cac9554649e8b9b6c03d887f613256e4,1f2680a5b9065e708a7497adc53a95b108029b98,3.13.14,2026-07-18T18:48:02.491440+00:00
P02b_resource_aware_planners,P02b_resource_aware_planners:small_mesh:88ccf029ea6a432e:L2-R:8:p02b-intent,small_mesh,88ccf029ea6a432e,8,p02b-intent,L2-R,iterative_resource_aware,4,10,0.76,0.01,1e-05,,0,False,TARGET_FIDELITY_UNREACHABLE,,,,0,0.000438,REJECTED,,,,,,,d6023524cac9554649e8b9b6c03d887f613256e4,1f2680a5b9065e708a7497adc53a95b108029b98,3.13.14,2026-07-18T18:48:02.498525+00:00
P02b_resource_aware_planners,P02b_resource_aware_planners:small_mesh:88ccf029ea6a432e:L2-R:9:p02b-intent,small_mesh,88ccf029ea6a432e,9,p02b-intent,L2-R,iterative_resource_aware,4,10,0.76,0.01,1e-05,,0,False,TARGET_FIDELITY_UNREACHABLE,,,,0,0.000542,REJECTED,,,,,,,d6023524cac9554649e8b9b6c03d887f613256e4,1f2680a5b9065e708a7497adc53a95b108029b98,3.13.14,2026-07-18T18:48:02.507298+00:00
P02b_resource_aware_planners,P02b_resource_aware_planners:small_mesh:88ccf029ea6a432e:L3:0:p02b-intent,small_mesh,88ccf029ea6a432e,0,p02b-intent,L3,probabilistic,4,10,0.76,0.01,1e-05,a0 -> a1 -> a2 -> a3 -> b3,4,True,,0.0,3.3264680595774796,0.43803976326653515,1,0.004082,VIOLATED,False,0,,,,0.591077,d6023524cac9554649e8b9b6c03d887f613256e4,1f2680a5b9065e708a7497adc53a95b108029b98,3.13.14,2026-07-18T18:48:03.138235+00:00
P02b_resource_aware_planners,P02b_resource_aware_planners:small_mesh:88ccf029ea6a432e:L3:1:p02b-intent,small_mesh,88ccf029ea6a432e,1,p02b-intent,L3,probabilistic,4,10,0.76,0.01,1e-05,a0 -> a1 -> a2 -> a3 -> b3,4,True,,0.0,3.3264680595774796,0.43803976326653515,1,0.002677,VIOLATED,False,0,,,,0.573684,d6023524cac9554649e8b9b6c03d887f613256e4,1f2680a5b9065e708a7497adc53a95b108029b98,3.13.14,2026-07-18T18:48:03.739900+00:00
P02b_resource_aware_planners,P02b_resource_aware_planners:small_mesh:88ccf029ea6a432e:L3:2:p02b-intent,small_mesh,88ccf029ea6a432e,2,p02b-intent,L3,probabilistic,4,10,0.76,0.01,1e-05,a0 -> a1 -> a2 -> a3 -> b3,4,True,,0.0,3.3264680595774796,0.43803976326653515,1,0.003379,VIOLATED,False,0,,,,0.578945,d6023524cac9554649e8b9b6c03d887f613256e4,1f2680a5b9065e708a7497adc53a95b108029b98,3.13.14,2026-07-18T18:48:04.347870+00:00
P02b_resource_aware_planners,P02b_resource_aware_planners:small_mesh:88ccf029ea6a432e:L3:3:p02b-intent,small_mesh,88ccf029ea6a432e,3,p02b-intent,L3,probabilistic,4,10,0.76,0.01,1e-05,a0 -> a1 -> a2 -> a3 -> b3,4,True,,0.0,3.3264680595774796,0.43803976326653515,1,0.002415,VIOLATED,False,0,,,,0.485151,d6023524cac9554649e8b9b6c03d887f613256e4,1f2680a5b9065e708a7497adc53a95b108029b98,3.13.14,2026-07-18T18:48:04.858878+00:00
P02b_resource_aware_planners,P02b_resource_aware_planners:small_mesh:88ccf029ea6a432e:L3:4:p02b-intent,small_mesh,88ccf029ea6a432e,4,p02b-intent,L3,probabilistic,4,10,0.76,0.01,1e-05,a0 -> a1 -> a2 -> a3 -> b3,4,True,,0.0,3.3264680595774796,0.43803976326653515,1,0.00385,VIOLATED,False,0,,,,0.567468,d6023524cac9554649e8b9b6c03d887f613256e4,1f2680a5b9065e708a7497adc53a95b108029b98,3.13.14,2026-07-18T18:48:05.460506+00:00
P02b_resource_aware_planners,P02b_resource_aware_planners:small_mesh:88ccf029ea6a432e:L3:5:p02b-intent,small_mesh,88ccf029ea6a432e,5,p02b-intent,L3,probabilistic,4,10,0.76,0.01,1e-05,a0 -> a1 -> a2 -> a3 -> b3,4,True,,0.0,3.3264680595774796,0.43803976326653515,1,0.002297,VIOLATED,False,0,,,,0.640187,d6023524cac9554649e8b9b6c03d887f613256e4,1f2680a5b9065e708a7497adc53a95b108029b98,3.13.14,2026-07-18T18:48:06.122396+00:00
P02b_resource_aware_planners,P02b_resource_aware_planners:small_mesh:88ccf029ea6a432e:L3:6:p02b-intent,small_mesh,88ccf029ea6a432e,6,p02b-intent,L3,probabilistic,4,10,0.76,0.01,1e-05,a0 -> a1 -> a2 -> a3 -> b3,4,True,,0.0,3.3264680595774796,0.43803976326653515,1,0.002131,VIOLATED,False,0,,,,0.580129,d6023524cac9554649e8b9b6c03d887f613256e4,1f2680a5b9065e708a7497adc53a95b108029b98,3.13.14,2026-07-18T18:48:06.726939+00:00
P02b_resource_aware_planners,P02b_resource_aware_planners:small_mesh:88ccf029ea6a432e:L3:7:p02b-intent,small_mesh,88ccf029ea6a432e,7,p02b-intent,L3,probabilistic,4,10,0.76,0.01,1e-05,a0 -> a1 -> a2 -> a3 -> b3,4,True,,0.0,3.3264680595774796,0.43803976326653515,1,0.003437,VIOLATED,False,0,,,,0.519504,d6023524cac9554649e8b9b6c03d887f613256e4,1f2680a5b9065e708a7497adc53a95b108029b98,3.13.14,2026-07-18T18:48:07.273710+00:00
P02b_resource_aware_planners,P02b_resource_aware_planners:small_mesh:88ccf029ea6a432e:L3:8:p02b-intent,small_mesh,88ccf029ea6a432e,8,p02b-intent,L3,probabilistic,4,10,0.76,0.01,1e-05,a0 -> a1 -> a2 -> a3 -> b3,4,True,,0.0,3.3264680595774796,0.43803976326653515,1,0.003706,VIOLATED,False,0,,,,0.648235,d6023524cac9554649e8b9b6c03d887f613256e4,1f2680a5b9065e708a7497adc53a95b108029b98,3.13.14,2026-07-18T18:48:07.957247+00:00
P02b_resource_aware_planners,P02b_resource_aware_planners:small_mesh:88ccf029ea6a432e:L3:9:p02b-intent,small_mesh,88ccf029ea6a432e,9,p02b-intent,L3,probabilistic,4,10,0.76,0.01,1e-05,a0 -> a1 -> a2 -> a3 -> b3,4,True,,0.0,3.3264680595774796,0.43803976326653515,1,0.002261,VIOLATED,False,0,,,,0.650722,d6023524cac9554649e8b9b6c03d887f613256e4,1f2680a5b9065e708a7497adc53a95b108029b98,3.13.14,2026-07-18T18:48:08.631596+00:00
P02b_resource_aware_planners,P02b_resource_aware_planners:small_mesh:88ccf029ea6a432e:L3-R:0:p02b-intent,small_mesh,88ccf029ea6a432e,0,p02b-intent,L3-R,probabilistic_resource_aware,4,10,0.76,0.01,1e-05,a0 -> a1 -> a2 -> a3 -> b3,4,True,,0.0,0.4435290746103306,0.43803976326653515,1,0.003107,VIOLATED,False,0,,,,0.710522,d6023524cac9554649e8b9b6c03d887f613256e4,1f2680a5b9065e708a7497adc53a95b108029b98,3.13.14,2026-07-18T18:48:09.370773+00:00
P02b_resource_aware_planners,P02b_resource_aware_planners:small_mesh:88ccf029ea6a432e:L3-R:1:p02b-intent,small_mesh,88ccf029ea6a432e,1,p02b-intent,L3-R,probabilistic_resource_aware,4,10,0.76,0.01,1e-05,a0 -> a1 -> a2 -> a3 -> b3,4,True,,0.0,0.4435290746103306,0.43803976326653515,1,0.003058,VIOLATED,False,0,,,,0.668449,d6023524cac9554649e8b9b6c03d887f613256e4,1f2680a5b9065e708a7497adc53a95b108029b98,3.13.14,2026-07-18T18:48:10.067439+00:00
P02b_resource_aware_planners,P02b_resource_aware_planners:small_mesh:88ccf029ea6a432e:L3-R:2:p02b-intent,small_mesh,88ccf029ea6a432e,2,p02b-intent,L3-R,probabilistic_resource_aware,4,10,0.76,0.01,1e-05,a0 -> a1 -> a2 -> a3 -> b3,4,True,,0.0,0.4435290746103306,0.43803976326653515,1,0.00303,VIOLATED,False,0,,,,0.689026,d6023524cac9554649e8b9b6c03d887f613256e4,1f2680a5b9065e708a7497adc53a95b108029b98,3.13.14,2026-07-18T18:48:10.788856+00:00
P02b_resource_aware_planners,P02b_resource_aware_planners:small_mesh:88ccf029ea6a432e:L3-R:3:p02b-intent,small_mesh,88ccf029ea6a432e,3,p02b-intent,L3-R,probabilistic_resource_aware,4,10,0.76,0.01,1e-05,a0 -> a1 -> a2 -> a3 -> b3,4,True,,0.0,0.4435290746103306,0.43803976326653515,1,0.003958,VIOLATED,False,0,,,,0.654928,d6023524cac9554649e8b9b6c03d887f613256e4,1f2680a5b9065e708a7497adc53a95b108029b98,3.13.14,2026-07-18T18:48:11.480078+00:00
P02b_resource_aware_planners,P02b_resource_aware_planners:small_mesh:88ccf029ea6a432e:L3-R:4:p02b-intent,small_mesh,88ccf029ea6a432e,4,p02b-intent,L3-R,probabilistic_resource_aware,4,10,0.76,0.01,1e-05,a0 -> a1 -> a2 -> a3 -> b3,4,True,,0.0,0.4435290746103306,0.43803976326653515,1,0.002139,VIOLATED,False,0,,,,0.668801,d6023524cac9554649e8b9b6c03d887f613256e4,1f2680a5b9065e708a7497adc53a95b108029b98,3.13.14,2026-07-18T18:48:12.169428+00:00
P02b_resource_aware_planners,P02b_resource_aware_planners:small_mesh:88ccf029ea6a432e:L3-R:5:p02b-intent,small_mesh,88ccf029ea6a432e,5,p02b-intent,L3-R,probabilistic_resource_aware,4,10,0.76,0.01,1e-05,a0 -> a1 -> a2 -> a3 -> b3,4,True,,0.0,0.4435290746103306,0.43803976326653515,1,0.00354,VIOLATED,False,0,,,,0.679562,d6023524cac9554649e8b9b6c03d887f613256e4,1f2680a5b9065e708a7497adc53a95b108029b98,3.13.14,2026-07-18T18:48:12.878972+00:00
P02b_resource_aware_planners,P02b_resource_aware_planners:small_mesh:88ccf029ea6a432e:L3-R:6:p02b-intent,small_mesh,88ccf029ea6a432e,6,p02b-intent,L3-R,probabilistic_resource_aware,4,10,0.76,0.01,1e-05,a0 -> a1 -> a2 -> a3 -> b3,4,True,,0.0,0.4435290746103306,0.43803976326653515,1,0.00224,VIOLATED,False,0,,,,0.546755,d6023524cac9554649e8b9b6c03d887f613256e4,1f2680a5b9065e708a7497adc53a95b108029b98,3.13.14,2026-07-18T18:48:13.452921+00:00
P02b_resource_aware_planners,P02b_resource_aware_planners:small_mesh:88ccf029ea6a432e:L3-R:7:p02b-intent,small_mesh,88ccf029ea6a432e,7,p02b-intent,L3-R,probabilistic_resource_aware,4,10,0.76,0.01,1e-05,a0 -> a1 -> a2 -> a3 -> b3,4,True,,0.0,0.4435290746103306,0.43803976326653515,1,0.002504,VIOLATED,False,0,,,,0.471424,d6023524cac9554649e8b9b6c03d887f613256e4,1f2680a5b9065e708a7497adc53a95b108029b98,3.13.14,2026-07-18T18:48:13.953122+00:00
P02b_resource_aware_planners,P02b_resource_aware_planners:small_mesh:88ccf029ea6a432e:L3-R:8:p02b-intent,small_mesh,88ccf029ea6a432e,8,p02b-intent,L3-R,probabilistic_resource_aware,4,10,0.76,0.01,1e-05,a0 -> a1 -> a2 -> a3 -> b3,4,True,,0.0,0.4435290746103306,0.43803976326653515,1,0.003531,VIOLATED,False,0,,,,0.580389,d6023524cac9554649e8b9b6c03d887f613256e4,1f2680a5b9065e708a7497adc53a95b108029b98,3.13.14,2026-07-18T18:48:14.564497+00:00
P02b_resource_aware_planners,P02b_resource_aware_planners:small_mesh:88ccf029ea6a432e:L3-R:9:p02b-intent,small_mesh,88ccf029ea6a432e,9,p02b-intent,L3-R,probabilistic_resource_aware,4,10,0.76,0.01,1e-05,a0 -> a1 -> a2 -> a3 -> b3,4,True,,0.0,0.4435290746103306,0.43803976326653515,1,0.002634,VIOLATED,False,0,,,,0.674083,d6023524cac9554649e8b9b6c03d887f613256e4,1f2680a5b9065e708a7497adc53a95b108029b98,3.13.14,2026-07-18T18:48:15.270027+00:00
